{"type":"FeatureCollection","features":[{"type":"Feature","properties":{"code":"131016","name":"千代田区","island":false},"geometry":{"type":"MultiPolygon","coordinates":[[[[139.7682,35.6886],[139.7709,35.6845],[139.7703,35.683],[139.7642,35.6736],[139.7606,35.6724],[139.7586,35.6686],[139.75,35.6708],[139.7477,35.6696],[139.747,35.6705],[139.7432,35.6714],[139.7391,35.674],[139.7368,35.6789],[139.7334,35.6792],[139.7312,35.682],[139.73,35.6855],[139.7314,35.6894],[139.7376,35.6932],[139.7437,35.7008],[139.7437,35.7016],[139.746,35.703],[139.7491,35.7031],[139.7613,35.7016],[139.7646,35.7],[139.7683,35.6997],[139.7679,35.701],[139.7664,35.7018],[139.7668,35.7026],[139.7681,35.7027],[139.7681,35.7035],[139.7699,35.7034],[139.7701,35.7054],[139.773,35.7051],[139.7728,35.7031],[139.7737,35.703],[139.7732,35.7019],[139.7766,35.7006],[139.7804,35.7003],[139.78,35.6981],[139.7827,35.6979],[139.782,35.6952],[139.7826,35.6947],[139.7777,35.6918],[139.7682,35.6886]]]]}},{"type":"Feature","properties":{"code":"131024","name":"中央区","island":false},"geometry":{"type":"MultiPolygon","coordinates":[[[[139.7668,35.6578],[139.7645,35.6561],[139.7595,35.659],[139.7633,35.6646],[139.7623,35.6669],[139.7586,35.6688],[139.7606,35.6724],[139.7642,35.6736],[139.7703,35.683],[139.7709,35.6845],[139.7681,35.6886],[139.7802,35.693],[139.7826,35.6947],[139.7821,35.6962],[139.7834,35.6964],[139.7889,35.6947],[139.7892,35.691],[139.7928,35.686],[139.7924,35.6835],[139.7887,35.6785],[139.7872,35.6745],[139.7873,35.6715],[139.7891,35.6656],[139.7896,35.6563],[139.7728,35.646],[139.7695,35.6493],[139.7727,35.6515],[139.7716,35.6526],[139.7684,35.6504],[139.7676,35.6511],[139.7672,35.6552],[139.7681,35.6558],[139.7696,35.6543],[139.7707,35.6549],[139.7668,35.6578]]]]}},{"type":"Feature","properties":{"code":"131032","name":"港区","island":false},"geometry":{"type":"MultiPolygon","coordinates":[[[[139.7535,35.624],[139.754,35.6309],[139.7552,35.6336],[139.7569,35.6336],[139.7592,35.6337],[139.7594,35.628],[139.7574,35.6279],[139.7575,35.6241],[139.7535,35.624]]],[[[139.7562,35.6369],[139.7562,35.6369],[139.7562,35.6369],[139.7562,35.6369],[139.7562,35.6369]]],[[[139.7585207,35.633732441],[139.758405888,35.633734171],[139.758408029,35.633803586],[139.758521751,35.633801838],[139.7585207,35.633732441]]],[[[139.7702,35.632],[139.7681,35.6301],[139.7698,35.6323],[139.7702,35.632]]],[[[139.7711,35.6284],[139.7713,35.6284],[139.7713,35.6285],[139.7711,35.6285],[139.7711,35.6284]]],[[[139.7644,35.6559],[139.7625,35.6519],[139.7613,35.6525],[139.761,35.6519],[139.7591,35.6454],[139.7604,35.645],[139.7604,35.6368],[139.7584,35.6357],[139.7596,35.6368],[139.7588,35.6373],[139.7581,35.6364],[139.7587,35.6373],[139.7567,35.6384],[139.7562,35.6369],[139.7567,35.6384],[139.7548,35.6389],[139.7526,35.6344],[139.7519,35.6261],[139.7509,35.6262],[139.7514,35.6259],[139.7503,35.6248],[139.7464,35.6232],[139.7444,35.6234],[139.7433,35.6251],[139.7378,35.6245],[139.7375,35.6234],[139.7354,35.6232],[139.7339,35.6261],[139.7312,35.6263],[139.7315,35.6287],[139.7309,35.6304],[139.7288,35.6317],[139.7289,35.6326],[139.7277,35.6319],[139.7267,35.6322],[139.7269,35.6343],[139.726,35.635],[139.7222,35.636],[139.72,35.6346],[139.7178,35.635],[139.7182,35.6365],[139.7167,35.6383],[139.7168,35.6399],[139.7197,35.6414],[139.7192,35.6418],[139.7213,35.6444],[139.7225,35.6444],[139.7235,35.6465],[139.7216,35.6536],[139.7228,35.6561],[139.722,35.6556],[139.7145,35.6573],[139.7129,35.6585],[139.7138,35.6598],[139.7086,35.6641],[139.7147,35.6696],[139.7137,35.6703],[139.7149,35.673],[139.7166,35.6724],[139.7166,35.6734],[139.7195,35.6745],[139.7195,35.6784],[139.7212,35.6793],[139.7226,35.6791],[139.7227,35.6783],[139.7232,35.6791],[139.7267,35.6793],[139.7285,35.6828],[139.7296,35.6828],[139.7307,35.681],[139.7315,35.6815],[139.7338,35.6789],[139.7368,35.6789],[139.7391,35.674],[139.7432,35.6714],[139.747,35.6705],[139.7477,35.6696],[139.7495,35.6708],[139.7529,35.6703],[139.7622,35.667],[139.7633,35.6642],[139.7595,35.659],[139.7644,35.6559]]],[[[139.7741,35.6297],[139.7772,35.6314],[139.777,35.6324],[139.7748,35.6348],[139.7732,35.6339],[139.7727,35.6326],[139.7709,35.6331],[139.7714,35.6346],[139.7731,35.6344],[139.7765,35.6363],[139.7792,35.6334],[139.7824,35.6295],[139.7713,35.6231],[139.7687,35.6264],[139.7741,35.6297]]],[[[139.7667,35.633],[139.7656,35.6332],[139.766,35.6342],[139.7674,35.6341],[139.7667,35.633]]],[[[139.7661,35.6277],[139.768,35.6293],[139.7665,35.6273],[139.7661,35.6277]]]]}},{"type":"Feature","properties":{"code":"131041","name":"新宿区","island":false},"geometry":{"type":"MultiPolygon","coordinates":[[[[139.7201,35.7124],[139.7223,35.7124],[139.7221,35.7116],[139.7233,35.7104],[139.726,35.7092],[139.7274,35.7099],[139.7318,35.7093],[139.7324,35.7074],[139.7354,35.7082],[139.7359,35.7092],[139.7431,35.7081],[139.7448,35.7036],[139.7459,35.7029],[139.7437,35.7016],[139.7441,35.7013],[139.7376,35.6932],[139.7312,35.6891],[139.73,35.6855],[139.7315,35.6815],[139.7307,35.681],[139.7296,35.6828],[139.7285,35.6828],[139.7262,35.679],[139.7232,35.6791],[139.7227,35.6783],[139.7226,35.6791],[139.7206,35.6791],[139.7195,35.6784],[139.7195,35.6745],[139.7166,35.6734],[139.7149,35.6751],[139.7129,35.6746],[139.7129,35.6773],[139.7148,35.6809],[139.7114,35.6834],[139.7074,35.6845],[139.7058,35.688],[139.7027,35.6878],[139.7021,35.6892],[139.695,35.6866],[139.6877,35.6816],[139.6849,35.6857],[139.6858,35.6862],[139.686,35.6879],[139.6842,35.6876],[139.6832,35.6887],[139.6848,35.6912],[139.684,35.692],[139.6837,35.6926],[139.6856,35.6942],[139.6884,35.6991],[139.6874,35.7022],[139.6884,35.7069],[139.6943,35.711],[139.6915,35.7113],[139.691,35.7105],[139.689,35.7114],[139.6828,35.7101],[139.6804,35.7112],[139.6819,35.7132],[139.6807,35.7145],[139.6793,35.7147],[139.6797,35.7164],[139.6791,35.7183],[139.6754,35.7198],[139.6752,35.7192],[139.6734,35.7189],[139.6746,35.7215],[139.6757,35.7215],[139.6754,35.7249],[139.677,35.7295],[139.6813,35.727],[139.6827,35.7236],[139.6842,35.7238],[139.6844,35.7225],[139.6957,35.7217],[139.699,35.7224],[139.6998,35.7235],[139.7046,35.723],[139.7042,35.7222],[139.7054,35.7215],[139.705,35.7198],[139.7059,35.7189],[139.7046,35.7159],[139.7059,35.7134],[139.7104,35.7135],[139.7117,35.7148],[139.7144,35.7132],[139.7159,35.7138],[139.7201,35.7124]]]]}},{"type":"Feature","properties":{"code":"131059","name":"文京区","island":false},"geometry":{"type":"MultiPolygon","coordinates":[[[[139.75,35.7029],[139.7452,35.7033],[139.7431,35.7081],[139.7359,35.7092],[139.7354,35.7082],[139.7324,35.7074],[139.7318,35.7093],[139.7274,35.7099],[139.7257,35.7093],[139.7223,35.7114],[139.7224,35.7127],[139.7175,35.7146],[139.7183,35.7178],[139.719,35.7175],[139.7195,35.7184],[139.7247,35.72],[139.7227,35.7251],[139.7253,35.7261],[139.7248,35.7266],[139.7265,35.7271],[139.7292,35.7257],[139.7299,35.7263],[139.732,35.7241],[139.7341,35.7256],[139.736,35.7253],[139.7355,35.7262],[139.7374,35.7269],[139.736,35.7294],[139.7391,35.7318],[139.7409,35.7304],[139.7415,35.7307],[139.7435,35.7329],[139.7424,35.7338],[139.745,35.7359],[139.7468,35.7353],[139.7492,35.7329],[139.7507,35.7344],[139.7536,35.7352],[139.7599,35.7316],[139.7609,35.7322],[139.7622,35.7315],[139.765,35.7276],[139.7633,35.7219],[139.7687,35.7158],[139.7645,35.7173],[139.766,35.7154],[139.7657,35.7136],[139.7676,35.713],[139.7676,35.7114],[139.7669,35.7112],[139.7682,35.711],[139.7682,35.7105],[139.7667,35.7105],[139.7666,35.7087],[139.7712,35.709],[139.7724,35.7078],[139.7724,35.7072],[139.7702,35.7074],[139.7699,35.7034],[139.7681,35.7035],[139.7681,35.7027],[139.7668,35.7026],[139.7664,35.7018],[139.7679,35.701],[139.7683,35.6997],[139.7646,35.7],[139.7613,35.7016],[139.75,35.7029]]]]}},{"type":"Feature","properties":{"code":"131067","name":"台東区","island":false},"geometry":{"type":"MultiPolygon","coordinates":[[[[139.7667,35.7133],[139.7657,35.7136],[139.766,35.7154],[139.7645,35.7173],[139.7687,35.7158],[139.7633,35.7219],[139.765,35.7276],[139.7628,35.7307],[139.7632,35.7312],[139.7647,35.7301],[139.7661,35.7275],[139.7698,35.7281],[139.7767,35.7249],[139.7802,35.7246],[139.7815,35.7246],[139.7845,35.7279],[139.7895,35.7287],[139.7912,35.7312],[139.7924,35.7304],[139.7944,35.7302],[139.7951,35.729],[139.8014,35.7293],[139.8097,35.7281],[139.8097,35.7268],[139.8086,35.7209],[139.8073,35.7184],[139.797,35.7078],[139.7889,35.6947],[139.7825,35.6966],[139.7827,35.6979],[139.78,35.6981],[139.7804,35.7003],[139.7766,35.7006],[139.7732,35.7019],[139.7737,35.703],[139.7728,35.7031],[139.773,35.7051],[139.7701,35.7054],[139.7702,35.7074],[139.7724,35.7072],[139.7722,35.7083],[139.7713,35.7083],[139.7712,35.709],[139.7666,35.7087],[139.7667,35.7105],[139.7682,35.7105],[139.7669,35.7112],[139.7676,35.7114],[139.7676,35.713],[139.7667,35.7133]]]]}},{"type":"Feature","properties":{"code":"131075","name":"墨田区","island":false},"geometry":{"type":"MultiPolygon","coordinates":[[[[139.7952,35.7047],[139.7994,35.7106],[139.8073,35.7184],[139.8086,35.7209],[139.8109,35.7322],[139.8141,35.7362],[139.8145,35.7388],[139.8166,35.7415],[139.8204,35.7434],[139.8248,35.7365],[139.8422,35.7193],[139.839,35.7171],[139.8355,35.7179],[139.8332,35.7158],[139.8342,35.7134],[139.8396,35.7104],[139.8346,35.7053],[139.8354,35.703],[139.8307,35.703],[139.8187,35.708],[139.8188,35.7063],[139.8197,35.693],[139.8115,35.6919],[139.8119,35.6886],[139.8094,35.6884],[139.8095,35.687],[139.805,35.6868],[139.8048,35.6885],[139.8005,35.6883],[139.7992,35.6897],[139.7967,35.6885],[139.7964,35.6898],[139.7936,35.69],[139.7935,35.6908],[139.7904,35.6893],[139.7896,35.6902],[139.7887,35.6925],[139.7889,35.6947],[139.7952,35.7047]]]]}},{"type":"Feature","properties":{"code":"131083","name":"江東区","island":false},"geometry":{"type":"MultiPolygon","coordinates":[[[[139.7833,35.6394],[139.7823,35.6394],[139.7865,35.6417],[139.7901,35.6431],[139.7833,35.6394]]],[[[139.7917,35.644],[139.7909,35.6441],[139.7922,35.6448],[139.7969,35.6468],[139.7917,35.644]]],[[[139.80972786,35.635583225],[139.809709754,35.635581414],[139.809483281,35.637145802],[139.809501167,35.637147613],[139.80972786,35.635583225]]],[[[139.8097,35.6356],[139.8099,35.6356],[139.8099,35.6372],[139.8097,35.6372],[139.8097,35.6356]]],[[[139.8093,35.6375],[139.8095,35.6375],[139.8095,35.6384],[139.8093,35.6384],[139.8093,35.6375]]],[[[139.810555616,35.629712532],[139.810401725,35.630739802],[139.810420726,35.630741775],[139.810574578,35.629714414],[139.810555616,35.629712532]]],[[[139.81037939,35.630918802],[139.810083022,35.632977505],[139.810099689,35.632979108],[139.810396057,35.630920414],[139.81037939,35.630918802]]],[[[139.8103,35.6287],[139.811,35.6287],[139.811,35.633],[139.8103,35.633],[139.8103,35.6287]]],[[[139.811254864,35.632043441],[139.811254864,35.632056135],[139.813423696,35.632262387],[139.813425473,35.632249973],[139.811254864,35.632043441]]],[[[139.81395917,35.630029306],[139.813956083,35.630050865],[139.815928145,35.630238387],[139.815931219,35.630216838],[139.81395917,35.630029306]]],[[[139.8113,35.6343],[139.8131,35.6345],[139.8113,35.6343],[139.8113,35.6343]]],[[[139.811897134,35.636639694],[139.811894475,35.636658081],[139.812770272,35.636742865],[139.812772918,35.636724667],[139.811897134,35.636639694]]],[[[139.813635032,35.632269198],[139.813633139,35.632282892],[139.815607691,35.632470414],[139.815609585,35.632456721],[139.813635032,35.632269198]]],[[[139.813320143,35.634504279],[139.813317276,35.634523586],[139.815287782,35.634713559],[139.815290558,35.634694252],[139.813320143,35.634504279]]],[[[139.8167,35.6348],[139.8155,35.6347],[139.8167,35.6348],[139.8175,35.6349],[139.8167,35.6348]]],[[[139.812994306,35.636744532],[139.812991556,35.63676336],[139.813865837,35.636848333],[139.813868586,35.636829505],[139.812994306,35.636744532]]],[[[139.8167,35.6394],[139.8099,35.6387],[139.8097,35.6375],[139.8099,35.6387],[139.8118,35.6389],[139.8167,35.6394]]],[[[139.814093606,35.63684836],[139.814090752,35.636868198],[139.814967419,35.636952973],[139.814970311,35.636932946],[139.814093606,35.63684836]]],[[[139.815188249,35.636956694],[139.815185499,35.636976],[139.816060415,35.637060838],[139.816063191,35.637041559],[139.815188249,35.636956694]]],[[[139.8163,35.6371],[139.8172,35.6371],[139.8172,35.6372],[139.8163,35.6372],[139.8163,35.6371]]],[[[139.817381193,35.637167108],[139.817377665,35.637185946],[139.81825214,35.63726764],[139.818256809,35.637249441],[139.817381193,35.637167108]]],[[[139.818477951,35.637271721],[139.818474423,35.637290838],[139.819568521,35.637393973],[139.819574501,35.637375667],[139.818477951,35.637271721]]],[[[139.819,35.639],[139.8196,35.639],[139.8196,35.6392],[139.819,35.6392],[139.819,35.639]]],[[[139.819030195,35.639083802],[139.818815058,35.639235838],[139.818827082,35.639247198],[139.819042218,35.639095081],[139.819030195,35.639083802]]],[[[139.819822023,35.638973586],[139.819814838,35.639022532],[139.819876446,35.639028468],[139.819883645,35.638979613],[139.819822023,35.638973586]]],[[[139.8167,35.6303],[139.8161,35.6303],[139.8167,35.6303],[139.8181,35.6304],[139.8167,35.6303]]],[[[139.8167,35.6326],[139.8158,35.6325],[139.8167,35.6326],[139.8178,35.6327],[139.8167,35.6326]]],[[[139.818345551,35.630449721],[139.81834214,35.63047036],[139.819441894,35.630576027],[139.819445525,35.630557108],[139.818345551,35.630449721]]],[[[139.818018145,35.632687252],[139.818015162,35.632701333],[139.820215058,35.632915279],[139.820220143,35.632900306],[139.818018145,35.632687252]]],[[[139.8277,35.6349],[139.8284,35.6349],[139.8284,35.635],[139.8277,35.635],[139.8277,35.6349]]],[[[139.8177,35.6349],[139.8199,35.6349],[139.8199,35.6352],[139.8177,35.6352],[139.8177,35.6349]]],[[[139.8263,35.6352],[139.8274,35.6349],[139.8265,35.6348],[139.8263,35.6352]]],[[[139.8262,35.6359],[139.8262,35.6369],[139.8272,35.6369],[139.8263,35.6368],[139.8262,35.6359]]],[[[139.827374423,35.636948973],[139.82737297,35.636967613],[139.828143476,35.637041468],[139.828145888,35.637023],[139.827374423,35.636948973]]],[[[139.828364423,35.637043919],[139.828361414,35.637062414],[139.829128716,35.637135892],[139.829132244,35.637117414],[139.828364423,35.637043919]]],[[[139.825,35.6401],[139.8248,35.6396],[139.833,35.6404],[139.8328,35.6382],[139.8251,35.6375],[139.8256,35.6343],[139.8238,35.6343],[139.8212,35.6341],[139.8201,35.639],[139.8229,35.6423],[139.8261,35.6428],[139.825,35.6401]]],[[[139.8281893,35.640697108],[139.828191946,35.640679279],[139.827423748,35.640603252],[139.827421115,35.640621198],[139.8281893,35.640697108]]],[[[139.8293,35.6371],[139.8301,35.6371],[139.8301,35.6372],[139.8293,35.6372],[139.8293,35.6371]]],[[[139.830338366,35.637233],[139.830334163,35.637251505],[139.831101336,35.637324892],[139.831104086,35.637306225],[139.830338366,35.637233]]],[[[139.829179144,35.640790441],[139.829181803,35.640772586],[139.828412477,35.640698667],[139.828409805,35.640716586],[139.829179144,35.640790441]]],[[[139.8286538,35.635041973],[139.828649494,35.635060559],[139.829390389,35.635131505],[139.829393359,35.635113027],[139.8286538,35.635041973]]],[[[139.8297,35.6351],[139.8304,35.6351],[139.8304,35.6352],[139.8297,35.6352],[139.8297,35.6351]]],[[[139.83062703,35.635231225],[139.830623696,35.635249892],[139.831366355,35.635321027],[139.831368003,35.63530236],[139.83062703,35.635231225]]],[[[139.8316,35.6353],[139.8326,35.6356],[139.8327,35.6363],[139.8327,35.6355],[139.8316,35.6353]]],[[[139.8328,35.6366],[139.8326,35.6375],[139.8313,35.6373],[139.8326,35.6375],[139.8328,35.6366]]],[[[139.8266,35.6415],[139.8262,35.6407],[139.8272,35.6406],[139.8262,35.6407],[139.8266,35.6415]]],[[[139.8301,35.6409],[139.8301,35.6409],[139.8294,35.6408],[139.8301,35.6409]]],[[[139.831147419,35.640977973],[139.831149948,35.640960135],[139.830383307,35.640885946],[139.830380752,35.640903865],[139.831147419,35.640977973]]],[[[139.832133139,35.641072838],[139.832135811,35.641054892],[139.831371673,35.640979775],[139.831369027,35.64099764],[139.832133139,35.641072838]]],[[[139.8332,35.6417],[139.8323,35.6411],[139.833,35.6412],[139.8332,35.6417]]],[[[139.8267,35.6417],[139.827,35.6424],[139.8279,35.6425],[139.8267,35.6417]]],[[[139.828915914,35.642634468],[139.828918444,35.642616532],[139.828175966,35.642544838],[139.828173411,35.642562775],[139.828915914,35.642634468]]],[[[139.8332,35.6422],[139.8331,35.643],[139.8321,35.6429],[139.8331,35.643],[139.8332,35.6422]]],[[[139.790355383,35.606392027],[139.790317717,35.606437901],[139.790376083,35.606469928],[139.790413865,35.606423946],[139.790355383,35.606392027]]],[[[139.7917,35.6173],[139.7853,35.6251],[139.7899,35.6276],[139.7967,35.6191],[139.7979,35.6177],[139.7948,35.6138],[139.7917,35.6173]]],[[[139.8044,35.5976],[139.7945,35.5922],[139.7934,35.5928],[139.797,35.5947],[139.8038,35.5984],[139.8044,35.5976]]],[[[139.775,35.6162],[139.7735,35.6161],[139.7746,35.6167],[139.7729,35.6185],[139.7743,35.6193],[139.7713,35.6231],[139.7824,35.6295],[139.7849,35.6263],[139.781,35.6239],[139.7926,35.6096],[139.7867,35.6018],[139.7775,35.6138],[139.7744,35.6128],[139.7767,35.6141],[139.7751,35.6161],[139.7739,35.6155],[139.775,35.6162]]],[[[139.811024669,35.628509018],[139.811003152,35.628506757],[139.810967756,35.62873327],[139.810989287,35.628735432],[139.811024669,35.628509018]]],[[[139.8083,35.6272],[139.8111,35.6275],[139.8109,35.6285],[139.8111,35.6275],[139.8167,35.628],[139.8083,35.6272]]],[[[139.81154703,35.629799865],[139.81154428,35.629819054],[139.813739144,35.630028838],[139.813741894,35.630009441],[139.81154703,35.629799865]]],[[[139.7917,35.594],[139.7904,35.5925],[139.7915,35.594],[139.7903,35.5955],[139.7911,35.5971],[139.7941,35.6011],[139.7952,35.6015],[139.7985,35.6071],[139.8088,35.6122],[139.8106,35.6132],[139.8189,35.6089],[139.7917,35.594]]],[[[139.8136,35.5897],[139.8056,35.5994],[139.8202,35.6074],[139.8271,35.5969],[139.8136,35.5897]]],[[[139.8333,35.6152],[139.8325,35.6162],[139.828,35.612],[139.8324,35.6163],[139.8306,35.6185],[139.8329,35.6197],[139.8317,35.6212],[139.8274,35.6198],[139.8259,35.6307],[139.837,35.6318],[139.8371,35.631],[139.8385,35.6311],[139.8401,35.6321],[139.8386,35.6142],[139.8355,35.6125],[139.8333,35.6152]]],[[[139.8207,35.629],[139.8208,35.629],[139.8208,35.6293],[139.8207,35.6293],[139.8207,35.629]]],[[[139.829877367,35.64272664],[139.829880026,35.642708694],[139.829136861,35.642636919],[139.829134228,35.642654865],[139.829877367,35.64272664]]],[[[139.830892387,35.642804973],[139.830150558,35.642735027],[139.830148029,35.642752865],[139.830889857,35.642822919],[139.830892387,35.642804973]]],[[[139.831851193,35.642897468],[139.831109922,35.642826081],[139.831107393,35.642844027],[139.831848664,35.642915333],[139.831851193,35.642897468]]],[[[139.81,35.633],[139.8104,35.633],[139.8104,35.6352],[139.81,35.6352],[139.81,35.633]]],[[[139.8113,35.6366],[139.8113,35.6366],[139.8106,35.6365],[139.8113,35.6366]]],[[[139.8457,35.6583],[139.8455,35.6567],[139.843,35.6568],[139.8414,35.6479],[139.8403,35.6339],[139.8217,35.632],[139.8217,35.6303],[139.8206,35.6297],[139.8217,35.6303],[139.8212,35.6334],[139.8337,35.6346],[139.8345,35.6441],[139.8217,35.6429],[139.8204,35.6416],[139.8081,35.6405],[139.8077,35.6433],[139.8088,35.6437],[139.8092,35.6457],[139.8074,35.6455],[139.806,35.6449],[139.807,35.6369],[139.8014,35.6364],[139.8015,35.6328],[139.8003,35.6311],[139.8022,35.6262],[139.801,35.6246],[139.7986,35.6218],[139.792,35.6299],[139.7873,35.6273],[139.7787,35.6373],[139.7812,35.6388],[139.7826,35.6377],[139.7844,35.6394],[139.7944,35.6449],[139.7959,35.6431],[139.7975,35.644],[139.7981,35.6447],[139.7977,35.6479],[139.7948,35.6504],[139.793,35.6503],[139.7951,35.6483],[139.7947,35.6472],[139.7802,35.6394],[139.7788,35.6394],[139.7761,35.642],[139.7924,35.6529],[139.7909,35.6544],[139.7918,35.6553],[139.7909,35.6549],[139.7907,35.6563],[139.7896,35.6563],[139.7889,35.6665],[139.7872,35.6723],[139.7879,35.677],[139.7926,35.6844],[139.7924,35.6871],[139.7904,35.6893],[139.7935,35.6908],[139.7936,35.69],[139.7964,35.6898],[139.7967,35.6885],[139.7992,35.6897],[139.8005,35.6883],[139.8048,35.6885],[139.805,35.6868],[139.8095,35.687],[139.8094,35.6884],[139.8119,35.6886],[139.8115,35.6919],[139.8197,35.693],[139.8187,35.708],[139.8307,35.703],[139.8354,35.703],[139.8438,35.6995],[139.8464,35.697],[139.8478,35.694],[139.8476,35.6881],[139.8466,35.6831],[139.8455,35.6813],[139.8482,35.6791],[139.8469,35.6738],[139.8457,35.6583]]],[[[139.8177,35.6175],[139.822,35.6175],[139.822,35.6193],[139.8177,35.6193],[139.8177,35.6175]]],[[[139.8192,35.6089],[139.8244,35.6089],[139.8244,35.6101],[139.8192,35.6101],[139.8192,35.6089]]],[[[139.772808431,35.614720153],[139.772136278,35.615549342],[139.772179922,35.615573486],[139.772854008,35.614746955],[139.772808431,35.614720153]]],[[[139.8098,35.6332],[139.8101,35.6332],[139.8101,35.6352],[139.8098,35.6352],[139.8098,35.6332]]],[[[139.809981388,35.635222171],[139.809978171,35.635245532],[139.810032049,35.635250586],[139.810035357,35.635227252],[139.809981388,35.635222171]]]]}},{"type":"Feature","properties":{"code":"131091","name":"品川区","island":false},"geometry":{"type":"MultiPolygon","coordinates":[[[[139.7494,35.5913],[139.7497,35.5913],[139.7497,35.5916],[139.7494,35.5916],[139.7494,35.5913]]],[[[139.757329079,35.617678928],[139.757330104,35.617644135],[139.756890415,35.617640523],[139.75689083,35.617677207],[139.757329079,35.617678928]]],[[[139.7625,35.5877],[139.7626,35.585],[139.756,35.5849],[139.756,35.5893],[139.7495,35.5889],[139.7502,35.5913],[139.7494,35.5921],[139.7484,35.592],[139.7485,35.5928],[139.749,35.6007],[139.7518,35.6054],[139.753,35.6176],[139.7564,35.6177],[139.7564,35.617],[139.7569,35.6175],[139.7574,35.617],[139.758,35.6177],[139.7603,35.6158],[139.7602,35.6149],[139.7619,35.6146],[139.7635,35.6087],[139.7731,35.5958],[139.7668,35.5926],[139.7654,35.5945],[139.7626,35.5946],[139.7625,35.5877]]],[[[139.6954,35.6075],[139.6958,35.6134],[139.7024,35.6201],[139.7027,35.6214],[139.704,35.6219],[139.6961,35.6248],[139.7015,35.6259],[139.7025,35.6248],[139.704,35.6247],[139.7146,35.629],[139.7144,35.6341],[139.7132,35.6376],[139.7146,35.6386],[139.7153,35.6404],[139.7176,35.6417],[139.7197,35.6414],[139.7168,35.6398],[139.7167,35.6383],[139.7182,35.6365],[139.7178,35.635],[139.72,35.6346],[139.7222,35.636],[139.726,35.635],[139.7269,35.6343],[139.7267,35.6322],[139.7277,35.6319],[139.7289,35.6326],[139.7288,35.6317],[139.7309,35.6304],[139.7315,35.6287],[139.7312,35.6263],[139.7339,35.6261],[139.7354,35.6232],[139.7375,35.6234],[139.738,35.6246],[139.7433,35.6251],[139.7444,35.6234],[139.746,35.6231],[139.7503,35.6248],[139.7519,35.6247],[139.7507,35.6065],[139.7484,35.6028],[139.7477,35.6027],[139.7465,35.5902],[139.7386,35.5879],[139.7359,35.5881],[139.7359,35.5874],[139.7301,35.5874],[139.7289,35.5888],[139.7306,35.5922],[139.7289,35.5927],[139.7282,35.5944],[139.7211,35.5943],[139.7203,35.5924],[139.7192,35.5918],[139.7175,35.5962],[139.7147,35.5975],[139.7145,35.6],[139.7011,35.6014],[139.6982,35.6036],[139.6954,35.6075]]],[[[139.7699,35.625],[139.7736,35.6203],[139.7706,35.6187],[139.7688,35.6215],[139.7677,35.6221],[139.7676,35.6258],[139.7687,35.6264],[139.7699,35.625]]],[[[139.7535,35.6241],[139.7575,35.6241],[139.7574,35.6279],[139.7594,35.628],[139.7597,35.6194],[139.7567,35.6191],[139.7532,35.619],[139.7535,35.6241]]]]}},{"type":"Feature","properties":{"code":"131105","name":"目黒区","island":false},"geometry":{"type":"MultiPolygon","coordinates":[[[[139.6805,35.6045],[139.6809,35.6006],[139.6803,35.6007],[139.6793,35.6056],[139.677,35.6081],[139.6732,35.6081],[139.6683,35.6065],[139.6651,35.6075],[139.6628,35.6093],[139.6638,35.6098],[139.6627,35.612],[139.6632,35.6157],[139.6649,35.6167],[139.6648,35.6183],[139.6665,35.6185],[139.6657,35.6207],[139.6662,35.621],[139.6639,35.624],[139.6635,35.6268],[139.6618,35.6275],[139.6623,35.6302],[139.6615,35.6317],[139.6642,35.6319],[139.672,35.6297],[139.6764,35.6272],[139.678,35.6253],[139.6796,35.6251],[139.6813,35.6298],[139.6864,35.639],[139.6843,35.6438],[139.6842,35.6523],[139.6795,35.6573],[139.675,35.6639],[139.6797,35.6638],[139.687,35.6618],[139.6959,35.6507],[139.7086,35.642],[139.7103,35.6415],[139.7152,35.6426],[139.7176,35.6417],[139.7153,35.6404],[139.7146,35.6386],[139.7132,35.6376],[139.7144,35.6341],[139.7146,35.629],[139.704,35.6247],[139.7025,35.6248],[139.7015,35.6259],[139.6961,35.6248],[139.704,35.6219],[139.7027,35.6214],[139.7024,35.6201],[139.6958,35.6134],[139.6954,35.6075],[139.6913,35.6109],[139.6861,35.6117],[139.6843,35.6132],[139.6848,35.6053],[139.6821,35.6058],[139.6815,35.6045],[139.6805,35.6045]]]]}},{"type":"Feature","properties":{"code":"131113","name":"大田区","island":false},"geometry":{"type":"MultiPolygon","coordinates":[[[[139.753317588,35.562498],[139.75312939,35.562710135],[139.753308223,35.562815838],[139.753496304,35.562603667],[139.753317588,35.562498]]],[[[139.8073,35.5309],[139.8198,35.5424],[139.8231,35.5438],[139.825,35.5424],[139.826,35.5416],[139.811,35.5282],[139.8073,35.5309]]],[[[139.7583,35.5688],[139.7571,35.5715],[139.7576,35.5745],[139.7638,35.5744],[139.7641,35.5752],[139.7653,35.5751],[139.7738,35.5745],[139.7656,35.5649],[139.7583,35.5688]]],[[[139.75,35.5446],[139.7468,35.5438],[139.7394,35.5451],[139.7336,35.5409],[139.7304,35.5429],[139.7266,35.5436],[139.7173,35.538],[139.709,35.5364],[139.7022,35.537],[139.6988,35.5397],[139.6978,35.5438],[139.6984,35.5454],[139.7035,35.5494],[139.7042,35.5512],[139.7037,35.5526],[139.6983,35.556],[139.6896,35.5573],[139.6788,35.563],[139.676,35.5669],[139.6687,35.5856],[139.6638,35.5898],[139.6588,35.5894],[139.6551,35.5901],[139.6571,35.5934],[139.6582,35.5935],[139.656,35.5945],[139.6557,35.594],[139.653,35.5959],[139.6538,35.5973],[139.6558,35.5965],[139.6574,35.5989],[139.6597,35.6],[139.6627,35.5984],[139.6644,35.5997],[139.6651,35.599],[139.6669,35.5995],[139.6668,35.5989],[139.6687,35.5982],[139.6697,35.5991],[139.6757,35.5918],[139.6806,35.5949],[139.6804,35.6044],[139.6815,35.6045],[139.6821,35.6058],[139.6848,35.6053],[139.6843,35.6132],[139.6861,35.6117],[139.691,35.6111],[139.6938,35.6093],[139.6982,35.6036],[139.7011,35.6014],[139.7145,35.6],[139.7147,35.5975],[139.7175,35.5962],[139.7192,35.5918],[139.7203,35.5924],[139.7211,35.5943],[139.7249,35.5942],[139.7282,35.5944],[139.7289,35.5927],[139.7306,35.5922],[139.7289,35.5888],[139.7301,35.5874],[139.7359,35.5874],[139.7359,35.5881],[139.7386,35.5879],[139.7465,35.5902],[139.7474,35.5895],[139.7521,35.579],[139.7517,35.5772],[139.7499,35.5762],[139.7506,35.5752],[139.7523,35.5756],[139.7541,35.5745],[139.7564,35.5691],[139.7502,35.5674],[139.7498,35.5666],[139.7534,35.5623],[139.755,35.5615],[139.7586,35.5644],[139.761,35.5632],[139.7637,35.5605],[139.771,35.569],[139.7854,35.5706],[139.7865,35.57],[139.7863,35.5691],[139.7915,35.5629],[139.8008,35.5489],[139.804,35.546],[139.8092,35.5391],[139.7949,35.5321],[139.7876,35.5343],[139.7865,35.5358],[139.7844,35.5354],[139.782,35.5388],[139.7788,35.537],[139.7765,35.5345],[139.7681,35.5393],[139.7569,35.5445],[139.75,35.5446]]],[[[139.752,35.5833],[139.7495,35.5889],[139.7503,35.5893],[139.756,35.5893],[139.756,35.5849],[139.7626,35.585],[139.7626,35.5946],[139.7654,35.5945],[139.7668,35.5926],[139.7731,35.5958],[139.7768,35.5903],[139.7691,35.584],[139.7729,35.5875],[139.7755,35.5852],[139.776,35.5856],[139.7756,35.5851],[139.7763,35.5858],[139.7772,35.5852],[139.7785,35.5865],[139.7778,35.5872],[139.7814,35.5845],[139.784,35.5861],[139.7818,35.5844],[139.787,35.5805],[139.7873,35.579],[139.7873,35.5797],[139.7866,35.5797],[139.7851,35.5772],[139.7834,35.5771],[139.7667,35.5771],[139.7665,35.5785],[139.7679,35.5787],[139.7696,35.5804],[139.7676,35.5815],[139.7625,35.5772],[139.7559,35.5771],[139.7541,35.5783],[139.752,35.5833]]],[[[139.7945,35.5922],[139.8044,35.5976],[139.8117,35.5886],[139.8058,35.5854],[139.7945,35.5922]]]]}},{"type":"Feature","properties":{"code":"131121","name":"世田谷区","island":false},"geometry":{"type":"MultiPolygon","coordinates":[[[[139.5833,35.6731],[139.5825,35.6734],[139.5832,35.674],[139.5874,35.674],[139.5865,35.6769],[139.5883,35.6796],[139.5853,35.682],[139.5918,35.6817],[139.5864,35.6828],[139.6033,35.6806],[139.6068,35.6777],[139.6074,35.676],[139.6082,35.6764],[139.6088,35.6759],[139.6089,35.6704],[139.6105,35.6709],[139.611,35.6701],[139.6162,35.6699],[139.6166,35.6726],[139.6133,35.6729],[139.6133,35.6741],[139.6103,35.6766],[139.6118,35.6764],[139.6118,35.6755],[139.6125,35.6762],[139.621,35.673],[139.6235,35.6704],[139.625,35.6701],[139.625,35.6691],[139.6326,35.6681],[139.6369,35.6667],[139.6367,35.666],[139.6374,35.6659],[139.6618,35.6725],[139.6621,35.6714],[139.6727,35.6723],[139.6728,35.6675],[139.6742,35.6646],[139.6846,35.6514],[139.6839,35.6492],[139.6847,35.6459],[139.6843,35.6438],[139.6864,35.639],[139.6813,35.6298],[139.6796,35.6251],[139.678,35.6253],[139.6764,35.6272],[139.672,35.6297],[139.6642,35.6319],[139.6615,35.6317],[139.6623,35.6302],[139.6618,35.6275],[139.6635,35.6268],[139.6639,35.624],[139.6662,35.621],[139.6657,35.6207],[139.6665,35.6185],[139.6648,35.6183],[139.6649,35.6167],[139.6632,35.6157],[139.6627,35.6121],[139.6638,35.6098],[139.6629,35.6094],[139.6632,35.6087],[139.6665,35.6069],[139.6684,35.6065],[139.6756,35.6084],[139.6786,35.6067],[139.6803,35.6029],[139.6807,35.595],[139.6757,35.5918],[139.6697,35.5991],[139.6687,35.5982],[139.6668,35.5989],[139.6669,35.5995],[139.6651,35.599],[139.6644,35.5997],[139.6627,35.5984],[139.6597,35.6],[139.6574,35.5989],[139.6558,35.5965],[139.6538,35.5973],[139.653,35.5959],[139.6557,35.594],[139.656,35.5945],[139.6582,35.5935],[139.6571,35.5934],[139.6551,35.5901],[139.6504,35.5926],[139.6488,35.595],[139.6398,35.6002],[139.637,35.603],[139.6319,35.6057],[139.6318,35.6068],[139.6254,35.6094],[139.6237,35.6112],[139.6186,35.6138],[139.6156,35.6133],[139.6122,35.6159],[139.6097,35.6164],[139.6053,35.6156],[139.5998,35.6185],[139.5931,35.6176],[139.5902,35.6184],[139.5893,35.6212],[139.5896,35.6238],[139.5902,35.6245],[139.5925,35.6238],[139.5941,35.6268],[139.5924,35.6275],[139.5929,35.6294],[139.5913,35.6311],[139.5914,35.6331],[139.5877,35.6351],[139.5844,35.6411],[139.587,35.6431],[139.5876,35.6462],[139.5896,35.6451],[139.5921,35.6459],[139.592,35.6514],[139.5931,35.6515],[139.5929,35.6542],[139.5923,35.6554],[139.5909,35.6554],[139.5899,35.6571],[139.59,35.6612],[139.589,35.6624],[139.5873,35.6626],[139.5866,35.664],[139.5901,35.6658],[139.5885,35.6705],[139.5833,35.6731]]]]}},{"type":"Feature","properties":{"code":"131130","name":"渋谷区","island":false},"geometry":{"type":"MultiPolygon","coordinates":[[[[139.6618,35.6725],[139.6621,35.6756],[139.6654,35.677],[139.6676,35.6798],[139.6713,35.6815],[139.6836,35.692],[139.6848,35.6912],[139.6832,35.6887],[139.6842,35.6876],[139.686,35.6879],[139.6858,35.6862],[139.6849,35.6857],[139.6877,35.6816],[139.695,35.6866],[139.7021,35.6892],[139.7027,35.6878],[139.7058,35.688],[139.7074,35.6845],[139.7114,35.6834],[139.7148,35.6809],[139.7129,35.6773],[139.7129,35.6746],[139.7149,35.6751],[139.717,35.6726],[139.7149,35.673],[139.7137,35.6703],[139.7147,35.6696],[139.7086,35.6642],[139.7138,35.6598],[139.7129,35.6585],[139.7145,35.6573],[139.722,35.6556],[139.7228,35.6561],[139.7216,35.6536],[139.7236,35.6467],[139.7225,35.6444],[139.7213,35.6444],[139.7189,35.6417],[139.7152,35.6426],[139.7103,35.6415],[139.6959,35.6507],[139.687,35.6618],[139.6799,35.6638],[139.6747,35.664],[139.6728,35.6675],[139.6727,35.6723],[139.6621,35.6714],[139.6618,35.6725]]]]}},{"type":"Feature","properties":{"code":"131148","name":"中野区","island":false},"geometry":{"type":"MultiPolygon","coordinates":[[[[139.6746,35.7213],[139.6735,35.7187],[139.6754,35.7198],[139.6791,35.7183],[139.6797,35.7164],[139.6793,35.7147],[139.6807,35.7145],[139.6819,35.7132],[139.6804,35.7112],[139.6828,35.7101],[139.689,35.7114],[139.691,35.7105],[139.6915,35.7113],[139.6943,35.711],[139.6884,35.7069],[139.6874,35.7022],[139.6883,35.6988],[139.6856,35.6942],[139.6837,35.6926],[139.684,35.692],[139.6803,35.6898],[139.6751,35.6845],[139.6713,35.6815],[139.6678,35.6799],[139.6641,35.6763],[139.6632,35.6779],[139.6648,35.6776],[139.665,35.679],[139.6615,35.6804],[139.6596,35.6799],[139.6605,35.6809],[139.6593,35.6819],[139.6595,35.6833],[139.6606,35.6844],[139.6597,35.6847],[139.6592,35.6867],[139.6624,35.6874],[139.6664,35.6904],[139.6675,35.6918],[139.6678,35.6938],[139.6667,35.6937],[139.6646,35.6956],[139.6612,35.6952],[139.6606,35.6965],[139.6617,35.6973],[139.6625,35.6992],[139.6611,35.7014],[139.6609,35.7047],[139.6582,35.705],[139.6582,35.7092],[139.651,35.709],[139.6428,35.7115],[139.6417,35.7128],[139.6418,35.7148],[139.637,35.7165],[139.6322,35.7169],[139.6314,35.7185],[139.6319,35.7197],[139.629,35.721],[139.6243,35.7294],[139.6273,35.734],[139.6272,35.7351],[139.6335,35.7353],[139.6351,35.7323],[139.6364,35.7323],[139.6381,35.7282],[139.6392,35.7279],[139.6398,35.7264],[139.6436,35.7253],[139.6474,35.7255],[139.6474,35.7267],[139.6505,35.7269],[139.6596,35.7258],[139.6596,35.7266],[139.6626,35.7272],[139.665,35.7313],[139.6682,35.7314],[139.6715,35.7335],[139.6737,35.7334],[139.678,35.7307],[139.6754,35.7249],[139.6757,35.7215],[139.6746,35.7213]]]]}},{"type":"Feature","properties":{"code":"131156","name":"杉並区","island":false},"geometry":{"type":"MultiPolygon","coordinates":[[[[139.625,35.6699],[139.6235,35.6704],[139.621,35.673],[139.6125,35.6762],[139.6118,35.6755],[139.6118,35.6764],[139.6103,35.6766],[139.6133,35.6741],[139.6133,35.6729],[139.6166,35.6726],[139.6162,35.6699],[139.611,35.6701],[139.6105,35.6709],[139.6089,35.6704],[139.6088,35.6759],[139.6082,35.6764],[139.6074,35.676],[139.6056,35.6788],[139.6033,35.6806],[139.5942,35.6821],[139.5931,35.6829],[139.5936,35.6841],[139.5906,35.687],[139.5941,35.689],[139.5867,35.694],[139.5883,35.6956],[139.5903,35.6948],[139.5955,35.7054],[139.5867,35.7119],[139.5868,35.7133],[139.5849,35.7172],[139.5859,35.719],[139.5886,35.7203],[139.5912,35.7198],[139.5934,35.7181],[139.5957,35.7222],[139.5998,35.7239],[139.6019,35.726],[139.6154,35.7303],[139.6245,35.7301],[139.6244,35.7293],[139.6284,35.7219],[139.6297,35.7205],[139.6313,35.7203],[139.6317,35.7191],[139.6314,35.7184],[139.6322,35.7169],[139.637,35.7165],[139.6418,35.7148],[139.6417,35.7128],[139.6428,35.7115],[139.651,35.709],[139.6582,35.7092],[139.6582,35.705],[139.6609,35.7047],[139.6611,35.7014],[139.6625,35.6992],[139.6606,35.6965],[139.6612,35.6952],[139.6646,35.6956],[139.666,35.695],[139.6667,35.6937],[139.6678,35.6938],[139.6675,35.6918],[139.6631,35.6878],[139.6592,35.6867],[139.6597,35.6847],[139.6606,35.6844],[139.6595,35.6833],[139.6593,35.6819],[139.6605,35.6809],[139.6596,35.6799],[139.6615,35.6804],[139.665,35.679],[139.6648,35.6776],[139.6632,35.6779],[139.6641,35.6763],[139.6616,35.6748],[139.6618,35.6725],[139.6503,35.6699],[139.647,35.6681],[139.6413,35.6672],[139.6388,35.6658],[139.6367,35.666],[139.6369,35.6667],[139.6326,35.6681],[139.625,35.6691],[139.625,35.6699]]]]}},{"type":"Feature","properties":{"code":"131164","name":"豊島区","island":false},"geometry":{"type":"MultiPolygon","coordinates":[[[[139.6823,35.7246],[139.6813,35.727],[139.6773,35.7294],[139.6792,35.7334],[139.6791,35.7353],[139.6813,35.7378],[139.6808,35.7388],[139.6896,35.7413],[139.6926,35.7436],[139.6945,35.7431],[139.6945,35.7422],[139.6989,35.7424],[139.6992,35.7397],[139.701,35.7399],[139.7021,35.7364],[139.7038,35.7359],[139.7041,35.7373],[139.7083,35.7416],[139.7104,35.7458],[139.7195,35.745],[139.72,35.7418],[139.7243,35.7397],[139.7253,35.74],[139.7245,35.7408],[139.7279,35.7447],[139.7326,35.7451],[139.7318,35.7433],[139.7346,35.7407],[139.7411,35.7423],[139.7444,35.7408],[139.744,35.739],[139.7462,35.7388],[139.7466,35.7398],[139.7484,35.7387],[139.7496,35.7365],[139.7528,35.7351],[139.7507,35.7344],[139.7492,35.7329],[139.7469,35.7351],[139.7446,35.7358],[139.7424,35.7338],[139.7435,35.7329],[139.7415,35.7307],[139.7409,35.7304],[139.7391,35.7318],[139.736,35.7294],[139.7374,35.7269],[139.7355,35.7262],[139.736,35.7253],[139.7341,35.7256],[139.732,35.7241],[139.7299,35.7263],[139.7292,35.7257],[139.7265,35.7271],[139.7227,35.7251],[139.7247,35.72],[139.7195,35.7184],[139.719,35.7175],[139.7183,35.7178],[139.7175,35.7148],[139.7225,35.7123],[139.7179,35.7127],[139.7159,35.7138],[139.7144,35.7132],[139.7117,35.7148],[139.7104,35.7135],[139.7054,35.7137],[139.7046,35.7159],[139.7059,35.7189],[139.705,35.7198],[139.7054,35.7215],[139.7042,35.7222],[139.7046,35.723],[139.6998,35.7235],[139.699,35.7224],[139.6957,35.7217],[139.6844,35.7225],[139.6842,35.7238],[139.6827,35.7236],[139.6823,35.7246]]]]}},{"type":"Feature","properties":{"code":"131172","name":"北区","island":false},"geometry":{"type":"MultiPolygon","coordinates":[[[[139.75,35.7565],[139.758,35.7549],[139.7576,35.7532],[139.7509,35.7537],[139.7498,35.7501],[139.7547,35.7492],[139.7554,35.7476],[139.7578,35.7476],[139.7572,35.7455],[139.7615,35.7432],[139.7638,35.7441],[139.7639,35.7428],[139.7659,35.7416],[139.7682,35.7415],[139.769,35.7393],[139.7711,35.7379],[139.7638,35.7349],[139.7642,35.7344],[139.7634,35.7337],[139.7613,35.7338],[139.7616,35.7328],[139.7599,35.7316],[139.7538,35.7351],[139.7501,35.7361],[139.7466,35.7398],[139.7462,35.7388],[139.744,35.739],[139.7444,35.7408],[139.7419,35.7421],[139.7346,35.7407],[139.7318,35.7433],[139.7326,35.7451],[139.7279,35.7447],[139.7245,35.7408],[139.7253,35.74],[139.7236,35.7399],[139.72,35.7418],[139.7195,35.7445],[139.7206,35.7467],[139.7214,35.7463],[139.7215,35.7474],[139.7222,35.7473],[139.7219,35.749],[139.7227,35.7533],[139.7204,35.7551],[139.7163,35.7607],[139.7132,35.7633],[139.7109,35.7636],[139.7103,35.765],[139.7064,35.7667],[139.7023,35.7814],[139.7031,35.7826],[139.7028,35.7839],[139.6984,35.7821],[139.6957,35.7825],[139.6913,35.7844],[139.6895,35.7868],[139.6906,35.7906],[139.6969,35.7989],[139.7073,35.7925],[139.7207,35.7914],[139.7222,35.7907],[139.7231,35.7884],[139.7245,35.7873],[139.7339,35.79],[139.7382,35.7878],[139.7383,35.7787],[139.7357,35.7726],[139.7364,35.7704],[139.7464,35.767],[139.7543,35.7682],[139.7579,35.7702],[139.76,35.7682],[139.76,35.7665],[139.7582,35.7646],[139.7487,35.7596],[139.7484,35.7578],[139.75,35.7565]]]]}},{"type":"Feature","properties":{"code":"131181","name":"荒川区","island":false},"geometry":{"type":"MultiPolygon","coordinates":[[[[139.75,35.75],[139.7496,35.7512],[139.7509,35.7537],[139.7576,35.7532],[139.758,35.7549],[139.7704,35.7536],[139.784,35.754],[139.7888,35.7525],[139.7909,35.7508],[139.7909,35.7485],[139.7887,35.747],[139.7885,35.7454],[139.7905,35.7423],[139.7933,35.7404],[139.802,35.7386],[139.8099,35.741],[139.8137,35.7403],[139.8146,35.7372],[139.8109,35.7322],[139.8097,35.7281],[139.8014,35.7293],[139.7951,35.729],[139.7944,35.7302],[139.7927,35.7301],[139.7912,35.7312],[139.7895,35.7287],[139.7845,35.7279],[139.7833,35.7268],[139.7815,35.7246],[139.7802,35.7246],[139.7767,35.7249],[139.7698,35.7281],[139.7661,35.7275],[139.764,35.7309],[139.7628,35.7307],[139.7609,35.7322],[139.7616,35.7328],[139.7613,35.7338],[139.7634,35.7337],[139.7642,35.7344],[139.7638,35.7349],[139.7711,35.7379],[139.769,35.7393],[139.7682,35.7415],[139.7659,35.7416],[139.7639,35.7428],[139.7638,35.7441],[139.7615,35.7432],[139.7572,35.7455],[139.7578,35.7476],[139.7554,35.7476],[139.7547,35.7492],[139.75,35.75]]]]}},{"type":"Feature","properties":{"code":"131199","name":"板橋区","island":false},"geometry":{"type":"MultiPolygon","coordinates":[[[[139.6732,35.7477],[139.675,35.7519],[139.6733,35.7545],[139.6737,35.7584],[139.6713,35.761],[139.6682,35.7676],[139.6558,35.769],[139.6479,35.7686],[139.643,35.7709],[139.6408,35.7692],[139.6348,35.7688],[139.6347,35.7699],[139.6335,35.7699],[139.6335,35.7705],[139.6302,35.7723],[139.6294,35.7717],[139.6294,35.7769],[139.6252,35.7779],[139.6255,35.7791],[139.6245,35.7808],[139.6277,35.7831],[139.6279,35.7847],[139.6291,35.7857],[139.6303,35.7854],[139.6317,35.7863],[139.6321,35.7874],[139.6316,35.7882],[139.6323,35.789],[139.6342,35.7903],[139.6379,35.7912],[139.6394,35.7928],[139.6409,35.7979],[139.6479,35.7975],[139.6534,35.8002],[139.6578,35.8005],[139.6674,35.8005],[139.6771,35.7988],[139.6878,35.8008],[139.6944,35.8001],[139.6967,35.7984],[139.6906,35.7906],[139.6895,35.7868],[139.6913,35.7844],[139.6957,35.7825],[139.6984,35.7821],[139.7028,35.7839],[139.7031,35.7826],[139.7023,35.7814],[139.7064,35.7667],[139.7152,35.7616],[139.7204,35.7551],[139.7227,35.7533],[139.7222,35.7473],[139.7215,35.7474],[139.7214,35.7463],[139.7206,35.7467],[139.7195,35.745],[139.7104,35.7458],[139.7083,35.7416],[139.7036,35.7359],[139.7021,35.7364],[139.701,35.7399],[139.6992,35.7397],[139.6989,35.7424],[139.6945,35.7422],[139.6945,35.7431],[139.6926,35.7436],[139.6896,35.7413],[139.6805,35.7387],[139.6791,35.7406],[139.6808,35.7438],[139.6759,35.7454],[139.6721,35.7445],[139.6732,35.7477]]]]}},{"type":"Feature","properties":{"code":"131202","name":"練馬区","island":false},"geometry":{"type":"MultiPolygon","coordinates":[[[[139.5678,35.75],[139.5693,35.75],[139.569,35.7519],[139.5677,35.7532],[139.5678,35.7551],[139.5641,35.7597],[139.5638,35.7614],[139.5628,35.7616],[139.5636,35.7628],[139.5656,35.7619],[139.5668,35.762],[139.5668,35.7628],[139.5684,35.7628],[139.5682,35.7635],[139.5711,35.7633],[139.57,35.7656],[139.5724,35.7658],[139.5724,35.7664],[139.5746,35.7662],[139.5743,35.7682],[139.5769,35.7681],[139.5782,35.7709],[139.5807,35.7711],[139.5807,35.7718],[139.581,35.7711],[139.5822,35.7712],[139.5819,35.7724],[139.5838,35.7729],[139.584,35.7748],[139.5867,35.7753],[139.5888,35.7785],[139.5934,35.7772],[139.5941,35.7787],[139.5972,35.7784],[139.5969,35.7764],[139.6044,35.775],[139.604,35.7742],[139.6027,35.7744],[139.5984,35.7721],[139.5974,35.771],[139.5984,35.7702],[139.5977,35.7699],[139.5982,35.7691],[139.6029,35.771],[139.6043,35.77],[139.6064,35.7709],[139.6071,35.7694],[139.6087,35.7688],[139.6113,35.7711],[139.6117,35.7694],[139.6125,35.7704],[139.6154,35.7709],[139.6172,35.7703],[139.6168,35.7684],[139.6177,35.7666],[139.6224,35.7668],[139.623,35.7669],[139.6241,35.7713],[139.6256,35.773],[139.6242,35.7743],[139.6247,35.7798],[139.6255,35.7791],[139.6252,35.7779],[139.6294,35.7769],[139.6294,35.7717],[139.6302,35.7723],[139.6335,35.7705],[139.6335,35.7699],[139.6347,35.7699],[139.6348,35.7688],[139.6408,35.7692],[139.643,35.7709],[139.6479,35.7686],[139.6558,35.769],[139.6682,35.7676],[139.6713,35.761],[139.6737,35.7584],[139.6733,35.7545],[139.675,35.7519],[139.6731,35.7473],[139.6721,35.7445],[139.6759,35.7454],[139.6808,35.7438],[139.6791,35.7406],[139.6813,35.7378],[139.6791,35.7353],[139.6792,35.7334],[139.678,35.7307],[139.6747,35.7331],[139.6715,35.7335],[139.6682,35.7314],[139.665,35.7313],[139.6626,35.7272],[139.6596,35.7266],[139.6596,35.7258],[139.6505,35.7269],[139.6474,35.7267],[139.6474,35.7255],[139.6436,35.7253],[139.6398,35.7264],[139.6392,35.7279],[139.6381,35.7282],[139.6364,35.7323],[139.6351,35.7323],[139.6335,35.7353],[139.6277,35.7352],[139.6245,35.7301],[139.6154,35.7303],[139.6019,35.726],[139.5998,35.7239],[139.5957,35.7222],[139.5934,35.7181],[139.5905,35.7201],[139.5868,35.7198],[139.5849,35.7172],[139.5868,35.7133],[139.5867,35.7119],[139.5806,35.7148],[139.5751,35.719],[139.5656,35.7217],[139.5653,35.7243],[139.5661,35.7273],[139.5694,35.7342],[139.5673,35.7364],[139.5683,35.7381],[139.5682,35.7428],[139.5668,35.7474],[139.5689,35.748],[139.5678,35.75]]]]}},{"type":"Feature","properties":{"code":"131211","name":"足立区","island":false},"geometry":{"type":"MultiPolygon","coordinates":[[[[139.7365,35.7703],[139.7357,35.7726],[139.7382,35.7783],[139.738,35.7802],[139.7458,35.7833],[139.7468,35.7868],[139.75,35.7859],[139.755,35.7869],[139.7563,35.7886],[139.7556,35.79],[139.76,35.7943],[139.7606,35.7979],[139.7507,35.8067],[139.7508,35.8102],[139.7519,35.8109],[139.7552,35.8107],[139.7556,35.8127],[139.7576,35.812],[139.7613,35.8129],[139.7658,35.8157],[139.7651,35.8164],[139.7672,35.8177],[139.7718,35.8169],[139.7785,35.8089],[139.7811,35.8072],[139.7872,35.8069],[139.7924,35.8053],[139.7988,35.8062],[139.8029,35.8087],[139.8141,35.8085],[139.8179,35.8104],[139.8186,35.8118],[139.8186,35.8111],[139.8197,35.8118],[139.8211,35.8114],[139.8201,35.8128],[139.8211,35.8151],[139.8234,35.8142],[139.8249,35.811],[139.8229,35.8094],[139.8208,35.8055],[139.8196,35.7993],[139.8205,35.7975],[139.8264,35.7934],[139.8328,35.7957],[139.8372,35.8006],[139.8434,35.7998],[139.8467,35.7965],[139.8444,35.7943],[139.8443,35.7912],[139.8464,35.7852],[139.8497,35.7797],[139.858,35.7704],[139.8588,35.7679],[139.8581,35.7659],[139.8566,35.7644],[139.8522,35.7657],[139.8513,35.7699],[139.8458,35.7695],[139.8419,35.7665],[139.8378,35.766],[139.8375,35.7632],[139.8317,35.7637],[139.8309,35.7623],[139.8309,35.7588],[139.8299,35.7577],[139.8275,35.7574],[139.8256,35.7582],[139.8262,35.7617],[139.827,35.7621],[139.8244,35.7618],[139.8235,35.7559],[139.8226,35.7556],[139.8203,35.756],[139.8197,35.7604],[139.8173,35.7602],[139.8172,35.7607],[139.8135,35.7597],[139.8134,35.7546],[139.8149,35.7535],[139.8145,35.7523],[139.8204,35.7434],[139.8173,35.7421],[139.8145,35.7388],[139.8137,35.7403],[139.8116,35.7411],[139.802,35.7386],[139.7924,35.7408],[139.79,35.7429],[139.7885,35.7458],[139.7887,35.747],[139.7909,35.7485],[139.7909,35.7508],[139.7888,35.7525],[139.7847,35.7539],[139.7644,35.754],[139.7493,35.7569],[139.7483,35.7583],[139.7489,35.7598],[139.7582,35.7646],[139.7598,35.7663],[139.7599,35.7685],[139.7579,35.7702],[139.7543,35.7682],[139.7464,35.767],[139.7365,35.7703]]]]}},{"type":"Feature","properties":{"code":"131229","name":"葛飾区","island":false},"geometry":{"type":"MultiPolygon","coordinates":[[[[139.8798,35.7667],[139.8825,35.7626],[139.8836,35.758],[139.89,35.7508],[139.8808,35.7497],[139.8804,35.7485],[139.883,35.7483],[139.8828,35.7475],[139.8849,35.7465],[139.885,35.7456],[139.8819,35.7444],[139.8821,35.7435],[139.8798,35.7415],[139.8805,35.7403],[139.8776,35.7409],[139.8765,35.737],[139.8729,35.7374],[139.8739,35.736],[139.8722,35.7344],[139.8722,35.73],[139.8701,35.729],[139.8706,35.7247],[139.8687,35.7238],[139.8663,35.7185],[139.8686,35.7146],[139.8674,35.7121],[139.8648,35.7132],[139.8622,35.7128],[139.8606,35.7143],[139.8596,35.7137],[139.8563,35.7145],[139.8514,35.7109],[139.8298,35.7312],[139.8238,35.7377],[139.8179,35.748],[139.8145,35.7523],[139.8149,35.7535],[139.8133,35.7548],[139.8134,35.7596],[139.8172,35.7607],[139.8173,35.7602],[139.8197,35.7604],[139.8203,35.756],[139.8226,35.7556],[139.8236,35.7564],[139.8244,35.7618],[139.827,35.7621],[139.8255,35.7593],[139.8258,35.758],[139.8275,35.7574],[139.8299,35.7577],[139.8309,35.7588],[139.8309,35.7623],[139.8317,35.7637],[139.8375,35.7632],[139.8378,35.766],[139.8419,35.7665],[139.8458,35.7695],[139.8513,35.7699],[139.8522,35.7657],[139.8564,35.7644],[139.8583,35.7662],[139.8588,35.7679],[139.858,35.7704],[139.8485,35.7811],[139.8453,35.7877],[139.8442,35.7936],[139.8467,35.7965],[139.8536,35.7916],[139.8559,35.7908],[139.8574,35.7918],[139.8595,35.7952],[139.8638,35.7948],[139.8687,35.797],[139.8734,35.7972],[139.8757,35.7955],[139.8766,35.7932],[139.8733,35.7904],[139.8712,35.7866],[139.8718,35.7848],[139.8745,35.7818],[139.8772,35.7812],[139.8872,35.784],[139.8938,35.7827],[139.8946,35.7806],[139.8938,35.7787],[139.8818,35.7729],[139.8798,35.7697],[139.8798,35.7667]]]]}},{"type":"Feature","properties":{"code":"131237","name":"江戸川区","island":false},"geometry":{"type":"MultiPolygon","coordinates":[[[[139.8623,35.6349],[139.8637,35.6349],[139.8637,35.6356],[139.8623,35.6356],[139.8623,35.6349]]],[[[139.8774,35.6417],[139.8715,35.6386],[139.869,35.6392],[139.863,35.6385],[139.8575,35.6394],[139.8495,35.6427],[139.8504,35.6565],[139.8455,35.6567],[139.8469,35.6738],[139.8482,35.6791],[139.8455,35.6813],[139.8466,35.6831],[139.8476,35.6881],[139.8477,35.695],[139.8445,35.6991],[139.835,35.7033],[139.8344,35.7047],[139.8349,35.7058],[139.8396,35.7104],[139.8347,35.713],[139.8331,35.7155],[139.8348,35.7176],[139.8368,35.718],[139.839,35.7171],[139.8422,35.7193],[139.8514,35.7109],[139.8563,35.7145],[139.8596,35.7137],[139.8606,35.7143],[139.8622,35.7128],[139.8648,35.7132],[139.8674,35.7121],[139.8686,35.7146],[139.8663,35.7185],[139.8681,35.7227],[139.8706,35.7247],[139.8701,35.729],[139.8722,35.73],[139.8722,35.7344],[139.8739,35.736],[139.8729,35.7374],[139.8765,35.737],[139.8776,35.7409],[139.8805,35.7403],[139.8798,35.7415],[139.8821,35.7435],[139.8819,35.7444],[139.885,35.7456],[139.8849,35.7465],[139.8828,35.7475],[139.883,35.7483],[139.8804,35.7485],[139.8808,35.7497],[139.89,35.7508],[139.8929,35.7481],[139.8986,35.7454],[139.9007,35.7414],[139.9009,35.7375],[139.8973,35.7293],[139.898,35.7243],[139.9048,35.7189],[139.9081,35.7139],[139.9162,35.708],[139.9189,35.6986],[139.9139,35.6909],[139.9072,35.6844],[139.9038,35.6831],[139.892,35.6816],[139.8879,35.68],[139.8864,35.6786],[139.8855,35.6728],[139.8874,35.6679],[139.8869,35.6537],[139.8835,35.6451],[139.8774,35.6417]]],[[[139.8499,35.6384],[139.8496,35.6357],[139.8498,35.6394],[139.8515,35.6404],[139.8586,35.6378],[139.8591,35.6369],[139.8583,35.6358],[139.8575,35.635],[139.8587,35.6365],[139.8562,35.638],[139.8499,35.6384]]],[[[139.8583,35.6345],[139.8605,35.6369],[139.8638,35.6372],[139.8674,35.6352],[139.8659,35.6327],[139.8674,35.6347],[139.8662,35.6352],[139.8645,35.6367],[139.8632,35.6357],[139.8611,35.6369],[139.8583,35.6345]]]]}},{"type":"Feature","properties":{"code":"132012","name":"八王子市","island":false},"geometry":{"type":"MultiPolygon","coordinates":[[[[139.25,35.6035],[139.2469,35.6052],[139.2386,35.607],[139.2378,35.6098],[139.2365,35.6098],[139.2299,35.6146],[139.2305,35.6169],[139.2297,35.619],[139.2262,35.6223],[139.2259,35.6235],[139.2196,35.6259],[139.2214,35.6295],[139.2185,35.6337],[139.2168,35.6345],[139.2154,35.6371],[139.2155,35.6393],[139.2144,35.6416],[139.2155,35.6461],[139.2115,35.6491],[139.2073,35.6497],[139.2021,35.653],[139.1983,35.653],[139.1957,35.6513],[139.194,35.6518],[139.1925,35.6503],[139.1916,35.6474],[139.1842,35.6451],[139.179,35.6456],[139.1755,35.6495],[139.1737,35.6504],[139.1718,35.6503],[139.1696,35.6515],[139.167,35.6511],[139.1666,35.6523],[139.1678,35.6539],[139.1684,35.6586],[139.167,35.6593],[139.1672,35.6618],[139.1651,35.6633],[139.165,35.6653],[139.1616,35.6679],[139.1647,35.6703],[139.166,35.6752],[139.17,35.6801],[139.1705,35.6829],[139.1718,35.6841],[139.1714,35.6887],[139.1788,35.6892],[139.182,35.6881],[139.1843,35.6891],[139.1897,35.6876],[139.1934,35.6891],[139.1978,35.6886],[139.1985,35.6878],[139.1994,35.6882],[139.2008,35.6967],[139.2001,35.6983],[139.2005,35.6992],[139.2049,35.6998],[139.2053,35.7032],[139.2044,35.7048],[139.2044,35.7071],[139.2065,35.7124],[139.2129,35.7152],[139.2172,35.7189],[139.2189,35.7169],[139.222,35.7162],[139.2289,35.7163],[139.2301,35.7154],[139.2356,35.7148],[139.2375,35.7132],[139.2407,35.7142],[139.2432,35.7125],[139.2451,35.7133],[139.2465,35.7109],[139.2496,35.7105],[139.2519,35.7123],[139.2562,35.7127],[139.2609,35.7104],[139.266,35.7098],[139.2711,35.7109],[139.2722,35.7126],[139.2719,35.7144],[139.2739,35.715],[139.2835,35.7128],[139.2941,35.7134],[139.2959,35.7114],[139.3014,35.7118],[139.304,35.7139],[139.3035,35.7124],[139.3047,35.7115],[139.3066,35.7127],[139.3085,35.7159],[139.3136,35.714],[139.3161,35.7143],[139.3196,35.7191],[139.3229,35.7163],[139.3276,35.7104],[139.3291,35.71],[139.3291,35.7123],[139.3323,35.714],[139.3325,35.7126],[139.3314,35.7119],[139.3313,35.7098],[139.3331,35.7045],[139.3368,35.7015],[139.3356,35.6991],[139.3362,35.6958],[139.3404,35.6937],[139.3423,35.6937],[139.3464,35.692],[139.3633,35.6937],[139.3675,35.6922],[139.3763,35.6916],[139.3803,35.6874],[139.3796,35.6868],[139.378,35.6877],[139.3752,35.6858],[139.376,35.6836],[139.375,35.6819],[139.3767,35.6784],[139.3765,35.6765],[139.3732,35.6735],[139.3705,35.6686],[139.3724,35.6658],[139.3608,35.66],[139.3589,35.6594],[139.3573,35.66],[139.3595,35.6573],[139.3583,35.6558],[139.3574,35.6558],[139.3581,35.6541],[139.3654,35.6464],[139.3705,35.6438],[139.3737,35.644],[139.3765,35.6454],[139.3789,35.6436],[139.3787,35.642],[139.378,35.6423],[139.3781,35.6411],[139.3772,35.641],[139.3781,35.6393],[139.3819,35.6413],[139.3841,35.6413],[139.3874,35.6407],[139.3903,35.6411],[139.3927,35.6395],[139.3961,35.6405],[139.3984,35.6398],[139.3994,35.6412],[139.4047,35.6437],[139.4064,35.6453],[139.4105,35.6449],[139.4128,35.6466],[139.415,35.647],[139.4156,35.6452],[139.4176,35.6432],[139.4202,35.6431],[139.4203,35.642],[139.4227,35.6411],[139.424,35.6394],[139.4268,35.638],[139.4269,35.6368],[139.4293,35.6351],[139.43,35.6324],[139.4295,35.6319],[139.4269,35.632],[139.4267,35.6309],[139.425,35.6299],[139.4198,35.6286],[139.4187,35.6278],[139.419,35.627],[139.4173,35.627],[139.4154,35.6255],[139.4132,35.6256],[139.4079,35.6226],[139.4074,35.6213],[139.4044,35.6206],[139.3985,35.612],[139.3937,35.6086],[139.393,35.6074],[139.3901,35.6068],[139.389,35.6054],[139.3876,35.6049],[139.3883,35.6024],[139.3868,35.5998],[139.3869,35.5979],[139.3817,35.6021],[139.3771,35.6042],[139.3711,35.605],[139.371,35.6061],[139.37,35.6057],[139.3658,35.6087],[139.3612,35.6051],[139.3597,35.6055],[139.3594,35.6066],[139.3537,35.6073],[139.3516,35.6087],[139.3495,35.6082],[139.3493,35.6091],[139.3472,35.609],[139.3462,35.6107],[139.3438,35.6119],[139.3427,35.61],[139.3433,35.6116],[139.3426,35.6116],[139.3434,35.612],[139.3429,35.6128],[139.3414,35.6125],[139.3423,35.6133],[139.3399,35.6142],[139.3404,35.6155],[139.3395,35.6169],[139.3416,35.6197],[139.3383,35.6235],[139.3378,35.6224],[139.337,35.6225],[139.338,35.6217],[139.3374,35.621],[139.3383,35.6204],[139.3385,35.6194],[139.3378,35.619],[139.339,35.6169],[139.3378,35.6164],[139.3374,35.6142],[139.3356,35.6149],[139.3341,35.6144],[139.3301,35.6164],[139.3284,35.615],[139.327,35.6158],[139.3228,35.6148],[139.3213,35.6156],[139.3177,35.6153],[139.3155,35.6129],[139.3136,35.6145],[139.3076,35.6162],[139.3035,35.6152],[139.298,35.6161],[139.2935,35.6155],[139.2948,35.6169],[139.2936,35.6186],[139.2934,35.6208],[139.2893,35.6202],[139.2885,35.6215],[139.287,35.622],[139.2858,35.6208],[139.2845,35.6211],[139.2836,35.6203],[139.283,35.6209],[139.2819,35.6198],[139.2799,35.6201],[139.2791,35.6188],[139.2778,35.6195],[139.2744,35.6141],[139.2715,35.614],[139.2692,35.6126],[139.2688,35.6094],[139.266,35.6079],[139.2661,35.6056],[139.2648,35.6025],[139.2577,35.6042],[139.2522,35.6017],[139.25,35.6035]]]]}},{"type":"Feature","properties":{"code":"132021","name":"立川市","island":false},"geometry":{"type":"MultiPolygon","coordinates":[[[[139.3789,35.725],[139.3777,35.7242],[139.3764,35.7255],[139.37,35.7245],[139.3703,35.7258],[139.3654,35.725],[139.3653,35.7258],[139.3619,35.7263],[139.3625,35.7242],[139.3572,35.7258],[139.355,35.7251],[139.3553,35.7263],[139.3541,35.728],[139.3533,35.728],[139.3523,35.7326],[139.3535,35.7331],[139.3529,35.7361],[139.359,35.7373],[139.3588,35.7387],[139.3599,35.7396],[139.3655,35.7391],[139.3695,35.7359],[139.3703,35.7374],[139.374,35.7367],[139.378,35.7351],[139.3785,35.7335],[139.3812,35.7349],[139.3835,35.733],[139.3844,35.7337],[139.3839,35.7355],[139.3911,35.7334],[139.3873,35.737],[139.3848,35.7379],[139.3849,35.7415],[139.3833,35.7427],[139.3837,35.7451],[139.3836,35.7438],[139.3871,35.7412],[139.3873,35.7391],[139.3881,35.7394],[139.3953,35.7335],[139.3991,35.735],[139.4008,35.7335],[139.4093,35.7341],[139.4095,35.7326],[139.4144,35.733],[139.4162,35.7321],[139.4232,35.7311],[139.4267,35.7315],[139.4264,35.7302],[139.423,35.7307],[139.4229,35.7302],[139.4336,35.7271],[139.4356,35.7248],[139.4461,35.7229],[139.4447,35.7152],[139.4439,35.7117],[139.4416,35.7158],[139.4366,35.7148],[139.4331,35.7193],[139.431,35.719],[139.4314,35.7178],[139.4283,35.7174],[139.4291,35.716],[139.4325,35.7164],[139.4328,35.7159],[139.4294,35.7154],[139.4297,35.7144],[139.4316,35.7142],[139.4319,35.7136],[139.4306,35.7132],[139.4317,35.7116],[139.4331,35.7116],[139.4318,35.7112],[139.4338,35.7072],[139.4373,35.707],[139.4342,35.7066],[139.4356,35.7037],[139.4303,35.7035],[139.4295,35.7044],[139.4273,35.7036],[139.4256,35.7019],[139.4265,35.6998],[139.4288,35.7011],[139.429,35.7004],[139.4272,35.6994],[139.4274,35.6984],[139.4316,35.6969],[139.4299,35.6939],[139.4311,35.6936],[139.4312,35.6903],[139.4284,35.6911],[139.4263,35.6886],[139.4266,35.688],[139.4252,35.6878],[139.4254,35.6868],[139.4216,35.6886],[139.4176,35.6828],[139.4105,35.6842],[139.3951,35.6892],[139.3851,35.6913],[139.3888,35.6934],[139.3885,35.6952],[139.3903,35.6988],[139.393,35.6991],[139.394,35.7024],[139.3934,35.7032],[139.3949,35.7045],[139.3941,35.7051],[139.3985,35.7116],[139.3957,35.7129],[139.3945,35.7117],[139.391,35.7153],[139.3889,35.7144],[139.3871,35.7167],[139.3888,35.7179],[139.3855,35.7205],[139.382,35.7203],[139.3793,35.7217],[139.3818,35.7231],[139.3801,35.7256],[139.3789,35.725]]]]}},{"type":"Feature","properties":{"code":"132039","name":"武蔵野市","island":false},"geometry":{"type":"MultiPolygon","coordinates":[[[[139.5323,35.7055],[139.5325,35.7091],[139.5272,35.7099],[139.5274,35.7128],[139.5252,35.7129],[139.5269,35.7185],[139.53,35.7175],[139.5294,35.7128],[139.5374,35.7113],[139.5494,35.7169],[139.5546,35.7208],[139.5599,35.722],[139.5658,35.7216],[139.5751,35.719],[139.5806,35.7148],[139.5877,35.7114],[139.5951,35.7061],[139.5955,35.7054],[139.5903,35.6948],[139.5883,35.6956],[139.5867,35.694],[139.5848,35.6972],[139.5799,35.6988],[139.5767,35.7014],[139.5726,35.6989],[139.5723,35.6974],[139.5705,35.6989],[139.5502,35.7068],[139.5507,35.695],[139.5424,35.6967],[139.5422,35.6953],[139.5365,35.6953],[139.5364,35.6983],[139.5339,35.699],[139.5336,35.7011],[139.5326,35.7011],[139.5323,35.7055]]]]}},{"type":"Feature","properties":{"code":"132047","name":"三鷹市","island":false},"geometry":{"type":"MultiPolygon","coordinates":[[[[139.5375,35.666],[139.5374,35.667],[139.5385,35.6671],[139.5356,35.6693],[139.5345,35.6676],[139.5314,35.6677],[139.5324,35.6699],[139.5307,35.6708],[139.5307,35.6719],[139.5295,35.6725],[139.5295,35.6756],[139.5285,35.6756],[139.5279,35.6745],[139.5268,35.6747],[139.5267,35.6763],[139.5278,35.6773],[139.5263,35.6772],[139.5266,35.6791],[139.5253,35.6796],[139.5254,35.6809],[139.5287,35.6812],[139.5282,35.6822],[139.5288,35.6829],[139.5271,35.6837],[139.5263,35.6869],[139.5245,35.6884],[139.5246,35.6894],[139.5249,35.6901],[139.5268,35.6895],[139.5285,35.6907],[139.5322,35.6888],[139.5314,35.6946],[139.5342,35.6949],[139.5339,35.699],[139.5364,35.6983],[139.5365,35.6953],[139.5422,35.6953],[139.5424,35.6967],[139.5507,35.695],[139.55,35.7068],[139.5705,35.6989],[139.5723,35.6974],[139.5726,35.6989],[139.5762,35.7015],[139.5799,35.6988],[139.5846,35.6974],[139.5868,35.6939],[139.5941,35.689],[139.5906,35.687],[139.5936,35.6841],[139.5931,35.6829],[139.5942,35.6821],[139.5855,35.6826],[139.5917,35.682],[139.5853,35.682],[139.5883,35.6796],[139.5865,35.6769],[139.5874,35.674],[139.5834,35.674],[139.5825,35.6734],[139.5885,35.6705],[139.5889,35.6694],[139.5852,35.6713],[139.5845,35.6704],[139.5813,35.6702],[139.58,35.6725],[139.5767,35.6736],[139.5751,35.6731],[139.5784,35.6719],[139.5789,35.6704],[139.5781,35.6702],[139.5777,35.6689],[139.5784,35.6683],[139.5789,35.6689],[139.5798,35.6655],[139.5821,35.665],[139.5783,35.6625],[139.5768,35.6603],[139.5755,35.66],[139.5726,35.6627],[139.5726,35.6633],[139.5746,35.6615],[139.5752,35.6617],[139.5728,35.6642],[139.5685,35.6635],[139.5661,35.6643],[139.5644,35.6685],[139.5644,35.6726],[139.5609,35.6828],[139.5567,35.6827],[139.5522,35.6808],[139.5454,35.6821],[139.5447,35.6803],[139.5429,35.6805],[139.5414,35.6699],[139.5423,35.6675],[139.5444,35.6666],[139.5416,35.6643],[139.5384,35.6647],[139.5388,35.6655],[139.5375,35.666]]]]}},{"type":"Feature","properties":{"code":"132055","name":"青梅市","island":false},"geometry":{"type":"MultiPolygon","coordinates":[[[[139.25,35.8375],[139.2547,35.8381],[139.2566,35.8377],[139.2566,35.8371],[139.2588,35.8373],[139.2589,35.8364],[139.2604,35.836],[139.2715,35.8397],[139.2799,35.8392],[139.2803,35.8407],[139.2817,35.8398],[139.2829,35.8372],[139.2849,35.836],[139.2866,35.8371],[139.2909,35.838],[139.2956,35.8338],[139.2968,35.8355],[139.3016,35.8347],[139.3021,35.834],[139.3014,35.8339],[139.3018,35.8311],[139.3012,35.8297],[139.3027,35.826],[139.3024,35.8242],[139.3049,35.8239],[139.3048,35.8224],[139.3121,35.8254],[139.3149,35.8252],[139.3162,35.8237],[139.3165,35.8194],[139.315,35.8169],[139.315,35.8143],[139.3183,35.8098],[139.3226,35.8003],[139.3223,35.7995],[139.324,35.7969],[139.3257,35.7952],[139.3304,35.7943],[139.3301,35.7929],[139.3285,35.7918],[139.3301,35.7906],[139.3263,35.787],[139.322,35.7898],[139.3212,35.7896],[139.3237,35.7875],[139.3238,35.7867],[139.3228,35.7863],[139.3206,35.7899],[139.318,35.7895],[139.3208,35.7883],[139.3207,35.7834],[139.3241,35.7811],[139.3207,35.7768],[139.3184,35.7784],[139.3123,35.7755],[139.3114,35.7768],[139.3092,35.7757],[139.308,35.7772],[139.3069,35.7767],[139.3061,35.7778],[139.3033,35.7781],[139.3019,35.7799],[139.2984,35.7813],[139.2955,35.7777],[139.2921,35.7753],[139.2928,35.7725],[139.2951,35.77],[139.2967,35.7661],[139.2966,35.7629],[139.2974,35.7601],[139.2965,35.7545],[139.2939,35.7557],[139.2935,35.7571],[139.2901,35.7601],[139.2881,35.7596],[139.2875,35.761],[139.2763,35.7617],[139.2744,35.7609],[139.2693,35.7611],[139.2669,35.76],[139.2574,35.7603],[139.2562,35.7619],[139.2553,35.762],[139.2543,35.764],[139.2519,35.7645],[139.2495,35.7666],[139.2456,35.7674],[139.2383,35.767],[139.2381,35.7686],[139.2354,35.7694],[139.2321,35.7688],[139.2283,35.7708],[139.2274,35.772],[139.2259,35.7719],[139.2241,35.7729],[139.2226,35.7724],[139.2209,35.774],[139.2169,35.7728],[139.2143,35.7741],[139.2105,35.7732],[139.2093,35.7746],[139.2094,35.7759],[139.2036,35.7802],[139.2005,35.7838],[139.1989,35.7845],[139.1983,35.7864],[139.1943,35.7874],[139.1922,35.7892],[139.1818,35.7876],[139.1734,35.7832],[139.1715,35.7819],[139.1666,35.7809],[139.1657,35.7796],[139.1614,35.7771],[139.1584,35.7778],[139.1579,35.7757],[139.1585,35.7744],[139.1577,35.7732],[139.1537,35.7735],[139.1517,35.7766],[139.1488,35.7789],[139.1481,35.7752],[139.1464,35.7754],[139.1445,35.777],[139.1428,35.7764],[139.1423,35.7748],[139.1394,35.7721],[139.1376,35.7724],[139.1374,35.7784],[139.1405,35.779],[139.1427,35.781],[139.1478,35.782],[139.1465,35.7858],[139.1474,35.7861],[139.1466,35.7877],[139.1477,35.7907],[139.1468,35.7926],[139.15,35.7965],[139.1563,35.7986],[139.1591,35.7984],[139.1648,35.8016],[139.1673,35.8017],[139.1715,35.8035],[139.1717,35.8051],[139.1736,35.8068],[139.1757,35.8071],[139.1742,35.8128],[139.1774,35.8202],[139.1752,35.8269],[139.1784,35.8306],[139.1769,35.8331],[139.1774,35.8351],[139.175,35.8363],[139.1743,35.8379],[139.172,35.84],[139.1697,35.8404],[139.1661,35.843],[139.1664,35.8446],[139.1627,35.8491],[139.1635,35.8509],[139.1744,35.8483],[139.1818,35.8438],[139.1836,35.8436],[139.1842,35.8428],[139.1868,35.8429],[139.1924,35.8403],[139.1958,35.84],[139.1982,35.8411],[139.2031,35.8412],[139.2063,35.8459],[139.2126,35.8466],[139.2137,35.8455],[139.2149,35.8458],[139.2158,35.8443],[139.2193,35.8425],[139.2202,35.8413],[139.2245,35.8405],[139.2307,35.8367],[139.2328,35.8367],[139.2342,35.8381],[139.2354,35.838],[139.237,35.8402],[139.239,35.8405],[139.2412,35.84],[139.2428,35.8366],[139.25,35.8375]]]]}},{"type":"Feature","properties":{"code":"132063","name":"府中市","island":false},"geometry":{"type":"MultiPolygon","coordinates":[[[[139.4967,35.6872],[139.4976,35.6872],[139.4976,35.6878],[139.4967,35.6878],[139.4967,35.6872]]],[[[139.521,35.65],[139.5208,35.6462],[139.5174,35.649],[139.5121,35.6512],[139.5068,35.6509],[139.5022,35.6491],[139.5013,35.6492],[139.5015,35.6505],[139.4995,35.6514],[139.4916,35.6521],[139.489,35.6515],[139.4861,35.6527],[139.474,35.6507],[139.4738,35.6493],[139.4727,35.6493],[139.4679,35.6512],[139.442,35.658],[139.4409,35.66],[139.4298,35.6708],[139.4317,35.6727],[139.4359,35.6715],[139.4372,35.6721],[139.4415,35.6707],[139.442,35.6714],[139.4405,35.6717],[139.4434,35.6724],[139.4451,35.6718],[139.4442,35.6726],[139.4457,35.6735],[139.4508,35.6716],[139.4534,35.6715],[139.4496,35.6743],[139.4512,35.6736],[139.4507,35.6767],[139.4517,35.6768],[139.4513,35.678],[139.4524,35.6787],[139.4515,35.6813],[139.4529,35.6836],[139.4538,35.6883],[139.4561,35.6913],[139.4571,35.6911],[139.4586,35.6923],[139.4596,35.6919],[139.4588,35.6935],[139.4596,35.6939],[139.4602,35.6998],[139.463,35.6999],[139.4642,35.6953],[139.4668,35.6953],[139.4678,35.6922],[139.4659,35.6916],[139.4662,35.6904],[139.4637,35.6896],[139.4679,35.6883],[139.4733,35.6895],[139.4774,35.6893],[139.4782,35.6904],[139.481,35.6907],[139.4813,35.6914],[139.4866,35.6922],[139.4879,35.6948],[139.4896,35.6955],[139.4878,35.692],[139.4896,35.6925],[139.489,35.691],[139.4902,35.6901],[139.4914,35.6902],[139.4957,35.6882],[139.497,35.6885],[139.4954,35.6869],[139.4974,35.6868],[139.4978,35.6857],[139.4987,35.6856],[139.4999,35.6872],[139.5029,35.6873],[139.5011,35.6846],[139.5003,35.6846],[139.5019,35.684],[139.5059,35.6872],[139.5059,35.6866],[139.5146,35.6861],[139.5153,35.69],[139.5183,35.6913],[139.5223,35.6874],[139.5205,35.6816],[139.5213,35.6814],[139.5209,35.6805],[139.5243,35.6797],[139.5247,35.6775],[139.5238,35.6781],[139.5221,35.6772],[139.5247,35.6764],[139.5265,35.6724],[139.5254,35.6692],[139.5243,35.6692],[139.5242,35.6679],[139.5232,35.6678],[139.5194,35.6604],[139.5175,35.6584],[139.5182,35.6582],[139.517,35.6553],[139.5188,35.6552],[139.5207,35.6537],[139.521,35.65]]]]}},{"type":"Feature","properties":{"code":"132071","name":"昭島市","island":false},"geometry":{"type":"MultiPolygon","coordinates":[[[[139.375,35.6916],[139.3676,35.6921],[139.3633,35.6937],[139.3464,35.692],[139.3423,35.6937],[139.3404,35.6937],[139.3361,35.696],[139.3356,35.6991],[139.3368,35.7015],[139.3331,35.7045],[139.3313,35.7098],[139.3314,35.7119],[139.3389,35.7159],[139.3394,35.7174],[139.3386,35.7189],[139.3416,35.7213],[139.3463,35.7209],[139.3466,35.7217],[139.3516,35.7221],[139.353,35.7235],[139.3529,35.7248],[139.3572,35.7258],[139.3621,35.7242],[139.3629,35.7246],[139.3621,35.725],[139.3619,35.7263],[139.3653,35.7258],[139.3654,35.725],[139.3703,35.7258],[139.37,35.7245],[139.3764,35.7255],[139.3777,35.7242],[139.3801,35.7256],[139.3818,35.7231],[139.3793,35.7217],[139.382,35.7203],[139.3855,35.7205],[139.3888,35.7179],[139.3871,35.7167],[139.389,35.7144],[139.391,35.7153],[139.3945,35.7117],[139.3957,35.7129],[139.3985,35.7116],[139.3941,35.7051],[139.3949,35.7045],[139.3934,35.7032],[139.394,35.7024],[139.393,35.6991],[139.3903,35.6988],[139.3894,35.6976],[139.3883,35.6928],[139.3851,35.6913],[139.375,35.6916]]]]}},{"type":"Feature","properties":{"code":"132080","name":"調布市","island":false},"geometry":{"type":"MultiPolygon","coordinates":[[[[139.521,35.6805],[139.5213,35.6814],[139.5205,35.6816],[139.5223,35.6874],[139.5245,35.6879],[139.5259,35.6848],[139.5288,35.6829],[139.5282,35.6822],[139.5287,35.6812],[139.5254,35.6809],[139.5253,35.6796],[139.5266,35.6791],[139.5263,35.6772],[139.5278,35.6773],[139.5267,35.6763],[139.5268,35.6747],[139.5279,35.6745],[139.5285,35.6756],[139.5295,35.6756],[139.5295,35.6725],[139.5307,35.6719],[139.5307,35.6708],[139.5324,35.6699],[139.5314,35.6677],[139.5345,35.6676],[139.5356,35.6693],[139.5385,35.6671],[139.5372,35.6666],[139.5375,35.6655],[139.5388,35.6655],[139.5384,35.6648],[139.5391,35.6645],[139.5416,35.6643],[139.5444,35.6666],[139.5423,35.6675],[139.5414,35.6699],[139.5429,35.6805],[139.5447,35.6803],[139.5454,35.6821],[139.5522,35.6808],[139.5584,35.683],[139.5609,35.6828],[139.5644,35.6726],[139.5644,35.6685],[139.5656,35.6651],[139.5668,35.6639],[139.573,35.6641],[139.5752,35.6617],[139.5746,35.6615],[139.5726,35.6633],[139.5726,35.6627],[139.5757,35.66],[139.5821,35.665],[139.5798,35.6655],[139.5789,35.6689],[139.5784,35.6683],[139.5777,35.6689],[139.5789,35.6711],[139.5782,35.6721],[139.5754,35.6728],[139.5751,35.6731],[139.5763,35.6736],[139.58,35.6725],[139.5813,35.6702],[139.5858,35.6711],[139.5888,35.6695],[139.5896,35.6674],[139.5901,35.6658],[139.5866,35.664],[139.5873,35.6626],[139.589,35.6624],[139.59,35.6612],[139.5899,35.6571],[139.5909,35.6554],[139.5923,35.6554],[139.5929,35.6542],[139.5931,35.6515],[139.592,35.6514],[139.592,35.6458],[139.5896,35.6451],[139.5873,35.6465],[139.5856,35.6455],[139.5843,35.6468],[139.5841,35.6487],[139.5823,35.6485],[139.5828,35.6473],[139.5811,35.6472],[139.5791,35.6482],[139.5806,35.6495],[139.5789,35.6487],[139.5765,35.6503],[139.573,35.6504],[139.5695,35.649],[139.5697,35.6479],[139.5688,35.6475],[139.5658,35.6472],[139.5634,35.6414],[139.562,35.6326],[139.5574,35.634],[139.5502,35.6342],[139.546,35.6374],[139.536,35.6395],[139.5309,35.642],[139.5254,35.6426],[139.5208,35.6462],[139.5208,35.6536],[139.5188,35.6552],[139.517,35.6553],[139.5182,35.6582],[139.5175,35.6584],[139.5194,35.6604],[139.5232,35.6678],[139.5242,35.6679],[139.5243,35.6692],[139.5254,35.6692],[139.5265,35.6724],[139.5247,35.6764],[139.5221,35.6772],[139.5238,35.6781],[139.5247,35.6775],[139.5243,35.6797],[139.521,35.6805]]]]}},{"type":"Feature","properties":{"code":"132098","name":"町田市","island":false},"geometry":{"type":"MultiPolygon","coordinates":[[[[139.5022,35.5711],[139.5004,35.5703],[139.5008,35.5685],[139.4977,35.5676],[139.4963,35.5646],[139.4947,35.5649],[139.4911,35.5614],[139.4891,35.5619],[139.4874,35.5671],[139.486,35.5676],[139.4864,35.569],[139.4829,35.5714],[139.4837,35.572],[139.4861,35.5784],[139.4884,35.5785],[139.4899,35.5836],[139.4896,35.5844],[139.4883,35.5839],[139.4858,35.5847],[139.4819,35.5815],[139.4778,35.5806],[139.4772,35.5812],[139.4778,35.5822],[139.4764,35.5819],[139.4732,35.5767],[139.4733,35.5739],[139.4717,35.571],[139.4697,35.5695],[139.4697,35.5653],[139.4683,35.5631],[139.4695,35.5624],[139.4702,35.5605],[139.4751,35.5597],[139.4765,35.5626],[139.4779,35.5604],[139.4797,35.5594],[139.4819,35.5558],[139.4826,35.5485],[139.4809,35.546],[139.4803,35.5431],[139.4816,35.5399],[139.4849,35.5382],[139.4845,35.5361],[139.4868,35.5355],[139.4858,35.5311],[139.4878,35.5279],[139.4865,35.5265],[139.4875,35.5241],[139.4857,35.5222],[139.4863,35.5198],[139.4845,35.52],[139.4833,35.5192],[139.4804,35.5147],[139.477,35.5114],[139.4811,35.5054],[139.4849,35.504],[139.4764,35.5014],[139.469,35.5019],[139.4677,35.5024],[139.4683,35.5062],[139.4646,35.5115],[139.4634,35.5176],[139.4614,35.5191],[139.4561,35.5203],[139.4549,35.5214],[139.4548,35.5227],[139.4576,35.5271],[139.4584,35.5267],[139.4583,35.528],[139.449,35.5349],[139.4481,35.5378],[139.4451,35.5411],[139.4451,35.5421],[139.4404,35.5431],[139.436,35.5468],[139.4334,35.5464],[139.432,35.5487],[139.4274,35.5512],[139.4278,35.5523],[139.4236,35.5562],[139.4224,35.5594],[139.418,35.5619],[139.4162,35.5619],[139.4162,35.5638],[139.4128,35.5662],[139.4091,35.5752],[139.4073,35.5758],[139.4033,35.5755],[139.403,35.5766],[139.4015,35.577],[139.4011,35.5801],[139.4003,35.5806],[139.4007,35.5815],[139.3996,35.5819],[139.3992,35.5833],[139.3998,35.5844],[139.3961,35.5839],[139.3949,35.5841],[139.3942,35.5856],[139.3911,35.5853],[139.3886,35.5885],[139.3844,35.5876],[139.3845,35.5885],[139.383,35.5891],[139.383,35.59],[139.3792,35.5902],[139.3733,35.5949],[139.3701,35.5945],[139.3628,35.5991],[139.3579,35.5987],[139.3548,35.6005],[139.3534,35.6],[139.3531,35.6008],[139.3483,35.6016],[139.3483,35.6022],[139.3442,35.6026],[139.34,35.6055],[139.3379,35.6043],[139.3351,35.6045],[139.3335,35.6037],[139.331,35.6042],[139.3302,35.6032],[139.3208,35.6065],[139.3198,35.6063],[139.32,35.6057],[139.3145,35.6054],[139.3143,35.6043],[139.3092,35.6042],[139.3061,35.6055],[139.3037,35.6047],[139.3011,35.6058],[139.3012,35.6065],[139.2992,35.6062],[139.2988,35.6076],[139.297,35.608],[139.2966,35.6099],[139.2944,35.6112],[139.2933,35.6107],[139.2925,35.6118],[139.286,35.6125],[139.2852,35.6134],[139.2816,35.6128],[139.2799,35.6115],[139.2741,35.611],[139.2688,35.6094],[139.2691,35.6125],[139.2715,35.614],[139.2744,35.6141],[139.2764,35.6164],[139.2777,35.6194],[139.2791,35.6188],[139.2799,35.6201],[139.2819,35.6198],[139.283,35.6209],[139.2836,35.6203],[139.2845,35.6211],[139.2858,35.6208],[139.2872,35.6221],[139.2893,35.6202],[139.2934,35.6208],[139.2936,35.6186],[139.2948,35.6169],[139.2935,35.6155],[139.298,35.6161],[139.3035,35.6152],[139.3076,35.6162],[139.3136,35.6145],[139.3155,35.6129],[139.3177,35.6153],[139.3213,35.6156],[139.3228,35.6148],[139.327,35.6158],[139.3284,35.615],[139.3301,35.6164],[139.3341,35.6144],[139.3356,35.6149],[139.3373,35.6142],[139.3378,35.6164],[139.339,35.6169],[139.3378,35.619],[139.3385,35.6194],[139.3383,35.6204],[139.3374,35.621],[139.338,35.6217],[139.337,35.6225],[139.3378,35.6224],[139.3383,35.6235],[139.3416,35.6197],[139.3395,35.6169],[139.3404,35.6155],[139.3399,35.6142],[139.3423,35.6133],[139.3414,35.6125],[139.3429,35.6128],[139.3434,35.612],[139.3426,35.6116],[139.3433,35.6116],[139.3427,35.61],[139.3438,35.6119],[139.3462,35.6107],[139.3472,35.609],[139.3493,35.6091],[139.3495,35.6082],[139.3516,35.6087],[139.3537,35.6073],[139.3594,35.6066],[139.3597,35.6055],[139.3612,35.6051],[139.3658,35.6087],[139.37,35.6057],[139.371,35.6061],[139.3711,35.605],[139.3771,35.6042],[139.3817,35.6021],[139.3869,35.5979],[139.3868,35.5998],[139.3883,35.6024],[139.3875,35.6048],[139.389,35.6054],[139.3898,35.6067],[139.3955,35.6081],[139.3966,35.6096],[139.3986,35.6104],[139.4007,35.6104],[139.4015,35.6087],[139.4079,35.612],[139.4082,35.611],[139.4102,35.6101],[139.4127,35.6123],[139.4146,35.6116],[139.4164,35.612],[139.418,35.6103],[139.4206,35.6097],[139.4231,35.6066],[139.4246,35.607],[139.4263,35.6054],[139.4282,35.6061],[139.4286,35.6081],[139.4339,35.6059],[139.4343,35.6047],[139.4344,35.606],[139.4362,35.6066],[139.4387,35.6101],[139.4459,35.6087],[139.4493,35.6118],[139.4529,35.6077],[139.4525,35.6067],[139.4535,35.6045],[139.4579,35.6075],[139.4606,35.6084],[139.4631,35.608],[139.4638,35.6092],[139.465,35.6088],[139.4659,35.6096],[139.4667,35.6086],[139.4665,35.6067],[139.4703,35.6035],[139.4711,35.6012],[139.474,35.5997],[139.478,35.599],[139.4796,35.5951],[139.4795,35.5959],[139.4808,35.5957],[139.4803,35.5947],[139.4839,35.5953],[139.4832,35.5934],[139.4845,35.5942],[139.4843,35.5928],[139.4871,35.5917],[139.4871,35.59],[139.4879,35.5909],[139.4886,35.5907],[139.4882,35.5899],[139.4912,35.5894],[139.4919,35.5885],[139.4937,35.5891],[139.4945,35.5862],[139.4931,35.5843],[139.4938,35.5842],[139.4939,35.5827],[139.4992,35.581],[139.5023,35.5782],[139.5024,35.5771],[139.5055,35.5748],[139.5069,35.5758],[139.5076,35.5752],[139.5069,35.5749],[139.5073,35.5738],[139.5065,35.5716],[139.5022,35.5711]],[[139.3808,35.5903],[139.3811,35.5903],[139.3811,35.5906],[139.3808,35.5906],[139.3808,35.5903]]]]}},{"type":"Feature","properties":{"code":"132101","name":"小金井市","island":false},"geometry":{"type":"MultiPolygon","coordinates":[[[[139.5012,35.6841],[139.5003,35.6846],[139.5011,35.6846],[139.5029,35.6873],[139.4999,35.6872],[139.4987,35.6856],[139.4978,35.6857],[139.4974,35.6868],[139.4954,35.6869],[139.497,35.6885],[139.4957,35.6882],[139.4914,35.6902],[139.4902,35.6901],[139.489,35.691],[139.4896,35.6925],[139.4878,35.692],[139.4911,35.6973],[139.4914,35.7002],[139.4845,35.7023],[139.4855,35.7043],[139.4866,35.7043],[139.4874,35.7065],[139.4857,35.7084],[139.4915,35.708],[139.4926,35.7102],[139.4954,35.7096],[139.4959,35.7132],[139.5078,35.7122],[139.5086,35.7164],[139.5231,35.7191],[139.5229,35.7176],[139.5236,35.7175],[139.5265,35.7173],[139.5252,35.7131],[139.5274,35.7128],[139.5272,35.7099],[139.5325,35.7091],[139.5322,35.7025],[139.5326,35.7011],[139.5336,35.7011],[139.5342,35.6949],[139.5314,35.6946],[139.5322,35.6888],[139.5285,35.6907],[139.5268,35.6895],[139.5249,35.6901],[139.5245,35.6884],[139.5263,35.6869],[139.5269,35.6842],[139.5252,35.6858],[139.5256,35.6866],[139.5245,35.6879],[139.5223,35.6874],[139.5181,35.6914],[139.5153,35.69],[139.5146,35.6861],[139.5059,35.6866],[139.5059,35.6872],[139.5026,35.6844],[139.5012,35.6841]],[[139.4967,35.6872],[139.4976,35.6872],[139.4976,35.6878],[139.4967,35.6878],[139.4967,35.6872]]]]}},{"type":"Feature","properties":{"code":"132110","name":"小平市","island":false},"geometry":{"type":"MultiPolygon","coordinates":[[[[139.4264,35.7302],[139.4287,35.7301],[139.4425,35.7364],[139.4455,35.735],[139.4471,35.7352],[139.4664,35.7441],[139.4773,35.7399],[139.4771,35.7376],[139.4788,35.7372],[139.4788,35.7352],[139.4862,35.7345],[139.4873,35.7409],[139.4852,35.7409],[139.4847,35.7422],[139.4856,35.7424],[139.4857,35.7439],[139.4875,35.7451],[139.4879,35.7441],[139.4896,35.7449],[139.4911,35.7415],[139.4982,35.7443],[139.4981,35.7459],[139.5038,35.7428],[139.5033,35.7414],[139.5047,35.741],[139.504,35.7367],[139.5048,35.7367],[139.5044,35.7322],[139.5056,35.7321],[139.5068,35.74],[139.5057,35.7403],[139.5067,35.742],[139.5086,35.7413],[139.5078,35.74],[139.5082,35.7384],[139.5126,35.738],[139.5128,35.7414],[139.5134,35.7414],[139.5132,35.7397],[139.513,35.7388],[139.5142,35.7388],[139.5146,35.7414],[139.5153,35.7412],[139.5151,35.7391],[139.5211,35.739],[139.5202,35.7334],[139.5167,35.7306],[139.5177,35.7274],[139.5233,35.7232],[139.5247,35.7194],[139.5086,35.7164],[139.5078,35.7122],[139.4959,35.7132],[139.4954,35.7096],[139.4926,35.7102],[139.4915,35.708],[139.4857,35.7084],[139.4802,35.7144],[139.4785,35.7087],[139.4766,35.7089],[139.4719,35.711],[139.472,35.7154],[139.4587,35.7179],[139.4579,35.7208],[139.4356,35.7248],[139.4336,35.7271],[139.4229,35.7302],[139.423,35.7307],[139.4264,35.7302]]]]}},{"type":"Feature","properties":{"code":"132128","name":"日野市","island":false},"geometry":{"type":"MultiPolygon","coordinates":[[[[139.3706,35.6689],[139.3732,35.6735],[139.3765,35.6765],[139.3767,35.6784],[139.375,35.6819],[139.376,35.6836],[139.3752,35.6858],[139.378,35.6877],[139.3796,35.6868],[139.3803,35.6873],[139.3763,35.6916],[139.3839,35.6915],[139.3951,35.6892],[139.4105,35.6842],[139.4187,35.6823],[139.4409,35.66],[139.442,35.658],[139.4392,35.6571],[139.4405,35.6562],[139.4383,35.6546],[139.4378,35.65],[139.4341,35.6509],[139.4331,35.6483],[139.4298,35.6474],[139.4309,35.6463],[139.4277,35.6454],[139.4273,35.6437],[139.4168,35.6491],[139.4146,35.6471],[139.4106,35.6449],[139.4064,35.6453],[139.4047,35.6437],[139.3994,35.6412],[139.3984,35.6398],[139.3961,35.6405],[139.3925,35.6395],[139.3902,35.6412],[139.382,35.6413],[139.3781,35.6393],[139.3772,35.641],[139.3781,35.6411],[139.378,35.6423],[139.3788,35.6421],[139.3786,35.6441],[139.3765,35.6454],[139.3737,35.644],[139.371,35.6437],[139.3672,35.6452],[139.3614,35.6504],[139.3573,35.6555],[139.3595,35.6571],[139.3574,35.6601],[139.3589,35.6594],[139.3608,35.66],[139.3724,35.6658],[139.3706,35.6689]]]]}},{"type":"Feature","properties":{"code":"132136","name":"東村山市","island":false},"geometry":{"type":"MultiPolygon","coordinates":[[[[139.4486,35.7488],[139.4491,35.7496],[139.4475,35.7492],[139.4469,35.752],[139.4475,35.7526],[139.4462,35.7557],[139.4442,35.7557],[139.442,35.7593],[139.4405,35.7603],[139.4409,35.7622],[139.44,35.7637],[139.4408,35.767],[139.445,35.7667],[139.4465,35.7681],[139.451,35.7693],[139.4532,35.7685],[139.455,35.7696],[139.4581,35.7693],[139.4592,35.7722],[139.4613,35.7734],[139.4633,35.7729],[139.4647,35.7737],[139.4698,35.7742],[139.4712,35.7734],[139.4741,35.7747],[139.474,35.7757],[139.4767,35.7753],[139.4753,35.7768],[139.4784,35.7784],[139.4795,35.7799],[139.4825,35.7811],[139.4886,35.7794],[139.4897,35.7801],[139.489,35.7795],[139.4896,35.7791],[139.4902,35.7809],[139.4911,35.78],[139.4938,35.7796],[139.4936,35.7801],[139.4935,35.7817],[139.496,35.7816],[139.4976,35.7725],[139.4993,35.7717],[139.5012,35.7656],[139.4972,35.7624],[139.5048,35.7611],[139.4948,35.7583],[139.4952,35.7565],[139.4939,35.7559],[139.4939,35.7538],[139.4923,35.7529],[139.4934,35.7519],[139.4907,35.7521],[139.4864,35.7488],[139.4869,35.7465],[139.4845,35.7444],[139.4857,35.7439],[139.4856,35.7424],[139.4847,35.7422],[139.4852,35.7409],[139.4873,35.7409],[139.4862,35.7345],[139.4788,35.7352],[139.4788,35.7372],[139.4771,35.7376],[139.4773,35.7399],[139.4664,35.7441],[139.451,35.737],[139.4501,35.7389],[139.4515,35.7391],[139.4516,35.7413],[139.4507,35.742],[139.4514,35.7456],[139.4486,35.7488]]]]}},{"type":"Feature","properties":{"code":"132144","name":"国分寺市","island":false},"geometry":{"type":"MultiPolygon","coordinates":[[[[139.4303,35.7035],[139.4356,35.7037],[139.4342,35.7066],[139.4373,35.707],[139.4338,35.7072],[139.4318,35.7112],[139.4331,35.7116],[139.4317,35.7116],[139.4306,35.7132],[139.4319,35.7136],[139.4316,35.7142],[139.4297,35.7144],[139.4294,35.7154],[139.4328,35.7159],[139.4325,35.7164],[139.4291,35.716],[139.4283,35.7174],[139.4314,35.7178],[139.431,35.719],[139.4331,35.7193],[139.4366,35.7148],[139.4416,35.7158],[139.444,35.7117],[139.4461,35.7229],[139.4579,35.7208],[139.4587,35.7179],[139.472,35.7154],[139.4719,35.711],[139.4766,35.7089],[139.4785,35.7087],[139.4802,35.7144],[139.4874,35.7065],[139.4866,35.7043],[139.4855,35.7043],[139.4845,35.7023],[139.4914,35.7002],[139.4902,35.6962],[139.4879,35.6948],[139.4866,35.6922],[139.4813,35.6914],[139.481,35.6907],[139.4782,35.6904],[139.4774,35.6893],[139.4665,35.6884],[139.4637,35.6897],[139.4662,35.6904],[139.4659,35.6916],[139.4678,35.6925],[139.4668,35.6953],[139.4638,35.6954],[139.4633,35.697],[139.464,35.6972],[139.463,35.6999],[139.4602,35.6998],[139.4596,35.6939],[139.4588,35.6935],[139.4594,35.6924],[139.4547,35.6954],[139.4487,35.7009],[139.4449,35.7003],[139.4416,35.7004],[139.441,35.7013],[139.434,35.701],[139.432,35.7017],[139.4303,35.7035]]]]}},{"type":"Feature","properties":{"code":"132152","name":"国立市","island":false},"geometry":{"type":"MultiPolygon","coordinates":[[[[139.4177,35.6826],[139.4216,35.6886],[139.4254,35.6868],[139.4252,35.6878],[139.4266,35.688],[139.4263,35.6886],[139.4284,35.6911],[139.4312,35.6903],[139.4311,35.6936],[139.4299,35.6939],[139.4316,35.6969],[139.4274,35.6984],[139.4272,35.6994],[139.429,35.7004],[139.4288,35.7011],[139.4265,35.6998],[139.4256,35.7019],[139.4273,35.7036],[139.4295,35.7044],[139.432,35.7017],[139.434,35.701],[139.441,35.7013],[139.4416,35.7004],[139.4449,35.7003],[139.4487,35.7009],[139.4547,35.6954],[139.4594,35.6924],[139.4596,35.6919],[139.4586,35.6923],[139.4582,35.6917],[139.456,35.6913],[139.454,35.6888],[139.4529,35.6836],[139.4515,35.6813],[139.4524,35.6787],[139.4513,35.678],[139.4517,35.6768],[139.4507,35.6767],[139.4512,35.6736],[139.4496,35.6743],[139.4535,35.6716],[139.4528,35.6713],[139.4457,35.6735],[139.4442,35.6726],[139.4451,35.6718],[139.4434,35.6724],[139.4405,35.6717],[139.442,35.6714],[139.4415,35.6707],[139.4372,35.6721],[139.4359,35.6715],[139.4317,35.6727],[139.4298,35.6708],[139.4215,35.6801],[139.4177,35.6826]]]]}},{"type":"Feature","properties":{"code":"132187","name":"福生市","island":false},"geometry":{"type":"MultiPolygon","coordinates":[[[[139.3215,35.7519],[139.3228,35.7526],[139.3221,35.7536],[139.3249,35.7548],[139.3255,35.754],[139.3264,35.7544],[139.3274,35.7529],[139.3289,35.7536],[139.3294,35.7524],[139.3316,35.7531],[139.3319,35.7517],[139.3335,35.7519],[139.3337,35.7511],[139.3378,35.7519],[139.3387,35.7501],[139.3426,35.7498],[139.3423,35.7461],[139.3455,35.7471],[139.3521,35.7412],[139.3533,35.7425],[139.3504,35.7451],[139.3499,35.7477],[139.356,35.7451],[139.3549,35.7428],[139.3587,35.7411],[139.3584,35.7403],[139.3599,35.7396],[139.3588,35.7387],[139.359,35.7373],[139.3529,35.7361],[139.3535,35.7331],[139.3523,35.7326],[139.3531,35.7293],[139.3533,35.728],[139.3541,35.728],[139.3554,35.7255],[139.3529,35.7248],[139.353,35.7235],[139.3516,35.7221],[139.3466,35.7217],[139.3463,35.7209],[139.3416,35.7213],[139.3386,35.7189],[139.3394,35.7174],[139.3389,35.7159],[139.3325,35.7126],[139.3323,35.714],[139.3312,35.7135],[139.3285,35.7237],[139.3286,35.7277],[139.322,35.7327],[139.3202,35.7332],[139.3169,35.7429],[139.3139,35.7471],[139.3175,35.7491],[139.3188,35.7507],[139.3216,35.7504],[139.3215,35.7519]]]]}},{"type":"Feature","properties":{"code":"132195","name":"狛江市","island":false},"geometry":{"type":"MultiPolygon","coordinates":[[[[139.562,35.6326],[139.5634,35.6414],[139.5658,35.6472],[139.5695,35.6478],[139.5699,35.6493],[139.5745,35.6507],[139.5789,35.6487],[139.5806,35.6495],[139.5791,35.6482],[139.5808,35.6473],[139.5828,35.6473],[139.5823,35.6485],[139.5842,35.6487],[139.5843,35.6468],[139.5856,35.6455],[139.5873,35.6465],[139.5879,35.6457],[139.5871,35.6454],[139.587,35.6431],[139.5847,35.6414],[139.5862,35.6371],[139.5877,35.635],[139.5914,35.6331],[139.5913,35.6311],[139.5929,35.6294],[139.5924,35.6275],[139.5941,35.6268],[139.5925,35.6238],[139.5902,35.6245],[139.5896,35.6238],[139.5893,35.6212],[139.5902,35.6184],[139.585,35.621],[139.5765,35.622],[139.5725,35.6237],[139.5679,35.6268],[139.5656,35.6272],[139.5662,35.6295],[139.5627,35.6314],[139.562,35.6326]]]]}},{"type":"Feature","properties":{"code":"132209","name":"東大和市","island":false},"geometry":{"type":"MultiPolygon","coordinates":[[[[139.4083,35.7485],[139.4074,35.7487],[139.4073,35.7522],[139.4096,35.7569],[139.4075,35.7608],[139.405,35.7621],[139.4026,35.7611],[139.3963,35.7628],[139.3935,35.7622],[139.3917,35.7634],[139.3982,35.7643],[139.4005,35.768],[139.4046,35.7691],[139.4129,35.7681],[139.4159,35.7663],[139.4188,35.7659],[139.4202,35.766],[139.4222,35.7678],[139.4276,35.7664],[139.4292,35.767],[139.4316,35.7663],[139.4332,35.7673],[139.4361,35.7671],[139.4384,35.7683],[139.4383,35.7695],[139.4396,35.7692],[139.4408,35.767],[139.44,35.7637],[139.4409,35.7622],[139.4405,35.7603],[139.442,35.7593],[139.4442,35.7557],[139.4462,35.7557],[139.4475,35.7526],[139.4469,35.752],[139.4475,35.7492],[139.4491,35.7496],[139.4485,35.7491],[139.4488,35.7478],[139.4512,35.7465],[139.4507,35.742],[139.4516,35.7413],[139.4515,35.7391],[139.4501,35.7389],[139.451,35.737],[139.4461,35.735],[139.4425,35.7364],[139.4284,35.73],[139.4264,35.7302],[139.4267,35.7315],[139.4232,35.7311],[139.4162,35.7321],[139.4145,35.7328],[139.4136,35.7364],[139.4112,35.7373],[139.4125,35.739],[139.4107,35.7419],[139.4106,35.7478],[139.4083,35.7485]]]]}},{"type":"Feature","properties":{"code":"132217","name":"清瀬市","island":false},"geometry":{"type":"MultiPolygon","coordinates":[[[[139.4972,35.7627],[139.5012,35.7656],[139.5003,35.7695],[139.4988,35.7723],[139.4977,35.7721],[139.4967,35.7756],[139.4968,35.7787],[139.498,35.7812],[139.4994,35.7822],[139.5043,35.7831],[139.5067,35.7828],[139.5085,35.7847],[139.5126,35.7854],[139.514,35.7885],[139.5168,35.789],[139.5203,35.7884],[139.5226,35.7892],[139.5237,35.7903],[139.5231,35.7917],[139.5255,35.7919],[139.5293,35.7941],[139.5369,35.8039],[139.5417,35.8073],[139.5443,35.8066],[139.5453,35.8046],[139.5472,35.8027],[139.5448,35.7968],[139.5373,35.7915],[139.5376,35.7908],[139.5438,35.7882],[139.5437,35.7821],[139.543,35.7798],[139.5334,35.7738],[139.5281,35.7734],[139.5284,35.773],[139.5263,35.7716],[139.5228,35.7719],[139.5163,35.7655],[139.5086,35.762],[139.5048,35.7611],[139.4972,35.7627]]]]}},{"type":"Feature","properties":{"code":"132225","name":"東久留米市","island":false},"geometry":{"type":"MultiPolygon","coordinates":[[[[139.4879,35.75],[139.4907,35.7521],[139.4934,35.7519],[139.4923,35.7529],[139.4939,35.7538],[139.4939,35.7559],[139.4952,35.7565],[139.4948,35.7583],[139.4971,35.7593],[139.5086,35.762],[139.5214,35.7676],[139.5303,35.7683],[139.5477,35.7742],[139.547,35.7603],[139.5448,35.7568],[139.5446,35.7548],[139.5332,35.7446],[139.5284,35.7447],[139.5272,35.7437],[139.5313,35.7403],[139.5232,35.7354],[139.5202,35.7334],[139.5211,35.739],[139.5151,35.7391],[139.5153,35.7412],[139.5143,35.7414],[139.5142,35.7388],[139.513,35.7388],[139.5134,35.7414],[139.5128,35.7414],[139.5126,35.738],[139.5082,35.7384],[139.5078,35.74],[139.5086,35.7413],[139.5067,35.742],[139.5057,35.7403],[139.5068,35.74],[139.5056,35.7321],[139.5044,35.7322],[139.5048,35.7367],[139.504,35.7367],[139.5047,35.741],[139.5033,35.7414],[139.5038,35.7428],[139.4981,35.7459],[139.4982,35.7443],[139.4911,35.7415],[139.4896,35.7449],[139.4879,35.7441],[139.4875,35.7451],[139.4852,35.7438],[139.4845,35.7444],[139.4855,35.7456],[139.4864,35.7455],[139.487,35.747],[139.4864,35.7488],[139.4879,35.75]]]]}},{"type":"Feature","properties":{"code":"132233","name":"武蔵村山市","island":false},"geometry":{"type":"MultiPolygon","coordinates":[[[[139.375,35.7363],[139.3703,35.7374],[139.3695,35.7359],[139.3655,35.7391],[139.3599,35.7396],[139.3584,35.7403],[139.3587,35.7411],[139.3549,35.7428],[139.356,35.7451],[139.3547,35.7456],[139.3564,35.7468],[139.3554,35.747],[139.3554,35.7482],[139.3566,35.7508],[139.3579,35.7501],[139.3575,35.7536],[139.3584,35.7533],[139.359,35.7545],[139.3566,35.7555],[139.3586,35.7558],[139.3581,35.7565],[139.3588,35.7579],[139.3602,35.7587],[139.3609,35.7602],[139.3623,35.7599],[139.3613,35.7614],[139.3638,35.7609],[139.3621,35.7621],[139.3638,35.764],[139.3651,35.7638],[139.3641,35.7645],[139.3656,35.7662],[139.3656,35.7674],[139.3674,35.7678],[139.3671,35.7687],[139.3678,35.769],[139.3671,35.7693],[139.3685,35.7706],[139.3682,35.7742],[139.3699,35.7734],[139.37,35.772],[139.3709,35.7714],[139.3733,35.7713],[139.3733,35.7688],[139.3747,35.7701],[139.3745,35.7671],[139.3757,35.7699],[139.379,35.7712],[139.3797,35.7672],[139.3807,35.766],[139.3851,35.7652],[139.3917,35.7674],[139.3905,35.7638],[139.3929,35.7623],[139.3958,35.7626],[139.4026,35.7611],[139.405,35.7621],[139.4084,35.76],[139.4096,35.7568],[139.4075,35.7532],[139.4074,35.7487],[139.4106,35.7478],[139.4107,35.7419],[139.4125,35.739],[139.4112,35.7374],[139.4136,35.7364],[139.4144,35.733],[139.4095,35.7326],[139.4093,35.7341],[139.4008,35.7335],[139.3991,35.735],[139.3953,35.7335],[139.3881,35.7394],[139.3873,35.7391],[139.3871,35.7412],[139.3836,35.7438],[139.3837,35.7451],[139.3833,35.7427],[139.3849,35.7415],[139.3848,35.7379],[139.3873,35.737],[139.3912,35.7334],[139.3885,35.7337],[139.3839,35.7355],[139.3844,35.7337],[139.3835,35.733],[139.3812,35.7349],[139.3785,35.7335],[139.378,35.7351],[139.375,35.7363]],[[139.3568,35.7459],[139.3564,35.745],[139.3578,35.7444],[139.358,35.745],[139.3568,35.7459]]]]}},{"type":"Feature","properties":{"code":"132241","name":"多摩市","island":false},"geometry":{"type":"MultiPolygon","coordinates":[[[[139.3939,35.6082],[139.4008,35.6146],[139.4013,35.6163],[139.4045,35.6207],[139.4074,35.6213],[139.4079,35.6226],[139.4132,35.6256],[139.4154,35.6255],[139.4173,35.627],[139.419,35.627],[139.4187,35.6278],[139.4198,35.6286],[139.425,35.6299],[139.4267,35.6309],[139.4269,35.632],[139.43,35.6321],[139.4293,35.6351],[139.4269,35.6368],[139.4268,35.638],[139.424,35.6394],[139.4227,35.6411],[139.4203,35.642],[139.4202,35.6431],[139.4177,35.6431],[139.4156,35.6452],[139.415,35.6469],[139.4168,35.6491],[139.4273,35.6437],[139.4277,35.6454],[139.4309,35.6463],[139.4298,35.6474],[139.4331,35.6483],[139.4341,35.6509],[139.4378,35.65],[139.4383,35.6546],[139.4405,35.6562],[139.4392,35.6571],[139.442,35.658],[139.4738,35.6493],[139.4738,35.6468],[139.4729,35.6467],[139.4688,35.6445],[139.469,35.6402],[139.4716,35.6335],[139.4699,35.6325],[139.4688,35.633],[139.4686,35.6316],[139.4645,35.6296],[139.4652,35.6287],[139.4642,35.6245],[139.4622,35.6249],[139.4607,35.6222],[139.4552,35.6181],[139.453,35.6186],[139.4524,35.6158],[139.4507,35.6132],[139.4459,35.6087],[139.4389,35.6101],[139.4362,35.6066],[139.4345,35.6061],[139.4343,35.6047],[139.4339,35.6059],[139.4284,35.6082],[139.4282,35.6061],[139.4262,35.6054],[139.4246,35.607],[139.4231,35.6066],[139.4222,35.6084],[139.4205,35.6098],[139.418,35.6103],[139.417,35.6118],[139.4127,35.6123],[139.4105,35.6101],[139.4082,35.611],[139.4079,35.612],[139.4015,35.6087],[139.4007,35.6104],[139.3986,35.6104],[139.3966,35.6096],[139.3956,35.6082],[139.3939,35.6082]]]]}},{"type":"Feature","properties":{"code":"132250","name":"稲城市","island":false},"geometry":{"type":"MultiPolygon","coordinates":[[[[139.5171,35.6292],[139.5183,35.6292],[139.5183,35.6299],[139.5171,35.6299],[139.5171,35.6292]]],[[[139.5013,35.65],[139.5013,35.6492],[139.5022,35.6491],[139.5033,35.65],[139.5082,35.6511],[139.5126,35.6511],[139.5174,35.649],[139.5254,35.6426],[139.5234,35.6388],[139.5221,35.6375],[139.521,35.6376],[139.5235,35.6324],[139.5173,35.6305],[139.5161,35.6256],[139.5104,35.6233],[139.5093,35.6241],[139.5061,35.6228],[139.5034,35.6229],[139.4994,35.6204],[139.4979,35.6183],[139.4947,35.6173],[139.4944,35.6157],[139.4955,35.6127],[139.5,35.6073],[139.4997,35.6054],[139.4976,35.6049],[139.4956,35.6055],[139.4927,35.6057],[139.4894,35.6043],[139.4879,35.6077],[139.4833,35.6087],[139.4811,35.6102],[139.4797,35.6133],[139.4781,35.6138],[139.4761,35.6131],[139.4768,35.6147],[139.4762,35.6189],[139.4751,35.62],[139.4724,35.6197],[139.4673,35.6208],[139.4655,35.624],[139.4642,35.6245],[139.4652,35.6287],[139.4645,35.6296],[139.4686,35.6316],[139.4688,35.633],[139.4699,35.6325],[139.4716,35.6335],[139.469,35.6402],[139.4688,35.6446],[139.4738,35.6468],[139.474,35.6507],[139.4863,35.6527],[139.489,35.6515],[139.4916,35.6521],[139.499,35.6515],[139.5015,35.6505],[139.5013,35.65]]]]}},{"type":"Feature","properties":{"code":"132276","name":"羽村市","island":false},"geometry":{"type":"MultiPolygon","coordinates":[[[[139.3417,35.7499],[139.3387,35.7501],[139.3378,35.7519],[139.3337,35.7511],[139.3335,35.7519],[139.3319,35.7517],[139.3316,35.7531],[139.3294,35.7524],[139.3289,35.7536],[139.3274,35.7529],[139.3264,35.7544],[139.3255,35.754],[139.3249,35.7548],[139.3221,35.7536],[139.3228,35.7526],[139.3212,35.7517],[139.3216,35.7504],[139.3188,35.7507],[139.3175,35.7491],[139.3139,35.7471],[139.3103,35.7512],[139.3072,35.7521],[139.3026,35.7552],[139.2965,35.7545],[139.2974,35.7601],[139.2966,35.7629],[139.2968,35.7656],[139.2951,35.77],[139.2926,35.773],[139.2921,35.7753],[139.2931,35.7762],[139.2955,35.7777],[139.2976,35.7808],[139.2995,35.7812],[139.3019,35.7799],[139.3025,35.7785],[139.3061,35.7778],[139.3069,35.7767],[139.308,35.7772],[139.3092,35.7757],[139.3114,35.7768],[139.3123,35.7755],[139.3184,35.7784],[139.3207,35.7768],[139.3211,35.7772],[139.3288,35.7713],[139.3315,35.7729],[139.3328,35.771],[139.3336,35.771],[139.3332,35.7676],[139.3364,35.766],[139.335,35.766],[139.3354,35.7651],[139.3348,35.7649],[139.3363,35.7638],[139.3353,35.7632],[139.3361,35.7624],[139.3358,35.7593],[139.3385,35.7569],[139.3384,35.7555],[139.3392,35.7555],[139.3393,35.7544],[139.3404,35.7537],[139.343,35.7538],[139.3426,35.7498],[139.3417,35.7499]]]]}},{"type":"Feature","properties":{"code":"132284","name":"あきる野市","island":false},"geometry":{"type":"MultiPolygon","coordinates":[[[[139.2583,35.758],[139.2557,35.7596],[139.2569,35.7607],[139.2615,35.7598],[139.2643,35.7606],[139.2669,35.76],[139.2693,35.7611],[139.2744,35.7609],[139.2763,35.7617],[139.2875,35.761],[139.2881,35.7596],[139.2908,35.7596],[139.2943,35.7554],[139.2968,35.7544],[139.3026,35.7552],[139.3072,35.7521],[139.3103,35.7512],[139.3168,35.7432],[139.3202,35.7332],[139.322,35.7327],[139.3286,35.7277],[139.3285,35.7237],[139.3312,35.7135],[139.3291,35.7123],[139.3291,35.71],[139.3276,35.7104],[139.3229,35.7163],[139.3196,35.7191],[139.3161,35.7143],[139.3136,35.714],[139.3085,35.7159],[139.3066,35.7127],[139.3047,35.7115],[139.3035,35.7124],[139.304,35.7139],[139.3014,35.7118],[139.2959,35.7114],[139.2941,35.7134],[139.2835,35.7128],[139.2739,35.715],[139.2719,35.7144],[139.2722,35.7126],[139.2711,35.7109],[139.266,35.7098],[139.2609,35.7104],[139.2562,35.7127],[139.2519,35.7123],[139.2496,35.7105],[139.2465,35.7109],[139.2451,35.7133],[139.2432,35.7125],[139.2407,35.7142],[139.2375,35.7132],[139.2356,35.7148],[139.2301,35.7154],[139.2289,35.7163],[139.222,35.7162],[139.2189,35.7169],[139.2172,35.7189],[139.2129,35.7152],[139.2065,35.7124],[139.2044,35.7071],[139.2044,35.7048],[139.2053,35.7032],[139.2049,35.6998],[139.2005,35.6992],[139.2001,35.6983],[139.2008,35.6967],[139.1994,35.6883],[139.1985,35.6878],[139.1978,35.6886],[139.1934,35.6891],[139.1896,35.6876],[139.1843,35.6891],[139.182,35.6881],[139.1788,35.6892],[139.1714,35.6887],[139.1696,35.6898],[139.1697,35.6909],[139.1723,35.6936],[139.1724,35.7009],[139.1703,35.7032],[139.168,35.7041],[139.1653,35.7063],[139.1651,35.7113],[139.1664,35.7141],[139.1657,35.7185],[139.1667,35.7195],[139.1672,35.7221],[139.1669,35.7228],[139.1655,35.7226],[139.1653,35.7271],[139.1662,35.7293],[139.1649,35.7304],[139.1643,35.7325],[139.1659,35.7361],[139.1645,35.7378],[139.1641,35.7413],[139.1564,35.7448],[139.1559,35.7468],[139.1539,35.7487],[139.154,35.7501],[139.1493,35.7542],[139.1474,35.754],[139.1403,35.756],[139.1405,35.7591],[139.1446,35.7602],[139.1472,35.7621],[139.1437,35.7662],[139.1388,35.7682],[139.1362,35.7707],[139.1376,35.7724],[139.1394,35.7721],[139.1423,35.7748],[139.1429,35.7764],[139.1447,35.7769],[139.1464,35.7754],[139.1482,35.7753],[139.1487,35.7789],[139.1517,35.7766],[139.153,35.7741],[139.1542,35.7733],[139.1579,35.7733],[139.1586,35.7779],[139.1612,35.7771],[139.163,35.7782],[139.1666,35.7755],[139.1671,35.7761],[139.179,35.7704],[139.1808,35.7683],[139.1803,35.7655],[139.1815,35.7629],[139.1854,35.7625],[139.1875,35.7611],[139.1892,35.7622],[139.1937,35.7608],[139.198,35.7577],[139.2,35.7581],[139.2043,35.7558],[139.2051,35.7538],[139.209,35.7522],[139.2126,35.7522],[139.2124,35.7484],[139.2148,35.7467],[139.2151,35.7447],[139.2219,35.7432],[139.2236,35.7413],[139.2263,35.74],[139.2326,35.7389],[139.2395,35.7398],[139.2401,35.7391],[139.2432,35.739],[139.2454,35.7366],[139.2581,35.7353],[139.258,35.7345],[139.2619,35.7338],[139.2629,35.7324],[139.2781,35.7337],[139.2836,35.7314],[139.2844,35.7322],[139.2836,35.7377],[139.2847,35.7406],[139.2828,35.7404],[139.2793,35.7421],[139.2792,35.7433],[139.2805,35.7444],[139.2807,35.7471],[139.2799,35.7493],[139.2785,35.7498],[139.2776,35.7523],[139.2755,35.7536],[139.2696,35.7535],[139.2676,35.7548],[139.2621,35.7555],[139.2583,35.758]]]]}},{"type":"Feature","properties":{"code":"132292","name":"西東京市","island":false},"geometry":{"type":"MultiPolygon","coordinates":[[[[139.5215,35.7247],[139.5177,35.7274],[139.5167,35.7306],[139.5211,35.7341],[139.5313,35.7403],[139.5272,35.7437],[139.5284,35.7447],[139.5332,35.7446],[139.5446,35.7548],[139.5468,35.7551],[139.5472,35.7534],[139.552,35.756],[139.5552,35.7557],[139.5562,35.7589],[139.5618,35.7596],[139.5618,35.7611],[139.5628,35.7616],[139.5638,35.7614],[139.5658,35.7568],[139.5678,35.755],[139.5677,35.7532],[139.569,35.7519],[139.5693,35.75],[139.5678,35.7501],[139.5688,35.7476],[139.5668,35.7474],[139.5682,35.7428],[139.5683,35.7381],[139.5673,35.7364],[139.5694,35.7342],[139.5661,35.7273],[139.5653,35.7243],[139.5656,35.7217],[139.559,35.722],[139.5552,35.721],[139.5494,35.7169],[139.5369,35.7113],[139.5294,35.7128],[139.53,35.7175],[139.5269,35.7185],[139.5265,35.7173],[139.5229,35.7176],[139.5231,35.7191],[139.5247,35.7194],[139.5233,35.7232],[139.5215,35.7247]]]]}},{"type":"Feature","properties":{"code":"133035","name":"瑞穂町","island":false},"geometry":{"type":"MultiPolygon","coordinates":[[[[139.3568,35.7459],[139.3582,35.7454],[139.3573,35.7446],[139.3564,35.745],[139.3568,35.7459]]],[[[139.375,35.7687],[139.3744,35.7672],[139.3747,35.7701],[139.3733,35.7688],[139.3733,35.7713],[139.3709,35.7714],[139.37,35.772],[139.3699,35.7734],[139.3682,35.7742],[139.3685,35.7706],[139.3671,35.7693],[139.3678,35.769],[139.3671,35.7687],[139.3674,35.7678],[139.3656,35.7674],[139.3656,35.7662],[139.3641,35.7645],[139.3651,35.7638],[139.3638,35.764],[139.3621,35.7621],[139.3638,35.7609],[139.3613,35.7614],[139.3623,35.7599],[139.3609,35.7602],[139.3602,35.7587],[139.3588,35.7579],[139.3581,35.7565],[139.3586,35.7558],[139.3566,35.7555],[139.359,35.7545],[139.3584,35.7533],[139.3575,35.7536],[139.3579,35.7501],[139.3566,35.7508],[139.3554,35.7482],[139.3554,35.747],[139.3562,35.7472],[139.3563,35.7464],[139.3547,35.7456],[139.3499,35.7477],[139.3504,35.7451],[139.3533,35.7425],[139.3521,35.7412],[139.3455,35.7471],[139.3423,35.7461],[139.3431,35.7537],[139.3393,35.7544],[139.3392,35.7555],[139.3384,35.7555],[139.3385,35.7569],[139.3358,35.7593],[139.3361,35.7624],[139.3353,35.7632],[139.3363,35.7638],[139.3348,35.7649],[139.3354,35.7651],[139.335,35.766],[139.3364,35.766],[139.3332,35.7676],[139.3333,35.771],[139.3315,35.7729],[139.3288,35.7713],[139.3211,35.7772],[139.3241,35.7811],[139.3207,35.7834],[139.3208,35.7883],[139.318,35.7895],[139.3206,35.7899],[139.3228,35.7863],[139.3238,35.7867],[139.3237,35.7875],[139.3217,35.7897],[139.3263,35.787],[139.3301,35.7906],[139.3285,35.7918],[139.3304,35.7936],[139.3328,35.7919],[139.3349,35.7937],[139.3385,35.7946],[139.3429,35.794],[139.3469,35.7964],[139.3479,35.7952],[139.3497,35.7949],[139.3507,35.7933],[139.3567,35.7935],[139.3586,35.793],[139.3598,35.7916],[139.3699,35.7917],[139.3703,35.7909],[139.3687,35.7903],[139.3699,35.7876],[139.3678,35.787],[139.3682,35.7861],[139.3672,35.7856],[139.3677,35.7842],[139.3699,35.7826],[139.3699,35.7815],[139.3714,35.7816],[139.3717,35.7804],[139.373,35.7797],[139.3703,35.7783],[139.3755,35.7805],[139.3799,35.7789],[139.38,35.7769],[139.3815,35.7772],[139.3815,35.7744],[139.38,35.772],[139.376,35.7702],[139.375,35.7687]]]]}},{"type":"Feature","properties":{"code":"133051","name":"日の出町","island":false},"geometry":{"type":"MultiPolygon","coordinates":[[[[139.2499,35.7364],[139.2454,35.7366],[139.2441,35.7388],[139.2401,35.7391],[139.2395,35.7398],[139.2346,35.7388],[139.2265,35.7399],[139.2236,35.7413],[139.2219,35.7432],[139.2206,35.7431],[139.2186,35.7444],[139.2157,35.7444],[139.2148,35.7467],[139.2124,35.7484],[139.2128,35.752],[139.209,35.7522],[139.2051,35.7538],[139.2043,35.7558],[139.2,35.7581],[139.198,35.7577],[139.1937,35.7608],[139.1892,35.7622],[139.1875,35.7611],[139.1854,35.7625],[139.1815,35.7629],[139.1803,35.7655],[139.1808,35.7683],[139.179,35.7704],[139.1671,35.7761],[139.1666,35.7755],[139.163,35.7782],[139.1657,35.7796],[139.1666,35.7809],[139.1719,35.7821],[139.1756,35.7849],[139.1815,35.7875],[139.1862,35.7878],[139.1889,35.7891],[139.1922,35.7892],[139.1943,35.7874],[139.1982,35.7864],[139.1989,35.7845],[139.2009,35.7832],[139.2057,35.7783],[139.2064,35.7784],[139.2094,35.7759],[139.2093,35.7746],[139.2105,35.7732],[139.2143,35.7741],[139.2169,35.7728],[139.2209,35.774],[139.2226,35.7724],[139.2241,35.7729],[139.2259,35.7719],[139.2274,35.772],[139.2283,35.7708],[139.2321,35.7688],[139.2354,35.7694],[139.2381,35.7686],[139.2383,35.767],[139.2456,35.7674],[139.2495,35.7666],[139.2519,35.7645],[139.2543,35.764],[139.2553,35.762],[139.2569,35.761],[139.2559,35.7594],[139.2619,35.7556],[139.2676,35.7548],[139.2696,35.7535],[139.2755,35.7536],[139.2776,35.7523],[139.2785,35.7498],[139.2799,35.7493],[139.2807,35.7471],[139.2805,35.7444],[139.2792,35.7433],[139.2793,35.7421],[139.2828,35.7404],[139.2847,35.7406],[139.2836,35.7377],[139.284,35.7315],[139.2781,35.7337],[139.2629,35.7324],[139.2619,35.7338],[139.258,35.7345],[139.2581,35.7353],[139.2499,35.7364]]]]}},{"type":"Feature","properties":{"code":"133078","name":"檜原村","island":false},"geometry":{"type":"MultiPolygon","coordinates":[[[[139.0401,35.7514],[139.0427,35.7551],[139.0429,35.7576],[139.0458,35.758],[139.0482,35.7599],[139.0543,35.7599],[139.0578,35.7642],[139.0609,35.7641],[139.0636,35.7656],[139.0668,35.7658],[139.0733,35.7697],[139.075,35.772],[139.0817,35.7699],[139.0868,35.7712],[139.0885,35.7702],[139.0932,35.7699],[139.0948,35.7713],[139.0954,35.7747],[139.0966,35.7759],[139.1053,35.7791],[139.1075,35.7768],[139.1138,35.7739],[139.1168,35.7716],[139.1228,35.7695],[139.1252,35.7675],[139.1282,35.767],[139.1307,35.7651],[139.1327,35.7662],[139.1361,35.7703],[139.1391,35.768],[139.1437,35.7662],[139.1472,35.7621],[139.1446,35.7602],[139.1405,35.7591],[139.1399,35.7576],[139.1406,35.7555],[139.1493,35.7542],[139.154,35.7501],[139.1539,35.7487],[139.1559,35.7468],[139.1564,35.7448],[139.1641,35.7413],[139.1645,35.7378],[139.1659,35.7361],[139.1643,35.7325],[139.1649,35.7304],[139.1662,35.7293],[139.1653,35.7271],[139.1655,35.7226],[139.1669,35.7228],[139.1673,35.7219],[139.1657,35.7185],[139.1664,35.7141],[139.1651,35.7113],[139.1653,35.7063],[139.1722,35.7016],[139.1721,35.6949],[139.1719,35.6928],[139.1696,35.69],[139.1716,35.6884],[139.1711,35.6859],[139.1718,35.6841],[139.1708,35.6835],[139.17,35.6801],[139.1679,35.6768],[139.166,35.6752],[139.1647,35.6703],[139.1617,35.6679],[139.1536,35.666],[139.1466,35.667],[139.1431,35.669],[139.1428,35.67],[139.1389,35.6705],[139.1367,35.6724],[139.1335,35.6729],[139.1311,35.672],[139.1277,35.6763],[139.1248,35.6777],[139.1233,35.6775],[139.1195,35.6803],[139.1165,35.6838],[139.1126,35.685],[139.1083,35.6897],[139.1059,35.691],[139.0974,35.6923],[139.0957,35.6911],[139.0931,35.6915],[139.0921,35.6906],[139.0844,35.6931],[139.082,35.6956],[139.0782,35.6957],[139.0763,35.6949],[139.0722,35.6954],[139.0706,35.6976],[139.0667,35.6984],[139.0653,35.6978],[139.0627,35.7007],[139.0521,35.7048],[139.0507,35.7074],[139.0484,35.708],[139.0474,35.7092],[139.0436,35.7095],[139.039,35.7111],[139.0348,35.715],[139.0323,35.7162],[139.0297,35.7164],[139.0268,35.7182],[139.0225,35.722],[139.0209,35.7273],[139.0138,35.735],[139.0126,35.739],[139.0146,35.7386],[139.0219,35.7402],[139.0268,35.7422],[139.0282,35.7445],[139.0318,35.7443],[139.0349,35.7424],[139.0399,35.7445],[139.0414,35.7462],[139.0397,35.7501],[139.0401,35.7514]]]]}},{"type":"Feature","properties":{"code":"133086","name":"奥多摩町","island":false},"geometry":{"type":"MultiPolygon","coordinates":[[[[138.9439,35.8548],[138.9429,35.8602],[138.9466,35.8645],[138.9451,35.8679],[138.9499,35.8695],[138.9545,35.8749],[138.9652,35.8778],[138.9678,35.8822],[138.973,35.8821],[138.9789,35.885],[138.9856,35.8812],[138.9888,35.8811],[138.9946,35.8833],[138.9959,35.8844],[139.0009,35.884],[139.0067,35.8896],[139.0073,35.8942],[139.0103,35.8972],[139.0134,35.8983],[139.0184,35.8984],[139.0209,35.8972],[139.024,35.8973],[139.0293,35.8929],[139.0374,35.8892],[139.0403,35.8863],[139.0429,35.8856],[139.0483,35.8812],[139.05,35.8788],[139.058,35.8774],[139.0593,35.8749],[139.0647,35.8728],[139.0722,35.8716],[139.0761,35.8748],[139.08,35.8753],[139.0825,35.8749],[139.0917,35.869],[139.0945,35.8695],[139.0991,35.8687],[139.1014,35.8657],[139.1027,35.8666],[139.1097,35.8657],[139.1117,35.8647],[139.1144,35.8654],[139.1158,35.8645],[139.1193,35.8643],[139.1274,35.8656],[139.1319,35.8644],[139.1354,35.8654],[139.1418,35.8633],[139.1476,35.8627],[139.1533,35.8593],[139.1594,35.8571],[139.1635,35.8509],[139.1627,35.8491],[139.1664,35.8446],[139.1661,35.843],[139.1697,35.8404],[139.172,35.84],[139.1743,35.8379],[139.175,35.8363],[139.1774,35.8351],[139.1769,35.8331],[139.1784,35.8306],[139.1752,35.8271],[139.1774,35.8204],[139.1742,35.8131],[139.1756,35.8069],[139.1731,35.8064],[139.1717,35.8051],[139.1715,35.8035],[139.1673,35.8017],[139.1648,35.8016],[139.1594,35.7985],[139.1563,35.7986],[139.1501,35.7966],[139.1468,35.7926],[139.1477,35.7907],[139.1466,35.7877],[139.1473,35.787],[139.1474,35.7861],[139.1465,35.7858],[139.1478,35.782],[139.1427,35.781],[139.1405,35.779],[139.1374,35.7783],[139.1376,35.7724],[139.1328,35.7664],[139.1308,35.7651],[139.1282,35.767],[139.1252,35.7675],[139.123,35.7694],[139.1168,35.7716],[139.1138,35.7739],[139.1097,35.7755],[139.1075,35.7768],[139.1059,35.7791],[139.1034,35.7787],[139.0966,35.7759],[139.0954,35.7747],[139.0948,35.7713],[139.0932,35.7699],[139.0885,35.7702],[139.0868,35.7712],[139.0817,35.7699],[139.075,35.772],[139.0733,35.7697],[139.0668,35.7658],[139.0636,35.7656],[139.0609,35.7641],[139.0578,35.7642],[139.0543,35.7599],[139.0482,35.7599],[139.0458,35.758],[139.0429,35.7576],[139.0427,35.7551],[139.0397,35.7503],[139.0414,35.7461],[139.0399,35.7445],[139.0354,35.7425],[139.0318,35.7443],[139.0282,35.7445],[139.0268,35.7422],[139.0219,35.7402],[139.0123,35.7387],[139.0052,35.749],[139.0052,35.7505],[139.0004,35.7505],[138.9926,35.7554],[138.9928,35.7576],[138.9911,35.7594],[138.9894,35.7635],[138.9844,35.7678],[138.9837,35.7722],[138.9853,35.7744],[138.9864,35.7823],[138.9847,35.7838],[138.9849,35.7856],[138.9817,35.7871],[138.9795,35.7871],[138.9767,35.7892],[138.9761,35.7919],[138.9771,35.7928],[138.9718,35.799],[138.9712,35.8037],[138.9702,35.8049],[138.9709,35.8094],[138.9722,35.8115],[138.9718,35.8144],[138.9696,35.8162],[138.9697,35.8245],[138.9705,35.8274],[138.9698,35.8312],[138.9627,35.8294],[138.9533,35.8365],[138.9475,35.8427],[138.9485,35.8495],[138.9461,35.8537],[138.9439,35.8548]]]]}},{"type":"Feature","properties":{"code":"133612","name":"大島町","island":true},"geometry":{"type":"MultiPolygon","coordinates":[[[[139.3967,34.6832],[139.3969,34.6832],[139.3969,34.6836],[139.3967,34.6836],[139.3967,34.6832]]],[[[139.4299,34.6782],[139.4307,34.6782],[139.4307,34.6785],[139.4299,34.6785],[139.4299,34.6782]]],[[[139.4304,34.6784],[139.4309,34.6784],[139.4309,34.6785],[139.4304,34.6785],[139.4304,34.6784]]],[[[139.4307,34.6782],[139.4312,34.6782],[139.4312,34.6784],[139.4307,34.6784],[139.4307,34.6782]]],[[[139.3965,34.6836],[139.3967,34.6836],[139.3967,34.6836],[139.3965,34.6836],[139.3965,34.6836]]],[[[139.3966,34.6836],[139.3967,34.6836],[139.3967,34.6837],[139.3966,34.6837],[139.3966,34.6836]]],[[[139.3966,34.6832],[139.3967,34.6832],[139.3967,34.6833],[139.3966,34.6833],[139.3966,34.6832]]],[[[139.3966,34.6834],[139.3967,34.6834],[139.3967,34.6835],[139.3966,34.6835],[139.3966,34.6834]]],[[[139.3696,34.6998],[139.3696,34.6998],[139.3696,34.6998],[139.3696,34.6998],[139.3696,34.6998]]],[[[139.3696,34.6997],[139.3697,34.6997],[139.3697,34.6998],[139.3696,34.6998],[139.3696,34.6997]]],[[[139.3582,34.7021],[139.3584,34.7021],[139.3584,34.7024],[139.3582,34.7024],[139.3582,34.7021]]],[[[139.3626,34.701],[139.3628,34.701],[139.3628,34.7012],[139.3626,34.7012],[139.3626,34.701]]],[[[139.3617,34.7012],[139.3621,34.7012],[139.3621,34.7015],[139.3617,34.7015],[139.3617,34.7012]]],[[[139.3623,34.7011],[139.3624,34.7011],[139.3624,34.7013],[139.3623,34.7013],[139.3623,34.7011]]],[[[139.3624,34.7013],[139.3625,34.7013],[139.3625,34.7014],[139.3624,34.7014],[139.3624,34.7013]]],[[[139.3642,34.7005],[139.3643,34.7005],[139.3643,34.7006],[139.3642,34.7006],[139.3642,34.7005]]],[[[139.3645,34.7004],[139.3646,34.7004],[139.3646,34.7005],[139.3645,34.7005],[139.3645,34.7004]]],[[[139.367,34.7],[139.3672,34.7],[139.3672,34.7003],[139.367,34.7003],[139.367,34.7]]],[[[139.3678,34.6996],[139.368,34.6996],[139.368,34.6997],[139.3678,34.6997],[139.3678,34.6996]]],[[[139.3681,34.6994],[139.3683,34.6994],[139.3683,34.6996],[139.3681,34.6996],[139.3681,34.6994]]],[[[139.3694,34.6998],[139.3695,34.6998],[139.3695,34.6999],[139.3694,34.6999],[139.3694,34.6998]]],[[[139.3703,34.6996],[139.3705,34.6996],[139.3705,34.6998],[139.3703,34.6998],[139.3703,34.6996]]],[[[139.3764,34.6957],[139.3765,34.6957],[139.3765,34.6958],[139.3764,34.6958],[139.3764,34.6957]]],[[[139.3851,34.6913],[139.3852,34.6913],[139.3852,34.6913],[139.3851,34.6913],[139.3851,34.6913]]],[[[139.3846,34.692],[139.3847,34.692],[139.3847,34.692],[139.3846,34.692],[139.3846,34.692]]],[[[139.384,34.6926],[139.3842,34.6926],[139.3842,34.6927],[139.384,34.6927],[139.384,34.6926]]],[[[139.385,34.692],[139.385,34.692],[139.385,34.6921],[139.385,34.6921],[139.385,34.692]]],[[[139.3971,34.6833],[139.3972,34.6833],[139.3972,34.6834],[139.3971,34.6834],[139.3971,34.6833]]],[[[139.3971,34.6834],[139.3973,34.6834],[139.3973,34.6835],[139.3971,34.6835],[139.3971,34.6834]]],[[[139.3967,34.6837],[139.3968,34.6837],[139.3968,34.6838],[139.3967,34.6838],[139.3967,34.6837]]],[[[139.3968,34.6837],[139.3969,34.6837],[139.3969,34.6839],[139.3968,34.6839],[139.3968,34.6837]]],[[[139.3971,34.6835],[139.3972,34.6835],[139.3972,34.6836],[139.3971,34.6836],[139.3971,34.6835]]],[[[139.3973,34.6835],[139.3974,34.6835],[139.3974,34.6835],[139.3973,34.6835],[139.3973,34.6835]]],[[[139.3979,34.6835],[139.398,34.6835],[139.398,34.6836],[139.3979,34.6836],[139.3979,34.6835]]],[[[139.3978,34.6836],[139.3979,34.6836],[139.3979,34.6838],[139.3978,34.6838],[139.3978,34.6836]]],[[[139.3983,34.6836],[139.3984,34.6836],[139.3984,34.6837],[139.3983,34.6837],[139.3983,34.6836]]],[[[139.3995,34.6824],[139.3997,34.6824],[139.3997,34.6826],[139.3995,34.6826],[139.3995,34.6824]]],[[[139.3985,34.6836],[139.3986,34.6836],[139.3986,34.6837],[139.3985,34.6837],[139.3985,34.6836]]],[[[139.3988,34.6837],[139.3988,34.6837],[139.3988,34.6838],[139.3988,34.6838],[139.3988,34.6837]]],[[[139.3991,34.6837],[139.3992,34.6837],[139.3992,34.6838],[139.3991,34.6838],[139.3991,34.6837]]],[[[139.3996,34.6837],[139.3996,34.6837],[139.3996,34.6837],[139.3996,34.6837],[139.3996,34.6837]]],[[[139.3997,34.6836],[139.3998,34.6836],[139.3998,34.6837],[139.3997,34.6837],[139.3997,34.6836]]],[[[139.3997,34.6838],[139.3998,34.6838],[139.3998,34.6839],[139.3997,34.6839],[139.3997,34.6838]]],[[[139.3998,34.6837],[139.3998,34.6837],[139.3998,34.6838],[139.3998,34.6838],[139.3998,34.6837]]],[[[139.3998,34.6837],[139.3999,34.6837],[139.3999,34.6838],[139.3998,34.6838],[139.3998,34.6837]]],[[[139.3999,34.6837],[139.4,34.6837],[139.4,34.6837],[139.3999,34.6837],[139.3999,34.6837]]],[[[139.4001,34.6824],[139.4001,34.6824],[139.4001,34.6824],[139.4001,34.6824],[139.4001,34.6824]]],[[[139.4001,34.6825],[139.4002,34.6825],[139.4002,34.6826],[139.4001,34.6826],[139.4001,34.6825]]],[[[139.4001,34.6829],[139.4002,34.6829],[139.4002,34.6829],[139.4001,34.6829],[139.4001,34.6829]]],[[[139.4008,34.6823],[139.4008,34.6823],[139.4008,34.6823],[139.4008,34.6823],[139.4008,34.6823]]],[[[139.4013,34.6818],[139.4014,34.6818],[139.4014,34.6819],[139.4013,34.6819],[139.4013,34.6818]]],[[[139.4013,34.6819],[139.4014,34.6819],[139.4014,34.682],[139.4013,34.682],[139.4013,34.6819]]],[[[139.4008,34.6822],[139.4009,34.6822],[139.4009,34.6823],[139.4008,34.6823],[139.4008,34.6822]]],[[[139.401,34.6821],[139.4011,34.6821],[139.4011,34.6822],[139.401,34.6822],[139.401,34.6821]]],[[[139.4015,34.6819],[139.4016,34.6819],[139.4016,34.682],[139.4015,34.682],[139.4015,34.6819]]],[[[139.4017,34.6819],[139.4019,34.6819],[139.4019,34.6819],[139.4017,34.6819],[139.4017,34.6819]]],[[[139.4021,34.6818],[139.4022,34.6818],[139.4022,34.6818],[139.4021,34.6818],[139.4021,34.6818]]],[[[139.4021,34.6819],[139.4022,34.6819],[139.4022,34.6819],[139.4021,34.6819],[139.4021,34.6819]]],[[[139.4023,34.6819],[139.4023,34.6819],[139.4023,34.682],[139.4023,34.682],[139.4023,34.6819]]],[[[139.4023,34.6818],[139.4024,34.6818],[139.4024,34.6819],[139.4023,34.6819],[139.4023,34.6818]]],[[[139.4023,34.682],[139.4024,34.682],[139.4024,34.6821],[139.4023,34.6821],[139.4023,34.682]]],[[[139.4024,34.682],[139.4025,34.682],[139.4025,34.682],[139.4024,34.682],[139.4024,34.682]]],[[[139.4025,34.682],[139.4026,34.682],[139.4026,34.6821],[139.4025,34.6821],[139.4025,34.682]]],[[[139.4026,34.682],[139.4026,34.682],[139.4026,34.682],[139.4026,34.682],[139.4026,34.682]]],[[[139.4036,34.6819],[139.4038,34.6819],[139.4038,34.6821],[139.4036,34.6821],[139.4036,34.6819]]],[[[139.4036,34.6822],[139.4037,34.6822],[139.4037,34.6823],[139.4036,34.6823],[139.4036,34.6822]]],[[[139.4053,34.6815],[139.4054,34.6815],[139.4054,34.6816],[139.4053,34.6816],[139.4053,34.6815]]],[[[139.4054,34.6816],[139.4055,34.6816],[139.4055,34.6817],[139.4054,34.6817],[139.4054,34.6816]]],[[[139.4092,34.6803],[139.4095,34.6803],[139.4095,34.6805],[139.4092,34.6805],[139.4092,34.6803]]],[[[139.4095,34.6803],[139.4097,34.6803],[139.4097,34.6804],[139.4095,34.6804],[139.4095,34.6803]]],[[[139.4238,34.6816],[139.4239,34.6816],[139.4239,34.6819],[139.4238,34.6819],[139.4238,34.6816]]],[[[139.4239,34.6816],[139.424,34.6816],[139.424,34.6819],[139.4239,34.6819],[139.4239,34.6816]]],[[[139.4299,34.6781],[139.43,34.6781],[139.43,34.6782],[139.4299,34.6782],[139.4299,34.6781]]],[[[139.4056,34.6815],[139.4058,34.6815],[139.4058,34.6816],[139.4056,34.6816],[139.4056,34.6815]]],[[[139.405,34.682],[139.4051,34.682],[139.4051,34.682],[139.405,34.682],[139.405,34.682]]],[[[139.4052,34.6818],[139.4053,34.6818],[139.4053,34.6818],[139.4052,34.6818],[139.4052,34.6818]]],[[[139.4051,34.6819],[139.4052,34.6819],[139.4052,34.682],[139.4051,34.682],[139.4051,34.6819]]],[[[139.4052,34.6819],[139.4053,34.6819],[139.4053,34.6819],[139.4052,34.6819],[139.4052,34.6819]]],[[[139.4053,34.6817],[139.4054,34.6817],[139.4054,34.6818],[139.4053,34.6818],[139.4053,34.6817]]],[[[139.4293,34.6792],[139.4294,34.6792],[139.4294,34.6793],[139.4293,34.6793],[139.4293,34.6792]]],[[[139.4292,34.6795],[139.4294,34.6795],[139.4294,34.6796],[139.4292,34.6796],[139.4292,34.6795]]],[[[139.4295,34.6792],[139.4296,34.6792],[139.4296,34.6792],[139.4295,34.6792],[139.4295,34.6792]]],[[[139.4237,34.6817],[139.4237,34.6817],[139.4237,34.6818],[139.4237,34.6818],[139.4237,34.6817]]],[[[139.43,34.678],[139.4304,34.678],[139.4304,34.6781],[139.43,34.6781],[139.43,34.678]]],[[[139.4298,34.6789],[139.4299,34.6789],[139.4299,34.679],[139.4298,34.679],[139.4298,34.6789]]],[[[139.4401,34.6796],[139.4401,34.6796],[139.4401,34.6797],[139.4401,34.6797],[139.4401,34.6796]]],[[[139.4401,34.6796],[139.4401,34.6796],[139.4401,34.6797],[139.4401,34.6797],[139.4401,34.6796]]],[[[139.4306,34.678],[139.4307,34.678],[139.4307,34.678],[139.4306,34.678],[139.4306,34.678]]],[[[139.4308,34.678],[139.431,34.678],[139.431,34.6781],[139.4308,34.6781],[139.4308,34.678]]],[[[139.4311,34.6781],[139.4312,34.6781],[139.4312,34.6781],[139.4311,34.6781],[139.4311,34.6781]]],[[[139.4313,34.6782],[139.4314,34.6782],[139.4314,34.6783],[139.4313,34.6783],[139.4313,34.6782]]],[[[139.4313,34.6783],[139.4314,34.6783],[139.4314,34.6784],[139.4313,34.6784],[139.4313,34.6783]]],[[[139.4315,34.6782],[139.4315,34.6782],[139.4315,34.6783],[139.4315,34.6783],[139.4315,34.6782]]],[[[139.4314,34.6784],[139.4315,34.6784],[139.4315,34.6785],[139.4314,34.6785],[139.4314,34.6784]]],[[[139.4323,34.6782],[139.4324,34.6782],[139.4324,34.6784],[139.4323,34.6784],[139.4323,34.6782]]],[[[139.4378,34.6784],[139.4378,34.6784],[139.4378,34.6784],[139.4378,34.6784],[139.4378,34.6784]]],[[[139.4379,34.6785],[139.4379,34.6785],[139.4379,34.6785],[139.4379,34.6785],[139.4379,34.6785]]],[[[139.438,34.6784],[139.4381,34.6784],[139.4381,34.6785],[139.438,34.6785],[139.438,34.6784]]],[[[139.44,34.6795],[139.4401,34.6795],[139.4401,34.6795],[139.44,34.6795],[139.44,34.6795]]],[[[139.4401,34.6796],[139.4402,34.6796],[139.4402,34.6796],[139.4401,34.6796],[139.4401,34.6796]]],[[[139.389,34.6883],[139.3891,34.6883],[139.3891,34.6884],[139.389,34.6884],[139.389,34.6883]]],[[[139.3891,34.6884],[139.3892,34.6884],[139.3892,34.6885],[139.3891,34.6885],[139.3891,34.6884]]],[[[139.39,34.6874],[139.3902,34.6874],[139.3902,34.6875],[139.39,34.6875],[139.39,34.6874]]],[[[139.391,34.6874],[139.3911,34.6874],[139.3911,34.6875],[139.391,34.6875],[139.391,34.6874]]],[[[139.3931,34.687],[139.3931,34.687],[139.3931,34.687],[139.3931,34.687],[139.3931,34.687]]],[[[139.3858,34.6899],[139.3859,34.6899],[139.3859,34.69],[139.3858,34.69],[139.3858,34.6899]]],[[[139.3859,34.6902],[139.3859,34.6902],[139.3859,34.6903],[139.3859,34.6903],[139.3859,34.6902]]],[[[139.386,34.69],[139.3861,34.69],[139.3861,34.6901],[139.386,34.6901],[139.386,34.69]]],[[[139.386,34.6903],[139.386,34.6903],[139.386,34.6903],[139.386,34.6903],[139.386,34.6903]]],[[[139.386,34.6904],[139.386,34.6904],[139.386,34.6904],[139.386,34.6904],[139.386,34.6904]]],[[[139.3863,34.69],[139.3863,34.69],[139.3863,34.6901],[139.3863,34.6901],[139.3863,34.69]]],[[[139.3862,34.6901],[139.3863,34.6901],[139.3863,34.6902],[139.3862,34.6902],[139.3862,34.6901]]],[[[139.3864,34.69],[139.3864,34.69],[139.3864,34.69],[139.3864,34.69],[139.3864,34.69]]],[[[139.3877,34.6888],[139.3878,34.6888],[139.3878,34.6888],[139.3877,34.6888],[139.3877,34.6888]]],[[[139.3879,34.6888],[139.388,34.6888],[139.388,34.6888],[139.3879,34.6888],[139.3879,34.6888]]],[[[139.388,34.689],[139.3881,34.689],[139.3881,34.689],[139.388,34.689],[139.388,34.689]]],[[[139.3883,34.6889],[139.3884,34.6889],[139.3884,34.689],[139.3883,34.689],[139.3883,34.6889]]],[[[139.3885,34.6889],[139.3885,34.6889],[139.3885,34.6889],[139.3885,34.6889],[139.3885,34.6889]]],[[[139.3882,34.689],[139.3883,34.689],[139.3883,34.6891],[139.3882,34.6891],[139.3882,34.689]]],[[[139.3897,34.6875],[139.3899,34.6875],[139.3899,34.6877],[139.3897,34.6877],[139.3897,34.6875]]],[[[139.4401,34.6803],[139.4402,34.6803],[139.4402,34.6804],[139.4401,34.6804],[139.4401,34.6803]]],[[[139.4402,34.6802],[139.4403,34.6802],[139.4403,34.6803],[139.4402,34.6803],[139.4402,34.6802]]],[[[139.4402,34.6803],[139.4403,34.6803],[139.4403,34.6804],[139.4402,34.6804],[139.4402,34.6803]]],[[[139.437521868,34.685606721],[139.437781375,34.685722369],[139.437797639,34.68569664],[139.437538444,34.685582387],[139.437521868,34.685606721]]],[[[139.4446,34.6822],[139.4456,34.6822],[139.4456,34.6835],[139.4446,34.6835],[139.4446,34.6822]]],[[[139.4444,34.6885],[139.4447,34.6885],[139.4447,34.6886],[139.4444,34.6886],[139.4444,34.6885]]],[[[139.4445,34.6887],[139.4446,34.6887],[139.4446,34.6887],[139.4445,34.6887],[139.4445,34.6887]]],[[[139.4447,34.7023],[139.4449,34.7023],[139.4449,34.7024],[139.4447,34.7024],[139.4447,34.7023]]],[[[139.445,34.7021],[139.4452,34.7021],[139.4452,34.7022],[139.445,34.7022],[139.445,34.7021]]],[[[139.4461,34.6901],[139.4461,34.6901],[139.4461,34.6901],[139.4461,34.6901],[139.4461,34.6901]]],[[[139.4462,34.6904],[139.4462,34.6904],[139.4462,34.6904],[139.4462,34.6904],[139.4462,34.6904]]],[[[139.4461,34.6904],[139.4461,34.6904],[139.4461,34.6904],[139.4461,34.6904],[139.4461,34.6904]]],[[[139.4463,34.6904],[139.4464,34.6904],[139.4464,34.6905],[139.4463,34.6905],[139.4463,34.6904]]],[[[139.4478,34.6942],[139.4482,34.6942],[139.4482,34.6947],[139.4478,34.6947],[139.4478,34.6942]]],[[[139.4488,34.6947],[139.4493,34.6947],[139.4493,34.6949],[139.4488,34.6949],[139.4488,34.6947]]],[[[139.446,34.7009],[139.4461,34.7009],[139.4461,34.7009],[139.446,34.7009],[139.446,34.7009]]],[[[139.4462,34.7009],[139.4463,34.7009],[139.4463,34.7009],[139.4462,34.7009],[139.4462,34.7009]]],[[[139.4463,34.7005],[139.4464,34.7005],[139.4464,34.7006],[139.4463,34.7006],[139.4463,34.7005]]],[[[139.4453,34.7019],[139.4456,34.7019],[139.4456,34.702],[139.4453,34.702],[139.4453,34.7019]]],[[[139.4455,34.7023],[139.4456,34.7023],[139.4456,34.7024],[139.4455,34.7024],[139.4455,34.7023]]],[[[139.3942,34.6861],[139.3943,34.6861],[139.3943,34.6862],[139.3942,34.6862],[139.3942,34.6861]]],[[[139.3941,34.6869],[139.3942,34.6869],[139.3942,34.687],[139.3941,34.687],[139.3941,34.6869]]],[[[139.3955,34.6835],[139.3955,34.6835],[139.3955,34.6836],[139.3955,34.6836],[139.3955,34.6835]]],[[[139.3957,34.6834],[139.3958,34.6834],[139.3958,34.6835],[139.3957,34.6835],[139.3957,34.6834]]],[[[139.3959,34.6835],[139.396,34.6835],[139.396,34.6836],[139.3959,34.6836],[139.3959,34.6835]]],[[[139.3963,34.6836],[139.3964,34.6836],[139.3964,34.6836],[139.3963,34.6836],[139.3963,34.6836]]],[[[139.3948,34.6845],[139.3949,34.6845],[139.3949,34.6845],[139.3948,34.6845],[139.3948,34.6845]]],[[[139.3949,34.6845],[139.395,34.6845],[139.395,34.6846],[139.3949,34.6846],[139.3949,34.6845]]],[[[139.3954,34.6838],[139.3955,34.6838],[139.3955,34.6839],[139.3954,34.6839],[139.3954,34.6838]]],[[[139.3955,34.6836],[139.3958,34.6836],[139.3958,34.6838],[139.3955,34.6838],[139.3955,34.6836]]],[[[139.3956,34.6843],[139.3956,34.6843],[139.3956,34.6843],[139.3956,34.6843],[139.3956,34.6843]]],[[[139.396,34.6836],[139.3961,34.6836],[139.3961,34.6837],[139.396,34.6837],[139.396,34.6836]]],[[[139.3962,34.6837],[139.3962,34.6837],[139.3962,34.6838],[139.3962,34.6838],[139.3962,34.6837]]],[[[139.3945,34.6856],[139.3946,34.6856],[139.3946,34.6857],[139.3945,34.6857],[139.3945,34.6856]]],[[[139.3947,34.6856],[139.3947,34.6856],[139.3947,34.6856],[139.3947,34.6856],[139.3947,34.6856]]],[[[139.3947,34.6857],[139.3948,34.6857],[139.3948,34.6858],[139.3947,34.6858],[139.3947,34.6857]]],[[[139.375,34.6976],[139.3741,34.6973],[139.3726,34.6996],[139.3684,34.7002],[139.3681,34.6996],[139.3677,34.7006],[139.3643,34.7006],[139.3622,34.702],[139.3608,34.7012],[139.3612,34.702],[139.3602,34.7015],[139.3602,34.7023],[139.3592,34.7021],[139.3583,34.701],[139.361,34.7103],[139.357,34.714],[139.3561,34.7157],[139.3536,34.7171],[139.3525,34.719],[139.3521,34.725],[139.3532,34.7271],[139.3528,34.7317],[139.3538,34.7336],[139.3531,34.7318],[139.3539,34.7315],[139.3546,34.7326],[139.354,34.7329],[139.355,34.7326],[139.3568,34.7349],[139.3568,34.739],[139.3561,34.7399],[139.3569,34.7419],[139.3552,34.7443],[139.3535,34.7448],[139.3528,34.7469],[139.3513,34.7472],[139.3524,34.7481],[139.3518,34.747],[139.3531,34.7474],[139.3525,34.7515],[139.3486,34.7518],[139.3516,34.7521],[139.352,34.7535],[139.351,34.7541],[139.3517,34.7542],[139.3513,34.7553],[139.3499,34.7557],[139.3508,34.7565],[139.3491,34.759],[139.3488,34.7657],[139.3512,34.767],[139.3513,34.7685],[139.3521,34.7692],[139.3511,34.7702],[139.3515,34.7717],[139.3495,34.7746],[139.35,34.7757],[139.3492,34.7786],[139.3499,34.7798],[139.3496,34.7828],[139.3506,34.7841],[139.3527,34.7847],[139.354,34.7901],[139.3572,34.7918],[139.3588,34.7932],[139.3593,34.795],[139.36,34.795],[139.36,34.7965],[139.3608,34.7969],[139.3605,34.7991],[139.3635,34.7985],[139.3676,34.7963],[139.3728,34.7983],[139.3766,34.7944],[139.3805,34.7943],[139.3826,34.791],[139.3884,34.789],[139.3895,34.79],[139.3887,34.7893],[139.3899,34.7886],[139.3916,34.7892],[139.3895,34.7895],[139.3917,34.7897],[139.3893,34.7916],[139.3885,34.7928],[139.3894,34.7931],[139.3932,34.7896],[139.3975,34.788],[139.4008,34.7885],[139.4027,34.7871],[139.4057,34.7876],[139.4083,34.7861],[139.4132,34.7869],[139.4127,34.786],[139.4143,34.7839],[139.415,34.784],[139.4147,34.7853],[139.4152,34.7834],[139.4162,34.7836],[139.4162,34.7829],[139.4183,34.7817],[139.4227,34.7814],[139.4248,34.7794],[139.4247,34.7787],[139.427,34.7775],[139.4267,34.7769],[139.4328,34.7727],[139.4342,34.7704],[139.4358,34.7701],[139.4353,34.7693],[139.4368,34.7676],[139.4372,34.7648],[139.441,34.7562],[139.4415,34.7553],[139.4406,34.7547],[139.4407,34.7525],[139.4421,34.7513],[139.4433,34.7478],[139.4455,34.7477],[139.4476,34.7453],[139.4493,34.7403],[139.4482,34.7398],[139.4485,34.738],[139.4477,34.738],[139.4476,34.7371],[139.4443,34.7343],[139.4439,34.732],[139.445,34.7307],[139.4455,34.7282],[139.4448,34.7251],[139.4456,34.7236],[139.4465,34.7235],[139.4462,34.7223],[139.449,34.7199],[139.4488,34.7173],[139.4496,34.7153],[139.4483,34.7125],[139.4445,34.7102],[139.4436,34.7036],[139.4459,34.7006],[139.4494,34.6984],[139.45,34.6965],[139.4472,34.6941],[139.4458,34.6898],[139.4444,34.689],[139.4447,34.6845],[139.4426,34.6843],[139.4393,34.6854],[139.4388,34.6867],[139.4393,34.6876],[139.4379,34.6887],[139.4364,34.6875],[139.4373,34.6855],[139.4384,34.6853],[139.4403,34.6828],[139.4405,34.6833],[139.4402,34.6824],[139.4408,34.682],[139.4402,34.6816],[139.4428,34.6812],[139.4404,34.6811],[139.4401,34.6797],[139.4387,34.6787],[139.4343,34.6779],[139.4319,34.6792],[139.4301,34.6787],[139.4288,34.681],[139.4269,34.6809],[139.426,34.6824],[139.4244,34.6829],[139.4238,34.6819],[139.4215,34.6825],[139.4145,34.6807],[139.4132,34.6809],[139.4151,34.6815],[139.4129,34.6818],[139.4099,34.6806],[139.4067,34.6811],[139.4041,34.6826],[139.4012,34.6819],[139.3997,34.684],[139.3957,34.6839],[139.3949,34.6846],[139.3954,34.6854],[139.3947,34.6859],[139.3947,34.6872],[139.3909,34.6866],[139.3914,34.6876],[139.3863,34.6902],[139.3859,34.6913],[139.3846,34.6921],[139.3852,34.6924],[139.3836,34.6927],[139.384,34.6936],[139.3822,34.695],[139.3796,34.6962],[139.3764,34.6958],[139.3762,34.697],[139.3747,34.6969],[139.375,34.6976]]],[[[139.3605,34.7992],[139.3606,34.7992],[139.3606,34.7993],[139.3605,34.7993],[139.3605,34.7992]]],[[[139.4304,34.6778],[139.4306,34.6778],[139.4306,34.6779],[139.4304,34.6779],[139.4304,34.6778]]],[[[139.434,34.6775],[139.4341,34.6775],[139.4341,34.6776],[139.434,34.6776],[139.434,34.6775]]],[[[139.4342,34.6777],[139.4344,34.6777],[139.4344,34.6779],[139.4342,34.6779],[139.4342,34.6777]]],[[[139.3759,34.795],[139.3759,34.795],[139.3759,34.7951],[139.3759,34.7951],[139.3759,34.795]]],[[[139.3814,34.7938],[139.3815,34.7938],[139.3815,34.7939],[139.3814,34.7939],[139.3814,34.7938]]],[[[139.3935,34.7899],[139.3937,34.7899],[139.3937,34.7899],[139.3935,34.7899],[139.3935,34.7899]]],[[[139.3957,34.789],[139.3962,34.789],[139.3962,34.7894],[139.3957,34.7894],[139.3957,34.789]]],[[[139.3997,34.789],[139.4,34.789],[139.4,34.7894],[139.3997,34.7894],[139.3997,34.789]]],[[[139.4248,34.7794],[139.425,34.7794],[139.425,34.7796],[139.4248,34.7796],[139.4248,34.7794]]],[[[139.4063,34.7875],[139.4064,34.7875],[139.4064,34.7875],[139.4063,34.7875],[139.4063,34.7875]]],[[[139.4139,34.7847],[139.4139,34.7847],[139.4139,34.7847],[139.4139,34.7847],[139.4139,34.7847]]],[[[139.4139,34.7847],[139.414,34.7847],[139.414,34.7848],[139.4139,34.7848],[139.4139,34.7847]]],[[[139.4134,34.7856],[139.4135,34.7856],[139.4135,34.7856],[139.4134,34.7856],[139.4134,34.7856]]],[[[139.4132,34.786],[139.4134,34.786],[139.4134,34.7862],[139.4132,34.7862],[139.4132,34.786]]],[[[139.4137,34.7854],[139.4138,34.7854],[139.4138,34.7855],[139.4137,34.7855],[139.4137,34.7854]]],[[[139.4124,34.787],[139.4126,34.787],[139.4126,34.7872],[139.4124,34.7872],[139.4124,34.787]]],[[[139.414218547,34.784319486],[139.414316018,34.784381342],[139.414358898,34.78433536],[139.414261427,34.784273505],[139.414218547,34.784319486]]],[[[139.414,34.7847],[139.4141,34.7847],[139.4141,34.7847],[139.414,34.7847],[139.414,34.7847]]],[[[139.4141,34.7848],[139.4142,34.7848],[139.4142,34.7849],[139.4141,34.7849],[139.4141,34.7848]]],[[[139.4172,34.7831],[139.4173,34.7831],[139.4173,34.7832],[139.4172,34.7832],[139.4172,34.7831]]],[[[139.4192,34.7819],[139.4193,34.7819],[139.4193,34.782],[139.4192,34.782],[139.4192,34.7819]]],[[[139.4454,34.7025],[139.4455,34.7025],[139.4455,34.7026],[139.4454,34.7026],[139.4454,34.7025]]],[[[139.4452,34.7025],[139.4455,34.7025],[139.4455,34.7028],[139.4452,34.7028],[139.4452,34.7025]]],[[[139.4446,34.7057],[139.4447,34.7057],[139.4447,34.7058],[139.4446,34.7058],[139.4446,34.7057]]],[[[139.445,34.7063],[139.4452,34.7063],[139.4452,34.7065],[139.445,34.7065],[139.445,34.7063]]],[[[139.4454,34.7109],[139.4454,34.7109],[139.4454,34.7109],[139.4454,34.7109],[139.4454,34.7109]]],[[[139.4491,34.7134],[139.4492,34.7134],[139.4492,34.7135],[139.4491,34.7135],[139.4491,34.7134]]],[[[139.4491,34.7186],[139.4491,34.7186],[139.4491,34.7187],[139.4491,34.7187],[139.4491,34.7186]]],[[[139.4492,34.7135],[139.4493,34.7135],[139.4493,34.7135],[139.4492,34.7135],[139.4492,34.7135]]],[[[139.4492,34.7184],[139.4493,34.7184],[139.4493,34.7185],[139.4492,34.7185],[139.4492,34.7184]]],[[[139.4494,34.7183],[139.4495,34.7183],[139.4495,34.7183],[139.4494,34.7183],[139.4494,34.7183]]],[[[139.448,34.7205],[139.448,34.7205],[139.448,34.7205],[139.448,34.7205],[139.448,34.7205]]],[[[139.4483,34.7201],[139.4484,34.7201],[139.4484,34.7202],[139.4483,34.7202],[139.4483,34.7201]]],[[[139.4483,34.7203],[139.4484,34.7203],[139.4484,34.7203],[139.4483,34.7203],[139.4483,34.7203]]],[[[139.4477,34.7215],[139.4479,34.7215],[139.4479,34.7216],[139.4477,34.7216],[139.4477,34.7215]]],[[[139.448,34.7212],[139.4481,34.7212],[139.4481,34.7213],[139.448,34.7213],[139.448,34.7212]]],[[[139.4458,34.7243],[139.446,34.7243],[139.446,34.7244],[139.4458,34.7244],[139.4458,34.7243]]],[[[139.4466,34.7235],[139.4468,34.7235],[139.4468,34.7236],[139.4466,34.7236],[139.4466,34.7235]]],[[[139.4471,34.7235],[139.4472,34.7235],[139.4472,34.7235],[139.4471,34.7235],[139.4471,34.7235]]],[[[139.3588,34.7029],[139.3589,34.7029],[139.3589,34.703],[139.3588,34.703],[139.3588,34.7029]]],[[[139.3588,34.703],[139.3589,34.703],[139.3589,34.7031],[139.3588,34.7031],[139.3588,34.703]]],[[[139.3588,34.7033],[139.3589,34.7033],[139.3589,34.7033],[139.3588,34.7033],[139.3588,34.7033]]],[[[139.3588,34.7037],[139.3588,34.7037],[139.3588,34.7038],[139.3588,34.7038],[139.3588,34.7037]]],[[[139.3585,34.7127],[139.3586,34.7127],[139.3586,34.7127],[139.3585,34.7127],[139.3585,34.7127]]],[[[139.3588,34.7124],[139.3588,34.7124],[139.3588,34.7124],[139.3588,34.7124],[139.3588,34.7124]]],[[[139.359,34.7122],[139.3591,34.7122],[139.3591,34.7123],[139.359,34.7123],[139.359,34.7122]]],[[[139.3579,34.7129],[139.358,34.7129],[139.358,34.713],[139.3579,34.713],[139.3579,34.7129]]],[[[139.3596,34.7059],[139.3596,34.7059],[139.3596,34.706],[139.3596,34.706],[139.3596,34.7059]]],[[[139.3597,34.7059],[139.3597,34.7059],[139.3597,34.706],[139.3597,34.706],[139.3597,34.7059]]],[[[139.3597,34.7062],[139.3598,34.7062],[139.3598,34.7062],[139.3597,34.7062],[139.3597,34.7062]]],[[[139.3597,34.7069],[139.3597,34.7069],[139.3597,34.7069],[139.3597,34.7069],[139.3597,34.7069]]],[[[139.3598,34.7071],[139.3599,34.7071],[139.3599,34.7072],[139.3598,34.7072],[139.3598,34.7071]]],[[[139.36,34.7079],[139.3601,34.7079],[139.3601,34.7079],[139.36,34.7079],[139.36,34.7079]]],[[[139.3601,34.7081],[139.3602,34.7081],[139.3602,34.7082],[139.3601,34.7082],[139.3601,34.7081]]],[[[139.3608,34.709],[139.3609,34.709],[139.3609,34.7091],[139.3608,34.7091],[139.3608,34.709]]],[[[139.3605,34.7107],[139.3606,34.7107],[139.3606,34.7108],[139.3605,34.7108],[139.3605,34.7107]]],[[[139.3596,34.7113],[139.3597,34.7113],[139.3597,34.7114],[139.3596,34.7114],[139.3596,34.7113]]],[[[139.3594,34.7115],[139.3595,34.7115],[139.3595,34.7116],[139.3594,34.7116],[139.3594,34.7115]]],[[[139.3594,34.7119],[139.3594,34.7119],[139.3594,34.7119],[139.3594,34.7119],[139.3594,34.7119]]],[[[139.3529,34.7297],[139.353,34.7297],[139.353,34.7299],[139.3529,34.7299],[139.3529,34.7297]]],[[[139.3529,34.7298],[139.3531,34.7298],[139.3531,34.7299],[139.3529,34.7299],[139.3529,34.7298]]],[[[139.3517,34.7474],[139.3522,34.7474],[139.3522,34.7502],[139.3517,34.7502],[139.3517,34.7474]]],[[[139.3565,34.7143],[139.3566,34.7143],[139.3566,34.7144],[139.3565,34.7144],[139.3565,34.7143]]],[[[139.3577,34.7131],[139.3578,34.7131],[139.3578,34.7131],[139.3577,34.7131],[139.3577,34.7131]]],[[[139.3578,34.713],[139.3579,34.713],[139.3579,34.7131],[139.3578,34.7131],[139.3578,34.713]]],[[[139.3576,34.7132],[139.3577,34.7132],[139.3577,34.7132],[139.3576,34.7132],[139.3576,34.7132]]],[[[139.3577,34.7132],[139.3578,34.7132],[139.3578,34.7133],[139.3577,34.7133],[139.3577,34.7132]]],[[[139.3518,34.7251],[139.352,34.7251],[139.352,34.7252],[139.3518,34.7252],[139.3518,34.7251]]],[[[139.3518,34.7252],[139.352,34.7252],[139.352,34.7254],[139.3518,34.7254],[139.3518,34.7252]]],[[[139.3529,34.7296],[139.353,34.7296],[139.353,34.7297],[139.3529,34.7297],[139.3529,34.7296]]],[[[139.353,34.7296],[139.3532,34.7296],[139.3532,34.7297],[139.353,34.7297],[139.353,34.7296]]],[[[139.3525,34.7309],[139.3527,34.7309],[139.3527,34.7311],[139.3525,34.7311],[139.3525,34.7309]]],[[[139.3526,34.7311],[139.3528,34.7311],[139.3528,34.7312],[139.3526,34.7312],[139.3526,34.7311]]],[[[139.3526,34.7445],[139.3528,34.7445],[139.3528,34.7447],[139.3526,34.7447],[139.3526,34.7445]]],[[[139.3529,34.7449],[139.353,34.7449],[139.353,34.7449],[139.3529,34.7449],[139.3529,34.7449]]],[[[139.3531,34.7445],[139.3532,34.7445],[139.3532,34.7445],[139.3531,34.7445],[139.3531,34.7445]]],[[[139.353,34.7449],[139.3531,34.7449],[139.3531,34.7449],[139.353,34.7449],[139.353,34.7449]]],[[[139.3528,34.7454],[139.3529,34.7454],[139.3529,34.7455],[139.3528,34.7455],[139.3528,34.7454]]],[[[139.4455,34.7246],[139.4457,34.7246],[139.4457,34.7247],[139.4455,34.7247],[139.4455,34.7246]]],[[[139.4455,34.7247],[139.4459,34.7247],[139.4459,34.725],[139.4455,34.725],[139.4455,34.7247]]],[[[139.4456,34.728],[139.4458,34.728],[139.4458,34.7281],[139.4456,34.7281],[139.4456,34.728]]],[[[139.4427,34.7488],[139.4429,34.7488],[139.4429,34.7489],[139.4427,34.7489],[139.4427,34.7488]]],[[[139.4428,34.7485],[139.4429,34.7485],[139.4429,34.7486],[139.4428,34.7486],[139.4428,34.7485]]],[[[139.4453,34.7477],[139.4453,34.7477],[139.4453,34.7477],[139.4453,34.7477],[139.4453,34.7477]]],[[[139.4452,34.7478],[139.4453,34.7478],[139.4453,34.7478],[139.4452,34.7478],[139.4452,34.7478]]],[[[139.4455,34.7356],[139.4455,34.7356],[139.4455,34.7357],[139.4455,34.7357],[139.4455,34.7356]]],[[[139.4489,34.7383],[139.449,34.7383],[139.449,34.7384],[139.4489,34.7384],[139.4489,34.7383]]],[[[139.4487,34.7421],[139.4488,34.7421],[139.4488,34.7421],[139.4487,34.7421],[139.4487,34.7421]]],[[[139.4469,34.7457],[139.447,34.7457],[139.447,34.7458],[139.4469,34.7458],[139.4469,34.7457]]],[[[139.4469,34.746],[139.4469,34.746],[139.4469,34.7461],[139.4469,34.7461],[139.4469,34.746]]],[[[139.4487,34.7422],[139.4487,34.7422],[139.4487,34.7423],[139.4487,34.7423],[139.4487,34.7422]]],[[[139.4478,34.7449],[139.4479,34.7449],[139.4479,34.745],[139.4478,34.745],[139.4478,34.7449]]],[[[139.4479,34.7449],[139.448,34.7449],[139.448,34.745],[139.4479,34.745],[139.4479,34.7449]]],[[[139.4453,34.7477],[139.4454,34.7477],[139.4454,34.7477],[139.4453,34.7477],[139.4453,34.7477]]],[[[139.4455,34.7477],[139.4455,34.7477],[139.4455,34.7477],[139.4455,34.7477],[139.4455,34.7477]]],[[[139.4453,34.7479],[139.4454,34.7479],[139.4454,34.7479],[139.4453,34.7479],[139.4453,34.7479]]],[[[139.4456,34.7476],[139.4456,34.7476],[139.4456,34.7477],[139.4456,34.7477],[139.4456,34.7476]]],[[[139.4457,34.7476],[139.4457,34.7476],[139.4457,34.7476],[139.4457,34.7476],[139.4457,34.7476]]],[[[139.3495,34.781],[139.3495,34.781],[139.3495,34.781],[139.3495,34.781],[139.3495,34.781]]],[[[139.3495,34.781],[139.3496,34.781],[139.3496,34.7812],[139.3495,34.7812],[139.3495,34.781]]],[[[139.3512,34.7841],[139.3514,34.7841],[139.3514,34.7844],[139.3512,34.7844],[139.3512,34.7841]]],[[[139.3514,34.7842],[139.3516,34.7842],[139.3516,34.7842],[139.3514,34.7842],[139.3514,34.7842]]],[[[139.3509,34.7703],[139.351,34.7703],[139.351,34.7703],[139.3509,34.7703],[139.3509,34.7703]]],[[[139.3502,34.7734],[139.3503,34.7734],[139.3503,34.7734],[139.3502,34.7734],[139.3502,34.7734]]],[[[139.3494,34.7743],[139.3495,34.7743],[139.3495,34.7743],[139.3494,34.7743],[139.3494,34.7743]]],[[[139.3495,34.7742],[139.3496,34.7742],[139.3496,34.7743],[139.3495,34.7743],[139.3495,34.7742]]],[[[139.3493,34.7772],[139.3494,34.7772],[139.3494,34.7774],[139.3493,34.7774],[139.3493,34.7772]]],[[[139.349,34.778],[139.3491,34.778],[139.3491,34.7781],[139.349,34.7781],[139.349,34.778]]],[[[139.3495,34.7793],[139.3496,34.7793],[139.3496,34.7794],[139.3495,34.7794],[139.3495,34.7793]]],[[[139.3496,34.7807],[139.3496,34.7807],[139.3496,34.7807],[139.3496,34.7807],[139.3496,34.7807]]],[[[139.3494,34.7809],[139.3495,34.7809],[139.3495,34.781],[139.3494,34.781],[139.3494,34.7809]]],[[[139.3496,34.7795],[139.3497,34.7795],[139.3497,34.7796],[139.3496,34.7796],[139.3496,34.7795]]],[[[139.3496,34.7799],[139.3498,34.7799],[139.3498,34.7801],[139.3496,34.7801],[139.3496,34.7799]]],[[[139.3496,34.7805],[139.3497,34.7805],[139.3497,34.7806],[139.3496,34.7806],[139.3496,34.7805]]],[[[139.3497,34.7808],[139.3497,34.7808],[139.3497,34.7809],[139.3497,34.7809],[139.3497,34.7808]]],[[[139.3515,34.7689],[139.3517,34.7689],[139.3517,34.769],[139.3515,34.769],[139.3515,34.7689]]],[[[139.3526,34.7872],[139.3526,34.7872],[139.3526,34.7874],[139.3526,34.7874],[139.3526,34.7872]]],[[[139.3529,34.7874],[139.353,34.7874],[139.353,34.7875],[139.3529,34.7875],[139.3529,34.7874]]],[[[139.3531,34.7878],[139.3533,34.7878],[139.3533,34.7879],[139.3531,34.7879],[139.3531,34.7878]]],[[[139.353,34.7879],[139.3531,34.7879],[139.3531,34.788],[139.353,34.788],[139.353,34.7879]]],[[[139.3535,34.7886],[139.3535,34.7886],[139.3535,34.7887],[139.3535,34.7887],[139.3535,34.7886]]],[[[139.3541,34.7903],[139.3541,34.7903],[139.3541,34.7904],[139.3541,34.7904],[139.3541,34.7903]]],[[[139.3541,34.7906],[139.3542,34.7906],[139.3542,34.7907],[139.3541,34.7907],[139.3541,34.7906]]],[[[139.3545,34.7904],[139.3546,34.7904],[139.3546,34.7904],[139.3545,34.7904],[139.3545,34.7904]]],[[[139.3545,34.7905],[139.3546,34.7905],[139.3546,34.7906],[139.3545,34.7906],[139.3545,34.7905]]],[[[139.3545,34.7907],[139.3546,34.7907],[139.3546,34.7908],[139.3545,34.7908],[139.3545,34.7907]]],[[[139.3548,34.7908],[139.3549,34.7908],[139.3549,34.7909],[139.3548,34.7909],[139.3548,34.7908]]],[[[139.355,34.791],[139.3551,34.791],[139.3551,34.7911],[139.355,34.7911],[139.355,34.791]]],[[[139.3551,34.7916],[139.3552,34.7916],[139.3552,34.7917],[139.3551,34.7917],[139.3551,34.7916]]],[[[139.3555,34.7915],[139.3555,34.7915],[139.3555,34.7915],[139.3555,34.7915],[139.3555,34.7915]]],[[[139.3556,34.7916],[139.3557,34.7916],[139.3557,34.7916],[139.3556,34.7916],[139.3556,34.7916]]],[[[139.3556,34.7922],[139.3557,34.7922],[139.3557,34.7924],[139.3556,34.7924],[139.3556,34.7922]]],[[[139.3591,34.795],[139.3592,34.795],[139.3592,34.7951],[139.3591,34.7951],[139.3591,34.795]]],[[[139.3592,34.7953],[139.3595,34.7953],[139.3595,34.7956],[139.3592,34.7956],[139.3592,34.7953]]],[[[139.3593,34.7951],[139.3595,34.7951],[139.3595,34.7952],[139.3593,34.7952],[139.3593,34.7951]]],[[[139.3595,34.7957],[139.3597,34.7957],[139.3597,34.7958],[139.3595,34.7958],[139.3595,34.7957]]],[[[139.3594,34.7958],[139.3597,34.7958],[139.3597,34.796],[139.3594,34.796],[139.3594,34.7958]]],[[[139.4271,34.777],[139.4272,34.777],[139.4272,34.7771],[139.4271,34.7771],[139.4271,34.777]]],[[[139.4272,34.777],[139.4272,34.777],[139.4272,34.7771],[139.4272,34.7771],[139.4272,34.777]]],[[[139.43,34.7748],[139.4303,34.7748],[139.4303,34.775],[139.43,34.775],[139.43,34.7748]]],[[[139.4302,34.7748],[139.4303,34.7748],[139.4303,34.7749],[139.4302,34.7749],[139.4302,34.7748]]],[[[139.4273,34.7768],[139.4276,34.7768],[139.4276,34.777],[139.4273,34.777],[139.4273,34.7768]]],[[[139.4279,34.776],[139.4282,34.776],[139.4282,34.7761],[139.4279,34.7761],[139.4279,34.776]]],[[[139.4283,34.7762],[139.4284,34.7762],[139.4284,34.7763],[139.4283,34.7763],[139.4283,34.7762]]],[[[139.4279,34.7766],[139.428,34.7766],[139.428,34.7766],[139.4279,34.7766],[139.4279,34.7766]]],[[[139.4281,34.7764],[139.4282,34.7764],[139.4282,34.7765],[139.4281,34.7765],[139.4281,34.7764]]],[[[139.428,34.7766],[139.428,34.7766],[139.428,34.7767],[139.428,34.7767],[139.428,34.7766]]],[[[139.4288,34.7756],[139.429,34.7756],[139.429,34.7758],[139.4288,34.7758],[139.4288,34.7756]]],[[[139.4288,34.7759],[139.4291,34.7759],[139.4291,34.7762],[139.4288,34.7762],[139.4288,34.7759]]],[[[139.4292,34.7754],[139.4293,34.7754],[139.4293,34.7755],[139.4292,34.7755],[139.4292,34.7754]]],[[[139.4265,34.7776],[139.4266,34.7776],[139.4266,34.7777],[139.4265,34.7777],[139.4265,34.7776]]],[[[139.4373,34.7658],[139.4374,34.7658],[139.4374,34.7659],[139.4373,34.7659],[139.4373,34.7658]]],[[[139.4362,34.7687],[139.4363,34.7687],[139.4363,34.7688],[139.4362,34.7688],[139.4362,34.7687]]],[[[139.4404,34.7577],[139.4406,34.7577],[139.4406,34.7579],[139.4404,34.7579],[139.4404,34.7577]]],[[[139.4394,34.7611],[139.4394,34.7611],[139.4394,34.7612],[139.4394,34.7612],[139.4394,34.7611]]],[[[139.4409,34.757],[139.4412,34.757],[139.4412,34.7572],[139.4409,34.7572],[139.4409,34.757]]],[[[139.4411,34.7567],[139.4414,34.7567],[139.4414,34.7571],[139.4411,34.7571],[139.4411,34.7567]]],[[[139.4426,34.7492],[139.4428,34.7492],[139.4428,34.7493],[139.4426,34.7493],[139.4426,34.7492]]],[[[139.4426,34.7493],[139.4427,34.7493],[139.4427,34.7494],[139.4426,34.7494],[139.4426,34.7493]]],[[[139.4424,34.7497],[139.4425,34.7497],[139.4425,34.7498],[139.4424,34.7498],[139.4424,34.7497]]],[[[139.4426,34.7495],[139.4427,34.7495],[139.4427,34.7496],[139.4426,34.7496],[139.4426,34.7495]]],[[[139.4426,34.7496],[139.4427,34.7496],[139.4427,34.7497],[139.4426,34.7497],[139.4426,34.7496]]],[[[139.4426,34.7497],[139.4427,34.7497],[139.4427,34.7498],[139.4426,34.7498],[139.4426,34.7497]]],[[[139.4408,34.7525],[139.4409,34.7525],[139.4409,34.7525],[139.4408,34.7525],[139.4408,34.7525]]],[[[139.441,34.7524],[139.441,34.7524],[139.441,34.7524],[139.441,34.7524],[139.441,34.7524]]],[[[139.441,34.7563],[139.4411,34.7563],[139.4411,34.7565],[139.441,34.7565],[139.441,34.7563]]],[[[139.4411,34.7573],[139.4411,34.7573],[139.4411,34.7573],[139.4411,34.7573],[139.4411,34.7573]]],[[[139.4409,34.7575],[139.4411,34.7575],[139.4411,34.7576],[139.4409,34.7576],[139.4409,34.7575]]],[[[139.4421,34.751],[139.4422,34.751],[139.4422,34.7511],[139.4421,34.7511],[139.4421,34.751]]],[[[139.4416,34.7557],[139.4417,34.7557],[139.4417,34.7558],[139.4416,34.7558],[139.4416,34.7557]]],[[[139.4416,34.7565],[139.442,34.7565],[139.442,34.7568],[139.4416,34.7568],[139.4416,34.7565]]],[[[139.4414,34.757],[139.4416,34.757],[139.4416,34.7572],[139.4414,34.7572],[139.4414,34.757]]]]}},{"type":"Feature","properties":{"code":"133621","name":"利島村","island":true},"geometry":{"type":"MultiPolygon","coordinates":[[[[139.2697,34.5149],[139.2698,34.5149],[139.2698,34.5149],[139.2697,34.5149],[139.2697,34.5149]]],[[[139.2675,34.5184],[139.2677,34.5184],[139.2677,34.5185],[139.2675,34.5185],[139.2675,34.5184]]],[[[139.2696,34.5282],[139.2697,34.5282],[139.2697,34.5283],[139.2696,34.5283],[139.2696,34.5282]]],[[[139.285,34.5153],[139.2851,34.5153],[139.2851,34.5154],[139.285,34.5154],[139.285,34.5153]]],[[[139.2894,34.5193],[139.2894,34.5193],[139.2894,34.5193],[139.2894,34.5193],[139.2894,34.5193]]],[[[139.2898,34.5196],[139.2899,34.5196],[139.2899,34.5197],[139.2898,34.5197],[139.2898,34.5196]]],[[[139.2927,34.5231],[139.2928,34.5231],[139.2928,34.5232],[139.2927,34.5232],[139.2927,34.5231]]],[[[139.2929,34.5237],[139.293,34.5237],[139.293,34.5238],[139.2929,34.5238],[139.2929,34.5237]]],[[[139.2926,34.5254],[139.2927,34.5254],[139.2927,34.5256],[139.2926,34.5256],[139.2926,34.5254]]],[[[139.2925,34.5256],[139.2926,34.5256],[139.2926,34.5258],[139.2925,34.5258],[139.2925,34.5256]]],[[[139.2905,34.5286],[139.2905,34.5286],[139.2905,34.5287],[139.2905,34.5287],[139.2905,34.5286]]],[[[139.2891,34.5296],[139.2892,34.5296],[139.2892,34.5297],[139.2891,34.5297],[139.2891,34.5296]]],[[[139.2846,34.532],[139.2848,34.532],[139.2848,34.5321],[139.2846,34.5321],[139.2846,34.532]]],[[[139.275,34.5114],[139.2713,34.5132],[139.2678,34.5185],[139.2678,34.5245],[139.2697,34.5283],[139.2733,34.5317],[139.2755,34.5319],[139.2759,34.5353],[139.2756,34.5319],[139.2801,34.5322],[139.2809,34.5351],[139.2805,34.5319],[139.2828,34.532],[139.2828,34.5326],[139.2813,34.5325],[139.2827,34.5328],[139.2823,34.5345],[139.2829,34.5323],[139.2881,34.5303],[139.2902,34.5289],[139.2924,34.526],[139.2929,34.5239],[139.2921,34.5222],[139.2817,34.5122],[139.2776,34.5109],[139.275,34.5114]]],[[[139.2775,34.5108],[139.2776,34.5108],[139.2776,34.5109],[139.2775,34.5109],[139.2775,34.5108]]]]}},{"type":"Feature","properties":{"code":"133639","name":"新島村","island":true},"geometry":{"type":"MultiPolygon","coordinates":[[[[139.2413,34.3632],[139.2415,34.3632],[139.2415,34.3633],[139.2413,34.3633],[139.2413,34.3632]]],[[[139.2557,34.3357],[139.2558,34.3357],[139.2558,34.3357],[139.2557,34.3357],[139.2557,34.3357]]],[[[139.2576,34.3337],[139.2577,34.3337],[139.2577,34.3338],[139.2576,34.3338],[139.2576,34.3337]]],[[[139.2576,34.3347],[139.2577,34.3347],[139.2577,34.3347],[139.2576,34.3347],[139.2576,34.3347]]],[[[139.2573,34.3353],[139.2574,34.3353],[139.2574,34.3354],[139.2573,34.3354],[139.2573,34.3353]]],[[[139.2504,34.3417],[139.2505,34.3417],[139.2505,34.3418],[139.2504,34.3418],[139.2504,34.3417]]],[[[139.2564,34.3359],[139.2566,34.3359],[139.2566,34.336],[139.2564,34.336],[139.2564,34.3359]]],[[[139.2577,34.3347],[139.2579,34.3347],[139.2579,34.3348],[139.2577,34.3348],[139.2577,34.3347]]],[[[139.2578,34.3349],[139.2579,34.3349],[139.2579,34.335],[139.2578,34.335],[139.2578,34.3349]]],[[[139.2586,34.335],[139.2587,34.335],[139.2587,34.3351],[139.2586,34.3351],[139.2586,34.335]]],[[[139.2587,34.3346],[139.2588,34.3346],[139.2588,34.3347],[139.2587,34.3347],[139.2587,34.3346]]],[[[139.2636,34.3333],[139.2589,34.335],[139.2552,34.3384],[139.2524,34.3394],[139.2489,34.3454],[139.2445,34.3485],[139.2445,34.351],[139.2457,34.3543],[139.2454,34.3584],[139.2438,34.362],[139.2429,34.3627],[139.2416,34.3623],[139.2428,34.3631],[139.242,34.3641],[139.2432,34.3652],[139.2433,34.3679],[139.2399,34.3706],[139.2441,34.3693],[139.2441,34.3675],[139.245,34.3676],[139.2467,34.3687],[139.2459,34.3696],[139.2471,34.3697],[139.2464,34.3702],[139.2471,34.3698],[139.2482,34.3708],[139.247,34.3716],[139.2464,34.371],[139.2471,34.3705],[139.2464,34.371],[139.2451,34.3697],[139.2468,34.3718],[139.2486,34.3708],[139.2504,34.373],[139.2493,34.3742],[139.2477,34.3731],[139.2491,34.3743],[139.2507,34.3737],[139.2511,34.3745],[139.2505,34.3748],[139.2513,34.3748],[139.2525,34.3764],[139.2521,34.3775],[139.2527,34.3774],[139.2537,34.3791],[139.2535,34.3801],[139.2551,34.3827],[139.2544,34.383],[139.2555,34.3828],[139.2547,34.383],[139.2557,34.384],[139.2565,34.3875],[139.2573,34.3946],[139.2551,34.3964],[139.2552,34.3978],[139.256,34.3977],[139.2555,34.3981],[139.2565,34.3988],[139.2553,34.4011],[139.2563,34.4007],[139.2562,34.4016],[139.2573,34.4012],[139.2588,34.402],[139.2611,34.4048],[139.2671,34.4082],[139.2661,34.4101],[139.2678,34.4116],[139.2673,34.4143],[139.2681,34.4138],[139.2686,34.4151],[139.269,34.4147],[139.2687,34.4154],[139.2697,34.4154],[139.2697,34.4163],[139.2747,34.4168],[139.2766,34.4195],[139.2751,34.4166],[139.2739,34.4162],[139.2739,34.4153],[139.2747,34.4153],[139.2764,34.4158],[139.2759,34.4168],[139.2765,34.416],[139.2778,34.4168],[139.2762,34.4174],[139.2767,34.418],[139.2781,34.4169],[139.2799,34.4184],[139.2789,34.4192],[139.28,34.419],[139.2809,34.4203],[139.2817,34.424],[139.2804,34.427],[139.2807,34.4291],[139.2795,34.4296],[139.2785,34.4312],[139.2793,34.4314],[139.2808,34.4305],[139.2815,34.4312],[139.2832,34.4306],[139.2841,34.4286],[139.2858,34.4288],[139.2881,34.4275],[139.2887,34.4251],[139.291,34.4242],[139.2911,34.4192],[139.2924,34.4189],[139.2906,34.4181],[139.2867,34.4138],[139.2866,34.4115],[139.2914,34.4082],[139.2915,34.4075],[139.2893,34.4064],[139.2899,34.4024],[139.2884,34.4009],[139.2852,34.4001],[139.2831,34.3976],[139.2847,34.3963],[139.2838,34.3967],[139.2832,34.396],[139.2842,34.3953],[139.2857,34.3964],[139.2839,34.3946],[139.2819,34.396],[139.2779,34.3904],[139.2766,34.3835],[139.2758,34.3703],[139.276,34.344],[139.2755,34.3425],[139.2732,34.3408],[139.2719,34.3309],[139.2636,34.3333]]],[[[139.225,34.3733],[139.2237,34.3745],[139.2236,34.3756],[139.2243,34.3757],[139.2294,34.3726],[139.2285,34.3696],[139.2288,34.3677],[139.2289,34.3671],[139.2275,34.367],[139.2259,34.3678],[139.2268,34.3676],[139.2264,34.3683],[139.2275,34.3691],[139.228,34.3709],[139.225,34.3733]]],[[[139.2296,34.3731],[139.2297,34.3731],[139.2297,34.3733],[139.2296,34.3733],[139.2296,34.3731]]],[[[139.2238,34.3731],[139.224,34.3731],[139.224,34.3733],[139.2238,34.3733],[139.2238,34.3731]]],[[[139.224,34.3732],[139.2242,34.3732],[139.2242,34.3734],[139.224,34.3734],[139.224,34.3732]]],[[[139.2241,34.3728],[139.2243,34.3728],[139.2243,34.3729],[139.2241,34.3729],[139.2241,34.3728]]],[[[139.2241,34.3729],[139.2243,34.3729],[139.2243,34.373],[139.2241,34.373],[139.2241,34.3729]]],[[[139.2242,34.373],[139.2243,34.373],[139.2243,34.373],[139.2242,34.373],[139.2242,34.373]]],[[[139.2234,34.3729],[139.2238,34.3729],[139.2238,34.3731],[139.2234,34.3731],[139.2234,34.3729]]],[[[139.2241,34.373],[139.2241,34.373],[139.2241,34.3731],[139.2241,34.3731],[139.2241,34.373]]],[[[139.2245,34.3722],[139.2246,34.3722],[139.2246,34.3724],[139.2245,34.3724],[139.2245,34.3722]]],[[[139.2244,34.3726],[139.2245,34.3726],[139.2245,34.3727],[139.2244,34.3727],[139.2244,34.3726]]],[[[139.2244,34.373],[139.2244,34.373],[139.2244,34.373],[139.2244,34.373],[139.2244,34.373]]],[[[139.2244,34.3727],[139.2246,34.3727],[139.2246,34.373],[139.2244,34.373],[139.2244,34.3727]]],[[[139.2245,34.373],[139.2246,34.373],[139.2246,34.3731],[139.2245,34.3731],[139.2245,34.373]]],[[[139.2242,34.3731],[139.2242,34.3731],[139.2242,34.3732],[139.2242,34.3732],[139.2242,34.3731]]],[[[139.2242,34.3732],[139.2242,34.3732],[139.2242,34.3732],[139.2242,34.3732],[139.2242,34.3732]]],[[[139.2245,34.3731],[139.2245,34.3731],[139.2245,34.3732],[139.2245,34.3732],[139.2245,34.3731]]],[[[139.2248,34.3722],[139.2249,34.3722],[139.2249,34.3723],[139.2248,34.3723],[139.2248,34.3722]]],[[[139.2246,34.3726],[139.2248,34.3726],[139.2248,34.3728],[139.2246,34.3728],[139.2246,34.3726]]],[[[139.225,34.373],[139.2251,34.373],[139.2251,34.3731],[139.225,34.3731],[139.225,34.373]]],[[[139.225,34.3732],[139.225,34.3732],[139.225,34.3732],[139.225,34.3732],[139.225,34.3732]]],[[[139.225,34.3732],[139.225,34.3732],[139.225,34.3732],[139.225,34.3732],[139.225,34.3732]]],[[[139.2236,34.3738],[139.2239,34.3738],[139.2239,34.374],[139.2236,34.374],[139.2236,34.3738]]],[[[139.2241,34.3734],[139.2242,34.3734],[139.2242,34.3735],[139.2241,34.3735],[139.2241,34.3734]]],[[[139.2242,34.3733],[139.2243,34.3733],[139.2243,34.3734],[139.2242,34.3734],[139.2242,34.3733]]],[[[139.2229,34.3743],[139.2237,34.3737],[139.2227,34.3737],[139.2229,34.3743]]],[[[139.2239,34.3733],[139.2239,34.3733],[139.2239,34.3734],[139.2239,34.3734],[139.2239,34.3733]]],[[[139.2239,34.3734],[139.224,34.3734],[139.224,34.3735],[139.2239,34.3735],[139.2239,34.3734]]],[[[139.224,34.3734],[139.224,34.3734],[139.224,34.3735],[139.224,34.3735],[139.224,34.3734]]],[[[139.2239,34.3736],[139.224,34.3736],[139.224,34.3737],[139.2239,34.3737],[139.2239,34.3736]]],[[[139.2242,34.3735],[139.2243,34.3735],[139.2243,34.3736],[139.2242,34.3736],[139.2242,34.3735]]],[[[139.2242,34.3737],[139.2242,34.3737],[139.2242,34.3738],[139.2242,34.3738],[139.2242,34.3737]]],[[[139.2247,34.3732],[139.2248,34.3732],[139.2248,34.3733],[139.2247,34.3733],[139.2247,34.3732]]],[[[139.2246,34.3733],[139.2247,34.3733],[139.2247,34.3734],[139.2246,34.3734],[139.2246,34.3733]]],[[[139.2247,34.3733],[139.2247,34.3733],[139.2247,34.3734],[139.2247,34.3734],[139.2247,34.3733]]],[[[139.2248,34.3733],[139.2248,34.3733],[139.2248,34.3733],[139.2248,34.3733],[139.2248,34.3733]]],[[[139.2248,34.3733],[139.2249,34.3733],[139.2249,34.3733],[139.2248,34.3733],[139.2248,34.3733]]],[[[139.2249,34.3733],[139.2249,34.3733],[139.2249,34.3733],[139.2249,34.3733],[139.2249,34.3733]]],[[[139.2265,34.3748],[139.2266,34.3748],[139.2266,34.3751],[139.2265,34.3751],[139.2265,34.3748]]],[[[139.2269,34.3739],[139.227,34.3739],[139.227,34.374],[139.2269,34.374],[139.2269,34.3739]]],[[[139.2277,34.3738],[139.2278,34.3738],[139.2278,34.374],[139.2277,34.374],[139.2277,34.3738]]],[[[139.2282,34.3733],[139.2283,34.3733],[139.2283,34.3734],[139.2282,34.3734],[139.2282,34.3733]]],[[[139.2284,34.3734],[139.2285,34.3734],[139.2285,34.3735],[139.2284,34.3735],[139.2284,34.3734]]],[[[139.2283,34.3739],[139.2283,34.3739],[139.2283,34.374],[139.2283,34.374],[139.2283,34.3739]]],[[[139.2286,34.3733],[139.2286,34.3733],[139.2286,34.3733],[139.2286,34.3733],[139.2286,34.3733]]],[[[139.2287,34.3732],[139.2287,34.3732],[139.2287,34.3732],[139.2287,34.3732],[139.2287,34.3732]]],[[[139.2285,34.3733],[139.2287,34.3733],[139.2287,34.3734],[139.2285,34.3734],[139.2285,34.3733]]],[[[139.2295,34.3733],[139.2296,34.3733],[139.2296,34.3735],[139.2295,34.3735],[139.2295,34.3733]]],[[[139.2256,34.375],[139.2257,34.375],[139.2257,34.3751],[139.2256,34.3751],[139.2256,34.375]]],[[[139.2288,34.3731],[139.2289,34.3731],[139.2289,34.3731],[139.2288,34.3731],[139.2288,34.3731]]],[[[139.2289,34.3731],[139.2289,34.3731],[139.2289,34.3731],[139.2289,34.3731],[139.2289,34.3731]]],[[[139.229,34.3731],[139.229,34.3731],[139.229,34.3732],[139.229,34.3732],[139.229,34.3731]]],[[[139.225,34.3721],[139.2253,34.3721],[139.2253,34.3723],[139.225,34.3723],[139.225,34.3721]]],[[[139.2251,34.3723],[139.2254,34.3723],[139.2254,34.3726],[139.2251,34.3726],[139.2251,34.3723]]],[[[139.2252,34.373],[139.2253,34.373],[139.2253,34.373],[139.2252,34.373],[139.2252,34.373]]],[[[139.2296,34.3729],[139.2298,34.3729],[139.2298,34.3731],[139.2296,34.3731],[139.2296,34.3729]]],[[[139.23,34.3731],[139.2301,34.3731],[139.2301,34.3732],[139.23,34.3732],[139.23,34.3731]]],[[[139.3005,34.4733],[139.3007,34.4733],[139.3007,34.4736],[139.3005,34.4736],[139.3005,34.4733]]],[[[139.3007,34.4733],[139.3015,34.4733],[139.3015,34.4739],[139.3007,34.4739],[139.3007,34.4733]]],[[[139.2811,34.4315],[139.2813,34.4315],[139.2813,34.4316],[139.2811,34.4316],[139.2811,34.4315]]],[[[139.2909,34.469],[139.2912,34.469],[139.2912,34.4692],[139.2909,34.4692],[139.2909,34.469]]],[[[139.3016,34.4723],[139.3021,34.4723],[139.3021,34.4727],[139.3016,34.4727],[139.3016,34.4723]]],[[[139.301,34.4725],[139.3015,34.4725],[139.3015,34.4731],[139.301,34.4731],[139.301,34.4725]]],[[[139.3023,34.4726],[139.3027,34.4726],[139.3027,34.473],[139.3023,34.473],[139.3023,34.4726]]],[[[139.282,34.4769],[139.2811,34.4768],[139.2815,34.4776],[139.2826,34.4774],[139.2834,34.4771],[139.282,34.4769]]],[[[139.2823,34.4777],[139.2824,34.4777],[139.2824,34.4778],[139.2823,34.4778],[139.2823,34.4777]]],[[[139.2826,34.4775],[139.2828,34.4775],[139.2828,34.4777],[139.2826,34.4777],[139.2826,34.4775]]],[[[139.2894,34.474],[139.2896,34.474],[139.2896,34.4742],[139.2894,34.4742],[139.2894,34.474]]],[[[139.2893,34.4743],[139.2894,34.4743],[139.2894,34.4744],[139.2893,34.4744],[139.2893,34.4743]]],[[[139.2946,34.4749],[139.2948,34.4749],[139.2948,34.475],[139.2946,34.475],[139.2946,34.4749]]],[[[139.2959,34.4742],[139.296,34.4742],[139.296,34.4743],[139.2959,34.4743],[139.2959,34.4742]]],[[[139.2961,34.4745],[139.2962,34.4745],[139.2962,34.4746],[139.2961,34.4746],[139.2961,34.4745]]],[[[139.2955,34.4745],[139.2961,34.4745],[139.2961,34.4749],[139.2955,34.4749],[139.2955,34.4745]]],[[[139.2961,34.4747],[139.2963,34.4747],[139.2963,34.4748],[139.2961,34.4748],[139.2961,34.4747]]],[[[139.2806,34.479],[139.2809,34.479],[139.2809,34.4792],[139.2806,34.4792],[139.2806,34.479]]],[[[139.2814,34.4786],[139.2819,34.4786],[139.2819,34.479],[139.2814,34.479],[139.2814,34.4786]]],[[[139.2858,34.4784],[139.2862,34.4784],[139.2862,34.4787],[139.2858,34.4787],[139.2858,34.4784]]],[[[139.2917,34.4075],[139.2917,34.4075],[139.2917,34.4076],[139.2917,34.4076],[139.2917,34.4075]]],[[[139.2919,34.4078],[139.2921,34.4078],[139.2921,34.408],[139.2919,34.408],[139.2919,34.4078]]],[[[139.2296,34.3735],[139.2296,34.3735],[139.2296,34.3736],[139.2296,34.3736],[139.2296,34.3735]]],[[[139.2221,34.374],[139.2221,34.374],[139.2221,34.374],[139.2221,34.374],[139.2221,34.374]]],[[[139.2221,34.3738],[139.2224,34.3738],[139.2224,34.374],[139.2221,34.374],[139.2221,34.3738]]],[[[139.2222,34.3735],[139.2227,34.3735],[139.2227,34.3737],[139.2222,34.3737],[139.2222,34.3735]]],[[[139.2226,34.3739],[139.2227,34.3739],[139.2227,34.374],[139.2226,34.374],[139.2226,34.3739]]],[[[139.2232,34.3742],[139.2233,34.3742],[139.2233,34.3744],[139.2232,34.3744],[139.2232,34.3742]]],[[[139.2225,34.374],[139.2225,34.374],[139.2225,34.374],[139.2225,34.374],[139.2225,34.374]]],[[[139.2216,34.3741],[139.222,34.3741],[139.222,34.3746],[139.2216,34.3746],[139.2216,34.3741]]],[[[139.2222,34.3741],[139.2222,34.3741],[139.2222,34.3742],[139.2222,34.3742],[139.2222,34.3741]]],[[[139.2225,34.3741],[139.2225,34.3741],[139.2225,34.3742],[139.2225,34.3742],[139.2225,34.3741]]],[[[139.2233,34.3724],[139.2234,34.3724],[139.2234,34.3725],[139.2233,34.3725],[139.2233,34.3724]]],[[[139.2297,34.3649],[139.2297,34.3649],[139.2297,34.365],[139.2297,34.365],[139.2297,34.3649]]],[[[139.2296,34.365],[139.2297,34.365],[139.2297,34.3651],[139.2296,34.3651],[139.2296,34.365]]],[[[139.2297,34.3654],[139.2298,34.3654],[139.2298,34.3655],[139.2297,34.3655],[139.2297,34.3654]]],[[[139.2296,34.3656],[139.2297,34.3656],[139.2297,34.3657],[139.2296,34.3657],[139.2296,34.3656]]],[[[139.2298,34.3654],[139.2299,34.3654],[139.2299,34.3655],[139.2298,34.3655],[139.2298,34.3654]]],[[[139.2297,34.3656],[139.2298,34.3656],[139.2298,34.3657],[139.2297,34.3657],[139.2297,34.3656]]],[[[139.23,34.3657],[139.23,34.3657],[139.23,34.3657],[139.23,34.3657],[139.23,34.3657]]],[[[139.2303,34.3702],[139.2303,34.3702],[139.2303,34.3702],[139.2303,34.3702],[139.2303,34.3702]]],[[[139.2263,34.3665],[139.2266,34.3665],[139.2266,34.3667],[139.2263,34.3667],[139.2263,34.3665]]],[[[139.2275,34.3668],[139.2276,34.3668],[139.2276,34.3668],[139.2275,34.3668],[139.2275,34.3668]]],[[[139.228,34.3658],[139.2282,34.3658],[139.2282,34.366],[139.228,34.366],[139.228,34.3658]]],[[[139.2276,34.3664],[139.2277,34.3664],[139.2277,34.3665],[139.2276,34.3665],[139.2276,34.3664]]],[[[139.2275,34.3665],[139.2276,34.3665],[139.2276,34.3666],[139.2275,34.3666],[139.2275,34.3665]]],[[[139.2276,34.3668],[139.2278,34.3668],[139.2278,34.367],[139.2276,34.367],[139.2276,34.3668]]],[[[139.2281,34.3665],[139.2282,34.3665],[139.2282,34.3666],[139.2281,34.3666],[139.2281,34.3665]]],[[[139.2799,34.4269],[139.2799,34.4269],[139.2799,34.427],[139.2799,34.427],[139.2799,34.4269]]],[[[139.2808,34.4263],[139.2808,34.4263],[139.2808,34.4263],[139.2808,34.4263],[139.2808,34.4263]]],[[[139.2805,34.4268],[139.2805,34.4268],[139.2805,34.4268],[139.2805,34.4268],[139.2805,34.4268]]],[[[139.2914,34.4174],[139.2915,34.4174],[139.2915,34.4175],[139.2914,34.4175],[139.2914,34.4174]]],[[[139.2915,34.4181],[139.2917,34.4181],[139.2917,34.4182],[139.2915,34.4182],[139.2915,34.4181]]],[[[139.2911,34.4198],[139.2912,34.4198],[139.2912,34.4199],[139.2911,34.4199],[139.2911,34.4198]]],[[[139.2918,34.4182],[139.2931,34.4182],[139.2931,34.4188],[139.2918,34.4188],[139.2918,34.4182]]],[[[139.2921,34.4197],[139.2922,34.4197],[139.2922,34.4198],[139.2921,34.4198],[139.2921,34.4197]]],[[[139.2912,34.4203],[139.2914,34.4203],[139.2914,34.4204],[139.2912,34.4204],[139.2912,34.4203]]],[[[139.2918,34.42],[139.2919,34.42],[139.2919,34.4201],[139.2918,34.4201],[139.2918,34.42]]],[[[139.2913,34.4212],[139.2915,34.4212],[139.2915,34.4215],[139.2913,34.4215],[139.2913,34.4212]]],[[[139.2922,34.4212],[139.2923,34.4212],[139.2923,34.4213],[139.2922,34.4213],[139.2922,34.4212]]],[[[139.2885,34.4258],[139.2885,34.4258],[139.2885,34.426],[139.2885,34.426],[139.2885,34.4258]]],[[[139.2891,34.4251],[139.2893,34.4251],[139.2893,34.4252],[139.2891,34.4252],[139.2891,34.4251]]],[[[139.2927,34.4196],[139.2927,34.4196],[139.2927,34.4197],[139.2927,34.4197],[139.2927,34.4196]]],[[[139.2925,34.4197],[139.2927,34.4197],[139.2927,34.4198],[139.2925,34.4198],[139.2925,34.4197]]],[[[139.2931,34.4186],[139.2932,34.4186],[139.2932,34.4187],[139.2931,34.4187],[139.2931,34.4186]]],[[[139.2289,34.3654],[139.2293,34.3654],[139.2293,34.3655],[139.2289,34.3655],[139.2289,34.3654]]],[[[139.2293,34.3659],[139.2293,34.3659],[139.2293,34.366],[139.2293,34.366],[139.2293,34.3659]]],[[[139.2294,34.3658],[139.2294,34.3658],[139.2294,34.3659],[139.2294,34.3659],[139.2294,34.3658]]],[[[139.2287,34.3665],[139.2288,34.3665],[139.2288,34.3666],[139.2287,34.3666],[139.2287,34.3665]]],[[[139.2289,34.3666],[139.229,34.3666],[139.229,34.3666],[139.2289,34.3666],[139.2289,34.3666]]],[[[139.2291,34.3664],[139.2293,34.3664],[139.2293,34.3666],[139.2291,34.3666],[139.2291,34.3664]]],[[[139.2292,34.3663],[139.2293,34.3663],[139.2293,34.3664],[139.2292,34.3664],[139.2292,34.3663]]],[[[139.2274,34.3284],[139.2275,34.3284],[139.2275,34.3285],[139.2274,34.3285],[139.2274,34.3284]]],[[[139.2275,34.3282],[139.2279,34.3282],[139.2279,34.3285],[139.2275,34.3285],[139.2275,34.3282]]],[[[139.2272,34.328],[139.2273,34.328],[139.2273,34.3281],[139.2272,34.3281],[139.2272,34.328]]],[[[139.2271,34.3293],[139.2272,34.3293],[139.2272,34.3294],[139.2271,34.3294],[139.2271,34.3293]]],[[[139.2275,34.3281],[139.2277,34.3281],[139.2277,34.3282],[139.2275,34.3282],[139.2275,34.3281]]],[[[139.2497,34.3428],[139.2498,34.3428],[139.2498,34.3429],[139.2497,34.3429],[139.2497,34.3428]]],[[[139.2444,34.3491],[139.2445,34.3491],[139.2445,34.3492],[139.2444,34.3492],[139.2444,34.3491]]],[[[139.2444,34.3493],[139.2444,34.3493],[139.2444,34.3493],[139.2444,34.3493],[139.2444,34.3493]]],[[[139.2448,34.3527],[139.2448,34.3527],[139.2448,34.3527],[139.2448,34.3527],[139.2448,34.3527]]],[[[139.2449,34.3527],[139.245,34.3527],[139.245,34.3527],[139.2449,34.3527],[139.2449,34.3527]]],[[[139.245,34.3527],[139.245,34.3527],[139.245,34.3528],[139.245,34.3528],[139.245,34.3527]]],[[[139.2449,34.3529],[139.245,34.3529],[139.245,34.353],[139.2449,34.353],[139.2449,34.3529]]],[[[139.2448,34.3533],[139.2449,34.3533],[139.2449,34.3533],[139.2448,34.3533],[139.2448,34.3533]]],[[[139.2449,34.353],[139.245,34.353],[139.245,34.3531],[139.2449,34.3531],[139.2449,34.353]]],[[[139.2449,34.3531],[139.245,34.3531],[139.245,34.3531],[139.2449,34.3531],[139.2449,34.3531]]],[[[139.245,34.3534],[139.2451,34.3534],[139.2451,34.3534],[139.245,34.3534],[139.245,34.3534]]],[[[139.245,34.3534],[139.2451,34.3534],[139.2451,34.3535],[139.245,34.3535],[139.245,34.3534]]],[[[139.245,34.3537],[139.245,34.3537],[139.245,34.3538],[139.245,34.3538],[139.245,34.3537]]],[[[139.2452,34.3537],[139.2452,34.3537],[139.2452,34.3537],[139.2452,34.3537],[139.2452,34.3537]]],[[[139.2451,34.3538],[139.2452,34.3538],[139.2452,34.3538],[139.2451,34.3538],[139.2451,34.3538]]],[[[139.2452,34.3539],[139.2453,34.3539],[139.2453,34.354],[139.2452,34.354],[139.2452,34.3539]]],[[[139.2498,34.3426],[139.2498,34.3426],[139.2498,34.3426],[139.2498,34.3426],[139.2498,34.3426]]],[[[139.2499,34.3426],[139.2499,34.3426],[139.2499,34.3426],[139.2499,34.3426],[139.2499,34.3426]]],[[[139.2761,34.3274],[139.2762,34.3274],[139.2762,34.3276],[139.2761,34.3276],[139.2761,34.3274]]],[[[139.2804,34.3243],[139.2805,34.3243],[139.2805,34.3244],[139.2804,34.3244],[139.2804,34.3243]]],[[[139.2806,34.3243],[139.2808,34.3243],[139.2808,34.3245],[139.2806,34.3245],[139.2806,34.3243]]],[[[139.279,34.325],[139.2774,34.3241],[139.2753,34.3258],[139.2758,34.3274],[139.277,34.3273],[139.2807,34.3252],[139.279,34.325]]],[[[139.2771,34.3236],[139.2772,34.3236],[139.2772,34.3237],[139.2771,34.3237],[139.2771,34.3236]]],[[[139.2769,34.3238],[139.2771,34.3238],[139.2771,34.3239],[139.2769,34.3239],[139.2769,34.3238]]],[[[139.2771,34.3237],[139.2772,34.3237],[139.2772,34.3238],[139.2771,34.3238],[139.2771,34.3237]]],[[[139.2765,34.3275],[139.2768,34.3275],[139.2768,34.3277],[139.2765,34.3277],[139.2765,34.3275]]],[[[139.2769,34.3275],[139.277,34.3275],[139.277,34.3277],[139.2769,34.3277],[139.2769,34.3275]]],[[[139.2059,34.3336],[139.206,34.3336],[139.206,34.3337],[139.2059,34.3337],[139.2059,34.3336]]],[[[139.2055,34.3341],[139.2057,34.3341],[139.2057,34.3342],[139.2055,34.3342],[139.2055,34.3341]]],[[[139.2254,34.3722],[139.2255,34.3722],[139.2255,34.3723],[139.2254,34.3723],[139.2254,34.3722]]],[[[139.2258,34.3712],[139.2259,34.3712],[139.2259,34.3713],[139.2258,34.3713],[139.2258,34.3712]]],[[[139.2263,34.3717],[139.2264,34.3717],[139.2264,34.3718],[139.2263,34.3718],[139.2263,34.3717]]],[[[139.2264,34.3717],[139.2265,34.3717],[139.2265,34.3718],[139.2264,34.3718],[139.2264,34.3717]]],[[[139.2273,34.3697],[139.2273,34.3697],[139.2273,34.3697],[139.2273,34.3697],[139.2273,34.3697]]],[[[139.227,34.3701],[139.2274,34.3701],[139.2274,34.3704],[139.227,34.3704],[139.227,34.3701]]],[[[139.2278,34.3699],[139.2278,34.3699],[139.2278,34.37],[139.2278,34.37],[139.2278,34.3699]]],[[[139.2278,34.37],[139.2279,34.37],[139.2279,34.37],[139.2278,34.37],[139.2278,34.37]]],[[[139.2278,34.37],[139.2278,34.37],[139.2278,34.37],[139.2278,34.37],[139.2278,34.37]]],[[[139.2278,34.3701],[139.2278,34.3701],[139.2278,34.3702],[139.2278,34.3702],[139.2278,34.3701]]],[[[139.2278,34.3701],[139.2279,34.3701],[139.2279,34.3702],[139.2278,34.3702],[139.2278,34.3701]]],[[[139.2279,34.3702],[139.2279,34.3702],[139.2279,34.3703],[139.2279,34.3703],[139.2279,34.3702]]],[[[139.2278,34.3708],[139.2279,34.3708],[139.2279,34.3708],[139.2278,34.3708],[139.2278,34.3708]]],[[[139.2279,34.3708],[139.2279,34.3708],[139.2279,34.3708],[139.2279,34.3708],[139.2279,34.3708]]],[[[139.2278,34.371],[139.2279,34.371],[139.2279,34.371],[139.2278,34.371],[139.2278,34.371]]],[[[139.2279,34.371],[139.2279,34.371],[139.2279,34.371],[139.2279,34.371],[139.2279,34.371]]],[[[139.2556,34.3955],[139.2558,34.3955],[139.2558,34.3956],[139.2556,34.3956],[139.2556,34.3955]]],[[[139.2549,34.3965],[139.2551,34.3965],[139.2551,34.3966],[139.2549,34.3966],[139.2549,34.3965]]],[[[139.2551,34.3965],[139.2553,34.3965],[139.2553,34.3966],[139.2551,34.3966],[139.2551,34.3965]]],[[[139.2549,34.3976],[139.255,34.3976],[139.255,34.3977],[139.2549,34.3977],[139.2549,34.3976]]],[[[139.2557,34.3983],[139.2558,34.3983],[139.2558,34.3984],[139.2557,34.3984],[139.2557,34.3983]]],[[[139.2562,34.3984],[139.2563,34.3984],[139.2563,34.3984],[139.2562,34.3984],[139.2562,34.3984]]],[[[139.2554,34.3993],[139.2557,34.3993],[139.2557,34.3995],[139.2554,34.3995],[139.2554,34.3993]]],[[[139.2551,34.3996],[139.2552,34.3996],[139.2552,34.3996],[139.2551,34.3996],[139.2551,34.3996]]],[[[139.2552,34.3996],[139.2553,34.3996],[139.2553,34.3997],[139.2552,34.3997],[139.2552,34.3996]]],[[[139.2548,34.3998],[139.2551,34.3998],[139.2551,34.4],[139.2548,34.4],[139.2548,34.3998]]],[[[139.2553,34.3995],[139.2556,34.3995],[139.2556,34.3997],[139.2553,34.3997],[139.2553,34.3995]]],[[[139.2555,34.4],[139.2557,34.4],[139.2557,34.4001],[139.2555,34.4001],[139.2555,34.4]]],[[[139.2559,34.3986],[139.256,34.3986],[139.256,34.3987],[139.2559,34.3987],[139.2559,34.3986]]],[[[139.2559,34.399],[139.2561,34.399],[139.2561,34.3992],[139.2559,34.3992],[139.2559,34.399]]],[[[139.2797,34.3935],[139.2798,34.3935],[139.2798,34.3935],[139.2797,34.3935],[139.2797,34.3935]]],[[[139.2803,34.3942],[139.2804,34.3942],[139.2804,34.3942],[139.2803,34.3942],[139.2803,34.3942]]],[[[139.2815,34.3951],[139.2816,34.3951],[139.2816,34.3952],[139.2815,34.3952],[139.2815,34.3951]]],[[[139.282,34.3956],[139.2821,34.3956],[139.2821,34.3957],[139.282,34.3957],[139.282,34.3956]]],[[[139.2832,34.3976],[139.2832,34.3976],[139.2832,34.3977],[139.2832,34.3977],[139.2832,34.3976]]],[[[139.2142,34.335],[139.2143,34.335],[139.2143,34.3351],[139.2142,34.3351],[139.2142,34.335]]],[[[139.2141,34.3353],[139.2142,34.3353],[139.2142,34.3353],[139.2141,34.3353],[139.2141,34.3353]]],[[[139.2142,34.3355],[139.2143,34.3355],[139.2143,34.3356],[139.2142,34.3356],[139.2142,34.3355]]],[[[139.2143,34.3349],[139.2145,34.3349],[139.2145,34.3351],[139.2143,34.3351],[139.2143,34.3349]]],[[[139.2145,34.3354],[139.2146,34.3354],[139.2146,34.3355],[139.2145,34.3355],[139.2145,34.3354]]],[[[139.2146,34.3351],[139.2148,34.3351],[139.2148,34.3354],[139.2146,34.3354],[139.2146,34.3351]]],[[[139.2144,34.3355],[139.2146,34.3355],[139.2146,34.3358],[139.2144,34.3358],[139.2144,34.3355]]],[[[139.2164,34.3335],[139.2166,34.3335],[139.2166,34.3337],[139.2164,34.3337],[139.2164,34.3335]]],[[[139.211,34.3371],[139.211,34.3371],[139.211,34.3372],[139.211,34.3372],[139.211,34.3371]]],[[[139.2112,34.3372],[139.2113,34.3372],[139.2113,34.3373],[139.2112,34.3373],[139.2112,34.3372]]],[[[139.2112,34.3373],[139.2112,34.3373],[139.2112,34.3374],[139.2112,34.3374],[139.2112,34.3373]]],[[[139.2133,34.3365],[139.2134,34.3365],[139.2134,34.3367],[139.2133,34.3367],[139.2133,34.3365]]],[[[139.2133,34.3368],[139.2134,34.3368],[139.2134,34.3369],[139.2133,34.3369],[139.2133,34.3368]]],[[[139.2136,34.3362],[139.2139,34.3362],[139.2139,34.3364],[139.2136,34.3364],[139.2136,34.3362]]],[[[139.2134,34.3364],[139.2135,34.3364],[139.2135,34.3365],[139.2134,34.3365],[139.2134,34.3364]]],[[[139.2263,34.3671],[139.2265,34.3671],[139.2265,34.3672],[139.2263,34.3672],[139.2263,34.3671]]],[[[139.2267,34.3669],[139.2268,34.3669],[139.2268,34.3671],[139.2267,34.3671],[139.2267,34.3669]]],[[[139.2267,34.3671],[139.2268,34.3671],[139.2268,34.3671],[139.2267,34.3671],[139.2267,34.3671]]],[[[139.2269,34.3668],[139.2271,34.3668],[139.2271,34.367],[139.2269,34.367],[139.2269,34.3668]]],[[[139.2272,34.367],[139.2273,34.367],[139.2273,34.3671],[139.2272,34.3671],[139.2272,34.367]]],[[[139.2282,34.3659],[139.2284,34.3659],[139.2284,34.3659],[139.2282,34.3659],[139.2282,34.3659]]],[[[139.2284,34.366],[139.2285,34.366],[139.2285,34.3661],[139.2284,34.3661],[139.2284,34.366]]],[[[139.2281,34.3666],[139.2284,34.3666],[139.2284,34.367],[139.2281,34.367],[139.2281,34.3666]]],[[[139.228,34.367],[139.2281,34.367],[139.2281,34.3671],[139.228,34.3671],[139.228,34.367]]],[[[139.2283,34.3671],[139.2284,34.3671],[139.2284,34.3671],[139.2283,34.3671],[139.2283,34.3671]]],[[[139.2284,34.3671],[139.2285,34.3671],[139.2285,34.3672],[139.2284,34.3672],[139.2284,34.3671]]],[[[139.2285,34.3661],[139.2289,34.3661],[139.2289,34.3664],[139.2285,34.3664],[139.2285,34.3661]]],[[[139.229,34.3662],[139.2294,34.3657],[139.2288,34.3656],[139.2283,34.3658],[139.229,34.3662]]],[[[139.2285,34.3671],[139.2286,34.3671],[139.2286,34.3672],[139.2285,34.3672],[139.2285,34.3671]]],[[[139.2292,34.367],[139.2293,34.367],[139.2293,34.3671],[139.2292,34.3671],[139.2292,34.367]]],[[[139.229,34.3676],[139.2292,34.3676],[139.2292,34.3677],[139.229,34.3677],[139.229,34.3676]]],[[[139.2292,34.3674],[139.2293,34.3674],[139.2293,34.3674],[139.2292,34.3674],[139.2292,34.3674]]],[[[139.2289,34.3678],[139.2292,34.3678],[139.2292,34.3681],[139.2289,34.3681],[139.2289,34.3678]]],[[[139.2287,34.3685],[139.2288,34.3685],[139.2288,34.3686],[139.2287,34.3686],[139.2287,34.3685]]],[[[139.2252,34.3676],[139.2254,34.3676],[139.2254,34.3678],[139.2252,34.3678],[139.2252,34.3676]]],[[[139.2259,34.3678],[139.2259,34.3678],[139.2259,34.3678],[139.2259,34.3678],[139.2259,34.3678]]],[[[139.226,34.3677],[139.226,34.3677],[139.226,34.3677],[139.226,34.3677],[139.226,34.3677]]],[[[139.2261,34.3675],[139.2262,34.3675],[139.2262,34.3676],[139.2261,34.3676],[139.2261,34.3675]]],[[[139.2263,34.3674],[139.2264,34.3674],[139.2264,34.3674],[139.2263,34.3674],[139.2263,34.3674]]],[[[139.2265,34.3678],[139.2265,34.3678],[139.2265,34.3679],[139.2265,34.3679],[139.2265,34.3678]]],[[[139.2264,34.3679],[139.2265,34.3679],[139.2265,34.368],[139.2264,34.368],[139.2264,34.3679]]],[[[139.2263,34.368],[139.2264,34.368],[139.2264,34.3681],[139.2263,34.3681],[139.2263,34.368]]],[[[139.2263,34.3683],[139.2264,34.3683],[139.2264,34.3684],[139.2263,34.3684],[139.2263,34.3683]]],[[[139.2265,34.3684],[139.2265,34.3684],[139.2265,34.3684],[139.2265,34.3684],[139.2265,34.3684]]],[[[139.2257,34.3693],[139.2259,34.3693],[139.2259,34.3695],[139.2257,34.3695],[139.2257,34.3693]]],[[[139.2266,34.3671],[139.2267,34.3671],[139.2267,34.3672],[139.2266,34.3672],[139.2266,34.3671]]],[[[139.2267,34.3682],[139.2268,34.3682],[139.2268,34.3682],[139.2267,34.3682],[139.2267,34.3682]]],[[[139.2266,34.3685],[139.2267,34.3685],[139.2267,34.3686],[139.2266,34.3686],[139.2266,34.3685]]],[[[139.2268,34.3686],[139.2268,34.3686],[139.2268,34.3686],[139.2268,34.3686],[139.2268,34.3686]]],[[[139.2269,34.3687],[139.227,34.3687],[139.227,34.3688],[139.2269,34.3688],[139.2269,34.3687]]],[[[139.228,34.3672],[139.2281,34.3672],[139.2281,34.3672],[139.228,34.3672],[139.228,34.3672]]],[[[139.2267,34.3693],[139.2271,34.3693],[139.2271,34.3695],[139.2267,34.3695],[139.2267,34.3693]]],[[[139.2271,34.3691],[139.2272,34.3691],[139.2272,34.3692],[139.2271,34.3692],[139.2271,34.3691]]],[[[139.2273,34.3696],[139.2273,34.3696],[139.2273,34.3697],[139.2273,34.3697],[139.2273,34.3696]]],[[[139.2286,34.369],[139.2286,34.369],[139.2286,34.3691],[139.2286,34.3691],[139.2286,34.369]]],[[[139.2287,34.369],[139.2287,34.369],[139.2287,34.3691],[139.2287,34.3691],[139.2287,34.369]]],[[[139.2286,34.3692],[139.2286,34.3692],[139.2286,34.3692],[139.2286,34.3692],[139.2286,34.3692]]],[[[139.2287,34.3695],[139.2288,34.3695],[139.2288,34.3695],[139.2287,34.3695],[139.2287,34.3695]]],[[[139.2287,34.37],[139.2287,34.37],[139.2287,34.3701],[139.2287,34.3701],[139.2287,34.37]]],[[[139.2288,34.3697],[139.2288,34.3697],[139.2288,34.3698],[139.2288,34.3698],[139.2288,34.3697]]],[[[139.2289,34.3699],[139.229,34.3699],[139.229,34.3699],[139.2289,34.3699],[139.2289,34.3699]]],[[[139.2289,34.3709],[139.2289,34.3709],[139.2289,34.3709],[139.2289,34.3709],[139.2289,34.3709]]],[[[139.2293,34.3708],[139.2295,34.3708],[139.2295,34.371],[139.2293,34.371],[139.2293,34.3708]]],[[[139.2294,34.3712],[139.2294,34.3712],[139.2294,34.3713],[139.2294,34.3713],[139.2294,34.3712]]],[[[139.2294,34.3713],[139.2294,34.3713],[139.2294,34.3714],[139.2294,34.3714],[139.2294,34.3713]]],[[[139.2294,34.3725],[139.2294,34.3725],[139.2294,34.3725],[139.2294,34.3725],[139.2294,34.3725]]],[[[139.2294,34.3725],[139.2295,34.3725],[139.2295,34.3725],[139.2294,34.3725],[139.2294,34.3725]]],[[[139.2293,34.3727],[139.2293,34.3727],[139.2293,34.3728],[139.2293,34.3728],[139.2293,34.3727]]],[[[139.2294,34.3726],[139.2294,34.3726],[139.2294,34.3726],[139.2294,34.3726],[139.2294,34.3726]]],[[[139.2294,34.3715],[139.2296,34.3715],[139.2296,34.3717],[139.2294,34.3717],[139.2294,34.3715]]],[[[139.2295,34.3718],[139.2295,34.3718],[139.2295,34.3719],[139.2295,34.3719],[139.2295,34.3718]]],[[[139.2439,34.35],[139.244,34.35],[139.244,34.35],[139.2439,34.35],[139.2439,34.35]]],[[[139.2442,34.3493],[139.2443,34.3493],[139.2443,34.3494],[139.2442,34.3494],[139.2442,34.3493]]],[[[139.2443,34.3493],[139.2443,34.3493],[139.2443,34.3494],[139.2443,34.3494],[139.2443,34.3493]]],[[[139.2443,34.3493],[139.2444,34.3493],[139.2444,34.3494],[139.2443,34.3494],[139.2443,34.3493]]],[[[139.2443,34.3496],[139.2443,34.3496],[139.2443,34.3497],[139.2443,34.3497],[139.2443,34.3496]]],[[[139.2443,34.3497],[139.2443,34.3497],[139.2443,34.3498],[139.2443,34.3498],[139.2443,34.3497]]],[[[139.2443,34.3498],[139.2443,34.3498],[139.2443,34.3498],[139.2443,34.3498],[139.2443,34.3498]]],[[[139.2444,34.3499],[139.2444,34.3499],[139.2444,34.35],[139.2444,34.35],[139.2444,34.3499]]],[[[139.2444,34.35],[139.2444,34.35],[139.2444,34.35],[139.2444,34.35],[139.2444,34.35]]],[[[139.2443,34.3501],[139.2444,34.3501],[139.2444,34.3502],[139.2443,34.3502],[139.2443,34.3501]]],[[[139.2444,34.3503],[139.2444,34.3503],[139.2444,34.3503],[139.2444,34.3503],[139.2444,34.3503]]],[[[139.2444,34.3505],[139.2444,34.3505],[139.2444,34.3505],[139.2444,34.3505],[139.2444,34.3505]]],[[[139.2443,34.3506],[139.2444,34.3506],[139.2444,34.3506],[139.2443,34.3506],[139.2443,34.3506]]],[[[139.2416,34.364],[139.2417,34.364],[139.2417,34.3641],[139.2416,34.3641],[139.2416,34.364]]],[[[139.2416,34.3642],[139.2417,34.3642],[139.2417,34.3643],[139.2416,34.3643],[139.2416,34.3642]]],[[[139.2414,34.3644],[139.2415,34.3644],[139.2415,34.3645],[139.2414,34.3645],[139.2414,34.3644]]],[[[139.2418,34.3644],[139.2419,34.3644],[139.2419,34.3644],[139.2418,34.3644],[139.2418,34.3644]]],[[[139.2429,34.362],[139.2431,34.362],[139.2431,34.3621],[139.2429,34.3621],[139.2429,34.362]]],[[[139.2431,34.3619],[139.2432,34.3619],[139.2432,34.362],[139.2431,34.362],[139.2431,34.3619]]],[[[139.2431,34.3615],[139.2432,34.3615],[139.2432,34.3615],[139.2431,34.3615],[139.2431,34.3615]]],[[[139.2419,34.3656],[139.242,34.3656],[139.242,34.3657],[139.2419,34.3657],[139.2419,34.3656]]],[[[139.2419,34.3656],[139.242,34.3656],[139.242,34.3656],[139.2419,34.3656],[139.2419,34.3656]]],[[[139.24,34.3651],[139.2401,34.3651],[139.2401,34.3652],[139.24,34.3652],[139.24,34.3651]]],[[[139.24,34.3654],[139.2401,34.3654],[139.2401,34.3655],[139.24,34.3655],[139.24,34.3654]]],[[[139.2401,34.3659],[139.2402,34.3659],[139.2402,34.366],[139.2401,34.366],[139.2401,34.3659]]],[[[139.2406,34.365],[139.2407,34.365],[139.2407,34.3652],[139.2406,34.3652],[139.2406,34.365]]],[[[139.2407,34.3652],[139.2408,34.3652],[139.2408,34.3652],[139.2407,34.3652],[139.2407,34.3652]]],[[[139.2412,34.3647],[139.2413,34.3647],[139.2413,34.3647],[139.2412,34.3647],[139.2412,34.3647]]],[[[139.2415,34.3647],[139.2416,34.3647],[139.2416,34.3648],[139.2415,34.3648],[139.2415,34.3647]]],[[[139.2414,34.3647],[139.2415,34.3647],[139.2415,34.3648],[139.2414,34.3648],[139.2414,34.3647]]],[[[139.2416,34.365],[139.2417,34.365],[139.2417,34.365],[139.2416,34.365],[139.2416,34.365]]],[[[139.2417,34.3645],[139.2417,34.3645],[139.2417,34.3646],[139.2417,34.3646],[139.2417,34.3645]]],[[[139.2404,34.3656],[139.2404,34.3656],[139.2404,34.3656],[139.2404,34.3656],[139.2404,34.3656]]],[[[139.2405,34.3653],[139.2405,34.3653],[139.2405,34.3654],[139.2405,34.3654],[139.2405,34.3653]]],[[[139.2406,34.3653],[139.2406,34.3653],[139.2406,34.3654],[139.2406,34.3654],[139.2406,34.3653]]],[[[139.2406,34.3658],[139.2407,34.3658],[139.2407,34.3659],[139.2406,34.3659],[139.2406,34.3658]]],[[[139.2421,34.3656],[139.2421,34.3656],[139.2421,34.3656],[139.2421,34.3656],[139.2421,34.3656]]],[[[139.2421,34.3644],[139.2423,34.3644],[139.2423,34.3645],[139.2421,34.3645],[139.2421,34.3644]]],[[[139.2429,34.3651],[139.2429,34.3651],[139.2429,34.3651],[139.2429,34.3651],[139.2429,34.3651]]],[[[139.243,34.3658],[139.2431,34.3658],[139.2431,34.3659],[139.243,34.3659],[139.243,34.3658]]],[[[139.2295,34.3724],[139.2296,34.3724],[139.2296,34.3725],[139.2295,34.3725],[139.2295,34.3724]]],[[[139.2399,34.3649],[139.24,34.3649],[139.24,34.3649],[139.2399,34.3649],[139.2399,34.3649]]],[[[139.2398,34.365],[139.2399,34.365],[139.2399,34.3651],[139.2398,34.3651],[139.2398,34.365]]],[[[139.24,34.3649],[139.24,34.3649],[139.24,34.365],[139.24,34.365],[139.24,34.3649]]],[[[139.2399,34.3655],[139.24,34.3655],[139.24,34.3656],[139.2399,34.3656],[139.2399,34.3655]]],[[[139.2402,34.3659],[139.2403,34.3659],[139.2403,34.366],[139.2402,34.366],[139.2402,34.3659]]],[[[139.2403,34.366],[139.2404,34.366],[139.2404,34.366],[139.2403,34.366],[139.2403,34.366]]],[[[139.2404,34.3661],[139.2404,34.3661],[139.2404,34.3661],[139.2404,34.3661],[139.2404,34.3661]]],[[[139.2406,34.3659],[139.2406,34.3659],[139.2406,34.366],[139.2406,34.366],[139.2406,34.3659]]],[[[139.2407,34.366],[139.2407,34.366],[139.2407,34.366],[139.2407,34.366],[139.2407,34.366]]],[[[139.2404,34.3663],[139.2405,34.3663],[139.2405,34.3664],[139.2404,34.3664],[139.2404,34.3663]]],[[[139.2406,34.3663],[139.2407,34.3663],[139.2407,34.3663],[139.2406,34.3663],[139.2406,34.3663]]],[[[139.2408,34.3662],[139.2409,34.3662],[139.2409,34.3663],[139.2408,34.3663],[139.2408,34.3662]]],[[[139.241,34.3664],[139.241,34.3664],[139.241,34.3664],[139.241,34.3664],[139.241,34.3664]]],[[[139.241,34.3665],[139.2412,34.3665],[139.2412,34.3666],[139.241,34.3666],[139.241,34.3665]]],[[[139.2415,34.3668],[139.2415,34.3668],[139.2415,34.3668],[139.2415,34.3668],[139.2415,34.3668]]],[[[139.2415,34.3668],[139.2415,34.3668],[139.2415,34.3668],[139.2415,34.3668],[139.2415,34.3668]]],[[[139.2416,34.3679],[139.2417,34.3679],[139.2417,34.368],[139.2416,34.368],[139.2416,34.3679]]],[[[139.2417,34.368],[139.2417,34.368],[139.2417,34.3681],[139.2417,34.3681],[139.2417,34.368]]],[[[139.2413,34.3683],[139.2414,34.3683],[139.2414,34.3684],[139.2413,34.3684],[139.2413,34.3683]]],[[[139.2412,34.3687],[139.2413,34.3687],[139.2413,34.3687],[139.2412,34.3687],[139.2412,34.3687]]],[[[139.2426,34.3668],[139.2427,34.3668],[139.2427,34.3669],[139.2426,34.3669],[139.2426,34.3668]]],[[[139.2427,34.3668],[139.2429,34.3668],[139.2429,34.3669],[139.2427,34.3669],[139.2427,34.3668]]],[[[139.2429,34.3669],[139.243,34.3669],[139.243,34.3671],[139.2429,34.3671],[139.2429,34.3669]]],[[[139.2427,34.3672],[139.2427,34.3672],[139.2427,34.3674],[139.2427,34.3674],[139.2427,34.3672]]],[[[139.2444,34.3503],[139.2444,34.3503],[139.2444,34.3504],[139.2444,34.3504],[139.2444,34.3503]]],[[[139.2283,34.3652],[139.2286,34.3652],[139.2286,34.3655],[139.2283,34.3655],[139.2283,34.3652]]],[[[139.2284,34.3665],[139.2285,34.3665],[139.2285,34.3666],[139.2284,34.3666],[139.2284,34.3665]]],[[[139.2288,34.3651],[139.2295,34.3651],[139.2295,34.3654],[139.2288,34.3654],[139.2288,34.3651]]],[[[139.2294,34.3659],[139.2295,34.3659],[139.2295,34.3659],[139.2294,34.3659],[139.2294,34.3659]]],[[[139.2285,34.3662],[139.2286,34.3662],[139.2286,34.3662],[139.2285,34.3662],[139.2285,34.3662]]],[[[139.2289,34.3644],[139.2295,34.3644],[139.2295,34.3649],[139.2289,34.3649],[139.2289,34.3644]]],[[[139.2285,34.3667],[139.2286,34.3667],[139.2286,34.3668],[139.2285,34.3668],[139.2285,34.3667]]],[[[139.2295,34.3657],[139.2295,34.3657],[139.2295,34.3658],[139.2295,34.3658],[139.2295,34.3657]]],[[[139.2295,34.372],[139.2296,34.372],[139.2296,34.372],[139.2295,34.372],[139.2295,34.372]]],[[[139.2295,34.3721],[139.2296,34.3721],[139.2296,34.3722],[139.2295,34.3722],[139.2295,34.3721]]],[[[139.2295,34.3721],[139.2296,34.3721],[139.2296,34.3721],[139.2295,34.3721],[139.2295,34.3721]]],[[[139.2069,34.3198],[139.2071,34.3198],[139.2071,34.32],[139.2069,34.32],[139.2069,34.3198]]],[[[139.2087,34.3157],[139.2088,34.3157],[139.2088,34.3158],[139.2087,34.3158],[139.2087,34.3157]]],[[[139.2087,34.3159],[139.2088,34.3159],[139.2088,34.3161],[139.2087,34.3161],[139.2087,34.3159]]],[[[139.209,34.3158],[139.2091,34.3158],[139.2091,34.3159],[139.209,34.3159],[139.209,34.3158]]],[[[139.2091,34.3159],[139.2094,34.3159],[139.2094,34.3166],[139.2091,34.3166],[139.2091,34.3159]]],[[[139.2103,34.3151],[139.2107,34.3151],[139.2107,34.3153],[139.2103,34.3153],[139.2103,34.3151]]],[[[139.2103,34.3153],[139.2106,34.3153],[139.2106,34.3155],[139.2103,34.3155],[139.2103,34.3153]]],[[[139.2078,34.3169],[139.208,34.3169],[139.208,34.3171],[139.2078,34.3171],[139.2078,34.3169]]],[[[139.208,34.3164],[139.2086,34.3164],[139.2086,34.317],[139.208,34.317],[139.208,34.3164]]],[[[139.2089,34.317],[139.209,34.317],[139.209,34.3175],[139.2089,34.3175],[139.2089,34.317]]],[[[139.2088,34.3177],[139.2089,34.3177],[139.2089,34.3177],[139.2088,34.3177],[139.2088,34.3177]]],[[[139.2092,34.3167],[139.2093,34.3167],[139.2093,34.3168],[139.2092,34.3168],[139.2092,34.3167]]],[[[139.2094,34.3167],[139.2094,34.3167],[139.2094,34.3168],[139.2094,34.3168],[139.2094,34.3167]]],[[[139.2093,34.3168],[139.2096,34.3168],[139.2096,34.3175],[139.2093,34.3175],[139.2093,34.3168]]],[[[139.209,34.3174],[139.2091,34.3174],[139.2091,34.3175],[139.209,34.3175],[139.209,34.3174]]],[[[139.207,34.3205],[139.2071,34.3205],[139.2071,34.3206],[139.207,34.3206],[139.207,34.3205]]],[[[139.2109,34.3162],[139.2111,34.3162],[139.2111,34.3164],[139.2109,34.3164],[139.2109,34.3162]]],[[[139.2546,34.4],[139.2548,34.4],[139.2548,34.4001],[139.2546,34.4001],[139.2546,34.4]]],[[[139.2557,34.4009],[139.2557,34.4009],[139.2557,34.401],[139.2557,34.401],[139.2557,34.4009]]],[[[139.256,34.4011],[139.2561,34.4011],[139.2561,34.4012],[139.256,34.4012],[139.256,34.4011]]],[[[139.2571,34.4016],[139.2573,34.4016],[139.2573,34.4017],[139.2571,34.4017],[139.2571,34.4016]]],[[[139.2574,34.4014],[139.2574,34.4014],[139.2574,34.4014],[139.2574,34.4014],[139.2574,34.4014]]],[[[139.2574,34.4015],[139.2575,34.4015],[139.2575,34.4016],[139.2574,34.4016],[139.2574,34.4015]]],[[[139.2574,34.4021],[139.2579,34.4021],[139.2579,34.4023],[139.2574,34.4023],[139.2574,34.4021]]],[[[139.258,34.4023],[139.258,34.4023],[139.258,34.4023],[139.258,34.4023],[139.258,34.4023]]],[[[139.26,34.4041],[139.2601,34.4041],[139.2601,34.4042],[139.26,34.4042],[139.26,34.4041]]],[[[139.2602,34.4042],[139.2603,34.4042],[139.2603,34.4043],[139.2602,34.4043],[139.2602,34.4042]]],[[[139.2604,34.4043],[139.2605,34.4043],[139.2605,34.4044],[139.2604,34.4044],[139.2604,34.4043]]],[[[139.2605,34.4045],[139.2606,34.4045],[139.2606,34.4045],[139.2605,34.4045],[139.2605,34.4045]]],[[[139.2624,34.4056],[139.2625,34.4056],[139.2625,34.4057],[139.2624,34.4057],[139.2624,34.4056]]],[[[139.2651,34.4073],[139.2652,34.4073],[139.2652,34.4074],[139.2651,34.4074],[139.2651,34.4073]]],[[[139.2653,34.4073],[139.2654,34.4073],[139.2654,34.4074],[139.2653,34.4074],[139.2653,34.4073]]],[[[139.2653,34.4076],[139.2655,34.4076],[139.2655,34.4077],[139.2653,34.4077],[139.2653,34.4076]]],[[[139.2662,34.4077],[139.2663,34.4077],[139.2663,34.4077],[139.2662,34.4077],[139.2662,34.4077]]],[[[139.2665,34.4079],[139.2665,34.4079],[139.2665,34.4079],[139.2665,34.4079],[139.2665,34.4079]]],[[[139.2666,34.4079],[139.2667,34.4079],[139.2667,34.408],[139.2666,34.408],[139.2666,34.4079]]],[[[139.2658,34.4105],[139.2661,34.4105],[139.2661,34.4107],[139.2658,34.4107],[139.2658,34.4105]]],[[[139.2661,34.4109],[139.2663,34.4109],[139.2663,34.4112],[139.2661,34.4112],[139.2661,34.4109]]],[[[139.2666,34.4081],[139.2668,34.4081],[139.2668,34.4082],[139.2666,34.4082],[139.2666,34.4081]]],[[[139.2872,34.4005],[139.2874,34.4005],[139.2874,34.4006],[139.2872,34.4006],[139.2872,34.4005]]],[[[139.288,34.4007],[139.2881,34.4007],[139.2881,34.4008],[139.288,34.4008],[139.288,34.4007]]],[[[139.2881,34.4008],[139.2882,34.4008],[139.2882,34.4008],[139.2881,34.4008],[139.2881,34.4008]]],[[[139.2885,34.4009],[139.2886,34.4009],[139.2886,34.401],[139.2885,34.401],[139.2885,34.4009]]],[[[139.2887,34.4011],[139.2888,34.4011],[139.2888,34.4011],[139.2887,34.4011],[139.2887,34.4011]]],[[[139.289,34.4011],[139.2891,34.4011],[139.2891,34.4011],[139.289,34.4011],[139.289,34.4011]]],[[[139.2891,34.4012],[139.2892,34.4012],[139.2892,34.4013],[139.2891,34.4013],[139.2891,34.4012]]],[[[139.2893,34.4014],[139.2894,34.4014],[139.2894,34.4015],[139.2893,34.4015],[139.2893,34.4014]]],[[[139.2899,34.4029],[139.2901,34.4029],[139.2901,34.403],[139.2899,34.403],[139.2899,34.4029]]],[[[139.2899,34.403],[139.29,34.403],[139.29,34.4031],[139.2899,34.4031],[139.2899,34.403]]],[[[139.2899,34.4032],[139.29,34.4032],[139.29,34.4032],[139.2899,34.4032],[139.2899,34.4032]]],[[[139.2877,34.4108],[139.2878,34.4108],[139.2878,34.4109],[139.2877,34.4109],[139.2877,34.4108]]],[[[139.2879,34.4107],[139.2881,34.4107],[139.2881,34.4108],[139.2879,34.4108],[139.2879,34.4107]]],[[[139.2882,34.4103],[139.2883,34.4103],[139.2883,34.4104],[139.2882,34.4104],[139.2882,34.4103]]],[[[139.2881,34.4107],[139.2882,34.4107],[139.2882,34.4107],[139.2881,34.4107],[139.2881,34.4107]]],[[[139.2883,34.4107],[139.2884,34.4107],[139.2884,34.4107],[139.2883,34.4107],[139.2883,34.4107]]],[[[139.2905,34.4063],[139.2906,34.4063],[139.2906,34.4064],[139.2905,34.4064],[139.2905,34.4063]]],[[[139.2918,34.4165],[139.292,34.4165],[139.292,34.4167],[139.2918,34.4167],[139.2918,34.4165]]],[[[139.2624,34.415],[139.2627,34.415],[139.2627,34.4153],[139.2624,34.4153],[139.2624,34.415]]],[[[139.2655,34.411],[139.2659,34.411],[139.2659,34.4115],[139.2655,34.4115],[139.2655,34.411]]],[[[139.2658,34.4116],[139.2661,34.4116],[139.2661,34.412],[139.2658,34.412],[139.2658,34.4116]]],[[[139.2681,34.4147],[139.2683,34.4147],[139.2683,34.4148],[139.2681,34.4148],[139.2681,34.4147]]],[[[139.2684,34.4153],[139.2685,34.4153],[139.2685,34.4154],[139.2684,34.4154],[139.2684,34.4153]]],[[[139.2875,34.411],[139.2875,34.411],[139.2875,34.4111],[139.2875,34.4111],[139.2875,34.411]]],[[[139.2871,34.4111],[139.2871,34.4111],[139.2871,34.4112],[139.2871,34.4112],[139.2871,34.4111]]],[[[139.2872,34.4146],[139.2873,34.4146],[139.2873,34.4146],[139.2872,34.4146],[139.2872,34.4146]]],[[[139.2876,34.4147],[139.2877,34.4147],[139.2877,34.4147],[139.2876,34.4147],[139.2876,34.4147]]],[[[139.2877,34.4148],[139.2878,34.4148],[139.2878,34.4149],[139.2877,34.4149],[139.2877,34.4148]]],[[[139.2879,34.4151],[139.2879,34.4151],[139.2879,34.4152],[139.2879,34.4152],[139.2879,34.4151]]],[[[139.2889,34.4161],[139.2889,34.4161],[139.2889,34.4162],[139.2889,34.4162],[139.2889,34.4161]]],[[[139.2905,34.4171],[139.2905,34.4171],[139.2905,34.4172],[139.2905,34.4172],[139.2905,34.4171]]],[[[139.2907,34.4171],[139.2908,34.4171],[139.2908,34.4172],[139.2907,34.4172],[139.2907,34.4171]]],[[[139.2913,34.4169],[139.2917,34.4169],[139.2917,34.4172],[139.2913,34.4172],[139.2913,34.4169]]],[[[139.2917,34.4167],[139.2923,34.4167],[139.2923,34.4171],[139.2917,34.4171],[139.2917,34.4167]]],[[[139.2864,34.3977],[139.287,34.3977],[139.287,34.3985],[139.2864,34.3985],[139.2864,34.3977]]],[[[139.2862,34.3984],[139.2864,34.3984],[139.2864,34.3986],[139.2862,34.3986],[139.2862,34.3984]]],[[[139.2864,34.3985],[139.2865,34.3985],[139.2865,34.3986],[139.2864,34.3986],[139.2864,34.3985]]],[[[139.2833,34.3975],[139.2834,34.3975],[139.2834,34.3975],[139.2833,34.3975],[139.2833,34.3975]]],[[[139.284,34.3981],[139.2841,34.3981],[139.2841,34.3982],[139.284,34.3982],[139.284,34.3981]]],[[[139.2849,34.3979],[139.285,34.3979],[139.285,34.398],[139.2849,34.398],[139.2849,34.3979]]],[[[139.285,34.398],[139.2851,34.398],[139.2851,34.398],[139.285,34.398],[139.285,34.398]]],[[[139.2851,34.3979],[139.2855,34.3979],[139.2855,34.3983],[139.2851,34.3983],[139.2851,34.3979]]],[[[139.2857,34.3977],[139.2859,34.3977],[139.2859,34.3978],[139.2857,34.3978],[139.2857,34.3977]]],[[[139.2846,34.3986],[139.2847,34.3986],[139.2847,34.3987],[139.2846,34.3987],[139.2846,34.3986]]],[[[139.2849,34.3994],[139.285,34.3994],[139.285,34.3995],[139.2849,34.3995],[139.2849,34.3994]]],[[[139.285,34.3997],[139.2851,34.3997],[139.2851,34.3998],[139.285,34.3998],[139.285,34.3997]]],[[[139.2851,34.3999],[139.2852,34.3999],[139.2852,34.3999],[139.2851,34.3999],[139.2851,34.3999]]],[[[139.2852,34.3999],[139.2853,34.3999],[139.2853,34.4],[139.2852,34.4],[139.2852,34.3999]]],[[[139.2859,34.4],[139.2859,34.4],[139.2859,34.4],[139.2859,34.4],[139.2859,34.4]]],[[[139.2858,34.4001],[139.2859,34.4001],[139.2859,34.4002],[139.2858,34.4002],[139.2858,34.4001]]],[[[139.2859,34.4001],[139.286,34.4001],[139.286,34.4002],[139.2859,34.4002],[139.2859,34.4001]]],[[[139.2863,34.3987],[139.2864,34.3987],[139.2864,34.3988],[139.2863,34.3988],[139.2863,34.3987]]],[[[139.2868,34.3985],[139.2871,34.3985],[139.2871,34.3986],[139.2868,34.3986],[139.2868,34.3985]]],[[[139.2876,34.4005],[139.2878,34.4005],[139.2878,34.4006],[139.2876,34.4006],[139.2876,34.4005]]],[[[139.2801,34.427],[139.2801,34.427],[139.2801,34.4271],[139.2801,34.4271],[139.2801,34.427]]],[[[139.284,34.4289],[139.2841,34.4289],[139.2841,34.429],[139.284,34.429],[139.284,34.4289]]],[[[139.2841,34.4291],[139.2841,34.4291],[139.2841,34.4292],[139.2841,34.4292],[139.2841,34.4291]]],[[[139.2842,34.4288],[139.2843,34.4288],[139.2843,34.4289],[139.2842,34.4289],[139.2842,34.4288]]],[[[139.283,34.4306],[139.2832,34.4306],[139.2832,34.4307],[139.283,34.4307],[139.283,34.4306]]],[[[139.2915,34.4689],[139.2923,34.4689],[139.2923,34.4698],[139.2915,34.4698],[139.2915,34.4689]]],[[[139.2851,34.4303],[139.286,34.4303],[139.286,34.4308],[139.2851,34.4308],[139.2851,34.4303]]],[[[139.2783,34.4172],[139.2784,34.4172],[139.2784,34.4172],[139.2783,34.4172],[139.2783,34.4172]]],[[[139.2892,34.4739],[139.2894,34.4739],[139.2894,34.474],[139.2892,34.474],[139.2892,34.4739]]],[[[139.2899,34.474],[139.2885,34.4766],[139.2863,34.4781],[139.2869,34.4784],[139.2889,34.4778],[139.2886,34.4768],[139.296,34.4738],[139.2995,34.4716],[139.2989,34.471],[139.2994,34.4703],[139.2938,34.4698],[139.2917,34.4701],[139.2917,34.4712],[139.2899,34.474]]],[[[139.2037,34.3273],[139.2038,34.3273],[139.2038,34.3274],[139.2037,34.3274],[139.2037,34.3273]]],[[[139.2038,34.3274],[139.2039,34.3274],[139.2039,34.3274],[139.2038,34.3274],[139.2038,34.3274]]],[[[139.1978,34.3242],[139.1979,34.3242],[139.1979,34.3243],[139.1978,34.3243],[139.1978,34.3242]]],[[[139.1978,34.3245],[139.1979,34.3245],[139.1979,34.3246],[139.1978,34.3246],[139.1978,34.3245]]],[[[139.1986,34.3248],[139.1987,34.3248],[139.1987,34.3249],[139.1986,34.3249],[139.1986,34.3248]]],[[[139.1995,34.3251],[139.1995,34.3251],[139.1995,34.3252],[139.1995,34.3252],[139.1995,34.3251]]],[[[139.201,34.3259],[139.201,34.3259],[139.201,34.326],[139.201,34.326],[139.201,34.3259]]],[[[139.2039,34.3217],[139.204,34.3217],[139.204,34.3217],[139.2039,34.3217],[139.2039,34.3217]]],[[[139.2042,34.3218],[139.2042,34.3218],[139.2042,34.3219],[139.2042,34.3219],[139.2042,34.3218]]],[[[139.2052,34.3209],[139.2052,34.3209],[139.2052,34.321],[139.2052,34.321],[139.2052,34.3209]]],[[[139.2059,34.3212],[139.206,34.3212],[139.206,34.3212],[139.2059,34.3212],[139.2059,34.3212]]],[[[139.2062,34.3211],[139.2063,34.3211],[139.2063,34.3211],[139.2062,34.3211],[139.2062,34.3211]]],[[[139.2064,34.3212],[139.2068,34.3212],[139.2068,34.3214],[139.2064,34.3214],[139.2064,34.3212]]],[[[139.2039,34.3272],[139.204,34.3272],[139.204,34.3273],[139.2039,34.3273],[139.2039,34.3272]]],[[[139.2045,34.3268],[139.2045,34.3268],[139.2045,34.3268],[139.2045,34.3268],[139.2045,34.3268]]],[[[139.2049,34.3267],[139.205,34.3267],[139.205,34.3268],[139.2049,34.3268],[139.2049,34.3267]]],[[[139.205,34.3268],[139.2051,34.3268],[139.2051,34.3269],[139.205,34.3269],[139.205,34.3268]]],[[[139.2051,34.3269],[139.2052,34.3269],[139.2052,34.327],[139.2051,34.327],[139.2051,34.3269]]],[[[139.2053,34.3272],[139.2054,34.3272],[139.2054,34.3273],[139.2053,34.3273],[139.2053,34.3272]]],[[[139.2053,34.3273],[139.2054,34.3273],[139.2054,34.3274],[139.2053,34.3274],[139.2053,34.3273]]],[[[139.206,34.3312],[139.2062,34.3312],[139.2062,34.3315],[139.206,34.3315],[139.206,34.3312]]],[[[139.2062,34.3313],[139.2063,34.3313],[139.2063,34.3315],[139.2062,34.3315],[139.2062,34.3313]]],[[[139.2051,34.3275],[139.2052,34.3275],[139.2052,34.3276],[139.2051,34.3276],[139.2051,34.3275]]],[[[139.2054,34.3275],[139.2054,34.3275],[139.2054,34.3275],[139.2054,34.3275],[139.2054,34.3275]]],[[[139.2052,34.3277],[139.2053,34.3277],[139.2053,34.3278],[139.2052,34.3278],[139.2052,34.3277]]],[[[139.2051,34.3279],[139.2052,34.3279],[139.2052,34.3279],[139.2051,34.3279],[139.2051,34.3279]]],[[[139.2052,34.3293],[139.2053,34.3293],[139.2053,34.3295],[139.2052,34.3295],[139.2052,34.3293]]],[[[139.206,34.3289],[139.2062,34.3289],[139.2062,34.3293],[139.206,34.3293],[139.206,34.3289]]],[[[139.2063,34.3293],[139.2063,34.3293],[139.2063,34.3293],[139.2063,34.3293],[139.2063,34.3293]]],[[[139.2055,34.3312],[139.2057,34.3312],[139.2057,34.3316],[139.2055,34.3316],[139.2055,34.3312]]],[[[139.2058,34.3312],[139.2059,34.3312],[139.2059,34.3313],[139.2058,34.3313],[139.2058,34.3312]]],[[[139.2059,34.3313],[139.2059,34.3313],[139.2059,34.3313],[139.2059,34.3313],[139.2059,34.3313]]],[[[139.2059,34.3313],[139.206,34.3313],[139.206,34.3314],[139.2059,34.3314],[139.2059,34.3313]]],[[[139.206,34.3308],[139.2061,34.3308],[139.2061,34.3308],[139.206,34.3308],[139.206,34.3308]]],[[[139.206,34.3311],[139.2061,34.3311],[139.2061,34.3311],[139.206,34.3311],[139.206,34.3311]]],[[[139.206,34.3334],[139.2062,34.3334],[139.2062,34.3335],[139.206,34.3335],[139.206,34.3334]]],[[[139.2062,34.3337],[139.2062,34.3337],[139.2062,34.3337],[139.2062,34.3337],[139.2062,34.3337]]],[[[139.206,34.334],[139.2062,34.334],[139.2062,34.3341],[139.206,34.3341],[139.206,34.334]]],[[[139.221,34.3203],[139.221,34.3203],[139.221,34.3203],[139.221,34.3203],[139.221,34.3203]]],[[[139.2206,34.3203],[139.2207,34.3203],[139.2207,34.3204],[139.2206,34.3204],[139.2206,34.3203]]],[[[139.2206,34.3204],[139.2209,34.3204],[139.2209,34.3206],[139.2206,34.3206],[139.2206,34.3204]]],[[[139.2209,34.3202],[139.221,34.3202],[139.221,34.3204],[139.2209,34.3204],[139.2209,34.3202]]],[[[139.2208,34.3206],[139.221,34.3206],[139.221,34.3207],[139.2208,34.3207],[139.2208,34.3206]]],[[[139.221,34.3203],[139.221,34.3203],[139.221,34.3204],[139.221,34.3204],[139.221,34.3203]]],[[[139.2178,34.3192],[139.2179,34.3192],[139.2179,34.3192],[139.2178,34.3192],[139.2178,34.3192]]],[[[139.2181,34.3193],[139.2184,34.3193],[139.2184,34.3194],[139.2181,34.3194],[139.2181,34.3193]]],[[[139.2185,34.3192],[139.2186,34.3192],[139.2186,34.3192],[139.2185,34.3192],[139.2185,34.3192]]],[[[139.2223,34.3202],[139.2224,34.3202],[139.2224,34.3202],[139.2223,34.3202],[139.2223,34.3202]]],[[[139.2224,34.3201],[139.2225,34.3201],[139.2225,34.3203],[139.2224,34.3203],[139.2224,34.3201]]],[[[139.2235,34.3202],[139.2236,34.3202],[139.2236,34.3203],[139.2235,34.3203],[139.2235,34.3202]]],[[[139.2247,34.3202],[139.2248,34.3202],[139.2248,34.3203],[139.2247,34.3203],[139.2247,34.3202]]],[[[139.2197,34.3203],[139.2199,34.3203],[139.2199,34.3207],[139.2197,34.3207],[139.2197,34.3203]]],[[[139.2206,34.3203],[139.2206,34.3203],[139.2206,34.3204],[139.2206,34.3204],[139.2206,34.3203]]],[[[139.2211,34.3205],[139.2212,34.3205],[139.2212,34.3205],[139.2211,34.3205],[139.2211,34.3205]]],[[[139.2212,34.3211],[139.2214,34.3211],[139.2214,34.3212],[139.2212,34.3212],[139.2212,34.3211]]],[[[139.2221,34.3203],[139.2223,34.3203],[139.2223,34.3204],[139.2221,34.3204],[139.2221,34.3203]]],[[[139.2234,34.3215],[139.2237,34.3215],[139.2237,34.3217],[139.2234,34.3217],[139.2234,34.3215]]],[[[139.2241,34.3207],[139.2246,34.3207],[139.2246,34.321],[139.2241,34.321],[139.2241,34.3207]]],[[[139.2257,34.3302],[139.226,34.3302],[139.226,34.3305],[139.2257,34.3305],[139.2257,34.3302]]],[[[139.2266,34.3297],[139.2271,34.3297],[139.2271,34.3302],[139.2266,34.3302],[139.2266,34.3297]]],[[[139.226,34.3301],[139.2272,34.3301],[139.2272,34.3307],[139.226,34.3307],[139.226,34.3301]]],[[[139.2265,34.3254],[139.2267,34.3254],[139.2267,34.3254],[139.2265,34.3254],[139.2265,34.3254]]],[[[139.2265,34.3275],[139.2267,34.3275],[139.2267,34.3276],[139.2265,34.3276],[139.2265,34.3275]]],[[[139.2263,34.3295],[139.2263,34.3295],[139.2263,34.3296],[139.2263,34.3296],[139.2263,34.3295]]],[[[139.2263,34.3297],[139.2264,34.3297],[139.2264,34.3297],[139.2263,34.3297],[139.2263,34.3297]]],[[[139.2265,34.33],[139.2265,34.33],[139.2265,34.3301],[139.2265,34.3301],[139.2265,34.33]]],[[[139.2255,34.3308],[139.2256,34.3308],[139.2256,34.3309],[139.2255,34.3309],[139.2255,34.3308]]],[[[139.2266,34.3281],[139.227,34.3281],[139.227,34.3286],[139.2266,34.3286],[139.2266,34.3281]]],[[[139.227,34.3289],[139.2271,34.3289],[139.2271,34.3291],[139.227,34.3291],[139.227,34.3289]]],[[[139.2265,34.3295],[139.2267,34.3295],[139.2267,34.3296],[139.2265,34.3296],[139.2265,34.3295]]],[[[139.2268,34.3291],[139.227,34.3291],[139.227,34.3294],[139.2268,34.3294],[139.2268,34.3291]]],[[[139.2269,34.3294],[139.2271,34.3294],[139.2271,34.3296],[139.2269,34.3296],[139.2269,34.3294]]],[[[139.1951,34.3166],[139.1953,34.3166],[139.1953,34.3167],[139.1951,34.3167],[139.1951,34.3166]]],[[[139.1952,34.3167],[139.1958,34.3167],[139.1958,34.3172],[139.1952,34.3172],[139.1952,34.3167]]],[[[139.2003,34.3159],[139.2005,34.3159],[139.2005,34.316],[139.2003,34.316],[139.2003,34.3159]]],[[[139.2016,34.3152],[139.2017,34.3152],[139.2017,34.3153],[139.2016,34.3153],[139.2016,34.3152]]],[[[139.2015,34.316],[139.201,34.3151],[139.2001,34.3155],[139.2015,34.316]]],[[[139.1945,34.3164],[139.1947,34.3164],[139.1947,34.3165],[139.1945,34.3165],[139.1945,34.3164]]],[[[139.1951,34.3175],[139.1952,34.3175],[139.1952,34.3176],[139.1951,34.3176],[139.1951,34.3175]]],[[[139.1954,34.3174],[139.1955,34.3174],[139.1955,34.3175],[139.1954,34.3175],[139.1954,34.3174]]],[[[139.1957,34.3175],[139.1958,34.3175],[139.1958,34.3177],[139.1957,34.3177],[139.1957,34.3175]]],[[[139.202,34.3189],[139.2021,34.3189],[139.2021,34.3189],[139.202,34.3189],[139.202,34.3189]]],[[[139.2023,34.319],[139.2024,34.319],[139.2024,34.319],[139.2023,34.319],[139.2023,34.319]]],[[[139.2024,34.3191],[139.2025,34.3191],[139.2025,34.3192],[139.2024,34.3192],[139.2024,34.3191]]],[[[139.2026,34.3194],[139.2027,34.3194],[139.2027,34.3195],[139.2026,34.3195],[139.2026,34.3194]]],[[[139.2024,34.3204],[139.2025,34.3204],[139.2025,34.3205],[139.2024,34.3205],[139.2024,34.3204]]],[[[139.2065,34.3185],[139.2067,34.3185],[139.2067,34.3186],[139.2065,34.3186],[139.2065,34.3185]]],[[[139.2067,34.3199],[139.2067,34.3199],[139.2067,34.3199],[139.2067,34.3199],[139.2067,34.3199]]],[[[139.2031,34.3204],[139.2032,34.3204],[139.2032,34.3205],[139.2031,34.3205],[139.2031,34.3204]]],[[[139.2046,34.3209],[139.2047,34.3209],[139.2047,34.321],[139.2046,34.321],[139.2046,34.3209]]],[[[139.2059,34.3204],[139.2061,34.3204],[139.2061,34.3205],[139.2059,34.3205],[139.2059,34.3204]]],[[[139.2061,34.3205],[139.2061,34.3205],[139.2061,34.3206],[139.2061,34.3206],[139.2061,34.3205]]],[[[139.202,34.3289],[139.2021,34.3289],[139.2021,34.329],[139.202,34.329],[139.202,34.3289]]],[[[139.2021,34.3283],[139.2022,34.3283],[139.2022,34.3283],[139.2021,34.3283],[139.2021,34.3283]]],[[[139.2023,34.3283],[139.2023,34.3283],[139.2023,34.3284],[139.2023,34.3284],[139.2023,34.3283]]],[[[139.2021,34.3284],[139.2022,34.3284],[139.2022,34.3284],[139.2021,34.3284],[139.2021,34.3284]]],[[[139.2023,34.3284],[139.2023,34.3284],[139.2023,34.3284],[139.2023,34.3284],[139.2023,34.3284]]],[[[139.202,34.3281],[139.2027,34.3281],[139.2027,34.3293],[139.202,34.3293],[139.202,34.3281]]],[[[139.1998,34.3289],[139.2002,34.3289],[139.2002,34.3292],[139.1998,34.3292],[139.1998,34.3289]]],[[[139.2002,34.3291],[139.2002,34.3291],[139.2002,34.3291],[139.2002,34.3291],[139.2002,34.3291]]],[[[139.2006,34.3293],[139.2008,34.3293],[139.2008,34.3294],[139.2006,34.3294],[139.2006,34.3293]]],[[[139.2006,34.3294],[139.2009,34.3294],[139.2009,34.3295],[139.2006,34.3295],[139.2006,34.3294]]],[[[139.2018,34.329],[139.202,34.329],[139.202,34.3291],[139.2018,34.3291],[139.2018,34.329]]],[[[139.2014,34.3292],[139.2014,34.3292],[139.2014,34.3293],[139.2014,34.3293],[139.2014,34.3292]]],[[[139.2049,34.3278],[139.2049,34.3278],[139.2049,34.3278],[139.2049,34.3278],[139.2049,34.3278]]],[[[139.2045,34.3286],[139.2047,34.3286],[139.2047,34.3288],[139.2045,34.3288],[139.2045,34.3286]]],[[[139.2046,34.329],[139.2046,34.329],[139.2046,34.3291],[139.2046,34.3291],[139.2046,34.329]]],[[[139.2047,34.3289],[139.2047,34.3289],[139.2047,34.3289],[139.2047,34.3289],[139.2047,34.3289]]],[[[139.2049,34.3286],[139.205,34.3286],[139.205,34.3288],[139.2049,34.3288],[139.2049,34.3286]]],[[[139.2047,34.3293],[139.2048,34.3293],[139.2048,34.3294],[139.2047,34.3294],[139.2047,34.3293]]],[[[139.2048,34.3296],[139.2051,34.3296],[139.2051,34.3299],[139.2048,34.3299],[139.2048,34.3296]]],[[[139.2051,34.3288],[139.2051,34.3288],[139.2051,34.3289],[139.2051,34.3289],[139.2051,34.3288]]],[[[139.2149,34.3166],[139.215,34.3166],[139.215,34.3167],[139.2149,34.3167],[139.2149,34.3166]]],[[[139.215,34.3166],[139.215,34.3166],[139.215,34.3167],[139.215,34.3167],[139.215,34.3166]]],[[[139.2151,34.3167],[139.2152,34.3167],[139.2152,34.3168],[139.2151,34.3168],[139.2151,34.3167]]],[[[139.2152,34.3169],[139.2152,34.3169],[139.2152,34.3169],[139.2152,34.3169],[139.2152,34.3169]]],[[[139.2152,34.3167],[139.2153,34.3167],[139.2153,34.3169],[139.2152,34.3169],[139.2152,34.3167]]],[[[139.2163,34.3164],[139.2164,34.3164],[139.2164,34.3166],[139.2163,34.3166],[139.2163,34.3164]]],[[[139.2164,34.3166],[139.2164,34.3166],[139.2164,34.3166],[139.2164,34.3166],[139.2164,34.3166]]],[[[139.2113,34.3154],[139.2115,34.3154],[139.2115,34.3155],[139.2113,34.3155],[139.2113,34.3154]]],[[[139.2125,34.3154],[139.2129,34.3154],[139.2129,34.3158],[139.2125,34.3158],[139.2125,34.3154]]],[[[139.2141,34.3173],[139.2142,34.3173],[139.2142,34.3174],[139.2141,34.3174],[139.2141,34.3173]]],[[[139.2145,34.3171],[139.2146,34.3171],[139.2146,34.3172],[139.2145,34.3172],[139.2145,34.3171]]],[[[139.2146,34.3172],[139.2146,34.3172],[139.2146,34.3173],[139.2146,34.3173],[139.2146,34.3172]]],[[[139.2153,34.3161],[139.2153,34.3161],[139.2153,34.3162],[139.2153,34.3162],[139.2153,34.3161]]],[[[139.2155,34.3163],[139.2155,34.3163],[139.2155,34.3163],[139.2155,34.3163],[139.2155,34.3163]]],[[[139.2149,34.3167],[139.2151,34.3167],[139.2151,34.317],[139.2149,34.317],[139.2149,34.3167]]],[[[139.2152,34.3165],[139.2152,34.3165],[139.2152,34.3166],[139.2152,34.3166],[139.2152,34.3165]]],[[[139.2156,34.3162],[139.2163,34.3162],[139.2163,34.3169],[139.2156,34.3169],[139.2156,34.3162]]],[[[139.2166,34.3166],[139.2167,34.3166],[139.2167,34.3168],[139.2166,34.3168],[139.2166,34.3166]]],[[[139.2164,34.3174],[139.2164,34.3174],[139.2164,34.3175],[139.2164,34.3175],[139.2164,34.3174]]],[[[139.2167,34.3164],[139.2169,34.3164],[139.2169,34.3166],[139.2167,34.3166],[139.2167,34.3164]]],[[[139.2169,34.3168],[139.217,34.3168],[139.217,34.3168],[139.2169,34.3168],[139.2169,34.3168]]],[[[139.217,34.3167],[139.2171,34.3167],[139.2171,34.3168],[139.217,34.3168],[139.217,34.3167]]],[[[139.2177,34.3187],[139.2178,34.3187],[139.2178,34.3188],[139.2177,34.3188],[139.2177,34.3187]]],[[[139.2176,34.3188],[139.2177,34.3188],[139.2177,34.3189],[139.2176,34.3189],[139.2176,34.3188]]],[[[139.2169,34.3167],[139.2169,34.3167],[139.2169,34.3168],[139.2169,34.3168],[139.2169,34.3167]]],[[[139.2169,34.3163],[139.2173,34.3163],[139.2173,34.3166],[139.2169,34.3166],[139.2169,34.3163]]],[[[139.2173,34.3181],[139.2174,34.3181],[139.2174,34.3181],[139.2173,34.3181],[139.2173,34.3181]]],[[[139.2174,34.3181],[139.2175,34.3181],[139.2175,34.3182],[139.2174,34.3182],[139.2174,34.3181]]],[[[139.2175,34.3181],[139.2177,34.3181],[139.2177,34.3183],[139.2175,34.3183],[139.2175,34.3181]]],[[[139.2177,34.3165],[139.218,34.3165],[139.218,34.3172],[139.2177,34.3172],[139.2177,34.3165]]],[[[139.2183,34.3172],[139.2184,34.3172],[139.2184,34.3173],[139.2183,34.3173],[139.2183,34.3172]]],[[[139.2184,34.317],[139.2187,34.317],[139.2187,34.3172],[139.2184,34.3172],[139.2184,34.317]]],[[[139.2186,34.3168],[139.2187,34.3168],[139.2187,34.317],[139.2186,34.317],[139.2186,34.3168]]],[[[139.2179,34.3174],[139.2185,34.3174],[139.2185,34.3177],[139.2179,34.3177],[139.2179,34.3174]]],[[[139.2186,34.3176],[139.2186,34.3176],[139.2186,34.3176],[139.2186,34.3176],[139.2186,34.3176]]],[[[139.2176,34.3188],[139.2176,34.3188],[139.2176,34.3189],[139.2176,34.3189],[139.2176,34.3188]]],[[[139.2177,34.3192],[139.2177,34.3192],[139.2177,34.3192],[139.2177,34.3192],[139.2177,34.3192]]],[[[139.2179,34.3188],[139.2179,34.3188],[139.2179,34.3188],[139.2179,34.3188],[139.2179,34.3188]]],[[[139.2178,34.3189],[139.2179,34.3189],[139.2179,34.3189],[139.2178,34.3189],[139.2178,34.3189]]],[[[139.2182,34.3191],[139.2184,34.3191],[139.2184,34.3192],[139.2182,34.3192],[139.2182,34.3191]]],[[[139.2063,34.329],[139.2064,34.329],[139.2064,34.3291],[139.2063,34.3291],[139.2063,34.329]]],[[[139.2063,34.3291],[139.2063,34.3291],[139.2063,34.3291],[139.2063,34.3291],[139.2063,34.3291]]],[[[139.2064,34.3307],[139.207,34.3307],[139.207,34.3313],[139.2064,34.3313],[139.2064,34.3307]]],[[[139.2069,34.3311],[139.207,34.3311],[139.207,34.3312],[139.2069,34.3312],[139.2069,34.3311]]],[[[139.2067,34.335],[139.2067,34.335],[139.2067,34.3351],[139.2067,34.3351],[139.2067,34.335]]],[[[139.2067,34.335],[139.2068,34.335],[139.2068,34.3351],[139.2067,34.3351],[139.2067,34.335]]],[[[139.2068,34.3351],[139.2068,34.3351],[139.2068,34.3352],[139.2068,34.3352],[139.2068,34.3351]]],[[[139.2068,34.3352],[139.2068,34.3352],[139.2068,34.3352],[139.2068,34.3352],[139.2068,34.3352]]],[[[139.2073,34.334],[139.2075,34.334],[139.2075,34.3343],[139.2073,34.3343],[139.2073,34.334]]],[[[139.2074,34.3341],[139.2075,34.3341],[139.2075,34.3342],[139.2074,34.3342],[139.2074,34.3341]]],[[[139.2063,34.3288],[139.2064,34.3288],[139.2064,34.329],[139.2063,34.329],[139.2063,34.3288]]],[[[139.207,34.3305],[139.2071,34.3305],[139.2071,34.3307],[139.207,34.3307],[139.207,34.3305]]],[[[139.2071,34.3308],[139.2071,34.3308],[139.2071,34.3308],[139.2071,34.3308],[139.2071,34.3308]]],[[[139.2075,34.3303],[139.2076,34.3303],[139.2076,34.3304],[139.2075,34.3304],[139.2075,34.3303]]],[[[139.2071,34.3314],[139.2073,34.3314],[139.2073,34.3317],[139.2071,34.3317],[139.2071,34.3314]]],[[[139.2073,34.3323],[139.2075,34.3323],[139.2075,34.3324],[139.2073,34.3324],[139.2073,34.3323]]],[[[139.2073,34.3343],[139.2075,34.3343],[139.2075,34.3345],[139.2073,34.3345],[139.2073,34.3343]]],[[[139.207,34.3353],[139.2071,34.3353],[139.2071,34.3355],[139.207,34.3355],[139.207,34.3353]]],[[[139.2079,34.3315],[139.208,34.3315],[139.208,34.3315],[139.2079,34.3315],[139.2079,34.3315]]],[[[139.2078,34.3316],[139.2079,34.3316],[139.2079,34.3318],[139.2078,34.3318],[139.2078,34.3316]]],[[[139.2079,34.3315],[139.208,34.3315],[139.208,34.3317],[139.2079,34.3317],[139.2079,34.3315]]],[[[139.2081,34.3353],[139.2082,34.3353],[139.2082,34.3355],[139.2081,34.3355],[139.2081,34.3353]]],[[[139.2072,34.3353],[139.2081,34.3353],[139.2081,34.3358],[139.2072,34.3358],[139.2072,34.3353]]],[[[139.2074,34.3357],[139.2084,34.3357],[139.2084,34.3364],[139.2074,34.3364],[139.2074,34.3357]]],[[[139.208,34.3307],[139.2081,34.3307],[139.2081,34.3308],[139.208,34.3308],[139.208,34.3307]]],[[[139.2082,34.3308],[139.2083,34.3308],[139.2083,34.3308],[139.2082,34.3308],[139.2082,34.3308]]],[[[139.208,34.331],[139.2083,34.331],[139.2083,34.3312],[139.208,34.3312],[139.208,34.331]]],[[[139.208,34.3313],[139.2083,34.3313],[139.2083,34.3314],[139.208,34.3314],[139.208,34.3313]]],[[[139.2081,34.3314],[139.2082,34.3314],[139.2082,34.3315],[139.2081,34.3315],[139.2081,34.3314]]],[[[139.2079,34.3319],[139.2081,34.3319],[139.2081,34.3321],[139.2079,34.3321],[139.2079,34.3319]]],[[[139.2082,34.3316],[139.2083,34.3316],[139.2083,34.3317],[139.2082,34.3317],[139.2082,34.3316]]],[[[139.2082,34.3353],[139.2083,34.3353],[139.2083,34.3355],[139.2082,34.3355],[139.2082,34.3353]]],[[[139.2085,34.3361],[139.2086,34.3361],[139.2086,34.3361],[139.2085,34.3361],[139.2085,34.3361]]],[[[139.2099,34.3369],[139.2101,34.3369],[139.2101,34.337],[139.2099,34.337],[139.2099,34.3369]]],[[[139.2106,34.3371],[139.2106,34.3371],[139.2106,34.3371],[139.2106,34.3371],[139.2106,34.3371]]],[[[139.2106,34.3373],[139.2106,34.3373],[139.2106,34.3373],[139.2106,34.3373],[139.2106,34.3373]]],[[[139.2107,34.3373],[139.2108,34.3373],[139.2108,34.3373],[139.2107,34.3373],[139.2107,34.3373]]],[[[139.2097,34.338],[139.2098,34.338],[139.2098,34.338],[139.2097,34.338],[139.2097,34.338]]],[[[139.2194,34.3188],[139.2194,34.3188],[139.2194,34.3188],[139.2194,34.3188],[139.2194,34.3188]]],[[[139.2194,34.3184],[139.2197,34.3184],[139.2197,34.3189],[139.2194,34.3189],[139.2194,34.3184]]],[[[139.2184,34.3185],[139.2189,34.3185],[139.2189,34.3188],[139.2184,34.3188],[139.2184,34.3185]]],[[[139.2187,34.3168],[139.2189,34.3168],[139.2189,34.3169],[139.2187,34.3169],[139.2187,34.3168]]],[[[139.2188,34.3166],[139.2189,34.3166],[139.2189,34.3168],[139.2188,34.3168],[139.2188,34.3166]]],[[[139.219,34.3165],[139.2191,34.3165],[139.2191,34.3166],[139.219,34.3166],[139.219,34.3165]]],[[[139.2193,34.3173],[139.2194,34.3173],[139.2194,34.3173],[139.2193,34.3173],[139.2193,34.3173]]],[[[139.2188,34.3177],[139.219,34.3177],[139.219,34.3178],[139.2188,34.3178],[139.2188,34.3177]]],[[[139.2191,34.3174],[139.2192,34.3174],[139.2192,34.3176],[139.2191,34.3176],[139.2191,34.3174]]],[[[139.219,34.3176],[139.2193,34.3176],[139.2193,34.3177],[139.219,34.3177],[139.219,34.3176]]],[[[139.2188,34.3183],[139.2189,34.3183],[139.2189,34.3183],[139.2188,34.3183],[139.2188,34.3183]]],[[[139.2189,34.3183],[139.219,34.3183],[139.219,34.3183],[139.2189,34.3183],[139.2189,34.3183]]],[[[139.219,34.3182],[139.219,34.3182],[139.219,34.3183],[139.219,34.3183],[139.219,34.3182]]],[[[139.2191,34.3178],[139.2192,34.3178],[139.2192,34.318],[139.2191,34.318],[139.2191,34.3178]]],[[[139.2194,34.3176],[139.2194,34.3176],[139.2194,34.3177],[139.2194,34.3177],[139.2194,34.3176]]],[[[139.2193,34.3182],[139.2194,34.3182],[139.2194,34.3184],[139.2193,34.3184],[139.2193,34.3182]]],[[[139.2197,34.3182],[139.2198,34.3182],[139.2198,34.3182],[139.2197,34.3182],[139.2197,34.3182]]],[[[139.2189,34.3187],[139.2189,34.3187],[139.2189,34.3187],[139.2189,34.3187],[139.2189,34.3187]]],[[[139.2189,34.3188],[139.219,34.3188],[139.219,34.3189],[139.2189,34.3189],[139.2189,34.3188]]],[[[139.2238,34.3183],[139.2242,34.3183],[139.2242,34.319],[139.2238,34.319],[139.2238,34.3183]]],[[[139.2233,34.3219],[139.2234,34.3219],[139.2234,34.3219],[139.2233,34.3219],[139.2233,34.3219]]],[[[139.2228,34.3219],[139.2234,34.3218],[139.2227,34.3213],[139.222,34.3228],[139.2234,34.3225],[139.2228,34.3219]]],[[[139.2174,34.3332],[139.2175,34.3332],[139.2175,34.3332],[139.2174,34.3332],[139.2174,34.3332]]],[[[139.2186,34.3328],[139.2187,34.3328],[139.2187,34.3329],[139.2186,34.3329],[139.2186,34.3328]]],[[[139.2204,34.3214],[139.2211,34.3214],[139.2211,34.322],[139.2204,34.322],[139.2204,34.3214]]],[[[139.2211,34.3222],[139.2213,34.3222],[139.2213,34.3223],[139.2211,34.3223],[139.2211,34.3222]]],[[[139.2212,34.3221],[139.2212,34.3221],[139.2212,34.3221],[139.2212,34.3221],[139.2212,34.3221]]],[[[139.2221,34.323],[139.2223,34.323],[139.2223,34.323],[139.2221,34.323],[139.2221,34.323]]],[[[139.2242,34.3222],[139.2243,34.3222],[139.2243,34.3223],[139.2242,34.3223],[139.2242,34.3222]]],[[[139.223,34.323],[139.2231,34.323],[139.2231,34.3231],[139.223,34.3231],[139.223,34.323]]],[[[139.2232,34.3231],[139.2233,34.3231],[139.2233,34.3232],[139.2232,34.3232],[139.2232,34.3231]]],[[[139.2234,34.323],[139.2235,34.323],[139.2235,34.323],[139.2234,34.323],[139.2234,34.323]]],[[[139.224,34.3222],[139.2242,34.3222],[139.2242,34.3223],[139.224,34.3223],[139.224,34.3222]]],[[[139.2245,34.3225],[139.2245,34.3225],[139.2245,34.3225],[139.2245,34.3225],[139.2245,34.3225]]],[[[139.2242,34.323],[139.2246,34.323],[139.2246,34.3232],[139.2242,34.3232],[139.2242,34.323]]],[[[139.2237,34.3232],[139.2242,34.3232],[139.2242,34.3234],[139.2237,34.3234],[139.2237,34.3232]]],[[[139.2246,34.3231],[139.2249,34.3231],[139.2249,34.3233],[139.2246,34.3233],[139.2246,34.3231]]],[[[139.2211,34.3321],[139.2212,34.3321],[139.2212,34.3321],[139.2211,34.3321],[139.2211,34.3321]]],[[[139.2248,34.3205],[139.2249,34.3205],[139.2249,34.3208],[139.2248,34.3208],[139.2248,34.3205]]],[[[139.2249,34.3208],[139.2251,34.3208],[139.2251,34.321],[139.2249,34.321],[139.2249,34.3208]]],[[[139.2255,34.3206],[139.2256,34.3206],[139.2256,34.3207],[139.2255,34.3207],[139.2255,34.3206]]],[[[139.225,34.3205],[139.2255,34.3205],[139.2255,34.3213],[139.225,34.3213],[139.225,34.3205]]],[[[139.2245,34.3211],[139.2253,34.3211],[139.2253,34.3216],[139.2245,34.3216],[139.2245,34.3211]]],[[[139.2247,34.3215],[139.2251,34.3215],[139.2251,34.3219],[139.2247,34.3219],[139.2247,34.3215]]],[[[139.2262,34.325],[139.2263,34.324],[139.2258,34.3243],[139.2256,34.325],[139.2262,34.325]]],[[[139.2259,34.325],[139.2261,34.325],[139.2261,34.3251],[139.2259,34.3251],[139.2259,34.325]]],[[[139.2257,34.3207],[139.2257,34.3207],[139.2257,34.3207],[139.2257,34.3207],[139.2257,34.3207]]],[[[139.2257,34.3207],[139.2258,34.3207],[139.2258,34.3208],[139.2257,34.3208],[139.2257,34.3207]]],[[[139.2257,34.3209],[139.2258,34.3209],[139.2258,34.3209],[139.2257,34.3209],[139.2257,34.3209]]],[[[139.225,34.3226],[139.2251,34.3226],[139.2251,34.3227],[139.225,34.3227],[139.225,34.3226]]],[[[139.2249,34.3229],[139.225,34.3229],[139.225,34.323],[139.2249,34.323],[139.2249,34.3229]]],[[[139.2247,34.324],[139.225,34.324],[139.225,34.3242],[139.2247,34.3242],[139.2247,34.324]]],[[[139.2251,34.3239],[139.2254,34.3239],[139.2254,34.324],[139.2251,34.324],[139.2251,34.3239]]],[[[139.2254,34.3239],[139.2255,34.3239],[139.2255,34.324],[139.2254,34.324],[139.2254,34.3239]]],[[[139.2255,34.3237],[139.2256,34.3237],[139.2256,34.3238],[139.2255,34.3238],[139.2255,34.3237]]],[[[139.2263,34.3251],[139.2264,34.3251],[139.2264,34.3252],[139.2263,34.3252],[139.2263,34.3251]]],[[[139.2261,34.3251],[139.2263,34.3251],[139.2263,34.3252],[139.2261,34.3252],[139.2261,34.3251]]],[[[139.2264,34.3247],[139.2268,34.3247],[139.2268,34.3252],[139.2264,34.3252],[139.2264,34.3247]]],[[[139.2108,34.3373],[139.211,34.3373],[139.211,34.3374],[139.2108,34.3374],[139.2108,34.3373]]],[[[139.2114,34.3373],[139.2096,34.3376],[139.2104,34.3384],[139.2109,34.3379],[139.2121,34.338],[139.2124,34.3369],[139.2107,34.3368],[139.2114,34.3373]]],[[[139.2068,34.3208],[139.207,34.3208],[139.207,34.321],[139.2068,34.321],[139.2068,34.3208]]],[[[139.2107,34.3156],[139.2114,34.3156],[139.2114,34.3161],[139.2107,34.3161],[139.2107,34.3156]]],[[[139.2167,34.3333],[139.2176,34.3343],[139.2177,34.3334],[139.2169,34.3334],[139.2177,34.3325],[139.2181,34.3331],[139.2202,34.3328],[139.2233,34.3315],[139.2235,34.3309],[139.2219,34.331],[139.2229,34.33],[139.2246,34.3308],[139.2239,34.3317],[139.2265,34.3301],[139.2271,34.3286],[139.2262,34.3292],[139.2266,34.3277],[139.226,34.3273],[139.227,34.3262],[139.2265,34.3256],[139.2257,34.3262],[139.2253,34.3242],[139.2241,34.3243],[139.2252,34.3234],[139.2227,34.3238],[139.2203,34.3225],[139.2194,34.3204],[139.2212,34.32],[139.2189,34.3198],[139.2191,34.3208],[139.2185,34.3208],[139.2171,34.3181],[139.2176,34.3171],[139.2167,34.3166],[139.2161,34.3179],[139.2154,34.3169],[139.215,34.3178],[139.2143,34.3165],[139.214,34.3178],[139.2131,34.3159],[139.2126,34.317],[139.212,34.3157],[139.2116,34.3171],[139.211,34.3167],[139.2114,34.3183],[139.2104,34.3175],[139.2083,34.3174],[139.2081,34.3182],[139.2071,34.3176],[139.2077,34.3188],[139.2067,34.3193],[139.2075,34.3211],[139.2067,34.3217],[139.2052,34.3211],[139.2041,34.322],[139.2047,34.3208],[139.2041,34.32],[139.2034,34.3214],[139.2033,34.3203],[139.2025,34.3208],[139.2021,34.3178],[139.2005,34.3161],[139.2,34.3166],[139.1977,34.316],[139.1961,34.3163],[139.1978,34.3176],[139.1949,34.3182],[139.1942,34.3192],[139.1939,34.3203],[139.1948,34.3208],[139.1955,34.3229],[139.1994,34.3253],[139.2017,34.3257],[139.2005,34.3266],[139.2013,34.3277],[139.2003,34.329],[139.2018,34.3291],[139.2027,34.3276],[139.2052,34.3268],[139.2048,34.3295],[139.2063,34.3279],[139.2065,34.3305],[139.2081,34.3299],[139.2088,34.331],[139.2081,34.332],[139.2085,34.3325],[139.2076,34.3323],[139.2076,34.3331],[139.2069,34.3332],[139.2077,34.3345],[139.2071,34.3349],[139.2064,34.3341],[139.2061,34.3347],[139.2069,34.3353],[139.2088,34.3348],[139.2092,34.3367],[139.2112,34.3358],[139.2128,34.337],[139.2142,34.3347],[139.2155,34.3358],[139.2165,34.3342],[139.2149,34.3342],[139.2143,34.3323],[139.2151,34.3332],[139.2167,34.3333]]]]}},{"type":"Feature","properties":{"code":"133647","name":"神津島村","island":true},"geometry":{"type":"MultiPolygon","coordinates":[[[[139.125,34.1864],[139.1251,34.1864],[139.1251,34.1867],[139.125,34.1867],[139.125,34.1864]]],[[[139.1276,34.2008],[139.1277,34.2008],[139.1277,34.2009],[139.1276,34.2009],[139.1276,34.2008]]],[[[139.1277,34.2009],[139.1277,34.2009],[139.1277,34.2009],[139.1277,34.2009],[139.1277,34.2009]]],[[[139.1276,34.1844],[139.1278,34.1844],[139.1278,34.1846],[139.1276,34.1846],[139.1276,34.1844]]],[[[139.127,34.1848],[139.1271,34.1848],[139.1271,34.1849],[139.127,34.1849],[139.127,34.1848]]],[[[139.1273,34.1849],[139.1277,34.1849],[139.1277,34.1853],[139.1273,34.1853],[139.1273,34.1849]]],[[[139.1279,34.184],[139.1285,34.184],[139.1285,34.1849],[139.1279,34.1849],[139.1279,34.184]]],[[[139.1288,34.1843],[139.1289,34.1843],[139.1289,34.1844],[139.1288,34.1844],[139.1288,34.1843]]],[[[139.1312,34.1853],[139.1313,34.1853],[139.1313,34.1854],[139.1312,34.1854],[139.1312,34.1853]]],[[[139.1322,34.185],[139.1323,34.185],[139.1323,34.1851],[139.1322,34.1851],[139.1322,34.185]]],[[[139.1322,34.1853],[139.1323,34.1853],[139.1323,34.1854],[139.1322,34.1854],[139.1322,34.1853]]],[[[139.1323,34.1854],[139.1323,34.1854],[139.1323,34.1854],[139.1323,34.1854],[139.1323,34.1854]]],[[[139.1322,34.1854],[139.1323,34.1854],[139.1323,34.1855],[139.1322,34.1855],[139.1322,34.1854]]],[[[139.136,34.1857],[139.136,34.1857],[139.136,34.1858],[139.136,34.1858],[139.136,34.1857]]],[[[139.1277,34.2225],[139.1278,34.2225],[139.1278,34.2226],[139.1277,34.2226],[139.1277,34.2225]]],[[[139.1278,34.2225],[139.1279,34.2225],[139.1279,34.2226],[139.1278,34.2226],[139.1278,34.2225]]],[[[139.1293,34.2163],[139.1297,34.2163],[139.1297,34.2166],[139.1293,34.2166],[139.1293,34.2163]]],[[[139.1308,34.2164],[139.1309,34.2164],[139.1309,34.2165],[139.1308,34.2165],[139.1308,34.2164]]],[[[139.1277,34.2223],[139.1277,34.2223],[139.1277,34.2223],[139.1277,34.2223],[139.1277,34.2223]]],[[[139.1283,34.2209],[139.1285,34.2209],[139.1285,34.2211],[139.1283,34.2211],[139.1283,34.2209]]],[[[139.1282,34.2223],[139.1284,34.2223],[139.1284,34.2225],[139.1282,34.2225],[139.1282,34.2223]]],[[[139.1283,34.2225],[139.1284,34.2225],[139.1284,34.2226],[139.1283,34.2226],[139.1283,34.2225]]],[[[139.1284,34.2224],[139.1285,34.2224],[139.1285,34.2225],[139.1284,34.2225],[139.1284,34.2224]]],[[[139.1275,34.2226],[139.1277,34.2226],[139.1277,34.2227],[139.1275,34.2227],[139.1275,34.2226]]],[[[139.1276,34.2228],[139.1278,34.2228],[139.1278,34.223],[139.1276,34.223],[139.1276,34.2228]]],[[[139.1278,34.2231],[139.1279,34.2231],[139.1279,34.2232],[139.1278,34.2232],[139.1278,34.2231]]],[[[139.1283,34.2226],[139.1284,34.2226],[139.1284,34.2227],[139.1283,34.2227],[139.1283,34.2226]]],[[[139.1287,34.2229],[139.1288,34.2229],[139.1288,34.2229],[139.1287,34.2229],[139.1287,34.2229]]],[[[139.1288,34.223],[139.129,34.223],[139.129,34.2231],[139.1288,34.2231],[139.1288,34.223]]],[[[139.1309,34.2189],[139.131,34.2189],[139.131,34.219],[139.1309,34.219],[139.1309,34.2189]]],[[[139.1291,34.2231],[139.1293,34.2231],[139.1293,34.2232],[139.1291,34.2232],[139.1291,34.2231]]],[[[139.1312,34.2235],[139.1313,34.2235],[139.1313,34.2235],[139.1312,34.2235],[139.1312,34.2235]]],[[[139.1317,34.2237],[139.1322,34.2237],[139.1322,34.2239],[139.1317,34.2239],[139.1317,34.2237]]],[[[139.1337,34.2235],[139.1338,34.2235],[139.1338,34.2236],[139.1337,34.2236],[139.1337,34.2235]]],[[[139.1317,34.2331],[139.1318,34.2331],[139.1318,34.2332],[139.1317,34.2332],[139.1317,34.2331]]],[[[139.1317,34.2332],[139.1319,34.2332],[139.1319,34.2334],[139.1317,34.2334],[139.1317,34.2332]]],[[[139.1344,34.2318],[139.1345,34.2318],[139.1345,34.2319],[139.1344,34.2319],[139.1344,34.2318]]],[[[139.1343,34.2319],[139.1346,34.2319],[139.1346,34.232],[139.1343,34.232],[139.1343,34.2319]]],[[[139.1312,34.234],[139.1312,34.234],[139.1312,34.2341],[139.1312,34.2341],[139.1312,34.234]]],[[[139.1315,34.2338],[139.1316,34.2338],[139.1316,34.2339],[139.1315,34.2339],[139.1315,34.2338]]],[[[139.1319,34.2334],[139.132,34.2334],[139.132,34.2335],[139.1319,34.2335],[139.1319,34.2334]]],[[[139.1347,34.2267],[139.1348,34.2267],[139.1348,34.2268],[139.1347,34.2268],[139.1347,34.2267]]],[[[139.1348,34.227],[139.1348,34.227],[139.1348,34.2271],[139.1348,34.2271],[139.1348,34.227]]],[[[139.1348,34.2274],[139.135,34.2274],[139.135,34.2275],[139.1348,34.2275],[139.1348,34.2274]]],[[[139.1362,34.2292],[139.1362,34.2292],[139.1362,34.2293],[139.1362,34.2293],[139.1362,34.2292]]],[[[139.1362,34.2293],[139.1363,34.2293],[139.1363,34.2294],[139.1362,34.2294],[139.1362,34.2293]]],[[[139.1347,34.2318],[139.1348,34.2318],[139.1348,34.2318],[139.1347,34.2318],[139.1347,34.2318]]],[[[139.1348,34.2318],[139.1349,34.2318],[139.1349,34.2319],[139.1348,34.2319],[139.1348,34.2318]]],[[[139.1305,34.2346],[139.1305,34.2346],[139.1305,34.2346],[139.1305,34.2346],[139.1305,34.2346]]],[[[139.1304,34.2347],[139.1305,34.2347],[139.1305,34.2347],[139.1304,34.2347],[139.1304,34.2347]]],[[[139.1344,34.2364],[139.1346,34.2364],[139.1346,34.2365],[139.1344,34.2365],[139.1344,34.2364]]],[[[139.1361,34.2415],[139.1363,34.2415],[139.1363,34.2417],[139.1361,34.2417],[139.1361,34.2415]]],[[[139.1357,34.2419],[139.1359,34.2419],[139.1359,34.2421],[139.1357,34.2421],[139.1357,34.2419]]],[[[139.1361,34.242],[139.1362,34.242],[139.1362,34.242],[139.1361,34.242],[139.1361,34.242]]],[[[139.1253,34.1868],[139.1259,34.1866],[139.1252,34.1864],[139.1253,34.1868]]],[[[139.1269,34.1868],[139.127,34.1868],[139.127,34.1869],[139.1269,34.1869],[139.1269,34.1868]]],[[[139.1268,34.1861],[139.1273,34.1861],[139.1273,34.1868],[139.1268,34.1868],[139.1268,34.1861]]],[[[139.1252,34.1874],[139.1254,34.1874],[139.1254,34.1876],[139.1252,34.1876],[139.1252,34.1874]]],[[[139.1272,34.1869],[139.1272,34.1869],[139.1272,34.1869],[139.1272,34.1869],[139.1272,34.1869]]],[[[139.1279,34.187],[139.128,34.187],[139.128,34.1871],[139.1279,34.1871],[139.1279,34.187]]],[[[139.1281,34.1858],[139.1284,34.1858],[139.1284,34.1862],[139.1281,34.1862],[139.1281,34.1858]]],[[[139.1279,34.1869],[139.1279,34.1869],[139.1279,34.1869],[139.1279,34.1869],[139.1279,34.1869]]],[[[139.1328,34.1862],[139.1329,34.1862],[139.1329,34.1863],[139.1328,34.1863],[139.1328,34.1862]]],[[[139.1341,34.1861],[139.1343,34.1861],[139.1343,34.1863],[139.1341,34.1863],[139.1341,34.1861]]],[[[139.1355,34.186],[139.1358,34.186],[139.1358,34.1863],[139.1355,34.1863],[139.1355,34.186]]],[[[139.1352,34.1867],[139.1353,34.1867],[139.1353,34.187],[139.1352,34.187],[139.1352,34.1867]]],[[[139.1354,34.1868],[139.1355,34.1868],[139.1355,34.187],[139.1354,34.187],[139.1354,34.1868]]],[[[139.1252,34.1876],[139.1252,34.1876],[139.1252,34.1877],[139.1252,34.1877],[139.1252,34.1876]]],[[[139.1251,34.1881],[139.1255,34.1881],[139.1255,34.1886],[139.1251,34.1886],[139.1251,34.1881]]],[[[139.1267,34.2006],[139.1268,34.2006],[139.1268,34.2006],[139.1267,34.2006],[139.1267,34.2006]]],[[[139.1269,34.2007],[139.127,34.2007],[139.127,34.2007],[139.1269,34.2007],[139.1269,34.2007]]],[[[139.1275,34.2008],[139.1275,34.2008],[139.1275,34.2009],[139.1275,34.2009],[139.1275,34.2008]]],[[[139.126,34.2009],[139.1261,34.2009],[139.1261,34.2011],[139.126,34.2011],[139.126,34.2009]]],[[[139.1276,34.2008],[139.1276,34.2008],[139.1276,34.2009],[139.1276,34.2009],[139.1276,34.2008]]],[[[139.128,34.2009],[139.128,34.2009],[139.128,34.2009],[139.128,34.2009],[139.128,34.2009]]],[[[139.1281,34.201],[139.1282,34.201],[139.1282,34.201],[139.1281,34.201],[139.1281,34.201]]],[[[139.1282,34.201],[139.1283,34.201],[139.1283,34.201],[139.1282,34.201],[139.1282,34.201]]],[[[139.1284,34.2012],[139.1285,34.2012],[139.1285,34.2013],[139.1284,34.2013],[139.1284,34.2012]]],[[[139.1286,34.2013],[139.1287,34.2013],[139.1287,34.2014],[139.1286,34.2014],[139.1286,34.2013]]],[[[139.1288,34.2014],[139.129,34.2014],[139.129,34.2015],[139.1288,34.2015],[139.1288,34.2014]]],[[[139.1296,34.2013],[139.1297,34.2013],[139.1297,34.2013],[139.1296,34.2013],[139.1296,34.2013]]],[[[139.1301,34.2013],[139.1301,34.2013],[139.1301,34.2014],[139.1301,34.2014],[139.1301,34.2013]]],[[[139.1306,34.2108],[139.1309,34.2108],[139.1309,34.211],[139.1306,34.211],[139.1306,34.2108]]],[[[139.1295,34.2122],[139.1296,34.2122],[139.1296,34.2123],[139.1295,34.2123],[139.1295,34.2122]]],[[[139.13,34.2127],[139.1301,34.2127],[139.1301,34.2129],[139.13,34.2129],[139.13,34.2127]]],[[[139.1302,34.2127],[139.1303,34.2127],[139.1303,34.2129],[139.1302,34.2129],[139.1302,34.2127]]],[[[139.1306,34.2128],[139.1307,34.2128],[139.1307,34.2129],[139.1306,34.2129],[139.1306,34.2128]]],[[[139.13,34.2129],[139.1301,34.2129],[139.1301,34.213],[139.13,34.213],[139.13,34.2129]]],[[[139.1308,34.2135],[139.1309,34.2135],[139.1309,34.2136],[139.1308,34.2136],[139.1308,34.2135]]],[[[139.1308,34.2117],[139.1311,34.2117],[139.1311,34.2121],[139.1308,34.2121],[139.1308,34.2117]]],[[[139.1296,34.2122],[139.1298,34.2122],[139.1298,34.2125],[139.1296,34.2125],[139.1296,34.2122]]],[[[139.1299,34.2144],[139.13,34.2144],[139.13,34.2145],[139.1299,34.2145],[139.1299,34.2144]]],[[[139.1299,34.2143],[139.1301,34.2143],[139.1301,34.2145],[139.1299,34.2145],[139.1299,34.2143]]],[[[139.1301,34.2156],[139.1302,34.2156],[139.1302,34.2157],[139.1301,34.2157],[139.1301,34.2156]]],[[[139.1299,34.2157],[139.1303,34.2157],[139.1303,34.2166],[139.1299,34.2166],[139.1299,34.2157]]],[[[139.1304,34.2135],[139.1305,34.2135],[139.1305,34.2137],[139.1304,34.2137],[139.1304,34.2135]]],[[[139.1303,34.2136],[139.1304,34.2136],[139.1304,34.2137],[139.1303,34.2137],[139.1303,34.2136]]],[[[139.1306,34.2135],[139.1307,34.2135],[139.1307,34.2137],[139.1306,34.2137],[139.1306,34.2135]]],[[[139.1304,34.2141],[139.1307,34.2141],[139.1307,34.2143],[139.1304,34.2143],[139.1304,34.2141]]],[[[139.1306,34.2148],[139.1307,34.2148],[139.1307,34.2149],[139.1306,34.2149],[139.1306,34.2148]]],[[[139.1309,34.214],[139.1311,34.214],[139.1311,34.2141],[139.1309,34.2141],[139.1309,34.214]]],[[[139.1298,34.2149],[139.1301,34.2149],[139.1301,34.2152],[139.1298,34.2152],[139.1298,34.2149]]],[[[139.1303,34.2156],[139.1303,34.2156],[139.1303,34.2156],[139.1303,34.2156],[139.1303,34.2156]]],[[[139.1303,34.2156],[139.1304,34.2156],[139.1304,34.2156],[139.1303,34.2156],[139.1303,34.2156]]],[[[139.1304,34.2154],[139.1305,34.2154],[139.1305,34.2155],[139.1304,34.2155],[139.1304,34.2154]]],[[[139.1304,34.2155],[139.1305,34.2155],[139.1305,34.2156],[139.1304,34.2156],[139.1304,34.2155]]],[[[139.1303,34.2158],[139.1304,34.2158],[139.1304,34.2159],[139.1303,34.2159],[139.1303,34.2158]]],[[[139.1305,34.2158],[139.1305,34.2158],[139.1305,34.2158],[139.1305,34.2158],[139.1305,34.2158]]],[[[139.1305,34.2158],[139.1306,34.2158],[139.1306,34.2158],[139.1305,34.2158],[139.1305,34.2158]]],[[[139.1303,34.216],[139.1304,34.216],[139.1304,34.216],[139.1303,34.216],[139.1303,34.216]]],[[[139.1304,34.2159],[139.1304,34.2159],[139.1304,34.216],[139.1304,34.216],[139.1304,34.2159]]],[[[139.1363,34.2416],[139.1364,34.2416],[139.1364,34.2418],[139.1363,34.2418],[139.1363,34.2416]]],[[[139.1362,34.2393],[139.1366,34.2393],[139.1366,34.2402],[139.1362,34.2402],[139.1362,34.2393]]],[[[139.1369,34.2407],[139.1362,34.2406],[139.1365,34.2418],[139.1372,34.2419],[139.1369,34.2407]]],[[[139.1363,34.2291],[139.1363,34.2291],[139.1363,34.2291],[139.1363,34.2291],[139.1363,34.2291]]],[[[139.1363,34.2294],[139.1363,34.2294],[139.1363,34.2295],[139.1363,34.2295],[139.1363,34.2294]]],[[[139.125,34.1897],[139.1236,34.1895],[139.1238,34.1887],[139.1228,34.1897],[139.1233,34.1888],[139.1228,34.1882],[139.1194,34.19],[139.1196,34.1908],[139.12,34.1899],[139.1218,34.1894],[139.1198,34.1908],[139.12,34.1917],[139.1209,34.1914],[139.1201,34.1929],[139.1208,34.1939],[139.1199,34.1935],[139.1198,34.1941],[139.1217,34.1968],[139.122,34.1993],[139.1249,34.1998],[139.1261,34.2009],[139.1316,34.2012],[139.1325,34.2023],[139.1327,34.2072],[139.1309,34.2079],[139.13,34.2094],[139.1273,34.2093],[139.1313,34.2103],[139.1317,34.2083],[139.1328,34.2084],[139.1327,34.2099],[139.132,34.2099],[139.1328,34.2107],[139.1322,34.2114],[139.1311,34.2108],[139.1316,34.2117],[139.1304,34.2159],[139.1339,34.2171],[139.1343,34.218],[139.1314,34.2187],[139.1299,34.2203],[139.1287,34.22],[139.1284,34.2229],[139.1358,34.2239],[139.1367,34.2255],[139.1368,34.2275],[139.1376,34.2275],[139.1369,34.2276],[139.1363,34.2292],[139.1365,34.2307],[139.1349,34.232],[139.1362,34.2332],[139.1342,34.2351],[139.1359,34.2368],[139.1356,34.2372],[139.1375,34.2374],[139.1378,34.2385],[139.1371,34.2408],[139.1377,34.2421],[139.1386,34.2419],[139.1398,34.2434],[139.1432,34.2438],[139.1446,34.2426],[139.1462,34.2425],[139.1465,34.2414],[139.1489,34.2396],[139.1562,34.2394],[139.1587,34.2375],[139.1677,34.2341],[139.1707,34.2303],[139.1721,34.221],[139.1719,34.2193],[139.1757,34.2165],[139.174,34.2152],[139.174,34.214],[139.1733,34.2136],[139.1734,34.2116],[139.1754,34.209],[139.1747,34.2083],[139.1762,34.2078],[139.1747,34.2067],[139.1752,34.2043],[139.1718,34.206],[139.171,34.2044],[139.1704,34.2045],[139.1698,34.2068],[139.1688,34.2077],[139.1693,34.208],[139.1683,34.2086],[139.1656,34.2083],[139.1568,34.2048],[139.1547,34.2022],[139.1575,34.2004],[139.1538,34.2019],[139.1534,34.2005],[139.1544,34.2005],[139.1535,34.2005],[139.1535,34.1996],[139.1551,34.1989],[139.1547,34.2],[139.1554,34.2005],[139.1551,34.1997],[139.1564,34.1979],[139.1588,34.2001],[139.1563,34.1976],[139.1565,34.1969],[139.156,34.1975],[139.1554,34.1953],[139.1545,34.1952],[139.1549,34.1943],[139.1524,34.1951],[139.1537,34.1934],[139.1527,34.1936],[139.1517,34.1927],[139.1512,34.1946],[139.1491,34.1954],[139.1491,34.1968],[139.1472,34.1965],[139.1461,34.1944],[139.1466,34.1916],[139.1455,34.1905],[139.1464,34.189],[139.1452,34.1878],[139.1441,34.1889],[139.1439,34.1882],[139.1435,34.1898],[139.1422,34.1857],[139.1414,34.188],[139.1404,34.1873],[139.1406,34.1864],[139.14,34.1864],[139.14,34.1876],[139.1394,34.1862],[139.1383,34.1861],[139.1382,34.1851],[139.1378,34.1863],[139.1373,34.186],[139.1379,34.1869],[139.1369,34.1864],[139.1366,34.1871],[139.136,34.1859],[139.1355,34.1871],[139.1336,34.1864],[139.1341,34.187],[139.1331,34.1871],[139.1326,34.1856],[139.1318,34.1851],[139.1312,34.1857],[139.1309,34.185],[139.1309,34.1862],[139.1303,34.1847],[139.129,34.1855],[139.1291,34.1844],[139.1284,34.1872],[139.1256,34.1868],[139.125,34.1897]]],[[[139.1799,34.2237],[139.1804,34.2237],[139.1804,34.2241],[139.1799,34.2241],[139.1799,34.2237]]],[[[139.183,34.2238],[139.1832,34.2238],[139.1832,34.2239],[139.183,34.2239],[139.183,34.2238]]],[[[139.1452,34.245],[139.1454,34.245],[139.1454,34.2452],[139.1452,34.2452],[139.1452,34.245]]],[[[139.1376,34.2444],[139.1376,34.2444],[139.1376,34.2444],[139.1376,34.2444],[139.1376,34.2444]]],[[[139.1377,34.2444],[139.1377,34.2444],[139.1377,34.2445],[139.1377,34.2445],[139.1377,34.2444]]],[[[139.1376,34.2445],[139.1377,34.2445],[139.1377,34.2445],[139.1376,34.2445],[139.1376,34.2445]]],[[[139.1378,34.2444],[139.1378,34.2444],[139.1378,34.2445],[139.1378,34.2445],[139.1378,34.2444]]],[[[139.1379,34.2444],[139.1379,34.2444],[139.1379,34.2444],[139.1379,34.2444],[139.1379,34.2444]]],[[[139.1379,34.2444],[139.138,34.2444],[139.138,34.2444],[139.1379,34.2444],[139.1379,34.2444]]],[[[139.1393,34.244],[139.1396,34.244],[139.1396,34.2442],[139.1393,34.2442],[139.1393,34.244]]],[[[139.1398,34.2439],[139.1401,34.2439],[139.1401,34.2441],[139.1398,34.2441],[139.1398,34.2439]]],[[[139.1387,34.2451],[139.1389,34.2451],[139.1389,34.2452],[139.1387,34.2452],[139.1387,34.2451]]],[[[139.1408,34.244],[139.141,34.244],[139.141,34.2442],[139.1408,34.2442],[139.1408,34.244]]],[[[139.1412,34.2439],[139.1412,34.2439],[139.1412,34.244],[139.1412,34.244],[139.1412,34.2439]]],[[[139.1413,34.2439],[139.1414,34.2439],[139.1414,34.2439],[139.1413,34.2439],[139.1413,34.2439]]],[[[139.1409,34.2447],[139.141,34.2447],[139.141,34.2448],[139.1409,34.2448],[139.1409,34.2447]]],[[[139.1414,34.2444],[139.1415,34.2444],[139.1415,34.2446],[139.1414,34.2446],[139.1414,34.2444]]],[[[139.143,34.2441],[139.1436,34.2441],[139.1436,34.2445],[139.143,34.2445],[139.143,34.2441]]],[[[139.1432,34.2444],[139.1433,34.2444],[139.1433,34.2445],[139.1432,34.2445],[139.1432,34.2444]]],[[[139.1431,34.245],[139.1433,34.245],[139.1433,34.2451],[139.1431,34.2451],[139.1431,34.245]]],[[[139.1432,34.2448],[139.1436,34.2448],[139.1436,34.245],[139.1432,34.245],[139.1432,34.2448]]],[[[139.1419,34.2439],[139.142,34.2439],[139.142,34.244],[139.1419,34.244],[139.1419,34.2439]]],[[[139.1415,34.2446],[139.1416,34.2446],[139.1416,34.2446],[139.1415,34.2446],[139.1415,34.2446]]],[[[139.143,34.2447],[139.1431,34.2447],[139.1431,34.2448],[139.143,34.2448],[139.143,34.2447]]],[[[139.1433,34.2445],[139.1435,34.2445],[139.1435,34.2447],[139.1433,34.2447],[139.1433,34.2445]]],[[[139.1427,34.2457],[139.143,34.2457],[139.143,34.2459],[139.1427,34.2459],[139.1427,34.2457]]],[[[139.143,34.2458],[139.1431,34.2458],[139.1431,34.2459],[139.143,34.2459],[139.143,34.2458]]],[[[139.143,34.2459],[139.143,34.2459],[139.143,34.2459],[139.143,34.2459],[139.143,34.2459]]],[[[139.1441,34.2443],[139.1443,34.2443],[139.1443,34.2444],[139.1441,34.2444],[139.1441,34.2443]]],[[[139.1442,34.2445],[139.1442,34.2445],[139.1442,34.2446],[139.1442,34.2446],[139.1442,34.2445]]],[[[139.1889,34.2092],[139.1893,34.2092],[139.1893,34.2095],[139.1889,34.2095],[139.1889,34.2092]]],[[[139.1885,34.2111],[139.1886,34.2092],[139.1869,34.2115],[139.1876,34.2124],[139.1893,34.2125],[139.1909,34.2117],[139.1885,34.2111]]],[[[139.1896,34.2079],[139.1892,34.2087],[139.1919,34.2093],[139.1931,34.2085],[139.1922,34.206],[139.1896,34.2079]]],[[[139.1776,34.2092],[139.1776,34.2092],[139.1776,34.2092],[139.1776,34.2092],[139.1776,34.2092]]],[[[139.1774,34.2097],[139.1775,34.2097],[139.1775,34.2098],[139.1774,34.2098],[139.1774,34.2097]]],[[[139.1765,34.2098],[139.1771,34.2098],[139.1771,34.2102],[139.1765,34.2102],[139.1765,34.2098]]],[[[139.1772,34.2101],[139.1777,34.2101],[139.1777,34.2104],[139.1772,34.2104],[139.1772,34.2101]]],[[[139.1777,34.2102],[139.1778,34.2102],[139.1778,34.2103],[139.1777,34.2103],[139.1777,34.2102]]],[[[139.1787,34.2077],[139.1787,34.2077],[139.1787,34.2078],[139.1787,34.2078],[139.1787,34.2077]]],[[[139.1787,34.2077],[139.1788,34.2077],[139.1788,34.2078],[139.1787,34.2078],[139.1787,34.2077]]],[[[139.1788,34.2078],[139.1789,34.2078],[139.1789,34.2078],[139.1788,34.2078],[139.1788,34.2078]]],[[[139.1778,34.2095],[139.178,34.2095],[139.178,34.2096],[139.1778,34.2096],[139.1778,34.2095]]],[[[139.1778,34.2102],[139.1779,34.2102],[139.1779,34.2104],[139.1778,34.2104],[139.1778,34.2102]]],[[[139.1834,34.2217],[139.1837,34.2217],[139.1837,34.222],[139.1834,34.222],[139.1834,34.2217]]],[[[139.1832,34.2226],[139.1835,34.2226],[139.1835,34.2227],[139.1832,34.2227],[139.1832,34.2226]]],[[[139.1932,34.2043],[139.1927,34.2044],[139.1931,34.2053],[139.1932,34.2043]]],[[[139.1928,34.2054],[139.194,34.2054],[139.194,34.2059],[139.1928,34.2059],[139.1928,34.2054]]],[[[139.1287,34.1826],[139.1287,34.1826],[139.1287,34.1826],[139.1287,34.1826],[139.1287,34.1826]]],[[[139.1287,34.1825],[139.1288,34.1825],[139.1288,34.1826],[139.1287,34.1826],[139.1287,34.1825]]],[[[139.1286,34.1833],[139.1287,34.1833],[139.1287,34.1837],[139.1286,34.1837],[139.1286,34.1833]]],[[[139.1274,34.1841],[139.1275,34.1841],[139.1275,34.1842],[139.1274,34.1842],[139.1274,34.1841]]],[[[139.1276,34.1841],[139.1276,34.1841],[139.1276,34.1842],[139.1276,34.1842],[139.1276,34.1841]]],[[[139.129,34.183],[139.1291,34.183],[139.1291,34.1831],[139.129,34.1831],[139.129,34.183]]],[[[139.1289,34.1833],[139.129,34.1833],[139.129,34.1835],[139.1289,34.1835],[139.1289,34.1833]]],[[[139.1291,34.1833],[139.1292,34.1833],[139.1292,34.1834],[139.1291,34.1834],[139.1291,34.1833]]],[[[139.129,34.1835],[139.1291,34.1835],[139.1291,34.1837],[139.129,34.1837],[139.129,34.1835]]],[[[139.07,34.1821],[139.0701,34.1821],[139.0701,34.1822],[139.07,34.1822],[139.07,34.1821]]],[[[139.07,34.1818],[139.0702,34.1818],[139.0702,34.1819],[139.07,34.1819],[139.07,34.1818]]],[[[139.0702,34.1822],[139.0704,34.1822],[139.0704,34.1822],[139.0702,34.1822],[139.0702,34.1822]]],[[[139.0682,34.184],[139.0682,34.184],[139.0682,34.1841],[139.0682,34.1841],[139.0682,34.184]]],[[[139.07,34.1839],[139.0705,34.1839],[139.0705,34.1842],[139.07,34.1842],[139.07,34.1839]]],[[[139.0705,34.1791],[139.0706,34.1791],[139.0706,34.1792],[139.0705,34.1792],[139.0705,34.1791]]],[[[139.0706,34.1814],[139.0708,34.1814],[139.0708,34.1816],[139.0706,34.1816],[139.0706,34.1814]]],[[[139.0718,34.1804],[139.072,34.1804],[139.072,34.1805],[139.0718,34.1805],[139.0718,34.1804]]],[[[139.0717,34.1808],[139.0718,34.1808],[139.0718,34.1809],[139.0717,34.1809],[139.0717,34.1808]]],[[[139.0719,34.1812],[139.072,34.1812],[139.072,34.1813],[139.0719,34.1813],[139.0719,34.1812]]],[[[139.0719,34.1813],[139.0724,34.1813],[139.0724,34.1818],[139.0719,34.1818],[139.0719,34.1813]]],[[[139.0704,34.1818],[139.0706,34.1818],[139.0706,34.1819],[139.0704,34.1819],[139.0704,34.1818]]],[[[139.0704,34.1819],[139.0705,34.1819],[139.0705,34.182],[139.0704,34.182],[139.0704,34.1819]]],[[[139.0709,34.1821],[139.0711,34.1821],[139.0711,34.1823],[139.0709,34.1823],[139.0709,34.1821]]],[[[139.0712,34.1823],[139.0713,34.1823],[139.0713,34.1824],[139.0712,34.1824],[139.0712,34.1823]]],[[[139.0703,34.1835],[139.0704,34.1835],[139.0704,34.1836],[139.0703,34.1836],[139.0703,34.1835]]],[[[139.0713,34.1824],[139.0715,34.1824],[139.0715,34.1826],[139.0713,34.1826],[139.0713,34.1824]]],[[[139.0718,34.182],[139.0719,34.182],[139.0719,34.1822],[139.0718,34.1822],[139.0718,34.182]]],[[[139.0722,34.1818],[139.0724,34.1818],[139.0724,34.1819],[139.0722,34.1819],[139.0722,34.1818]]],[[[139.0772,34.1856],[139.0774,34.1856],[139.0774,34.1859],[139.0772,34.1859],[139.0772,34.1856]]],[[[139.0772,34.1879],[139.0776,34.1879],[139.0776,34.1882],[139.0772,34.1882],[139.0772,34.1879]]],[[[139.0775,34.1854],[139.0779,34.1854],[139.0779,34.1856],[139.0775,34.1856],[139.0775,34.1854]]],[[[139.0788,34.1844],[139.079,34.1844],[139.079,34.1846],[139.0788,34.1846],[139.0788,34.1844]]],[[[139.0781,34.186],[139.0791,34.186],[139.0791,34.1873],[139.0781,34.1873],[139.0781,34.186]]],[[[139.0794,34.1869],[139.0799,34.1869],[139.0799,34.1874],[139.0794,34.1874],[139.0794,34.1869]]],[[[139.0745,34.1881],[139.0747,34.1881],[139.0747,34.1884],[139.0745,34.1884],[139.0745,34.1881]]],[[[139.075,34.1884],[139.0753,34.1884],[139.0753,34.1886],[139.075,34.1886],[139.075,34.1884]]],[[[139.0777,34.1881],[139.0779,34.1881],[139.0779,34.1883],[139.0777,34.1883],[139.0777,34.1881]]],[[[139.078,34.1881],[139.0782,34.1881],[139.0782,34.1884],[139.078,34.1884],[139.078,34.1881]]],[[[139.0784,34.1876],[139.0786,34.1876],[139.0786,34.1878],[139.0784,34.1878],[139.0784,34.1876]]],[[[138.8154,33.9465],[138.8159,33.9465],[138.8159,33.9471],[138.8154,33.9471],[138.8154,33.9465]]],[[[138.8158,33.947],[138.8161,33.947],[138.8161,33.9473],[138.8158,33.9473],[138.8158,33.947]]],[[[138.816,33.9471],[138.8164,33.9471],[138.8164,33.9475],[138.816,33.9475],[138.816,33.9471]]],[[[138.8174,33.9427],[138.8175,33.9427],[138.8175,33.9429],[138.8174,33.9429],[138.8174,33.9427]]],[[[138.8176,33.9427],[138.8177,33.9427],[138.8177,33.9429],[138.8176,33.9429],[138.8176,33.9427]]],[[[138.8175,33.9429],[138.8178,33.9429],[138.8178,33.9434],[138.8175,33.9434],[138.8175,33.9429]]],[[[138.8178,33.9426],[138.818,33.9426],[138.818,33.9428],[138.8178,33.9428],[138.8178,33.9426]]],[[[138.8181,33.9432],[138.8182,33.9432],[138.8182,33.9433],[138.8181,33.9433],[138.8181,33.9432]]],[[[138.817,33.9437],[138.8171,33.9437],[138.8171,33.9438],[138.817,33.9438],[138.817,33.9437]]],[[[138.8169,33.9444],[138.817,33.9444],[138.817,33.9445],[138.8169,33.9445],[138.8169,33.9444]]],[[[138.817,33.9443],[138.8171,33.9443],[138.8171,33.9444],[138.817,33.9444],[138.817,33.9443]]],[[[138.8174,33.9435],[138.8177,33.9435],[138.8177,33.944],[138.8174,33.944],[138.8174,33.9435]]],[[[138.8174,33.944],[138.8176,33.944],[138.8176,33.9442],[138.8174,33.9442],[138.8174,33.944]]],[[[138.8161,33.9477],[138.8163,33.9477],[138.8163,33.9478],[138.8161,33.9478],[138.8161,33.9477]]],[[[138.8166,33.9464],[138.8171,33.9464],[138.8171,33.9468],[138.8166,33.9468],[138.8166,33.9464]]],[[[138.8164,33.9475],[138.8165,33.9475],[138.8165,33.9476],[138.8164,33.9476],[138.8164,33.9475]]],[[[138.8357,33.9631],[138.8359,33.9631],[138.8359,33.9632],[138.8357,33.9632],[138.8357,33.9631]]],[[[138.8379,33.9629],[138.8381,33.9629],[138.8381,33.9631],[138.8379,33.9631],[138.8379,33.9629]]],[[[139.0679,34.1838],[139.0679,34.1838],[139.0679,34.1838],[139.0679,34.1838],[139.0679,34.1838]]],[[[139.0678,34.1847],[139.068,34.1847],[139.068,34.1848],[139.0678,34.1848],[139.0678,34.1847]]],[[[139.1208,34.1901],[139.1209,34.1901],[139.1209,34.1902],[139.1208,34.1902],[139.1208,34.1901]]],[[[139.1201,34.1921],[139.1202,34.1921],[139.1202,34.1921],[139.1201,34.1921],[139.1201,34.1921]]],[[[139.1202,34.1931],[139.1203,34.1931],[139.1203,34.1932],[139.1202,34.1932],[139.1202,34.1931]]],[[[139.12,34.1933],[139.1201,34.1933],[139.1201,34.1935],[139.12,34.1935],[139.12,34.1933]]],[[[139.1201,34.1937],[139.1202,34.1937],[139.1202,34.1937],[139.1201,34.1937],[139.1201,34.1937]]],[[[139.1234,34.1888],[139.1234,34.1888],[139.1234,34.1888],[139.1234,34.1888],[139.1234,34.1888]]],[[[139.1241,34.1885],[139.1243,34.1885],[139.1243,34.1887],[139.1241,34.1887],[139.1241,34.1885]]],[[[139.1242,34.1894],[139.1242,34.1894],[139.1242,34.1895],[139.1242,34.1895],[139.1242,34.1894]]],[[[139.1243,34.189],[139.1244,34.189],[139.1244,34.1891],[139.1243,34.1891],[139.1243,34.189]]],[[[139.1244,34.1891],[139.1244,34.1891],[139.1244,34.1893],[139.1244,34.1893],[139.1244,34.1891]]],[[[139.1245,34.1889],[139.1247,34.1889],[139.1247,34.1894],[139.1245,34.1894],[139.1245,34.1889]]],[[[139.1245,34.1894],[139.1245,34.1894],[139.1245,34.1896],[139.1245,34.1896],[139.1245,34.1894]]],[[[139.1467,34.192],[139.1467,34.192],[139.1467,34.192],[139.1467,34.192],[139.1467,34.192]]],[[[139.1469,34.192],[139.1469,34.192],[139.1469,34.192],[139.1469,34.192],[139.1469,34.192]]],[[[139.1473,34.1919],[139.1473,34.1919],[139.1473,34.192],[139.1473,34.192],[139.1473,34.1919]]],[[[139.1466,34.1957],[139.1467,34.1957],[139.1467,34.1958],[139.1466,34.1958],[139.1466,34.1957]]],[[[139.148,34.1968],[139.1481,34.1968],[139.1481,34.1968],[139.148,34.1968],[139.148,34.1968]]],[[[139.1497,34.1945],[139.1499,34.1945],[139.1499,34.1947],[139.1497,34.1947],[139.1497,34.1945]]],[[[139.1495,34.1948],[139.1496,34.1948],[139.1496,34.1951],[139.1495,34.1951],[139.1495,34.1948]]],[[[139.1497,34.1945],[139.1504,34.1945],[139.1504,34.1949],[139.1497,34.1949],[139.1497,34.1945]]],[[[139.1508,34.1935],[139.1509,34.1935],[139.1509,34.1936],[139.1508,34.1936],[139.1508,34.1935]]],[[[139.1531,34.1926],[139.1533,34.1926],[139.1533,34.1928],[139.1531,34.1928],[139.1531,34.1926]]],[[[139.1533,34.193],[139.1534,34.193],[139.1534,34.1931],[139.1533,34.1931],[139.1533,34.193]]],[[[139.1548,34.1948],[139.1551,34.1948],[139.1551,34.1949],[139.1548,34.1949],[139.1548,34.1948]]],[[[139.1553,34.195],[139.1554,34.195],[139.1554,34.195],[139.1553,34.195],[139.1553,34.195]]],[[[139.1486,34.1966],[139.1487,34.1966],[139.1487,34.1967],[139.1486,34.1967],[139.1486,34.1966]]],[[[139.1489,34.1964],[139.1489,34.1964],[139.1489,34.1965],[139.1489,34.1965],[139.1489,34.1964]]],[[[139.1486,34.1967],[139.1487,34.1967],[139.1487,34.1968],[139.1486,34.1968],[139.1486,34.1967]]],[[[139.1489,34.1966],[139.149,34.1966],[139.149,34.1966],[139.1489,34.1966],[139.1489,34.1966]]],[[[139.1537,34.2007],[139.1542,34.2007],[139.1542,34.201],[139.1537,34.201],[139.1537,34.2007]]],[[[139.0741,34.1859],[139.0762,34.1843],[139.0742,34.1846],[139.0729,34.1833],[139.072,34.1842],[139.0741,34.1859]]],[[[139.0755,34.1857],[139.0757,34.1857],[139.0757,34.1859],[139.0755,34.1859],[139.0755,34.1857]]],[[[139.075,34.1871],[139.077,34.1881],[139.0775,34.1872],[139.0769,34.1865],[139.0767,34.1858],[139.075,34.1863],[139.075,34.1871]]],[[[139.0741,34.1829],[139.0743,34.1829],[139.0743,34.183],[139.0741,34.183],[139.0741,34.1829]]],[[[139.1197,34.1917],[139.1199,34.1917],[139.1199,34.1919],[139.1197,34.1919],[139.1197,34.1917]]],[[[139.119,34.1942],[139.1193,34.1942],[139.1193,34.1945],[139.119,34.1945],[139.119,34.1942]]],[[[139.1193,34.194],[139.1194,34.194],[139.1194,34.1941],[139.1193,34.1941],[139.1193,34.194]]],[[[139.1196,34.1939],[139.1196,34.1939],[139.1196,34.194],[139.1196,34.194],[139.1196,34.1939]]],[[[139.1196,34.1936],[139.1197,34.1936],[139.1197,34.1937],[139.1196,34.1937],[139.1196,34.1936]]],[[[139.1196,34.1951],[139.1199,34.1951],[139.1199,34.1955],[139.1196,34.1955],[139.1196,34.1951]]],[[[139.1208,34.1962],[139.1209,34.1962],[139.1209,34.1964],[139.1208,34.1964],[139.1208,34.1962]]],[[[139.1208,34.1959],[139.1209,34.1959],[139.1209,34.1962],[139.1208,34.1962],[139.1208,34.1959]]],[[[139.1214,34.1981],[139.1215,34.1981],[139.1215,34.1981],[139.1214,34.1981],[139.1214,34.1981]]],[[[139.1214,34.1981],[139.1216,34.1981],[139.1216,34.1983],[139.1214,34.1983],[139.1214,34.1981]]],[[[139.1213,34.1983],[139.1215,34.1983],[139.1215,34.1985],[139.1213,34.1985],[139.1213,34.1983]]],[[[139.1215,34.1982],[139.1216,34.1982],[139.1216,34.1985],[139.1215,34.1985],[139.1215,34.1982]]],[[[139.1199,34.1961],[139.1202,34.1961],[139.1202,34.1963],[139.1199,34.1963],[139.1199,34.1961]]],[[[139.1203,34.1953],[139.1204,34.1953],[139.1204,34.1954],[139.1203,34.1954],[139.1203,34.1953]]],[[[139.1202,34.1955],[139.1203,34.1955],[139.1203,34.1957],[139.1202,34.1957],[139.1202,34.1955]]],[[[139.121,34.1961],[139.121,34.1961],[139.121,34.1962],[139.121,34.1962],[139.121,34.1961]]],[[[139.121,34.1964],[139.121,34.1964],[139.121,34.1965],[139.121,34.1965],[139.121,34.1964]]],[[[139.1208,34.1967],[139.121,34.1967],[139.121,34.1967],[139.1208,34.1967],[139.1208,34.1967]]],[[[139.1204,34.1978],[139.1205,34.1978],[139.1205,34.1979],[139.1204,34.1979],[139.1204,34.1978]]],[[[139.1206,34.1973],[139.1207,34.1973],[139.1207,34.1975],[139.1206,34.1975],[139.1206,34.1973]]],[[[139.1211,34.1965],[139.1212,34.1965],[139.1212,34.1965],[139.1211,34.1965],[139.1211,34.1965]]],[[[139.1211,34.1966],[139.1211,34.1966],[139.1211,34.1967],[139.1211,34.1967],[139.1211,34.1966]]],[[[139.1213,34.1966],[139.1216,34.1966],[139.1216,34.197],[139.1213,34.197],[139.1213,34.1966]]],[[[139.1214,34.1971],[139.1214,34.1971],[139.1214,34.1972],[139.1214,34.1972],[139.1214,34.1971]]],[[[139.1211,34.1975],[139.1213,34.1975],[139.1213,34.1978],[139.1211,34.1978],[139.1211,34.1975]]],[[[139.1212,34.1981],[139.1213,34.1981],[139.1213,34.1981],[139.1212,34.1981],[139.1212,34.1981]]],[[[139.1199,34.1904],[139.12,34.1904],[139.12,34.1906],[139.1199,34.1906],[139.1199,34.1904]]],[[[139.1198,34.1915],[139.1199,34.1915],[139.1199,34.1917],[139.1198,34.1917],[139.1198,34.1915]]],[[[139.1197,34.1936],[139.1198,34.1936],[139.1198,34.1937],[139.1197,34.1937],[139.1197,34.1936]]],[[[139.1198,34.1946],[139.1199,34.1946],[139.1199,34.1947],[139.1198,34.1947],[139.1198,34.1946]]],[[[139.1199,34.1946],[139.12,34.1946],[139.12,34.1947],[139.1199,34.1947],[139.1199,34.1946]]],[[[139.12,34.1949],[139.1204,34.1949],[139.1204,34.1953],[139.12,34.1953],[139.12,34.1949]]],[[[139.1417,34.2437],[139.1418,34.2437],[139.1418,34.2438],[139.1417,34.2438],[139.1417,34.2437]]],[[[139.1424,34.2436],[139.1425,34.2436],[139.1425,34.2437],[139.1424,34.2437],[139.1424,34.2436]]],[[[139.1421,34.2437],[139.1423,34.2437],[139.1423,34.244],[139.1421,34.244],[139.1421,34.2437]]],[[[139.1437,34.2437],[139.1438,34.2437],[139.1438,34.2438],[139.1437,34.2438],[139.1437,34.2437]]],[[[139.1444,34.2434],[139.1444,34.2434],[139.1444,34.2435],[139.1444,34.2435],[139.1444,34.2434]]],[[[139.1443,34.2435],[139.1444,34.2435],[139.1444,34.2435],[139.1443,34.2435],[139.1443,34.2435]]],[[[139.1445,34.2437],[139.1446,34.2437],[139.1446,34.2438],[139.1445,34.2438],[139.1445,34.2437]]],[[[139.1391,34.2433],[139.1393,34.2433],[139.1393,34.2436],[139.1391,34.2436],[139.1391,34.2433]]],[[[139.1394,34.2433],[139.1395,34.2433],[139.1395,34.2436],[139.1394,34.2436],[139.1394,34.2433]]],[[[139.1393,34.2436],[139.1393,34.2436],[139.1393,34.2437],[139.1393,34.2437],[139.1393,34.2436]]],[[[139.1408,34.2435],[139.1409,34.2435],[139.1409,34.2436],[139.1408,34.2436],[139.1408,34.2435]]],[[[139.1409,34.2435],[139.141,34.2435],[139.141,34.2436],[139.1409,34.2436],[139.1409,34.2435]]],[[[139.1386,34.2436],[139.139,34.2436],[139.139,34.2441],[139.1386,34.2441],[139.1386,34.2436]]],[[[139.1465,34.2423],[139.1466,34.2423],[139.1466,34.2424],[139.1465,34.2424],[139.1465,34.2423]]],[[[139.1464,34.2424],[139.1465,34.2424],[139.1465,34.2424],[139.1464,34.2424],[139.1464,34.2424]]],[[[139.1467,34.2419],[139.1468,34.2419],[139.1468,34.2422],[139.1467,34.2422],[139.1467,34.2419]]],[[[139.1469,34.2413],[139.1471,34.2413],[139.1471,34.2415],[139.1469,34.2415],[139.1469,34.2413]]],[[[139.1472,34.2413],[139.1473,34.2413],[139.1473,34.2415],[139.1472,34.2415],[139.1472,34.2413]]],[[[139.145,34.2427],[139.1451,34.2427],[139.1451,34.2428],[139.145,34.2428],[139.145,34.2427]]],[[[139.1457,34.2429],[139.1458,34.2429],[139.1458,34.243],[139.1457,34.243],[139.1457,34.2429]]],[[[139.1459,34.2429],[139.146,34.2429],[139.146,34.243],[139.1459,34.243],[139.1459,34.2429]]],[[[139.1464,34.2423],[139.1465,34.2423],[139.1465,34.2423],[139.1464,34.2423],[139.1464,34.2423]]],[[[139.146,34.2426],[139.1462,34.2426],[139.1462,34.2428],[139.146,34.2428],[139.146,34.2426]]],[[[139.1462,34.2429],[139.1463,34.2429],[139.1463,34.2431],[139.1462,34.2431],[139.1462,34.2429]]],[[[139.1446,34.2448],[139.1447,34.2448],[139.1447,34.2449],[139.1446,34.2449],[139.1446,34.2448]]],[[[139.1464,34.2425],[139.1466,34.2425],[139.1466,34.2427],[139.1464,34.2427],[139.1464,34.2425]]],[[[139.1466,34.2427],[139.1468,34.2427],[139.1468,34.2429],[139.1466,34.2429],[139.1466,34.2427]]],[[[139.1468,34.2427],[139.1469,34.2427],[139.1469,34.2428],[139.1468,34.2428],[139.1468,34.2427]]],[[[139.1468,34.243],[139.147,34.243],[139.147,34.2432],[139.1468,34.2432],[139.1468,34.243]]],[[[139.1471,34.243],[139.1471,34.243],[139.1471,34.2432],[139.1471,34.2432],[139.1471,34.243]]],[[[139.1473,34.2429],[139.1473,34.2429],[139.1473,34.243],[139.1473,34.243],[139.1473,34.2429]]],[[[139.1466,34.2433],[139.1468,34.2433],[139.1468,34.2434],[139.1466,34.2434],[139.1466,34.2433]]],[[[139.1484,34.2406],[139.1484,34.2406],[139.1484,34.2406],[139.1484,34.2406],[139.1484,34.2406]]],[[[139.148,34.241],[139.1482,34.241],[139.1482,34.2413],[139.148,34.2413],[139.148,34.241]]],[[[139.1482,34.2407],[139.1486,34.2407],[139.1486,34.2411],[139.1482,34.2411],[139.1482,34.2407]]],[[[139.1483,34.2412],[139.1484,34.2412],[139.1484,34.2413],[139.1483,34.2413],[139.1483,34.2412]]],[[[139.1482,34.2414],[139.1484,34.2414],[139.1484,34.2416],[139.1482,34.2416],[139.1482,34.2414]]],[[[139.1474,34.2431],[139.1475,34.2431],[139.1475,34.2431],[139.1474,34.2431],[139.1474,34.2431]]],[[[139.1486,34.2404],[139.1487,34.2404],[139.1487,34.2405],[139.1486,34.2405],[139.1486,34.2404]]],[[[139.1484,34.2405],[139.1485,34.2405],[139.1485,34.2406],[139.1484,34.2406],[139.1484,34.2405]]],[[[139.1484,34.2406],[139.1485,34.2406],[139.1485,34.2407],[139.1484,34.2407],[139.1484,34.2406]]],[[[139.1486,34.2405],[139.1487,34.2405],[139.1487,34.2406],[139.1486,34.2406],[139.1486,34.2405]]],[[[139.1543,34.24],[139.1544,34.24],[139.1544,34.2401],[139.1543,34.2401],[139.1543,34.24]]],[[[139.1583,34.2378],[139.1584,34.2378],[139.1584,34.2378],[139.1583,34.2378],[139.1583,34.2378]]],[[[139.1585,34.2377],[139.1585,34.2377],[139.1585,34.2377],[139.1585,34.2377],[139.1585,34.2377]]],[[[139.1595,34.2376],[139.1596,34.2376],[139.1596,34.2377],[139.1595,34.2377],[139.1595,34.2376]]],[[[139.1599,34.2374],[139.16,34.2374],[139.16,34.2375],[139.1599,34.2375],[139.1599,34.2374]]],[[[139.1568,34.2392],[139.1569,34.2392],[139.1569,34.2393],[139.1568,34.2393],[139.1568,34.2392]]],[[[139.1602,34.2374],[139.1605,34.2374],[139.1605,34.2375],[139.1602,34.2375],[139.1602,34.2374]]],[[[139.1616,34.2367],[139.1616,34.2367],[139.1616,34.2367],[139.1616,34.2367],[139.1616,34.2367]]],[[[139.1615,34.2367],[139.1616,34.2367],[139.1616,34.2367],[139.1615,34.2367],[139.1615,34.2367]]],[[[139.1618,34.2367],[139.1619,34.2367],[139.1619,34.2367],[139.1618,34.2367],[139.1618,34.2367]]],[[[139.1725,34.219],[139.1727,34.219],[139.1727,34.2191],[139.1725,34.2191],[139.1725,34.219]]],[[[139.1726,34.2191],[139.1728,34.2191],[139.1728,34.2192],[139.1726,34.2192],[139.1726,34.2191]]],[[[139.1556,34.1952],[139.1558,34.1952],[139.1558,34.1954],[139.1556,34.1954],[139.1556,34.1952]]],[[[139.1558,34.1951],[139.1559,34.1951],[139.1559,34.1952],[139.1558,34.1952],[139.1558,34.1951]]],[[[139.1563,34.1954],[139.1565,34.1954],[139.1565,34.1956],[139.1563,34.1956],[139.1563,34.1954]]],[[[139.1565,34.1967],[139.1566,34.1961],[139.1561,34.1962],[139.1565,34.1967]]],[[[139.1569,34.1977],[139.1569,34.1977],[139.1569,34.1978],[139.1569,34.1978],[139.1569,34.1977]]],[[[139.1625,34.207],[139.1626,34.207],[139.1626,34.2071],[139.1625,34.2071],[139.1625,34.207]]],[[[139.163,34.2071],[139.1631,34.2071],[139.1631,34.2072],[139.163,34.2072],[139.163,34.2071]]],[[[139.163,34.2073],[139.1631,34.2073],[139.1631,34.2074],[139.163,34.2074],[139.163,34.2073]]],[[[139.1631,34.2073],[139.1631,34.2073],[139.1631,34.2073],[139.1631,34.2073],[139.1631,34.2073]]],[[[139.1738,34.213],[139.1738,34.213],[139.1738,34.2131],[139.1738,34.2131],[139.1738,34.213]]],[[[139.1737,34.2131],[139.1737,34.2131],[139.1737,34.2132],[139.1737,34.2132],[139.1737,34.2131]]],[[[139.1738,34.2129],[139.174,34.2129],[139.174,34.213],[139.1738,34.213],[139.1738,34.2129]]],[[[139.174,34.2142],[139.1741,34.2142],[139.1741,34.2144],[139.174,34.2144],[139.174,34.2142]]],[[[139.174,34.2179],[139.1741,34.2179],[139.1741,34.218],[139.174,34.218],[139.174,34.2179]]],[[[139.1718,34.2196],[139.1718,34.2196],[139.1718,34.2197],[139.1718,34.2197],[139.1718,34.2196]]],[[[139.1719,34.2196],[139.1719,34.2196],[139.1719,34.2196],[139.1719,34.2196],[139.1719,34.2196]]],[[[139.1723,34.2189],[139.1725,34.2189],[139.1725,34.219],[139.1723,34.219],[139.1723,34.2189]]],[[[139.1727,34.2187],[139.1728,34.2187],[139.1728,34.2188],[139.1727,34.2188],[139.1727,34.2187]]],[[[139.1754,34.2092],[139.1754,34.2092],[139.1754,34.2093],[139.1754,34.2093],[139.1754,34.2092]]],[[[139.1753,34.2093],[139.1754,34.2093],[139.1754,34.2093],[139.1753,34.2093],[139.1753,34.2093]]],[[[139.1751,34.2099],[139.1753,34.2099],[139.1753,34.21],[139.1751,34.21],[139.1751,34.2099]]],[[[139.1753,34.21],[139.1757,34.21],[139.1757,34.2102],[139.1753,34.2102],[139.1753,34.21]]],[[[139.1748,34.2158],[139.1749,34.2158],[139.1749,34.2158],[139.1748,34.2158],[139.1748,34.2158]]],[[[139.1749,34.2157],[139.1749,34.2157],[139.1749,34.2158],[139.1749,34.2158],[139.1749,34.2157]]],[[[139.1748,34.2102],[139.1749,34.2102],[139.1749,34.2103],[139.1748,34.2103],[139.1748,34.2102]]],[[[139.1758,34.2082],[139.1759,34.2082],[139.1759,34.2083],[139.1758,34.2083],[139.1758,34.2082]]],[[[139.1758,34.2099],[139.176,34.2099],[139.176,34.21],[139.1758,34.21],[139.1758,34.2099]]],[[[139.174,34.2126],[139.1741,34.2126],[139.1741,34.2127],[139.174,34.2127],[139.174,34.2126]]],[[[139.1742,34.2142],[139.1745,34.2142],[139.1745,34.2144],[139.1742,34.2144],[139.1742,34.2142]]],[[[139.1748,34.2145],[139.1749,34.2145],[139.1749,34.2146],[139.1748,34.2146],[139.1748,34.2145]]],[[[139.1742,34.2152],[139.1743,34.2152],[139.1743,34.2153],[139.1742,34.2153],[139.1742,34.2152]]],[[[139.1749,34.2159],[139.175,34.2159],[139.175,34.2161],[139.1749,34.2161],[139.1749,34.2159]]],[[[139.174,34.2179],[139.1741,34.2179],[139.1741,34.2179],[139.174,34.2179],[139.174,34.2179]]],[[[139.1754,34.217],[139.1754,34.217],[139.1754,34.2171],[139.1754,34.2171],[139.1754,34.217]]],[[[139.1753,34.2171],[139.1755,34.2171],[139.1755,34.2173],[139.1753,34.2173],[139.1753,34.2171]]],[[[139.1753,34.2172],[139.1753,34.2172],[139.1753,34.2173],[139.1753,34.2173],[139.1753,34.2172]]],[[[139.1758,34.2161],[139.1758,34.2161],[139.1758,34.2162],[139.1758,34.2162],[139.1758,34.2161]]],[[[139.1759,34.216],[139.176,34.216],[139.176,34.2162],[139.1759,34.2162],[139.1759,34.216]]],[[[139.1761,34.2099],[139.1765,34.2099],[139.1765,34.2101],[139.1761,34.2101],[139.1761,34.2099]]],[[[139.183,34.2228],[139.1831,34.2228],[139.1831,34.2229],[139.183,34.2229],[139.183,34.2228]]],[[[139.1757,34.2052],[139.1763,34.2052],[139.1763,34.2061],[139.1757,34.2061],[139.1757,34.2052]]],[[[139.1678,34.234],[139.1679,34.234],[139.1679,34.234],[139.1678,34.234],[139.1678,34.234]]],[[[139.1705,34.2306],[139.1705,34.2306],[139.1705,34.2306],[139.1705,34.2306],[139.1705,34.2306]]],[[[139.1704,34.2308],[139.1705,34.2308],[139.1705,34.2308],[139.1704,34.2308],[139.1704,34.2308]]],[[[139.1704,34.2309],[139.1705,34.2309],[139.1705,34.231],[139.1704,34.231],[139.1704,34.2309]]],[[[139.1704,34.2313],[139.1704,34.2313],[139.1704,34.2313],[139.1704,34.2313],[139.1704,34.2313]]],[[[139.1704,34.2314],[139.1705,34.2314],[139.1705,34.2314],[139.1704,34.2314],[139.1704,34.2314]]],[[[139.1705,34.2313],[139.1706,34.2313],[139.1706,34.2314],[139.1705,34.2314],[139.1705,34.2313]]],[[[139.1706,34.2311],[139.1707,34.2311],[139.1707,34.2311],[139.1706,34.2311],[139.1706,34.2311]]],[[[139.1707,34.2312],[139.1708,34.2312],[139.1708,34.2313],[139.1707,34.2313],[139.1707,34.2312]]],[[[139.162,34.2367],[139.162,34.2367],[139.162,34.2368],[139.162,34.2368],[139.162,34.2367]]],[[[139.1639,34.2356],[139.164,34.2356],[139.164,34.2356],[139.1639,34.2356],[139.1639,34.2356]]],[[[139.1638,34.2362],[139.1639,34.2362],[139.1639,34.2363],[139.1638,34.2363],[139.1638,34.2362]]],[[[139.1621,34.2365],[139.1622,34.2365],[139.1622,34.2366],[139.1621,34.2366],[139.1621,34.2365]]],[[[139.1642,34.2357],[139.1643,34.2357],[139.1643,34.2358],[139.1642,34.2358],[139.1642,34.2357]]],[[[139.1643,34.2355],[139.1643,34.2355],[139.1643,34.2355],[139.1643,34.2355],[139.1643,34.2355]]],[[[139.1643,34.2356],[139.1643,34.2356],[139.1643,34.2356],[139.1643,34.2356],[139.1643,34.2356]]],[[[139.1644,34.2357],[139.1644,34.2357],[139.1644,34.2358],[139.1644,34.2358],[139.1644,34.2357]]],[[[139.1712,34.2277],[139.1713,34.2277],[139.1713,34.2277],[139.1712,34.2277],[139.1712,34.2277]]],[[[139.1713,34.2276],[139.1717,34.2276],[139.1717,34.2278],[139.1713,34.2278],[139.1713,34.2276]]],[[[139.1712,34.2278],[139.1713,34.2278],[139.1713,34.2278],[139.1712,34.2278],[139.1712,34.2278]]],[[[139.1707,34.2299],[139.1708,34.2299],[139.1708,34.2299],[139.1707,34.2299],[139.1707,34.2299]]],[[[139.1707,34.2299],[139.1708,34.2299],[139.1708,34.23],[139.1707,34.23],[139.1707,34.2299]]],[[[139.1708,34.2298],[139.1709,34.2298],[139.1709,34.2299],[139.1708,34.2299],[139.1708,34.2298]]],[[[139.171,34.2291],[139.1711,34.2291],[139.1711,34.2292],[139.171,34.2292],[139.171,34.2291]]],[[[139.171,34.2293],[139.171,34.2293],[139.171,34.2293],[139.171,34.2293],[139.171,34.2293]]],[[[139.1711,34.2291],[139.1712,34.2291],[139.1712,34.2292],[139.1711,34.2292],[139.1711,34.2291]]],[[[139.1711,34.2292],[139.1713,34.2292],[139.1713,34.2293],[139.1711,34.2293],[139.1711,34.2292]]],[[[139.1715,34.2293],[139.1716,34.2293],[139.1716,34.2294],[139.1715,34.2294],[139.1715,34.2293]]],[[[139.1718,34.2295],[139.1719,34.2295],[139.1719,34.2296],[139.1718,34.2296],[139.1718,34.2295]]],[[[139.1707,34.2312],[139.1708,34.2312],[139.1708,34.2312],[139.1707,34.2312],[139.1707,34.2312]]],[[[139.1718,34.2244],[139.172,34.2244],[139.172,34.2245],[139.1718,34.2245],[139.1718,34.2244]]],[[[139.1828,34.2232],[139.1837,34.2237],[139.1835,34.2229],[139.1828,34.2232]]],[[[139.1464,34.1903],[139.1468,34.1903],[139.1468,34.191],[139.1464,34.191],[139.1464,34.1903]]],[[[139.1465,34.191],[139.1466,34.191],[139.1466,34.1911],[139.1465,34.1911],[139.1465,34.191]]],[[[139.1464,34.1911],[139.1467,34.1911],[139.1467,34.1914],[139.1464,34.1914],[139.1464,34.1911]]],[[[139.1366,34.1866],[139.1367,34.1866],[139.1367,34.1868],[139.1366,34.1868],[139.1366,34.1866]]],[[[139.1368,34.1863],[139.1369,34.1863],[139.1369,34.1866],[139.1368,34.1866],[139.1368,34.1863]]],[[[139.1369,34.1862],[139.137,34.1862],[139.137,34.1863],[139.1369,34.1863],[139.1369,34.1862]]],[[[139.1404,34.1854],[139.1404,34.1854],[139.1404,34.1855],[139.1404,34.1855],[139.1404,34.1854]]],[[[139.1388,34.1856],[139.139,34.1856],[139.139,34.1857],[139.1388,34.1857],[139.1388,34.1856]]],[[[139.1403,34.1856],[139.1405,34.1856],[139.1405,34.1857],[139.1403,34.1857],[139.1403,34.1856]]],[[[139.1403,34.1858],[139.1406,34.1858],[139.1406,34.1861],[139.1403,34.1861],[139.1403,34.1858]]],[[[139.1408,34.1867],[139.1409,34.1867],[139.1409,34.1869],[139.1408,34.1869],[139.1408,34.1867]]],[[[139.1413,34.1875],[139.1414,34.1875],[139.1414,34.1876],[139.1413,34.1876],[139.1413,34.1875]]],[[[139.1413,34.1878],[139.1414,34.1878],[139.1414,34.1878],[139.1413,34.1878],[139.1413,34.1878]]],[[[139.1434,34.1878],[139.1437,34.1878],[139.1437,34.1884],[139.1434,34.1884],[139.1434,34.1878]]],[[[139.1433,34.1886],[139.1435,34.1886],[139.1435,34.1888],[139.1433,34.1888],[139.1433,34.1886]]],[[[139.1454,34.1878],[139.1455,34.1878],[139.1455,34.1879],[139.1454,34.1879],[139.1454,34.1878]]],[[[139.1469,34.1902],[139.1472,34.1902],[139.1472,34.191],[139.1469,34.191],[139.1469,34.1902]]],[[[139.147,34.1911],[139.147,34.1911],[139.147,34.1911],[139.147,34.1911],[139.147,34.1911]]],[[[139.1477,34.1911],[139.1481,34.1911],[139.1481,34.1916],[139.1477,34.1916],[139.1477,34.1911]]],[[[139.1482,34.1917],[139.1482,34.1917],[139.1482,34.1918],[139.1482,34.1918],[139.1482,34.1917]]],[[[139.1363,34.2401],[139.1364,34.2401],[139.1364,34.2401],[139.1363,34.2401],[139.1363,34.2401]]],[[[139.1363,34.2418],[139.1365,34.2418],[139.1365,34.242],[139.1363,34.242],[139.1363,34.2418]]],[[[139.1378,34.2422],[139.138,34.2422],[139.138,34.2423],[139.1378,34.2423],[139.1378,34.2422]]],[[[139.138,34.2422],[139.1381,34.2422],[139.1381,34.2423],[139.138,34.2423],[139.138,34.2422]]],[[[139.1365,34.2253],[139.1365,34.2253],[139.1365,34.2254],[139.1365,34.2254],[139.1365,34.2253]]],[[[139.1365,34.2284],[139.1365,34.2284],[139.1365,34.2285],[139.1365,34.2285],[139.1365,34.2284]]],[[[139.1364,34.2302],[139.1365,34.2302],[139.1365,34.2303],[139.1364,34.2303],[139.1364,34.2302]]],[[[139.137,34.2396],[139.1372,34.2396],[139.1372,34.2397],[139.137,34.2397],[139.137,34.2396]]],[[[139.1372,34.2397],[139.1373,34.2397],[139.1373,34.2398],[139.1372,34.2398],[139.1372,34.2397]]],[[[139.1372,34.2419],[139.1373,34.2419],[139.1373,34.242],[139.1372,34.242],[139.1372,34.2419]]],[[[139.1373,34.2421],[139.1373,34.2421],[139.1373,34.2421],[139.1373,34.2421],[139.1373,34.2421]]],[[[139.1386,34.242],[139.1387,34.242],[139.1387,34.2421],[139.1386,34.2421],[139.1386,34.242]]],[[[139.1377,34.2423],[139.138,34.2423],[139.138,34.2424],[139.1377,34.2424],[139.1377,34.2423]]],[[[139.1394,34.2431],[139.1396,34.2431],[139.1396,34.2433],[139.1394,34.2433],[139.1394,34.2431]]],[[[139.1396,34.2433],[139.1397,34.2433],[139.1397,34.2435],[139.1396,34.2435],[139.1396,34.2433]]],[[[139.1557,34.1951],[139.1557,34.1951],[139.1557,34.1951],[139.1557,34.1951],[139.1557,34.1951]]]]}},{"type":"Feature","properties":{"code":"133817","name":"三宅村","island":true},"geometry":{"type":"MultiPolygon","coordinates":[[[[139.3792,34.0459],[139.3795,34.0459],[139.3795,34.0461],[139.3792,34.0461],[139.3792,34.0459]]],[[[139.38,34.0469],[139.3798,34.0461],[139.3794,34.0463],[139.38,34.0469]]],[[[139.3834,34.0478],[139.3835,34.0478],[139.3835,34.048],[139.3834,34.048],[139.3834,34.0478]]],[[[139.3833,34.0493],[139.3849,34.049],[139.3846,34.0481],[139.3833,34.0484],[139.3833,34.0493]]],[[[139.4748,34.0726],[139.475,34.0726],[139.475,34.0727],[139.4748,34.0727],[139.4748,34.0726]]],[[[139.4753,34.0722],[139.4755,34.0722],[139.4755,34.0724],[139.4753,34.0724],[139.4753,34.0722]]],[[[139.4758,34.0801],[139.4762,34.0801],[139.4762,34.0804],[139.4758,34.0804],[139.4758,34.0801]]],[[[139.4801,34.0536],[139.4803,34.0536],[139.4803,34.0539],[139.4801,34.0539],[139.4801,34.0536]]],[[[139.4801,34.0546],[139.4802,34.0546],[139.4802,34.0547],[139.4801,34.0547],[139.4801,34.0546]]],[[[139.4807,34.052],[139.4808,34.052],[139.4808,34.0521],[139.4807,34.0521],[139.4807,34.052]]],[[[139.4854,34.052],[139.4856,34.052],[139.4856,34.0522],[139.4854,34.0522],[139.4854,34.052]]],[[[139.4797,34.0535],[139.4799,34.0535],[139.4799,34.0536],[139.4797,34.0536],[139.4797,34.0535]]],[[[139.4799,34.0535],[139.4801,34.0535],[139.4801,34.0536],[139.4799,34.0536],[139.4799,34.0535]]],[[[139.4796,34.0542],[139.4798,34.0542],[139.4798,34.0543],[139.4796,34.0543],[139.4796,34.0542]]],[[[139.4772,34.0619],[139.4775,34.0619],[139.4775,34.0622],[139.4772,34.0622],[139.4772,34.0619]]],[[[139.482,34.0508],[139.4821,34.0508],[139.4821,34.0509],[139.482,34.0509],[139.482,34.0508]]],[[[139.483,34.0512],[139.4832,34.0512],[139.4832,34.0513],[139.483,34.0513],[139.483,34.0512]]],[[[139.5001,34.0456],[139.5003,34.0456],[139.5003,34.0457],[139.5001,34.0457],[139.5001,34.0456]]],[[[139.4778,34.0644],[139.478,34.0644],[139.478,34.0645],[139.4778,34.0645],[139.4778,34.0644]]],[[[139.4782,34.0647],[139.4783,34.0647],[139.4783,34.0648],[139.4782,34.0648],[139.4782,34.0647]]],[[[139.4775,34.0656],[139.4779,34.0656],[139.4779,34.0669],[139.4775,34.0669],[139.4775,34.0656]]],[[[139.4766,34.0719],[139.4769,34.0719],[139.4769,34.0723],[139.4766,34.0723],[139.4766,34.0719]]],[[[139.5308,34.0467],[139.531,34.0467],[139.531,34.0468],[139.5308,34.0468],[139.5308,34.0467]]],[[[139.531,34.0463],[139.5311,34.0463],[139.5311,34.0466],[139.531,34.0466],[139.531,34.0463]]],[[[139.5304,34.0468],[139.5305,34.0468],[139.5305,34.0469],[139.5304,34.0469],[139.5304,34.0468]]],[[[139.5393,34.0535],[139.5395,34.0535],[139.5395,34.0538],[139.5393,34.0538],[139.5393,34.0535]]],[[[139.5435,34.0557],[139.5437,34.0557],[139.5437,34.0559],[139.5435,34.0559],[139.5435,34.0557]]],[[[139.5443,34.0556],[139.5446,34.0556],[139.5446,34.0557],[139.5443,34.0557],[139.5443,34.0556]]],[[[139.5457,34.0556],[139.5458,34.0556],[139.5458,34.0556],[139.5457,34.0556],[139.5457,34.0556]]],[[[139.5457,34.0558],[139.5458,34.0558],[139.5458,34.0558],[139.5457,34.0558],[139.5457,34.0558]]],[[[139.5442,34.0562],[139.5442,34.0562],[139.5442,34.0562],[139.5442,34.0562],[139.5442,34.0562]]],[[[139.5453,34.0558],[139.5454,34.0558],[139.5454,34.0559],[139.5453,34.0559],[139.5453,34.0558]]],[[[139.5493,34.0573],[139.5499,34.0573],[139.5499,34.0579],[139.5493,34.0579],[139.5493,34.0573]]],[[[139.5502,34.0579],[139.5504,34.0579],[139.5504,34.058],[139.5502,34.058],[139.5502,34.0579]]],[[[139.5189,34.1238],[139.5192,34.1238],[139.5192,34.1244],[139.5189,34.1244],[139.5189,34.1238]]],[[[139.5651,34.0913],[139.5653,34.0913],[139.5653,34.0914],[139.5651,34.0914],[139.5651,34.0913]]],[[[139.5,34.0468],[139.4952,34.0489],[139.4926,34.0482],[139.492,34.0496],[139.4906,34.0497],[139.4911,34.0504],[139.4896,34.0515],[139.4889,34.0511],[139.4878,34.0524],[139.4862,34.0517],[139.4864,34.0523],[139.485,34.0527],[139.4822,34.0514],[139.4814,34.052],[139.4811,34.057],[139.4801,34.0577],[139.4791,34.057],[139.4785,34.0578],[139.4788,34.0593],[139.4784,34.0602],[139.4776,34.06],[139.4781,34.0604],[139.4775,34.0618],[139.4786,34.0649],[139.4781,34.0653],[139.4789,34.065],[139.4785,34.0656],[139.479,34.0652],[139.4801,34.0661],[139.4809,34.0653],[139.4807,34.0666],[139.4818,34.0675],[139.4806,34.067],[139.4799,34.0679],[139.4793,34.0664],[139.4801,34.0664],[139.4795,34.0661],[139.4787,34.0665],[139.4799,34.0682],[139.4773,34.0677],[139.4802,34.0686],[139.4802,34.0706],[139.4784,34.0726],[139.4752,34.0732],[139.4753,34.0741],[139.4746,34.0739],[139.4739,34.0751],[139.4741,34.0763],[139.4729,34.0766],[139.474,34.0781],[139.4737,34.0786],[139.4788,34.0805],[139.4819,34.0834],[139.4823,34.0848],[139.4812,34.0855],[139.4816,34.0863],[139.4803,34.0865],[139.4822,34.0871],[139.4821,34.0904],[139.4833,34.092],[139.4883,34.0956],[139.4874,34.0982],[139.4882,34.099],[139.488,34.1012],[139.4895,34.102],[139.4886,34.1032],[139.4899,34.102],[139.4884,34.1013],[139.4885,34.1005],[139.489,34.1013],[139.4896,34.1006],[139.4914,34.1013],[139.4934,34.1025],[139.4929,34.103],[139.4937,34.1036],[139.4949,34.1032],[139.4937,34.1036],[139.4939,34.1056],[139.4892,34.1125],[139.4915,34.1184],[139.4928,34.1196],[139.4973,34.1205],[139.4984,34.1218],[139.5021,34.1213],[139.5065,34.1227],[139.5082,34.1225],[139.5088,34.1213],[139.5086,34.1228],[139.5094,34.1211],[139.5128,34.1203],[139.5175,34.122],[139.5208,34.1247],[139.5251,34.1241],[139.5275,34.1252],[139.5312,34.1247],[139.5315,34.1252],[139.5314,34.1243],[139.5321,34.1241],[139.5299,34.1247],[139.5299,34.1241],[139.5323,34.1237],[139.532,34.1256],[139.5326,34.1244],[139.5359,34.124],[139.5361,34.1233],[139.5398,34.1242],[139.5414,34.1224],[139.5455,34.1206],[139.5472,34.1191],[139.5475,34.1168],[139.5511,34.1164],[139.5524,34.1149],[139.5542,34.1151],[139.5537,34.1142],[139.5554,34.1126],[139.5583,34.1114],[139.5595,34.1117],[139.5588,34.1113],[139.5595,34.1113],[139.5594,34.1101],[139.5619,34.1086],[139.5619,34.1073],[139.5634,34.1055],[139.5632,34.1026],[139.5657,34.1021],[139.5657,34.1011],[139.5637,34.1003],[139.5655,34.0974],[139.5651,34.094],[139.5665,34.0935],[139.5644,34.0926],[139.5643,34.0912],[139.5632,34.0911],[139.5634,34.0885],[139.5613,34.0864],[139.5613,34.0835],[139.5633,34.08],[139.5688,34.0806],[139.5699,34.0814],[139.569,34.0805],[139.5639,34.0794],[139.5631,34.0786],[139.563,34.0756],[139.5637,34.0749],[139.5632,34.0747],[139.5639,34.0743],[139.5625,34.0697],[139.5632,34.0691],[139.5609,34.0687],[139.5595,34.0656],[139.5582,34.0658],[139.559,34.0652],[139.5587,34.0644],[139.5573,34.0646],[139.5553,34.0637],[139.5549,34.0628],[139.5556,34.0621],[139.5535,34.0602],[139.551,34.0595],[139.5508,34.0584],[139.5467,34.058],[139.5465,34.057],[139.5452,34.0567],[139.5446,34.0572],[139.546,34.0575],[139.5456,34.0582],[139.5428,34.0564],[139.5442,34.057],[139.5462,34.0561],[139.5415,34.0567],[139.5383,34.054],[139.5386,34.0533],[139.5375,34.0538],[139.5337,34.0528],[139.534,34.0494],[139.5325,34.0483],[139.5315,34.0489],[139.5318,34.0469],[139.53,34.0473],[139.5299,34.0465],[139.5294,34.0473],[139.5292,34.0465],[139.5282,34.0466],[139.5253,34.0494],[139.5232,34.049],[139.5218,34.0472],[139.5204,34.0469],[139.5196,34.0477],[139.5192,34.047],[139.519,34.0481],[139.5123,34.0488],[139.5085,34.0474],[139.5053,34.0474],[139.503,34.0459],[139.5019,34.0461],[139.5018,34.0452],[139.5012,34.046],[139.5005,34.0456],[139.5,34.0468]]],[[[139.3796,34.0454],[139.3798,34.0454],[139.3798,34.0456],[139.3796,34.0456],[139.3796,34.0454]]],[[[139.3849,34.0462],[139.3861,34.0453],[139.3854,34.0452],[139.3844,34.0459],[139.3849,34.0462]]],[[[139.3846,34.0469],[139.3848,34.0469],[139.3848,34.047],[139.3846,34.047],[139.3846,34.0469]]],[[[139.3854,34.0472],[139.386,34.0472],[139.386,34.0475],[139.3854,34.0475],[139.3854,34.0472]]],[[[139.5011,34.0441],[139.5017,34.0441],[139.5017,34.0449],[139.5011,34.0449],[139.5011,34.0441]]],[[[139.3844,34.044],[139.3846,34.044],[139.3846,34.0444],[139.3844,34.0444],[139.3844,34.044]]],[[[139.3841,34.0466],[139.3842,34.0466],[139.3842,34.0467],[139.3841,34.0467],[139.3841,34.0466]]],[[[139.378,34.0454],[139.379,34.0454],[139.379,34.0458],[139.378,34.0458],[139.378,34.0454]]],[[[139.3786,34.046],[139.3787,34.046],[139.3787,34.0461],[139.3786,34.0461],[139.3786,34.046]]],[[[139.3832,34.0481],[139.3833,34.0481],[139.3833,34.0482],[139.3832,34.0482],[139.3832,34.0481]]],[[[139.3831,34.0483],[139.3832,34.0483],[139.3832,34.0484],[139.3831,34.0484],[139.3831,34.0483]]],[[[139.3818,34.0483],[139.3826,34.0483],[139.3826,34.0486],[139.3818,34.0486],[139.3818,34.0483]]],[[[139.3847,34.0463],[139.385,34.0463],[139.385,34.0466],[139.3847,34.0466],[139.3847,34.0463]]],[[[139.3848,34.0472],[139.3849,34.0472],[139.3849,34.0473],[139.3848,34.0473],[139.3848,34.0472]]],[[[139.4802,34.0564],[139.4806,34.0564],[139.4806,34.0568],[139.4802,34.0568],[139.4802,34.0564]]],[[[139.5345,34.1244],[139.5346,34.1244],[139.5346,34.1245],[139.5345,34.1245],[139.5345,34.1244]]],[[[139.5403,34.1244],[139.5405,34.1244],[139.5405,34.1246],[139.5403,34.1246],[139.5403,34.1244]]]]}},{"type":"Feature","properties":{"code":"133825","name":"御蔵島村","island":true},"geometry":{"type":"MultiPolygon","coordinates":[[[[139.5768,33.8691],[139.5769,33.8691],[139.5769,33.8692],[139.5768,33.8692],[139.5768,33.8691]]],[[[139.5769,33.8691],[139.5769,33.8691],[139.5769,33.8691],[139.5769,33.8691],[139.5769,33.8691]]],[[[139.5767,33.8773],[139.5767,33.8773],[139.5767,33.8774],[139.5767,33.8774],[139.5767,33.8773]]],[[[139.5767,33.8775],[139.5768,33.8775],[139.5768,33.8776],[139.5767,33.8776],[139.5767,33.8775]]],[[[139.5908,33.8529],[139.5911,33.8529],[139.5911,33.8531],[139.5908,33.8531],[139.5908,33.8529]]],[[[139.5905,33.8541],[139.5907,33.8541],[139.5907,33.8542],[139.5905,33.8542],[139.5905,33.8541]]],[[[139.5918,33.8531],[139.592,33.8531],[139.592,33.8533],[139.5918,33.8533],[139.5918,33.8531]]],[[[139.5922,33.8537],[139.5923,33.8537],[139.5923,33.8538],[139.5922,33.8538],[139.5922,33.8537]]],[[[139.5925,33.8539],[139.5929,33.8539],[139.5929,33.8541],[139.5925,33.8541],[139.5925,33.8539]]],[[[139.5767,33.8677],[139.5768,33.8677],[139.5768,33.8677],[139.5767,33.8677],[139.5767,33.8677]]],[[[139.5808,33.859],[139.5809,33.859],[139.5809,33.8591],[139.5808,33.8591],[139.5808,33.859]]],[[[139.6189,33.8508],[139.6192,33.8508],[139.6192,33.8512],[139.6189,33.8512],[139.6189,33.8508]]],[[[139.6194,33.8503],[139.6198,33.8503],[139.6198,33.8507],[139.6194,33.8507],[139.6194,33.8503]]],[[[139.6206,33.851],[139.6207,33.851],[139.6207,33.8511],[139.6206,33.8511],[139.6206,33.851]]],[[[139.5849,33.8568],[139.5851,33.8568],[139.5851,33.8569],[139.5849,33.8569],[139.5849,33.8568]]],[[[139.5885,33.8554],[139.5886,33.8554],[139.5886,33.8555],[139.5885,33.8555],[139.5885,33.8554]]],[[[139.5946,33.899],[139.5947,33.899],[139.5947,33.8991],[139.5946,33.8991],[139.5946,33.899]]],[[[139.5956,33.8997],[139.5957,33.8997],[139.5957,33.8998],[139.5956,33.8998],[139.5956,33.8997]]],[[[139.5955,33.8998],[139.5957,33.8998],[139.5957,33.9001],[139.5955,33.9001],[139.5955,33.8998]]],[[[139.5956,33.9],[139.5958,33.9],[139.5958,33.9001],[139.5956,33.9001],[139.5956,33.9]]],[[[139.5978,33.9],[139.5979,33.9],[139.5979,33.9001],[139.5978,33.9001],[139.5978,33.9]]],[[[139.5991,33.9003],[139.5992,33.9003],[139.5992,33.9004],[139.5991,33.9004],[139.5991,33.9003]]],[[[139.6,33.9009],[139.6001,33.9009],[139.6001,33.901],[139.6,33.901],[139.6,33.9009]]],[[[139.6001,33.9008],[139.6002,33.9008],[139.6002,33.901],[139.6001,33.901],[139.6001,33.9008]]],[[[139.6003,33.9007],[139.6004,33.9007],[139.6004,33.9008],[139.6003,33.9008],[139.6003,33.9007]]],[[[139.6011,33.9009],[139.6012,33.9009],[139.6012,33.9009],[139.6011,33.9009],[139.6011,33.9009]]],[[[139.6046,33.901],[139.6047,33.901],[139.6047,33.9012],[139.6046,33.9012],[139.6046,33.901]]],[[[139.6055,33.9008],[139.6056,33.9008],[139.6056,33.9009],[139.6055,33.9009],[139.6055,33.9008]]],[[[139.6197,33.8911],[139.6199,33.8911],[139.6199,33.8912],[139.6197,33.8912],[139.6197,33.8911]]],[[[139.6199,33.8911],[139.62,33.8911],[139.62,33.8912],[139.6199,33.8912],[139.6199,33.8911]]],[[[139.6296,33.8773],[139.6297,33.8773],[139.6297,33.8775],[139.6296,33.8775],[139.6296,33.8773]]],[[[139.6301,33.8772],[139.6301,33.8772],[139.6301,33.8773],[139.6301,33.8773],[139.6301,33.8772]]],[[[139.6255,33.883],[139.6255,33.883],[139.6255,33.883],[139.6255,33.883],[139.6255,33.883]]],[[[139.6182,33.8925],[139.6183,33.8925],[139.6183,33.8925],[139.6182,33.8925],[139.6182,33.8925]]],[[[139.6172,33.8926],[139.6173,33.8926],[139.6173,33.8928],[139.6172,33.8928],[139.6172,33.8926]]],[[[139.618,33.8927],[139.6181,33.8927],[139.6181,33.8928],[139.618,33.8928],[139.618,33.8927]]],[[[139.6183,33.8926],[139.6184,33.8926],[139.6184,33.8927],[139.6183,33.8927],[139.6183,33.8926]]],[[[139.6196,33.8918],[139.6197,33.8918],[139.6197,33.8919],[139.6196,33.8919],[139.6196,33.8918]]],[[[139.625,33.8567],[139.6251,33.8567],[139.6251,33.8567],[139.625,33.8567],[139.625,33.8567]]],[[[139.6247,33.8566],[139.6249,33.8566],[139.6249,33.8567],[139.6247,33.8567],[139.6247,33.8566]]],[[[139.6257,33.8585],[139.6258,33.8585],[139.6258,33.8586],[139.6257,33.8586],[139.6257,33.8585]]],[[[139.6259,33.8586],[139.626,33.8586],[139.626,33.8587],[139.6259,33.8587],[139.6259,33.8586]]],[[[139.6201,33.8514],[139.6208,33.8506],[139.6199,33.8506],[139.6192,33.8514],[139.6201,33.8514]]],[[[139.6207,33.8522],[139.6207,33.8522],[139.6207,33.8523],[139.6207,33.8523],[139.6207,33.8522]]],[[[139.6208,33.8524],[139.6209,33.8524],[139.6209,33.8525],[139.6208,33.8525],[139.6208,33.8524]]],[[[139.6228,33.8543],[139.6229,33.8543],[139.6229,33.8544],[139.6228,33.8544],[139.6228,33.8543]]],[[[139.625,33.8839],[139.628,33.8779],[139.6291,33.8773],[139.632,33.8702],[139.6312,33.8676],[139.6241,33.8555],[139.62,33.8519],[139.6038,33.8546],[139.5919,33.8546],[139.5858,33.8569],[139.5801,33.8596],[139.5776,33.863],[139.5766,33.8666],[139.5773,33.8731],[139.5767,33.8777],[139.5794,33.8847],[139.5878,33.8941],[139.5868,33.8951],[139.5879,33.8943],[139.5889,33.8952],[139.5886,33.896],[139.5876,33.8956],[139.5883,33.8962],[139.5868,33.8975],[139.5895,33.8959],[139.5905,33.8971],[139.5899,33.8975],[139.5908,33.8978],[139.5904,33.8984],[139.5894,33.8974],[139.5903,33.8987],[139.5912,33.8981],[139.6003,33.9007],[139.6054,33.9008],[139.6095,33.8988],[139.6162,33.8929],[139.6183,33.8923],[139.625,33.8839]]],[[[139.5764,33.8666],[139.5765,33.8666],[139.5765,33.8668],[139.5764,33.8668],[139.5764,33.8666]]],[[[139.6212,33.8503],[139.6215,33.8503],[139.6215,33.8506],[139.6212,33.8506],[139.6212,33.8503]]],[[[139.6213,33.851],[139.6214,33.851],[139.6214,33.8512],[139.6213,33.8512],[139.6213,33.851]]],[[[139.6014,33.9012],[139.6015,33.9012],[139.6015,33.9014],[139.6014,33.9014],[139.6014,33.9012]]],[[[139.6217,33.8502],[139.6219,33.8502],[139.6219,33.8504],[139.6217,33.8504],[139.6217,33.8502]]],[[[139.5764,33.8661],[139.5766,33.8661],[139.5766,33.8662],[139.5764,33.8662],[139.5764,33.8661]]],[[[139.5764,33.8671],[139.5765,33.8671],[139.5765,33.8672],[139.5764,33.8672],[139.5764,33.8671]]],[[[139.5765,33.8778],[139.5766,33.8778],[139.5766,33.8779],[139.5765,33.8779],[139.5765,33.8778]]],[[[139.2983,33.6514],[139.2985,33.6514],[139.2985,33.6515],[139.2983,33.6515],[139.2983,33.6514]]],[[[139.2985,33.6522],[139.2986,33.6522],[139.2986,33.6523],[139.2985,33.6523],[139.2985,33.6522]]],[[[139.2995,33.6514],[139.2988,33.6507],[139.2986,33.6515],[139.299,33.6523],[139.2995,33.6514]]],[[[139.2982,33.6518],[139.2984,33.6518],[139.2984,33.652],[139.2982,33.652],[139.2982,33.6518]]],[[[139.5762,33.8716],[139.5764,33.8716],[139.5764,33.8717],[139.5762,33.8717],[139.5762,33.8716]]],[[[139.626,33.859],[139.6261,33.859],[139.6261,33.8591],[139.626,33.8591],[139.626,33.859]]],[[[139.6282,33.8619],[139.6283,33.8619],[139.6283,33.862],[139.6282,33.862],[139.6282,33.8619]]],[[[139.6286,33.8628],[139.6287,33.8628],[139.6287,33.8629],[139.6286,33.8629],[139.6286,33.8628]]]]}},{"type":"Feature","properties":{"code":"134015","name":"八丈町","island":true},"geometry":{"type":"MultiPolygon","coordinates":[[[[139.6805,33.12],[139.6807,33.12],[139.6807,33.1201],[139.6805,33.1201],[139.6805,33.12]]],[[[139.6813,33.1204],[139.6814,33.1204],[139.6814,33.1205],[139.6813,33.1205],[139.6813,33.1204]]],[[[139.6814,33.1205],[139.6816,33.1205],[139.6816,33.1207],[139.6814,33.1207],[139.6814,33.1205]]],[[[139.682,33.1214],[139.6821,33.1214],[139.6821,33.1215],[139.682,33.1215],[139.682,33.1214]]],[[[139.6822,33.1215],[139.6822,33.1215],[139.6822,33.1215],[139.6822,33.1215],[139.6822,33.1215]]],[[[139.6826,33.1212],[139.6826,33.1212],[139.6826,33.1213],[139.6826,33.1213],[139.6826,33.1212]]],[[[139.6823,33.1215],[139.6824,33.1215],[139.6824,33.1216],[139.6823,33.1216],[139.6823,33.1215]]],[[[139.6824,33.1215],[139.6825,33.1215],[139.6825,33.1215],[139.6824,33.1215],[139.6824,33.1215]]],[[[139.6825,33.1213],[139.6826,33.1213],[139.6826,33.1214],[139.6825,33.1214],[139.6825,33.1213]]],[[[139.6818,33.1155],[139.682,33.1155],[139.682,33.1156],[139.6818,33.1156],[139.6818,33.1155]]],[[[139.6807,33.1199],[139.6808,33.1199],[139.6808,33.12],[139.6807,33.12],[139.6807,33.1199]]],[[[139.6832,33.1177],[139.6833,33.1177],[139.6833,33.1177],[139.6832,33.1177],[139.6832,33.1177]]],[[[139.6833,33.1179],[139.6834,33.1179],[139.6834,33.1181],[139.6833,33.1181],[139.6833,33.1179]]],[[[139.6831,33.1182],[139.6832,33.1182],[139.6832,33.1183],[139.6831,33.1183],[139.6831,33.1182]]],[[[139.6833,33.1182],[139.6834,33.1182],[139.6834,33.1182],[139.6833,33.1182],[139.6833,33.1182]]],[[[139.6831,33.1157],[139.6839,33.1157],[139.6839,33.1163],[139.6831,33.1163],[139.6831,33.1157]]],[[[139.6834,33.1177],[139.6836,33.1177],[139.6836,33.1179],[139.6834,33.1179],[139.6834,33.1177]]],[[[139.6834,33.119],[139.6835,33.119],[139.6835,33.1191],[139.6834,33.1191],[139.6834,33.119]]],[[[139.6835,33.1193],[139.6836,33.1193],[139.6836,33.1194],[139.6835,33.1194],[139.6835,33.1193]]],[[[139.6834,33.1199],[139.6835,33.1199],[139.6835,33.12],[139.6834,33.12],[139.6834,33.1199]]],[[[139.6823,33.1216],[139.6824,33.1216],[139.6824,33.1217],[139.6823,33.1217],[139.6823,33.1216]]],[[[139.682,33.1224],[139.6821,33.1224],[139.6821,33.1225],[139.682,33.1225],[139.682,33.1224]]],[[[139.6752,33.1293],[139.6753,33.1293],[139.6753,33.1293],[139.6752,33.1293],[139.6752,33.1293]]],[[[139.6754,33.1292],[139.6758,33.1292],[139.6758,33.1295],[139.6754,33.1295],[139.6754,33.1292]]],[[[139.675,33.1299],[139.6755,33.1299],[139.6755,33.1306],[139.675,33.1306],[139.675,33.1299]]],[[[139.6791,33.1259],[139.6792,33.1259],[139.6792,33.126],[139.6791,33.126],[139.6791,33.1259]]],[[[139.6775,33.1363],[139.6777,33.1363],[139.6777,33.1365],[139.6775,33.1365],[139.6775,33.1363]]],[[[139.6779,33.1357],[139.678,33.1357],[139.678,33.1357],[139.6779,33.1357],[139.6779,33.1357]]],[[[139.6826,33.1365],[139.6827,33.1365],[139.6827,33.1366],[139.6826,33.1366],[139.6826,33.1365]]],[[[139.7534,33.1051],[139.7535,33.1051],[139.7535,33.1054],[139.7534,33.1054],[139.7534,33.1051]]],[[[139.7526,33.1061],[139.753,33.1061],[139.753,33.1065],[139.7526,33.1065],[139.7526,33.1061]]],[[[139.752,33.1071],[139.7523,33.1071],[139.7523,33.1074],[139.752,33.1074],[139.752,33.1071]]],[[[139.7551,33.1032],[139.7552,33.1032],[139.7552,33.1034],[139.7551,33.1034],[139.7551,33.1032]]],[[[139.7672,33.1],[139.7674,33.1],[139.7674,33.1002],[139.7672,33.1002],[139.7672,33.1]]],[[[139.768,33.0999],[139.7681,33.0999],[139.7681,33.1],[139.768,33.1],[139.768,33.0999]]],[[[139.7683,33.1003],[139.7685,33.1003],[139.7685,33.1004],[139.7683,33.1004],[139.7683,33.1003]]],[[[139.7688,33.0999],[139.7695,33.0999],[139.7695,33.1002],[139.7688,33.1002],[139.7688,33.0999]]],[[[139.7697,33.0987],[139.7698,33.0987],[139.7698,33.0988],[139.7697,33.0988],[139.7697,33.0987]]],[[[139.8356,33.1184],[139.8357,33.1184],[139.8357,33.1185],[139.8356,33.1185],[139.8356,33.1184]]],[[[139.8357,33.1185],[139.8359,33.1185],[139.8359,33.1187],[139.8357,33.1187],[139.8357,33.1185]]],[[[139.8363,33.1186],[139.8364,33.1186],[139.8364,33.1187],[139.8363,33.1187],[139.8363,33.1186]]],[[[139.8401,33.1179],[139.8403,33.1179],[139.8403,33.1181],[139.8401,33.1181],[139.8401,33.1179]]],[[[139.8444,33.117],[139.8445,33.117],[139.8445,33.1173],[139.8444,33.1173],[139.8444,33.117]]],[[[139.8448,33.1171],[139.8451,33.1171],[139.8451,33.1175],[139.8448,33.1175],[139.8448,33.1171]]],[[[139.8453,33.1178],[139.8454,33.1178],[139.8454,33.1179],[139.8453,33.1179],[139.8453,33.1178]]],[[[139.8459,33.1172],[139.8462,33.1172],[139.8462,33.1175],[139.8459,33.1175],[139.8459,33.1172]]],[[[139.8463,33.1175],[139.8465,33.1175],[139.8465,33.1177],[139.8463,33.1177],[139.8463,33.1175]]],[[[139.7555,33.1583],[139.7557,33.1583],[139.7557,33.1585],[139.7555,33.1585],[139.7555,33.1583]]],[[[139.7675,33.1587],[139.7676,33.1587],[139.7676,33.1588],[139.7675,33.1588],[139.7675,33.1587]]],[[[139.7685,33.1583],[139.7686,33.1583],[139.7686,33.1584],[139.7685,33.1584],[139.7685,33.1583]]],[[[139.7687,33.1584],[139.7689,33.1584],[139.7689,33.1585],[139.7687,33.1585],[139.7687,33.1584]]],[[[139.7743,33.1578],[139.7744,33.1578],[139.7744,33.1579],[139.7743,33.1579],[139.7743,33.1578]]],[[[139.7746,33.1575],[139.7748,33.1575],[139.7748,33.1577],[139.7746,33.1577],[139.7746,33.1575]]],[[[139.7745,33.1577],[139.7746,33.1577],[139.7746,33.1579],[139.7745,33.1579],[139.7745,33.1577]]],[[[139.7747,33.1582],[139.7748,33.1582],[139.7748,33.1583],[139.7747,33.1583],[139.7747,33.1582]]],[[[139.781,33.1522],[139.7812,33.1522],[139.7812,33.1523],[139.781,33.1523],[139.781,33.1522]]],[[[139.7806,33.1523],[139.7807,33.1523],[139.7807,33.1525],[139.7806,33.1525],[139.7806,33.1523]]],[[[139.7821,33.1518],[139.7823,33.1518],[139.7823,33.1519],[139.7821,33.1519],[139.7821,33.1518]]],[[[139.7896,33.1458],[139.7897,33.1458],[139.7897,33.1459],[139.7896,33.1459],[139.7896,33.1458]]],[[[139.7898,33.1459],[139.79,33.1459],[139.79,33.1461],[139.7898,33.1461],[139.7898,33.1459]]],[[[139.7937,33.1437],[139.7938,33.1437],[139.7938,33.1438],[139.7937,33.1438],[139.7937,33.1437]]],[[[139.7936,33.144],[139.7937,33.144],[139.7937,33.1441],[139.7936,33.1441],[139.7936,33.144]]],[[[139.7935,33.1443],[139.7936,33.1443],[139.7936,33.1444],[139.7935,33.1444],[139.7935,33.1443]]],[[[139.795,33.1433],[139.7952,33.1433],[139.7952,33.1433],[139.795,33.1433],[139.795,33.1433]]],[[[139.8175,33.1246],[139.8177,33.1246],[139.8177,33.1247],[139.8175,33.1247],[139.8175,33.1246]]],[[[139.8108,33.1292],[139.8109,33.1292],[139.8109,33.1293],[139.8108,33.1293],[139.8108,33.1292]]],[[[139.8112,33.129],[139.8114,33.129],[139.8114,33.1291],[139.8112,33.1291],[139.8112,33.129]]],[[[139.8149,33.1284],[139.8151,33.1284],[139.8151,33.1285],[139.8149,33.1285],[139.8149,33.1284]]],[[[139.816,33.1286],[139.8163,33.1286],[139.8163,33.1289],[139.816,33.1289],[139.816,33.1286]]],[[[139.8175,33.1257],[139.8179,33.1257],[139.8179,33.1259],[139.8175,33.1259],[139.8175,33.1257]]],[[[139.699,33.1155],[139.6992,33.1155],[139.6992,33.1156],[139.699,33.1156],[139.699,33.1155]]],[[[139.6987,33.1158],[139.6988,33.1158],[139.6988,33.1159],[139.6987,33.1159],[139.6987,33.1158]]],[[[139.699,33.1159],[139.699,33.1159],[139.699,33.116],[139.699,33.116],[139.699,33.1159]]],[[[139.7006,33.1171],[139.7008,33.1171],[139.7008,33.1172],[139.7006,33.1172],[139.7006,33.1171]]],[[[139.6993,33.1202],[139.6995,33.1202],[139.6995,33.1203],[139.6993,33.1203],[139.6993,33.1202]]],[[[139.6992,33.1207],[139.6993,33.1207],[139.6993,33.1208],[139.6992,33.1208],[139.6992,33.1207]]],[[[139.701,33.1173],[139.7017,33.1173],[139.7017,33.1185],[139.701,33.1185],[139.701,33.1173]]],[[[139.6993,33.1214],[139.6994,33.1214],[139.6994,33.1215],[139.6993,33.1215],[139.6993,33.1214]]],[[[139.6992,33.1221],[139.6993,33.1221],[139.6993,33.1222],[139.6992,33.1222],[139.6992,33.1221]]],[[[139.7805,33.0722],[139.7807,33.0722],[139.7807,33.0724],[139.7805,33.0724],[139.7805,33.0722]]],[[[139.7798,33.0747],[139.7801,33.0747],[139.7801,33.0749],[139.7798,33.0749],[139.7798,33.0747]]],[[[139.7834,33.0691],[139.7836,33.0691],[139.7836,33.0693],[139.7834,33.0693],[139.7834,33.0691]]],[[[139.7838,33.069],[139.784,33.069],[139.784,33.0693],[139.7838,33.0693],[139.7838,33.069]]],[[[139.7832,33.0695],[139.7833,33.0695],[139.7833,33.0696],[139.7832,33.0696],[139.7832,33.0695]]],[[[139.7832,33.0697],[139.7834,33.0697],[139.7834,33.0698],[139.7832,33.0698],[139.7832,33.0697]]],[[[139.7836,33.0695],[139.7838,33.0695],[139.7838,33.0696],[139.7836,33.0696],[139.7836,33.0695]]],[[[139.782,33.0708],[139.7822,33.0708],[139.7822,33.0709],[139.782,33.0709],[139.782,33.0708]]],[[[139.7824,33.0709],[139.7826,33.0709],[139.7826,33.0711],[139.7824,33.0711],[139.7824,33.0709]]],[[[139.8183,33.1246],[139.8188,33.1246],[139.8188,33.125],[139.8183,33.125],[139.8183,33.1246]]],[[[139.8364,33.1187],[139.8365,33.1187],[139.8365,33.1188],[139.8364,33.1188],[139.8364,33.1187]]],[[[139.8368,33.1187],[139.8373,33.1187],[139.8373,33.1192],[139.8368,33.1192],[139.8368,33.1187]]],[[[139.8381,33.1186],[139.8386,33.1186],[139.8386,33.1195],[139.8381,33.1195],[139.8381,33.1186]]],[[[139.8182,33.1251],[139.8189,33.1251],[139.8189,33.1255],[139.8182,33.1255],[139.8182,33.1251]]],[[[139.8186,33.1256],[139.8188,33.1256],[139.8188,33.1257],[139.8186,33.1257],[139.8186,33.1256]]],[[[139.6821,33.1227],[139.6799,33.1267],[139.6751,33.1308],[139.6766,33.132],[139.6753,33.1334],[139.6766,33.1346],[139.6759,33.1354],[139.6767,33.1364],[139.6791,33.1342],[139.6818,33.1353],[139.683,33.1366],[139.6872,33.1361],[139.6877,33.1339],[139.6899,33.1313],[139.6944,33.1295],[139.6977,33.127],[139.699,33.1245],[139.6994,33.1194],[139.6999,33.1184],[139.7013,33.1183],[139.6998,33.1169],[139.7001,33.1163],[139.6985,33.1159],[139.6989,33.1156],[139.6982,33.1168],[139.6949,33.1175],[139.6902,33.1172],[139.6888,33.1162],[139.686,33.1172],[139.6838,33.1186],[139.6821,33.1227]]],[[[139.7504,33.1155],[139.7506,33.1155],[139.7506,33.1157],[139.7504,33.1157],[139.7504,33.1155]]],[[[139.7503,33.1158],[139.7505,33.1158],[139.7505,33.1159],[139.7503,33.1159],[139.7503,33.1158]]],[[[139.7951,33.1435],[139.7952,33.1435],[139.7952,33.1436],[139.7951,33.1436],[139.7951,33.1435]]],[[[139.7802,33.0833],[139.7796,33.0865],[139.7799,33.0922],[139.7788,33.0959],[139.7779,33.0968],[139.7765,33.096],[139.7746,33.0962],[139.7779,33.0968],[139.7761,33.0984],[139.777,33.0991],[139.7761,33.0994],[139.7796,33.1001],[139.7795,33.1009],[139.7756,33.0999],[139.7757,33.0975],[139.7751,33.099],[139.7726,33.0983],[139.7726,33.0976],[139.7708,33.0989],[139.7706,33.0967],[139.7701,33.0967],[139.7705,33.0995],[139.7712,33.1003],[139.7694,33.0992],[139.7697,33.1007],[139.768,33.1006],[139.7679,33.1017],[139.766,33.1018],[139.7652,33.1011],[139.7651,33.1021],[139.7639,33.1023],[139.7634,33.1016],[139.7556,33.1035],[139.7553,33.1051],[139.7547,33.1047],[139.7541,33.1056],[139.7537,33.1049],[139.754,33.1058],[139.7529,33.1069],[139.7532,33.1079],[139.7518,33.1101],[139.7525,33.1121],[139.751,33.1158],[139.7456,33.1205],[139.7455,33.1213],[139.7443,33.1214],[139.7446,33.1225],[139.7435,33.1261],[139.7425,33.1262],[139.7428,33.1269],[139.7419,33.1267],[139.7425,33.1271],[139.7398,33.1314],[139.74,33.1327],[139.7391,33.1334],[139.7398,33.1344],[139.7383,33.1387],[139.7384,33.1419],[139.7396,33.1437],[139.7396,33.1454],[139.7386,33.1459],[139.7395,33.1458],[139.742,33.148],[139.7416,33.1487],[139.7431,33.1505],[139.7424,33.1512],[139.7432,33.1511],[139.7438,33.1527],[139.7433,33.1539],[139.7443,33.1537],[139.7458,33.1559],[139.7469,33.1556],[139.748,33.1566],[139.753,33.158],[139.7568,33.1581],[139.7587,33.1596],[139.7651,33.1579],[139.7674,33.1587],[139.7681,33.1575],[139.7721,33.1589],[139.7723,33.1576],[139.7742,33.1579],[139.7751,33.1561],[139.7763,33.1561],[139.7771,33.1545],[139.7779,33.1548],[139.778,33.1539],[139.7809,33.1512],[139.7816,33.1513],[139.7837,33.1487],[139.7865,33.1472],[139.7868,33.148],[139.7869,33.1469],[139.7876,33.1472],[139.7884,33.1458],[139.7892,33.146],[139.7889,33.1453],[139.7907,33.1455],[139.7912,33.1443],[139.7929,33.1442],[139.795,33.1422],[139.7961,33.1425],[139.796,33.1416],[139.7968,33.1416],[139.796,33.1411],[139.7968,33.1356],[139.7989,33.1346],[139.7981,33.1345],[139.798,33.1335],[139.8012,33.1324],[139.8055,33.1324],[139.805,33.1319],[139.8058,33.1306],[139.805,33.1303],[139.8048,33.1316],[139.8024,33.1324],[139.802,33.1317],[139.8041,33.1311],[139.8057,33.1294],[139.8072,33.1301],[139.8063,33.1311],[139.8068,33.1315],[139.806,33.1337],[139.8077,33.1304],[139.8101,33.1302],[139.811,33.1284],[139.8141,33.1281],[139.8142,33.129],[139.8155,33.1273],[139.8153,33.1264],[139.8172,33.1256],[139.8162,33.1252],[139.8169,33.1239],[139.8183,33.1243],[139.817,33.1234],[139.8197,33.1238],[139.8197,33.1231],[139.8205,33.1239],[139.8227,33.1234],[139.8168,33.1219],[139.8171,33.1208],[139.8176,33.1213],[139.8172,33.1201],[139.8205,33.1203],[139.8226,33.12],[139.8278,33.1173],[139.8324,33.1173],[139.8344,33.1182],[139.8377,33.118],[139.8427,33.1163],[139.8466,33.1171],[139.8453,33.1161],[139.846,33.1154],[139.8465,33.1161],[139.846,33.1149],[139.8491,33.1114],[139.8511,33.1054],[139.8575,33.099],[139.855,33.0953],[139.8544,33.0914],[139.8595,33.084],[139.8574,33.0803],[139.8586,33.0794],[139.8549,33.0774],[139.8485,33.0778],[139.8453,33.0754],[139.8424,33.0764],[139.8405,33.0757],[139.8413,33.0756],[139.8409,33.0741],[139.84,33.076],[139.8389,33.075],[139.8392,33.0744],[139.8402,33.0746],[139.8391,33.0742],[139.8374,33.0701],[139.8333,33.0668],[139.8338,33.0625],[139.8344,33.063],[139.8334,33.0549],[139.8364,33.0519],[139.837,33.0496],[139.833,33.0463],[139.8316,33.0468],[139.8326,33.0453],[139.8192,33.0585],[139.8161,33.0594],[139.8154,33.0586],[139.8152,33.0595],[139.8143,33.0586],[139.8156,33.0583],[139.8151,33.058],[139.814,33.0583],[139.8139,33.0595],[139.8127,33.0597],[139.8102,33.0583],[139.8055,33.0602],[139.8063,33.0604],[139.8055,33.0618],[139.8019,33.0639],[139.7975,33.0628],[139.7975,33.0622],[139.7964,33.0631],[139.7962,33.0623],[139.7934,33.0657],[139.7906,33.0661],[139.7857,33.0695],[139.7841,33.0693],[139.7815,33.0723],[139.7804,33.0752],[139.7795,33.0753],[139.7805,33.076],[139.7802,33.0833]]],[[[139.8467,33.1164],[139.8469,33.1164],[139.8469,33.1166],[139.8467,33.1166],[139.8467,33.1164]]],[[[139.7598,33.1602],[139.76,33.1602],[139.76,33.1604],[139.7598,33.1604],[139.7598,33.1602]]],[[[139.6817,33.1151],[139.6818,33.1151],[139.6818,33.1153],[139.6817,33.1153],[139.6817,33.1151]]],[[[139.681975279,33.11532],[139.681940558,33.115363333],[139.681994721,33.115361108],[139.682005837,33.115324162],[139.681975279,33.11532]]],[[[139.6827,33.1153],[139.6828,33.1153],[139.6828,33.1154],[139.6827,33.1154],[139.6827,33.1153]]],[[[139.6887,33.1139],[139.6888,33.1139],[139.6888,33.114],[139.6887,33.114],[139.6887,33.1139]]],[[[139.6882,33.114],[139.6888,33.114],[139.6888,33.1147],[139.6882,33.1147],[139.6882,33.114]]],[[[139.6883,33.1138],[139.6884,33.1138],[139.6884,33.1139],[139.6883,33.1139],[139.6883,33.1138]]],[[[139.6885,33.1139],[139.6886,33.1139],[139.6886,33.1139],[139.6885,33.1139],[139.6885,33.1139]]],[[[139.7422,33.1496],[139.7423,33.1496],[139.7423,33.1497],[139.7422,33.1497],[139.7422,33.1496]]],[[[139.7424,33.1499],[139.7425,33.1499],[139.7425,33.1501],[139.7424,33.1501],[139.7424,33.1499]]],[[[139.7432,33.1522],[139.7434,33.1522],[139.7434,33.1523],[139.7432,33.1523],[139.7432,33.1522]]],[[[139.7434,33.1525],[139.7435,33.1525],[139.7435,33.1526],[139.7434,33.1526],[139.7434,33.1525]]],[[[139.7474,33.1565],[139.7475,33.1565],[139.7475,33.1566],[139.7474,33.1566],[139.7474,33.1565]]],[[[139.7472,33.1568],[139.7474,33.1568],[139.7474,33.157],[139.7472,33.157],[139.7472,33.1568]]],[[[139.6931,33.1299],[139.6935,33.1299],[139.6935,33.13],[139.6931,33.13],[139.6931,33.1299]]],[[[139.6937,33.1297],[139.694,33.1297],[139.694,33.1298],[139.6937,33.1298],[139.6937,33.1297]]],[[[139.6943,33.1294],[139.6946,33.1294],[139.6946,33.1296],[139.6943,33.1296],[139.6943,33.1294]]],[[[139.6983,33.1261],[139.6984,33.1261],[139.6984,33.1263],[139.6983,33.1263],[139.6983,33.1261]]],[[[139.6977,33.1271],[139.6979,33.1271],[139.6979,33.1272],[139.6977,33.1272],[139.6977,33.1271]]],[[[139.6957,33.1291],[139.6959,33.1291],[139.6959,33.1291],[139.6957,33.1291],[139.6957,33.1291]]],[[[139.699,33.1294],[139.698,33.1301],[139.6981,33.1306],[139.6986,33.1303],[139.699,33.1294]]],[[[139.6836,33.1367],[139.6838,33.1367],[139.6838,33.1369],[139.6836,33.1369],[139.6836,33.1367]]],[[[139.8054,33.0613],[139.8056,33.0613],[139.8056,33.0615],[139.8054,33.0615],[139.8054,33.0613]]],[[[139.7844,33.0685],[139.7845,33.0685],[139.7845,33.0687],[139.7844,33.0687],[139.7844,33.0685]]],[[[139.7846,33.0686],[139.7848,33.0686],[139.7848,33.0688],[139.7846,33.0688],[139.7846,33.0686]]],[[[139.7901,33.0661],[139.7903,33.0661],[139.7903,33.0662],[139.7901,33.0662],[139.7901,33.0661]]],[[[139.8386,33.0483],[139.8388,33.0483],[139.8388,33.0484],[139.8386,33.0484],[139.8386,33.0483]]],[[[139.8381,33.0497],[139.8382,33.0497],[139.8382,33.0498],[139.8381,33.0498],[139.8381,33.0497]]],[[[139.8406,33.0726],[139.8417,33.0726],[139.8417,33.0733],[139.8406,33.0733],[139.8406,33.0726]]],[[[139.7962,33.1393],[139.7963,33.1393],[139.7963,33.1394],[139.7962,33.1394],[139.7962,33.1393]]],[[[139.7953,33.143],[139.7955,33.143],[139.7955,33.1432],[139.7953,33.1432],[139.7953,33.143]]],[[[139.7976,33.1374],[139.7977,33.1374],[139.7977,33.1375],[139.7976,33.1375],[139.7976,33.1374]]],[[[139.7979,33.1374],[139.7981,33.1374],[139.7981,33.1375],[139.7979,33.1375],[139.7979,33.1374]]],[[[139.7983,33.1374],[139.7984,33.1374],[139.7984,33.1375],[139.7983,33.1375],[139.7983,33.1374]]],[[[139.8061,33.1299],[139.8062,33.1299],[139.8062,33.13],[139.8061,33.13],[139.8061,33.1299]]],[[[139.8067,33.1305],[139.8068,33.1305],[139.8068,33.1306],[139.8067,33.1306],[139.8067,33.1305]]]]}},{"type":"Feature","properties":{"code":"134023","name":"青ヶ島村","island":true},"geometry":{"type":"MultiPolygon","coordinates":[[[[139.7616,32.446],[139.7617,32.446],[139.7617,32.4461],[139.7616,32.4461],[139.7616,32.446]]],[[[139.7661,32.4432],[139.7662,32.4432],[139.7662,32.4433],[139.7661,32.4433],[139.7661,32.4432]]],[[[139.7671,32.4429],[139.7672,32.4429],[139.7672,32.4431],[139.7671,32.4431],[139.7671,32.4429]]],[[[139.7663,32.4434],[139.7664,32.4434],[139.7664,32.4435],[139.7663,32.4435],[139.7663,32.4434]]],[[[139.7558,32.4496],[139.7559,32.4496],[139.7559,32.4497],[139.7558,32.4497],[139.7558,32.4496]]],[[[139.7544,32.4536],[139.7544,32.4536],[139.7544,32.4537],[139.7544,32.4537],[139.7544,32.4536]]],[[[139.7547,32.4601],[139.7548,32.4601],[139.7548,32.4602],[139.7547,32.4602],[139.7547,32.4601]]],[[[139.7722,32.4436],[139.7724,32.4436],[139.7724,32.4438],[139.7722,32.4438],[139.7722,32.4436]]],[[[139.7743,32.4449],[139.7744,32.4449],[139.7744,32.4449],[139.7743,32.4449],[139.7743,32.4449]]],[[[139.7801,32.4483],[139.7802,32.4483],[139.7802,32.4483],[139.7801,32.4483],[139.7801,32.4483]]],[[[139.7806,32.449],[139.7807,32.449],[139.7807,32.449],[139.7806,32.449],[139.7806,32.449]]],[[[139.7811,32.4502],[139.7812,32.4502],[139.7812,32.4503],[139.7811,32.4503],[139.7811,32.4502]]],[[[139.7812,32.4505],[139.7812,32.4505],[139.7812,32.4505],[139.7812,32.4505],[139.7812,32.4505]]],[[[139.7811,32.4511],[139.7812,32.4511],[139.7812,32.4511],[139.7811,32.4511],[139.7811,32.4511]]],[[[139.7813,32.4505],[139.7814,32.4505],[139.7814,32.4506],[139.7813,32.4506],[139.7813,32.4505]]],[[[139.7804,32.4534],[139.7805,32.4534],[139.7805,32.4535],[139.7804,32.4535],[139.7804,32.4534]]],[[[139.7807,32.4536],[139.7809,32.4536],[139.7809,32.4537],[139.7807,32.4537],[139.7807,32.4536]]],[[[139.7804,32.4557],[139.7806,32.4557],[139.7806,32.4558],[139.7804,32.4558],[139.7804,32.4557]]],[[[139.7806,32.4565],[139.7806,32.4565],[139.7806,32.4566],[139.7806,32.4566],[139.7806,32.4565]]],[[[139.7807,32.4566],[139.7807,32.4566],[139.7807,32.4567],[139.7807,32.4567],[139.7807,32.4566]]],[[[139.7806,32.4575],[139.7807,32.4575],[139.7807,32.4575],[139.7806,32.4575],[139.7806,32.4575]]],[[[139.7808,32.4571],[139.7809,32.4571],[139.7809,32.4572],[139.7808,32.4572],[139.7808,32.4571]]],[[[139.7787,32.4602],[139.7788,32.4602],[139.7788,32.4603],[139.7787,32.4603],[139.7787,32.4602]]],[[[139.7799,32.4586],[139.78,32.4586],[139.78,32.4587],[139.7799,32.4587],[139.7799,32.4586]]],[[[139.7802,32.4585],[139.7803,32.4585],[139.7803,32.4585],[139.7802,32.4585],[139.7802,32.4585]]],[[[139.774,32.4637],[139.7741,32.4637],[139.7741,32.4637],[139.774,32.4637],[139.774,32.4637]]],[[[139.7749,32.4631],[139.775,32.4631],[139.775,32.4631],[139.7749,32.4631],[139.7749,32.4631]]],[[[139.7755,32.4627],[139.7756,32.4627],[139.7756,32.4628],[139.7755,32.4628],[139.7755,32.4627]]],[[[139.7756,32.4626],[139.7757,32.4626],[139.7757,32.4626],[139.7756,32.4626],[139.7756,32.4626]]],[[[139.7786,32.4603],[139.7787,32.4603],[139.7787,32.4604],[139.7786,32.4604],[139.7786,32.4603]]],[[[139.7767,32.462],[139.7767,32.462],[139.7767,32.462],[139.7767,32.462],[139.7767,32.462]]],[[[139.7781,32.4618],[139.7781,32.4618],[139.7781,32.4619],[139.7781,32.4619],[139.7781,32.4618]]],[[[139.7546,32.4702],[139.7546,32.4702],[139.7546,32.4702],[139.7546,32.4702],[139.7546,32.4702]]],[[[139.7551,32.4716],[139.7551,32.4716],[139.7551,32.4717],[139.7551,32.4717],[139.7551,32.4716]]],[[[139.7552,32.4716],[139.7552,32.4716],[139.7552,32.4717],[139.7552,32.4717],[139.7552,32.4716]]],[[[139.7551,32.4718],[139.7552,32.4718],[139.7552,32.4718],[139.7551,32.4718],[139.7551,32.4718]]],[[[139.7558,32.4722],[139.7558,32.4722],[139.7558,32.4723],[139.7558,32.4723],[139.7558,32.4722]]],[[[139.7569,32.473],[139.757,32.473],[139.757,32.473],[139.7569,32.473],[139.7569,32.473]]],[[[139.7595,32.4733],[139.7596,32.4733],[139.7596,32.4733],[139.7595,32.4733],[139.7595,32.4733]]],[[[139.7706,32.4679],[139.7707,32.4679],[139.7707,32.4679],[139.7706,32.4679],[139.7706,32.4679]]],[[[139.771,32.4677],[139.7711,32.4677],[139.7711,32.4678],[139.771,32.4678],[139.771,32.4677]]],[[[139.7612,32.4735],[139.7614,32.4735],[139.7614,32.4736],[139.7612,32.4736],[139.7612,32.4735]]],[[[139.7642,32.471],[139.7642,32.471],[139.7642,32.4711],[139.7642,32.4711],[139.7642,32.471]]],[[[139.7813,32.4521],[139.7814,32.4521],[139.7814,32.4522],[139.7813,32.4522],[139.7813,32.4521]]],[[[139.7811,32.4514],[139.7812,32.4514],[139.7812,32.4514],[139.7811,32.4514],[139.7811,32.4514]]],[[[139.7813,32.4515],[139.7813,32.4515],[139.7813,32.4516],[139.7813,32.4516],[139.7813,32.4515]]],[[[139.7583,32.447],[139.7586,32.4483],[139.755,32.4504],[139.7544,32.4536],[139.755,32.4552],[139.7544,32.4673],[139.7552,32.4718],[139.756,32.4725],[139.7592,32.4736],[139.7628,32.4713],[139.77,32.4692],[139.7732,32.4642],[139.7761,32.4621],[139.7776,32.462],[139.778,32.461],[139.7805,32.4574],[139.7814,32.4573],[139.7805,32.4566],[139.7801,32.4545],[139.7813,32.4527],[139.7812,32.4504],[139.7792,32.4472],[139.7716,32.4436],[139.7683,32.4429],[139.7665,32.4435],[139.7646,32.4457],[139.7604,32.4464],[139.7594,32.4458],[139.7601,32.4469],[139.7591,32.4477],[139.7583,32.447]]],[[[139.7819,32.4572],[139.782,32.4572],[139.782,32.4573],[139.7819,32.4573],[139.7819,32.4572]]],[[[139.7814,32.4522],[139.7815,32.4522],[139.7815,32.4523],[139.7814,32.4523],[139.7814,32.4522]]],[[[139.758,32.4737],[139.7582,32.4737],[139.7582,32.4738],[139.758,32.4738],[139.758,32.4737]]],[[[139.7536,32.4559],[139.7538,32.4559],[139.7538,32.456],[139.7536,32.456],[139.7536,32.4559]]],[[[139.7578,32.4486],[139.7578,32.4486],[139.7578,32.4487],[139.7578,32.4487],[139.7578,32.4486]]],[[[139.7712,32.4672],[139.7713,32.4672],[139.7713,32.4672],[139.7712,32.4672],[139.7712,32.4672]]],[[[139.7718,32.4659],[139.7718,32.4659],[139.7718,32.4659],[139.7718,32.4659],[139.7718,32.4659]]]]}},{"type":"Feature","properties":{"code":"134210","name":"小笠原村","island":true},"geometry":{"type":"MultiPolygon","coordinates":[[[[142.1616,27.1205],[142.1617,27.1205],[142.1617,27.1206],[142.1616,27.1206],[142.1616,27.1205]]],[[[142.1617,27.1201],[142.1625,27.1201],[142.1625,27.1206],[142.1617,27.1206],[142.1617,27.1201]]],[[[142.1614,27.113],[142.1616,27.113],[142.1616,27.1131],[142.1614,27.1131],[142.1614,27.113]]],[[[142.1618,27.1153],[142.1619,27.1153],[142.1619,27.1153],[142.1618,27.1153],[142.1618,27.1153]]],[[[142.162,27.1153],[142.1621,27.1153],[142.1621,27.1154],[142.162,27.1154],[142.162,27.1153]]],[[[142.1635,27.1153],[142.1636,27.1153],[142.1636,27.1155],[142.1635,27.1155],[142.1635,27.1153]]],[[[142.1638,27.1155],[142.1639,27.1155],[142.1639,27.1156],[142.1638,27.1156],[142.1638,27.1155]]],[[[142.1626,27.1199],[142.1629,27.1199],[142.1629,27.1202],[142.1626,27.1202],[142.1626,27.1199]]],[[[142.1642,27.1156],[142.1642,27.1156],[142.1642,27.1156],[142.1642,27.1156],[142.1642,27.1156]]],[[[142.1277,27.6886],[142.1278,27.6886],[142.1278,27.6887],[142.1277,27.6887],[142.1277,27.6886]]],[[[142.1365,27.6881],[142.1366,27.6881],[142.1366,27.6882],[142.1365,27.6882],[142.1365,27.6881]]],[[[142.1374,27.688],[142.1378,27.688],[142.1378,27.6884],[142.1374,27.6884],[142.1374,27.688]]],[[[142.1259,27.6815],[142.1263,27.6815],[142.1263,27.6817],[142.1259,27.6817],[142.1259,27.6815]]],[[[142.125,27.6828],[142.1256,27.6836],[142.1259,27.6832],[142.125,27.6828]]],[[[142.125,27.6802],[142.125,27.6809],[142.1268,27.6815],[142.1271,27.6796],[142.1261,27.6778],[142.1236,27.6792],[142.125,27.6802]]],[[[142.1302,27.6786],[142.1303,27.6786],[142.1303,27.6787],[142.1302,27.6787],[142.1302,27.6786]]],[[[142.1304,27.6777],[142.1309,27.6777],[142.1309,27.6781],[142.1304,27.6781],[142.1304,27.6777]]],[[[142.1303,27.679],[142.1304,27.679],[142.1304,27.679],[142.1303,27.679],[142.1303,27.679]]],[[[142.1327,27.6782],[142.1329,27.6782],[142.1329,27.6783],[142.1327,27.6783],[142.1327,27.6782]]],[[[142.1258,27.6818],[142.1261,27.6818],[142.1261,27.6823],[142.1258,27.6823],[142.1258,27.6818]]],[[[142.1254,27.6839],[142.1255,27.6839],[142.1255,27.684],[142.1254,27.684],[142.1254,27.6839]]],[[[142.1255,27.6837],[142.1256,27.6837],[142.1256,27.6838],[142.1255,27.6838],[142.1255,27.6837]]],[[[142.1256,27.684],[142.1257,27.684],[142.1257,27.6841],[142.1256,27.6841],[142.1256,27.684]]],[[[141.2845,24.7502],[141.2846,24.7502],[141.2846,24.7503],[141.2845,24.7503],[141.2845,24.7502]]],[[[141.2845,24.7509],[141.2846,24.7509],[141.2846,24.751],[141.2845,24.751],[141.2845,24.7509]]],[[[141.2846,24.7502],[141.2846,24.7502],[141.2846,24.7503],[141.2846,24.7503],[141.2846,24.7502]]],[[[141.2846,24.7509],[141.2847,24.7509],[141.2847,24.751],[141.2846,24.751],[141.2846,24.7509]]],[[[141.2849,24.7858],[141.285,24.7858],[141.285,24.7859],[141.2849,24.7859],[141.2849,24.7858]]],[[[141.285,24.7858],[141.285,24.7858],[141.285,24.7859],[141.285,24.7859],[141.285,24.7858]]],[[[141.2848,24.7982],[141.2849,24.7982],[141.2849,24.7982],[141.2848,24.7982],[141.2848,24.7982]]],[[[141.2849,24.7981],[141.285,24.7981],[141.285,24.7981],[141.2849,24.7981],[141.2849,24.7981]]],[[[141.2846,24.8006],[141.2846,24.8006],[141.2846,24.8006],[141.2846,24.8006],[141.2846,24.8006]]],[[[141.285,24.7858],[141.2851,24.7858],[141.2851,24.7859],[141.285,24.7859],[141.285,24.7858]]],[[[141.2855,24.7882],[141.2856,24.7882],[141.2856,24.7884],[141.2855,24.7884],[141.2855,24.7882]]],[[[141.2855,24.7883],[141.2857,24.7883],[141.2857,24.7886],[141.2855,24.7886],[141.2855,24.7883]]],[[[141.2857,24.7898],[141.2858,24.7898],[141.2858,24.7898],[141.2857,24.7898],[141.2857,24.7898]]],[[[141.2858,24.7898],[141.2858,24.7898],[141.2858,24.7898],[141.2858,24.7898],[141.2858,24.7898]]],[[[141.2846,24.8006],[141.2846,24.8006],[141.2846,24.8007],[141.2846,24.8007],[141.2846,24.8006]]],[[[141.2846,24.8007],[141.2847,24.8007],[141.2847,24.8007],[141.2846,24.8007],[141.2846,24.8007]]],[[[141.2846,24.8008],[141.2847,24.8008],[141.2847,24.8008],[141.2846,24.8008],[141.2846,24.8008]]],[[[141.2846,24.8008],[141.2847,24.8008],[141.2847,24.8009],[141.2846,24.8009],[141.2846,24.8008]]],[[[141.2846,24.8011],[141.2847,24.8011],[141.2847,24.8011],[141.2846,24.8011],[141.2846,24.8011]]],[[[141.2846,24.8012],[141.2846,24.8012],[141.2846,24.8013],[141.2846,24.8013],[141.2846,24.8012]]],[[[141.2847,24.8008],[141.2847,24.8008],[141.2847,24.8009],[141.2847,24.8009],[141.2847,24.8008]]],[[[141.2847,24.8018],[141.2847,24.8018],[141.2847,24.8018],[141.2847,24.8018],[141.2847,24.8018]]],[[[141.2848,24.8018],[141.2848,24.8018],[141.2848,24.8018],[141.2848,24.8018],[141.2848,24.8018]]],[[[141.2848,24.8018],[141.2848,24.8018],[141.2848,24.8018],[141.2848,24.8018],[141.2848,24.8018]]],[[[141.2848,24.8018],[141.2849,24.8018],[141.2849,24.8018],[141.2848,24.8018],[141.2848,24.8018]]],[[[141.2848,24.8021],[141.2848,24.8021],[141.2848,24.8021],[141.2848,24.8021],[141.2848,24.8021]]],[[[141.2849,24.8021],[141.2849,24.8021],[141.2849,24.8021],[141.2849,24.8021],[141.2849,24.8021]]],[[[141.2849,24.802],[141.2849,24.802],[141.2849,24.8021],[141.2849,24.8021],[141.2849,24.802]]],[[[141.2849,24.8021],[141.2849,24.8021],[141.2849,24.8021],[141.2849,24.8021],[141.2849,24.8021]]],[[[141.285,24.8022],[141.285,24.8022],[141.285,24.8022],[141.285,24.8022],[141.285,24.8022]]],[[[141.2848,24.8023],[141.2848,24.8023],[141.2848,24.8024],[141.2848,24.8024],[141.2848,24.8023]]],[[[141.285,24.8024],[141.285,24.8024],[141.285,24.8025],[141.285,24.8025],[141.285,24.8024]]],[[[141.2849,24.8028],[141.2849,24.8028],[141.2849,24.8029],[141.2849,24.8029],[141.2849,24.8028]]],[[[141.2849,24.8032],[141.285,24.8032],[141.285,24.8032],[141.2849,24.8032],[141.2849,24.8032]]],[[[141.285,24.8022],[141.2851,24.8022],[141.2851,24.8022],[141.285,24.8022],[141.285,24.8022]]],[[[141.285,24.8023],[141.2851,24.8023],[141.2851,24.8023],[141.285,24.8023],[141.285,24.8023]]],[[[141.285,24.8023],[141.2851,24.8023],[141.2851,24.8023],[141.285,24.8023],[141.285,24.8023]]],[[[141.285,24.8027],[141.2851,24.8027],[141.2851,24.8027],[141.285,24.8027],[141.285,24.8027]]],[[[141.285,24.8028],[141.285,24.8028],[141.285,24.8029],[141.285,24.8029],[141.285,24.8028]]],[[[141.285,24.8028],[141.2851,24.8028],[141.2851,24.8028],[141.285,24.8028],[141.285,24.8028]]],[[[141.285,24.8031],[141.2851,24.8031],[141.2851,24.8031],[141.285,24.8031],[141.285,24.8031]]],[[[141.2851,24.8039],[141.2851,24.8039],[141.2851,24.804],[141.2851,24.804],[141.2851,24.8039]]],[[[141.2856,24.7978],[141.2857,24.7978],[141.2857,24.7978],[141.2856,24.7978],[141.2856,24.7978]]],[[[141.2859,24.7977],[141.2859,24.7977],[141.2859,24.7978],[141.2859,24.7978],[141.2859,24.7977]]],[[[141.2853,24.8038],[141.2853,24.8038],[141.2853,24.8039],[141.2853,24.8039],[141.2853,24.8038]]],[[[141.2854,24.8047],[141.2855,24.8047],[141.2855,24.8048],[141.2854,24.8048],[141.2854,24.8047]]],[[[141.2855,24.8048],[141.2855,24.8048],[141.2855,24.8048],[141.2855,24.8048],[141.2855,24.8048]]],[[[141.2853,24.8039],[141.2853,24.8039],[141.2853,24.804],[141.2853,24.804],[141.2853,24.8039]]],[[[141.2853,24.8041],[141.2853,24.8041],[141.2853,24.8041],[141.2853,24.8041],[141.2853,24.8041]]],[[[141.2853,24.8043],[141.2854,24.8043],[141.2854,24.8043],[141.2853,24.8043],[141.2853,24.8043]]],[[[141.2853,24.8047],[141.2853,24.8047],[141.2853,24.8047],[141.2853,24.8047],[141.2853,24.8047]]],[[[141.2854,24.8043],[141.2854,24.8043],[141.2854,24.8043],[141.2854,24.8043],[141.2854,24.8043]]],[[[141.2854,24.8044],[141.2854,24.8044],[141.2854,24.8044],[141.2854,24.8044],[141.2854,24.8044]]],[[[141.2854,24.8044],[141.2854,24.8044],[141.2854,24.8045],[141.2854,24.8045],[141.2854,24.8044]]],[[[141.2855,24.8045],[141.2855,24.8045],[141.2855,24.8046],[141.2855,24.8046],[141.2855,24.8045]]],[[[141.2854,24.8045],[141.2854,24.8045],[141.2854,24.8046],[141.2854,24.8046],[141.2854,24.8045]]],[[[141.2854,24.8046],[141.2855,24.8046],[141.2855,24.8046],[141.2854,24.8046],[141.2854,24.8046]]],[[[141.2854,24.8046],[141.2855,24.8046],[141.2855,24.8047],[141.2854,24.8047],[141.2854,24.8046]]],[[[141.2855,24.8046],[141.2855,24.8046],[141.2855,24.8046],[141.2855,24.8046],[141.2855,24.8046]]],[[[141.2855,24.8051],[141.2856,24.8051],[141.2856,24.8051],[141.2855,24.8051],[141.2855,24.8051]]],[[[141.2855,24.8052],[141.2855,24.8052],[141.2855,24.8052],[141.2855,24.8052],[141.2855,24.8052]]],[[[141.2858,24.8056],[141.2858,24.8056],[141.2858,24.8057],[141.2858,24.8057],[141.2858,24.8056]]],[[[141.2859,24.806],[141.2859,24.806],[141.2859,24.806],[141.2859,24.806],[141.2859,24.806]]],[[[141.2859,24.806],[141.2859,24.806],[141.2859,24.8061],[141.2859,24.8061],[141.2859,24.806]]],[[[141.2844,24.7992],[141.2856,24.8053],[141.2875,24.8071],[141.2881,24.8062],[141.2865,24.8015],[141.2862,24.7979],[141.2849,24.7981],[141.2844,24.7992]]],[[[141.275,25.4215],[141.2722,25.4294],[141.2729,25.4397],[141.2739,25.4419],[141.28,25.4479],[141.2836,25.4489],[141.2885,25.447],[141.2901,25.444],[141.2905,25.4407],[141.2929,25.4383],[141.2923,25.4333],[141.2935,25.4261],[141.2901,25.4221],[141.2836,25.4193],[141.2789,25.4188],[141.276,25.4196],[141.275,25.4215]]],[[[141.2846,24.8005],[141.2846,24.8005],[141.2846,24.8005],[141.2846,24.8005],[141.2846,24.8005]]],[[[141.2845,24.7507],[141.2846,24.7507],[141.2846,24.7509],[141.2845,24.7509],[141.2845,24.7507]]],[[[141.2846,24.7523],[141.2846,24.7523],[141.2846,24.7523],[141.2846,24.7523],[141.2846,24.7523]]],[[[141.2848,24.7504],[141.2848,24.7504],[141.2848,24.7505],[141.2848,24.7505],[141.2848,24.7504]]],[[[141.2847,24.7504],[141.2848,24.7504],[141.2848,24.7505],[141.2847,24.7505],[141.2847,24.7504]]],[[[141.2846,24.7503],[141.2846,24.7503],[141.2846,24.7504],[141.2846,24.7504],[141.2846,24.7503]]],[[[141.2847,24.7503],[141.2847,24.7503],[141.2847,24.7504],[141.2847,24.7504],[141.2847,24.7503]]],[[[141.2847,24.7504],[141.2847,24.7504],[141.2847,24.7505],[141.2847,24.7505],[141.2847,24.7504]]],[[[141.2847,24.7506],[141.2848,24.7506],[141.2848,24.7506],[141.2847,24.7506],[141.2847,24.7506]]],[[[141.2847,24.7506],[141.2847,24.7506],[141.2847,24.7506],[141.2847,24.7506],[141.2847,24.7506]]],[[[141.2847,24.7507],[141.2847,24.7507],[141.2847,24.7507],[141.2847,24.7507],[141.2847,24.7507]]],[[[141.2848,24.7509],[141.2848,24.7509],[141.2848,24.7509],[141.2848,24.7509],[141.2848,24.7509]]],[[[141.2846,24.751],[141.2846,24.751],[141.2846,24.7511],[141.2846,24.7511],[141.2846,24.751]]],[[[141.2848,24.751],[141.2848,24.751],[141.2848,24.751],[141.2848,24.751],[141.2848,24.751]]],[[[141.2848,24.751],[141.2848,24.751],[141.2848,24.751],[141.2848,24.751],[141.2848,24.751]]],[[[141.2847,24.7512],[141.2848,24.7512],[141.2848,24.7512],[141.2847,24.7512],[141.2847,24.7512]]],[[[141.2847,24.7516],[141.2847,24.7516],[141.2847,24.7516],[141.2847,24.7516],[141.2847,24.7516]]],[[[141.2848,24.7515],[141.2849,24.7515],[141.2849,24.7516],[141.2848,24.7516],[141.2848,24.7515]]],[[[141.2848,24.7518],[141.2848,24.7518],[141.2848,24.7518],[141.2848,24.7518],[141.2848,24.7518]]],[[[141.2848,24.7517],[141.2849,24.7517],[141.2849,24.7517],[141.2848,24.7517],[141.2848,24.7517]]],[[[141.2849,24.7518],[141.2849,24.7518],[141.2849,24.7519],[141.2849,24.7519],[141.2849,24.7518]]],[[[141.2847,24.7521],[141.2848,24.7521],[141.2848,24.7521],[141.2847,24.7521],[141.2847,24.7521]]],[[[141.2848,24.7521],[141.2848,24.7521],[141.2848,24.7521],[141.2848,24.7521],[141.2848,24.7521]]],[[[141.2846,24.7519],[141.2847,24.7519],[141.2847,24.752],[141.2846,24.752],[141.2846,24.7519]]],[[[141.2848,24.7519],[141.2848,24.7519],[141.2848,24.7519],[141.2848,24.7519],[141.2848,24.7519]]],[[[141.2848,24.7519],[141.2848,24.7519],[141.2848,24.7519],[141.2848,24.7519],[141.2848,24.7519]]],[[[141.2848,24.7519],[141.2849,24.7519],[141.2849,24.7519],[141.2848,24.7519],[141.2848,24.7519]]],[[[141.2846,24.7527],[141.2846,24.7527],[141.2846,24.7527],[141.2846,24.7527],[141.2846,24.7527]]],[[[141.2846,24.7528],[141.2846,24.7528],[141.2846,24.7528],[141.2846,24.7528],[141.2846,24.7528]]],[[[141.2848,24.7521],[141.2848,24.7521],[141.2848,24.7521],[141.2848,24.7521],[141.2848,24.7521]]],[[[141.2848,24.752],[141.2849,24.752],[141.2849,24.752],[141.2848,24.752],[141.2848,24.752]]],[[[141.2848,24.752],[141.2849,24.752],[141.2849,24.752],[141.2848,24.752],[141.2848,24.752]]],[[[141.2847,24.7529],[141.2847,24.7529],[141.2847,24.753],[141.2847,24.753],[141.2847,24.7529]]],[[[141.2847,24.753],[141.2847,24.753],[141.2847,24.753],[141.2847,24.753],[141.2847,24.753]]],[[[141.2847,24.7529],[141.2848,24.7529],[141.2848,24.753],[141.2847,24.753],[141.2847,24.7529]]],[[[141.2847,24.7531],[141.2847,24.7531],[141.2847,24.7531],[141.2847,24.7531],[141.2847,24.7531]]],[[[141.2848,24.7532],[141.2848,24.7532],[141.2848,24.7532],[141.2848,24.7532],[141.2848,24.7532]]],[[[141.2848,24.7533],[141.2848,24.7533],[141.2848,24.7533],[141.2848,24.7533],[141.2848,24.7533]]],[[[141.2848,24.7535],[141.2848,24.7535],[141.2848,24.7535],[141.2848,24.7535],[141.2848,24.7535]]],[[[141.2848,24.7535],[141.2849,24.7535],[141.2849,24.7535],[141.2848,24.7535],[141.2848,24.7535]]],[[[141.2847,24.7538],[141.2848,24.7538],[141.2848,24.7538],[141.2847,24.7538],[141.2847,24.7538]]],[[[141.285765629,24.745610721],[141.285771297,24.745604604],[141.285692231,24.745566216],[141.285687445,24.745572604],[141.285765629,24.745610721]]],[[[141.2856,24.7456],[141.2857,24.7456],[141.2857,24.7457],[141.2856,24.7457],[141.2856,24.7456]]],[[[141.2854,24.749],[141.2854,24.749],[141.2854,24.749],[141.2854,24.749],[141.2854,24.749]]],[[[141.2854,24.749],[141.2854,24.749],[141.2854,24.749],[141.2854,24.749],[141.2854,24.749]]],[[[141.2854,24.7489],[141.2855,24.7489],[141.2855,24.749],[141.2854,24.749],[141.2854,24.7489]]],[[[141.2855,24.749],[141.2855,24.749],[141.2855,24.749],[141.2855,24.749],[141.2855,24.749]]],[[[141.2857,24.745],[141.2858,24.745],[141.2858,24.7451],[141.2857,24.7451],[141.2857,24.745]]],[[[141.2852,24.7451],[141.2855,24.7451],[141.2855,24.7453],[141.2852,24.7453],[141.2852,24.7451]]],[[[141.285,24.7454],[141.2854,24.7454],[141.2854,24.7458],[141.285,24.7458],[141.285,24.7454]]],[[[141.2859,24.7452],[141.286,24.7452],[141.286,24.7453],[141.2859,24.7453],[141.2859,24.7452]]],[[[141.2855,24.7485],[141.2855,24.7485],[141.2855,24.7485],[141.2855,24.7485],[141.2855,24.7485]]],[[[141.2856,24.749],[141.2856,24.749],[141.2856,24.749],[141.2856,24.749],[141.2856,24.749]]],[[[141.2852,24.7494],[141.2852,24.7494],[141.2852,24.7494],[141.2852,24.7494],[141.2852,24.7494]]],[[[141.2852,24.7496],[141.2853,24.7496],[141.2853,24.7496],[141.2852,24.7496],[141.2852,24.7496]]],[[[141.285041582,24.754075739],[141.285026939,24.754077027],[141.28503035,24.754087153],[141.285043217,24.754084505],[141.285041582,24.754075739]]],[[[141.2851,24.7543],[141.2851,24.7543],[141.2851,24.7543],[141.2851,24.7543],[141.2851,24.7543]]],[[[141.2855,24.7553],[141.2855,24.7553],[141.2855,24.7553],[141.2855,24.7553],[141.2855,24.7553]]],[[[141.2847,24.786],[141.2848,24.786],[141.2848,24.7861],[141.2847,24.7861],[141.2847,24.786]]],[[[141.2848,24.786],[141.2849,24.786],[141.2849,24.7861],[141.2848,24.7861],[141.2848,24.786]]],[[[141.2849,24.7539],[141.2849,24.7539],[141.2849,24.7539],[141.2849,24.7539],[141.2849,24.7539]]],[[[141.2849,24.7539],[141.285,24.7539],[141.285,24.7539],[141.2849,24.7539],[141.2849,24.7539]]],[[[141.2849,24.7846],[141.285,24.7846],[141.285,24.7847],[141.2849,24.7847],[141.2849,24.7846]]],[[[141.2846,24.7857],[141.2846,24.7857],[141.2846,24.7857],[141.2846,24.7857],[141.2846,24.7857]]],[[[141.2849,24.7853],[141.285,24.7853],[141.285,24.7854],[141.2849,24.7854],[141.2849,24.7853]]],[[[141.2849,24.786],[141.285,24.786],[141.285,24.7861],[141.2849,24.7861],[141.2849,24.786]]],[[[141.285,24.786],[141.285,24.786],[141.285,24.786],[141.285,24.786],[141.285,24.786]]],[[[141.2849,24.7868],[141.2849,24.7868],[141.2849,24.7868],[141.2849,24.7868],[141.2849,24.7868]]],[[[141.285,24.7868],[141.285,24.7868],[141.285,24.7868],[141.285,24.7868],[141.285,24.7868]]],[[[141.2848,24.7872],[141.2848,24.7872],[141.2848,24.7872],[141.2848,24.7872],[141.2848,24.7872]]],[[[141.2848,24.7873],[141.2849,24.7873],[141.2849,24.7873],[141.2848,24.7873],[141.2848,24.7873]]],[[[141.2847,24.7881],[141.2848,24.7881],[141.2848,24.7882],[141.2847,24.7882],[141.2847,24.7881]]],[[[141.285,24.7897],[141.285,24.7897],[141.285,24.7897],[141.285,24.7897],[141.285,24.7897]]],[[[141.2851,24.7853],[141.2852,24.7853],[141.2852,24.7853],[141.2851,24.7853],[141.2851,24.7853]]],[[[141.2851,24.7853],[141.2851,24.7853],[141.2851,24.7855],[141.2851,24.7855],[141.2851,24.7853]]],[[[141.2857,24.7854],[141.2857,24.7854],[141.2857,24.7854],[141.2857,24.7854],[141.2857,24.7854]]],[[[141.2857,24.7853],[141.2858,24.7853],[141.2858,24.7854],[141.2857,24.7854],[141.2857,24.7853]]],[[[141.285,24.7845],[141.2851,24.7845],[141.2851,24.7845],[141.285,24.7845],[141.285,24.7845]]],[[[141.2851,24.7845],[141.2851,24.7845],[141.2851,24.7846],[141.2851,24.7846],[141.2851,24.7845]]],[[[141.285,24.785],[141.2851,24.785],[141.2851,24.785],[141.285,24.785],[141.285,24.785]]],[[[141.2853,24.7851],[141.2853,24.7851],[141.2853,24.7852],[141.2853,24.7852],[141.2853,24.7851]]],[[[141.2857,24.7851],[141.2858,24.7851],[141.2858,24.7851],[141.2857,24.7851],[141.2857,24.7851]]],[[[141.2857,24.785],[141.2858,24.785],[141.2858,24.785],[141.2857,24.785],[141.2857,24.785]]],[[[141.2859,24.785],[141.2859,24.785],[141.2859,24.7851],[141.2859,24.7851],[141.2859,24.785]]],[[[141.2859,24.7851],[141.286,24.7851],[141.286,24.7851],[141.2859,24.7851],[141.2859,24.7851]]],[[[141.2854,24.7853],[141.2854,24.7853],[141.2854,24.7853],[141.2854,24.7853],[141.2854,24.7853]]],[[[141.2857,24.7853],[141.2857,24.7853],[141.2857,24.7853],[141.2857,24.7853],[141.2857,24.7853]]],[[[141.2857,24.7852],[141.2857,24.7852],[141.2857,24.7852],[141.2857,24.7852],[141.2857,24.7852]]],[[[141.2857,24.7852],[141.2857,24.7852],[141.2857,24.7853],[141.2857,24.7853],[141.2857,24.7852]]],[[[141.2857,24.7853],[141.2857,24.7853],[141.2857,24.7853],[141.2857,24.7853],[141.2857,24.7853]]],[[[141.2858,24.7852],[141.2858,24.7852],[141.2858,24.7853],[141.2858,24.7853],[141.2858,24.7852]]],[[[141.2858,24.7853],[141.2858,24.7853],[141.2858,24.7854],[141.2858,24.7854],[141.2858,24.7853]]],[[[141.2858,24.7853],[141.2859,24.7853],[141.2859,24.7854],[141.2858,24.7854],[141.2858,24.7853]]],[[[141.2852,24.7855],[141.2852,24.7855],[141.2852,24.7858],[141.2852,24.7858],[141.2852,24.7855]]],[[[141.2852,24.7855],[141.2853,24.7855],[141.2853,24.7856],[141.2852,24.7856],[141.2852,24.7855]]],[[[141.2858,24.7854],[141.2858,24.7854],[141.2858,24.7854],[141.2858,24.7854],[141.2858,24.7854]]],[[[141.2858,24.7854],[141.2858,24.7854],[141.2858,24.7854],[141.2858,24.7854],[141.2858,24.7854]]],[[[141.285,24.7855],[141.2851,24.7855],[141.2851,24.7855],[141.285,24.7855],[141.285,24.7855]]],[[[141.2851,24.7855],[141.2851,24.7855],[141.2851,24.7856],[141.2851,24.7856],[141.2851,24.7855]]],[[[141.285,24.7856],[141.2851,24.7856],[141.2851,24.7857],[141.285,24.7857],[141.285,24.7856]]],[[[141.2852,24.7854],[141.2852,24.7854],[141.2852,24.7855],[141.2852,24.7855],[141.2852,24.7854]]],[[[141.2853,24.7854],[141.2853,24.7854],[141.2853,24.7854],[141.2853,24.7854],[141.2853,24.7854]]],[[[141.2853,24.7855],[141.2853,24.7855],[141.2853,24.7855],[141.2853,24.7855],[141.2853,24.7855]]],[[[141.2855,24.7853],[141.2856,24.7853],[141.2856,24.7854],[141.2855,24.7854],[141.2855,24.7853]]],[[[141.2855,24.7855],[141.2856,24.7855],[141.2856,24.7855],[141.2855,24.7855],[141.2855,24.7855]]],[[[141.2856,24.7856],[141.2856,24.7856],[141.2856,24.7857],[141.2856,24.7857],[141.2856,24.7856]]],[[[141.2858,24.7854],[141.2859,24.7854],[141.2859,24.7854],[141.2858,24.7854],[141.2858,24.7854]]],[[[141.2857,24.7855],[141.2857,24.7855],[141.2857,24.7855],[141.2857,24.7855],[141.2857,24.7855]]],[[[141.2857,24.7854],[141.2857,24.7854],[141.2857,24.7855],[141.2857,24.7855],[141.2857,24.7854]]],[[[141.2857,24.7855],[141.2858,24.7855],[141.2858,24.7855],[141.2857,24.7855],[141.2857,24.7855]]],[[[141.2857,24.7855],[141.2857,24.7855],[141.2857,24.7855],[141.2857,24.7855],[141.2857,24.7855]]],[[[141.2857,24.7854],[141.2858,24.7854],[141.2858,24.7854],[141.2857,24.7854],[141.2857,24.7854]]],[[[141.2857,24.7855],[141.2858,24.7855],[141.2858,24.7856],[141.2857,24.7856],[141.2857,24.7855]]],[[[141.2852,24.7872],[141.2853,24.7872],[141.2853,24.7873],[141.2852,24.7873],[141.2852,24.7872]]],[[[141.2853,24.7871],[141.2854,24.7871],[141.2854,24.7873],[141.2853,24.7873],[141.2853,24.7871]]],[[[141.2856,24.788],[141.2857,24.788],[141.2857,24.7881],[141.2856,24.7881],[141.2856,24.788]]],[[[141.2856,24.7881],[141.2857,24.7881],[141.2857,24.7881],[141.2856,24.7881],[141.2856,24.7881]]],[[[141.2851,24.7857],[141.2851,24.7857],[141.2851,24.7857],[141.2851,24.7857],[141.2851,24.7857]]],[[[141.2851,24.7857],[141.2852,24.7857],[141.2852,24.7858],[141.2851,24.7858],[141.2851,24.7857]]],[[[141.2851,24.7871],[141.2851,24.7871],[141.2851,24.7872],[141.2851,24.7872],[141.2851,24.7871]]],[[[141.2856,24.7857],[141.2857,24.7857],[141.2857,24.7858],[141.2856,24.7858],[141.2856,24.7857]]],[[[141.2854,24.7871],[141.2855,24.7871],[141.2855,24.7871],[141.2854,24.7871],[141.2854,24.7871]]],[[[141.2853,24.7873],[141.2853,24.7873],[141.2853,24.7874],[141.2853,24.7874],[141.2853,24.7873]]],[[[141.2853,24.7875],[141.2853,24.7875],[141.2853,24.7876],[141.2853,24.7876],[141.2853,24.7875]]],[[[141.2854,24.7871],[141.2855,24.7871],[141.2855,24.7872],[141.2854,24.7872],[141.2854,24.7871]]],[[[141.2857,24.7878],[141.2857,24.7878],[141.2857,24.7878],[141.2857,24.7878],[141.2857,24.7878]]],[[[141.2855,24.7882],[141.2855,24.7882],[141.2855,24.7883],[141.2855,24.7883],[141.2855,24.7882]]],[[[141.2856,24.7882],[141.2856,24.7882],[141.2856,24.7882],[141.2856,24.7882],[141.2856,24.7882]]],[[[141.2857,24.7881],[141.2857,24.7881],[141.2857,24.7881],[141.2857,24.7881],[141.2857,24.7881]]],[[[141.2857,24.7881],[141.2858,24.7881],[141.2858,24.7882],[141.2857,24.7882],[141.2857,24.7881]]],[[[141.2858,24.7881],[141.2858,24.7881],[141.2858,24.7881],[141.2858,24.7881],[141.2858,24.7881]]],[[[141.2855,24.7883],[141.2855,24.7883],[141.2855,24.7884],[141.2855,24.7884],[141.2855,24.7883]]],[[[141.2855,24.789],[141.2856,24.789],[141.2856,24.7891],[141.2855,24.7891],[141.2855,24.789]]],[[[141.2855,24.7891],[141.2856,24.7891],[141.2856,24.7892],[141.2855,24.7892],[141.2855,24.7891]]],[[[141.2858,24.7894],[141.2859,24.7894],[141.2859,24.7894],[141.2858,24.7894],[141.2858,24.7894]]],[[[141.2857,24.7894],[141.2858,24.7894],[141.2858,24.7895],[141.2857,24.7895],[141.2857,24.7894]]],[[[141.2856,24.7887],[141.2857,24.7887],[141.2857,24.7887],[141.2856,24.7887],[141.2856,24.7887]]],[[[141.2857,24.7887],[141.2858,24.7887],[141.2858,24.7887],[141.2857,24.7887],[141.2857,24.7887]]],[[[141.2858,24.7886],[141.2858,24.7886],[141.2858,24.7887],[141.2858,24.7887],[141.2858,24.7886]]],[[[141.2854,24.7892],[141.2855,24.7892],[141.2855,24.7892],[141.2854,24.7892],[141.2854,24.7892]]],[[[141.2858,24.7892],[141.2858,24.7892],[141.2858,24.7893],[141.2858,24.7893],[141.2858,24.7892]]],[[[141.2857,24.7894],[141.2857,24.7894],[141.2857,24.7894],[141.2857,24.7894],[141.2857,24.7894]]],[[[141.2858,24.7895],[141.2858,24.7895],[141.2858,24.7895],[141.2858,24.7895],[141.2858,24.7895]]],[[[141.2858,24.7894],[141.2859,24.7894],[141.2859,24.7895],[141.2858,24.7895],[141.2858,24.7894]]],[[[141.2858,24.7895],[141.2859,24.7895],[141.2859,24.7896],[141.2858,24.7896],[141.2858,24.7895]]],[[[141.2857,24.7897],[141.2858,24.7897],[141.2858,24.7898],[141.2857,24.7898],[141.2857,24.7897]]],[[[141.2858,24.7898],[141.2858,24.7898],[141.2858,24.7898],[141.2858,24.7898],[141.2858,24.7898]]],[[[141.2856,24.7898],[141.2857,24.7898],[141.2857,24.7898],[141.2856,24.7898],[141.2856,24.7898]]],[[[141.2859,24.7895],[141.286,24.7895],[141.286,24.7896],[141.2859,24.7896],[141.2859,24.7895]]],[[[141.2855,24.7899],[141.2857,24.7899],[141.2857,24.7899],[141.2855,24.7899],[141.2855,24.7899]]],[[[141.2857,24.7898],[141.2858,24.7898],[141.2858,24.7899],[141.2857,24.7899],[141.2857,24.7898]]],[[[141.2856,24.7899],[141.2858,24.7899],[141.2858,24.79],[141.2856,24.79],[141.2856,24.7899]]],[[[141.2857,24.79],[141.2857,24.79],[141.2857,24.79],[141.2857,24.79],[141.2857,24.79]]],[[[141.2857,24.79],[141.2857,24.79],[141.2857,24.79],[141.2857,24.79],[141.2857,24.79]]],[[[141.2855,24.7904],[141.2857,24.7904],[141.2857,24.7905],[141.2855,24.7905],[141.2855,24.7904]]],[[[141.2855,24.7904],[141.2857,24.7904],[141.2857,24.7907],[141.2855,24.7907],[141.2855,24.7904]]],[[[141.2857,24.7905],[141.2857,24.7905],[141.2857,24.7905],[141.2857,24.7905],[141.2857,24.7905]]],[[[141.2851,24.7904],[141.2852,24.7904],[141.2852,24.7904],[141.2851,24.7904],[141.2851,24.7904]]],[[[141.2851,24.7905],[141.2852,24.7905],[141.2852,24.7905],[141.2851,24.7905],[141.2851,24.7905]]],[[[141.2851,24.7905],[141.2852,24.7905],[141.2852,24.7905],[141.2851,24.7905],[141.2851,24.7905]]],[[[141.2857,24.7898],[141.2857,24.7898],[141.2857,24.7898],[141.2857,24.7898],[141.2857,24.7898]]],[[[141.2857,24.7898],[141.2857,24.7898],[141.2857,24.7899],[141.2857,24.7899],[141.2857,24.7898]]],[[[141.2855,24.7901],[141.2857,24.7901],[141.2857,24.7904],[141.2855,24.7904],[141.2855,24.7901]]],[[[141.2856,24.79],[141.2857,24.79],[141.2857,24.79],[141.2856,24.79],[141.2856,24.79]]],[[[141.2856,24.7901],[141.2857,24.7901],[141.2857,24.7901],[141.2856,24.7901],[141.2856,24.7901]]],[[[141.2856,24.7901],[141.2857,24.7901],[141.2857,24.7901],[141.2856,24.7901],[141.2856,24.7901]]],[[[141.2857,24.79],[141.2857,24.79],[141.2857,24.7901],[141.2857,24.7901],[141.2857,24.79]]],[[[141.2856,24.7908],[141.2857,24.7908],[141.2857,24.7908],[141.2856,24.7908],[141.2856,24.7908]]],[[[141.2854,24.7969],[141.2855,24.7969],[141.2855,24.7969],[141.2854,24.7969],[141.2854,24.7969]]],[[[141.2855,24.7971],[141.2856,24.7971],[141.2856,24.7971],[141.2855,24.7971],[141.2855,24.7971]]],[[[141.2856,24.7971],[141.2856,24.7971],[141.2856,24.7971],[141.2856,24.7971],[141.2856,24.7971]]],[[[141.2856,24.7972],[141.2857,24.7972],[141.2857,24.7972],[141.2856,24.7972],[141.2856,24.7972]]],[[[141.2857,24.7974],[141.2857,24.7974],[141.2857,24.7975],[141.2857,24.7975],[141.2857,24.7974]]],[[[141.2857,24.7975],[141.2858,24.7975],[141.2858,24.7976],[141.2857,24.7976],[141.2857,24.7975]]],[[[141.2858,24.7974],[141.2858,24.7974],[141.2858,24.7974],[141.2858,24.7974],[141.2858,24.7974]]],[[[141.2858,24.7976],[141.2858,24.7976],[141.2858,24.7976],[141.2858,24.7976],[141.2858,24.7976]]],[[[141.2858,24.7975],[141.2859,24.7975],[141.2859,24.7975],[141.2858,24.7975],[141.2858,24.7975]]],[[[141.2864,24.7982],[141.2864,24.7982],[141.2864,24.7982],[141.2864,24.7982],[141.2864,24.7982]]],[[[141.2863,24.7992],[141.2863,24.7992],[141.2863,24.7992],[141.2863,24.7992],[141.2863,24.7992]]],[[[141.2862,24.7995],[141.2863,24.7995],[141.2863,24.7995],[141.2862,24.7995],[141.2862,24.7995]]],[[[141.2863,24.7995],[141.2863,24.7995],[141.2863,24.7995],[141.2863,24.7995],[141.2863,24.7995]]],[[[141.2863,24.7995],[141.2863,24.7995],[141.2863,24.7995],[141.2863,24.7995],[141.2863,24.7995]]],[[[141.2864,24.7999],[141.2864,24.7999],[141.2864,24.8],[141.2864,24.8],[141.2864,24.7999]]],[[[141.2864,24.8001],[141.2864,24.8001],[141.2864,24.8001],[141.2864,24.8001],[141.2864,24.8001]]],[[[141.2865,24.8006],[141.2865,24.8006],[141.2865,24.8006],[141.2865,24.8006],[141.2865,24.8006]]],[[[141.2865,24.801],[141.2866,24.801],[141.2866,24.801],[141.2865,24.801],[141.2865,24.801]]],[[[141.2865,24.8013],[141.2865,24.8013],[141.2865,24.8013],[141.2865,24.8013],[141.2865,24.8013]]],[[[141.2867,24.8017],[141.2867,24.8017],[141.2867,24.8018],[141.2867,24.8018],[141.2867,24.8017]]],[[[141.2868,24.8017],[141.2868,24.8017],[141.2868,24.8018],[141.2868,24.8018],[141.2868,24.8017]]],[[[141.2867,24.8018],[141.2867,24.8018],[141.2867,24.8018],[141.2867,24.8018],[141.2867,24.8018]]],[[[141.287,24.8022],[141.287,24.8022],[141.287,24.8022],[141.287,24.8022],[141.287,24.8022]]],[[[141.2872,24.8027],[141.2872,24.8027],[141.2872,24.8027],[141.2872,24.8027],[141.2872,24.8027]]],[[[141.2872,24.8026],[141.2873,24.8026],[141.2873,24.8026],[141.2872,24.8026],[141.2872,24.8026]]],[[[141.2873,24.8025],[141.2873,24.8025],[141.2873,24.8026],[141.2873,24.8026],[141.2873,24.8025]]],[[[141.2872,24.8027],[141.2873,24.8027],[141.2873,24.8027],[141.2872,24.8027],[141.2872,24.8027]]],[[[141.286,24.7976],[141.286,24.7976],[141.286,24.7977],[141.286,24.7977],[141.286,24.7976]]],[[[141.2879,24.8064],[141.288,24.8064],[141.288,24.8064],[141.2879,24.8064],[141.2879,24.8064]]],[[[141.2879,24.8064],[141.288,24.8064],[141.288,24.8065],[141.2879,24.8065],[141.2879,24.8064]]],[[[141.2851,24.75],[141.2846,24.7507],[141.285,24.7537],[141.289,24.7613],[141.2888,24.7642],[141.2921,24.7737],[141.2914,24.7745],[141.2918,24.7778],[141.2906,24.7835],[141.2885,24.7857],[141.2866,24.785],[141.2849,24.7866],[141.2855,24.7868],[141.2863,24.7905],[141.29,24.7949],[141.3007,24.8011],[141.3038,24.8041],[141.305,24.8073],[141.3122,24.8115],[141.3174,24.8119],[141.3211,24.8139],[141.3303,24.8135],[141.3372,24.8088],[141.3398,24.8054],[141.341,24.8049],[141.3412,24.8031],[141.347,24.7963],[141.3472,24.7926],[141.3502,24.7861],[141.3496,24.7792],[141.3466,24.7754],[141.3459,24.7731],[141.3379,24.7697],[141.3321,24.7685],[141.324,24.7641],[141.2972,24.7538],[141.2939,24.7516],[141.2926,24.7487],[141.2882,24.746],[141.2858,24.7457],[141.2851,24.75]]],[[[141.2873,24.7853],[141.2873,24.7853],[141.2873,24.7853],[141.2873,24.7853],[141.2873,24.7853]]],[[[141.287335629,24.785288775],[141.287326874,24.785297946],[141.287337652,24.785299532],[141.287342737,24.785292333],[141.287335629,24.785288775]]],[[[141.286,24.7852],[141.286,24.7852],[141.286,24.7852],[141.286,24.7852],[141.286,24.7852]]],[[[141.286,24.7852],[141.286,24.7852],[141.286,24.7852],[141.286,24.7852],[141.286,24.7852]]],[[[141.2861,24.7852],[141.2862,24.7852],[141.2862,24.7852],[141.2861,24.7852],[141.2861,24.7852]]],[[[141.2861,24.7852],[141.2862,24.7852],[141.2862,24.7852],[141.2861,24.7852],[141.2861,24.7852]]],[[[141.2862,24.7852],[141.2862,24.7852],[141.2862,24.7852],[141.2862,24.7852],[141.2862,24.7852]]],[[[141.2869,24.7852],[141.2869,24.7852],[141.2869,24.7852],[141.2869,24.7852],[141.2869,24.7852]]],[[[141.287,24.7852],[141.287,24.7852],[141.287,24.7852],[141.287,24.7852],[141.287,24.7852]]],[[[141.2871,24.7852],[141.2872,24.7852],[141.2872,24.7852],[141.2871,24.7852],[141.2871,24.7852]]],[[[141.2872,24.7852],[141.2872,24.7852],[141.2872,24.7852],[141.2872,24.7852],[141.2872,24.7852]]],[[[141.2873,24.7852],[141.2873,24.7852],[141.2873,24.7853],[141.2873,24.7853],[141.2873,24.7852]]],[[[141.2873,24.7853],[141.2874,24.7853],[141.2874,24.7853],[141.2873,24.7853],[141.2873,24.7853]]],[[[141.2874,24.7852],[141.2874,24.7852],[141.2874,24.7852],[141.2874,24.7852],[141.2874,24.7852]]],[[[141.2873,24.7853],[141.2874,24.7853],[141.2874,24.7853],[141.2873,24.7853],[141.2873,24.7853]]],[[[141.2874,24.7853],[141.2874,24.7853],[141.2874,24.7853],[141.2874,24.7853],[141.2874,24.7853]]],[[[141.2875,24.7854],[141.2875,24.7854],[141.2875,24.7854],[141.2875,24.7854],[141.2875,24.7854]]],[[[141.2875,24.7854],[141.2875,24.7854],[141.2875,24.7854],[141.2875,24.7854],[141.2875,24.7854]]],[[[141.286,24.7893],[141.286,24.7893],[141.286,24.7894],[141.286,24.7894],[141.286,24.7893]]],[[[141.286,24.7894],[141.286,24.7894],[141.286,24.7895],[141.286,24.7895],[141.286,24.7894]]],[[[141.2934,24.75],[141.2935,24.75],[141.2935,24.7501],[141.2934,24.7501],[141.2934,24.75]]],[[[141.2934,24.7501],[141.2935,24.7501],[141.2935,24.7501],[141.2934,24.7501],[141.2934,24.7501]]],[[[141.2935,24.75],[141.2935,24.75],[141.2935,24.75],[141.2935,24.75],[141.2935,24.75]]],[[[141.2935,24.7501],[141.2936,24.7501],[141.2936,24.7501],[141.2935,24.7501],[141.2935,24.7501]]],[[[141.2935,24.7501],[141.2935,24.7501],[141.2935,24.7501],[141.2935,24.7501],[141.2935,24.7501]]],[[[141.2935,24.7503],[141.2936,24.7503],[141.2936,24.7503],[141.2935,24.7503],[141.2935,24.7503]]],[[[141.2935,24.7503],[141.2935,24.7503],[141.2935,24.7503],[141.2935,24.7503],[141.2935,24.7503]]],[[[141.2936,24.7505],[141.2936,24.7505],[141.2936,24.7505],[141.2936,24.7505],[141.2936,24.7505]]],[[[141.2936,24.7505],[141.2936,24.7505],[141.2936,24.7506],[141.2936,24.7506],[141.2936,24.7505]]],[[[141.2916,24.7773],[141.2916,24.7773],[141.2916,24.7773],[141.2916,24.7773],[141.2916,24.7773]]],[[[141.2917,24.7772],[141.2917,24.7772],[141.2917,24.7772],[141.2917,24.7772],[141.2917,24.7772]]],[[[141.2916,24.7772],[141.2917,24.7772],[141.2917,24.7772],[141.2916,24.7772],[141.2916,24.7772]]],[[[141.2916,24.7773],[141.2917,24.7773],[141.2917,24.7774],[141.2916,24.7774],[141.2916,24.7773]]],[[[141.2865,24.785],[141.2865,24.785],[141.2865,24.7851],[141.2865,24.7851],[141.2865,24.785]]],[[[141.2865,24.785],[141.2866,24.785],[141.2866,24.7851],[141.2865,24.7851],[141.2865,24.785]]],[[[141.2917,24.7774],[141.2917,24.7774],[141.2917,24.7774],[141.2917,24.7774],[141.2917,24.7774]]],[[[141.286,24.785],[141.286,24.785],[141.286,24.7851],[141.286,24.7851],[141.286,24.785]]],[[[141.286,24.7851],[141.286,24.7851],[141.286,24.7851],[141.286,24.7851],[141.286,24.7851]]],[[[141.2862,24.785],[141.2862,24.785],[141.2862,24.785],[141.2862,24.785],[141.2862,24.785]]],[[[141.2862,24.785],[141.2863,24.785],[141.2863,24.785],[141.2862,24.785],[141.2862,24.785]]],[[[141.2863,24.785],[141.2864,24.785],[141.2864,24.7851],[141.2863,24.7851],[141.2863,24.785]]],[[[141.2865,24.7848],[141.2865,24.7848],[141.2865,24.7848],[141.2865,24.7848],[141.2865,24.7848]]],[[[141.2864,24.7849],[141.2865,24.7849],[141.2865,24.7849],[141.2864,24.7849],[141.2864,24.7849]]],[[[141.2864,24.785],[141.2865,24.785],[141.2865,24.7851],[141.2864,24.7851],[141.2864,24.785]]],[[[141.2868,24.7849],[141.2868,24.7849],[141.2868,24.7849],[141.2868,24.7849],[141.2868,24.7849]]],[[[141.2867,24.7849],[141.2867,24.7849],[141.2867,24.785],[141.2867,24.785],[141.2867,24.7849]]],[[[141.2867,24.785],[141.2868,24.785],[141.2868,24.785],[141.2867,24.785],[141.2867,24.785]]],[[[141.2868,24.7849],[141.2869,24.7849],[141.2869,24.7849],[141.2868,24.7849],[141.2868,24.7849]]],[[[141.2868,24.785],[141.2868,24.785],[141.2868,24.785],[141.2868,24.785],[141.2868,24.785]]],[[[141.2868,24.785],[141.2868,24.785],[141.2868,24.7851],[141.2868,24.7851],[141.2868,24.785]]],[[[141.2869,24.7849],[141.2869,24.7849],[141.2869,24.785],[141.2869,24.785],[141.2869,24.7849]]],[[[141.2868,24.785],[141.2869,24.785],[141.2869,24.785],[141.2868,24.785],[141.2868,24.785]]],[[[141.287,24.7849],[141.287,24.7849],[141.287,24.785],[141.287,24.785],[141.287,24.7849]]],[[[141.287,24.7852],[141.2871,24.7852],[141.2871,24.7852],[141.287,24.7852],[141.287,24.7852]]],[[[141.2871,24.7852],[141.2871,24.7852],[141.2871,24.7852],[141.2871,24.7852],[141.2871,24.7852]]],[[[141.286,24.7851],[141.286,24.7851],[141.286,24.7851],[141.286,24.7851],[141.286,24.7851]]],[[[141.286,24.7851],[141.286,24.7851],[141.286,24.7851],[141.286,24.7851],[141.286,24.7851]]],[[[141.286,24.7851],[141.286,24.7851],[141.286,24.7851],[141.286,24.7851],[141.286,24.7851]]],[[[141.2863,24.7851],[141.2863,24.7851],[141.2863,24.7851],[141.2863,24.7851],[141.2863,24.7851]]],[[[141.2869,24.7851],[141.2869,24.7851],[141.2869,24.7851],[141.2869,24.7851],[141.2869,24.7851]]],[[[141.2869,24.7851],[141.287,24.7851],[141.287,24.7851],[141.2869,24.7851],[141.2869,24.7851]]],[[[141.287,24.7851],[141.287,24.7851],[141.287,24.7851],[141.287,24.7851],[141.287,24.7851]]],[[[141.287,24.7851],[141.287,24.7851],[141.287,24.7851],[141.287,24.7851],[141.287,24.7851]]],[[[141.287,24.7851],[141.2871,24.7851],[141.2871,24.7851],[141.287,24.7851],[141.287,24.7851]]],[[[141.2871,24.7851],[141.2871,24.7851],[141.2871,24.7852],[141.2871,24.7852],[141.2871,24.7851]]],[[[141.2871,24.7851],[141.2871,24.7851],[141.2871,24.7851],[141.2871,24.7851],[141.2871,24.7851]]],[[[141.2871,24.7851],[141.2871,24.7851],[141.2871,24.7852],[141.2871,24.7852],[141.2871,24.7851]]],[[[141.286,24.7852],[141.286,24.7852],[141.286,24.7852],[141.286,24.7852],[141.286,24.7852]]],[[[141.2869,24.7852],[141.2869,24.7852],[141.2869,24.7852],[141.2869,24.7852],[141.2869,24.7852]]],[[[141.287,24.7852],[141.287,24.7852],[141.287,24.7852],[141.287,24.7852],[141.287,24.7852]]],[[[141.287,24.7852],[141.287,24.7852],[141.287,24.7852],[141.287,24.7852],[141.287,24.7852]]],[[[141.2872,24.7852],[141.2872,24.7852],[141.2872,24.7852],[141.2872,24.7852],[141.2872,24.7852]]],[[[141.2872,24.7852],[141.2872,24.7852],[141.2872,24.7852],[141.2872,24.7852],[141.2872,24.7852]]],[[[141.2859,24.7894],[141.286,24.7894],[141.286,24.7895],[141.2859,24.7895],[141.2859,24.7894]]],[[[141.2861,24.7896],[141.2861,24.7896],[141.2861,24.7897],[141.2861,24.7897],[141.2861,24.7896]]],[[[141.286,24.7897],[141.2861,24.7897],[141.2861,24.7897],[141.286,24.7897],[141.286,24.7897]]],[[[141.2862,24.7899],[141.2862,24.7899],[141.2862,24.7899],[141.2862,24.7899],[141.2862,24.7899]]],[[[141.2863,24.7905],[141.2863,24.7905],[141.2863,24.7906],[141.2863,24.7906],[141.2863,24.7905]]],[[[141.2863,24.7906],[141.2864,24.7906],[141.2864,24.7906],[141.2863,24.7906],[141.2863,24.7906]]],[[[141.2864,24.7908],[141.2865,24.7908],[141.2865,24.7909],[141.2864,24.7909],[141.2864,24.7908]]],[[[141.2865,24.7912],[141.2865,24.7912],[141.2865,24.7912],[141.2865,24.7912],[141.2865,24.7912]]],[[[141.287,24.7914],[141.2871,24.7914],[141.2871,24.7914],[141.287,24.7914],[141.287,24.7914]]],[[[141.2871,24.7915],[141.2871,24.7915],[141.2871,24.7916],[141.2871,24.7916],[141.2871,24.7915]]],[[[141.2871,24.7915],[141.2872,24.7915],[141.2872,24.7916],[141.2871,24.7916],[141.2871,24.7915]]],[[[141.2873,24.7919],[141.2874,24.7919],[141.2874,24.792],[141.2873,24.792],[141.2873,24.7919]]],[[[141.2874,24.7923],[141.2874,24.7923],[141.2874,24.7923],[141.2874,24.7923],[141.2874,24.7923]]],[[[141.2877,24.7924],[141.2877,24.7924],[141.2877,24.7925],[141.2877,24.7925],[141.2877,24.7924]]],[[[141.2876,24.7929],[141.2877,24.7929],[141.2877,24.7929],[141.2876,24.7929],[141.2876,24.7929]]],[[[141.2877,24.7929],[141.2877,24.7929],[141.2877,24.7929],[141.2877,24.7929],[141.2877,24.7929]]],[[[141.2878,24.7929],[141.2878,24.7929],[141.2878,24.7929],[141.2878,24.7929],[141.2878,24.7929]]],[[[141.286,24.7976],[141.286,24.7976],[141.286,24.7976],[141.286,24.7976],[141.286,24.7976]]],[[[141.2861,24.7976],[141.2861,24.7976],[141.2861,24.7976],[141.2861,24.7976],[141.2861,24.7976]]],[[[141.2862,24.7976],[141.2862,24.7976],[141.2862,24.7976],[141.2862,24.7976],[141.2862,24.7976]]],[[[141.2871,24.8029],[141.2871,24.8029],[141.2871,24.8029],[141.2871,24.8029],[141.2871,24.8029]]],[[[141.2872,24.803],[141.2873,24.803],[141.2873,24.803],[141.2872,24.803],[141.2872,24.803]]],[[[141.2873,24.8031],[141.2873,24.8031],[141.2873,24.8032],[141.2873,24.8032],[141.2873,24.8031]]],[[[141.2876,24.8035],[141.2877,24.8035],[141.2877,24.8035],[141.2876,24.8035],[141.2876,24.8035]]],[[[141.2875,24.8045],[141.2876,24.8045],[141.2876,24.8046],[141.2875,24.8046],[141.2875,24.8045]]],[[[141.2876,24.8046],[141.2876,24.8046],[141.2876,24.8046],[141.2876,24.8046],[141.2876,24.8046]]],[[[141.2876,24.8037],[141.2876,24.8037],[141.2876,24.8037],[141.2876,24.8037],[141.2876,24.8037]]],[[[141.2877,24.8042],[141.2877,24.8042],[141.2877,24.8042],[141.2877,24.8042],[141.2877,24.8042]]],[[[141.2876,24.8043],[141.2876,24.8043],[141.2876,24.8043],[141.2876,24.8043],[141.2876,24.8043]]],[[[141.2877,24.8048],[141.2877,24.8048],[141.2877,24.8048],[141.2877,24.8048],[141.2877,24.8048]]],[[[141.2877,24.8048],[141.2877,24.8048],[141.2877,24.8049],[141.2877,24.8049],[141.2877,24.8048]]],[[[141.2878,24.8049],[141.2878,24.8049],[141.2878,24.805],[141.2878,24.805],[141.2878,24.8049]]],[[[141.2878,24.8048],[141.2879,24.8048],[141.2879,24.8048],[141.2878,24.8048],[141.2878,24.8048]]],[[[141.2878,24.8051],[141.2879,24.8051],[141.2879,24.8051],[141.2878,24.8051],[141.2878,24.8051]]],[[[141.2879,24.8051],[141.2879,24.8051],[141.2879,24.8052],[141.2879,24.8052],[141.2879,24.8051]]],[[[141.2878,24.8054],[141.2878,24.8054],[141.2878,24.8054],[141.2878,24.8054],[141.2878,24.8054]]],[[[141.2878,24.8054],[141.2878,24.8054],[141.2878,24.8054],[141.2878,24.8054],[141.2878,24.8054]]],[[[141.2878,24.8052],[141.2879,24.8052],[141.2879,24.8052],[141.2878,24.8052],[141.2878,24.8052]]],[[[141.2879,24.8052],[141.2879,24.8052],[141.2879,24.8052],[141.2879,24.8052],[141.2879,24.8052]]],[[[141.2879,24.8052],[141.2879,24.8052],[141.2879,24.8052],[141.2879,24.8052],[141.2879,24.8052]]],[[[141.286,24.806],[141.286,24.806],[141.286,24.806],[141.286,24.806],[141.286,24.806]]],[[[141.286,24.806],[141.2861,24.806],[141.2861,24.806],[141.286,24.806],[141.286,24.806]]],[[[141.2861,24.8063],[141.2861,24.8063],[141.2861,24.8063],[141.2861,24.8063],[141.2861,24.8063]]],[[[141.2861,24.8062],[141.2862,24.8062],[141.2862,24.8063],[141.2861,24.8063],[141.2861,24.8062]]],[[[141.2861,24.806],[141.2861,24.806],[141.2861,24.806],[141.2861,24.806],[141.2861,24.806]]],[[[141.286,24.8061],[141.286,24.8061],[141.286,24.8061],[141.286,24.8061],[141.286,24.8061]]],[[[141.2861,24.8061],[141.2861,24.8061],[141.2861,24.8062],[141.2861,24.8062],[141.2861,24.8061]]],[[[141.2861,24.8064],[141.2861,24.8064],[141.2861,24.8064],[141.2861,24.8064],[141.2861,24.8064]]],[[[141.2861,24.8062],[141.2862,24.8062],[141.2862,24.8062],[141.2861,24.8062],[141.2861,24.8062]]],[[[141.2862,24.8064],[141.2862,24.8064],[141.2862,24.8064],[141.2862,24.8064],[141.2862,24.8064]]],[[[141.2878,24.8054],[141.2878,24.8054],[141.2878,24.8054],[141.2878,24.8054],[141.2878,24.8054]]],[[[141.2878,24.8056],[141.2878,24.8056],[141.2878,24.8057],[141.2878,24.8057],[141.2878,24.8056]]],[[[141.2879,24.8054],[141.2879,24.8054],[141.2879,24.8054],[141.2879,24.8054],[141.2879,24.8054]]],[[[141.2878,24.8055],[141.2879,24.8055],[141.2879,24.8055],[141.2878,24.8055],[141.2878,24.8055]]],[[[141.2879,24.8059],[141.288,24.8059],[141.288,24.8059],[141.2879,24.8059],[141.2879,24.8059]]],[[[141.288,24.806],[141.2881,24.806],[141.2881,24.8061],[141.288,24.8061],[141.288,24.806]]],[[[141.288,24.8063],[141.288,24.8063],[141.288,24.8063],[141.288,24.8063],[141.288,24.8063]]],[[[141.2881,24.8063],[141.2881,24.8063],[141.2881,24.8064],[141.2881,24.8064],[141.2881,24.8063]]],[[[141.288,24.8064],[141.288,24.8064],[141.288,24.8064],[141.288,24.8064],[141.288,24.8064]]],[[[141.2865,24.8066],[141.2865,24.8066],[141.2865,24.8066],[141.2865,24.8066],[141.2865,24.8066]]],[[[141.2864,24.8066],[141.2865,24.8066],[141.2865,24.8067],[141.2864,24.8067],[141.2864,24.8066]]],[[[141.2862,24.8064],[141.2862,24.8064],[141.2862,24.8065],[141.2862,24.8065],[141.2862,24.8064]]],[[[141.2864,24.8067],[141.2865,24.8067],[141.2865,24.8067],[141.2864,24.8067],[141.2864,24.8067]]],[[[141.2863,24.8068],[141.2864,24.8068],[141.2864,24.8068],[141.2863,24.8068],[141.2863,24.8068]]],[[[141.2865,24.8067],[141.2865,24.8067],[141.2865,24.8068],[141.2865,24.8068],[141.2865,24.8067]]],[[[141.2865,24.8067],[141.2866,24.8067],[141.2866,24.8068],[141.2865,24.8068],[141.2865,24.8067]]],[[[141.2866,24.8067],[141.2866,24.8067],[141.2866,24.8068],[141.2866,24.8068],[141.2866,24.8067]]],[[[141.2866,24.8068],[141.2867,24.8068],[141.2867,24.8068],[141.2866,24.8068],[141.2866,24.8068]]],[[[141.2867,24.8068],[141.2867,24.8068],[141.2867,24.8068],[141.2867,24.8068],[141.2867,24.8068]]],[[[141.287,24.8069],[141.287,24.8069],[141.287,24.8069],[141.287,24.8069],[141.287,24.8069]]],[[[141.287,24.8069],[141.2871,24.8069],[141.2871,24.807],[141.287,24.807],[141.287,24.8069]]],[[[141.287,24.807],[141.287,24.807],[141.287,24.807],[141.287,24.807],[141.287,24.807]]],[[[141.2871,24.8069],[141.2871,24.8069],[141.2871,24.8069],[141.2871,24.8069],[141.2871,24.8069]]],[[[141.2871,24.8069],[141.2871,24.8069],[141.2871,24.8069],[141.2871,24.8069],[141.2871,24.8069]]],[[[141.2871,24.8069],[141.2872,24.8069],[141.2872,24.8069],[141.2871,24.8069],[141.2871,24.8069]]],[[[141.2871,24.8069],[141.2871,24.8069],[141.2871,24.807],[141.2871,24.807],[141.2871,24.8069]]],[[[141.2872,24.807],[141.2872,24.807],[141.2872,24.807],[141.2872,24.807],[141.2872,24.807]]],[[[141.2871,24.8071],[141.2871,24.8071],[141.2871,24.8071],[141.2871,24.8071],[141.2871,24.8071]]],[[[141.2871,24.8071],[141.2872,24.8071],[141.2872,24.8071],[141.2871,24.8071],[141.2871,24.8071]]],[[[141.2874,24.8073],[141.2875,24.8073],[141.2875,24.8073],[141.2874,24.8073],[141.2874,24.8073]]],[[[141.2875,24.8071],[141.2875,24.8071],[141.2875,24.8072],[141.2875,24.8072],[141.2875,24.8071]]],[[[141.2875,24.8072],[141.2875,24.8072],[141.2875,24.8073],[141.2875,24.8073],[141.2875,24.8072]]],[[[141.2871,24.8071],[141.2871,24.8071],[141.2871,24.8072],[141.2871,24.8072],[141.2871,24.8071]]],[[[141.287,24.8074],[141.287,24.8074],[141.287,24.8075],[141.287,24.8075],[141.287,24.8074]]],[[[141.2871,24.8074],[141.2871,24.8074],[141.2871,24.8075],[141.2871,24.8075],[141.2871,24.8074]]],[[[141.2871,24.8072],[141.2872,24.8072],[141.2872,24.8072],[141.2871,24.8072],[141.2871,24.8072]]],[[[141.2874,24.8071],[141.2874,24.8071],[141.2874,24.8072],[141.2874,24.8072],[141.2874,24.8071]]],[[[141.2874,24.8073],[141.2875,24.8073],[141.2875,24.8075],[141.2874,24.8075],[141.2874,24.8073]]],[[[141.2874,24.8075],[141.2875,24.8075],[141.2875,24.8076],[141.2874,24.8076],[141.2874,24.8075]]],[[[141.2875,24.8076],[141.2876,24.8076],[141.2876,24.8076],[141.2875,24.8076],[141.2875,24.8076]]],[[[141.2876,24.8072],[141.2877,24.8072],[141.2877,24.8073],[141.2876,24.8073],[141.2876,24.8072]]],[[[141.2878,24.8073],[141.2878,24.8073],[141.2878,24.8073],[141.2878,24.8073],[141.2878,24.8073]]],[[[141.2878,24.8072],[141.2879,24.8072],[141.2879,24.8074],[141.2878,24.8074],[141.2878,24.8072]]],[[[141.288,24.8073],[141.288,24.8073],[141.288,24.8073],[141.288,24.8073],[141.288,24.8073]]],[[[141.2879,24.8074],[141.2879,24.8074],[141.2879,24.8075],[141.2879,24.8075],[141.2879,24.8074]]],[[[141.288,24.8074],[141.288,24.8074],[141.288,24.8074],[141.288,24.8074],[141.288,24.8074]]],[[[141.2879,24.8075],[141.288,24.8075],[141.288,24.8076],[141.2879,24.8076],[141.2879,24.8075]]],[[[141.2876,24.8076],[141.2876,24.8076],[141.2876,24.8077],[141.2876,24.8077],[141.2876,24.8076]]],[[[141.2881,24.8074],[141.2881,24.8074],[141.2881,24.8074],[141.2881,24.8074],[141.2881,24.8074]]],[[[141.288,24.8069],[141.288,24.8069],[141.288,24.8069],[141.288,24.8069],[141.288,24.8069]]],[[[141.288,24.8069],[141.288,24.8069],[141.288,24.807],[141.288,24.807],[141.288,24.8069]]],[[[141.2879,24.8065],[141.2879,24.8065],[141.2879,24.8065],[141.2879,24.8065],[141.2879,24.8065]]],[[[141.2879,24.8065],[141.288,24.8065],[141.288,24.8065],[141.2879,24.8065],[141.2879,24.8065]]],[[[141.2879,24.8065],[141.2879,24.8065],[141.2879,24.8065],[141.2879,24.8065],[141.2879,24.8065]]],[[[141.2879,24.8066],[141.2879,24.8066],[141.2879,24.8066],[141.2879,24.8066],[141.2879,24.8066]]],[[[141.2879,24.8066],[141.288,24.8066],[141.288,24.8066],[141.2879,24.8066],[141.2879,24.8066]]],[[[141.2882,24.8065],[141.2882,24.8065],[141.2882,24.8065],[141.2882,24.8065],[141.2882,24.8065]]],[[[141.2872,24.8071],[141.2872,24.8071],[141.2872,24.8071],[141.2872,24.8071],[141.2872,24.8071]]],[[[141.2872,24.807],[141.2873,24.807],[141.2873,24.807],[141.2872,24.807],[141.2872,24.807]]],[[[141.2872,24.807],[141.2873,24.807],[141.2873,24.8071],[141.2872,24.8071],[141.2872,24.807]]],[[[141.2872,24.8071],[141.2873,24.8071],[141.2873,24.8071],[141.2872,24.8071],[141.2872,24.8071]]],[[[141.2874,24.8071],[141.2875,24.8071],[141.2875,24.8071],[141.2874,24.8071],[141.2874,24.8071]]],[[[141.2878,24.8068],[141.2878,24.8068],[141.2878,24.8068],[141.2878,24.8068],[141.2878,24.8068]]],[[[141.2877,24.8069],[141.2878,24.8069],[141.2878,24.8069],[141.2877,24.8069],[141.2877,24.8069]]],[[[141.2878,24.8067],[141.2879,24.8067],[141.2879,24.8067],[141.2878,24.8067],[141.2878,24.8067]]],[[[141.2879,24.8067],[141.2879,24.8067],[141.2879,24.8067],[141.2879,24.8067],[141.2879,24.8067]]],[[[141.288,24.8067],[141.288,24.8067],[141.288,24.8068],[141.288,24.8068],[141.288,24.8067]]],[[[141.288,24.807],[141.288,24.807],[141.288,24.807],[141.288,24.807],[141.288,24.807]]],[[[141.2876,24.8076],[141.2877,24.8076],[141.2877,24.8077],[141.2876,24.8077],[141.2876,24.8076]]],[[[141.288,25.4206],[141.2881,25.4206],[141.2881,25.4207],[141.288,25.4207],[141.288,25.4206]]],[[[141.2865,25.448],[141.2866,25.448],[141.2866,25.4481],[141.2865,25.4481],[141.2865,25.448]]],[[[141.287,25.4478],[141.2871,25.4478],[141.2871,25.4479],[141.287,25.4479],[141.287,25.4478]]],[[[141.2864,25.4485],[141.2865,25.4485],[141.2865,25.4486],[141.2864,25.4486],[141.2864,25.4485]]],[[[141.2887,25.4463],[141.2888,25.4463],[141.2888,25.4464],[141.2887,25.4464],[141.2887,25.4463]]],[[[141.2887,25.4467],[141.2887,25.4467],[141.2887,25.4468],[141.2887,25.4468],[141.2887,25.4467]]],[[[141.2888,25.4467],[141.2889,25.4467],[141.2889,25.4468],[141.2888,25.4468],[141.2888,25.4467]]],[[[141.2886,25.4468],[141.2887,25.4468],[141.2887,25.4469],[141.2886,25.4469],[141.2886,25.4468]]],[[[141.2873,25.4478],[141.2874,25.4478],[141.2874,25.4479],[141.2873,25.4479],[141.2873,25.4478]]],[[[141.2878,25.4475],[141.2879,25.4475],[141.2879,25.4476],[141.2878,25.4476],[141.2878,25.4475]]],[[[141.2882,25.4473],[141.2883,25.4473],[141.2883,25.4474],[141.2882,25.4474],[141.2882,25.4473]]],[[[141.2926,25.4393],[141.2926,25.4393],[141.2926,25.4394],[141.2926,25.4394],[141.2926,25.4393]]],[[[141.2903,25.4429],[141.2904,25.4429],[141.2904,25.443],[141.2903,25.443],[141.2903,25.4429]]],[[[141.2904,25.4429],[141.2905,25.4429],[141.2905,25.443],[141.2904,25.443],[141.2904,25.4429]]],[[[141.2902,25.444],[141.2903,25.444],[141.2903,25.4441],[141.2902,25.4441],[141.2902,25.444]]],[[[141.2901,25.4442],[141.2902,25.4442],[141.2902,25.4443],[141.2901,25.4443],[141.2901,25.4442]]],[[[141.2892,25.4456],[141.2893,25.4456],[141.2893,25.4457],[141.2892,25.4457],[141.2892,25.4456]]],[[[141.2894,25.4456],[141.2895,25.4456],[141.2895,25.4457],[141.2894,25.4457],[141.2894,25.4456]]],[[[141.2891,25.4474],[141.2891,25.4474],[141.2891,25.4475],[141.2891,25.4475],[141.2891,25.4474]]],[[[141.2936,24.7501],[141.2936,24.7501],[141.2936,24.7501],[141.2936,24.7501],[141.2936,24.7501]]],[[[141.2936,24.7502],[141.2936,24.7502],[141.2936,24.7502],[141.2936,24.7502],[141.2936,24.7502]]],[[[141.2927,25.4391],[141.2928,25.4391],[141.2928,25.4392],[141.2927,25.4392],[141.2927,25.4391]]],[[[142.2363,26.5671],[142.2364,26.5671],[142.2364,26.5672],[142.2363,26.5672],[142.2363,26.5671]]],[[[142.2366,26.5673],[142.2367,26.5673],[142.2367,26.5674],[142.2366,26.5674],[142.2366,26.5673]]],[[[142.237,26.567],[142.2371,26.567],[142.2371,26.5671],[142.237,26.5671],[142.237,26.567]]],[[[142.2392,26.5676],[142.2393,26.5676],[142.2393,26.5677],[142.2392,26.5677],[142.2392,26.5676]]],[[[142.2374,26.5708],[142.2376,26.5708],[142.2376,26.5708],[142.2374,26.5708],[142.2374,26.5708]]],[[[142.2381,26.5704],[142.2382,26.5704],[142.2382,26.5705],[142.2381,26.5705],[142.2381,26.5704]]],[[[141.2926,24.7488],[141.2926,24.7488],[141.2926,24.7488],[141.2926,24.7488],[141.2926,24.7488]]],[[[141.2926,24.7488],[141.2927,24.7488],[141.2927,24.7488],[141.2926,24.7488],[141.2926,24.7488]]],[[[141.2927,24.7488],[141.2927,24.7488],[141.2927,24.7488],[141.2927,24.7488],[141.2927,24.7488]]],[[[141.2927,24.7489],[141.2927,24.7489],[141.2927,24.7489],[141.2927,24.7489],[141.2927,24.7489]]],[[[141.2928,24.7488],[141.2928,24.7488],[141.2928,24.7488],[141.2928,24.7488],[141.2928,24.7488]]],[[[141.2928,24.7489],[141.2928,24.7489],[141.2928,24.7489],[141.2928,24.7489],[141.2928,24.7489]]],[[[141.2927,24.7489],[141.2927,24.7489],[141.2927,24.7489],[141.2927,24.7489],[141.2927,24.7489]]],[[[141.2928,24.7489],[141.2928,24.7489],[141.2928,24.7489],[141.2928,24.7489],[141.2928,24.7489]]],[[[141.2928,24.7489],[141.2928,24.7489],[141.2928,24.7489],[141.2928,24.7489],[141.2928,24.7489]]],[[[141.2928,24.7489],[141.2929,24.7489],[141.2929,24.7489],[141.2928,24.7489],[141.2928,24.7489]]],[[[141.2929,24.7489],[141.293,24.7489],[141.293,24.749],[141.2929,24.749],[141.2929,24.7489]]],[[[142.1499,26.5466],[142.15,26.5466],[142.15,26.5467],[142.1499,26.5467],[142.1499,26.5466]]],[[[142.1517,26.5435],[142.152,26.5435],[142.152,26.5438],[142.1517,26.5438],[142.1517,26.5435]]],[[[142.1512,26.5454],[142.1513,26.5454],[142.1513,26.5456],[142.1512,26.5456],[142.1512,26.5454]]],[[[142.1514,26.5457],[142.1515,26.5457],[142.1515,26.5458],[142.1514,26.5458],[142.1514,26.5457]]],[[[142.1537,26.5434],[142.1538,26.5434],[142.1538,26.5436],[142.1537,26.5436],[142.1537,26.5434]]],[[[142.1526,26.5464],[142.1527,26.5464],[142.1527,26.5465],[142.1526,26.5465],[142.1526,26.5464]]],[[[142.1507,26.5464],[142.1503,26.5474],[142.1511,26.5467],[142.1507,26.5464]]],[[[142.1597,26.5468],[142.1598,26.5468],[142.1598,26.5469],[142.1597,26.5469],[142.1597,26.5468]]],[[[142.1602,26.5461],[142.1603,26.5461],[142.1603,26.5463],[142.1602,26.5463],[142.1602,26.5461]]],[[[142.1581,26.5443],[142.1568,26.5432],[142.1564,26.5439],[142.1563,26.5433],[142.1552,26.5441],[142.1545,26.5437],[142.1533,26.5455],[142.1534,26.5467],[142.1513,26.5466],[142.1509,26.5474],[142.1511,26.5484],[142.1524,26.5484],[142.1526,26.5473],[142.1527,26.5483],[142.1533,26.5478],[142.1534,26.5489],[142.1546,26.5489],[142.1552,26.5503],[142.1548,26.5517],[142.154,26.5514],[142.1533,26.5541],[142.1551,26.5541],[142.1551,26.5549],[142.1545,26.555],[142.1547,26.5557],[142.1533,26.5556],[142.1534,26.5567],[142.1524,26.5571],[142.153,26.5583],[142.1521,26.5587],[142.1536,26.5597],[142.1526,26.5621],[142.1516,26.5622],[142.1519,26.5632],[142.1546,26.565],[142.1552,26.5642],[142.1557,26.5646],[142.1561,26.5624],[142.1611,26.5608],[142.1613,26.5594],[142.1595,26.5578],[142.159,26.5549],[142.1606,26.5542],[142.1599,26.5534],[142.1612,26.5516],[142.1604,26.5514],[142.161,26.5483],[142.16,26.5471],[142.1579,26.5469],[142.1581,26.5443]]],[[[142.2363,26.5674],[142.2364,26.5674],[142.2364,26.5674],[142.2363,26.5674],[142.2363,26.5674]]],[[[142.2327,26.5665],[142.2312,26.5664],[142.2308,26.5655],[142.2292,26.565],[142.2292,26.5641],[142.2279,26.5637],[142.2268,26.5638],[142.2265,26.5649],[142.2272,26.5656],[142.2259,26.566],[142.2263,26.5673],[142.2276,26.5673],[142.2273,26.5682],[142.2285,26.5688],[142.2265,26.571],[142.2298,26.5752],[142.2311,26.5756],[142.2352,26.5708],[142.2385,26.5704],[142.2391,26.5692],[142.2399,26.5694],[142.2393,26.5689],[142.2402,26.569],[142.2399,26.5676],[142.2384,26.5683],[142.2368,26.5675],[142.2361,26.568],[142.2327,26.5665]]],[[[142.1793,26.6084],[142.1793,26.6084],[142.1793,26.6084],[142.1793,26.6084],[142.1793,26.6084]]],[[[142.1794,26.6084],[142.1795,26.6084],[142.1795,26.6085],[142.1794,26.6085],[142.1794,26.6084]]],[[[142.1795,26.6083],[142.1797,26.6083],[142.1797,26.6085],[142.1795,26.6085],[142.1795,26.6083]]],[[[142.1804,26.6075],[142.1805,26.6075],[142.1805,26.6076],[142.1804,26.6076],[142.1804,26.6075]]],[[[142.1802,26.6087],[142.1803,26.6087],[142.1803,26.6088],[142.1802,26.6088],[142.1802,26.6087]]],[[[142.1799,26.6089],[142.1799,26.6089],[142.1799,26.609],[142.1799,26.609],[142.1799,26.6089]]],[[[142.1805,26.609],[142.1806,26.609],[142.1806,26.6091],[142.1805,26.6091],[142.1805,26.609]]],[[[142.1815,26.6103],[142.1816,26.6103],[142.1816,26.6103],[142.1815,26.6103],[142.1815,26.6103]]],[[[142.1823,26.612],[142.1824,26.612],[142.1824,26.612],[142.1823,26.612],[142.1823,26.612]]],[[[142.1823,26.6121],[142.1823,26.6121],[142.1823,26.6122],[142.1823,26.6122],[142.1823,26.6121]]],[[[142.1824,26.6119],[142.1825,26.6119],[142.1825,26.612],[142.1824,26.612],[142.1824,26.6119]]],[[[142.1826,26.6123],[142.1827,26.6123],[142.1827,26.6124],[142.1826,26.6124],[142.1826,26.6123]]],[[[142.183,26.6125],[142.1831,26.6125],[142.1831,26.6126],[142.183,26.6126],[142.183,26.6125]]],[[[142.1829,26.6128],[142.183,26.6128],[142.183,26.6129],[142.1829,26.6129],[142.1829,26.6128]]],[[[142.1831,26.6124],[142.1832,26.6124],[142.1832,26.6125],[142.1831,26.6125],[142.1831,26.6124]]],[[[142.1816,26.6141],[142.1817,26.6141],[142.1817,26.6143],[142.1816,26.6143],[142.1816,26.6141]]],[[[142.1812,26.6153],[142.1813,26.6153],[142.1813,26.6154],[142.1812,26.6154],[142.1812,26.6153]]],[[[142.1812,26.6161],[142.1812,26.6161],[142.1812,26.6162],[142.1812,26.6162],[142.1812,26.6161]]],[[[142.1813,26.616],[142.1814,26.616],[142.1814,26.6161],[142.1813,26.6161],[142.1813,26.616]]],[[[142.1813,26.6161],[142.1814,26.6161],[142.1814,26.6162],[142.1813,26.6162],[142.1813,26.6161]]],[[[142.1841,26.6108],[142.1842,26.6108],[142.1842,26.6109],[142.1841,26.6109],[142.1841,26.6108]]],[[[142.1837,26.6123],[142.1838,26.6123],[142.1838,26.6125],[142.1837,26.6125],[142.1837,26.6123]]],[[[142.1836,26.6132],[142.1837,26.6132],[142.1837,26.6133],[142.1836,26.6133],[142.1836,26.6132]]],[[[142.1845,26.6119],[142.1847,26.6119],[142.1847,26.612],[142.1845,26.612],[142.1845,26.6119]]],[[[142.185,26.6118],[142.1852,26.6118],[142.1852,26.612],[142.185,26.612],[142.185,26.6118]]],[[[142.15,26.5476],[142.1505,26.5476],[142.1505,26.548],[142.15,26.548],[142.15,26.5476]]],[[[142.1734,26.6078],[142.1734,26.6078],[142.1734,26.6079],[142.1734,26.6079],[142.1734,26.6078]]],[[[142.1734,26.6079],[142.1734,26.6079],[142.1734,26.6079],[142.1734,26.6079],[142.1734,26.6079]]],[[[142.1735,26.6079],[142.1736,26.6079],[142.1736,26.608],[142.1735,26.608],[142.1735,26.6079]]],[[[142.1735,26.608],[142.1736,26.608],[142.1736,26.608],[142.1735,26.608],[142.1735,26.608]]],[[[142.1737,26.6079],[142.1738,26.6079],[142.1738,26.608],[142.1737,26.608],[142.1737,26.6079]]],[[[142.1733,26.6085],[142.1733,26.6085],[142.1733,26.6086],[142.1733,26.6086],[142.1733,26.6085]]],[[[142.1734,26.6087],[142.1735,26.6087],[142.1735,26.6088],[142.1734,26.6088],[142.1734,26.6087]]],[[[142.1736,26.6224],[142.1737,26.6224],[142.1737,26.6225],[142.1736,26.6225],[142.1736,26.6224]]],[[[142.1741,26.6081],[142.1743,26.6081],[142.1743,26.6082],[142.1741,26.6082],[142.1741,26.6081]]],[[[142.1745,26.6083],[142.1746,26.6083],[142.1746,26.6083],[142.1745,26.6083],[142.1745,26.6083]]],[[[142.1751,26.6092],[142.1752,26.6092],[142.1752,26.6092],[142.1751,26.6092],[142.1751,26.6092]]],[[[142.176,26.6081],[142.1764,26.6081],[142.1764,26.6086],[142.176,26.6086],[142.176,26.6081]]],[[[142.1418,26.7091],[142.142,26.7091],[142.142,26.7093],[142.1418,26.7093],[142.1418,26.7091]]],[[[142.1418,26.7094],[142.1419,26.7094],[142.1419,26.7096],[142.1418,26.7096],[142.1418,26.7094]]],[[[142.125,26.7042],[142.1251,26.7042],[142.1251,26.7043],[142.125,26.7043],[142.125,26.7042]]],[[[142.1418,26.7094],[142.1422,26.7094],[142.1422,26.71],[142.1418,26.71],[142.1418,26.7094]]],[[[142.142,26.7092],[142.1421,26.7092],[142.1421,26.7093],[142.142,26.7093],[142.142,26.7092]]],[[[142.1249,26.7043],[142.125,26.7043],[142.125,26.7044],[142.1249,26.7044],[142.1249,26.7043]]],[[[142.1255,26.7005],[142.1257,26.7005],[142.1257,26.7008],[142.1255,26.7008],[142.1255,26.7005]]],[[[142.1256,26.7006],[142.1258,26.7006],[142.1258,26.7009],[142.1256,26.7009],[142.1256,26.7006]]],[[[142.1258,26.7008],[142.1258,26.7008],[142.1258,26.7008],[142.1258,26.7008],[142.1258,26.7008]]],[[[142.1259,26.7009],[142.126,26.7009],[142.126,26.7009],[142.1259,26.7009],[142.1259,26.7009]]],[[[142.1258,26.7009],[142.1259,26.7009],[142.1259,26.701],[142.1258,26.701],[142.1258,26.7009]]],[[[142.1259,26.701],[142.1259,26.701],[142.1259,26.701],[142.1259,26.701],[142.1259,26.701]]],[[[142.1259,26.7007],[142.126,26.7007],[142.126,26.7008],[142.1259,26.7008],[142.1259,26.7007]]],[[[142.126,26.7008],[142.1261,26.7008],[142.1261,26.7009],[142.126,26.7009],[142.126,26.7008]]],[[[142.126,26.7011],[142.126,26.7011],[142.126,26.7011],[142.126,26.7011],[142.126,26.7011]]],[[[142.1263,26.701],[142.1264,26.701],[142.1264,26.7011],[142.1263,26.7011],[142.1263,26.701]]],[[[142.1264,26.7011],[142.1265,26.7011],[142.1265,26.7012],[142.1264,26.7012],[142.1264,26.7011]]],[[[142.1259,26.7018],[142.1259,26.7018],[142.1259,26.7019],[142.1259,26.7019],[142.1259,26.7018]]],[[[142.1262,26.7016],[142.1263,26.7016],[142.1263,26.7016],[142.1262,26.7016],[142.1262,26.7016]]],[[[142.1264,26.7015],[142.1265,26.7015],[142.1265,26.7015],[142.1264,26.7015],[142.1264,26.7015]]],[[[142.126,26.7019],[142.1261,26.7019],[142.1261,26.702],[142.126,26.702],[142.126,26.7019]]],[[[142.1263,26.7017],[142.1264,26.7017],[142.1264,26.7017],[142.1263,26.7017],[142.1263,26.7017]]],[[[142.1264,26.7018],[142.1265,26.7018],[142.1265,26.7019],[142.1264,26.7019],[142.1264,26.7018]]],[[[142.1267,26.7013],[142.1268,26.7013],[142.1268,26.7014],[142.1267,26.7014],[142.1267,26.7013]]],[[[142.1265,26.7017],[142.1266,26.7017],[142.1266,26.7017],[142.1265,26.7017],[142.1265,26.7017]]],[[[142.1266,26.7017],[142.1267,26.7017],[142.1267,26.7018],[142.1266,26.7018],[142.1266,26.7017]]],[[[142.1374,26.7001],[142.1375,26.7001],[142.1375,26.7002],[142.1374,26.7002],[142.1374,26.7001]]],[[[142.1372,26.7001],[142.1374,26.7001],[142.1374,26.7003],[142.1372,26.7003],[142.1372,26.7001]]],[[[142.1371,26.6999],[142.1371,26.6999],[142.1371,26.7],[142.1371,26.7],[142.1371,26.6999]]],[[[142.1372,26.7],[142.1372,26.7],[142.1372,26.7001],[142.1372,26.7001],[142.1372,26.7]]],[[[142.1375,26.7001],[142.1375,26.7001],[142.1375,26.7002],[142.1375,26.7002],[142.1375,26.7001]]],[[[142.137,26.7003],[142.1373,26.7003],[142.1373,26.7005],[142.137,26.7005],[142.137,26.7003]]],[[[142.137,26.7006],[142.1372,26.7006],[142.1372,26.7007],[142.137,26.7007],[142.137,26.7006]]],[[[142.1375,26.7003],[142.1375,26.7003],[142.1375,26.7003],[142.1375,26.7003],[142.1375,26.7003]]],[[[142.1375,26.7002],[142.1376,26.7002],[142.1376,26.7003],[142.1375,26.7003],[142.1375,26.7002]]],[[[142.1374,26.7009],[142.1375,26.7009],[142.1375,26.701],[142.1374,26.701],[142.1374,26.7009]]],[[[142.1376,26.701],[142.1381,26.701],[142.1381,26.7013],[142.1376,26.7013],[142.1376,26.701]]],[[[142.1388,26.6997],[142.1388,26.6997],[142.1388,26.6998],[142.1388,26.6998],[142.1388,26.6997]]],[[[142.1388,26.6997],[142.1389,26.6997],[142.1389,26.6998],[142.1388,26.6998],[142.1388,26.6997]]],[[[142.1389,26.6998],[142.1389,26.6998],[142.1389,26.6999],[142.1389,26.6999],[142.1389,26.6998]]],[[[142.139,26.6998],[142.1391,26.6998],[142.1391,26.6998],[142.139,26.6998],[142.139,26.6998]]],[[[142.1395,26.7008],[142.1395,26.7008],[142.1395,26.7008],[142.1395,26.7008],[142.1395,26.7008]]],[[[142.141,26.7046],[142.1411,26.7046],[142.1411,26.7047],[142.141,26.7047],[142.141,26.7046]]],[[[142.1411,26.7045],[142.1412,26.7045],[142.1412,26.7046],[142.1411,26.7046],[142.1411,26.7045]]],[[[142.1409,26.7052],[142.1409,26.7052],[142.1409,26.7052],[142.1409,26.7052],[142.1409,26.7052]]],[[[142.1407,26.7062],[142.1408,26.7062],[142.1408,26.7063],[142.1407,26.7063],[142.1407,26.7062]]],[[[142.1261,26.714],[142.1261,26.714],[142.1261,26.7141],[142.1261,26.7141],[142.1261,26.714]]],[[[142.1261,26.714],[142.1262,26.714],[142.1262,26.7142],[142.1261,26.7142],[142.1261,26.714]]],[[[142.1284,26.7104],[142.1285,26.7104],[142.1285,26.7105],[142.1284,26.7105],[142.1284,26.7104]]],[[[142.13,26.7074],[142.13,26.7074],[142.13,26.7074],[142.13,26.7074],[142.13,26.7074]]],[[[142.13,26.7075],[142.1301,26.7075],[142.1301,26.7075],[142.13,26.7075],[142.13,26.7075]]],[[[142.13,26.7078],[142.13,26.7078],[142.13,26.7078],[142.13,26.7078],[142.13,26.7078]]],[[[142.1305,26.708],[142.1306,26.708],[142.1306,26.7081],[142.1305,26.7081],[142.1305,26.708]]],[[[142.1268,26.7121],[142.1269,26.7121],[142.1269,26.7122],[142.1268,26.7122],[142.1268,26.7121]]],[[[142.1268,26.7124],[142.1269,26.7124],[142.1269,26.7125],[142.1268,26.7125],[142.1268,26.7124]]],[[[142.1271,26.7117],[142.1272,26.7117],[142.1272,26.7118],[142.1271,26.7118],[142.1271,26.7117]]],[[[142.1388,26.7071],[142.1388,26.7071],[142.1388,26.7072],[142.1388,26.7072],[142.1388,26.7071]]],[[[142.1405,26.708],[142.1405,26.708],[142.1405,26.7081],[142.1405,26.7081],[142.1405,26.708]]],[[[142.1406,26.7074],[142.1407,26.7074],[142.1407,26.7075],[142.1406,26.7075],[142.1406,26.7074]]],[[[142.1407,26.7074],[142.141,26.7074],[142.141,26.7075],[142.1407,26.7075],[142.1407,26.7074]]],[[[142.1406,26.7076],[142.1407,26.7076],[142.1407,26.7077],[142.1406,26.7077],[142.1406,26.7076]]],[[[142.1406,26.7084],[142.1408,26.7084],[142.1408,26.7085],[142.1406,26.7085],[142.1406,26.7084]]],[[[142.1416,26.7097],[142.1417,26.7097],[142.1417,26.7098],[142.1416,26.7098],[142.1416,26.7097]]],[[[142.1416,26.7101],[142.1417,26.7101],[142.1417,26.7102],[142.1416,26.7102],[142.1416,26.7101]]],[[[142.156,26.6988],[142.1561,26.6988],[142.1561,26.6989],[142.156,26.6989],[142.156,26.6988]]],[[[142.1561,26.6989],[142.1562,26.6989],[142.1562,26.6989],[142.1561,26.6989],[142.1561,26.6989]]],[[[142.1528,26.6972],[142.1529,26.6972],[142.1529,26.6973],[142.1528,26.6973],[142.1528,26.6972]]],[[[142.1525,26.6974],[142.1526,26.6974],[142.1526,26.6975],[142.1525,26.6975],[142.1525,26.6974]]],[[[142.1526,26.6976],[142.1526,26.6976],[142.1526,26.6976],[142.1526,26.6976],[142.1526,26.6976]]],[[[142.1532,26.6977],[142.1534,26.6977],[142.1534,26.6978],[142.1532,26.6978],[142.1532,26.6977]]],[[[142.1533,26.6984],[142.1533,26.6984],[142.1533,26.6985],[142.1533,26.6985],[142.1533,26.6984]]],[[[142.1534,26.6978],[142.1535,26.6978],[142.1535,26.6978],[142.1534,26.6978],[142.1534,26.6978]]],[[[142.1535,26.6981],[142.1536,26.6981],[142.1536,26.6982],[142.1535,26.6982],[142.1535,26.6981]]],[[[142.1536,26.6979],[142.1537,26.6979],[142.1537,26.698],[142.1536,26.698],[142.1536,26.6979]]],[[[142.1536,26.6982],[142.1537,26.6982],[142.1537,26.6982],[142.1536,26.6982],[142.1536,26.6982]]],[[[142.1537,26.6981],[142.1538,26.6981],[142.1538,26.6982],[142.1537,26.6982],[142.1537,26.6981]]],[[[142.154,26.6984],[142.1541,26.6984],[142.1541,26.6985],[142.154,26.6985],[142.154,26.6984]]],[[[142.1555,26.6987],[142.1556,26.6987],[142.1556,26.6988],[142.1555,26.6988],[142.1555,26.6987]]],[[[142.1557,26.6988],[142.1558,26.6988],[142.1558,26.6988],[142.1557,26.6988],[142.1557,26.6988]]],[[[142.1513,26.7068],[142.1514,26.7068],[142.1514,26.7068],[142.1513,26.7068],[142.1513,26.7068]]],[[[142.1522,26.7065],[142.1522,26.7065],[142.1522,26.7065],[142.1522,26.7065],[142.1522,26.7065]]],[[[142.1522,26.7063],[142.1523,26.7063],[142.1523,26.7064],[142.1522,26.7064],[142.1522,26.7063]]],[[[142.1527,26.7066],[142.1528,26.7066],[142.1528,26.7067],[142.1527,26.7067],[142.1527,26.7066]]],[[[142.1527,26.7067],[142.1528,26.7067],[142.1528,26.7067],[142.1527,26.7067],[142.1527,26.7067]]],[[[142.1257,26.7139],[142.1258,26.7139],[142.1258,26.714],[142.1257,26.714],[142.1257,26.7139]]],[[[142.1259,26.714],[142.126,26.714],[142.126,26.7141],[142.1259,26.7141],[142.1259,26.714]]],[[[142.1236,26.7167],[142.1217,26.7158],[142.1226,26.7172],[142.1236,26.7167]]],[[[142.1336,26.7023],[142.1337,26.7023],[142.1337,26.7025],[142.1336,26.7025],[142.1336,26.7023]]],[[[142.1334,26.7024],[142.1337,26.7024],[142.1337,26.7028],[142.1334,26.7028],[142.1334,26.7024]]],[[[142.1334,26.7027],[142.1334,26.7027],[142.1334,26.7028],[142.1334,26.7028],[142.1334,26.7027]]],[[[142.1335,26.7028],[142.1335,26.7028],[142.1335,26.7028],[142.1335,26.7028],[142.1335,26.7028]]],[[[142.1339,26.7012],[142.134,26.7012],[142.134,26.7012],[142.1339,26.7012],[142.1339,26.7012]]],[[[142.134,26.7012],[142.1341,26.7012],[142.1341,26.7013],[142.134,26.7013],[142.134,26.7012]]],[[[142.134,26.7013],[142.1341,26.7013],[142.1341,26.7014],[142.134,26.7014],[142.134,26.7013]]],[[[142.1322,26.7036],[142.1323,26.7036],[142.1323,26.7036],[142.1322,26.7036],[142.1322,26.7036]]],[[[142.1322,26.7035],[142.1324,26.7035],[142.1324,26.7036],[142.1322,26.7036],[142.1322,26.7035]]],[[[142.132,26.7028],[142.1321,26.7028],[142.1321,26.7029],[142.132,26.7029],[142.132,26.7028]]],[[[142.134,26.701],[142.1341,26.701],[142.1341,26.701],[142.134,26.701],[142.134,26.701]]],[[[142.1337,26.7021],[142.1338,26.7021],[142.1338,26.7022],[142.1337,26.7022],[142.1337,26.7021]]],[[[142.1334,26.7023],[142.1335,26.7023],[142.1335,26.7024],[142.1334,26.7024],[142.1334,26.7023]]],[[[142.1339,26.7016],[142.134,26.7016],[142.134,26.7018],[142.1339,26.7018],[142.1339,26.7016]]],[[[142.1338,26.7022],[142.1339,26.7022],[142.1339,26.7023],[142.1338,26.7023],[142.1338,26.7022]]],[[[142.1363,26.7007],[142.1363,26.7007],[142.1363,26.7008],[142.1363,26.7008],[142.1363,26.7007]]],[[[142.132,26.7032],[142.1321,26.7032],[142.1321,26.7032],[142.132,26.7032],[142.132,26.7032]]],[[[142.1324,26.7036],[142.1324,26.7036],[142.1324,26.7036],[142.1324,26.7036],[142.1324,26.7036]]],[[[142.1324,26.7037],[142.1325,26.7037],[142.1325,26.7038],[142.1324,26.7038],[142.1324,26.7037]]],[[[142.1338,26.7024],[142.1342,26.7024],[142.1342,26.703],[142.1338,26.703],[142.1338,26.7024]]],[[[142.1257,26.7021],[142.1257,26.7021],[142.1257,26.7021],[142.1257,26.7021],[142.1257,26.7021]]],[[[142.1259,26.7021],[142.126,26.7021],[142.126,26.7022],[142.1259,26.7022],[142.1259,26.7021]]],[[[142.1255,26.7026],[142.1256,26.7026],[142.1256,26.7027],[142.1255,26.7027],[142.1255,26.7026]]],[[[142.1261,26.702],[142.1262,26.702],[142.1262,26.7021],[142.1261,26.7021],[142.1261,26.702]]],[[[142.1263,26.702],[142.1264,26.702],[142.1264,26.7021],[142.1263,26.7021],[142.1263,26.702]]],[[[142.126,26.7022],[142.126,26.7022],[142.126,26.7023],[142.126,26.7023],[142.126,26.7022]]],[[[142.1262,26.7022],[142.1263,26.7022],[142.1263,26.7023],[142.1262,26.7023],[142.1262,26.7022]]],[[[142.1263,26.7023],[142.1263,26.7023],[142.1263,26.7024],[142.1263,26.7024],[142.1263,26.7023]]],[[[142.1263,26.7022],[142.1264,26.7022],[142.1264,26.7023],[142.1263,26.7023],[142.1263,26.7022]]],[[[142.1262,26.7024],[142.1263,26.7024],[142.1263,26.7025],[142.1262,26.7025],[142.1262,26.7024]]],[[[142.125,26.7036],[142.1251,26.7036],[142.1251,26.7036],[142.125,26.7036],[142.125,26.7036]]],[[[142.1253,26.7032],[142.1254,26.7032],[142.1254,26.7033],[142.1253,26.7033],[142.1253,26.7032]]],[[[142.1253,26.7033],[142.1253,26.7033],[142.1253,26.7034],[142.1253,26.7034],[142.1253,26.7033]]],[[[142.1251,26.7036],[142.1252,26.7036],[142.1252,26.7037],[142.1251,26.7037],[142.1251,26.7036]]],[[[142.1252,26.7037],[142.1253,26.7037],[142.1253,26.7038],[142.1252,26.7038],[142.1252,26.7037]]],[[[142.1252,26.704],[142.1253,26.704],[142.1253,26.704],[142.1252,26.704],[142.1252,26.704]]],[[[142.1251,26.7044],[142.1251,26.7044],[142.1251,26.7045],[142.1251,26.7045],[142.1251,26.7044]]],[[[142.1253,26.7043],[142.1254,26.7043],[142.1254,26.7043],[142.1253,26.7043],[142.1253,26.7043]]],[[[142.1253,26.7043],[142.1254,26.7043],[142.1254,26.7045],[142.1253,26.7045],[142.1253,26.7043]]],[[[142.1315,26.7062],[142.1317,26.7062],[142.1317,26.7063],[142.1315,26.7063],[142.1315,26.7062]]],[[[142.1317,26.7062],[142.1318,26.7062],[142.1318,26.7063],[142.1317,26.7063],[142.1317,26.7062]]],[[[142.1268,26.7007],[142.127,26.7007],[142.127,26.701],[142.1268,26.701],[142.1268,26.7007]]],[[[142.1268,26.7014],[142.1268,26.7014],[142.1268,26.7014],[142.1268,26.7014],[142.1268,26.7014]]],[[[142.1271,26.7009],[142.1271,26.7009],[142.1271,26.7009],[142.1271,26.7009],[142.1271,26.7009]]],[[[142.1271,26.701],[142.1272,26.701],[142.1272,26.701],[142.1271,26.701],[142.1271,26.701]]],[[[142.1282,26.7013],[142.1282,26.7013],[142.1282,26.7013],[142.1282,26.7013],[142.1282,26.7013]]],[[[142.1311,26.7039],[142.1311,26.7039],[142.1311,26.704],[142.1311,26.704],[142.1311,26.7039]]],[[[142.1315,26.704],[142.1316,26.704],[142.1316,26.704],[142.1315,26.704],[142.1315,26.704]]],[[[142.131,26.7046],[142.1311,26.7046],[142.1311,26.7047],[142.131,26.7047],[142.131,26.7046]]],[[[142.131,26.705],[142.131,26.705],[142.131,26.705],[142.131,26.705],[142.131,26.705]]],[[[142.1312,26.7046],[142.1312,26.7046],[142.1312,26.7047],[142.1312,26.7047],[142.1312,26.7046]]],[[[142.1311,26.705],[142.1312,26.705],[142.1312,26.705],[142.1311,26.705],[142.1311,26.705]]],[[[142.1312,26.705],[142.1313,26.705],[142.1313,26.705],[142.1312,26.705],[142.1312,26.705]]],[[[142.1315,26.7042],[142.1317,26.7042],[142.1317,26.7043],[142.1315,26.7043],[142.1315,26.7042]]],[[[142.1309,26.7053],[142.131,26.7053],[142.131,26.7054],[142.1309,26.7054],[142.1309,26.7053]]],[[[142.1311,26.7052],[142.1312,26.7052],[142.1312,26.7053],[142.1311,26.7053],[142.1311,26.7052]]],[[[142.1312,26.7056],[142.1314,26.7056],[142.1314,26.7058],[142.1312,26.7058],[142.1312,26.7056]]],[[[142.1311,26.7067],[142.1312,26.7067],[142.1312,26.7068],[142.1311,26.7068],[142.1311,26.7067]]],[[[142.1314,26.7065],[142.1315,26.7065],[142.1315,26.7066],[142.1314,26.7066],[142.1314,26.7065]]],[[[142.1421,26.7094],[142.1422,26.7094],[142.1422,26.7095],[142.1421,26.7095],[142.1421,26.7094]]],[[[142.1418,26.709],[142.1419,26.709],[142.1419,26.7091],[142.1418,26.7091],[142.1418,26.709]]],[[[142.1422,26.7091],[142.1424,26.7091],[142.1424,26.7093],[142.1422,26.7093],[142.1422,26.7091]]],[[[142.1423,26.7098],[142.1424,26.7098],[142.1424,26.7099],[142.1423,26.7099],[142.1423,26.7098]]],[[[142.1433,26.7076],[142.1436,26.7076],[142.1436,26.7078],[142.1433,26.7078],[142.1433,26.7076]]],[[[142.1425,26.7083],[142.1426,26.7083],[142.1426,26.7084],[142.1425,26.7084],[142.1425,26.7083]]],[[[142.1426,26.7084],[142.1427,26.7084],[142.1427,26.7085],[142.1426,26.7085],[142.1426,26.7084]]],[[[142.1428,26.7083],[142.1429,26.7083],[142.1429,26.7084],[142.1428,26.7084],[142.1428,26.7083]]],[[[142.1429,26.7082],[142.143,26.7082],[142.143,26.7083],[142.1429,26.7083],[142.1429,26.7082]]],[[[142.1426,26.7085],[142.1427,26.7085],[142.1427,26.7086],[142.1426,26.7086],[142.1426,26.7085]]],[[[142.1476,26.7077],[142.1477,26.7077],[142.1477,26.7078],[142.1476,26.7078],[142.1476,26.7077]]],[[[142.1482,26.7077],[142.1483,26.7077],[142.1483,26.7078],[142.1482,26.7078],[142.1482,26.7077]]],[[[142.1497,26.7087],[142.1497,26.7087],[142.1497,26.7087],[142.1497,26.7087],[142.1497,26.7087]]],[[[142.1496,26.7088],[142.1497,26.7088],[142.1497,26.7088],[142.1496,26.7088],[142.1496,26.7088]]],[[[142.1486,26.7093],[142.1486,26.7093],[142.1486,26.7093],[142.1486,26.7093],[142.1486,26.7093]]],[[[142.1497,26.7096],[142.1498,26.7096],[142.1498,26.7097],[142.1497,26.7097],[142.1497,26.7096]]],[[[142.1499,26.709],[142.1501,26.709],[142.1501,26.7091],[142.1499,26.7091],[142.1499,26.709]]],[[[142.1499,26.7092],[142.1499,26.7092],[142.1499,26.7094],[142.1499,26.7094],[142.1499,26.7092]]],[[[142.1524,26.7077],[142.1525,26.7077],[142.1525,26.7079],[142.1524,26.7079],[142.1524,26.7077]]],[[[142.1524,26.7079],[142.1525,26.7079],[142.1525,26.7079],[142.1524,26.7079],[142.1524,26.7079]]],[[[142.1501,26.7068],[142.1503,26.7068],[142.1503,26.707],[142.1501,26.707],[142.1501,26.7068]]],[[[142.1502,26.707],[142.1503,26.707],[142.1503,26.7071],[142.1502,26.7071],[142.1502,26.707]]],[[[142.1503,26.707],[142.1504,26.707],[142.1504,26.7071],[142.1503,26.7071],[142.1503,26.707]]],[[[142.1522,26.7072],[142.1523,26.7072],[142.1523,26.7073],[142.1522,26.7073],[142.1522,26.7072]]],[[[142.1522,26.7073],[142.1523,26.7073],[142.1523,26.7074],[142.1522,26.7074],[142.1522,26.7073]]],[[[142.1518,26.7075],[142.1521,26.7075],[142.1521,26.7077],[142.1518,26.7077],[142.1518,26.7075]]],[[[142.1524,26.7071],[142.1526,26.7071],[142.1526,26.7073],[142.1524,26.7073],[142.1524,26.7071]]],[[[142.1526,26.7076],[142.1526,26.7076],[142.1526,26.7076],[142.1526,26.7076],[142.1526,26.7076]]],[[[142.1526,26.7075],[142.1526,26.7075],[142.1526,26.7076],[142.1526,26.7076],[142.1526,26.7075]]],[[[142.1524,26.7081],[142.1525,26.7081],[142.1525,26.7082],[142.1524,26.7082],[142.1524,26.7081]]],[[[142.1523,26.7083],[142.1526,26.7083],[142.1526,26.7086],[142.1523,26.7086],[142.1523,26.7083]]],[[[142.153,26.7085],[142.1531,26.7085],[142.1531,26.7086],[142.153,26.7086],[142.153,26.7085]]],[[[142.1548,26.7089],[142.1549,26.7089],[142.1549,26.7089],[142.1548,26.7089],[142.1548,26.7089]]],[[[142.1549,26.7089],[142.155,26.7089],[142.155,26.7089],[142.1549,26.7089],[142.1549,26.7089]]],[[[142.1561,26.7081],[142.1563,26.7081],[142.1563,26.7083],[142.1561,26.7083],[142.1561,26.7081]]],[[[142.1564,26.7073],[142.1565,26.7073],[142.1565,26.7073],[142.1564,26.7073],[142.1564,26.7073]]],[[[142.1563,26.7079],[142.1564,26.7079],[142.1564,26.7079],[142.1563,26.7079],[142.1563,26.7079]]],[[[142.1498,26.7086],[142.1503,26.7086],[142.1503,26.709],[142.1498,26.709],[142.1498,26.7086]]],[[[142.1621,26.7004],[142.1621,26.7004],[142.1621,26.7004],[142.1621,26.7004],[142.1621,26.7004]]],[[[142.1621,26.7004],[142.1622,26.7004],[142.1622,26.7004],[142.1621,26.7004],[142.1621,26.7004]]],[[[142.164,26.6998],[142.1645,26.6998],[142.1645,26.7003],[142.164,26.7003],[142.164,26.6998]]],[[[142.1654,26.7012],[142.1657,26.7012],[142.1657,26.7014],[142.1654,26.7014],[142.1654,26.7012]]],[[[142.1636,26.7],[142.1643,26.7],[142.1643,26.7003],[142.1636,26.7003],[142.1636,26.7]]],[[[142.1647,26.7004],[142.1658,26.7004],[142.1658,26.7013],[142.1647,26.7013],[142.1647,26.7004]]],[[[142.1563,26.6988],[142.1564,26.6988],[142.1564,26.6989],[142.1563,26.6989],[142.1563,26.6988]]],[[[142.157,26.6996],[142.1571,26.6996],[142.1571,26.6997],[142.157,26.6997],[142.157,26.6996]]],[[[142.1586,26.6999],[142.1587,26.6999],[142.1587,26.7],[142.1586,26.7],[142.1586,26.6999]]],[[[142.159,26.7008],[142.159,26.7008],[142.159,26.7008],[142.159,26.7008],[142.159,26.7008]]],[[[142.1591,26.7008],[142.1592,26.7008],[142.1592,26.7008],[142.1591,26.7008],[142.1591,26.7008]]],[[[142.16,26.7014],[142.1601,26.7014],[142.1601,26.7015],[142.16,26.7015],[142.16,26.7014]]],[[[142.1616,26.7006],[142.1616,26.7006],[142.1616,26.7007],[142.1616,26.7007],[142.1616,26.7006]]],[[[142.1618,26.7004],[142.1619,26.7004],[142.1619,26.7005],[142.1618,26.7005],[142.1618,26.7004]]],[[[142.1619,26.7002],[142.162,26.7002],[142.162,26.7004],[142.1619,26.7004],[142.1619,26.7002]]],[[[142.1602,26.7015],[142.1603,26.7015],[142.1603,26.7016],[142.1602,26.7016],[142.1602,26.7015]]],[[[142.161,26.7013],[142.1611,26.7013],[142.1611,26.7014],[142.161,26.7014],[142.161,26.7013]]],[[[142.1614,26.7039],[142.1615,26.7039],[142.1615,26.704],[142.1614,26.704],[142.1614,26.7039]]],[[[142.162,26.7032],[142.1623,26.7032],[142.1623,26.7035],[142.162,26.7035],[142.162,26.7032]]],[[[142.1632,26.7034],[142.1634,26.7034],[142.1634,26.7035],[142.1632,26.7035],[142.1632,26.7034]]],[[[142.2367,27.0832],[142.2368,27.0832],[142.2368,27.0833],[142.2367,27.0833],[142.2367,27.0832]]],[[[142.2372,27.0826],[142.2373,27.0826],[142.2373,27.0826],[142.2372,27.0826],[142.2372,27.0826]]],[[[142.2364,27.0832],[142.2364,27.0832],[142.2364,27.0833],[142.2364,27.0833],[142.2364,27.0832]]],[[[142.2365,27.083],[142.2366,27.083],[142.2366,27.0831],[142.2365,27.0831],[142.2365,27.083]]],[[[142.2325,27.1089],[142.2326,27.1089],[142.2326,27.109],[142.2325,27.109],[142.2325,27.1089]]],[[[142.2327,27.1089],[142.2329,27.1089],[142.2329,27.109],[142.2327,27.109],[142.2327,27.1089]]],[[[142.2339,27.109],[142.234,27.109],[142.234,27.1091],[142.2339,27.1091],[142.2339,27.109]]],[[[142.2311,27.1098],[142.2311,27.1098],[142.2311,27.1098],[142.2311,27.1098],[142.2311,27.1098]]],[[[142.2314,27.1095],[142.2314,27.1095],[142.2314,27.1096],[142.2314,27.1096],[142.2314,27.1095]]],[[[142.2312,27.1097],[142.2313,27.1097],[142.2313,27.1097],[142.2312,27.1097],[142.2312,27.1097]]],[[[142.2341,27.1095],[142.2342,27.1095],[142.2342,27.1097],[142.2341,27.1097],[142.2341,27.1095]]],[[[142.2358,27.1098],[142.2359,27.1098],[142.2359,27.1099],[142.2358,27.1099],[142.2358,27.1098]]],[[[142.2361,27.1098],[142.2361,27.1098],[142.2361,27.11],[142.2361,27.11],[142.2361,27.1098]]],[[[142.2326,27.0725],[142.2326,27.0725],[142.2326,27.0726],[142.2326,27.0726],[142.2326,27.0725]]],[[[142.2326,27.0726],[142.2326,27.0726],[142.2326,27.0727],[142.2326,27.0727],[142.2326,27.0726]]],[[[142.2328,27.0729],[142.233,27.0729],[142.233,27.0731],[142.2328,27.0731],[142.2328,27.0729]]],[[[142.2326,27.0739],[142.2326,27.0739],[142.2326,27.074],[142.2326,27.074],[142.2326,27.0739]]],[[[142.2326,27.0742],[142.2327,27.0742],[142.2327,27.0742],[142.2326,27.0742],[142.2326,27.0742]]],[[[142.2337,27.0727],[142.2339,27.0727],[142.2339,27.0729],[142.2337,27.0729],[142.2337,27.0727]]],[[[142.2333,27.074],[142.2335,27.074],[142.2335,27.0741],[142.2333,27.0741],[142.2333,27.074]]],[[[142.2328,27.0747],[142.2329,27.0747],[142.2329,27.0748],[142.2328,27.0748],[142.2328,27.0747]]],[[[142.2331,27.0744],[142.2332,27.0744],[142.2332,27.0746],[142.2331,27.0746],[142.2331,27.0744]]],[[[142.2329,27.0748],[142.233,27.0748],[142.233,27.0749],[142.2329,27.0749],[142.2329,27.0748]]],[[[142.2334,27.0743],[142.2334,27.0743],[142.2334,27.0744],[142.2334,27.0744],[142.2334,27.0743]]],[[[142.2336,27.0743],[142.2337,27.0743],[142.2337,27.0744],[142.2336,27.0744],[142.2336,27.0743]]],[[[142.2338,27.0743],[142.2339,27.0743],[142.2339,27.0744],[142.2338,27.0744],[142.2338,27.0743]]],[[[142.2335,27.0749],[142.2336,27.0749],[142.2336,27.0749],[142.2335,27.0749],[142.2335,27.0749]]],[[[142.2339,27.0749],[142.2339,27.0749],[142.2339,27.075],[142.2339,27.075],[142.2339,27.0749]]],[[[142.2338,27.0749],[142.2338,27.0749],[142.2338,27.075],[142.2338,27.075],[142.2338,27.0749]]],[[[142.2334,27.0751],[142.2335,27.0751],[142.2335,27.0753],[142.2334,27.0753],[142.2334,27.0751]]],[[[142.2335,27.0753],[142.2335,27.0753],[142.2335,27.0754],[142.2335,27.0754],[142.2335,27.0753]]],[[[142.2343,27.0745],[142.2345,27.0745],[142.2345,27.0746],[142.2343,27.0746],[142.2343,27.0745]]],[[[142.2345,27.0753],[142.2346,27.0753],[142.2346,27.0754],[142.2345,27.0754],[142.2345,27.0753]]],[[[142.2327,27.0761],[142.2328,27.0761],[142.2328,27.0762],[142.2327,27.0762],[142.2327,27.0761]]],[[[142.2332,27.0753],[142.2333,27.0753],[142.2333,27.0754],[142.2332,27.0754],[142.2332,27.0753]]],[[[142.2333,27.0756],[142.2334,27.0756],[142.2334,27.0757],[142.2333,27.0757],[142.2333,27.0756]]],[[[142.233,27.0758],[142.233,27.0758],[142.233,27.0759],[142.233,27.0759],[142.233,27.0758]]],[[[142.2335,27.0756],[142.2336,27.0756],[142.2336,27.0757],[142.2335,27.0757],[142.2335,27.0756]]],[[[142.2338,27.0753],[142.2339,27.0753],[142.2339,27.0755],[142.2338,27.0755],[142.2338,27.0753]]],[[[142.2337,27.0755],[142.2338,27.0755],[142.2338,27.0756],[142.2337,27.0756],[142.2337,27.0755]]],[[[142.2338,27.0755],[142.2339,27.0755],[142.2339,27.0756],[142.2338,27.0756],[142.2338,27.0755]]],[[[142.2334,27.0757],[142.2335,27.0757],[142.2335,27.0757],[142.2334,27.0757],[142.2334,27.0757]]],[[[142.2337,27.0757],[142.2338,27.0757],[142.2338,27.0758],[142.2337,27.0758],[142.2337,27.0757]]],[[[142.2338,27.0757],[142.2339,27.0757],[142.2339,27.0757],[142.2338,27.0757],[142.2338,27.0757]]],[[[142.234,27.0758],[142.2341,27.0758],[142.2341,27.0758],[142.234,27.0758],[142.234,27.0758]]],[[[142.2342,27.0757],[142.2343,27.0757],[142.2343,27.0757],[142.2342,27.0757],[142.2342,27.0757]]],[[[142.233,27.0762],[142.2331,27.0762],[142.2331,27.0763],[142.233,27.0763],[142.233,27.0762]]],[[[142.2331,27.0764],[142.2332,27.0764],[142.2332,27.0765],[142.2331,27.0765],[142.2331,27.0764]]],[[[142.2332,27.0763],[142.2332,27.0763],[142.2332,27.0764],[142.2332,27.0764],[142.2332,27.0763]]],[[[142.2334,27.0763],[142.2335,27.0763],[142.2335,27.0764],[142.2334,27.0764],[142.2334,27.0763]]],[[[142.2345,27.0759],[142.2346,27.0759],[142.2346,27.076],[142.2345,27.076],[142.2345,27.0759]]],[[[142.2344,27.0766],[142.2345,27.0766],[142.2345,27.0767],[142.2344,27.0767],[142.2344,27.0766]]],[[[142.2345,27.0767],[142.2346,27.0767],[142.2346,27.0767],[142.2345,27.0767],[142.2345,27.0767]]],[[[142.2237,27.0848],[142.2238,27.0848],[142.2238,27.0849],[142.2237,27.0849],[142.2237,27.0848]]],[[[142.2239,27.0848],[142.2239,27.0848],[142.2239,27.0849],[142.2239,27.0849],[142.2239,27.0848]]],[[[142.2245,27.0842],[142.2245,27.0842],[142.2245,27.0842],[142.2245,27.0842],[142.2245,27.0842]]],[[[142.2247,27.0828],[142.2247,27.0828],[142.2247,27.0829],[142.2247,27.0829],[142.2247,27.0828]]],[[[142.2246,27.0841],[142.2247,27.0841],[142.2247,27.0841],[142.2246,27.0841],[142.2246,27.0841]]],[[[142.2246,27.0877],[142.2246,27.0877],[142.2246,27.0877],[142.2246,27.0877],[142.2246,27.0877]]],[[[142.2246,27.0876],[142.2247,27.0876],[142.2247,27.0876],[142.2246,27.0876],[142.2246,27.0876]]],[[[142.2248,27.0875],[142.2248,27.0875],[142.2248,27.0875],[142.2248,27.0875],[142.2248,27.0875]]],[[[142.2249,27.0876],[142.2251,27.0876],[142.2251,27.0879],[142.2249,27.0879],[142.2249,27.0876]]],[[[142.225,27.0883],[142.225,27.0883],[142.225,27.0883],[142.225,27.0883],[142.225,27.0883]]],[[[142.2278,27.081],[142.2279,27.081],[142.2279,27.081],[142.2278,27.081],[142.2278,27.081]]],[[[142.2281,27.0813],[142.2281,27.0813],[142.2281,27.0815],[142.2281,27.0815],[142.2281,27.0813]]],[[[142.2284,27.0815],[142.2284,27.0815],[142.2284,27.0815],[142.2284,27.0815],[142.2284,27.0815]]],[[[142.2281,27.0817],[142.2283,27.0817],[142.2283,27.0818],[142.2281,27.0818],[142.2281,27.0817]]],[[[142.228,27.082],[142.2281,27.082],[142.2281,27.082],[142.228,27.082],[142.228,27.082]]],[[[142.2281,27.082],[142.2282,27.082],[142.2282,27.0821],[142.2281,27.0821],[142.2281,27.082]]],[[[142.2249,27.089],[142.2249,27.089],[142.2249,27.089],[142.2249,27.089],[142.2249,27.089]]],[[[142.2248,27.0897],[142.225,27.0897],[142.225,27.0899],[142.2248,27.0899],[142.2248,27.0897]]],[[[142.2236,27.0909],[142.2236,27.0909],[142.2236,27.0909],[142.2236,27.0909],[142.2236,27.0909]]],[[[142.2239,27.0907],[142.224,27.0907],[142.224,27.0908],[142.2239,27.0908],[142.2239,27.0907]]],[[[142.224,27.0907],[142.2241,27.0907],[142.2241,27.0908],[142.224,27.0908],[142.224,27.0907]]],[[[142.2245,27.0899],[142.2245,27.0899],[142.2245,27.09],[142.2245,27.09],[142.2245,27.0899]]],[[[142.2246,27.09],[142.2246,27.09],[142.2246,27.0901],[142.2246,27.0901],[142.2246,27.09]]],[[[142.2241,27.0907],[142.2242,27.0907],[142.2242,27.0908],[142.2241,27.0908],[142.2241,27.0907]]],[[[142.2244,27.0904],[142.2244,27.0904],[142.2244,27.0905],[142.2244,27.0905],[142.2244,27.0904]]],[[[142.2237,27.0908],[142.2237,27.0908],[142.2237,27.0909],[142.2237,27.0909],[142.2237,27.0908]]],[[[142.2237,27.091],[142.2238,27.091],[142.2238,27.0911],[142.2237,27.0911],[142.2237,27.091]]],[[[142.2239,27.0911],[142.224,27.0911],[142.224,27.0912],[142.2239,27.0912],[142.2239,27.0911]]],[[[142.2239,27.0912],[142.224,27.0912],[142.224,27.0913],[142.2239,27.0913],[142.2239,27.0912]]],[[[142.224,27.0912],[142.2241,27.0912],[142.2241,27.0912],[142.224,27.0912],[142.224,27.0912]]],[[[142.2239,27.0914],[142.224,27.0914],[142.224,27.0915],[142.2239,27.0915],[142.2239,27.0914]]],[[[142.224,27.0914],[142.2241,27.0914],[142.2241,27.0916],[142.224,27.0916],[142.224,27.0914]]],[[[142.2243,27.0909],[142.2243,27.0909],[142.2243,27.091],[142.2243,27.091],[142.2243,27.0909]]],[[[142.2241,27.0913],[142.2242,27.0913],[142.2242,27.0914],[142.2241,27.0914],[142.2241,27.0913]]],[[[142.2288,27.0814],[142.2288,27.0814],[142.2288,27.0814],[142.2288,27.0814],[142.2288,27.0814]]],[[[142.2288,27.0814],[142.2288,27.0814],[142.2288,27.0814],[142.2288,27.0814],[142.2288,27.0814]]],[[[142.2291,27.0813],[142.2291,27.0813],[142.2291,27.0814],[142.2291,27.0814],[142.2291,27.0813]]],[[[142.2293,27.0812],[142.2293,27.0812],[142.2293,27.0812],[142.2293,27.0812],[142.2293,27.0812]]],[[[142.2293,27.0813],[142.2293,27.0813],[142.2293,27.0813],[142.2293,27.0813],[142.2293,27.0813]]],[[[142.2303,27.0805],[142.2304,27.0805],[142.2304,27.0806],[142.2303,27.0806],[142.2303,27.0805]]],[[[142.2301,27.0807],[142.2302,27.0807],[142.2302,27.0808],[142.2301,27.0808],[142.2301,27.0807]]],[[[142.23,27.081],[142.23,27.081],[142.23,27.0811],[142.23,27.0811],[142.23,27.081]]],[[[142.2301,27.081],[142.2301,27.081],[142.2301,27.0811],[142.2301,27.0811],[142.2301,27.081]]],[[[142.2301,27.0808],[142.2302,27.0808],[142.2302,27.0809],[142.2301,27.0809],[142.2301,27.0808]]],[[[142.2304,27.0805],[142.2305,27.0805],[142.2305,27.0806],[142.2304,27.0806],[142.2304,27.0805]]],[[[142.2298,27.0812],[142.23,27.0812],[142.23,27.0813],[142.2298,27.0813],[142.2298,27.0812]]],[[[142.2295,27.0816],[142.2296,27.0816],[142.2296,27.0816],[142.2295,27.0816],[142.2295,27.0816]]],[[[142.2295,27.0816],[142.2296,27.0816],[142.2296,27.0817],[142.2295,27.0817],[142.2295,27.0816]]],[[[142.2296,27.0816],[142.2297,27.0816],[142.2297,27.0817],[142.2296,27.0817],[142.2296,27.0816]]],[[[142.2295,27.0818],[142.2296,27.0818],[142.2296,27.0819],[142.2295,27.0819],[142.2295,27.0818]]],[[[142.23,27.0812],[142.2301,27.0812],[142.2301,27.0812],[142.23,27.0812],[142.23,27.0812]]],[[[142.2296,27.082],[142.2297,27.082],[142.2297,27.0821],[142.2296,27.0821],[142.2296,27.082]]],[[[142.2306,27.0803],[142.2307,27.0803],[142.2307,27.0806],[142.2306,27.0806],[142.2306,27.0803]]],[[[142.2307,27.0806],[142.2308,27.0806],[142.2308,27.0807],[142.2307,27.0807],[142.2307,27.0806]]],[[[142.2307,27.0796],[142.2309,27.0796],[142.2309,27.0798],[142.2307,27.0798],[142.2307,27.0796]]],[[[142.2307,27.0807],[142.2307,27.0807],[142.2307,27.0808],[142.2307,27.0808],[142.2307,27.0807]]],[[[142.2308,27.0807],[142.2309,27.0807],[142.2309,27.0808],[142.2308,27.0808],[142.2308,27.0807]]],[[[142.2308,27.0808],[142.2309,27.0808],[142.2309,27.0808],[142.2308,27.0808],[142.2308,27.0808]]],[[[142.2308,27.0809],[142.2309,27.0809],[142.2309,27.0809],[142.2308,27.0809],[142.2308,27.0809]]],[[[142.2307,27.081],[142.2308,27.081],[142.2308,27.0811],[142.2307,27.0811],[142.2307,27.081]]],[[[142.2311,27.0812],[142.2312,27.0812],[142.2312,27.0812],[142.2311,27.0812],[142.2311,27.0812]]],[[[142.2312,27.0811],[142.2312,27.0811],[142.2312,27.0811],[142.2312,27.0811],[142.2312,27.0811]]],[[[142.2318,27.081],[142.2319,27.081],[142.2319,27.081],[142.2318,27.081],[142.2318,27.081]]],[[[142.232,27.081],[142.2321,27.081],[142.2321,27.081],[142.232,27.081],[142.232,27.081]]],[[[142.2315,27.0812],[142.2316,27.0812],[142.2316,27.0813],[142.2315,27.0813],[142.2315,27.0812]]],[[[142.2315,27.0813],[142.2316,27.0813],[142.2316,27.0813],[142.2315,27.0813],[142.2315,27.0813]]],[[[142.2317,27.0811],[142.2318,27.0811],[142.2318,27.0813],[142.2317,27.0813],[142.2317,27.0811]]],[[[142.2319,27.0811],[142.2319,27.0811],[142.2319,27.0811],[142.2319,27.0811],[142.2319,27.0811]]],[[[142.2317,27.0813],[142.2318,27.0813],[142.2318,27.0814],[142.2317,27.0814],[142.2317,27.0813]]],[[[142.232,27.0811],[142.232,27.0811],[142.232,27.0811],[142.232,27.0811],[142.232,27.0811]]],[[[142.2322,27.0813],[142.2323,27.0813],[142.2323,27.0814],[142.2322,27.0814],[142.2322,27.0813]]],[[[142.2321,27.0814],[142.2322,27.0814],[142.2322,27.0814],[142.2321,27.0814],[142.2321,27.0814]]],[[[142.2334,27.0811],[142.2334,27.0811],[142.2334,27.0811],[142.2334,27.0811],[142.2334,27.0811]]],[[[142.2334,27.0812],[142.2334,27.0812],[142.2334,27.0813],[142.2334,27.0813],[142.2334,27.0812]]],[[[142.2334,27.0807],[142.2335,27.0807],[142.2335,27.0809],[142.2334,27.0809],[142.2334,27.0807]]],[[[142.2334,27.0809],[142.2335,27.0809],[142.2335,27.081],[142.2334,27.081],[142.2334,27.0809]]],[[[142.2337,27.0809],[142.2338,27.0809],[142.2338,27.081],[142.2337,27.081],[142.2337,27.0809]]],[[[142.2334,27.0812],[142.2335,27.0812],[142.2335,27.0812],[142.2334,27.0812],[142.2334,27.0812]]],[[[142.2336,27.0815],[142.2337,27.0815],[142.2337,27.0815],[142.2336,27.0815],[142.2336,27.0815]]],[[[142.2351,27.083],[142.2351,27.083],[142.2351,27.083],[142.2351,27.083],[142.2351,27.083]]],[[[142.2355,27.0822],[142.2356,27.0822],[142.2356,27.0823],[142.2355,27.0823],[142.2355,27.0822]]],[[[142.2356,27.0821],[142.2357,27.0821],[142.2357,27.0822],[142.2356,27.0822],[142.2356,27.0821]]],[[[142.2329,27.0773],[142.2329,27.0773],[142.2329,27.0774],[142.2329,27.0774],[142.2329,27.0773]]],[[[142.2329,27.0772],[142.2333,27.0772],[142.2333,27.0777],[142.2329,27.0777],[142.2329,27.0772]]],[[[142.2324,27.0781],[142.2325,27.0781],[142.2325,27.0782],[142.2324,27.0782],[142.2324,27.0781]]],[[[142.2325,27.0782],[142.2325,27.0782],[142.2325,27.0782],[142.2325,27.0782],[142.2325,27.0782]]],[[[142.2328,27.0768],[142.2328,27.0768],[142.2328,27.0768],[142.2328,27.0768],[142.2328,27.0768]]],[[[142.2329,27.0768],[142.2329,27.0768],[142.2329,27.0768],[142.2329,27.0768],[142.2329,27.0768]]],[[[142.2331,27.077],[142.2332,27.077],[142.2332,27.0771],[142.2331,27.0771],[142.2331,27.077]]],[[[142.2327,27.0776],[142.2328,27.0776],[142.2328,27.0776],[142.2327,27.0776],[142.2327,27.0776]]],[[[142.2327,27.0777],[142.2327,27.0777],[142.2327,27.0777],[142.2327,27.0777],[142.2327,27.0777]]],[[[142.2328,27.0779],[142.2328,27.0779],[142.2328,27.0779],[142.2328,27.0779],[142.2328,27.0779]]],[[[142.2329,27.0771],[142.233,27.0771],[142.233,27.0772],[142.2329,27.0772],[142.2329,27.0771]]],[[[142.2331,27.0772],[142.2332,27.0772],[142.2332,27.0772],[142.2331,27.0772],[142.2331,27.0772]]],[[[142.2314,27.0788],[142.2315,27.0788],[142.2315,27.0789],[142.2314,27.0789],[142.2314,27.0788]]],[[[142.2316,27.0788],[142.2316,27.0788],[142.2316,27.0788],[142.2316,27.0788],[142.2316,27.0788]]],[[[142.2314,27.0789],[142.2315,27.0789],[142.2315,27.0789],[142.2314,27.0789],[142.2314,27.0789]]],[[[142.2318,27.0789],[142.232,27.0789],[142.232,27.079],[142.2318,27.079],[142.2318,27.0789]]],[[[142.2318,27.0791],[142.2319,27.0791],[142.2319,27.0791],[142.2318,27.0791],[142.2318,27.0791]]],[[[142.2319,27.0785],[142.232,27.0785],[142.232,27.0786],[142.2319,27.0786],[142.2319,27.0785]]],[[[142.2319,27.0787],[142.232,27.0787],[142.232,27.0787],[142.2319,27.0787],[142.2319,27.0787]]],[[[142.2321,27.0789],[142.2322,27.0789],[142.2322,27.079],[142.2321,27.079],[142.2321,27.0789]]],[[[142.234,27.0773],[142.2344,27.0773],[142.2344,27.0777],[142.234,27.0777],[142.234,27.0773]]],[[[142.2344,27.0776],[142.2344,27.0776],[142.2344,27.0777],[142.2344,27.0777],[142.2344,27.0776]]],[[[142.2332,27.0767],[142.2332,27.0767],[142.2332,27.0768],[142.2332,27.0768],[142.2332,27.0767]]],[[[142.2333,27.0767],[142.2334,27.0767],[142.2334,27.0769],[142.2333,27.0769],[142.2333,27.0767]]],[[[142.2333,27.0769],[142.2333,27.0769],[142.2333,27.077],[142.2333,27.077],[142.2333,27.0769]]],[[[142.2333,27.0777],[142.2334,27.0777],[142.2334,27.0779],[142.2333,27.0779],[142.2333,27.0777]]],[[[142.2342,27.0769],[142.2344,27.0769],[142.2344,27.0771],[142.2342,27.0771],[142.2342,27.0769]]],[[[142.2335,27.0774],[142.2335,27.0774],[142.2335,27.0776],[142.2335,27.0776],[142.2335,27.0774]]],[[[142.2336,27.0773],[142.2337,27.0773],[142.2337,27.0774],[142.2336,27.0774],[142.2336,27.0773]]],[[[142.2337,27.078],[142.2338,27.078],[142.2338,27.0782],[142.2337,27.0782],[142.2337,27.078]]],[[[142.2338,27.0779],[142.2338,27.0779],[142.2338,27.0779],[142.2338,27.0779],[142.2338,27.0779]]],[[[142.2338,27.0777],[142.2341,27.0777],[142.2341,27.0779],[142.2338,27.0779],[142.2338,27.0777]]],[[[142.2335,27.0783],[142.2335,27.0783],[142.2335,27.0783],[142.2335,27.0783],[142.2335,27.0783]]],[[[142.2335,27.0784],[142.2336,27.0784],[142.2336,27.0785],[142.2335,27.0785],[142.2335,27.0784]]],[[[142.2337,27.0782],[142.2337,27.0782],[142.2337,27.0782],[142.2337,27.0782],[142.2337,27.0782]]],[[[142.2336,27.0783],[142.2337,27.0783],[142.2337,27.0784],[142.2336,27.0784],[142.2336,27.0783]]],[[[142.2348,27.0769],[142.2349,27.0769],[142.2349,27.0769],[142.2348,27.0769],[142.2348,27.0769]]],[[[142.2349,27.0767],[142.235,27.0767],[142.235,27.0768],[142.2349,27.0768],[142.2349,27.0767]]],[[[142.2347,27.0772],[142.235,27.0772],[142.235,27.0774],[142.2347,27.0774],[142.2347,27.0772]]],[[[142.2348,27.0774],[142.2349,27.0774],[142.2349,27.0775],[142.2348,27.0775],[142.2348,27.0774]]],[[[142.2217,27.0943],[142.2218,27.0943],[142.2218,27.0944],[142.2217,27.0944],[142.2217,27.0943]]],[[[142.2218,27.0943],[142.2219,27.0943],[142.2219,27.0944],[142.2218,27.0944],[142.2218,27.0943]]],[[[142.2185,27.0973],[142.2185,27.0973],[142.2185,27.0974],[142.2185,27.0974],[142.2185,27.0973]]],[[[142.2193,27.0962],[142.2193,27.0962],[142.2193,27.0962],[142.2193,27.0962],[142.2193,27.0962]]],[[[142.2194,27.0963],[142.2196,27.0963],[142.2196,27.0964],[142.2194,27.0964],[142.2194,27.0963]]],[[[142.219,27.0969],[142.2191,27.0969],[142.2191,27.0969],[142.219,27.0969],[142.219,27.0969]]],[[[142.2192,27.0969],[142.2193,27.0969],[142.2193,27.0969],[142.2192,27.0969],[142.2192,27.0969]]],[[[142.2192,27.0968],[142.2194,27.0968],[142.2194,27.0969],[142.2192,27.0969],[142.2192,27.0968]]],[[[142.2193,27.0969],[142.2194,27.0969],[142.2194,27.097],[142.2193,27.097],[142.2193,27.0969]]],[[[142.2195,27.097],[142.2196,27.097],[142.2196,27.097],[142.2195,27.097],[142.2195,27.097]]],[[[142.2213,27.0946],[142.2216,27.0946],[142.2216,27.0947],[142.2213,27.0947],[142.2213,27.0946]]],[[[142.2213,27.0954],[142.2214,27.0954],[142.2214,27.0956],[142.2213,27.0956],[142.2213,27.0954]]],[[[142.2219,27.0939],[142.2219,27.0939],[142.2219,27.094],[142.2219,27.094],[142.2219,27.0939]]],[[[142.2218,27.094],[142.2219,27.094],[142.2219,27.0941],[142.2218,27.0941],[142.2218,27.094]]],[[[142.222,27.0939],[142.222,27.0939],[142.222,27.0939],[142.222,27.0939],[142.222,27.0939]]],[[[142.2218,27.0943],[142.2219,27.0943],[142.2219,27.0943],[142.2218,27.0943],[142.2218,27.0943]]],[[[142.2219,27.0943],[142.222,27.0943],[142.222,27.0943],[142.2219,27.0943],[142.2219,27.0943]]],[[[142.222,27.0943],[142.222,27.0943],[142.222,27.0944],[142.222,27.0944],[142.222,27.0943]]],[[[142.2219,27.0945],[142.222,27.0945],[142.222,27.0946],[142.2219,27.0946],[142.2219,27.0945]]],[[[142.2213,27.0957],[142.2214,27.0957],[142.2214,27.0958],[142.2213,27.0958],[142.2213,27.0957]]],[[[142.222,27.0936],[142.2221,27.0936],[142.2221,27.0936],[142.222,27.0936],[142.222,27.0936]]],[[[142.2221,27.0937],[142.2221,27.0937],[142.2221,27.0937],[142.2221,27.0937],[142.2221,27.0937]]],[[[142.2225,27.0932],[142.2226,27.0932],[142.2226,27.0933],[142.2225,27.0933],[142.2225,27.0932]]],[[[142.2224,27.0933],[142.2225,27.0933],[142.2225,27.0933],[142.2224,27.0933],[142.2224,27.0933]]],[[[142.222,27.0938],[142.2221,27.0938],[142.2221,27.0938],[142.222,27.0938],[142.222,27.0938]]],[[[142.2221,27.0939],[142.2221,27.0939],[142.2221,27.094],[142.2221,27.094],[142.2221,27.0939]]],[[[142.2219,27.094],[142.222,27.094],[142.222,27.0941],[142.2219,27.0941],[142.2219,27.094]]],[[[142.222,27.0943],[142.222,27.0943],[142.222,27.0943],[142.222,27.0943],[142.222,27.0943]]],[[[142.222,27.0943],[142.2221,27.0943],[142.2221,27.0943],[142.222,27.0943],[142.222,27.0943]]],[[[142.222,27.0945],[142.222,27.0945],[142.222,27.0945],[142.222,27.0945],[142.222,27.0945]]],[[[142.222,27.0945],[142.2222,27.0945],[142.2222,27.0946],[142.222,27.0946],[142.222,27.0945]]],[[[142.2221,27.0938],[142.2222,27.0938],[142.2222,27.0939],[142.2221,27.0939],[142.2221,27.0938]]],[[[142.2223,27.0939],[142.2224,27.0939],[142.2224,27.0939],[142.2223,27.0939],[142.2223,27.0939]]],[[[142.2222,27.0941],[142.2223,27.0941],[142.2223,27.0941],[142.2222,27.0941],[142.2222,27.0941]]],[[[142.2223,27.094],[142.2223,27.094],[142.2223,27.0941],[142.2223,27.0941],[142.2223,27.094]]],[[[142.2224,27.094],[142.2224,27.094],[142.2224,27.094],[142.2224,27.094],[142.2224,27.094]]],[[[142.2222,27.0944],[142.2223,27.0944],[142.2223,27.0945],[142.2222,27.0945],[142.2222,27.0944]]],[[[142.2222,27.0945],[142.2223,27.0945],[142.2223,27.0945],[142.2222,27.0945],[142.2222,27.0945]]],[[[142.2224,27.0948],[142.2225,27.0948],[142.2225,27.0949],[142.2224,27.0949],[142.2224,27.0948]]],[[[142.2225,27.0947],[142.2226,27.0947],[142.2226,27.0948],[142.2225,27.0948],[142.2225,27.0947]]],[[[142.1652,27.1155],[142.1658,27.1173],[142.1648,27.1177],[142.1656,27.1178],[142.1634,27.1216],[142.1652,27.1214],[142.1665,27.1203],[142.1683,27.1216],[142.1692,27.1211],[142.1716,27.1165],[142.1722,27.1167],[142.1722,27.1161],[142.1707,27.116],[142.1704,27.1149],[142.17,27.1157],[142.1689,27.1146],[142.167,27.115],[142.1656,27.1129],[142.1621,27.1129],[142.1614,27.1139],[142.1619,27.1151],[142.1652,27.1155]]],[[[142.19,27.1209],[142.1871,27.1215],[142.1881,27.1227],[142.1902,27.1232],[142.1908,27.1249],[142.1883,27.1268],[142.1882,27.1294],[142.1867,27.1304],[142.1874,27.1309],[142.1884,27.1303],[142.1931,27.1336],[142.1912,27.1349],[142.1913,27.1359],[142.189,27.1369],[142.1913,27.1411],[142.1904,27.1435],[142.1913,27.1442],[142.1922,27.1441],[142.1922,27.143],[142.1941,27.1436],[142.1939,27.1407],[142.1961,27.1403],[142.1946,27.1378],[142.197,27.1362],[142.1975,27.135],[142.1996,27.1348],[142.2001,27.1326],[142.2027,27.1332],[142.2036,27.1346],[142.2051,27.1338],[142.205,27.1349],[142.2069,27.1341],[142.2069,27.1329],[142.2058,27.133],[142.2061,27.1321],[142.2048,27.1309],[142.2051,27.1278],[142.2058,27.129],[142.2096,27.1295],[142.2099,27.1304],[142.2161,27.1323],[142.2167,27.1336],[142.2197,27.1326],[142.2192,27.1304],[142.2178,27.1291],[142.2201,27.1283],[142.2205,27.1269],[142.2215,27.1276],[142.2216,27.1265],[142.2233,27.1254],[142.224,27.123],[142.2258,27.1242],[142.2268,27.1237],[142.2266,27.1224],[142.2273,27.1216],[142.2258,27.1204],[142.2276,27.1195],[142.2265,27.1194],[142.2273,27.1182],[142.226,27.1162],[142.2271,27.1162],[142.2273,27.1152],[142.229,27.1144],[142.2358,27.1137],[142.2361,27.1116],[142.2349,27.1104],[142.2357,27.1097],[142.2343,27.1101],[142.233,27.1089],[142.2308,27.1103],[142.227,27.1102],[142.2262,27.1111],[142.2228,27.1101],[142.2204,27.1108],[142.2197,27.1103],[142.22,27.1088],[142.218,27.1092],[142.2168,27.1084],[142.2123,27.1096],[142.209,27.1087],[142.2077,27.1095],[142.2052,27.1095],[142.2045,27.1104],[142.2008,27.1098],[142.2006,27.1113],[142.2027,27.1121],[142.202,27.1129],[142.2027,27.1134],[142.2014,27.1142],[142.2022,27.1148],[142.2031,27.1142],[142.2055,27.1158],[142.2064,27.1171],[142.206,27.1184],[142.2024,27.1195],[142.2021,27.1213],[142.1976,27.1235],[142.1931,27.1233],[142.19,27.1209]]],[[[142.1878,27.1054],[142.1879,27.1054],[142.1879,27.1055],[142.1878,27.1055],[142.1878,27.1054]]],[[[142.1877,27.1054],[142.1878,27.1054],[142.1878,27.1055],[142.1877,27.1055],[142.1877,27.1054]]],[[[142.1861,27.1051],[142.1862,27.1051],[142.1862,27.1051],[142.1861,27.1051],[142.1861,27.1051]]],[[[142.1862,27.1051],[142.1863,27.1051],[142.1863,27.1051],[142.1862,27.1051],[142.1862,27.1051]]],[[[142.1865,27.1053],[142.1865,27.1053],[142.1865,27.1053],[142.1865,27.1053],[142.1865,27.1053]]],[[[142.1877,27.1053],[142.1878,27.1053],[142.1878,27.1054],[142.1877,27.1054],[142.1877,27.1053]]],[[[142.1881,27.1052],[142.1882,27.1052],[142.1882,27.1053],[142.1881,27.1053],[142.1881,27.1052]]],[[[142.1882,27.1053],[142.1883,27.1053],[142.1883,27.1055],[142.1882,27.1055],[142.1882,27.1053]]],[[[142.1882,27.1051],[142.1884,27.1051],[142.1884,27.1052],[142.1882,27.1052],[142.1882,27.1051]]],[[[142.1883,27.1052],[142.1883,27.1052],[142.1883,27.1053],[142.1883,27.1053],[142.1883,27.1052]]],[[[142.1886,27.1051],[142.1886,27.1051],[142.1886,27.1052],[142.1886,27.1052],[142.1886,27.1051]]],[[[142.1911,27.1051],[142.1912,27.1051],[142.1912,27.1051],[142.1911,27.1051],[142.1911,27.1051]]],[[[142.1912,27.1053],[142.1912,27.1053],[142.1912,27.1053],[142.1912,27.1053],[142.1912,27.1053]]],[[[142.1877,27.1056],[142.1878,27.1056],[142.1878,27.1056],[142.1877,27.1056],[142.1877,27.1056]]],[[[142.1882,27.1055],[142.1883,27.1055],[142.1883,27.1056],[142.1882,27.1056],[142.1882,27.1055]]],[[[142.1914,27.1053],[142.1916,27.1053],[142.1916,27.1054],[142.1914,27.1054],[142.1914,27.1053]]],[[[142.192,27.1052],[142.1921,27.1052],[142.1921,27.1052],[142.192,27.1052],[142.192,27.1052]]],[[[142.192,27.1053],[142.1921,27.1053],[142.1921,27.1054],[142.192,27.1054],[142.192,27.1053]]],[[[142.1922,27.1059],[142.1924,27.1059],[142.1924,27.1059],[142.1922,27.1059],[142.1922,27.1059]]],[[[142.192,27.106],[142.1921,27.106],[142.1921,27.1061],[142.192,27.1061],[142.192,27.106]]],[[[142.1922,27.106],[142.1923,27.106],[142.1923,27.106],[142.1922,27.106],[142.1922,27.106]]],[[[142.1924,27.1058],[142.1925,27.1058],[142.1925,27.1059],[142.1924,27.1059],[142.1924,27.1058]]],[[[142.197,27.1053],[142.1971,27.1053],[142.1971,27.1054],[142.197,27.1054],[142.197,27.1053]]],[[[142.1966,27.1056],[142.1967,27.1056],[142.1967,27.1057],[142.1966,27.1057],[142.1966,27.1056]]],[[[142.197,27.1056],[142.1972,27.1056],[142.1972,27.1057],[142.197,27.1057],[142.197,27.1056]]],[[[142.2025,27.1055],[142.203,27.1055],[142.203,27.1057],[142.2025,27.1057],[142.2025,27.1055]]],[[[142.203,27.1055],[142.2031,27.1055],[142.2031,27.1056],[142.203,27.1056],[142.203,27.1055]]],[[[142.2032,27.1055],[142.2033,27.1055],[142.2033,27.1056],[142.2032,27.1056],[142.2032,27.1055]]],[[[142.2178,27.1015],[142.2179,27.1015],[142.2179,27.1016],[142.2178,27.1016],[142.2178,27.1015]]],[[[142.2177,27.1015],[142.2178,27.1015],[142.2178,27.1016],[142.2177,27.1016],[142.2177,27.1015]]],[[[142.2189,27.101],[142.2189,27.101],[142.2189,27.101],[142.2189,27.101],[142.2189,27.101]]],[[[142.2188,27.101],[142.2192,27.101],[142.2192,27.1012],[142.2188,27.1012],[142.2188,27.101]]],[[[142.2187,27.1011],[142.2188,27.1011],[142.2188,27.1012],[142.2187,27.1012],[142.2187,27.1011]]],[[[142.2177,27.0989],[142.2178,27.0989],[142.2178,27.099],[142.2177,27.099],[142.2177,27.0989]]],[[[142.218,27.1001],[142.2182,27.1001],[142.2182,27.1002],[142.218,27.1002],[142.218,27.1001]]],[[[142.2192,27.1003],[142.2195,27.1003],[142.2195,27.1004],[142.2192,27.1004],[142.2192,27.1003]]],[[[142.2196,27.1005],[142.2196,27.1005],[142.2196,27.1005],[142.2196,27.1005],[142.2196,27.1005]]],[[[142.2191,27.1009],[142.2192,27.1009],[142.2192,27.1009],[142.2191,27.1009],[142.2191,27.1009]]],[[[142.2193,27.1008],[142.2196,27.1008],[142.2196,27.1009],[142.2193,27.1009],[142.2193,27.1008]]],[[[142.2196,27.1006],[142.2198,27.1006],[142.2198,27.1007],[142.2196,27.1007],[142.2196,27.1006]]],[[[142.2197,27.1006],[142.2198,27.1006],[142.2198,27.1006],[142.2197,27.1006],[142.2197,27.1006]]],[[[142.2202,27.1006],[142.2202,27.1006],[142.2202,27.1007],[142.2202,27.1007],[142.2202,27.1006]]],[[[142.2202,27.1007],[142.2203,27.1007],[142.2203,27.1007],[142.2202,27.1007],[142.2202,27.1007]]],[[[142.2201,27.1008],[142.2203,27.1008],[142.2203,27.1009],[142.2201,27.1009],[142.2201,27.1008]]],[[[142.195,27.1929],[142.1935,27.1938],[142.1939,27.1958],[142.1953,27.1964],[142.1974,27.1955],[142.1985,27.1968],[142.1985,27.196],[142.1982,27.1946],[142.195,27.1929]]],[[[142.1436,27.6879],[142.144,27.6879],[142.144,27.6883],[142.1436,27.6883],[142.1436,27.6879]]],[[[142.1441,27.688],[142.1444,27.688],[142.1444,27.6883],[142.1441,27.6883],[142.1441,27.688]]],[[[142.125,27.6836],[142.124,27.6834],[142.1236,27.6845],[142.1251,27.6855],[142.1252,27.687],[142.1282,27.6882],[142.1295,27.6878],[142.1309,27.6892],[142.1316,27.6885],[142.133,27.6889],[142.1322,27.6877],[142.1328,27.6855],[142.1362,27.6874],[142.1387,27.6856],[142.1403,27.6867],[142.1401,27.6886],[142.1425,27.6889],[142.1424,27.6873],[142.1432,27.6864],[142.1448,27.6862],[142.1481,27.6836],[142.1483,27.6825],[142.1476,27.682],[142.1486,27.6808],[142.1479,27.6795],[142.1484,27.6765],[142.1488,27.6734],[142.1467,27.6711],[142.1456,27.6706],[142.1436,27.6716],[142.1409,27.6715],[142.1416,27.6728],[142.1395,27.6721],[142.1385,27.6729],[142.1395,27.6736],[142.1378,27.6744],[142.139,27.6747],[142.1385,27.6751],[142.1395,27.6761],[142.1381,27.6768],[142.1391,27.6779],[142.1387,27.6792],[142.1354,27.6801],[142.1346,27.6817],[142.133,27.681],[142.1331,27.6789],[142.1317,27.6797],[142.1311,27.6784],[142.1294,27.6801],[142.129,27.6816],[142.1272,27.6818],[142.1265,27.684],[142.125,27.6836]]],[[[142.1952,27.1965],[142.1958,27.1965],[142.1958,27.1969],[142.1952,27.1969],[142.1952,27.1965]]],[[[142.1966,27.1966],[142.1967,27.1966],[142.1967,27.1967],[142.1966,27.1967],[142.1966,27.1966]]],[[[142.1317,26.6873],[142.1319,26.6873],[142.1319,26.6875],[142.1317,26.6875],[142.1317,26.6873]]],[[[142.1318,26.6875],[142.132,26.6875],[142.132,26.6878],[142.1318,26.6878],[142.1318,26.6875]]],[[[142.1281,26.6968],[142.1283,26.6968],[142.1283,26.697],[142.1281,26.697],[142.1281,26.6968]]],[[[142.1283,26.6969],[142.1284,26.6969],[142.1284,26.697],[142.1283,26.697],[142.1283,26.6969]]],[[[142.1473,26.6615],[142.1473,26.6615],[142.1473,26.6616],[142.1473,26.6616],[142.1473,26.6615]]],[[[142.1474,26.6615],[142.1476,26.6615],[142.1476,26.6616],[142.1474,26.6616],[142.1474,26.6615]]],[[[142.1477,26.6624],[142.1478,26.6624],[142.1478,26.6625],[142.1477,26.6625],[142.1477,26.6624]]],[[[142.149,26.6627],[142.1492,26.6627],[142.1492,26.6628],[142.149,26.6628],[142.149,26.6627]]],[[[142.149,26.663],[142.149,26.663],[142.149,26.6631],[142.149,26.6631],[142.149,26.663]]],[[[142.149,26.6629],[142.1491,26.6629],[142.1491,26.6629],[142.149,26.6629],[142.149,26.6629]]],[[[142.1491,26.6629],[142.1492,26.6629],[142.1492,26.663],[142.1491,26.663],[142.1491,26.6629]]],[[[142.1491,26.6628],[142.1493,26.6628],[142.1493,26.6628],[142.1491,26.6628],[142.1491,26.6628]]],[[[142.149,26.6631],[142.1491,26.6631],[142.1491,26.6632],[142.149,26.6632],[142.149,26.6631]]],[[[142.149,26.6632],[142.149,26.6632],[142.149,26.6633],[142.149,26.6633],[142.149,26.6632]]],[[[142.1491,26.6633],[142.1491,26.6633],[142.1491,26.6634],[142.1491,26.6634],[142.1491,26.6633]]],[[[142.1492,26.6634],[142.1492,26.6634],[142.1492,26.6634],[142.1492,26.6634],[142.1492,26.6634]]],[[[142.1495,26.6637],[142.1495,26.6637],[142.1495,26.6638],[142.1495,26.6638],[142.1495,26.6637]]],[[[142.1494,26.6639],[142.1495,26.6639],[142.1495,26.664],[142.1494,26.664],[142.1494,26.6639]]],[[[142.1403,26.6673],[142.1404,26.6673],[142.1404,26.6674],[142.1403,26.6674],[142.1403,26.6673]]],[[[142.1403,26.667],[142.1405,26.667],[142.1405,26.6674],[142.1403,26.6674],[142.1403,26.667]]],[[[142.1422,26.6714],[142.1423,26.6714],[142.1423,26.6715],[142.1422,26.6715],[142.1422,26.6714]]],[[[142.1423,26.6715],[142.1424,26.6715],[142.1424,26.6716],[142.1423,26.6716],[142.1423,26.6715]]],[[[142.1427,26.6713],[142.1428,26.6713],[142.1428,26.6714],[142.1427,26.6714],[142.1427,26.6713]]],[[[142.1428,26.6714],[142.1429,26.6714],[142.1429,26.6715],[142.1428,26.6715],[142.1428,26.6714]]],[[[142.1428,26.6715],[142.1429,26.6715],[142.1429,26.6715],[142.1428,26.6715],[142.1428,26.6715]]],[[[142.1405,26.6673],[142.1406,26.6673],[142.1406,26.6674],[142.1405,26.6674],[142.1405,26.6673]]],[[[142.1417,26.6672],[142.1418,26.6672],[142.1418,26.6673],[142.1417,26.6673],[142.1417,26.6672]]],[[[142.1417,26.6674],[142.1418,26.6674],[142.1418,26.6675],[142.1417,26.6675],[142.1417,26.6674]]],[[[142.1413,26.6704],[142.1415,26.6704],[142.1415,26.6706],[142.1413,26.6706],[142.1413,26.6704]]],[[[142.1408,26.6709],[142.1409,26.6709],[142.1409,26.671],[142.1408,26.671],[142.1408,26.6709]]],[[[142.1409,26.6709],[142.141,26.6709],[142.141,26.671],[142.1409,26.671],[142.1409,26.6709]]],[[[142.1409,26.671],[142.141,26.671],[142.141,26.6711],[142.1409,26.6711],[142.1409,26.671]]],[[[142.1416,26.67],[142.1417,26.67],[142.1417,26.67],[142.1416,26.67],[142.1416,26.67]]],[[[142.1419,26.6701],[142.142,26.6701],[142.142,26.6701],[142.1419,26.6701],[142.1419,26.6701]]],[[[142.1429,26.669],[142.143,26.669],[142.143,26.6691],[142.1429,26.6691],[142.1429,26.669]]],[[[142.1428,26.6713],[142.1429,26.6713],[142.1429,26.6714],[142.1428,26.6714],[142.1428,26.6713]]],[[[142.1426,26.6715],[142.1427,26.6715],[142.1427,26.6716],[142.1426,26.6716],[142.1426,26.6715]]],[[[142.1428,26.6716],[142.1428,26.6716],[142.1428,26.6716],[142.1428,26.6716],[142.1428,26.6716]]],[[[142.1314,26.6872],[142.1316,26.6872],[142.1316,26.6874],[142.1314,26.6874],[142.1314,26.6872]]],[[[142.1316,26.687],[142.1318,26.687],[142.1318,26.6872],[142.1316,26.6872],[142.1316,26.687]]],[[[142.1318,26.6871],[142.1319,26.6871],[142.1319,26.6872],[142.1318,26.6872],[142.1318,26.6871]]],[[[142.1316,26.6873],[142.1317,26.6873],[142.1317,26.6874],[142.1316,26.6874],[142.1316,26.6873]]],[[[142.1306,26.687],[142.1309,26.687],[142.1309,26.6872],[142.1306,26.6872],[142.1306,26.687]]],[[[142.1317,26.6858],[142.1318,26.6858],[142.1318,26.6859],[142.1317,26.6859],[142.1317,26.6858]]],[[[142.1309,26.6869],[142.131,26.6869],[142.131,26.687],[142.1309,26.687],[142.1309,26.6869]]],[[[142.1309,26.6871],[142.131,26.6871],[142.131,26.6872],[142.1309,26.6872],[142.1309,26.6871]]],[[[142.1313,26.6873],[142.1314,26.6873],[142.1314,26.6874],[142.1313,26.6874],[142.1313,26.6873]]],[[[142.1319,26.6859],[142.132,26.6859],[142.132,26.686],[142.1319,26.686],[142.1319,26.6859]]],[[[142.1326,26.6859],[142.1327,26.6859],[142.1327,26.6859],[142.1326,26.6859],[142.1326,26.6859]]],[[[142.1319,26.6872],[142.1319,26.6872],[142.1319,26.6873],[142.1319,26.6873],[142.1319,26.6872]]],[[[142.132,26.6873],[142.132,26.6873],[142.132,26.6874],[142.132,26.6874],[142.132,26.6873]]],[[[142.1321,26.6873],[142.1322,26.6873],[142.1322,26.6875],[142.1321,26.6875],[142.1321,26.6873]]],[[[142.1328,26.6857],[142.1329,26.6857],[142.1329,26.6858],[142.1328,26.6858],[142.1328,26.6857]]],[[[142.1328,26.686],[142.1329,26.686],[142.1329,26.686],[142.1328,26.686],[142.1328,26.686]]],[[[142.133,26.6858],[142.133,26.6858],[142.133,26.6858],[142.133,26.6858],[142.133,26.6858]]],[[[142.133,26.6859],[142.133,26.6859],[142.133,26.6859],[142.133,26.6859],[142.133,26.6859]]],[[[142.1323,26.6876],[142.1324,26.6876],[142.1324,26.6877],[142.1323,26.6877],[142.1323,26.6876]]],[[[142.139,26.6798],[142.1391,26.6798],[142.1391,26.6798],[142.139,26.6798],[142.139,26.6798]]],[[[142.1391,26.6797],[142.1392,26.6797],[142.1392,26.6798],[142.1391,26.6798],[142.1391,26.6797]]],[[[142.1381,26.679],[142.1383,26.679],[142.1383,26.6791],[142.1381,26.6791],[142.1381,26.679]]],[[[142.1383,26.6791],[142.1383,26.6791],[142.1383,26.6792],[142.1383,26.6792],[142.1383,26.6791]]],[[[142.1382,26.6795],[142.1383,26.6795],[142.1383,26.6795],[142.1382,26.6795],[142.1382,26.6795]]],[[[142.1383,26.6796],[142.1384,26.6796],[142.1384,26.6796],[142.1383,26.6796],[142.1383,26.6796]]],[[[142.1388,26.6781],[142.1389,26.6781],[142.1389,26.6782],[142.1388,26.6782],[142.1388,26.6781]]],[[[142.1395,26.6786],[142.1397,26.6786],[142.1397,26.6788],[142.1395,26.6788],[142.1395,26.6786]]],[[[142.1388,26.679],[142.1388,26.679],[142.1388,26.6791],[142.1388,26.6791],[142.1388,26.679]]],[[[142.1389,26.6791],[142.1389,26.6791],[142.1389,26.6792],[142.1389,26.6792],[142.1389,26.6791]]],[[[142.139,26.6792],[142.1391,26.6792],[142.1391,26.6793],[142.139,26.6793],[142.139,26.6792]]],[[[142.1388,26.6795],[142.139,26.6795],[142.139,26.6797],[142.1388,26.6797],[142.1388,26.6795]]],[[[142.1393,26.6789],[142.1395,26.6789],[142.1395,26.679],[142.1393,26.679],[142.1393,26.6789]]],[[[142.1392,26.679],[142.1392,26.679],[142.1392,26.6791],[142.1392,26.6791],[142.1392,26.679]]],[[[142.1403,26.6781],[142.1404,26.6781],[142.1404,26.6783],[142.1403,26.6783],[142.1403,26.6781]]],[[[142.1376,26.6804],[142.1377,26.6804],[142.1377,26.6805],[142.1376,26.6805],[142.1376,26.6804]]],[[[142.1381,26.6797],[142.1382,26.6797],[142.1382,26.6798],[142.1381,26.6798],[142.1381,26.6797]]],[[[142.1379,26.68],[142.1384,26.68],[142.1384,26.6802],[142.1379,26.6802],[142.1379,26.68]]],[[[142.138,26.6804],[142.1381,26.6804],[142.1381,26.6805],[142.138,26.6805],[142.138,26.6804]]],[[[142.1391,26.6798],[142.1392,26.6798],[142.1392,26.6799],[142.1391,26.6799],[142.1391,26.6798]]],[[[142.136,26.6817],[142.1362,26.6817],[142.1362,26.6819],[142.136,26.6819],[142.136,26.6817]]],[[[142.1361,26.6818],[142.1363,26.6818],[142.1363,26.6819],[142.1361,26.6819],[142.1361,26.6818]]],[[[142.1367,26.6807],[142.1369,26.6807],[142.1369,26.6809],[142.1367,26.6809],[142.1367,26.6807]]],[[[142.1369,26.6808],[142.1371,26.6808],[142.1371,26.681],[142.1369,26.681],[142.1369,26.6808]]],[[[142.1365,26.6811],[142.1368,26.6811],[142.1368,26.6813],[142.1365,26.6813],[142.1365,26.6811]]],[[[142.1363,26.6816],[142.1365,26.6816],[142.1365,26.6821],[142.1363,26.6821],[142.1363,26.6816]]],[[[142.1363,26.6823],[142.1364,26.6823],[142.1364,26.6824],[142.1363,26.6824],[142.1363,26.6823]]],[[[142.1362,26.6824],[142.1365,26.6824],[142.1365,26.6826],[142.1362,26.6826],[142.1362,26.6824]]],[[[142.1361,26.6828],[142.1362,26.6828],[142.1362,26.6829],[142.1361,26.6829],[142.1361,26.6828]]],[[[142.1361,26.6835],[142.1362,26.6835],[142.1362,26.6836],[142.1361,26.6836],[142.1361,26.6835]]],[[[142.1337,26.6846],[142.1338,26.6846],[142.1338,26.6847],[142.1337,26.6847],[142.1337,26.6846]]],[[[142.1338,26.6847],[142.1339,26.6847],[142.1339,26.6848],[142.1338,26.6848],[142.1338,26.6847]]],[[[142.1339,26.685],[142.134,26.685],[142.134,26.6851],[142.1339,26.6851],[142.1339,26.685]]],[[[142.1346,26.6847],[142.1348,26.6847],[142.1348,26.6848],[142.1346,26.6848],[142.1346,26.6847]]],[[[142.1345,26.6848],[142.1347,26.6848],[142.1347,26.6849],[142.1345,26.6849],[142.1345,26.6848]]],[[[142.1352,26.684],[142.1356,26.684],[142.1356,26.6842],[142.1352,26.6842],[142.1352,26.684]]],[[[142.1347,26.6848],[142.1348,26.6848],[142.1348,26.685],[142.1347,26.685],[142.1347,26.6848]]],[[[142.1351,26.6846],[142.1352,26.6846],[142.1352,26.6847],[142.1351,26.6847],[142.1351,26.6846]]],[[[142.1353,26.6844],[142.1359,26.6844],[142.1359,26.6848],[142.1353,26.6848],[142.1353,26.6844]]],[[[142.1359,26.6841],[142.1363,26.6841],[142.1363,26.6842],[142.1359,26.6842],[142.1359,26.6841]]],[[[142.1329,26.6861],[142.1331,26.6861],[142.1331,26.6861],[142.1329,26.6861],[142.1329,26.6861]]],[[[142.1331,26.6861],[142.1332,26.6861],[142.1332,26.6862],[142.1331,26.6862],[142.1331,26.6861]]],[[[142.1332,26.6862],[142.1333,26.6862],[142.1333,26.6863],[142.1332,26.6863],[142.1332,26.6862]]],[[[142.1331,26.6863],[142.1332,26.6863],[142.1332,26.6864],[142.1331,26.6864],[142.1331,26.6863]]],[[[142.134,26.685],[142.1341,26.685],[142.1341,26.6851],[142.134,26.6851],[142.134,26.685]]],[[[142.1345,26.6854],[142.1345,26.6854],[142.1345,26.6855],[142.1345,26.6855],[142.1345,26.6854]]],[[[142.1346,26.6855],[142.1347,26.6855],[142.1347,26.6855],[142.1346,26.6855],[142.1346,26.6855]]],[[[142.1331,26.6859],[142.1331,26.6859],[142.1331,26.686],[142.1331,26.686],[142.1331,26.6859]]],[[[142.1333,26.6863],[142.1334,26.6863],[142.1334,26.6863],[142.1333,26.6863],[142.1333,26.6863]]],[[[142.1333,26.6865],[142.1334,26.6865],[142.1334,26.6866],[142.1333,26.6866],[142.1333,26.6865]]],[[[142.1334,26.6866],[142.1335,26.6866],[142.1335,26.6867],[142.1334,26.6867],[142.1334,26.6866]]],[[[142.1339,26.6859],[142.1342,26.6859],[142.1342,26.686],[142.1339,26.686],[142.1339,26.6859]]],[[[142.1338,26.6861],[142.1342,26.6861],[142.1342,26.6863],[142.1338,26.6863],[142.1338,26.6861]]],[[[142.1343,26.6855],[142.1344,26.6855],[142.1344,26.6856],[142.1343,26.6856],[142.1343,26.6855]]],[[[142.1345,26.6856],[142.1346,26.6856],[142.1346,26.6857],[142.1345,26.6857],[142.1345,26.6856]]],[[[142.1351,26.6853],[142.1352,26.6853],[142.1352,26.6854],[142.1351,26.6854],[142.1351,26.6853]]],[[[142.1352,26.6855],[142.1352,26.6855],[142.1352,26.6856],[142.1352,26.6856],[142.1352,26.6855]]],[[[142.1352,26.6855],[142.1352,26.6855],[142.1352,26.6855],[142.1352,26.6855],[142.1352,26.6855]]],[[[142.1352,26.6854],[142.1353,26.6854],[142.1353,26.6854],[142.1352,26.6854],[142.1352,26.6854]]],[[[142.1355,26.6851],[142.1356,26.6851],[142.1356,26.6851],[142.1355,26.6851],[142.1355,26.6851]]],[[[142.1403,26.6665],[142.1406,26.6665],[142.1406,26.6669],[142.1403,26.6669],[142.1403,26.6665]]],[[[142.1407,26.6665],[142.141,26.6665],[142.141,26.6669],[142.1407,26.6669],[142.1407,26.6665]]],[[[142.1411,26.6667],[142.1412,26.6667],[142.1412,26.6668],[142.1411,26.6668],[142.1411,26.6667]]],[[[142.1412,26.6668],[142.1412,26.6668],[142.1412,26.6668],[142.1412,26.6668],[142.1412,26.6668]]],[[[142.1414,26.6664],[142.1417,26.6664],[142.1417,26.667],[142.1414,26.667],[142.1414,26.6664]]],[[[142.1403,26.6669],[142.1403,26.6669],[142.1403,26.667],[142.1403,26.667],[142.1403,26.6669]]],[[[142.1432,26.6717],[142.1432,26.6717],[142.1432,26.6718],[142.1432,26.6718],[142.1432,26.6717]]],[[[142.1432,26.6718],[142.1433,26.6718],[142.1433,26.6718],[142.1432,26.6718],[142.1432,26.6718]]],[[[142.143,26.6719],[142.1431,26.6719],[142.1431,26.672],[142.143,26.672],[142.143,26.6719]]],[[[142.1431,26.672],[142.1432,26.672],[142.1432,26.6721],[142.1431,26.6721],[142.1431,26.672]]],[[[142.1431,26.6692],[142.1431,26.6692],[142.1431,26.6692],[142.1431,26.6692],[142.1431,26.6692]]],[[[142.1432,26.6691],[142.1433,26.6691],[142.1433,26.6692],[142.1432,26.6692],[142.1432,26.6691]]],[[[142.143,26.6718],[142.143,26.6718],[142.143,26.6719],[142.143,26.6719],[142.143,26.6718]]],[[[142.1432,26.6713],[142.1434,26.6713],[142.1434,26.6713],[142.1432,26.6713],[142.1432,26.6713]]],[[[142.1433,26.6718],[142.1434,26.6718],[142.1434,26.6719],[142.1433,26.6719],[142.1433,26.6718]]],[[[142.1435,26.6718],[142.1436,26.6718],[142.1436,26.6719],[142.1435,26.6719],[142.1435,26.6718]]],[[[142.1435,26.6715],[142.1436,26.6715],[142.1436,26.6715],[142.1435,26.6715],[142.1435,26.6715]]],[[[142.1432,26.6719],[142.1432,26.6719],[142.1432,26.6719],[142.1432,26.6719],[142.1432,26.6719]]],[[[142.1432,26.6721],[142.1432,26.6721],[142.1432,26.6722],[142.1432,26.6722],[142.1432,26.6721]]],[[[142.1434,26.6719],[142.1435,26.6719],[142.1435,26.6719],[142.1434,26.6719],[142.1434,26.6719]]],[[[142.1435,26.6719],[142.1436,26.6719],[142.1436,26.672],[142.1435,26.672],[142.1435,26.6719]]],[[[142.1435,26.672],[142.1436,26.672],[142.1436,26.672],[142.1435,26.672],[142.1435,26.672]]],[[[142.1436,26.672],[142.1436,26.672],[142.1436,26.6721],[142.1436,26.6721],[142.1436,26.672]]],[[[142.1431,26.6699],[142.1441,26.6699],[142.1441,26.6704],[142.1431,26.6704],[142.1431,26.6699]]],[[[142.1433,26.6725],[142.1434,26.6725],[142.1434,26.6726],[142.1433,26.6726],[142.1433,26.6725]]],[[[142.1434,26.6725],[142.1435,26.6725],[142.1435,26.6727],[142.1434,26.6727],[142.1434,26.6725]]],[[[142.1432,26.674],[142.1433,26.674],[142.1433,26.6741],[142.1432,26.6741],[142.1432,26.674]]],[[[142.1433,26.6741],[142.1434,26.6741],[142.1434,26.6742],[142.1433,26.6742],[142.1433,26.6741]]],[[[142.1421,26.6734],[142.1426,26.6734],[142.1426,26.6738],[142.1421,26.6738],[142.1421,26.6734]]],[[[142.1423,26.6747],[142.1424,26.6747],[142.1424,26.6748],[142.1423,26.6748],[142.1423,26.6747]]],[[[142.143,26.6724],[142.143,26.6724],[142.143,26.6725],[142.143,26.6725],[142.143,26.6724]]],[[[142.1433,26.6722],[142.1434,26.6722],[142.1434,26.6723],[142.1433,26.6723],[142.1433,26.6722]]],[[[142.1435,26.6723],[142.1435,26.6723],[142.1435,26.6723],[142.1435,26.6723],[142.1435,26.6723]]],[[[142.1434,26.6724],[142.1435,26.6724],[142.1435,26.6724],[142.1434,26.6724],[142.1434,26.6724]]],[[[142.1435,26.6724],[142.1436,26.6724],[142.1436,26.6725],[142.1435,26.6725],[142.1435,26.6724]]],[[[142.144,26.6731],[142.144,26.6731],[142.144,26.6732],[142.144,26.6732],[142.144,26.6731]]],[[[142.1443,26.6734],[142.1444,26.6734],[142.1444,26.6734],[142.1443,26.6734],[142.1443,26.6734]]],[[[142.1429,26.6741],[142.143,26.6741],[142.143,26.6741],[142.1429,26.6741],[142.1429,26.6741]]],[[[142.1441,26.6741],[142.1442,26.6741],[142.1442,26.6741],[142.1441,26.6741],[142.1441,26.6741]]],[[[142.1442,26.6741],[142.1442,26.6741],[142.1442,26.6742],[142.1442,26.6742],[142.1442,26.6741]]],[[[142.1447,26.6739],[142.1447,26.6739],[142.1447,26.674],[142.1447,26.674],[142.1447,26.6739]]],[[[142.1447,26.6741],[142.1447,26.6741],[142.1447,26.6741],[142.1447,26.6741],[142.1447,26.6741]]],[[[142.1449,26.6743],[142.1449,26.6743],[142.1449,26.6744],[142.1449,26.6744],[142.1449,26.6743]]],[[[142.1445,26.6751],[142.1446,26.6751],[142.1446,26.6752],[142.1445,26.6752],[142.1445,26.6751]]],[[[142.1439,26.6757],[142.144,26.6757],[142.144,26.6758],[142.1439,26.6758],[142.1439,26.6757]]],[[[142.144,26.6751],[142.1441,26.6751],[142.1441,26.6752],[142.144,26.6752],[142.144,26.6751]]],[[[142.1444,26.6752],[142.1445,26.6752],[142.1445,26.6753],[142.1444,26.6753],[142.1444,26.6752]]],[[[142.1441,26.6753],[142.1441,26.6753],[142.1441,26.6753],[142.1441,26.6753],[142.1441,26.6753]]],[[[142.1442,26.6756],[142.1444,26.6756],[142.1444,26.6759],[142.1442,26.6759],[142.1442,26.6756]]],[[[142.1423,26.6769],[142.1424,26.6769],[142.1424,26.677],[142.1423,26.677],[142.1423,26.6769]]],[[[142.1428,26.6765],[142.143,26.6765],[142.143,26.6768],[142.1428,26.6768],[142.1428,26.6765]]],[[[142.144,26.6758],[142.1441,26.6758],[142.1441,26.6759],[142.144,26.6759],[142.144,26.6758]]],[[[142.1441,26.676],[142.1442,26.676],[142.1442,26.676],[142.1441,26.676],[142.1441,26.676]]],[[[142.1445,26.6759],[142.1445,26.6759],[142.1445,26.676],[142.1445,26.676],[142.1445,26.6759]]],[[[142.1442,26.676],[142.1443,26.676],[142.1443,26.6761],[142.1442,26.6761],[142.1442,26.676]]],[[[142.1444,26.6761],[142.1444,26.6761],[142.1444,26.6761],[142.1444,26.6761],[142.1444,26.6761]]],[[[142.144,26.6768],[142.144,26.6768],[142.144,26.6769],[142.144,26.6769],[142.144,26.6768]]],[[[142.1441,26.6768],[142.1441,26.6768],[142.1441,26.6769],[142.1441,26.6769],[142.1441,26.6768]]],[[[142.1446,26.6755],[142.1446,26.6755],[142.1446,26.6756],[142.1446,26.6756],[142.1446,26.6755]]],[[[142.1446,26.6758],[142.1447,26.6758],[142.1447,26.6759],[142.1446,26.6759],[142.1446,26.6758]]],[[[142.1446,26.676],[142.1447,26.676],[142.1447,26.6761],[142.1446,26.6761],[142.1446,26.676]]],[[[142.1447,26.676],[142.1448,26.676],[142.1448,26.6761],[142.1447,26.6761],[142.1447,26.676]]],[[[142.1446,26.6763],[142.1447,26.6763],[142.1447,26.6764],[142.1446,26.6764],[142.1446,26.6763]]],[[[142.1416,26.6766],[142.1422,26.6766],[142.1422,26.677],[142.1416,26.677],[142.1416,26.6766]]],[[[142.1288,26.6882],[142.1289,26.6882],[142.1289,26.6883],[142.1288,26.6883],[142.1288,26.6882]]],[[[142.1288,26.6883],[142.1289,26.6883],[142.1289,26.6884],[142.1288,26.6884],[142.1288,26.6883]]],[[[142.1309,26.6885],[142.131,26.6885],[142.131,26.6886],[142.1309,26.6886],[142.1309,26.6885]]],[[[142.1309,26.6885],[142.1314,26.6885],[142.1314,26.6888],[142.1309,26.6888],[142.1309,26.6885]]],[[[142.129,26.6883],[142.1291,26.6883],[142.1291,26.6883],[142.129,26.6883],[142.129,26.6883]]],[[[142.129,26.6883],[142.1291,26.6883],[142.1291,26.6884],[142.129,26.6884],[142.129,26.6883]]],[[[142.1293,26.6885],[142.1295,26.6885],[142.1295,26.6887],[142.1293,26.6887],[142.1293,26.6885]]],[[[142.1296,26.6884],[142.13,26.6884],[142.13,26.6886],[142.1296,26.6886],[142.1296,26.6884]]],[[[142.1305,26.6886],[142.1307,26.6886],[142.1307,26.6887],[142.1305,26.6887],[142.1305,26.6886]]],[[[142.1308,26.6885],[142.1309,26.6885],[142.1309,26.6886],[142.1308,26.6886],[142.1308,26.6885]]],[[[142.1315,26.6879],[142.1316,26.6879],[142.1316,26.688],[142.1315,26.688],[142.1315,26.6879]]],[[[142.1316,26.688],[142.1317,26.688],[142.1317,26.6881],[142.1316,26.6881],[142.1316,26.688]]],[[[142.1316,26.6883],[142.1317,26.6883],[142.1317,26.6884],[142.1316,26.6884],[142.1316,26.6883]]],[[[142.1318,26.6883],[142.1318,26.6883],[142.1318,26.6884],[142.1318,26.6884],[142.1318,26.6883]]],[[[142.1308,26.6886],[142.1309,26.6886],[142.1309,26.6887],[142.1308,26.6887],[142.1308,26.6886]]],[[[142.1318,26.6885],[142.1318,26.6885],[142.1318,26.6885],[142.1318,26.6885],[142.1318,26.6885]]],[[[142.1321,26.6876],[142.1322,26.6876],[142.1322,26.6877],[142.1321,26.6877],[142.1321,26.6876]]],[[[142.132,26.6881],[142.132,26.6881],[142.132,26.6882],[142.132,26.6882],[142.132,26.6881]]],[[[142.1319,26.6883],[142.132,26.6883],[142.132,26.6883],[142.1319,26.6883],[142.1319,26.6883]]],[[[142.13,26.6888],[142.1304,26.6888],[142.1304,26.6891],[142.13,26.6891],[142.13,26.6888]]],[[[142.1304,26.6893],[142.1305,26.6893],[142.1305,26.6894],[142.1304,26.6894],[142.1304,26.6893]]],[[[142.1296,26.6907],[142.1299,26.6907],[142.1299,26.6909],[142.1296,26.6909],[142.1296,26.6907]]],[[[142.1298,26.6907],[142.1298,26.6907],[142.1298,26.6907],[142.1298,26.6907],[142.1298,26.6907]]],[[[142.1299,26.6908],[142.1299,26.6908],[142.1299,26.6908],[142.1299,26.6908],[142.1299,26.6908]]],[[[142.1304,26.6906],[142.1305,26.6906],[142.1305,26.6907],[142.1304,26.6907],[142.1304,26.6906]]],[[[142.1304,26.6906],[142.1306,26.6906],[142.1306,26.6907],[142.1304,26.6907],[142.1304,26.6906]]],[[[142.13,26.689],[142.1307,26.689],[142.1307,26.6896],[142.13,26.6896],[142.13,26.689]]],[[[142.1298,26.6887],[142.1299,26.6887],[142.1299,26.6888],[142.1298,26.6888],[142.1298,26.6887]]],[[[142.1298,26.6888],[142.1299,26.6888],[142.1299,26.6889],[142.1298,26.6889],[142.1298,26.6888]]],[[[142.1293,26.6891],[142.1297,26.6891],[142.1297,26.6892],[142.1293,26.6892],[142.1293,26.6891]]],[[[142.1295,26.6893],[142.1298,26.6893],[142.1298,26.6894],[142.1295,26.6894],[142.1295,26.6893]]],[[[142.1299,26.6888],[142.13,26.6888],[142.13,26.6888],[142.1299,26.6888],[142.1299,26.6888]]],[[[142.1293,26.6903],[142.1295,26.6903],[142.1295,26.6903],[142.1293,26.6903],[142.1293,26.6903]]],[[[142.129,26.6906],[142.1292,26.6906],[142.1292,26.6909],[142.129,26.6909],[142.129,26.6906]]],[[[142.1294,26.6905],[142.1296,26.6905],[142.1296,26.6906],[142.1294,26.6906],[142.1294,26.6905]]],[[[142.1295,26.6908],[142.1295,26.6908],[142.1295,26.6909],[142.1295,26.6909],[142.1295,26.6908]]],[[[142.1296,26.6906],[142.1297,26.6906],[142.1297,26.6907],[142.1296,26.6907],[142.1296,26.6906]]],[[[142.1303,26.6904],[142.1305,26.6904],[142.1305,26.6906],[142.1303,26.6906],[142.1303,26.6904]]],[[[142.1303,26.6909],[142.1305,26.6909],[142.1305,26.691],[142.1303,26.691],[142.1303,26.6909]]],[[[142.1279,26.6925],[142.1283,26.6925],[142.1283,26.6926],[142.1279,26.6926],[142.1279,26.6925]]],[[[142.1282,26.6923],[142.1288,26.6923],[142.1288,26.6926],[142.1282,26.6926],[142.1282,26.6923]]],[[[142.1288,26.6924],[142.129,26.6924],[142.129,26.6925],[142.1288,26.6925],[142.1288,26.6924]]],[[[142.1293,26.6911],[142.1293,26.6911],[142.1293,26.6911],[142.1293,26.6911],[142.1293,26.6911]]],[[[142.1294,26.6912],[142.1294,26.6912],[142.1294,26.6913],[142.1294,26.6913],[142.1294,26.6912]]],[[[142.1298,26.6909],[142.1299,26.6909],[142.1299,26.691],[142.1298,26.691],[142.1298,26.6909]]],[[[142.1297,26.6913],[142.1298,26.6913],[142.1298,26.6913],[142.1297,26.6913],[142.1297,26.6913]]],[[[142.13,26.6909],[142.13,26.6909],[142.13,26.691],[142.13,26.691],[142.13,26.6909]]],[[[142.1299,26.691],[142.13,26.691],[142.13,26.6911],[142.1299,26.6911],[142.1299,26.691]]],[[[142.1302,26.6911],[142.1302,26.6911],[142.1302,26.6911],[142.1302,26.6911],[142.1302,26.6911]]],[[[142.1295,26.6916],[142.1295,26.6916],[142.1295,26.6917],[142.1295,26.6917],[142.1295,26.6916]]],[[[142.1298,26.6914],[142.1298,26.6914],[142.1298,26.6915],[142.1298,26.6915],[142.1298,26.6914]]],[[[142.1295,26.6925],[142.1296,26.6925],[142.1296,26.6926],[142.1295,26.6926],[142.1295,26.6925]]],[[[142.1297,26.6926],[142.1298,26.6926],[142.1298,26.6927],[142.1297,26.6927],[142.1297,26.6926]]],[[[142.1299,26.6918],[142.13,26.6918],[142.13,26.6919],[142.1299,26.6919],[142.1299,26.6918]]],[[[142.13,26.6919],[142.1301,26.6919],[142.1301,26.692],[142.13,26.692],[142.13,26.6919]]],[[[142.1298,26.6922],[142.1299,26.6922],[142.1299,26.6923],[142.1298,26.6923],[142.1298,26.6922]]],[[[142.1301,26.692],[142.1303,26.692],[142.1303,26.6921],[142.1301,26.6921],[142.1301,26.692]]],[[[142.13,26.6925],[142.13,26.6925],[142.13,26.6925],[142.13,26.6925],[142.13,26.6925]]],[[[142.1298,26.6926],[142.1299,26.6926],[142.1299,26.6928],[142.1298,26.6928],[142.1298,26.6926]]],[[[142.1292,26.6945],[142.1293,26.6945],[142.1293,26.6945],[142.1292,26.6945],[142.1292,26.6945]]],[[[142.129,26.6942],[142.1296,26.6942],[142.1296,26.6946],[142.129,26.6946],[142.129,26.6942]]],[[[142.1288,26.6929],[142.1288,26.6929],[142.1288,26.693],[142.1288,26.693],[142.1288,26.6929]]],[[[142.1288,26.693],[142.1289,26.693],[142.1289,26.6931],[142.1288,26.6931],[142.1288,26.693]]],[[[142.1286,26.6936],[142.1286,26.6936],[142.1286,26.6936],[142.1286,26.6936],[142.1286,26.6936]]],[[[142.1287,26.6935],[142.1289,26.6935],[142.1289,26.6936],[142.1287,26.6936],[142.1287,26.6935]]],[[[142.1287,26.6937],[142.1287,26.6937],[142.1287,26.6938],[142.1287,26.6938],[142.1287,26.6937]]],[[[142.1286,26.6941],[142.1288,26.6941],[142.1288,26.6943],[142.1286,26.6943],[142.1286,26.6941]]],[[[142.1278,26.6945],[142.1281,26.6945],[142.1281,26.6947],[142.1278,26.6947],[142.1278,26.6945]]],[[[142.1284,26.6944],[142.1286,26.6944],[142.1286,26.6946],[142.1284,26.6946],[142.1284,26.6944]]],[[[142.1294,26.6931],[142.1294,26.6931],[142.1294,26.6932],[142.1294,26.6932],[142.1294,26.6931]]],[[[142.1295,26.6932],[142.1296,26.6932],[142.1296,26.6933],[142.1295,26.6933],[142.1295,26.6932]]],[[[142.1299,26.6928],[142.1301,26.6928],[142.1301,26.6929],[142.1299,26.6929],[142.1299,26.6928]]],[[[142.13,26.6933],[142.1301,26.6933],[142.1301,26.6934],[142.13,26.6934],[142.13,26.6933]]],[[[142.1289,26.6937],[142.129,26.6937],[142.129,26.6938],[142.1289,26.6938],[142.1289,26.6937]]],[[[142.1292,26.6935],[142.1293,26.6935],[142.1293,26.6935],[142.1292,26.6935],[142.1292,26.6935]]],[[[142.1293,26.6936],[142.1294,26.6936],[142.1294,26.6937],[142.1293,26.6937],[142.1293,26.6936]]],[[[142.1288,26.6942],[142.129,26.6942],[142.129,26.6943],[142.1288,26.6943],[142.1288,26.6942]]],[[[142.1295,26.6936],[142.1298,26.6936],[142.1298,26.6937],[142.1295,26.6937],[142.1295,26.6936]]],[[[142.1292,26.6947],[142.1293,26.6947],[142.1293,26.6947],[142.1292,26.6947],[142.1292,26.6947]]],[[[142.1279,26.6962],[142.1281,26.6962],[142.1281,26.6963],[142.1279,26.6963],[142.1279,26.6962]]],[[[142.128,26.6963],[142.1282,26.6963],[142.1282,26.6965],[142.128,26.6965],[142.128,26.6963]]],[[[142.1277,26.6952],[142.1278,26.6952],[142.1278,26.6953],[142.1277,26.6953],[142.1277,26.6952]]],[[[142.1279,26.6951],[142.1281,26.6951],[142.1281,26.6952],[142.1279,26.6952],[142.1279,26.6951]]],[[[142.128,26.6952],[142.1282,26.6952],[142.1282,26.6953],[142.128,26.6953],[142.128,26.6952]]],[[[142.127,26.6953],[142.1271,26.6953],[142.1271,26.6954],[142.127,26.6954],[142.127,26.6953]]],[[[142.1271,26.6955],[142.1272,26.6955],[142.1272,26.6956],[142.1271,26.6956],[142.1271,26.6955]]],[[[142.1278,26.6953],[142.1279,26.6953],[142.1279,26.6954],[142.1278,26.6954],[142.1278,26.6953]]],[[[142.1271,26.6968],[142.1272,26.6968],[142.1272,26.6969],[142.1271,26.6969],[142.1271,26.6968]]],[[[142.1273,26.697],[142.1273,26.697],[142.1273,26.697],[142.1273,26.697],[142.1273,26.697]]],[[[142.1282,26.6965],[142.1283,26.6965],[142.1283,26.6966],[142.1282,26.6966],[142.1282,26.6965]]],[[[142.1269,26.6973],[142.1272,26.6973],[142.1272,26.6974],[142.1269,26.6974],[142.1269,26.6973]]],[[[142.1281,26.6974],[142.1282,26.6974],[142.1282,26.6975],[142.1281,26.6975],[142.1281,26.6974]]],[[[142.1282,26.6978],[142.1282,26.6978],[142.1282,26.6979],[142.1282,26.6979],[142.1282,26.6978]]],[[[142.1278,26.6988],[142.1281,26.6988],[142.1281,26.699],[142.1278,26.699],[142.1278,26.6988]]],[[[142.1281,26.699],[142.1282,26.699],[142.1282,26.6991],[142.1281,26.6991],[142.1281,26.699]]],[[[142.128,26.6994],[142.1281,26.6994],[142.1281,26.6995],[142.128,26.6995],[142.128,26.6994]]],[[[142.1281,26.6995],[142.1282,26.6995],[142.1282,26.6995],[142.1281,26.6995],[142.1281,26.6995]]],[[[142.128,26.6997],[142.1281,26.6997],[142.1281,26.6998],[142.128,26.6998],[142.128,26.6997]]],[[[142.1285,26.6947],[142.1289,26.6947],[142.1289,26.695],[142.1285,26.695],[142.1285,26.6947]]],[[[142.1286,26.6949],[142.129,26.6949],[142.129,26.6952],[142.1286,26.6952],[142.1286,26.6949]]],[[[142.1284,26.6952],[142.1285,26.6952],[142.1285,26.6952],[142.1284,26.6952],[142.1284,26.6952]]],[[[142.1285,26.6953],[142.1286,26.6953],[142.1286,26.6954],[142.1285,26.6954],[142.1285,26.6953]]],[[[142.1285,26.6963],[142.1286,26.6963],[142.1286,26.6963],[142.1285,26.6963],[142.1285,26.6963]]],[[[142.1283,26.6972],[142.1284,26.6972],[142.1284,26.6973],[142.1283,26.6973],[142.1283,26.6972]]],[[[142.1284,26.6972],[142.1285,26.6972],[142.1285,26.6973],[142.1284,26.6973],[142.1284,26.6972]]],[[[142.1283,26.6979],[142.1283,26.6979],[142.1283,26.6979],[142.1283,26.6979],[142.1283,26.6979]]],[[[142.1283,26.6979],[142.1284,26.6979],[142.1284,26.6979],[142.1283,26.6979],[142.1283,26.6979]]],[[[142.1285,26.6977],[142.1285,26.6977],[142.1285,26.6977],[142.1285,26.6977],[142.1285,26.6977]]],[[[142.134,26.7],[142.1341,26.7],[142.1341,26.7001],[142.134,26.7001],[142.134,26.7]]],[[[142.1344,26.6996],[142.1344,26.6996],[142.1344,26.6997],[142.1344,26.6997],[142.1344,26.6996]]],[[[142.1346,26.6994],[142.1346,26.6994],[142.1346,26.6995],[142.1346,26.6995],[142.1346,26.6994]]],[[[142.1348,26.6995],[142.1349,26.6995],[142.1349,26.6995],[142.1348,26.6995],[142.1348,26.6995]]],[[[142.1367,26.7001],[142.1367,26.7001],[142.1367,26.7001],[142.1367,26.7001],[142.1367,26.7001]]],[[[142.1362,26.7003],[142.1363,26.7003],[142.1363,26.7004],[142.1362,26.7004],[142.1362,26.7003]]],[[[142.1361,26.7006],[142.1363,26.7006],[142.1363,26.7007],[142.1361,26.7007],[142.1361,26.7006]]],[[[142.1364,26.7005],[142.1364,26.7005],[142.1364,26.7006],[142.1364,26.7006],[142.1364,26.7005]]],[[[142.1368,26.7001],[142.1368,26.7001],[142.1368,26.7002],[142.1368,26.7002],[142.1368,26.7001]]],[[[142.1812,26.6162],[142.1813,26.6162],[142.1813,26.6163],[142.1812,26.6163],[142.1812,26.6162]]],[[[142.1737,26.6216],[142.1742,26.6216],[142.1742,26.6222],[142.1737,26.6222],[142.1737,26.6216]]],[[[142.1457,26.6524],[142.1444,26.6532],[142.1451,26.6536],[142.1461,26.653],[142.1457,26.6524]]],[[[142.1488,26.6667],[142.1464,26.668],[142.1456,26.6675],[142.1461,26.667],[142.1443,26.6668],[142.1439,26.6661],[142.1418,26.6663],[142.1421,26.6689],[142.1437,26.6682],[142.143,26.6695],[142.1443,26.6703],[142.1436,26.6727],[142.1451,26.6746],[142.1447,26.6764],[142.1398,26.6786],[142.1401,26.6791],[142.1382,26.681],[142.1365,26.6815],[142.1367,26.6838],[142.1359,26.6853],[142.1307,26.6892],[142.131,26.6904],[142.1298,26.6917],[142.1301,26.6942],[142.1284,26.6956],[142.1286,26.7008],[142.127,26.7012],[142.1254,26.7029],[142.1253,26.7045],[142.1227,26.7065],[142.1234,26.7078],[142.1226,26.7109],[142.1236,26.7137],[142.1231,26.7141],[142.126,26.7144],[142.1253,26.7136],[142.1267,26.7126],[142.1272,26.7111],[142.1286,26.711],[142.1274,26.7096],[142.1286,26.7098],[142.1305,26.7089],[142.129,26.708],[142.131,26.7074],[142.1306,26.707],[142.1315,26.7062],[142.1307,26.7056],[142.1308,26.704],[142.1319,26.704],[142.1316,26.7035],[142.1324,26.704],[142.1316,26.703],[142.1329,26.7025],[142.1329,26.7016],[142.1336,26.7022],[142.1332,26.7011],[142.1338,26.7013],[142.1346,26.6994],[142.1363,26.7005],[142.1391,26.6997],[142.1395,26.7008],[142.1421,26.6983],[142.1429,26.6982],[142.1415,26.7006],[142.142,26.7005],[142.1413,26.7017],[142.1423,26.7034],[142.1413,26.7043],[142.1419,26.7047],[142.1411,26.7054],[142.1413,26.7073],[142.1406,26.708],[142.142,26.7087],[142.1439,26.7076],[142.1435,26.7063],[142.1453,26.7062],[142.1479,26.7077],[142.1497,26.7073],[142.1504,26.7056],[142.1512,26.7068],[142.1528,26.7062],[142.1528,26.7083],[142.1541,26.7091],[142.1539,26.7085],[142.1549,26.7088],[142.1559,26.7072],[142.1562,26.7081],[142.1565,26.7067],[142.158,26.7062],[142.1586,26.7036],[142.1612,26.7031],[142.1618,26.7038],[142.1614,26.7046],[142.1624,26.704],[142.1621,26.703],[142.165,26.7026],[142.1643,26.7012],[142.1652,26.7014],[142.1636,26.7002],[142.1603,26.7017],[142.1584,26.7006],[142.1586,26.6999],[142.1572,26.7001],[142.1552,26.6985],[142.1531,26.6986],[142.1509,26.6967],[142.1509,26.6942],[142.1478,26.6945],[142.1483,26.6936],[142.1477,26.6921],[142.1478,26.6941],[142.1462,26.6938],[142.1455,26.6912],[142.147,26.6895],[142.1468,26.685],[142.1491,26.6838],[142.1523,26.6837],[142.1583,26.6859],[142.1593,26.6869],[142.1653,26.6869],[142.1663,26.688],[142.1662,26.6893],[142.1672,26.6894],[142.1685,26.6899],[142.1688,26.6894],[142.1672,26.6879],[142.1683,26.6872],[142.1677,26.6869],[142.1677,26.6856],[142.166,26.6846],[142.1671,26.6807],[142.1653,26.6799],[142.1654,26.6782],[142.1639,26.6777],[142.1616,26.6731],[142.1628,26.6698],[142.1619,26.6668],[142.1639,26.6642],[142.1641,26.6604],[142.1657,26.66],[142.1668,26.6581],[142.1698,26.6584],[142.1728,26.6562],[142.175,26.6558],[142.1758,26.6568],[142.1765,26.6556],[142.1787,26.6554],[142.1807,26.657],[142.1823,26.6568],[142.1823,26.6596],[142.1829,26.659],[142.1841,26.6598],[142.1847,26.6585],[142.1863,26.6597],[142.1892,26.6592],[142.1874,26.6572],[142.1886,26.6565],[142.1882,26.6552],[142.1847,26.6561],[142.1856,26.6542],[142.185,26.6534],[142.1839,26.6549],[142.1803,26.6531],[142.1783,26.6548],[142.1759,26.6551],[142.1744,26.6544],[142.1738,26.6521],[142.1748,26.6479],[142.1734,26.6472],[142.1734,26.6455],[142.1729,26.6454],[142.1735,26.6447],[142.1712,26.6432],[142.1726,26.6407],[142.1717,26.6405],[142.1733,26.6394],[142.1727,26.6361],[142.1772,26.6341],[142.1774,26.633],[142.1805,26.631],[142.1801,26.6296],[142.1811,26.6284],[142.1802,26.6242],[142.1814,26.624],[142.1822,26.6225],[142.1813,26.621],[142.1819,26.6193],[142.1808,26.6183],[142.1815,26.6143],[142.1807,26.6143],[142.182,26.6137],[142.1822,26.612],[142.1833,26.6119],[142.183,26.611],[142.1814,26.6109],[142.1816,26.61],[142.1804,26.6088],[142.1791,26.6092],[142.1785,26.6076],[142.1763,26.6096],[142.1749,26.6096],[142.1746,26.6084],[142.1734,26.6082],[142.1752,26.6127],[142.1759,26.6125],[142.1783,26.6153],[142.1763,26.6162],[142.1765,26.6174],[142.1773,26.6174],[142.1772,26.6202],[142.1758,26.6201],[142.1767,26.621],[142.1742,26.6222],[142.1747,26.623],[142.1761,26.623],[142.1756,26.6237],[142.1764,26.6242],[142.174,26.6248],[142.1731,26.6282],[142.172,26.6283],[142.1712,26.631],[142.1695,26.6323],[142.1674,26.6311],[142.1651,26.6314],[142.1636,26.6298],[142.1618,26.6303],[142.1608,26.6326],[142.1614,26.6331],[142.1607,26.6358],[142.1615,26.6391],[142.1607,26.6399],[142.16,26.6399],[142.1601,26.6389],[142.1586,26.6375],[142.1592,26.6384],[142.1585,26.6389],[142.1576,26.638],[142.1584,26.6372],[142.1573,26.6375],[142.1585,26.6372],[142.1585,26.6364],[142.1575,26.6372],[142.1579,26.6369],[142.1568,26.636],[142.1584,26.6358],[142.1567,26.6358],[142.1588,26.6347],[142.1541,26.6359],[142.1528,26.641],[142.1532,26.6425],[142.1516,26.6451],[142.1529,26.6468],[142.1486,26.6492],[142.1488,26.6513],[142.1475,26.6514],[142.1476,26.6522],[142.1463,26.6531],[142.1467,26.6538],[142.1482,26.653],[142.1489,26.6543],[142.1469,26.6554],[142.1472,26.6567],[142.1452,26.6562],[142.145,26.6569],[142.1452,26.6583],[142.1464,26.6582],[142.1468,26.6597],[142.1493,26.6621],[142.1496,26.6641],[142.1488,26.6667]]],[[[142.1435,26.6712],[142.1437,26.6712],[142.1437,26.6713],[142.1435,26.6713],[142.1435,26.6712]]],[[[142.1436,26.6713],[142.1439,26.6713],[142.1439,26.6714],[142.1436,26.6714],[142.1436,26.6713]]],[[[142.1438,26.6713],[142.1439,26.6713],[142.1439,26.6713],[142.1438,26.6713],[142.1438,26.6713]]],[[[142.1622,26.6666],[142.1623,26.6666],[142.1623,26.6667],[142.1622,26.6667],[142.1622,26.6666]]],[[[142.144,26.6705],[142.1441,26.6705],[142.1441,26.6705],[142.144,26.6705],[142.144,26.6705]]],[[[142.1441,26.6706],[142.1441,26.6706],[142.1441,26.6706],[142.1441,26.6706],[142.1441,26.6706]]],[[[142.1441,26.6706],[142.1441,26.6706],[142.1441,26.6706],[142.1441,26.6706],[142.1441,26.6706]]],[[[142.144,26.671],[142.144,26.671],[142.144,26.6711],[142.144,26.6711],[142.144,26.671]]],[[[142.1439,26.6714],[142.144,26.6714],[142.144,26.6715],[142.1439,26.6715],[142.1439,26.6714]]],[[[142.1441,26.6709],[142.1442,26.6709],[142.1442,26.6709],[142.1441,26.6709],[142.1441,26.6709]]],[[[142.144,26.6711],[142.1441,26.6711],[142.1441,26.6711],[142.144,26.6711],[142.144,26.6711]]],[[[142.1441,26.6712],[142.1442,26.6712],[142.1442,26.6712],[142.1441,26.6712],[142.1441,26.6712]]],[[[142.1423,26.6769],[142.1425,26.6769],[142.1425,26.6771],[142.1423,26.6771],[142.1423,26.6769]]],[[[142.1403,26.6781],[142.1405,26.6781],[142.1405,26.6782],[142.1403,26.6782],[142.1403,26.6781]]],[[[142.1403,26.6784],[142.1404,26.6784],[142.1404,26.6784],[142.1403,26.6784],[142.1403,26.6784]]],[[[142.1403,26.6785],[142.1404,26.6785],[142.1404,26.6785],[142.1403,26.6785],[142.1403,26.6785]]],[[[142.1411,26.7022],[142.1412,26.7022],[142.1412,26.7023],[142.1411,26.7023],[142.1411,26.7022]]],[[[142.1461,26.6531],[142.1462,26.6531],[142.1462,26.6532],[142.1461,26.6532],[142.1461,26.6531]]],[[[142.1471,26.656],[142.1471,26.656],[142.1471,26.656],[142.1471,26.656],[142.1471,26.656]]],[[[142.1485,26.6542],[142.1485,26.6542],[142.1485,26.6543],[142.1485,26.6543],[142.1485,26.6542]]],[[[142.1487,26.654],[142.1488,26.654],[142.1488,26.6541],[142.1487,26.6541],[142.1487,26.654]]],[[[142.1464,26.6565],[142.1464,26.6565],[142.1464,26.6566],[142.1464,26.6566],[142.1464,26.6565]]],[[[142.1453,26.6585],[142.1455,26.6585],[142.1455,26.6586],[142.1453,26.6586],[142.1453,26.6585]]],[[[142.1456,26.6586],[142.1457,26.6586],[142.1457,26.6587],[142.1456,26.6587],[142.1456,26.6586]]],[[[142.1467,26.6565],[142.1467,26.6565],[142.1467,26.6565],[142.1467,26.6565],[142.1467,26.6565]]],[[[142.1463,26.6611],[142.1467,26.6611],[142.1467,26.6614],[142.1463,26.6614],[142.1463,26.6611]]],[[[142.1475,26.6604],[142.1475,26.6604],[142.1475,26.6605],[142.1475,26.6605],[142.1475,26.6604]]],[[[142.1479,26.6614],[142.148,26.6614],[142.148,26.6615],[142.1479,26.6615],[142.1479,26.6614]]],[[[142.1645,26.6602],[142.1646,26.6602],[142.1646,26.6603],[142.1645,26.6603],[142.1645,26.6602]]],[[[142.1644,26.6603],[142.1645,26.6603],[142.1645,26.6603],[142.1644,26.6603],[142.1644,26.6603]]],[[[142.1639,26.6634],[142.164,26.6634],[142.164,26.6636],[142.1639,26.6636],[142.1639,26.6634]]],[[[142.1629,26.666],[142.163,26.666],[142.163,26.666],[142.1629,26.666],[142.1629,26.666]]],[[[142.1632,26.6651],[142.1633,26.6651],[142.1633,26.6652],[142.1632,26.6652],[142.1632,26.6651]]],[[[142.1634,26.6652],[142.1636,26.6652],[142.1636,26.6655],[142.1634,26.6655],[142.1634,26.6652]]],[[[142.1632,26.6656],[142.1633,26.6656],[142.1633,26.6657],[142.1632,26.6657],[142.1632,26.6656]]],[[[142.1632,26.6655],[142.1633,26.6655],[142.1633,26.6656],[142.1632,26.6656],[142.1632,26.6655]]],[[[142.1632,26.6657],[142.1633,26.6657],[142.1633,26.6657],[142.1632,26.6657],[142.1632,26.6657]]],[[[142.1637,26.6652],[142.164,26.6652],[142.164,26.6654],[142.1637,26.6654],[142.1637,26.6652]]],[[[142.1637,26.666],[142.1638,26.666],[142.1638,26.666],[142.1637,26.666],[142.1637,26.666]]],[[[142.1626,26.6663],[142.1627,26.6663],[142.1627,26.6664],[142.1626,26.6664],[142.1626,26.6663]]],[[[142.1646,26.6603],[142.1647,26.6603],[142.1647,26.6603],[142.1646,26.6603],[142.1646,26.6603]]],[[[142.1647,26.6604],[142.1647,26.6604],[142.1647,26.6604],[142.1647,26.6604],[142.1647,26.6604]]],[[[142.165,26.6603],[142.165,26.6603],[142.165,26.6603],[142.165,26.6603],[142.165,26.6603]]],[[[142.1649,26.6604],[142.165,26.6604],[142.165,26.6604],[142.1649,26.6604],[142.1649,26.6604]]],[[[142.1651,26.6602],[142.1652,26.6602],[142.1652,26.6603],[142.1651,26.6603],[142.1651,26.6602]]],[[[142.1653,26.6602],[142.1654,26.6602],[142.1654,26.6604],[142.1653,26.6604],[142.1653,26.6602]]],[[[142.1674,26.6583],[142.1675,26.6583],[142.1675,26.6584],[142.1674,26.6584],[142.1674,26.6583]]],[[[142.1674,26.6583],[142.1675,26.6583],[142.1675,26.6584],[142.1674,26.6584],[142.1674,26.6583]]],[[[142.1657,26.6601],[142.1657,26.6601],[142.1657,26.6602],[142.1657,26.6602],[142.1657,26.6601]]],[[[142.1659,26.66],[142.1659,26.66],[142.1659,26.66],[142.1659,26.66],[142.1659,26.66]]],[[[142.1674,26.6581],[142.1675,26.6581],[142.1675,26.6581],[142.1674,26.6581],[142.1674,26.6581]]],[[[142.1676,26.658],[142.1677,26.658],[142.1677,26.6581],[142.1676,26.6581],[142.1676,26.658]]],[[[142.1677,26.6581],[142.1678,26.6581],[142.1678,26.6581],[142.1677,26.6581],[142.1677,26.6581]]],[[[142.1668,26.6591],[142.1669,26.6591],[142.1669,26.6592],[142.1668,26.6592],[142.1668,26.6591]]],[[[142.1672,26.6583],[142.1673,26.6583],[142.1673,26.6585],[142.1672,26.6585],[142.1672,26.6583]]],[[[142.1675,26.6584],[142.1675,26.6584],[142.1675,26.6585],[142.1675,26.6585],[142.1675,26.6584]]],[[[142.1676,26.6586],[142.1676,26.6586],[142.1676,26.6586],[142.1676,26.6586],[142.1676,26.6586]]],[[[142.1686,26.6581],[142.1687,26.6581],[142.1687,26.6582],[142.1686,26.6582],[142.1686,26.6581]]],[[[142.1679,26.6583],[142.168,26.6583],[142.168,26.6584],[142.1679,26.6584],[142.1679,26.6583]]],[[[142.1683,26.6582],[142.1683,26.6582],[142.1683,26.6583],[142.1683,26.6583],[142.1683,26.6582]]],[[[142.1688,26.6582],[142.1689,26.6582],[142.1689,26.6583],[142.1688,26.6583],[142.1688,26.6582]]],[[[142.1691,26.6583],[142.1692,26.6583],[142.1692,26.6584],[142.1691,26.6584],[142.1691,26.6583]]],[[[142.1703,26.658],[142.1704,26.658],[142.1704,26.658],[142.1703,26.658],[142.1703,26.658]]],[[[142.1699,26.6584],[142.17,26.6584],[142.17,26.6584],[142.1699,26.6584],[142.1699,26.6584]]],[[[142.1704,26.6582],[142.1704,26.6582],[142.1704,26.6583],[142.1704,26.6583],[142.1704,26.6582]]],[[[142.1667,26.6598],[142.1663,26.6604],[142.1669,26.6604],[142.1667,26.6598]]],[[[142.185,26.6604],[142.1854,26.6604],[142.1854,26.6606],[142.185,26.6606],[142.185,26.6604]]],[[[142.1847,26.6596],[142.1853,26.6596],[142.1853,26.6606],[142.1847,26.6606],[142.1847,26.6596]]],[[[142.1827,26.6539],[142.1828,26.6539],[142.1828,26.654],[142.1827,26.654],[142.1827,26.6539]]],[[[142.1838,26.6547],[142.1839,26.6547],[142.1839,26.6548],[142.1838,26.6548],[142.1838,26.6547]]],[[[142.1868,26.6552],[142.1869,26.6552],[142.1869,26.6552],[142.1868,26.6552],[142.1868,26.6552]]],[[[142.1869,26.6551],[142.187,26.6551],[142.187,26.6552],[142.1869,26.6552],[142.1869,26.6551]]],[[[142.1822,26.6597],[142.1823,26.6597],[142.1823,26.6598],[142.1822,26.6598],[142.1822,26.6597]]],[[[142.1842,26.6598],[142.1842,26.6598],[142.1842,26.6599],[142.1842,26.6599],[142.1842,26.6598]]],[[[142.1853,26.6589],[142.1854,26.6589],[142.1854,26.6591],[142.1853,26.6591],[142.1853,26.6589]]],[[[142.1859,26.6595],[142.186,26.6595],[142.186,26.6596],[142.1859,26.6596],[142.1859,26.6595]]],[[[142.1861,26.6598],[142.1861,26.6598],[142.1861,26.6598],[142.1861,26.6598],[142.1861,26.6598]]],[[[142.1861,26.6597],[142.1862,26.6597],[142.1862,26.6597],[142.1861,26.6597],[142.1861,26.6597]]],[[[142.1861,26.6599],[142.1862,26.6599],[142.1862,26.66],[142.1861,26.66],[142.1861,26.6599]]],[[[142.1864,26.6598],[142.1865,26.6598],[142.1865,26.6599],[142.1864,26.6599],[142.1864,26.6598]]],[[[142.1873,26.6596],[142.1875,26.6596],[142.1875,26.6597],[142.1873,26.6597],[142.1873,26.6596]]],[[[142.1849,26.6606],[142.1851,26.6606],[142.1851,26.6607],[142.1849,26.6607],[142.1849,26.6606]]],[[[142.1849,26.6607],[142.185,26.6607],[142.185,26.6609],[142.1849,26.6609],[142.1849,26.6607]]],[[[142.1885,26.6554],[142.1886,26.6554],[142.1886,26.6556],[142.1885,26.6556],[142.1885,26.6554]]],[[[142.1885,26.6566],[142.1885,26.6566],[142.1885,26.6566],[142.1885,26.6566],[142.1885,26.6566]]],[[[142.1887,26.6606],[142.1889,26.6606],[142.1889,26.6607],[142.1887,26.6607],[142.1887,26.6606]]],[[[142.1967,27.039],[142.1968,27.039],[142.1968,27.039],[142.1967,27.039],[142.1967,27.039]]],[[[142.1967,27.039],[142.197,27.039],[142.197,27.0392],[142.1967,27.0392],[142.1967,27.039]]],[[[142.1967,27.0387],[142.1968,27.0387],[142.1968,27.0387],[142.1967,27.0387],[142.1967,27.0387]]],[[[142.175,27.0333],[142.174,27.0359],[142.1745,27.0379],[142.1731,27.0408],[142.1745,27.0413],[142.1726,27.0423],[142.1732,27.0434],[142.1716,27.0437],[142.1731,27.0443],[142.1726,27.0452],[142.1733,27.0452],[142.1754,27.0416],[142.178,27.0354],[142.177,27.0346],[142.1765,27.0368],[142.1753,27.0367],[142.1752,27.0353],[142.1762,27.0345],[142.1769,27.0319],[142.1754,27.0317],[142.175,27.0333]]],[[[142.1964,27.0392],[142.1967,27.0392],[142.1967,27.0395],[142.1964,27.0395],[142.1964,27.0392]]],[[[142.1966,27.0387],[142.1968,27.0387],[142.1968,27.039],[142.1966,27.039],[142.1966,27.0387]]],[[[142.1966,27.039],[142.1967,27.039],[142.1967,27.0391],[142.1966,27.0391],[142.1966,27.039]]],[[[142.1195,26.7167],[142.1199,26.7167],[142.1199,26.7173],[142.1195,26.7173],[142.1195,26.7167]]],[[[142.12,26.7169],[142.1201,26.7169],[142.1201,26.717],[142.12,26.717],[142.12,26.7169]]],[[[142.1236,26.7171],[142.1238,26.7171],[142.1238,26.7172],[142.1236,26.7172],[142.1236,26.7171]]],[[[142.1936,27.0408],[142.1937,27.0408],[142.1937,27.0409],[142.1936,27.0409],[142.1936,27.0408]]],[[[142.1937,27.0408],[142.1937,27.0408],[142.1937,27.0408],[142.1937,27.0408],[142.1937,27.0408]]],[[[142.1937,27.0409],[142.1937,27.0409],[142.1937,27.041],[142.1937,27.041],[142.1937,27.0409]]],[[[142.1937,27.0409],[142.1938,27.0409],[142.1938,27.041],[142.1937,27.041],[142.1937,27.0409]]],[[[142.1935,27.041],[142.1937,27.041],[142.1937,27.0412],[142.1935,27.0412],[142.1935,27.041]]],[[[142.1936,27.041],[142.1937,27.041],[142.1937,27.0411],[142.1936,27.0411],[142.1936,27.041]]],[[[142.1937,27.0404],[142.1938,27.0404],[142.1938,27.0405],[142.1937,27.0405],[142.1937,27.0404]]],[[[142.1934,27.0407],[142.1935,27.0407],[142.1935,27.0408],[142.1934,27.0408],[142.1934,27.0407]]],[[[142.1935,27.0405],[142.1936,27.0405],[142.1936,27.0406],[142.1935,27.0406],[142.1935,27.0405]]],[[[142.1935,27.0409],[142.1936,27.0409],[142.1936,27.041],[142.1935,27.041],[142.1935,27.0409]]],[[[142.1936,27.0406],[142.1937,27.0406],[142.1937,27.0407],[142.1936,27.0407],[142.1936,27.0406]]],[[[142.1938,27.0405],[142.1939,27.0405],[142.1939,27.0406],[142.1938,27.0406],[142.1938,27.0405]]],[[[142.1938,27.041],[142.1938,27.041],[142.1938,27.041],[142.1938,27.041],[142.1938,27.041]]],[[[142.1938,27.0403],[142.1939,27.0403],[142.1939,27.0404],[142.1938,27.0404],[142.1938,27.0403]]],[[[142.1938,27.0408],[142.1939,27.0408],[142.1939,27.0409],[142.1938,27.0409],[142.1938,27.0408]]],[[[142.1938,27.0409],[142.1939,27.0409],[142.1939,27.041],[142.1938,27.041],[142.1938,27.0409]]],[[[142.1934,27.041],[142.1935,27.041],[142.1935,27.0411],[142.1934,27.0411],[142.1934,27.041]]],[[[142.1938,27.041],[142.1939,27.041],[142.1939,27.0411],[142.1938,27.0411],[142.1938,27.041]]],[[[142.1938,27.0411],[142.1938,27.0411],[142.1938,27.0412],[142.1938,27.0412],[142.1938,27.0411]]],[[[142.1938,27.0414],[142.1939,27.0414],[142.1939,27.0414],[142.1938,27.0414],[142.1938,27.0414]]],[[[142.2206,27.0363],[142.2207,27.0363],[142.2207,27.0364],[142.2206,27.0364],[142.2206,27.0363]]],[[[142.2231,27.0358],[142.2232,27.0358],[142.2232,27.036],[142.2231,27.036],[142.2231,27.0358]]],[[[142.2227,27.0365],[142.2227,27.0365],[142.2227,27.0365],[142.2227,27.0365],[142.2227,27.0365]]],[[[142.1971,27.0389],[142.1971,27.0389],[142.1971,27.039],[142.1971,27.039],[142.1971,27.0389]]],[[[142.1972,27.0402],[142.1973,27.0402],[142.1973,27.0402],[142.1972,27.0402],[142.1972,27.0402]]],[[[142.2101,27.039],[142.2102,27.039],[142.2102,27.0391],[142.2101,27.0391],[142.2101,27.039]]],[[[142.208,27.04],[142.2081,27.04],[142.2081,27.0402],[142.208,27.0402],[142.208,27.04]]],[[[142.2087,27.04],[142.2089,27.04],[142.2089,27.0401],[142.2087,27.0401],[142.2087,27.04]]],[[[142.2101,27.0395],[142.2102,27.0395],[142.2102,27.0396],[142.2101,27.0396],[142.2101,27.0395]]],[[[142.21,27.04],[142.2101,27.04],[142.2101,27.0401],[142.21,27.0401],[142.21,27.04]]],[[[142.2102,27.0401],[142.2103,27.0401],[142.2103,27.0401],[142.2102,27.0401],[142.2102,27.0401]]],[[[142.2103,27.0402],[142.2104,27.0402],[142.2104,27.0402],[142.2103,27.0402],[142.2103,27.0402]]],[[[142.2126,27.0398],[142.2127,27.0398],[142.2127,27.0399],[142.2126,27.0399],[142.2126,27.0398]]],[[[142.2126,27.04],[142.2126,27.04],[142.2126,27.04],[142.2126,27.04],[142.2126,27.04]]],[[[142.2126,27.0399],[142.2126,27.0399],[142.2126,27.0399],[142.2126,27.0399],[142.2126,27.0399]]],[[[142.2126,27.0397],[142.2127,27.0397],[142.2127,27.0398],[142.2126,27.0398],[142.2126,27.0397]]],[[[142.2127,27.0398],[142.2127,27.0398],[142.2127,27.0398],[142.2127,27.0398],[142.2127,27.0398]]],[[[142.2127,27.0399],[142.2128,27.0399],[142.2128,27.0399],[142.2127,27.0399],[142.2127,27.0399]]],[[[142.2133,27.0394],[142.2134,27.0394],[142.2134,27.0394],[142.2133,27.0394],[142.2133,27.0394]]],[[[142.2132,27.0394],[142.2133,27.0394],[142.2133,27.0395],[142.2132,27.0395],[142.2132,27.0394]]],[[[142.2134,27.0393],[142.2134,27.0393],[142.2134,27.0394],[142.2134,27.0394],[142.2134,27.0393]]],[[[142.1961,27.0384],[142.1961,27.0384],[142.1961,27.0384],[142.1961,27.0384],[142.1961,27.0384]]],[[[142.1961,27.0385],[142.1961,27.0385],[142.1961,27.0385],[142.1961,27.0385],[142.1961,27.0385]]],[[[142.1961,27.0386],[142.1961,27.0386],[142.1961,27.0387],[142.1961,27.0387],[142.1961,27.0386]]],[[[142.1965,27.0386],[142.1967,27.0386],[142.1967,27.0387],[142.1965,27.0387],[142.1965,27.0386]]],[[[142.197,27.0384],[142.197,27.0384],[142.197,27.0385],[142.197,27.0385],[142.197,27.0384]]],[[[142.197,27.0383],[142.1971,27.0383],[142.1971,27.0383],[142.197,27.0383],[142.197,27.0383]]],[[[142.197,27.0385],[142.1971,27.0385],[142.1971,27.0386],[142.197,27.0386],[142.197,27.0385]]],[[[142.197,27.0386],[142.197,27.0386],[142.197,27.0387],[142.197,27.0387],[142.197,27.0386]]],[[[142.2115,27.0385],[142.2116,27.0385],[142.2116,27.0386],[142.2115,27.0386],[142.2115,27.0385]]],[[[142.2188,27.0374],[142.2189,27.0374],[142.2189,27.0375],[142.2188,27.0375],[142.2188,27.0374]]],[[[142.219,27.0374],[142.219,27.0374],[142.219,27.0374],[142.219,27.0374],[142.219,27.0374]]],[[[142.2187,27.0376],[142.2188,27.0376],[142.2188,27.0377],[142.2187,27.0377],[142.2187,27.0376]]],[[[142.2188,27.0378],[142.2188,27.0378],[142.2188,27.0378],[142.2188,27.0378],[142.2188,27.0378]]],[[[142.2221,27.0366],[142.2222,27.0366],[142.2222,27.0367],[142.2221,27.0367],[142.2221,27.0366]]],[[[142.2224,27.0365],[142.2224,27.0365],[142.2224,27.0365],[142.2224,27.0365],[142.2224,27.0365]]],[[[142.2224,27.0366],[142.2224,27.0366],[142.2224,27.0366],[142.2224,27.0366],[142.2224,27.0366]]],[[[142.2297,27.0369],[142.2298,27.0369],[142.2298,27.037],[142.2297,27.037],[142.2297,27.0369]]],[[[142.2298,27.037],[142.2299,27.037],[142.2299,27.0371],[142.2298,27.0371],[142.2298,27.037]]],[[[142.2298,27.0374],[142.2299,27.0374],[142.2299,27.0375],[142.2298,27.0375],[142.2298,27.0374]]],[[[142.2067,27.0427],[142.2068,27.0427],[142.2068,27.0428],[142.2067,27.0428],[142.2067,27.0427]]],[[[142.2069,27.0427],[142.2069,27.0427],[142.2069,27.0427],[142.2069,27.0427],[142.2069,27.0427]]],[[[142.2057,27.0438],[142.2057,27.0438],[142.2057,27.0439],[142.2057,27.0439],[142.2057,27.0438]]],[[[142.2058,27.0439],[142.2059,27.0439],[142.2059,27.0439],[142.2058,27.0439],[142.2058,27.0439]]],[[[142.2075,27.041],[142.2075,27.041],[142.2075,27.041],[142.2075,27.041],[142.2075,27.041]]],[[[142.2077,27.0405],[142.2078,27.0405],[142.2078,27.0406],[142.2077,27.0406],[142.2077,27.0405]]],[[[142.2074,27.0415],[142.2074,27.0415],[142.2074,27.0416],[142.2074,27.0416],[142.2074,27.0415]]],[[[142.2074,27.0417],[142.2075,27.0417],[142.2075,27.0417],[142.2074,27.0417],[142.2074,27.0417]]],[[[142.2074,27.0418],[142.2075,27.0418],[142.2075,27.0419],[142.2074,27.0419],[142.2074,27.0418]]],[[[142.2077,27.0414],[142.2078,27.0414],[142.2078,27.0415],[142.2077,27.0415],[142.2077,27.0414]]],[[[142.2077,27.041],[142.2079,27.041],[142.2079,27.0412],[142.2077,27.0412],[142.2077,27.041]]],[[[142.2072,27.0422],[142.2072,27.0422],[142.2072,27.0423],[142.2072,27.0423],[142.2072,27.0422]]],[[[142.2074,27.042],[142.2074,27.042],[142.2074,27.0421],[142.2074,27.0421],[142.2074,27.042]]],[[[142.207,27.0425],[142.2071,27.0425],[142.2071,27.0425],[142.207,27.0425],[142.207,27.0425]]],[[[142.2123,27.0404],[142.2124,27.0404],[142.2124,27.0404],[142.2123,27.0404],[142.2123,27.0404]]],[[[142.2123,27.0405],[142.2124,27.0405],[142.2124,27.0406],[142.2123,27.0406],[142.2123,27.0405]]],[[[142.216,27.0406],[142.2161,27.0406],[142.2161,27.0408],[142.216,27.0408],[142.216,27.0406]]],[[[142.2162,27.0406],[142.2163,27.0406],[142.2163,27.0407],[142.2162,27.0407],[142.2162,27.0406]]],[[[142.2162,27.0408],[142.2162,27.0408],[142.2162,27.0408],[142.2162,27.0408],[142.2162,27.0408]]],[[[142.2163,27.0408],[142.2163,27.0408],[142.2163,27.0408],[142.2163,27.0408],[142.2163,27.0408]]],[[[142.2167,27.0412],[142.2168,27.0412],[142.2168,27.0412],[142.2167,27.0412],[142.2167,27.0412]]],[[[142.2168,27.0412],[142.2168,27.0412],[142.2168,27.0413],[142.2168,27.0413],[142.2168,27.0412]]],[[[142.2171,27.0412],[142.2172,27.0412],[142.2172,27.0413],[142.2171,27.0413],[142.2171,27.0412]]],[[[142.2171,27.0413],[142.2171,27.0413],[142.2171,27.0413],[142.2171,27.0413],[142.2171,27.0413]]],[[[142.2164,27.0406],[142.2164,27.0406],[142.2164,27.0407],[142.2164,27.0407],[142.2164,27.0406]]],[[[142.2165,27.0409],[142.2166,27.0409],[142.2166,27.041],[142.2165,27.041],[142.2165,27.0409]]],[[[142.2166,27.0408],[142.2167,27.0408],[142.2167,27.0409],[142.2166,27.0409],[142.2166,27.0408]]],[[[142.2164,27.041],[142.2165,27.041],[142.2165,27.0411],[142.2164,27.0411],[142.2164,27.041]]],[[[142.2165,27.0412],[142.2166,27.0412],[142.2166,27.0413],[142.2165,27.0413],[142.2165,27.0412]]],[[[142.2166,27.0411],[142.2166,27.0411],[142.2166,27.0412],[142.2166,27.0412],[142.2166,27.0411]]],[[[142.2166,27.0413],[142.2167,27.0413],[142.2167,27.0413],[142.2166,27.0413],[142.2166,27.0413]]],[[[142.2167,27.0413],[142.2168,27.0413],[142.2168,27.0414],[142.2167,27.0414],[142.2167,27.0413]]],[[[142.2168,27.0409],[142.2169,27.0409],[142.2169,27.041],[142.2168,27.041],[142.2168,27.0409]]],[[[142.217,27.0409],[142.217,27.0409],[142.217,27.041],[142.217,27.041],[142.217,27.0409]]],[[[142.2169,27.041],[142.217,27.041],[142.217,27.0411],[142.2169,27.0411],[142.2169,27.041]]],[[[142.2168,27.0413],[142.2168,27.0413],[142.2168,27.0414],[142.2168,27.0414],[142.2168,27.0413]]],[[[142.2168,27.0414],[142.2168,27.0414],[142.2168,27.0415],[142.2168,27.0415],[142.2168,27.0414]]],[[[142.2169,27.0414],[142.217,27.0414],[142.217,27.0415],[142.2169,27.0415],[142.2169,27.0414]]],[[[142.217,27.0411],[142.2171,27.0411],[142.2171,27.0412],[142.217,27.0412],[142.217,27.0411]]],[[[142.2171,27.0414],[142.2171,27.0414],[142.2171,27.0415],[142.2171,27.0415],[142.2171,27.0414]]],[[[142.2173,27.0415],[142.2174,27.0415],[142.2174,27.0415],[142.2173,27.0415],[142.2173,27.0415]]],[[[142.2174,27.0415],[142.2174,27.0415],[142.2174,27.0416],[142.2174,27.0416],[142.2174,27.0415]]],[[[142.2175,27.0403],[142.2176,27.0403],[142.2176,27.0403],[142.2175,27.0403],[142.2175,27.0403]]],[[[142.2174,27.0408],[142.2175,27.0408],[142.2175,27.0408],[142.2174,27.0408],[142.2174,27.0408]]],[[[142.2178,27.0407],[142.2179,27.0407],[142.2179,27.0408],[142.2178,27.0408],[142.2178,27.0407]]],[[[142.2178,27.0408],[142.2179,27.0408],[142.2179,27.0409],[142.2178,27.0409],[142.2178,27.0408]]],[[[142.2181,27.0407],[142.2182,27.0407],[142.2182,27.0408],[142.2181,27.0408],[142.2181,27.0407]]],[[[142.2174,27.0412],[142.2175,27.0412],[142.2175,27.0413],[142.2174,27.0413],[142.2174,27.0412]]],[[[142.2174,27.0414],[142.2175,27.0414],[142.2175,27.0415],[142.2174,27.0415],[142.2174,27.0414]]],[[[142.2177,27.0412],[142.2177,27.0412],[142.2177,27.0412],[142.2177,27.0412],[142.2177,27.0412]]],[[[142.2175,27.0413],[142.2176,27.0413],[142.2176,27.0413],[142.2175,27.0413],[142.2175,27.0413]]],[[[142.2175,27.0415],[142.2176,27.0415],[142.2176,27.0416],[142.2175,27.0416],[142.2175,27.0415]]],[[[142.2176,27.0416],[142.2177,27.0416],[142.2177,27.0416],[142.2176,27.0416],[142.2176,27.0416]]],[[[142.2178,27.041],[142.2178,27.041],[142.2178,27.0411],[142.2178,27.0411],[142.2178,27.041]]],[[[142.2178,27.0414],[142.2179,27.0414],[142.2179,27.0415],[142.2178,27.0415],[142.2178,27.0414]]],[[[142.2179,27.0412],[142.218,27.0412],[142.218,27.0413],[142.2179,27.0413],[142.2179,27.0412]]],[[[142.218,27.0414],[142.218,27.0414],[142.218,27.0415],[142.218,27.0415],[142.218,27.0414]]],[[[142.218,27.0414],[142.2181,27.0414],[142.2181,27.0415],[142.218,27.0415],[142.218,27.0414]]],[[[142.2181,27.0414],[142.2181,27.0414],[142.2181,27.0414],[142.2181,27.0414],[142.2181,27.0414]]],[[[142.2182,27.0415],[142.2182,27.0415],[142.2182,27.0415],[142.2182,27.0415],[142.2182,27.0415]]],[[[142.195,27.0384],[142.1952,27.0384],[142.1952,27.0386],[142.195,27.0386],[142.195,27.0384]]],[[[142.1951,27.0385],[142.1952,27.0385],[142.1952,27.0385],[142.1951,27.0385],[142.1951,27.0385]]],[[[142.1953,27.0382],[142.1955,27.0382],[142.1955,27.0384],[142.1953,27.0384],[142.1953,27.0382]]],[[[142.1957,27.0386],[142.1958,27.0386],[142.1958,27.0386],[142.1957,27.0386],[142.1957,27.0386]]],[[[142.1957,27.0387],[142.1957,27.0387],[142.1957,27.0387],[142.1957,27.0387],[142.1957,27.0387]]],[[[142.1958,27.0385],[142.1958,27.0385],[142.1958,27.0386],[142.1958,27.0386],[142.1958,27.0385]]],[[[142.196,27.0384],[142.196,27.0384],[142.196,27.0384],[142.196,27.0384],[142.196,27.0384]]],[[[142.196,27.0385],[142.196,27.0385],[142.196,27.0385],[142.196,27.0385],[142.196,27.0385]]],[[[142.1831,27.037],[142.1838,27.037],[142.1838,27.0378],[142.1831,27.0378],[142.1831,27.037]]],[[[142.1825,27.0378],[142.1833,27.0378],[142.1833,27.0384],[142.1825,27.0384],[142.1825,27.0378]]],[[[142.186,27.0375],[142.1866,27.0372],[142.1862,27.0367],[142.186,27.0375]]],[[[142.1954,27.0388],[142.1956,27.0388],[142.1956,27.0389],[142.1954,27.0389],[142.1954,27.0388]]],[[[142.1955,27.0389],[142.1956,27.0389],[142.1956,27.0389],[142.1955,27.0389],[142.1955,27.0389]]],[[[142.1851,27.0395],[142.1853,27.0395],[142.1853,27.0397],[142.1851,27.0397],[142.1851,27.0395]]],[[[142.1861,27.0397],[142.1862,27.0397],[142.1862,27.0398],[142.1861,27.0398],[142.1861,27.0397]]],[[[142.1861,27.0398],[142.1862,27.0398],[142.1862,27.0399],[142.1861,27.0399],[142.1861,27.0398]]],[[[142.1862,27.0398],[142.1863,27.0398],[142.1863,27.0399],[142.1862,27.0399],[142.1862,27.0398]]],[[[142.1933,27.0402],[142.1933,27.0402],[142.1933,27.0402],[142.1933,27.0402],[142.1933,27.0402]]],[[[142.1935,27.0399],[142.1935,27.0399],[142.1935,27.04],[142.1935,27.04],[142.1935,27.0399]]],[[[142.1936,27.0398],[142.1937,27.0398],[142.1937,27.0398],[142.1936,27.0398],[142.1936,27.0398]]],[[[142.1936,27.0399],[142.1937,27.0399],[142.1937,27.0401],[142.1936,27.0401],[142.1936,27.0399]]],[[[142.194,27.04],[142.1942,27.04],[142.1942,27.04],[142.194,27.04],[142.194,27.04]]],[[[142.1933,27.0401],[142.1934,27.0401],[142.1934,27.0402],[142.1933,27.0402],[142.1933,27.0401]]],[[[142.1934,27.04],[142.1935,27.04],[142.1935,27.0401],[142.1934,27.0401],[142.1934,27.04]]],[[[142.1938,27.0402],[142.1939,27.0402],[142.1939,27.0403],[142.1938,27.0403],[142.1938,27.0402]]],[[[142.194,27.0401],[142.1941,27.0401],[142.1941,27.0401],[142.194,27.0401],[142.194,27.0401]]],[[[142.1942,27.0402],[142.1943,27.0402],[142.1943,27.0403],[142.1942,27.0403],[142.1942,27.0402]]],[[[142.1957,27.039],[142.1957,27.039],[142.1957,27.0391],[142.1957,27.0391],[142.1957,27.039]]],[[[142.1959,27.0387],[142.196,27.0387],[142.196,27.0388],[142.1959,27.0388],[142.1959,27.0387]]],[[[142.1835,27.0399],[142.1839,27.0399],[142.1839,27.0403],[142.1835,27.0403],[142.1835,27.0399]]],[[[142.1876,27.0445],[142.1876,27.0445],[142.1876,27.0446],[142.1876,27.0446],[142.1876,27.0445]]],[[[142.1876,27.0445],[142.1878,27.0445],[142.1878,27.0446],[142.1876,27.0446],[142.1876,27.0445]]],[[[142.1818,27.0405],[142.182,27.0405],[142.182,27.0407],[142.1818,27.0407],[142.1818,27.0405]]],[[[142.1817,27.0409],[142.1818,27.0409],[142.1818,27.0409],[142.1817,27.0409],[142.1817,27.0409]]],[[[142.1819,27.0408],[142.182,27.0408],[142.182,27.0409],[142.1819,27.0409],[142.1819,27.0408]]],[[[142.1824,27.0404],[142.1827,27.0404],[142.1827,27.0406],[142.1824,27.0406],[142.1824,27.0404]]],[[[142.1821,27.0405],[142.1823,27.0405],[142.1823,27.0406],[142.1821,27.0406],[142.1821,27.0405]]],[[[142.183,27.0437],[142.1834,27.0437],[142.1834,27.044],[142.183,27.044],[142.183,27.0437]]],[[[142.1862,27.0423],[142.1863,27.0423],[142.1863,27.0424],[142.1862,27.0424],[142.1862,27.0423]]],[[[142.1863,27.0425],[142.1864,27.0425],[142.1864,27.0426],[142.1863,27.0426],[142.1863,27.0425]]],[[[142.1863,27.0426],[142.1865,27.0426],[142.1865,27.0427],[142.1863,27.0427],[142.1863,27.0426]]],[[[142.1863,27.0429],[142.1864,27.0429],[142.1864,27.043],[142.1863,27.043],[142.1863,27.0429]]],[[[142.1839,27.0431],[142.1844,27.0431],[142.1844,27.0434],[142.1839,27.0434],[142.1839,27.0431]]],[[[142.1864,27.0431],[142.1864,27.0431],[142.1864,27.0432],[142.1864,27.0432],[142.1864,27.0431]]],[[[142.1863,27.0438],[142.1863,27.0438],[142.1863,27.0438],[142.1863,27.0438],[142.1863,27.0438]]],[[[142.1863,27.0438],[142.1864,27.0438],[142.1864,27.0439],[142.1863,27.0439],[142.1863,27.0438]]],[[[142.1868,27.0443],[142.1869,27.0443],[142.1869,27.0443],[142.1868,27.0443],[142.1868,27.0443]]],[[[142.1878,27.0444],[142.1879,27.0444],[142.1879,27.0444],[142.1878,27.0444],[142.1878,27.0444]]],[[[142.1824,27.0422],[142.1828,27.0422],[142.1828,27.0426],[142.1824,27.0426],[142.1824,27.0422]]],[[[142.1815,27.0435],[142.1829,27.0435],[142.1829,27.044],[142.1815,27.044],[142.1815,27.0435]]],[[[142.191,27.042],[142.191,27.042],[142.191,27.0421],[142.191,27.0421],[142.191,27.042]]],[[[142.1909,27.0421],[142.191,27.0421],[142.191,27.0422],[142.1909,27.0422],[142.1909,27.0421]]],[[[142.191,27.0422],[142.1911,27.0422],[142.1911,27.0423],[142.191,27.0423],[142.191,27.0422]]],[[[142.1911,27.0422],[142.1912,27.0422],[142.1912,27.0423],[142.1911,27.0423],[142.1911,27.0422]]],[[[142.1912,27.0418],[142.1913,27.0418],[142.1913,27.0419],[142.1912,27.0419],[142.1912,27.0418]]],[[[142.1905,27.0424],[142.1906,27.0424],[142.1906,27.0426],[142.1905,27.0426],[142.1905,27.0424]]],[[[142.1906,27.0427],[142.1906,27.0427],[142.1906,27.0427],[142.1906,27.0427],[142.1906,27.0427]]],[[[142.1904,27.0428],[142.1905,27.0428],[142.1905,27.0428],[142.1904,27.0428],[142.1904,27.0428]]],[[[142.1904,27.0428],[142.1905,27.0428],[142.1905,27.0429],[142.1904,27.0429],[142.1904,27.0428]]],[[[142.1905,27.0428],[142.1906,27.0428],[142.1906,27.0429],[142.1905,27.0429],[142.1905,27.0428]]],[[[142.1907,27.0426],[142.1908,27.0426],[142.1908,27.0427],[142.1907,27.0427],[142.1907,27.0426]]],[[[142.1908,27.0425],[142.1909,27.0425],[142.1909,27.0426],[142.1908,27.0426],[142.1908,27.0425]]],[[[142.1911,27.042],[142.1911,27.042],[142.1911,27.0421],[142.1911,27.0421],[142.1911,27.042]]],[[[142.191,27.0424],[142.191,27.0424],[142.191,27.0424],[142.191,27.0424],[142.191,27.0424]]],[[[142.191,27.0423],[142.1911,27.0423],[142.1911,27.0424],[142.191,27.0424],[142.191,27.0423]]],[[[142.1912,27.0421],[142.1913,27.0421],[142.1913,27.0421],[142.1912,27.0421],[142.1912,27.0421]]],[[[142.1912,27.0421],[142.1912,27.0421],[142.1912,27.0422],[142.1912,27.0422],[142.1912,27.0421]]],[[[142.1913,27.0423],[142.1913,27.0423],[142.1913,27.0423],[142.1913,27.0423],[142.1913,27.0423]]],[[[142.1914,27.0423],[142.1914,27.0423],[142.1914,27.0423],[142.1914,27.0423],[142.1914,27.0423]]],[[[142.1914,27.0414],[142.1915,27.0414],[142.1915,27.0416],[142.1914,27.0416],[142.1914,27.0414]]],[[[142.1919,27.042],[142.1919,27.042],[142.1919,27.0421],[142.1919,27.0421],[142.1919,27.042]]],[[[142.1919,27.0421],[142.1919,27.0421],[142.1919,27.0422],[142.1919,27.0422],[142.1919,27.0421]]],[[[142.1928,27.0408],[142.1928,27.0408],[142.1928,27.0408],[142.1928,27.0408],[142.1928,27.0408]]],[[[142.1929,27.0404],[142.193,27.0404],[142.193,27.0407],[142.1929,27.0407],[142.1929,27.0404]]],[[[142.1931,27.0407],[142.1931,27.0407],[142.1931,27.0408],[142.1931,27.0408],[142.1931,27.0407]]],[[[142.1932,27.0405],[142.1933,27.0405],[142.1933,27.0406],[142.1932,27.0406],[142.1932,27.0405]]],[[[142.1933,27.0407],[142.1934,27.0407],[142.1934,27.0408],[142.1933,27.0408],[142.1933,27.0407]]],[[[142.1933,27.0408],[142.1934,27.0408],[142.1934,27.041],[142.1933,27.041],[142.1933,27.0408]]],[[[142.1915,27.0417],[142.1915,27.0417],[142.1915,27.0418],[142.1915,27.0418],[142.1915,27.0417]]],[[[142.1916,27.042],[142.1917,27.042],[142.1917,27.042],[142.1916,27.042],[142.1916,27.042]]],[[[142.1915,27.0422],[142.1916,27.0422],[142.1916,27.0423],[142.1915,27.0423],[142.1915,27.0422]]],[[[142.1924,27.0419],[142.1925,27.0419],[142.1925,27.0419],[142.1924,27.0419],[142.1924,27.0419]]],[[[142.1926,27.0415],[142.1928,27.0415],[142.1928,27.0416],[142.1926,27.0416],[142.1926,27.0415]]],[[[142.1929,27.0414],[142.193,27.0414],[142.193,27.0415],[142.1929,27.0415],[142.1929,27.0414]]],[[[142.1932,27.041],[142.1932,27.041],[142.1932,27.0411],[142.1932,27.0411],[142.1932,27.041]]],[[[142.1932,27.0411],[142.1932,27.0411],[142.1932,27.0411],[142.1932,27.0411],[142.1932,27.0411]]],[[[142.1925,27.0422],[142.1925,27.0422],[142.1925,27.0422],[142.1925,27.0422],[142.1925,27.0422]]],[[[142.1925,27.0422],[142.1926,27.0422],[142.1926,27.0422],[142.1925,27.0422],[142.1925,27.0422]]],[[[142.1926,27.0421],[142.1927,27.0421],[142.1927,27.0422],[142.1926,27.0422],[142.1926,27.0421]]],[[[142.1933,27.0406],[142.1934,27.0406],[142.1934,27.0407],[142.1933,27.0407],[142.1933,27.0406]]],[[[142.194,27.0409],[142.1941,27.0409],[142.1941,27.041],[142.194,27.041],[142.194,27.0409]]],[[[142.1943,27.0409],[142.1943,27.0409],[142.1943,27.0409],[142.1943,27.0409],[142.1943,27.0409]]],[[[142.1943,27.0409],[142.1945,27.0409],[142.1945,27.041],[142.1943,27.041],[142.1943,27.0409]]],[[[142.1944,27.041],[142.1945,27.041],[142.1945,27.0411],[142.1944,27.0411],[142.1944,27.041]]],[[[142.1939,27.0409],[142.1944,27.0409],[142.1944,27.0414],[142.1939,27.0414],[142.1939,27.0409]]],[[[142.1939,27.0404],[142.1939,27.0404],[142.1939,27.0404],[142.1939,27.0404],[142.1939,27.0404]]],[[[142.1939,27.0405],[142.1939,27.0405],[142.1939,27.0405],[142.1939,27.0405],[142.1939,27.0405]]],[[[142.1941,27.0403],[142.1942,27.0403],[142.1942,27.0403],[142.1941,27.0403],[142.1941,27.0403]]],[[[142.1941,27.0403],[142.1941,27.0403],[142.1941,27.0404],[142.1941,27.0404],[142.1941,27.0403]]],[[[142.1941,27.0404],[142.1941,27.0404],[142.1941,27.0405],[142.1941,27.0405],[142.1941,27.0404]]],[[[142.1938,27.0407],[142.1939,27.0407],[142.1939,27.0408],[142.1938,27.0408],[142.1938,27.0407]]],[[[142.1939,27.0408],[142.1939,27.0408],[142.1939,27.0408],[142.1939,27.0408],[142.1939,27.0408]]],[[[142.194,27.0408],[142.1941,27.0408],[142.1941,27.0409],[142.194,27.0409],[142.194,27.0408]]],[[[142.1941,27.0407],[142.1942,27.0407],[142.1942,27.0408],[142.1941,27.0408],[142.1941,27.0407]]],[[[142.1942,27.0405],[142.1944,27.0405],[142.1944,27.0406],[142.1942,27.0406],[142.1942,27.0405]]],[[[142.1942,27.0408],[142.1942,27.0408],[142.1942,27.0409],[142.1942,27.0409],[142.1942,27.0408]]],[[[142.1944,27.0404],[142.1945,27.0404],[142.1945,27.0405],[142.1944,27.0405],[142.1944,27.0404]]],[[[142.1943,27.0408],[142.1944,27.0408],[142.1944,27.0408],[142.1943,27.0408],[142.1943,27.0408]]],[[[142.1945,27.041],[142.1946,27.041],[142.1946,27.041],[142.1945,27.041],[142.1945,27.041]]],[[[142.1945,27.0413],[142.1946,27.0413],[142.1946,27.0414],[142.1945,27.0414],[142.1945,27.0413]]],[[[142.1959,27.039],[142.196,27.039],[142.196,27.0391],[142.1959,27.0391],[142.1959,27.039]]],[[[142.196,27.0391],[142.1961,27.0391],[142.1961,27.0392],[142.196,27.0392],[142.196,27.0391]]],[[[142.1965,27.0395],[142.1966,27.0395],[142.1966,27.0396],[142.1965,27.0396],[142.1965,27.0395]]],[[[142.1966,27.0395],[142.1967,27.0395],[142.1967,27.0395],[142.1966,27.0395],[142.1966,27.0395]]],[[[142.1966,27.0396],[142.1967,27.0396],[142.1967,27.0397],[142.1966,27.0397],[142.1966,27.0396]]],[[[142.1967,27.0396],[142.1967,27.0396],[142.1967,27.0397],[142.1967,27.0397],[142.1967,27.0396]]],[[[142.1959,27.0388],[142.196,27.0388],[142.196,27.0389],[142.1959,27.0389],[142.1959,27.0388]]],[[[142.1962,27.0388],[142.1963,27.0388],[142.1963,27.039],[142.1962,27.039],[142.1962,27.0388]]],[[[142.1964,27.0389],[142.1965,27.0389],[142.1965,27.0391],[142.1964,27.0391],[142.1964,27.0389]]],[[[142.1965,27.0387],[142.1966,27.0387],[142.1966,27.0388],[142.1965,27.0388],[142.1965,27.0387]]],[[[142.196,27.0392],[142.1961,27.0392],[142.1961,27.0393],[142.196,27.0393],[142.196,27.0392]]],[[[142.1961,27.0392],[142.1962,27.0392],[142.1962,27.0393],[142.1961,27.0393],[142.1961,27.0392]]],[[[142.1961,27.0394],[142.1962,27.0394],[142.1962,27.0395],[142.1961,27.0395],[142.1961,27.0394]]],[[[142.1962,27.0394],[142.1963,27.0394],[142.1963,27.0394],[142.1962,27.0394],[142.1962,27.0394]]],[[[142.1964,27.0391],[142.1965,27.0391],[142.1965,27.0392],[142.1964,27.0392],[142.1964,27.0391]]],[[[142.1963,27.0397],[142.1964,27.0397],[142.1964,27.0398],[142.1963,27.0398],[142.1963,27.0397]]],[[[142.1966,27.0397],[142.1967,27.0397],[142.1967,27.0398],[142.1966,27.0398],[142.1966,27.0397]]],[[[142.2136,27.0395],[142.2137,27.0395],[142.2137,27.0395],[142.2136,27.0395],[142.2136,27.0395]]],[[[142.2139,27.0391],[142.2139,27.0391],[142.2139,27.0392],[142.2139,27.0392],[142.2139,27.0391]]],[[[142.2138,27.0392],[142.2139,27.0392],[142.2139,27.0392],[142.2138,27.0392],[142.2138,27.0392]]],[[[142.2143,27.0392],[142.2144,27.0392],[142.2144,27.0393],[142.2143,27.0393],[142.2143,27.0392]]],[[[142.2144,27.0393],[142.2144,27.0393],[142.2144,27.0394],[142.2144,27.0394],[142.2144,27.0393]]],[[[142.2173,27.0398],[142.2174,27.0398],[142.2174,27.0399],[142.2173,27.0399],[142.2173,27.0398]]],[[[142.2173,27.0399],[142.2174,27.0399],[142.2174,27.04],[142.2173,27.04],[142.2173,27.0399]]],[[[142.2174,27.0401],[142.2174,27.0401],[142.2174,27.0402],[142.2174,27.0402],[142.2174,27.0401]]],[[[142.2174,27.04],[142.2175,27.04],[142.2175,27.0401],[142.2174,27.0401],[142.2174,27.04]]],[[[142.2259,27.039],[142.2259,27.039],[142.2259,27.039],[142.2259,27.039],[142.2259,27.039]]],[[[142.225,27.0392],[142.2251,27.0392],[142.2251,27.0393],[142.225,27.0393],[142.225,27.0392]]],[[[142.2252,27.0391],[142.2253,27.0391],[142.2253,27.0391],[142.2252,27.0391],[142.2252,27.0391]]],[[[142.2253,27.0391],[142.2254,27.0391],[142.2254,27.0392],[142.2253,27.0392],[142.2253,27.0391]]],[[[142.2252,27.0393],[142.2252,27.0393],[142.2252,27.0393],[142.2252,27.0393],[142.2252,27.0393]]],[[[142.2252,27.0394],[142.2252,27.0394],[142.2252,27.0394],[142.2252,27.0394],[142.2252,27.0394]]],[[[142.2255,27.0392],[142.2256,27.0392],[142.2256,27.0393],[142.2255,27.0393],[142.2255,27.0392]]],[[[142.2258,27.0391],[142.2259,27.0391],[142.2259,27.0391],[142.2258,27.0391],[142.2258,27.0391]]],[[[142.2259,27.0391],[142.2259,27.0391],[142.2259,27.0392],[142.2259,27.0392],[142.2259,27.0391]]],[[[142.226,27.0392],[142.226,27.0392],[142.226,27.0392],[142.226,27.0392],[142.226,27.0392]]],[[[142.2278,27.0392],[142.2287,27.0392],[142.2287,27.0397],[142.2278,27.0397],[142.2278,27.0392]]],[[[142.1817,27.0455],[142.1819,27.0455],[142.1819,27.0457],[142.1817,27.0457],[142.1817,27.0455]]],[[[142.1814,27.0472],[142.1825,27.0468],[142.1826,27.0458],[142.1814,27.0472]]],[[[142.1893,27.0684],[142.1895,27.0684],[142.1895,27.0685],[142.1893,27.0685],[142.1893,27.0684]]],[[[142.1893,27.0685],[142.1894,27.0685],[142.1894,27.0686],[142.1893,27.0686],[142.1893,27.0685]]],[[[142.1709,27.045],[142.171,27.045],[142.171,27.0451],[142.1709,27.0451],[142.1709,27.045]]],[[[142.171,27.0452],[142.171,27.0452],[142.171,27.0453],[142.171,27.0453],[142.171,27.0452]]],[[[142.1791,27.0451],[142.1794,27.0451],[142.1794,27.0453],[142.1791,27.0453],[142.1791,27.0451]]],[[[142.1796,27.0452],[142.1797,27.0452],[142.1797,27.0453],[142.1796,27.0453],[142.1796,27.0452]]],[[[142.1798,27.0453],[142.1798,27.0453],[142.1798,27.0453],[142.1798,27.0453],[142.1798,27.0453]]],[[[142.1803,27.0453],[142.1813,27.0453],[142.1813,27.0456],[142.1803,27.0456],[142.1803,27.0453]]],[[[142.1842,27.0486],[142.1843,27.0486],[142.1843,27.0486],[142.1842,27.0486],[142.1842,27.0486]]],[[[142.1843,27.0484],[142.1845,27.0484],[142.1845,27.0485],[142.1843,27.0485],[142.1843,27.0484]]],[[[142.1843,27.0485],[142.1844,27.0485],[142.1844,27.0486],[142.1843,27.0486],[142.1843,27.0485]]],[[[142.1843,27.0488],[142.1844,27.0488],[142.1844,27.0488],[142.1843,27.0488],[142.1843,27.0488]]],[[[142.1847,27.0484],[142.1847,27.0484],[142.1847,27.0484],[142.1847,27.0484],[142.1847,27.0484]]],[[[142.185,27.0486],[142.1851,27.0486],[142.1851,27.0487],[142.185,27.0487],[142.185,27.0486]]],[[[142.1851,27.0484],[142.1851,27.0484],[142.1851,27.0485],[142.1851,27.0485],[142.1851,27.0484]]],[[[142.1854,27.0485],[142.1854,27.0485],[142.1854,27.0485],[142.1854,27.0485],[142.1854,27.0485]]],[[[142.186,27.0484],[142.186,27.0484],[142.186,27.0485],[142.186,27.0485],[142.186,27.0484]]],[[[142.1859,27.0544],[142.186,27.0544],[142.186,27.0545],[142.1859,27.0545],[142.1859,27.0544]]],[[[142.1861,27.0542],[142.1862,27.0542],[142.1862,27.0543],[142.1861,27.0543],[142.1861,27.0542]]],[[[142.1861,27.0544],[142.1861,27.0544],[142.1861,27.0544],[142.1861,27.0544],[142.1861,27.0544]]],[[[142.1861,27.0545],[142.1862,27.0545],[142.1862,27.0545],[142.1861,27.0545],[142.1861,27.0545]]],[[[142.1863,27.0543],[142.1863,27.0543],[142.1863,27.0544],[142.1863,27.0544],[142.1863,27.0543]]],[[[142.1857,27.0553],[142.1857,27.0553],[142.1857,27.0554],[142.1857,27.0554],[142.1857,27.0553]]],[[[142.1861,27.055],[142.1862,27.055],[142.1862,27.0551],[142.1861,27.0551],[142.1861,27.055]]],[[[142.1862,27.0551],[142.1862,27.0551],[142.1862,27.0551],[142.1862,27.0551],[142.1862,27.0551]]],[[[142.1863,27.0552],[142.1863,27.0552],[142.1863,27.0553],[142.1863,27.0553],[142.1863,27.0552]]],[[[142.1864,27.0553],[142.1864,27.0553],[142.1864,27.0554],[142.1864,27.0554],[142.1864,27.0553]]],[[[142.1866,27.0555],[142.1867,27.0555],[142.1867,27.0557],[142.1866,27.0557],[142.1866,27.0555]]],[[[142.1839,27.0565],[142.184,27.0565],[142.184,27.0566],[142.1839,27.0566],[142.1839,27.0565]]],[[[142.1841,27.0556],[142.1842,27.0556],[142.1842,27.0557],[142.1841,27.0557],[142.1841,27.0556]]],[[[142.1841,27.0557],[142.1842,27.0557],[142.1842,27.0558],[142.1841,27.0558],[142.1841,27.0557]]],[[[142.1842,27.0563],[142.1843,27.0563],[142.1843,27.0564],[142.1842,27.0564],[142.1842,27.0563]]],[[[142.1844,27.0562],[142.1844,27.0562],[142.1844,27.0563],[142.1844,27.0563],[142.1844,27.0562]]],[[[142.186,27.056],[142.1861,27.056],[142.1861,27.0561],[142.186,27.0561],[142.186,27.056]]],[[[142.1863,27.0569],[142.1863,27.0569],[142.1863,27.057],[142.1863,27.057],[142.1863,27.0569]]],[[[142.1864,27.0569],[142.1865,27.0569],[142.1865,27.057],[142.1864,27.057],[142.1864,27.0569]]],[[[142.1861,27.0578],[142.1861,27.0578],[142.1861,27.058],[142.1861,27.058],[142.1861,27.0578]]],[[[142.186,27.0583],[142.1861,27.0583],[142.1861,27.0583],[142.186,27.0583],[142.186,27.0583]]],[[[142.1868,27.0571],[142.1869,27.0571],[142.1869,27.0571],[142.1868,27.0571],[142.1868,27.0571]]],[[[142.1866,27.0572],[142.1867,27.0572],[142.1867,27.0572],[142.1866,27.0572],[142.1866,27.0572]]],[[[142.1865,27.0575],[142.1866,27.0575],[142.1866,27.0576],[142.1865,27.0576],[142.1865,27.0575]]],[[[142.1865,27.0577],[142.1865,27.0577],[142.1865,27.0577],[142.1865,27.0577],[142.1865,27.0577]]],[[[142.1853,27.0594],[142.1854,27.0594],[142.1854,27.0595],[142.1853,27.0595],[142.1853,27.0594]]],[[[142.1874,27.0587],[142.1874,27.0587],[142.1874,27.0588],[142.1874,27.0588],[142.1874,27.0587]]],[[[142.187,27.0601],[142.1872,27.0601],[142.1872,27.0604],[142.187,27.0604],[142.187,27.0601]]],[[[142.1873,27.0603],[142.1873,27.0603],[142.1873,27.0604],[142.1873,27.0604],[142.1873,27.0603]]],[[[142.1872,27.0604],[142.1873,27.0604],[142.1873,27.0604],[142.1872,27.0604],[142.1872,27.0604]]],[[[142.187,27.0606],[142.1871,27.0606],[142.1871,27.0607],[142.187,27.0607],[142.187,27.0606]]],[[[142.1902,27.0426],[142.1904,27.0426],[142.1904,27.0428],[142.1902,27.0428],[142.1902,27.0426]]],[[[142.1902,27.0428],[142.1904,27.0428],[142.1904,27.043],[142.1902,27.043],[142.1902,27.0428]]],[[[142.1903,27.0429],[142.1904,27.0429],[142.1904,27.043],[142.1903,27.043],[142.1903,27.0429]]],[[[142.189,27.0439],[142.189,27.0439],[142.189,27.0439],[142.189,27.0439],[142.189,27.0439]]],[[[142.189,27.0439],[142.1891,27.0439],[142.1891,27.0441],[142.189,27.0441],[142.189,27.0439]]],[[[142.1896,27.0427],[142.1897,27.0427],[142.1897,27.0428],[142.1896,27.0428],[142.1896,27.0427]]],[[[142.1897,27.0427],[142.1898,27.0427],[142.1898,27.0427],[142.1897,27.0427],[142.1897,27.0427]]],[[[142.1878,27.0444],[142.1879,27.0444],[142.1879,27.0445],[142.1878,27.0445],[142.1878,27.0444]]],[[[142.1878,27.0445],[142.1879,27.0445],[142.1879,27.0446],[142.1878,27.0446],[142.1878,27.0445]]],[[[142.1879,27.0445],[142.188,27.0445],[142.188,27.0446],[142.1879,27.0446],[142.1879,27.0445]]],[[[142.1881,27.044],[142.1881,27.044],[142.1881,27.0441],[142.1881,27.0441],[142.1881,27.044]]],[[[142.1887,27.0439],[142.1888,27.0439],[142.1888,27.044],[142.1887,27.044],[142.1887,27.0439]]],[[[142.1889,27.0438],[142.189,27.0438],[142.189,27.0439],[142.1889,27.0439],[142.1889,27.0438]]],[[[142.1893,27.0435],[142.1893,27.0435],[142.1893,27.0436],[142.1893,27.0436],[142.1893,27.0435]]],[[[142.1893,27.0436],[142.1893,27.0436],[142.1893,27.0436],[142.1893,27.0436],[142.1893,27.0436]]],[[[142.1887,27.0442],[142.1887,27.0442],[142.1887,27.0442],[142.1887,27.0442],[142.1887,27.0442]]],[[[142.1894,27.0435],[142.1895,27.0435],[142.1895,27.0436],[142.1894,27.0436],[142.1894,27.0435]]],[[[142.1896,27.0439],[142.1897,27.0439],[142.1897,27.0439],[142.1896,27.0439],[142.1896,27.0439]]],[[[142.19,27.0431],[142.1901,27.0431],[142.1901,27.0432],[142.19,27.0432],[142.19,27.0431]]],[[[142.1902,27.043],[142.1902,27.043],[142.1902,27.0431],[142.1902,27.0431],[142.1902,27.043]]],[[[142.1947,27.0404],[142.1948,27.0404],[142.1948,27.0405],[142.1947,27.0405],[142.1947,27.0404]]],[[[142.1947,27.0405],[142.1948,27.0405],[142.1948,27.0405],[142.1947,27.0405],[142.1947,27.0405]]],[[[142.1946,27.0408],[142.1946,27.0408],[142.1946,27.0408],[142.1946,27.0408],[142.1946,27.0408]]],[[[142.1945,27.0408],[142.1946,27.0408],[142.1946,27.0409],[142.1945,27.0409],[142.1945,27.0408]]],[[[142.1946,27.0411],[142.1946,27.0411],[142.1946,27.0412],[142.1946,27.0412],[142.1946,27.0411]]],[[[142.1947,27.0412],[142.1947,27.0412],[142.1947,27.0412],[142.1947,27.0412],[142.1947,27.0412]]],[[[142.1946,27.0412],[142.1947,27.0412],[142.1947,27.0413],[142.1946,27.0413],[142.1946,27.0412]]],[[[142.1948,27.0414],[142.1948,27.0414],[142.1948,27.0414],[142.1948,27.0414],[142.1948,27.0414]]],[[[142.1949,27.0411],[142.195,27.0411],[142.195,27.0412],[142.1949,27.0412],[142.1949,27.0411]]],[[[142.1951,27.0415],[142.1951,27.0415],[142.1951,27.0415],[142.1951,27.0415],[142.1951,27.0415]]],[[[142.1949,27.0422],[142.1949,27.0422],[142.1949,27.0423],[142.1949,27.0423],[142.1949,27.0422]]],[[[142.195,27.0423],[142.1951,27.0423],[142.1951,27.0423],[142.195,27.0423],[142.195,27.0423]]],[[[142.1949,27.0424],[142.195,27.0424],[142.195,27.0425],[142.1949,27.0425],[142.1949,27.0424]]],[[[142.1951,27.0424],[142.1951,27.0424],[142.1951,27.0424],[142.1951,27.0424],[142.1951,27.0424]]],[[[142.1951,27.0425],[142.1951,27.0425],[142.1951,27.0425],[142.1951,27.0425],[142.1951,27.0425]]],[[[142.1953,27.0426],[142.1953,27.0426],[142.1953,27.0427],[142.1953,27.0427],[142.1953,27.0426]]],[[[142.1955,27.0429],[142.1955,27.0429],[142.1955,27.043],[142.1955,27.043],[142.1955,27.0429]]],[[[142.1965,27.0446],[142.1965,27.0446],[142.1965,27.0446],[142.1965,27.0446],[142.1965,27.0446]]],[[[142.1969,27.0447],[142.197,27.0447],[142.197,27.0448],[142.1969,27.0448],[142.1969,27.0447]]],[[[142.197,27.0445],[142.1971,27.0445],[142.1971,27.0445],[142.197,27.0445],[142.197,27.0445]]],[[[142.2012,27.0443],[142.2013,27.0443],[142.2013,27.0444],[142.2012,27.0444],[142.2012,27.0443]]],[[[142.2012,27.0444],[142.2013,27.0444],[142.2013,27.0445],[142.2012,27.0445],[142.2012,27.0444]]],[[[142.2017,27.0442],[142.2018,27.0442],[142.2018,27.0443],[142.2017,27.0443],[142.2017,27.0442]]],[[[142.2018,27.0442],[142.2019,27.0442],[142.2019,27.0443],[142.2018,27.0443],[142.2018,27.0442]]],[[[142.197,27.0444],[142.1971,27.0444],[142.1971,27.0445],[142.197,27.0445],[142.197,27.0444]]],[[[142.1971,27.0447],[142.1971,27.0447],[142.1971,27.0448],[142.1971,27.0448],[142.1971,27.0447]]],[[[142.197,27.0449],[142.1971,27.0449],[142.1971,27.0449],[142.197,27.0449],[142.197,27.0449]]],[[[142.1972,27.0449],[142.1973,27.0449],[142.1973,27.0449],[142.1972,27.0449],[142.1972,27.0449]]],[[[142.1974,27.0445],[142.1974,27.0445],[142.1974,27.0446],[142.1974,27.0446],[142.1974,27.0445]]],[[[142.1975,27.0449],[142.1975,27.0449],[142.1975,27.0449],[142.1975,27.0449],[142.1975,27.0449]]],[[[142.1975,27.0448],[142.1975,27.0448],[142.1975,27.0448],[142.1975,27.0448],[142.1975,27.0448]]],[[[142.1973,27.0449],[142.1974,27.0449],[142.1974,27.045],[142.1973,27.045],[142.1973,27.0449]]],[[[142.1974,27.045],[142.1975,27.045],[142.1975,27.045],[142.1974,27.045],[142.1974,27.045]]],[[[142.1976,27.045],[142.1976,27.045],[142.1976,27.045],[142.1976,27.045],[142.1976,27.045]]],[[[142.198,27.045],[142.1981,27.045],[142.1981,27.0451],[142.198,27.0451],[142.198,27.045]]],[[[142.201,27.0444],[142.2011,27.0444],[142.2011,27.0444],[142.201,27.0444],[142.201,27.0444]]],[[[142.2009,27.0447],[142.2011,27.0447],[142.2011,27.0448],[142.2009,27.0448],[142.2009,27.0447]]],[[[142.2016,27.0439],[142.2017,27.0439],[142.2017,27.0439],[142.2016,27.0439],[142.2016,27.0439]]],[[[142.2014,27.0445],[142.2014,27.0445],[142.2014,27.0446],[142.2014,27.0446],[142.2014,27.0445]]],[[[142.2019,27.044],[142.202,27.044],[142.202,27.0441],[142.2019,27.0441],[142.2019,27.044]]],[[[142.1893,27.0545],[142.1894,27.0545],[142.1894,27.0545],[142.1893,27.0545],[142.1893,27.0545]]],[[[142.1894,27.0545],[142.1894,27.0545],[142.1894,27.0546],[142.1894,27.0546],[142.1894,27.0545]]],[[[142.1879,27.0482],[142.188,27.0482],[142.188,27.0483],[142.1879,27.0483],[142.1879,27.0482]]],[[[142.1884,27.0492],[142.1885,27.0492],[142.1885,27.0493],[142.1884,27.0493],[142.1884,27.0492]]],[[[142.1885,27.0491],[142.1887,27.0491],[142.1887,27.0492],[142.1885,27.0492],[142.1885,27.0491]]],[[[142.1888,27.0523],[142.189,27.0523],[142.189,27.0524],[142.1888,27.0524],[142.1888,27.0523]]],[[[142.1891,27.052],[142.1893,27.052],[142.1893,27.0521],[142.1891,27.0521],[142.1891,27.052]]],[[[142.1891,27.0523],[142.1891,27.0523],[142.1891,27.0523],[142.1891,27.0523],[142.1891,27.0523]]],[[[142.1886,27.0534],[142.1888,27.0534],[142.1888,27.0535],[142.1886,27.0535],[142.1886,27.0534]]],[[[142.1892,27.0534],[142.1893,27.0534],[142.1893,27.0534],[142.1892,27.0534],[142.1892,27.0534]]],[[[142.189,27.0541],[142.1891,27.0541],[142.1891,27.0542],[142.189,27.0542],[142.189,27.0541]]],[[[142.1891,27.0541],[142.1892,27.0541],[142.1892,27.0541],[142.1891,27.0541],[142.1891,27.0541]]],[[[142.1892,27.0545],[142.1892,27.0545],[142.1892,27.0546],[142.1892,27.0546],[142.1892,27.0545]]],[[[142.1893,27.0542],[142.1894,27.0542],[142.1894,27.0543],[142.1893,27.0543],[142.1893,27.0542]]],[[[142.1893,27.0546],[142.1893,27.0546],[142.1893,27.0546],[142.1893,27.0546],[142.1893,27.0546]]],[[[142.1895,27.0512],[142.1895,27.0512],[142.1895,27.0513],[142.1895,27.0513],[142.1895,27.0512]]],[[[142.1895,27.0515],[142.1895,27.0515],[142.1895,27.0515],[142.1895,27.0515],[142.1895,27.0515]]],[[[142.1875,27.0584],[142.1876,27.0584],[142.1876,27.0585],[142.1875,27.0585],[142.1875,27.0584]]],[[[142.1875,27.0587],[142.1876,27.0587],[142.1876,27.0587],[142.1875,27.0587],[142.1875,27.0587]]],[[[142.1876,27.0586],[142.1877,27.0586],[142.1877,27.0586],[142.1876,27.0586],[142.1876,27.0586]]],[[[142.203,27.0443],[142.203,27.0443],[142.203,27.0443],[142.203,27.0443],[142.203,27.0443]]],[[[142.203,27.0441],[142.2033,27.0441],[142.2033,27.0443],[142.203,27.0443],[142.203,27.0441]]],[[[142.202,27.044],[142.2021,27.044],[142.2021,27.0441],[142.202,27.0441],[142.202,27.044]]],[[[142.2022,27.0442],[142.2023,27.0442],[142.2023,27.0443],[142.2022,27.0443],[142.2022,27.0442]]],[[[142.2022,27.0443],[142.2022,27.0443],[142.2022,27.0443],[142.2022,27.0443],[142.2022,27.0443]]],[[[142.2027,27.044],[142.2028,27.044],[142.2028,27.0441],[142.2027,27.0441],[142.2027,27.044]]],[[[142.2027,27.0442],[142.2028,27.0442],[142.2028,27.0442],[142.2027,27.0442],[142.2027,27.0442]]],[[[142.2026,27.0443],[142.2027,27.0443],[142.2027,27.0444],[142.2026,27.0444],[142.2026,27.0443]]],[[[142.2031,27.0443],[142.2031,27.0443],[142.2031,27.0444],[142.2031,27.0444],[142.2031,27.0443]]],[[[142.2027,27.0445],[142.2028,27.0445],[142.2028,27.0445],[142.2027,27.0445],[142.2027,27.0445]]],[[[142.2028,27.0444],[142.2029,27.0444],[142.2029,27.0445],[142.2028,27.0445],[142.2028,27.0444]]],[[[142.2029,27.0444],[142.203,27.0444],[142.203,27.0445],[142.2029,27.0445],[142.2029,27.0444]]],[[[142.2031,27.0435],[142.2032,27.0435],[142.2032,27.0436],[142.2031,27.0436],[142.2031,27.0435]]],[[[142.2032,27.0439],[142.2032,27.0439],[142.2032,27.044],[142.2032,27.044],[142.2032,27.0439]]],[[[142.2033,27.0438],[142.2033,27.0438],[142.2033,27.0438],[142.2033,27.0438],[142.2033,27.0438]]],[[[142.2035,27.0437],[142.2035,27.0437],[142.2035,27.0438],[142.2035,27.0438],[142.2035,27.0437]]],[[[142.2033,27.0443],[142.2034,27.0443],[142.2034,27.0444],[142.2033,27.0444],[142.2033,27.0443]]],[[[142.2037,27.0444],[142.2038,27.0444],[142.2038,27.0445],[142.2037,27.0445],[142.2037,27.0444]]],[[[142.2051,27.0439],[142.2052,27.0439],[142.2052,27.044],[142.2051,27.044],[142.2051,27.0439]]],[[[142.2051,27.044],[142.2053,27.044],[142.2053,27.0441],[142.2051,27.0441],[142.2051,27.044]]],[[[142.1714,27.0448],[142.1714,27.0448],[142.1714,27.0449],[142.1714,27.0449],[142.1714,27.0448]]],[[[142.1712,27.0444],[142.172,27.0444],[142.172,27.0453],[142.1712,27.0453],[142.1712,27.0444]]],[[[142.1767,27.0442],[142.1771,27.0442],[142.1771,27.0445],[142.1767,27.0445],[142.1767,27.0442]]],[[[142.1789,27.0438],[142.179,27.0438],[142.179,27.0439],[142.1789,27.0439],[142.1789,27.0438]]],[[[142.1787,27.0443],[142.177,27.0431],[142.177,27.0439],[142.1787,27.0443]]],[[[142.1693,27.0424],[142.1694,27.0424],[142.1694,27.0426],[142.1693,27.0426],[142.1693,27.0424]]],[[[142.1698,27.0426],[142.1699,27.0426],[142.1699,27.0428],[142.1698,27.0428],[142.1698,27.0426]]],[[[142.171,27.0424],[142.1711,27.0424],[142.1711,27.0425],[142.171,27.0425],[142.171,27.0424]]],[[[142.1712,27.0422],[142.1719,27.0422],[142.1719,27.0425],[142.1712,27.0425],[142.1712,27.0422]]],[[[142.1688,27.0429],[142.169,27.0429],[142.169,27.0431],[142.1688,27.0431],[142.1688,27.0429]]],[[[142.1691,27.0439],[142.1692,27.0439],[142.1692,27.044],[142.1691,27.044],[142.1691,27.0439]]],[[[142.1709,27.0435],[142.1712,27.0435],[142.1712,27.0437],[142.1709,27.0437],[142.1709,27.0435]]],[[[142.1711,27.045],[142.1712,27.045],[142.1712,27.0451],[142.1711,27.0451],[142.1711,27.045]]],[[[142.172,27.0426],[142.1721,27.0426],[142.1721,27.0427],[142.172,27.0427],[142.172,27.0426]]],[[[142.1721,27.0425],[142.1722,27.0425],[142.1722,27.0426],[142.1721,27.0426],[142.1721,27.0425]]],[[[142.1722,27.0428],[142.1724,27.0428],[142.1724,27.043],[142.1722,27.043],[142.1722,27.0428]]],[[[142.1815,27.0409],[142.1818,27.0409],[142.1818,27.0411],[142.1815,27.0411],[142.1815,27.0409]]],[[[142.1804,27.0418],[142.1807,27.0418],[142.1807,27.0421],[142.1804,27.0421],[142.1804,27.0418]]],[[[142.1805,27.0408],[142.1809,27.0408],[142.1809,27.0412],[142.1805,27.0412],[142.1805,27.0408]]],[[[142.1853,27.048],[142.1853,27.048],[142.1853,27.048],[142.1853,27.048],[142.1853,27.048]]],[[[142.1853,27.0479],[142.1854,27.0479],[142.1854,27.048],[142.1853,27.048],[142.1853,27.0479]]],[[[142.1852,27.048],[142.1856,27.048],[142.1856,27.0482],[142.1852,27.0482],[142.1852,27.048]]],[[[142.1855,27.0481],[142.1856,27.0481],[142.1856,27.0482],[142.1855,27.0482],[142.1855,27.0481]]],[[[142.1831,27.0454],[142.1833,27.0454],[142.1833,27.0455],[142.1831,27.0455],[142.1831,27.0454]]],[[[142.1827,27.0468],[142.1831,27.0468],[142.1831,27.0471],[142.1827,27.0471],[142.1827,27.0468]]],[[[142.1827,27.0479],[142.1828,27.0479],[142.1828,27.048],[142.1827,27.048],[142.1827,27.0479]]],[[[142.1835,27.0479],[142.1839,27.0479],[142.1839,27.0483],[142.1835,27.0483],[142.1835,27.0479]]],[[[142.1854,27.0478],[142.1854,27.0478],[142.1854,27.0479],[142.1854,27.0479],[142.1854,27.0478]]],[[[142.1845,27.0482],[142.1847,27.0482],[142.1847,27.0483],[142.1845,27.0483],[142.1845,27.0482]]],[[[142.1848,27.0483],[142.185,27.0483],[142.185,27.0483],[142.1848,27.0483],[142.1848,27.0483]]],[[[142.185,27.0481],[142.1852,27.0481],[142.1852,27.0483],[142.185,27.0483],[142.185,27.0481]]],[[[142.1853,27.0482],[142.1854,27.0482],[142.1854,27.0484],[142.1853,27.0484],[142.1853,27.0482]]],[[[142.1856,27.048],[142.1857,27.048],[142.1857,27.0481],[142.1856,27.0481],[142.1856,27.048]]],[[[142.1859,27.0481],[142.1859,27.0481],[142.1859,27.0482],[142.1859,27.0482],[142.1859,27.0481]]],[[[142.1858,27.0482],[142.1858,27.0482],[142.1858,27.0482],[142.1858,27.0482],[142.1858,27.0482]]],[[[142.1856,27.0483],[142.1856,27.0483],[142.1856,27.0484],[142.1856,27.0484],[142.1856,27.0483]]],[[[142.1861,27.0482],[142.1862,27.0482],[142.1862,27.0483],[142.1861,27.0483],[142.1861,27.0482]]],[[[142.1817,27.0477],[142.1826,27.0477],[142.1826,27.0481],[142.1817,27.0481],[142.1817,27.0477]]],[[[142.1868,27.0608],[142.1868,27.0608],[142.1868,27.0608],[142.1868,27.0608],[142.1868,27.0608]]],[[[142.1868,27.0608],[142.1869,27.0608],[142.1869,27.0608],[142.1868,27.0608],[142.1868,27.0608]]],[[[142.1816,27.0706],[142.1818,27.0706],[142.1818,27.0707],[142.1816,27.0707],[142.1816,27.0706]]],[[[142.1817,27.0706],[142.1819,27.0706],[142.1819,27.0707],[142.1817,27.0707],[142.1817,27.0706]]],[[[142.1837,27.0706],[142.1837,27.0706],[142.1837,27.0706],[142.1837,27.0706],[142.1837,27.0706]]],[[[142.1837,27.0706],[142.1838,27.0706],[142.1838,27.0707],[142.1837,27.0707],[142.1837,27.0706]]],[[[142.1845,27.0611],[142.1847,27.0611],[142.1847,27.0614],[142.1845,27.0614],[142.1845,27.0611]]],[[[142.1867,27.0607],[142.1867,27.0607],[142.1867,27.0607],[142.1867,27.0607],[142.1867,27.0607]]],[[[142.1872,27.0606],[142.1872,27.0606],[142.1872,27.0607],[142.1872,27.0607],[142.1872,27.0606]]],[[[142.1829,27.0701],[142.183,27.0701],[142.183,27.0703],[142.1829,27.0703],[142.1829,27.0701]]],[[[142.1838,27.0702],[142.1839,27.0702],[142.1839,27.0703],[142.1838,27.0703],[142.1838,27.0702]]],[[[142.1825,27.0706],[142.1826,27.0706],[142.1826,27.0707],[142.1825,27.0707],[142.1825,27.0706]]],[[[142.1825,27.0707],[142.1825,27.0707],[142.1825,27.0708],[142.1825,27.0708],[142.1825,27.0707]]],[[[142.1836,27.0707],[142.1836,27.0707],[142.1836,27.0707],[142.1836,27.0707],[142.1836,27.0707]]],[[[142.184,27.0704],[142.1841,27.0704],[142.1841,27.0705],[142.184,27.0705],[142.184,27.0704]]],[[[142.1841,27.0705],[142.1842,27.0705],[142.1842,27.0705],[142.1841,27.0705],[142.1841,27.0705]]],[[[142.1845,27.0706],[142.1846,27.0706],[142.1846,27.0706],[142.1845,27.0706],[142.1845,27.0706]]],[[[142.1863,27.0703],[142.1863,27.0703],[142.1863,27.0704],[142.1863,27.0704],[142.1863,27.0703]]],[[[142.1863,27.0706],[142.1864,27.0706],[142.1864,27.0707],[142.1863,27.0707],[142.1863,27.0706]]],[[[142.1816,27.0733],[142.1818,27.0733],[142.1818,27.0735],[142.1816,27.0735],[142.1816,27.0733]]],[[[142.1817,27.0735],[142.1818,27.0735],[142.1818,27.0735],[142.1817,27.0735],[142.1817,27.0735]]],[[[142.1821,27.0745],[142.1821,27.0745],[142.1821,27.0746],[142.1821,27.0746],[142.1821,27.0745]]],[[[142.1823,27.0745],[142.1824,27.0745],[142.1824,27.0746],[142.1823,27.0746],[142.1823,27.0745]]],[[[142.1823,27.0746],[142.1823,27.0746],[142.1823,27.0746],[142.1823,27.0746],[142.1823,27.0746]]],[[[142.1823,27.0747],[142.1823,27.0747],[142.1823,27.0747],[142.1823,27.0747],[142.1823,27.0747]]],[[[142.1842,27.075],[142.1843,27.075],[142.1843,27.0751],[142.1842,27.0751],[142.1842,27.075]]],[[[142.1844,27.0748],[142.1844,27.0748],[142.1844,27.0749],[142.1844,27.0749],[142.1844,27.0748]]],[[[142.1843,27.0751],[142.1844,27.0751],[142.1844,27.0752],[142.1843,27.0752],[142.1843,27.0751]]],[[[142.1844,27.0751],[142.1845,27.0751],[142.1845,27.0752],[142.1844,27.0752],[142.1844,27.0751]]],[[[142.1841,27.0753],[142.1843,27.0753],[142.1843,27.0755],[142.1841,27.0755],[142.1841,27.0753]]],[[[142.1858,27.0747],[142.1859,27.0747],[142.1859,27.0748],[142.1858,27.0748],[142.1858,27.0747]]],[[[142.1821,27.071],[142.1823,27.071],[142.1823,27.0711],[142.1821,27.0711],[142.1821,27.071]]],[[[142.1824,27.0708],[142.1825,27.0708],[142.1825,27.0709],[142.1824,27.0709],[142.1824,27.0708]]],[[[142.1825,27.0713],[142.1825,27.0713],[142.1825,27.0713],[142.1825,27.0713],[142.1825,27.0713]]],[[[142.1818,27.0717],[142.1818,27.0717],[142.1818,27.0718],[142.1818,27.0718],[142.1818,27.0717]]],[[[142.1821,27.0719],[142.1822,27.0719],[142.1822,27.072],[142.1821,27.072],[142.1821,27.0719]]],[[[142.1829,27.0707],[142.183,27.0707],[142.183,27.0708],[142.1829,27.0708],[142.1829,27.0707]]],[[[142.1827,27.0708],[142.1828,27.0708],[142.1828,27.0708],[142.1827,27.0708],[142.1827,27.0708]]],[[[142.1829,27.0708],[142.1829,27.0708],[142.1829,27.0708],[142.1829,27.0708],[142.1829,27.0708]]],[[[142.1817,27.0725],[142.1818,27.0725],[142.1818,27.0725],[142.1817,27.0725],[142.1817,27.0725]]],[[[142.1818,27.0724],[142.1818,27.0724],[142.1818,27.0725],[142.1818,27.0725],[142.1818,27.0724]]],[[[142.1818,27.0724],[142.1819,27.0724],[142.1819,27.0725],[142.1818,27.0725],[142.1818,27.0724]]],[[[142.1819,27.0723],[142.1819,27.0723],[142.1819,27.0724],[142.1819,27.0724],[142.1819,27.0723]]],[[[142.1819,27.0724],[142.182,27.0724],[142.182,27.0724],[142.1819,27.0724],[142.1819,27.0724]]],[[[142.1847,27.0707],[142.1848,27.0707],[142.1848,27.0708],[142.1847,27.0708],[142.1847,27.0707]]],[[[142.1864,27.0708],[142.1865,27.0708],[142.1865,27.0709],[142.1864,27.0709],[142.1864,27.0708]]],[[[142.1916,27.0637],[142.1917,27.0637],[142.1917,27.0638],[142.1916,27.0638],[142.1916,27.0637]]],[[[142.1916,27.0638],[142.1917,27.0638],[142.1917,27.0638],[142.1916,27.0638],[142.1916,27.0638]]],[[[142.1874,27.0601],[142.1875,27.0601],[142.1875,27.0601],[142.1874,27.0601],[142.1874,27.0601]]],[[[142.1874,27.0603],[142.1874,27.0603],[142.1874,27.0603],[142.1874,27.0603],[142.1874,27.0603]]],[[[142.1876,27.0588],[142.1876,27.0588],[142.1876,27.0589],[142.1876,27.0589],[142.1876,27.0588]]],[[[142.1878,27.0589],[142.1879,27.0589],[142.1879,27.059],[142.1878,27.059],[142.1878,27.0589]]],[[[142.1875,27.0592],[142.1876,27.0592],[142.1876,27.0593],[142.1875,27.0593],[142.1875,27.0592]]],[[[142.1877,27.0595],[142.1877,27.0595],[142.1877,27.0596],[142.1877,27.0596],[142.1877,27.0595]]],[[[142.1876,27.0598],[142.1877,27.0598],[142.1877,27.0598],[142.1876,27.0598],[142.1876,27.0598]]],[[[142.1876,27.0601],[142.1876,27.0601],[142.1876,27.0601],[142.1876,27.0601],[142.1876,27.0601]]],[[[142.1877,27.0614],[142.1877,27.0614],[142.1877,27.0615],[142.1877,27.0615],[142.1877,27.0614]]],[[[142.1875,27.0616],[142.1877,27.0616],[142.1877,27.0618],[142.1875,27.0618],[142.1875,27.0616]]],[[[142.1878,27.0615],[142.1879,27.0615],[142.1879,27.0616],[142.1878,27.0616],[142.1878,27.0615]]],[[[142.1928,27.0618],[142.1929,27.0618],[142.1929,27.0619],[142.1928,27.0619],[142.1928,27.0618]]],[[[142.1909,27.0641],[142.1909,27.0641],[142.1909,27.0642],[142.1909,27.0642],[142.1909,27.0641]]],[[[142.1908,27.0642],[142.1909,27.0642],[142.1909,27.0643],[142.1908,27.0643],[142.1908,27.0642]]],[[[142.1912,27.0647],[142.1913,27.0647],[142.1913,27.0648],[142.1912,27.0648],[142.1912,27.0647]]],[[[142.1917,27.0637],[142.1918,27.0637],[142.1918,27.0638],[142.1917,27.0638],[142.1917,27.0637]]],[[[142.1934,27.0635],[142.1935,27.0635],[142.1935,27.0636],[142.1934,27.0636],[142.1934,27.0635]]],[[[142.1935,27.0635],[142.1936,27.0635],[142.1936,27.0636],[142.1935,27.0636],[142.1935,27.0635]]],[[[142.1887,27.0679],[142.1887,27.0679],[142.1887,27.068],[142.1887,27.068],[142.1887,27.0679]]],[[[142.1887,27.0678],[142.1893,27.0678],[142.1893,27.0681],[142.1887,27.0681],[142.1887,27.0678]]],[[[142.1893,27.0679],[142.1894,27.0679],[142.1894,27.068],[142.1893,27.068],[142.1893,27.0679]]],[[[142.1895,27.0681],[142.1896,27.0681],[142.1896,27.0681],[142.1895,27.0681],[142.1895,27.0681]]],[[[142.1895,27.0683],[142.1896,27.0683],[142.1896,27.0684],[142.1895,27.0684],[142.1895,27.0683]]],[[[142.1898,27.0685],[142.1899,27.0685],[142.1899,27.0686],[142.1898,27.0686],[142.1898,27.0685]]],[[[142.189,27.068],[142.1896,27.068],[142.1896,27.0684],[142.189,27.0684],[142.189,27.068]]],[[[142.1896,27.0682],[142.1899,27.0682],[142.1899,27.0686],[142.1896,27.0686],[142.1896,27.0682]]],[[[142.1888,27.0683],[142.1888,27.0683],[142.1888,27.0683],[142.1888,27.0683],[142.1888,27.0683]]],[[[142.1889,27.0683],[142.189,27.0683],[142.189,27.0683],[142.1889,27.0683],[142.1889,27.0683]]],[[[142.1898,27.0677],[142.1899,27.0677],[142.1899,27.0678],[142.1898,27.0678],[142.1898,27.0677]]],[[[142.1898,27.0679],[142.1898,27.0679],[142.1898,27.0679],[142.1898,27.0679],[142.1898,27.0679]]],[[[142.1898,27.0679],[142.1898,27.0679],[142.1898,27.0679],[142.1898,27.0679],[142.1898,27.0679]]],[[[142.1899,27.0678],[142.19,27.0678],[142.19,27.0678],[142.1899,27.0678],[142.1899,27.0678]]],[[[142.1901,27.0677],[142.1902,27.0677],[142.1902,27.0677],[142.1901,27.0677],[142.1901,27.0677]]],[[[142.1903,27.0678],[142.1904,27.0678],[142.1904,27.0679],[142.1903,27.0679],[142.1903,27.0678]]],[[[142.1915,27.068],[142.1916,27.068],[142.1916,27.068],[142.1915,27.068],[142.1915,27.068]]],[[[142.1917,27.0679],[142.1918,27.0679],[142.1918,27.068],[142.1917,27.068],[142.1917,27.0679]]],[[[142.1924,27.0677],[142.1924,27.0677],[142.1924,27.0678],[142.1924,27.0678],[142.1924,27.0677]]],[[[142.1888,27.0697],[142.189,27.0697],[142.189,27.0698],[142.1888,27.0698],[142.1888,27.0697]]],[[[142.1891,27.0697],[142.1892,27.0697],[142.1892,27.0698],[142.1891,27.0698],[142.1891,27.0697]]],[[[142.1878,27.0711],[142.188,27.0711],[142.188,27.0712],[142.1878,27.0712],[142.1878,27.0711]]],[[[142.189,27.0737],[142.1893,27.0737],[142.1893,27.0739],[142.189,27.0739],[142.189,27.0737]]],[[[142.1894,27.0735],[142.1897,27.0735],[142.1897,27.0738],[142.1894,27.0738],[142.1894,27.0735]]],[[[142.1898,27.0735],[142.1899,27.0735],[142.1899,27.0737],[142.1898,27.0737],[142.1898,27.0735]]],[[[142.191,27.0742],[142.1911,27.0742],[142.1911,27.0742],[142.191,27.0742],[142.191,27.0742]]],[[[142.1913,27.0746],[142.1914,27.0746],[142.1914,27.0747],[142.1913,27.0747],[142.1913,27.0746]]],[[[142.1912,27.0748],[142.1913,27.0748],[142.1913,27.0749],[142.1912,27.0749],[142.1912,27.0748]]],[[[142.1916,27.0747],[142.1917,27.0747],[142.1917,27.0748],[142.1916,27.0748],[142.1916,27.0747]]],[[[142.1917,27.0748],[142.1918,27.0748],[142.1918,27.0748],[142.1917,27.0748],[142.1917,27.0748]]],[[[142.1917,27.0749],[142.1918,27.0749],[142.1918,27.0749],[142.1917,27.0749],[142.1917,27.0749]]],[[[142.1919,27.0751],[142.1919,27.0751],[142.1919,27.0751],[142.1919,27.0751],[142.1919,27.0751]]],[[[142.1915,27.0755],[142.1916,27.0755],[142.1916,27.0756],[142.1915,27.0756],[142.1915,27.0755]]],[[[142.1917,27.0754],[142.1918,27.0754],[142.1918,27.0755],[142.1917,27.0755],[142.1917,27.0754]]],[[[142.1925,27.0755],[142.1926,27.0755],[142.1926,27.0755],[142.1925,27.0755],[142.1925,27.0755]]],[[[142.1936,27.0759],[142.1937,27.0759],[142.1937,27.0759],[142.1936,27.0759],[142.1936,27.0759]]],[[[142.1938,27.0757],[142.1939,27.0757],[142.1939,27.0758],[142.1938,27.0758],[142.1938,27.0757]]],[[[142.1948,27.076],[142.1951,27.076],[142.1951,27.0762],[142.1948,27.0762],[142.1948,27.076]]],[[[142.2182,27.0406],[142.2183,27.0406],[142.2183,27.0407],[142.2182,27.0407],[142.2182,27.0406]]],[[[142.2182,27.0415],[142.2183,27.0415],[142.2183,27.0416],[142.2182,27.0416],[142.2182,27.0415]]],[[[142.2326,27.0725],[142.2326,27.0725],[142.2326,27.0725],[142.2326,27.0725],[142.2326,27.0725]]],[[[142.2327,27.0725],[142.2327,27.0725],[142.2327,27.0726],[142.2327,27.0726],[142.2327,27.0725]]],[[[142.2329,27.0724],[142.233,27.0724],[142.233,27.0726],[142.2329,27.0726],[142.2329,27.0724]]],[[[142.206,27.0777],[142.2061,27.0777],[142.2061,27.0778],[142.206,27.0778],[142.206,27.0777]]],[[[142.2084,27.0833],[142.207,27.086],[142.2059,27.0862],[142.204,27.0849],[142.204,27.0867],[142.2019,27.0874],[142.2037,27.0898],[142.2032,27.0912],[142.2037,27.0936],[142.2025,27.0956],[142.1992,27.096],[142.2013,27.0958],[142.2023,27.0975],[142.2016,27.0978],[142.2029,27.0978],[142.203,27.0988],[142.2006,27.0994],[142.2,27.0983],[142.1998,27.0989],[142.1982,27.0984],[142.1989,27.0977],[142.1986,27.0964],[142.1962,27.0944],[142.1946,27.0941],[142.1957,27.0936],[142.1946,27.0932],[142.1937,27.0939],[142.1916,27.0922],[142.1911,27.0908],[142.1934,27.0893],[142.1926,27.0899],[142.1878,27.0879],[142.1862,27.0885],[142.186,27.0913],[142.1826,27.0931],[142.1819,27.0944],[142.1829,27.097],[142.1816,27.1002],[142.182,27.1013],[142.1832,27.1033],[142.1871,27.1055],[142.1909,27.1045],[142.1933,27.106],[142.1931,27.1044],[142.1943,27.1035],[142.1957,27.1039],[142.1954,27.1049],[142.1965,27.1056],[142.1976,27.1045],[142.1983,27.1054],[142.2015,27.1045],[142.2025,27.1055],[142.2047,27.1055],[142.2054,27.1053],[142.2046,27.1044],[142.2056,27.1034],[142.2105,27.1026],[142.2112,27.1038],[142.2129,27.1032],[142.2135,27.1027],[142.2129,27.1029],[142.2128,27.1019],[142.2151,27.1003],[142.2169,27.1001],[142.2178,27.1014],[142.219,27.1008],[142.2177,27.1002],[142.2175,27.0985],[142.2186,27.0981],[142.2181,27.0975],[142.2194,27.0959],[142.2211,27.0961],[142.2209,27.0946],[142.2229,27.093],[142.223,27.0916],[142.224,27.0916],[142.2235,27.0908],[142.2249,27.0893],[142.2249,27.0878],[142.223,27.0854],[142.2251,27.0832],[142.2245,27.0818],[142.226,27.0807],[142.2297,27.0814],[142.2306,27.079],[142.2322,27.0785],[142.233,27.077],[142.2328,27.0727],[142.2314,27.0716],[142.2308,27.0688],[142.2318,27.0639],[142.2328,27.0626],[142.2315,27.0627],[142.2301,27.0596],[142.2323,27.058],[142.2319,27.0567],[142.2347,27.0562],[142.2365,27.0547],[142.2379,27.0523],[142.2372,27.0526],[142.2375,27.0513],[142.2353,27.0506],[142.2366,27.0502],[142.2367,27.0495],[142.2343,27.0495],[142.2339,27.0505],[142.2348,27.0506],[142.2345,27.0511],[142.2304,27.0538],[142.2295,27.055],[142.2297,27.0561],[142.2287,27.0568],[142.2252,27.0535],[142.2241,27.0533],[142.2229,27.0542],[142.222,27.0536],[142.2229,27.052],[142.2245,27.0519],[142.2263,27.0498],[142.2252,27.048],[142.2258,27.0453],[142.2236,27.0461],[142.2226,27.0448],[142.2238,27.0435],[142.2251,27.0441],[142.2252,27.043],[142.224,27.0426],[142.227,27.0411],[142.225,27.0393],[142.2283,27.0391],[142.2283,27.0381],[142.23,27.0374],[142.2294,27.0359],[142.2238,27.0361],[142.2223,27.0369],[142.2218,27.036],[142.2195,27.0363],[142.2207,27.0368],[142.2188,27.0376],[142.2193,27.0392],[142.2207,27.0397],[142.2196,27.0414],[142.2166,27.0414],[142.2141,27.0392],[142.2123,27.0407],[142.2113,27.0401],[142.2113,27.0382],[142.2104,27.039],[142.2107,27.0407],[142.2081,27.0404],[142.2063,27.0441],[142.2016,27.0444],[142.1993,27.0456],[142.1963,27.0446],[142.1937,27.0413],[142.1936,27.0421],[142.1912,27.0423],[142.1898,27.0439],[142.187,27.0448],[142.1862,27.044],[142.1862,27.0399],[142.184,27.0455],[142.1853,27.046],[142.1858,27.0481],[142.1877,27.0479],[142.1889,27.0486],[142.1898,27.0504],[142.1887,27.0531],[142.1895,27.0536],[142.1895,27.0555],[142.1876,27.0561],[142.1872,27.0548],[142.1862,27.0548],[142.1867,27.0568],[142.188,27.0574],[142.1872,27.0612],[142.1897,27.0615],[142.1923,27.0591],[142.1942,27.0593],[142.1953,27.0613],[142.1942,27.0618],[142.1949,27.0629],[142.1931,27.0645],[142.191,27.064],[142.1931,27.0663],[142.1929,27.0677],[142.1911,27.0682],[142.1901,27.0677],[142.19,27.0698],[142.1879,27.0698],[142.188,27.0712],[142.1872,27.0716],[142.1844,27.0703],[142.1825,27.0709],[142.1817,27.0727],[142.1825,27.0738],[142.1818,27.0744],[142.1839,27.0753],[142.1853,27.0735],[142.1858,27.0745],[142.1872,27.0726],[142.1879,27.0734],[142.1881,27.0729],[142.1909,27.0737],[142.1921,27.0754],[142.1938,27.0759],[142.1961,27.0747],[142.1986,27.0753],[142.1998,27.0745],[142.201,27.0748],[142.2009,27.0737],[142.2031,27.0729],[142.2058,27.0748],[142.2049,27.0774],[142.2063,27.0774],[142.2072,27.0785],[142.2072,27.0825],[142.2084,27.0833]]],[[[142.1862,27.105],[142.1862,27.105],[142.1862,27.1051],[142.1862,27.1051],[142.1862,27.105]]],[[[142.1894,27.1051],[142.1895,27.1051],[142.1895,27.1051],[142.1894,27.1051],[142.1894,27.1051]]],[[[142.1918,27.105],[142.1919,27.105],[142.1919,27.1051],[142.1918,27.1051],[142.1918,27.105]]],[[[142.2018,27.079],[142.2025,27.079],[142.2025,27.0795],[142.2018,27.0795],[142.2018,27.079]]],[[[142.2052,27.0763],[142.2053,27.0763],[142.2053,27.0764],[142.2052,27.0764],[142.2052,27.0763]]],[[[142.2052,27.0764],[142.2053,27.0764],[142.2053,27.0765],[142.2052,27.0765],[142.2052,27.0764]]],[[[142.2019,27.0733],[142.202,27.0733],[142.202,27.0735],[142.2019,27.0735],[142.2019,27.0733]]],[[[142.2025,27.0751],[142.2027,27.0751],[142.2027,27.0753],[142.2025,27.0753],[142.2025,27.0751]]],[[[142.2026,27.0791],[142.2026,27.0791],[142.2026,27.0792],[142.2026,27.0792],[142.2026,27.0791]]],[[[142.2026,27.0792],[142.2026,27.0792],[142.2026,27.0792],[142.2026,27.0792],[142.2026,27.0792]]],[[[142.2029,27.0792],[142.203,27.0792],[142.203,27.0792],[142.2029,27.0792],[142.2029,27.0792]]],[[[142.2048,27.0767],[142.2049,27.0767],[142.2049,27.0767],[142.2048,27.0767],[142.2048,27.0767]]],[[[142.2054,27.0761],[142.2055,27.0761],[142.2055,27.0762],[142.2054,27.0762],[142.2054,27.0761]]],[[[142.2051,27.0765],[142.2052,27.0765],[142.2052,27.0766],[142.2051,27.0766],[142.2051,27.0765]]],[[[142.2055,27.0776],[142.2055,27.0776],[142.2055,27.0776],[142.2055,27.0776],[142.2055,27.0776]]],[[[142.2051,27.0777],[142.2052,27.0777],[142.2052,27.0777],[142.2051,27.0777],[142.2051,27.0777]]],[[[142.2055,27.078],[142.2056,27.078],[142.2056,27.078],[142.2055,27.078],[142.2055,27.078]]],[[[142.2055,27.0778],[142.2056,27.0778],[142.2056,27.0778],[142.2055,27.0778],[142.2055,27.0778]]],[[[142.2056,27.0779],[142.2056,27.0779],[142.2056,27.078],[142.2056,27.078],[142.2056,27.0779]]],[[[142.2057,27.0779],[142.2057,27.0779],[142.2057,27.078],[142.2057,27.078],[142.2057,27.0779]]],[[[142.2059,27.0779],[142.2059,27.0779],[142.2059,27.078],[142.2059,27.078],[142.2059,27.0779]]],[[[142.206,27.0778],[142.2061,27.0778],[142.2061,27.0779],[142.206,27.0779],[142.206,27.0778]]],[[[142.2053,27.0783],[142.2055,27.0783],[142.2055,27.0784],[142.2053,27.0784],[142.2053,27.0783]]],[[[142.2055,27.0783],[142.2055,27.0783],[142.2055,27.0784],[142.2055,27.0784],[142.2055,27.0783]]],[[[142.203,27.0793],[142.2031,27.0793],[142.2031,27.0793],[142.203,27.0793],[142.203,27.0793]]],[[[142.2037,27.0792],[142.2039,27.0792],[142.2039,27.0793],[142.2037,27.0793],[142.2037,27.0792]]],[[[142.2067,27.0802],[142.2068,27.0802],[142.2068,27.0803],[142.2067,27.0803],[142.2067,27.0802]]],[[[142.2069,27.0808],[142.2069,27.0808],[142.2069,27.0809],[142.2069,27.0809],[142.2069,27.0808]]],[[[142.2069,27.0816],[142.207,27.0816],[142.207,27.0816],[142.2069,27.0816],[142.2069,27.0816]]],[[[142.2072,27.0829],[142.2073,27.0829],[142.2073,27.083],[142.2072,27.083],[142.2072,27.0829]]],[[[142.2073,27.0829],[142.2074,27.0829],[142.2074,27.083],[142.2073,27.083],[142.2073,27.0829]]],[[[142.2076,27.0829],[142.2076,27.0829],[142.2076,27.083],[142.2076,27.083],[142.2076,27.0829]]],[[[142.2134,27.1081],[142.214,27.1081],[142.214,27.1085],[142.2134,27.1085],[142.2134,27.1081]]],[[[142.2136,27.1086],[142.214,27.1086],[142.214,27.1091],[142.2136,27.1091],[142.2136,27.1086]]],[[[141.3264,24.8142],[141.3264,24.8142],[141.3264,24.8142],[141.3264,24.8142],[141.3264,24.8142]]],[[[141.3264,24.8142],[141.3264,24.8142],[141.3264,24.8143],[141.3264,24.8143],[141.3264,24.8142]]],[[[141.3265,24.8142],[141.3265,24.8142],[141.3265,24.8142],[141.3265,24.8142],[141.3265,24.8142]]],[[[141.3265,24.8142],[141.3266,24.8142],[141.3266,24.8142],[141.3265,24.8142],[141.3265,24.8142]]],[[[141.3266,24.8142],[141.3266,24.8142],[141.3266,24.8142],[141.3266,24.8142],[141.3266,24.8142]]],[[[141.3264,24.8142],[141.3265,24.8142],[141.3265,24.8142],[141.3264,24.8142],[141.3264,24.8142]]],[[[142.1514,26.5403],[142.1519,26.5403],[142.1519,26.541],[142.1514,26.541],[142.1514,26.5403]]],[[[142.1522,26.5398],[142.1516,26.5401],[142.152,26.5407],[142.1522,26.5398]]],[[[141.4731,24.2392],[141.4733,24.2392],[141.4733,24.2394],[141.4731,24.2394],[141.4731,24.2392]]],[[[141.4733,24.2392],[141.4734,24.2392],[141.4734,24.2393],[141.4733,24.2393],[141.4733,24.2392]]],[[[141.4734,24.2393],[141.4735,24.2393],[141.4735,24.2394],[141.4734,24.2394],[141.4734,24.2393]]],[[[141.4732,24.2414],[141.4732,24.2414],[141.4732,24.2415],[141.4732,24.2415],[141.4732,24.2414]]],[[[142.1555,26.5417],[142.1556,26.5399],[142.1545,26.5399],[142.1546,26.5412],[142.1555,26.5417]]],[[[141.3799,24.7796],[141.3799,24.7796],[141.3799,24.7796],[141.3799,24.7796],[141.3799,24.7796]]],[[[141.3799,24.7796],[141.3799,24.7796],[141.3799,24.7796],[141.3799,24.7796],[141.3799,24.7796]]],[[[141.379,24.7792],[141.3791,24.7792],[141.3791,24.7793],[141.379,24.7793],[141.379,24.7792]]],[[[141.3791,24.7793],[141.3791,24.7793],[141.3791,24.7793],[141.3791,24.7793],[141.3791,24.7793]]],[[[141.379,24.7796],[141.379,24.7796],[141.379,24.7796],[141.379,24.7796],[141.379,24.7796]]],[[[141.379,24.7797],[141.379,24.7797],[141.379,24.7797],[141.379,24.7797],[141.379,24.7797]]],[[[141.379,24.7796],[141.3791,24.7796],[141.3791,24.7796],[141.379,24.7796],[141.379,24.7796]]],[[[141.3791,24.7797],[141.3791,24.7797],[141.3791,24.7797],[141.3791,24.7797],[141.3791,24.7797]]],[[[141.3791,24.7797],[141.3791,24.7797],[141.3791,24.7797],[141.3791,24.7797],[141.3791,24.7797]]],[[[141.379,24.7798],[141.379,24.7798],[141.379,24.7798],[141.379,24.7798],[141.379,24.7798]]],[[[141.3791,24.7798],[141.3791,24.7798],[141.3791,24.7798],[141.3791,24.7798],[141.3791,24.7798]]],[[[141.3799,24.7796],[141.3799,24.7796],[141.3799,24.7796],[141.3799,24.7796],[141.3799,24.7796]]],[[[141.3798,24.7797],[141.3799,24.7797],[141.3799,24.7797],[141.3798,24.7797],[141.3798,24.7797]]],[[[141.3799,24.7796],[141.3799,24.7796],[141.3799,24.7796],[141.3799,24.7796],[141.3799,24.7796]]],[[[141.3799,24.7796],[141.3799,24.7796],[141.3799,24.7796],[141.3799,24.7796],[141.3799,24.7796]]],[[[142.1492,26.5462],[142.1496,26.5462],[142.1496,26.5469],[142.1492,26.5469],[142.1492,26.5462]]],[[[142.1488,26.5465],[142.1497,26.5465],[142.1497,26.5478],[142.1488,26.5478],[142.1488,26.5465]]],[[[142.1496,26.5469],[142.1497,26.5469],[142.1497,26.5471],[142.1496,26.5471],[142.1496,26.5469]]],[[[142.1488,26.5462],[142.1489,26.5462],[142.1489,26.5463],[142.1488,26.5463],[142.1488,26.5462]]],[[[142.149,26.5463],[142.1491,26.5463],[142.1491,26.5464],[142.149,26.5464],[142.149,26.5463]]],[[[142.1498,26.5461],[142.1499,26.5461],[142.1499,26.5462],[142.1498,26.5462],[142.1498,26.5461]]],[[[142.1535,26.5427],[142.1536,26.5427],[142.1536,26.5428],[142.1535,26.5428],[142.1535,26.5427]]],[[[142.1545,26.5419],[142.1547,26.5419],[142.1547,26.5423],[142.1545,26.5423],[142.1545,26.5419]]],[[[142.1551,26.5421],[142.1553,26.5421],[142.1553,26.5425],[142.1551,26.5425],[142.1551,26.5421]]],[[[142.1499,26.5473],[142.15,26.5473],[142.15,26.5474],[142.1499,26.5474],[142.1499,26.5473]]],[[[142.1567,26.5428],[142.1571,26.5428],[142.1571,26.5431],[142.1567,26.5431],[142.1567,26.5428]]],[[[141.379,24.7802],[141.379,24.7802],[141.379,24.7803],[141.379,24.7803],[141.379,24.7802]]],[[[141.379,24.7803],[141.3791,24.7803],[141.3791,24.7803],[141.379,24.7803],[141.379,24.7803]]],[[[141.379,24.7804],[141.3791,24.7804],[141.3791,24.7806],[141.379,24.7806],[141.379,24.7804]]],[[[141.3791,24.7806],[141.3791,24.7806],[141.3791,24.7807],[141.3791,24.7807],[141.3791,24.7806]]],[[[141.3791,24.7806],[141.3791,24.7806],[141.3791,24.7806],[141.3791,24.7806],[141.3791,24.7806]]],[[[141.379,24.7806],[141.3791,24.7806],[141.3791,24.7806],[141.379,24.7806],[141.379,24.7806]]],[[[141.3791,24.7802],[141.3791,24.7802],[141.3791,24.7802],[141.3791,24.7802],[141.3791,24.7802]]],[[[141.3797,24.7801],[141.3797,24.7801],[141.3797,24.7802],[141.3797,24.7802],[141.3797,24.7801]]],[[[141.3797,24.7802],[141.3797,24.7802],[141.3797,24.7803],[141.3797,24.7803],[141.3797,24.7802]]],[[[141.3797,24.7802],[141.3797,24.7802],[141.3797,24.7802],[141.3797,24.7802],[141.3797,24.7802]]],[[[141.3797,24.7801],[141.3798,24.7801],[141.3798,24.7802],[141.3797,24.7802],[141.3797,24.7801]]],[[[141.3798,24.7801],[141.3798,24.7801],[141.3798,24.7801],[141.3798,24.7801],[141.3798,24.7801]]],[[[141.3795,24.7806],[141.3796,24.7806],[141.3796,24.7806],[141.3795,24.7806],[141.3795,24.7806]]],[[[141.3796,24.7806],[141.3796,24.7806],[141.3796,24.7806],[141.3796,24.7806],[141.3796,24.7806]]],[[[141.3796,24.7806],[141.3796,24.7806],[141.3796,24.7806],[141.3796,24.7806],[141.3796,24.7806]]],[[[141.3796,24.7806],[141.3796,24.7806],[141.3796,24.7806],[141.3796,24.7806],[141.3796,24.7806]]],[[[141.3796,24.7803],[141.3797,24.7803],[141.3797,24.7803],[141.3796,24.7803],[141.3796,24.7803]]],[[[153.9733,24.2891],[153.9733,24.2891],[153.9733,24.2891],[153.9733,24.2891],[153.9733,24.2891]]],[[[153.975360208,24.291118559],[153.975417834,24.291130991],[153.975417834,24.291109243],[153.975366991,24.291090595],[153.975360208,24.291118559]]],[[[153.9767,24.2922],[153.9768,24.2922],[153.9768,24.2923],[153.9767,24.2923],[153.9767,24.2922]]],[[[153.9769,24.2921],[153.9769,24.2921],[153.9769,24.2921],[153.9769,24.2921],[153.9769,24.2921]]],[[[153.9777,24.2929],[153.9778,24.2929],[153.9778,24.2929],[153.9777,24.2929],[153.9777,24.2929]]],[[[153.9784,24.2946],[153.9784,24.2946],[153.9784,24.2946],[153.9784,24.2946],[153.9784,24.2946]]],[[[153.9788,24.2945],[153.9788,24.2945],[153.9788,24.2946],[153.9788,24.2946],[153.9788,24.2945]]],[[[153.9791,24.2957],[153.9792,24.2957],[153.9792,24.2958],[153.9791,24.2958],[153.9791,24.2957]]],[[[153.9796,24.2952],[153.9797,24.2952],[153.9797,24.2952],[153.9796,24.2952],[153.9796,24.2952]]],[[[153.9805,24.297],[153.9806,24.297],[153.9806,24.297],[153.9805,24.297],[153.9805,24.297]]],[[[153.9736,24.2841],[153.9712,24.2845],[153.9717,24.2858],[153.9778,24.2908],[153.9827,24.2969],[153.9839,24.2976],[153.9849,24.2971],[153.9847,24.2945],[153.9867,24.2832],[153.9861,24.2815],[153.9833,24.2809],[153.9787,24.2827],[153.9779,24.2808],[153.9786,24.283],[153.9736,24.2841]]],[[[142.2408,26.5655],[142.241,26.5655],[142.241,26.5657],[142.2408,26.5657],[142.2408,26.5655]]],[[[142.2403,26.5676],[142.2406,26.5676],[142.2406,26.5679],[142.2403,26.5679],[142.2403,26.5676]]],[[[142.2419,26.5672],[142.2424,26.5672],[142.2424,26.5676],[142.2419,26.5676],[142.2419,26.5672]]],[[[141.4589,24.2456],[141.459,24.2456],[141.459,24.2457],[141.4589,24.2457],[141.4589,24.2456]]],[[[141.4621,24.2455],[141.4622,24.2455],[141.4622,24.2455],[141.4621,24.2455],[141.4621,24.2455]]],[[[141.4541,24.2389],[141.4542,24.2389],[141.4542,24.239],[141.4541,24.239],[141.4541,24.2389]]],[[[141.4541,24.2397],[141.4542,24.2397],[141.4542,24.2397],[141.4541,24.2397],[141.4541,24.2397]]],[[[141.4662,24.2438],[141.4663,24.2438],[141.4663,24.2439],[141.4662,24.2439],[141.4662,24.2438]]],[[[141.4666,24.2434],[141.4667,24.2434],[141.4667,24.2435],[141.4666,24.2435],[141.4666,24.2434]]],[[[141.4664,24.2438],[141.4665,24.2438],[141.4665,24.2439],[141.4664,24.2439],[141.4664,24.2438]]],[[[141.4672,24.2432],[141.4673,24.2432],[141.4673,24.2432],[141.4672,24.2432],[141.4672,24.2432]]],[[[141.4696,24.2278],[141.4696,24.2278],[141.4696,24.2279],[141.4696,24.2279],[141.4696,24.2278]]],[[[141.4695,24.2279],[141.4695,24.2279],[141.4695,24.228],[141.4695,24.228],[141.4695,24.2279]]],[[[141.4695,24.2282],[141.4695,24.2282],[141.4695,24.2283],[141.4695,24.2283],[141.4695,24.2282]]],[[[141.4698,24.2294],[141.4698,24.2294],[141.4698,24.2294],[141.4698,24.2294],[141.4698,24.2294]]],[[[141.47,24.2294],[141.47,24.2294],[141.47,24.2295],[141.47,24.2295],[141.47,24.2294]]],[[[141.4698,24.2295],[141.4699,24.2295],[141.4699,24.2296],[141.4698,24.2296],[141.4698,24.2295]]],[[[141.4701,24.2296],[141.4701,24.2296],[141.4701,24.2296],[141.4701,24.2296],[141.4701,24.2296]]],[[[141.4712,24.2311],[141.4713,24.2311],[141.4713,24.2312],[141.4712,24.2312],[141.4712,24.2311]]],[[[141.4715,24.2419],[141.4715,24.2419],[141.4715,24.242],[141.4715,24.242],[141.4715,24.2419]]],[[[141.469,24.2427],[141.4691,24.2427],[141.4691,24.2428],[141.469,24.2428],[141.469,24.2427]]],[[[141.4697,24.2425],[141.4697,24.2425],[141.4697,24.2425],[141.4697,24.2425],[141.4697,24.2425]]],[[[141.4711,24.2425],[141.4712,24.2425],[141.4712,24.2425],[141.4711,24.2425],[141.4711,24.2425]]],[[[141.4586,24.2245],[141.4586,24.2245],[141.4586,24.2246],[141.4586,24.2246],[141.4586,24.2245]]],[[[141.4529,24.229],[141.453,24.229],[141.453,24.2291],[141.4529,24.2291],[141.4529,24.229]]],[[[141.453,24.2293],[141.453,24.2293],[141.453,24.2293],[141.453,24.2293],[141.453,24.2293]]],[[[141.453,24.2344],[141.453,24.2344],[141.453,24.2345],[141.453,24.2345],[141.453,24.2344]]],[[[141.453,24.2375],[141.4531,24.2375],[141.4531,24.2376],[141.453,24.2376],[141.453,24.2375]]],[[[141.4531,24.2418],[141.4531,24.2418],[141.4531,24.2419],[141.4531,24.2419],[141.4531,24.2418]]],[[[141.4514,24.2438],[141.4517,24.2438],[141.4517,24.244],[141.4514,24.244],[141.4514,24.2438]]],[[[141.4532,24.2296],[141.4532,24.2296],[141.4532,24.2296],[141.4532,24.2296],[141.4532,24.2296]]],[[[141.4531,24.2297],[141.4532,24.2297],[141.4532,24.2297],[141.4531,24.2297],[141.4531,24.2297]]],[[[141.4532,24.2301],[141.4532,24.2301],[141.4532,24.2301],[141.4532,24.2301],[141.4532,24.2301]]],[[[142.1551,27.6592],[142.156,27.6592],[142.156,27.66],[142.1551,27.66],[142.1551,27.6592]]],[[[142.156,27.6592],[142.1561,27.6592],[142.1561,27.6593],[142.156,27.6593],[142.156,27.6592]]],[[[142.1566,27.6579],[142.1568,27.6579],[142.1568,27.658],[142.1566,27.658],[142.1566,27.6579]]],[[[142.1563,27.66],[142.1564,27.66],[142.1564,27.6601],[142.1563,27.6601],[142.1563,27.66]]],[[[142.1566,27.66],[142.1567,27.66],[142.1567,27.6601],[142.1566,27.6601],[142.1566,27.66]]],[[[142.1572,27.6598],[142.1573,27.6598],[142.1573,27.6599],[142.1572,27.6599],[142.1572,27.6598]]],[[[142.1572,27.66],[142.1573,27.66],[142.1573,27.6601],[142.1572,27.6601],[142.1572,27.66]]],[[[142.1573,27.6599],[142.1574,27.6599],[142.1574,27.66],[142.1573,27.66],[142.1573,27.6599]]],[[[142.1583,27.6591],[142.1584,27.6591],[142.1584,27.6593],[142.1583,27.6593],[142.1583,27.6591]]],[[[142.1582,27.6598],[142.1583,27.6598],[142.1583,27.6599],[142.1582,27.6599],[142.1582,27.6598]]],[[[142.1594,27.6596],[142.1598,27.6596],[142.1598,27.6599],[142.1594,27.6599],[142.1594,27.6596]]],[[[142.1572,27.6602],[142.1573,27.6602],[142.1573,27.6602],[142.1572,27.6602],[142.1572,27.6602]]],[[[142.1574,27.6601],[142.1574,27.6601],[142.1574,27.6602],[142.1574,27.6602],[142.1574,27.6601]]],[[[142.1576,27.6605],[142.1577,27.6605],[142.1577,27.6606],[142.1576,27.6606],[142.1576,27.6605]]],[[[142.1576,27.6607],[142.1577,27.6607],[142.1577,27.6608],[142.1576,27.6608],[142.1576,27.6607]]],[[[142.1592,27.6604],[142.1594,27.6604],[142.1594,27.6605],[142.1592,27.6605],[142.1592,27.6604]]],[[[142.156,27.6595],[142.1561,27.6595],[142.1561,27.6596],[142.156,27.6596],[142.156,27.6595]]],[[[142.1604,27.6598],[142.1606,27.6598],[142.1606,27.6599],[142.1604,27.6599],[142.1604,27.6598]]],[[[142.1807,27.6205],[142.1813,27.6205],[142.1813,27.6214],[142.1807,27.6214],[142.1807,27.6205]]],[[[142.1815,27.6207],[142.1817,27.6207],[142.1817,27.6209],[142.1815,27.6209],[142.1815,27.6207]]],[[[142.1814,27.6213],[142.1818,27.6213],[142.1818,27.6216],[142.1814,27.6216],[142.1814,27.6213]]],[[[142.1787,27.6315],[142.1788,27.6315],[142.1788,27.6316],[142.1787,27.6316],[142.1787,27.6315]]],[[[142.1789,27.6316],[142.179,27.6316],[142.179,27.6317],[142.1789,27.6317],[142.1789,27.6316]]],[[[142.1788,27.6318],[142.1789,27.6318],[142.1789,27.6319],[142.1788,27.6319],[142.1788,27.6318]]],[[[142.179,27.6319],[142.1791,27.6319],[142.1791,27.6321],[142.179,27.6321],[142.179,27.6319]]],[[[142.1792,27.6334],[142.1794,27.6334],[142.1794,27.6335],[142.1792,27.6335],[142.1792,27.6334]]],[[[142.1797,27.6306],[142.1798,27.6306],[142.1798,27.6308],[142.1797,27.6308],[142.1797,27.6306]]],[[[142.1797,27.6314],[142.1798,27.6314],[142.1798,27.6316],[142.1797,27.6316],[142.1797,27.6314]]],[[[142.1797,27.6319],[142.1798,27.6319],[142.1798,27.632],[142.1797,27.632],[142.1797,27.6319]]],[[[142.1807,27.631],[142.1811,27.631],[142.1811,27.6315],[142.1807,27.6315],[142.1807,27.631]]],[[[142.1815,27.6311],[142.1817,27.6311],[142.1817,27.6312],[142.1815,27.6312],[142.1815,27.6311]]],[[[142.1847,27.6273],[142.1848,27.6273],[142.1848,27.6274],[142.1847,27.6274],[142.1847,27.6273]]],[[[142.1855,27.6272],[142.1856,27.6272],[142.1856,27.6273],[142.1855,27.6273],[142.1855,27.6272]]],[[[142.1876,27.6223],[142.1877,27.6223],[142.1877,27.6225],[142.1876,27.6225],[142.1876,27.6223]]],[[[142.1875,27.6225],[142.1877,27.6225],[142.1877,27.6226],[142.1875,27.6226],[142.1875,27.6225]]],[[[142.1691,27.6307],[142.1694,27.6307],[142.1694,27.631],[142.1691,27.631],[142.1691,27.6307]]],[[[142.169,27.6328],[142.1691,27.6328],[142.1691,27.6329],[142.169,27.6329],[142.169,27.6328]]],[[[142.1678,27.637],[142.168,27.637],[142.168,27.6372],[142.1678,27.6372],[142.1678,27.637]]],[[[142.1678,27.6373],[142.1679,27.6373],[142.1679,27.6374],[142.1678,27.6374],[142.1678,27.6373]]],[[[142.1687,27.6382],[142.1691,27.6371],[142.168,27.6368],[142.1678,27.6383],[142.1687,27.6382]]],[[[142.1628,27.6454],[142.1631,27.6454],[142.1631,27.6459],[142.1628,27.6459],[142.1628,27.6454]]],[[[142.1629,27.646],[142.1631,27.646],[142.1631,27.6461],[142.1629,27.6461],[142.1629,27.646]]],[[[142.1649,27.6426],[142.1651,27.6426],[142.1651,27.6427],[142.1649,27.6427],[142.1649,27.6426]]],[[[142.1501,27.6702],[142.1502,27.6702],[142.1502,27.6703],[142.1501,27.6703],[142.1501,27.6702]]],[[[142.1556,27.6647],[142.1558,27.6647],[142.1558,27.6648],[142.1556,27.6648],[142.1556,27.6647]]],[[[142.1568,27.6648],[142.157,27.6648],[142.157,27.665],[142.1568,27.665],[142.1568,27.6648]]],[[[142.1566,27.6659],[142.157,27.6659],[142.157,27.6663],[142.1566,27.6663],[142.1566,27.6659]]],[[[142.2043,27.4979],[142.2045,27.4979],[142.2045,27.4981],[142.2043,27.4981],[142.2043,27.4979]]],[[[142.2045,27.4981],[142.2046,27.4981],[142.2046,27.4982],[142.2045,27.4982],[142.2045,27.4981]]],[[[142.2039,27.4996],[142.2044,27.4996],[142.2044,27.4998],[142.2039,27.4998],[142.2039,27.4996]]],[[[142.2084,27.4997],[142.2086,27.4997],[142.2086,27.4998],[142.2084,27.4998],[142.2084,27.4997]]],[[[142.2095,27.501],[142.2098,27.501],[142.2098,27.5014],[142.2095,27.5014],[142.2095,27.501]]],[[[142.2125,27.5017],[142.2126,27.5017],[142.2126,27.5018],[142.2125,27.5018],[142.2125,27.5017]]],[[[142.2125,27.5013],[142.2129,27.5013],[142.2129,27.5017],[142.2125,27.5017],[142.2125,27.5013]]],[[[142.2033,27.4967],[142.2037,27.4967],[142.2037,27.497],[142.2033,27.497],[142.2033,27.4967]]],[[[142.2032,27.4986],[142.2038,27.4986],[142.2038,27.4993],[142.2032,27.4993],[142.2032,27.4986]]],[[[142.2033,27.4996],[142.2036,27.4996],[142.2036,27.4998],[142.2033,27.4998],[142.2033,27.4996]]],[[[142.1849,27.6188],[142.1856,27.6188],[142.1856,27.6193],[142.1849,27.6193],[142.1849,27.6188]]],[[[142.2126,27.5023],[142.2129,27.5023],[142.2129,27.5025],[142.2126,27.5025],[142.2126,27.5023]]],[[[142.213,27.5017],[142.2131,27.5017],[142.2131,27.5018],[142.213,27.5018],[142.213,27.5017]]],[[[142.2148,27.4892],[142.215,27.4892],[142.215,27.4893],[142.2148,27.4893],[142.2148,27.4892]]],[[[142.2069,27.4858],[142.207,27.4858],[142.207,27.4859],[142.2069,27.4859],[142.2069,27.4858]]],[[[142.2072,27.4853],[142.2078,27.4857],[142.2078,27.4844],[142.2066,27.4845],[142.2072,27.4853]]],[[[142.208,27.4891],[142.2081,27.4891],[142.2081,27.4892],[142.208,27.4892],[142.208,27.4891]]],[[[142.1951,27.1972],[142.1952,27.1972],[142.1952,27.1973],[142.1951,27.1973],[142.1951,27.1972]]],[[[142.194,27.1982],[142.1949,27.1982],[142.1949,27.1994],[142.194,27.1994],[142.194,27.1982]]],[[[142.1952,27.1974],[142.1955,27.1974],[142.1955,27.1976],[142.1952,27.1976],[142.1952,27.1974]]],[[[142.1986,27.1971],[142.1987,27.1971],[142.1987,27.1972],[142.1986,27.1972],[142.1986,27.1971]]],[[[142.1986,27.1973],[142.1987,27.1973],[142.1987,27.1973],[142.1986,27.1973],[142.1986,27.1973]]],[[[142.1987,27.1973],[142.1989,27.1973],[142.1989,27.1974],[142.1987,27.1974],[142.1987,27.1973]]],[[[142.2076,27.4841],[142.2077,27.4841],[142.2077,27.4842],[142.2076,27.4842],[142.2076,27.4841]]],[[[142.2076,27.4858],[142.2077,27.4858],[142.2077,27.4859],[142.2076,27.4859],[142.2076,27.4858]]],[[[142.2079,27.486],[142.208,27.486],[142.208,27.4861],[142.2079,27.4861],[142.2079,27.486]]],[[[142.2078,27.4865],[142.2079,27.4865],[142.2079,27.4865],[142.2078,27.4865],[142.2078,27.4865]]],[[[142.2094,27.4872],[142.2095,27.4872],[142.2095,27.4873],[142.2094,27.4873],[142.2094,27.4872]]],[[[142.2091,27.4873],[142.2092,27.4873],[142.2092,27.4874],[142.2091,27.4874],[142.2091,27.4873]]],[[[142.2107,27.4889],[142.2108,27.4889],[142.2108,27.489],[142.2107,27.489],[142.2107,27.4889]]],[[[142.2025,27.1669],[142.2028,27.1669],[142.2028,27.1672],[142.2025,27.1672],[142.2025,27.1669]]],[[[142.1831,27.1869],[142.1832,27.1869],[142.1832,27.187],[142.1831,27.187],[142.1831,27.1869]]],[[[142.1834,27.1871],[142.1836,27.1871],[142.1836,27.1872],[142.1834,27.1872],[142.1834,27.1871]]],[[[142.176,27.1256],[142.1788,27.1256],[142.1788,27.1271],[142.176,27.1271],[142.176,27.1256]]],[[[142.1782,27.1279],[142.1783,27.1279],[142.1783,27.128],[142.1782,27.128],[142.1782,27.1279]]],[[[142.178,27.1279],[142.1781,27.1279],[142.1781,27.128],[142.178,27.128],[142.178,27.1279]]],[[[142.1769,27.129],[142.177,27.129],[142.177,27.1291],[142.1769,27.1291],[142.1769,27.129]]],[[[142.1777,27.1292],[142.1778,27.1292],[142.1778,27.1293],[142.1777,27.1293],[142.1777,27.1292]]],[[[142.178,27.1294],[142.1782,27.1294],[142.1782,27.1294],[142.178,27.1294],[142.178,27.1294]]],[[[142.1681,27.1219],[142.1684,27.1219],[142.1684,27.1222],[142.1681,27.1222],[142.1681,27.1219]]],[[[142.1789,27.1296],[142.1791,27.1296],[142.1791,27.1297],[142.1789,27.1297],[142.1789,27.1296]]],[[[142.2363,27.1122],[142.2364,27.1122],[142.2364,27.1123],[142.2363,27.1123],[142.2363,27.1122]]],[[[142.2365,27.1121],[142.2368,27.1121],[142.2368,27.1124],[142.2365,27.1124],[142.2365,27.1121]]],[[[142.237,27.1124],[142.2374,27.1124],[142.2374,27.1127],[142.237,27.1127],[142.237,27.1124]]],[[[142.2363,27.1136],[142.2364,27.1136],[142.2364,27.1137],[142.2363,27.1137],[142.2363,27.1136]]],[[[142.1348,27.679],[142.1352,27.679],[142.1352,27.6794],[142.1348,27.6794],[142.1348,27.679]]],[[[142.1348,27.6868],[142.1351,27.6868],[142.1351,27.6871],[142.1348,27.6871],[142.1348,27.6868]]],[[[142.1451,27.6868],[142.1452,27.6868],[142.1452,27.6869],[142.1451,27.6869],[142.1451,27.6868]]],[[[142.1475,27.6842],[142.1479,27.6842],[142.1479,27.6845],[142.1475,27.6845],[142.1475,27.6842]]],[[[142.1484,27.6746],[142.1485,27.6746],[142.1485,27.6747],[142.1484,27.6747],[142.1484,27.6746]]],[[[142.1486,27.6765],[142.1487,27.6765],[142.1487,27.6766],[142.1486,27.6766],[142.1486,27.6765]]],[[[142.1486,27.677],[142.1487,27.677],[142.1487,27.6771],[142.1486,27.6771],[142.1486,27.677]]],[[[142.1482,27.6791],[142.149,27.6791],[142.149,27.6796],[142.1482,27.6796],[142.1482,27.6791]]],[[[142.1485,27.6849],[142.1488,27.6849],[142.1488,27.6851],[142.1485,27.6851],[142.1485,27.6849]]],[[[142.1363,27.6877],[142.1365,27.6877],[142.1365,27.6879],[142.1363,27.6879],[142.1363,27.6877]]],[[[142.1489,27.6748],[142.1492,27.6748],[142.1492,27.6751],[142.1489,27.6751],[142.1489,27.6748]]],[[[142.15,27.6741],[142.1504,27.6741],[142.1504,27.6744],[142.15,27.6744],[142.15,27.6741]]],[[[142.1509,27.6839],[142.1514,27.6839],[142.1514,27.6842],[142.1509,27.6842],[142.1509,27.6839]]],[[[142.1514,27.6835],[142.152,27.6835],[142.152,27.6839],[142.1514,27.6839],[142.1514,27.6835]]],[[[142.1528,27.6818],[142.1532,27.6818],[142.1532,27.6824],[142.1528,27.6824],[142.1528,27.6818]]],[[[142.1533,27.6826],[142.154,27.6826],[142.154,27.6829],[142.1533,27.6829],[142.1533,27.6826]]],[[[142.1949,27.1774],[142.1954,27.1774],[142.1954,27.1778],[142.1949,27.1778],[142.1949,27.1774]]],[[[142.1902,27.1868],[142.1902,27.1868],[142.1902,27.187],[142.1902,27.187],[142.1902,27.1868]]],[[[142.1924,27.1854],[142.1925,27.1854],[142.1925,27.1856],[142.1924,27.1856],[142.1924,27.1854]]],[[[142.1959,27.1773],[142.1962,27.1773],[142.1962,27.1775],[142.1959,27.1775],[142.1959,27.1773]]],[[[142.1954,27.1782],[142.1959,27.1782],[142.1959,27.1787],[142.1954,27.1787],[142.1954,27.1782]]],[[[142.1957,27.1788],[142.1966,27.1788],[142.1966,27.1794],[142.1957,27.1794],[142.1957,27.1788]]],[[[142.1987,27.183],[142.1989,27.183],[142.1989,27.1832],[142.1987,27.1832],[142.1987,27.183]]],[[[142.1997,27.1799],[142.1999,27.1799],[142.1999,27.18],[142.1997,27.18],[142.1997,27.1799]]],[[[142.1993,27.1839],[142.1994,27.1839],[142.1994,27.184],[142.1993,27.184],[142.1993,27.1839]]],[[[142.2001,27.1838],[142.2002,27.1838],[142.2002,27.1838],[142.2001,27.1838],[142.2001,27.1838]]],[[[142.1902,27.1887],[142.1904,27.1887],[142.1904,27.1888],[142.1902,27.1888],[142.1902,27.1887]]],[[[142.1917,27.1914],[142.1925,27.1914],[142.1925,27.1926],[142.1917,27.1926],[142.1917,27.1914]]],[[[142.1919,27.1926],[142.1921,27.1926],[142.1921,27.1927],[142.1919,27.1927],[142.1919,27.1926]]],[[[142.1949,27.1964],[142.195,27.1964],[142.195,27.1965],[142.1949,27.1965],[142.1949,27.1964]]],[[[142.1976,27.1938],[142.1977,27.1938],[142.1977,27.1939],[142.1976,27.1939],[142.1976,27.1938]]],[[[142.1973,27.194],[142.1973,27.194],[142.1973,27.1941],[142.1973,27.1941],[142.1973,27.194]]],[[[142.1982,27.1942],[142.1991,27.1942],[142.1991,27.1947],[142.1982,27.1947],[142.1982,27.1942]]],[[[142.1966,27.1964],[142.1967,27.1964],[142.1967,27.1965],[142.1966,27.1965],[142.1966,27.1964]]],[[[142.1937,27.1067],[142.1938,27.1067],[142.1938,27.1067],[142.1937,27.1067],[142.1937,27.1067]]],[[[142.1938,27.1069],[142.1939,27.1069],[142.1939,27.107],[142.1938,27.107],[142.1938,27.1069]]],[[[142.1929,27.107],[142.194,27.1074],[142.1935,27.1066],[142.1923,27.1063],[142.1929,27.107]]],[[[142.192,27.1062],[142.1921,27.1062],[142.1921,27.1063],[142.192,27.1063],[142.192,27.1062]]],[[[142.1923,27.1061],[142.1924,27.1061],[142.1924,27.1061],[142.1923,27.1061],[142.1923,27.1061]]],[[[142.194,27.1077],[142.1942,27.1077],[142.1942,27.108],[142.194,27.108],[142.194,27.1077]]],[[[142.1942,27.1082],[142.1943,27.1082],[142.1943,27.1083],[142.1942,27.1083],[142.1942,27.1082]]],[[[142.1645,27.1157],[142.1646,27.1157],[142.1646,27.1158],[142.1645,27.1158],[142.1645,27.1157]]],[[[142.167,27.1148],[142.1671,27.1148],[142.1671,27.1148],[142.167,27.1148],[142.167,27.1148]]],[[[142.1649,27.1186],[142.165,27.1186],[142.165,27.1187],[142.1649,27.1187],[142.1649,27.1186]]],[[[142.1717,27.1173],[142.1719,27.1173],[142.1719,27.1177],[142.1717,27.1177],[142.1717,27.1173]]],[[[142.1718,27.1144],[142.1722,27.1144],[142.1722,27.1148],[142.1718,27.1148],[142.1718,27.1144]]],[[[142.1716,27.115],[142.1724,27.115],[142.1724,27.1157],[142.1716,27.1157],[142.1716,27.115]]],[[[142.1719,27.1169],[142.1721,27.1169],[142.1721,27.1172],[142.1719,27.1172],[142.1719,27.1169]]],[[[142.1734,27.1162],[142.1738,27.1162],[142.1738,27.1166],[142.1734,27.1166],[142.1734,27.1162]]],[[[142.1737,27.1165],[142.1738,27.1165],[142.1738,27.1166],[142.1737,27.1166],[142.1737,27.1165]]],[[[142.1725,27.1158],[142.1726,27.1158],[142.1726,27.1159],[142.1725,27.1159],[142.1725,27.1158]]],[[[142.1724,27.116],[142.1725,27.116],[142.1725,27.1162],[142.1724,27.1162],[142.1724,27.116]]],[[[142.1726,27.1156],[142.1728,27.1156],[142.1728,27.1159],[142.1726,27.1159],[142.1726,27.1156]]],[[[142.1724,27.1162],[142.1724,27.1162],[142.1724,27.1163],[142.1724,27.1163],[142.1724,27.1162]]],[[[142.1724,27.1164],[142.1725,27.1164],[142.1725,27.1165],[142.1724,27.1165],[142.1724,27.1164]]],[[[142.1727,27.1162],[142.1727,27.1162],[142.1727,27.1163],[142.1727,27.1163],[142.1727,27.1162]]],[[[142.1727,27.1164],[142.1727,27.1164],[142.1727,27.1164],[142.1727,27.1164],[142.1727,27.1164]]],[[[142.1726,27.1165],[142.1727,27.1165],[142.1727,27.1165],[142.1726,27.1165],[142.1726,27.1165]]],[[[142.1727,27.1166],[142.1727,27.1166],[142.1727,27.1167],[142.1727,27.1167],[142.1727,27.1166]]],[[[142.1738,27.1164],[142.1739,27.1164],[142.1739,27.1165],[142.1738,27.1165],[142.1738,27.1164]]],[[[142.2388,27.0925],[142.2392,27.0925],[142.2392,27.093],[142.2388,27.093],[142.2388,27.0925]]],[[[142.2384,27.0933],[142.2385,27.0933],[142.2385,27.0934],[142.2384,27.0934],[142.2384,27.0933]]],[[[142.2382,27.0934],[142.2384,27.0934],[142.2384,27.0936],[142.2382,27.0936],[142.2382,27.0934]]],[[[142.2351,27.0966],[142.2352,27.0966],[142.2352,27.0967],[142.2351,27.0967],[142.2351,27.0966]]],[[[142.2347,27.0971],[142.2348,27.0971],[142.2348,27.0973],[142.2347,27.0973],[142.2347,27.0971]]],[[[142.2348,27.0974],[142.2348,27.0974],[142.2348,27.0974],[142.2348,27.0974],[142.2348,27.0974]]],[[[142.2352,27.0969],[142.2352,27.0969],[142.2352,27.097],[142.2352,27.097],[142.2352,27.0969]]],[[[142.2349,27.0972],[142.2349,27.0972],[142.2349,27.0973],[142.2349,27.0973],[142.2349,27.0972]]],[[[142.235,27.0971],[142.2351,27.0971],[142.2351,27.0972],[142.235,27.0972],[142.235,27.0971]]],[[[142.2353,27.0966],[142.2354,27.0966],[142.2354,27.0967],[142.2353,27.0967],[142.2353,27.0966]]],[[[142.2354,27.0964],[142.2356,27.0964],[142.2356,27.0965],[142.2354,27.0965],[142.2354,27.0964]]],[[[142.2357,27.0968],[142.2358,27.0968],[142.2358,27.0969],[142.2357,27.0969],[142.2357,27.0968]]],[[[142.2357,27.0969],[142.2358,27.0969],[142.2358,27.097],[142.2357,27.097],[142.2357,27.0969]]],[[[142.2333,27.0978],[142.2334,27.0978],[142.2334,27.0979],[142.2333,27.0979],[142.2333,27.0978]]],[[[142.2327,27.0992],[142.2328,27.0992],[142.2328,27.0992],[142.2327,27.0992],[142.2327,27.0992]]],[[[142.2329,27.0994],[142.2331,27.0994],[142.2331,27.0996],[142.2329,27.0996],[142.2329,27.0994]]],[[[142.2331,27.0991],[142.2332,27.0991],[142.2332,27.0993],[142.2331,27.0993],[142.2331,27.0991]]],[[[142.2335,27.0977],[142.2336,27.0977],[142.2336,27.0978],[142.2335,27.0978],[142.2335,27.0977]]],[[[142.2333,27.0981],[142.2335,27.0981],[142.2335,27.0982],[142.2333,27.0982],[142.2333,27.0981]]],[[[142.2342,27.098],[142.2342,27.098],[142.2342,27.0981],[142.2342,27.0981],[142.2342,27.098]]],[[[142.2343,27.0979],[142.2343,27.0979],[142.2343,27.098],[142.2343,27.098],[142.2343,27.0979]]],[[[142.2364,27.0986],[142.2367,27.0986],[142.2367,27.0988],[142.2364,27.0988],[142.2364,27.0986]]],[[[142.2367,27.0988],[142.2368,27.0988],[142.2368,27.0989],[142.2367,27.0989],[142.2367,27.0988]]],[[[142.2489,27.0913],[142.249,27.0913],[142.249,27.0913],[142.2489,27.0913],[142.2489,27.0913]]],[[[142.2491,27.0914],[142.2494,27.0914],[142.2494,27.0917],[142.2491,27.0917],[142.2491,27.0914]]],[[[142.2495,27.0916],[142.2495,27.0916],[142.2495,27.0916],[142.2495,27.0916],[142.2495,27.0916]]],[[[142.2496,27.0916],[142.2496,27.0916],[142.2496,27.0917],[142.2496,27.0917],[142.2496,27.0916]]],[[[142.2493,27.0918],[142.2494,27.0918],[142.2494,27.0919],[142.2493,27.0919],[142.2493,27.0918]]],[[[142.243,27.0925],[142.243,27.0925],[142.243,27.0925],[142.243,27.0925],[142.243,27.0925]]],[[[142.2425,27.0931],[142.2425,27.0931],[142.2425,27.0932],[142.2425,27.0932],[142.2425,27.0931]]],[[[142.2433,27.0923],[142.2434,27.0923],[142.2434,27.0924],[142.2433,27.0924],[142.2433,27.0923]]],[[[142.2432,27.0925],[142.2433,27.0925],[142.2433,27.0925],[142.2432,27.0925],[142.2432,27.0925]]],[[[142.2434,27.0924],[142.2435,27.0924],[142.2435,27.0925],[142.2434,27.0925],[142.2434,27.0924]]],[[[142.2448,27.0913],[142.2448,27.0913],[142.2448,27.0914],[142.2448,27.0914],[142.2448,27.0913]]],[[[142.2448,27.0917],[142.2449,27.0917],[142.2449,27.0917],[142.2448,27.0917],[142.2448,27.0917]]],[[[142.2454,27.0906],[142.2454,27.0906],[142.2454,27.0906],[142.2454,27.0906],[142.2454,27.0906]]],[[[142.2453,27.091],[142.2453,27.091],[142.2453,27.0911],[142.2453,27.0911],[142.2453,27.091]]],[[[142.2442,27.0918],[142.2444,27.0918],[142.2444,27.092],[142.2442,27.092],[142.2442,27.0918]]],[[[142.2448,27.0918],[142.2448,27.0918],[142.2448,27.0919],[142.2448,27.0919],[142.2448,27.0918]]],[[[142.2449,27.0918],[142.2449,27.0918],[142.2449,27.0918],[142.2449,27.0918],[142.2449,27.0918]]],[[[142.2431,27.0954],[142.2432,27.0954],[142.2432,27.0955],[142.2431,27.0955],[142.2431,27.0954]]],[[[142.2428,27.0957],[142.2428,27.0957],[142.2428,27.0959],[142.2428,27.0959],[142.2428,27.0957]]],[[[142.245,27.0956],[142.2451,27.0956],[142.2451,27.0957],[142.245,27.0957],[142.245,27.0956]]],[[[142.2448,27.0958],[142.2449,27.0958],[142.2449,27.0959],[142.2448,27.0959],[142.2448,27.0958]]],[[[142.246,27.0902],[142.246,27.0902],[142.246,27.0902],[142.246,27.0902],[142.246,27.0902]]],[[[142.243,27.0964],[142.2431,27.0964],[142.2431,27.0965],[142.243,27.0965],[142.243,27.0964]]],[[[142.2455,27.0961],[142.2456,27.0961],[142.2456,27.0962],[142.2455,27.0962],[142.2455,27.0961]]],[[[142.2362,27.0834],[142.2363,27.0834],[142.2363,27.0835],[142.2362,27.0835],[142.2362,27.0834]]],[[[142.2362,27.0835],[142.2363,27.0835],[142.2363,27.0836],[142.2362,27.0836],[142.2362,27.0835]]],[[[142.2366,27.0836],[142.2366,27.0836],[142.2366,27.0837],[142.2366,27.0837],[142.2366,27.0836]]],[[[142.2382,27.0868],[142.2383,27.0868],[142.2383,27.0869],[142.2382,27.0869],[142.2382,27.0868]]],[[[142.2378,27.0871],[142.2379,27.0871],[142.2379,27.0872],[142.2378,27.0872],[142.2378,27.0871]]],[[[142.238,27.087],[142.2381,27.087],[142.2381,27.0871],[142.238,27.0871],[142.238,27.087]]],[[[142.2366,27.088],[142.2366,27.088],[142.2366,27.0881],[142.2366,27.0881],[142.2366,27.088]]],[[[142.2364,27.0887],[142.2365,27.0887],[142.2365,27.0888],[142.2364,27.0888],[142.2364,27.0887]]],[[[142.2369,27.0878],[142.237,27.0878],[142.237,27.088],[142.2369,27.088],[142.2369,27.0878]]],[[[142.2521,27.0895],[142.2522,27.0895],[142.2522,27.0896],[142.2521,27.0896],[142.2521,27.0895]]],[[[142.2523,27.0895],[142.2524,27.0895],[142.2524,27.0896],[142.2523,27.0896],[142.2523,27.0895]]],[[[142.2522,27.0896],[142.2523,27.0896],[142.2523,27.0897],[142.2522,27.0897],[142.2522,27.0896]]],[[[142.2525,27.0896],[142.2525,27.0896],[142.2525,27.0898],[142.2525,27.0898],[142.2525,27.0896]]],[[[142.2359,27.0836],[142.2359,27.0836],[142.2359,27.0837],[142.2359,27.0837],[142.2359,27.0836]]],[[[142.2359,27.0837],[142.2359,27.0837],[142.2359,27.0838],[142.2359,27.0838],[142.2359,27.0837]]],[[[142.2361,27.0838],[142.2361,27.0838],[142.2361,27.0838],[142.2361,27.0838],[142.2361,27.0838]]],[[[142.2351,27.0858],[142.2353,27.0858],[142.2353,27.0859],[142.2351,27.0859],[142.2351,27.0858]]],[[[142.2356,27.084],[142.2357,27.084],[142.2357,27.0841],[142.2356,27.0841],[142.2356,27.084]]],[[[142.2354,27.0849],[142.2355,27.0849],[142.2355,27.0849],[142.2354,27.0849],[142.2354,27.0849]]],[[[142.2358,27.0849],[142.2358,27.0849],[142.2358,27.0849],[142.2358,27.0849],[142.2358,27.0849]]],[[[142.236,27.0841],[142.2361,27.0841],[142.2361,27.0841],[142.236,27.0841],[142.236,27.0841]]],[[[142.2358,27.0844],[142.236,27.0844],[142.236,27.0846],[142.2358,27.0846],[142.2358,27.0844]]],[[[142.2359,27.0843],[142.236,27.0843],[142.236,27.0843],[142.2359,27.0843],[142.2359,27.0843]]],[[[142.2354,27.0859],[142.2355,27.0859],[142.2355,27.0859],[142.2354,27.0859],[142.2354,27.0859]]],[[[142.225,27.0885],[142.2251,27.0885],[142.2251,27.0887],[142.225,27.0887],[142.225,27.0885]]],[[[142.2251,27.0884],[142.2252,27.0884],[142.2252,27.0884],[142.2251,27.0884],[142.2251,27.0884]]],[[[142.2252,27.0873],[142.2254,27.0873],[142.2254,27.0874],[142.2252,27.0874],[142.2252,27.0873]]],[[[142.2252,27.0877],[142.2252,27.0877],[142.2252,27.0877],[142.2252,27.0877],[142.2252,27.0877]]],[[[142.2251,27.088],[142.2252,27.088],[142.2252,27.088],[142.2251,27.088],[142.2251,27.088]]],[[[142.2151,27.108],[142.2153,27.108],[142.2153,27.1083],[142.2151,27.1083],[142.2151,27.108]]],[[[142.16,27.1064],[142.1609,27.1064],[142.1609,27.1068],[142.16,27.1068],[142.16,27.1064]]],[[[142.1609,27.1059],[142.1615,27.1059],[142.1615,27.1064],[142.1609,27.1064],[142.1609,27.1059]]],[[[142.1809,27.0937],[142.181,27.0937],[142.181,27.0938],[142.1809,27.0938],[142.1809,27.0937]]],[[[142.1815,27.0937],[142.1816,27.0937],[142.1816,27.0937],[142.1815,27.0937],[142.1815,27.0937]]],[[[142.1603,27.1056],[142.1604,27.1056],[142.1604,27.1057],[142.1603,27.1057],[142.1603,27.1056]]],[[[142.1605,27.1056],[142.1607,27.1056],[142.1607,27.1058],[142.1605,27.1058],[142.1605,27.1056]]],[[[142.1606,27.1061],[142.1607,27.1061],[142.1607,27.1063],[142.1606,27.1063],[142.1606,27.1061]]],[[[142.1608,27.1056],[142.1609,27.1056],[142.1609,27.1057],[142.1608,27.1057],[142.1608,27.1056]]],[[[142.181,27.0938],[142.1811,27.0938],[142.1811,27.0939],[142.181,27.0939],[142.181,27.0938]]],[[[142.1815,27.0942],[142.1815,27.0942],[142.1815,27.0943],[142.1815,27.0943],[142.1815,27.0942]]],[[[142.1815,27.0945],[142.1816,27.0945],[142.1816,27.0946],[142.1815,27.0946],[142.1815,27.0945]]],[[[142.1814,27.0953],[142.1815,27.0953],[142.1815,27.0953],[142.1814,27.0953],[142.1814,27.0953]]],[[[142.1811,27.0965],[142.1811,27.0965],[142.1811,27.0966],[142.1811,27.0966],[142.1811,27.0965]]],[[[142.1812,27.0963],[142.1814,27.0963],[142.1814,27.0965],[142.1812,27.0965],[142.1812,27.0963]]],[[[142.181,27.0999],[142.181,27.0999],[142.181,27.1],[142.181,27.1],[142.181,27.0999]]],[[[142.1815,27.0997],[142.1816,27.0997],[142.1816,27.0998],[142.1815,27.0998],[142.1815,27.0997]]],[[[142.1816,27.1],[142.1816,27.1],[142.1816,27.1001],[142.1816,27.1001],[142.1816,27.1]]],[[[142.1809,27.0926],[142.1813,27.0926],[142.1813,27.0928],[142.1809,27.0928],[142.1809,27.0926]]],[[[142.1813,27.0926],[142.1814,27.0926],[142.1814,27.0927],[142.1813,27.0927],[142.1813,27.0926]]],[[[142.1813,27.0923],[142.1814,27.0923],[142.1814,27.0924],[142.1813,27.0924],[142.1813,27.0923]]],[[[142.2393,27.0453],[142.2396,27.0453],[142.2396,27.0457],[142.2393,27.0457],[142.2393,27.0453]]],[[[142.2402,27.0455],[142.2404,27.0455],[142.2404,27.0456],[142.2402,27.0456],[142.2402,27.0455]]],[[[142.239,27.0478],[142.2391,27.0478],[142.2391,27.0479],[142.239,27.0479],[142.239,27.0478]]],[[[142.2398,27.0453],[142.2399,27.0453],[142.2399,27.0455],[142.2398,27.0455],[142.2398,27.0453]]],[[[142.2399,27.0454],[142.24,27.0454],[142.24,27.0455],[142.2399,27.0455],[142.2399,27.0454]]],[[[142.2381,27.0483],[142.2381,27.0483],[142.2381,27.0484],[142.2381,27.0484],[142.2381,27.0483]]],[[[142.2381,27.0485],[142.2381,27.0485],[142.2381,27.0486],[142.2381,27.0486],[142.2381,27.0485]]],[[[142.2382,27.0484],[142.2382,27.0484],[142.2382,27.0485],[142.2382,27.0485],[142.2382,27.0484]]],[[[142.2383,27.0474],[142.2385,27.0474],[142.2385,27.0477],[142.2383,27.0477],[142.2383,27.0474]]],[[[142.2383,27.0478],[142.2385,27.0478],[142.2385,27.048],[142.2383,27.048],[142.2383,27.0478]]],[[[142.2383,27.0481],[142.2384,27.0481],[142.2384,27.0481],[142.2383,27.0481],[142.2383,27.0481]]],[[[142.2384,27.0481],[142.2386,27.0481],[142.2386,27.0483],[142.2384,27.0483],[142.2384,27.0481]]],[[[142.2385,27.0478],[142.2387,27.0478],[142.2387,27.0479],[142.2385,27.0479],[142.2385,27.0478]]],[[[142.2386,27.0479],[142.2386,27.0479],[142.2386,27.048],[142.2386,27.048],[142.2386,27.0479]]],[[[142.2387,27.0481],[142.2388,27.0481],[142.2388,27.0481],[142.2387,27.0481],[142.2387,27.0481]]],[[[142.2379,27.052],[142.238,27.052],[142.238,27.0521],[142.2379,27.0521],[142.2379,27.052]]],[[[142.2379,27.0521],[142.238,27.0521],[142.238,27.0522],[142.2379,27.0522],[142.2379,27.0521]]],[[[142.238,27.0519],[142.2381,27.0519],[142.2381,27.052],[142.238,27.052],[142.238,27.0519]]],[[[142.2417,27.046],[142.2418,27.046],[142.2418,27.0461],[142.2417,27.0461],[142.2417,27.046]]],[[[142.2419,27.0469],[142.242,27.0469],[142.242,27.0469],[142.2419,27.0469],[142.2419,27.0469]]],[[[142.2421,27.0469],[142.2421,27.0469],[142.2421,27.047],[142.2421,27.047],[142.2421,27.0469]]],[[[142.1816,27.0717],[142.1816,27.0717],[142.1816,27.0718],[142.1816,27.0718],[142.1816,27.0717]]],[[[142.1816,27.0717],[142.1817,27.0717],[142.1817,27.0717],[142.1816,27.0717],[142.1816,27.0717]]],[[[142.175,27.0551],[142.1751,27.0551],[142.1751,27.0552],[142.175,27.0552],[142.175,27.0551]]],[[[142.1751,27.0551],[142.1754,27.0551],[142.1754,27.0554],[142.1751,27.0554],[142.1751,27.0551]]],[[[142.1704,27.0458],[142.1705,27.0458],[142.1705,27.0458],[142.1704,27.0458],[142.1704,27.0458]]],[[[142.1713,27.0454],[142.1714,27.0454],[142.1714,27.0455],[142.1713,27.0455],[142.1713,27.0454]]],[[[142.1695,27.0513],[142.1697,27.0513],[142.1697,27.0515],[142.1695,27.0515],[142.1695,27.0513]]],[[[142.171,27.051],[142.1712,27.051],[142.1712,27.0511],[142.171,27.0511],[142.171,27.051]]],[[[142.1706,27.0526],[142.171,27.0526],[142.171,27.0529],[142.1706,27.0529],[142.1706,27.0526]]],[[[142.1711,27.0531],[142.1714,27.0531],[142.1714,27.0535],[142.1711,27.0535],[142.1711,27.0531]]],[[[142.1723,27.0463],[142.1725,27.0463],[142.1725,27.0464],[142.1723,27.0464],[142.1723,27.0463]]],[[[142.1719,27.0496],[142.1721,27.0496],[142.1721,27.0497],[142.1719,27.0497],[142.1719,27.0496]]],[[[142.1767,27.0536],[142.1768,27.0536],[142.1768,27.0538],[142.1767,27.0538],[142.1767,27.0536]]],[[[142.18,27.047],[142.1807,27.047],[142.1807,27.0476],[142.18,27.0476],[142.18,27.047]]],[[[142.181,27.0726],[142.181,27.0726],[142.181,27.0726],[142.181,27.0726],[142.181,27.0726]]],[[[142.1816,27.0726],[142.1816,27.0726],[142.1816,27.0727],[142.1816,27.0727],[142.1816,27.0726]]],[[[142.1799,27.0725],[142.1804,27.0725],[142.1804,27.0728],[142.1799,27.0728],[142.1799,27.0725]]],[[[142.1797,27.0727],[142.1799,27.0727],[142.1799,27.0729],[142.1797,27.0729],[142.1797,27.0727]]],[[[142.1815,27.0727],[142.1815,27.0727],[142.1815,27.0728],[142.1815,27.0728],[142.1815,27.0727]]],[[[142.1816,27.0727],[142.1816,27.0727],[142.1816,27.0728],[142.1816,27.0728],[142.1816,27.0727]]],[[[141.3471,24.795],[141.3471,24.795],[141.3471,24.795],[141.3471,24.795],[141.3471,24.795]]],[[[141.3472,24.795],[141.3473,24.795],[141.3473,24.795],[141.3472,24.795],[141.3472,24.795]]],[[[141.3472,24.795],[141.3472,24.795],[141.3472,24.7951],[141.3472,24.7951],[141.3472,24.795]]],[[[141.3445,24.7989],[141.3445,24.7989],[141.3445,24.7989],[141.3445,24.7989],[141.3445,24.7989]]],[[[141.344,24.8002],[141.3441,24.8002],[141.3441,24.8003],[141.344,24.8003],[141.344,24.8002]]],[[[141.3441,24.8003],[141.3441,24.8003],[141.3441,24.8003],[141.3441,24.8003],[141.3441,24.8003]]],[[[141.3441,24.8003],[141.3441,24.8003],[141.3441,24.8003],[141.3441,24.8003],[141.3441,24.8003]]],[[[141.3444,24.8001],[141.3444,24.8001],[141.3444,24.8001],[141.3444,24.8001],[141.3444,24.8001]]],[[[141.3784,24.7804],[141.3784,24.7804],[141.3784,24.7804],[141.3784,24.7804],[141.3784,24.7804]]],[[[141.3785,24.7807],[141.3785,24.7807],[141.3785,24.7807],[141.3785,24.7807],[141.3785,24.7807]]],[[[141.3787,24.7803],[141.3787,24.7803],[141.3787,24.7804],[141.3787,24.7804],[141.3787,24.7803]]],[[[141.3786,24.7808],[141.3786,24.7808],[141.3786,24.7809],[141.3786,24.7809],[141.3786,24.7808]]],[[[141.3787,24.7809],[141.3787,24.7809],[141.3787,24.7809],[141.3787,24.7809],[141.3787,24.7809]]],[[[141.3783,24.78],[141.3784,24.78],[141.3784,24.78],[141.3783,24.78],[141.3783,24.78]]],[[[141.3783,24.7806],[141.3784,24.7806],[141.3784,24.7806],[141.3783,24.7806],[141.3783,24.7806]]],[[[141.3783,24.7806],[141.3783,24.7806],[141.3783,24.7806],[141.3783,24.7806],[141.3783,24.7806]]],[[[141.3783,24.7805],[141.3784,24.7805],[141.3784,24.7806],[141.3783,24.7806],[141.3783,24.7805]]],[[[142.2245,27.0352],[142.2246,27.0352],[142.2246,27.0353],[142.2245,27.0353],[142.2245,27.0352]]],[[[142.2245,27.0355],[142.2245,27.0355],[142.2245,27.0356],[142.2245,27.0356],[142.2245,27.0355]]],[[[142.2246,27.0354],[142.2247,27.0354],[142.2247,27.0355],[142.2246,27.0355],[142.2246,27.0354]]],[[[142.225,27.0355],[142.2251,27.0355],[142.2251,27.0355],[142.225,27.0355],[142.225,27.0355]]],[[[142.2249,27.0357],[142.225,27.0357],[142.225,27.0358],[142.2249,27.0358],[142.2249,27.0357]]],[[[142.2252,27.0353],[142.2252,27.0353],[142.2252,27.0354],[142.2252,27.0354],[142.2252,27.0353]]],[[[142.2293,27.0349],[142.2294,27.0349],[142.2294,27.035],[142.2293,27.035],[142.2293,27.0349]]],[[[142.2294,27.0349],[142.2295,27.0349],[142.2295,27.035],[142.2294,27.035],[142.2294,27.0349]]],[[[142.2293,27.0351],[142.2294,27.0351],[142.2294,27.0352],[142.2293,27.0352],[142.2293,27.0351]]],[[[142.2297,27.035],[142.2298,27.035],[142.2298,27.0351],[142.2297,27.0351],[142.2297,27.035]]],[[[142.2297,27.0351],[142.2297,27.0351],[142.2297,27.0352],[142.2297,27.0352],[142.2297,27.0351]]],[[[142.2273,27.0355],[142.2273,27.0355],[142.2273,27.0355],[142.2273,27.0355],[142.2273,27.0355]]],[[[142.2295,27.0352],[142.2296,27.0352],[142.2296,27.0353],[142.2295,27.0353],[142.2295,27.0352]]],[[[142.2296,27.0353],[142.2297,27.0353],[142.2297,27.0354],[142.2296,27.0354],[142.2296,27.0353]]],[[[142.1659,27.0435],[142.1661,27.0435],[142.1661,27.0437],[142.1659,27.0437],[142.1659,27.0435]]],[[[142.1168,26.7215],[142.1173,26.7215],[142.1173,26.7222],[142.1168,26.7222],[142.1168,26.7215]]],[[[142.1174,26.7234],[142.1181,26.7234],[142.1181,26.724],[142.1174,26.724],[142.1174,26.7234]]],[[[142.1709,27.0302],[142.171,27.0302],[142.171,27.0303],[142.1709,27.0303],[142.1709,27.0302]]],[[[142.1714,27.0298],[142.1717,27.0298],[142.1717,27.03],[142.1714,27.03],[142.1714,27.0298]]],[[[142.1726,27.0296],[142.1727,27.0296],[142.1727,27.0296],[142.1726,27.0296],[142.1726,27.0296]]],[[[142.1725,27.0301],[142.1726,27.0301],[142.1726,27.0301],[142.1725,27.0301],[142.1725,27.0301]]],[[[142.1742,27.0297],[142.1748,27.0297],[142.1748,27.0303],[142.1742,27.0303],[142.1742,27.0297]]],[[[142.1737,27.0309],[142.1743,27.0305],[142.1738,27.0305],[142.1737,27.0309]]],[[[142.2297,27.0345],[142.2297,27.0345],[142.2297,27.0346],[142.2297,27.0346],[142.2297,27.0345]]],[[[142.1675,27.0378],[142.1679,27.0378],[142.1679,27.0382],[142.1675,27.0382],[142.1675,27.0378]]],[[[142.1676,27.0375],[142.1683,27.0375],[142.1683,27.0378],[142.1676,27.0378],[142.1676,27.0375]]],[[[142.1681,27.0383],[142.1685,27.0383],[142.1685,27.0389],[142.1681,27.0389],[142.1681,27.0383]]],[[[142.1686,27.0384],[142.1687,27.0384],[142.1687,27.0385],[142.1686,27.0385],[142.1686,27.0384]]],[[[142.1685,27.0385],[142.1687,27.0385],[142.1687,27.0387],[142.1685,27.0387],[142.1685,27.0385]]],[[[142.1694,27.038],[142.1696,27.038],[142.1696,27.0383],[142.1694,27.0383],[142.1694,27.038]]],[[[142.1702,27.0369],[142.1706,27.0369],[142.1706,27.0374],[142.1702,27.0374],[142.1702,27.0369]]],[[[142.1787,27.0366],[142.1789,27.0366],[142.1789,27.0368],[142.1787,27.0368],[142.1787,27.0366]]],[[[142.1223,26.711],[142.1224,26.711],[142.1224,26.7112],[142.1223,26.7112],[142.1223,26.711]]],[[[142.1224,26.711],[142.1225,26.711],[142.1225,26.7111],[142.1224,26.7111],[142.1224,26.711]]],[[[142.1223,26.7111],[142.1225,26.7111],[142.1225,26.7113],[142.1223,26.7113],[142.1223,26.7111]]],[[[142.1212,26.7117],[142.1213,26.7117],[142.1213,26.7117],[142.1212,26.7117],[142.1212,26.7117]]],[[[142.1218,26.7113],[142.1219,26.7113],[142.1219,26.7113],[142.1218,26.7113],[142.1218,26.7113]]],[[[142.1221,26.7089],[142.1222,26.7089],[142.1222,26.709],[142.1221,26.709],[142.1221,26.7089]]],[[[142.1222,26.709],[142.1223,26.709],[142.1223,26.709],[142.1222,26.709],[142.1222,26.709]]],[[[142.1223,26.709],[142.1224,26.709],[142.1224,26.709],[142.1223,26.709],[142.1223,26.709]]],[[[142.1225,26.7093],[142.1226,26.7093],[142.1226,26.7094],[142.1225,26.7094],[142.1225,26.7093]]],[[[142.1222,26.71],[142.1222,26.71],[142.1222,26.7101],[142.1222,26.7101],[142.1222,26.71]]],[[[142.1223,26.71],[142.1224,26.71],[142.1224,26.7101],[142.1223,26.7101],[142.1223,26.71]]],[[[142.1223,26.7105],[142.1224,26.7105],[142.1224,26.7106],[142.1223,26.7106],[142.1223,26.7105]]],[[[142.1225,26.7107],[142.1225,26.7107],[142.1225,26.7108],[142.1225,26.7108],[142.1225,26.7107]]],[[[142.1235,26.7031],[142.1237,26.7031],[142.1237,26.7032],[142.1235,26.7032],[142.1235,26.7031]]],[[[142.1237,26.7032],[142.1238,26.7032],[142.1238,26.7032],[142.1237,26.7032],[142.1237,26.7032]]],[[[142.1248,26.7044],[142.1249,26.7044],[142.1249,26.7044],[142.1248,26.7044],[142.1248,26.7044]]],[[[142.1246,26.7048],[142.1247,26.7048],[142.1247,26.7048],[142.1246,26.7048],[142.1246,26.7048]]],[[[142.1216,26.7052],[142.1218,26.7052],[142.1218,26.7053],[142.1216,26.7053],[142.1216,26.7052]]],[[[142.1214,26.7052],[142.1218,26.7052],[142.1218,26.7054],[142.1214,26.7054],[142.1214,26.7052]]],[[[142.1225,26.7065],[142.1225,26.7065],[142.1225,26.7065],[142.1225,26.7065],[142.1225,26.7065]]],[[[142.1157,26.701],[142.116,26.701],[142.116,26.7013],[142.1157,26.7013],[142.1157,26.701]]],[[[142.1168,26.7025],[142.117,26.7025],[142.117,26.7027],[142.1168,26.7027],[142.1168,26.7025]]],[[[142.1213,26.7037],[142.1214,26.7037],[142.1214,26.7037],[142.1213,26.7037],[142.1213,26.7037]]],[[[142.1214,26.7037],[142.1215,26.7037],[142.1215,26.7038],[142.1214,26.7038],[142.1214,26.7037]]],[[[142.1223,26.7045],[142.1225,26.7045],[142.1225,26.7046],[142.1223,26.7046],[142.1223,26.7045]]],[[[142.1219,26.7051],[142.122,26.7051],[142.122,26.7052],[142.1219,26.7052],[142.1219,26.7051]]],[[[142.1218,26.7054],[142.1219,26.7054],[142.1219,26.7054],[142.1218,26.7054],[142.1218,26.7054]]],[[[142.122,26.7053],[142.1221,26.7053],[142.1221,26.7053],[142.122,26.7053],[142.122,26.7053]]],[[[142.1224,26.7056],[142.1225,26.7056],[142.1225,26.7057],[142.1224,26.7057],[142.1224,26.7056]]],[[[142.1688,26.6907],[142.1689,26.6907],[142.1689,26.6908],[142.1688,26.6908],[142.1688,26.6907]]],[[[142.1689,26.6855],[142.1691,26.6855],[142.1691,26.6856],[142.1689,26.6856],[142.1689,26.6855]]],[[[142.1222,26.7147],[142.1222,26.7147],[142.1222,26.7147],[142.1222,26.7147],[142.1222,26.7147]]],[[[142.1222,26.7147],[142.1224,26.7147],[142.1224,26.7148],[142.1222,26.7148],[142.1222,26.7147]]],[[[142.1214,26.7157],[142.1215,26.7157],[142.1215,26.7157],[142.1214,26.7157],[142.1214,26.7157]]],[[[142.1213,26.7157],[142.1215,26.7157],[142.1215,26.7159],[142.1213,26.7159],[142.1213,26.7157]]],[[[142.1228,26.7161],[142.123,26.7161],[142.123,26.7163],[142.1228,26.7163],[142.1228,26.7161]]],[[[142.1214,26.7158],[142.1219,26.7158],[142.1219,26.7167],[142.1214,26.7167],[142.1214,26.7158]]],[[[142.12,26.7149],[142.1201,26.7149],[142.1201,26.715],[142.12,26.715],[142.12,26.7149]]],[[[142.1198,26.7159],[142.1199,26.7159],[142.1199,26.716],[142.1198,26.716],[142.1198,26.7159]]],[[[142.1209,26.7155],[142.121,26.7155],[142.121,26.7156],[142.1209,26.7156],[142.1209,26.7155]]],[[[142.1223,26.7145],[142.1225,26.7145],[142.1225,26.7146],[142.1223,26.7146],[142.1223,26.7145]]],[[[142.1211,26.7148],[142.1215,26.7148],[142.1215,26.715],[142.1211,26.715],[142.1211,26.7148]]],[[[142.1215,26.7156],[142.1217,26.7156],[142.1217,26.7156],[142.1215,26.7156],[142.1215,26.7156]]],[[[142.247,27.0909],[142.2471,27.0909],[142.2471,27.0909],[142.247,27.0909],[142.247,27.0909]]],[[[142.2478,27.0908],[142.2479,27.0908],[142.2479,27.0908],[142.2478,27.0908],[142.2478,27.0908]]],[[[142.2471,27.0909],[142.2472,27.0909],[142.2472,27.091],[142.2471,27.091],[142.2471,27.0909]]],[[[142.2473,27.091],[142.2473,27.091],[142.2473,27.091],[142.2473,27.091],[142.2473,27.091]]],[[[142.2473,27.0908],[142.2475,27.0908],[142.2475,27.0909],[142.2473,27.0909],[142.2473,27.0908]]],[[[142.2479,27.0922],[142.248,27.0922],[142.248,27.0923],[142.2479,27.0923],[142.2479,27.0922]]],[[[142.248,27.0908],[142.2481,27.0908],[142.2481,27.0908],[142.248,27.0908],[142.248,27.0908]]],[[[142.2483,27.0908],[142.2485,27.0908],[142.2485,27.0909],[142.2483,27.0909],[142.2483,27.0908]]],[[[142.2486,27.0912],[142.2487,27.0912],[142.2487,27.0912],[142.2486,27.0912],[142.2486,27.0912]]],[[[142.2483,27.0931],[142.2484,27.0931],[142.2484,27.0932],[142.2483,27.0932],[142.2483,27.0931]]],[[[142.2481,27.0934],[142.2481,27.0934],[142.2481,27.0934],[142.2481,27.0934],[142.2481,27.0934]]],[[[142.2482,27.0936],[142.2483,27.0936],[142.2483,27.0936],[142.2482,27.0936],[142.2482,27.0936]]],[[[142.2421,27.0934],[142.2422,27.0934],[142.2422,27.0935],[142.2421,27.0935],[142.2421,27.0934]]],[[[142.2409,27.0939],[142.241,27.0939],[142.241,27.0941],[142.2409,27.0941],[142.2409,27.0939]]],[[[142.2411,27.0939],[142.2411,27.0939],[142.2411,27.094],[142.2411,27.094],[142.2411,27.0939]]],[[[142.2408,27.0951],[142.2408,27.0951],[142.2408,27.0953],[142.2408,27.0953],[142.2408,27.0951]]],[[[142.2417,27.0938],[142.2419,27.0938],[142.2419,27.094],[142.2417,27.094],[142.2417,27.0938]]],[[[142.2418,27.094],[142.2418,27.094],[142.2418,27.0941],[142.2418,27.0941],[142.2418,27.094]]],[[[142.241,27.0949],[142.2411,27.0959],[142.244,27.0951],[142.2463,27.0954],[142.2461,27.0949],[142.2475,27.0949],[142.2465,27.0944],[142.2484,27.0931],[142.2477,27.0923],[142.2489,27.0914],[142.2457,27.0903],[142.2447,27.0921],[142.241,27.0949]]],[[[142.2362,27.0847],[142.2362,27.0847],[142.2362,27.0847],[142.2362,27.0847],[142.2362,27.0847]]],[[[142.2521,27.0897],[142.2522,27.0897],[142.2522,27.0899],[142.2521,27.0899],[142.2521,27.0897]]],[[[142.2461,27.0902],[142.2462,27.0902],[142.2462,27.0903],[142.2461,27.0903],[142.2461,27.0902]]],[[[142.2465,27.0902],[142.2466,27.0902],[142.2466,27.0903],[142.2465,27.0903],[142.2465,27.0902]]],[[[142.2523,27.0898],[142.2524,27.0898],[142.2524,27.0898],[142.2523,27.0898],[142.2523,27.0898]]],[[[142.2347,27.0975],[142.2348,27.0975],[142.2348,27.0976],[142.2347,27.0976],[142.2347,27.0975]]],[[[142.2349,27.0974],[142.2349,27.0974],[142.2349,27.0975],[142.2349,27.0975],[142.2349,27.0974]]],[[[142.2361,27.0886],[142.2362,27.0886],[142.2362,27.0887],[142.2361,27.0887],[142.2361,27.0886]]],[[[142.1439,26.6578],[142.144,26.6578],[142.144,26.6579],[142.1439,26.6579],[142.1439,26.6578]]],[[[142.1436,26.6578],[142.1443,26.6578],[142.1443,26.6581],[142.1436,26.6581],[142.1436,26.6578]]],[[[142.1424,26.6552],[142.1425,26.6552],[142.1425,26.6553],[142.1424,26.6553],[142.1424,26.6552]]],[[[142.1446,26.6556],[142.1447,26.6556],[142.1447,26.6559],[142.1446,26.6559],[142.1446,26.6556]]],[[[142.1447,26.6558],[142.1449,26.6558],[142.1449,26.6559],[142.1447,26.6559],[142.1447,26.6558]]],[[[142.1434,26.6581],[142.1436,26.6581],[142.1436,26.6581],[142.1434,26.6581],[142.1434,26.6581]]],[[[142.1443,26.6577],[142.1444,26.6577],[142.1444,26.6578],[142.1443,26.6578],[142.1443,26.6577]]],[[[142.1447,26.6579],[142.1448,26.6579],[142.1448,26.658],[142.1447,26.658],[142.1447,26.6579]]],[[[142.1449,26.6581],[142.1449,26.6581],[142.1449,26.6581],[142.1449,26.6581],[142.1449,26.6581]]],[[[142.123,26.7071],[142.123,26.7071],[142.123,26.7071],[142.123,26.7071],[142.123,26.7071]]],[[[142.123,26.7094],[142.1231,26.7094],[142.1231,26.7096],[142.123,26.7096],[142.123,26.7094]]],[[[142.123,26.7073],[142.1231,26.7073],[142.1231,26.7073],[142.123,26.7073],[142.123,26.7073]]],[[[142.1232,26.7076],[142.1232,26.7076],[142.1232,26.7076],[142.1232,26.7076],[142.1232,26.7076]]],[[[142.1233,26.7076],[142.1233,26.7076],[142.1233,26.7076],[142.1233,26.7076],[142.1233,26.7076]]],[[[142.1231,26.7081],[142.1232,26.7081],[142.1232,26.7082],[142.1231,26.7082],[142.1231,26.7081]]],[[[142.1231,26.7084],[142.1231,26.7084],[142.1231,26.7085],[142.1231,26.7085],[142.1231,26.7084]]],[[[142.1231,26.7086],[142.1232,26.7086],[142.1232,26.7087],[142.1231,26.7087],[142.1231,26.7086]]],[[[142.1422,26.6482],[142.1426,26.6482],[142.1426,26.6485],[142.1422,26.6485],[142.1422,26.6482]]],[[[142.1427,26.6477],[142.1439,26.6477],[142.1439,26.6483],[142.1427,26.6483],[142.1427,26.6477]]],[[[142.1444,26.6476],[142.1449,26.6476],[142.1449,26.6479],[142.1444,26.6479],[142.1444,26.6476]]],[[[142.1371,26.6445],[142.1375,26.6445],[142.1375,26.645],[142.1371,26.645],[142.1371,26.6445]]],[[[142.1902,27.132],[142.1903,27.132],[142.1903,27.1321],[142.1902,27.1321],[142.1902,27.132]]],[[[142.1998,27.1363],[142.2,27.1352],[142.1994,27.1356],[142.1998,27.1363]]],[[[142.1943,27.1438],[142.1948,27.1438],[142.1948,27.1441],[142.1943,27.1441],[142.1943,27.1438]]],[[[142.1952,27.1443],[142.1955,27.1435],[142.1949,27.1437],[142.1952,27.1443]]],[[[142.2054,27.1351],[142.2057,27.1351],[142.2057,27.1357],[142.2054,27.1357],[142.2054,27.1351]]],[[[142.1989,27.1574],[142.1991,27.1574],[142.1991,27.1576],[142.1989,27.1576],[142.1989,27.1574]]],[[[142.198,27.1596],[142.1981,27.1596],[142.1981,27.1597],[142.198,27.1597],[142.198,27.1596]]],[[[142.1982,27.1596],[142.1983,27.1596],[142.1983,27.1597],[142.1982,27.1597],[142.1982,27.1596]]],[[[142.1985,27.1595],[142.1986,27.1595],[142.1986,27.1596],[142.1985,27.1596],[142.1985,27.1595]]],[[[142.1987,27.1593],[142.1988,27.1593],[142.1988,27.1595],[142.1987,27.1595],[142.1987,27.1593]]],[[[142.199,27.1595],[142.1991,27.1595],[142.1991,27.1597],[142.199,27.1597],[142.199,27.1595]]],[[[142.1993,27.1613],[142.1994,27.1613],[142.1994,27.1614],[142.1993,27.1614],[142.1993,27.1613]]],[[[142.1997,27.1613],[142.2003,27.1613],[142.2003,27.1618],[142.1997,27.1618],[142.1997,27.1613]]],[[[142.2004,27.1609],[142.2007,27.1609],[142.2007,27.1611],[142.2004,27.1611],[142.2004,27.1609]]],[[[142.2005,27.1617],[142.2006,27.1617],[142.2006,27.1619],[142.2005,27.1619],[142.2005,27.1617]]],[[[142.2193,27.1297],[142.2206,27.1297],[142.2206,27.1307],[142.2193,27.1307],[142.2193,27.1297]]],[[[142.2205,27.13],[142.2207,27.13],[142.2207,27.1301],[142.2205,27.1301],[142.2205,27.13]]],[[[142.1816,27.0726],[142.1817,27.0726],[142.1817,27.0726],[142.1816,27.0726],[142.1816,27.0726]]],[[[142.181,27.0721],[142.1814,27.0721],[142.1814,27.0731],[142.181,27.0731],[142.181,27.0721]]],[[[142.1814,27.0723],[142.1815,27.0723],[142.1815,27.0724],[142.1814,27.0724],[142.1814,27.0723]]],[[[142.1816,27.0725],[142.1817,27.0725],[142.1817,27.0726],[142.1816,27.0726],[142.1816,27.0725]]],[[[142.1814,27.048],[142.1815,27.048],[142.1815,27.0481],[142.1814,27.0481],[142.1814,27.048]]],[[[142.1814,27.0706],[142.1816,27.0706],[142.1816,27.0708],[142.1814,27.0708],[142.1814,27.0706]]],[[[142.1815,27.0725],[142.1816,27.0725],[142.1816,27.0726],[142.1815,27.0726],[142.1815,27.0725]]],[[[142.1723,27.0314],[142.173,27.0314],[142.173,27.0321],[142.1723,27.0321],[142.1723,27.0314]]],[[[142.1745,27.0342],[142.1746,27.0342],[142.1746,27.0343],[142.1745,27.0343],[142.1745,27.0342]]],[[[142.1744,27.0344],[142.1745,27.0344],[142.1745,27.0345],[142.1744,27.0345],[142.1744,27.0344]]],[[[142.1762,27.0347],[142.1766,27.0347],[142.1766,27.0348],[142.1762,27.0348],[142.1762,27.0347]]],[[[142.1777,27.0335],[142.178,27.0335],[142.178,27.0338],[142.1777,27.0338],[142.1777,27.0335]]],[[[142.1725,27.035],[142.1728,27.035],[142.1728,27.0352],[142.1725,27.0352],[142.1725,27.035]]],[[[142.171,27.0336],[142.1712,27.0336],[142.1712,27.0337],[142.171,27.0337],[142.171,27.0336]]],[[[142.1712,27.0341],[142.171,27.0346],[142.1714,27.0341],[142.1712,27.0341]]],[[[142.1781,27.0324],[142.1785,27.0324],[142.1785,27.0329],[142.1781,27.0329],[142.1781,27.0324]]],[[[142.1686,27.0362],[142.1688,27.0362],[142.1688,27.0365],[142.1686,27.0365],[142.1686,27.0362]]],[[[142.1711,27.0351],[142.1715,27.0351],[142.1715,27.0354],[142.1711,27.0354],[142.1711,27.0351]]],[[[142.169,27.0398],[142.1692,27.0398],[142.1692,27.0399],[142.169,27.0399],[142.169,27.0398]]],[[[142.1417,26.6659],[142.1417,26.6659],[142.1417,26.666],[142.1417,26.666],[142.1417,26.6659]]],[[[142.1421,26.666],[142.1422,26.666],[142.1422,26.666],[142.1421,26.666],[142.1421,26.666]]],[[[142.1414,26.666],[142.1417,26.666],[142.1417,26.6663],[142.1414,26.6663],[142.1414,26.666]]],[[[142.1417,26.6659],[142.142,26.6659],[142.142,26.6663],[142.1417,26.6663],[142.1417,26.6659]]],[[[142.1427,26.666],[142.1428,26.666],[142.1428,26.666],[142.1427,26.666],[142.1427,26.666]]],[[[142.1415,26.6656],[142.1416,26.6656],[142.1416,26.6657],[142.1415,26.6657],[142.1415,26.6656]]],[[[142.1415,26.666],[142.1416,26.666],[142.1416,26.666],[142.1415,26.666],[142.1415,26.666]]],[[[142.1416,26.6657],[142.1417,26.6657],[142.1417,26.6657],[142.1416,26.6657],[142.1416,26.6657]]],[[[142.1427,26.6656],[142.1431,26.6656],[142.1431,26.6658],[142.1427,26.6658],[142.1427,26.6656]]],[[[142.1418,26.6649],[142.1418,26.6649],[142.1418,26.6649],[142.1418,26.6649],[142.1418,26.6649]]],[[[142.1414,26.6646],[142.1418,26.6646],[142.1418,26.6651],[142.1414,26.6651],[142.1414,26.6646]]],[[[142.1428,26.6647],[142.1429,26.6647],[142.1429,26.6649],[142.1428,26.6649],[142.1428,26.6647]]],[[[142.1433,26.6648],[142.1434,26.6648],[142.1434,26.6649],[142.1433,26.6649],[142.1433,26.6648]]],[[[142.1434,26.6647],[142.1435,26.6647],[142.1435,26.6649],[142.1434,26.6649],[142.1434,26.6647]]],[[[142.1419,26.6644],[142.1425,26.6644],[142.1425,26.665],[142.1419,26.665],[142.1419,26.6644]]],[[[142.2326,26.5653],[142.2327,26.5653],[142.2327,26.5654],[142.2326,26.5654],[142.2326,26.5653]]],[[[142.2328,26.5654],[142.2329,26.5654],[142.2329,26.5655],[142.2328,26.5655],[142.2328,26.5654]]],[[[142.2331,26.5654],[142.2332,26.5654],[142.2332,26.5655],[142.2331,26.5655],[142.2331,26.5654]]],[[[142.2327,26.5657],[142.2333,26.5657],[142.2333,26.5662],[142.2327,26.5662],[142.2327,26.5657]]],[[[142.2334,26.565],[142.2335,26.565],[142.2335,26.5651],[142.2334,26.5651],[142.2334,26.565]]],[[[142.2334,26.5665],[142.2335,26.5665],[142.2335,26.5665],[142.2334,26.5665],[142.2334,26.5665]]],[[[142.2307,26.5763],[142.2311,26.5771],[142.2316,26.5766],[142.2315,26.5756],[142.2307,26.5763]]],[[[142.2316,26.5766],[142.2323,26.5766],[142.2323,26.5775],[142.2316,26.5775],[142.2316,26.5766]]],[[[142.2308,26.5788],[142.231,26.5788],[142.231,26.5791],[142.2308,26.5791],[142.2308,26.5788]]],[[[142.2305,26.5791],[142.2304,26.5797],[142.231,26.5797],[142.2305,26.5791]]],[[[142.2347,26.5666],[142.2348,26.5666],[142.2348,26.5667],[142.2347,26.5667],[142.2347,26.5666]]],[[[142.2347,26.5669],[142.2348,26.5669],[142.2348,26.567],[142.2347,26.567],[142.2347,26.5669]]],[[[142.2352,26.5669],[142.2353,26.5669],[142.2353,26.567],[142.2352,26.567],[142.2352,26.5669]]],[[[142.2359,26.5715],[142.236,26.5715],[142.236,26.5716],[142.2359,26.5716],[142.2359,26.5715]]],[[[142.2318,26.5763],[142.2319,26.5763],[142.2319,26.5764],[142.2318,26.5764],[142.2318,26.5763]]],[[[142.2303,26.582],[142.2305,26.582],[142.2305,26.5822],[142.2303,26.5822],[142.2303,26.582]]],[[[142.2311,26.5788],[142.2313,26.5788],[142.2313,26.5791],[142.2311,26.5791],[142.2311,26.5788]]],[[[142.2328,26.579],[142.232,26.5781],[142.2314,26.5786],[142.2318,26.5797],[142.2328,26.579]]],[[[142.2269,26.5621],[142.227,26.5621],[142.227,26.5622],[142.2269,26.5622],[142.2269,26.5621]]],[[[142.2186,26.5638],[142.2187,26.5638],[142.2187,26.5639],[142.2186,26.5639],[142.2186,26.5638]]],[[[142.219,26.5638],[142.2193,26.5638],[142.2193,26.564],[142.219,26.564],[142.219,26.5638]]],[[[142.2189,26.564],[142.219,26.564],[142.219,26.5641],[142.2189,26.5641],[142.2189,26.564]]],[[[142.2266,26.5632],[142.2269,26.5632],[142.2269,26.5635],[142.2266,26.5635],[142.2266,26.5632]]],[[[142.227,26.5634],[142.2271,26.5634],[142.2271,26.5635],[142.227,26.5635],[142.227,26.5634]]],[[[142.2276,26.5633],[142.2277,26.5633],[142.2277,26.5634],[142.2276,26.5634],[142.2276,26.5633]]],[[[142.2286,26.5629],[142.2287,26.5629],[142.2287,26.563],[142.2286,26.563],[142.2286,26.5629]]],[[[142.2288,26.5627],[142.2289,26.5627],[142.2289,26.5628],[142.2288,26.5628],[142.2288,26.5627]]],[[[142.176,26.5987],[142.1762,26.5987],[142.1762,26.599],[142.176,26.599],[142.176,26.5987]]],[[[142.1777,26.6],[142.1778,26.6],[142.1778,26.6001],[142.1777,26.6001],[142.1777,26.6]]],[[[142.1778,26.6],[142.1779,26.6],[142.1779,26.6001],[142.1778,26.6001],[142.1778,26.6]]],[[[142.1753,26.5974],[142.1758,26.5974],[142.1758,26.5978],[142.1753,26.5978],[142.1753,26.5974]]],[[[142.175,26.5981],[142.1751,26.5981],[142.1751,26.5982],[142.175,26.5982],[142.175,26.5981]]],[[[142.1762,26.5986],[142.1763,26.5986],[142.1763,26.5987],[142.1762,26.5987],[142.1762,26.5986]]],[[[142.1764,26.5986],[142.1764,26.5986],[142.1764,26.5987],[142.1764,26.5987],[142.1764,26.5986]]],[[[142.1764,26.5988],[142.1766,26.5988],[142.1766,26.5989],[142.1764,26.5989],[142.1764,26.5988]]],[[[142.1771,26.6001],[142.1772,26.6001],[142.1772,26.6001],[142.1771,26.6001],[142.1771,26.6001]]],[[[142.1772,26.6],[142.1773,26.6],[142.1773,26.6001],[142.1772,26.6001],[142.1772,26.6]]],[[[142.1777,26.6],[142.1777,26.6],[142.1777,26.6001],[142.1777,26.6001],[142.1777,26.6]]],[[[142.1778,26.5999],[142.178,26.5999],[142.178,26.6],[142.1778,26.6],[142.1778,26.5999]]],[[[142.208,26.567],[142.2082,26.567],[142.2082,26.5672],[142.208,26.5672],[142.208,26.567]]],[[[142.2085,26.5668],[142.2089,26.5668],[142.2089,26.5675],[142.2085,26.5675],[142.2085,26.5668]]],[[[142.2083,26.5676],[142.2086,26.5676],[142.2086,26.5682],[142.2083,26.5682],[142.2083,26.5676]]],[[[142.2078,26.5695],[142.2081,26.5695],[142.2081,26.5699],[142.2078,26.5699],[142.2078,26.5695]]],[[[142.2185,26.5613],[142.2186,26.5613],[142.2186,26.5613],[142.2185,26.5613],[142.2185,26.5613]]],[[[142.2184,26.5622],[142.2185,26.5622],[142.2185,26.5622],[142.2184,26.5622],[142.2184,26.5622]]],[[[142.2021,26.5575],[142.2023,26.5575],[142.2023,26.5576],[142.2021,26.5576],[142.2021,26.5575]]],[[[142.2024,26.5605],[142.2025,26.5605],[142.2025,26.5606],[142.2024,26.5606],[142.2024,26.5605]]],[[[142.2029,26.5613],[142.203,26.5613],[142.203,26.5614],[142.2029,26.5614],[142.2029,26.5613]]],[[[142.205,26.5545],[142.2051,26.5545],[142.2051,26.5546],[142.205,26.5546],[142.205,26.5545]]],[[[142.2039,26.5604],[142.204,26.5604],[142.204,26.5605],[142.2039,26.5605],[142.2039,26.5604]]],[[[142.2031,26.5607],[142.2037,26.5607],[142.2037,26.5612],[142.2031,26.5612],[142.2031,26.5607]]],[[[142.2037,26.5624],[142.2043,26.5624],[142.2043,26.5631],[142.2037,26.5631],[142.2037,26.5624]]],[[[142.2074,26.5658],[142.2075,26.5658],[142.2075,26.5659],[142.2074,26.5659],[142.2074,26.5658]]],[[[142.208,26.5656],[142.2084,26.5656],[142.2084,26.566],[142.208,26.566],[142.208,26.5656]]],[[[142.2086,26.5655],[142.2087,26.5655],[142.2087,26.5656],[142.2086,26.5656],[142.2086,26.5655]]],[[[142.2085,26.5657],[142.2086,26.5657],[142.2086,26.5658],[142.2085,26.5658],[142.2085,26.5657]]],[[[142.2086,26.5657],[142.209,26.5657],[142.209,26.5661],[142.2086,26.5661],[142.2086,26.5657]]],[[[142.2096,26.565],[142.2097,26.565],[142.2097,26.5651],[142.2096,26.5651],[142.2096,26.565]]],[[[142.2092,26.5659],[142.2093,26.5659],[142.2093,26.566],[142.2092,26.566],[142.2092,26.5659]]],[[[142.2101,26.5647],[142.2102,26.5647],[142.2102,26.5648],[142.2101,26.5648],[142.2101,26.5647]]],[[[142.2116,26.5646],[142.2117,26.5646],[142.2117,26.5647],[142.2116,26.5647],[142.2116,26.5646]]],[[[142.2118,26.5645],[142.212,26.5645],[142.212,26.5647],[142.2118,26.5647],[142.2118,26.5645]]],[[[142.2122,26.5646],[142.2123,26.5646],[142.2123,26.5647],[142.2122,26.5647],[142.2122,26.5646]]],[[[142.2011,26.5521],[142.2019,26.5521],[142.2019,26.5528],[142.2011,26.5528],[142.2011,26.5521]]],[[[142.2011,26.5528],[142.2012,26.5528],[142.2012,26.5529],[142.2011,26.5529],[142.2011,26.5528]]],[[[142.2014,26.5528],[142.2015,26.5528],[142.2015,26.5529],[142.2014,26.5529],[142.2014,26.5528]]],[[[142.1996,26.5493],[142.1998,26.5493],[142.1998,26.5494],[142.1996,26.5494],[142.1996,26.5493]]],[[[142.1997,26.5489],[142.1998,26.5489],[142.1998,26.549],[142.1997,26.549],[142.1997,26.5489]]],[[[142.1999,26.5492],[142.2,26.5492],[142.2,26.5493],[142.1999,26.5493],[142.1999,26.5492]]],[[[142.1994,26.5499],[142.1996,26.5499],[142.1996,26.5501],[142.1994,26.5501],[142.1994,26.5499]]],[[[142.1997,26.5498],[142.2001,26.5498],[142.2001,26.5504],[142.1997,26.5504],[142.1997,26.5498]]],[[[142.2,26.5514],[142.2001,26.5514],[142.2001,26.5515],[142.2,26.5515],[142.2,26.5514]]],[[[142.2011,26.5515],[142.2012,26.5515],[142.2012,26.5516],[142.2011,26.5516],[142.2011,26.5515]]],[[[142.1784,26.6042],[142.1784,26.6042],[142.1784,26.6043],[142.1784,26.6043],[142.1784,26.6042]]],[[[142.1782,26.6042],[142.1787,26.6042],[142.1787,26.6047],[142.1782,26.6047],[142.1782,26.6042]]],[[[142.1783,26.6029],[142.1784,26.6029],[142.1784,26.603],[142.1783,26.603],[142.1783,26.6029]]],[[[142.1784,26.6028],[142.1785,26.6028],[142.1785,26.6029],[142.1784,26.6029],[142.1784,26.6028]]],[[[142.1781,26.6041],[142.1782,26.6041],[142.1782,26.6042],[142.1781,26.6042],[142.1781,26.6041]]],[[[142.1784,26.6042],[142.1784,26.6042],[142.1784,26.6042],[142.1784,26.6042],[142.1784,26.6042]]],[[[142.1787,26.6044],[142.1788,26.6044],[142.1788,26.6044],[142.1787,26.6044],[142.1787,26.6044]]],[[[142.1788,26.6048],[142.1792,26.6048],[142.1792,26.6051],[142.1788,26.6051],[142.1788,26.6048]]],[[[142.1787,26.605],[142.1788,26.605],[142.1788,26.6051],[142.1787,26.6051],[142.1787,26.605]]],[[[142.1793,26.6045],[142.1794,26.6045],[142.1794,26.6048],[142.1793,26.6048],[142.1793,26.6045]]],[[[142.1795,26.6047],[142.1796,26.6047],[142.1796,26.6048],[142.1795,26.6048],[142.1795,26.6047]]],[[[142.1796,26.6044],[142.1798,26.6044],[142.1798,26.6046],[142.1796,26.6046],[142.1796,26.6044]]],[[[142.1765,26.6009],[142.1765,26.6009],[142.1765,26.601],[142.1765,26.601],[142.1765,26.6009]]],[[[142.1765,26.6008],[142.1766,26.6008],[142.1766,26.6008],[142.1765,26.6008],[142.1765,26.6008]]],[[[142.1766,26.6007],[142.1767,26.6007],[142.1767,26.6008],[142.1766,26.6008],[142.1766,26.6007]]],[[[142.1754,26.6021],[142.1756,26.6021],[142.1756,26.6022],[142.1754,26.6022],[142.1754,26.6021]]],[[[142.1767,26.6017],[142.1768,26.6017],[142.1768,26.6018],[142.1767,26.6018],[142.1767,26.6017]]],[[[142.1768,26.6021],[142.177,26.6021],[142.177,26.6022],[142.1768,26.6022],[142.1768,26.6021]]],[[[142.1769,26.6024],[142.1769,26.6024],[142.1769,26.6024],[142.1769,26.6024],[142.1769,26.6024]]],[[[142.1772,26.6025],[142.1772,26.6025],[142.1772,26.6026],[142.1772,26.6026],[142.1772,26.6025]]],[[[142.1757,26.6048],[142.1761,26.6048],[142.1761,26.6054],[142.1757,26.6054],[142.1757,26.6048]]],[[[142.1762,26.6055],[142.1769,26.6055],[142.1769,26.6061],[142.1762,26.6061],[142.1762,26.6055]]],[[[142.1767,26.6059],[142.1768,26.6059],[142.1768,26.606],[142.1767,26.606],[142.1767,26.6059]]],[[[142.1757,26.6011],[142.1759,26.6011],[142.1759,26.6012],[142.1757,26.6012],[142.1757,26.6011]]],[[[142.1769,26.6056],[142.1769,26.6056],[142.1769,26.6057],[142.1769,26.6057],[142.1769,26.6056]]],[[[142.1718,26.5947],[142.1719,26.5947],[142.1719,26.5948],[142.1718,26.5948],[142.1718,26.5947]]],[[[142.1741,26.5982],[142.1742,26.5982],[142.1742,26.5983],[142.1741,26.5983],[142.1741,26.5982]]],[[[142.1741,26.5983],[142.1742,26.5983],[142.1742,26.5983],[142.1741,26.5983],[142.1741,26.5983]]],[[[142.152,26.5868],[142.1525,26.5868],[142.1525,26.5873],[142.152,26.5873],[142.152,26.5868]]],[[[142.1524,26.5865],[142.1526,26.5865],[142.1526,26.5868],[142.1524,26.5868],[142.1524,26.5865]]],[[[142.1632,26.5893],[142.164,26.5889],[142.1638,26.5879],[142.1632,26.5893]]],[[[142.1637,26.5896],[142.1639,26.5896],[142.1639,26.5897],[142.1637,26.5897],[142.1637,26.5896]]],[[[142.1624,26.59],[142.1628,26.59],[142.1628,26.5904],[142.1624,26.5904],[142.1624,26.59]]],[[[142.1625,26.5897],[142.1629,26.5897],[142.1629,26.5901],[142.1625,26.5901],[142.1625,26.5897]]],[[[142.1656,26.5919],[142.1662,26.5919],[142.1662,26.5925],[142.1656,26.5925],[142.1656,26.5919]]],[[[142.1662,26.5926],[142.1664,26.5926],[142.1664,26.5927],[142.1662,26.5927],[142.1662,26.5926]]],[[[142.1663,26.5927],[142.1665,26.5927],[142.1665,26.5928],[142.1663,26.5928],[142.1663,26.5927]]],[[[142.1646,26.5904],[142.1642,26.5916],[142.1634,26.5917],[142.1635,26.5928],[142.1653,26.5923],[142.1654,26.5908],[142.1663,26.5907],[142.1652,26.5887],[142.1646,26.5904]]],[[[142.1629,26.5892],[142.1629,26.5892],[142.1629,26.5894],[142.1629,26.5894],[142.1629,26.5892]]],[[[142.163,26.5894],[142.1631,26.5894],[142.1631,26.5895],[142.163,26.5895],[142.163,26.5894]]],[[[142.163,26.5929],[142.1631,26.5929],[142.1631,26.593],[142.163,26.593],[142.163,26.5929]]],[[[142.1631,26.5931],[142.1632,26.5931],[142.1632,26.5932],[142.1631,26.5932],[142.1631,26.5931]]],[[[142.1665,26.5925],[142.1666,26.5925],[142.1666,26.5926],[142.1665,26.5926],[142.1665,26.5925]]],[[[142.1665,26.5927],[142.1666,26.5927],[142.1666,26.5928],[142.1665,26.5928],[142.1665,26.5927]]],[[[142.1661,26.5932],[142.1662,26.5932],[142.1662,26.5934],[142.1661,26.5934],[142.1661,26.5932]]],[[[142.1665,26.5937],[142.1671,26.5937],[142.1671,26.5943],[142.1665,26.5943],[142.1665,26.5937]]],[[[142.126,26.6015],[142.1264,26.6015],[142.1264,26.6018],[142.126,26.6018],[142.126,26.6015]]],[[[142.1254,26.6089],[142.1257,26.6089],[142.1257,26.6093],[142.1254,26.6093],[142.1254,26.6089]]],[[[142.125,26.6099],[142.1256,26.6099],[142.1256,26.6103],[142.125,26.6103],[142.125,26.6099]]],[[[142.1253,26.6104],[142.1254,26.6104],[142.1254,26.6105],[142.1253,26.6105],[142.1253,26.6104]]],[[[142.1256,26.6102],[142.1259,26.6102],[142.1259,26.6106],[142.1256,26.6106],[142.1256,26.6102]]],[[[142.1259,26.611],[142.127,26.6107],[142.1262,26.6102],[142.1259,26.611]]],[[[142.1271,26.6113],[142.1262,26.6118],[142.1267,26.612],[142.1271,26.6113]]],[[[142.1284,26.6104],[142.1285,26.6104],[142.1285,26.6106],[142.1284,26.6106],[142.1284,26.6104]]],[[[142.1731,26.6004],[142.1739,26.6004],[142.1739,26.6015],[142.1731,26.6015],[142.1731,26.6004]]],[[[142.146,26.5746],[142.1461,26.5746],[142.1461,26.5747],[142.146,26.5747],[142.146,26.5746]]],[[[142.1459,26.5764],[142.146,26.5764],[142.146,26.5765],[142.1459,26.5765],[142.1459,26.5764]]],[[[142.1461,26.5765],[142.1462,26.5765],[142.1462,26.5766],[142.1461,26.5766],[142.1461,26.5765]]],[[[142.1461,26.5768],[142.1462,26.5768],[142.1462,26.5769],[142.1461,26.5769],[142.1461,26.5768]]],[[[142.1459,26.5775],[142.1465,26.5775],[142.1465,26.5779],[142.1459,26.5779],[142.1459,26.5775]]],[[[142.1466,26.5808],[142.1467,26.5808],[142.1467,26.581],[142.1466,26.581],[142.1466,26.5808]]],[[[142.1467,26.5817],[142.1471,26.5817],[142.1471,26.5822],[142.1467,26.5822],[142.1467,26.5817]]],[[[142.1456,26.5826],[142.1457,26.5826],[142.1457,26.5827],[142.1456,26.5827],[142.1456,26.5826]]],[[[142.1462,26.5828],[142.1466,26.5828],[142.1466,26.5831],[142.1462,26.5831],[142.1462,26.5828]]],[[[142.1464,26.5832],[142.1465,26.5832],[142.1465,26.5833],[142.1464,26.5833],[142.1464,26.5832]]],[[[142.1425,26.5872],[142.1426,26.5872],[142.1426,26.5872],[142.1425,26.5872],[142.1425,26.5872]]],[[[142.1423,26.5873],[142.1425,26.5873],[142.1425,26.5875],[142.1423,26.5875],[142.1423,26.5873]]],[[[142.1428,26.5866],[142.143,26.5866],[142.143,26.5868],[142.1428,26.5868],[142.1428,26.5866]]],[[[142.1426,26.5869],[142.1428,26.5869],[142.1428,26.587],[142.1426,26.587],[142.1426,26.5869]]],[[[142.1436,26.5874],[142.1438,26.5874],[142.1438,26.5876],[142.1436,26.5876],[142.1436,26.5874]]],[[[142.1438,26.5877],[142.144,26.5877],[142.144,26.5878],[142.1438,26.5878],[142.1438,26.5877]]],[[[142.1519,26.5828],[142.152,26.5828],[142.152,26.5829],[142.1519,26.5829],[142.1519,26.5828]]],[[[142.1612,26.582],[142.1618,26.582],[142.1618,26.5826],[142.1612,26.5826],[142.1612,26.582]]],[[[142.161,26.5824],[142.1615,26.5824],[142.1615,26.5828],[142.161,26.5828],[142.161,26.5824]]],[[[142.1473,26.581],[142.1474,26.581],[142.1474,26.5811],[142.1473,26.5811],[142.1473,26.581]]],[[[142.1473,26.5855],[142.1473,26.5855],[142.1473,26.5856],[142.1473,26.5856],[142.1473,26.5855]]],[[[142.1474,26.5855],[142.1475,26.5855],[142.1475,26.5856],[142.1474,26.5856],[142.1474,26.5855]]],[[[142.1497,26.5808],[142.1497,26.5808],[142.1497,26.5809],[142.1497,26.5809],[142.1497,26.5808]]],[[[142.1519,26.5814],[142.1521,26.5814],[142.1521,26.5815],[142.1519,26.5815],[142.1519,26.5814]]],[[[142.1585,26.5656],[142.159,26.5656],[142.159,26.5664],[142.1585,26.5664],[142.1585,26.5656]]],[[[142.1583,26.5824],[142.1579,26.5829],[142.1587,26.5831],[142.1593,26.5825],[142.1583,26.5824]]],[[[142.1615,26.5828],[142.1618,26.5828],[142.1618,26.5831],[142.1615,26.5831],[142.1615,26.5828]]],[[[142.1383,26.5858],[142.1389,26.5858],[142.1389,26.5863],[142.1383,26.5863],[142.1383,26.5858]]],[[[142.1385,26.5866],[142.139,26.5866],[142.139,26.5869],[142.1385,26.5869],[142.1385,26.5866]]],[[[142.1402,26.5873],[142.1403,26.5873],[142.1403,26.5874],[142.1402,26.5874],[142.1402,26.5873]]],[[[142.1421,26.5874],[142.1422,26.5874],[142.1422,26.5875],[142.1421,26.5875],[142.1421,26.5874]]],[[[142.1079,27.7153],[142.1078,27.7158],[142.1089,27.7158],[142.109,27.7152],[142.1079,27.7153]]],[[[142.1033,27.7136],[142.1036,27.7136],[142.1036,27.7138],[142.1033,27.7138],[142.1033,27.7136]]],[[[142.103,27.7159],[142.1031,27.7159],[142.1031,27.716],[142.103,27.716],[142.103,27.7159]]],[[[142.103,27.7163],[142.1031,27.7163],[142.1031,27.7163],[142.103,27.7163],[142.103,27.7163]]],[[[142.1085,27.7145],[142.1088,27.7145],[142.1088,27.7147],[142.1085,27.7147],[142.1085,27.7145]]],[[[142.1195,27.6886],[142.1197,27.6886],[142.1197,27.6887],[142.1195,27.6887],[142.1195,27.6886]]],[[[142.1296,27.6908],[142.1304,27.6908],[142.1304,27.6913],[142.1296,27.6913],[142.1296,27.6908]]],[[[142.1576,27.6917],[142.1573,27.6927],[142.1582,27.6916],[142.1576,27.6917]]],[[[142.1236,27.6795],[142.1243,27.6795],[142.1243,27.68],[142.1236,27.68],[142.1236,27.6795]]],[[[142.1245,27.6826],[142.1249,27.6826],[142.1249,27.6829],[142.1245,27.6829],[142.1245,27.6826]]],[[[142.1245,27.6824],[142.1247,27.6824],[142.1247,27.6825],[142.1245,27.6825],[142.1245,27.6824]]],[[[142.1246,27.6862],[142.1249,27.6862],[142.1249,27.6864],[142.1246,27.6864],[142.1246,27.6862]]],[[[142.1213,27.6875],[142.1214,27.6875],[142.1214,27.6877],[142.1213,27.6877],[142.1213,27.6875]]],[[[142.1054,27.7191],[142.1057,27.7191],[142.1057,27.7193],[142.1054,27.7193],[142.1054,27.7191]]],[[[142.1098,27.7279],[142.1099,27.7279],[142.1099,27.7281],[142.1098,27.7281],[142.1098,27.7279]]],[[[142.1094,27.728],[142.1097,27.728],[142.1097,27.7284],[142.1094,27.7284],[142.1094,27.728]]],[[[142.1095,27.7285],[142.1096,27.7285],[142.1096,27.7286],[142.1095,27.7286],[142.1095,27.7285]]],[[[142.1126,27.7281],[142.1134,27.7281],[142.1134,27.7289],[142.1126,27.7289],[142.1126,27.7281]]],[[[142.1168,27.7371],[142.117,27.7371],[142.117,27.7373],[142.1168,27.7373],[142.1168,27.7371]]],[[[142.1154,27.7413],[142.1157,27.7413],[142.1157,27.7416],[142.1154,27.7416],[142.1154,27.7413]]],[[[142.1122,27.7448],[142.1124,27.7448],[142.1124,27.7449],[142.1122,27.7449],[142.1122,27.7448]]],[[[142.0964,27.7206],[142.0966,27.7206],[142.0966,27.7207],[142.0964,27.7207],[142.0964,27.7206]]],[[[142.0968,27.7243],[142.0974,27.7243],[142.0974,27.7247],[142.0968,27.7247],[142.0968,27.7243]]],[[[142.0973,27.7236],[142.0974,27.7236],[142.0974,27.7237],[142.0973,27.7237],[142.0973,27.7236]]],[[[142.0968,27.7248],[142.0976,27.7248],[142.0976,27.7252],[142.0968,27.7252],[142.0968,27.7248]]],[[[142.0983,27.7206],[142.0984,27.7206],[142.0984,27.7207],[142.0983,27.7207],[142.0983,27.7206]]],[[[142.0989,27.7206],[142.099,27.7206],[142.099,27.7207],[142.0989,27.7207],[142.0989,27.7206]]],[[[142.0977,27.7213],[142.0978,27.7213],[142.0978,27.7215],[142.0977,27.7215],[142.0977,27.7213]]],[[[142.0987,27.7207],[142.0988,27.7207],[142.0988,27.7208],[142.0987,27.7208],[142.0987,27.7207]]],[[[142.099,27.7207],[142.0991,27.7207],[142.0991,27.7208],[142.099,27.7208],[142.099,27.7207]]],[[[142.0989,27.7212],[142.099,27.7212],[142.099,27.7213],[142.0989,27.7213],[142.0989,27.7212]]],[[[142.0992,27.7212],[142.0995,27.7212],[142.0995,27.7217],[142.0992,27.7217],[142.0992,27.7212]]],[[[142.0996,27.7214],[142.0998,27.7214],[142.0998,27.7217],[142.0996,27.7217],[142.0996,27.7214]]],[[[142.1012,27.7207],[142.1015,27.7207],[142.1015,27.721],[142.1012,27.721],[142.1012,27.7207]]],[[[142.0974,27.7233],[142.098,27.7233],[142.098,27.7236],[142.0974,27.7236],[142.0974,27.7233]]],[[[142.0984,27.7238],[142.0985,27.7238],[142.0985,27.7239],[142.0984,27.7239],[142.0984,27.7238]]],[[[142.0932,27.7197],[142.0936,27.7197],[142.0936,27.7201],[142.0932,27.7201],[142.0932,27.7197]]],[[[142.0937,27.7246],[142.0938,27.7246],[142.0938,27.7247],[142.0937,27.7247],[142.0937,27.7246]]],[[[142.0933,27.7249],[142.0939,27.7249],[142.0939,27.7253],[142.0933,27.7253],[142.0933,27.7249]]],[[[142.095,27.7195],[142.0951,27.7195],[142.0951,27.7197],[142.095,27.7197],[142.095,27.7195]]],[[[142.0954,27.7197],[142.0955,27.7197],[142.0955,27.7198],[142.0954,27.7198],[142.0954,27.7197]]],[[[142.095,27.7198],[142.0951,27.7198],[142.0951,27.7199],[142.095,27.7199],[142.095,27.7198]]],[[[142.0956,27.7197],[142.0957,27.7197],[142.0957,27.7198],[142.0956,27.7198],[142.0956,27.7197]]],[[[142.0954,27.7214],[142.0955,27.7214],[142.0955,27.7215],[142.0954,27.7215],[142.0954,27.7214]]],[[[142.0947,27.7217],[142.0955,27.7217],[142.0955,27.7221],[142.0947,27.7221],[142.0947,27.7217]]],[[[142.0959,27.719],[142.096,27.719],[142.096,27.7191],[142.0959,27.7191],[142.0959,27.719]]],[[[142.0959,27.7202],[142.096,27.7202],[142.096,27.7203],[142.0959,27.7203],[142.0959,27.7202]]],[[[142.0957,27.7205],[142.0957,27.7205],[142.0957,27.7206],[142.0957,27.7206],[142.0957,27.7205]]],[[[142.0959,27.7205],[142.096,27.7205],[142.096,27.7206],[142.0959,27.7206],[142.0959,27.7205]]],[[[142.0958,27.7207],[142.0959,27.7207],[142.0959,27.7208],[142.0958,27.7208],[142.0958,27.7207]]],[[[142.0959,27.7226],[142.096,27.7226],[142.096,27.7226],[142.0959,27.7226],[142.0959,27.7226]]],[[[142.0945,27.7235],[142.0947,27.7235],[142.0947,27.7236],[142.0945,27.7236],[142.0945,27.7235]]],[[[142.0951,27.7234],[142.0956,27.7234],[142.0956,27.7237],[142.0951,27.7237],[142.0951,27.7234]]],[[[142.125,27.7169],[142.1239,27.7179],[142.125,27.7181],[142.1265,27.717],[142.125,27.7169]]],[[[142.1032,27.717],[142.1034,27.717],[142.1034,27.7172],[142.1032,27.7172],[142.1032,27.717]]],[[[142.1037,27.7177],[142.1038,27.7177],[142.1038,27.7178],[142.1037,27.7178],[142.1037,27.7177]]],[[[142.1229,27.7175],[142.1225,27.7169],[142.1222,27.718],[142.1233,27.7186],[142.1229,27.7175]]],[[[142.1235,27.7173],[142.1238,27.7173],[142.1238,27.7176],[142.1235,27.7176],[142.1235,27.7173]]],[[[142.0995,27.7165],[142.0996,27.7165],[142.0996,27.7166],[142.0995,27.7166],[142.0995,27.7165]]],[[[142.0995,27.7168],[142.0996,27.7168],[142.0996,27.7169],[142.0995,27.7169],[142.0995,27.7168]]],[[[142.0991,27.7173],[142.0993,27.7173],[142.0993,27.7174],[142.0991,27.7174],[142.0991,27.7173]]],[[[142.1009,27.7152],[142.1012,27.7152],[142.1012,27.7154],[142.1009,27.7154],[142.1009,27.7152]]],[[[142.1009,27.7154],[142.1016,27.7154],[142.1016,27.7158],[142.1009,27.7158],[142.1009,27.7154]]],[[[142.1006,27.7164],[142.101,27.7164],[142.101,27.7166],[142.1006,27.7166],[142.1006,27.7164]]],[[[142.0999,27.717],[142.1,27.717],[142.1,27.7171],[142.0999,27.7171],[142.0999,27.717]]],[[[142.1,27.717],[142.1001,27.717],[142.1001,27.717],[142.1,27.717],[142.1,27.717]]],[[[142.1002,27.7169],[142.1002,27.7169],[142.1002,27.717],[142.1002,27.717],[142.1002,27.7169]]],[[[142.1004,27.7168],[142.1006,27.7168],[142.1006,27.7169],[142.1004,27.7169],[142.1004,27.7168]]],[[[142.1002,27.7131],[142.1003,27.7131],[142.1003,27.7132],[142.1002,27.7132],[142.1002,27.7131]]],[[[142.1005,27.7144],[142.1007,27.7144],[142.1007,27.7146],[142.1005,27.7146],[142.1005,27.7144]]],[[[142.1007,27.7151],[142.1008,27.7151],[142.1008,27.7152],[142.1007,27.7152],[142.1007,27.7151]]],[[[142.1007,27.7155],[142.1008,27.7155],[142.1008,27.7157],[142.1007,27.7157],[142.1007,27.7155]]],[[[142.1013,27.7149],[142.1017,27.7149],[142.1017,27.7152],[142.1013,27.7152],[142.1013,27.7149]]],[[[142.1016,27.7145],[142.1018,27.7145],[142.1018,27.7146],[142.1016,27.7146],[142.1016,27.7145]]],[[[142.094,27.7148],[142.0945,27.7148],[142.0945,27.7154],[142.094,27.7154],[142.094,27.7148]]],[[[142.0951,27.7165],[142.0952,27.7165],[142.0952,27.7166],[142.0951,27.7166],[142.0951,27.7165]]],[[[142.0939,27.7168],[142.094,27.7168],[142.094,27.7169],[142.0939,27.7169],[142.0939,27.7168]]],[[[142.0938,27.7174],[142.0939,27.7174],[142.0939,27.7175],[142.0938,27.7175],[142.0938,27.7174]]],[[[142.0941,27.7167],[142.0944,27.7167],[142.0944,27.7169],[142.0941,27.7169],[142.0941,27.7167]]],[[[142.0947,27.7177],[142.0947,27.7177],[142.0947,27.7178],[142.0947,27.7178],[142.0947,27.7177]]],[[[142.0951,27.7187],[142.0952,27.7187],[142.0952,27.7188],[142.0951,27.7188],[142.0951,27.7187]]],[[[142.0955,27.7185],[142.0956,27.7185],[142.0956,27.7185],[142.0955,27.7185],[142.0955,27.7185]]],[[[142.0957,27.7184],[142.0958,27.7184],[142.0958,27.7185],[142.0957,27.7185],[142.0957,27.7184]]],[[[142.0958,27.7188],[142.096,27.7188],[142.096,27.7189],[142.0958,27.7189],[142.0958,27.7188]]],[[[141.2935,24.7497],[141.2935,24.7497],[141.2935,24.7498],[141.2935,24.7498],[141.2935,24.7497]]],[[[141.2935,24.7498],[141.2935,24.7498],[141.2935,24.7498],[141.2935,24.7498],[141.2935,24.7498]]],[[[141.2934,24.7499],[141.2935,24.7499],[141.2935,24.7499],[141.2934,24.7499],[141.2934,24.7499]]],[[[141.2934,24.75],[141.2935,24.75],[141.2935,24.75],[141.2934,24.75],[141.2934,24.75]]],[[[141.2935,24.75],[141.2935,24.75],[141.2935,24.75],[141.2935,24.75],[141.2935,24.75]]],[[[142.1546,26.5545],[142.1546,26.5545],[142.1546,26.5546],[142.1546,26.5546],[142.1546,26.5545]]],[[[142.1547,26.5543],[142.1548,26.5543],[142.1548,26.5544],[142.1547,26.5544],[142.1547,26.5543]]],[[[142.1522,26.5567],[142.1523,26.5567],[142.1523,26.5568],[142.1522,26.5568],[142.1522,26.5567]]],[[[142.151,26.5592],[142.1513,26.5592],[142.1513,26.5595],[142.151,26.5595],[142.151,26.5592]]],[[[142.1513,26.5584],[142.1519,26.5584],[142.1519,26.559],[142.1513,26.559],[142.1513,26.5584]]],[[[142.1525,26.5562],[142.1526,26.5562],[142.1526,26.5562],[142.1525,26.5562],[142.1525,26.5562]]],[[[142.1524,26.5603],[142.1527,26.5603],[142.1527,26.561],[142.1524,26.561],[142.1524,26.5603]]],[[[142.161,26.5528],[142.1611,26.5528],[142.1611,26.553],[142.161,26.553],[142.161,26.5528]]],[[[142.1604,26.5546],[142.1605,26.5546],[142.1605,26.5547],[142.1604,26.5547],[142.1604,26.5546]]],[[[142.161,26.5538],[142.1611,26.5538],[142.1611,26.5539],[142.161,26.5539],[142.161,26.5538]]],[[[142.161,26.5579],[142.1613,26.5579],[142.1613,26.5582],[142.161,26.5582],[142.161,26.5579]]],[[[142.16,26.5632],[142.1601,26.5632],[142.1601,26.5633],[142.16,26.5633],[142.16,26.5632]]],[[[142.1603,26.5629],[142.1604,26.5629],[142.1604,26.563],[142.1603,26.563],[142.1603,26.5629]]],[[[142.1622,26.5592],[142.1627,26.5592],[142.1627,26.5598],[142.1622,26.5598],[142.1622,26.5592]]],[[[141.2873,24.7458],[141.2873,24.7458],[141.2873,24.7458],[141.2873,24.7458],[141.2873,24.7458]]],[[[141.2875,24.7457],[141.2876,24.7457],[141.2876,24.7457],[141.2875,24.7457],[141.2875,24.7457]]],[[[141.2874,24.7458],[141.2874,24.7458],[141.2874,24.7459],[141.2874,24.7459],[141.2874,24.7458]]],[[[141.2874,24.7458],[141.2875,24.7458],[141.2875,24.7459],[141.2874,24.7459],[141.2874,24.7458]]],[[[141.288,24.7459],[141.2881,24.7459],[141.2881,24.746],[141.288,24.746],[141.288,24.7459]]],[[[141.2882,24.7455],[141.2883,24.7455],[141.2883,24.7456],[141.2882,24.7456],[141.2882,24.7455]]],[[[141.2883,24.7458],[141.2883,24.7458],[141.2883,24.7458],[141.2883,24.7458],[141.2883,24.7458]]],[[[141.2885,24.7463],[141.2886,24.7463],[141.2886,24.7463],[141.2885,24.7463],[141.2885,24.7463]]],[[[141.2887,24.7462],[141.2887,24.7462],[141.2887,24.7463],[141.2887,24.7463],[141.2887,24.7462]]],[[[141.2887,24.7464],[141.2887,24.7464],[141.2887,24.7464],[141.2887,24.7464],[141.2887,24.7464]]],[[[141.2887,24.7465],[141.2887,24.7465],[141.2887,24.7465],[141.2887,24.7465],[141.2887,24.7465]]],[[[141.2889,24.7466],[141.289,24.7466],[141.289,24.7466],[141.2889,24.7466],[141.2889,24.7466]]],[[[141.289,24.7466],[141.289,24.7466],[141.289,24.7467],[141.289,24.7467],[141.289,24.7466]]],[[[141.2891,24.7466],[141.2891,24.7466],[141.2891,24.7466],[141.2891,24.7466],[141.2891,24.7466]]],[[[141.2892,24.7467],[141.2892,24.7467],[141.2892,24.7467],[141.2892,24.7467],[141.2892,24.7467]]],[[[141.2895,24.7471],[141.2896,24.7471],[141.2896,24.7471],[141.2895,24.7471],[141.2895,24.7471]]],[[[141.2898,24.7472],[141.2899,24.7472],[141.2899,24.7473],[141.2898,24.7473],[141.2898,24.7472]]],[[[141.2861,24.7455],[141.2862,24.7455],[141.2862,24.7455],[141.2861,24.7455],[141.2861,24.7455]]],[[[141.2864,24.7451],[141.2865,24.7451],[141.2865,24.7452],[141.2864,24.7452],[141.2864,24.7451]]],[[[141.2727,25.4264],[141.2728,25.4264],[141.2728,25.4265],[141.2727,25.4265],[141.2727,25.4264]]],[[[141.2728,25.4264],[141.273,25.4264],[141.273,25.4265],[141.2728,25.4265],[141.2728,25.4264]]],[[[141.2737,25.4231],[141.274,25.4231],[141.274,25.4233],[141.2737,25.4233],[141.2737,25.4231]]],[[[141.2839,25.4489],[141.284,25.4489],[141.284,25.449],[141.2839,25.449],[141.2839,25.4489]]],[[[141.279,24.8017],[141.2792,24.8017],[141.2792,24.8019],[141.279,24.8019],[141.279,24.8017]]],[[[141.2842,24.7995],[141.2842,24.7995],[141.2842,24.7995],[141.2842,24.7995],[141.2842,24.7995]]],[[[141.2822,24.8095],[141.2824,24.8095],[141.2824,24.8097],[141.2822,24.8097],[141.2822,24.8095]]],[[[141.2842,24.7499],[141.2842,24.7499],[141.2842,24.75],[141.2842,24.75],[141.2842,24.7499]]],[[[141.2834,24.7513],[141.2837,24.7513],[141.2837,24.7516],[141.2834,24.7516],[141.2834,24.7513]]],[[[141.2845,24.7501],[141.2845,24.7501],[141.2845,24.7501],[141.2845,24.7501],[141.2845,24.7501]]],[[[141.2845,24.7501],[141.2845,24.7501],[141.2845,24.7501],[141.2845,24.7501],[141.2845,24.7501]]],[[[141.2845,24.7504],[141.2845,24.7504],[141.2845,24.7504],[141.2845,24.7504],[141.2845,24.7504]]],[[[141.2841,24.7505],[141.2842,24.7505],[141.2842,24.7506],[141.2841,24.7506],[141.2841,24.7505]]],[[[141.2843,24.7506],[141.2843,24.7506],[141.2843,24.7506],[141.2843,24.7506],[141.2843,24.7506]]],[[[141.2844,24.7507],[141.2844,24.7507],[141.2844,24.7508],[141.2844,24.7508],[141.2844,24.7507]]],[[[141.284,24.7984],[141.2841,24.7984],[141.2841,24.7985],[141.284,24.7985],[141.284,24.7984]]],[[[141.2841,24.7994],[141.2841,24.7994],[141.2841,24.7994],[141.2841,24.7994],[141.2841,24.7994]]],[[[141.2842,24.7993],[141.2843,24.7993],[141.2843,24.7993],[141.2842,24.7993],[141.2842,24.7993]]],[[[141.2851,24.7498],[141.2851,24.7498],[141.2851,24.7498],[141.2851,24.7498],[141.2851,24.7498]]],[[[141.2851,24.7499],[141.2851,24.7499],[141.2851,24.7499],[141.2851,24.7499],[141.2851,24.7499]]],[[[141.2854,24.7448],[141.2855,24.7448],[141.2855,24.7449],[141.2854,24.7449],[141.2854,24.7448]]],[[[136.0696,20.425],[136.07,20.425],[136.07,20.4253],[136.0696,20.4253],[136.0696,20.425]]],[[[136.0697,20.4252],[136.0698,20.4252],[136.0698,20.4253],[136.0697,20.4253],[136.0697,20.4252]]],[[[136.0695,20.4252],[136.0699,20.4252],[136.0699,20.4255],[136.0695,20.4255],[136.0695,20.4252]]],[[[136.0809,20.4254],[136.0814,20.4254],[136.0814,20.4256],[136.0809,20.4256],[136.0809,20.4254]]],[[[136.0811,20.4256],[136.0812,20.4256],[136.0812,20.4256],[136.0811,20.4256],[136.0811,20.4256]]],[[[136.0809,20.4256],[136.0813,20.4256],[136.0813,20.4258],[136.0809,20.4258],[136.0809,20.4256]]],[[[136.0736,20.4227],[136.0741,20.4227],[136.0741,20.4232],[136.0736,20.4232],[136.0736,20.4227]]],[[[141.2719,25.4289],[141.272,25.4289],[141.272,25.429],[141.2719,25.429],[141.2719,25.4289]]],[[[141.2717,25.429],[141.2718,25.429],[141.2718,25.4291],[141.2717,25.4291],[141.2717,25.429]]],[[[141.2719,25.4293],[141.2719,25.4293],[141.2719,25.4294],[141.2719,25.4294],[141.2719,25.4293]]],[[[141.272,25.4291],[141.2721,25.4291],[141.2721,25.4292],[141.272,25.4292],[141.272,25.4291]]],[[[141.272,25.4297],[141.272,25.4297],[141.272,25.4298],[141.272,25.4298],[141.272,25.4297]]],[[[141.2714,25.4307],[141.2715,25.4307],[141.2715,25.4307],[141.2714,25.4307],[141.2714,25.4307]]],[[[141.2716,25.4318],[141.2717,25.4318],[141.2717,25.4319],[141.2716,25.4319],[141.2716,25.4318]]],[[[141.272,25.4324],[141.2721,25.4324],[141.2721,25.4324],[141.272,25.4324],[141.272,25.4324]]],[[[141.2718,25.4329],[141.2719,25.4329],[141.2719,25.433],[141.2718,25.433],[141.2718,25.4329]]],[[[142.2065,27.4869],[142.2076,27.4875],[142.2048,27.4882],[142.2067,27.4895],[142.2089,27.4877],[142.2082,27.4867],[142.2065,27.4869]]],[[[142.2077,27.4893],[142.2081,27.4893],[142.2081,27.4896],[142.2077,27.4896],[142.2077,27.4893]]],[[[142.2076,27.4898],[142.2077,27.4898],[142.2077,27.4899],[142.2076,27.4899],[142.2076,27.4898]]],[[[142.2078,27.4898],[142.208,27.4898],[142.208,27.49],[142.2078,27.49],[142.2078,27.4898]]],[[[142.2098,27.4896],[142.2099,27.4896],[142.2099,27.4897],[142.2098,27.4897],[142.2098,27.4896]]],[[[142.2101,27.4894],[142.2102,27.4894],[142.2102,27.4896],[142.2101,27.4896],[142.2101,27.4894]]],[[[142.21,27.4936],[142.2101,27.4936],[142.2101,27.4937],[142.21,27.4937],[142.21,27.4936]]],[[[142.2105,27.4938],[142.2107,27.4938],[142.2107,27.4939],[142.2105,27.4939],[142.2105,27.4938]]],[[[142.212,27.4898],[142.2121,27.4898],[142.2121,27.49],[142.212,27.49],[142.212,27.4898]]],[[[142.211,27.4924],[142.2111,27.4924],[142.2111,27.4925],[142.211,27.4925],[142.211,27.4924]]],[[[142.2146,27.4921],[142.2159,27.4921],[142.2159,27.4929],[142.2146,27.4929],[142.2146,27.4921]]],[[[142.2152,27.4929],[142.2155,27.4929],[142.2155,27.4932],[142.2152,27.4932],[142.2152,27.4929]]],[[[142.2162,27.4936],[142.2163,27.4936],[142.2163,27.4937],[142.2162,27.4937],[142.2162,27.4936]]],[[[142.2161,27.4938],[142.2163,27.4938],[142.2163,27.4938],[142.2161,27.4938],[142.2161,27.4938]]],[[[142.1367,27.6709],[142.1375,27.6709],[142.1375,27.6714],[142.1367,27.6714],[142.1367,27.6709]]],[[[142.1373,27.6713],[142.1379,27.6713],[142.1379,27.6718],[142.1373,27.6718],[142.1373,27.6713]]],[[[142.1365,27.6712],[142.1365,27.6712],[142.1365,27.6713],[142.1365,27.6713],[142.1365,27.6712]]],[[[142.1391,27.6717],[142.1394,27.6717],[142.1394,27.6719],[142.1391,27.6719],[142.1391,27.6717]]],[[[142.1378,27.6721],[142.1387,27.6721],[142.1387,27.6728],[142.1378,27.6728],[142.1378,27.6721]]],[[[142.1408,27.6711],[142.1411,27.6711],[142.1411,27.6713],[142.1408,27.6713],[142.1408,27.6711]]],[[[142.1412,27.6711],[142.1413,27.6711],[142.1413,27.6712],[142.1412,27.6712],[142.1412,27.6711]]],[[[142.1416,27.6709],[142.1418,27.6709],[142.1418,27.6711],[142.1416,27.6711],[142.1416,27.6709]]],[[[142.1445,27.6707],[142.1446,27.6707],[142.1446,27.6707],[142.1445,27.6707],[142.1445,27.6707]]],[[[142.1407,27.6726],[142.1407,27.6726],[142.1407,27.6726],[142.1407,27.6726],[142.1407,27.6726]]],[[[142.1409,27.6725],[142.1409,27.6725],[142.1409,27.6726],[142.1409,27.6726],[142.1409,27.6725]]],[[[142.141,27.6724],[142.1411,27.6724],[142.1411,27.6725],[142.141,27.6725],[142.141,27.6724]]],[[[142.141,27.6725],[142.141,27.6725],[142.141,27.6726],[142.141,27.6726],[142.141,27.6725]]],[[[142.1409,27.6728],[142.141,27.6728],[142.141,27.6728],[142.1409,27.6728],[142.1409,27.6728]]],[[[142.141,27.6727],[142.1411,27.6727],[142.1411,27.6728],[142.141,27.6728],[142.141,27.6727]]],[[[142.1411,27.6727],[142.1412,27.6727],[142.1412,27.6727],[142.1411,27.6727],[142.1411,27.6727]]],[[[142.1413,27.6726],[142.1413,27.6726],[142.1413,27.6727],[142.1413,27.6727],[142.1413,27.6726]]],[[[142.1414,27.6726],[142.1415,27.6726],[142.1415,27.6727],[142.1414,27.6727],[142.1414,27.6726]]],[[[142.1559,27.6644],[142.1565,27.6644],[142.1565,27.665],[142.1559,27.665],[142.1559,27.6644]]],[[[142.1564,27.6616],[142.1565,27.6616],[142.1565,27.6617],[142.1564,27.6617],[142.1564,27.6616]]],[[[142.1569,27.6613],[142.1573,27.6613],[142.1573,27.6617],[142.1569,27.6617],[142.1569,27.6613]]],[[[142.1575,27.6613],[142.1576,27.6613],[142.1576,27.6614],[142.1575,27.6614],[142.1575,27.6613]]],[[[142.1575,27.6616],[142.1576,27.6616],[142.1576,27.6617],[142.1575,27.6617],[142.1575,27.6616]]],[[[142.1575,27.6623],[142.1576,27.6623],[142.1576,27.6625],[142.1575,27.6625],[142.1575,27.6623]]],[[[142.1574,27.6625],[142.1576,27.6625],[142.1576,27.6626],[142.1574,27.6626],[142.1574,27.6625]]],[[[142.1576,27.6623],[142.1577,27.6623],[142.1577,27.6624],[142.1576,27.6624],[142.1576,27.6623]]],[[[142.1593,27.6623],[142.1596,27.6623],[142.1596,27.6625],[142.1593,27.6625],[142.1593,27.6623]]],[[[142.1592,27.6627],[142.1595,27.6627],[142.1595,27.663],[142.1592,27.663],[142.1592,27.6627]]],[[[142.1585,27.664],[142.1586,27.664],[142.1586,27.6641],[142.1585,27.6641],[142.1585,27.664]]],[[[142.1685,27.6365],[142.1689,27.6365],[142.1689,27.6368],[142.1685,27.6368],[142.1685,27.6365]]],[[[142.1569,27.656],[142.157,27.656],[142.157,27.6561],[142.1569,27.6561],[142.1569,27.656]]],[[[142.158,27.6573],[142.1581,27.6573],[142.1581,27.6574],[142.158,27.6574],[142.158,27.6573]]],[[[142.158,27.6575],[142.158,27.6575],[142.158,27.6576],[142.158,27.6576],[142.158,27.6575]]],[[[142.1586,27.6564],[142.1587,27.6564],[142.1587,27.6565],[142.1586,27.6565],[142.1586,27.6564]]],[[[142.1583,27.6573],[142.1584,27.6573],[142.1584,27.6574],[142.1583,27.6574],[142.1583,27.6573]]],[[[142.1585,27.6572],[142.1586,27.6572],[142.1586,27.6573],[142.1585,27.6573],[142.1585,27.6572]]],[[[142.1586,27.6572],[142.1587,27.6572],[142.1587,27.6573],[142.1586,27.6573],[142.1586,27.6572]]],[[[142.2067,27.5],[142.2078,27.5006],[142.2083,27.4995],[142.2093,27.4998],[142.2113,27.5023],[142.2127,27.5012],[142.2118,27.4996],[142.2129,27.4996],[142.2131,27.4986],[142.2121,27.4963],[142.2134,27.4962],[142.2135,27.4951],[142.2142,27.495],[142.2131,27.4941],[142.2161,27.4916],[142.2156,27.4913],[142.2147,27.491],[142.2148,27.4894],[142.2118,27.49],[142.2111,27.4922],[142.212,27.4936],[142.2113,27.4949],[142.2091,27.4951],[142.2083,27.4963],[142.2074,27.4957],[142.2045,27.4971],[142.2059,27.4984],[142.2041,27.4983],[142.2041,27.4993],[142.2053,27.5004],[142.2067,27.5]]],[[[142.2193,27.4955],[142.2193,27.4955],[142.2193,27.4955],[142.2193,27.4955],[142.2193,27.4955]]],[[[142.2194,27.4954],[142.2195,27.4954],[142.2195,27.4955],[142.2194,27.4955],[142.2194,27.4954]]],[[[142.1754,27.6196],[142.1756,27.6196],[142.1756,27.6197],[142.1754,27.6197],[142.1754,27.6196]]],[[[142.1707,27.6223],[142.1708,27.6223],[142.1708,27.6224],[142.1707,27.6224],[142.1707,27.6223]]],[[[142.1704,27.6227],[142.1706,27.6227],[142.1706,27.6229],[142.1704,27.6229],[142.1704,27.6227]]],[[[142.1724,27.623],[142.1725,27.623],[142.1725,27.6232],[142.1724,27.6232],[142.1724,27.623]]],[[[142.1727,27.6249],[142.1728,27.6249],[142.1728,27.625],[142.1727,27.625],[142.1727,27.6249]]],[[[142.1748,27.6228],[142.1749,27.6228],[142.1749,27.6229],[142.1748,27.6229],[142.1748,27.6228]]],[[[142.1749,27.623],[142.175,27.623],[142.175,27.6231],[142.1749,27.6231],[142.1749,27.623]]],[[[142.1747,27.6233],[142.1749,27.6233],[142.1749,27.6235],[142.1747,27.6235],[142.1747,27.6233]]],[[[142.177,27.6199],[142.1771,27.6199],[142.1771,27.62],[142.177,27.62],[142.177,27.6199]]],[[[142.1769,27.6217],[142.1773,27.621],[142.1763,27.6207],[142.176,27.6212],[142.1769,27.6217]]],[[[142.1765,27.6221],[142.1766,27.6221],[142.1766,27.6223],[142.1765,27.6223],[142.1765,27.6221]]],[[[142.1766,27.6222],[142.1768,27.6222],[142.1768,27.6224],[142.1766,27.6224],[142.1766,27.6222]]],[[[142.1694,27.6301],[142.1699,27.6301],[142.1699,27.6306],[142.1694,27.6306],[142.1694,27.6301]]],[[[142.1706,27.6315],[142.1711,27.6315],[142.1711,27.6321],[142.1706,27.6321],[142.1706,27.6315]]],[[[142.1693,27.636],[142.1687,27.6357],[142.1688,27.6363],[142.1695,27.6365],[142.1693,27.636]]],[[[142.1698,27.6352],[142.1706,27.6352],[142.1706,27.6358],[142.1698,27.6358],[142.1698,27.6352]]],[[[142.1784,27.6249],[142.1787,27.6249],[142.1787,27.6252],[142.1784,27.6252],[142.1784,27.6249]]],[[[142.1764,27.6341],[142.1766,27.6341],[142.1766,27.6342],[142.1764,27.6342],[142.1764,27.6341]]],[[[142.172,27.6236],[142.1711,27.6233],[142.1709,27.6257],[142.1724,27.6248],[142.172,27.6236]]],[[[142.1583,27.6548],[142.1589,27.6573],[142.1562,27.6589],[142.1578,27.6599],[142.1578,27.6624],[142.157,27.6634],[142.1572,27.6644],[142.1591,27.6624],[142.158,27.6597],[142.1592,27.6582],[142.1595,27.6562],[142.1583,27.6548]]],[[[142.1499,27.674],[142.15,27.674],[142.15,27.6741],[142.1499,27.6741],[142.1499,27.674]]],[[[142.1783,27.6232],[142.1791,27.6232],[142.1791,27.6241],[142.1783,27.6241],[142.1783,27.6232]]],[[[142.1786,27.6318],[142.1787,27.6318],[142.1787,27.6319],[142.1786,27.6319],[142.1786,27.6318]]],[[[142.175,27.624],[142.1738,27.6238],[142.1733,27.6265],[142.1722,27.6265],[142.1723,27.6257],[142.1715,27.6268],[142.1728,27.6278],[142.1721,27.6293],[142.1729,27.6292],[142.1713,27.6309],[142.1707,27.6338],[142.1698,27.6339],[142.1704,27.6348],[142.173,27.633],[142.1738,27.6352],[142.1751,27.6359],[142.176,27.6339],[142.1782,27.6337],[142.1787,27.6307],[142.1793,27.6313],[142.1796,27.6304],[142.1829,27.6305],[142.1842,27.6278],[142.1842,27.6271],[142.1859,27.6264],[142.1848,27.6258],[142.186,27.6249],[142.1858,27.6228],[142.1875,27.6221],[142.1855,27.6195],[142.1829,27.6213],[142.1818,27.6233],[142.1818,27.6219],[142.1804,27.6227],[142.1777,27.6265],[142.1772,27.626],[142.1778,27.6242],[142.1766,27.6247],[142.1769,27.6229],[142.1752,27.6219],[142.1758,27.6232],[142.175,27.624]]],[[[142.2134,27.489],[142.2135,27.489],[142.2135,27.4892],[142.2134,27.4892],[142.2134,27.489]]],[[[142.2163,27.4934],[142.2164,27.4934],[142.2164,27.4935],[142.2163,27.4935],[142.2163,27.4934]]],[[[142.2164,27.4934],[142.2169,27.4934],[142.2169,27.4941],[142.2164,27.4941],[142.2164,27.4934]]],[[[142.2191,27.4931],[142.2196,27.4931],[142.2196,27.4936],[142.2191,27.4936],[142.2191,27.4931]]],[[[142.2188,27.4936],[142.2191,27.4926],[142.2181,27.4929],[142.2181,27.495],[142.2182,27.496],[142.2191,27.4956],[142.2188,27.4936]]],[[[142.2101,27.4892],[142.2102,27.4892],[142.2102,27.4893],[142.2101,27.4893],[142.2101,27.4892]]],[[[142.2163,27.4938],[142.2164,27.4938],[142.2164,27.494],[142.2163,27.494],[142.2163,27.4938]]],[[[142.1489,27.6715],[142.1492,27.6715],[142.1492,27.6718],[142.1489,27.6718],[142.1489,27.6715]]],[[[142.1497,27.6702],[142.1497,27.6702],[142.1497,27.6703],[142.1497,27.6703],[142.1497,27.6702]]],[[[142.1528,27.6712],[142.1529,27.6712],[142.1529,27.6713],[142.1528,27.6713],[142.1528,27.6712]]],[[[142.1535,27.671],[142.1538,27.671],[142.1538,27.6715],[142.1535,27.6715],[142.1535,27.671]]],[[[142.1497,27.6732],[142.1503,27.6732],[142.1503,27.6737],[142.1497,27.6737],[142.1497,27.6732]]],[[[142.1501,27.6739],[142.1502,27.6739],[142.1502,27.674],[142.1501,27.674],[142.1501,27.6739]]],[[[142.1602,27.6621],[142.1605,27.6621],[142.1605,27.6623],[142.1602,27.6623],[142.1602,27.6621]]],[[[142.1558,27.6574],[142.1559,27.6574],[142.1559,27.6575],[142.1558,27.6575],[142.1558,27.6574]]],[[[142.16,27.6555],[142.1601,27.6555],[142.1601,27.6557],[142.16,27.6557],[142.16,27.6555]]],[[[142.1605,27.6557],[142.1607,27.6557],[142.1607,27.6558],[142.1605,27.6558],[142.1605,27.6557]]],[[[142.1595,27.6569],[142.1596,27.6569],[142.1596,27.657],[142.1595,27.657],[142.1595,27.6569]]],[[[142.1595,27.6572],[142.1596,27.6572],[142.1596,27.6573],[142.1595,27.6573],[142.1595,27.6572]]],[[[142.1595,27.6573],[142.1596,27.6573],[142.1596,27.6575],[142.1595,27.6575],[142.1595,27.6573]]],[[[142.1567,27.6583],[142.1577,27.6581],[142.1576,27.6574],[142.1567,27.6583]]],[[[142.1217,26.7064],[142.1226,26.7064],[142.1226,26.707],[142.1217,26.707],[142.1217,26.7064]]],[[[142.1225,26.7057],[142.1226,26.7057],[142.1226,26.7058],[142.1225,26.7058],[142.1225,26.7057]]],[[[142.1227,26.7056],[142.1228,26.7056],[142.1228,26.7057],[142.1227,26.7057],[142.1227,26.7056]]],[[[142.1229,26.7058],[142.123,26.7058],[142.123,26.7059],[142.1229,26.7059],[142.1229,26.7058]]],[[[142.1231,26.7053],[142.1232,26.7053],[142.1232,26.7054],[142.1231,26.7054],[142.1231,26.7053]]],[[[142.123,26.7054],[142.1232,26.7054],[142.1232,26.7057],[142.123,26.7057],[142.123,26.7054]]],[[[142.1232,26.7055],[142.1233,26.7055],[142.1233,26.7056],[142.1232,26.7056],[142.1232,26.7055]]],[[[142.123,26.7057],[142.1231,26.7057],[142.1231,26.7057],[142.123,26.7057],[142.123,26.7057]]],[[[142.1232,26.7053],[142.1233,26.7053],[142.1233,26.7054],[142.1232,26.7054],[142.1232,26.7053]]],[[[142.1233,26.7054],[142.1234,26.7054],[142.1234,26.7055],[142.1233,26.7055],[142.1233,26.7054]]],[[[142.1236,26.7049],[142.1237,26.7049],[142.1237,26.7049],[142.1236,26.7049],[142.1236,26.7049]]],[[[142.1246,26.705],[142.1246,26.705],[142.1246,26.705],[142.1246,26.705],[142.1246,26.705]]],[[[142.1247,26.7049],[142.1248,26.7049],[142.1248,26.7049],[142.1247,26.7049],[142.1247,26.7049]]],[[[142.1235,26.7052],[142.1235,26.7052],[142.1235,26.7052],[142.1235,26.7052],[142.1235,26.7052]]],[[[142.1234,26.7053],[142.1235,26.7053],[142.1235,26.7054],[142.1234,26.7054],[142.1234,26.7053]]],[[[142.1236,26.7054],[142.1236,26.7054],[142.1236,26.7055],[142.1236,26.7055],[142.1236,26.7054]]],[[[142.124,26.7052],[142.124,26.7052],[142.124,26.7052],[142.124,26.7052],[142.124,26.7052]]],[[[142.1241,26.7051],[142.1242,26.7051],[142.1242,26.7051],[142.1241,26.7051],[142.1241,26.7051]]],[[[142.1242,26.7052],[142.1242,26.7052],[142.1242,26.7053],[142.1242,26.7053],[142.1242,26.7052]]],[[[142.1243,26.7052],[142.1243,26.7052],[142.1243,26.7052],[142.1243,26.7052],[142.1243,26.7052]]],[[[142.1228,26.7068],[142.1228,26.7068],[142.1228,26.7069],[142.1228,26.7069],[142.1228,26.7068]]],[[[142.1228,26.7069],[142.1229,26.7069],[142.1229,26.7069],[142.1228,26.7069],[142.1228,26.7069]]],[[[142.1226,26.7088],[142.1227,26.7088],[142.1227,26.7088],[142.1226,26.7088],[142.1226,26.7088]]],[[[142.1227,26.7088],[142.1228,26.7088],[142.1228,26.7089],[142.1227,26.7089],[142.1227,26.7088]]],[[[142.1226,26.7068],[142.1227,26.7068],[142.1227,26.7069],[142.1226,26.7069],[142.1226,26.7068]]],[[[142.1228,26.7068],[142.1229,26.7068],[142.1229,26.7068],[142.1228,26.7068],[142.1228,26.7068]]],[[[142.1229,26.707],[142.123,26.707],[142.123,26.707],[142.1229,26.707],[142.1229,26.707]]],[[[142.1213,26.7108],[142.1214,26.7108],[142.1214,26.7109],[142.1213,26.7109],[142.1213,26.7108]]],[[[142.1228,26.7094],[142.1229,26.7094],[142.1229,26.7095],[142.1228,26.7095],[142.1228,26.7094]]],[[[142.1221,26.7106],[142.1223,26.7106],[142.1223,26.7108],[142.1221,26.7108],[142.1221,26.7106]]],[[[142.1227,26.7104],[142.1227,26.7104],[142.1227,26.7105],[142.1227,26.7105],[142.1227,26.7104]]],[[[142.1227,26.7105],[142.1228,26.7105],[142.1228,26.7106],[142.1227,26.7106],[142.1227,26.7105]]],[[[142.123,26.7154],[142.123,26.7154],[142.123,26.7154],[142.123,26.7154],[142.123,26.7154]]],[[[142.1225,26.7111],[142.1226,26.7111],[142.1226,26.7112],[142.1225,26.7112],[142.1225,26.7111]]],[[[142.1226,26.7111],[142.1227,26.7111],[142.1227,26.7112],[142.1226,26.7112],[142.1226,26.7111]]],[[[142.1227,26.7112],[142.1227,26.7112],[142.1227,26.7112],[142.1227,26.7112],[142.1227,26.7112]]],[[[142.1218,26.7108],[142.1224,26.7108],[142.1224,26.7112],[142.1218,26.7112],[142.1218,26.7108]]],[[[142.1214,26.7109],[142.1214,26.7109],[142.1214,26.7109],[142.1214,26.7109],[142.1214,26.7109]]],[[[142.1225,26.7118],[142.1226,26.7118],[142.1226,26.7119],[142.1225,26.7119],[142.1225,26.7118]]],[[[142.1227,26.7113],[142.1227,26.7113],[142.1227,26.7113],[142.1227,26.7113],[142.1227,26.7113]]],[[[142.1228,26.7112],[142.1228,26.7112],[142.1228,26.7112],[142.1228,26.7112],[142.1228,26.7112]]],[[[142.1228,26.7112],[142.1228,26.7112],[142.1228,26.7113],[142.1228,26.7113],[142.1228,26.7112]]],[[[142.1228,26.7113],[142.1229,26.7113],[142.1229,26.7114],[142.1228,26.7114],[142.1228,26.7113]]],[[[142.1229,26.7114],[142.123,26.7114],[142.123,26.7114],[142.1229,26.7114],[142.1229,26.7114]]],[[[142.1227,26.7115],[142.1228,26.7115],[142.1228,26.7116],[142.1227,26.7116],[142.1227,26.7115]]],[[[142.1229,26.7116],[142.123,26.7116],[142.123,26.7116],[142.1229,26.7116],[142.1229,26.7116]]],[[[142.1229,26.7116],[142.123,26.7116],[142.123,26.7117],[142.1229,26.7117],[142.1229,26.7116]]],[[[142.1226,26.7119],[142.1227,26.7119],[142.1227,26.712],[142.1226,26.712],[142.1226,26.7119]]],[[[142.1226,26.7121],[142.1227,26.7121],[142.1227,26.7122],[142.1226,26.7122],[142.1226,26.7121]]],[[[142.1228,26.712],[142.1229,26.712],[142.1229,26.7121],[142.1228,26.7121],[142.1228,26.712]]],[[[142.1225,26.7131],[142.1226,26.7131],[142.1226,26.7133],[142.1225,26.7133],[142.1225,26.7131]]],[[[142.1229,26.7131],[142.123,26.7131],[142.123,26.7132],[142.1229,26.7132],[142.1229,26.7131]]],[[[142.1227,26.7141],[142.1228,26.7141],[142.1228,26.7141],[142.1227,26.7141],[142.1227,26.7141]]],[[[142.1226,26.7151],[142.123,26.7151],[142.123,26.7155],[142.1226,26.7155],[142.1226,26.7151]]],[[[142.1233,26.7026],[142.1233,26.7026],[142.1233,26.7026],[142.1233,26.7026],[142.1233,26.7026]]],[[[142.123,26.7083],[142.123,26.7083],[142.123,26.7084],[142.123,26.7084],[142.123,26.7083]]],[[[142.1229,26.7092],[142.1231,26.7092],[142.1231,26.7094],[142.1229,26.7094],[142.1229,26.7092]]],[[[142.1229,26.7101],[142.1231,26.7101],[142.1231,26.7103],[142.1229,26.7103],[142.1229,26.7101]]],[[[142.123,26.7127],[142.123,26.7127],[142.123,26.7127],[142.123,26.7127],[142.123,26.7127]]],[[[142.1229,26.7129],[142.123,26.7129],[142.123,26.713],[142.1229,26.713],[142.1229,26.7129]]],[[[142.123,26.713],[142.1231,26.713],[142.1231,26.7131],[142.123,26.7131],[142.123,26.713]]],[[[142.1231,26.7131],[142.1232,26.7131],[142.1232,26.7132],[142.1231,26.7132],[142.1231,26.7131]]],[[[142.1233,26.7133],[142.1234,26.7133],[142.1234,26.7133],[142.1233,26.7133],[142.1233,26.7133]]],[[[142.1225,26.7108],[142.1226,26.7108],[142.1226,26.7109],[142.1225,26.7109],[142.1225,26.7108]]],[[[142.143,26.666],[142.143,26.666],[142.143,26.6661],[142.143,26.6661],[142.143,26.666]]],[[[142.143,26.6661],[142.1431,26.6661],[142.1431,26.6662],[142.143,26.6662],[142.143,26.6661]]],[[[141.29,24.7474],[141.29,24.7474],[141.29,24.7474],[141.29,24.7474],[141.29,24.7474]]],[[[141.29,24.7474],[141.2901,24.7474],[141.2901,24.7474],[141.29,24.7474],[141.29,24.7474]]],[[[141.2899,24.7473],[141.2899,24.7473],[141.2899,24.7473],[141.2899,24.7473],[141.2899,24.7473]]],[[[141.2899,24.7473],[141.2899,24.7473],[141.2899,24.7473],[141.2899,24.7473],[141.2899,24.7473]]],[[[141.2899,24.7474],[141.2899,24.7474],[141.2899,24.7474],[141.2899,24.7474],[141.2899,24.7474]]],[[[141.2901,24.7475],[141.2901,24.7475],[141.2901,24.7475],[141.2901,24.7475],[141.2901,24.7475]]],[[[141.2901,24.7475],[141.2901,24.7475],[141.2901,24.7476],[141.2901,24.7476],[141.2901,24.7475]]],[[[141.2903,24.7476],[141.2904,24.7476],[141.2904,24.7476],[141.2903,24.7476],[141.2903,24.7476]]],[[[141.2904,24.7476],[141.2904,24.7476],[141.2904,24.7476],[141.2904,24.7476],[141.2904,24.7476]]],[[[141.2904,24.7476],[141.2905,24.7476],[141.2905,24.7477],[141.2904,24.7477],[141.2904,24.7476]]],[[[141.2905,24.7477],[141.2905,24.7477],[141.2905,24.7477],[141.2905,24.7477],[141.2905,24.7477]]],[[[141.2905,24.7477],[141.2905,24.7477],[141.2905,24.7478],[141.2905,24.7478],[141.2905,24.7477]]],[[[141.2907,24.7477],[141.2907,24.7477],[141.2907,24.7477],[141.2907,24.7477],[141.2907,24.7477]]],[[[141.2907,24.7479],[141.2907,24.7479],[141.2907,24.7479],[141.2907,24.7479],[141.2907,24.7479]]],[[[141.2908,24.7477],[141.2909,24.7477],[141.2909,24.7478],[141.2908,24.7478],[141.2908,24.7477]]],[[[141.2908,24.7478],[141.2908,24.7478],[141.2908,24.7478],[141.2908,24.7478],[141.2908,24.7478]]],[[[141.291,24.7478],[141.2911,24.7478],[141.2911,24.7479],[141.291,24.7479],[141.291,24.7478]]],[[[141.2912,24.748],[141.2913,24.748],[141.2913,24.748],[141.2912,24.748],[141.2912,24.748]]],[[[141.2912,24.748],[141.2912,24.748],[141.2912,24.7481],[141.2912,24.7481],[141.2912,24.748]]],[[[141.2913,24.7481],[141.2913,24.7481],[141.2913,24.7481],[141.2913,24.7481],[141.2913,24.7481]]],[[[141.2914,24.7479],[141.2915,24.7479],[141.2915,24.7479],[141.2914,24.7479],[141.2914,24.7479]]],[[[141.2914,24.748],[141.2914,24.748],[141.2914,24.748],[141.2914,24.748],[141.2914,24.748]]],[[[141.2916,24.748],[141.2916,24.748],[141.2916,24.748],[141.2916,24.748],[141.2916,24.748]]],[[[141.2917,24.748],[141.2917,24.748],[141.2917,24.748],[141.2917,24.748],[141.2917,24.748]]],[[[141.2916,24.748],[141.2916,24.748],[141.2916,24.7481],[141.2916,24.7481],[141.2916,24.748]]],[[[141.2917,24.7481],[141.2917,24.7481],[141.2917,24.7481],[141.2917,24.7481],[141.2917,24.7481]]],[[[141.2918,24.748],[141.2918,24.748],[141.2918,24.7481],[141.2918,24.7481],[141.2918,24.748]]],[[[141.2918,24.7482],[141.2918,24.7482],[141.2918,24.7482],[141.2918,24.7482],[141.2918,24.7482]]],[[[141.2918,24.7482],[141.2918,24.7482],[141.2918,24.7482],[141.2918,24.7482],[141.2918,24.7482]]],[[[141.2919,24.7482],[141.2919,24.7482],[141.2919,24.7482],[141.2919,24.7482],[141.2919,24.7482]]],[[[141.2919,24.7483],[141.2919,24.7483],[141.2919,24.7483],[141.2919,24.7483],[141.2919,24.7483]]],[[[141.2919,24.7483],[141.2919,24.7483],[141.2919,24.7483],[141.2919,24.7483],[141.2919,24.7483]]],[[[141.2921,24.7482],[141.2921,24.7482],[141.2921,24.7482],[141.2921,24.7482],[141.2921,24.7482]]],[[[141.292,24.7483],[141.292,24.7483],[141.292,24.7483],[141.292,24.7483],[141.292,24.7483]]],[[[141.2921,24.7484],[141.2921,24.7484],[141.2921,24.7484],[141.2921,24.7484],[141.2921,24.7484]]],[[[141.2922,24.7483],[141.2922,24.7483],[141.2922,24.7484],[141.2922,24.7484],[141.2922,24.7483]]],[[[141.2922,24.7484],[141.2922,24.7484],[141.2922,24.7484],[141.2922,24.7484],[141.2922,24.7484]]],[[[141.2922,24.7484],[141.2922,24.7484],[141.2922,24.7485],[141.2922,24.7485],[141.2922,24.7484]]],[[[141.2922,24.7485],[141.2923,24.7485],[141.2923,24.7485],[141.2922,24.7485],[141.2922,24.7485]]],[[[141.2924,24.7485],[141.2924,24.7485],[141.2924,24.7485],[141.2924,24.7485],[141.2924,24.7485]]],[[[141.2931,24.7492],[141.2932,24.7492],[141.2932,24.7492],[141.2931,24.7492],[141.2931,24.7492]]],[[[141.2931,24.7492],[141.2931,24.7492],[141.2931,24.7492],[141.2931,24.7492],[141.2931,24.7492]]],[[[141.2932,24.7494],[141.2932,24.7494],[141.2932,24.7494],[141.2932,24.7494],[141.2932,24.7494]]],[[[141.2932,24.7494],[141.2933,24.7494],[141.2933,24.7494],[141.2932,24.7494],[141.2932,24.7494]]],[[[141.2928,24.749],[141.2929,24.749],[141.2929,24.749],[141.2928,24.749],[141.2928,24.749]]],[[[141.2929,24.749],[141.2929,24.749],[141.2929,24.7491],[141.2929,24.7491],[141.2929,24.749]]],[[[141.293,24.7491],[141.293,24.7491],[141.293,24.7491],[141.293,24.7491],[141.293,24.7491]]],[[[141.293,24.7491],[141.293,24.7491],[141.293,24.7491],[141.293,24.7491],[141.293,24.7491]]],[[[141.293,24.7491],[141.293,24.7491],[141.293,24.7491],[141.293,24.7491],[141.293,24.7491]]],[[[141.293,24.7492],[141.293,24.7492],[141.293,24.7492],[141.293,24.7492],[141.293,24.7492]]],[[[141.293,24.7491],[141.293,24.7491],[141.293,24.7492],[141.293,24.7492],[141.293,24.7491]]],[[[141.2931,24.7492],[141.2931,24.7492],[141.2931,24.7492],[141.2931,24.7492],[141.2931,24.7492]]],[[[141.2931,24.7492],[141.2932,24.7492],[141.2932,24.7492],[141.2931,24.7492],[141.2931,24.7492]]],[[[141.2932,24.7493],[141.2932,24.7493],[141.2932,24.7493],[141.2932,24.7493],[141.2932,24.7493]]],[[[141.2931,24.7493],[141.2932,24.7493],[141.2932,24.7493],[141.2931,24.7493],[141.2931,24.7493]]],[[[141.2931,24.7493],[141.2932,24.7493],[141.2932,24.7493],[141.2931,24.7493],[141.2931,24.7493]]],[[[141.2932,24.7493],[141.2932,24.7493],[141.2932,24.7493],[141.2932,24.7493],[141.2932,24.7493]]],[[[141.2931,24.7493],[141.2932,24.7493],[141.2932,24.7494],[141.2931,24.7494],[141.2931,24.7493]]],[[[141.2932,24.7494],[141.2932,24.7494],[141.2932,24.7494],[141.2932,24.7494],[141.2932,24.7494]]],[[[141.2933,24.7493],[141.2933,24.7493],[141.2933,24.7493],[141.2933,24.7493],[141.2933,24.7493]]],[[[141.2932,24.7494],[141.2932,24.7494],[141.2932,24.7494],[141.2932,24.7494],[141.2932,24.7494]]],[[[141.2933,24.7494],[141.2933,24.7494],[141.2933,24.7495],[141.2933,24.7495],[141.2933,24.7494]]],[[[141.2933,24.7495],[141.2933,24.7495],[141.2933,24.7495],[141.2933,24.7495],[141.2933,24.7495]]],[[[141.2933,24.7495],[141.2934,24.7495],[141.2934,24.7495],[141.2933,24.7495],[141.2933,24.7495]]],[[[141.2934,24.7496],[141.2934,24.7496],[141.2934,24.7496],[141.2934,24.7496],[141.2934,24.7496]]],[[[141.2933,24.7497],[141.2933,24.7497],[141.2933,24.7498],[141.2933,24.7498],[141.2933,24.7497]]],[[[141.2922,24.7485],[141.2922,24.7485],[141.2922,24.7485],[141.2922,24.7485],[141.2922,24.7485]]],[[[141.2924,24.7485],[141.2924,24.7485],[141.2924,24.7485],[141.2924,24.7485],[141.2924,24.7485]]],[[[141.2923,24.7485],[141.2923,24.7485],[141.2923,24.7485],[141.2923,24.7485],[141.2923,24.7485]]],[[[141.2923,24.7485],[141.2924,24.7485],[141.2924,24.7486],[141.2923,24.7486],[141.2923,24.7485]]],[[[141.2924,24.7486],[141.2924,24.7486],[141.2924,24.7486],[141.2924,24.7486],[141.2924,24.7486]]],[[[141.2924,24.7486],[141.2924,24.7486],[141.2924,24.7486],[141.2924,24.7486],[141.2924,24.7486]]],[[[141.2924,24.7486],[141.2925,24.7486],[141.2925,24.7486],[141.2924,24.7486],[141.2924,24.7486]]],[[[141.2924,24.7486],[141.2925,24.7486],[141.2925,24.7486],[141.2924,24.7486],[141.2924,24.7486]]],[[[141.2925,24.7486],[141.2925,24.7486],[141.2925,24.7487],[141.2925,24.7487],[141.2925,24.7486]]],[[[141.2926,24.7485],[141.2926,24.7485],[141.2926,24.7486],[141.2926,24.7486],[141.2926,24.7485]]],[[[141.2925,24.7487],[141.2925,24.7487],[141.2925,24.7487],[141.2925,24.7487],[141.2925,24.7487]]],[[[141.2926,24.7487],[141.2926,24.7487],[141.2926,24.7487],[141.2926,24.7487],[141.2926,24.7487]]],[[[141.2926,24.7487],[141.2926,24.7487],[141.2926,24.7487],[141.2926,24.7487],[141.2926,24.7487]]],[[[141.2926,24.7487],[141.2926,24.7487],[141.2926,24.7488],[141.2926,24.7488],[141.2926,24.7487]]],[[[141.2926,24.7488],[141.2926,24.7488],[141.2926,24.7488],[141.2926,24.7488],[141.2926,24.7488]]],[[[141.2926,24.7488],[141.2926,24.7488],[141.2926,24.7488],[141.2926,24.7488],[141.2926,24.7488]]],[[[142.2033,27.0906],[142.2033,27.0906],[142.2033,27.0906],[142.2033,27.0906],[142.2033,27.0906]]],[[[142.2033,27.0907],[142.2033,27.0907],[142.2033,27.0908],[142.2033,27.0908],[142.2033,27.0907]]],[[[142.2034,27.0905],[142.2034,27.0905],[142.2034,27.0905],[142.2034,27.0905],[142.2034,27.0905]]],[[[142.2035,27.0905],[142.2036,27.0905],[142.2036,27.0905],[142.2035,27.0905],[142.2035,27.0905]]],[[[142.2032,27.091],[142.2032,27.091],[142.2032,27.0911],[142.2032,27.0911],[142.2032,27.091]]],[[[142.2033,27.0919],[142.2034,27.0919],[142.2034,27.092],[142.2033,27.092],[142.2033,27.0919]]],[[[142.1895,27.1047],[142.1896,27.1047],[142.1896,27.1048],[142.1895,27.1048],[142.1895,27.1047]]],[[[142.1895,27.1046],[142.1896,27.1046],[142.1896,27.1047],[142.1895,27.1047],[142.1895,27.1046]]],[[[142.1896,27.1047],[142.1896,27.1047],[142.1896,27.1047],[142.1896,27.1047],[142.1896,27.1047]]],[[[142.1906,27.1046],[142.1907,27.1046],[142.1907,27.1046],[142.1906,27.1046],[142.1906,27.1046]]],[[[142.1906,27.1049],[142.1908,27.1049],[142.1908,27.105],[142.1906,27.105],[142.1906,27.1049]]],[[[142.1911,27.1047],[142.1912,27.1047],[142.1912,27.1048],[142.1911,27.1048],[142.1911,27.1047]]],[[[142.1914,27.105],[142.1915,27.105],[142.1915,27.1051],[142.1914,27.1051],[142.1914,27.105]]],[[[142.1994,27.0953],[142.1997,27.0953],[142.1997,27.0956],[142.1994,27.0956],[142.1994,27.0953]]],[[[142.1994,27.096],[142.1995,27.096],[142.1995,27.0961],[142.1994,27.0961],[142.1994,27.096]]],[[[142.202683554,27.098059946],[142.202672361,27.098065],[142.20279642,27.098289667],[142.202812244,27.098282135],[142.202683554,27.098059946]]],[[[142.2001,27.105],[142.2002,27.105],[142.2002,27.105],[142.2001,27.105],[142.2001,27.105]]],[[[142.2035,27.0941],[142.2035,27.0941],[142.2035,27.0941],[142.2035,27.0941],[142.2035,27.0941]]],[[[141.4537,24.2264],[141.4538,24.2264],[141.4538,24.2265],[141.4537,24.2265],[141.4537,24.2264]]],[[[141.4539,24.2265],[141.454,24.2265],[141.454,24.2265],[141.4539,24.2265],[141.4539,24.2265]]],[[[141.4538,24.2266],[141.4539,24.2266],[141.4539,24.2267],[141.4538,24.2267],[141.4538,24.2266]]],[[[141.4539,24.2268],[141.4539,24.2268],[141.4539,24.2268],[141.4539,24.2268],[141.4539,24.2268]]],[[[141.4533,24.2283],[141.4533,24.2283],[141.4533,24.2283],[141.4533,24.2283],[141.4533,24.2283]]],[[[141.4534,24.2287],[141.4534,24.2287],[141.4534,24.2288],[141.4534,24.2288],[141.4534,24.2287]]],[[[141.4533,24.2322],[141.4533,24.2322],[141.4533,24.2322],[141.4533,24.2322],[141.4533,24.2322]]],[[[141.4533,24.2351],[141.4533,24.2351],[141.4533,24.2351],[141.4533,24.2351],[141.4533,24.2351]]],[[[141.4537,24.2374],[141.4538,24.2374],[141.4538,24.2375],[141.4537,24.2375],[141.4537,24.2374]]],[[[141.4534,24.2427],[141.4535,24.2427],[141.4535,24.2428],[141.4534,24.2428],[141.4534,24.2427]]],[[[141.4536,24.2427],[141.4538,24.2427],[141.4538,24.2429],[141.4536,24.2429],[141.4536,24.2427]]],[[[141.4724,24.2316],[141.4725,24.2316],[141.4725,24.2316],[141.4724,24.2316],[141.4724,24.2316]]],[[[141.4726,24.2322],[141.4726,24.2322],[141.4726,24.2322],[141.4726,24.2322],[141.4726,24.2322]]],[[[141.4722,24.2338],[141.4722,24.2338],[141.4722,24.2339],[141.4722,24.2339],[141.4722,24.2338]]],[[[141.4724,24.2349],[141.4724,24.2349],[141.4724,24.235],[141.4724,24.235],[141.4724,24.2349]]],[[[141.4724,24.2351],[141.4724,24.2351],[141.4724,24.2352],[141.4724,24.2352],[141.4724,24.2351]]],[[[141.4724,24.2359],[141.4725,24.2359],[141.4725,24.2359],[141.4724,24.2359],[141.4724,24.2359]]],[[[141.4724,24.236],[141.4725,24.236],[141.4725,24.2361],[141.4724,24.2361],[141.4724,24.236]]],[[[141.4725,24.2362],[141.4725,24.2362],[141.4725,24.2362],[141.4725,24.2362],[141.4725,24.2362]]],[[[141.4725,24.2364],[141.4725,24.2364],[141.4725,24.2364],[141.4725,24.2364],[141.4725,24.2364]]],[[[141.4725,24.2367],[141.4725,24.2367],[141.4725,24.2367],[141.4725,24.2367],[141.4725,24.2367]]],[[[141.4725,24.2419],[141.4725,24.2419],[141.4725,24.242],[141.4725,24.242],[141.4725,24.2419]]],[[[141.4727,24.2374],[141.4727,24.2374],[141.4727,24.2375],[141.4727,24.2375],[141.4727,24.2374]]],[[[141.4728,24.2377],[141.4729,24.2377],[141.4729,24.2378],[141.4728,24.2378],[141.4728,24.2377]]],[[[141.3789,24.7798],[141.3789,24.7798],[141.3789,24.7798],[141.3789,24.7798],[141.3789,24.7798]]],[[[141.3788,24.78],[141.3788,24.78],[141.3788,24.78],[141.3788,24.78],[141.3788,24.78]]],[[[141.3789,24.7807],[141.3789,24.7807],[141.3789,24.7808],[141.3789,24.7808],[141.3789,24.7807]]],[[[141.3788,24.7808],[141.3789,24.7808],[141.3789,24.7809],[141.3788,24.7809],[141.3788,24.7808]]],[[[141.3254,24.814],[141.3254,24.814],[141.3254,24.8141],[141.3254,24.8141],[141.3254,24.814]]],[[[141.3255,24.8141],[141.3255,24.8141],[141.3255,24.8141],[141.3255,24.8141],[141.3255,24.8141]]],[[[141.3258,24.8141],[141.3258,24.8141],[141.3258,24.8141],[141.3258,24.8141],[141.3258,24.8141]]],[[[141.3258,24.8141],[141.3258,24.8141],[141.3258,24.8142],[141.3258,24.8142],[141.3258,24.8141]]],[[[141.3259,24.8141],[141.3259,24.8141],[141.3259,24.8141],[141.3259,24.8141],[141.3259,24.8141]]],[[[141.326,24.8141],[141.326,24.8141],[141.326,24.8141],[141.326,24.8141],[141.326,24.8141]]],[[[141.3259,24.8141],[141.3259,24.8141],[141.3259,24.8141],[141.3259,24.8141],[141.3259,24.8141]]],[[[141.3259,24.8141],[141.3259,24.8141],[141.3259,24.8142],[141.3259,24.8142],[141.3259,24.8141]]],[[[141.326,24.8141],[141.3261,24.8141],[141.3261,24.8141],[141.326,24.8141],[141.326,24.8141]]],[[[141.3262,24.8141],[141.3262,24.8141],[141.3262,24.8141],[141.3262,24.8141],[141.3262,24.8141]]],[[[141.3264,24.8141],[141.3265,24.8141],[141.3265,24.8142],[141.3264,24.8142],[141.3264,24.8141]]],[[[141.3304,24.8134],[141.3304,24.8134],[141.3304,24.8134],[141.3304,24.8134],[141.3304,24.8134]]],[[[141.3303,24.8135],[141.3303,24.8135],[141.3303,24.8136],[141.3303,24.8136],[141.3303,24.8135]]],[[[141.4544,24.2258],[141.4545,24.2258],[141.4545,24.2259],[141.4544,24.2259],[141.4544,24.2258]]],[[[141.4542,24.2262],[141.4542,24.2262],[141.4542,24.2263],[141.4542,24.2263],[141.4542,24.2262]]],[[[141.4547,24.2256],[141.4548,24.2256],[141.4548,24.2256],[141.4547,24.2256],[141.4547,24.2256]]],[[[141.4554,24.2252],[141.4554,24.2252],[141.4554,24.2253],[141.4554,24.2253],[141.4554,24.2252]]],[[[141.4559,24.2251],[141.4559,24.2251],[141.4559,24.2251],[141.4559,24.2251],[141.4559,24.2251]]],[[[141.4563,24.225],[141.4563,24.225],[141.4563,24.225],[141.4563,24.225],[141.4563,24.225]]],[[[141.4577,24.2248],[141.4577,24.2248],[141.4577,24.2249],[141.4577,24.2249],[141.4577,24.2248]]],[[[141.4579,24.2248],[141.4579,24.2248],[141.4579,24.2248],[141.4579,24.2248],[141.4579,24.2248]]],[[[141.4592,24.2247],[141.4592,24.2247],[141.4592,24.2247],[141.4592,24.2247],[141.4592,24.2247]]],[[[141.4612,24.2254],[141.4612,24.2254],[141.4612,24.2254],[141.4612,24.2254],[141.4612,24.2254]]],[[[141.4613,24.2253],[141.4613,24.2253],[141.4613,24.2254],[141.4613,24.2254],[141.4613,24.2253]]],[[[141.4616,24.2254],[141.4617,24.2254],[141.4617,24.2254],[141.4616,24.2254],[141.4616,24.2254]]],[[[141.4676,24.2265],[141.4677,24.2265],[141.4677,24.2266],[141.4676,24.2266],[141.4676,24.2265]]],[[[141.4679,24.2269],[141.468,24.2269],[141.468,24.2269],[141.4679,24.2269],[141.4679,24.2269]]],[[[141.469,24.2271],[141.469,24.2271],[141.469,24.2271],[141.469,24.2271],[141.469,24.2271]]],[[[141.469,24.2272],[141.469,24.2272],[141.469,24.2273],[141.469,24.2273],[141.469,24.2272]]],[[[141.4692,24.2272],[141.4692,24.2272],[141.4692,24.2272],[141.4692,24.2272],[141.4692,24.2272]]],[[[141.4694,24.2273],[141.4694,24.2273],[141.4694,24.2273],[141.4694,24.2273],[141.4694,24.2273]]],[[[141.4694,24.2278],[141.4694,24.2278],[141.4694,24.2279],[141.4694,24.2279],[141.4694,24.2278]]],[[[141.4635,24.2447],[141.4635,24.2447],[141.4635,24.2447],[141.4635,24.2447],[141.4635,24.2447]]],[[[141.4636,24.2449],[141.4636,24.2449],[141.4636,24.2449],[141.4636,24.2449],[141.4636,24.2449]]],[[[141.4641,24.2445],[141.4642,24.2445],[141.4642,24.2446],[141.4641,24.2446],[141.4641,24.2445]]],[[[141.464,24.2446],[141.464,24.2446],[141.464,24.2446],[141.464,24.2446],[141.464,24.2446]]],[[[141.4646,24.2442],[141.4647,24.2442],[141.4647,24.2442],[141.4646,24.2442],[141.4646,24.2442]]],[[[141.4649,24.2442],[141.465,24.2442],[141.465,24.2443],[141.4649,24.2443],[141.4649,24.2442]]],[[[141.4651,24.2441],[141.4651,24.2441],[141.4651,24.2442],[141.4651,24.2442],[141.4651,24.2441]]],[[[141.2936,24.7507],[141.2936,24.7507],[141.2936,24.7507],[141.2936,24.7507],[141.2936,24.7507]]],[[[141.2936,24.7507],[141.2937,24.7507],[141.2937,24.7507],[141.2936,24.7507],[141.2936,24.7507]]],[[[141.2936,24.7509],[141.2937,24.7509],[141.2937,24.7509],[141.2936,24.7509],[141.2936,24.7509]]],[[[141.2937,24.7509],[141.2937,24.7509],[141.2937,24.751],[141.2937,24.751],[141.2937,24.7509]]],[[[141.2937,24.7509],[141.2937,24.7509],[141.2937,24.7509],[141.2937,24.7509],[141.2937,24.7509]]],[[[141.2936,24.751],[141.2936,24.751],[141.2936,24.7511],[141.2936,24.7511],[141.2936,24.751]]],[[[141.2936,24.7511],[141.2936,24.7511],[141.2936,24.7511],[141.2936,24.7511],[141.2936,24.7511]]],[[[141.2936,24.7511],[141.2937,24.7511],[141.2937,24.7511],[141.2936,24.7511],[141.2936,24.7511]]],[[[141.2937,24.7511],[141.2937,24.7511],[141.2937,24.7511],[141.2937,24.7511],[141.2937,24.7511]]],[[[141.2937,24.7511],[141.2937,24.7511],[141.2937,24.7512],[141.2937,24.7512],[141.2937,24.7511]]],[[[141.2937,24.7511],[141.2938,24.7511],[141.2938,24.7512],[141.2937,24.7512],[141.2937,24.7511]]],[[[141.2937,24.7512],[141.2937,24.7512],[141.2937,24.7512],[141.2937,24.7512],[141.2937,24.7512]]],[[[141.3041,24.7561],[141.3041,24.7561],[141.3041,24.7561],[141.3041,24.7561],[141.3041,24.7561]]],[[[141.3042,24.7561],[141.3042,24.7561],[141.3042,24.7561],[141.3042,24.7561],[141.3042,24.7561]]],[[[141.3042,24.7562],[141.3042,24.7562],[141.3042,24.7562],[141.3042,24.7562],[141.3042,24.7562]]],[[[141.3043,24.7561],[141.3044,24.7561],[141.3044,24.7561],[141.3043,24.7561],[141.3043,24.7561]]],[[[141.3044,24.7561],[141.3044,24.7561],[141.3044,24.7561],[141.3044,24.7561],[141.3044,24.7561]]],[[[141.3044,24.7561],[141.3044,24.7561],[141.3044,24.7561],[141.3044,24.7561],[141.3044,24.7561]]],[[[141.3041,24.7562],[141.3042,24.7562],[141.3042,24.7563],[141.3041,24.7563],[141.3041,24.7562]]],[[[141.3042,24.7562],[141.3042,24.7562],[141.3042,24.7562],[141.3042,24.7562],[141.3042,24.7562]]],[[[141.3043,24.7562],[141.3043,24.7562],[141.3043,24.7562],[141.3043,24.7562],[141.3043,24.7562]]],[[[141.3042,24.7563],[141.3043,24.7563],[141.3043,24.7563],[141.3042,24.7563],[141.3042,24.7563]]],[[[141.3047,24.7563],[141.3047,24.7563],[141.3047,24.7563],[141.3047,24.7563],[141.3047,24.7563]]],[[[141.3048,24.7562],[141.3049,24.7562],[141.3049,24.7563],[141.3048,24.7563],[141.3048,24.7562]]],[[[141.305,24.7564],[141.305,24.7564],[141.305,24.7564],[141.305,24.7564],[141.305,24.7564]]],[[[141.305,24.7564],[141.3052,24.7564],[141.3052,24.7565],[141.305,24.7565],[141.305,24.7564]]],[[[141.3051,24.7565],[141.3051,24.7565],[141.3051,24.7565],[141.3051,24.7565],[141.3051,24.7565]]],[[[141.3053,24.7565],[141.3053,24.7565],[141.3053,24.7565],[141.3053,24.7565],[141.3053,24.7565]]],[[[141.3053,24.7565],[141.3053,24.7565],[141.3053,24.7565],[141.3053,24.7565],[141.3053,24.7565]]],[[[141.3396,24.7705],[141.3396,24.7705],[141.3396,24.7705],[141.3396,24.7705],[141.3396,24.7705]]],[[[141.3414,24.7711],[141.3414,24.7711],[141.3414,24.7711],[141.3414,24.7711],[141.3414,24.7711]]],[[[141.3426,24.7715],[141.3427,24.7715],[141.3427,24.7715],[141.3426,24.7715],[141.3426,24.7715]]],[[[141.3431,24.7716],[141.3431,24.7716],[141.3431,24.7716],[141.3431,24.7716],[141.3431,24.7716]]],[[[141.3432,24.7716],[141.3432,24.7716],[141.3432,24.7716],[141.3432,24.7716],[141.3432,24.7716]]],[[[141.3434,24.7716],[141.3434,24.7716],[141.3434,24.7716],[141.3434,24.7716],[141.3434,24.7716]]],[[[141.3436,24.7715],[141.3437,24.7715],[141.3437,24.7715],[141.3436,24.7715],[141.3436,24.7715]]],[[[141.3437,24.7715],[141.3437,24.7715],[141.3437,24.7716],[141.3437,24.7716],[141.3437,24.7715]]],[[[141.3467,24.7756],[141.3468,24.7756],[141.3468,24.7756],[141.3467,24.7756],[141.3467,24.7756]]],[[[141.3413,24.8043],[141.3413,24.8043],[141.3413,24.8043],[141.3413,24.8043],[141.3413,24.8043]]],[[[141.3412,24.8043],[141.3414,24.8043],[141.3414,24.8044],[141.3412,24.8044],[141.3412,24.8043]]],[[[141.3413,24.8042],[141.3414,24.8042],[141.3414,24.8042],[141.3413,24.8042],[141.3413,24.8042]]],[[[141.3414,24.8042],[141.3414,24.8042],[141.3414,24.8042],[141.3414,24.8042],[141.3414,24.8042]]],[[[141.3414,24.8042],[141.3415,24.8042],[141.3415,24.8042],[141.3414,24.8042],[141.3414,24.8042]]],[[[141.3414,24.8042],[141.3415,24.8042],[141.3415,24.8042],[141.3414,24.8042],[141.3414,24.8042]]],[[[141.3407,24.8049],[141.3408,24.8049],[141.3408,24.8049],[141.3407,24.8049],[141.3407,24.8049]]],[[[141.3408,24.8049],[141.3409,24.8049],[141.3409,24.8049],[141.3408,24.8049],[141.3408,24.8049]]],[[[141.3413,24.8041],[141.3413,24.8041],[141.3413,24.8041],[141.3413,24.8041],[141.3413,24.8041]]],[[[141.3414,24.8042],[141.3414,24.8042],[141.3414,24.8042],[141.3414,24.8042],[141.3414,24.8042]]],[[[141.3414,24.8044],[141.3414,24.8044],[141.3414,24.8044],[141.3414,24.8044],[141.3414,24.8044]]],[[[141.3414,24.8044],[141.3414,24.8044],[141.3414,24.8044],[141.3414,24.8044],[141.3414,24.8044]]],[[[141.3414,24.8046],[141.3414,24.8046],[141.3414,24.8047],[141.3414,24.8047],[141.3414,24.8046]]],[[[141.3415,24.8046],[141.3415,24.8046],[141.3415,24.8047],[141.3415,24.8047],[141.3415,24.8046]]],[[[141.3407,24.805],[141.3408,24.805],[141.3408,24.8051],[141.3407,24.8051],[141.3407,24.805]]],[[[141.3413,24.8049],[141.3413,24.8049],[141.3413,24.805],[141.3413,24.805],[141.3413,24.8049]]],[[[141.3411,24.8049],[141.3413,24.8049],[141.3413,24.8051],[141.3411,24.8051],[141.3411,24.8049]]],[[[141.3414,24.8048],[141.3415,24.8048],[141.3415,24.8049],[141.3414,24.8049],[141.3414,24.8048]]],[[[141.319,24.8131],[141.3191,24.8131],[141.3191,24.8132],[141.319,24.8132],[141.319,24.8131]]],[[[141.3189,24.8132],[141.319,24.8132],[141.319,24.8133],[141.3189,24.8133],[141.3189,24.8132]]],[[[141.3468,24.7755],[141.3468,24.7755],[141.3468,24.7756],[141.3468,24.7756],[141.3468,24.7755]]],[[[141.3469,24.7756],[141.3469,24.7756],[141.3469,24.7756],[141.3469,24.7756],[141.3469,24.7756]]],[[[141.3469,24.7757],[141.3469,24.7757],[141.3469,24.7757],[141.3469,24.7757],[141.3469,24.7757]]],[[[141.3469,24.7756],[141.3469,24.7756],[141.3469,24.7757],[141.3469,24.7757],[141.3469,24.7756]]],[[[141.3474,24.7759],[141.3475,24.7759],[141.3475,24.7759],[141.3474,24.7759],[141.3474,24.7759]]],[[[141.3475,24.7759],[141.3476,24.7759],[141.3476,24.7759],[141.3475,24.7759],[141.3475,24.7759]]],[[[141.3476,24.776],[141.3476,24.776],[141.3476,24.776],[141.3476,24.776],[141.3476,24.776]]],[[[141.3477,24.7761],[141.3477,24.7761],[141.3477,24.7762],[141.3477,24.7762],[141.3477,24.7761]]],[[[141.3477,24.7762],[141.3478,24.7762],[141.3478,24.7762],[141.3477,24.7762],[141.3477,24.7762]]],[[[141.348,24.7765],[141.3481,24.7765],[141.3481,24.7765],[141.348,24.7765],[141.348,24.7765]]],[[[141.348,24.7765],[141.348,24.7765],[141.348,24.7765],[141.348,24.7765],[141.348,24.7765]]],[[[141.3788,24.7798],[141.3789,24.7798],[141.3789,24.7798],[141.3788,24.7798],[141.3788,24.7798]]],[[[141.4721,24.2337],[141.4722,24.2337],[141.4722,24.2337],[141.4721,24.2337],[141.4721,24.2337]]],[[[141.458,24.2249],[141.455,24.2255],[141.4537,24.2269],[141.4533,24.2293],[141.4536,24.2372],[141.455,24.2419],[141.4591,24.245],[141.4621,24.2451],[141.4666,24.2435],[141.4727,24.2413],[141.473,24.2393],[141.4717,24.2321],[141.4688,24.2272],[141.458,24.2249]]],[[[141.3413,24.804],[141.3414,24.804],[141.3414,24.8041],[141.3413,24.8041],[141.3413,24.804]]],[[[141.3784,24.78],[141.379,24.78],[141.379,24.7809],[141.3784,24.7809],[141.3784,24.78]]],[[[141.3788,24.7798],[141.3789,24.7798],[141.3789,24.7798],[141.3788,24.7798],[141.3788,24.7798]]],[[[141.3789,24.7798],[141.3789,24.7798],[141.3789,24.7798],[141.3789,24.7798],[141.3789,24.7798]]],[[[141.3789,24.7798],[141.3789,24.7798],[141.3789,24.7798],[141.3789,24.7798],[141.3789,24.7798]]],[[[141.3789,24.7798],[141.3789,24.7798],[141.3789,24.7798],[141.3789,24.7798],[141.3789,24.7798]]],[[[141.3784,24.7795],[141.3785,24.7795],[141.3785,24.7795],[141.3784,24.7795],[141.3784,24.7795]]],[[[141.3785,24.7794],[141.3785,24.7794],[141.3785,24.7794],[141.3785,24.7794],[141.3785,24.7794]]],[[[141.3785,24.7796],[141.3785,24.7796],[141.3785,24.7796],[141.3785,24.7796],[141.3785,24.7796]]],[[[141.3782,24.7794],[141.3785,24.7794],[141.3785,24.7798],[141.3782,24.7798],[141.3782,24.7794]]],[[[141.378,24.7796],[141.378,24.7796],[141.378,24.7796],[141.378,24.7796],[141.378,24.7796]]],[[[141.3779,24.7796],[141.378,24.7796],[141.378,24.7797],[141.3779,24.7797],[141.3779,24.7796]]],[[[141.3779,24.7797],[141.378,24.7797],[141.378,24.7797],[141.3779,24.7797],[141.3779,24.7797]]],[[[141.3779,24.7797],[141.378,24.7797],[141.378,24.7798],[141.3779,24.7798],[141.3779,24.7797]]],[[[141.3785,24.7796],[141.3786,24.7796],[141.3786,24.7796],[141.3785,24.7796],[141.3785,24.7796]]],[[[141.3785,24.7794],[141.3786,24.7794],[141.3786,24.7795],[141.3785,24.7795],[141.3785,24.7794]]],[[[141.3785,24.7795],[141.3786,24.7795],[141.3786,24.7795],[141.3785,24.7795],[141.3785,24.7795]]],[[[141.3786,24.7794],[141.3786,24.7794],[141.3786,24.7795],[141.3786,24.7795],[141.3786,24.7794]]],[[[141.3787,24.7796],[141.3788,24.7796],[141.3788,24.7799],[141.3787,24.7799],[141.3787,24.7796]]],[[[141.3788,24.7797],[141.3788,24.7797],[141.3788,24.7797],[141.3788,24.7797],[141.3788,24.7797]]],[[[141.3787,24.7799],[141.3787,24.7799],[141.3787,24.7799],[141.3787,24.7799],[141.3787,24.7799]]],[[[141.3788,24.7799],[141.3788,24.7799],[141.3788,24.78],[141.3788,24.78],[141.3788,24.7799]]],[[[141.3788,24.7799],[141.3788,24.7799],[141.3788,24.7799],[141.3788,24.7799],[141.3788,24.7799]]],[[[141.3788,24.7798],[141.3788,24.7798],[141.3788,24.7798],[141.3788,24.7798],[141.3788,24.7798]]],[[[141.3788,24.7798],[141.3788,24.7798],[141.3788,24.7798],[141.3788,24.7798],[141.3788,24.7798]]],[[[141.3788,24.7799],[141.3788,24.7799],[141.3788,24.7799],[141.3788,24.7799],[141.3788,24.7799]]],[[[141.3788,24.7799],[141.3788,24.7799],[141.3788,24.78],[141.3788,24.78],[141.3788,24.7799]]],[[[141.3786,24.7794],[141.3786,24.7794],[141.3786,24.7794],[141.3786,24.7794],[141.3786,24.7794]]],[[[141.3786,24.7794],[141.3786,24.7794],[141.3786,24.7794],[141.3786,24.7794],[141.3786,24.7794]]],[[[141.3786,24.7795],[141.3786,24.7795],[141.3786,24.7795],[141.3786,24.7795],[141.3786,24.7795]]],[[[141.3786,24.7795],[141.3786,24.7795],[141.3786,24.7796],[141.3786,24.7796],[141.3786,24.7795]]],[[[141.3787,24.7794],[141.3787,24.7794],[141.3787,24.7794],[141.3787,24.7794],[141.3787,24.7794]]],[[[141.3787,24.7794],[141.3787,24.7794],[141.3787,24.7794],[141.3787,24.7794],[141.3787,24.7794]]],[[[141.3788,24.7796],[141.3788,24.7796],[141.3788,24.7796],[141.3788,24.7796],[141.3788,24.7796]]],[[[141.2843,24.7994],[141.2843,24.7994],[141.2843,24.7994],[141.2843,24.7994],[141.2843,24.7994]]],[[[141.2843,24.7994],[141.2844,24.7994],[141.2844,24.7994],[141.2843,24.7994],[141.2843,24.7994]]],[[[141.2844,24.7988],[141.2845,24.7988],[141.2845,24.7988],[141.2844,24.7988],[141.2844,24.7988]]],[[[141.2844,24.7994],[141.2844,24.7994],[141.2844,24.7995],[141.2844,24.7995],[141.2844,24.7994]]],[[[141.2723,25.4278],[141.2724,25.4278],[141.2724,25.4278],[141.2723,25.4278],[141.2723,25.4278]]],[[[141.2721,25.429],[141.2722,25.429],[141.2722,25.429],[141.2721,25.429],[141.2721,25.429]]],[[[141.2721,25.4291],[141.2722,25.4291],[141.2722,25.4292],[141.2721,25.4292],[141.2721,25.4291]]],[[[141.2723,25.4335],[141.2724,25.4335],[141.2724,25.4336],[141.2723,25.4336],[141.2723,25.4335]]],[[[141.285,25.4486],[141.2851,25.4486],[141.2851,25.4486],[141.285,25.4486],[141.285,25.4486]]],[[[141.2844,24.7996],[141.2845,24.7996],[141.2845,24.7996],[141.2844,24.7996],[141.2844,24.7996]]],[[[141.2845,24.7996],[141.2845,24.7996],[141.2845,24.7996],[141.2845,24.7996],[141.2845,24.7996]]],[[[141.2844,24.7994],[141.2844,24.7994],[141.2844,24.7995],[141.2844,24.7995],[141.2844,24.7994]]],[[[141.2844,24.7997],[141.2845,24.7997],[141.2845,24.7997],[141.2844,24.7997],[141.2844,24.7997]]],[[[141.2845,24.7996],[141.2845,24.7996],[141.2845,24.7996],[141.2845,24.7996],[141.2845,24.7996]]],[[[141.2844,24.7997],[141.2845,24.7997],[141.2845,24.7997],[141.2844,24.7997],[141.2844,24.7997]]],[[[141.2843,24.8001],[141.2844,24.8001],[141.2844,24.8001],[141.2843,24.8001],[141.2843,24.8001]]],[[[141.2844,24.8001],[141.2844,24.8001],[141.2844,24.8001],[141.2844,24.8001],[141.2844,24.8001]]],[[[141.2845,24.7999],[141.2845,24.7999],[141.2845,24.7999],[141.2845,24.7999],[141.2845,24.7999]]],[[[141.2845,24.8002],[141.2845,24.8002],[141.2845,24.8002],[141.2845,24.8002],[141.2845,24.8002]]],[[[141.2844,24.8004],[141.2845,24.8004],[141.2845,24.8004],[141.2844,24.8004],[141.2844,24.8004]]],[[[141.2842,24.7994],[141.2843,24.7994],[141.2843,24.7995],[141.2842,24.7995],[141.2842,24.7994]]],[[[140.8691,27.2437],[140.8692,27.2437],[140.8692,27.2438],[140.8691,27.2438],[140.8691,27.2437]]],[[[140.8829,27.2369],[140.883,27.2369],[140.883,27.237],[140.8829,27.237],[140.8829,27.2369]]],[[[140.8839,27.237],[140.884,27.237],[140.884,27.2371],[140.8839,27.2371],[140.8839,27.237]]],[[[140.8887,27.2424],[140.8888,27.2424],[140.8888,27.2425],[140.8887,27.2425],[140.8887,27.2424]]],[[[140.875,27.2377],[140.8737,27.2381],[140.8691,27.2432],[140.8691,27.2444],[140.8712,27.2469],[140.871,27.2509],[140.8732,27.2536],[140.8784,27.2539],[140.8851,27.2521],[140.8887,27.2489],[140.8897,27.2466],[140.8901,27.2445],[140.8867,27.2389],[140.8848,27.2373],[140.8822,27.2369],[140.8777,27.2379],[140.875,27.2377]]],[[[142.1612,27.1139],[142.1613,27.1139],[142.1613,27.114],[142.1612,27.114],[142.1612,27.1139]]],[[[142.1641,27.1125],[142.1643,27.1125],[142.1643,27.1126],[142.1641,27.1126],[142.1641,27.1125]]],[[[142.1642,27.1127],[142.1643,27.1127],[142.1643,27.1128],[142.1642,27.1128],[142.1642,27.1127]]],[[[142.0956,27.7229],[142.095,27.7231],[142.0956,27.7231],[142.0963,27.723],[142.0956,27.7229]]],[[[142.0968,27.7178],[142.0969,27.7178],[142.0969,27.718],[142.0968,27.718],[142.0968,27.7178]]],[[[142.0972,27.7186],[142.0973,27.7186],[142.0973,27.7188],[142.0972,27.7188],[142.0972,27.7186]]],[[[142.0982,27.7159],[142.0984,27.7159],[142.0984,27.716],[142.0982,27.716],[142.0982,27.7159]]],[[[142.0985,27.7166],[142.0986,27.7166],[142.0986,27.7167],[142.0985,27.7167],[142.0985,27.7166]]],[[[142.0986,27.7163],[142.0987,27.7163],[142.0987,27.7164],[142.0986,27.7164],[142.0986,27.7163]]],[[[142.0983,27.7175],[142.0984,27.7175],[142.0984,27.7175],[142.0983,27.7175],[142.0983,27.7175]]],[[[142.0985,27.7175],[142.0986,27.7175],[142.0986,27.7176],[142.0985,27.7176],[142.0985,27.7175]]],[[[142.0982,27.7182],[142.0983,27.7182],[142.0983,27.7183],[142.0982,27.7183],[142.0982,27.7182]]],[[[142.0964,27.7187],[142.0965,27.7187],[142.0965,27.7188],[142.0964,27.7188],[142.0964,27.7187]]],[[[142.097,27.7189],[142.097,27.7189],[142.097,27.719],[142.097,27.719],[142.097,27.7189]]],[[[142.0993,27.7174],[142.0965,27.7193],[142.0964,27.7205],[142.0992,27.7203],[142.0994,27.7194],[142.1003,27.7198],[142.101,27.719],[142.101,27.7183],[142.1022,27.7188],[142.1015,27.7179],[142.1026,27.7173],[142.1027,27.716],[142.1017,27.7157],[142.0993,27.7174]]],[[[142.1023,27.7122],[142.102,27.7127],[142.1027,27.7125],[142.1023,27.7122]]],[[[142.1066,27.7165],[142.1072,27.7165],[142.1072,27.7168],[142.1066,27.7168],[142.1066,27.7165]]],[[[142.1083,27.7164],[142.1063,27.7171],[142.1062,27.7179],[142.1081,27.7174],[142.1101,27.7179],[142.1105,27.7174],[142.1092,27.7174],[142.1099,27.7169],[142.1086,27.7172],[142.1098,27.7163],[142.1083,27.7164]]],[[[142.1105,27.7185],[142.111,27.7179],[142.1101,27.7182],[142.1098,27.7188],[142.1105,27.7185]]],[[[142.1074,27.7165],[142.1077,27.7159],[142.107,27.716],[142.1074,27.7165]]],[[[142.1025,27.7127],[142.103,27.7127],[142.103,27.7131],[142.1025,27.7131],[142.1025,27.7127]]],[[[142.1028,27.716],[142.1029,27.716],[142.1029,27.7161],[142.1028,27.7161],[142.1028,27.716]]],[[[142.103,27.7161],[142.1031,27.7161],[142.1031,27.7162],[142.103,27.7162],[142.103,27.7161]]],[[[142.0962,27.7226],[142.0969,27.7226],[142.0969,27.723],[142.0962,27.723],[142.0962,27.7226]]],[[[142.101,27.7192],[142.1012,27.7192],[142.1012,27.7194],[142.101,27.7194],[142.101,27.7192]]],[[[142.0961,27.7194],[142.0962,27.7194],[142.0962,27.7195],[142.0961,27.7195],[142.0961,27.7194]]],[[[142.0961,27.7197],[142.0962,27.7197],[142.0962,27.7199],[142.0961,27.7199],[142.0961,27.7197]]],[[[142.0987,27.7166],[142.0992,27.7166],[142.0992,27.7169],[142.0987,27.7169],[142.0987,27.7166]]],[[[142.1016,27.7131],[142.1019,27.7131],[142.1019,27.7133],[142.1016,27.7133],[142.1016,27.7131]]],[[[142.1063,27.7165],[142.1065,27.7165],[142.1065,27.7166],[142.1063,27.7166],[142.1063,27.7165]]],[[[142.108,27.7177],[142.1082,27.7177],[142.1082,27.7178],[142.108,27.7178],[142.108,27.7177]]],[[[142.1088,27.7179],[142.1089,27.7179],[142.1089,27.718],[142.1088,27.718],[142.1088,27.7179]]],[[[142.1039,27.7182],[142.104,27.7182],[142.104,27.7183],[142.1039,27.7183],[142.1039,27.7182]]],[[[142.1062,27.7183],[142.1067,27.7183],[142.1067,27.7187],[142.1062,27.7187],[142.1062,27.7183]]],[[[142.1116,27.7177],[142.1124,27.7177],[142.1124,27.7184],[142.1116,27.7184],[142.1116,27.7177]]],[[[142.1028,27.7138],[142.1031,27.7138],[142.1031,27.7141],[142.1028,27.7141],[142.1028,27.7138]]],[[[142.1028,27.7141],[142.1032,27.7141],[142.1032,27.7144],[142.1028,27.7144],[142.1028,27.7141]]],[[[142.1026,27.7145],[142.103,27.7145],[142.103,27.7149],[142.1026,27.7149],[142.1026,27.7145]]],[[[142.1023,27.7147],[142.1022,27.7154],[142.1028,27.7152],[142.1023,27.7147]]],[[[142.1034,27.7164],[142.1035,27.7164],[142.1035,27.7165],[142.1034,27.7165],[142.1034,27.7164]]],[[[142.0962,27.7189],[142.0963,27.7189],[142.0963,27.719],[142.0962,27.719],[142.0962,27.7189]]],[[[142.0962,27.7203],[142.0963,27.7203],[142.0963,27.7204],[142.0962,27.7204],[142.0962,27.7203]]],[[[142.097,27.7208],[142.0963,27.721],[142.0966,27.7214],[142.0974,27.7212],[142.097,27.7208]]],[[[142.147,26.5822],[142.1471,26.5822],[142.1471,26.5823],[142.147,26.5823],[142.147,26.5822]]],[[[142.1531,26.5833],[142.1532,26.5833],[142.1532,26.5834],[142.1531,26.5834],[142.1531,26.5833]]],[[[142.1482,26.5833],[142.1494,26.5859],[142.1516,26.5853],[142.1546,26.5878],[142.156,26.5872],[142.1582,26.5881],[142.1594,26.5875],[142.1614,26.5885],[142.1622,26.5864],[142.1621,26.5856],[142.1609,26.5865],[142.1599,26.5861],[142.1603,26.5844],[142.1591,26.5844],[142.1585,26.5834],[142.154,26.5843],[142.1506,26.5818],[142.1492,26.5826],[142.1475,26.582],[142.1471,26.5826],[142.1482,26.5833]]],[[[142.148,26.5845],[142.1484,26.5845],[142.1484,26.5847],[142.148,26.5847],[142.148,26.5845]]],[[[142.156,26.5838],[142.1561,26.5838],[142.1561,26.5839],[142.156,26.5839],[142.156,26.5838]]],[[[142.1593,26.564],[142.1601,26.5648],[142.1603,26.5642],[142.16,26.5634],[142.1593,26.564]]],[[[142.1615,26.5856],[142.1616,26.5856],[142.1616,26.5857],[142.1615,26.5857],[142.1615,26.5856]]],[[[142.1617,26.5853],[142.1618,26.5853],[142.1618,26.5854],[142.1617,26.5854],[142.1617,26.5853]]],[[[142.1232,26.5971],[142.1241,26.5971],[142.1241,26.5978],[142.1232,26.5978],[142.1232,26.5971]]],[[[142.1241,26.5971],[142.1243,26.5971],[142.1243,26.5973],[142.1241,26.5973],[142.1241,26.5971]]],[[[142.1236,26.5985],[142.1237,26.5985],[142.1237,26.5986],[142.1236,26.5986],[142.1236,26.5985]]],[[[142.1235,26.5986],[142.1245,26.5986],[142.1245,26.5993],[142.1235,26.5993],[142.1235,26.5986]]],[[[142.1236,26.5964],[142.1237,26.5964],[142.1237,26.5965],[142.1236,26.5965],[142.1236,26.5964]]],[[[142.124,26.5962],[142.1244,26.5962],[142.1244,26.5968],[142.124,26.5968],[142.124,26.5962]]],[[[142.1281,26.5971],[142.1282,26.5971],[142.1282,26.5974],[142.1281,26.5974],[142.1281,26.5971]]],[[[142.1281,26.5975],[142.1282,26.5975],[142.1282,26.5976],[142.1281,26.5976],[142.1281,26.5975]]],[[[142.1258,26.5989],[142.1261,26.5989],[142.1261,26.5992],[142.1258,26.5992],[142.1258,26.5989]]],[[[142.1282,26.5976],[142.1283,26.5976],[142.1283,26.5977],[142.1282,26.5977],[142.1282,26.5976]]],[[[142.1316,26.5957],[142.1318,26.5957],[142.1318,26.5957],[142.1316,26.5957],[142.1316,26.5957]]],[[[142.1317,26.5955],[142.1319,26.5955],[142.1319,26.5956],[142.1317,26.5956],[142.1317,26.5955]]],[[[142.1313,26.596],[142.1313,26.596],[142.1313,26.5961],[142.1313,26.5961],[142.1313,26.596]]],[[[142.1314,26.5959],[142.1315,26.5959],[142.1315,26.596],[142.1314,26.596],[142.1314,26.5959]]],[[[142.1324,26.5958],[142.1328,26.5958],[142.1328,26.5964],[142.1324,26.5964],[142.1324,26.5958]]],[[[142.1332,26.5963],[142.1333,26.5963],[142.1333,26.5964],[142.1332,26.5964],[142.1332,26.5963]]],[[[142.1747,26.5994],[142.1747,26.5994],[142.1747,26.5995],[142.1747,26.5995],[142.1747,26.5994]]],[[[142.1746,26.6001],[142.1746,26.6001],[142.1746,26.6001],[142.1746,26.6001],[142.1746,26.6001]]],[[[142.1774,26.6023],[142.1776,26.6023],[142.1776,26.6024],[142.1774,26.6024],[142.1774,26.6023]]],[[[142.1775,26.6026],[142.1776,26.6026],[142.1776,26.6027],[142.1775,26.6027],[142.1775,26.6026]]],[[[142.2017,26.5529],[142.2019,26.5529],[142.2019,26.553],[142.2017,26.553],[142.2017,26.5529]]],[[[142.205,26.5544],[142.2051,26.5544],[142.2051,26.5545],[142.205,26.5545],[142.205,26.5544]]],[[[142.2055,26.5544],[142.2055,26.5544],[142.2055,26.5545],[142.2055,26.5545],[142.2055,26.5544]]],[[[142.2062,26.5534],[142.2065,26.5534],[142.2065,26.5537],[142.2062,26.5537],[142.2062,26.5534]]],[[[142.2068,26.5543],[142.2069,26.5543],[142.2069,26.5544],[142.2068,26.5544],[142.2068,26.5543]]],[[[142.2079,26.5526],[142.2084,26.5505],[142.2073,26.5508],[142.2073,26.553],[142.2082,26.5534],[142.2079,26.5526]]],[[[142.2075,26.5541],[142.2075,26.5541],[142.2075,26.5542],[142.2075,26.5542],[142.2075,26.5541]]],[[[142.2073,26.5543],[142.2074,26.5543],[142.2074,26.5544],[142.2073,26.5544],[142.2073,26.5543]]],[[[142.2076,26.5541],[142.2078,26.5541],[142.2078,26.5543],[142.2076,26.5543],[142.2076,26.5541]]],[[[142.2083,26.554],[142.2084,26.554],[142.2084,26.5541],[142.2083,26.5541],[142.2083,26.554]]],[[[142.2127,26.5556],[142.2129,26.5556],[142.2129,26.5557],[142.2127,26.5557],[142.2127,26.5556]]],[[[142.2137,26.5555],[142.2138,26.5555],[142.2138,26.5556],[142.2137,26.5556],[142.2137,26.5555]]],[[[142.2137,26.5556],[142.2138,26.5556],[142.2138,26.5557],[142.2137,26.5557],[142.2137,26.5556]]],[[[142.2141,26.5559],[142.2142,26.5559],[142.2142,26.556],[142.2141,26.556],[142.2141,26.5559]]],[[[142.2158,26.5571],[142.216,26.5571],[142.216,26.5572],[142.2158,26.5572],[142.2158,26.5571]]],[[[142.2164,26.5592],[142.2164,26.5592],[142.2164,26.5593],[142.2164,26.5593],[142.2164,26.5592]]],[[[142.2165,26.5592],[142.2166,26.5592],[142.2166,26.5593],[142.2165,26.5593],[142.2165,26.5592]]],[[[142.2184,26.5611],[142.2186,26.5611],[142.2186,26.5612],[142.2184,26.5612],[142.2184,26.5611]]],[[[142.2184,26.562],[142.2185,26.562],[142.2185,26.5621],[142.2184,26.5621],[142.2184,26.562]]],[[[142.2166,26.5634],[142.2167,26.5634],[142.2167,26.5635],[142.2166,26.5635],[142.2166,26.5634]]],[[[142.2183,26.5624],[142.2184,26.5624],[142.2184,26.5626],[142.2183,26.5626],[142.2183,26.5624]]],[[[142.2184,26.5636],[142.2185,26.5636],[142.2185,26.5637],[142.2184,26.5637],[142.2184,26.5636]]],[[[142.2263,26.5715],[142.2264,26.5715],[142.2264,26.5716],[142.2263,26.5716],[142.2263,26.5715]]],[[[142.2265,26.5716],[142.2266,26.5716],[142.2266,26.5718],[142.2265,26.5718],[142.2265,26.5716]]],[[[142.2262,26.5717],[142.2263,26.5717],[142.2263,26.5719],[142.2262,26.5719],[142.2262,26.5717]]],[[[142.2296,26.5645],[142.2299,26.5645],[142.2299,26.5648],[142.2296,26.5648],[142.2296,26.5645]]],[[[142.2261,26.5722],[142.2271,26.5722],[142.2271,26.5731],[142.2261,26.5731],[142.2261,26.5722]]],[[[142.2273,26.5729],[142.2274,26.5729],[142.2274,26.573],[142.2273,26.573],[142.2273,26.5729]]],[[[142.2269,26.5734],[142.227,26.5734],[142.227,26.5735],[142.2269,26.5735],[142.2269,26.5734]]],[[[142.2275,26.5729],[142.2276,26.5729],[142.2276,26.573],[142.2275,26.573],[142.2275,26.5729]]],[[[142.2284,26.5739],[142.2285,26.5739],[142.2285,26.574],[142.2284,26.574],[142.2284,26.5739]]],[[[142.1603,26.5636],[142.1604,26.5636],[142.1604,26.5637],[142.1603,26.5637],[142.1603,26.5636]]],[[[142.125,26.6036],[142.1229,26.6035],[142.1227,26.6043],[142.1242,26.6062],[142.1234,26.6071],[142.1264,26.6077],[142.1259,26.6098],[142.1283,26.6105],[142.1282,26.6092],[142.1297,26.6087],[142.13,26.6104],[142.132,26.6105],[142.1321,26.6094],[142.1328,26.61],[142.1326,26.6085],[142.134,26.6081],[142.1335,26.6066],[142.1348,26.6052],[142.1359,26.6014],[142.135,26.5999],[142.1335,26.5968],[142.1323,26.5968],[142.132,26.5957],[142.1311,26.5963],[142.1301,26.5949],[142.1289,26.595],[142.1288,26.5971],[142.1278,26.5982],[142.1272,26.5959],[142.1253,26.5956],[142.1257,26.5985],[142.1275,26.5996],[142.1271,26.6005],[142.1254,26.6004],[142.1266,26.6014],[142.125,26.6036]]],[[[142.1747,26.5989],[142.1752,26.5989],[142.1752,26.5996],[142.1747,26.5996],[142.1747,26.5989]]],[[[142.175,26.5997],[142.1746,26.6002],[142.1755,26.6005],[142.1759,26.5994],[142.1754,26.5998],[142.1759,26.5988],[142.175,26.5997]]],[[[142.1779,26.6036],[142.1768,26.6027],[142.1768,26.6018],[142.1755,26.602],[142.1758,26.603],[142.1767,26.6032],[142.1772,26.6054],[142.1781,26.6046],[142.1779,26.6036]]],[[[142.2122,26.5553],[142.2125,26.5553],[142.2125,26.5556],[142.2122,26.5556],[142.2122,26.5553]]],[[[142.2049,26.5548],[142.2038,26.5536],[142.2033,26.5544],[142.2025,26.5531],[142.2016,26.5535],[142.2015,26.5559],[142.2025,26.5564],[142.2016,26.5567],[142.2043,26.56],[142.2032,26.5621],[142.206,26.5617],[142.2083,26.5636],[142.2125,26.5645],[142.2149,26.5638],[142.2184,26.563],[142.2184,26.5617],[142.2167,26.5613],[142.2152,26.5568],[142.2139,26.5566],[142.2135,26.5555],[142.2109,26.5562],[142.2106,26.5549],[142.2094,26.5554],[142.2064,26.5538],[142.2063,26.5546],[142.2057,26.5541],[142.2049,26.5548]]],[[[142.147,26.5753],[142.1471,26.5753],[142.1471,26.5754],[142.147,26.5754],[142.147,26.5753]]],[[[142.1471,26.5808],[142.1472,26.5808],[142.1472,26.581],[142.1471,26.581],[142.1471,26.5808]]],[[[142.1469,26.5813],[142.1471,26.5813],[142.1471,26.5815],[142.1469,26.5815],[142.1469,26.5813]]],[[[142.1623,26.5643],[142.1627,26.5643],[142.1627,26.5647],[142.1623,26.5647],[142.1623,26.5643]]],[[[142.1715,26.595],[142.1717,26.595],[142.1717,26.5952],[142.1715,26.5952],[142.1715,26.595]]],[[[142.1716,26.5948],[142.1718,26.5948],[142.1718,26.595],[142.1716,26.595],[142.1716,26.5948]]],[[[142.1744,26.5941],[142.1747,26.5941],[142.1747,26.5944],[142.1744,26.5944],[142.1744,26.5941]]],[[[142.1733,26.5977],[142.1734,26.5977],[142.1734,26.5978],[142.1733,26.5978],[142.1733,26.5977]]],[[[142.1732,26.5979],[142.1734,26.5979],[142.1734,26.5981],[142.1732,26.5981],[142.1732,26.5979]]],[[[142.1731,26.5982],[142.1732,26.5982],[142.1732,26.5983],[142.1731,26.5983],[142.1731,26.5982]]],[[[142.1734,26.5977],[142.1735,26.5977],[142.1735,26.5979],[142.1734,26.5979],[142.1734,26.5977]]],[[[142.1734,26.5979],[142.1735,26.5979],[142.1735,26.598],[142.1734,26.598],[142.1734,26.5979]]],[[[142.1736,26.5978],[142.1739,26.5978],[142.1739,26.5979],[142.1736,26.5979],[142.1736,26.5978]]],[[[142.1734,26.5981],[142.1735,26.5981],[142.1735,26.5982],[142.1734,26.5982],[142.1734,26.5981]]],[[[142.1747,26.5979],[142.1748,26.5979],[142.1748,26.598],[142.1747,26.598],[142.1747,26.5979]]],[[[142.1742,26.598],[142.1746,26.598],[142.1746,26.5985],[142.1742,26.5985],[142.1742,26.598]]],[[[142.1747,26.5983],[142.1748,26.5983],[142.1748,26.5984],[142.1747,26.5984],[142.1747,26.5983]]],[[[142.1748,26.5977],[142.1749,26.5977],[142.1749,26.5978],[142.1748,26.5978],[142.1748,26.5977]]],[[[142.1749,26.5982],[142.1749,26.5982],[142.1749,26.5982],[142.1749,26.5982],[142.1749,26.5982]]],[[[142.1775,26.6056],[142.1777,26.6056],[142.1777,26.6057],[142.1775,26.6057],[142.1775,26.6056]]],[[[142.2126,26.5646],[142.2127,26.5646],[142.2127,26.5647],[142.2126,26.5647],[142.2126,26.5646]]],[[[142.2131,26.5645],[142.2134,26.5645],[142.2134,26.5647],[142.2131,26.5647],[142.2131,26.5645]]],[[[142.2128,26.5649],[142.2134,26.5649],[142.2134,26.5653],[142.2128,26.5653],[142.2128,26.5649]]],[[[142.2134,26.5647],[142.2137,26.5647],[142.2137,26.565],[142.2134,26.565],[142.2134,26.5647]]],[[[142.2138,26.5649],[142.2139,26.5649],[142.2139,26.565],[142.2138,26.565],[142.2138,26.5649]]],[[[142.2127,26.5656],[142.2132,26.5665],[142.2136,26.5657],[142.2127,26.5656]]],[[[142.2186,26.5619],[142.2186,26.5619],[142.2186,26.562],[142.2186,26.562],[142.2186,26.5619]]],[[[142.2288,26.5769],[142.2291,26.5769],[142.2291,26.5772],[142.2288,26.5772],[142.2288,26.5769]]],[[[142.1615,26.5643],[142.1618,26.5633],[142.1613,26.5633],[142.1615,26.5643]]],[[[142.1618,26.5636],[142.162,26.5636],[142.162,26.5637],[142.1618,26.5637],[142.1618,26.5636]]],[[[142.1622,26.5638],[142.1624,26.5638],[142.1624,26.5641],[142.1622,26.5641],[142.1622,26.5638]]],[[[142.1683,26.5936],[142.1677,26.5932],[142.1674,26.594],[142.1685,26.5957],[142.169,26.5937],[142.1683,26.5936]]],[[[142.1749,26.5978],[142.175,26.5978],[142.175,26.5979],[142.1749,26.5979],[142.1749,26.5978]]],[[[142.1749,26.5981],[142.175,26.5981],[142.175,26.5982],[142.1749,26.5982],[142.1749,26.5981]]],[[[142.1774,26.6026],[142.1775,26.6026],[142.1775,26.6027],[142.1774,26.6027],[142.1774,26.6026]]],[[[142.176,26.6002],[142.1765,26.6002],[142.1765,26.601],[142.176,26.601],[142.176,26.6002]]],[[[142.1989,27.1222],[142.1991,27.1222],[142.1991,27.1225],[142.1989,27.1225],[142.1989,27.1222]]],[[[142.2037,27.1152],[142.2038,27.1152],[142.2038,27.1154],[142.2037,27.1154],[142.2037,27.1152]]],[[[142.2039,27.1154],[142.204,27.1154],[142.204,27.1155],[142.2039,27.1155],[142.2039,27.1154]]],[[[142.2037,27.119],[142.2038,27.119],[142.2038,27.1191],[142.2037,27.1191],[142.2037,27.119]]],[[[142.2044,27.1187],[142.2045,27.1187],[142.2045,27.1187],[142.2044,27.1187],[142.2044,27.1187]]],[[[142.2047,27.1184],[142.2047,27.1184],[142.2047,27.1185],[142.2047,27.1185],[142.2047,27.1184]]],[[[142.2048,27.1184],[142.2049,27.1184],[142.2049,27.1185],[142.2048,27.1185],[142.2048,27.1184]]],[[[142.2033,27.1193],[142.2034,27.1193],[142.2034,27.1194],[142.2033,27.1194],[142.2033,27.1193]]],[[[142.2051,27.1183],[142.2051,27.1183],[142.2051,27.1183],[142.2051,27.1183],[142.2051,27.1183]]],[[[142.2217,27.1102],[142.2218,27.1102],[142.2218,27.1104],[142.2217,27.1104],[142.2217,27.1102]]],[[[142.2231,27.1101],[142.2231,27.1101],[142.2231,27.1102],[142.2231,27.1102],[142.2231,27.1101]]],[[[142.2231,27.1103],[142.2232,27.1103],[142.2232,27.1103],[142.2231,27.1103],[142.2231,27.1103]]],[[[142.2262,27.1165],[142.2262,27.1165],[142.2262,27.1166],[142.2262,27.1166],[142.2262,27.1165]]],[[[142.2264,27.1163],[142.2265,27.1163],[142.2265,27.1164],[142.2264,27.1164],[142.2264,27.1163]]],[[[142.2263,27.1167],[142.2264,27.1167],[142.2264,27.1167],[142.2263,27.1167],[142.2263,27.1167]]],[[[142.2261,27.1168],[142.2262,27.1168],[142.2262,27.1168],[142.2261,27.1168],[142.2261,27.1168]]],[[[142.2234,27.1245],[142.2235,27.1245],[142.2235,27.1245],[142.2234,27.1245],[142.2234,27.1245]]],[[[142.2266,27.1108],[142.2267,27.1108],[142.2267,27.1108],[142.2266,27.1108],[142.2266,27.1108]]],[[[142.2267,27.1168],[142.2268,27.1168],[142.2268,27.1169],[142.2267,27.1169],[142.2267,27.1168]]],[[[142.2269,27.1172],[142.227,27.1172],[142.227,27.1173],[142.2269,27.1173],[142.2269,27.1172]]],[[[142.2219,27.1095],[142.2221,27.1095],[142.2221,27.1096],[142.2219,27.1096],[142.2219,27.1095]]],[[[142.2217,27.1098],[142.2219,27.1098],[142.2219,27.11],[142.2217,27.11],[142.2217,27.1098]]],[[[142.2225,27.11],[142.2227,27.11],[142.2227,27.1101],[142.2225,27.1101],[142.2225,27.11]]],[[[142.2282,27.11],[142.2283,27.11],[142.2283,27.1101],[142.2282,27.1101],[142.2282,27.11]]],[[[142.2271,27.1187],[142.2275,27.1187],[142.2275,27.1192],[142.2271,27.1192],[142.2271,27.1187]]],[[[142.2274,27.1192],[142.2275,27.1192],[142.2275,27.1193],[142.2274,27.1193],[142.2274,27.1192]]],[[[142.2272,27.1101],[142.2272,27.1101],[142.2272,27.1102],[142.2272,27.1102],[142.2272,27.1101]]],[[[142.2269,27.1106],[142.227,27.1106],[142.227,27.1106],[142.2269,27.1106],[142.2269,27.1106]]],[[[142.2273,27.1155],[142.2273,27.1155],[142.2273,27.1155],[142.2273,27.1155],[142.2273,27.1155]]],[[[142.2275,27.1158],[142.2275,27.1158],[142.2275,27.1158],[142.2275,27.1158],[142.2275,27.1158]]],[[[142.2269,27.117],[142.227,27.117],[142.227,27.1171],[142.2269,27.1171],[142.2269,27.117]]],[[[142.2272,27.1162],[142.2273,27.1162],[142.2273,27.1163],[142.2272,27.1163],[142.2272,27.1162]]],[[[142.2272,27.1163],[142.2273,27.1163],[142.2273,27.1164],[142.2272,27.1164],[142.2272,27.1163]]],[[[142.2273,27.1161],[142.2274,27.1161],[142.2274,27.1163],[142.2273,27.1163],[142.2273,27.1161]]],[[[142.2275,27.1156],[142.2276,27.1156],[142.2276,27.1157],[142.2275,27.1157],[142.2275,27.1156]]],[[[142.2277,27.1156],[142.2278,27.1156],[142.2278,27.1156],[142.2277,27.1156],[142.2277,27.1156]]],[[[142.2278,27.1157],[142.2279,27.1157],[142.2279,27.1157],[142.2278,27.1157],[142.2278,27.1157]]],[[[142.2275,27.116],[142.2278,27.116],[142.2278,27.1162],[142.2275,27.1162],[142.2275,27.116]]],[[[142.2279,27.1158],[142.228,27.1158],[142.228,27.1159],[142.2279,27.1159],[142.2279,27.1158]]],[[[142.2275,27.1164],[142.2277,27.1164],[142.2277,27.1166],[142.2275,27.1166],[142.2275,27.1164]]],[[[142.2269,27.1176],[142.227,27.1176],[142.227,27.1176],[142.2269,27.1176],[142.2269,27.1176]]],[[[142.2273,27.1185],[142.2274,27.1185],[142.2274,27.1185],[142.2273,27.1185],[142.2273,27.1185]]],[[[142.2273,27.1192],[142.2273,27.1192],[142.2273,27.1193],[142.2273,27.1193],[142.2273,27.1192]]],[[[142.2275,27.1209],[142.2282,27.1209],[142.2282,27.1216],[142.2275,27.1216],[142.2275,27.1209]]],[[[142.2359,27.1121],[142.2359,27.1121],[142.2359,27.1122],[142.2359,27.1122],[142.2359,27.1121]]],[[[142.2359,27.1119],[142.2364,27.1119],[142.2364,27.1122],[142.2359,27.1122],[142.2359,27.1119]]],[[[142.2319,27.1145],[142.232,27.1145],[142.232,27.1145],[142.2319,27.1145],[142.2319,27.1145]]],[[[142.2321,27.1145],[142.2321,27.1145],[142.2321,27.1146],[142.2321,27.1146],[142.2321,27.1145]]],[[[142.2326,27.1144],[142.2326,27.1144],[142.2326,27.1144],[142.2326,27.1144],[142.2326,27.1144]]],[[[142.2327,27.1143],[142.2328,27.1143],[142.2328,27.1144],[142.2327,27.1144],[142.2327,27.1143]]],[[[142.2328,27.1146],[142.2328,27.1146],[142.2328,27.1146],[142.2328,27.1146],[142.2328,27.1146]]],[[[142.2351,27.1105],[142.2351,27.1105],[142.2351,27.1105],[142.2351,27.1105],[142.2351,27.1105]]],[[[142.2353,27.1107],[142.2353,27.1107],[142.2353,27.1108],[142.2353,27.1108],[142.2353,27.1107]]],[[[142.236,27.1101],[142.2361,27.1101],[142.2361,27.1101],[142.236,27.1101],[142.236,27.1101]]],[[[142.2354,27.1108],[142.2356,27.1108],[142.2356,27.1109],[142.2354,27.1109],[142.2354,27.1108]]],[[[142.2357,27.1108],[142.2359,27.1108],[142.2359,27.1109],[142.2357,27.1109],[142.2357,27.1108]]],[[[142.2357,27.1111],[142.2357,27.1111],[142.2357,27.1111],[142.2357,27.1111],[142.2357,27.1111]]],[[[142.2357,27.1112],[142.2358,27.1112],[142.2358,27.1112],[142.2357,27.1112],[142.2357,27.1112]]],[[[142.2361,27.1111],[142.2362,27.1111],[142.2362,27.1112],[142.2361,27.1112],[142.2361,27.1111]]],[[[142.2357,27.1137],[142.2363,27.1137],[142.2363,27.1141],[142.2357,27.1141],[142.2357,27.1137]]],[[[142.2287,27.1213],[142.2289,27.1213],[142.2289,27.1215],[142.2287,27.1215],[142.2287,27.1213]]],[[[142.2285,27.1215],[142.2287,27.1215],[142.2287,27.1217],[142.2285,27.1217],[142.2285,27.1215]]],[[[142.2283,27.1151],[142.2284,27.1151],[142.2284,27.1151],[142.2283,27.1151],[142.2283,27.1151]]],[[[142.2285,27.115],[142.2285,27.115],[142.2285,27.1151],[142.2285,27.1151],[142.2285,27.115]]],[[[142.2288,27.1151],[142.2289,27.1151],[142.2289,27.1151],[142.2288,27.1151],[142.2288,27.1151]]],[[[142.2289,27.1151],[142.229,27.1151],[142.229,27.1152],[142.2289,27.1152],[142.2289,27.1151]]],[[[142.2292,27.1148],[142.2292,27.1148],[142.2292,27.1148],[142.2292,27.1148],[142.2292,27.1148]]],[[[142.229,27.115],[142.229,27.115],[142.229,27.1151],[142.229,27.1151],[142.229,27.115]]],[[[142.2295,27.1148],[142.2296,27.1148],[142.2296,27.1149],[142.2295,27.1149],[142.2295,27.1148]]],[[[142.2294,27.115],[142.2298,27.115],[142.2298,27.1151],[142.2294,27.1151],[142.2294,27.115]]],[[[142.2297,27.1152],[142.2298,27.1152],[142.2298,27.1153],[142.2297,27.1153],[142.2297,27.1152]]],[[[142.2299,27.1148],[142.2302,27.1148],[142.2302,27.115],[142.2299,27.115],[142.2299,27.1148]]],[[[142.2302,27.1149],[142.2303,27.1149],[142.2303,27.1149],[142.2302,27.1149],[142.2302,27.1149]]],[[[142.2298,27.1154],[142.2298,27.1154],[142.2298,27.1155],[142.2298,27.1155],[142.2298,27.1154]]],[[[142.2298,27.1153],[142.2299,27.1153],[142.2299,27.1154],[142.2298,27.1154],[142.2298,27.1153]]],[[[142.2305,27.1146],[142.2306,27.1146],[142.2306,27.1146],[142.2305,27.1146],[142.2305,27.1146]]],[[[142.2312,27.1143],[142.2313,27.1143],[142.2313,27.1144],[142.2312,27.1144],[142.2312,27.1143]]],[[[142.2313,27.1142],[142.2314,27.1142],[142.2314,27.1143],[142.2313,27.1143],[142.2313,27.1142]]],[[[142.2314,27.1143],[142.2316,27.1143],[142.2316,27.1144],[142.2314,27.1144],[142.2314,27.1143]]],[[[142.2317,27.1143],[142.2319,27.1143],[142.2319,27.1147],[142.2317,27.1147],[142.2317,27.1143]]],[[[142.1868,27.1203],[142.1873,27.1203],[142.1873,27.1206],[142.1868,27.1206],[142.1868,27.1203]]],[[[142.187,27.1207],[142.1872,27.1207],[142.1872,27.1208],[142.187,27.1208],[142.187,27.1207]]],[[[142.1819,27.1275],[142.182,27.1275],[142.182,27.1276],[142.1819,27.1276],[142.1819,27.1275]]],[[[142.1825,27.1276],[142.183,27.1274],[142.1825,27.1274],[142.1825,27.1276]]],[[[142.1867,27.1267],[142.1871,27.1267],[142.1871,27.1269],[142.1867,27.1269],[142.1867,27.1267]]],[[[142.1868,27.1376],[142.1871,27.1376],[142.1871,27.1378],[142.1868,27.1378],[142.1868,27.1376]]],[[[142.1879,27.1264],[142.188,27.1264],[142.188,27.1266],[142.1879,27.1266],[142.1879,27.1264]]],[[[142.1877,27.1266],[142.1878,27.1266],[142.1878,27.1268],[142.1877,27.1268],[142.1877,27.1266]]],[[[142.1884,27.1263],[142.1889,27.1263],[142.1889,27.1267],[142.1884,27.1267],[142.1884,27.1263]]],[[[142.1878,27.1395],[142.188,27.1395],[142.188,27.1396],[142.1878,27.1396],[142.1878,27.1395]]],[[[142.1886,27.1391],[142.1892,27.139],[142.1887,27.1385],[142.1886,27.1391]]],[[[142.1895,27.1385],[142.1896,27.1385],[142.1896,27.1386],[142.1895,27.1386],[142.1895,27.1385]]],[[[142.177,27.1283],[142.1769,27.129],[142.1794,27.1294],[142.1798,27.1279],[142.1813,27.1273],[142.1819,27.1268],[142.1802,27.1268],[142.177,27.1283]]],[[[142.1649,27.1187],[142.165,27.1187],[142.165,27.1188],[142.1649,27.1188],[142.1649,27.1187]]],[[[142.1659,27.1205],[142.1665,27.1205],[142.1665,27.1209],[142.1659,27.1209],[142.1659,27.1205]]],[[[142.17,27.1195],[142.1701,27.1195],[142.1701,27.1196],[142.17,27.1196],[142.17,27.1195]]],[[[142.1702,27.1196],[142.1704,27.1196],[142.1704,27.1197],[142.1702,27.1197],[142.1702,27.1196]]],[[[142.1703,27.1194],[142.1706,27.1194],[142.1706,27.1196],[142.1703,27.1196],[142.1703,27.1194]]],[[[142.1711,27.1194],[142.1715,27.1194],[142.1715,27.12],[142.1711,27.12],[142.1711,27.1194]]],[[[142.1715,27.1196],[142.1716,27.1196],[142.1716,27.1197],[142.1715,27.1197],[142.1715,27.1196]]],[[[142.1817,27.1653],[142.1819,27.1653],[142.1819,27.1655],[142.1817,27.1655],[142.1817,27.1653]]],[[[142.1846,27.1444],[142.1848,27.1444],[142.1848,27.1445],[142.1846,27.1445],[142.1846,27.1444]]],[[[142.186,27.1444],[142.1861,27.1444],[142.1861,27.1445],[142.186,27.1445],[142.186,27.1444]]],[[[142.1838,27.1446],[142.1839,27.1446],[142.1839,27.1447],[142.1838,27.1447],[142.1838,27.1446]]],[[[142.1845,27.1447],[142.1848,27.1447],[142.1848,27.1449],[142.1845,27.1449],[142.1845,27.1447]]],[[[142.1853,27.1446],[142.1854,27.1446],[142.1854,27.1446],[142.1853,27.1446],[142.1853,27.1446]]],[[[142.1842,27.1525],[142.1845,27.1525],[142.1845,27.1528],[142.1842,27.1528],[142.1842,27.1525]]],[[[142.1849,27.1557],[142.1851,27.1557],[142.1851,27.1558],[142.1849,27.1558],[142.1849,27.1557]]],[[[142.1847,27.1558],[142.1849,27.1558],[142.1849,27.1561],[142.1847,27.1561],[142.1847,27.1558]]],[[[142.185,27.1554],[142.1851,27.1554],[142.1851,27.1556],[142.185,27.1556],[142.185,27.1554]]],[[[142.1829,27.1582],[142.183,27.1582],[142.183,27.1583],[142.1829,27.1583],[142.1829,27.1582]]],[[[142.1828,27.1586],[142.1829,27.1586],[142.1829,27.1588],[142.1828,27.1588],[142.1828,27.1586]]],[[[142.1834,27.1627],[142.1835,27.1627],[142.1835,27.1628],[142.1834,27.1628],[142.1834,27.1627]]],[[[142.1838,27.1627],[142.1838,27.1627],[142.1838,27.1628],[142.1838,27.1628],[142.1838,27.1627]]],[[[142.1834,27.1647],[142.1834,27.1647],[142.1834,27.1648],[142.1834,27.1648],[142.1834,27.1647]]],[[[142.1892,27.1398],[142.1894,27.1398],[142.1894,27.14],[142.1892,27.14],[142.1892,27.1398]]],[[[142.1895,27.1423],[142.19,27.1423],[142.19,27.1426],[142.1895,27.1426],[142.1895,27.1423]]],[[[142.1889,27.1454],[142.189,27.1454],[142.189,27.1456],[142.1889,27.1456],[142.1889,27.1454]]],[[[142.1883,27.1466],[142.1884,27.1466],[142.1884,27.1467],[142.1883,27.1467],[142.1883,27.1466]]],[[[142.1882,27.1469],[142.1883,27.1469],[142.1883,27.147],[142.1882,27.147],[142.1882,27.1469]]],[[[142.188,27.1474],[142.1881,27.1474],[142.1881,27.1475],[142.188,27.1475],[142.188,27.1474]]],[[[142.1826,27.1656],[142.1827,27.1656],[142.1827,27.1658],[142.1826,27.1658],[142.1826,27.1656]]],[[[142.1827,27.1659],[142.1828,27.1659],[142.1828,27.166],[142.1827,27.166],[142.1827,27.1659]]],[[[142.1829,27.1659],[142.183,27.1659],[142.183,27.1661],[142.1829,27.1661],[142.1829,27.1659]]],[[[142.1832,27.1652],[142.1833,27.1652],[142.1833,27.1653],[142.1832,27.1653],[142.1832,27.1652]]],[[[142.184,27.1777],[142.1841,27.1777],[142.1841,27.1778],[142.184,27.1778],[142.184,27.1777]]],[[[142.1843,27.1779],[142.1844,27.1779],[142.1844,27.1781],[142.1843,27.1781],[142.1843,27.1779]]],[[[142.1852,27.1783],[142.1855,27.1783],[142.1855,27.1786],[142.1852,27.1786],[142.1852,27.1783]]],[[[142.1854,27.1786],[142.1855,27.1786],[142.1855,27.1787],[142.1854,27.1787],[142.1854,27.1786]]],[[[142.1856,27.1783],[142.1857,27.1783],[142.1857,27.1784],[142.1856,27.1784],[142.1856,27.1783]]],[[[142.1857,27.1784],[142.1858,27.1784],[142.1858,27.1785],[142.1857,27.1785],[142.1857,27.1784]]],[[[142.1859,27.1784],[142.1859,27.1784],[142.1859,27.1785],[142.1859,27.1785],[142.1859,27.1784]]],[[[142.1857,27.1838],[142.1866,27.1838],[142.1866,27.1845],[142.1857,27.1845],[142.1857,27.1838]]],[[[142.1897,27.187],[142.1898,27.187],[142.1898,27.1871],[142.1897,27.1871],[142.1897,27.187]]],[[[142.1883,27.1895],[142.1884,27.1895],[142.1884,27.1896],[142.1883,27.1896],[142.1883,27.1895]]],[[[142.1899,27.1883],[142.19,27.1883],[142.19,27.1884],[142.1899,27.1884],[142.1899,27.1883]]],[[[142.1897,27.189],[142.1898,27.189],[142.1898,27.1891],[142.1897,27.1891],[142.1897,27.189]]],[[[142.1897,27.1893],[142.1897,27.1893],[142.1897,27.1895],[142.1897,27.1895],[142.1897,27.1893]]],[[[142.2014,27.1619],[142.2017,27.1619],[142.2017,27.1626],[142.2014,27.1626],[142.2014,27.1619]]],[[[142.2014,27.1626],[142.202,27.1626],[142.202,27.1631],[142.2014,27.1631],[142.2014,27.1626]]],[[[142.2009,27.1622],[142.2013,27.1622],[142.2013,27.1628],[142.2009,27.1628],[142.2009,27.1622]]],[[[142.2007,27.1626],[142.2008,27.1626],[142.2008,27.1627],[142.2007,27.1627],[142.2007,27.1626]]],[[[142.2008,27.1629],[142.201,27.1629],[142.201,27.1631],[142.2008,27.1631],[142.2008,27.1629]]],[[[142.2008,27.1633],[142.2009,27.1633],[142.2009,27.1635],[142.2008,27.1635],[142.2008,27.1633]]],[[[142.201,27.1636],[142.2011,27.1636],[142.2011,27.1637],[142.201,27.1637],[142.201,27.1636]]],[[[142.202,27.1633],[142.2025,27.1633],[142.2025,27.1638],[142.202,27.1638],[142.202,27.1633]]],[[[142.1981,27.1692],[142.1982,27.1692],[142.1982,27.1693],[142.1981,27.1693],[142.1981,27.1692]]],[[[142.1982,27.1695],[142.1983,27.1695],[142.1983,27.1697],[142.1982,27.1697],[142.1982,27.1695]]],[[[142.1979,27.1702],[142.198,27.1702],[142.198,27.1703],[142.1979,27.1703],[142.1979,27.1702]]],[[[142.2003,27.1645],[142.2004,27.1645],[142.2004,27.1646],[142.2003,27.1646],[142.2003,27.1645]]],[[[142.2003,27.1646],[142.2004,27.1646],[142.2004,27.1648],[142.2003,27.1648],[142.2003,27.1646]]],[[[142.2027,27.1641],[142.2028,27.1641],[142.2028,27.1642],[142.2027,27.1642],[142.2027,27.1641]]],[[[142.2001,27.1695],[142.2003,27.1695],[142.2003,27.1696],[142.2001,27.1696],[142.2001,27.1695]]],[[[142.1958,27.1736],[142.196,27.1736],[142.196,27.1737],[142.1958,27.1737],[142.1958,27.1736]]],[[[142.1961,27.1738],[142.1963,27.1738],[142.1963,27.1739],[142.1961,27.1739],[142.1961,27.1738]]],[[[142.1952,27.1755],[142.1954,27.1755],[142.1954,27.1756],[142.1952,27.1756],[142.1952,27.1755]]],[[[142.1957,27.1755],[142.1958,27.1755],[142.1958,27.1756],[142.1957,27.1756],[142.1957,27.1755]]],[[[142.1866,27.116],[142.1868,27.116],[142.1868,27.1161],[142.1866,27.1161],[142.1866,27.116]]],[[[142.1868,27.1161],[142.1868,27.1161],[142.1868,27.1161],[142.1868,27.1161],[142.1868,27.1161]]],[[[142.1869,27.116],[142.187,27.116],[142.187,27.116],[142.1869,27.116],[142.1869,27.116]]],[[[142.1869,27.1161],[142.1869,27.1161],[142.1869,27.1162],[142.1869,27.1162],[142.1869,27.1161]]],[[[142.187,27.116],[142.1871,27.116],[142.1871,27.1161],[142.187,27.1161],[142.187,27.116]]],[[[142.1871,27.116],[142.1873,27.116],[142.1873,27.1161],[142.1871,27.1161],[142.1871,27.116]]],[[[142.1872,27.1188],[142.1873,27.1188],[142.1873,27.1188],[142.1872,27.1188],[142.1872,27.1188]]],[[[142.1878,27.1157],[142.1881,27.1157],[142.1881,27.1159],[142.1878,27.1159],[142.1878,27.1157]]],[[[142.1863,27.1166],[142.1842,27.1181],[142.1857,27.1185],[142.1884,27.1162],[142.1863,27.1166]]],[[[142.1882,27.1157],[142.1884,27.1157],[142.1884,27.1158],[142.1882,27.1158],[142.1882,27.1157]]],[[[142.1885,27.1161],[142.1886,27.1161],[142.1886,27.1161],[142.1885,27.1161],[142.1885,27.1161]]],[[[142.2007,27.1621],[142.2009,27.1621],[142.2009,27.1623],[142.2007,27.1623],[142.2007,27.1621]]],[[[142.1843,27.1667],[142.1838,27.1691],[142.185,27.1705],[142.1839,27.1718],[142.1876,27.1719],[142.1878,27.1757],[142.1876,27.1767],[142.1859,27.1773],[142.1861,27.1789],[142.1845,27.1784],[142.1879,27.183],[142.1877,27.1845],[142.1858,27.1847],[142.1842,27.1873],[142.1865,27.1873],[142.1891,27.1901],[142.1894,27.1869],[142.1926,27.1848],[142.1957,27.1851],[142.1946,27.1828],[142.1965,27.1833],[142.1973,27.1825],[142.1998,27.1837],[142.1999,27.1814],[142.197,27.1807],[142.1979,27.1795],[142.1968,27.1801],[142.1967,27.1795],[142.1956,27.1797],[142.1945,27.1764],[142.1956,27.175],[142.1951,27.1733],[142.1981,27.171],[142.1981,27.1687],[142.2006,27.1694],[142.2022,27.1692],[142.2013,27.1674],[142.2021,27.1665],[142.2,27.1657],[142.2006,27.1631],[142.1975,27.1596],[142.1994,27.1582],[142.1974,27.1569],[142.1976,27.1559],[142.1962,27.1545],[142.1925,27.1524],[142.1923,27.1505],[142.1879,27.1502],[142.1882,27.1487],[142.1874,27.1477],[142.1888,27.145],[142.1883,27.1443],[142.1837,27.1455],[142.1838,27.1466],[142.1806,27.1465],[142.1796,27.1483],[142.1801,27.1497],[142.1813,27.1498],[142.1808,27.1508],[142.1845,27.1495],[142.1856,27.1504],[142.1847,27.1526],[142.1862,27.1551],[142.1844,27.1569],[142.182,27.1565],[142.181,27.1576],[142.1832,27.1581],[142.1832,27.1589],[142.1846,27.1595],[142.1833,27.1657],[142.1843,27.1667]]],[[[142.1915,27.1069],[142.192,27.1069],[142.192,27.1072],[142.1915,27.1072],[142.1915,27.1069]]],[[[142.1918,27.1067],[142.192,27.1067],[142.192,27.1069],[142.1918,27.1069],[142.1918,27.1067]]],[[[142.1919,27.1062],[142.192,27.1062],[142.192,27.1063],[142.1919,27.1063],[142.1919,27.1062]]],[[[142.1919,27.1064],[142.192,27.1064],[142.192,27.1065],[142.1919,27.1065],[142.1919,27.1064]]],[[[142.192,27.1063],[142.1921,27.1063],[142.1921,27.1064],[142.192,27.1064],[142.192,27.1063]]],[[[142.1864,27.1195],[142.1864,27.1195],[142.1864,27.1196],[142.1864,27.1196],[142.1864,27.1195]]],[[[142.1861,27.1197],[142.1862,27.1197],[142.1862,27.1197],[142.1861,27.1197],[142.1861,27.1197]]],[[[142.1861,27.12],[142.1863,27.12],[142.1863,27.1201],[142.1861,27.1201],[142.1861,27.12]]],[[[142.1863,27.1196],[142.1863,27.1196],[142.1863,27.1197],[142.1863,27.1197],[142.1863,27.1196]]],[[[142.1864,27.1199],[142.1867,27.1199],[142.1867,27.1202],[142.1864,27.1202],[142.1864,27.1199]]],[[[142.1821,27.1271],[142.1822,27.1271],[142.1822,27.1272],[142.1821,27.1272],[142.1821,27.1271]]],[[[142.1823,27.127],[142.1824,27.127],[142.1824,27.1272],[142.1823,27.1272],[142.1823,27.127]]],[[[142.183,27.1276],[142.1832,27.1276],[142.1832,27.1278],[142.183,27.1278],[142.183,27.1276]]],[[[142.1816,27.1274],[142.1817,27.1274],[142.1817,27.1275],[142.1816,27.1275],[142.1816,27.1274]]],[[[142.1796,27.1294],[142.1798,27.1294],[142.1798,27.1295],[142.1796,27.1295],[142.1796,27.1294]]],[[[142.1793,27.1262],[142.1797,27.1262],[142.1797,27.1267],[142.1793,27.1267],[142.1793,27.1262]]],[[[142.1896,27.1905],[142.19,27.1905],[142.19,27.1911],[142.1896,27.1911],[142.1896,27.1905]]],[[[142.1856,27.1167],[142.1858,27.1167],[142.1858,27.1168],[142.1856,27.1168],[142.1856,27.1167]]],[[[142.1856,27.1169],[142.1857,27.1169],[142.1857,27.1169],[142.1856,27.1169],[142.1856,27.1169]]],[[[142.1845,27.1179],[142.1846,27.1179],[142.1846,27.118],[142.1845,27.118],[142.1845,27.1179]]],[[[142.1842,27.1183],[142.1843,27.1183],[142.1843,27.1184],[142.1842,27.1184],[142.1842,27.1183]]],[[[142.1845,27.1178],[142.1846,27.1178],[142.1846,27.1179],[142.1845,27.1179],[142.1845,27.1178]]],[[[142.1846,27.1184],[142.1847,27.1184],[142.1847,27.1185],[142.1846,27.1185],[142.1846,27.1184]]],[[[142.1847,27.1185],[142.1848,27.1185],[142.1848,27.1186],[142.1847,27.1186],[142.1847,27.1185]]],[[[142.1858,27.1183],[142.1859,27.1183],[142.1859,27.1184],[142.1858,27.1184],[142.1858,27.1183]]],[[[142.186,27.1183],[142.1861,27.1183],[142.1861,27.1184],[142.186,27.1184],[142.186,27.1183]]],[[[142.2265,27.0546],[142.2266,27.0546],[142.2266,27.0547],[142.2265,27.0547],[142.2265,27.0546]]],[[[142.2294,27.0557],[142.2295,27.0557],[142.2295,27.0558],[142.2294,27.0558],[142.2294,27.0557]]],[[[142.2294,27.0559],[142.2295,27.0559],[142.2295,27.0559],[142.2294,27.0559],[142.2294,27.0559]]],[[[142.2302,27.0595],[142.2303,27.0595],[142.2303,27.0596],[142.2302,27.0596],[142.2302,27.0595]]],[[[142.2301,27.0599],[142.2302,27.0599],[142.2302,27.06],[142.2301,27.06],[142.2301,27.0599]]],[[[142.2301,27.06],[142.2302,27.06],[142.2302,27.0601],[142.2301,27.0601],[142.2301,27.06]]],[[[142.2303,27.0596],[142.2303,27.0596],[142.2303,27.0597],[142.2303,27.0597],[142.2303,27.0596]]],[[[142.2302,27.0599],[142.2303,27.0599],[142.2303,27.0599],[142.2302,27.0599],[142.2302,27.0599]]],[[[142.2301,27.06],[142.2301,27.06],[142.2301,27.0601],[142.2301,27.0601],[142.2301,27.06]]],[[[142.2301,27.0604],[142.2302,27.0604],[142.2302,27.0604],[142.2301,27.0604],[142.2301,27.0604]]],[[[142.2062,27.0778],[142.2063,27.0778],[142.2063,27.0778],[142.2062,27.0778],[142.2062,27.0778]]],[[[142.2064,27.0777],[142.2064,27.0777],[142.2064,27.0778],[142.2064,27.0778],[142.2064,27.0777]]],[[[142.2069,27.079],[142.207,27.079],[142.207,27.079],[142.2069,27.079],[142.2069,27.079]]],[[[142.207,27.0791],[142.207,27.0791],[142.207,27.0792],[142.207,27.0792],[142.207,27.0791]]],[[[142.2071,27.0786],[142.2071,27.0786],[142.2071,27.0787],[142.2071,27.0787],[142.2071,27.0786]]],[[[142.1568,26.6302],[142.1568,26.6302],[142.1568,26.6303],[142.1568,26.6303],[142.1568,26.6302]]],[[[142.1629,26.6298],[142.1629,26.6298],[142.1629,26.6299],[142.1629,26.6299],[142.1629,26.6298]]],[[[142.1637,26.6297],[142.1637,26.6297],[142.1637,26.6298],[142.1637,26.6298],[142.1637,26.6297]]],[[[142.1639,26.6298],[142.164,26.6298],[142.164,26.6298],[142.1639,26.6298],[142.1639,26.6298]]],[[[142.161,26.634],[142.161,26.634],[142.161,26.634],[142.161,26.634],[142.161,26.634]]],[[[142.1612,26.6334],[142.1613,26.6334],[142.1613,26.6335],[142.1612,26.6335],[142.1612,26.6334]]],[[[142.1606,26.6346],[142.16,26.6348],[142.1606,26.6349],[142.1606,26.6346]]],[[[142.1644,26.6302],[142.1644,26.6302],[142.1644,26.6303],[142.1644,26.6303],[142.1644,26.6302]]],[[[142.1646,26.6304],[142.1646,26.6304],[142.1646,26.6304],[142.1646,26.6304],[142.1646,26.6304]]],[[[142.1646,26.6304],[142.1647,26.6304],[142.1647,26.6305],[142.1646,26.6305],[142.1646,26.6304]]],[[[142.1647,26.6305],[142.1648,26.6305],[142.1648,26.6306],[142.1647,26.6306],[142.1647,26.6305]]],[[[142.1649,26.6306],[142.165,26.6306],[142.165,26.6306],[142.1649,26.6306],[142.1649,26.6306]]],[[[142.1648,26.6306],[142.1649,26.6306],[142.1649,26.6307],[142.1648,26.6307],[142.1648,26.6306]]],[[[142.1649,26.6308],[142.165,26.6308],[142.165,26.6308],[142.1649,26.6308],[142.1649,26.6308]]],[[[142.165,26.6307],[142.1651,26.6307],[142.1651,26.6309],[142.165,26.6309],[142.165,26.6307]]],[[[142.1675,26.6312],[142.1675,26.6312],[142.1675,26.6312],[142.1675,26.6312],[142.1675,26.6312]]],[[[142.168,26.6317],[142.1681,26.6317],[142.1681,26.6318],[142.168,26.6318],[142.168,26.6317]]],[[[142.1709,26.6309],[142.1709,26.6309],[142.1709,26.6309],[142.1709,26.6309],[142.1709,26.6309]]],[[[142.1713,26.643],[142.1714,26.643],[142.1714,26.6431],[142.1713,26.6431],[142.1713,26.643]]],[[[142.1816,27.0938],[142.1816,27.0938],[142.1816,27.0939],[142.1816,27.0939],[142.1816,27.0938]]],[[[142.1816,27.094],[142.1817,27.094],[142.1817,27.0941],[142.1816,27.0941],[142.1816,27.094]]],[[[142.1816,27.0954],[142.1816,27.0954],[142.1816,27.0955],[142.1816,27.0955],[142.1816,27.0954]]],[[[142.1861,27.0836],[142.1862,27.0836],[142.1862,27.0836],[142.1861,27.0836],[142.1861,27.0836]]],[[[142.1861,27.0835],[142.1865,27.0835],[142.1865,27.0838],[142.1861,27.0838],[142.1861,27.0835]]],[[[142.1859,27.0834],[142.186,27.0834],[142.186,27.0835],[142.1859,27.0835],[142.1859,27.0834]]],[[[142.186,27.0834],[142.186,27.0834],[142.186,27.0835],[142.186,27.0835],[142.186,27.0834]]],[[[142.186,27.0837],[142.1861,27.0837],[142.1861,27.0839],[142.186,27.0839],[142.186,27.0837]]],[[[142.1861,27.0839],[142.1862,27.0839],[142.1862,27.084],[142.1861,27.084],[142.1861,27.0839]]],[[[142.1859,27.0846],[142.186,27.0846],[142.186,27.0847],[142.1859,27.0847],[142.1859,27.0846]]],[[[142.186,27.0842],[142.1861,27.0842],[142.1861,27.0843],[142.186,27.0843],[142.186,27.0842]]],[[[142.1863,27.0841],[142.1867,27.0841],[142.1867,27.0842],[142.1863,27.0842],[142.1863,27.0841]]],[[[142.1862,27.0847],[142.1862,27.0847],[142.1862,27.0847],[142.1862,27.0847],[142.1862,27.0847]]],[[[142.1867,27.0873],[142.1868,27.0873],[142.1868,27.0874],[142.1867,27.0874],[142.1867,27.0873]]],[[[142.1868,27.0872],[142.1869,27.0872],[142.1869,27.0873],[142.1868,27.0873],[142.1868,27.0872]]],[[[142.1866,27.0877],[142.1866,27.0877],[142.1866,27.0877],[142.1866,27.0877],[142.1866,27.0877]]],[[[142.187,27.0878],[142.187,27.0878],[142.187,27.0878],[142.187,27.0878],[142.187,27.0878]]],[[[142.187,27.0873],[142.1871,27.0873],[142.1871,27.0874],[142.187,27.0874],[142.187,27.0873]]],[[[142.1874,27.0873],[142.1875,27.0873],[142.1875,27.0873],[142.1874,27.0873],[142.1874,27.0873]]],[[[142.1873,27.0877],[142.1873,27.0877],[142.1873,27.0877],[142.1873,27.0877],[142.1873,27.0877]]],[[[142.1874,27.0877],[142.1874,27.0877],[142.1874,27.0877],[142.1874,27.0877],[142.1874,27.0877]]],[[[142.1874,27.0878],[142.1874,27.0878],[142.1874,27.0878],[142.1874,27.0878],[142.1874,27.0878]]],[[[142.188,27.087],[142.1881,27.087],[142.1881,27.0871],[142.188,27.0871],[142.188,27.087]]],[[[142.1827,27.0862],[142.1829,27.0862],[142.1829,27.0864],[142.1827,27.0864],[142.1827,27.0862]]],[[[142.1826,27.0875],[142.1827,27.0875],[142.1827,27.0876],[142.1826,27.0876],[142.1826,27.0875]]],[[[142.1843,27.0876],[142.1844,27.0876],[142.1844,27.0876],[142.1843,27.0876],[142.1843,27.0876]]],[[[142.1846,27.0864],[142.1847,27.0864],[142.1847,27.0865],[142.1846,27.0865],[142.1846,27.0864]]],[[[142.1846,27.0874],[142.1847,27.0874],[142.1847,27.0875],[142.1846,27.0875],[142.1846,27.0874]]],[[[142.1833,27.0876],[142.1847,27.0866],[142.1836,27.0866],[142.1826,27.087],[142.1833,27.0876]]],[[[142.1823,27.0868],[142.1824,27.0868],[142.1824,27.087],[142.1823,27.087],[142.1823,27.0868]]],[[[142.1824,27.0867],[142.1825,27.0867],[142.1825,27.0867],[142.1824,27.0867],[142.1824,27.0867]]],[[[142.1818,27.0871],[142.1821,27.0871],[142.1821,27.0873],[142.1818,27.0873],[142.1818,27.0871]]],[[[142.1822,27.0875],[142.1822,27.0875],[142.1822,27.0876],[142.1822,27.0876],[142.1822,27.0875]]],[[[142.1822,27.0875],[142.1824,27.0875],[142.1824,27.0875],[142.1822,27.0875],[142.1822,27.0875]]],[[[142.1823,27.0876],[142.1824,27.0876],[142.1824,27.0877],[142.1823,27.0877],[142.1823,27.0876]]],[[[142.1848,27.0862],[142.1848,27.0862],[142.1848,27.0863],[142.1848,27.0863],[142.1848,27.0862]]],[[[142.1849,27.0861],[142.185,27.0861],[142.185,27.0861],[142.1849,27.0861],[142.1849,27.0861]]],[[[142.1848,27.0862],[142.1849,27.0862],[142.1849,27.0862],[142.1848,27.0862],[142.1848,27.0862]]],[[[142.1849,27.0862],[142.185,27.0862],[142.185,27.0862],[142.1849,27.0862],[142.1849,27.0862]]],[[[142.1849,27.0863],[142.185,27.0863],[142.185,27.0864],[142.1849,27.0864],[142.1849,27.0863]]],[[[142.1847,27.0866],[142.1847,27.0866],[142.1847,27.0866],[142.1847,27.0866],[142.1847,27.0866]]],[[[142.1848,27.0864],[142.1848,27.0864],[142.1848,27.0865],[142.1848,27.0865],[142.1848,27.0864]]],[[[142.1849,27.0875],[142.185,27.0875],[142.185,27.0876],[142.1849,27.0876],[142.1849,27.0875]]],[[[142.1817,27.0878],[142.1818,27.0878],[142.1818,27.0879],[142.1817,27.0879],[142.1817,27.0878]]],[[[142.1819,27.0878],[142.182,27.0878],[142.182,27.0879],[142.1819,27.0879],[142.1819,27.0878]]],[[[142.1824,27.0877],[142.1825,27.0877],[142.1825,27.0878],[142.1824,27.0878],[142.1824,27.0877]]],[[[142.1827,27.0877],[142.1827,27.0877],[142.1827,27.0878],[142.1827,27.0878],[142.1827,27.0877]]],[[[142.1829,27.0878],[142.183,27.0878],[142.183,27.0879],[142.1829,27.0879],[142.1829,27.0878]]],[[[142.1824,27.0921],[142.1825,27.0921],[142.1825,27.0922],[142.1824,27.0922],[142.1824,27.0921]]],[[[142.1824,27.0922],[142.1826,27.0922],[142.1826,27.0923],[142.1824,27.0923],[142.1824,27.0922]]],[[[142.1822,27.0922],[142.1824,27.0922],[142.1824,27.0924],[142.1822,27.0924],[142.1822,27.0922]]],[[[142.1832,27.0921],[142.1833,27.0921],[142.1833,27.0922],[142.1832,27.0922],[142.1832,27.0921]]],[[[142.1843,27.0877],[142.1843,27.0877],[142.1843,27.0878],[142.1843,27.0878],[142.1843,27.0877]]],[[[142.1843,27.088],[142.1845,27.088],[142.1845,27.0882],[142.1843,27.0882],[142.1843,27.088]]],[[[142.1849,27.0879],[142.1849,27.0879],[142.1849,27.088],[142.1849,27.088],[142.1849,27.0879]]],[[[142.1848,27.0884],[142.1849,27.0884],[142.1849,27.0885],[142.1848,27.0885],[142.1848,27.0884]]],[[[142.1844,27.0914],[142.1845,27.0914],[142.1845,27.0914],[142.1844,27.0914],[142.1844,27.0914]]],[[[142.1848,27.0912],[142.1849,27.0912],[142.1849,27.0912],[142.1848,27.0912],[142.1848,27.0912]]],[[[142.1841,27.0922],[142.1841,27.0922],[142.1841,27.0922],[142.1841,27.0922],[142.1841,27.0922]]],[[[142.1844,27.0921],[142.1845,27.0921],[142.1845,27.0922],[142.1844,27.0922],[142.1844,27.0921]]],[[[142.1846,27.0919],[142.1846,27.0919],[142.1846,27.092],[142.1846,27.092],[142.1846,27.0919]]],[[[142.1846,27.0919],[142.1847,27.0919],[142.1847,27.092],[142.1846,27.092],[142.1846,27.0919]]],[[[142.1848,27.0919],[142.1849,27.0919],[142.1849,27.0919],[142.1848,27.0919],[142.1848,27.0919]]],[[[142.1817,27.0935],[142.1818,27.0935],[142.1818,27.0936],[142.1817,27.0936],[142.1817,27.0935]]],[[[142.1822,27.0933],[142.1822,27.0933],[142.1822,27.0933],[142.1822,27.0933],[142.1822,27.0933]]],[[[142.1821,27.0934],[142.1822,27.0934],[142.1822,27.0935],[142.1821,27.0935],[142.1821,27.0934]]],[[[142.1821,27.0935],[142.1822,27.0935],[142.1822,27.0936],[142.1821,27.0936],[142.1821,27.0935]]],[[[142.1831,27.0923],[142.1832,27.0923],[142.1832,27.0924],[142.1831,27.0924],[142.1831,27.0923]]],[[[142.1832,27.0924],[142.1832,27.0924],[142.1832,27.0925],[142.1832,27.0925],[142.1832,27.0924]]],[[[142.1832,27.0926],[142.1832,27.0926],[142.1832,27.0927],[142.1832,27.0927],[142.1832,27.0926]]],[[[142.1831,27.0927],[142.1831,27.0927],[142.1831,27.0928],[142.1831,27.0928],[142.1831,27.0927]]],[[[142.1833,27.0925],[142.1833,27.0925],[142.1833,27.0926],[142.1833,27.0926],[142.1833,27.0925]]],[[[142.1834,27.0925],[142.1834,27.0925],[142.1834,27.0926],[142.1834,27.0926],[142.1834,27.0925]]],[[[142.1835,27.0925],[142.1835,27.0925],[142.1835,27.0926],[142.1835,27.0926],[142.1835,27.0925]]],[[[142.1828,27.0928],[142.1829,27.0928],[142.1829,27.0928],[142.1828,27.0928],[142.1828,27.0928]]],[[[142.183,27.0928],[142.1831,27.0928],[142.1831,27.0929],[142.183,27.0929],[142.183,27.0928]]],[[[142.184,27.0923],[142.184,27.0923],[142.184,27.0924],[142.184,27.0924],[142.184,27.0923]]],[[[142.184,27.0926],[142.1841,27.0926],[142.1841,27.0926],[142.184,27.0926],[142.184,27.0926]]],[[[142.1842,27.0925],[142.1842,27.0925],[142.1842,27.0925],[142.1842,27.0925],[142.1842,27.0925]]],[[[142.1841,27.0925],[142.1841,27.0925],[142.1841,27.0926],[142.1841,27.0926],[142.1841,27.0925]]],[[[142.1868,27.0878],[142.1868,27.0878],[142.1868,27.0879],[142.1868,27.0879],[142.1868,27.0878]]],[[[142.1861,27.089],[142.1862,27.089],[142.1862,27.089],[142.1861,27.089],[142.1861,27.089]]],[[[142.1862,27.0889],[142.1862,27.0889],[142.1862,27.089],[142.1862,27.089],[142.1862,27.0889]]],[[[142.1862,27.0897],[142.1863,27.0897],[142.1863,27.0897],[142.1862,27.0897],[142.1862,27.0897]]],[[[142.1863,27.0894],[142.1864,27.0894],[142.1864,27.0895],[142.1863,27.0895],[142.1863,27.0894]]],[[[142.1864,27.0894],[142.1864,27.0894],[142.1864,27.0894],[142.1864,27.0894],[142.1864,27.0894]]],[[[142.1863,27.0897],[142.1864,27.0897],[142.1864,27.0898],[142.1863,27.0898],[142.1863,27.0897]]],[[[142.1864,27.0896],[142.1865,27.0896],[142.1865,27.0897],[142.1864,27.0897],[142.1864,27.0896]]],[[[142.1865,27.0898],[142.1865,27.0898],[142.1865,27.0898],[142.1865,27.0898],[142.1865,27.0898]]],[[[142.1875,27.0879],[142.1875,27.0879],[142.1875,27.0879],[142.1875,27.0879],[142.1875,27.0879]]],[[[142.1854,27.0899],[142.1855,27.0899],[142.1855,27.09],[142.1854,27.09],[142.1854,27.0899]]],[[[142.1861,27.0898],[142.1861,27.0898],[142.1861,27.0899],[142.1861,27.0899],[142.1861,27.0898]]],[[[142.1861,27.0899],[142.1862,27.0899],[142.1862,27.0899],[142.1861,27.0899],[142.1861,27.0899]]],[[[142.1864,27.0899],[142.1864,27.0899],[142.1864,27.0899],[142.1864,27.0899],[142.1864,27.0899]]],[[[142.1879,27.0879],[142.1879,27.0879],[142.1879,27.0879],[142.1879,27.0879],[142.1879,27.0879]]],[[[142.1878,27.0879],[142.1878,27.0879],[142.1878,27.0879],[142.1878,27.0879],[142.1878,27.0879]]],[[[142.1879,27.0879],[142.1879,27.0879],[142.1879,27.088],[142.1879,27.088],[142.1879,27.0879]]],[[[142.1883,27.0883],[142.1884,27.0883],[142.1884,27.0884],[142.1883,27.0884],[142.1883,27.0883]]],[[[142.1886,27.0884],[142.1887,27.0884],[142.1887,27.0884],[142.1886,27.0884],[142.1886,27.0884]]],[[[142.1888,27.0884],[142.1888,27.0884],[142.1888,27.0884],[142.1888,27.0884],[142.1888,27.0884]]],[[[142.1819,27.0941],[142.1819,27.0941],[142.1819,27.0942],[142.1819,27.0942],[142.1819,27.0941]]],[[[142.182,27.0941],[142.182,27.0941],[142.182,27.0942],[142.182,27.0942],[142.182,27.0941]]],[[[142.182,27.0942],[142.1821,27.0942],[142.1821,27.0942],[142.182,27.0942],[142.182,27.0942]]],[[[142.1819,27.0946],[142.1819,27.0946],[142.1819,27.0947],[142.1819,27.0947],[142.1819,27.0946]]],[[[142.1822,27.0938],[142.1822,27.0938],[142.1822,27.0938],[142.1822,27.0938],[142.1822,27.0938]]],[[[142.1821,27.0939],[142.1822,27.0939],[142.1822,27.094],[142.1821,27.094],[142.1821,27.0939]]],[[[142.1819,27.0947],[142.182,27.0947],[142.182,27.0948],[142.1819,27.0948],[142.1819,27.0947]]],[[[142.182,27.0949],[142.182,27.0949],[142.182,27.095],[142.182,27.095],[142.182,27.0949]]],[[[142.182,27.095],[142.182,27.095],[142.182,27.095],[142.182,27.095],[142.182,27.095]]],[[[142.1821,27.0954],[142.1821,27.0954],[142.1821,27.0954],[142.1821,27.0954],[142.1821,27.0954]]],[[[142.182,27.0956],[142.182,27.0956],[142.182,27.0957],[142.182,27.0957],[142.182,27.0956]]],[[[142.1821,27.0955],[142.1822,27.0955],[142.1822,27.0955],[142.1821,27.0955],[142.1821,27.0955]]],[[[142.1824,27.0961],[142.1825,27.0961],[142.1825,27.0962],[142.1824,27.0962],[142.1824,27.0961]]],[[[142.1826,27.0962],[142.1826,27.0962],[142.1826,27.0962],[142.1826,27.0962],[142.1826,27.0962]]],[[[142.1825,27.0963],[142.1826,27.0963],[142.1826,27.0963],[142.1825,27.0963],[142.1825,27.0963]]],[[[142.1825,27.0963],[142.1826,27.0963],[142.1826,27.0964],[142.1825,27.0964],[142.1825,27.0963]]],[[[142.1821,27.0975],[142.1822,27.0975],[142.1822,27.0975],[142.1821,27.0975],[142.1821,27.0975]]],[[[142.1827,27.0968],[142.1828,27.0968],[142.1828,27.0968],[142.1827,27.0968],[142.1827,27.0968]]],[[[142.1828,27.0968],[142.1828,27.0968],[142.1828,27.0969],[142.1828,27.0969],[142.1828,27.0968]]],[[[142.1822,27.0979],[142.1822,27.0979],[142.1822,27.0979],[142.1822,27.0979],[142.1822,27.0979]]],[[[142.1816,27.0936],[142.1817,27.0936],[142.1817,27.0937],[142.1816,27.0937],[142.1816,27.0936]]],[[[142.1817,27.0939],[142.1819,27.0939],[142.1819,27.0941],[142.1817,27.0941],[142.1817,27.0939]]],[[[142.1817,27.0941],[142.1818,27.0941],[142.1818,27.0941],[142.1817,27.0941],[142.1817,27.0941]]],[[[142.1819,27.0943],[142.1819,27.0943],[142.1819,27.0944],[142.1819,27.0944],[142.1819,27.0943]]],[[[142.1818,27.0945],[142.1819,27.0945],[142.1819,27.0946],[142.1818,27.0946],[142.1818,27.0945]]],[[[142.1818,27.0949],[142.1819,27.0949],[142.1819,27.0949],[142.1818,27.0949],[142.1818,27.0949]]],[[[142.1818,27.0952],[142.1818,27.0952],[142.1818,27.0952],[142.1818,27.0952],[142.1818,27.0952]]],[[[142.1818,27.0965],[142.1819,27.0965],[142.1819,27.0965],[142.1818,27.0965],[142.1818,27.0965]]],[[[142.1819,27.0983],[142.1819,27.0983],[142.1819,27.0984],[142.1819,27.0984],[142.1819,27.0983]]],[[[142.1818,27.099],[142.1818,27.099],[142.1818,27.0991],[142.1818,27.0991],[142.1818,27.099]]],[[[142.1819,27.0992],[142.1819,27.0992],[142.1819,27.0992],[142.1819,27.0992],[142.1819,27.0992]]],[[[142.1816,27.1001],[142.1817,27.1001],[142.1817,27.1001],[142.1816,27.1001],[142.1816,27.1001]]],[[[142.1816,27.1003],[142.1817,27.1003],[142.1817,27.1003],[142.1816,27.1003],[142.1816,27.1003]]],[[[142.1817,27.1005],[142.1817,27.1005],[142.1817,27.1006],[142.1817,27.1006],[142.1817,27.1005]]],[[[142.1818,27.1007],[142.1819,27.1007],[142.1819,27.1008],[142.1818,27.1008],[142.1818,27.1007]]],[[[142.1818,27.1009],[142.1819,27.1009],[142.1819,27.101],[142.1818,27.101],[142.1818,27.1009]]],[[[142.1817,27.1011],[142.1818,27.1011],[142.1818,27.1011],[142.1817,27.1011],[142.1817,27.1011]]],[[[142.1817,27.1012],[142.1818,27.1012],[142.1818,27.1012],[142.1817,27.1012],[142.1817,27.1012]]],[[[142.1818,27.1016],[142.1818,27.1016],[142.1818,27.1016],[142.1818,27.1016],[142.1818,27.1016]]],[[[142.1818,27.1019],[142.1819,27.1019],[142.1819,27.102],[142.1818,27.102],[142.1818,27.1019]]],[[[142.1821,27.0981],[142.1822,27.0981],[142.1822,27.0981],[142.1821,27.0981],[142.1821,27.0981]]],[[[142.1822,27.0982],[142.1823,27.0982],[142.1823,27.0984],[142.1822,27.0984],[142.1822,27.0982]]],[[[142.1822,27.0984],[142.1822,27.0984],[142.1822,27.0985],[142.1822,27.0985],[142.1822,27.0984]]],[[[142.1819,27.0993],[142.1819,27.0993],[142.1819,27.0994],[142.1819,27.0994],[142.1819,27.0993]]],[[[142.182,27.1013],[142.182,27.1013],[142.182,27.1013],[142.182,27.1013],[142.182,27.1013]]],[[[142.1821,27.1015],[142.1822,27.1015],[142.1822,27.1016],[142.1821,27.1016],[142.1821,27.1015]]],[[[142.1822,27.1019],[142.1823,27.1019],[142.1823,27.1019],[142.1822,27.1019],[142.1822,27.1019]]],[[[142.1824,27.102],[142.1825,27.102],[142.1825,27.102],[142.1824,27.102],[142.1824,27.102]]],[[[142.1825,27.1021],[142.1825,27.1021],[142.1825,27.1021],[142.1825,27.1021],[142.1825,27.1021]]],[[[142.1825,27.1021],[142.1826,27.1021],[142.1826,27.1022],[142.1825,27.1022],[142.1825,27.1021]]],[[[142.1825,27.1022],[142.1826,27.1022],[142.1826,27.1022],[142.1825,27.1022],[142.1825,27.1022]]],[[[142.1824,27.1023],[142.1825,27.1023],[142.1825,27.1024],[142.1824,27.1024],[142.1824,27.1023]]],[[[142.1825,27.1023],[142.1826,27.1023],[142.1826,27.1023],[142.1825,27.1023],[142.1825,27.1023]]],[[[142.1824,27.1026],[142.1825,27.1026],[142.1825,27.1026],[142.1824,27.1026],[142.1824,27.1026]]],[[[142.1828,27.1031],[142.1829,27.1031],[142.1829,27.1031],[142.1828,27.1031],[142.1828,27.1031]]],[[[142.1829,27.1033],[142.1829,27.1033],[142.1829,27.1033],[142.1829,27.1033],[142.1829,27.1033]]],[[[142.183,27.1033],[142.1831,27.1033],[142.1831,27.1034],[142.183,27.1034],[142.183,27.1033]]],[[[142.1831,27.1035],[142.1831,27.1035],[142.1831,27.1035],[142.1831,27.1035],[142.1831,27.1035]]],[[[142.1831,27.1034],[142.1832,27.1034],[142.1832,27.1034],[142.1831,27.1034],[142.1831,27.1034]]],[[[142.1849,27.1042],[142.1849,27.1042],[142.1849,27.1042],[142.1849,27.1042],[142.1849,27.1042]]],[[[142.1893,27.1047],[142.1894,27.1047],[142.1894,27.1047],[142.1893,27.1047],[142.1893,27.1047]]],[[[142.1892,27.1047],[142.1893,27.1047],[142.1893,27.1048],[142.1892,27.1048],[142.1892,27.1047]]],[[[142.185,27.091],[142.185,27.091],[142.185,27.091],[142.185,27.091],[142.185,27.091]]],[[[142.1853,27.0913],[142.1853,27.0913],[142.1853,27.0913],[142.1853,27.0913],[142.1853,27.0913]]],[[[142.1854,27.0909],[142.1855,27.0909],[142.1855,27.0909],[142.1854,27.0909],[142.1854,27.0909]]],[[[142.1854,27.091],[142.1854,27.091],[142.1854,27.0911],[142.1854,27.0911],[142.1854,27.091]]],[[[142.1854,27.0914],[142.1854,27.0914],[142.1854,27.0915],[142.1854,27.0915],[142.1854,27.0914]]],[[[142.1853,27.0916],[142.1854,27.0916],[142.1854,27.0917],[142.1853,27.0917],[142.1853,27.0916]]],[[[142.1854,27.0916],[142.1854,27.0916],[142.1854,27.0916],[142.1854,27.0916],[142.1854,27.0916]]],[[[142.1858,27.0912],[142.1858,27.0912],[142.1858,27.0912],[142.1858,27.0912],[142.1858,27.0912]]],[[[142.1858,27.0912],[142.1859,27.0912],[142.1859,27.0913],[142.1858,27.0913],[142.1858,27.0912]]],[[[142.1856,27.0915],[142.1856,27.0915],[142.1856,27.0915],[142.1856,27.0915],[142.1856,27.0915]]],[[[142.1857,27.0913],[142.1857,27.0913],[142.1857,27.0914],[142.1857,27.0914],[142.1857,27.0913]]],[[[142.1852,27.1045],[142.1852,27.1045],[142.1852,27.1046],[142.1852,27.1046],[142.1852,27.1045]]],[[[142.1853,27.1047],[142.1853,27.1047],[142.1853,27.1048],[142.1853,27.1048],[142.1853,27.1047]]],[[[142.1854,27.1047],[142.1855,27.1047],[142.1855,27.1048],[142.1854,27.1048],[142.1854,27.1047]]],[[[142.1885,27.105],[142.1885,27.105],[142.1885,27.105],[142.1885,27.105],[142.1885,27.105]]],[[[142.1887,27.105],[142.1887,27.105],[142.1887,27.1051],[142.1887,27.1051],[142.1887,27.105]]],[[[142.193,27.0894],[142.1931,27.0894],[142.1931,27.0894],[142.193,27.0894],[142.193,27.0894]]],[[[142.1931,27.0893],[142.1931,27.0893],[142.1931,27.0894],[142.1931,27.0894],[142.1931,27.0893]]],[[[142.1892,27.0886],[142.1892,27.0886],[142.1892,27.0886],[142.1892,27.0886],[142.1892,27.0886]]],[[[142.1893,27.0887],[142.1893,27.0887],[142.1893,27.0887],[142.1893,27.0887],[142.1893,27.0887]]],[[[142.1895,27.0887],[142.1895,27.0887],[142.1895,27.0888],[142.1895,27.0888],[142.1895,27.0887]]],[[[142.1897,27.0889],[142.1898,27.0889],[142.1898,27.0889],[142.1897,27.0889],[142.1897,27.0889]]],[[[142.1914,27.0888],[142.1914,27.0888],[142.1914,27.0888],[142.1914,27.0888],[142.1914,27.0888]]],[[[142.1914,27.0889],[142.1915,27.0889],[142.1915,27.0889],[142.1914,27.0889],[142.1914,27.0889]]],[[[142.1916,27.089],[142.1916,27.089],[142.1916,27.089],[142.1916,27.089],[142.1916,27.089]]],[[[142.193,27.0888],[142.1931,27.0888],[142.1931,27.0889],[142.193,27.0889],[142.193,27.0888]]],[[[142.1931,27.089],[142.1932,27.089],[142.1932,27.089],[142.1931,27.089],[142.1931,27.089]]],[[[142.1932,27.0889],[142.1933,27.0889],[142.1933,27.089],[142.1932,27.089],[142.1932,27.0889]]],[[[142.1932,27.0891],[142.1933,27.0891],[142.1933,27.0891],[142.1932,27.0891],[142.1932,27.0891]]],[[[142.1931,27.0898],[142.1931,27.0898],[142.1931,27.0898],[142.1931,27.0898],[142.1931,27.0898]]],[[[142.1931,27.0899],[142.1932,27.0899],[142.1932,27.0899],[142.1931,27.0899],[142.1931,27.0899]]],[[[142.2019,27.0867],[142.2019,27.0867],[142.2019,27.0868],[142.2019,27.0868],[142.2019,27.0867]]],[[[142.2019,27.0879],[142.2019,27.0879],[142.2019,27.0879],[142.2019,27.0879],[142.2019,27.0879]]],[[[142.202,27.0878],[142.2021,27.0878],[142.2021,27.0879],[142.202,27.0879],[142.202,27.0878]]],[[[142.2021,27.0881],[142.2022,27.0881],[142.2022,27.0882],[142.2021,27.0882],[142.2021,27.0881]]],[[[142.203,27.0858],[142.203,27.0858],[142.203,27.0859],[142.203,27.0859],[142.203,27.0858]]],[[[142.2027,27.086],[142.2029,27.086],[142.2029,27.0861],[142.2027,27.0861],[142.2027,27.086]]],[[[142.203,27.0859],[142.2031,27.0859],[142.2031,27.086],[142.203,27.086],[142.203,27.0859]]],[[[142.203,27.0868],[142.2032,27.0868],[142.2032,27.0868],[142.203,27.0868],[142.203,27.0868]]],[[[142.2039,27.0847],[142.204,27.0847],[142.204,27.0848],[142.2039,27.0848],[142.2039,27.0847]]],[[[142.2038,27.0856],[142.2039,27.0856],[142.2039,27.0856],[142.2038,27.0856],[142.2038,27.0856]]],[[[142.2036,27.0858],[142.2036,27.0858],[142.2036,27.0859],[142.2036,27.0859],[142.2036,27.0858]]],[[[142.2037,27.0859],[142.2037,27.0859],[142.2037,27.0859],[142.2037,27.0859],[142.2037,27.0859]]],[[[142.2046,27.0853],[142.2046,27.0853],[142.2046,27.0854],[142.2046,27.0854],[142.2046,27.0853]]],[[[142.2049,27.0851],[142.2051,27.0851],[142.2051,27.0852],[142.2049,27.0852],[142.2049,27.0851]]],[[[142.2049,27.0853],[142.2049,27.0853],[142.2049,27.0854],[142.2049,27.0854],[142.2049,27.0853]]],[[[142.205,27.0853],[142.205,27.0853],[142.205,27.0853],[142.205,27.0853],[142.205,27.0853]]],[[[142.2053,27.0854],[142.2053,27.0854],[142.2053,27.0854],[142.2053,27.0854],[142.2053,27.0854]]],[[[142.2032,27.0868],[142.2033,27.0868],[142.2033,27.0868],[142.2032,27.0868],[142.2032,27.0868]]],[[[142.204,27.0867],[142.204,27.0867],[142.204,27.0867],[142.204,27.0867],[142.204,27.0867]]],[[[142.2031,27.0893],[142.2032,27.0893],[142.2032,27.0894],[142.2031,27.0894],[142.2031,27.0893]]],[[[142.2034,27.0897],[142.2035,27.0897],[142.2035,27.0898],[142.2034,27.0898],[142.2034,27.0897]]],[[[142.2035,27.0901],[142.2036,27.0901],[142.2036,27.0902],[142.2035,27.0902],[142.2035,27.0901]]],[[[142.2235,27.0917],[142.2235,27.0917],[142.2235,27.0918],[142.2235,27.0918],[142.2235,27.0917]]],[[[142.2235,27.0917],[142.2237,27.0917],[142.2237,27.0919],[142.2235,27.0919],[142.2235,27.0917]]],[[[142.2054,27.0854],[142.2054,27.0854],[142.2054,27.0855],[142.2054,27.0855],[142.2054,27.0854]]],[[[142.2055,27.0855],[142.2056,27.0855],[142.2056,27.0856],[142.2055,27.0856],[142.2055,27.0855]]],[[[142.2232,27.0917],[142.2232,27.0917],[142.2232,27.0917],[142.2232,27.0917],[142.2232,27.0917]]],[[[142.2228,27.0921],[142.2228,27.0921],[142.2228,27.0921],[142.2228,27.0921],[142.2228,27.0921]]],[[[142.2228,27.0924],[142.2229,27.0924],[142.2229,27.0925],[142.2228,27.0925],[142.2228,27.0924]]],[[[142.2229,27.0925],[142.223,27.0925],[142.223,27.0925],[142.2229,27.0925],[142.2229,27.0925]]],[[[142.223,27.0926],[142.223,27.0926],[142.223,27.0927],[142.223,27.0927],[142.223,27.0926]]],[[[142.2232,27.0919],[142.2232,27.0919],[142.2232,27.0919],[142.2232,27.0919],[142.2232,27.0919]]],[[[142.2231,27.0919],[142.2233,27.0919],[142.2233,27.0921],[142.2231,27.0921],[142.2231,27.0919]]],[[[142.2234,27.092],[142.2235,27.092],[142.2235,27.092],[142.2234,27.092],[142.2234,27.092]]],[[[142.223,27.0931],[142.2231,27.0931],[142.2231,27.0932],[142.223,27.0932],[142.223,27.0931]]],[[[142.223,27.0932],[142.2231,27.0932],[142.2231,27.0933],[142.223,27.0933],[142.223,27.0932]]],[[[142.2065,27.1037],[142.2069,27.1037],[142.2069,27.1039],[142.2065,27.1039],[142.2065,27.1037]]],[[[142.2068,27.1038],[142.2069,27.1038],[142.2069,27.1039],[142.2068,27.1039],[142.2068,27.1038]]],[[[142.2142,27.1009],[142.2146,27.1009],[142.2146,27.1012],[142.2142,27.1012],[142.2142,27.1009]]],[[[142.2145,27.1011],[142.2145,27.1011],[142.2145,27.1011],[142.2145,27.1011],[142.2145,27.1011]]],[[[142.2066,27.1035],[142.2067,27.1035],[142.2067,27.1036],[142.2066,27.1036],[142.2066,27.1035]]],[[[142.2076,27.1032],[142.2078,27.1032],[142.2078,27.1034],[142.2076,27.1034],[142.2076,27.1032]]],[[[142.214,27.1013],[142.2141,27.1013],[142.2141,27.1013],[142.214,27.1013],[142.214,27.1013]]],[[[142.2138,27.1015],[142.2139,27.1015],[142.2139,27.1015],[142.2138,27.1015],[142.2138,27.1015]]],[[[142.2146,27.1007],[142.2148,27.1007],[142.2148,27.1009],[142.2146,27.1009],[142.2146,27.1007]]],[[[142.2152,27.1004],[142.2153,27.1004],[142.2153,27.1004],[142.2152,27.1004],[142.2152,27.1004]]],[[[142.2155,27.1002],[142.2156,27.1002],[142.2156,27.1002],[142.2155,27.1002],[142.2155,27.1002]]],[[[142.2165,27.1006],[142.2166,27.1006],[142.2166,27.1006],[142.2165,27.1006],[142.2165,27.1006]]],[[[142.2167,27.1005],[142.2168,27.1005],[142.2168,27.1007],[142.2167,27.1007],[142.2167,27.1005]]],[[[142.2176,27.0994],[142.2176,27.0994],[142.2176,27.0994],[142.2176,27.0994],[142.2176,27.0994]]],[[[142.2176,27.1009],[142.2176,27.1009],[142.2176,27.101],[142.2176,27.101],[142.2176,27.1009]]],[[[142.2176,27.1014],[142.2177,27.1014],[142.2177,27.1015],[142.2176,27.1015],[142.2176,27.1014]]],[[[142.2109,27.1034],[142.2112,27.1034],[142.2112,27.1035],[142.2109,27.1035],[142.2109,27.1034]]],[[[142.1458,26.6912],[142.1458,26.6912],[142.1458,26.6913],[142.1458,26.6913],[142.1458,26.6912]]],[[[142.1469,26.6889],[142.147,26.6889],[142.147,26.689],[142.1469,26.689],[142.1469,26.6889]]],[[[142.1469,26.6891],[142.1469,26.6891],[142.1469,26.6892],[142.1469,26.6892],[142.1469,26.6891]]],[[[142.147,26.6889],[142.147,26.6889],[142.147,26.6889],[142.147,26.6889],[142.147,26.6889]]],[[[142.147,26.6889],[142.1475,26.6889],[142.1475,26.6892],[142.147,26.6892],[142.147,26.6889]]],[[[142.1469,26.6897],[142.147,26.6897],[142.147,26.6898],[142.1469,26.6898],[142.1469,26.6897]]],[[[142.1468,26.69],[142.1468,26.69],[142.1468,26.69],[142.1468,26.69],[142.1468,26.69]]],[[[142.1469,26.69],[142.1469,26.69],[142.1469,26.69],[142.1469,26.69],[142.1469,26.69]]],[[[142.1469,26.69],[142.1469,26.69],[142.1469,26.69],[142.1469,26.69],[142.1469,26.69]]],[[[142.1468,26.6901],[142.1469,26.6901],[142.1469,26.6902],[142.1468,26.6902],[142.1468,26.6901]]],[[[142.1471,26.6897],[142.1472,26.6897],[142.1472,26.6898],[142.1471,26.6898],[142.1471,26.6897]]],[[[142.1472,26.6898],[142.1473,26.6898],[142.1473,26.6899],[142.1472,26.6899],[142.1472,26.6898]]],[[[142.1474,26.6898],[142.1474,26.6898],[142.1474,26.6899],[142.1474,26.6899],[142.1474,26.6898]]],[[[142.147,26.6899],[142.1471,26.6899],[142.1471,26.6901],[142.147,26.6901],[142.147,26.6899]]],[[[142.1471,26.69],[142.1472,26.69],[142.1472,26.69],[142.1471,26.69],[142.1471,26.69]]],[[[142.1472,26.6901],[142.1473,26.6901],[142.1473,26.6901],[142.1472,26.6901],[142.1472,26.6901]]],[[[142.1472,26.6903],[142.1473,26.6903],[142.1473,26.6903],[142.1472,26.6903],[142.1472,26.6903]]],[[[142.1475,26.6899],[142.1476,26.6899],[142.1476,26.69],[142.1475,26.69],[142.1475,26.6899]]],[[[142.1475,26.6901],[142.1476,26.6901],[142.1476,26.6902],[142.1475,26.6902],[142.1475,26.6901]]],[[[142.1814,26.6174],[142.1815,26.6174],[142.1815,26.6176],[142.1814,26.6176],[142.1814,26.6174]]],[[[142.1815,26.6174],[142.1816,26.6174],[142.1816,26.6175],[142.1815,26.6175],[142.1815,26.6174]]],[[[142.1816,26.6178],[142.1817,26.6178],[142.1817,26.6179],[142.1816,26.6179],[142.1816,26.6178]]],[[[142.1816,26.6178],[142.1818,26.6178],[142.1818,26.6178],[142.1816,26.6178],[142.1816,26.6178]]],[[[142.1814,26.6162],[142.1816,26.6162],[142.1816,26.6164],[142.1814,26.6164],[142.1814,26.6162]]],[[[142.1814,26.6165],[142.1815,26.6165],[142.1815,26.6166],[142.1814,26.6166],[142.1814,26.6165]]],[[[142.1817,26.6166],[142.1817,26.6166],[142.1817,26.6166],[142.1817,26.6166],[142.1817,26.6166]]],[[[142.1812,26.617],[142.1814,26.617],[142.1814,26.6174],[142.1812,26.6174],[142.1812,26.617]]],[[[142.1817,26.6185],[142.1818,26.6185],[142.1818,26.6187],[142.1817,26.6187],[142.1817,26.6185]]],[[[142.1819,26.6187],[142.182,26.6187],[142.182,26.6188],[142.1819,26.6188],[142.1819,26.6187]]],[[[142.182,26.619],[142.1821,26.619],[142.1821,26.619],[142.182,26.619],[142.182,26.619]]],[[[142.1817,26.6196],[142.1817,26.6196],[142.1817,26.6197],[142.1817,26.6197],[142.1817,26.6196]]],[[[142.1817,26.6198],[142.1818,26.6198],[142.1818,26.6199],[142.1817,26.6199],[142.1817,26.6198]]],[[[142.1818,26.6197],[142.1819,26.6197],[142.1819,26.6198],[142.1818,26.6198],[142.1818,26.6197]]],[[[142.182,26.6196],[142.1821,26.6196],[142.1821,26.6198],[142.182,26.6198],[142.182,26.6196]]],[[[142.1819,26.621],[142.182,26.621],[142.182,26.6212],[142.1819,26.6212],[142.1819,26.621]]],[[[142.1824,26.6201],[142.1826,26.6201],[142.1826,26.6202],[142.1824,26.6202],[142.1824,26.6201]]],[[[142.1826,26.6205],[142.1828,26.6205],[142.1828,26.6206],[142.1826,26.6206],[142.1826,26.6205]]],[[[142.1818,26.6211],[142.1818,26.6211],[142.1818,26.6212],[142.1818,26.6212],[142.1818,26.6211]]],[[[142.1448,26.6473],[142.145,26.6473],[142.145,26.6474],[142.1448,26.6474],[142.1448,26.6473]]],[[[142.149,26.6481],[142.1492,26.6481],[142.1492,26.6482],[142.149,26.6482],[142.149,26.6481]]],[[[142.1496,26.6477],[142.1497,26.6477],[142.1497,26.6478],[142.1496,26.6478],[142.1496,26.6477]]],[[[142.1497,26.6478],[142.1497,26.6478],[142.1497,26.6479],[142.1497,26.6479],[142.1497,26.6478]]],[[[142.1498,26.6481],[142.1498,26.6481],[142.1498,26.6482],[142.1498,26.6482],[142.1498,26.6481]]],[[[142.1499,26.6482],[142.15,26.6482],[142.15,26.6483],[142.1499,26.6483],[142.1499,26.6482]]],[[[142.1506,26.6472],[142.1509,26.6472],[142.1509,26.6475],[142.1506,26.6475],[142.1506,26.6472]]],[[[142.1505,26.6477],[142.1505,26.6477],[142.1505,26.6478],[142.1505,26.6478],[142.1505,26.6477]]],[[[142.1504,26.6478],[142.1504,26.6478],[142.1504,26.6479],[142.1504,26.6479],[142.1504,26.6478]]],[[[142.1504,26.6479],[142.1504,26.6479],[142.1504,26.6479],[142.1504,26.6479],[142.1504,26.6479]]],[[[142.1506,26.6478],[142.1507,26.6478],[142.1507,26.6478],[142.1506,26.6478],[142.1506,26.6478]]],[[[142.1507,26.6475],[142.1508,26.6475],[142.1508,26.6476],[142.1507,26.6476],[142.1507,26.6475]]],[[[142.1507,26.6477],[142.1507,26.6477],[142.1507,26.6478],[142.1507,26.6478],[142.1507,26.6477]]],[[[142.1506,26.6479],[142.1507,26.6479],[142.1507,26.6479],[142.1506,26.6479],[142.1506,26.6479]]],[[[142.1508,26.6477],[142.1509,26.6477],[142.1509,26.6478],[142.1508,26.6478],[142.1508,26.6477]]],[[[142.1509,26.6477],[142.151,26.6477],[142.151,26.6478],[142.1509,26.6478],[142.1509,26.6477]]],[[[142.1521,26.6475],[142.1522,26.6475],[142.1522,26.6476],[142.1521,26.6476],[142.1521,26.6475]]],[[[142.1806,26.6309],[142.1807,26.6309],[142.1807,26.631],[142.1806,26.631],[142.1806,26.6309]]],[[[142.1807,26.6307],[142.1808,26.6307],[142.1808,26.631],[142.1807,26.631],[142.1807,26.6307]]],[[[142.1726,26.6271],[142.1728,26.6271],[142.1728,26.6273],[142.1726,26.6273],[142.1726,26.6271]]],[[[142.1727,26.6276],[142.1728,26.6276],[142.1728,26.6277],[142.1727,26.6277],[142.1727,26.6276]]],[[[142.1719,26.6282],[142.172,26.6282],[142.172,26.6283],[142.1719,26.6283],[142.1719,26.6282]]],[[[142.1727,26.6279],[142.1728,26.6279],[142.1728,26.628],[142.1727,26.628],[142.1727,26.6279]]],[[[142.1727,26.6362],[142.1728,26.6362],[142.1728,26.6363],[142.1727,26.6363],[142.1727,26.6362]]],[[[142.1728,26.6363],[142.1729,26.6363],[142.1729,26.6364],[142.1728,26.6364],[142.1728,26.6363]]],[[[142.1742,26.6353],[142.1743,26.6353],[142.1743,26.6354],[142.1742,26.6354],[142.1742,26.6353]]],[[[142.1742,26.6358],[142.1742,26.6358],[142.1742,26.6358],[142.1742,26.6358],[142.1742,26.6358]]],[[[142.1808,26.6262],[142.181,26.6262],[142.181,26.6264],[142.1808,26.6264],[142.1808,26.6262]]],[[[142.1805,26.6271],[142.1807,26.6271],[142.1807,26.6273],[142.1805,26.6273],[142.1805,26.6271]]],[[[142.1803,26.6293],[142.1804,26.6293],[142.1804,26.6294],[142.1803,26.6294],[142.1803,26.6293]]],[[[142.1805,26.6292],[142.1806,26.6292],[142.1806,26.6294],[142.1805,26.6294],[142.1805,26.6292]]],[[[142.1804,26.6295],[142.1805,26.6295],[142.1805,26.6295],[142.1804,26.6295],[142.1804,26.6295]]],[[[142.1802,26.63],[142.1802,26.63],[142.1802,26.63],[142.1802,26.63],[142.1802,26.63]]],[[[142.1802,26.63],[142.1804,26.63],[142.1804,26.6301],[142.1802,26.6301],[142.1802,26.63]]],[[[142.1806,26.6307],[142.1807,26.6307],[142.1807,26.6308],[142.1806,26.6308],[142.1806,26.6307]]],[[[142.1807,26.6304],[142.1809,26.6304],[142.1809,26.6306],[142.1807,26.6306],[142.1807,26.6304]]],[[[142.1799,26.6316],[142.18,26.6316],[142.18,26.6317],[142.1799,26.6317],[142.1799,26.6316]]],[[[142.1734,26.6379],[142.1736,26.6379],[142.1736,26.6381],[142.1734,26.6381],[142.1734,26.6379]]],[[[142.1736,26.638],[142.1737,26.638],[142.1737,26.6381],[142.1736,26.6381],[142.1736,26.638]]],[[[142.1727,26.6364],[142.1728,26.6364],[142.1728,26.6365],[142.1727,26.6365],[142.1727,26.6364]]],[[[142.1726,26.6365],[142.1727,26.6365],[142.1727,26.6365],[142.1726,26.6365],[142.1726,26.6365]]],[[[142.1727,26.6365],[142.1728,26.6365],[142.1728,26.6366],[142.1727,26.6366],[142.1727,26.6365]]],[[[142.1728,26.6365],[142.1729,26.6365],[142.1729,26.6365],[142.1728,26.6365],[142.1728,26.6365]]],[[[142.1728,26.6367],[142.1729,26.6367],[142.1729,26.6367],[142.1728,26.6367],[142.1728,26.6367]]],[[[142.1729,26.6367],[142.173,26.6367],[142.173,26.6368],[142.1729,26.6368],[142.1729,26.6367]]],[[[142.173,26.6369],[142.173,26.6369],[142.173,26.637],[142.173,26.637],[142.173,26.6369]]],[[[142.1731,26.6375],[142.1731,26.6375],[142.1731,26.6375],[142.1731,26.6375],[142.1731,26.6375]]],[[[142.173,26.6376],[142.1731,26.6376],[142.1731,26.6376],[142.173,26.6376],[142.173,26.6376]]],[[[142.1731,26.6373],[142.1731,26.6373],[142.1731,26.6374],[142.1731,26.6374],[142.1731,26.6373]]],[[[142.1731,26.6375],[142.1732,26.6375],[142.1732,26.6375],[142.1731,26.6375],[142.1731,26.6375]]],[[[142.1731,26.6376],[142.1732,26.6376],[142.1732,26.6376],[142.1731,26.6376],[142.1731,26.6376]]],[[[142.1732,26.6377],[142.1732,26.6377],[142.1732,26.6377],[142.1732,26.6377],[142.1732,26.6377]]],[[[142.1733,26.638],[142.1734,26.638],[142.1734,26.6381],[142.1733,26.6381],[142.1733,26.638]]],[[[142.1736,26.6379],[142.1737,26.6379],[142.1737,26.6379],[142.1736,26.6379],[142.1736,26.6379]]],[[[142.1737,26.6379],[142.1738,26.6379],[142.1738,26.6379],[142.1737,26.6379],[142.1737,26.6379]]],[[[142.1738,26.6379],[142.1738,26.6379],[142.1738,26.638],[142.1738,26.638],[142.1738,26.6379]]],[[[142.1732,26.6397],[142.1732,26.6397],[142.1732,26.6398],[142.1732,26.6398],[142.1732,26.6397]]],[[[142.1718,26.6419],[142.172,26.6419],[142.172,26.642],[142.1718,26.642],[142.1718,26.6419]]],[[[142.172,26.642],[142.1721,26.642],[142.1721,26.6421],[142.172,26.6421],[142.172,26.642]]],[[[142.1715,26.6424],[142.1716,26.6424],[142.1716,26.6424],[142.1715,26.6424],[142.1715,26.6424]]],[[[142.1717,26.6422],[142.1717,26.6422],[142.1717,26.6422],[142.1717,26.6422],[142.1717,26.6422]]],[[[142.1716,26.6423],[142.1717,26.6423],[142.1717,26.6423],[142.1716,26.6423],[142.1716,26.6423]]],[[[142.1718,26.6427],[142.1718,26.6427],[142.1718,26.6427],[142.1718,26.6427],[142.1718,26.6427]]],[[[142.1717,26.6429],[142.1718,26.6429],[142.1718,26.643],[142.1717,26.643],[142.1717,26.6429]]],[[[142.1714,26.6431],[142.1715,26.6431],[142.1715,26.6431],[142.1714,26.6431],[142.1714,26.6431]]],[[[142.1715,26.6433],[142.1715,26.6433],[142.1715,26.6434],[142.1715,26.6434],[142.1715,26.6433]]],[[[142.1716,26.6435],[142.1716,26.6435],[142.1716,26.6435],[142.1716,26.6435],[142.1716,26.6435]]],[[[142.1718,26.6434],[142.1718,26.6434],[142.1718,26.6435],[142.1718,26.6435],[142.1718,26.6434]]],[[[142.1724,26.6412],[142.1725,26.6412],[142.1725,26.6412],[142.1724,26.6412],[142.1724,26.6412]]],[[[142.1724,26.6414],[142.1725,26.6414],[142.1725,26.6414],[142.1724,26.6414],[142.1724,26.6414]]],[[[142.1724,26.6414],[142.1725,26.6414],[142.1725,26.6415],[142.1724,26.6415],[142.1724,26.6414]]],[[[142.1724,26.6415],[142.1725,26.6415],[142.1725,26.6416],[142.1724,26.6416],[142.1724,26.6415]]],[[[142.1723,26.6416],[142.1724,26.6416],[142.1724,26.6416],[142.1723,26.6416],[142.1723,26.6416]]],[[[142.1725,26.6435],[142.1726,26.6435],[142.1726,26.6435],[142.1725,26.6435],[142.1725,26.6435]]],[[[142.1719,26.6436],[142.1719,26.6436],[142.1719,26.6436],[142.1719,26.6436],[142.1719,26.6436]]],[[[142.1719,26.6436],[142.172,26.6436],[142.172,26.6436],[142.1719,26.6436],[142.1719,26.6436]]],[[[142.1723,26.6435],[142.1724,26.6435],[142.1724,26.6436],[142.1723,26.6436],[142.1723,26.6435]]],[[[142.1743,26.649],[142.1743,26.649],[142.1743,26.649],[142.1743,26.649],[142.1743,26.649]]],[[[142.1745,26.6489],[142.1746,26.6489],[142.1746,26.649],[142.1745,26.649],[142.1745,26.6489]]],[[[142.1745,26.6491],[142.1746,26.6491],[142.1746,26.6491],[142.1745,26.6491],[142.1745,26.6491]]],[[[142.1747,26.6492],[142.1748,26.6492],[142.1748,26.6493],[142.1747,26.6493],[142.1747,26.6492]]],[[[142.1747,26.6493],[142.1747,26.6493],[142.1747,26.6494],[142.1747,26.6494],[142.1747,26.6493]]],[[[142.1746,26.6498],[142.1746,26.6498],[142.1746,26.6498],[142.1746,26.6498],[142.1746,26.6498]]],[[[142.1743,26.6501],[142.1744,26.6501],[142.1744,26.6502],[142.1743,26.6502],[142.1743,26.6501]]],[[[142.1744,26.6501],[142.1745,26.6501],[142.1745,26.6502],[142.1744,26.6502],[142.1744,26.6501]]],[[[142.1746,26.6499],[142.1746,26.6499],[142.1746,26.65],[142.1746,26.65],[142.1746,26.6499]]],[[[142.1741,26.6505],[142.1741,26.6505],[142.1741,26.6506],[142.1741,26.6506],[142.1741,26.6505]]],[[[142.1743,26.6504],[142.1743,26.6504],[142.1743,26.6504],[142.1743,26.6504],[142.1743,26.6504]]],[[[142.1741,26.6506],[142.1742,26.6506],[142.1742,26.6507],[142.1741,26.6507],[142.1741,26.6506]]],[[[142.1746,26.6509],[142.1747,26.6509],[142.1747,26.651],[142.1746,26.651],[142.1746,26.6509]]],[[[142.1746,26.651],[142.1747,26.651],[142.1747,26.6511],[142.1746,26.6511],[142.1746,26.651]]],[[[142.1747,26.6509],[142.1748,26.6509],[142.1748,26.6509],[142.1747,26.6509],[142.1747,26.6509]]],[[[142.1742,26.6514],[142.1742,26.6514],[142.1742,26.6515],[142.1742,26.6515],[142.1742,26.6514]]],[[[142.1741,26.6515],[142.1742,26.6515],[142.1742,26.6515],[142.1741,26.6515],[142.1741,26.6515]]],[[[142.174,26.6522],[142.1741,26.6522],[142.1741,26.6523],[142.174,26.6523],[142.174,26.6522]]],[[[142.1743,26.6531],[142.1743,26.6531],[142.1743,26.6531],[142.1743,26.6531],[142.1743,26.6531]]],[[[142.1745,26.6532],[142.1746,26.6532],[142.1746,26.6533],[142.1745,26.6533],[142.1745,26.6532]]],[[[142.1743,26.6534],[142.1744,26.6534],[142.1744,26.6534],[142.1743,26.6534],[142.1743,26.6534]]],[[[142.1744,26.6535],[142.1744,26.6535],[142.1744,26.6536],[142.1744,26.6536],[142.1744,26.6535]]],[[[142.1744,26.6534],[142.1745,26.6534],[142.1745,26.6535],[142.1744,26.6535],[142.1744,26.6534]]],[[[142.1744,26.6536],[142.1744,26.6536],[142.1744,26.6537],[142.1744,26.6537],[142.1744,26.6536]]],[[[142.1754,26.6547],[142.1754,26.6547],[142.1754,26.6548],[142.1754,26.6548],[142.1754,26.6547]]],[[[142.1755,26.6547],[142.1755,26.6547],[142.1755,26.6547],[142.1755,26.6547],[142.1755,26.6547]]],[[[142.1757,26.6548],[142.1757,26.6548],[142.1757,26.6548],[142.1757,26.6548],[142.1757,26.6548]]],[[[142.1757,26.6548],[142.1757,26.6548],[142.1757,26.6549],[142.1757,26.6549],[142.1757,26.6548]]],[[[142.1758,26.6548],[142.1758,26.6548],[142.1758,26.6549],[142.1758,26.6549],[142.1758,26.6548]]],[[[142.1766,26.6545],[142.1766,26.6545],[142.1766,26.6546],[142.1766,26.6546],[142.1766,26.6545]]],[[[142.1766,26.6547],[142.1766,26.6547],[142.1766,26.6547],[142.1766,26.6547],[142.1766,26.6547]]],[[[142.1768,26.6545],[142.1768,26.6545],[142.1768,26.6545],[142.1768,26.6545],[142.1768,26.6545]]],[[[142.1769,26.6543],[142.177,26.6543],[142.177,26.6544],[142.1769,26.6544],[142.1769,26.6543]]],[[[142.1769,26.6545],[142.1769,26.6545],[142.1769,26.6545],[142.1769,26.6545],[142.1769,26.6545]]],[[[142.1772,26.6546],[142.1772,26.6546],[142.1772,26.6546],[142.1772,26.6546],[142.1772,26.6546]]],[[[142.1772,26.6546],[142.1773,26.6546],[142.1773,26.6547],[142.1772,26.6547],[142.1772,26.6546]]],[[[142.1769,26.6557],[142.1769,26.6557],[142.1769,26.6558],[142.1769,26.6558],[142.1769,26.6557]]],[[[142.1768,26.656],[142.1769,26.656],[142.1769,26.6561],[142.1768,26.6561],[142.1768,26.656]]],[[[142.177,26.6559],[142.177,26.6559],[142.177,26.656],[142.177,26.656],[142.177,26.6559]]],[[[142.1772,26.6559],[142.1773,26.6559],[142.1773,26.656],[142.1772,26.656],[142.1772,26.6559]]],[[[142.1773,26.6542],[142.1773,26.6542],[142.1773,26.6543],[142.1773,26.6543],[142.1773,26.6542]]],[[[142.1776,26.6545],[142.1777,26.6545],[142.1777,26.6546],[142.1776,26.6546],[142.1776,26.6545]]],[[[142.1777,26.6546],[142.1777,26.6546],[142.1777,26.6547],[142.1777,26.6547],[142.1777,26.6546]]],[[[142.1774,26.6558],[142.1775,26.6558],[142.1775,26.6559],[142.1774,26.6559],[142.1774,26.6558]]],[[[142.1776,26.6558],[142.1777,26.6558],[142.1777,26.6559],[142.1776,26.6559],[142.1776,26.6558]]],[[[142.1777,26.6559],[142.1778,26.6559],[142.1778,26.656],[142.1777,26.656],[142.1777,26.6559]]],[[[142.178,26.6547],[142.178,26.6547],[142.178,26.6548],[142.178,26.6548],[142.178,26.6547]]],[[[142.1786,26.6543],[142.1786,26.6543],[142.1786,26.6543],[142.1786,26.6543],[142.1786,26.6543]]],[[[142.1786,26.6544],[142.1786,26.6544],[142.1786,26.6544],[142.1786,26.6544],[142.1786,26.6544]]],[[[142.1777,26.656],[142.1777,26.656],[142.1777,26.6561],[142.1777,26.6561],[142.1777,26.656]]],[[[142.1782,26.6557],[142.1782,26.6557],[142.1782,26.6558],[142.1782,26.6558],[142.1782,26.6557]]],[[[142.1782,26.6557],[142.1782,26.6557],[142.1782,26.6557],[142.1782,26.6557],[142.1782,26.6557]]],[[[142.1784,26.6557],[142.1784,26.6557],[142.1784,26.6557],[142.1784,26.6557],[142.1784,26.6557]]],[[[142.1786,26.6555],[142.1787,26.6555],[142.1787,26.6555],[142.1786,26.6555],[142.1786,26.6555]]],[[[142.1786,26.6555],[142.1787,26.6555],[142.1787,26.6556],[142.1786,26.6556],[142.1786,26.6555]]],[[[142.1795,26.6557],[142.1796,26.6557],[142.1796,26.6558],[142.1795,26.6558],[142.1795,26.6557]]],[[[142.1796,26.6558],[142.1796,26.6558],[142.1796,26.6558],[142.1796,26.6558],[142.1796,26.6558]]],[[[142.181,26.6531],[142.1811,26.6531],[142.1811,26.6533],[142.181,26.6533],[142.181,26.6531]]],[[[142.1799,26.656],[142.1799,26.656],[142.1799,26.6561],[142.1799,26.6561],[142.1799,26.656]]],[[[142.18,26.656],[142.1801,26.656],[142.1801,26.6561],[142.18,26.6561],[142.18,26.656]]],[[[142.1747,26.616],[142.1748,26.616],[142.1748,26.6162],[142.1747,26.6162],[142.1747,26.616]]],[[[142.1751,26.6169],[142.1751,26.6169],[142.1751,26.6169],[142.1751,26.6169],[142.1751,26.6169]]],[[[142.1751,26.6169],[142.1751,26.6169],[142.1751,26.6169],[142.1751,26.6169],[142.1751,26.6169]]],[[[142.176,26.6167],[142.1763,26.6167],[142.1763,26.6169],[142.176,26.6169],[142.176,26.6167]]],[[[142.1762,26.6168],[142.1763,26.6168],[142.1763,26.617],[142.1762,26.617],[142.1762,26.6168]]],[[[142.175,26.616],[142.1749,26.617],[142.1754,26.6169],[142.175,26.616]]],[[[142.1766,26.6093],[142.1767,26.6093],[142.1767,26.6093],[142.1766,26.6093],[142.1766,26.6093]]],[[[142.1748,26.6094],[142.1748,26.6094],[142.1748,26.6094],[142.1748,26.6094],[142.1748,26.6094]]],[[[142.1756,26.6128],[142.1757,26.6128],[142.1757,26.6128],[142.1756,26.6128],[142.1756,26.6128]]],[[[142.1742,26.6162],[142.1743,26.6162],[142.1743,26.6163],[142.1742,26.6163],[142.1742,26.6162]]],[[[142.1765,26.6168],[142.1765,26.6168],[142.1765,26.6169],[142.1765,26.6169],[142.1765,26.6168]]],[[[142.1765,26.6171],[142.1765,26.6171],[142.1765,26.6171],[142.1765,26.6171],[142.1765,26.6171]]],[[[142.1739,26.62],[142.1743,26.62],[142.1743,26.6203],[142.1739,26.6203],[142.1739,26.62]]],[[[142.1751,26.6203],[142.1752,26.6203],[142.1752,26.6204],[142.1751,26.6204],[142.1751,26.6203]]],[[[142.1752,26.6201],[142.1754,26.6201],[142.1754,26.6203],[142.1752,26.6203],[142.1752,26.6201]]],[[[142.177,26.619],[142.1772,26.619],[142.1772,26.6191],[142.177,26.6191],[142.177,26.619]]],[[[142.1758,26.6201],[142.1758,26.6201],[142.1758,26.6202],[142.1758,26.6202],[142.1758,26.6201]]],[[[142.1771,26.6194],[142.1773,26.6194],[142.1773,26.6194],[142.1771,26.6194],[142.1771,26.6194]]],[[[142.1771,26.6198],[142.1771,26.6198],[142.1771,26.6198],[142.1771,26.6198],[142.1771,26.6198]]],[[[142.1805,26.6241],[142.1806,26.6241],[142.1806,26.6241],[142.1805,26.6241],[142.1805,26.6241]]],[[[142.1805,26.6241],[142.1806,26.6241],[142.1806,26.6241],[142.1805,26.6241],[142.1805,26.6241]]],[[[142.1831,26.6215],[142.1833,26.6215],[142.1833,26.6217],[142.1831,26.6217],[142.1831,26.6215]]],[[[142.1832,26.6217],[142.1835,26.6217],[142.1835,26.6224],[142.1832,26.6224],[142.1832,26.6217]]],[[[142.1833,26.6216],[142.1834,26.6216],[142.1834,26.6218],[142.1833,26.6218],[142.1833,26.6216]]],[[[142.1821,26.6233],[142.1822,26.6233],[142.1822,26.6234],[142.1821,26.6234],[142.1821,26.6233]]],[[[142.1821,26.6231],[142.1822,26.6231],[142.1822,26.6233],[142.1821,26.6233],[142.1821,26.6231]]],[[[142.1821,26.6233],[142.1822,26.6233],[142.1822,26.6233],[142.1821,26.6233],[142.1821,26.6233]]],[[[142.1804,26.6243],[142.1804,26.6243],[142.1804,26.6243],[142.1804,26.6243],[142.1804,26.6243]]],[[[142.1815,26.6234],[142.1817,26.6234],[142.1817,26.6239],[142.1815,26.6239],[142.1815,26.6234]]],[[[142.1818,26.6213],[142.1819,26.6213],[142.1819,26.6215],[142.1818,26.6215],[142.1818,26.6213]]],[[[142.1822,26.6216],[142.1825,26.6216],[142.1825,26.622],[142.1822,26.622],[142.1822,26.6216]]],[[[142.182,26.6228],[142.1821,26.6228],[142.1821,26.6229],[142.182,26.6229],[142.182,26.6228]]],[[[142.1824,26.6221],[142.1824,26.6221],[142.1824,26.6222],[142.1824,26.6222],[142.1824,26.6221]]],[[[142.1817,26.6232],[142.1817,26.6232],[142.1817,26.6233],[142.1817,26.6233],[142.1817,26.6232]]],[[[142.1818,26.6232],[142.1818,26.6232],[142.1818,26.6233],[142.1818,26.6233],[142.1818,26.6232]]],[[[142.1818,26.6238],[142.1819,26.6238],[142.1819,26.6239],[142.1818,26.6239],[142.1818,26.6238]]],[[[142.1816,26.624],[142.1817,26.624],[142.1817,26.6243],[142.1816,26.6243],[142.1816,26.624]]],[[[142.1805,26.626],[142.1806,26.626],[142.1806,26.6261],[142.1805,26.6261],[142.1805,26.626]]],[[[142.184,26.6213],[142.1843,26.6232],[142.1848,26.6222],[142.184,26.6213]]],[[[142.1562,26.6299],[142.1563,26.6299],[142.1563,26.63],[142.1562,26.63],[142.1562,26.6299]]],[[[142.1538,26.6356],[142.154,26.6356],[142.154,26.6357],[142.1538,26.6357],[142.1538,26.6356]]],[[[142.1539,26.636],[142.154,26.636],[142.154,26.6361],[142.1539,26.6361],[142.1539,26.636]]],[[[142.1546,26.6354],[142.1547,26.6354],[142.1547,26.6355],[142.1546,26.6355],[142.1546,26.6354]]],[[[142.1562,26.6356],[142.1562,26.6356],[142.1562,26.6356],[142.1562,26.6356],[142.1562,26.6356]]],[[[142.1527,26.6378],[142.1528,26.6378],[142.1528,26.6378],[142.1527,26.6378],[142.1527,26.6378]]],[[[142.1527,26.638],[142.1528,26.638],[142.1528,26.638],[142.1527,26.638],[142.1527,26.638]]],[[[142.1529,26.6377],[142.153,26.6377],[142.153,26.6378],[142.1529,26.6378],[142.1529,26.6377]]],[[[142.1529,26.6379],[142.153,26.6379],[142.153,26.638],[142.1529,26.638],[142.1529,26.6379]]],[[[142.1531,26.6393],[142.1532,26.6393],[142.1532,26.6395],[142.1531,26.6395],[142.1531,26.6393]]],[[[142.1528,26.6416],[142.1529,26.6416],[142.1529,26.6416],[142.1528,26.6416],[142.1528,26.6416]]],[[[142.1529,26.6415],[142.153,26.6415],[142.153,26.6416],[142.1529,26.6416],[142.1529,26.6415]]],[[[142.1529,26.6417],[142.1529,26.6417],[142.1529,26.6417],[142.1529,26.6417],[142.1529,26.6417]]],[[[142.153,26.6416],[142.1532,26.6416],[142.1532,26.6417],[142.153,26.6417],[142.153,26.6416]]],[[[142.153,26.6424],[142.1531,26.6424],[142.1531,26.6424],[142.153,26.6424],[142.153,26.6424]]],[[[142.1527,26.6427],[142.1529,26.6427],[142.1529,26.6428],[142.1527,26.6428],[142.1527,26.6427]]],[[[142.1564,26.6302],[142.1565,26.6302],[142.1565,26.6302],[142.1564,26.6302],[142.1564,26.6302]]],[[[142.1566,26.6301],[142.1567,26.6301],[142.1567,26.6302],[142.1566,26.6302],[142.1566,26.6301]]],[[[142.1566,26.6302],[142.1567,26.6302],[142.1567,26.6303],[142.1566,26.6303],[142.1566,26.6302]]],[[[142.1563,26.6355],[142.1563,26.6355],[142.1563,26.6356],[142.1563,26.6356],[142.1563,26.6355]]],[[[142.1472,26.6502],[142.1473,26.6502],[142.1473,26.6502],[142.1472,26.6502],[142.1472,26.6502]]],[[[142.1473,26.6493],[142.148,26.6493],[142.148,26.6502],[142.1473,26.6502],[142.1473,26.6493]]],[[[142.1464,26.6516],[142.1465,26.6516],[142.1465,26.6518],[142.1464,26.6518],[142.1464,26.6516]]],[[[142.1465,26.6517],[142.1466,26.6517],[142.1466,26.6518],[142.1465,26.6518],[142.1465,26.6517]]],[[[142.1461,26.653],[142.1461,26.653],[142.1461,26.6531],[142.1461,26.6531],[142.1461,26.653]]],[[[142.1462,26.653],[142.1462,26.653],[142.1462,26.6531],[142.1462,26.6531],[142.1462,26.653]]],[[[142.1446,26.6486],[142.145,26.6486],[142.145,26.6489],[142.1446,26.6489],[142.1446,26.6486]]],[[[142.1483,26.6488],[142.1484,26.6488],[142.1484,26.6491],[142.1483,26.6491],[142.1483,26.6488]]],[[[142.1481,26.6499],[142.1482,26.6499],[142.1482,26.6499],[142.1481,26.6499],[142.1481,26.6499]]],[[[142.1466,26.6517],[142.1468,26.6517],[142.1468,26.6518],[142.1466,26.6518],[142.1466,26.6517]]],[[[142.1467,26.6518],[142.1468,26.6518],[142.1468,26.6519],[142.1467,26.6519],[142.1467,26.6518]]],[[[142.1483,26.6515],[142.1484,26.6515],[142.1484,26.6516],[142.1483,26.6516],[142.1483,26.6515]]],[[[142.1462,26.6529],[142.1463,26.6529],[142.1463,26.653],[142.1462,26.653],[142.1462,26.6529]]],[[[142.1489,26.6488],[142.149,26.6488],[142.149,26.6489],[142.1489,26.6489],[142.1489,26.6488]]],[[[142.1492,26.6489],[142.1493,26.6489],[142.1493,26.649],[142.1492,26.649],[142.1492,26.6489]]],[[[142.1491,26.6491],[142.1492,26.6491],[142.1492,26.6492],[142.1491,26.6492],[142.1491,26.6491]]],[[[142.1487,26.6509],[142.1487,26.6509],[142.1487,26.651],[142.1487,26.651],[142.1487,26.6509]]],[[[142.1485,26.6515],[142.1486,26.6515],[142.1486,26.6515],[142.1485,26.6515],[142.1485,26.6515]]],[[[142.1485,26.6516],[142.1485,26.6516],[142.1485,26.6516],[142.1485,26.6516],[142.1485,26.6516]]],[[[142.1509,26.6373],[142.151,26.6373],[142.151,26.6375],[142.1509,26.6375],[142.1509,26.6373]]],[[[142.1509,26.6375],[142.151,26.6375],[142.151,26.6376],[142.1509,26.6376],[142.1509,26.6375]]],[[[142.1521,26.6434],[142.1522,26.6434],[142.1522,26.6435],[142.1521,26.6435],[142.1521,26.6434]]],[[[142.152,26.6435],[142.1522,26.6435],[142.1522,26.6437],[142.152,26.6437],[142.152,26.6435]]],[[[142.1508,26.6359],[142.1508,26.6359],[142.1508,26.6361],[142.1508,26.6361],[142.1508,26.6359]]],[[[142.1512,26.6379],[142.1514,26.6379],[142.1514,26.638],[142.1512,26.638],[142.1512,26.6379]]],[[[142.1508,26.6397],[142.1509,26.6397],[142.1509,26.6398],[142.1508,26.6398],[142.1508,26.6397]]],[[[142.152,26.6399],[142.1522,26.6399],[142.1522,26.64],[142.152,26.64],[142.152,26.6399]]],[[[142.1524,26.6372],[142.1525,26.6372],[142.1525,26.6374],[142.1524,26.6374],[142.1524,26.6372]]],[[[142.1524,26.6375],[142.1525,26.6375],[142.1525,26.6376],[142.1524,26.6376],[142.1524,26.6375]]],[[[142.1525,26.6375],[142.1527,26.6375],[142.1527,26.6378],[142.1525,26.6378],[142.1525,26.6375]]],[[[142.1448,26.6472],[142.1449,26.6472],[142.1449,26.6473],[142.1448,26.6473],[142.1448,26.6472]]],[[[142.1523,26.643],[142.1524,26.643],[142.1524,26.643],[142.1523,26.643],[142.1523,26.643]]],[[[142.1523,26.6432],[142.1523,26.6432],[142.1523,26.6433],[142.1523,26.6433],[142.1523,26.6432]]],[[[142.1522,26.6433],[142.1523,26.6433],[142.1523,26.6434],[142.1522,26.6434],[142.1522,26.6433]]],[[[142.1526,26.6411],[142.1527,26.6411],[142.1527,26.6412],[142.1526,26.6412],[142.1526,26.6411]]],[[[142.1527,26.6413],[142.1527,26.6413],[142.1527,26.6413],[142.1527,26.6413],[142.1527,26.6413]]],[[[142.1523,26.643],[142.1524,26.643],[142.1524,26.6431],[142.1523,26.6431],[142.1523,26.643]]],[[[142.1526,26.6428],[142.1526,26.6428],[142.1526,26.6429],[142.1526,26.6429],[142.1526,26.6428]]],[[[142.172,26.6437],[142.1721,26.6437],[142.1721,26.6437],[142.172,26.6437],[142.172,26.6437]]],[[[142.1722,26.6436],[142.1722,26.6436],[142.1722,26.6437],[142.1722,26.6437],[142.1722,26.6436]]],[[[142.1721,26.6437],[142.1721,26.6437],[142.1721,26.6437],[142.1721,26.6437],[142.1721,26.6437]]],[[[142.1722,26.6438],[142.1722,26.6438],[142.1722,26.6438],[142.1722,26.6438],[142.1722,26.6438]]],[[[142.1728,26.6437],[142.1728,26.6437],[142.1728,26.6438],[142.1728,26.6438],[142.1728,26.6437]]],[[[142.1724,26.644],[142.1725,26.644],[142.1725,26.6441],[142.1724,26.6441],[142.1724,26.644]]],[[[142.1725,26.6442],[142.1725,26.6442],[142.1725,26.6442],[142.1725,26.6442],[142.1725,26.6442]]],[[[142.1727,26.6444],[142.1727,26.6444],[142.1727,26.6444],[142.1727,26.6444],[142.1727,26.6444]]],[[[142.1727,26.6446],[142.1727,26.6446],[142.1727,26.6446],[142.1727,26.6446],[142.1727,26.6446]]],[[[142.1734,26.6446],[142.1734,26.6446],[142.1734,26.6446],[142.1734,26.6446],[142.1734,26.6446]]],[[[142.1735,26.6449],[142.1736,26.6449],[142.1736,26.645],[142.1735,26.645],[142.1735,26.6449]]],[[[142.1736,26.6446],[142.1737,26.6446],[142.1737,26.6446],[142.1736,26.6446],[142.1736,26.6446]]],[[[142.1737,26.6445],[142.1739,26.6445],[142.1739,26.6447],[142.1737,26.6447],[142.1737,26.6445]]],[[[142.1736,26.645],[142.1737,26.645],[142.1737,26.6451],[142.1736,26.6451],[142.1736,26.645]]],[[[142.1736,26.6462],[142.1738,26.6462],[142.1738,26.6463],[142.1736,26.6463],[142.1736,26.6462]]],[[[142.1737,26.6468],[142.1738,26.6468],[142.1738,26.6469],[142.1737,26.6469],[142.1737,26.6468]]],[[[142.174,26.6467],[142.174,26.6467],[142.174,26.6467],[142.174,26.6467],[142.174,26.6467]]],[[[142.174,26.6469],[142.174,26.6469],[142.174,26.647],[142.174,26.647],[142.174,26.6469]]],[[[142.1747,26.6477],[142.175,26.6477],[142.175,26.6479],[142.1747,26.6479],[142.1747,26.6477]]],[[[142.175,26.6478],[142.175,26.6478],[142.175,26.6479],[142.175,26.6479],[142.175,26.6478]]],[[[142.1739,26.6521],[142.1739,26.6521],[142.1739,26.6521],[142.1739,26.6521],[142.1739,26.6521]]],[[[142.173,26.6561],[142.173,26.6561],[142.173,26.6561],[142.173,26.6561],[142.173,26.6561]]],[[[142.1733,26.656],[142.1734,26.656],[142.1734,26.6561],[142.1733,26.6561],[142.1733,26.656]]],[[[142.1739,26.6525],[142.174,26.6525],[142.174,26.6525],[142.1739,26.6525],[142.1739,26.6525]]],[[[142.1704,26.6579],[142.1705,26.6579],[142.1705,26.658],[142.1704,26.658],[142.1704,26.6579]]],[[[142.1705,26.6579],[142.1706,26.6579],[142.1706,26.658],[142.1705,26.658],[142.1705,26.6579]]],[[[142.1706,26.6579],[142.1707,26.6579],[142.1707,26.658],[142.1706,26.658],[142.1706,26.6579]]],[[[142.1711,26.6575],[142.1712,26.6575],[142.1712,26.6576],[142.1711,26.6576],[142.1711,26.6575]]],[[[142.171,26.6579],[142.171,26.6579],[142.171,26.6579],[142.171,26.6579],[142.171,26.6579]]],[[[142.171,26.6578],[142.1711,26.6578],[142.1711,26.6578],[142.171,26.6578],[142.171,26.6578]]],[[[142.171,26.6579],[142.1711,26.6579],[142.1711,26.6579],[142.171,26.6579],[142.171,26.6579]]],[[[142.1715,26.6575],[142.1715,26.6575],[142.1715,26.6576],[142.1715,26.6576],[142.1715,26.6575]]],[[[142.1707,26.6582],[142.1711,26.6582],[142.1711,26.6587],[142.1707,26.6587],[142.1707,26.6582]]],[[[142.1721,26.6568],[142.1721,26.6568],[142.1721,26.6569],[142.1721,26.6569],[142.1721,26.6568]]],[[[142.1719,26.6571],[142.172,26.6571],[142.172,26.6571],[142.1719,26.6571],[142.1719,26.6571]]],[[[142.1723,26.6568],[142.1723,26.6568],[142.1723,26.6569],[142.1723,26.6569],[142.1723,26.6568]]],[[[142.1726,26.6564],[142.1726,26.6564],[142.1726,26.6564],[142.1726,26.6564],[142.1726,26.6564]]],[[[142.1728,26.6563],[142.1728,26.6563],[142.1728,26.6564],[142.1728,26.6564],[142.1728,26.6563]]],[[[142.1725,26.6566],[142.1727,26.6566],[142.1727,26.6567],[142.1725,26.6567],[142.1725,26.6566]]],[[[142.1719,26.6575],[142.1719,26.6575],[142.1719,26.6575],[142.1719,26.6575],[142.1719,26.6575]]],[[[142.1979,27.0451],[142.1979,27.0451],[142.1979,27.0451],[142.1979,27.0451],[142.1979,27.0451]]],[[[142.198,27.0451],[142.1981,27.0451],[142.1981,27.0452],[142.198,27.0452],[142.198,27.0451]]],[[[142.1983,27.0453],[142.1983,27.0453],[142.1983,27.0453],[142.1983,27.0453],[142.1983,27.0453]]],[[[142.1986,27.0452],[142.1987,27.0452],[142.1987,27.0453],[142.1986,27.0453],[142.1986,27.0452]]],[[[142.1986,27.0453],[142.1987,27.0453],[142.1987,27.0454],[142.1986,27.0454],[142.1986,27.0453]]],[[[142.1995,27.0454],[142.1995,27.0454],[142.1995,27.0454],[142.1995,27.0454],[142.1995,27.0454]]],[[[142.1994,27.0455],[142.1995,27.0455],[142.1995,27.0456],[142.1994,27.0456],[142.1994,27.0455]]],[[[142.1996,27.0454],[142.1997,27.0454],[142.1997,27.0455],[142.1996,27.0455],[142.1996,27.0454]]],[[[142.1999,27.0454],[142.2,27.0454],[142.2,27.0454],[142.1999,27.0454],[142.1999,27.0454]]],[[[142.2235,27.0452],[142.2236,27.0452],[142.2236,27.0452],[142.2235,27.0452],[142.2235,27.0452]]],[[[142.2235,27.0454],[142.2235,27.0454],[142.2235,27.0454],[142.2235,27.0454],[142.2235,27.0454]]],[[[142.2236,27.0454],[142.2236,27.0454],[142.2236,27.0454],[142.2236,27.0454],[142.2236,27.0454]]],[[[142.2235,27.0455],[142.2235,27.0455],[142.2235,27.0456],[142.2235,27.0456],[142.2235,27.0455]]],[[[142.2236,27.0457],[142.2236,27.0457],[142.2236,27.0457],[142.2236,27.0457],[142.2236,27.0457]]],[[[142.224,27.0451],[142.224,27.0451],[142.224,27.0451],[142.224,27.0451],[142.224,27.0451]]],[[[142.2237,27.0457],[142.2237,27.0457],[142.2237,27.0457],[142.2237,27.0457],[142.2237,27.0457]]],[[[142.2237,27.0457],[142.2237,27.0457],[142.2237,27.0457],[142.2237,27.0457],[142.2237,27.0457]]],[[[142.2239,27.0456],[142.2239,27.0456],[142.2239,27.0457],[142.2239,27.0457],[142.2239,27.0456]]],[[[142.224,27.0454],[142.2241,27.0454],[142.2241,27.0455],[142.224,27.0455],[142.224,27.0454]]],[[[142.224,27.0455],[142.2241,27.0455],[142.2241,27.0455],[142.224,27.0455],[142.224,27.0455]]],[[[142.2183,27.0408],[142.2184,27.0408],[142.2184,27.0408],[142.2183,27.0408],[142.2183,27.0408]]],[[[142.2183,27.0411],[142.2183,27.0411],[142.2183,27.0411],[142.2183,27.0411],[142.2183,27.0411]]],[[[142.2183,27.0414],[142.2183,27.0414],[142.2183,27.0414],[142.2183,27.0414],[142.2183,27.0414]]],[[[142.2186,27.041],[142.2187,27.041],[142.2187,27.0411],[142.2186,27.0411],[142.2186,27.041]]],[[[142.2185,27.0413],[142.2186,27.0413],[142.2186,27.0413],[142.2185,27.0413],[142.2185,27.0413]]],[[[142.2185,27.0414],[142.2186,27.0414],[142.2186,27.0414],[142.2185,27.0414],[142.2185,27.0414]]],[[[142.2186,27.0412],[142.2187,27.0412],[142.2187,27.0413],[142.2186,27.0413],[142.2186,27.0412]]],[[[142.2186,27.0413],[142.2187,27.0413],[142.2187,27.0414],[142.2186,27.0414],[142.2186,27.0413]]],[[[142.2187,27.0414],[142.2188,27.0414],[142.2188,27.0415],[142.2187,27.0415],[142.2187,27.0414]]],[[[142.2187,27.0409],[142.2188,27.0409],[142.2188,27.041],[142.2187,27.041],[142.2187,27.0409]]],[[[142.2188,27.0413],[142.2189,27.0413],[142.2189,27.0414],[142.2188,27.0414],[142.2188,27.0413]]],[[[142.2189,27.0414],[142.2189,27.0414],[142.2189,27.0414],[142.2189,27.0414],[142.2189,27.0414]]],[[[142.219,27.0414],[142.2191,27.0414],[142.2191,27.0414],[142.219,27.0414],[142.219,27.0414]]],[[[142.2191,27.0413],[142.2192,27.0413],[142.2192,27.0413],[142.2191,27.0413],[142.2191,27.0413]]],[[[142.2192,27.0413],[142.2193,27.0413],[142.2193,27.0414],[142.2192,27.0414],[142.2192,27.0413]]],[[[142.2193,27.0413],[142.2194,27.0413],[142.2194,27.0413],[142.2193,27.0413],[142.2193,27.0413]]],[[[142.2194,27.0413],[142.2195,27.0413],[142.2195,27.0414],[142.2194,27.0414],[142.2194,27.0413]]],[[[142.2236,27.045],[142.2236,27.045],[142.2236,27.045],[142.2236,27.045],[142.2236,27.045]]],[[[142.2245,27.0425],[142.2245,27.0425],[142.2245,27.0425],[142.2245,27.0425],[142.2245,27.0425]]],[[[142.2264,27.0408],[142.2265,27.0408],[142.2265,27.0409],[142.2264,27.0409],[142.2264,27.0408]]],[[[142.225,27.042],[142.225,27.042],[142.225,27.042],[142.225,27.042],[142.225,27.042]]],[[[142.225,27.0418],[142.2252,27.0418],[142.2252,27.042],[142.225,27.042],[142.225,27.0418]]],[[[142.2253,27.0419],[142.2253,27.0419],[142.2253,27.0419],[142.2253,27.0419],[142.2253,27.0419]]],[[[142.2253,27.0419],[142.2253,27.0419],[142.2253,27.042],[142.2253,27.042],[142.2253,27.0419]]],[[[142.2245,27.0424],[142.2247,27.0424],[142.2247,27.0425],[142.2245,27.0425],[142.2245,27.0424]]],[[[142.2247,27.0423],[142.2249,27.0423],[142.2249,27.0424],[142.2247,27.0424],[142.2247,27.0423]]],[[[142.225,27.0421],[142.225,27.0421],[142.225,27.0421],[142.225,27.0421],[142.225,27.0421]]],[[[142.2251,27.042],[142.2251,27.042],[142.2251,27.0421],[142.2251,27.0421],[142.2251,27.042]]],[[[142.2249,27.0422],[142.2251,27.0422],[142.2251,27.0422],[142.2249,27.0422],[142.2249,27.0422]]],[[[142.2246,27.0425],[142.2247,27.0425],[142.2247,27.0426],[142.2246,27.0426],[142.2246,27.0425]]],[[[142.2251,27.0422],[142.2251,27.0422],[142.2251,27.0423],[142.2251,27.0423],[142.2251,27.0422]]],[[[142.2241,27.0436],[142.2241,27.0436],[142.2241,27.0436],[142.2241,27.0436],[142.2241,27.0436]]],[[[142.2242,27.045],[142.2243,27.045],[142.2243,27.045],[142.2242,27.045],[142.2242,27.045]]],[[[142.2252,27.0438],[142.2253,27.0438],[142.2253,27.0439],[142.2252,27.0439],[142.2252,27.0438]]],[[[142.2251,27.044],[142.2251,27.044],[142.2251,27.044],[142.2251,27.044],[142.2251,27.044]]],[[[142.2251,27.0441],[142.2252,27.0441],[142.2252,27.0441],[142.2251,27.0441],[142.2251,27.0441]]],[[[142.2252,27.0439],[142.2252,27.0439],[142.2252,27.044],[142.2252,27.044],[142.2252,27.0439]]],[[[142.2265,27.0428],[142.2267,27.0428],[142.2267,27.0429],[142.2265,27.0429],[142.2265,27.0428]]],[[[142.2252,27.0538],[142.2253,27.0538],[142.2253,27.0538],[142.2252,27.0538],[142.2252,27.0538]]],[[[142.2253,27.0538],[142.2254,27.0538],[142.2254,27.0538],[142.2253,27.0538],[142.2253,27.0538]]],[[[142.2242,27.0455],[142.2242,27.0455],[142.2242,27.0455],[142.2242,27.0455],[142.2242,27.0455]]],[[[142.2256,27.0451],[142.2257,27.0451],[142.2257,27.0452],[142.2256,27.0452],[142.2256,27.0451]]],[[[142.2256,27.0452],[142.2257,27.0452],[142.2257,27.0452],[142.2256,27.0452],[142.2256,27.0452]]],[[[142.2259,27.0462],[142.2259,27.0462],[142.2259,27.0463],[142.2259,27.0463],[142.2259,27.0462]]],[[[142.2261,27.0461],[142.2261,27.0461],[142.2261,27.0461],[142.2261,27.0461],[142.2261,27.0461]]],[[[142.2254,27.0477],[142.2255,27.0477],[142.2255,27.0477],[142.2254,27.0477],[142.2254,27.0477]]],[[[142.2252,27.0479],[142.2253,27.0479],[142.2253,27.048],[142.2252,27.048],[142.2252,27.0479]]],[[[142.2254,27.048],[142.2254,27.048],[142.2254,27.048],[142.2254,27.048],[142.2254,27.048]]],[[[142.225,27.0513],[142.2251,27.0513],[142.2251,27.0514],[142.225,27.0514],[142.225,27.0513]]],[[[142.225,27.0533],[142.2251,27.0533],[142.2251,27.0534],[142.225,27.0534],[142.225,27.0533]]],[[[142.2251,27.0534],[142.2252,27.0534],[142.2252,27.0534],[142.2251,27.0534],[142.2251,27.0534]]],[[[142.2252,27.0532],[142.2253,27.0532],[142.2253,27.0533],[142.2252,27.0533],[142.2252,27.0532]]],[[[142.2259,27.054],[142.226,27.054],[142.226,27.0541],[142.2259,27.0541],[142.2259,27.054]]],[[[142.2303,27.0536],[142.2304,27.0536],[142.2304,27.0537],[142.2303,27.0537],[142.2303,27.0536]]],[[[142.2295,27.0543],[142.2296,27.0543],[142.2296,27.0546],[142.2295,27.0546],[142.2295,27.0543]]],[[[142.2297,27.0544],[142.2298,27.0544],[142.2298,27.0544],[142.2297,27.0544],[142.2297,27.0544]]],[[[142.23,27.054],[142.2302,27.054],[142.2302,27.0541],[142.23,27.0541],[142.23,27.054]]],[[[142.2303,27.0538],[142.2304,27.0538],[142.2304,27.0539],[142.2303,27.0539],[142.2303,27.0538]]],[[[142.2337,27.0505],[142.2338,27.0505],[142.2338,27.0506],[142.2337,27.0506],[142.2337,27.0505]]],[[[142.2307,27.0534],[142.231,27.0534],[142.231,27.0536],[142.2307,27.0536],[142.2307,27.0534]]],[[[142.2341,27.0512],[142.2343,27.0512],[142.2343,27.0513],[142.2341,27.0513],[142.2341,27.0512]]],[[[142.2365,27.0503],[142.2366,27.0503],[142.2366,27.0504],[142.2365,27.0504],[142.2365,27.0503]]],[[[142.2362,27.0508],[142.2363,27.0508],[142.2363,27.0509],[142.2362,27.0509],[142.2362,27.0508]]],[[[142.2363,27.0509],[142.2363,27.0509],[142.2363,27.0509],[142.2363,27.0509],[142.2363,27.0509]]],[[[142.2363,27.0508],[142.2363,27.0508],[142.2363,27.0509],[142.2363,27.0509],[142.2363,27.0508]]],[[[142.237,27.051],[142.2371,27.051],[142.2371,27.0511],[142.237,27.0511],[142.237,27.051]]],[[[142.2372,27.0508],[142.2373,27.0508],[142.2373,27.0508],[142.2372,27.0508],[142.2372,27.0508]]],[[[142.2372,27.0509],[142.2373,27.0509],[142.2373,27.051],[142.2372,27.051],[142.2372,27.0509]]],[[[142.2371,27.0512],[142.2372,27.0512],[142.2372,27.0513],[142.2371,27.0513],[142.2371,27.0512]]],[[[142.2372,27.0512],[142.2373,27.0512],[142.2373,27.0513],[142.2372,27.0513],[142.2372,27.0512]]],[[[142.237,27.0513],[142.2371,27.0513],[142.2371,27.0513],[142.237,27.0513],[142.237,27.0513]]],[[[142.2374,27.0511],[142.2375,27.0511],[142.2375,27.0512],[142.2374,27.0512],[142.2374,27.0511]]],[[[142.2375,27.0519],[142.2375,27.0519],[142.2375,27.052],[142.2375,27.052],[142.2375,27.0519]]],[[[142.2372,27.0537],[142.2372,27.0537],[142.2372,27.0538],[142.2372,27.0538],[142.2372,27.0537]]],[[[142.2372,27.0539],[142.2373,27.0539],[142.2373,27.054],[142.2372,27.054],[142.2372,27.0539]]],[[[142.2352,27.0555],[142.2354,27.0555],[142.2354,27.0556],[142.2352,27.0556],[142.2352,27.0555]]],[[[142.2354,27.0555],[142.2355,27.0555],[142.2355,27.0557],[142.2354,27.0557],[142.2354,27.0555]]],[[[142.2318,27.0576],[142.2319,27.0576],[142.2319,27.0576],[142.2318,27.0576],[142.2318,27.0576]]],[[[142.2316,27.0585],[142.2317,27.0585],[142.2317,27.0586],[142.2316,27.0586],[142.2316,27.0585]]],[[[142.2318,27.0585],[142.2319,27.0585],[142.2319,27.0586],[142.2318,27.0586],[142.2318,27.0585]]],[[[142.2334,27.0565],[142.2335,27.0565],[142.2335,27.0565],[142.2334,27.0565],[142.2334,27.0565]]],[[[142.2342,27.0562],[142.2342,27.0562],[142.2342,27.0563],[142.2342,27.0563],[142.2342,27.0562]]],[[[142.2342,27.0564],[142.2344,27.0564],[142.2344,27.0565],[142.2342,27.0565],[142.2342,27.0564]]],[[[142.2333,27.0567],[142.2334,27.0567],[142.2334,27.0567],[142.2333,27.0567],[142.2333,27.0567]]],[[[142.2327,27.0579],[142.2328,27.0579],[142.2328,27.0581],[142.2327,27.0581],[142.2327,27.0579]]],[[[142.2324,27.0581],[142.2325,27.0581],[142.2325,27.0581],[142.2324,27.0581],[142.2324,27.0581]]],[[[142.231,27.0594],[142.2311,27.0594],[142.2311,27.0594],[142.231,27.0594],[142.231,27.0594]]],[[[142.2305,27.0596],[142.2306,27.0596],[142.2306,27.0597],[142.2305,27.0597],[142.2305,27.0596]]],[[[142.2315,27.0591],[142.2316,27.0591],[142.2316,27.0592],[142.2315,27.0592],[142.2315,27.0591]]],[[[142.2344,27.0564],[142.2345,27.0564],[142.2345,27.0565],[142.2344,27.0565],[142.2344,27.0564]]],[[[142.2345,27.0564],[142.2345,27.0564],[142.2345,27.0564],[142.2345,27.0564],[142.2345,27.0564]]],[[[142.2346,27.0564],[142.2347,27.0564],[142.2347,27.0564],[142.2346,27.0564],[142.2346,27.0564]]],[[[142.2351,27.0558],[142.2353,27.0558],[142.2353,27.0559],[142.2351,27.0559],[142.2351,27.0558]]],[[[142.2362,27.055],[142.2362,27.055],[142.2362,27.055],[142.2362,27.055],[142.2362,27.055]]],[[[142.2363,27.0548],[142.2365,27.0548],[142.2365,27.055],[142.2363,27.055],[142.2363,27.0548]]],[[[142.2311,27.0599],[142.2312,27.0599],[142.2312,27.06],[142.2311,27.06],[142.2311,27.0599]]],[[[142.2311,27.06],[142.2313,27.06],[142.2313,27.0601],[142.2311,27.0601],[142.2311,27.06]]],[[[142.2308,27.0599],[142.2309,27.0599],[142.2309,27.06],[142.2308,27.06],[142.2308,27.0599]]],[[[142.2309,27.06],[142.231,27.06],[142.231,27.0601],[142.2309,27.0601],[142.2309,27.06]]],[[[142.2308,27.0601],[142.2309,27.0601],[142.2309,27.0601],[142.2308,27.0601],[142.2308,27.0601]]],[[[142.2316,27.0601],[142.2317,27.0601],[142.2317,27.0603],[142.2316,27.0603],[142.2316,27.0601]]],[[[142.2318,27.06],[142.2319,27.06],[142.2319,27.0601],[142.2318,27.0601],[142.2318,27.06]]],[[[142.2305,27.0608],[142.2306,27.0608],[142.2306,27.0608],[142.2305,27.0608],[142.2305,27.0608]]],[[[142.2306,27.0608],[142.2306,27.0608],[142.2306,27.0609],[142.2306,27.0609],[142.2306,27.0608]]],[[[142.2306,27.0608],[142.2307,27.0608],[142.2307,27.0609],[142.2306,27.0609],[142.2306,27.0608]]],[[[142.2307,27.061],[142.2307,27.061],[142.2307,27.061],[142.2307,27.061],[142.2307,27.061]]],[[[142.2308,27.0608],[142.2309,27.0608],[142.2309,27.0609],[142.2308,27.0609],[142.2308,27.0608]]],[[[142.2309,27.0609],[142.2309,27.0609],[142.2309,27.061],[142.2309,27.061],[142.2309,27.0609]]],[[[142.2307,27.0611],[142.2308,27.0611],[142.2308,27.0612],[142.2307,27.0612],[142.2307,27.0611]]],[[[142.2307,27.061],[142.2308,27.061],[142.2308,27.0611],[142.2307,27.0611],[142.2307,27.061]]],[[[142.2309,27.0611],[142.231,27.0611],[142.231,27.0613],[142.2309,27.0613],[142.2309,27.0611]]],[[[142.2311,27.0613],[142.2311,27.0613],[142.2311,27.0614],[142.2311,27.0614],[142.2311,27.0613]]],[[[142.2311,27.0614],[142.2312,27.0614],[142.2312,27.0615],[142.2311,27.0615],[142.2311,27.0614]]],[[[142.2319,27.0614],[142.232,27.0614],[142.232,27.0615],[142.2319,27.0615],[142.2319,27.0614]]],[[[142.2317,27.0615],[142.2317,27.0615],[142.2317,27.0616],[142.2317,27.0616],[142.2317,27.0615]]],[[[142.2311,27.0619],[142.2312,27.0619],[142.2312,27.062],[142.2311,27.062],[142.2311,27.0619]]],[[[142.2312,27.062],[142.2312,27.062],[142.2312,27.062],[142.2312,27.062],[142.2312,27.062]]],[[[142.2318,27.0619],[142.2318,27.0619],[142.2318,27.062],[142.2318,27.062],[142.2318,27.0619]]],[[[142.2317,27.062],[142.2318,27.062],[142.2318,27.0621],[142.2317,27.0621],[142.2317,27.062]]],[[[142.2312,27.0616],[142.2312,27.0616],[142.2312,27.0617],[142.2312,27.0617],[142.2312,27.0616]]],[[[142.2311,27.0616],[142.2311,27.0616],[142.2311,27.0617],[142.2311,27.0617],[142.2311,27.0616]]],[[[142.2311,27.0617],[142.2312,27.0617],[142.2312,27.0618],[142.2311,27.0618],[142.2311,27.0617]]],[[[142.2312,27.0616],[142.2313,27.0616],[142.2313,27.0616],[142.2312,27.0616],[142.2312,27.0616]]],[[[142.2313,27.0616],[142.2314,27.0616],[142.2314,27.0617],[142.2313,27.0617],[142.2313,27.0616]]],[[[142.2317,27.0616],[142.2317,27.0616],[142.2317,27.0617],[142.2317,27.0617],[142.2317,27.0616]]],[[[142.2319,27.0616],[142.2319,27.0616],[142.2319,27.0616],[142.2319,27.0616],[142.2319,27.0616]]],[[[142.2317,27.0622],[142.2317,27.0622],[142.2317,27.0623],[142.2317,27.0623],[142.2317,27.0622]]],[[[142.2319,27.0623],[142.232,27.0623],[142.232,27.0624],[142.2319,27.0624],[142.2319,27.0623]]],[[[142.2321,27.0622],[142.2322,27.0622],[142.2322,27.0623],[142.2321,27.0623],[142.2321,27.0622]]],[[[142.2325,27.0618],[142.2327,27.0618],[142.2327,27.0619],[142.2325,27.0619],[142.2325,27.0618]]],[[[142.2324,27.0624],[142.2325,27.0624],[142.2325,27.0625],[142.2324,27.0625],[142.2324,27.0624]]],[[[142.2324,27.0619],[142.2329,27.0619],[142.2329,27.0622],[142.2324,27.0622],[142.2324,27.0619]]],[[[142.232,27.0625],[142.2321,27.0625],[142.2321,27.0626],[142.232,27.0626],[142.232,27.0625]]],[[[142.2322,27.0627],[142.2323,27.0627],[142.2323,27.0627],[142.2322,27.0627],[142.2322,27.0627]]],[[[142.2329,27.0627],[142.2331,27.0627],[142.2331,27.0629],[142.2329,27.0629],[142.2329,27.0627]]],[[[142.2404,27.0474],[142.2406,27.0474],[142.2406,27.0475],[142.2404,27.0475],[142.2404,27.0474]]],[[[142.2405,27.0475],[142.2406,27.0475],[142.2406,27.0476],[142.2405,27.0476],[142.2405,27.0475]]],[[[142.2408,27.047],[142.2411,27.047],[142.2411,27.0472],[142.2408,27.0472],[142.2408,27.047]]],[[[142.2407,27.0471],[142.2408,27.0471],[142.2408,27.0472],[142.2407,27.0472],[142.2407,27.0471]]],[[[142.2409,27.0473],[142.2409,27.0473],[142.2409,27.0473],[142.2409,27.0473],[142.2409,27.0473]]],[[[142.241,27.047],[142.2411,27.047],[142.2411,27.0471],[142.241,27.0471],[142.241,27.047]]],[[[142.241,27.0472],[142.2411,27.0472],[142.2411,27.0473],[142.241,27.0473],[142.241,27.0472]]],[[[142.2411,27.0471],[142.2412,27.0471],[142.2412,27.0472],[142.2411,27.0472],[142.2411,27.0471]]],[[[142.2408,27.0475],[142.2408,27.0475],[142.2408,27.0476],[142.2408,27.0476],[142.2408,27.0475]]],[[[142.2408,27.0475],[142.2409,27.0475],[142.2409,27.0475],[142.2408,27.0475],[142.2408,27.0475]]],[[[142.2409,27.0473],[142.241,27.0473],[142.241,27.0474],[142.2409,27.0474],[142.2409,27.0473]]],[[[142.2411,27.0479],[142.2412,27.0479],[142.2412,27.048],[142.2411,27.048],[142.2411,27.0479]]],[[[142.2407,27.0473],[142.2418,27.0473],[142.2418,27.048],[142.2407,27.048],[142.2407,27.0473]]],[[[142.2412,27.0478],[142.2413,27.0478],[142.2413,27.0479],[142.2412,27.0479],[142.2412,27.0478]]],[[[142.2411,27.0455],[142.2412,27.0455],[142.2412,27.0456],[142.2411,27.0456],[142.2411,27.0455]]],[[[142.2405,27.0473],[142.2406,27.0473],[142.2406,27.0473],[142.2405,27.0473],[142.2405,27.0473]]],[[[142.2406,27.0472],[142.2406,27.0472],[142.2406,27.0473],[142.2406,27.0473],[142.2406,27.0472]]],[[[142.2366,27.0501],[142.2367,27.0501],[142.2367,27.0503],[142.2366,27.0503],[142.2366,27.0501]]],[[[142.2367,27.0501],[142.2368,27.0501],[142.2368,27.0502],[142.2367,27.0502],[142.2367,27.0501]]],[[[142.2367,27.05],[142.2368,27.05],[142.2368,27.0501],[142.2367,27.0501],[142.2367,27.05]]],[[[142.2368,27.05],[142.2369,27.05],[142.2369,27.05],[142.2368,27.05],[142.2368,27.05]]],[[[142.2333,27.0498],[142.2334,27.0498],[142.2334,27.05],[142.2333,27.05],[142.2333,27.0498]]],[[[142.2332,27.0501],[142.2333,27.0501],[142.2333,27.0502],[142.2332,27.0502],[142.2332,27.0501]]],[[[142.2335,27.0502],[142.2336,27.0502],[142.2336,27.0504],[142.2335,27.0504],[142.2335,27.0502]]],[[[142.235,27.0494],[142.2352,27.0494],[142.2352,27.0496],[142.235,27.0496],[142.235,27.0494]]],[[[142.2357,27.0494],[142.2358,27.0494],[142.2358,27.0495],[142.2357,27.0495],[142.2357,27.0494]]],[[[142.2358,27.0495],[142.2359,27.0495],[142.2359,27.0496],[142.2358,27.0496],[142.2358,27.0495]]],[[[142.2359,27.0495],[142.236,27.0495],[142.236,27.0495],[142.2359,27.0495],[142.2359,27.0495]]],[[[142.2361,27.0495],[142.2362,27.0495],[142.2362,27.0495],[142.2361,27.0495],[142.2361,27.0495]]],[[[142.2362,27.0495],[142.2363,27.0495],[142.2363,27.0496],[142.2362,27.0496],[142.2362,27.0495]]],[[[142.2372,27.0487],[142.2373,27.0487],[142.2373,27.0488],[142.2372,27.0488],[142.2372,27.0487]]],[[[142.2372,27.049],[142.2373,27.049],[142.2373,27.049],[142.2372,27.049],[142.2372,27.049]]],[[[142.2372,27.0491],[142.2372,27.0491],[142.2372,27.0492],[142.2372,27.0492],[142.2372,27.0491]]],[[[142.2369,27.0496],[142.237,27.0496],[142.237,27.0497],[142.2369,27.0497],[142.2369,27.0496]]],[[[142.2372,27.0495],[142.2372,27.0495],[142.2372,27.0496],[142.2372,27.0496],[142.2372,27.0495]]],[[[142.2371,27.0496],[142.2372,27.0496],[142.2372,27.0496],[142.2371,27.0496],[142.2371,27.0496]]],[[[142.2368,27.0501],[142.2368,27.0501],[142.2368,27.0502],[142.2368,27.0502],[142.2368,27.0501]]],[[[142.2405,27.0473],[142.2405,27.0473],[142.2405,27.0474],[142.2405,27.0474],[142.2405,27.0473]]],[[[142.239,27.0471],[142.239,27.048],[142.2413,27.0468],[142.2414,27.0458],[142.2394,27.0458],[142.239,27.0471]]],[[[142.2375,27.0489],[142.2375,27.0489],[142.2375,27.0489],[142.2375,27.0489],[142.2375,27.0489]]],[[[142.2317,27.0642],[142.2318,27.0642],[142.2318,27.0643],[142.2317,27.0643],[142.2317,27.0642]]],[[[142.2319,27.064],[142.232,27.064],[142.232,27.064],[142.2319,27.064],[142.2319,27.064]]],[[[142.232,27.0644],[142.232,27.0644],[142.232,27.0645],[142.232,27.0645],[142.232,27.0644]]],[[[142.232,27.0642],[142.2321,27.0642],[142.2321,27.0642],[142.232,27.0642],[142.232,27.0642]]],[[[142.2317,27.0644],[142.2318,27.0644],[142.2318,27.0646],[142.2317,27.0646],[142.2317,27.0644]]],[[[142.2319,27.0646],[142.2321,27.0646],[142.2321,27.0649],[142.2319,27.0649],[142.2319,27.0646]]],[[[142.2315,27.0655],[142.2315,27.0655],[142.2315,27.0656],[142.2315,27.0656],[142.2315,27.0655]]],[[[142.2315,27.066],[142.2316,27.066],[142.2316,27.0661],[142.2315,27.0661],[142.2315,27.066]]],[[[142.2328,27.063],[142.2329,27.063],[142.2329,27.0631],[142.2328,27.0631],[142.2328,27.063]]],[[[142.2312,27.0665],[142.2313,27.0665],[142.2313,27.0666],[142.2312,27.0666],[142.2312,27.0665]]],[[[142.2314,27.0664],[142.2315,27.0664],[142.2315,27.0664],[142.2314,27.0664],[142.2314,27.0664]]],[[[142.2314,27.0666],[142.2314,27.0666],[142.2314,27.0667],[142.2314,27.0667],[142.2314,27.0666]]],[[[142.2313,27.0668],[142.2313,27.0668],[142.2313,27.0668],[142.2313,27.0668],[142.2313,27.0668]]],[[[142.2313,27.0667],[142.2314,27.0667],[142.2314,27.0667],[142.2313,27.0667],[142.2313,27.0667]]],[[[142.2312,27.0673],[142.2313,27.0673],[142.2313,27.0674],[142.2312,27.0674],[142.2312,27.0673]]],[[[142.2317,27.0664],[142.2317,27.0664],[142.2317,27.0665],[142.2317,27.0665],[142.2317,27.0664]]],[[[142.2318,27.067],[142.232,27.067],[142.232,27.0671],[142.2318,27.0671],[142.2318,27.067]]],[[[142.2317,27.0672],[142.232,27.0672],[142.232,27.0674],[142.2317,27.0674],[142.2317,27.0672]]],[[[142.2316,27.0674],[142.2317,27.0674],[142.2317,27.0675],[142.2316,27.0675],[142.2316,27.0674]]],[[[142.2315,27.0679],[142.2316,27.0679],[142.2316,27.068],[142.2315,27.068],[142.2315,27.0679]]],[[[142.231,27.0683],[142.2311,27.0683],[142.2311,27.0683],[142.231,27.0683],[142.231,27.0683]]],[[[142.2311,27.0683],[142.2311,27.0683],[142.2311,27.0684],[142.2311,27.0684],[142.2311,27.0683]]],[[[142.2311,27.0682],[142.2312,27.0682],[142.2312,27.0683],[142.2311,27.0683],[142.2311,27.0682]]],[[[142.231,27.0681],[142.231,27.0681],[142.231,27.0682],[142.231,27.0682],[142.231,27.0681]]],[[[142.2311,27.0681],[142.2312,27.0681],[142.2312,27.0682],[142.2311,27.0682],[142.2311,27.0681]]],[[[142.2312,27.068],[142.2313,27.068],[142.2313,27.0681],[142.2312,27.0681],[142.2312,27.068]]],[[[142.2312,27.0682],[142.2313,27.0682],[142.2313,27.0682],[142.2312,27.0682],[142.2312,27.0682]]],[[[142.2314,27.0679],[142.2315,27.0679],[142.2315,27.068],[142.2314,27.068],[142.2314,27.0679]]],[[[142.2311,27.0684],[142.2311,27.0684],[142.2311,27.0685],[142.2311,27.0685],[142.2311,27.0684]]],[[[142.2311,27.0684],[142.2312,27.0684],[142.2312,27.0685],[142.2311,27.0685],[142.2311,27.0684]]],[[[142.2311,27.0686],[142.2311,27.0686],[142.2311,27.0686],[142.2311,27.0686],[142.2311,27.0686]]],[[[142.2312,27.0691],[142.2313,27.0691],[142.2313,27.0692],[142.2312,27.0692],[142.2312,27.0691]]],[[[142.2312,27.0693],[142.2312,27.0693],[142.2312,27.0694],[142.2312,27.0694],[142.2312,27.0693]]],[[[142.2311,27.0696],[142.2312,27.0696],[142.2312,27.0697],[142.2311,27.0697],[142.2311,27.0696]]],[[[142.2312,27.0694],[142.2312,27.0694],[142.2312,27.0694],[142.2312,27.0694],[142.2312,27.0694]]],[[[142.2312,27.0695],[142.2313,27.0695],[142.2313,27.0696],[142.2312,27.0696],[142.2312,27.0695]]],[[[142.2318,27.0698],[142.2318,27.0698],[142.2318,27.0698],[142.2318,27.0698],[142.2318,27.0698]]],[[[142.2326,27.0695],[142.2327,27.0695],[142.2327,27.0696],[142.2326,27.0696],[142.2326,27.0695]]],[[[142.233,27.0697],[142.2332,27.0697],[142.2332,27.0699],[142.233,27.0699],[142.233,27.0697]]],[[[142.235,27.0686],[142.2362,27.0686],[142.2362,27.0693],[142.235,27.0693],[142.235,27.0686]]],[[[142.232,27.0701],[142.2322,27.0701],[142.2322,27.0703],[142.232,27.0703],[142.232,27.0701]]],[[[142.2322,27.0701],[142.2322,27.0701],[142.2322,27.0702],[142.2322,27.0702],[142.2322,27.0701]]],[[[142.2315,27.0704],[142.2315,27.0704],[142.2315,27.0706],[142.2315,27.0706],[142.2315,27.0704]]],[[[142.2315,27.0705],[142.2316,27.0705],[142.2316,27.0706],[142.2315,27.0706],[142.2315,27.0705]]],[[[142.2314,27.0701],[142.2316,27.0701],[142.2316,27.0702],[142.2314,27.0702],[142.2314,27.0701]]],[[[142.2315,27.0703],[142.2315,27.0703],[142.2315,27.0703],[142.2315,27.0703],[142.2315,27.0703]]],[[[142.2322,27.0697],[142.2324,27.0697],[142.2324,27.07],[142.2322,27.07],[142.2322,27.0697]]],[[[142.2314,27.0709],[142.2314,27.0709],[142.2314,27.0709],[142.2314,27.0709],[142.2314,27.0709]]],[[[142.2314,27.0709],[142.2314,27.0709],[142.2314,27.071],[142.2314,27.071],[142.2314,27.0709]]],[[[142.2314,27.0712],[142.2314,27.0712],[142.2314,27.0713],[142.2314,27.0713],[142.2314,27.0712]]],[[[142.2315,27.0704],[142.2316,27.0704],[142.2316,27.0704],[142.2315,27.0704],[142.2315,27.0704]]],[[[142.2317,27.0703],[142.2318,27.0703],[142.2318,27.0704],[142.2317,27.0704],[142.2317,27.0703]]],[[[142.2317,27.0707],[142.2318,27.0707],[142.2318,27.0708],[142.2317,27.0708],[142.2317,27.0707]]],[[[142.2318,27.0708],[142.232,27.0708],[142.232,27.071],[142.2318,27.071],[142.2318,27.0708]]],[[[142.2318,27.0712],[142.2318,27.0712],[142.2318,27.0713],[142.2318,27.0713],[142.2318,27.0712]]],[[[142.2322,27.0703],[142.2323,27.0703],[142.2323,27.0704],[142.2322,27.0704],[142.2322,27.0703]]],[[[142.2322,27.0705],[142.2323,27.0705],[142.2323,27.0705],[142.2322,27.0705],[142.2322,27.0705]]],[[[142.2317,27.0714],[142.2318,27.0714],[142.2318,27.0715],[142.2317,27.0715],[142.2317,27.0714]]],[[[142.2323,27.0716],[142.2324,27.0716],[142.2324,27.0717],[142.2323,27.0717],[142.2323,27.0716]]],[[[142.2322,27.0718],[142.2323,27.0718],[142.2323,27.0718],[142.2322,27.0718],[142.2322,27.0718]]],[[[142.2324,27.0701],[142.2326,27.0701],[142.2326,27.0703],[142.2324,27.0703],[142.2324,27.0701]]],[[[142.2324,27.0701],[142.2325,27.0701],[142.2325,27.0703],[142.2324,27.0703],[142.2324,27.0701]]],[[[142.2337,27.0721],[142.234,27.0721],[142.234,27.0724],[142.2337,27.0724],[142.2337,27.0721]]],[[[142.234,27.0723],[142.2341,27.0723],[142.2341,27.0724],[142.234,27.0724],[142.234,27.0723]]],[[[142.2331,27.07],[142.2331,27.07],[142.2331,27.07],[142.2331,27.07],[142.2331,27.07]]],[[[142.2324,27.0723],[142.2324,27.0723],[142.2324,27.0724],[142.2324,27.0724],[142.2324,27.0723]]],[[[142.2324,27.0724],[142.2324,27.0724],[142.2324,27.0725],[142.2324,27.0725],[142.2324,27.0724]]],[[[142.2327,27.0718],[142.2328,27.0718],[142.2328,27.0719],[142.2327,27.0719],[142.2327,27.0718]]],[[[142.2341,27.0721],[142.2342,27.0721],[142.2342,27.0722],[142.2341,27.0722],[142.2341,27.0721]]],[[[142.2326,27.0724],[142.2326,27.0724],[142.2326,27.0724],[142.2326,27.0724],[142.2326,27.0724]]],[[[142.2327,27.0724],[142.2328,27.0724],[142.2328,27.0725],[142.2327,27.0725],[142.2327,27.0724]]],[[[142.2337,27.0724],[142.2338,27.0724],[142.2338,27.0725],[142.2337,27.0725],[142.2337,27.0724]]],[[[142.2339,27.0724],[142.234,27.0724],[142.234,27.0725],[142.2339,27.0725],[142.2339,27.0724]]],[[[142.2345,27.0717],[142.2345,27.0717],[142.2345,27.0717],[142.2345,27.0717],[142.2345,27.0717]]],[[[142.2347,27.0714],[142.2348,27.0714],[142.2348,27.0715],[142.2347,27.0715],[142.2347,27.0714]]],[[[142.2347,27.0716],[142.2348,27.0716],[142.2348,27.0716],[142.2347,27.0716],[142.2347,27.0716]]],[[[142.2346,27.0718],[142.2348,27.0718],[142.2348,27.0719],[142.2346,27.0719],[142.2346,27.0718]]],[[[142.2263,27.0545],[142.2265,27.0545],[142.2265,27.0547],[142.2263,27.0547],[142.2263,27.0545]]],[[[142.2304,27.0595],[142.2305,27.0595],[142.2305,27.0596],[142.2304,27.0596],[142.2304,27.0595]]],[[[142.2304,27.0608],[142.2306,27.0608],[142.2306,27.0609],[142.2304,27.0609],[142.2304,27.0608]]],[[[142.2404,27.0454],[142.2405,27.0454],[142.2405,27.0455],[142.2404,27.0455],[142.2404,27.0454]]],[[[142.2405,27.0472],[142.2405,27.0472],[142.2405,27.0472],[142.2405,27.0472],[142.2405,27.0472]]],[[[142.1442,26.671],[142.1442,26.671],[142.1442,26.6711],[142.1442,26.6711],[142.1442,26.671]]],[[[142.1458,26.6667],[142.1461,26.6667],[142.1461,26.6669],[142.1458,26.6669],[142.1458,26.6667]]],[[[142.1622,26.6672],[142.1624,26.6672],[142.1624,26.6673],[142.1622,26.6673],[142.1622,26.6672]]],[[[142.1622,26.6674],[142.1623,26.6674],[142.1623,26.6674],[142.1622,26.6674],[142.1622,26.6674]]],[[[142.1623,26.6676],[142.1624,26.6676],[142.1624,26.6676],[142.1623,26.6676],[142.1623,26.6676]]],[[[142.1622,26.6714],[142.1623,26.6714],[142.1623,26.6714],[142.1622,26.6714],[142.1622,26.6714]]],[[[142.1425,26.6771],[142.1425,26.6771],[142.1425,26.6772],[142.1425,26.6772],[142.1425,26.6771]]],[[[142.1405,26.6784],[142.1406,26.6784],[142.1406,26.6784],[142.1405,26.6784],[142.1405,26.6784]]],[[[142.1421,26.6775],[142.1421,26.6775],[142.1421,26.6776],[142.1421,26.6776],[142.1421,26.6775]]],[[[142.1407,26.6781],[142.1408,26.6781],[142.1408,26.6782],[142.1407,26.6782],[142.1407,26.6781]]],[[[142.1408,26.6782],[142.1409,26.6782],[142.1409,26.6782],[142.1408,26.6782],[142.1408,26.6782]]],[[[142.141,26.6781],[142.1411,26.6781],[142.1411,26.6782],[142.141,26.6782],[142.141,26.6781]]],[[[142.1406,26.6785],[142.1407,26.6785],[142.1407,26.6786],[142.1406,26.6786],[142.1406,26.6785]]],[[[142.1411,26.6778],[142.1413,26.6778],[142.1413,26.6779],[142.1411,26.6779],[142.1411,26.6778]]],[[[142.1413,26.6779],[142.1413,26.6779],[142.1413,26.678],[142.1413,26.678],[142.1413,26.6779]]],[[[142.1411,26.6782],[142.1412,26.6782],[142.1412,26.6782],[142.1411,26.6782],[142.1411,26.6782]]],[[[142.1414,26.6781],[142.1415,26.6781],[142.1415,26.6782],[142.1414,26.6782],[142.1414,26.6781]]],[[[142.1417,26.6777],[142.1418,26.6777],[142.1418,26.6778],[142.1417,26.6778],[142.1417,26.6777]]],[[[142.1419,26.6778],[142.1419,26.6778],[142.1419,26.6779],[142.1419,26.6779],[142.1419,26.6778]]],[[[142.1426,26.677],[142.1427,26.677],[142.1427,26.6772],[142.1426,26.6772],[142.1426,26.677]]],[[[142.1485,26.6845],[142.1486,26.6845],[142.1486,26.6845],[142.1485,26.6845],[142.1485,26.6845]]],[[[142.1506,26.6839],[142.1506,26.6839],[142.1506,26.684],[142.1506,26.684],[142.1506,26.6839]]],[[[142.1473,26.6872],[142.1475,26.6872],[142.1475,26.6874],[142.1473,26.6874],[142.1473,26.6872]]],[[[142.1474,26.6873],[142.1476,26.6873],[142.1476,26.6875],[142.1474,26.6875],[142.1474,26.6873]]],[[[142.1474,26.685],[142.1474,26.685],[142.1474,26.685],[142.1474,26.685],[142.1474,26.685]]],[[[142.1471,26.6852],[142.1471,26.6852],[142.1471,26.6852],[142.1471,26.6852],[142.1471,26.6852]]],[[[142.1476,26.6849],[142.1477,26.6849],[142.1477,26.685],[142.1476,26.685],[142.1476,26.6849]]],[[[142.1466,26.6855],[142.1467,26.6855],[142.1467,26.6856],[142.1466,26.6856],[142.1466,26.6855]]],[[[142.1466,26.6856],[142.1467,26.6856],[142.1467,26.6856],[142.1466,26.6856],[142.1466,26.6856]]],[[[142.1466,26.6862],[142.1467,26.6862],[142.1467,26.6862],[142.1466,26.6862],[142.1466,26.6862]]],[[[142.1468,26.6862],[142.1469,26.6862],[142.1469,26.6862],[142.1468,26.6862],[142.1468,26.6862]]],[[[142.1467,26.6863],[142.1468,26.6863],[142.1468,26.6863],[142.1467,26.6863],[142.1467,26.6863]]],[[[142.1467,26.6864],[142.1468,26.6864],[142.1468,26.6864],[142.1467,26.6864],[142.1467,26.6864]]],[[[142.1471,26.687],[142.1471,26.687],[142.1471,26.687],[142.1471,26.687],[142.1471,26.687]]],[[[142.1471,26.687],[142.1472,26.687],[142.1472,26.687],[142.1471,26.687],[142.1471,26.687]]],[[[142.1471,26.6875],[142.1471,26.6875],[142.1471,26.6875],[142.1471,26.6875],[142.1471,26.6875]]],[[[142.1488,26.6852],[142.1488,26.6852],[142.1488,26.6853],[142.1488,26.6853],[142.1488,26.6852]]],[[[142.1489,26.6852],[142.1489,26.6852],[142.1489,26.6853],[142.1489,26.6853],[142.1489,26.6852]]],[[[142.1499,26.6844],[142.1501,26.6844],[142.1501,26.6846],[142.1499,26.6846],[142.1499,26.6844]]],[[[142.1468,26.6878],[142.1469,26.6878],[142.1469,26.6878],[142.1468,26.6878],[142.1468,26.6878]]],[[[142.1467,26.6882],[142.1468,26.6882],[142.1468,26.6883],[142.1467,26.6883],[142.1467,26.6882]]],[[[142.1472,26.6887],[142.1472,26.6887],[142.1472,26.6888],[142.1472,26.6888],[142.1472,26.6887]]],[[[142.1623,26.6679],[142.1624,26.6679],[142.1624,26.6679],[142.1623,26.6679],[142.1623,26.6679]]],[[[142.163,26.6673],[142.1631,26.6673],[142.1631,26.6673],[142.163,26.6673],[142.163,26.6673]]],[[[142.1624,26.6709],[142.1626,26.6709],[142.1626,26.671],[142.1624,26.671],[142.1624,26.6709]]],[[[142.1625,26.671],[142.1626,26.671],[142.1626,26.6711],[142.1625,26.6711],[142.1625,26.671]]],[[[142.1625,26.6683],[142.1626,26.6683],[142.1626,26.6684],[142.1625,26.6684],[142.1625,26.6683]]],[[[142.1628,26.6686],[142.1629,26.6686],[142.1629,26.6687],[142.1628,26.6687],[142.1628,26.6686]]],[[[142.1628,26.6688],[142.1629,26.6688],[142.1629,26.6688],[142.1628,26.6688],[142.1628,26.6688]]],[[[142.1629,26.6687],[142.1629,26.6687],[142.1629,26.6688],[142.1629,26.6688],[142.1629,26.6687]]],[[[142.1628,26.6692],[142.1629,26.6692],[142.1629,26.6692],[142.1628,26.6692],[142.1628,26.6692]]],[[[142.1626,26.6706],[142.1626,26.6706],[142.1626,26.6707],[142.1626,26.6707],[142.1626,26.6706]]],[[[142.1625,26.6707],[142.1625,26.6707],[142.1625,26.6708],[142.1625,26.6708],[142.1625,26.6707]]],[[[142.1625,26.6707],[142.1626,26.6707],[142.1626,26.6707],[142.1625,26.6707],[142.1625,26.6707]]],[[[142.1625,26.6708],[142.1626,26.6708],[142.1626,26.6708],[142.1625,26.6708],[142.1625,26.6708]]],[[[142.1628,26.6702],[142.1629,26.6702],[142.1629,26.6703],[142.1628,26.6703],[142.1628,26.6702]]],[[[142.1626,26.6705],[142.1626,26.6705],[142.1626,26.6706],[142.1626,26.6706],[142.1626,26.6705]]],[[[142.1626,26.6706],[142.1627,26.6706],[142.1627,26.6707],[142.1626,26.6707],[142.1626,26.6706]]],[[[142.1627,26.6706],[142.1628,26.6706],[142.1628,26.6707],[142.1627,26.6707],[142.1627,26.6706]]],[[[142.1626,26.6707],[142.1627,26.6707],[142.1627,26.6709],[142.1626,26.6709],[142.1626,26.6707]]],[[[142.1624,26.6711],[142.1624,26.6711],[142.1624,26.6711],[142.1624,26.6711],[142.1624,26.6711]]],[[[142.1625,26.6711],[142.1625,26.6711],[142.1625,26.6711],[142.1625,26.6711],[142.1625,26.6711]]],[[[142.1623,26.6712],[142.1624,26.6712],[142.1624,26.6713],[142.1623,26.6713],[142.1623,26.6712]]],[[[142.1625,26.6711],[142.1626,26.6711],[142.1626,26.6712],[142.1625,26.6712],[142.1625,26.6711]]],[[[142.1508,26.6838],[142.1509,26.6838],[142.1509,26.6838],[142.1508,26.6838],[142.1508,26.6838]]],[[[142.1508,26.6838],[142.1508,26.6838],[142.1508,26.6839],[142.1508,26.6839],[142.1508,26.6838]]],[[[142.151,26.6837],[142.1511,26.6837],[142.1511,26.6837],[142.151,26.6837],[142.151,26.6837]]],[[[142.1519,26.6837],[142.152,26.6837],[142.152,26.6838],[142.1519,26.6838],[142.1519,26.6837]]],[[[142.1528,26.684],[142.1528,26.684],[142.1528,26.684],[142.1528,26.684],[142.1528,26.684]]],[[[142.1534,26.6842],[142.1534,26.6842],[142.1534,26.6842],[142.1534,26.6842],[142.1534,26.6842]]],[[[142.1539,26.6842],[142.154,26.6842],[142.154,26.6843],[142.1539,26.6843],[142.1539,26.6842]]],[[[142.1548,26.6847],[142.1548,26.6847],[142.1548,26.6847],[142.1548,26.6847],[142.1548,26.6847]]],[[[142.155,26.6847],[142.155,26.6847],[142.155,26.6848],[142.155,26.6848],[142.155,26.6847]]],[[[142.1552,26.6848],[142.1553,26.6848],[142.1553,26.6849],[142.1552,26.6849],[142.1552,26.6848]]],[[[142.1627,26.6744],[142.1628,26.6744],[142.1628,26.6744],[142.1627,26.6744],[142.1627,26.6744]]],[[[142.1628,26.6745],[142.163,26.6745],[142.163,26.6746],[142.1628,26.6746],[142.1628,26.6745]]],[[[142.1631,26.6752],[142.1631,26.6752],[142.1631,26.6753],[142.1631,26.6753],[142.1631,26.6752]]],[[[142.1562,26.6853],[142.1563,26.6853],[142.1563,26.6854],[142.1562,26.6854],[142.1562,26.6853]]],[[[142.1565,26.6854],[142.1565,26.6854],[142.1565,26.6855],[142.1565,26.6855],[142.1565,26.6854]]],[[[142.1568,26.6856],[142.1568,26.6856],[142.1568,26.6857],[142.1568,26.6857],[142.1568,26.6856]]],[[[142.1577,26.6863],[142.1578,26.6863],[142.1578,26.6864],[142.1577,26.6864],[142.1577,26.6863]]],[[[142.1588,26.6866],[142.1589,26.6866],[142.1589,26.6866],[142.1588,26.6866],[142.1588,26.6866]]],[[[142.159,26.6866],[142.1591,26.6866],[142.1591,26.6866],[142.159,26.6866],[142.159,26.6866]]],[[[142.1596,26.6869],[142.1596,26.6869],[142.1596,26.6869],[142.1596,26.6869],[142.1596,26.6869]]],[[[142.165,26.679],[142.1651,26.679],[142.1651,26.679],[142.165,26.679],[142.165,26.679]]],[[[142.1651,26.679],[142.1651,26.679],[142.1651,26.6791],[142.1651,26.6791],[142.1651,26.679]]],[[[142.1631,26.6747],[142.1632,26.6747],[142.1632,26.6748],[142.1631,26.6748],[142.1631,26.6747]]],[[[142.1632,26.6753],[142.1632,26.6753],[142.1632,26.6753],[142.1632,26.6753],[142.1632,26.6753]]],[[[142.1632,26.6753],[142.1633,26.6753],[142.1633,26.6754],[142.1632,26.6754],[142.1632,26.6753]]],[[[142.1633,26.6755],[142.1634,26.6755],[142.1634,26.6756],[142.1633,26.6756],[142.1633,26.6755]]],[[[142.1637,26.6759],[142.1638,26.6759],[142.1638,26.6759],[142.1637,26.6759],[142.1637,26.6759]]],[[[142.1637,26.6761],[142.1638,26.6761],[142.1638,26.6763],[142.1637,26.6763],[142.1637,26.6761]]],[[[142.1637,26.6764],[142.1637,26.6764],[142.1637,26.6765],[142.1637,26.6765],[142.1637,26.6764]]],[[[142.1637,26.6765],[142.1638,26.6765],[142.1638,26.6766],[142.1637,26.6766],[142.1637,26.6765]]],[[[142.1638,26.6766],[142.1639,26.6766],[142.1639,26.6766],[142.1638,26.6766],[142.1638,26.6766]]],[[[142.1638,26.6768],[142.1638,26.6768],[142.1638,26.6768],[142.1638,26.6768],[142.1638,26.6768]]],[[[142.1639,26.6768],[142.1639,26.6768],[142.1639,26.6768],[142.1639,26.6768],[142.1639,26.6768]]],[[[142.1639,26.6771],[142.1639,26.6771],[142.1639,26.6771],[142.1639,26.6771],[142.1639,26.6771]]],[[[142.164,26.6774],[142.1641,26.6774],[142.1641,26.6775],[142.164,26.6775],[142.164,26.6774]]],[[[142.164,26.6776],[142.1641,26.6776],[142.1641,26.6777],[142.164,26.6777],[142.164,26.6776]]],[[[142.1641,26.6777],[142.1641,26.6777],[142.1641,26.6778],[142.1641,26.6778],[142.1641,26.6777]]],[[[142.165,26.6778],[142.1651,26.6778],[142.1651,26.6779],[142.165,26.6779],[142.165,26.6778]]],[[[142.1652,26.6792],[142.1653,26.6792],[142.1653,26.6793],[142.1652,26.6793],[142.1652,26.6792]]],[[[142.165,26.6869],[142.1651,26.6869],[142.1651,26.6869],[142.165,26.6869],[142.165,26.6869]]],[[[142.1652,26.6795],[142.1653,26.6795],[142.1653,26.6795],[142.1652,26.6795],[142.1652,26.6795]]],[[[142.1653,26.6795],[142.1653,26.6795],[142.1653,26.6796],[142.1653,26.6796],[142.1653,26.6795]]],[[[142.1667,26.682],[142.1668,26.682],[142.1668,26.6821],[142.1667,26.6821],[142.1667,26.682]]],[[[142.1667,26.6823],[142.1668,26.6823],[142.1668,26.6824],[142.1667,26.6824],[142.1667,26.6823]]],[[[142.1667,26.682],[142.1671,26.682],[142.1671,26.6827],[142.1667,26.6827],[142.1667,26.682]]],[[[142.1653,26.6797],[142.1654,26.6797],[142.1654,26.6798],[142.1653,26.6798],[142.1653,26.6797]]],[[[142.1654,26.6797],[142.1654,26.6797],[142.1654,26.6798],[142.1654,26.6798],[142.1654,26.6797]]],[[[142.1654,26.6799],[142.1654,26.6799],[142.1654,26.6799],[142.1654,26.6799],[142.1654,26.6799]]],[[[142.1657,26.6799],[142.1658,26.6799],[142.1658,26.68],[142.1657,26.68],[142.1657,26.6799]]],[[[142.1657,26.68],[142.1658,26.68],[142.1658,26.68],[142.1657,26.68],[142.1657,26.68]]],[[[142.1659,26.68],[142.1659,26.68],[142.1659,26.6801],[142.1659,26.6801],[142.1659,26.68]]],[[[142.166,26.6801],[142.166,26.6801],[142.166,26.6801],[142.166,26.6801],[142.166,26.6801]]],[[[142.166,26.68],[142.1661,26.68],[142.1661,26.68],[142.166,26.68],[142.166,26.68]]],[[[142.1663,26.6799],[142.1664,26.6799],[142.1664,26.68],[142.1663,26.68],[142.1663,26.6799]]],[[[142.1666,26.6804],[142.1666,26.6804],[142.1666,26.6804],[142.1666,26.6804],[142.1666,26.6804]]],[[[142.1669,26.6812],[142.1669,26.6812],[142.1669,26.6813],[142.1669,26.6813],[142.1669,26.6812]]],[[[142.1669,26.6804],[142.1671,26.6804],[142.1671,26.6806],[142.1669,26.6806],[142.1669,26.6804]]],[[[142.167,26.681],[142.1671,26.681],[142.1671,26.681],[142.167,26.681],[142.167,26.681]]],[[[142.1665,26.682],[142.1666,26.682],[142.1666,26.6821],[142.1665,26.6821],[142.1665,26.682]]],[[[142.167,26.6818],[142.1671,26.6818],[142.1671,26.6818],[142.167,26.6818],[142.167,26.6818]]],[[[142.1662,26.6828],[142.1663,26.6828],[142.1663,26.6829],[142.1662,26.6829],[142.1662,26.6828]]],[[[142.1663,26.6829],[142.1663,26.6829],[142.1663,26.6829],[142.1663,26.6829],[142.1663,26.6829]]],[[[142.1662,26.6832],[142.1663,26.6832],[142.1663,26.6832],[142.1662,26.6832],[142.1662,26.6832]]],[[[142.1661,26.6836],[142.1661,26.6836],[142.1661,26.6836],[142.1661,26.6836],[142.1661,26.6836]]],[[[142.1663,26.6832],[142.1664,26.6832],[142.1664,26.6833],[142.1663,26.6833],[142.1663,26.6832]]],[[[142.1667,26.6833],[142.1668,26.6833],[142.1668,26.6834],[142.1667,26.6834],[142.1667,26.6833]]],[[[142.1662,26.6836],[142.1662,26.6836],[142.1662,26.6837],[142.1662,26.6837],[142.1662,26.6836]]],[[[142.1661,26.6839],[142.1662,26.6839],[142.1662,26.6839],[142.1661,26.6839],[142.1661,26.6839]]],[[[142.1665,26.6845],[142.1665,26.6845],[142.1665,26.6846],[142.1665,26.6846],[142.1665,26.6845]]],[[[142.1667,26.6846],[142.1668,26.6846],[142.1668,26.6847],[142.1667,26.6847],[142.1667,26.6846]]],[[[142.167,26.6847],[142.1671,26.6847],[142.1671,26.6848],[142.167,26.6848],[142.167,26.6847]]],[[[142.1671,26.6849],[142.1673,26.6849],[142.1673,26.6851],[142.1671,26.6851],[142.1671,26.6849]]],[[[142.1674,26.6851],[142.1674,26.6851],[142.1674,26.6852],[142.1674,26.6852],[142.1674,26.6851]]],[[[142.1681,26.6849],[142.1684,26.6849],[142.1684,26.6853],[142.1681,26.6853],[142.1681,26.6849]]],[[[142.1687,26.6853],[142.1689,26.6853],[142.1689,26.6855],[142.1687,26.6855],[142.1687,26.6853]]],[[[142.1684,26.6859],[142.1685,26.6859],[142.1685,26.686],[142.1684,26.686],[142.1684,26.6859]]],[[[142.1682,26.686],[142.1685,26.686],[142.1685,26.6862],[142.1682,26.6862],[142.1682,26.686]]],[[[142.1681,26.6864],[142.1683,26.6864],[142.1683,26.6865],[142.1681,26.6865],[142.1681,26.6864]]],[[[142.1685,26.6863],[142.1688,26.6863],[142.1688,26.6866],[142.1685,26.6866],[142.1685,26.6863]]],[[[142.1681,26.6902],[142.1683,26.6902],[142.1683,26.6904],[142.1681,26.6904],[142.1681,26.6902]]],[[[142.1682,26.6901],[142.1684,26.6901],[142.1684,26.6902],[142.1682,26.6902],[142.1682,26.6901]]],[[[142.1684,26.6902],[142.1685,26.6902],[142.1685,26.6903],[142.1684,26.6903],[142.1684,26.6902]]],[[[142.1685,26.6903],[142.1687,26.6903],[142.1687,26.6905],[142.1685,26.6905],[142.1685,26.6903]]],[[[142.162,26.6872],[142.1621,26.6872],[142.1621,26.6872],[142.162,26.6872],[142.162,26.6872]]],[[[142.1637,26.6872],[142.1638,26.6872],[142.1638,26.6873],[142.1637,26.6873],[142.1637,26.6872]]],[[[142.1637,26.6874],[142.1638,26.6874],[142.1638,26.6874],[142.1637,26.6874],[142.1637,26.6874]]],[[[142.1639,26.6874],[142.1641,26.6874],[142.1641,26.6875],[142.1639,26.6875],[142.1639,26.6874]]],[[[142.1642,26.6872],[142.1643,26.6872],[142.1643,26.6872],[142.1642,26.6872],[142.1642,26.6872]]],[[[142.1643,26.6872],[142.1644,26.6872],[142.1644,26.6872],[142.1643,26.6872],[142.1643,26.6872]]],[[[142.1643,26.6872],[142.1644,26.6872],[142.1644,26.6873],[142.1643,26.6873],[142.1643,26.6872]]],[[[142.1645,26.6871],[142.1646,26.6871],[142.1646,26.6871],[142.1645,26.6871],[142.1645,26.6871]]],[[[142.1652,26.687],[142.1652,26.687],[142.1652,26.687],[142.1652,26.687],[142.1652,26.687]]],[[[142.1618,26.6875],[142.1621,26.6875],[142.1621,26.6877],[142.1618,26.6877],[142.1618,26.6875]]],[[[142.162,26.6882],[142.1621,26.6882],[142.1621,26.6883],[142.162,26.6883],[142.162,26.6882]]],[[[142.162,26.6883],[142.1621,26.6883],[142.1621,26.6884],[142.162,26.6884],[142.162,26.6883]]],[[[142.1619,26.6884],[142.162,26.6884],[142.162,26.6885],[142.1619,26.6885],[142.1619,26.6884]]],[[[142.1621,26.6882],[142.1622,26.6882],[142.1622,26.6883],[142.1621,26.6883],[142.1621,26.6882]]],[[[142.1679,26.6904],[142.1681,26.6904],[142.1681,26.6905],[142.1679,26.6905],[142.1679,26.6904]]],[[[142.1459,26.6916],[142.1459,26.6916],[142.1459,26.6917],[142.1459,26.6917],[142.1459,26.6916]]],[[[142.147,26.6919],[142.1472,26.6919],[142.1472,26.6921],[142.147,26.6921],[142.147,26.6919]]],[[[142.1473,26.6919],[142.1473,26.6919],[142.1473,26.692],[142.1473,26.692],[142.1473,26.6919]]],[[[142.1412,26.6991],[142.1412,26.6991],[142.1412,26.6991],[142.1412,26.6991],[142.1412,26.6991]]],[[[142.1413,26.702],[142.1416,26.702],[142.1416,26.7022],[142.1413,26.7022],[142.1413,26.702]]],[[[142.1413,26.7024],[142.1414,26.7024],[142.1414,26.7024],[142.1413,26.7024],[142.1413,26.7024]]],[[[142.1417,26.7024],[142.1418,26.7024],[142.1418,26.7025],[142.1417,26.7025],[142.1417,26.7024]]],[[[142.1417,26.7025],[142.1418,26.7025],[142.1418,26.7026],[142.1417,26.7026],[142.1417,26.7025]]],[[[142.1419,26.7023],[142.142,26.7023],[142.142,26.7024],[142.1419,26.7024],[142.1419,26.7023]]],[[[142.1419,26.7028],[142.142,26.7028],[142.142,26.7029],[142.1419,26.7029],[142.1419,26.7028]]],[[[142.1493,26.6941],[142.1493,26.6941],[142.1493,26.6942],[142.1493,26.6942],[142.1493,26.6941]]],[[[142.1493,26.6942],[142.1494,26.6942],[142.1494,26.6943],[142.1493,26.6943],[142.1493,26.6942]]],[[[142.1496,26.6942],[142.1496,26.6942],[142.1496,26.6942],[142.1496,26.6942],[142.1496,26.6942]]],[[[142.1496,26.6943],[142.1497,26.6943],[142.1497,26.6944],[142.1496,26.6944],[142.1496,26.6943]]],[[[142.1502,26.694],[142.1502,26.694],[142.1502,26.694],[142.1502,26.694],[142.1502,26.694]]],[[[142.1502,26.694],[142.1503,26.694],[142.1503,26.6941],[142.1502,26.6941],[142.1502,26.694]]],[[[142.1505,26.6939],[142.1507,26.6939],[142.1507,26.694],[142.1505,26.694],[142.1505,26.6939]]],[[[142.1415,26.7038],[142.1416,26.7038],[142.1416,26.7038],[142.1415,26.7038],[142.1415,26.7038]]],[[[142.1456,26.7065],[142.1461,26.7065],[142.1461,26.707],[142.1456,26.707],[142.1456,26.7065]]],[[[142.1599,26.6873],[142.16,26.6873],[142.16,26.6875],[142.1599,26.6875],[142.1599,26.6873]]],[[[142.1594,26.6874],[142.1604,26.6874],[142.1604,26.6879],[142.1594,26.6879],[142.1594,26.6874]]],[[[142.1594,26.6869],[142.1595,26.6869],[142.1595,26.687],[142.1594,26.687],[142.1594,26.6869]]],[[[142.1596,26.6873],[142.1597,26.6873],[142.1597,26.6873],[142.1596,26.6873],[142.1596,26.6873]]],[[[142.1602,26.6871],[142.1603,26.6871],[142.1603,26.6871],[142.1602,26.6871],[142.1602,26.6871]]],[[[142.1509,26.6941],[142.151,26.6941],[142.151,26.6942],[142.1509,26.6942],[142.1509,26.6941]]],[[[142.1513,26.695],[142.1514,26.695],[142.1514,26.6951],[142.1513,26.6951],[142.1513,26.695]]],[[[142.1509,26.6964],[142.151,26.6964],[142.151,26.6965],[142.1509,26.6965],[142.1509,26.6964]]],[[[142.1511,26.6967],[142.1511,26.6967],[142.1511,26.6968],[142.1511,26.6968],[142.1511,26.6967]]],[[[142.1511,26.6968],[142.1512,26.6968],[142.1512,26.6969],[142.1511,26.6969],[142.1511,26.6968]]],[[[142.1514,26.6962],[142.1515,26.6962],[142.1515,26.6963],[142.1514,26.6963],[142.1514,26.6962]]],[[[142.1515,26.696],[142.1515,26.696],[142.1515,26.6961],[142.1515,26.6961],[142.1515,26.696]]],[[[142.152,26.6962],[142.1521,26.6962],[142.1521,26.6963],[142.152,26.6963],[142.152,26.6962]]],[[[142.1515,26.6962],[142.1516,26.6962],[142.1516,26.6964],[142.1515,26.6964],[142.1515,26.6962]]],[[[142.1516,26.6968],[142.1517,26.6968],[142.1517,26.6969],[142.1516,26.6969],[142.1516,26.6968]]],[[[142.1517,26.697],[142.1518,26.697],[142.1518,26.697],[142.1517,26.697],[142.1517,26.697]]],[[[142.1518,26.6964],[142.1519,26.6964],[142.1519,26.6965],[142.1518,26.6965],[142.1518,26.6964]]],[[[142.1528,26.6971],[142.1528,26.6971],[142.1528,26.6972],[142.1528,26.6972],[142.1528,26.6971]]],[[[142.1618,26.6878],[142.162,26.6878],[142.162,26.6881],[142.1618,26.6881],[142.1618,26.6878]]],[[[142.1618,26.6881],[142.162,26.6881],[142.162,26.6883],[142.1618,26.6883],[142.1618,26.6881]]]]}}]}