fiscal_year,direction,budget_line_id,cofog_status,cofog_division,cofog_consolidation,cofog_decided_at_level,cofog_rule_id,cofog_counterpart_fund
2021,expenditure,132241:2021:expenditure:approved:000708cec0288f2b,assigned,04,retained,款,shoko,
2021,expenditure,132241:2021:expenditure:approved:003625d43582047d,assigned,01,retained,款,somu,
2021,expenditure,132241:2021:expenditure:approved:006114cb4a8570a5,assigned,09,retained,項,tama-kyoiku-gakko,
2021,expenditure,132241:2021:expenditure:approved:0080aa5d2f4cbce9,assigned,01,retained,款,somu,
2021,expenditure,132241:2021:expenditure:approved:00b9963d0e0cc0f4,assigned,01,retained,款,somu,
2021,expenditure,132241:2021:expenditure:approved:00c66da3482cd7cd,assigned,01,retained,款,somu,
2021,expenditure,132241:2021:expenditure:approved:00d252cae593a8cf,assigned,09,retained,項,tama-shakaikyoiku-other,
2021,expenditure,132241:2021:expenditure:approved:00e407347d1fd4f2,assigned,01,retained,款,somu,
2021,expenditure,132241:2021:expenditure:approved:00f7c6e563a43586,assigned,04,retained,項,tama-doboku-doro,
2021,expenditure,132241:2021:expenditure:approved:0133316e46635c28,assigned,01,retained,款,gikai,
2021,expenditure,132241:2021:expenditure:approved:014eb6be30f2b020,assigned,08,retained,目,tama-shakaikyoiku-toshokan,
2021,expenditure,132241:2021:expenditure:approved:015ae5638b4786b1,assigned,10,retained,款,minsei,
2021,expenditure,132241:2021:expenditure:approved:017ffd12e605ef7a,assigned,06,retained,項,tama-doboku-jutaku,
2021,expenditure,132241:2021:expenditure:approved:01ad2dcbb709c4fd,assigned,03,retained,款,shobo,
2021,expenditure,132241:2021:expenditure:approved:01d2ce1890c002a3,assigned,10,retained,款,minsei,
2021,expenditure,132241:2021:expenditure:approved:022389ff2f5bd129,assigned,06,retained,項,tama-toshikeikaku-other,
2021,expenditure,132241:2021:expenditure:approved:0251140674260a80,assigned,05,retained,項,tama-eisei-seiso,
2021,expenditure,132241:2021:expenditure:approved:02ad7a467200878a,assigned,10,retained,款,minsei,
2021,expenditure,132241:2021:expenditure:approved:02b0b45c7489b89a,assigned,01,retained,款,somu,
2021,expenditure,132241:2021:expenditure:approved:02d52362d555d109,assigned,07,retained,項,tama-eisei-hoken,
2021,expenditure,132241:2021:expenditure:approved:033776ec9533cced,assigned,01,retained,款,gikai,
2021,expenditure,132241:2021:expenditure:approved:038ac0c653a5f19e,assigned,01,retained,款,gikai,
2021,expenditure,132241:2021:expenditure:approved:03a476553432f024,assigned,01,retained,款,somu,
2021,expenditure,132241:2021:expenditure:approved:0409432ca733dc48,assigned,01,retained,款,somu,
2021,expenditure,132241:2021:expenditure:approved:041ff0629d6663f7,assigned,09,retained,項,tama-kyoiku-gakko,
2021,expenditure,132241:2021:expenditure:approved:0445bd6aa08a94f6,assigned,09,retained,項,tama-shakaikyoiku-other,
2021,expenditure,132241:2021:expenditure:approved:04518c513d23e609,assigned,01,retained,款,somu,
2021,expenditure,132241:2021:expenditure:approved:04b407f88e1aaf7d,assigned,07,retained,項,tama-eisei-hoken,
2021,expenditure,132241:2021:expenditure:approved:04c79d9b498aca28,assigned,04,retained,項,tama-doboku-doro,
2021,expenditure,132241:2021:expenditure:approved:04d3c0d432690045,assigned,04,retained,款,shoko,
2021,expenditure,132241:2021:expenditure:approved:04e13766946347da,assigned,10,retained,款,minsei,
2021,expenditure,132241:2021:expenditure:approved:04f0fd92955c51b2,assigned,01,retained,款,somu,
2021,expenditure,132241:2021:expenditure:approved:059695ba3cbf32f3,assigned,09,retained,目,tama-hokentaiiku-kyushoku,
2021,expenditure,132241:2021:expenditure:approved:05aace0fd006bc4c,assigned,10,retained,款,minsei,
2021,expenditure,132241:2021:expenditure:approved:05eb100aadc554e3,assigned,04,retained,項,tama-doboku-doro,
2021,expenditure,132241:2021:expenditure:approved:060b5f9dd86f594d,assigned,07,retained,項,tama-eisei-hoken,
2021,expenditure,132241:2021:expenditure:approved:0630e5336913bc56,assigned,10,retained,款,minsei,
2021,expenditure,132241:2021:expenditure:approved:0633e7ebbf62de09,assigned,08,retained,項,tama-hokentaiiku-other,
2021,expenditure,132241:2021:expenditure:approved:065203c0fc8bf425,assigned,01,retained,款,somu,
2021,expenditure,132241:2021:expenditure:approved:0663d70680d5eac6,assigned,04,retained,款,rodo,
2021,expenditure,132241:2021:expenditure:approved:0696feb33e5420f9,assigned,09,retained,目,tama-hokentaiiku-kyushoku,
2021,expenditure,132241:2021:expenditure:approved:06b014d078dccdd9,assigned,08,retained,目,tama-shakaikyoiku-toshokan,
2021,expenditure,132241:2021:expenditure:approved:06d60ced64e78829,assigned,08,retained,目,tama-shakaikyoiku-toshokan,
2021,expenditure,132241:2021:expenditure:approved:06e1e7792b3a02c1,assigned,10,retained,款,minsei,
2021,expenditure,132241:2021:expenditure:approved:06ea5cd7c766a30d,assigned,09,retained,項,tama-kyoiku-gakko,
2021,expenditure,132241:2021:expenditure:approved:0743083eade978d4,assigned,09,retained,項,tama-shakaikyoiku-other,
2021,expenditure,132241:2021:expenditure:approved:074b87a165e70bc4,assigned,10,retained,款,minsei,
2021,expenditure,132241:2021:expenditure:approved:076602555eda3f2e,assigned,04,retained,款,shoko,
2021,expenditure,132241:2021:expenditure:approved:076aa5ab134d8b84,assigned,08,retained,項,tama-hokentaiiku-other,
2021,expenditure,132241:2021:expenditure:approved:07ab92e34e77daeb,assigned,09,retained,項,tama-shakaikyoiku-other,
2021,expenditure,132241:2021:expenditure:approved:07ba2d02fe5cf2da,assigned,10,retained,款,minsei,
2021,expenditure,132241:2021:expenditure:approved:07bf75c499261c3a,assigned,01,retained,款,somu,
2021,expenditure,132241:2021:expenditure:approved:07c2285f668223ba,assigned,08,retained,目,tama-shakaikyoiku-toshokan,
2021,expenditure,132241:2021:expenditure:approved:07d9d090fa7bff64,assigned,09,retained,項,tama-kyoiku-gakko,
2021,expenditure,132241:2021:expenditure:approved:07dc72b65f65ecce,assigned,10,retained,款,minsei,
2021,expenditure,132241:2021:expenditure:approved:083cf46d2ae016c4,assigned,10,retained,款,minsei,
2021,expenditure,132241:2021:expenditure:approved:089cc8df01714d9b,assigned,09,retained,項,tama-shakaikyoiku-other,
2021,expenditure,132241:2021:expenditure:approved:08de6e778c1c7722,assigned,01,retained,款,somu,
2021,expenditure,132241:2021:expenditure:approved:090de6c0450b8bdd,assigned,07,retained,項,tama-eisei-hoken,
2021,expenditure,132241:2021:expenditure:approved:097d25de8d2a4495,assigned,09,retained,項,tama-shakaikyoiku-other,
2021,expenditure,132241:2021:expenditure:approved:0986bc1a5b3f1927,assigned,06,retained,項,tama-doboku-jutaku,
2021,expenditure,132241:2021:expenditure:approved:098f2a945ad63ee5,assigned,07,retained,項,tama-eisei-hoken,
2021,expenditure,132241:2021:expenditure:approved:09e76a5d9ce7c1af,assigned,05,retained,項,tama-eisei-seiso,
2021,expenditure,132241:2021:expenditure:approved:0a8a5ad4aacbb6a9,assigned,03,retained,款,shobo,
2021,expenditure,132241:2021:expenditure:approved:0aa21d93fe8d22c5,assigned,01,retained,款,somu,
2021,expenditure,132241:2021:expenditure:approved:0aef732546bad7d8,assigned,01,retained,款,somu,
2021,expenditure,132241:2021:expenditure:approved:0b16fdfae8e4815d,assigned,10,retained,款,minsei,
2021,expenditure,132241:2021:expenditure:approved:0b2ec6aec973918d,assigned,01,retained,款,somu,
2021,expenditure,132241:2021:expenditure:approved:0b5dbedfbaf1e4fe,assigned,10,retained,款,minsei,
2021,expenditure,132241:2021:expenditure:approved:0c30793afdb2aa2d,assigned,01,retained,款,somu,
2021,expenditure,132241:2021:expenditure:approved:0c4be15d44d5b621,assigned,01,retained,款,somu,
2021,expenditure,132241:2021:expenditure:approved:0d4b577c332ae559,assigned,10,retained,款,minsei,
2021,expenditure,132241:2021:expenditure:approved:0dace00c5b57b1e2,assigned,01,retained,款,somu,
2021,expenditure,132241:2021:expenditure:approved:0db84ff731daefaf,assigned,01,retained,款,somu,
2021,expenditure,132241:2021:expenditure:approved:0dd71d8be7d20805,assigned,10,retained,款,minsei,
2021,expenditure,132241:2021:expenditure:approved:0dee1233545a9756,assigned,03,retained,款,shobo,
2021,expenditure,132241:2021:expenditure:approved:0e0fedc34b9275f5,assigned,09,retained,項,tama-shakaikyoiku-other,
2021,expenditure,132241:2021:expenditure:approved:0e277033cab3eba4,assigned,04,retained,項,tama-doboku-doro,
2021,expenditure,132241:2021:expenditure:approved:0ed30b9583b72df5,assigned,10,retained,款,minsei,
2021,expenditure,132241:2021:expenditure:approved:0eea3b5d7d4e4028,assigned,01,retained,款,somu,
2021,expenditure,132241:2021:expenditure:approved:0f2698d33270bb5f,assigned,04,retained,項,tama-nogyo,
2021,expenditure,132241:2021:expenditure:approved:0f28fc5eeea60244,assigned,09,retained,項,tama-shakaikyoiku-other,
2021,expenditure,132241:2021:expenditure:approved:0f44815e82e8f5c0,assigned,10,retained,款,minsei,
2021,expenditure,132241:2021:expenditure:approved:0f683b8adcd689e7,assigned,09,retained,項,tama-kyoiku-gakko,
2021,expenditure,132241:2021:expenditure:approved:0fc5381f62e68192,assigned,01,retained,款,somu,
2021,expenditure,132241:2021:expenditure:approved:0fe2d937ec8c8a74,assigned,09,retained,項,tama-kyoiku-gakko,
2021,expenditure,132241:2021:expenditure:approved:0fee0837d0633c8f,assigned,07,retained,項,tama-eisei-hoken,
2021,expenditure,132241:2021:expenditure:approved:0ffbc60cb6b0c6e4,assigned,10,retained,款,minsei,
2021,expenditure,132241:2021:expenditure:approved:10071eaae3b41477,assigned,07,retained,項,tama-eisei-hoken,
2021,expenditure,132241:2021:expenditure:approved:102521f5f10bf09a,assigned,06,retained,項,tama-doboku-jutaku,
2021,expenditure,132241:2021:expenditure:approved:10647121786b932b,assigned,04,retained,項,tama-doboku-kanri,
2021,expenditure,132241:2021:expenditure:approved:106de8f4ac7cf3a0,assigned,04,retained,款,shoko,
2021,expenditure,132241:2021:expenditure:approved:108be589205c28ac,assigned,09,retained,項,tama-kyoiku-gakko,
2021,expenditure,132241:2021:expenditure:approved:10cfba0252703a17,assigned,01,retained,款,somu,
2021,expenditure,132241:2021:expenditure:approved:10d15f4f6abf5890,assigned,01,retained,款,somu,
2021,expenditure,132241:2021:expenditure:approved:111bacc11c25665d,assigned,10,retained,款,minsei,
2021,expenditure,132241:2021:expenditure:approved:1143a81a4585827f,assigned,10,retained,款,minsei,
2021,expenditure,132241:2021:expenditure:approved:117e8e29cfb7188b,assigned,07,retained,項,tama-eisei-hoken,
2021,expenditure,132241:2021:expenditure:approved:118b95db21524524,assigned,04,retained,項,tama-nogyo,
2021,expenditure,132241:2021:expenditure:approved:119ebe84aba262c9,assigned,01,retained,款,somu,
2021,expenditure,132241:2021:expenditure:approved:11a525952034c361,assigned,09,retained,項,tama-shakaikyoiku-other,
2021,expenditure,132241:2021:expenditure:approved:11c6e3d952823b4a,assigned,09,retained,項,tama-kyoiku-gakko,
2021,expenditure,132241:2021:expenditure:approved:124f9de4b34a8429,assigned,04,retained,項,tama-nogyo,
2021,expenditure,132241:2021:expenditure:approved:12a2180d3f195561,assigned,07,retained,項,tama-eisei-hoken,
2021,expenditure,132241:2021:expenditure:approved:12c841a3b5afcea8,assigned,10,retained,款,minsei,
2021,expenditure,132241:2021:expenditure:approved:12f861d5305308d4,assigned,07,retained,項,tama-eisei-hoken,
2021,expenditure,132241:2021:expenditure:approved:13183fdeb30b5f8c,assigned,01,retained,款,somu,
2021,expenditure,132241:2021:expenditure:approved:139f42ac7f145501,assigned,01,retained,款,somu,
2021,expenditure,132241:2021:expenditure:approved:13bfcfef616e6487,assigned,01,retained,款,somu,
2021,expenditure,132241:2021:expenditure:approved:13cca83f903e3cbe,assigned,06,retained,項,tama-doboku-jutaku,
2021,expenditure,132241:2021:expenditure:approved:13d7a4cb8ec7e39b,assigned,09,retained,項,tama-shakaikyoiku-other,
2021,expenditure,132241:2021:expenditure:approved:14065a1f1665d8e7,assigned,10,retained,款,minsei,
2021,expenditure,132241:2021:expenditure:approved:1408cf7a0b620151,assigned,09,retained,項,tama-kyoiku-gakko,
2021,expenditure,132241:2021:expenditure:approved:147c2f46036ed9b6,assigned,07,retained,項,tama-eisei-hoken,
2021,expenditure,132241:2021:expenditure:approved:149df2f82ffa9bb8,assigned,07,retained,項,tama-eisei-hoken,
2021,expenditure,132241:2021:expenditure:approved:1501fabeaf06e531,assigned,10,retained,款,minsei,
2021,expenditure,132241:2021:expenditure:approved:15120d6c54718d11,assigned,01,retained,款,somu,
2021,expenditure,132241:2021:expenditure:approved:152aea41f2b185ea,assigned,10,retained,款,minsei,
2021,expenditure,132241:2021:expenditure:approved:1558d471bfa65936,assigned,07,retained,項,tama-eisei-hoken,
2021,expenditure,132241:2021:expenditure:approved:157e38ce528f0b93,assigned,01,retained,款,somu,
2021,expenditure,132241:2021:expenditure:approved:159cfb051cb980b1,assigned,01,retained,款,somu,
2021,expenditure,132241:2021:expenditure:approved:160dae97298900e4,assigned,01,retained,款,somu,
2021,expenditure,132241:2021:expenditure:approved:1613298eaee12a5f,assigned,10,retained,款,minsei,
2021,expenditure,132241:2021:expenditure:approved:162b55d9b3ab4fb0,assigned,10,retained,款,minsei,
2021,expenditure,132241:2021:expenditure:approved:163abac0d4ce6a47,assigned,08,retained,項,tama-hokentaiiku-other,
2021,expenditure,132241:2021:expenditure:approved:165f8e0966d24fd7,assigned,10,retained,款,minsei,
2021,expenditure,132241:2021:expenditure:approved:166ed29fc734c06a,assigned,01,retained,款,somu,
2021,expenditure,132241:2021:expenditure:approved:1678a5d0d4ac8d5f,assigned,04,retained,項,tama-doboku-doro,
2021,expenditure,132241:2021:expenditure:approved:169bd47e72cc6703,assigned,10,retained,款,minsei,
2021,expenditure,132241:2021:expenditure:approved:16bc5df2ba6d1ffd,assigned,10,retained,款,minsei,
2021,expenditure,132241:2021:expenditure:approved:16c9c990358f492b,assigned,01,retained,款,somu,
2021,expenditure,132241:2021:expenditure:approved:16d745b4699ac4e9,assigned,03,retained,款,shobo,
2021,expenditure,132241:2021:expenditure:approved:1712ff66de2e75e5,assigned,08,retained,目,tama-shakaikyoiku-toshokan,
2021,expenditure,132241:2021:expenditure:approved:1736581fcb29a9cd,assigned,06,retained,項,tama-doboku-jutaku,
2021,expenditure,132241:2021:expenditure:approved:1750f98e35611e03,assigned,06,retained,項,tama-toshikeikaku-other,
2021,expenditure,132241:2021:expenditure:approved:17564b474681c715,assigned,01,retained,款,somu,
2021,expenditure,132241:2021:expenditure:approved:1772a84995c4e90e,assigned,01,retained,款,somu,
2021,expenditure,132241:2021:expenditure:approved:178835fd83d1403c,assigned,01,retained,款,somu,
2021,expenditure,132241:2021:expenditure:approved:17935efa09dfa4b7,assigned,10,retained,款,minsei,
2021,expenditure,132241:2021:expenditure:approved:17ba7e7cffb486ff,assigned,09,retained,項,tama-kyoiku-gakko,
2021,expenditure,132241:2021:expenditure:approved:17d3730dbecd47d2,assigned,10,retained,款,minsei,
2021,expenditure,132241:2021:expenditure:approved:17da7a2d3844845c,assigned,07,retained,項,tama-eisei-hoken,
2021,expenditure,132241:2021:expenditure:approved:1819154a3fd3104f,assigned,04,retained,款,rodo,
2021,expenditure,132241:2021:expenditure:approved:182d69593e7c8e52,assigned,04,retained,款,shoko,
2021,expenditure,132241:2021:expenditure:approved:183331df32877a06,assigned,08,retained,項,tama-hokentaiiku-other,
2021,expenditure,132241:2021:expenditure:approved:1885a5b5c28d5c66,assigned,01,retained,款,somu,
2021,expenditure,132241:2021:expenditure:approved:189d0c8bd6db1dc2,assigned,09,retained,項,tama-shakaikyoiku-other,
2021,expenditure,132241:2021:expenditure:approved:18b363f9afaf7e8e,assigned,10,retained,款,minsei,
2021,expenditure,132241:2021:expenditure:approved:18c673b3c96774cb,assigned,01,retained,款,somu,
2021,expenditure,132241:2021:expenditure:approved:18ef49202c159d5a,assigned,08,retained,目,tama-shakaikyoiku-toshokan,
2021,expenditure,132241:2021:expenditure:approved:18f142dbb46ce8ac,assigned,09,retained,項,tama-kyoiku-gakko,
2021,expenditure,132241:2021:expenditure:approved:18f3d115e43db83d,assigned,07,retained,項,tama-eisei-hoken,
2021,expenditure,132241:2021:expenditure:approved:190dd32b88081115,assigned,10,retained,款,minsei,
2021,expenditure,132241:2021:expenditure:approved:1956655dcbdc0ff7,assigned,07,retained,項,tama-eisei-hoken,
2021,expenditure,132241:2021:expenditure:approved:19586408de58481a,assigned,09,retained,項,tama-shakaikyoiku-other,
2021,expenditure,132241:2021:expenditure:approved:198002efcef8aef8,assigned,08,retained,目,tama-shakaikyoiku-toshokan,
2021,expenditure,132241:2021:expenditure:approved:19833ff0fa2c98f3,assigned,01,retained,款,somu,
2021,expenditure,132241:2021:expenditure:approved:19a4f9a1a923b455,assigned,08,retained,目,tama-shakaikyoiku-toshokan,
2021,expenditure,132241:2021:expenditure:approved:19d4bd02681cb02b,assigned,09,retained,項,tama-kyoiku-gakko,
2021,expenditure,132241:2021:expenditure:approved:19d89df70bb55ec1,assigned,07,retained,項,tama-eisei-hoken,
2021,expenditure,132241:2021:expenditure:approved:19ea0a6727aaa5f7,assigned,04,retained,項,tama-doboku-kanri,
2021,expenditure,132241:2021:expenditure:approved:19eb8467a459a7f3,assigned,09,retained,項,tama-kyoiku-gakko,
2021,expenditure,132241:2021:expenditure:approved:1a525398be7aa863,assigned,01,retained,款,somu,
2021,expenditure,132241:2021:expenditure:approved:1a65268d44079206,assigned,10,retained,款,minsei,
2021,expenditure,132241:2021:expenditure:approved:1ab1e1f18b6e8a07,assigned,01,retained,款,somu,
2021,expenditure,132241:2021:expenditure:approved:1ae0af5d88d981ac,assigned,08,retained,目,tama-shakaikyoiku-toshokan,
2021,expenditure,132241:2021:expenditure:approved:1aedf8611b6d50ce,assigned,08,retained,目,tama-shakaikyoiku-toshokan,
2021,expenditure,132241:2021:expenditure:approved:1af1d985c6677859,assigned,09,retained,項,tama-shakaikyoiku-other,
2021,expenditure,132241:2021:expenditure:approved:1afead33e489303f,assigned,09,retained,項,tama-shakaikyoiku-other,
2021,expenditure,132241:2021:expenditure:approved:1b086a58f8fa6224,assigned,10,retained,款,minsei,
2021,expenditure,132241:2021:expenditure:approved:1b15a9582092354b,assigned,01,retained,款,somu,
2021,expenditure,132241:2021:expenditure:approved:1b2e5203514441f4,assigned,01,retained,款,somu,
2021,expenditure,132241:2021:expenditure:approved:1b3b79d734a8964a,assigned,01,retained,款,somu,
2021,expenditure,132241:2021:expenditure:approved:1b9b5a8a11873237,assigned,04,retained,項,tama-nogyo,
2021,expenditure,132241:2021:expenditure:approved:1be547cc6b2745d8,assigned,01,retained,款,somu,
2021,expenditure,132241:2021:expenditure:approved:1bf8b708915c0da0,assigned,03,retained,款,shobo,
2021,expenditure,132241:2021:expenditure:approved:1c08da0fd19da76a,assigned,10,retained,款,minsei,
2021,expenditure,132241:2021:expenditure:approved:1c48f13452a604ac,assigned,10,retained,款,minsei,
2021,expenditure,132241:2021:expenditure:approved:1c6e1dcc4c125fbc,assigned,01,retained,款,somu,
2021,expenditure,132241:2021:expenditure:approved:1d72f10d0b9f4d12,assigned,01,retained,款,somu,
2021,expenditure,132241:2021:expenditure:approved:1df1b229e4233855,assigned,04,retained,款,shoko,
2021,expenditure,132241:2021:expenditure:approved:1e08bc9db0663c26,assigned,10,retained,款,minsei,
2021,expenditure,132241:2021:expenditure:approved:1e09188eee706b99,assigned,01,retained,款,somu,
2021,expenditure,132241:2021:expenditure:approved:1e09493b7de8f683,assigned,01,retained,款,somu,
2021,expenditure,132241:2021:expenditure:approved:1e1a0206adec6f06,assigned,01,retained,款,somu,
2021,expenditure,132241:2021:expenditure:approved:1e3c414a49171598,assigned,01,retained,款,somu,
2021,expenditure,132241:2021:expenditure:approved:1e5188ba1e7aa61f,assigned,10,retained,款,minsei,
2021,expenditure,132241:2021:expenditure:approved:1e82a99ea8df5267,assigned,09,retained,目,tama-hokentaiiku-kyushoku,
2021,expenditure,132241:2021:expenditure:approved:1ece048b5428097d,assigned,04,retained,項,tama-doboku-doro,
2021,expenditure,132241:2021:expenditure:approved:1f037f5c42db7a1f,assigned,01,retained,款,somu,
2021,expenditure,132241:2021:expenditure:approved:1f307d9c432d0e5d,assigned,01,retained,款,somu,
2021,expenditure,132241:2021:expenditure:approved:1f4ab7fbf9863003,assigned,09,retained,項,tama-kyoiku-gakko,
2021,expenditure,132241:2021:expenditure:approved:1f4f93a8d6143775,assigned,01,retained,款,somu,
2021,expenditure,132241:2021:expenditure:approved:1fae4dd904a97bf5,assigned,03,retained,款,shobo,
2021,expenditure,132241:2021:expenditure:approved:1fdc34d99e368a10,assigned,01,retained,款,somu,
2021,expenditure,132241:2021:expenditure:approved:1fe13fc465aa048f,assigned,05,retained,項,tama-eisei-seiso,
2021,expenditure,132241:2021:expenditure:approved:1ff003c2f194d08a,assigned,07,retained,項,tama-eisei-hoken,
2021,expenditure,132241:2021:expenditure:approved:2012a7ab1953e06e,assigned,10,retained,款,minsei,
2021,expenditure,132241:2021:expenditure:approved:20278174e70fb747,assigned,09,retained,項,tama-kyoiku-gakko,
2021,expenditure,132241:2021:expenditure:approved:20714156de5b3b23,assigned,01,retained,款,somu,
2021,expenditure,132241:2021:expenditure:approved:20773191703c3efc,assigned,09,retained,項,tama-kyoiku-gakko,
2021,expenditure,132241:2021:expenditure:approved:20a92002203fcd4a,assigned,01,retained,款,somu,
2021,expenditure,132241:2021:expenditure:approved:20b4721d088217b5,assigned,08,retained,目,tama-toshikeikaku-kouen,
2021,expenditure,132241:2021:expenditure:approved:20e951d3c7bc4c99,assigned,09,retained,項,tama-shakaikyoiku-other,
2021,expenditure,132241:2021:expenditure:approved:20f1965ebe788096,assigned,10,retained,款,minsei,
2021,expenditure,132241:2021:expenditure:approved:20f6dc3c42d27229,assigned,03,retained,款,shobo,
2021,expenditure,132241:2021:expenditure:approved:20f9f2c456cdd39a,assigned,01,retained,款,somu,
2021,expenditure,132241:2021:expenditure:approved:210f40b9b61000cc,assigned,01,retained,款,somu,
2021,expenditure,132241:2021:expenditure:approved:2137c6ae6ba801ad,assigned,10,retained,款,minsei,
2021,expenditure,132241:2021:expenditure:approved:21620a2481570ce0,assigned,10,retained,款,minsei,
2021,expenditure,132241:2021:expenditure:approved:217c224270c510d5,assigned,09,retained,項,tama-kyoiku-gakko,
2021,expenditure,132241:2021:expenditure:approved:219df066643dc491,assigned,09,retained,項,tama-shakaikyoiku-other,
2021,expenditure,132241:2021:expenditure:approved:21f8860c5bdbe007,assigned,10,retained,款,minsei,
2021,expenditure,132241:2021:expenditure:approved:21fbc949fcf97b2c,assigned,10,retained,款,minsei,
2021,expenditure,132241:2021:expenditure:approved:223b3fd3a040f493,assigned,01,retained,款,somu,
2021,expenditure,132241:2021:expenditure:approved:22549c7e172bd605,assigned,01,retained,款,somu,
2021,expenditure,132241:2021:expenditure:approved:22629dd1451c60eb,assigned,03,retained,款,shobo,
2021,expenditure,132241:2021:expenditure:approved:229fb4fa9b2e8e1b,assigned,10,retained,款,minsei,
2021,expenditure,132241:2021:expenditure:approved:22b3ab7f107860ec,assigned,01,retained,款,somu,
2021,expenditure,132241:2021:expenditure:approved:22b9be1ed13397fe,assigned,10,retained,款,minsei,
2021,expenditure,132241:2021:expenditure:approved:2331867f869bbf6d,assigned,10,retained,款,minsei,
2021,expenditure,132241:2021:expenditure:approved:23342c9f869e3543,assigned,10,retained,款,minsei,
2021,expenditure,132241:2021:expenditure:approved:237256591d6f9a9c,assigned,05,retained,項,tama-eisei-seiso,
2021,expenditure,132241:2021:expenditure:approved:23973d593c69bada,assigned,09,retained,項,tama-shakaikyoiku-other,
2021,expenditure,132241:2021:expenditure:approved:23beb14f0e3f8335,assigned,09,retained,項,tama-kyoiku-gakko,
2021,expenditure,132241:2021:expenditure:approved:244b15e0a2d1cb9e,assigned,01,retained,款,somu,
2021,expenditure,132241:2021:expenditure:approved:24826f9379b5d3ae,assigned,01,retained,款,somu,
2021,expenditure,132241:2021:expenditure:approved:2497b2b8646f3209,assigned,10,retained,款,minsei,
2021,expenditure,132241:2021:expenditure:approved:24dba33f134ae7e5,assigned,09,retained,項,tama-kyoiku-gakko,
2021,expenditure,132241:2021:expenditure:approved:24dd5cc5e358e86b,assigned,08,retained,目,tama-shakaikyoiku-toshokan,
2021,expenditure,132241:2021:expenditure:approved:250e0b66758e0fdf,assigned,09,retained,項,tama-shakaikyoiku-other,
2021,expenditure,132241:2021:expenditure:approved:253aa7a613f7e2ed,assigned,10,retained,款,minsei,
2021,expenditure,132241:2021:expenditure:approved:25581a90c57ff506,assigned,01,retained,款,somu,
2021,expenditure,132241:2021:expenditure:approved:2569639539e3eab7,assigned,10,retained,款,minsei,
2021,expenditure,132241:2021:expenditure:approved:25782a182588505a,assigned,01,retained,款,somu,
2021,expenditure,132241:2021:expenditure:approved:2586ebb3bbf3492b,assigned,10,retained,款,minsei,
2021,expenditure,132241:2021:expenditure:approved:258783151d4f2f74,assigned,04,retained,款,shoko,
2021,expenditure,132241:2021:expenditure:approved:25a2de68b7f54788,assigned,09,retained,項,tama-kyoiku-gakko,
2021,expenditure,132241:2021:expenditure:approved:25c395af84155c96,assigned,01,retained,款,somu,
2021,expenditure,132241:2021:expenditure:approved:25cf12add7e21d85,assigned,01,retained,款,somu,
2021,expenditure,132241:2021:expenditure:approved:26129a415f09d897,assigned,07,retained,項,tama-eisei-hoken,
2021,expenditure,132241:2021:expenditure:approved:2642a972c79787ae,assigned,09,retained,項,tama-shakaikyoiku-other,
2021,expenditure,132241:2021:expenditure:approved:2661e8e1ccb3cf17,assigned,10,retained,款,minsei,
2021,expenditure,132241:2021:expenditure:approved:268aff4cd8b5f8e4,assigned,01,retained,款,somu,
2021,expenditure,132241:2021:expenditure:approved:2690b839cf95fdae,assigned,05,retained,項,tama-eisei-seiso,
2021,expenditure,132241:2021:expenditure:approved:26a349e2350f7e52,assigned,01,retained,款,somu,
2021,expenditure,132241:2021:expenditure:approved:26ff8d9f2868fadd,assigned,01,retained,款,somu,
2021,expenditure,132241:2021:expenditure:approved:271140eae3ee8ced,assigned,07,retained,項,tama-eisei-hoken,
2021,expenditure,132241:2021:expenditure:approved:271d08a5417eadc5,assigned,09,retained,項,tama-shakaikyoiku-other,
2021,expenditure,132241:2021:expenditure:approved:276bd6d582f6c151,assigned,10,retained,款,minsei,
2021,expenditure,132241:2021:expenditure:approved:278bb6ac72f0d8e5,assigned,01,retained,款,somu,
2021,expenditure,132241:2021:expenditure:approved:27b3b280f0ce7492,assigned,09,retained,項,tama-shakaikyoiku-other,
2021,expenditure,132241:2021:expenditure:approved:27ed807efdea32b4,assigned,09,retained,項,tama-kyoiku-gakko,
2021,expenditure,132241:2021:expenditure:approved:27f0f0c8e9926198,assigned,09,retained,項,tama-shakaikyoiku-other,
2021,expenditure,132241:2021:expenditure:approved:27fa1c820b22873a,assigned,10,retained,款,minsei,
2021,expenditure,132241:2021:expenditure:approved:284b83c69e0f8348,assigned,01,retained,款,somu,
2021,expenditure,132241:2021:expenditure:approved:286a05bb056a294e,assigned,01,retained,款,somu,
2021,expenditure,132241:2021:expenditure:approved:28b0da7ec960982a,assigned,04,retained,款,shoko,
2021,expenditure,132241:2021:expenditure:approved:28bea89e1e1f18af,assigned,07,retained,項,tama-eisei-hoken,
2021,expenditure,132241:2021:expenditure:approved:2901c9baeb1ac4e2,assigned,09,retained,項,tama-kyoiku-gakko,
2021,expenditure,132241:2021:expenditure:approved:2952c4363bfc49a3,assigned,01,retained,款,somu,
2021,expenditure,132241:2021:expenditure:approved:296587d3b77f0b8b,assigned,10,retained,款,minsei,
2021,expenditure,132241:2021:expenditure:approved:29780b0a47ee55c0,assigned,01,retained,款,somu,
2021,expenditure,132241:2021:expenditure:approved:2987bc87c2920d7a,assigned,01,retained,款,somu,
2021,expenditure,132241:2021:expenditure:approved:29acc55c14f392a4,assigned,01,retained,款,somu,
2021,expenditure,132241:2021:expenditure:approved:29d20ce265b4e808,assigned,01,retained,款,somu,
2021,expenditure,132241:2021:expenditure:approved:2a196635075fcd4f,assigned,09,retained,項,tama-kyoiku-gakko,
2021,expenditure,132241:2021:expenditure:approved:2a27aa4c9ab8b45d,assigned,10,retained,款,minsei,
2021,expenditure,132241:2021:expenditure:approved:2a30673dd44ab918,assigned,10,retained,款,minsei,
2021,expenditure,132241:2021:expenditure:approved:2a6ae9db0657e5b8,assigned,01,retained,款,somu,
2021,expenditure,132241:2021:expenditure:approved:2afdb85551221d4c,assigned,09,retained,項,tama-kyoiku-gakko,
2021,expenditure,132241:2021:expenditure:approved:2b1ed35189673a59,assigned,10,retained,款,minsei,
2021,expenditure,132241:2021:expenditure:approved:2b2f2e9eecd2a9b0,assigned,05,retained,項,tama-eisei-seiso,
2021,expenditure,132241:2021:expenditure:approved:2b4f955ba24661bd,assigned,04,retained,項,tama-doboku-doro,
2021,expenditure,132241:2021:expenditure:approved:2b567e624211fb51,assigned,09,retained,項,tama-shakaikyoiku-other,
2021,expenditure,132241:2021:expenditure:approved:2bbf31bfff67c84c,assigned,01,retained,款,somu,
2021,expenditure,132241:2021:expenditure:approved:2be99836451f0c5a,assigned,01,retained,款,somu,
2021,expenditure,132241:2021:expenditure:approved:2c3cab69c99e9008,assigned,09,retained,目,tama-hokentaiiku-kyushoku,
2021,expenditure,132241:2021:expenditure:approved:2c4095871fc3ab2b,assigned,01,retained,款,somu,
2021,expenditure,132241:2021:expenditure:approved:2c68796f37a517ee,assigned,04,retained,項,tama-doboku-kanri,
2021,expenditure,132241:2021:expenditure:approved:2c6c0f39d342b7e9,assigned,05,retained,項,tama-eisei-seiso,
2021,expenditure,132241:2021:expenditure:approved:2ce5474938cf7f38,assigned,05,retained,項,tama-eisei-seiso,
2021,expenditure,132241:2021:expenditure:approved:2ce9c192d981955d,assigned,06,retained,項,tama-doboku-jutaku,
2021,expenditure,132241:2021:expenditure:approved:2d164598444dad16,assigned,08,retained,目,tama-toshikeikaku-kouen,
2021,expenditure,132241:2021:expenditure:approved:2d22bd0f99483c40,assigned,01,retained,款,somu,
2021,expenditure,132241:2021:expenditure:approved:2d2773889f244e76,assigned,09,retained,項,tama-shakaikyoiku-other,
2021,expenditure,132241:2021:expenditure:approved:2d6d54c41617b10a,assigned,08,retained,目,tama-toshikeikaku-kouen,
2021,expenditure,132241:2021:expenditure:approved:2dfd3a8c3245cae6,assigned,10,retained,款,minsei,
2021,expenditure,132241:2021:expenditure:approved:2eaa744da554211b,assigned,09,retained,項,tama-shakaikyoiku-other,
2021,expenditure,132241:2021:expenditure:approved:2ec3ae14a34444d0,assigned,08,retained,目,tama-shakaikyoiku-toshokan,
2021,expenditure,132241:2021:expenditure:approved:2f09441d72d9591e,assigned,01,retained,款,somu,
2021,expenditure,132241:2021:expenditure:approved:2f175ade3796eb49,assigned,09,retained,項,tama-kyoiku-gakko,
2021,expenditure,132241:2021:expenditure:approved:2f34a0fa03ea3453,assigned,08,retained,目,tama-toshikeikaku-kouen,
2021,expenditure,132241:2021:expenditure:approved:2f9032238d74a829,assigned,01,retained,款,somu,
2021,expenditure,132241:2021:expenditure:approved:3011af50eb7b86f1,assigned,07,retained,項,tama-eisei-hoken,
2021,expenditure,132241:2021:expenditure:approved:30371adb09ba72b3,assigned,01,retained,款,somu,
2021,expenditure,132241:2021:expenditure:approved:3039e7aae47e60fa,assigned,08,retained,目,tama-shakaikyoiku-toshokan,
2021,expenditure,132241:2021:expenditure:approved:30e49d6c5ce3e655,assigned,01,retained,款,somu,
2021,expenditure,132241:2021:expenditure:approved:30e92c5c9af3209a,assigned,01,retained,款,somu,
2021,expenditure,132241:2021:expenditure:approved:30f62ec4d24172b2,assigned,03,retained,款,shobo,
2021,expenditure,132241:2021:expenditure:approved:31094d62632adf73,assigned,09,retained,項,tama-kyoiku-gakko,
2021,expenditure,132241:2021:expenditure:approved:310a88b55a91bf62,assigned,09,retained,項,tama-kyoiku-gakko,
2021,expenditure,132241:2021:expenditure:approved:312777b01fdbcf74,assigned,01,retained,款,somu,
2021,expenditure,132241:2021:expenditure:approved:3138032e190f317f,assigned,10,retained,款,minsei,
2021,expenditure,132241:2021:expenditure:approved:3139e3cf99c36d14,assigned,01,retained,款,somu,
2021,expenditure,132241:2021:expenditure:approved:313a01d6eabbc156,assigned,01,retained,款,somu,
2021,expenditure,132241:2021:expenditure:approved:318f5302c5d27c5c,assigned,08,retained,項,tama-hokentaiiku-other,
2021,expenditure,132241:2021:expenditure:approved:319478e9340cb594,assigned,01,retained,款,somu,
2021,expenditure,132241:2021:expenditure:approved:31bf83e4ba507f06,assigned,01,retained,款,somu,
2021,expenditure,132241:2021:expenditure:approved:31cb02543bd68df9,assigned,09,retained,項,tama-kyoiku-gakko,
2021,expenditure,132241:2021:expenditure:approved:31e2de149a4459b8,assigned,03,retained,款,shobo,
2021,expenditure,132241:2021:expenditure:approved:31f45c43d2f2c7b8,assigned,08,retained,目,tama-shakaikyoiku-toshokan,
2021,expenditure,132241:2021:expenditure:approved:323f9560c8748ee2,assigned,01,retained,款,somu,
2021,expenditure,132241:2021:expenditure:approved:3260c348eeb7c4ef,assigned,09,retained,項,tama-kyoiku-gakko,
2021,expenditure,132241:2021:expenditure:approved:326b09522df8ce6a,assigned,04,retained,項,tama-doboku-doro,
2021,expenditure,132241:2021:expenditure:approved:32b831ffb3027ac3,assigned,01,retained,款,somu,
2021,expenditure,132241:2021:expenditure:approved:32ea3a4c30f5b59b,assigned,01,retained,款,somu,
2021,expenditure,132241:2021:expenditure:approved:331b363446f0f359,assigned,06,retained,項,tama-toshikeikaku-other,
2021,expenditure,132241:2021:expenditure:approved:33719e5711caabbc,assigned,01,retained,款,somu,
2021,expenditure,132241:2021:expenditure:approved:3374a18caa6649d9,assigned,08,retained,項,tama-hokentaiiku-other,
2021,expenditure,132241:2021:expenditure:approved:338361e4fcda1066,assigned,09,retained,項,tama-kyoiku-gakko,
2021,expenditure,132241:2021:expenditure:approved:33d7f53d2f0f9cfc,assigned,10,retained,款,minsei,
2021,expenditure,132241:2021:expenditure:approved:34497563ab8309bb,assigned,10,retained,款,minsei,
2021,expenditure,132241:2021:expenditure:approved:345e2e61e0d65e24,assigned,10,retained,款,minsei,
2021,expenditure,132241:2021:expenditure:approved:346cb6605c0f4c79,assigned,10,retained,款,minsei,
2021,expenditure,132241:2021:expenditure:approved:346ed8d0efd6c0d3,assigned,01,retained,款,somu,
2021,expenditure,132241:2021:expenditure:approved:349e1ad3a5fff686,assigned,05,retained,項,tama-eisei-seiso,
2021,expenditure,132241:2021:expenditure:approved:349e6a74d30d6ed4,assigned,08,retained,項,tama-hokentaiiku-other,
2021,expenditure,132241:2021:expenditure:approved:34af0ace1d14cc96,assigned,09,retained,項,tama-kyoiku-gakko,
2021,expenditure,132241:2021:expenditure:approved:34ccdcca4f728ff3,assigned,06,retained,項,tama-toshikeikaku-other,
2021,expenditure,132241:2021:expenditure:approved:35167aa86750856c,assigned,09,retained,項,tama-shakaikyoiku-other,
2021,expenditure,132241:2021:expenditure:approved:3520d5203a558634,assigned,04,retained,項,tama-doboku-kanri,
2021,expenditure,132241:2021:expenditure:approved:356b45ef98efa746,assigned,10,retained,款,minsei,
2021,expenditure,132241:2021:expenditure:approved:35901f34dfad0f32,assigned,01,retained,款,somu,
2021,expenditure,132241:2021:expenditure:approved:35abe893a944f312,assigned,08,retained,目,tama-shakaikyoiku-toshokan,
2021,expenditure,132241:2021:expenditure:approved:35b959fc1d2a5bb7,assigned,10,retained,款,minsei,
2021,expenditure,132241:2021:expenditure:approved:35dcf3710b37b301,assigned,07,retained,項,tama-eisei-hoken,
2021,expenditure,132241:2021:expenditure:approved:36169650a7f32d81,assigned,10,retained,款,minsei,
2021,expenditure,132241:2021:expenditure:approved:362590f6b23bf4ff,assigned,08,retained,項,tama-hokentaiiku-other,
2021,expenditure,132241:2021:expenditure:approved:365d10b694c80d93,assigned,09,retained,項,tama-kyoiku-gakko,
2021,expenditure,132241:2021:expenditure:approved:368911a2b13f93b4,assigned,04,retained,款,shoko,
2021,expenditure,132241:2021:expenditure:approved:36a104fa87711e8c,assigned,01,retained,款,somu,
2021,expenditure,132241:2021:expenditure:approved:36e9d9386d0fa779,assigned,01,retained,款,somu,
2021,expenditure,132241:2021:expenditure:approved:36f4b47d496c46e1,assigned,09,retained,項,tama-shakaikyoiku-other,
2021,expenditure,132241:2021:expenditure:approved:375d8dfe7afe37ba,assigned,08,retained,項,tama-hokentaiiku-other,
2021,expenditure,132241:2021:expenditure:approved:37935039464d501a,assigned,09,retained,項,tama-shakaikyoiku-other,
2021,expenditure,132241:2021:expenditure:approved:37b4ea0e69c3258c,assigned,10,retained,款,minsei,
2021,expenditure,132241:2021:expenditure:approved:37b6bff6f95887b1,assigned,10,retained,款,minsei,
2021,expenditure,132241:2021:expenditure:approved:37da63ff34634733,assigned,08,retained,目,tama-toshikeikaku-kouen,
2021,expenditure,132241:2021:expenditure:approved:384f72de311de2c4,assigned,09,retained,項,tama-kyoiku-gakko,
2021,expenditure,132241:2021:expenditure:approved:387bdd58b309a88e,assigned,04,retained,項,tama-nogyo,
2021,expenditure,132241:2021:expenditure:approved:3887ee34776655f2,assigned,10,retained,款,minsei,
2021,expenditure,132241:2021:expenditure:approved:389bb1a27f112e8d,unclassifiable,"",retained,款,contingency,
2021,expenditure,132241:2021:expenditure:approved:38cb2043e1a5f223,assigned,01,retained,款,somu,
2021,expenditure,132241:2021:expenditure:approved:38d3991b0014e7a2,assigned,05,retained,項,tama-eisei-seiso,
2021,expenditure,132241:2021:expenditure:approved:38ffd052612c3288,assigned,03,retained,款,shobo,
2021,expenditure,132241:2021:expenditure:approved:390187431112b11b,assigned,09,retained,項,tama-kyoiku-gakko,
2021,expenditure,132241:2021:expenditure:approved:390413de99595ff1,assigned,08,retained,項,tama-hokentaiiku-other,
2021,expenditure,132241:2021:expenditure:approved:3918c0363072a0a5,assigned,01,retained,款,somu,
2021,expenditure,132241:2021:expenditure:approved:391a5289835c8c4a,assigned,01,retained,款,somu,
2021,expenditure,132241:2021:expenditure:approved:39346eafe2d2fd24,assigned,01,retained,款,somu,
2021,expenditure,132241:2021:expenditure:approved:3959dd0dec899608,assigned,10,retained,款,minsei,
2021,expenditure,132241:2021:expenditure:approved:395e2acdb3cbeb56,assigned,01,retained,款,somu,
2021,expenditure,132241:2021:expenditure:approved:396d3eab16e3ca97,assigned,01,retained,款,somu,
2021,expenditure,132241:2021:expenditure:approved:39739f99af191fee,assigned,04,retained,項,tama-saigai-doboku,
2021,expenditure,132241:2021:expenditure:approved:397899b4b66c6441,assigned,04,retained,款,shoko,
2021,expenditure,132241:2021:expenditure:approved:39ff21c7bf684213,assigned,01,retained,款,somu,
2021,expenditure,132241:2021:expenditure:approved:3a0e490003d00b24,assigned,01,retained,款,somu,
2021,expenditure,132241:2021:expenditure:approved:3a14096c7e2683e9,assigned,09,retained,項,tama-kyoiku-gakko,
2021,expenditure,132241:2021:expenditure:approved:3a3f5b3dac56d12f,assigned,04,retained,項,tama-doboku-kanri,
2021,expenditure,132241:2021:expenditure:approved:3a7486d95ef853a3,assigned,01,retained,款,somu,
2021,expenditure,132241:2021:expenditure:approved:3a81d0cc55da73d6,assigned,08,retained,項,tama-hokentaiiku-other,
2021,expenditure,132241:2021:expenditure:approved:3aa9321394005f94,assigned,04,retained,款,shoko,
2021,expenditure,132241:2021:expenditure:approved:3adfdee37f294413,assigned,01,retained,款,somu,
2021,expenditure,132241:2021:expenditure:approved:3ae830a3169a7185,assigned,01,retained,款,somu,
2021,expenditure,132241:2021:expenditure:approved:3aecfde009dbcdb6,assigned,09,retained,項,tama-kyoiku-gakko,
2021,expenditure,132241:2021:expenditure:approved:3b3505545fe5d251,assigned,10,retained,款,minsei,
2021,expenditure,132241:2021:expenditure:approved:3b357faac7a9e5cd,assigned,09,retained,項,tama-kyoiku-gakko,
2021,expenditure,132241:2021:expenditure:approved:3b6e502036cf5363,assigned,10,retained,款,minsei,
2021,expenditure,132241:2021:expenditure:approved:3b87cc56dce087b7,assigned,09,retained,項,tama-kyoiku-gakko,
2021,expenditure,132241:2021:expenditure:approved:3b97e8d2f32118db,assigned,10,retained,款,minsei,
2021,expenditure,132241:2021:expenditure:approved:3b98dcee53bb1aa4,assigned,01,retained,款,somu,
2021,expenditure,132241:2021:expenditure:approved:3bd42cb4f8576d65,assigned,08,retained,目,tama-shakaikyoiku-toshokan,
2021,expenditure,132241:2021:expenditure:approved:3bd83a07400bb222,assigned,03,retained,款,shobo,
2021,expenditure,132241:2021:expenditure:approved:3c587b75b24698ee,assigned,04,retained,項,tama-nogyo,
2021,expenditure,132241:2021:expenditure:approved:3c9beaa5c9d07d2a,assigned,10,retained,款,minsei,
2021,expenditure,132241:2021:expenditure:approved:3cc7d8a27f083996,assigned,10,retained,款,minsei,
2021,expenditure,132241:2021:expenditure:approved:3d0f03feb2bbb396,assigned,01,retained,款,somu,
2021,expenditure,132241:2021:expenditure:approved:3d5d1f1679450eb0,assigned,09,retained,項,tama-shakaikyoiku-other,
2021,expenditure,132241:2021:expenditure:approved:3d73536f43598241,assigned,04,retained,款,shoko,
2021,expenditure,132241:2021:expenditure:approved:3d82b11dcecb26a8,assigned,10,retained,款,minsei,
2021,expenditure,132241:2021:expenditure:approved:3dcafd097a90c467,assigned,09,retained,項,tama-kyoiku-gakko,
2021,expenditure,132241:2021:expenditure:approved:3dd27826ef4df3e3,assigned,10,retained,款,minsei,
2021,expenditure,132241:2021:expenditure:approved:3e18e97218f28dc4,assigned,09,retained,項,tama-kyoiku-gakko,
2021,expenditure,132241:2021:expenditure:approved:3e34f0f801f79cb6,assigned,04,retained,款,shoko,
2021,expenditure,132241:2021:expenditure:approved:3e3e1fdf379c2573,assigned,01,retained,款,somu,
2021,expenditure,132241:2021:expenditure:approved:3e8bbec178e3c335,assigned,08,retained,項,tama-hokentaiiku-other,
2021,expenditure,132241:2021:expenditure:approved:3eb0f9177ae6ca00,assigned,01,retained,款,somu,
2021,expenditure,132241:2021:expenditure:approved:3eb46ca41facaf0f,assigned,06,retained,項,tama-toshikeikaku-other,
2021,expenditure,132241:2021:expenditure:approved:3f233ffb89f74a29,assigned,10,retained,款,minsei,
2021,expenditure,132241:2021:expenditure:approved:3f99a1161763b3dd,assigned,07,retained,項,tama-eisei-hoken,
2021,expenditure,132241:2021:expenditure:approved:3fa5d6cad248cbb3,assigned,01,retained,目,debt-interest,
2021,expenditure,132241:2021:expenditure:approved:3febc27f1290ee5f,assigned,08,retained,項,tama-hokentaiiku-other,
2021,expenditure,132241:2021:expenditure:approved:400c1023e3c8c06e,assigned,08,retained,項,tama-hokentaiiku-other,
2021,expenditure,132241:2021:expenditure:approved:403e1071fecdc6ec,assigned,09,retained,項,tama-shakaikyoiku-other,
2021,expenditure,132241:2021:expenditure:approved:40686eb9633d2306,assigned,01,retained,款,somu,
2021,expenditure,132241:2021:expenditure:approved:406a873b3999e330,assigned,09,retained,項,tama-shakaikyoiku-other,
2021,expenditure,132241:2021:expenditure:approved:414bf4e4a0506598,assigned,04,retained,項,tama-doboku-kanri,
2021,expenditure,132241:2021:expenditure:approved:4170fbedaf0e7807,assigned,04,retained,款,rodo,
2021,expenditure,132241:2021:expenditure:approved:4176ab4fbfef22bf,assigned,04,retained,項,tama-doboku-doro,
2021,expenditure,132241:2021:expenditure:approved:418ff1dd0cb6f720,assigned,03,retained,款,shobo,
2021,expenditure,132241:2021:expenditure:approved:4217c3f84e91829f,assigned,01,retained,款,somu,
2021,expenditure,132241:2021:expenditure:approved:4255273aa48d7cb1,assigned,01,retained,款,somu,
2021,expenditure,132241:2021:expenditure:approved:42845e2fe4a0036f,assigned,10,retained,款,minsei,
2021,expenditure,132241:2021:expenditure:approved:4286257ba6aba735,assigned,01,retained,款,somu,
2021,expenditure,132241:2021:expenditure:approved:4294652459141d34,assigned,04,retained,項,tama-doboku-doro,
2021,expenditure,132241:2021:expenditure:approved:429ec59fefd519aa,assigned,09,retained,項,tama-kyoiku-gakko,
2021,expenditure,132241:2021:expenditure:approved:42d7143b75a4ca84,assigned,10,retained,款,minsei,
2021,expenditure,132241:2021:expenditure:approved:43057bbbc227fabf,assigned,01,retained,款,somu,
2021,expenditure,132241:2021:expenditure:approved:430a03ed3547449d,assigned,08,retained,項,tama-hokentaiiku-other,
2021,expenditure,132241:2021:expenditure:approved:4359ce70a89a699a,assigned,01,retained,款,somu,
2021,expenditure,132241:2021:expenditure:approved:437e2c036da6b443,assigned,09,retained,項,tama-shakaikyoiku-other,
2021,expenditure,132241:2021:expenditure:approved:43a22f8b67ae4b26,assigned,10,retained,款,minsei,
2021,expenditure,132241:2021:expenditure:approved:43cd143e36b8dac3,assigned,10,retained,款,minsei,
2021,expenditure,132241:2021:expenditure:approved:4443c8fcdb9128b5,assigned,03,retained,款,shobo,
2021,expenditure,132241:2021:expenditure:approved:447dbbf18dc42c65,assigned,01,retained,款,somu,
2021,expenditure,132241:2021:expenditure:approved:44ea9b15ec45653f,assigned,04,retained,項,tama-nogyo,
2021,expenditure,132241:2021:expenditure:approved:44f9af924d863b80,assigned,03,retained,款,shobo,
2021,expenditure,132241:2021:expenditure:approved:44fbc08cb296e5da,assigned,01,retained,款,somu,
2021,expenditure,132241:2021:expenditure:approved:451543546c896fcd,assigned,10,retained,款,minsei,
2021,expenditure,132241:2021:expenditure:approved:4518f80995065381,assigned,10,retained,款,minsei,
2021,expenditure,132241:2021:expenditure:approved:45b5f81bb67628b6,assigned,09,retained,目,tama-hokentaiiku-kyushoku,
2021,expenditure,132241:2021:expenditure:approved:4609a61a92adc628,assigned,04,retained,項,tama-doboku-kanri,
2021,expenditure,132241:2021:expenditure:approved:4626508153a6dfbf,assigned,07,retained,項,tama-eisei-hoken,
2021,expenditure,132241:2021:expenditure:approved:462f5c1d225f5eb4,assigned,01,retained,款,somu,
2021,expenditure,132241:2021:expenditure:approved:46461d64414a1b35,assigned,04,retained,項,tama-nogyo,
2021,expenditure,132241:2021:expenditure:approved:4683e1e73b4ec1ad,assigned,05,retained,項,tama-eisei-seiso,
2021,expenditure,132241:2021:expenditure:approved:46a384cfafaf4f90,assigned,09,retained,項,tama-kyoiku-gakko,
2021,expenditure,132241:2021:expenditure:approved:46ca214a3c21b92f,assigned,09,retained,項,tama-kyoiku-gakko,
2021,expenditure,132241:2021:expenditure:approved:46d21013b85c3ac2,assigned,09,retained,項,tama-saigai-bunkyo,
2021,expenditure,132241:2021:expenditure:approved:47d6de9268f12439,assigned,01,retained,款,somu,
2021,expenditure,132241:2021:expenditure:approved:4807f3c2dca10280,assigned,04,retained,款,rodo,
2021,expenditure,132241:2021:expenditure:approved:4830d93d17afad64,assigned,10,retained,款,minsei,
2021,expenditure,132241:2021:expenditure:approved:484bf643c20f21d2,assigned,01,retained,款,somu,
2021,expenditure,132241:2021:expenditure:approved:48c78645fe1d813c,assigned,01,retained,款,somu,
2021,expenditure,132241:2021:expenditure:approved:48e23f7430846912,assigned,01,retained,款,somu,
2021,expenditure,132241:2021:expenditure:approved:491799a6bb7e0337,assigned,04,retained,項,tama-doboku-kanri,
2021,expenditure,132241:2021:expenditure:approved:493967239bff5764,assigned,10,retained,款,minsei,
2021,expenditure,132241:2021:expenditure:approved:493a258febef6171,assigned,09,retained,項,tama-kyoiku-gakko,
2021,expenditure,132241:2021:expenditure:approved:493fb47bc27e560d,assigned,10,retained,款,minsei,
2021,expenditure,132241:2021:expenditure:approved:49647073273b899c,assigned,10,retained,款,minsei,
2021,expenditure,132241:2021:expenditure:approved:49a7011392e362db,assigned,10,retained,款,minsei,
2021,expenditure,132241:2021:expenditure:approved:49afc22bf5164ac9,assigned,01,retained,款,somu,
2021,expenditure,132241:2021:expenditure:approved:49f20006135b20d6,assigned,01,retained,款,somu,
2021,expenditure,132241:2021:expenditure:approved:4a106101c2709f46,assigned,08,retained,目,tama-toshikeikaku-kouen,
2021,expenditure,132241:2021:expenditure:approved:4a16dca3da8e6e32,assigned,03,retained,款,shobo,
2021,expenditure,132241:2021:expenditure:approved:4a5b78f2a646ef19,assigned,06,retained,項,tama-doboku-jutaku,
2021,expenditure,132241:2021:expenditure:approved:4a6472c42d6865b6,assigned,01,retained,款,somu,
2021,expenditure,132241:2021:expenditure:approved:4a670eeab534907c,assigned,01,retained,款,somu,
2021,expenditure,132241:2021:expenditure:approved:4a74d91d1306da8a,assigned,01,retained,款,somu,
2021,expenditure,132241:2021:expenditure:approved:4accc55270abdeae,assigned,08,retained,目,tama-toshikeikaku-kouen,
2021,expenditure,132241:2021:expenditure:approved:4ada0c1a9b4792e0,assigned,10,retained,款,minsei,
2021,expenditure,132241:2021:expenditure:approved:4b56e48862febc53,assigned,10,retained,款,minsei,
2021,expenditure,132241:2021:expenditure:approved:4bb87943131dda50,assigned,09,retained,項,tama-shakaikyoiku-other,
2021,expenditure,132241:2021:expenditure:approved:4bb947125792c847,assigned,10,retained,款,minsei,
2021,expenditure,132241:2021:expenditure:approved:4bdb4d7badaa0c6f,assigned,09,retained,項,tama-kyoiku-gakko,
2021,expenditure,132241:2021:expenditure:approved:4bfd5d558e5f16ca,assigned,10,retained,款,minsei,
2021,expenditure,132241:2021:expenditure:approved:4c3d438f172ab432,assigned,04,retained,項,tama-nogyo,
2021,expenditure,132241:2021:expenditure:approved:4c54fbbbe377164f,assigned,09,retained,項,tama-kyoiku-gakko,
2021,expenditure,132241:2021:expenditure:approved:4c5968888c107a0d,assigned,09,retained,目,tama-hokentaiiku-kyushoku,
2021,expenditure,132241:2021:expenditure:approved:4ccb2896113520c4,assigned,01,retained,款,somu,
2021,expenditure,132241:2021:expenditure:approved:4d36026b99c347da,assigned,07,retained,項,tama-eisei-hoken,
2021,expenditure,132241:2021:expenditure:approved:4d47246ba371bc88,assigned,01,retained,款,somu,
2021,expenditure,132241:2021:expenditure:approved:4d8011a627c61e47,assigned,01,retained,款,somu,
2021,expenditure,132241:2021:expenditure:approved:4d8323548ad5937c,assigned,01,retained,款,somu,
2021,expenditure,132241:2021:expenditure:approved:4d8933ec0deea525,assigned,10,retained,款,minsei,
2021,expenditure,132241:2021:expenditure:approved:4d96dc3127b45de9,assigned,07,retained,項,tama-eisei-hoken,
2021,expenditure,132241:2021:expenditure:approved:4e1aea59bffff834,assigned,01,retained,款,somu,
2021,expenditure,132241:2021:expenditure:approved:4e3425d5642880b9,assigned,08,retained,項,tama-hokentaiiku-other,
2021,expenditure,132241:2021:expenditure:approved:4e50e255dac1db39,assigned,09,retained,項,tama-kyoiku-gakko,
2021,expenditure,132241:2021:expenditure:approved:4ec57d918c7d4008,assigned,01,retained,款,somu,
2021,expenditure,132241:2021:expenditure:approved:4ed5c767d47d20ee,assigned,01,retained,款,somu,
2021,expenditure,132241:2021:expenditure:approved:4efc0f64c24d7cef,assigned,09,retained,項,tama-kyoiku-gakko,
2021,expenditure,132241:2021:expenditure:approved:4efed97d349c03c2,assigned,01,retained,款,somu,
2021,expenditure,132241:2021:expenditure:approved:4f0fbfe08a2a2398,assigned,06,retained,項,tama-toshikeikaku-other,
2021,expenditure,132241:2021:expenditure:approved:4f1099bb5c261816,assigned,01,retained,款,somu,
2021,expenditure,132241:2021:expenditure:approved:4f5914113b975942,assigned,08,retained,項,tama-hokentaiiku-other,
2021,expenditure,132241:2021:expenditure:approved:4f7298a31d982b6f,assigned,04,retained,款,shoko,
2021,expenditure,132241:2021:expenditure:approved:4f7342c51b75322e,assigned,04,retained,項,tama-nogyo,
2021,expenditure,132241:2021:expenditure:approved:4f7b489208c77cb3,assigned,09,retained,項,tama-kyoiku-gakko,
2021,expenditure,132241:2021:expenditure:approved:4f8d012aeec239eb,assigned,01,retained,款,somu,
2021,expenditure,132241:2021:expenditure:approved:4fb0e593ee84e2ed,assigned,01,retained,款,somu,
2021,expenditure,132241:2021:expenditure:approved:4fc15607a70af601,out-of-scope,"",retained,節,fund-accumulation,
2021,expenditure,132241:2021:expenditure:approved:4fe72d7ae2e40bdb,assigned,10,retained,款,minsei,
2021,expenditure,132241:2021:expenditure:approved:4fefb0877c22cc46,assigned,06,retained,項,tama-toshikeikaku-other,
2021,expenditure,132241:2021:expenditure:approved:504b4ad1bef84e96,assigned,05,retained,項,tama-eisei-seiso,
2021,expenditure,132241:2021:expenditure:approved:50666bf9d06f810f,assigned,10,retained,款,minsei,
2021,expenditure,132241:2021:expenditure:approved:50fa0f9e1878651e,assigned,10,retained,款,minsei,
2021,expenditure,132241:2021:expenditure:approved:514a6113f985a130,assigned,09,retained,項,tama-kyoiku-gakko,
2021,expenditure,132241:2021:expenditure:approved:515b63fe45ad5f4a,assigned,10,retained,款,minsei,
2021,expenditure,132241:2021:expenditure:approved:51767e05b423ff1f,assigned,04,retained,款,shoko,
2021,expenditure,132241:2021:expenditure:approved:51afd7c7936e6904,assigned,10,retained,款,minsei,
2021,expenditure,132241:2021:expenditure:approved:51fe4ca8729d3b1e,assigned,04,retained,項,tama-doboku-kanri,
2021,expenditure,132241:2021:expenditure:approved:5260911170e1cf6f,assigned,05,retained,項,tama-eisei-seiso,
2021,expenditure,132241:2021:expenditure:approved:5288ecfbfd9aeefc,assigned,08,retained,項,tama-hokentaiiku-other,
2021,expenditure,132241:2021:expenditure:approved:52a3b7922cae1b8e,assigned,09,retained,項,tama-shakaikyoiku-other,
2021,expenditure,132241:2021:expenditure:approved:52a4880dbe173db4,assigned,05,retained,項,tama-eisei-seiso,
2021,expenditure,132241:2021:expenditure:approved:52b233cb5b57f3b4,assigned,09,retained,項,tama-shakaikyoiku-other,
2021,expenditure,132241:2021:expenditure:approved:5327b9c4b47533e8,assigned,01,retained,款,somu,
2021,expenditure,132241:2021:expenditure:approved:536fa819d62ef18d,assigned,03,retained,款,shobo,
2021,expenditure,132241:2021:expenditure:approved:537fe19b71c75013,assigned,09,retained,項,tama-shakaikyoiku-other,
2021,expenditure,132241:2021:expenditure:approved:5380200a655b3398,assigned,09,retained,項,tama-kyoiku-gakko,
2021,expenditure,132241:2021:expenditure:approved:54294533b2ebca92,assigned,10,retained,款,minsei,
2021,expenditure,132241:2021:expenditure:approved:543d1fd66db76dfe,assigned,01,retained,款,somu,
2021,expenditure,132241:2021:expenditure:approved:5479acb926a0bba9,assigned,08,retained,目,tama-shakaikyoiku-toshokan,
2021,expenditure,132241:2021:expenditure:approved:5526cce8b9023bb8,assigned,01,retained,款,somu,
2021,expenditure,132241:2021:expenditure:approved:553ad2c9320e9eb7,assigned,01,retained,款,somu,
2021,expenditure,132241:2021:expenditure:approved:557ae41d28759c76,assigned,09,retained,項,tama-shakaikyoiku-other,
2021,expenditure,132241:2021:expenditure:approved:558ac8ef9750ef9a,assigned,10,retained,款,minsei,
2021,expenditure,132241:2021:expenditure:approved:558dac00227810a0,assigned,09,retained,項,tama-kyoiku-gakko,
2021,expenditure,132241:2021:expenditure:approved:55b1d64cd0a2c4b7,assigned,01,retained,款,somu,
2021,expenditure,132241:2021:expenditure:approved:55f2184353e8da08,assigned,01,retained,款,somu,
2021,expenditure,132241:2021:expenditure:approved:56102400aabcb8db,assigned,07,retained,項,tama-eisei-hoken,
2021,expenditure,132241:2021:expenditure:approved:5624353aebfd9b6b,assigned,09,retained,項,tama-shakaikyoiku-other,
2021,expenditure,132241:2021:expenditure:approved:562cf37fae447933,assigned,09,retained,項,tama-shakaikyoiku-other,
2021,expenditure,132241:2021:expenditure:approved:566a1920b4dbf857,assigned,07,retained,項,tama-eisei-hoken,
2021,expenditure,132241:2021:expenditure:approved:56c7255c450f0566,assigned,10,retained,款,minsei,
2021,expenditure,132241:2021:expenditure:approved:57111a12c497c8e9,assigned,07,retained,項,tama-eisei-hoken,
2021,expenditure,132241:2021:expenditure:approved:575dc03f2a21c7ce,assigned,03,retained,款,shobo,
2021,expenditure,132241:2021:expenditure:approved:5763c9647b2e41b0,assigned,09,retained,項,tama-kyoiku-gakko,
2021,expenditure,132241:2021:expenditure:approved:5773c8639c706a52,assigned,04,retained,項,tama-nogyo,
2021,expenditure,132241:2021:expenditure:approved:5788a2848dccf0c5,assigned,10,retained,款,minsei,
2021,expenditure,132241:2021:expenditure:approved:57bf0405320d3586,assigned,09,retained,項,tama-shakaikyoiku-other,
2021,expenditure,132241:2021:expenditure:approved:57d74b1449d119e7,assigned,04,retained,款,shoko,
2021,expenditure,132241:2021:expenditure:approved:580d3658a9fcf405,assigned,04,retained,項,tama-doboku-kanri,
2021,expenditure,132241:2021:expenditure:approved:5813d70b14289af3,assigned,06,retained,項,tama-toshikeikaku-other,
2021,expenditure,132241:2021:expenditure:approved:58164cd21622456b,assigned,10,retained,款,minsei,
2021,expenditure,132241:2021:expenditure:approved:58318deb84034450,assigned,09,retained,項,tama-kyoiku-gakko,
2021,expenditure,132241:2021:expenditure:approved:584161e163549961,assigned,01,retained,款,somu,
2021,expenditure,132241:2021:expenditure:approved:58b74ebb01553c81,assigned,07,retained,項,tama-eisei-hoken,
2021,expenditure,132241:2021:expenditure:approved:59126d2a43d364b6,assigned,10,retained,款,minsei,
2021,expenditure,132241:2021:expenditure:approved:5924c602b163bc51,assigned,01,retained,款,somu,
2021,expenditure,132241:2021:expenditure:approved:5959d112cfdc820b,assigned,05,retained,項,tama-eisei-seiso,
2021,expenditure,132241:2021:expenditure:approved:597becfc1be07089,assigned,01,retained,款,gikai,
2021,expenditure,132241:2021:expenditure:approved:59af6ce2becde94c,assigned,03,retained,款,shobo,
2021,expenditure,132241:2021:expenditure:approved:59b40923ea5a91db,assigned,05,retained,項,tama-eisei-seiso,
2021,expenditure,132241:2021:expenditure:approved:59b796f8a6b79296,assigned,09,retained,項,tama-kyoiku-gakko,
2021,expenditure,132241:2021:expenditure:approved:59ddb317e7e75cc0,assigned,07,retained,項,tama-eisei-hoken,
2021,expenditure,132241:2021:expenditure:approved:59fc620e5893e1e5,assigned,08,retained,項,tama-hokentaiiku-other,
2021,expenditure,132241:2021:expenditure:approved:5a4b0efde519cf55,assigned,09,retained,項,tama-shakaikyoiku-other,
2021,expenditure,132241:2021:expenditure:approved:5a62a11b0c77a748,assigned,04,retained,項,tama-nogyo,
2021,expenditure,132241:2021:expenditure:approved:5a7e2cc91e0009aa,assigned,05,retained,項,tama-eisei-seiso,
2021,expenditure,132241:2021:expenditure:approved:5a8d62a0d2eeedb5,assigned,07,retained,項,tama-eisei-hoken,
2021,expenditure,132241:2021:expenditure:approved:5abbd86dba7ecbf5,assigned,09,retained,目,tama-hokentaiiku-kyushoku,
2021,expenditure,132241:2021:expenditure:approved:5abdb02ebbe876b9,assigned,08,retained,目,tama-shakaikyoiku-toshokan,
2021,expenditure,132241:2021:expenditure:approved:5ad3b90c130e7718,assigned,07,retained,項,tama-eisei-hoken,
2021,expenditure,132241:2021:expenditure:approved:5b0a73817a033378,assigned,10,retained,款,minsei,
2021,expenditure,132241:2021:expenditure:approved:5b0c5a62f633205c,assigned,01,retained,款,somu,
2021,expenditure,132241:2021:expenditure:approved:5b469645ead5d63d,assigned,01,retained,款,somu,
2021,expenditure,132241:2021:expenditure:approved:5b7125f58e078882,assigned,01,retained,款,somu,
2021,expenditure,132241:2021:expenditure:approved:5b9ac06417f69627,assigned,06,retained,項,tama-doboku-jutaku,
2021,expenditure,132241:2021:expenditure:approved:5bb82e991c8f7941,assigned,01,retained,款,somu,
2021,expenditure,132241:2021:expenditure:approved:5bd07e34da3ae073,assigned,07,retained,項,tama-eisei-hoken,
2021,expenditure,132241:2021:expenditure:approved:5bda95609f0aae4e,assigned,01,retained,款,gikai,
2021,expenditure,132241:2021:expenditure:approved:5c26b49b6fb8ec93,assigned,01,retained,款,somu,
2021,expenditure,132241:2021:expenditure:approved:5c7cb99fe893bde1,assigned,06,retained,項,tama-doboku-jutaku,
2021,expenditure,132241:2021:expenditure:approved:5c800dd24691a8fa,assigned,10,retained,款,minsei,
2021,expenditure,132241:2021:expenditure:approved:5d04b846719e3f49,assigned,10,retained,款,minsei,
2021,expenditure,132241:2021:expenditure:approved:5d3101778fe267b6,assigned,01,retained,款,somu,
2021,expenditure,132241:2021:expenditure:approved:5d4753513cb40d76,assigned,09,retained,項,tama-shakaikyoiku-other,
2021,expenditure,132241:2021:expenditure:approved:5d51cf9e83279c22,assigned,10,retained,款,minsei,
2021,expenditure,132241:2021:expenditure:approved:5d9f6f9ba32bde52,assigned,10,retained,款,minsei,
2021,expenditure,132241:2021:expenditure:approved:5dc825f0312fa9a1,assigned,09,retained,項,tama-kyoiku-gakko,
2021,expenditure,132241:2021:expenditure:approved:5e1b2b3572b7e534,assigned,10,retained,款,minsei,
2021,expenditure,132241:2021:expenditure:approved:5e7b7bc84ee04c82,assigned,04,retained,項,tama-doboku-doro,
2021,expenditure,132241:2021:expenditure:approved:5e87201fae0a8c0c,assigned,01,retained,款,somu,
2021,expenditure,132241:2021:expenditure:approved:5ee2b284dd29d123,assigned,07,retained,項,tama-eisei-hoken,
2021,expenditure,132241:2021:expenditure:approved:5ef81ed689bbb90b,assigned,09,retained,項,tama-kyoiku-gakko,
2021,expenditure,132241:2021:expenditure:approved:5f679a5a4dd95ede,assigned,04,retained,項,tama-nogyo,
2021,expenditure,132241:2021:expenditure:approved:5f6d967f80fe8dd4,assigned,06,retained,項,tama-toshikeikaku-other,
2021,expenditure,132241:2021:expenditure:approved:5f6f9631eb6b7bb5,assigned,10,retained,款,minsei,
2021,expenditure,132241:2021:expenditure:approved:5fe8d363e25d5fce,assigned,01,retained,款,somu,
2021,expenditure,132241:2021:expenditure:approved:600383a3183fcf0d,assigned,10,retained,款,minsei,
2021,expenditure,132241:2021:expenditure:approved:602304ab965988a0,assigned,09,retained,項,tama-kyoiku-gakko,
2021,expenditure,132241:2021:expenditure:approved:604af5ff6c9dc8b7,assigned,01,retained,款,somu,
2021,expenditure,132241:2021:expenditure:approved:605904049f27abcb,assigned,08,retained,項,tama-hokentaiiku-other,
2021,expenditure,132241:2021:expenditure:approved:605b276454a19363,assigned,01,retained,款,somu,
2021,expenditure,132241:2021:expenditure:approved:607a9545de77a229,assigned,09,retained,項,tama-shakaikyoiku-other,
2021,expenditure,132241:2021:expenditure:approved:60854cb279f21c04,assigned,01,retained,款,gikai,
2021,expenditure,132241:2021:expenditure:approved:6092731e95a61db3,assigned,09,retained,項,tama-kyoiku-gakko,
2021,expenditure,132241:2021:expenditure:approved:60996a579d198d07,assigned,01,retained,款,somu,
2021,expenditure,132241:2021:expenditure:approved:60c10d599029e590,assigned,08,retained,項,tama-hokentaiiku-other,
2021,expenditure,132241:2021:expenditure:approved:6127fc57908406ef,assigned,09,retained,項,tama-kyoiku-gakko,
2021,expenditure,132241:2021:expenditure:approved:616b594577a0836d,assigned,10,retained,款,minsei,
2021,expenditure,132241:2021:expenditure:approved:61af4d39356b5a61,assigned,10,retained,款,minsei,
2021,expenditure,132241:2021:expenditure:approved:61d3f0707f9459e4,assigned,06,retained,項,tama-toshikeikaku-other,
2021,expenditure,132241:2021:expenditure:approved:61dbc80ad7084f9b,assigned,10,retained,款,minsei,
2021,expenditure,132241:2021:expenditure:approved:61dfb3d2b47d0c7b,assigned,04,retained,項,tama-nogyo,
2021,expenditure,132241:2021:expenditure:approved:62425b7ed6c58f25,assigned,08,retained,項,tama-hokentaiiku-other,
2021,expenditure,132241:2021:expenditure:approved:629a3321f9bced18,assigned,04,retained,款,shoko,
2021,expenditure,132241:2021:expenditure:approved:62ce8a07e25173b7,assigned,06,retained,項,tama-doboku-jutaku,
2021,expenditure,132241:2021:expenditure:approved:631d6a254241c7f9,assigned,01,retained,款,somu,
2021,expenditure,132241:2021:expenditure:approved:6320437118f13bc5,assigned,08,retained,項,tama-hokentaiiku-other,
2021,expenditure,132241:2021:expenditure:approved:63a004359616c31a,assigned,07,retained,項,tama-eisei-hoken,
2021,expenditure,132241:2021:expenditure:approved:63a5899f96ccd592,assigned,09,retained,項,tama-kyoiku-gakko,
2021,expenditure,132241:2021:expenditure:approved:63b9d90cbeed0f50,assigned,03,retained,款,shobo,
2021,expenditure,132241:2021:expenditure:approved:63ca922c991e5ab5,assigned,01,retained,款,somu,
2021,expenditure,132241:2021:expenditure:approved:63f4ce1bbd7ef072,assigned,10,retained,款,minsei,
2021,expenditure,132241:2021:expenditure:approved:6407a069a4d11c83,assigned,09,retained,項,tama-shakaikyoiku-other,
2021,expenditure,132241:2021:expenditure:approved:6447e0cce22dd9c5,assigned,01,retained,款,somu,
2021,expenditure,132241:2021:expenditure:approved:645c81a477a5aec9,assigned,09,retained,項,tama-shakaikyoiku-other,
2021,expenditure,132241:2021:expenditure:approved:6467029a8f3a682f,assigned,09,retained,項,tama-shakaikyoiku-other,
2021,expenditure,132241:2021:expenditure:approved:64c9a32660f99240,assigned,03,retained,款,shobo,
2021,expenditure,132241:2021:expenditure:approved:64d827134599c810,assigned,05,retained,項,tama-eisei-seiso,
2021,expenditure,132241:2021:expenditure:approved:65244046e83a760e,assigned,01,retained,款,somu,
2021,expenditure,132241:2021:expenditure:approved:65d86dcd0ac7ed24,assigned,01,retained,款,somu,
2021,expenditure,132241:2021:expenditure:approved:663af79ecaaef5a1,assigned,10,retained,款,minsei,
2021,expenditure,132241:2021:expenditure:approved:664fb95911d5f8f0,assigned,01,retained,款,somu,
2021,expenditure,132241:2021:expenditure:approved:66688f16b67193ff,assigned,01,retained,款,somu,
2021,expenditure,132241:2021:expenditure:approved:666e4dfb7b0fa601,assigned,01,retained,款,somu,
2021,expenditure,132241:2021:expenditure:approved:668278271f591fbd,assigned,09,retained,項,tama-kyoiku-gakko,
2021,expenditure,132241:2021:expenditure:approved:669048d91bd494c4,assigned,10,retained,款,minsei,
2021,expenditure,132241:2021:expenditure:approved:66cd4a1d69946c96,assigned,10,retained,款,minsei,
2021,expenditure,132241:2021:expenditure:approved:6741be067687dd87,assigned,09,retained,項,tama-shakaikyoiku-other,
2021,expenditure,132241:2021:expenditure:approved:67672f3b59bec6b4,assigned,08,retained,項,tama-hokentaiiku-other,
2021,expenditure,132241:2021:expenditure:approved:67728262f281dab7,assigned,09,retained,項,tama-kyoiku-gakko,
2021,expenditure,132241:2021:expenditure:approved:67d1cd30a04e88af,assigned,10,retained,款,minsei,
2021,expenditure,132241:2021:expenditure:approved:67df40f1a965760f,assigned,07,retained,項,tama-eisei-hoken,
2021,expenditure,132241:2021:expenditure:approved:67f4ee621fe746d9,assigned,10,retained,款,minsei,
2021,expenditure,132241:2021:expenditure:approved:6818fbbf865a9bd9,assigned,09,retained,項,tama-kyoiku-gakko,
2021,expenditure,132241:2021:expenditure:approved:6850cd126484a120,assigned,10,retained,款,minsei,
2021,expenditure,132241:2021:expenditure:approved:68e7a59762d9fb3e,assigned,10,retained,款,minsei,
2021,expenditure,132241:2021:expenditure:approved:68e9ab2e965d5443,assigned,01,retained,款,somu,
2021,expenditure,132241:2021:expenditure:approved:68f09582a5111c4f,assigned,07,retained,項,tama-eisei-hoken,
2021,expenditure,132241:2021:expenditure:approved:690c276a61c1e276,assigned,10,retained,款,minsei,
2021,expenditure,132241:2021:expenditure:approved:6927141d0a273d01,assigned,09,retained,項,tama-kyoiku-gakko,
2021,expenditure,132241:2021:expenditure:approved:695f7b318b6acfe7,assigned,08,retained,項,tama-hokentaiiku-other,
2021,expenditure,132241:2021:expenditure:approved:699453b26155e6f9,assigned,01,retained,款,somu,
2021,expenditure,132241:2021:expenditure:approved:69b5b35f204bdeb6,assigned,08,retained,項,tama-hokentaiiku-other,
2021,expenditure,132241:2021:expenditure:approved:69ba94b84d69acc2,assigned,10,retained,款,minsei,
2021,expenditure,132241:2021:expenditure:approved:69d05bec25d8aff3,assigned,08,retained,目,tama-shakaikyoiku-toshokan,
2021,expenditure,132241:2021:expenditure:approved:69d57d6059254f41,assigned,04,retained,項,tama-doboku-doro,
2021,expenditure,132241:2021:expenditure:approved:69de8eadbe5a4ea9,assigned,09,retained,項,tama-shakaikyoiku-other,
2021,expenditure,132241:2021:expenditure:approved:69f9321d23accb9c,assigned,10,retained,款,minsei,
2021,expenditure,132241:2021:expenditure:approved:6a4567d9f18249d6,assigned,07,retained,項,tama-eisei-hoken,
2021,expenditure,132241:2021:expenditure:approved:6a82ef3b97dd1950,assigned,01,retained,款,somu,
2021,expenditure,132241:2021:expenditure:approved:6ad25aa7896bb8e0,assigned,01,retained,款,somu,
2021,expenditure,132241:2021:expenditure:approved:6b1eab9cd0505fa5,assigned,08,retained,項,tama-hokentaiiku-other,
2021,expenditure,132241:2021:expenditure:approved:6b4d25da315e221e,assigned,10,retained,款,minsei,
2021,expenditure,132241:2021:expenditure:approved:6b4d9dd862a90f12,assigned,09,retained,項,tama-kyoiku-gakko,
2021,expenditure,132241:2021:expenditure:approved:6b59fce67358ad00,assigned,09,retained,項,tama-shakaikyoiku-other,
2021,expenditure,132241:2021:expenditure:approved:6be34400a5e5fa6d,assigned,01,retained,款,somu,
2021,expenditure,132241:2021:expenditure:approved:6c002b7671721078,assigned,01,retained,款,somu,
2021,expenditure,132241:2021:expenditure:approved:6cbf07b808bcb2a8,assigned,05,retained,項,tama-eisei-seiso,
2021,expenditure,132241:2021:expenditure:approved:6ce0716cf47d262d,assigned,01,retained,款,somu,
2021,expenditure,132241:2021:expenditure:approved:6ce2a2cb87cf029e,assigned,08,retained,項,tama-hokentaiiku-other,
2021,expenditure,132241:2021:expenditure:approved:6d3d045707bc0d51,assigned,04,retained,項,tama-nogyo,
2021,expenditure,132241:2021:expenditure:approved:6d46d5fb51caebc1,assigned,09,retained,項,tama-shakaikyoiku-other,
2021,expenditure,132241:2021:expenditure:approved:6d850006d36a14a3,assigned,10,retained,款,minsei,
2021,expenditure,132241:2021:expenditure:approved:6dce7c1b88bbe913,assigned,09,retained,項,tama-shakaikyoiku-other,
2021,expenditure,132241:2021:expenditure:approved:6de70725ee0756e6,assigned,09,retained,項,tama-kyoiku-gakko,
2021,expenditure,132241:2021:expenditure:approved:6df56dd50fa440b9,assigned,10,retained,款,minsei,
2021,expenditure,132241:2021:expenditure:approved:6e3e0e8526abcdb0,assigned,09,retained,項,tama-shakaikyoiku-other,
2021,expenditure,132241:2021:expenditure:approved:6e56874da29e04b2,assigned,09,retained,項,tama-shakaikyoiku-other,
2021,expenditure,132241:2021:expenditure:approved:6ec2b7c6c60af447,assigned,09,retained,項,tama-kyoiku-gakko,
2021,expenditure,132241:2021:expenditure:approved:6f6fc8b17a547241,assigned,04,retained,項,tama-nogyo,
2021,expenditure,132241:2021:expenditure:approved:6f8140c0ba05cb72,assigned,01,retained,款,somu,
2021,expenditure,132241:2021:expenditure:approved:6f81ed85b8ec96ab,assigned,01,retained,款,somu,
2021,expenditure,132241:2021:expenditure:approved:6fdb822482d3ad4f,assigned,01,retained,款,somu,
2021,expenditure,132241:2021:expenditure:approved:7036a2b0cb41cbbe,assigned,04,retained,款,shoko,
2021,expenditure,132241:2021:expenditure:approved:70d33862dd732b7e,assigned,01,retained,款,somu,
2021,expenditure,132241:2021:expenditure:approved:7115583f3388cdd1,assigned,01,retained,款,somu,
2021,expenditure,132241:2021:expenditure:approved:712338a9a2ffd578,assigned,09,retained,項,tama-shakaikyoiku-other,
2021,expenditure,132241:2021:expenditure:approved:7130cbb53c204ed0,assigned,01,retained,款,somu,
2021,expenditure,132241:2021:expenditure:approved:716668f3215555e8,assigned,08,retained,目,tama-toshikeikaku-kouen,
2021,expenditure,132241:2021:expenditure:approved:716ef486327a4e4b,assigned,01,retained,款,somu,
2021,expenditure,132241:2021:expenditure:approved:71833c7c95266e79,assigned,08,retained,目,tama-toshikeikaku-kouen,
2021,expenditure,132241:2021:expenditure:approved:71add478054d440f,assigned,01,retained,款,somu,
2021,expenditure,132241:2021:expenditure:approved:71d7671672348380,assigned,01,retained,款,gikai,
2021,expenditure,132241:2021:expenditure:approved:721589f9f9ec86ee,assigned,09,retained,項,tama-shakaikyoiku-other,
2021,expenditure,132241:2021:expenditure:approved:7257109a55ed4978,assigned,06,retained,項,tama-doboku-jutaku,
2021,expenditure,132241:2021:expenditure:approved:72aed4f90e878ea6,assigned,10,retained,款,minsei,
2021,expenditure,132241:2021:expenditure:approved:72b35f765e17dcdc,assigned,01,retained,款,somu,
2021,expenditure,132241:2021:expenditure:approved:72b8f762cd092890,assigned,01,retained,款,somu,
2021,expenditure,132241:2021:expenditure:approved:72c4d68ceff11ea0,assigned,10,retained,款,minsei,
2021,expenditure,132241:2021:expenditure:approved:72d332a2dcadf5d3,assigned,07,retained,項,tama-eisei-hoken,
2021,expenditure,132241:2021:expenditure:approved:72f9942580940c42,assigned,10,retained,款,minsei,
2021,expenditure,132241:2021:expenditure:approved:72f9a97cbf91af63,assigned,05,retained,項,tama-eisei-seiso,
2021,expenditure,132241:2021:expenditure:approved:733278b352dd6be2,assigned,01,retained,款,somu,
2021,expenditure,132241:2021:expenditure:approved:734690353a2e3a6b,assigned,10,retained,款,minsei,
2021,expenditure,132241:2021:expenditure:approved:734706f26e106a42,assigned,01,retained,款,somu,
2021,expenditure,132241:2021:expenditure:approved:739711b5520e2cef,assigned,05,retained,項,tama-eisei-seiso,
2021,expenditure,132241:2021:expenditure:approved:73cb50a5954af5f3,assigned,09,retained,項,tama-kyoiku-gakko,
2021,expenditure,132241:2021:expenditure:approved:73db5aa1aa2f398c,assigned,01,retained,款,somu,
2021,expenditure,132241:2021:expenditure:approved:73e4ff505e0f7f3e,assigned,10,retained,款,minsei,
2021,expenditure,132241:2021:expenditure:approved:740b5249fe03bec3,assigned,10,retained,款,minsei,
2021,expenditure,132241:2021:expenditure:approved:740d34fd93ef0b81,assigned,04,retained,款,shoko,
2021,expenditure,132241:2021:expenditure:approved:74262f5bae54a27c,assigned,01,retained,款,somu,
2021,expenditure,132241:2021:expenditure:approved:742b5256a7b2e56e,assigned,07,retained,項,tama-eisei-hoken,
2021,expenditure,132241:2021:expenditure:approved:74590618db52ed49,assigned,10,retained,款,minsei,
2021,expenditure,132241:2021:expenditure:approved:746a22d45ed23030,assigned,04,retained,項,tama-doboku-doro,
2021,expenditure,132241:2021:expenditure:approved:74798a833e40e1f2,assigned,08,retained,目,tama-shakaikyoiku-toshokan,
2021,expenditure,132241:2021:expenditure:approved:74c86db374a52d2f,assigned,01,retained,款,somu,
2021,expenditure,132241:2021:expenditure:approved:74f318a794a0ae88,assigned,09,retained,項,tama-shakaikyoiku-other,
2021,expenditure,132241:2021:expenditure:approved:74fd582291ae5fb0,assigned,08,retained,目,tama-shakaikyoiku-toshokan,
2021,expenditure,132241:2021:expenditure:approved:75841a5155b02336,assigned,10,retained,款,minsei,
2021,expenditure,132241:2021:expenditure:approved:75a16a7c5038305f,assigned,05,retained,項,tama-eisei-seiso,
2021,expenditure,132241:2021:expenditure:approved:75bce3beb2a5aaec,assigned,10,retained,款,minsei,
2021,expenditure,132241:2021:expenditure:approved:7610ab5ba71628e4,assigned,06,retained,項,tama-toshikeikaku-other,
2021,expenditure,132241:2021:expenditure:approved:761f97f578441856,assigned,07,retained,項,tama-eisei-hoken,
2021,expenditure,132241:2021:expenditure:approved:76490b8b7cadcbb9,assigned,08,retained,項,tama-hokentaiiku-other,
2021,expenditure,132241:2021:expenditure:approved:7650e5d26135b7b9,assigned,09,retained,項,tama-kyoiku-gakko,
2021,expenditure,132241:2021:expenditure:approved:7664f7701d4a6e9b,assigned,01,retained,款,somu,
2021,expenditure,132241:2021:expenditure:approved:7669abcbbef55e58,assigned,08,retained,項,tama-hokentaiiku-other,
2021,expenditure,132241:2021:expenditure:approved:766a0548d8818d40,assigned,05,retained,項,tama-eisei-seiso,
2021,expenditure,132241:2021:expenditure:approved:767bed70ffac2658,assigned,05,retained,項,tama-eisei-seiso,
2021,expenditure,132241:2021:expenditure:approved:7694bb5ec0d8fb66,assigned,09,retained,項,tama-kyoiku-gakko,
2021,expenditure,132241:2021:expenditure:approved:7746071851667fbb,assigned,09,retained,項,tama-kyoiku-gakko,
2021,expenditure,132241:2021:expenditure:approved:775c76b6d3e2932b,assigned,09,retained,項,tama-kyoiku-gakko,
2021,expenditure,132241:2021:expenditure:approved:77723b70f95680ce,assigned,01,retained,款,somu,
2021,expenditure,132241:2021:expenditure:approved:780892e6ef03ad0a,assigned,10,retained,款,minsei,
2021,expenditure,132241:2021:expenditure:approved:780d03752a4b1b18,assigned,01,retained,款,somu,
2021,expenditure,132241:2021:expenditure:approved:78126b7afe86dee4,assigned,08,retained,項,tama-hokentaiiku-other,
2021,expenditure,132241:2021:expenditure:approved:7822c7a26a349c16,assigned,09,retained,項,tama-kyoiku-gakko,
2021,expenditure,132241:2021:expenditure:approved:783cbc6768d5cf57,assigned,01,retained,款,somu,
2021,expenditure,132241:2021:expenditure:approved:784f9e043697983e,assigned,10,retained,款,minsei,
2021,expenditure,132241:2021:expenditure:approved:78580ce480a157f1,assigned,01,retained,款,somu,
2021,expenditure,132241:2021:expenditure:approved:7878de54416df713,assigned,10,retained,款,minsei,
2021,expenditure,132241:2021:expenditure:approved:78b7b3742d5c882a,assigned,09,retained,項,tama-kyoiku-gakko,
2021,expenditure,132241:2021:expenditure:approved:78ccf29abdd85bbf,assigned,10,retained,款,minsei,
2021,expenditure,132241:2021:expenditure:approved:78f8228583fe7cd8,assigned,09,retained,項,tama-shakaikyoiku-other,
2021,expenditure,132241:2021:expenditure:approved:790b448d846ec32b,assigned,07,retained,項,tama-eisei-hoken,
2021,expenditure,132241:2021:expenditure:approved:790c73facef1e7ff,assigned,09,retained,項,tama-kyoiku-gakko,
2021,expenditure,132241:2021:expenditure:approved:792945254a01ee1c,assigned,06,retained,項,tama-doboku-jutaku,
2021,expenditure,132241:2021:expenditure:approved:7934b232109e12ee,assigned,07,retained,項,tama-eisei-hoken,
2021,expenditure,132241:2021:expenditure:approved:7953aa215992b55a,assigned,10,retained,款,minsei,
2021,expenditure,132241:2021:expenditure:approved:79b297839a412588,assigned,05,retained,項,tama-eisei-seiso,
2021,expenditure,132241:2021:expenditure:approved:79d2f12d7eb3a685,assigned,09,retained,項,tama-kyoiku-gakko,
2021,expenditure,132241:2021:expenditure:approved:79d31a2dc90775e6,assigned,01,retained,款,somu,
2021,expenditure,132241:2021:expenditure:approved:79e8aa7132ed5aa0,assigned,10,retained,款,minsei,
2021,expenditure,132241:2021:expenditure:approved:7a490bb1d0848f4d,assigned,10,retained,款,minsei,
2021,expenditure,132241:2021:expenditure:approved:7a56ef37448edf02,out-of-scope,"",retained,節,fund-accumulation,
2021,expenditure,132241:2021:expenditure:approved:7a9cf0b396f7b09c,assigned,06,retained,項,tama-doboku-jutaku,
2021,expenditure,132241:2021:expenditure:approved:7ab6e5cc38e6afec,assigned,09,retained,項,tama-kyoiku-gakko,
2021,expenditure,132241:2021:expenditure:approved:7aeaa18cb7aa3682,assigned,01,retained,款,somu,
2021,expenditure,132241:2021:expenditure:approved:7afac882d5181c77,assigned,09,retained,項,tama-kyoiku-gakko,
2021,expenditure,132241:2021:expenditure:approved:7b052665e9946569,assigned,09,retained,項,tama-kyoiku-gakko,
2021,expenditure,132241:2021:expenditure:approved:7b2cfbb6c1946e77,assigned,10,retained,款,minsei,
2021,expenditure,132241:2021:expenditure:approved:7b776c4625c155c3,assigned,01,retained,款,somu,
2021,expenditure,132241:2021:expenditure:approved:7b8ae29afdae0dc7,assigned,09,retained,項,tama-shakaikyoiku-other,
2021,expenditure,132241:2021:expenditure:approved:7bcdf8c505a69c1e,assigned,07,retained,項,tama-eisei-hoken,
2021,expenditure,132241:2021:expenditure:approved:7bed1b5bf29620d4,assigned,04,retained,款,shoko,
2021,expenditure,132241:2021:expenditure:approved:7bf7be46a07a1eef,assigned,06,retained,項,tama-toshikeikaku-other,
2021,expenditure,132241:2021:expenditure:approved:7c03feda1eac18eb,assigned,01,retained,款,somu,
2021,expenditure,132241:2021:expenditure:approved:7c15b519507b35eb,assigned,07,retained,項,tama-eisei-hoken,
2021,expenditure,132241:2021:expenditure:approved:7c3fb480237112db,assigned,10,retained,款,minsei,
2021,expenditure,132241:2021:expenditure:approved:7c4b2f4f3c554411,assigned,10,retained,款,minsei,
2021,expenditure,132241:2021:expenditure:approved:7cacc777a4dc2e0a,assigned,09,retained,項,tama-shakaikyoiku-other,
2021,expenditure,132241:2021:expenditure:approved:7cb6c78f3903a66a,assigned,04,retained,款,shoko,
2021,expenditure,132241:2021:expenditure:approved:7ce80da738c643c4,assigned,01,retained,款,somu,
2021,expenditure,132241:2021:expenditure:approved:7cf8a233412362e8,assigned,09,retained,項,tama-kyoiku-gakko,
2021,expenditure,132241:2021:expenditure:approved:7d059ef3318c09b4,assigned,10,retained,款,minsei,
2021,expenditure,132241:2021:expenditure:approved:7d0e2b4b2c999eca,assigned,01,retained,款,somu,
2021,expenditure,132241:2021:expenditure:approved:7d77c11921d5a7c8,assigned,03,retained,款,shobo,
2021,expenditure,132241:2021:expenditure:approved:7dc17ff2d4528113,assigned,01,retained,款,somu,
2021,expenditure,132241:2021:expenditure:approved:7dcae7164b724a87,assigned,09,retained,目,tama-hokentaiiku-kyushoku,
2021,expenditure,132241:2021:expenditure:approved:7e5db8edde65d008,assigned,01,retained,款,somu,
2021,expenditure,132241:2021:expenditure:approved:7e746de53b080bc1,assigned,03,retained,款,shobo,
2021,expenditure,132241:2021:expenditure:approved:7e89828641c06649,assigned,08,retained,目,tama-shakaikyoiku-toshokan,
2021,expenditure,132241:2021:expenditure:approved:7eacdf67917ec806,assigned,10,retained,款,minsei,
2021,expenditure,132241:2021:expenditure:approved:7ec7bbdee6cc6a91,assigned,10,retained,款,minsei,
2021,expenditure,132241:2021:expenditure:approved:7ee1327db99ee9c9,assigned,09,retained,目,tama-hokentaiiku-kyushoku,
2021,expenditure,132241:2021:expenditure:approved:7f6f473736561ec4,assigned,09,retained,項,tama-kyoiku-gakko,
2021,expenditure,132241:2021:expenditure:approved:7fa57e58c4aa48f4,assigned,01,retained,款,somu,
2021,expenditure,132241:2021:expenditure:approved:7fb9ff4d576f54aa,assigned,03,retained,款,shobo,
2021,expenditure,132241:2021:expenditure:approved:801a4b21f39fc6cd,assigned,01,retained,款,somu,
2021,expenditure,132241:2021:expenditure:approved:8033d3427fd8f813,assigned,06,retained,項,tama-doboku-jutaku,
2021,expenditure,132241:2021:expenditure:approved:80529d4442de56f1,assigned,09,retained,項,tama-kyoiku-gakko,
2021,expenditure,132241:2021:expenditure:approved:806e6fd3bf4aaaea,assigned,10,retained,款,minsei,
2021,expenditure,132241:2021:expenditure:approved:807e91b074790eb4,assigned,10,retained,款,minsei,
2021,expenditure,132241:2021:expenditure:approved:80873157c3bcb1e0,assigned,01,retained,款,somu,
2021,expenditure,132241:2021:expenditure:approved:809ef19bc34a7ca5,assigned,01,retained,款,gikai,
2021,expenditure,132241:2021:expenditure:approved:80c33534c3da2f55,assigned,10,retained,款,minsei,
2021,expenditure,132241:2021:expenditure:approved:80fea827326fe5c4,assigned,03,retained,款,shobo,
2021,expenditure,132241:2021:expenditure:approved:81492bf968c9ea78,assigned,01,retained,款,somu,
2021,expenditure,132241:2021:expenditure:approved:814abae6535cc4e3,assigned,04,retained,款,shoko,
2021,expenditure,132241:2021:expenditure:approved:814abe5e498d7fd8,assigned,01,retained,款,somu,
2021,expenditure,132241:2021:expenditure:approved:819c4a2c5ca6915e,assigned,10,retained,款,minsei,
2021,expenditure,132241:2021:expenditure:approved:81ab550f96f2f6ae,assigned,01,retained,款,somu,
2021,expenditure,132241:2021:expenditure:approved:81c1760470e9509f,assigned,08,retained,目,tama-toshikeikaku-kouen,
2021,expenditure,132241:2021:expenditure:approved:81ddfb535439fe61,assigned,08,retained,目,tama-shakaikyoiku-toshokan,
2021,expenditure,132241:2021:expenditure:approved:823066db4db44c4b,assigned,10,retained,款,minsei,
2021,expenditure,132241:2021:expenditure:approved:8234733a106c3bf9,assigned,10,retained,款,minsei,
2021,expenditure,132241:2021:expenditure:approved:82377e104fa75a6f,assigned,05,retained,項,tama-eisei-seiso,
2021,expenditure,132241:2021:expenditure:approved:82ac7eae8a81447d,assigned,01,retained,款,somu,
2021,expenditure,132241:2021:expenditure:approved:82fd6d1f8312be13,assigned,10,retained,款,minsei,
2021,expenditure,132241:2021:expenditure:approved:83557cec990807d2,assigned,01,retained,款,somu,
2021,expenditure,132241:2021:expenditure:approved:83703d9da68d6427,assigned,01,retained,款,somu,
2021,expenditure,132241:2021:expenditure:approved:83b744911d810a2f,assigned,08,retained,目,tama-toshikeikaku-kouen,
2021,expenditure,132241:2021:expenditure:approved:83d0a6d4fd489962,assigned,07,retained,項,tama-eisei-hoken,
2021,expenditure,132241:2021:expenditure:approved:83f3709e7a3108f3,assigned,10,retained,款,minsei,
2021,expenditure,132241:2021:expenditure:approved:83fbc351e056acf2,assigned,03,retained,款,shobo,
2021,expenditure,132241:2021:expenditure:approved:844086565e9dea41,assigned,10,retained,款,minsei,
2021,expenditure,132241:2021:expenditure:approved:8441929075715587,assigned,01,retained,款,somu,
2021,expenditure,132241:2021:expenditure:approved:844957b0d669d50b,assigned,10,retained,款,minsei,
2021,expenditure,132241:2021:expenditure:approved:845f72ca0c3dc39b,assigned,10,retained,款,minsei,
2021,expenditure,132241:2021:expenditure:approved:847c8890e0dcf407,assigned,01,retained,款,somu,
2021,expenditure,132241:2021:expenditure:approved:848d0d32e398dee1,assigned,01,retained,款,somu,
2021,expenditure,132241:2021:expenditure:approved:84949e9643c4b9df,assigned,10,retained,款,minsei,
2021,expenditure,132241:2021:expenditure:approved:84a322dcba8b26b6,assigned,10,retained,款,minsei,
2021,expenditure,132241:2021:expenditure:approved:84a37e6ef064164e,assigned,10,retained,款,minsei,
2021,expenditure,132241:2021:expenditure:approved:84ad9048f26a17e2,assigned,10,retained,款,minsei,
2021,expenditure,132241:2021:expenditure:approved:84c5259ab164b515,assigned,04,retained,款,shoko,
2021,expenditure,132241:2021:expenditure:approved:84e762129b5a14dc,assigned,07,retained,項,tama-eisei-hoken,
2021,expenditure,132241:2021:expenditure:approved:851cac26595511e5,assigned,01,retained,款,somu,
2021,expenditure,132241:2021:expenditure:approved:8526e972b394ecae,assigned,01,retained,款,somu,
2021,expenditure,132241:2021:expenditure:approved:85293b419f15fdeb,assigned,10,retained,款,minsei,
2021,expenditure,132241:2021:expenditure:approved:85372b52f759a834,assigned,04,retained,項,tama-nogyo,
2021,expenditure,132241:2021:expenditure:approved:854c46215b9428e7,assigned,01,retained,款,somu,
2021,expenditure,132241:2021:expenditure:approved:8557b0c2468aed6a,assigned,01,retained,款,somu,
2021,expenditure,132241:2021:expenditure:approved:8574cac39f54428e,assigned,09,retained,項,tama-kyoiku-gakko,
2021,expenditure,132241:2021:expenditure:approved:857a545625e593d1,assigned,08,retained,項,tama-hokentaiiku-other,
2021,expenditure,132241:2021:expenditure:approved:8596982328ced385,assigned,04,retained,款,shoko,
2021,expenditure,132241:2021:expenditure:approved:85a8abeac42cfc89,assigned,10,retained,款,minsei,
2021,expenditure,132241:2021:expenditure:approved:86838da550a48c31,assigned,01,retained,款,somu,
2021,expenditure,132241:2021:expenditure:approved:8692f626c4ec48ea,out-of-scope,"",retained,項,tama-shokitte,
2021,expenditure,132241:2021:expenditure:approved:86bccaee6833a85b,assigned,10,retained,款,minsei,
2021,expenditure,132241:2021:expenditure:approved:86c07eb141be1160,assigned,01,retained,款,somu,
2021,expenditure,132241:2021:expenditure:approved:86dcf102544482ba,assigned,09,retained,項,tama-kyoiku-gakko,
2021,expenditure,132241:2021:expenditure:approved:8703b54eea494519,assigned,10,retained,款,minsei,
2021,expenditure,132241:2021:expenditure:approved:871677f42f066cdc,assigned,09,retained,項,tama-shakaikyoiku-other,
2021,expenditure,132241:2021:expenditure:approved:872386413b577359,assigned,10,retained,款,minsei,
2021,expenditure,132241:2021:expenditure:approved:87303f32ca019979,assigned,01,retained,款,somu,
2021,expenditure,132241:2021:expenditure:approved:8742c0e6e0e4219f,assigned,10,retained,款,minsei,
2021,expenditure,132241:2021:expenditure:approved:876ad0f7a8699af7,assigned,05,retained,項,tama-eisei-seiso,
2021,expenditure,132241:2021:expenditure:approved:87783b514b60d715,assigned,04,retained,項,tama-doboku-doro,
2021,expenditure,132241:2021:expenditure:approved:8786f81f2c5e2c64,assigned,01,retained,款,somu,
2021,expenditure,132241:2021:expenditure:approved:87a17c1e13cb0a62,assigned,04,retained,項,tama-doboku-doro,
2021,expenditure,132241:2021:expenditure:approved:87bf052d6f687da4,assigned,09,retained,項,tama-kyoiku-gakko,
2021,expenditure,132241:2021:expenditure:approved:87e055465a2704d4,assigned,04,retained,款,shoko,
2021,expenditure,132241:2021:expenditure:approved:87e6d6d37f72e972,assigned,09,retained,項,tama-kyoiku-gakko,
2021,expenditure,132241:2021:expenditure:approved:87ede215baac7b24,assigned,01,retained,款,somu,
2021,expenditure,132241:2021:expenditure:approved:87f61dfb96e35a77,assigned,04,retained,款,shoko,
2021,expenditure,132241:2021:expenditure:approved:880b86e4f5d60e9f,assigned,01,retained,款,somu,
2021,expenditure,132241:2021:expenditure:approved:886525e5a201b462,assigned,10,retained,款,minsei,
2021,expenditure,132241:2021:expenditure:approved:88b600afd8e54e92,assigned,01,retained,款,somu,
2021,expenditure,132241:2021:expenditure:approved:88c45d07b1e31b95,assigned,03,retained,款,shobo,
2021,expenditure,132241:2021:expenditure:approved:88c5a172e7e2cba4,assigned,09,retained,項,tama-shakaikyoiku-other,
2021,expenditure,132241:2021:expenditure:approved:88ee5090dc377eea,assigned,07,retained,項,tama-eisei-hoken,
2021,expenditure,132241:2021:expenditure:approved:88fff94e689e3c1e,assigned,09,retained,項,tama-kyoiku-gakko,
2021,expenditure,132241:2021:expenditure:approved:8922e6f64d062d45,assigned,10,retained,款,minsei,
2021,expenditure,132241:2021:expenditure:approved:895c4342debe4295,assigned,08,retained,目,tama-shakaikyoiku-toshokan,
2021,expenditure,132241:2021:expenditure:approved:89c03cd729797839,assigned,04,retained,項,tama-doboku-doro,
2021,expenditure,132241:2021:expenditure:approved:8a0fde56b415b4bb,assigned,09,retained,項,tama-kyoiku-gakko,
2021,expenditure,132241:2021:expenditure:approved:8a186ac441db578e,assigned,09,retained,項,tama-kyoiku-gakko,
2021,expenditure,132241:2021:expenditure:approved:8a3003ba67f97ba5,assigned,05,retained,項,tama-eisei-seiso,
2021,expenditure,132241:2021:expenditure:approved:8a8a18cae574fdcc,assigned,01,retained,款,somu,
2021,expenditure,132241:2021:expenditure:approved:8a8c55acd3eb6780,assigned,09,retained,項,tama-shakaikyoiku-other,
2021,expenditure,132241:2021:expenditure:approved:8aedf23fb7d19293,assigned,08,retained,項,tama-hokentaiiku-other,
2021,expenditure,132241:2021:expenditure:approved:8b47141db72613a9,out-of-scope,"",retained,節,fund-accumulation,
2021,expenditure,132241:2021:expenditure:approved:8c1ee52c82cd7d91,assigned,03,retained,款,shobo,
2021,expenditure,132241:2021:expenditure:approved:8c2e4a663e2f63f5,assigned,08,retained,項,tama-hokentaiiku-other,
2021,expenditure,132241:2021:expenditure:approved:8c7e609dbab5556c,assigned,05,retained,項,tama-eisei-seiso,
2021,expenditure,132241:2021:expenditure:approved:8c84f38b8c9fd31a,assigned,08,retained,項,tama-hokentaiiku-other,
2021,expenditure,132241:2021:expenditure:approved:8c8cf862644b5d07,assigned,01,retained,款,somu,
2021,expenditure,132241:2021:expenditure:approved:8c8d9070d52f6bf2,assigned,06,retained,項,tama-toshikeikaku-other,
2021,expenditure,132241:2021:expenditure:approved:8c965b2da761173a,assigned,09,retained,項,tama-kyoiku-gakko,
2021,expenditure,132241:2021:expenditure:approved:8cfb223c1eeeb2dd,assigned,04,retained,項,tama-doboku-doro,
2021,expenditure,132241:2021:expenditure:approved:8d255cfd4f3198df,assigned,10,retained,款,minsei,
2021,expenditure,132241:2021:expenditure:approved:8d2dfa6122ba1741,assigned,09,retained,項,tama-shakaikyoiku-other,
2021,expenditure,132241:2021:expenditure:approved:8d4076122fda5aeb,assigned,01,retained,款,somu,
2021,expenditure,132241:2021:expenditure:approved:8d5dca71b1e4b4f3,assigned,01,retained,款,somu,
2021,expenditure,132241:2021:expenditure:approved:8d98a77001375ca6,assigned,09,retained,項,tama-kyoiku-gakko,
2021,expenditure,132241:2021:expenditure:approved:8d996b62035b4eb9,assigned,10,retained,款,minsei,
2021,expenditure,132241:2021:expenditure:approved:8dd258f6cb1e50e9,assigned,08,retained,目,tama-toshikeikaku-kouen,
2021,expenditure,132241:2021:expenditure:approved:8dd2b1a686ad4374,assigned,03,retained,款,shobo,
2021,expenditure,132241:2021:expenditure:approved:8dd47bdcf864d66f,assigned,01,retained,款,somu,
2021,expenditure,132241:2021:expenditure:approved:8e33174d3f993eaa,assigned,10,retained,款,minsei,
2021,expenditure,132241:2021:expenditure:approved:8e44f62871fcacb3,assigned,01,retained,款,somu,
2021,expenditure,132241:2021:expenditure:approved:8e4de0e4f5c42040,assigned,04,retained,項,tama-nogyo,
2021,expenditure,132241:2021:expenditure:approved:8e6eab864159ea15,assigned,01,retained,款,somu,
2021,expenditure,132241:2021:expenditure:approved:8eef6113fdd31624,assigned,09,retained,項,tama-kyoiku-gakko,
2021,expenditure,132241:2021:expenditure:approved:8f1f8367ef06f88e,assigned,01,retained,款,somu,
2021,expenditure,132241:2021:expenditure:approved:8f5f3395db61df47,assigned,10,retained,款,minsei,
2021,expenditure,132241:2021:expenditure:approved:8f83fb88543c440c,assigned,01,retained,款,somu,
2021,expenditure,132241:2021:expenditure:approved:8f9fa631bedc5509,assigned,09,retained,項,tama-kyoiku-gakko,
2021,expenditure,132241:2021:expenditure:approved:8fc3a2fd5516e819,assigned,10,retained,款,minsei,
2021,expenditure,132241:2021:expenditure:approved:8fdf65d1eac0cf8a,assigned,10,retained,款,minsei,
2021,expenditure,132241:2021:expenditure:approved:8fe4f55b7e3b19d4,assigned,04,retained,款,shoko,
2021,expenditure,132241:2021:expenditure:approved:90035dcdf0fca9a6,assigned,10,retained,款,minsei,
2021,expenditure,132241:2021:expenditure:approved:90039ad5d977de08,assigned,01,retained,款,somu,
2021,expenditure,132241:2021:expenditure:approved:90253415de00629e,assigned,09,retained,項,tama-shakaikyoiku-other,
2021,expenditure,132241:2021:expenditure:approved:905009cb184c47fe,assigned,07,retained,項,tama-eisei-hoken,
2021,expenditure,132241:2021:expenditure:approved:9068fa8902776dfa,assigned,06,retained,項,tama-toshikeikaku-other,
2021,expenditure,132241:2021:expenditure:approved:90763692d6200ed8,assigned,10,retained,款,minsei,
2021,expenditure,132241:2021:expenditure:approved:908c94660e46f11e,assigned,08,retained,目,tama-shakaikyoiku-toshokan,
2021,expenditure,132241:2021:expenditure:approved:90b252cc5f170bbb,assigned,01,retained,款,somu,
2021,expenditure,132241:2021:expenditure:approved:90c3d48b326f9eff,assigned,01,retained,款,somu,
2021,expenditure,132241:2021:expenditure:approved:90d65b722c1a675e,assigned,10,retained,款,minsei,
2021,expenditure,132241:2021:expenditure:approved:90f20a3c785f8c99,assigned,09,retained,目,tama-hokentaiiku-kyushoku,
2021,expenditure,132241:2021:expenditure:approved:910e1e7f8f0de6da,assigned,09,retained,項,tama-kyoiku-gakko,
2021,expenditure,132241:2021:expenditure:approved:913988ced1771ab9,assigned,01,retained,款,somu,
2021,expenditure,132241:2021:expenditure:approved:91669f3e16fdc597,assigned,08,retained,目,tama-toshikeikaku-kouen,
2021,expenditure,132241:2021:expenditure:approved:91e1952bffb1e7c0,assigned,09,retained,項,tama-kyoiku-gakko,
2021,expenditure,132241:2021:expenditure:approved:921d0357e85a1793,assigned,04,retained,項,tama-doboku-doro,
2021,expenditure,132241:2021:expenditure:approved:923ec29f779ae502,assigned,09,retained,項,tama-kyoiku-gakko,
2021,expenditure,132241:2021:expenditure:approved:92ecabee9616e1e6,assigned,09,retained,項,tama-shakaikyoiku-other,
2021,expenditure,132241:2021:expenditure:approved:931b0aead583f644,assigned,03,retained,款,shobo,
2021,expenditure,132241:2021:expenditure:approved:932ed0c6efd20965,assigned,01,retained,款,somu,
2021,expenditure,132241:2021:expenditure:approved:934fbd814ef882b5,assigned,05,retained,項,tama-eisei-seiso,
2021,expenditure,132241:2021:expenditure:approved:93698dbc278e3838,assigned,04,retained,項,tama-doboku-doro,
2021,expenditure,132241:2021:expenditure:approved:93a055f8fe6a2ed0,assigned,10,retained,款,minsei,
2021,expenditure,132241:2021:expenditure:approved:93bb20c446f75ddc,assigned,01,retained,款,somu,
2021,expenditure,132241:2021:expenditure:approved:93c0beeb8f9ab6f2,assigned,05,retained,項,tama-eisei-seiso,
2021,expenditure,132241:2021:expenditure:approved:93d6fd2ac9507e4b,assigned,04,retained,項,tama-doboku-doro,
2021,expenditure,132241:2021:expenditure:approved:943a87f3a0c43a11,assigned,10,retained,款,minsei,
2021,expenditure,132241:2021:expenditure:approved:943ed6a79efcccce,assigned,10,retained,款,minsei,
2021,expenditure,132241:2021:expenditure:approved:94a57983182a7d80,assigned,07,retained,項,tama-eisei-hoken,
2021,expenditure,132241:2021:expenditure:approved:950a37b593d2a530,assigned,05,retained,項,tama-eisei-seiso,
2021,expenditure,132241:2021:expenditure:approved:954735eb74d6e9af,assigned,10,retained,款,minsei,
2021,expenditure,132241:2021:expenditure:approved:958db219033a4469,assigned,08,retained,目,tama-shakaikyoiku-toshokan,
2021,expenditure,132241:2021:expenditure:approved:95b5c6aadb3f07c8,assigned,10,retained,款,minsei,
2021,expenditure,132241:2021:expenditure:approved:95f55a8f5a01d497,assigned,04,retained,款,rodo,
2021,expenditure,132241:2021:expenditure:approved:966b2d127d2c13e9,assigned,01,retained,款,somu,
2021,expenditure,132241:2021:expenditure:approved:96a440f63d142825,assigned,04,retained,項,tama-doboku-doro,
2021,expenditure,132241:2021:expenditure:approved:96a4a26e8e979ca6,assigned,10,retained,款,minsei,
2021,expenditure,132241:2021:expenditure:approved:96e6a430b1481403,assigned,07,retained,項,tama-eisei-hoken,
2021,expenditure,132241:2021:expenditure:approved:9716cc163a488e3f,assigned,09,retained,目,tama-hokentaiiku-kyushoku,
2021,expenditure,132241:2021:expenditure:approved:972c71bf122bdea9,assigned,03,retained,款,shobo,
2021,expenditure,132241:2021:expenditure:approved:973d73d7da9206a5,assigned,04,retained,項,tama-nogyo,
2021,expenditure,132241:2021:expenditure:approved:975384f0ec38562b,assigned,01,retained,款,somu,
2021,expenditure,132241:2021:expenditure:approved:97777ba59eb3df0f,assigned,09,retained,項,tama-kyoiku-gakko,
2021,expenditure,132241:2021:expenditure:approved:977c57a88ff4e84d,assigned,09,retained,項,tama-shakaikyoiku-other,
2021,expenditure,132241:2021:expenditure:approved:97af968178ad1748,assigned,01,retained,款,somu,
2021,expenditure,132241:2021:expenditure:approved:97bf34f09f14c93c,assigned,04,retained,項,tama-doboku-doro,
2021,expenditure,132241:2021:expenditure:approved:980a432f4a5d69e0,assigned,09,retained,項,tama-shakaikyoiku-other,
2021,expenditure,132241:2021:expenditure:approved:98182a9e1598b9cc,assigned,01,retained,款,gikai,
2021,expenditure,132241:2021:expenditure:approved:981e4f35f89e3d2d,assigned,08,retained,目,tama-toshikeikaku-kouen,
2021,expenditure,132241:2021:expenditure:approved:98310fda1399d7db,assigned,03,retained,款,shobo,
2021,expenditure,132241:2021:expenditure:approved:9848af3e5816b825,assigned,10,retained,款,minsei,
2021,expenditure,132241:2021:expenditure:approved:98583d2bb57070a0,assigned,01,retained,款,somu,
2021,expenditure,132241:2021:expenditure:approved:986edeb583f7a9f5,assigned,09,retained,項,tama-shakaikyoiku-other,
2021,expenditure,132241:2021:expenditure:approved:9886c84d009aba4c,assigned,01,retained,款,somu,
2021,expenditure,132241:2021:expenditure:approved:988b58804191f858,assigned,09,retained,項,tama-kyoiku-gakko,
2021,expenditure,132241:2021:expenditure:approved:9897b1b409ea0338,assigned,01,retained,款,somu,
2021,expenditure,132241:2021:expenditure:approved:98b0aa7cae757d3b,assigned,03,retained,款,shobo,
2021,expenditure,132241:2021:expenditure:approved:98ec3c637e84a37c,assigned,10,retained,款,minsei,
2021,expenditure,132241:2021:expenditure:approved:990fa6ef6a28061f,assigned,01,retained,款,somu,
2021,expenditure,132241:2021:expenditure:approved:9939bf7132a39f60,assigned,03,retained,款,shobo,
2021,expenditure,132241:2021:expenditure:approved:99bcbc5d29531349,assigned,01,retained,款,somu,
2021,expenditure,132241:2021:expenditure:approved:99d87e7dcc612b8f,assigned,10,retained,款,minsei,
2021,expenditure,132241:2021:expenditure:approved:99f59db2dc1af4fe,assigned,01,retained,款,somu,
2021,expenditure,132241:2021:expenditure:approved:99fe84d6b8f25aa8,assigned,01,retained,款,somu,
2021,expenditure,132241:2021:expenditure:approved:9ac8875b45cca074,assigned,01,retained,款,somu,
2021,expenditure,132241:2021:expenditure:approved:9b32f7f3d0bafb4b,assigned,09,retained,項,tama-shakaikyoiku-other,
2021,expenditure,132241:2021:expenditure:approved:9b4d5e0e94914f78,assigned,01,retained,款,somu,
2021,expenditure,132241:2021:expenditure:approved:9b5a5efc7e93ebb3,assigned,09,retained,項,tama-shakaikyoiku-other,
2021,expenditure,132241:2021:expenditure:approved:9b6ba65351600654,assigned,07,retained,項,tama-eisei-hoken,
2021,expenditure,132241:2021:expenditure:approved:9b7bd7753f146fb1,assigned,01,retained,款,somu,
2021,expenditure,132241:2021:expenditure:approved:9bed0cd61dd65c12,assigned,09,retained,項,tama-kyoiku-gakko,
2021,expenditure,132241:2021:expenditure:approved:9c09220429db8bc1,assigned,01,retained,款,somu,
2021,expenditure,132241:2021:expenditure:approved:9c1bbdbc363fba7c,assigned,01,retained,款,somu,
2021,expenditure,132241:2021:expenditure:approved:9c41d2dcf46d4cf1,assigned,04,retained,款,shoko,
2021,expenditure,132241:2021:expenditure:approved:9c51631e0dd1cb38,assigned,01,retained,款,somu,
2021,expenditure,132241:2021:expenditure:approved:9c976a1e87b57172,assigned,04,retained,項,tama-doboku-kanri,
2021,expenditure,132241:2021:expenditure:approved:9cc04aba43c2dbaa,assigned,10,retained,款,minsei,
2021,expenditure,132241:2021:expenditure:approved:9d370db510560266,assigned,10,retained,款,minsei,
2021,expenditure,132241:2021:expenditure:approved:9d4454566c20b5dc,assigned,01,retained,款,somu,
2021,expenditure,132241:2021:expenditure:approved:9d4d8d47787621a5,assigned,09,retained,項,tama-kyoiku-gakko,
2021,expenditure,132241:2021:expenditure:approved:9d4fea7bb749bb99,assigned,01,retained,款,somu,
2021,expenditure,132241:2021:expenditure:approved:9d8c48485d7033cd,assigned,04,retained,項,tama-doboku-doro,
2021,expenditure,132241:2021:expenditure:approved:9d8ce8689a2f8b4d,assigned,10,retained,款,minsei,
2021,expenditure,132241:2021:expenditure:approved:9da9c74b80ab53e3,assigned,09,retained,項,tama-shakaikyoiku-other,
2021,expenditure,132241:2021:expenditure:approved:9def254e8fbb3122,assigned,09,retained,項,tama-kyoiku-gakko,
2021,expenditure,132241:2021:expenditure:approved:9e06ffb0066e3694,assigned,01,retained,款,somu,
2021,expenditure,132241:2021:expenditure:approved:9e0bfe69ef43d441,assigned,03,retained,款,shobo,
2021,expenditure,132241:2021:expenditure:approved:9e646593ff36d869,assigned,09,retained,項,tama-shakaikyoiku-other,
2021,expenditure,132241:2021:expenditure:approved:9e74b0c9de5dee8d,assigned,07,retained,項,tama-eisei-hoken,
2021,expenditure,132241:2021:expenditure:approved:9e8ed7c7d7242c43,assigned,01,retained,款,somu,
2021,expenditure,132241:2021:expenditure:approved:9ea66d4f89ccb60b,assigned,10,retained,款,minsei,
2021,expenditure,132241:2021:expenditure:approved:9ea69857a89ad7e8,assigned,09,retained,項,tama-kyoiku-gakko,
2021,expenditure,132241:2021:expenditure:approved:9eadb88ecf036c6a,assigned,10,retained,款,minsei,
2021,expenditure,132241:2021:expenditure:approved:9ef2de22fd92dcad,assigned,10,retained,款,minsei,
2021,expenditure,132241:2021:expenditure:approved:9ef7321925e5c805,assigned,08,retained,目,tama-shakaikyoiku-toshokan,
2021,expenditure,132241:2021:expenditure:approved:9ef9a9574ed73680,assigned,01,retained,款,somu,
2021,expenditure,132241:2021:expenditure:approved:9effe1156b1a9afd,assigned,03,retained,款,shobo,
2021,expenditure,132241:2021:expenditure:approved:9f0399985a58e36d,assigned,10,retained,款,minsei,
2021,expenditure,132241:2021:expenditure:approved:9f2946747632090f,assigned,04,retained,項,tama-doboku-doro,
2021,expenditure,132241:2021:expenditure:approved:9f42aee5303ad102,assigned,10,retained,款,minsei,
2021,expenditure,132241:2021:expenditure:approved:9f5443e99ad9802c,assigned,04,retained,項,tama-nogyo,
2021,expenditure,132241:2021:expenditure:approved:9f6bc20b40ca0e8a,assigned,09,retained,項,tama-kyoiku-gakko,
2021,expenditure,132241:2021:expenditure:approved:9f7aefc60a9c15f1,assigned,09,retained,項,tama-kyoiku-gakko,
2021,expenditure,132241:2021:expenditure:approved:9f9a4d2910984365,assigned,01,retained,款,somu,
2021,expenditure,132241:2021:expenditure:approved:9fabb3b2c9d1d391,assigned,09,retained,項,tama-shakaikyoiku-other,
2021,expenditure,132241:2021:expenditure:approved:9feb8fa6d6b627bd,assigned,09,retained,項,tama-kyoiku-gakko,
2021,expenditure,132241:2021:expenditure:approved:9ff64df6f8ac8c08,assigned,10,retained,款,minsei,
2021,expenditure,132241:2021:expenditure:approved:9ffa89b0df5daa5e,assigned,04,retained,項,tama-doboku-doro,
2021,expenditure,132241:2021:expenditure:approved:9ffd6db97a7849b8,assigned,07,retained,項,tama-eisei-hoken,
2021,expenditure,132241:2021:expenditure:approved:a02cdecc7d95d2a5,assigned,09,retained,項,tama-kyoiku-gakko,
2021,expenditure,132241:2021:expenditure:approved:a0dafb9f90d0948b,assigned,07,retained,項,tama-eisei-hoken,
2021,expenditure,132241:2021:expenditure:approved:a10501da9afc17c2,assigned,01,retained,款,somu,
2021,expenditure,132241:2021:expenditure:approved:a15b27510990b2e1,assigned,09,retained,項,tama-kyoiku-gakko,
2021,expenditure,132241:2021:expenditure:approved:a1bc4cec14d4a099,assigned,10,retained,款,minsei,
2021,expenditure,132241:2021:expenditure:approved:a1ebec215955e3bd,assigned,09,retained,項,tama-kyoiku-gakko,
2021,expenditure,132241:2021:expenditure:approved:a22f6bfae6090930,assigned,07,retained,項,tama-eisei-hoken,
2021,expenditure,132241:2021:expenditure:approved:a243f20900b05b24,assigned,04,retained,項,tama-doboku-kanri,
2021,expenditure,132241:2021:expenditure:approved:a260041a0a3d32fd,out-of-scope,"",retained,節,fund-accumulation,
2021,expenditure,132241:2021:expenditure:approved:a284bbe7788be056,assigned,01,retained,款,somu,
2021,expenditure,132241:2021:expenditure:approved:a318bd0855dd814b,assigned,09,retained,項,tama-kyoiku-gakko,
2021,expenditure,132241:2021:expenditure:approved:a3275f2a9fa84f79,assigned,08,retained,項,tama-hokentaiiku-other,
2021,expenditure,132241:2021:expenditure:approved:a32b71a2dd99f045,assigned,01,retained,款,somu,
2021,expenditure,132241:2021:expenditure:approved:a34b0903affcf680,assigned,01,retained,款,gikai,
2021,expenditure,132241:2021:expenditure:approved:a352d99e608e215d,assigned,10,retained,款,minsei,
2021,expenditure,132241:2021:expenditure:approved:a38a329e00372fc2,assigned,10,retained,款,minsei,
2021,expenditure,132241:2021:expenditure:approved:a394f537c044738a,assigned,09,retained,項,tama-kyoiku-gakko,
2021,expenditure,132241:2021:expenditure:approved:a3ac79054c02743c,assigned,06,retained,項,tama-toshikeikaku-other,
2021,expenditure,132241:2021:expenditure:approved:a4142a9e301ced91,assigned,10,retained,款,minsei,
2021,expenditure,132241:2021:expenditure:approved:a45397e0d16bef90,assigned,09,retained,項,tama-kyoiku-gakko,
2021,expenditure,132241:2021:expenditure:approved:a455932e4730ea8d,assigned,10,retained,款,minsei,
2021,expenditure,132241:2021:expenditure:approved:a48d3b20d3e4b641,assigned,10,retained,款,minsei,
2021,expenditure,132241:2021:expenditure:approved:a49eac57277fd7e2,assigned,04,retained,項,tama-doboku-kanri,
2021,expenditure,132241:2021:expenditure:approved:a4e71d6e452e911d,assigned,10,retained,款,minsei,
2021,expenditure,132241:2021:expenditure:approved:a4f2a549d8947916,assigned,03,retained,款,shobo,
2021,expenditure,132241:2021:expenditure:approved:a4fd62b0fd2eab92,assigned,01,retained,款,somu,
2021,expenditure,132241:2021:expenditure:approved:a507725b8591ae88,assigned,01,retained,款,gikai,
2021,expenditure,132241:2021:expenditure:approved:a5081bd8546a2789,assigned,01,retained,款,somu,
2021,expenditure,132241:2021:expenditure:approved:a538f7cf47ca93de,assigned,06,retained,項,tama-toshikeikaku-other,
2021,expenditure,132241:2021:expenditure:approved:a58926ee263f2d7d,assigned,03,retained,款,shobo,
2021,expenditure,132241:2021:expenditure:approved:a5a7cf8dd7b67932,assigned,10,retained,款,minsei,
2021,expenditure,132241:2021:expenditure:approved:a5d0b64a9523d104,assigned,10,retained,款,minsei,
2021,expenditure,132241:2021:expenditure:approved:a601b8b3d178ae55,assigned,04,retained,項,tama-doboku-doro,
2021,expenditure,132241:2021:expenditure:approved:a6178d11b39e7d73,assigned,01,retained,款,somu,
2021,expenditure,132241:2021:expenditure:approved:a655034c7435a0e1,assigned,10,retained,款,minsei,
2021,expenditure,132241:2021:expenditure:approved:a6aea83b7006a0f0,assigned,09,retained,項,tama-shakaikyoiku-other,
2021,expenditure,132241:2021:expenditure:approved:a6ee096aa57f938b,assigned,04,retained,款,shoko,
2021,expenditure,132241:2021:expenditure:approved:a6f9992137914b5e,assigned,07,retained,項,tama-eisei-hoken,
2021,expenditure,132241:2021:expenditure:approved:a709c973d6bf3af4,assigned,01,retained,款,somu,
2021,expenditure,132241:2021:expenditure:approved:a70a582dfbb2b442,assigned,08,retained,目,tama-shakaikyoiku-toshokan,
2021,expenditure,132241:2021:expenditure:approved:a7a16f37f218be48,assigned,07,retained,項,tama-eisei-hoken,
2021,expenditure,132241:2021:expenditure:approved:a7a4876da2338d69,assigned,09,retained,項,tama-kyoiku-gakko,
2021,expenditure,132241:2021:expenditure:approved:a7eff88694c9d04c,assigned,01,retained,款,somu,
2021,expenditure,132241:2021:expenditure:approved:a8389b86a5198f1f,assigned,03,retained,款,shobo,
2021,expenditure,132241:2021:expenditure:approved:a8a187639c515fae,assigned,10,retained,款,minsei,
2021,expenditure,132241:2021:expenditure:approved:a8b2598412ee3710,assigned,01,retained,款,somu,
2021,expenditure,132241:2021:expenditure:approved:a902e6c1cb7af7f2,assigned,10,retained,款,minsei,
2021,expenditure,132241:2021:expenditure:approved:a9254fcf9e342c25,assigned,09,retained,項,tama-kyoiku-gakko,
2021,expenditure,132241:2021:expenditure:approved:a94db9f6db656f35,assigned,08,retained,目,tama-toshikeikaku-kouen,
2021,expenditure,132241:2021:expenditure:approved:a9531dc8a94abc2e,assigned,09,retained,項,tama-kyoiku-gakko,
2021,expenditure,132241:2021:expenditure:approved:a98977096c3097f2,assigned,04,retained,項,tama-doboku-doro,
2021,expenditure,132241:2021:expenditure:approved:aa06a57b17b10693,assigned,10,retained,款,minsei,
2021,expenditure,132241:2021:expenditure:approved:aa0b20596a3e21a3,assigned,09,retained,項,tama-shakaikyoiku-other,
2021,expenditure,132241:2021:expenditure:approved:aa29b8b9d9aec19a,assigned,08,retained,項,tama-hokentaiiku-other,
2021,expenditure,132241:2021:expenditure:approved:aa7b15cc0bae91d9,assigned,01,retained,款,somu,
2021,expenditure,132241:2021:expenditure:approved:aaa04f2f654b3109,assigned,01,retained,款,somu,
2021,expenditure,132241:2021:expenditure:approved:aabd4450b5db889f,assigned,08,retained,目,tama-toshikeikaku-kouen,
2021,expenditure,132241:2021:expenditure:approved:ab1b338319af9abf,assigned,10,retained,款,minsei,
2021,expenditure,132241:2021:expenditure:approved:abab3e36a7be9ce2,assigned,07,retained,項,tama-eisei-hoken,
2021,expenditure,132241:2021:expenditure:approved:abbe7fef8655f6ad,assigned,01,retained,款,somu,
2021,expenditure,132241:2021:expenditure:approved:abdb24c10781dd6d,assigned,05,retained,項,tama-eisei-seiso,
2021,expenditure,132241:2021:expenditure:approved:abe482fff04950db,assigned,08,retained,目,tama-toshikeikaku-kouen,
2021,expenditure,132241:2021:expenditure:approved:ac1d8c594bbea1c9,assigned,10,retained,款,minsei,
2021,expenditure,132241:2021:expenditure:approved:ac4a2d067bed24db,assigned,08,retained,目,tama-shakaikyoiku-toshokan,
2021,expenditure,132241:2021:expenditure:approved:ac66e7c0c10cb9a7,assigned,01,retained,款,somu,
2021,expenditure,132241:2021:expenditure:approved:ac88b44640f3e898,assigned,01,retained,款,gikai,
2021,expenditure,132241:2021:expenditure:approved:ac8b2b5453a28896,assigned,09,retained,項,tama-shakaikyoiku-other,
2021,expenditure,132241:2021:expenditure:approved:acade4f7e1ce38c3,assigned,01,retained,款,somu,
2021,expenditure,132241:2021:expenditure:approved:acf869179335d6cb,assigned,04,retained,項,tama-doboku-doro,
2021,expenditure,132241:2021:expenditure:approved:ad557554c6616d0a,assigned,10,retained,款,minsei,
2021,expenditure,132241:2021:expenditure:approved:ad666e6e31f72550,assigned,10,retained,款,minsei,
2021,expenditure,132241:2021:expenditure:approved:ad6c2d4e1e2bab75,assigned,09,retained,項,tama-shakaikyoiku-other,
2021,expenditure,132241:2021:expenditure:approved:ada05d5c10241fa0,assigned,05,retained,項,tama-eisei-seiso,
2021,expenditure,132241:2021:expenditure:approved:ada9135822d73554,assigned,03,retained,款,shobo,
2021,expenditure,132241:2021:expenditure:approved:adaf7af403674d8b,assigned,07,retained,項,tama-eisei-hoken,
2021,expenditure,132241:2021:expenditure:approved:adb37026f1cdbe4d,assigned,09,retained,項,tama-shakaikyoiku-other,
2021,expenditure,132241:2021:expenditure:approved:adddb5cff9378061,assigned,06,retained,項,tama-toshikeikaku-other,
2021,expenditure,132241:2021:expenditure:approved:ae0987b22cf64f76,assigned,10,retained,款,minsei,
2021,expenditure,132241:2021:expenditure:approved:ae4c7cab33b3cc29,assigned,10,retained,款,minsei,
2021,expenditure,132241:2021:expenditure:approved:ae940dd0cfe9bbde,assigned,01,retained,款,gikai,
2021,expenditure,132241:2021:expenditure:approved:aefcea7fa5636be2,assigned,09,retained,項,tama-kyoiku-gakko,
2021,expenditure,132241:2021:expenditure:approved:af3048d550c7bde0,assigned,09,retained,項,tama-kyoiku-gakko,
2021,expenditure,132241:2021:expenditure:approved:af63841770285860,assigned,01,retained,款,somu,
2021,expenditure,132241:2021:expenditure:approved:af8d20b68d108455,assigned,03,retained,款,shobo,
2021,expenditure,132241:2021:expenditure:approved:afa0f3765b2b6a07,assigned,04,retained,款,shoko,
2021,expenditure,132241:2021:expenditure:approved:afb9547a84476998,assigned,09,retained,項,tama-kyoiku-gakko,
2021,expenditure,132241:2021:expenditure:approved:afd2baa55343c586,assigned,10,retained,款,minsei,
2021,expenditure,132241:2021:expenditure:approved:afd8d6b4f225de8a,out-of-scope,"",retained,目,debt-principal,
2021,expenditure,132241:2021:expenditure:approved:b05db177090724d2,assigned,01,retained,款,somu,
2021,expenditure,132241:2021:expenditure:approved:b06eb9b77f41adb0,assigned,01,retained,款,somu,
2021,expenditure,132241:2021:expenditure:approved:b093eda9407767b9,assigned,01,retained,款,somu,
2021,expenditure,132241:2021:expenditure:approved:b0c9f6293e9d2eb4,assigned,09,retained,項,tama-kyoiku-gakko,
2021,expenditure,132241:2021:expenditure:approved:b0cbd8ef4e274f70,assigned,10,retained,款,minsei,
2021,expenditure,132241:2021:expenditure:approved:b16cc6a85e3a382d,assigned,09,retained,項,tama-kyoiku-gakko,
2021,expenditure,132241:2021:expenditure:approved:b184acb96fdf823e,assigned,01,retained,款,somu,
2021,expenditure,132241:2021:expenditure:approved:b1ed721dcaf31a2f,assigned,01,retained,款,somu,
2021,expenditure,132241:2021:expenditure:approved:b1f1a4f02a0d2315,assigned,04,retained,項,tama-nogyo,
2021,expenditure,132241:2021:expenditure:approved:b1f8d7e4dd29dbbd,assigned,06,retained,項,tama-doboku-jutaku,
2021,expenditure,132241:2021:expenditure:approved:b20370a8295d3a90,assigned,08,retained,目,tama-toshikeikaku-kouen,
2021,expenditure,132241:2021:expenditure:approved:b25e518573dbd444,assigned,10,retained,款,minsei,
2021,expenditure,132241:2021:expenditure:approved:b2907b46c9de0638,assigned,08,retained,項,tama-hokentaiiku-other,
2021,expenditure,132241:2021:expenditure:approved:b2916c5e41c6f974,assigned,01,retained,款,somu,
2021,expenditure,132241:2021:expenditure:approved:b31fe060b4404465,assigned,01,retained,款,somu,
2021,expenditure,132241:2021:expenditure:approved:b39fe23865b748b1,assigned,10,retained,款,minsei,
2021,expenditure,132241:2021:expenditure:approved:b3c5c1e94b575636,assigned,10,retained,款,minsei,
2021,expenditure,132241:2021:expenditure:approved:b3e23f1b7287ea96,assigned,09,retained,項,tama-shakaikyoiku-other,
2021,expenditure,132241:2021:expenditure:approved:b3fffd3824477543,assigned,05,retained,項,tama-eisei-seiso,
2021,expenditure,132241:2021:expenditure:approved:b4047777cc9ec130,assigned,08,retained,項,tama-hokentaiiku-other,
2021,expenditure,132241:2021:expenditure:approved:b430fdf905cf8e53,assigned,01,retained,款,somu,
2021,expenditure,132241:2021:expenditure:approved:b450caefe9b8e4ee,assigned,08,retained,目,tama-toshikeikaku-kouen,
2021,expenditure,132241:2021:expenditure:approved:b49d4b82b0d34912,assigned,07,retained,項,tama-eisei-hoken,
2021,expenditure,132241:2021:expenditure:approved:b4c04ca68104c9f5,assigned,09,retained,項,tama-shakaikyoiku-other,
2021,expenditure,132241:2021:expenditure:approved:b4f7dd92f18d5b51,assigned,01,retained,款,somu,
2021,expenditure,132241:2021:expenditure:approved:b5202353de34612b,assigned,09,retained,目,tama-hokentaiiku-kyushoku,
2021,expenditure,132241:2021:expenditure:approved:b527da5df0c63bd3,assigned,01,retained,款,somu,
2021,expenditure,132241:2021:expenditure:approved:b530d9aa298b3490,assigned,03,retained,款,shobo,
2021,expenditure,132241:2021:expenditure:approved:b5a4bd63e3c31a55,assigned,01,retained,款,somu,
2021,expenditure,132241:2021:expenditure:approved:b5b202b88f0577a0,assigned,01,retained,款,gikai,
2021,expenditure,132241:2021:expenditure:approved:b5b6250fbe5e7fc6,assigned,01,retained,款,somu,
2021,expenditure,132241:2021:expenditure:approved:b60d351a88bfab88,assigned,09,retained,目,tama-hokentaiiku-kyushoku,
2021,expenditure,132241:2021:expenditure:approved:b61f2323f8c628ca,assigned,01,retained,款,somu,
2021,expenditure,132241:2021:expenditure:approved:b6758bef760860d7,assigned,10,retained,款,minsei,
2021,expenditure,132241:2021:expenditure:approved:b72eede9c5dd504c,assigned,09,retained,項,tama-kyoiku-gakko,
2021,expenditure,132241:2021:expenditure:approved:b72f5a77e1314937,assigned,09,retained,項,tama-shakaikyoiku-other,
2021,expenditure,132241:2021:expenditure:approved:b74a0d42bb38a8e5,assigned,01,retained,款,somu,
2021,expenditure,132241:2021:expenditure:approved:b776a4773b30d1f7,assigned,10,retained,款,minsei,
2021,expenditure,132241:2021:expenditure:approved:b7d9d50c92c13758,assigned,07,retained,項,tama-eisei-hoken,
2021,expenditure,132241:2021:expenditure:approved:b8215cf5fdf54686,assigned,06,retained,項,tama-toshikeikaku-other,
2021,expenditure,132241:2021:expenditure:approved:b89da4866dfeba67,assigned,08,retained,目,tama-toshikeikaku-kouen,
2021,expenditure,132241:2021:expenditure:approved:b89fc3f0496aa336,assigned,09,retained,項,tama-kyoiku-gakko,
2021,expenditure,132241:2021:expenditure:approved:b8a38976fd09ac57,assigned,04,retained,款,shoko,
2021,expenditure,132241:2021:expenditure:approved:b8b33ce355d0154e,assigned,09,retained,項,tama-shakaikyoiku-other,
2021,expenditure,132241:2021:expenditure:approved:b8e80324e74341b1,assigned,10,retained,款,minsei,
2021,expenditure,132241:2021:expenditure:approved:b927881afdb706e1,assigned,09,retained,項,tama-kyoiku-gakko,
2021,expenditure,132241:2021:expenditure:approved:b94fb32e1aca609b,assigned,01,retained,款,somu,
2021,expenditure,132241:2021:expenditure:approved:b957d0f1d426c518,assigned,01,retained,款,somu,
2021,expenditure,132241:2021:expenditure:approved:b967c469e27b0a50,assigned,10,retained,款,minsei,
2021,expenditure,132241:2021:expenditure:approved:b9d3f13fc2b93f7a,assigned,08,retained,項,tama-hokentaiiku-other,
2021,expenditure,132241:2021:expenditure:approved:b9fec91c5127072e,assigned,10,retained,款,minsei,
2021,expenditure,132241:2021:expenditure:approved:ba1e5456c85062a0,assigned,09,retained,項,tama-shakaikyoiku-other,
2021,expenditure,132241:2021:expenditure:approved:ba2ad68040e6932d,assigned,10,retained,款,minsei,
2021,expenditure,132241:2021:expenditure:approved:ba48306d2bd992e4,assigned,10,retained,款,minsei,
2021,expenditure,132241:2021:expenditure:approved:ba748730ac25a775,assigned,10,retained,款,minsei,
2021,expenditure,132241:2021:expenditure:approved:bacc40a919e8857e,assigned,01,retained,款,somu,
2021,expenditure,132241:2021:expenditure:approved:bafd75f900a7e29c,assigned,09,retained,項,tama-saigai-bunkyo,
2021,expenditure,132241:2021:expenditure:approved:bb4c05d65ce217d2,assigned,10,retained,款,minsei,
2021,expenditure,132241:2021:expenditure:approved:bb68be7f6ca80202,assigned,04,retained,款,shoko,
2021,expenditure,132241:2021:expenditure:approved:bb8137ce23f5cf6d,assigned,09,retained,項,tama-shakaikyoiku-other,
2021,expenditure,132241:2021:expenditure:approved:bbada0b7427a74c1,assigned,03,retained,款,shobo,
2021,expenditure,132241:2021:expenditure:approved:bbb55cdb2f0d1df5,assigned,10,retained,款,minsei,
2021,expenditure,132241:2021:expenditure:approved:bbb8230cafe23c7a,assigned,01,retained,款,somu,
2021,expenditure,132241:2021:expenditure:approved:bbeb6d8c83f2671f,assigned,01,retained,款,somu,
2021,expenditure,132241:2021:expenditure:approved:bc166e0874d3fcdb,assigned,10,retained,款,minsei,
2021,expenditure,132241:2021:expenditure:approved:bc3aa5f0148e3202,assigned,10,retained,款,minsei,
2021,expenditure,132241:2021:expenditure:approved:bc8a6b0ce9fdea06,assigned,01,retained,款,somu,
2021,expenditure,132241:2021:expenditure:approved:bc8a9ff90d1ad32d,assigned,09,retained,項,tama-kyoiku-gakko,
2021,expenditure,132241:2021:expenditure:approved:bcb91ee224fabe77,assigned,08,retained,項,tama-hokentaiiku-other,
2021,expenditure,132241:2021:expenditure:approved:bcbafd7ef85e84af,assigned,09,retained,項,tama-kyoiku-gakko,
2021,expenditure,132241:2021:expenditure:approved:bcbfd7c3d3db2c4e,assigned,08,retained,項,tama-hokentaiiku-other,
2021,expenditure,132241:2021:expenditure:approved:bd00b13828d0779c,assigned,10,retained,款,minsei,
2021,expenditure,132241:2021:expenditure:approved:bd41fea61a215a8f,assigned,01,retained,款,somu,
2021,expenditure,132241:2021:expenditure:approved:bd44ccdfa6a78371,assigned,08,retained,目,tama-shakaikyoiku-toshokan,
2021,expenditure,132241:2021:expenditure:approved:bd4bc99c4dcf6e51,assigned,01,retained,款,somu,
2021,expenditure,132241:2021:expenditure:approved:bd7309ddb5902c00,assigned,06,retained,項,tama-toshikeikaku-other,
2021,expenditure,132241:2021:expenditure:approved:bd79948a1d8fae75,unclassifiable,"",retained,項,tama-saigai-other,
2021,expenditure,132241:2021:expenditure:approved:bdb79ad8e4287da7,assigned,01,retained,款,somu,
2021,expenditure,132241:2021:expenditure:approved:bde2a8bf32f49b0f,assigned,01,retained,款,somu,
2021,expenditure,132241:2021:expenditure:approved:be0d53e5bc884c6f,assigned,09,retained,項,tama-kyoiku-gakko,
2021,expenditure,132241:2021:expenditure:approved:be1a4c7fbbaae864,assigned,07,retained,項,tama-eisei-hoken,
2021,expenditure,132241:2021:expenditure:approved:be684efa1014aa0c,assigned,03,retained,款,shobo,
2021,expenditure,132241:2021:expenditure:approved:be86346545cf0c2c,assigned,04,retained,項,tama-doboku-kanri,
2021,expenditure,132241:2021:expenditure:approved:be93a5d8a15ac9f6,assigned,01,retained,款,somu,
2021,expenditure,132241:2021:expenditure:approved:be9bcd67e51644eb,assigned,01,retained,款,somu,
2021,expenditure,132241:2021:expenditure:approved:bec05854078d431d,assigned,07,retained,項,tama-eisei-hoken,
2021,expenditure,132241:2021:expenditure:approved:bf21cbf56a70b35f,assigned,01,retained,款,somu,
2021,expenditure,132241:2021:expenditure:approved:bf2e46120899e2f1,assigned,01,retained,款,somu,
2021,expenditure,132241:2021:expenditure:approved:bf5212c503a70142,assigned,04,retained,款,shoko,
2021,expenditure,132241:2021:expenditure:approved:bf91a80241dca595,assigned,01,retained,款,somu,
2021,expenditure,132241:2021:expenditure:approved:bfd15c42d41e4770,assigned,01,retained,款,somu,
2021,expenditure,132241:2021:expenditure:approved:bfd80edcc7c4b093,assigned,09,retained,項,tama-kyoiku-gakko,
2021,expenditure,132241:2021:expenditure:approved:bff233c6cf9b1b37,assigned,01,retained,款,somu,
2021,expenditure,132241:2021:expenditure:approved:c0b10747a4b19e5f,assigned,01,retained,款,somu,
2021,expenditure,132241:2021:expenditure:approved:c0ca7ae4ae947da2,assigned,09,retained,項,tama-shakaikyoiku-other,
2021,expenditure,132241:2021:expenditure:approved:c0dc84ca8e08ec2b,assigned,10,retained,款,minsei,
2021,expenditure,132241:2021:expenditure:approved:c0ec98d618d879bd,assigned,09,retained,項,tama-shakaikyoiku-other,
2021,expenditure,132241:2021:expenditure:approved:c1087125eff60a42,assigned,10,retained,款,minsei,
2021,expenditure,132241:2021:expenditure:approved:c12a467f39ac6279,assigned,01,retained,款,somu,
2021,expenditure,132241:2021:expenditure:approved:c14d12140e6591d2,assigned,01,retained,款,somu,
2021,expenditure,132241:2021:expenditure:approved:c15da91c19416aa7,assigned,10,retained,款,minsei,
2021,expenditure,132241:2021:expenditure:approved:c15e8b6541fe6b98,assigned,01,retained,款,somu,
2021,expenditure,132241:2021:expenditure:approved:c16181aa2c9d4275,assigned,10,retained,款,minsei,
2021,expenditure,132241:2021:expenditure:approved:c19ae2d115531153,out-of-scope,"",retained,節,fund-accumulation,
2021,expenditure,132241:2021:expenditure:approved:c1c8aedc5186c525,assigned,05,retained,項,tama-eisei-seiso,
2021,expenditure,132241:2021:expenditure:approved:c1d9699d7f790780,assigned,01,retained,款,somu,
2021,expenditure,132241:2021:expenditure:approved:c1f7ff2faf51c5de,assigned,01,retained,款,somu,
2021,expenditure,132241:2021:expenditure:approved:c1fae708efefe6db,assigned,10,retained,款,minsei,
2021,expenditure,132241:2021:expenditure:approved:c228fecc7f4b2d19,assigned,10,retained,款,minsei,
2021,expenditure,132241:2021:expenditure:approved:c23e26fb69e763da,assigned,01,retained,款,somu,
2021,expenditure,132241:2021:expenditure:approved:c286cdd804f4b651,assigned,09,retained,項,tama-shakaikyoiku-other,
2021,expenditure,132241:2021:expenditure:approved:c2b375bb74ec4c20,assigned,07,retained,項,tama-eisei-hoken,
2021,expenditure,132241:2021:expenditure:approved:c2bea4062e7b78cc,assigned,09,retained,項,tama-shakaikyoiku-other,
2021,expenditure,132241:2021:expenditure:approved:c305e58bbebca8f1,assigned,01,retained,款,somu,
2021,expenditure,132241:2021:expenditure:approved:c30cdc7edeef5c3d,assigned,07,retained,項,tama-eisei-hoken,
2021,expenditure,132241:2021:expenditure:approved:c310faf37beab939,assigned,10,retained,款,minsei,
2021,expenditure,132241:2021:expenditure:approved:c3526696b22fd053,assigned,01,retained,款,somu,
2021,expenditure,132241:2021:expenditure:approved:c36b7b0cbc41eec4,assigned,09,retained,項,tama-kyoiku-gakko,
2021,expenditure,132241:2021:expenditure:approved:c391d2194f6afe78,assigned,01,retained,款,somu,
2021,expenditure,132241:2021:expenditure:approved:c3bc095f4c961356,assigned,01,retained,款,somu,
2021,expenditure,132241:2021:expenditure:approved:c3d9602081ba259f,assigned,07,retained,項,tama-eisei-hoken,
2021,expenditure,132241:2021:expenditure:approved:c3e0785401a41ab7,assigned,09,retained,項,tama-shakaikyoiku-other,
2021,expenditure,132241:2021:expenditure:approved:c3fccd2a0980224c,assigned,09,retained,目,tama-hokentaiiku-kyushoku,
2021,expenditure,132241:2021:expenditure:approved:c4154b3c8bd9ecbf,assigned,10,retained,款,minsei,
2021,expenditure,132241:2021:expenditure:approved:c46eb15a876c1837,assigned,10,retained,款,minsei,
2021,expenditure,132241:2021:expenditure:approved:c493339fd16b1bc8,assigned,07,retained,項,tama-eisei-hoken,
2021,expenditure,132241:2021:expenditure:approved:c4b6159ece4de08a,assigned,09,retained,項,tama-kyoiku-gakko,
2021,expenditure,132241:2021:expenditure:approved:c509dc5da85aa9fd,assigned,04,retained,項,tama-doboku-doro,
2021,expenditure,132241:2021:expenditure:approved:c542107efa1a8909,assigned,01,retained,款,somu,
2021,expenditure,132241:2021:expenditure:approved:c5acb898b731b689,assigned,01,retained,款,somu,
2021,expenditure,132241:2021:expenditure:approved:c5b934637516fde2,assigned,09,retained,項,tama-kyoiku-gakko,
2021,expenditure,132241:2021:expenditure:approved:c5e2d651b400d012,assigned,03,retained,款,shobo,
2021,expenditure,132241:2021:expenditure:approved:c6241882cc3f2376,assigned,04,retained,款,shoko,
2021,expenditure,132241:2021:expenditure:approved:c665231bea91dcc3,assigned,09,retained,項,tama-kyoiku-gakko,
2021,expenditure,132241:2021:expenditure:approved:c6f73cd0e35e34d8,assigned,01,retained,款,somu,
2021,expenditure,132241:2021:expenditure:approved:c73a5b54d5a78de5,assigned,01,retained,款,somu,
2021,expenditure,132241:2021:expenditure:approved:c765811818e63617,assigned,08,retained,項,tama-hokentaiiku-other,
2021,expenditure,132241:2021:expenditure:approved:c78134c7aea25a80,assigned,09,retained,項,tama-kyoiku-gakko,
2021,expenditure,132241:2021:expenditure:approved:c7c95a5946c1f67a,assigned,10,retained,款,minsei,
2021,expenditure,132241:2021:expenditure:approved:c7de667a152fb5db,assigned,07,retained,項,tama-eisei-hoken,
2021,expenditure,132241:2021:expenditure:approved:c7f426c4b9df32b1,assigned,01,retained,款,somu,
2021,expenditure,132241:2021:expenditure:approved:c807274e1a53131b,assigned,09,retained,項,tama-shakaikyoiku-other,
2021,expenditure,132241:2021:expenditure:approved:c82d6c7676ae71a0,assigned,09,retained,項,tama-kyoiku-gakko,
2021,expenditure,132241:2021:expenditure:approved:c833e07da29393be,assigned,04,retained,款,shoko,
2021,expenditure,132241:2021:expenditure:approved:c86cb1cf9a477f24,assigned,01,retained,款,somu,
2021,expenditure,132241:2021:expenditure:approved:c9118dc2902c8527,assigned,10,retained,款,minsei,
2021,expenditure,132241:2021:expenditure:approved:c9307726ebb0bf2a,assigned,07,retained,項,tama-eisei-hoken,
2021,expenditure,132241:2021:expenditure:approved:c94269c9ca0cad32,assigned,01,retained,款,somu,
2021,expenditure,132241:2021:expenditure:approved:c9cec37a6873b3b2,assigned,09,retained,項,tama-kyoiku-gakko,
2021,expenditure,132241:2021:expenditure:approved:ca00dc33d39b52dc,assigned,09,retained,項,tama-kyoiku-gakko,
2021,expenditure,132241:2021:expenditure:approved:ca1cf09fbe16c23a,assigned,07,retained,項,tama-eisei-hoken,
2021,expenditure,132241:2021:expenditure:approved:ca749179f2051b81,assigned,01,retained,款,somu,
2021,expenditure,132241:2021:expenditure:approved:ca8a20efd8ea0754,assigned,09,retained,項,tama-shakaikyoiku-other,
2021,expenditure,132241:2021:expenditure:approved:cab9d39255760f7f,assigned,08,retained,目,tama-shakaikyoiku-toshokan,
2021,expenditure,132241:2021:expenditure:approved:cb49bd8a9255fa8e,assigned,06,retained,項,tama-doboku-jutaku,
2021,expenditure,132241:2021:expenditure:approved:cb5b647e953899e1,assigned,07,retained,項,tama-eisei-hoken,
2021,expenditure,132241:2021:expenditure:approved:cb74232b7bd138a8,assigned,01,retained,款,gikai,
2021,expenditure,132241:2021:expenditure:approved:cb83e636eff765f6,assigned,01,retained,款,somu,
2021,expenditure,132241:2021:expenditure:approved:cbc683e0f666c646,assigned,10,retained,款,minsei,
2021,expenditure,132241:2021:expenditure:approved:cc1f38d5ab0370ee,assigned,10,retained,款,minsei,
2021,expenditure,132241:2021:expenditure:approved:cc5f47ebde0184b7,assigned,07,retained,項,tama-eisei-hoken,
2021,expenditure,132241:2021:expenditure:approved:ccf79b8b3185f593,assigned,06,retained,項,tama-toshikeikaku-other,
2021,expenditure,132241:2021:expenditure:approved:cd26725690c5df08,assigned,10,retained,款,minsei,
2021,expenditure,132241:2021:expenditure:approved:cd2955acb4234a9a,assigned,10,retained,款,minsei,
2021,expenditure,132241:2021:expenditure:approved:cd31f39f866ea289,assigned,06,retained,項,tama-doboku-jutaku,
2021,expenditure,132241:2021:expenditure:approved:cd6a1f09af52bc4b,assigned,01,retained,款,somu,
2021,expenditure,132241:2021:expenditure:approved:cd7372c892af769e,assigned,01,retained,款,somu,
2021,expenditure,132241:2021:expenditure:approved:cda683993d905ce6,assigned,10,retained,款,minsei,
2021,expenditure,132241:2021:expenditure:approved:cdc72a3cda720056,assigned,10,retained,款,minsei,
2021,expenditure,132241:2021:expenditure:approved:ce90389ed13b21c9,assigned,03,retained,款,shobo,
2021,expenditure,132241:2021:expenditure:approved:cec8c8d2742ce967,assigned,10,retained,款,minsei,
2021,expenditure,132241:2021:expenditure:approved:cecd386447ac1c4e,assigned,09,retained,項,tama-shakaikyoiku-other,
2021,expenditure,132241:2021:expenditure:approved:cef9736b62a3535b,assigned,10,retained,款,minsei,
2021,expenditure,132241:2021:expenditure:approved:cefed09c7f2eb8eb,assigned,04,retained,款,shoko,
2021,expenditure,132241:2021:expenditure:approved:cf41f848c7cf1300,assigned,01,retained,款,somu,
2021,expenditure,132241:2021:expenditure:approved:cf7f27d99b01974e,assigned,09,retained,項,tama-kyoiku-gakko,
2021,expenditure,132241:2021:expenditure:approved:cfafdb372b8c3271,assigned,01,retained,款,somu,
2021,expenditure,132241:2021:expenditure:approved:cfb043b675efd72a,assigned,09,retained,項,tama-kyoiku-gakko,
2021,expenditure,132241:2021:expenditure:approved:d07856406bd1cf42,assigned,08,retained,目,tama-shakaikyoiku-toshokan,
2021,expenditure,132241:2021:expenditure:approved:d078cb19b3c97ef4,assigned,01,retained,款,somu,
2021,expenditure,132241:2021:expenditure:approved:d0bb99d6323f7750,assigned,01,retained,款,somu,
2021,expenditure,132241:2021:expenditure:approved:d0bf6621d25b4e17,assigned,01,retained,款,somu,
2021,expenditure,132241:2021:expenditure:approved:d0df2ee4a4cdfe1f,assigned,09,retained,項,tama-kyoiku-gakko,
2021,expenditure,132241:2021:expenditure:approved:d0e2c84066e6d40f,assigned,01,retained,款,somu,
2021,expenditure,132241:2021:expenditure:approved:d103a80580cf6b4a,assigned,07,retained,項,tama-eisei-hoken,
2021,expenditure,132241:2021:expenditure:approved:d145058ac162dfb6,assigned,01,retained,款,somu,
2021,expenditure,132241:2021:expenditure:approved:d1550f826ce41862,assigned,10,retained,款,minsei,
2021,expenditure,132241:2021:expenditure:approved:d17e2023aa546bf2,assigned,10,retained,款,minsei,
2021,expenditure,132241:2021:expenditure:approved:d182d57d09651549,assigned,01,retained,款,somu,
2021,expenditure,132241:2021:expenditure:approved:d1b19f0c517c03ea,assigned,07,retained,項,tama-eisei-hoken,
2021,expenditure,132241:2021:expenditure:approved:d1c6bf69a9c5c5eb,assigned,09,retained,項,tama-shakaikyoiku-other,
2021,expenditure,132241:2021:expenditure:approved:d1ca36b8bd9680b9,assigned,01,retained,款,somu,
2021,expenditure,132241:2021:expenditure:approved:d1daef50416f7252,assigned,10,retained,款,minsei,
2021,expenditure,132241:2021:expenditure:approved:d1e2d3883ae619c1,assigned,01,retained,款,somu,
2021,expenditure,132241:2021:expenditure:approved:d1e7063804633c5d,assigned,01,retained,款,somu,
2021,expenditure,132241:2021:expenditure:approved:d23a12cd8d898891,assigned,09,retained,項,tama-kyoiku-gakko,
2021,expenditure,132241:2021:expenditure:approved:d24999c809eaeb9b,assigned,10,retained,款,minsei,
2021,expenditure,132241:2021:expenditure:approved:d2879e0300db4a2a,assigned,01,retained,款,somu,
2021,expenditure,132241:2021:expenditure:approved:d293bb36bb207813,assigned,10,retained,款,minsei,
2021,expenditure,132241:2021:expenditure:approved:d2a33ce312e2e353,assigned,09,retained,目,tama-hokentaiiku-kyushoku,
2021,expenditure,132241:2021:expenditure:approved:d2ac0afecc56911a,assigned,03,retained,款,shobo,
2021,expenditure,132241:2021:expenditure:approved:d2d424b82b2e0b03,assigned,09,retained,項,tama-shakaikyoiku-other,
2021,expenditure,132241:2021:expenditure:approved:d2d9276b03a797bf,assigned,09,retained,項,tama-kyoiku-gakko,
2021,expenditure,132241:2021:expenditure:approved:d2fffc03b16135ec,assigned,09,retained,項,tama-kyoiku-gakko,
2021,expenditure,132241:2021:expenditure:approved:d30f98f8b3ebae96,assigned,09,retained,項,tama-shakaikyoiku-other,
2021,expenditure,132241:2021:expenditure:approved:d33c6b600b52641f,assigned,06,retained,項,tama-toshikeikaku-other,
2021,expenditure,132241:2021:expenditure:approved:d37e751fe2fbb95a,assigned,01,retained,款,somu,
2021,expenditure,132241:2021:expenditure:approved:d3c686474179cce8,assigned,10,retained,款,minsei,
2021,expenditure,132241:2021:expenditure:approved:d3d70b604d1af0ef,assigned,10,retained,款,minsei,
2021,expenditure,132241:2021:expenditure:approved:d3e4e96bf44fb2e1,assigned,09,retained,項,tama-kyoiku-gakko,
2021,expenditure,132241:2021:expenditure:approved:d425b949e34cf624,assigned,04,retained,項,tama-doboku-doro,
2021,expenditure,132241:2021:expenditure:approved:d432cc9e3b7e7f2d,assigned,09,retained,目,tama-hokentaiiku-kyushoku,
2021,expenditure,132241:2021:expenditure:approved:d467db422d5d1e26,assigned,09,retained,項,tama-shakaikyoiku-other,
2021,expenditure,132241:2021:expenditure:approved:d46fe9f99844ef8e,assigned,01,retained,款,somu,
2021,expenditure,132241:2021:expenditure:approved:d4764ce9cd3497af,assigned,01,retained,款,somu,
2021,expenditure,132241:2021:expenditure:approved:d546b33bc934e5d0,assigned,01,retained,款,somu,
2021,expenditure,132241:2021:expenditure:approved:d556fb2123e8edc8,assigned,08,retained,項,tama-hokentaiiku-other,
2021,expenditure,132241:2021:expenditure:approved:d57cf3ecdd424f80,assigned,10,retained,款,minsei,
2021,expenditure,132241:2021:expenditure:approved:d58ac3028da5899d,assigned,01,retained,款,somu,
2021,expenditure,132241:2021:expenditure:approved:d5b1ba71cad4a3b0,assigned,10,retained,款,minsei,
2021,expenditure,132241:2021:expenditure:approved:d5d3c7b5313c614c,assigned,09,retained,項,tama-kyoiku-gakko,
2021,expenditure,132241:2021:expenditure:approved:d61836660e41e733,assigned,03,retained,款,shobo,
2021,expenditure,132241:2021:expenditure:approved:d61d3786f3eb1097,assigned,08,retained,目,tama-toshikeikaku-kouen,
2021,expenditure,132241:2021:expenditure:approved:d627700054cf2555,assigned,10,retained,款,minsei,
2021,expenditure,132241:2021:expenditure:approved:d62f72dfb61582e7,assigned,10,retained,款,minsei,
2021,expenditure,132241:2021:expenditure:approved:d62fcac279eb6b2e,assigned,10,retained,款,minsei,
2021,expenditure,132241:2021:expenditure:approved:d654473786120686,assigned,09,retained,項,tama-kyoiku-gakko,
2021,expenditure,132241:2021:expenditure:approved:d65d8c73c1077ea0,assigned,09,retained,項,tama-kyoiku-gakko,
2021,expenditure,132241:2021:expenditure:approved:d68cd2df00840da6,assigned,04,retained,項,tama-doboku-doro,
2021,expenditure,132241:2021:expenditure:approved:d6d262fa7f9b7404,assigned,01,retained,款,somu,
2021,expenditure,132241:2021:expenditure:approved:d6dff0a36ac268b5,assigned,01,retained,款,somu,
2021,expenditure,132241:2021:expenditure:approved:d6f5e51d2272be00,assigned,09,retained,項,tama-shakaikyoiku-other,
2021,expenditure,132241:2021:expenditure:approved:d70bdb7738ddb793,assigned,09,retained,項,tama-shakaikyoiku-other,
2021,expenditure,132241:2021:expenditure:approved:d7799c6711786434,assigned,10,retained,款,minsei,
2021,expenditure,132241:2021:expenditure:approved:d796fa9dbd26ffd8,assigned,01,retained,款,somu,
2021,expenditure,132241:2021:expenditure:approved:d7f022d11add895b,assigned,01,retained,款,somu,
2021,expenditure,132241:2021:expenditure:approved:d802d5b715867ca2,assigned,01,retained,款,somu,
2021,expenditure,132241:2021:expenditure:approved:d81f217f93229dad,assigned,07,retained,項,tama-eisei-hoken,
2021,expenditure,132241:2021:expenditure:approved:d868a3e816b38a48,assigned,10,retained,款,minsei,
2021,expenditure,132241:2021:expenditure:approved:d8b77dda66edd520,assigned,05,retained,項,tama-eisei-seiso,
2021,expenditure,132241:2021:expenditure:approved:d8bb8e88232573e1,assigned,09,retained,項,tama-kyoiku-gakko,
2021,expenditure,132241:2021:expenditure:approved:d8d3a2478845b6c5,assigned,09,retained,項,tama-kyoiku-gakko,
2021,expenditure,132241:2021:expenditure:approved:d8f753a29fc7bf6d,assigned,06,retained,項,tama-toshikeikaku-other,
2021,expenditure,132241:2021:expenditure:approved:d94a849b51b332f1,assigned,09,retained,項,tama-kyoiku-gakko,
2021,expenditure,132241:2021:expenditure:approved:d96449905d936252,assigned,01,retained,款,somu,
2021,expenditure,132241:2021:expenditure:approved:d964b552c5d1d796,assigned,08,retained,項,tama-hokentaiiku-other,
2021,expenditure,132241:2021:expenditure:approved:d96c73faf3bde5f7,assigned,09,retained,項,tama-kyoiku-gakko,
2021,expenditure,132241:2021:expenditure:approved:da23801f0fc8f531,assigned,09,retained,項,tama-shakaikyoiku-other,
2021,expenditure,132241:2021:expenditure:approved:da2f1b13a8818e50,assigned,08,retained,項,tama-hokentaiiku-other,
2021,expenditure,132241:2021:expenditure:approved:da5dfe7792e508bd,assigned,01,retained,款,somu,
2021,expenditure,132241:2021:expenditure:approved:da82f34045e3b274,assigned,01,retained,款,somu,
2021,expenditure,132241:2021:expenditure:approved:daa9bcde93b06f0a,assigned,01,retained,款,somu,
2021,expenditure,132241:2021:expenditure:approved:dac5b30a6a86db88,assigned,01,retained,款,somu,
2021,expenditure,132241:2021:expenditure:approved:dacc2201295e8f94,out-of-scope,"",retained,節,fund-accumulation,
2021,expenditure,132241:2021:expenditure:approved:db06be6a845826e4,assigned,04,retained,款,shoko,
2021,expenditure,132241:2021:expenditure:approved:db5e0fb13b73ad9d,assigned,08,retained,項,tama-hokentaiiku-other,
2021,expenditure,132241:2021:expenditure:approved:db61bcee850ad149,assigned,01,retained,款,somu,
2021,expenditure,132241:2021:expenditure:approved:db6feedc443087db,assigned,01,retained,款,somu,
2021,expenditure,132241:2021:expenditure:approved:db79ff103ca8cdee,assigned,01,retained,款,somu,
2021,expenditure,132241:2021:expenditure:approved:dbc855a622d9d5bf,assigned,09,retained,項,tama-kyoiku-gakko,
2021,expenditure,132241:2021:expenditure:approved:dbce08e59d820a03,assigned,10,retained,款,minsei,
2021,expenditure,132241:2021:expenditure:approved:dbf9d3e46f05a5d2,assigned,01,retained,款,somu,
2021,expenditure,132241:2021:expenditure:approved:dc2c18583f1f5368,assigned,08,retained,目,tama-shakaikyoiku-toshokan,
2021,expenditure,132241:2021:expenditure:approved:dc2d58bb3def9be1,assigned,01,retained,款,somu,
2021,expenditure,132241:2021:expenditure:approved:dc5b7c34dbf2b721,assigned,04,retained,款,shoko,
2021,expenditure,132241:2021:expenditure:approved:dca6177371704d86,assigned,09,retained,項,tama-shakaikyoiku-other,
2021,expenditure,132241:2021:expenditure:approved:dcaa3b2b25baff16,assigned,04,retained,款,shoko,
2021,expenditure,132241:2021:expenditure:approved:dd2044c09cfe1bb2,assigned,09,retained,項,tama-kyoiku-gakko,
2021,expenditure,132241:2021:expenditure:approved:dd58b8504626a68e,assigned,10,retained,款,minsei,
2021,expenditure,132241:2021:expenditure:approved:dd616a4027f3bba4,assigned,09,retained,項,tama-shakaikyoiku-other,
2021,expenditure,132241:2021:expenditure:approved:ddefed8861b1c3e7,assigned,05,retained,項,tama-eisei-seiso,
2021,expenditure,132241:2021:expenditure:approved:de35478912b8ec2b,assigned,08,retained,項,tama-hokentaiiku-other,
2021,expenditure,132241:2021:expenditure:approved:de907c4b43cd6453,assigned,03,retained,款,shobo,
2021,expenditure,132241:2021:expenditure:approved:de9523f676106430,assigned,09,retained,項,tama-shakaikyoiku-other,
2021,expenditure,132241:2021:expenditure:approved:deba30222ab750f4,assigned,09,retained,項,tama-shakaikyoiku-other,
2021,expenditure,132241:2021:expenditure:approved:dee65a61183309c8,assigned,07,retained,項,tama-eisei-hoken,
2021,expenditure,132241:2021:expenditure:approved:df0f7211c57a00f1,assigned,01,retained,款,gikai,
2021,expenditure,132241:2021:expenditure:approved:df2e8bf441d45d04,assigned,09,retained,項,tama-shakaikyoiku-other,
2021,expenditure,132241:2021:expenditure:approved:df3205e4366cb6bb,assigned,01,retained,款,somu,
2021,expenditure,132241:2021:expenditure:approved:df5f1c5e08601e66,assigned,09,retained,項,tama-shakaikyoiku-other,
2021,expenditure,132241:2021:expenditure:approved:dfa9d3f0dd1527c0,assigned,03,retained,款,shobo,
2021,expenditure,132241:2021:expenditure:approved:dff1376259f16b70,assigned,01,retained,款,gikai,
2021,expenditure,132241:2021:expenditure:approved:e013acbff40ece96,assigned,10,retained,款,minsei,
2021,expenditure,132241:2021:expenditure:approved:e06dfad44d199582,assigned,07,retained,項,tama-eisei-hoken,
2021,expenditure,132241:2021:expenditure:approved:e088455e03a06921,assigned,08,retained,目,tama-toshikeikaku-kouen,
2021,expenditure,132241:2021:expenditure:approved:e0c2ec34b60bf3aa,assigned,06,retained,項,tama-toshikeikaku-other,
2021,expenditure,132241:2021:expenditure:approved:e0c608478058541b,assigned,06,retained,項,tama-doboku-jutaku,
2021,expenditure,132241:2021:expenditure:approved:e0dc92b739fd070a,assigned,01,retained,款,somu,
2021,expenditure,132241:2021:expenditure:approved:e0e5fec386a807d6,assigned,01,retained,款,somu,
2021,expenditure,132241:2021:expenditure:approved:e102a49cf4d8444f,assigned,10,retained,款,minsei,
2021,expenditure,132241:2021:expenditure:approved:e115183742c2b796,assigned,09,retained,項,tama-kyoiku-gakko,
2021,expenditure,132241:2021:expenditure:approved:e12640b6264cd9db,assigned,05,retained,項,tama-eisei-seiso,
2021,expenditure,132241:2021:expenditure:approved:e1284e72bc967587,assigned,01,retained,款,somu,
2021,expenditure,132241:2021:expenditure:approved:e14b86a4444047da,assigned,01,retained,款,somu,
2021,expenditure,132241:2021:expenditure:approved:e18b05e9c19a574d,assigned,10,retained,款,minsei,
2021,expenditure,132241:2021:expenditure:approved:e1994569279be8e4,assigned,06,retained,項,tama-toshikeikaku-other,
2021,expenditure,132241:2021:expenditure:approved:e1a39991f3e647dd,assigned,01,retained,款,somu,
2021,expenditure,132241:2021:expenditure:approved:e1ff90b19d50ae54,assigned,08,retained,目,tama-toshikeikaku-kouen,
2021,expenditure,132241:2021:expenditure:approved:e23f948de9005c21,assigned,09,retained,項,tama-kyoiku-gakko,
2021,expenditure,132241:2021:expenditure:approved:e24521c92f2c21c4,assigned,06,retained,項,tama-toshikeikaku-other,
2021,expenditure,132241:2021:expenditure:approved:e2a918f31d0d5701,assigned,10,retained,款,minsei,
2021,expenditure,132241:2021:expenditure:approved:e2c2c5fc2daea06b,assigned,10,retained,款,minsei,
2021,expenditure,132241:2021:expenditure:approved:e2cf9d301434dc96,assigned,07,retained,項,tama-eisei-hoken,
2021,expenditure,132241:2021:expenditure:approved:e3265e82d06a4aa6,assigned,01,retained,款,somu,
2021,expenditure,132241:2021:expenditure:approved:e32d2d690959ff99,assigned,09,retained,項,tama-kyoiku-gakko,
2021,expenditure,132241:2021:expenditure:approved:e341760205776520,assigned,01,retained,款,somu,
2021,expenditure,132241:2021:expenditure:approved:e3694a4233e30354,assigned,07,retained,項,tama-eisei-hoken,
2021,expenditure,132241:2021:expenditure:approved:e3736dfc28c5833d,assigned,03,retained,款,shobo,
2021,expenditure,132241:2021:expenditure:approved:e3a8fdd52e470e0d,assigned,07,retained,項,tama-eisei-hoken,
2021,expenditure,132241:2021:expenditure:approved:e3be80fd8e7781e4,assigned,10,retained,款,minsei,
2021,expenditure,132241:2021:expenditure:approved:e415bdd6b7482dab,assigned,08,retained,項,tama-hokentaiiku-other,
2021,expenditure,132241:2021:expenditure:approved:e441e0481950837f,assigned,06,retained,項,tama-doboku-jutaku,
2021,expenditure,132241:2021:expenditure:approved:e49102c9e5283fc2,assigned,08,retained,項,tama-hokentaiiku-other,
2021,expenditure,132241:2021:expenditure:approved:e4a03548760954b5,assigned,09,retained,項,tama-kyoiku-gakko,
2021,expenditure,132241:2021:expenditure:approved:e4f5ece435fbc041,assigned,09,retained,項,tama-kyoiku-gakko,
2021,expenditure,132241:2021:expenditure:approved:e4fee3e4760c3b30,assigned,01,retained,款,somu,
2021,expenditure,132241:2021:expenditure:approved:e52a66727cea4db4,out-of-scope,"",retained,節,fund-accumulation,
2021,expenditure,132241:2021:expenditure:approved:e537b7e3b9a5c3a1,assigned,01,retained,款,somu,
2021,expenditure,132241:2021:expenditure:approved:e537f523f2a13839,assigned,10,retained,款,minsei,
2021,expenditure,132241:2021:expenditure:approved:e59e5db329bf83e2,assigned,03,retained,款,shobo,
2021,expenditure,132241:2021:expenditure:approved:e5a72ad4b001dbd9,assigned,01,retained,款,somu,
2021,expenditure,132241:2021:expenditure:approved:e5b77f448ab67436,assigned,09,retained,項,tama-shakaikyoiku-other,
2021,expenditure,132241:2021:expenditure:approved:e62f9fcde4ab1874,assigned,04,retained,項,tama-nogyo,
2021,expenditure,132241:2021:expenditure:approved:e6692dc5b5057d0f,assigned,09,retained,項,tama-shakaikyoiku-other,
2021,expenditure,132241:2021:expenditure:approved:e6ab7000774ba9b4,assigned,09,retained,項,tama-kyoiku-gakko,
2021,expenditure,132241:2021:expenditure:approved:e6ae5a4d224af51c,assigned,10,retained,款,minsei,
2021,expenditure,132241:2021:expenditure:approved:e6c89d8d0823ea51,assigned,10,retained,款,minsei,
2021,expenditure,132241:2021:expenditure:approved:e6f9a757e7117189,assigned,01,retained,款,somu,
2021,expenditure,132241:2021:expenditure:approved:e7353433f3f30801,assigned,10,retained,款,minsei,
2021,expenditure,132241:2021:expenditure:approved:e76c0b2a13b1a5e6,assigned,10,retained,款,minsei,
2021,expenditure,132241:2021:expenditure:approved:e76c6bc046a3add5,assigned,09,retained,目,tama-hokentaiiku-kyushoku,
2021,expenditure,132241:2021:expenditure:approved:e76dd5118bc89aa0,assigned,04,retained,項,tama-nogyo,
2021,expenditure,132241:2021:expenditure:approved:e78baa5f33424919,assigned,09,retained,項,tama-shakaikyoiku-other,
2021,expenditure,132241:2021:expenditure:approved:e798accef0ac74a5,assigned,10,retained,款,minsei,
2021,expenditure,132241:2021:expenditure:approved:e7b97d413bb2f228,assigned,07,retained,項,tama-eisei-hoken,
2021,expenditure,132241:2021:expenditure:approved:e7d7d9cb0ceca30f,assigned,01,retained,款,somu,
2021,expenditure,132241:2021:expenditure:approved:e7f7c858ef7e3b08,assigned,05,retained,項,tama-eisei-seiso,
2021,expenditure,132241:2021:expenditure:approved:e8245eb900678df2,assigned,01,retained,款,somu,
2021,expenditure,132241:2021:expenditure:approved:e8320a03f99cb288,assigned,04,retained,項,tama-nogyo,
2021,expenditure,132241:2021:expenditure:approved:e846591f7e21a362,assigned,01,retained,款,gikai,
2021,expenditure,132241:2021:expenditure:approved:e86b7e17e377899b,assigned,01,retained,款,somu,
2021,expenditure,132241:2021:expenditure:approved:e881ff3258f98930,assigned,07,retained,項,tama-eisei-hoken,
2021,expenditure,132241:2021:expenditure:approved:e8959b2f2f657ba2,assigned,07,retained,項,tama-eisei-hoken,
2021,expenditure,132241:2021:expenditure:approved:e96efd08ab151e73,assigned,08,retained,目,tama-toshikeikaku-kouen,
2021,expenditure,132241:2021:expenditure:approved:e99cb98560a83efd,assigned,09,retained,項,tama-kyoiku-gakko,
2021,expenditure,132241:2021:expenditure:approved:e9a27cbcaa898552,assigned,08,retained,項,tama-hokentaiiku-other,
2021,expenditure,132241:2021:expenditure:approved:ea2f787df0075e31,assigned,09,retained,項,tama-shakaikyoiku-other,
2021,expenditure,132241:2021:expenditure:approved:ea5724e8269bad47,assigned,08,retained,項,tama-hokentaiiku-other,
2021,expenditure,132241:2021:expenditure:approved:ea5d6112932a5ad2,assigned,09,retained,項,tama-kyoiku-gakko,
2021,expenditure,132241:2021:expenditure:approved:eaa050a080713214,assigned,04,retained,項,tama-doboku-doro,
2021,expenditure,132241:2021:expenditure:approved:eadd35445f1ebcad,assigned,01,retained,款,somu,
2021,expenditure,132241:2021:expenditure:approved:eb25e9c0e08ca798,assigned,09,retained,項,tama-kyoiku-gakko,
2021,expenditure,132241:2021:expenditure:approved:eb493802790c8233,assigned,03,retained,款,shobo,
2021,expenditure,132241:2021:expenditure:approved:eb4f67d5331c022f,assigned,05,retained,項,tama-eisei-seiso,
2021,expenditure,132241:2021:expenditure:approved:eb75ec0bbb274eda,assigned,09,retained,項,tama-kyoiku-gakko,
2021,expenditure,132241:2021:expenditure:approved:eb818c9dfa6d265e,assigned,04,retained,款,shoko,
2021,expenditure,132241:2021:expenditure:approved:eb8b8f215c6fbcdb,assigned,07,retained,項,tama-eisei-hoken,
2021,expenditure,132241:2021:expenditure:approved:eb8ba24f590c5270,assigned,09,retained,項,tama-kyoiku-gakko,
2021,expenditure,132241:2021:expenditure:approved:eb9b35a541cab342,assigned,01,retained,款,somu,
2021,expenditure,132241:2021:expenditure:approved:ebe9e3217b4aa84c,assigned,09,retained,項,tama-shakaikyoiku-other,
2021,expenditure,132241:2021:expenditure:approved:ec01d1bb3801b699,assigned,06,retained,項,tama-toshikeikaku-other,
2021,expenditure,132241:2021:expenditure:approved:ec6b146b8a40b6b1,assigned,10,retained,款,minsei,
2021,expenditure,132241:2021:expenditure:approved:ec6e3707024b974b,assigned,10,retained,款,minsei,
2021,expenditure,132241:2021:expenditure:approved:ec7b2aa44b4810c8,assigned,08,retained,目,tama-toshikeikaku-kouen,
2021,expenditure,132241:2021:expenditure:approved:eca94d50e3604de5,assigned,04,retained,項,tama-doboku-doro,
2021,expenditure,132241:2021:expenditure:approved:ecd70f51f3fde15f,assigned,01,retained,款,somu,
2021,expenditure,132241:2021:expenditure:approved:ecf5839016bdded7,assigned,10,retained,款,minsei,
2021,expenditure,132241:2021:expenditure:approved:ed3e582a8451fe35,assigned,10,retained,款,minsei,
2021,expenditure,132241:2021:expenditure:approved:ed499efcfebd2cc3,assigned,01,retained,款,somu,
2021,expenditure,132241:2021:expenditure:approved:ed75a55f6897f78c,assigned,01,retained,款,somu,
2021,expenditure,132241:2021:expenditure:approved:ed87253bd38cf7ff,assigned,01,retained,款,somu,
2021,expenditure,132241:2021:expenditure:approved:ed8b6629f424714d,assigned,09,retained,項,tama-kyoiku-gakko,
2021,expenditure,132241:2021:expenditure:approved:eda493d22419c58d,assigned,07,retained,項,tama-eisei-hoken,
2021,expenditure,132241:2021:expenditure:approved:edba13dc4444568f,assigned,09,retained,項,tama-shakaikyoiku-other,
2021,expenditure,132241:2021:expenditure:approved:edf1c9f6c476adb4,assigned,08,retained,目,tama-shakaikyoiku-toshokan,
2021,expenditure,132241:2021:expenditure:approved:ee0a6343f4a6bfd6,assigned,09,retained,項,tama-shakaikyoiku-other,
2021,expenditure,132241:2021:expenditure:approved:ee120dedd222cea2,assigned,06,retained,項,tama-doboku-jutaku,
2021,expenditure,132241:2021:expenditure:approved:ee14c2d891360bdc,assigned,10,retained,款,minsei,
2021,expenditure,132241:2021:expenditure:approved:ee2b8c4d0d95e430,assigned,10,retained,款,minsei,
2021,expenditure,132241:2021:expenditure:approved:ee2e839ed656a7b8,assigned,01,retained,款,somu,
2021,expenditure,132241:2021:expenditure:approved:ee30ea617221e8ad,assigned,08,retained,項,tama-hokentaiiku-other,
2021,expenditure,132241:2021:expenditure:approved:ee3193d8f94b8991,assigned,01,retained,款,somu,
2021,expenditure,132241:2021:expenditure:approved:ee42ce42c4d7c1d9,assigned,10,retained,款,minsei,
2021,expenditure,132241:2021:expenditure:approved:ee90e018dbf48c0d,assigned,08,retained,目,tama-shakaikyoiku-toshokan,
2021,expenditure,132241:2021:expenditure:approved:ee910771ddf882c1,assigned,10,retained,款,minsei,
2021,expenditure,132241:2021:expenditure:approved:ee934ef049594335,assigned,01,retained,款,somu,
2021,expenditure,132241:2021:expenditure:approved:eeb1962c9e4c3016,assigned,03,retained,款,shobo,
2021,expenditure,132241:2021:expenditure:approved:eeef8dac0c9d1d58,assigned,08,retained,項,tama-hokentaiiku-other,
2021,expenditure,132241:2021:expenditure:approved:eeff57dbf225a95d,assigned,10,retained,款,minsei,
2021,expenditure,132241:2021:expenditure:approved:ef14aea61fd219a3,assigned,01,retained,款,somu,
2021,expenditure,132241:2021:expenditure:approved:ef1a49f128d99a03,assigned,05,retained,項,tama-eisei-seiso,
2021,expenditure,132241:2021:expenditure:approved:ef292ed98f7c495f,assigned,08,retained,目,tama-shakaikyoiku-toshokan,
2021,expenditure,132241:2021:expenditure:approved:ef2e66c86d726cd9,assigned,10,retained,款,minsei,
2021,expenditure,132241:2021:expenditure:approved:ef7f306c7be4b192,assigned,08,retained,目,tama-shakaikyoiku-toshokan,
2021,expenditure,132241:2021:expenditure:approved:ef8aba060e79972b,assigned,01,retained,款,somu,
2021,expenditure,132241:2021:expenditure:approved:ef8cee3cc8a29855,assigned,09,retained,項,tama-shakaikyoiku-other,
2021,expenditure,132241:2021:expenditure:approved:efb962e2e565f9fe,assigned,09,retained,項,tama-kyoiku-gakko,
2021,expenditure,132241:2021:expenditure:approved:efd3e053a00a4b12,assigned,10,retained,款,minsei,
2021,expenditure,132241:2021:expenditure:approved:f001ce1671df6dee,assigned,01,retained,款,somu,
2021,expenditure,132241:2021:expenditure:approved:f009dbb96b1b1d07,assigned,09,retained,項,tama-kyoiku-gakko,
2021,expenditure,132241:2021:expenditure:approved:f0312e01abf8f462,assigned,10,retained,款,minsei,
2021,expenditure,132241:2021:expenditure:approved:f033be927686d72e,assigned,07,retained,項,tama-eisei-hoken,
2021,expenditure,132241:2021:expenditure:approved:f034cd5fc5033703,assigned,08,retained,目,tama-toshikeikaku-kouen,
2021,expenditure,132241:2021:expenditure:approved:f0662f2164d97890,assigned,01,retained,款,somu,
2021,expenditure,132241:2021:expenditure:approved:f0b7604ebd99c17a,assigned,10,retained,款,minsei,
2021,expenditure,132241:2021:expenditure:approved:f0e51b97fbe1de2e,assigned,01,retained,款,somu,
2021,expenditure,132241:2021:expenditure:approved:f1292c9885d6cbeb,assigned,01,retained,款,somu,
2021,expenditure,132241:2021:expenditure:approved:f15aa6eecf9f444f,assigned,07,retained,項,tama-eisei-hoken,
2021,expenditure,132241:2021:expenditure:approved:f1a9b84c6b66d733,assigned,10,retained,款,minsei,
2021,expenditure,132241:2021:expenditure:approved:f1cfe1c02bb9d46c,assigned,04,retained,項,tama-doboku-doro,
2021,expenditure,132241:2021:expenditure:approved:f1eb0d6c6f04b875,assigned,01,retained,款,somu,
2021,expenditure,132241:2021:expenditure:approved:f1fd5ef778956879,assigned,07,retained,項,tama-eisei-hoken,
2021,expenditure,132241:2021:expenditure:approved:f216590493288ca5,assigned,10,retained,款,minsei,
2021,expenditure,132241:2021:expenditure:approved:f284ceb2fc6cf54e,assigned,01,retained,款,somu,
2021,expenditure,132241:2021:expenditure:approved:f28898b788bbd6f8,assigned,10,retained,款,minsei,
2021,expenditure,132241:2021:expenditure:approved:f29caa2a60a9dba5,assigned,10,retained,款,minsei,
2021,expenditure,132241:2021:expenditure:approved:f2b6386d83905968,assigned,07,retained,項,tama-eisei-hoken,
2021,expenditure,132241:2021:expenditure:approved:f2c449e28a653cd8,assigned,04,retained,款,shoko,
2021,expenditure,132241:2021:expenditure:approved:f2c47c729ad10fe5,assigned,01,retained,款,gikai,
2021,expenditure,132241:2021:expenditure:approved:f2dcb9c0fded22dc,assigned,04,retained,項,tama-doboku-kanri,
2021,expenditure,132241:2021:expenditure:approved:f2e912722fe10c9b,assigned,08,retained,目,tama-shakaikyoiku-toshokan,
2021,expenditure,132241:2021:expenditure:approved:f352cb22fd8a3e5e,assigned,07,retained,項,tama-eisei-hoken,
2021,expenditure,132241:2021:expenditure:approved:f35437f3f8c2239a,assigned,10,retained,款,minsei,
2021,expenditure,132241:2021:expenditure:approved:f36de6378b6548eb,assigned,01,retained,款,somu,
2021,expenditure,132241:2021:expenditure:approved:f37278a136600926,assigned,01,retained,款,somu,
2021,expenditure,132241:2021:expenditure:approved:f37be684aaecbb34,assigned,07,retained,項,tama-eisei-hoken,
2021,expenditure,132241:2021:expenditure:approved:f3b788e9676f2e32,assigned,05,retained,項,tama-eisei-seiso,
2021,expenditure,132241:2021:expenditure:approved:f3c6cef8add7be57,assigned,08,retained,目,tama-shakaikyoiku-toshokan,
2021,expenditure,132241:2021:expenditure:approved:f3e6571969734839,assigned,01,retained,款,somu,
2021,expenditure,132241:2021:expenditure:approved:f42648615d645975,assigned,01,retained,款,somu,
2021,expenditure,132241:2021:expenditure:approved:f42e579ceb6b9282,assigned,01,retained,款,somu,
2021,expenditure,132241:2021:expenditure:approved:f43a6f1778f5ce8d,assigned,08,retained,目,tama-toshikeikaku-kouen,
2021,expenditure,132241:2021:expenditure:approved:f4c416f891261fa9,assigned,05,retained,項,tama-eisei-seiso,
2021,expenditure,132241:2021:expenditure:approved:f55411a30540260e,assigned,01,retained,款,somu,
2021,expenditure,132241:2021:expenditure:approved:f585692978a8ce00,assigned,01,retained,款,somu,
2021,expenditure,132241:2021:expenditure:approved:f59b7b1ab0af2c24,assigned,09,retained,項,tama-kyoiku-gakko,
2021,expenditure,132241:2021:expenditure:approved:f5f5ff7c35a843fd,assigned,04,retained,項,tama-doboku-doro,
2021,expenditure,132241:2021:expenditure:approved:f636e364c8b7b20d,assigned,07,retained,項,tama-eisei-hoken,
2021,expenditure,132241:2021:expenditure:approved:f6495ea83fc81401,assigned,06,retained,項,tama-toshikeikaku-other,
2021,expenditure,132241:2021:expenditure:approved:f6aebc9eadce1591,assigned,09,retained,項,tama-kyoiku-gakko,
2021,expenditure,132241:2021:expenditure:approved:f6cb18f29656bce3,assigned,01,retained,款,somu,
2021,expenditure,132241:2021:expenditure:approved:f6f882461753614d,assigned,10,retained,款,minsei,
2021,expenditure,132241:2021:expenditure:approved:f7113ffef3dc22a9,assigned,01,retained,款,somu,
2021,expenditure,132241:2021:expenditure:approved:f7166198e04dfb82,assigned,01,retained,款,somu,
2021,expenditure,132241:2021:expenditure:approved:f7621d090e98c325,assigned,10,retained,款,minsei,
2021,expenditure,132241:2021:expenditure:approved:f764ab857bd0acfa,assigned,01,retained,款,somu,
2021,expenditure,132241:2021:expenditure:approved:f7e58c0ac968303f,assigned,10,retained,款,minsei,
2021,expenditure,132241:2021:expenditure:approved:f80f43fcb9427160,assigned,10,retained,款,minsei,
2021,expenditure,132241:2021:expenditure:approved:f81020cffbdc24b1,assigned,10,retained,款,minsei,
2021,expenditure,132241:2021:expenditure:approved:f8145f6efaa8b1f1,assigned,10,retained,款,minsei,
2021,expenditure,132241:2021:expenditure:approved:f82bf66cb0b948ba,assigned,07,retained,項,tama-eisei-hoken,
2021,expenditure,132241:2021:expenditure:approved:f8b967a1c1857e28,assigned,09,retained,目,tama-hokentaiiku-kyushoku,
2021,expenditure,132241:2021:expenditure:approved:f8be41debd650ee4,assigned,08,retained,項,tama-hokentaiiku-other,
2021,expenditure,132241:2021:expenditure:approved:f91ba0bcb1b5b217,assigned,01,retained,款,somu,
2021,expenditure,132241:2021:expenditure:approved:f93200366cbcd52f,assigned,01,retained,款,somu,
2021,expenditure,132241:2021:expenditure:approved:f96c48706d0cd449,assigned,01,retained,款,somu,
2021,expenditure,132241:2021:expenditure:approved:f985a0e85ab95f76,assigned,07,retained,項,tama-eisei-hoken,
2021,expenditure,132241:2021:expenditure:approved:f9870c5eaa4c8c22,assigned,04,retained,款,shoko,
2021,expenditure,132241:2021:expenditure:approved:f9bcdc5d4e0b02ba,assigned,09,retained,項,tama-kyoiku-gakko,
2021,expenditure,132241:2021:expenditure:approved:f9c2fe48bc03ed15,assigned,09,retained,項,tama-kyoiku-gakko,
2021,expenditure,132241:2021:expenditure:approved:f9c65072ec5808d2,assigned,07,retained,項,tama-eisei-hoken,
2021,expenditure,132241:2021:expenditure:approved:fa34155d0043f7e2,assigned,10,retained,款,minsei,
2021,expenditure,132241:2021:expenditure:approved:faaaba834cef8931,assigned,07,retained,項,tama-eisei-hoken,
2021,expenditure,132241:2021:expenditure:approved:fb39f9b11ac26615,assigned,10,retained,款,minsei,
2021,expenditure,132241:2021:expenditure:approved:fb3edd4cda8e9f7f,assigned,09,retained,項,tama-kyoiku-gakko,
2021,expenditure,132241:2021:expenditure:approved:fb50c931ba248daf,assigned,01,retained,款,somu,
2021,expenditure,132241:2021:expenditure:approved:fb5a96e2e072be35,assigned,01,retained,款,somu,
2021,expenditure,132241:2021:expenditure:approved:fb98858046608681,assigned,01,retained,款,somu,
2021,expenditure,132241:2021:expenditure:approved:fba77ba091e5af6b,assigned,10,retained,款,minsei,
2021,expenditure,132241:2021:expenditure:approved:fbc5295c593d8881,assigned,01,retained,款,somu,
2021,expenditure,132241:2021:expenditure:approved:fbd98e85a2915479,assigned,04,retained,項,tama-nogyo,
2021,expenditure,132241:2021:expenditure:approved:fbeb2b8f7505105f,assigned,09,retained,項,tama-kyoiku-gakko,
2021,expenditure,132241:2021:expenditure:approved:fc5f6493780aa58c,assigned,01,retained,款,somu,
2021,expenditure,132241:2021:expenditure:approved:fc636907aaab7fa2,assigned,04,retained,款,shoko,
2021,expenditure,132241:2021:expenditure:approved:fc71fb1f036e133b,assigned,09,retained,項,tama-kyoiku-gakko,
2021,expenditure,132241:2021:expenditure:approved:fced27f00cf2e067,assigned,08,retained,項,tama-saigai-kouen,
2021,expenditure,132241:2021:expenditure:approved:fd53af6731f0aa67,assigned,05,retained,項,tama-eisei-seiso,
2021,expenditure,132241:2021:expenditure:approved:fd5e623abe84b07f,assigned,09,retained,項,tama-shakaikyoiku-other,
2021,expenditure,132241:2021:expenditure:approved:fdb2efd2fd1efd8c,assigned,01,retained,款,somu,
2021,expenditure,132241:2021:expenditure:approved:fdfab05e8ba04b1d,assigned,09,retained,項,tama-shakaikyoiku-other,
2021,expenditure,132241:2021:expenditure:approved:fe0e96c0f143eb0b,assigned,09,retained,項,tama-shakaikyoiku-other,
2021,expenditure,132241:2021:expenditure:approved:fea5e8602d0e9aa5,assigned,01,retained,款,somu,
2021,expenditure,132241:2021:expenditure:approved:fec1dfe98aa82f83,assigned,07,retained,項,tama-eisei-hoken,
2021,expenditure,132241:2021:expenditure:approved:fec322ca5a49cc63,assigned,01,retained,款,somu,
2021,expenditure,132241:2021:expenditure:approved:fee1f7272addf7ad,assigned,01,retained,款,somu,
2021,expenditure,132241:2021:expenditure:approved:feea7c41732786f9,assigned,09,retained,項,tama-kyoiku-gakko,
2021,expenditure,132241:2021:expenditure:approved:fef44ace8320ba19,assigned,10,retained,款,minsei,
2021,expenditure,132241:2021:expenditure:approved:fef872a959bdc20f,assigned,05,retained,項,tama-eisei-seiso,
2021,expenditure,132241:2021:expenditure:approved:fefce3842e28dd12,assigned,10,retained,款,minsei,
2021,expenditure,132241:2021:expenditure:approved:ff17883048fbac86,assigned,01,retained,款,somu,
2021,expenditure,132241:2021:expenditure:approved:ff2dadba84e1389c,assigned,01,retained,款,somu,
2021,expenditure,132241:2021:expenditure:approved:ff4f529457f201fb,assigned,05,retained,項,tama-eisei-seiso,
2021,expenditure,132241:2021:expenditure:approved:ff79ff81e2e2c32f,assigned,07,retained,項,tama-eisei-hoken,
2021,expenditure,132241:2021:expenditure:approved:ff8609f284e767b5,assigned,09,retained,項,tama-kyoiku-gakko,
2021,revenue,132241:2021:revenue:approved:001db07b7785ceae,not-applicable,"",retained,（規則なし）,,
2021,revenue,132241:2021:revenue:approved:014e17ce76cf9eeb,not-applicable,"",retained,（規則なし）,,
2021,revenue,132241:2021:revenue:approved:018db8a354f51280,not-applicable,"",retained,（規則なし）,,
2021,revenue,132241:2021:revenue:approved:0199208898cb9b27,not-applicable,"",retained,（規則なし）,,
2021,revenue,132241:2021:revenue:approved:01b6ae6447cfc5f0,not-applicable,"",retained,（規則なし）,,
2021,revenue,132241:2021:revenue:approved:01d88f8a17f4f1ac,not-applicable,"",retained,（規則なし）,,
2021,revenue,132241:2021:revenue:approved:033abe07e062a758,not-applicable,"",retained,（規則なし）,,
2021,revenue,132241:2021:revenue:approved:03c8ae6bc410cc0a,not-applicable,"",retained,（規則なし）,,
2021,revenue,132241:2021:revenue:approved:03e25a48c50e9d6f,not-applicable,"",retained,（規則なし）,,
2021,revenue,132241:2021:revenue:approved:044734ac4bc4f11e,not-applicable,"",retained,（規則なし）,,
2021,revenue,132241:2021:revenue:approved:048e9a208207042f,not-applicable,"",retained,（規則なし）,,
2021,revenue,132241:2021:revenue:approved:04b92ab9aac069b2,not-applicable,"",retained,（規則なし）,,
2021,revenue,132241:2021:revenue:approved:05211e5e4ad40e1d,not-applicable,"",retained,（規則なし）,,
2021,revenue,132241:2021:revenue:approved:055dc079e85cc0b7,not-applicable,"",retained,（規則なし）,,
2021,revenue,132241:2021:revenue:approved:05f01cbe58ac0015,not-applicable,"",retained,（規則なし）,,
2021,revenue,132241:2021:revenue:approved:0607d1c56cc83167,not-applicable,"",retained,（規則なし）,,
2021,revenue,132241:2021:revenue:approved:06098378a22f4ad4,not-applicable,"",retained,（規則なし）,,
2021,revenue,132241:2021:revenue:approved:0651abaa991a7fe1,not-applicable,"",retained,（規則なし）,,
2021,revenue,132241:2021:revenue:approved:068aa139415c504f,not-applicable,"",retained,（規則なし）,,
2021,revenue,132241:2021:revenue:approved:07602fec730bf500,not-applicable,"",retained,（規則なし）,,
2021,revenue,132241:2021:revenue:approved:07f0584060512f30,not-applicable,"",retained,（規則なし）,,
2021,revenue,132241:2021:revenue:approved:083c74f7a053c19b,not-applicable,"",retained,（規則なし）,,
2021,revenue,132241:2021:revenue:approved:08ebfa859c9a12e3,not-applicable,"",retained,（規則なし）,,
2021,revenue,132241:2021:revenue:approved:0a77da330176b530,not-applicable,"",retained,（規則なし）,,
2021,revenue,132241:2021:revenue:approved:0aaf0e92dab002ea,not-applicable,"",retained,（規則なし）,,
2021,revenue,132241:2021:revenue:approved:0ab30e56a6fe0fde,not-applicable,"",retained,（規則なし）,,
2021,revenue,132241:2021:revenue:approved:0b12900aebed1ecc,not-applicable,"",retained,（規則なし）,,
2021,revenue,132241:2021:revenue:approved:0bbbd4e7b4f2fa6f,not-applicable,"",retained,（規則なし）,,
2021,revenue,132241:2021:revenue:approved:0bfbe02abf3027ff,not-applicable,"",retained,（規則なし）,,
2021,revenue,132241:2021:revenue:approved:0c26a1db65e04957,not-applicable,"",retained,（規則なし）,,
2021,revenue,132241:2021:revenue:approved:0c3a0ceafb8e0e4d,not-applicable,"",retained,（規則なし）,,
2021,revenue,132241:2021:revenue:approved:0c7591ffa6ba851d,not-applicable,"",retained,（規則なし）,,
2021,revenue,132241:2021:revenue:approved:0d0bf0e54c083919,not-applicable,"",retained,（規則なし）,,
2021,revenue,132241:2021:revenue:approved:0d0f946c541908fc,not-applicable,"",retained,（規則なし）,,
2021,revenue,132241:2021:revenue:approved:0dce545042349a6c,not-applicable,"",retained,（規則なし）,,
2021,revenue,132241:2021:revenue:approved:0e0c960bcddfc2b0,not-applicable,"",retained,（規則なし）,,
2021,revenue,132241:2021:revenue:approved:0e58342be1f20913,not-applicable,"",retained,（規則なし）,,
2021,revenue,132241:2021:revenue:approved:0f04b1a6d9698b50,not-applicable,"",retained,（規則なし）,,
2021,revenue,132241:2021:revenue:approved:0f250eca21fe4731,not-applicable,"",retained,（規則なし）,,
2021,revenue,132241:2021:revenue:approved:0f395d5f70c21624,not-applicable,"",retained,（規則なし）,,
2021,revenue,132241:2021:revenue:approved:0f3cbf5ae846e3a7,not-applicable,"",retained,（規則なし）,,
2021,revenue,132241:2021:revenue:approved:0f4381f28734a93e,not-applicable,"",retained,（規則なし）,,
2021,revenue,132241:2021:revenue:approved:0f55990c94746bee,not-applicable,"",retained,（規則なし）,,
2021,revenue,132241:2021:revenue:approved:0f917de6cf08d602,not-applicable,"",retained,（規則なし）,,
2021,revenue,132241:2021:revenue:approved:0f9c653eb5b5cb00,not-applicable,"",retained,（規則なし）,,
2021,revenue,132241:2021:revenue:approved:0fdd75ea683c6acb,not-applicable,"",retained,（規則なし）,,
2021,revenue,132241:2021:revenue:approved:0fff874f8f58a5af,not-applicable,"",retained,（規則なし）,,
2021,revenue,132241:2021:revenue:approved:1054295c35cd2d5d,not-applicable,"",retained,（規則なし）,,
2021,revenue,132241:2021:revenue:approved:10cb3cc6a60c8354,not-applicable,"",retained,（規則なし）,,
2021,revenue,132241:2021:revenue:approved:115d647aa0fe1944,not-applicable,"",retained,（規則なし）,,
2021,revenue,132241:2021:revenue:approved:116e0d245cf398d6,not-applicable,"",retained,（規則なし）,,
2021,revenue,132241:2021:revenue:approved:11ecb291f0b47f29,not-applicable,"",retained,（規則なし）,,
2021,revenue,132241:2021:revenue:approved:130b2374a4aa1f24,not-applicable,"",retained,（規則なし）,,
2021,revenue,132241:2021:revenue:approved:1443d75d006e8eab,not-applicable,"",retained,（規則なし）,,
2021,revenue,132241:2021:revenue:approved:14796a4aa01941aa,not-applicable,"",retained,（規則なし）,,
2021,revenue,132241:2021:revenue:approved:14ebf7980f91f28f,not-applicable,"",retained,（規則なし）,,
2021,revenue,132241:2021:revenue:approved:151b175968837601,not-applicable,"",retained,（規則なし）,,
2021,revenue,132241:2021:revenue:approved:15b177b5a32057e6,not-applicable,"",retained,（規則なし）,,
2021,revenue,132241:2021:revenue:approved:160bdc0d62d4a724,not-applicable,"",retained,（規則なし）,,
2021,revenue,132241:2021:revenue:approved:16610981324ced1f,not-applicable,"",retained,（規則なし）,,
2021,revenue,132241:2021:revenue:approved:1935ac6bdbe0e802,not-applicable,"",retained,（規則なし）,,
2021,revenue,132241:2021:revenue:approved:198daff89296def1,not-applicable,"",retained,（規則なし）,,
2021,revenue,132241:2021:revenue:approved:1991f3825cc9c591,not-applicable,"",retained,（規則なし）,,
2021,revenue,132241:2021:revenue:approved:1a8ada0a1882527d,not-applicable,"",retained,（規則なし）,,
2021,revenue,132241:2021:revenue:approved:1aa8af158c597d59,not-applicable,"",retained,（規則なし）,,
2021,revenue,132241:2021:revenue:approved:1af38cca408e221e,not-applicable,"",retained,（規則なし）,,
2021,revenue,132241:2021:revenue:approved:1b003fb570bc3d2b,not-applicable,"",retained,（規則なし）,,
2021,revenue,132241:2021:revenue:approved:1b8b333aa4755e7f,not-applicable,"",retained,（規則なし）,,
2021,revenue,132241:2021:revenue:approved:1c7004c2c23243db,not-applicable,"",retained,（規則なし）,,
2021,revenue,132241:2021:revenue:approved:1d362593555cba52,not-applicable,"",retained,（規則なし）,,
2021,revenue,132241:2021:revenue:approved:1d5d3a6d8f12c84e,not-applicable,"",retained,（規則なし）,,
2021,revenue,132241:2021:revenue:approved:1d6b09c42ba3acfc,not-applicable,"",retained,（規則なし）,,
2021,revenue,132241:2021:revenue:approved:1e504adbc58df781,not-applicable,"",retained,（規則なし）,,
2021,revenue,132241:2021:revenue:approved:1e5648bda092fa76,not-applicable,"",retained,（規則なし）,,
2021,revenue,132241:2021:revenue:approved:1f0428ffe7a88be6,not-applicable,"",retained,（規則なし）,,
2021,revenue,132241:2021:revenue:approved:1f661e2c53c1a34e,not-applicable,"",retained,（規則なし）,,
2021,revenue,132241:2021:revenue:approved:2005b14df414a11a,not-applicable,"",retained,（規則なし）,,
2021,revenue,132241:2021:revenue:approved:20f6d6a520ca38f1,not-applicable,"",retained,（規則なし）,,
2021,revenue,132241:2021:revenue:approved:2111a960881336d7,not-applicable,"",retained,（規則なし）,,
2021,revenue,132241:2021:revenue:approved:2174939fa2a2ea39,not-applicable,"",retained,（規則なし）,,
2021,revenue,132241:2021:revenue:approved:21bf0937034586a7,not-applicable,"",retained,（規則なし）,,
2021,revenue,132241:2021:revenue:approved:21bf8e40fe3b886a,not-applicable,"",retained,（規則なし）,,
2021,revenue,132241:2021:revenue:approved:22991e3738cfce9b,not-applicable,"",retained,（規則なし）,,
2021,revenue,132241:2021:revenue:approved:230deb84bded048b,not-applicable,"",retained,（規則なし）,,
2021,revenue,132241:2021:revenue:approved:232159fefcc81131,not-applicable,"",retained,（規則なし）,,
2021,revenue,132241:2021:revenue:approved:25254ae0cec831d0,not-applicable,"",retained,（規則なし）,,
2021,revenue,132241:2021:revenue:approved:253c78b637bc0444,not-applicable,"",retained,（規則なし）,,
2021,revenue,132241:2021:revenue:approved:265c955da664a426,not-applicable,"",retained,（規則なし）,,
2021,revenue,132241:2021:revenue:approved:27008e4d4ada6a03,not-applicable,"",retained,（規則なし）,,
2021,revenue,132241:2021:revenue:approved:273003fccd3e0a84,not-applicable,"",retained,（規則なし）,,
2021,revenue,132241:2021:revenue:approved:2948f34e61605030,not-applicable,"",retained,（規則なし）,,
2021,revenue,132241:2021:revenue:approved:2a380151ffc84989,not-applicable,"",retained,（規則なし）,,
2021,revenue,132241:2021:revenue:approved:2aed2aa1709cebc1,not-applicable,"",retained,（規則なし）,,
2021,revenue,132241:2021:revenue:approved:2b806c0dbf6087c9,not-applicable,"",retained,（規則なし）,,
2021,revenue,132241:2021:revenue:approved:2bc38af7609fbad0,not-applicable,"",retained,（規則なし）,,
2021,revenue,132241:2021:revenue:approved:2c39473de807487d,not-applicable,"",retained,（規則なし）,,
2021,revenue,132241:2021:revenue:approved:2c4689c2e8c265c9,not-applicable,"",retained,（規則なし）,,
2021,revenue,132241:2021:revenue:approved:2cccdc2734cf55ba,not-applicable,"",retained,（規則なし）,,
2021,revenue,132241:2021:revenue:approved:2d1cb0c2b6b07735,not-applicable,"",retained,（規則なし）,,
2021,revenue,132241:2021:revenue:approved:2d89c130c6ba2005,not-applicable,"",retained,（規則なし）,,
2021,revenue,132241:2021:revenue:approved:2e93c8bd630cfc7a,not-applicable,"",retained,（規則なし）,,
2021,revenue,132241:2021:revenue:approved:2f5d887e6d3d06f9,not-applicable,"",retained,（規則なし）,,
2021,revenue,132241:2021:revenue:approved:2f68048f57998317,not-applicable,"",retained,（規則なし）,,
2021,revenue,132241:2021:revenue:approved:3146ae39561d94d6,not-applicable,"",retained,（規則なし）,,
2021,revenue,132241:2021:revenue:approved:3168c174650af261,not-applicable,"",retained,（規則なし）,,
2021,revenue,132241:2021:revenue:approved:3195eb3d601aad3f,not-applicable,"",retained,（規則なし）,,
2021,revenue,132241:2021:revenue:approved:31c140e0f0f6f6b2,not-applicable,"",retained,（規則なし）,,
2021,revenue,132241:2021:revenue:approved:326291b5fab8f57e,not-applicable,"",retained,（規則なし）,,
2021,revenue,132241:2021:revenue:approved:33482085956e3e48,not-applicable,"",retained,（規則なし）,,
2021,revenue,132241:2021:revenue:approved:33d20407f5680a4f,not-applicable,"",retained,（規則なし）,,
2021,revenue,132241:2021:revenue:approved:33dd4b7d29467a31,not-applicable,"",retained,（規則なし）,,
2021,revenue,132241:2021:revenue:approved:34eb45527477b916,not-applicable,"",retained,（規則なし）,,
2021,revenue,132241:2021:revenue:approved:3515bce2f792c9fd,not-applicable,"",retained,（規則なし）,,
2021,revenue,132241:2021:revenue:approved:35a81d1ee73e2876,not-applicable,"",retained,（規則なし）,,
2021,revenue,132241:2021:revenue:approved:360eafbe71898b1f,not-applicable,"",retained,（規則なし）,,
2021,revenue,132241:2021:revenue:approved:36d9be194c441fd6,not-applicable,"",retained,（規則なし）,,
2021,revenue,132241:2021:revenue:approved:39392f411c637ed0,not-applicable,"",retained,（規則なし）,,
2021,revenue,132241:2021:revenue:approved:39686302c86dc799,not-applicable,"",retained,（規則なし）,,
2021,revenue,132241:2021:revenue:approved:3a31c1350f49984d,not-applicable,"",retained,（規則なし）,,
2021,revenue,132241:2021:revenue:approved:3ade88316bdbd10a,not-applicable,"",retained,（規則なし）,,
2021,revenue,132241:2021:revenue:approved:3b27f52c5dad9b3a,not-applicable,"",retained,（規則なし）,,
2021,revenue,132241:2021:revenue:approved:3bb37a2ed6712e42,not-applicable,"",retained,（規則なし）,,
2021,revenue,132241:2021:revenue:approved:3be24ec4b302ec12,not-applicable,"",retained,（規則なし）,,
2021,revenue,132241:2021:revenue:approved:3ce6502da2b60811,not-applicable,"",retained,（規則なし）,,
2021,revenue,132241:2021:revenue:approved:3d6700b17c484a44,not-applicable,"",retained,（規則なし）,,
2021,revenue,132241:2021:revenue:approved:3e30f536e6009ace,not-applicable,"",retained,（規則なし）,,
2021,revenue,132241:2021:revenue:approved:3e70bdf5022c09c3,not-applicable,"",retained,（規則なし）,,
2021,revenue,132241:2021:revenue:approved:3f24f9f20a389f24,not-applicable,"",retained,（規則なし）,,
2021,revenue,132241:2021:revenue:approved:3f75c62c5cee2f77,not-applicable,"",retained,（規則なし）,,
2021,revenue,132241:2021:revenue:approved:3f7b92beda015b41,not-applicable,"",retained,（規則なし）,,
2021,revenue,132241:2021:revenue:approved:4030b7b026420672,not-applicable,"",retained,（規則なし）,,
2021,revenue,132241:2021:revenue:approved:4041047bd38745b7,not-applicable,"",retained,（規則なし）,,
2021,revenue,132241:2021:revenue:approved:407800613d965f8d,not-applicable,"",retained,（規則なし）,,
2021,revenue,132241:2021:revenue:approved:41988efd236627ed,not-applicable,"",retained,（規則なし）,,
2021,revenue,132241:2021:revenue:approved:41ffac1e313539f4,not-applicable,"",retained,（規則なし）,,
2021,revenue,132241:2021:revenue:approved:421570e08c25e471,not-applicable,"",retained,（規則なし）,,
2021,revenue,132241:2021:revenue:approved:42df5758c7c3463f,not-applicable,"",retained,（規則なし）,,
2021,revenue,132241:2021:revenue:approved:43b69f5a2d13db57,not-applicable,"",retained,（規則なし）,,
2021,revenue,132241:2021:revenue:approved:43cf52f371d42892,not-applicable,"",retained,（規則なし）,,
2021,revenue,132241:2021:revenue:approved:43d36bc23074f9d7,not-applicable,"",retained,（規則なし）,,
2021,revenue,132241:2021:revenue:approved:444d024d0946eee0,not-applicable,"",retained,（規則なし）,,
2021,revenue,132241:2021:revenue:approved:4483aacd0d62e96a,not-applicable,"",retained,（規則なし）,,
2021,revenue,132241:2021:revenue:approved:450ebbb4c52b2b9d,not-applicable,"",retained,（規則なし）,,
2021,revenue,132241:2021:revenue:approved:458465a0030200d0,not-applicable,"",retained,（規則なし）,,
2021,revenue,132241:2021:revenue:approved:4627b6a851d91666,not-applicable,"",retained,（規則なし）,,
2021,revenue,132241:2021:revenue:approved:46a6ce7d20371b50,not-applicable,"",retained,（規則なし）,,
2021,revenue,132241:2021:revenue:approved:472a1780f951edbf,not-applicable,"",retained,（規則なし）,,
2021,revenue,132241:2021:revenue:approved:474c18de3faa9fdd,not-applicable,"",retained,（規則なし）,,
2021,revenue,132241:2021:revenue:approved:47dc854c3883f58c,not-applicable,"",retained,（規則なし）,,
2021,revenue,132241:2021:revenue:approved:485d174d9f3a208c,not-applicable,"",retained,（規則なし）,,
2021,revenue,132241:2021:revenue:approved:4873898a3da2083c,not-applicable,"",retained,（規則なし）,,
2021,revenue,132241:2021:revenue:approved:48b1754c83db5b6e,not-applicable,"",retained,（規則なし）,,
2021,revenue,132241:2021:revenue:approved:48e3c7c787e2510a,not-applicable,"",retained,（規則なし）,,
2021,revenue,132241:2021:revenue:approved:490cca64d7b449a3,not-applicable,"",retained,（規則なし）,,
2021,revenue,132241:2021:revenue:approved:4969f11f24f2a3a7,not-applicable,"",retained,（規則なし）,,
2021,revenue,132241:2021:revenue:approved:499d0df4b469f739,not-applicable,"",retained,（規則なし）,,
2021,revenue,132241:2021:revenue:approved:4aaae3f2276497cc,not-applicable,"",retained,（規則なし）,,
2021,revenue,132241:2021:revenue:approved:4aaaf50a1b7ad2a6,not-applicable,"",retained,（規則なし）,,
2021,revenue,132241:2021:revenue:approved:4aab2b24e778ebd4,not-applicable,"",retained,（規則なし）,,
2021,revenue,132241:2021:revenue:approved:4af016a9e5e1e62b,not-applicable,"",retained,（規則なし）,,
2021,revenue,132241:2021:revenue:approved:4b0583088385975f,not-applicable,"",retained,（規則なし）,,
2021,revenue,132241:2021:revenue:approved:4b113728f614468f,not-applicable,"",retained,（規則なし）,,
2021,revenue,132241:2021:revenue:approved:4b57b5bf111a2a55,not-applicable,"",retained,（規則なし）,,
2021,revenue,132241:2021:revenue:approved:4b6713650067de55,not-applicable,"",retained,（規則なし）,,
2021,revenue,132241:2021:revenue:approved:4bdff779aa1597b4,not-applicable,"",retained,（規則なし）,,
2021,revenue,132241:2021:revenue:approved:4cc418d55e1150e4,not-applicable,"",retained,（規則なし）,,
2021,revenue,132241:2021:revenue:approved:4ce39ea0291277d3,not-applicable,"",retained,（規則なし）,,
2021,revenue,132241:2021:revenue:approved:4d551ecac49e0eb0,not-applicable,"",retained,（規則なし）,,
2021,revenue,132241:2021:revenue:approved:4e1064ab399925f1,not-applicable,"",retained,（規則なし）,,
2021,revenue,132241:2021:revenue:approved:4ed267c0d4bec464,not-applicable,"",retained,（規則なし）,,
2021,revenue,132241:2021:revenue:approved:4ee06691250e8bae,not-applicable,"",retained,（規則なし）,,
2021,revenue,132241:2021:revenue:approved:4f5f5f66dc50d8da,not-applicable,"",retained,（規則なし）,,
2021,revenue,132241:2021:revenue:approved:50407d6b6dfb1b3b,not-applicable,"",retained,（規則なし）,,
2021,revenue,132241:2021:revenue:approved:504156424715f577,not-applicable,"",retained,（規則なし）,,
2021,revenue,132241:2021:revenue:approved:50a007070726d7b6,not-applicable,"",retained,（規則なし）,,
2021,revenue,132241:2021:revenue:approved:50a94d7d31968573,not-applicable,"",retained,（規則なし）,,
2021,revenue,132241:2021:revenue:approved:5144e6adc64229e2,not-applicable,"",retained,（規則なし）,,
2021,revenue,132241:2021:revenue:approved:5180b0c437d4649f,not-applicable,"",retained,（規則なし）,,
2021,revenue,132241:2021:revenue:approved:51c87533f353af25,not-applicable,"",retained,（規則なし）,,
2021,revenue,132241:2021:revenue:approved:52782500fa398a5b,not-applicable,"",retained,（規則なし）,,
2021,revenue,132241:2021:revenue:approved:52ab0dab49c86be8,not-applicable,"",retained,（規則なし）,,
2021,revenue,132241:2021:revenue:approved:52ef8bb1dad84069,not-applicable,"",retained,（規則なし）,,
2021,revenue,132241:2021:revenue:approved:535ef59f3f7b078c,not-applicable,"",retained,（規則なし）,,
2021,revenue,132241:2021:revenue:approved:53b9889d5ecaf815,not-applicable,"",retained,（規則なし）,,
2021,revenue,132241:2021:revenue:approved:53ee4160518be80e,not-applicable,"",retained,（規則なし）,,
2021,revenue,132241:2021:revenue:approved:542537a721ca00b6,not-applicable,"",retained,（規則なし）,,
2021,revenue,132241:2021:revenue:approved:54fef60d316245e9,not-applicable,"",retained,（規則なし）,,
2021,revenue,132241:2021:revenue:approved:5527cbb0abf82233,not-applicable,"",retained,（規則なし）,,
2021,revenue,132241:2021:revenue:approved:5592b0083130350a,not-applicable,"",retained,（規則なし）,,
2021,revenue,132241:2021:revenue:approved:5615319c69546fac,not-applicable,"",retained,（規則なし）,,
2021,revenue,132241:2021:revenue:approved:5619d552d03491b3,not-applicable,"",retained,（規則なし）,,
2021,revenue,132241:2021:revenue:approved:5621d06bc6f93499,not-applicable,"",retained,（規則なし）,,
2021,revenue,132241:2021:revenue:approved:563426ac5d0596fd,not-applicable,"",retained,（規則なし）,,
2021,revenue,132241:2021:revenue:approved:5663955e01d9efe2,not-applicable,"",retained,（規則なし）,,
2021,revenue,132241:2021:revenue:approved:56f46d676ea911b6,not-applicable,"",retained,（規則なし）,,
2021,revenue,132241:2021:revenue:approved:570b753de0c528bf,not-applicable,"",retained,（規則なし）,,
2021,revenue,132241:2021:revenue:approved:574b22db98307163,not-applicable,"",retained,（規則なし）,,
2021,revenue,132241:2021:revenue:approved:57cdb7444d0b2f14,not-applicable,"",retained,（規則なし）,,
2021,revenue,132241:2021:revenue:approved:585f1690505b7f74,not-applicable,"",retained,（規則なし）,,
2021,revenue,132241:2021:revenue:approved:5973d1e45d629f52,not-applicable,"",retained,（規則なし）,,
2021,revenue,132241:2021:revenue:approved:59988a935beaad2b,not-applicable,"",retained,（規則なし）,,
2021,revenue,132241:2021:revenue:approved:5a0e8eeda64b310c,not-applicable,"",retained,（規則なし）,,
2021,revenue,132241:2021:revenue:approved:5a516fe9e2b19116,not-applicable,"",retained,（規則なし）,,
2021,revenue,132241:2021:revenue:approved:5cbdf4c365e1affa,not-applicable,"",retained,（規則なし）,,
2021,revenue,132241:2021:revenue:approved:5d433955962dff2c,not-applicable,"",retained,（規則なし）,,
2021,revenue,132241:2021:revenue:approved:5d57e76256dccbb7,not-applicable,"",retained,（規則なし）,,
2021,revenue,132241:2021:revenue:approved:5d80d9e84293abdb,not-applicable,"",retained,（規則なし）,,
2021,revenue,132241:2021:revenue:approved:5dc8afdc05ed9df1,not-applicable,"",retained,（規則なし）,,
2021,revenue,132241:2021:revenue:approved:5e2b1486e7226777,not-applicable,"",retained,（規則なし）,,
2021,revenue,132241:2021:revenue:approved:5e9c42b23b456c4f,not-applicable,"",retained,（規則なし）,,
2021,revenue,132241:2021:revenue:approved:5edc777dd69d89ac,not-applicable,"",retained,（規則なし）,,
2021,revenue,132241:2021:revenue:approved:5ef29c33e6e773f0,not-applicable,"",retained,（規則なし）,,
2021,revenue,132241:2021:revenue:approved:5ef81b5787a2b509,not-applicable,"",retained,（規則なし）,,
2021,revenue,132241:2021:revenue:approved:5f6ea74ea43f2e6c,not-applicable,"",retained,（規則なし）,,
2021,revenue,132241:2021:revenue:approved:6004a0cb04dce9a7,not-applicable,"",retained,（規則なし）,,
2021,revenue,132241:2021:revenue:approved:60a045c7d3152217,not-applicable,"",retained,（規則なし）,,
2021,revenue,132241:2021:revenue:approved:617ee6fe7c1528c2,not-applicable,"",retained,（規則なし）,,
2021,revenue,132241:2021:revenue:approved:6189f22a35a67255,not-applicable,"",retained,（規則なし）,,
2021,revenue,132241:2021:revenue:approved:618f67c9472cdb94,not-applicable,"",retained,（規則なし）,,
2021,revenue,132241:2021:revenue:approved:61c2c351ab26874e,not-applicable,"",retained,（規則なし）,,
2021,revenue,132241:2021:revenue:approved:629864fcd33d18a5,not-applicable,"",retained,（規則なし）,,
2021,revenue,132241:2021:revenue:approved:638da058f8d1e363,not-applicable,"",retained,（規則なし）,,
2021,revenue,132241:2021:revenue:approved:63e4f6a8999a9f76,not-applicable,"",retained,（規則なし）,,
2021,revenue,132241:2021:revenue:approved:640581b768e047e8,not-applicable,"",retained,（規則なし）,,
2021,revenue,132241:2021:revenue:approved:64cbfb3b5d03bfb8,not-applicable,"",retained,（規則なし）,,
2021,revenue,132241:2021:revenue:approved:6540df3d83bb68fb,not-applicable,"",retained,（規則なし）,,
2021,revenue,132241:2021:revenue:approved:657c9158bc36361d,not-applicable,"",retained,（規則なし）,,
2021,revenue,132241:2021:revenue:approved:65d3a5c9df7402ba,not-applicable,"",retained,（規則なし）,,
2021,revenue,132241:2021:revenue:approved:6660d5e685180d18,not-applicable,"",retained,（規則なし）,,
2021,revenue,132241:2021:revenue:approved:670167d8e39201c1,not-applicable,"",retained,（規則なし）,,
2021,revenue,132241:2021:revenue:approved:670ba76cfdc3cba2,not-applicable,"",retained,（規則なし）,,
2021,revenue,132241:2021:revenue:approved:67b3edf526df02b6,not-applicable,"",retained,（規則なし）,,
2021,revenue,132241:2021:revenue:approved:68155b454079e5a1,not-applicable,"",retained,（規則なし）,,
2021,revenue,132241:2021:revenue:approved:690b1549078a018d,not-applicable,"",retained,（規則なし）,,
2021,revenue,132241:2021:revenue:approved:694b2b57e9e58788,not-applicable,"",retained,（規則なし）,,
2021,revenue,132241:2021:revenue:approved:696fd12eeb2caebb,not-applicable,"",retained,（規則なし）,,
2021,revenue,132241:2021:revenue:approved:69ae26da993ab71d,not-applicable,"",retained,（規則なし）,,
2021,revenue,132241:2021:revenue:approved:6c773df4e7292455,not-applicable,"",retained,（規則なし）,,
2021,revenue,132241:2021:revenue:approved:6de9bff15df2fd64,not-applicable,"",retained,（規則なし）,,
2021,revenue,132241:2021:revenue:approved:6f618c86dd9866cc,not-applicable,"",retained,（規則なし）,,
2021,revenue,132241:2021:revenue:approved:7018087cdab50110,not-applicable,"",retained,（規則なし）,,
2021,revenue,132241:2021:revenue:approved:70aac29f9dbd9f1b,not-applicable,"",retained,（規則なし）,,
2021,revenue,132241:2021:revenue:approved:70ddbed2be588353,not-applicable,"",retained,（規則なし）,,
2021,revenue,132241:2021:revenue:approved:70e12651d184869d,not-applicable,"",retained,（規則なし）,,
2021,revenue,132241:2021:revenue:approved:7131dbda446c3d69,not-applicable,"",retained,（規則なし）,,
2021,revenue,132241:2021:revenue:approved:715e4d6eb2e1fd9e,not-applicable,"",retained,（規則なし）,,
2021,revenue,132241:2021:revenue:approved:71dd9ae56e517b30,not-applicable,"",retained,（規則なし）,,
2021,revenue,132241:2021:revenue:approved:727c087496553b2f,not-applicable,"",retained,（規則なし）,,
2021,revenue,132241:2021:revenue:approved:732a7213a4d83e6a,not-applicable,"",retained,（規則なし）,,
2021,revenue,132241:2021:revenue:approved:73595d568904786a,not-applicable,"",retained,（規則なし）,,
2021,revenue,132241:2021:revenue:approved:751b742bb4d85b02,not-applicable,"",retained,（規則なし）,,
2021,revenue,132241:2021:revenue:approved:761769650867d09d,not-applicable,"",retained,（規則なし）,,
2021,revenue,132241:2021:revenue:approved:7662c8612f1b4ebc,not-applicable,"",retained,（規則なし）,,
2021,revenue,132241:2021:revenue:approved:7691990ee8e72790,not-applicable,"",retained,（規則なし）,,
2021,revenue,132241:2021:revenue:approved:76cf823cc1f014e0,not-applicable,"",retained,（規則なし）,,
2021,revenue,132241:2021:revenue:approved:76e331d629dccc12,not-applicable,"",retained,（規則なし）,,
2021,revenue,132241:2021:revenue:approved:7723039b2211a1d6,not-applicable,"",retained,（規則なし）,,
2021,revenue,132241:2021:revenue:approved:78b4552141744f64,not-applicable,"",retained,（規則なし）,,
2021,revenue,132241:2021:revenue:approved:79fb03e8117ee4fb,not-applicable,"",retained,（規則なし）,,
2021,revenue,132241:2021:revenue:approved:7aa2b50a9953eae1,not-applicable,"",retained,（規則なし）,,
2021,revenue,132241:2021:revenue:approved:7ab2e92d4f820bb8,not-applicable,"",retained,（規則なし）,,
2021,revenue,132241:2021:revenue:approved:7bcf716770184dec,not-applicable,"",retained,（規則なし）,,
2021,revenue,132241:2021:revenue:approved:7bd5bbf69c36bdb8,not-applicable,"",retained,（規則なし）,,
2021,revenue,132241:2021:revenue:approved:7bff4200a82b53c3,not-applicable,"",retained,（規則なし）,,
2021,revenue,132241:2021:revenue:approved:7c502d0442167557,not-applicable,"",retained,（規則なし）,,
2021,revenue,132241:2021:revenue:approved:7e3ebe63281da7c1,not-applicable,"",retained,（規則なし）,,
2021,revenue,132241:2021:revenue:approved:7e58d8d84312f7fc,not-applicable,"",retained,（規則なし）,,
2021,revenue,132241:2021:revenue:approved:7e64825a158aaf1c,not-applicable,"",retained,（規則なし）,,
2021,revenue,132241:2021:revenue:approved:7e82be48d31d4f79,not-applicable,"",retained,（規則なし）,,
2021,revenue,132241:2021:revenue:approved:7f5119128a3ab855,not-applicable,"",retained,（規則なし）,,
2021,revenue,132241:2021:revenue:approved:7f52e50a30b9544c,not-applicable,"",retained,（規則なし）,,
2021,revenue,132241:2021:revenue:approved:7fadc7f7973cd6f9,not-applicable,"",retained,（規則なし）,,
2021,revenue,132241:2021:revenue:approved:7fd89e27cf882c08,not-applicable,"",retained,（規則なし）,,
2021,revenue,132241:2021:revenue:approved:806944c573f6e765,not-applicable,"",retained,（規則なし）,,
2021,revenue,132241:2021:revenue:approved:81089b99dd6fd451,not-applicable,"",retained,（規則なし）,,
2021,revenue,132241:2021:revenue:approved:82e1728c18804568,not-applicable,"",retained,（規則なし）,,
2021,revenue,132241:2021:revenue:approved:8338dfbafd08bbd9,not-applicable,"",retained,（規則なし）,,
2021,revenue,132241:2021:revenue:approved:83a3f584213d0b2b,not-applicable,"",retained,（規則なし）,,
2021,revenue,132241:2021:revenue:approved:83a3f681170459b6,not-applicable,"",retained,（規則なし）,,
2021,revenue,132241:2021:revenue:approved:83d1baa914f38a89,not-applicable,"",retained,（規則なし）,,
2021,revenue,132241:2021:revenue:approved:85cf061b6f0a801d,not-applicable,"",retained,（規則なし）,,
2021,revenue,132241:2021:revenue:approved:85cfd507a2a4c253,not-applicable,"",retained,（規則なし）,,
2021,revenue,132241:2021:revenue:approved:878acae3a4e8d37d,not-applicable,"",retained,（規則なし）,,
2021,revenue,132241:2021:revenue:approved:879244d56d9c6163,not-applicable,"",retained,（規則なし）,,
2021,revenue,132241:2021:revenue:approved:87e2b2c2fc1ddfd9,not-applicable,"",retained,（規則なし）,,
2021,revenue,132241:2021:revenue:approved:88b8cf749bd35c1f,not-applicable,"",retained,（規則なし）,,
2021,revenue,132241:2021:revenue:approved:894a9caa419ae420,not-applicable,"",retained,（規則なし）,,
2021,revenue,132241:2021:revenue:approved:8a39d32a1b428f14,not-applicable,"",retained,（規則なし）,,
2021,revenue,132241:2021:revenue:approved:8a3d2cf786d8682f,not-applicable,"",retained,（規則なし）,,
2021,revenue,132241:2021:revenue:approved:8aaee479a6ab3159,not-applicable,"",retained,（規則なし）,,
2021,revenue,132241:2021:revenue:approved:8b0455ca1cbf5267,not-applicable,"",retained,（規則なし）,,
2021,revenue,132241:2021:revenue:approved:8b79c6464d8c10fb,not-applicable,"",retained,（規則なし）,,
2021,revenue,132241:2021:revenue:approved:8b840709769b01ef,not-applicable,"",retained,（規則なし）,,
2021,revenue,132241:2021:revenue:approved:8c0c8df4802c4e8d,not-applicable,"",retained,（規則なし）,,
2021,revenue,132241:2021:revenue:approved:8ed1f93d45472d53,not-applicable,"",retained,（規則なし）,,
2021,revenue,132241:2021:revenue:approved:8ef62bf56fcce229,not-applicable,"",retained,（規則なし）,,
2021,revenue,132241:2021:revenue:approved:8f2b72d233e443e2,not-applicable,"",retained,（規則なし）,,
2021,revenue,132241:2021:revenue:approved:8f58dd1f8fd562fd,not-applicable,"",retained,（規則なし）,,
2021,revenue,132241:2021:revenue:approved:8ff93c784367bfd5,not-applicable,"",retained,（規則なし）,,
2021,revenue,132241:2021:revenue:approved:90a99ba883e3c7d3,not-applicable,"",retained,（規則なし）,,
2021,revenue,132241:2021:revenue:approved:9171f4d5c6bcb123,not-applicable,"",retained,（規則なし）,,
2021,revenue,132241:2021:revenue:approved:91bd34b97ce61fc3,not-applicable,"",retained,（規則なし）,,
2021,revenue,132241:2021:revenue:approved:920d2cf9d6369339,not-applicable,"",retained,（規則なし）,,
2021,revenue,132241:2021:revenue:approved:936e12149ed25bf2,not-applicable,"",retained,（規則なし）,,
2021,revenue,132241:2021:revenue:approved:951fce9a45abdf24,not-applicable,"",retained,（規則なし）,,
2021,revenue,132241:2021:revenue:approved:96a5dd882297c33f,not-applicable,"",retained,（規則なし）,,
2021,revenue,132241:2021:revenue:approved:9739d7e5c68451e6,not-applicable,"",retained,（規則なし）,,
2021,revenue,132241:2021:revenue:approved:97fb4d2e7d5bb862,not-applicable,"",retained,（規則なし）,,
2021,revenue,132241:2021:revenue:approved:98b4f50da0cda79f,not-applicable,"",retained,（規則なし）,,
2021,revenue,132241:2021:revenue:approved:98f1dfacfc2adabd,not-applicable,"",retained,（規則なし）,,
2021,revenue,132241:2021:revenue:approved:997eeca83bb03c08,not-applicable,"",retained,（規則なし）,,
2021,revenue,132241:2021:revenue:approved:99cf141a6576ea76,not-applicable,"",retained,（規則なし）,,
2021,revenue,132241:2021:revenue:approved:99dfe5506ca2f223,not-applicable,"",retained,（規則なし）,,
2021,revenue,132241:2021:revenue:approved:9a15959832057306,not-applicable,"",retained,（規則なし）,,
2021,revenue,132241:2021:revenue:approved:9a2db91de6bb8cb3,not-applicable,"",retained,（規則なし）,,
2021,revenue,132241:2021:revenue:approved:9a47dffed82acf5d,not-applicable,"",retained,（規則なし）,,
2021,revenue,132241:2021:revenue:approved:9a6ed6b0c4215fc1,not-applicable,"",retained,（規則なし）,,
2021,revenue,132241:2021:revenue:approved:9afd6e38bb9435db,not-applicable,"",retained,（規則なし）,,
2021,revenue,132241:2021:revenue:approved:9b15957f65e410fb,not-applicable,"",retained,（規則なし）,,
2021,revenue,132241:2021:revenue:approved:9b615199991a6c9d,not-applicable,"",retained,（規則なし）,,
2021,revenue,132241:2021:revenue:approved:9ba55c767586a13e,not-applicable,"",retained,（規則なし）,,
2021,revenue,132241:2021:revenue:approved:9bb9ced60efa051a,not-applicable,"",retained,（規則なし）,,
2021,revenue,132241:2021:revenue:approved:9c464a21641f7e7b,not-applicable,"",retained,（規則なし）,,
2021,revenue,132241:2021:revenue:approved:9d6a4447293de299,not-applicable,"",retained,（規則なし）,,
2021,revenue,132241:2021:revenue:approved:9e23f0f5402bc1bb,not-applicable,"",retained,（規則なし）,,
2021,revenue,132241:2021:revenue:approved:9e4728543dc279eb,not-applicable,"",retained,（規則なし）,,
2021,revenue,132241:2021:revenue:approved:9ea722c7eea7e6e2,not-applicable,"",retained,（規則なし）,,
2021,revenue,132241:2021:revenue:approved:a061570f3e8dbd3e,not-applicable,"",retained,（規則なし）,,
2021,revenue,132241:2021:revenue:approved:a16fbccb128df88d,not-applicable,"",retained,（規則なし）,,
2021,revenue,132241:2021:revenue:approved:a2aa784c4e6dce15,not-applicable,"",retained,（規則なし）,,
2021,revenue,132241:2021:revenue:approved:a2e227d910ad2843,not-applicable,"",retained,（規則なし）,,
2021,revenue,132241:2021:revenue:approved:a383de001d4fb285,not-applicable,"",retained,（規則なし）,,
2021,revenue,132241:2021:revenue:approved:a3b322395eca96d9,not-applicable,"",retained,（規則なし）,,
2021,revenue,132241:2021:revenue:approved:a3cf3471ca13493b,not-applicable,"",retained,（規則なし）,,
2021,revenue,132241:2021:revenue:approved:a3ec5f75e902e857,not-applicable,"",retained,（規則なし）,,
2021,revenue,132241:2021:revenue:approved:a47b68a2a8cd7b98,not-applicable,"",retained,（規則なし）,,
2021,revenue,132241:2021:revenue:approved:a4977ba4069521ff,not-applicable,"",retained,（規則なし）,,
2021,revenue,132241:2021:revenue:approved:a52abbf24a32701e,not-applicable,"",retained,（規則なし）,,
2021,revenue,132241:2021:revenue:approved:a54653d26e7e39a7,not-applicable,"",retained,（規則なし）,,
2021,revenue,132241:2021:revenue:approved:a550fda0b1905477,not-applicable,"",retained,（規則なし）,,
2021,revenue,132241:2021:revenue:approved:a5638c754b3be265,not-applicable,"",retained,（規則なし）,,
2021,revenue,132241:2021:revenue:approved:a58fcfad9565f316,not-applicable,"",retained,（規則なし）,,
2021,revenue,132241:2021:revenue:approved:a5fb012692e200bc,not-applicable,"",retained,（規則なし）,,
2021,revenue,132241:2021:revenue:approved:a60bec9a2a3fa121,not-applicable,"",retained,（規則なし）,,
2021,revenue,132241:2021:revenue:approved:a72c075841bb213c,not-applicable,"",retained,（規則なし）,,
2021,revenue,132241:2021:revenue:approved:a86cc8b4764225d0,not-applicable,"",retained,（規則なし）,,
2021,revenue,132241:2021:revenue:approved:a96f9bd114e23406,not-applicable,"",retained,（規則なし）,,
2021,revenue,132241:2021:revenue:approved:a9b50b677f93cc70,not-applicable,"",retained,（規則なし）,,
2021,revenue,132241:2021:revenue:approved:a9ded42a41f6591d,not-applicable,"",retained,（規則なし）,,
2021,revenue,132241:2021:revenue:approved:aa7da57615d8cbd5,not-applicable,"",retained,（規則なし）,,
2021,revenue,132241:2021:revenue:approved:aae3f3a15d1bf920,not-applicable,"",retained,（規則なし）,,
2021,revenue,132241:2021:revenue:approved:ab172415b2c9fbd3,not-applicable,"",retained,（規則なし）,,
2021,revenue,132241:2021:revenue:approved:ab2b9a418b12f41a,not-applicable,"",retained,（規則なし）,,
2021,revenue,132241:2021:revenue:approved:abdb4c24ba184ff4,not-applicable,"",retained,（規則なし）,,
2021,revenue,132241:2021:revenue:approved:ac578ccc74aeea16,not-applicable,"",retained,（規則なし）,,
2021,revenue,132241:2021:revenue:approved:ad4d0d39ac51b1a7,not-applicable,"",retained,（規則なし）,,
2021,revenue,132241:2021:revenue:approved:ae683ba0341cb76c,not-applicable,"",retained,（規則なし）,,
2021,revenue,132241:2021:revenue:approved:ae787fa331946b62,not-applicable,"",retained,（規則なし）,,
2021,revenue,132241:2021:revenue:approved:aed4ada6766a55c5,not-applicable,"",retained,（規則なし）,,
2021,revenue,132241:2021:revenue:approved:aee0ebe20eeb6730,not-applicable,"",retained,（規則なし）,,
2021,revenue,132241:2021:revenue:approved:af127e4269cedc50,not-applicable,"",retained,（規則なし）,,
2021,revenue,132241:2021:revenue:approved:af1b4ec997aed89e,not-applicable,"",retained,（規則なし）,,
2021,revenue,132241:2021:revenue:approved:b01b4f8dd8f83f71,not-applicable,"",retained,（規則なし）,,
2021,revenue,132241:2021:revenue:approved:b05588a822c91557,not-applicable,"",retained,（規則なし）,,
2021,revenue,132241:2021:revenue:approved:b155ebbe275f5403,not-applicable,"",retained,（規則なし）,,
2021,revenue,132241:2021:revenue:approved:b17c20c45b4578f7,not-applicable,"",retained,（規則なし）,,
2021,revenue,132241:2021:revenue:approved:b26644062c18829c,not-applicable,"",retained,（規則なし）,,
2021,revenue,132241:2021:revenue:approved:b39ad1ffd299d122,not-applicable,"",retained,（規則なし）,,
2021,revenue,132241:2021:revenue:approved:b3e8536ec29a0148,not-applicable,"",retained,（規則なし）,,
2021,revenue,132241:2021:revenue:approved:b425744658ae4db4,not-applicable,"",retained,（規則なし）,,
2021,revenue,132241:2021:revenue:approved:b65164aff38188d3,not-applicable,"",retained,（規則なし）,,
2021,revenue,132241:2021:revenue:approved:b713041a56eee673,not-applicable,"",retained,（規則なし）,,
2021,revenue,132241:2021:revenue:approved:b73cf6287c2e63b9,not-applicable,"",retained,（規則なし）,,
2021,revenue,132241:2021:revenue:approved:b753f3dc8d7f334c,not-applicable,"",retained,（規則なし）,,
2021,revenue,132241:2021:revenue:approved:b760c39744729596,not-applicable,"",retained,（規則なし）,,
2021,revenue,132241:2021:revenue:approved:b78a816bd3514375,not-applicable,"",retained,（規則なし）,,
2021,revenue,132241:2021:revenue:approved:b7f7f55dcee77d4a,not-applicable,"",retained,（規則なし）,,
2021,revenue,132241:2021:revenue:approved:b87aee151169c09d,not-applicable,"",retained,（規則なし）,,
2021,revenue,132241:2021:revenue:approved:b9226d12d4a48859,not-applicable,"",retained,（規則なし）,,
2021,revenue,132241:2021:revenue:approved:b93a58413def65c8,not-applicable,"",retained,（規則なし）,,
2021,revenue,132241:2021:revenue:approved:b952836dc6403590,not-applicable,"",retained,（規則なし）,,
2021,revenue,132241:2021:revenue:approved:b9bc3adebae6d9d0,not-applicable,"",retained,（規則なし）,,
2021,revenue,132241:2021:revenue:approved:bca422125c764a0f,not-applicable,"",retained,（規則なし）,,
2021,revenue,132241:2021:revenue:approved:bdd0dcfb76bcb218,not-applicable,"",retained,（規則なし）,,
2021,revenue,132241:2021:revenue:approved:bdeacae409a82558,not-applicable,"",retained,（規則なし）,,
2021,revenue,132241:2021:revenue:approved:bf6be4b77eaf17c5,not-applicable,"",retained,（規則なし）,,
2021,revenue,132241:2021:revenue:approved:bf7b207acf47e6b0,not-applicable,"",retained,（規則なし）,,
2021,revenue,132241:2021:revenue:approved:bf8e4d79bd6565a8,not-applicable,"",retained,（規則なし）,,
2021,revenue,132241:2021:revenue:approved:c07753c7173a4874,not-applicable,"",retained,（規則なし）,,
2021,revenue,132241:2021:revenue:approved:c08d6ab4c5ac617d,not-applicable,"",retained,（規則なし）,,
2021,revenue,132241:2021:revenue:approved:c186de20502cf54d,not-applicable,"",retained,（規則なし）,,
2021,revenue,132241:2021:revenue:approved:c233f8a8535d10f9,not-applicable,"",retained,（規則なし）,,
2021,revenue,132241:2021:revenue:approved:c24d64b8b0f45fb4,not-applicable,"",retained,（規則なし）,,
2021,revenue,132241:2021:revenue:approved:c2bafa28d0ee2d93,not-applicable,"",retained,（規則なし）,,
2021,revenue,132241:2021:revenue:approved:c2bd41eb9d8f612f,not-applicable,"",retained,（規則なし）,,
2021,revenue,132241:2021:revenue:approved:c325cb2c6caeda1f,not-applicable,"",retained,（規則なし）,,
2021,revenue,132241:2021:revenue:approved:c32ccab2ccc98cde,not-applicable,"",retained,（規則なし）,,
2021,revenue,132241:2021:revenue:approved:c3748a1bd9cb1ef5,not-applicable,"",retained,（規則なし）,,
2021,revenue,132241:2021:revenue:approved:c405180a7b7e6b63,not-applicable,"",retained,（規則なし）,,
2021,revenue,132241:2021:revenue:approved:c494a4b4c3c6ce2b,not-applicable,"",retained,（規則なし）,,
2021,revenue,132241:2021:revenue:approved:c4952d787bdf1130,not-applicable,"",retained,（規則なし）,,
2021,revenue,132241:2021:revenue:approved:c499c4a2b398e4b8,not-applicable,"",retained,（規則なし）,,
2021,revenue,132241:2021:revenue:approved:c4b71d81ddf079ca,not-applicable,"",retained,（規則なし）,,
2021,revenue,132241:2021:revenue:approved:c4b8340140579be3,not-applicable,"",retained,（規則なし）,,
2021,revenue,132241:2021:revenue:approved:c5313fd548d7e2f2,not-applicable,"",retained,（規則なし）,,
2021,revenue,132241:2021:revenue:approved:c57c5f5bf4a5269b,not-applicable,"",retained,（規則なし）,,
2021,revenue,132241:2021:revenue:approved:c64937de11e6bf89,not-applicable,"",retained,（規則なし）,,
2021,revenue,132241:2021:revenue:approved:c694bf81b9abd644,not-applicable,"",retained,（規則なし）,,
2021,revenue,132241:2021:revenue:approved:c7326698e015458a,not-applicable,"",retained,（規則なし）,,
2021,revenue,132241:2021:revenue:approved:c746b5ca510186f2,not-applicable,"",retained,（規則なし）,,
2021,revenue,132241:2021:revenue:approved:c85638a9277bd81b,not-applicable,"",retained,（規則なし）,,
2021,revenue,132241:2021:revenue:approved:c8cca78d3b236f4e,not-applicable,"",retained,（規則なし）,,
2021,revenue,132241:2021:revenue:approved:c9e8c5367d284406,not-applicable,"",retained,（規則なし）,,
2021,revenue,132241:2021:revenue:approved:c9f80ea303b2414a,not-applicable,"",retained,（規則なし）,,
2021,revenue,132241:2021:revenue:approved:ca0b43b9b852f86d,not-applicable,"",retained,（規則なし）,,
2021,revenue,132241:2021:revenue:approved:caa10609e0c2141e,not-applicable,"",retained,（規則なし）,,
2021,revenue,132241:2021:revenue:approved:caece7e40bb6f446,not-applicable,"",retained,（規則なし）,,
2021,revenue,132241:2021:revenue:approved:cb4d754b1a4c0a5d,not-applicable,"",retained,（規則なし）,,
2021,revenue,132241:2021:revenue:approved:cbba1790d630e244,not-applicable,"",retained,（規則なし）,,
2021,revenue,132241:2021:revenue:approved:cc31f28567ba6b6e,not-applicable,"",retained,（規則なし）,,
2021,revenue,132241:2021:revenue:approved:cd4e5fc1a89173e1,not-applicable,"",retained,（規則なし）,,
2021,revenue,132241:2021:revenue:approved:cd88b7e142ad4260,not-applicable,"",retained,（規則なし）,,
2021,revenue,132241:2021:revenue:approved:cda3b449c9f43137,not-applicable,"",retained,（規則なし）,,
2021,revenue,132241:2021:revenue:approved:ce56078a25b79f14,not-applicable,"",retained,（規則なし）,,
2021,revenue,132241:2021:revenue:approved:cf285cb2625f1029,not-applicable,"",retained,（規則なし）,,
2021,revenue,132241:2021:revenue:approved:cffd0d5b9cd561fc,not-applicable,"",retained,（規則なし）,,
2021,revenue,132241:2021:revenue:approved:d0ce36288ddb9f1f,not-applicable,"",retained,（規則なし）,,
2021,revenue,132241:2021:revenue:approved:d1b3d2acd888d753,not-applicable,"",retained,（規則なし）,,
2021,revenue,132241:2021:revenue:approved:d20ae179665dbf06,not-applicable,"",retained,（規則なし）,,
2021,revenue,132241:2021:revenue:approved:d259dcfad8bf8917,not-applicable,"",retained,（規則なし）,,
2021,revenue,132241:2021:revenue:approved:d3418407a6eb7d80,not-applicable,"",retained,（規則なし）,,
2021,revenue,132241:2021:revenue:approved:d387b1e885dbe682,not-applicable,"",retained,（規則なし）,,
2021,revenue,132241:2021:revenue:approved:d3b56e5cca4dcf5f,not-applicable,"",retained,（規則なし）,,
2021,revenue,132241:2021:revenue:approved:d4260f466f0eed1f,not-applicable,"",retained,（規則なし）,,
2021,revenue,132241:2021:revenue:approved:d44b9aca59f2da8d,not-applicable,"",retained,（規則なし）,,
2021,revenue,132241:2021:revenue:approved:d44fe18c4903b9ae,not-applicable,"",retained,（規則なし）,,
2021,revenue,132241:2021:revenue:approved:d50267ed1c0678cc,not-applicable,"",retained,（規則なし）,,
2021,revenue,132241:2021:revenue:approved:d54c1b695446f0cc,not-applicable,"",retained,（規則なし）,,
2021,revenue,132241:2021:revenue:approved:d5d4c776d7872a42,not-applicable,"",retained,（規則なし）,,
2021,revenue,132241:2021:revenue:approved:d78d0fccde29e31c,not-applicable,"",retained,（規則なし）,,
2021,revenue,132241:2021:revenue:approved:d898aeb00ff8ff93,not-applicable,"",retained,（規則なし）,,
2021,revenue,132241:2021:revenue:approved:d8d808067ea59e08,not-applicable,"",retained,（規則なし）,,
2021,revenue,132241:2021:revenue:approved:d95649c9c8f40ff8,not-applicable,"",retained,（規則なし）,,
2021,revenue,132241:2021:revenue:approved:d986b1736dbaa006,not-applicable,"",retained,（規則なし）,,
2021,revenue,132241:2021:revenue:approved:d98a1cb63e99fb1b,not-applicable,"",retained,（規則なし）,,
2021,revenue,132241:2021:revenue:approved:da760c520ad830b4,not-applicable,"",retained,（規則なし）,,
2021,revenue,132241:2021:revenue:approved:da9bc4c86f12ad5b,not-applicable,"",retained,（規則なし）,,
2021,revenue,132241:2021:revenue:approved:db16a9576cde82bc,not-applicable,"",retained,（規則なし）,,
2021,revenue,132241:2021:revenue:approved:db8664c67b78bc37,not-applicable,"",retained,（規則なし）,,
2021,revenue,132241:2021:revenue:approved:dbc5b192bbc35c0c,not-applicable,"",retained,（規則なし）,,
2021,revenue,132241:2021:revenue:approved:dc3104261ccb18b2,not-applicable,"",retained,（規則なし）,,
2021,revenue,132241:2021:revenue:approved:dd6ed73c4f1c34ab,not-applicable,"",retained,（規則なし）,,
2021,revenue,132241:2021:revenue:approved:dd838cdaf9e73032,not-applicable,"",retained,（規則なし）,,
2021,revenue,132241:2021:revenue:approved:ddab59e4fe2e9ad0,not-applicable,"",retained,（規則なし）,,
2021,revenue,132241:2021:revenue:approved:ddee54ee3beaeca8,not-applicable,"",retained,（規則なし）,,
2021,revenue,132241:2021:revenue:approved:de42b08f606869b2,not-applicable,"",retained,（規則なし）,,
2021,revenue,132241:2021:revenue:approved:de5486ab3aa9e5fc,not-applicable,"",retained,（規則なし）,,
2021,revenue,132241:2021:revenue:approved:deca2a2268158408,not-applicable,"",retained,（規則なし）,,
2021,revenue,132241:2021:revenue:approved:df0856a010f9360d,not-applicable,"",retained,（規則なし）,,
2021,revenue,132241:2021:revenue:approved:df47847fe39db3ae,not-applicable,"",retained,（規則なし）,,
2021,revenue,132241:2021:revenue:approved:dfacea9fe68a61d7,not-applicable,"",retained,（規則なし）,,
2021,revenue,132241:2021:revenue:approved:e02cafdff7898396,not-applicable,"",retained,（規則なし）,,
2021,revenue,132241:2021:revenue:approved:e041a44df75478ff,not-applicable,"",retained,（規則なし）,,
2021,revenue,132241:2021:revenue:approved:e09aed574ba693c4,not-applicable,"",retained,（規則なし）,,
2021,revenue,132241:2021:revenue:approved:e0ac6f829ad3db97,not-applicable,"",retained,（規則なし）,,
2021,revenue,132241:2021:revenue:approved:e13abe1d73c8d6d1,not-applicable,"",retained,（規則なし）,,
2021,revenue,132241:2021:revenue:approved:e13fda6f3847bf79,not-applicable,"",retained,（規則なし）,,
2021,revenue,132241:2021:revenue:approved:e1423b2fed6faba6,not-applicable,"",retained,（規則なし）,,
2021,revenue,132241:2021:revenue:approved:e1ea2351c7d6efb5,not-applicable,"",retained,（規則なし）,,
2021,revenue,132241:2021:revenue:approved:e25e5040935d1482,not-applicable,"",retained,（規則なし）,,
2021,revenue,132241:2021:revenue:approved:e2c9266c0433f3f9,not-applicable,"",retained,（規則なし）,,
2021,revenue,132241:2021:revenue:approved:e307f749312c37f0,not-applicable,"",retained,（規則なし）,,
2021,revenue,132241:2021:revenue:approved:e323a9e6014c551f,not-applicable,"",retained,（規則なし）,,
2021,revenue,132241:2021:revenue:approved:e47bc287a8b6c117,not-applicable,"",retained,（規則なし）,,
2021,revenue,132241:2021:revenue:approved:e606f78c6f84bf2a,not-applicable,"",retained,（規則なし）,,
2021,revenue,132241:2021:revenue:approved:e67d332652bb9aa1,not-applicable,"",retained,（規則なし）,,
2021,revenue,132241:2021:revenue:approved:e69b060334ef4325,not-applicable,"",retained,（規則なし）,,
2021,revenue,132241:2021:revenue:approved:e6bc6ff68e655518,not-applicable,"",retained,（規則なし）,,
2021,revenue,132241:2021:revenue:approved:e71d7555a2d893f4,not-applicable,"",retained,（規則なし）,,
2021,revenue,132241:2021:revenue:approved:e7a0f55741b4ce15,not-applicable,"",retained,（規則なし）,,
2021,revenue,132241:2021:revenue:approved:e7bc819bd193ee6b,not-applicable,"",retained,（規則なし）,,
2021,revenue,132241:2021:revenue:approved:e7cd40c6458eb25f,not-applicable,"",retained,（規則なし）,,
2021,revenue,132241:2021:revenue:approved:e8a9980d010c2f6a,not-applicable,"",retained,（規則なし）,,
2021,revenue,132241:2021:revenue:approved:e8f5dd65ee90896c,not-applicable,"",retained,（規則なし）,,
2021,revenue,132241:2021:revenue:approved:e9015a7eacb29915,not-applicable,"",retained,（規則なし）,,
2021,revenue,132241:2021:revenue:approved:e90331bb8e31ab11,not-applicable,"",retained,（規則なし）,,
2021,revenue,132241:2021:revenue:approved:e905dc26783b192b,not-applicable,"",retained,（規則なし）,,
2021,revenue,132241:2021:revenue:approved:e98d2c35523a0811,not-applicable,"",retained,（規則なし）,,
2021,revenue,132241:2021:revenue:approved:eaaae96528ea7953,not-applicable,"",retained,（規則なし）,,
2021,revenue,132241:2021:revenue:approved:eaca552b3555241b,not-applicable,"",retained,（規則なし）,,
2021,revenue,132241:2021:revenue:approved:eb43931d3d8e92b4,not-applicable,"",retained,（規則なし）,,
2021,revenue,132241:2021:revenue:approved:eb95487059d63b51,not-applicable,"",retained,（規則なし）,,
2021,revenue,132241:2021:revenue:approved:ec21aa7e7a148120,not-applicable,"",retained,（規則なし）,,
2021,revenue,132241:2021:revenue:approved:ed0276671dbfd395,not-applicable,"",retained,（規則なし）,,
2021,revenue,132241:2021:revenue:approved:ed03b6e6d9f3251f,not-applicable,"",retained,（規則なし）,,
2021,revenue,132241:2021:revenue:approved:ed565a7b73692146,not-applicable,"",retained,（規則なし）,,
2021,revenue,132241:2021:revenue:approved:ed6dd439e956c1cb,not-applicable,"",retained,（規則なし）,,
2021,revenue,132241:2021:revenue:approved:edb9f12494d558ed,not-applicable,"",retained,（規則なし）,,
2021,revenue,132241:2021:revenue:approved:edfd3c98bfa9ed97,not-applicable,"",retained,（規則なし）,,
2021,revenue,132241:2021:revenue:approved:ee0abaff276c807e,not-applicable,"",retained,（規則なし）,,
2021,revenue,132241:2021:revenue:approved:ee4c8bff2d275a8e,not-applicable,"",retained,（規則なし）,,
2021,revenue,132241:2021:revenue:approved:eea9c7eae857a581,not-applicable,"",retained,（規則なし）,,
2021,revenue,132241:2021:revenue:approved:efe47ca7488e3263,not-applicable,"",retained,（規則なし）,,
2021,revenue,132241:2021:revenue:approved:eff45bfbe8d6926f,not-applicable,"",retained,（規則なし）,,
2021,revenue,132241:2021:revenue:approved:eff8f9c833cda47f,not-applicable,"",retained,（規則なし）,,
2021,revenue,132241:2021:revenue:approved:f0917c5d209ac6f4,not-applicable,"",retained,（規則なし）,,
2021,revenue,132241:2021:revenue:approved:f10d12b47a1ecc8d,not-applicable,"",retained,（規則なし）,,
2021,revenue,132241:2021:revenue:approved:f110fc6597d79b6f,not-applicable,"",retained,（規則なし）,,
2021,revenue,132241:2021:revenue:approved:f16d77d50f5e917f,not-applicable,"",retained,（規則なし）,,
2021,revenue,132241:2021:revenue:approved:f1a2dcd1584ffdc8,not-applicable,"",retained,（規則なし）,,
2021,revenue,132241:2021:revenue:approved:f1be4a0a6d6a96f1,not-applicable,"",retained,（規則なし）,,
2021,revenue,132241:2021:revenue:approved:f2034f01db735641,not-applicable,"",retained,（規則なし）,,
2021,revenue,132241:2021:revenue:approved:f22ddb6e554fce41,not-applicable,"",retained,（規則なし）,,
2021,revenue,132241:2021:revenue:approved:f2c93db4d945523a,not-applicable,"",retained,（規則なし）,,
2021,revenue,132241:2021:revenue:approved:f32a26e7497aa864,not-applicable,"",retained,（規則なし）,,
2021,revenue,132241:2021:revenue:approved:f43017955532e978,not-applicable,"",retained,（規則なし）,,
2021,revenue,132241:2021:revenue:approved:f4a9c949aec89483,not-applicable,"",retained,（規則なし）,,
2021,revenue,132241:2021:revenue:approved:f5603b5797dace7e,not-applicable,"",retained,（規則なし）,,
2021,revenue,132241:2021:revenue:approved:f635a576ce01e14c,not-applicable,"",retained,（規則なし）,,
2021,revenue,132241:2021:revenue:approved:f641c8ae6683e8fa,not-applicable,"",retained,（規則なし）,,
2021,revenue,132241:2021:revenue:approved:f65b8d2436518a76,not-applicable,"",retained,（規則なし）,,
2021,revenue,132241:2021:revenue:approved:f6df207c8632fdc3,not-applicable,"",retained,（規則なし）,,
2021,revenue,132241:2021:revenue:approved:f7f7cd3d5f841044,not-applicable,"",retained,（規則なし）,,
2021,revenue,132241:2021:revenue:approved:f80241e325f28a31,not-applicable,"",retained,（規則なし）,,
2021,revenue,132241:2021:revenue:approved:f8a962f772ee2ffd,not-applicable,"",retained,（規則なし）,,
2021,revenue,132241:2021:revenue:approved:f905adc967fda2e1,not-applicable,"",retained,（規則なし）,,
2021,revenue,132241:2021:revenue:approved:f94be8d9509aff45,not-applicable,"",retained,（規則なし）,,
2021,revenue,132241:2021:revenue:approved:f9bce465fa6c6874,not-applicable,"",retained,（規則なし）,,
2021,revenue,132241:2021:revenue:approved:f9c12c8eb39d7a8b,not-applicable,"",retained,（規則なし）,,
2021,revenue,132241:2021:revenue:approved:f9db3087322b182a,not-applicable,"",retained,（規則なし）,,
2021,revenue,132241:2021:revenue:approved:facbab44623c876e,not-applicable,"",retained,（規則なし）,,
2021,revenue,132241:2021:revenue:approved:fae8ca5aa28c22db,not-applicable,"",retained,（規則なし）,,
2021,revenue,132241:2021:revenue:approved:fb3ff90d6bf6eb1b,not-applicable,"",retained,（規則なし）,,
2021,revenue,132241:2021:revenue:approved:fca3365be3ba9efe,not-applicable,"",retained,（規則なし）,,
2021,revenue,132241:2021:revenue:approved:fcaa2d60caab18d9,not-applicable,"",retained,（規則なし）,,
2021,revenue,132241:2021:revenue:approved:fd38ff285a8e56a7,not-applicable,"",retained,（規則なし）,,
2021,revenue,132241:2021:revenue:approved:fd820090b74251a4,not-applicable,"",retained,（規則なし）,,
2021,revenue,132241:2021:revenue:approved:febd06997b74a0e0,not-applicable,"",retained,（規則なし）,,
2022,expenditure,132241:2022:expenditure:approved:001970b0dfc1f60a,assigned,10,retained,款,minsei,
2022,expenditure,132241:2022:expenditure:approved:007a95442b720e4b,assigned,08,retained,項,tama-hokentaiiku-other,
2022,expenditure,132241:2022:expenditure:approved:00ac7c4298ed6555,assigned,05,retained,項,tama-eisei-seiso,
2022,expenditure,132241:2022:expenditure:approved:00b0cb79438d5095,assigned,09,retained,項,tama-shakaikyoiku-other,
2022,expenditure,132241:2022:expenditure:approved:0144d264c3873fc2,assigned,09,retained,目,tama-hokentaiiku-kyushoku,
2022,expenditure,132241:2022:expenditure:approved:015d9420f1717967,assigned,01,retained,款,somu,
2022,expenditure,132241:2022:expenditure:approved:018397db03f0012b,assigned,04,retained,項,tama-nogyo,
2022,expenditure,132241:2022:expenditure:approved:0187f1993c84aae0,assigned,08,retained,項,tama-saigai-kouen,
2022,expenditure,132241:2022:expenditure:approved:01a1e5980721b1e1,assigned,01,retained,款,somu,
2022,expenditure,132241:2022:expenditure:approved:01a3958fb3a88c30,assigned,10,retained,款,minsei,
2022,expenditure,132241:2022:expenditure:approved:01d3e39c5e5b1e46,assigned,04,retained,項,tama-doboku-kanri,
2022,expenditure,132241:2022:expenditure:approved:022a8dc3c6ae71c4,assigned,01,retained,款,somu,
2022,expenditure,132241:2022:expenditure:approved:02495cffe86173fd,assigned,01,retained,款,somu,
2022,expenditure,132241:2022:expenditure:approved:025dd3a32c69ca1d,assigned,04,retained,款,shoko,
2022,expenditure,132241:2022:expenditure:approved:02768e13bd373a4f,assigned,10,retained,款,minsei,
2022,expenditure,132241:2022:expenditure:approved:027fc81a9cc24315,assigned,08,retained,項,tama-hokentaiiku-other,
2022,expenditure,132241:2022:expenditure:approved:02b01544ab7ef37d,assigned,01,retained,款,somu,
2022,expenditure,132241:2022:expenditure:approved:02dd51cad025bebc,assigned,01,retained,款,somu,
2022,expenditure,132241:2022:expenditure:approved:02eec5a937aad5a3,assigned,06,retained,項,tama-doboku-jutaku,
2022,expenditure,132241:2022:expenditure:approved:02f7f9fe214ed44f,assigned,09,retained,項,tama-kyoiku-gakko,
2022,expenditure,132241:2022:expenditure:approved:031b6ad1b8ea3b01,assigned,04,retained,項,tama-doboku-doro,
2022,expenditure,132241:2022:expenditure:approved:0321ab52ac6a5073,assigned,06,retained,項,tama-toshikeikaku-other,
2022,expenditure,132241:2022:expenditure:approved:03532a141c90939f,assigned,10,retained,款,minsei,
2022,expenditure,132241:2022:expenditure:approved:03af2970cf0d8a21,assigned,01,retained,款,somu,
2022,expenditure,132241:2022:expenditure:approved:0405b8dc5e91728b,assigned,08,retained,目,tama-shakaikyoiku-toshokan,
2022,expenditure,132241:2022:expenditure:approved:047897f2da448b58,assigned,07,retained,項,tama-eisei-hoken,
2022,expenditure,132241:2022:expenditure:approved:048a0ff1234baab7,assigned,09,retained,項,tama-kyoiku-gakko,
2022,expenditure,132241:2022:expenditure:approved:04c26dfb211007fc,assigned,01,retained,款,somu,
2022,expenditure,132241:2022:expenditure:approved:050795c074496e4b,assigned,08,retained,項,tama-hokentaiiku-other,
2022,expenditure,132241:2022:expenditure:approved:0516c98c6e3054e1,assigned,03,retained,款,shobo,
2022,expenditure,132241:2022:expenditure:approved:054e63b49a68d69a,assigned,08,retained,目,tama-shakaikyoiku-toshokan,
2022,expenditure,132241:2022:expenditure:approved:055977afaeb57ec1,assigned,01,retained,款,somu,
2022,expenditure,132241:2022:expenditure:approved:0569f3a0dfd54b24,assigned,09,retained,項,tama-kyoiku-gakko,
2022,expenditure,132241:2022:expenditure:approved:058f8e74a14ef0f8,assigned,08,retained,目,tama-shakaikyoiku-toshokan,
2022,expenditure,132241:2022:expenditure:approved:0595a6d574c2e416,assigned,08,retained,項,tama-hokentaiiku-other,
2022,expenditure,132241:2022:expenditure:approved:0671042a93de497c,assigned,09,retained,項,tama-kyoiku-gakko,
2022,expenditure,132241:2022:expenditure:approved:06999f8f3a7eadcf,assigned,07,retained,項,tama-eisei-hoken,
2022,expenditure,132241:2022:expenditure:approved:06cffedeb6d6cc45,assigned,09,retained,項,tama-shakaikyoiku-other,
2022,expenditure,132241:2022:expenditure:approved:06f0a3f877398f53,assigned,01,retained,款,somu,
2022,expenditure,132241:2022:expenditure:approved:0707fec8d85a29e4,assigned,09,retained,項,tama-shakaikyoiku-other,
2022,expenditure,132241:2022:expenditure:approved:07452c275ec4f446,assigned,01,retained,款,somu,
2022,expenditure,132241:2022:expenditure:approved:0747bd9e4d4b5d8e,assigned,01,retained,款,somu,
2022,expenditure,132241:2022:expenditure:approved:0795ce38e483f40d,assigned,09,retained,項,tama-kyoiku-gakko,
2022,expenditure,132241:2022:expenditure:approved:07bda87140adbaf5,assigned,10,retained,款,minsei,
2022,expenditure,132241:2022:expenditure:approved:07f161b1eba17dbf,assigned,04,retained,項,tama-doboku-doro,
2022,expenditure,132241:2022:expenditure:approved:07f6dbddc3122079,assigned,10,retained,款,minsei,
2022,expenditure,132241:2022:expenditure:approved:08fa2e4224d431da,assigned,07,retained,項,tama-eisei-hoken,
2022,expenditure,132241:2022:expenditure:approved:094de7c04668b86d,unclassifiable,"",retained,款,contingency,
2022,expenditure,132241:2022:expenditure:approved:0966f473d9e3af4d,assigned,01,retained,款,somu,
2022,expenditure,132241:2022:expenditure:approved:09a90f6dc47e82d9,assigned,01,retained,款,somu,
2022,expenditure,132241:2022:expenditure:approved:0a374a615e689808,assigned,05,retained,項,tama-eisei-seiso,
2022,expenditure,132241:2022:expenditure:approved:0a4f3bba99bcad16,assigned,10,retained,款,minsei,
2022,expenditure,132241:2022:expenditure:approved:0a98d7424cbcb90c,assigned,01,retained,款,somu,
2022,expenditure,132241:2022:expenditure:approved:0a9b49352e948925,unclassifiable,"",retained,項,tama-saigai-other,
2022,expenditure,132241:2022:expenditure:approved:0aa8663a21e11c77,assigned,01,retained,款,somu,
2022,expenditure,132241:2022:expenditure:approved:0acb8a603cc17e7b,assigned,01,retained,款,somu,
2022,expenditure,132241:2022:expenditure:approved:0ae0199d8d925caf,assigned,08,retained,項,tama-hokentaiiku-other,
2022,expenditure,132241:2022:expenditure:approved:0af6a1701a2b3c68,assigned,10,retained,款,minsei,
2022,expenditure,132241:2022:expenditure:approved:0b44a7a6b8bebbdf,assigned,04,retained,款,shoko,
2022,expenditure,132241:2022:expenditure:approved:0b9af7cf793cea95,assigned,09,retained,項,tama-kyoiku-gakko,
2022,expenditure,132241:2022:expenditure:approved:0bb7928f9bcdc353,assigned,01,retained,款,somu,
2022,expenditure,132241:2022:expenditure:approved:0bc1dc10e1f1bb9b,assigned,06,retained,項,tama-toshikeikaku-other,
2022,expenditure,132241:2022:expenditure:approved:0bc4426a3f9585be,assigned,01,retained,目,debt-interest,
2022,expenditure,132241:2022:expenditure:approved:0bc4fa15d2bfa5a8,assigned,10,retained,款,minsei,
2022,expenditure,132241:2022:expenditure:approved:0c4bcfca04d376eb,assigned,01,retained,款,somu,
2022,expenditure,132241:2022:expenditure:approved:0c7124a7a33af807,assigned,10,retained,款,minsei,
2022,expenditure,132241:2022:expenditure:approved:0c77b5e013d9e386,assigned,09,retained,項,tama-kyoiku-gakko,
2022,expenditure,132241:2022:expenditure:approved:0cb2f348a778bc65,assigned,04,retained,項,tama-doboku-kanri,
2022,expenditure,132241:2022:expenditure:approved:0d4bb639c7d6af35,assigned,04,retained,款,rodo,
2022,expenditure,132241:2022:expenditure:approved:0d83c4eb678d918c,assigned,01,retained,款,somu,
2022,expenditure,132241:2022:expenditure:approved:0d88911f62544d7a,assigned,01,retained,款,somu,
2022,expenditure,132241:2022:expenditure:approved:0dd188ac213470ca,assigned,09,retained,項,tama-kyoiku-gakko,
2022,expenditure,132241:2022:expenditure:approved:0e621bf2a225a1c8,assigned,10,retained,款,minsei,
2022,expenditure,132241:2022:expenditure:approved:0e9041896bd260f7,assigned,09,retained,項,tama-shakaikyoiku-other,
2022,expenditure,132241:2022:expenditure:approved:0e9aa29db977eac7,assigned,05,retained,項,tama-eisei-seiso,
2022,expenditure,132241:2022:expenditure:approved:0eab1911ae635e25,assigned,04,retained,項,tama-doboku-doro,
2022,expenditure,132241:2022:expenditure:approved:0ed6c0ecaa1ddef6,assigned,04,retained,款,shoko,
2022,expenditure,132241:2022:expenditure:approved:0f0b33c89181e8dd,assigned,09,retained,項,tama-shakaikyoiku-other,
2022,expenditure,132241:2022:expenditure:approved:0f234125ddb9b4ca,assigned,04,retained,項,tama-nogyo,
2022,expenditure,132241:2022:expenditure:approved:0f453b013451cfbd,assigned,10,retained,款,minsei,
2022,expenditure,132241:2022:expenditure:approved:0f48ee206af79f8e,assigned,01,retained,款,somu,
2022,expenditure,132241:2022:expenditure:approved:0f647a0a61871c37,assigned,10,retained,款,minsei,
2022,expenditure,132241:2022:expenditure:approved:103f295de8e0eab0,assigned,07,retained,項,tama-eisei-hoken,
2022,expenditure,132241:2022:expenditure:approved:104e187408380885,assigned,01,retained,款,somu,
2022,expenditure,132241:2022:expenditure:approved:1072e8fd3047bf88,assigned,01,retained,款,somu,
2022,expenditure,132241:2022:expenditure:approved:113b5f6dbb8ae96d,assigned,09,retained,項,tama-kyoiku-gakko,
2022,expenditure,132241:2022:expenditure:approved:117f8b2b35e43506,assigned,06,retained,項,tama-toshikeikaku-other,
2022,expenditure,132241:2022:expenditure:approved:11969cfaddb9cec9,assigned,01,retained,款,somu,
2022,expenditure,132241:2022:expenditure:approved:11d7a17034d90126,assigned,01,retained,款,somu,
2022,expenditure,132241:2022:expenditure:approved:11f4bf180661dd99,assigned,09,retained,項,tama-kyoiku-gakko,
2022,expenditure,132241:2022:expenditure:approved:12060c9993d50044,assigned,09,retained,項,tama-shakaikyoiku-other,
2022,expenditure,132241:2022:expenditure:approved:1233ef712881b094,assigned,01,retained,款,somu,
2022,expenditure,132241:2022:expenditure:approved:123751fd29367443,assigned,01,retained,款,somu,
2022,expenditure,132241:2022:expenditure:approved:1245af120145f236,assigned,01,retained,款,somu,
2022,expenditure,132241:2022:expenditure:approved:1256893c7b11f9fa,assigned,10,retained,款,minsei,
2022,expenditure,132241:2022:expenditure:approved:125948f21b3a3c9d,assigned,09,retained,項,tama-kyoiku-gakko,
2022,expenditure,132241:2022:expenditure:approved:126ae3ad5ae4bd34,assigned,10,retained,款,minsei,
2022,expenditure,132241:2022:expenditure:approved:127e36c099cf2e0a,assigned,09,retained,項,tama-kyoiku-gakko,
2022,expenditure,132241:2022:expenditure:approved:12b51257a8fd8504,assigned,09,retained,項,tama-kyoiku-gakko,
2022,expenditure,132241:2022:expenditure:approved:12ce64888107d730,assigned,01,retained,款,somu,
2022,expenditure,132241:2022:expenditure:approved:12def7c8bc0a2b9e,assigned,09,retained,項,tama-kyoiku-gakko,
2022,expenditure,132241:2022:expenditure:approved:13411a679d0bfd57,assigned,06,retained,項,tama-doboku-jutaku,
2022,expenditure,132241:2022:expenditure:approved:13663a23d50c3fad,assigned,04,retained,款,shoko,
2022,expenditure,132241:2022:expenditure:approved:1381c5f3fa81628e,assigned,04,retained,款,shoko,
2022,expenditure,132241:2022:expenditure:approved:139fc28f81ce7d8c,assigned,01,retained,款,somu,
2022,expenditure,132241:2022:expenditure:approved:13b7fd6c2d6a1416,assigned,10,retained,款,minsei,
2022,expenditure,132241:2022:expenditure:approved:13da0fc3fcd4af32,assigned,09,retained,項,tama-shakaikyoiku-other,
2022,expenditure,132241:2022:expenditure:approved:140f65bfe49cdcf5,assigned,01,retained,款,somu,
2022,expenditure,132241:2022:expenditure:approved:142054e4b899925e,assigned,01,retained,款,somu,
2022,expenditure,132241:2022:expenditure:approved:14367ac9ab9ab2ef,assigned,03,retained,款,shobo,
2022,expenditure,132241:2022:expenditure:approved:145560dad3f18a32,assigned,09,retained,項,tama-kyoiku-gakko,
2022,expenditure,132241:2022:expenditure:approved:1456ccdfba1fd0a4,assigned,01,retained,款,somu,
2022,expenditure,132241:2022:expenditure:approved:14b934a5c66bf615,assigned,09,retained,項,tama-kyoiku-gakko,
2022,expenditure,132241:2022:expenditure:approved:14d3849d7b3edac3,assigned,04,retained,項,tama-nogyo,
2022,expenditure,132241:2022:expenditure:approved:14d9fae778738a4b,assigned,01,retained,款,somu,
2022,expenditure,132241:2022:expenditure:approved:154360d8910f329e,assigned,07,retained,項,tama-eisei-hoken,
2022,expenditure,132241:2022:expenditure:approved:1546661f59cc3763,assigned,01,retained,款,somu,
2022,expenditure,132241:2022:expenditure:approved:157dd51ca3e54d67,assigned,10,retained,款,minsei,
2022,expenditure,132241:2022:expenditure:approved:15d5ed21f76cbcd4,assigned,10,retained,款,minsei,
2022,expenditure,132241:2022:expenditure:approved:16bdc92f17b53815,assigned,10,retained,款,minsei,
2022,expenditure,132241:2022:expenditure:approved:16c787b8823440ca,assigned,01,retained,款,somu,
2022,expenditure,132241:2022:expenditure:approved:16e00b33d6a0e026,assigned,05,retained,項,tama-eisei-seiso,
2022,expenditure,132241:2022:expenditure:approved:16f0b1857c8aad70,assigned,05,retained,項,tama-eisei-seiso,
2022,expenditure,132241:2022:expenditure:approved:173c92d1f4b13f29,assigned,05,retained,項,tama-eisei-seiso,
2022,expenditure,132241:2022:expenditure:approved:174f4e689ca260de,assigned,09,retained,項,tama-kyoiku-gakko,
2022,expenditure,132241:2022:expenditure:approved:1785db5288dbc3ee,assigned,01,retained,款,somu,
2022,expenditure,132241:2022:expenditure:approved:179eaa0b1bc2f090,assigned,10,retained,款,minsei,
2022,expenditure,132241:2022:expenditure:approved:17b67313f484e206,assigned,09,retained,項,tama-kyoiku-gakko,
2022,expenditure,132241:2022:expenditure:approved:17b9e0f6ff8ec4fa,assigned,04,retained,項,tama-doboku-doro,
2022,expenditure,132241:2022:expenditure:approved:17c24328a4006baf,assigned,09,retained,項,tama-kyoiku-gakko,
2022,expenditure,132241:2022:expenditure:approved:17f60b0fd114007a,assigned,04,retained,項,tama-doboku-doro,
2022,expenditure,132241:2022:expenditure:approved:183137e2db3bf2f1,assigned,10,retained,款,minsei,
2022,expenditure,132241:2022:expenditure:approved:187937a6b563cf65,assigned,10,retained,款,minsei,
2022,expenditure,132241:2022:expenditure:approved:188b82861bcd39bf,assigned,10,retained,款,minsei,
2022,expenditure,132241:2022:expenditure:approved:18c5ec35bc846f21,assigned,10,retained,款,minsei,
2022,expenditure,132241:2022:expenditure:approved:19071178cef6de2b,assigned,10,retained,款,minsei,
2022,expenditure,132241:2022:expenditure:approved:198ca6fefebd5e61,assigned,09,retained,項,tama-kyoiku-gakko,
2022,expenditure,132241:2022:expenditure:approved:19fc44c9e848d99c,assigned,09,retained,項,tama-shakaikyoiku-other,
2022,expenditure,132241:2022:expenditure:approved:1a17ec3cac43878f,assigned,01,retained,款,somu,
2022,expenditure,132241:2022:expenditure:approved:1a24151a53b634ed,assigned,03,retained,款,shobo,
2022,expenditure,132241:2022:expenditure:approved:1a3335b5d49d35ca,assigned,04,retained,項,tama-doboku-kanri,
2022,expenditure,132241:2022:expenditure:approved:1a64e026d83b667b,assigned,09,retained,項,tama-kyoiku-gakko,
2022,expenditure,132241:2022:expenditure:approved:1a89f095422a3597,assigned,01,retained,款,somu,
2022,expenditure,132241:2022:expenditure:approved:1a9a480d52f3e5ae,assigned,10,retained,款,minsei,
2022,expenditure,132241:2022:expenditure:approved:1a9a93e451c2c8ef,assigned,01,retained,款,somu,
2022,expenditure,132241:2022:expenditure:approved:1af36c8d3fddd130,assigned,09,retained,項,tama-kyoiku-gakko,
2022,expenditure,132241:2022:expenditure:approved:1b079233cdf57909,assigned,10,retained,款,minsei,
2022,expenditure,132241:2022:expenditure:approved:1b0faa3624366ae5,assigned,09,retained,項,tama-shakaikyoiku-other,
2022,expenditure,132241:2022:expenditure:approved:1b2026777e750e66,assigned,01,retained,款,somu,
2022,expenditure,132241:2022:expenditure:approved:1b8a202288944356,assigned,07,retained,項,tama-eisei-hoken,
2022,expenditure,132241:2022:expenditure:approved:1b8e7c4f60dc12a7,assigned,09,retained,項,tama-kyoiku-gakko,
2022,expenditure,132241:2022:expenditure:approved:1ba0fe476a34dc7d,assigned,07,retained,項,tama-eisei-hoken,
2022,expenditure,132241:2022:expenditure:approved:1baec2be5e36311a,assigned,04,retained,項,tama-doboku-doro,
2022,expenditure,132241:2022:expenditure:approved:1bdf61edc4f1e373,assigned,04,retained,款,shoko,
2022,expenditure,132241:2022:expenditure:approved:1c2501b0b7975acb,assigned,10,retained,款,minsei,
2022,expenditure,132241:2022:expenditure:approved:1c72d238d2cd82ad,assigned,01,retained,款,somu,
2022,expenditure,132241:2022:expenditure:approved:1cf79fc849849b08,assigned,01,retained,款,somu,
2022,expenditure,132241:2022:expenditure:approved:1d10357ce40d05fb,assigned,01,retained,款,somu,
2022,expenditure,132241:2022:expenditure:approved:1d7f45d0186dddae,assigned,10,retained,款,minsei,
2022,expenditure,132241:2022:expenditure:approved:1db949f822aa515c,assigned,10,retained,款,minsei,
2022,expenditure,132241:2022:expenditure:approved:1de4c9f91b74b824,assigned,09,retained,項,tama-kyoiku-gakko,
2022,expenditure,132241:2022:expenditure:approved:1e3dbd130834a994,assigned,10,retained,款,minsei,
2022,expenditure,132241:2022:expenditure:approved:1e6ed3d20fd21c5d,out-of-scope,"",retained,節,fund-accumulation,
2022,expenditure,132241:2022:expenditure:approved:1ea9da6d40793d94,assigned,10,retained,款,minsei,
2022,expenditure,132241:2022:expenditure:approved:1ed127415357ec2d,assigned,04,retained,款,shoko,
2022,expenditure,132241:2022:expenditure:approved:1ee90ab50544cf04,assigned,07,retained,項,tama-eisei-hoken,
2022,expenditure,132241:2022:expenditure:approved:1f38223dab92f4a0,assigned,01,retained,款,somu,
2022,expenditure,132241:2022:expenditure:approved:1f6f6d5e6bbc0b5c,assigned,10,retained,款,minsei,
2022,expenditure,132241:2022:expenditure:approved:1f81c135ec6013a9,assigned,01,retained,款,somu,
2022,expenditure,132241:2022:expenditure:approved:1f99ada7c367dcfd,assigned,01,retained,款,somu,
2022,expenditure,132241:2022:expenditure:approved:1fd05bfb557c198d,assigned,09,retained,項,tama-kyoiku-gakko,
2022,expenditure,132241:2022:expenditure:approved:2019b8af2f163f7b,assigned,10,retained,款,minsei,
2022,expenditure,132241:2022:expenditure:approved:20214a007a6b1be5,assigned,01,retained,款,somu,
2022,expenditure,132241:2022:expenditure:approved:2041a6b3a0bc48fc,assigned,09,retained,項,tama-kyoiku-gakko,
2022,expenditure,132241:2022:expenditure:approved:2078e4d008f7de11,assigned,08,retained,目,tama-shakaikyoiku-toshokan,
2022,expenditure,132241:2022:expenditure:approved:2081ea77e1dced8f,assigned,06,retained,項,tama-toshikeikaku-other,
2022,expenditure,132241:2022:expenditure:approved:209d0e76d8051f66,assigned,09,retained,項,tama-kyoiku-gakko,
2022,expenditure,132241:2022:expenditure:approved:20e4a4651673b710,assigned,03,retained,款,shobo,
2022,expenditure,132241:2022:expenditure:approved:20ee692d5f48ea47,assigned,10,retained,款,minsei,
2022,expenditure,132241:2022:expenditure:approved:212b76c88053a447,assigned,10,retained,款,minsei,
2022,expenditure,132241:2022:expenditure:approved:214f4cec10098935,assigned,01,retained,款,gikai,
2022,expenditure,132241:2022:expenditure:approved:2170346344740359,assigned,09,retained,項,tama-kyoiku-gakko,
2022,expenditure,132241:2022:expenditure:approved:217e0129da4c8b38,assigned,05,retained,項,tama-eisei-seiso,
2022,expenditure,132241:2022:expenditure:approved:217e70f57b4970ee,assigned,09,retained,目,tama-hokentaiiku-kyushoku,
2022,expenditure,132241:2022:expenditure:approved:2189e56a1cb3a9a6,assigned,04,retained,項,tama-doboku-kanri,
2022,expenditure,132241:2022:expenditure:approved:218e1ffebcd26406,assigned,10,retained,款,minsei,
2022,expenditure,132241:2022:expenditure:approved:21a91e6fb728c12d,assigned,09,retained,項,tama-kyoiku-gakko,
2022,expenditure,132241:2022:expenditure:approved:21bb2a5486b38362,assigned,03,retained,款,shobo,
2022,expenditure,132241:2022:expenditure:approved:21c7d9127c5f7a28,assigned,08,retained,目,tama-toshikeikaku-kouen,
2022,expenditure,132241:2022:expenditure:approved:22251acf64a97331,assigned,09,retained,項,tama-kyoiku-gakko,
2022,expenditure,132241:2022:expenditure:approved:224ce02ed3d6fa4f,assigned,10,retained,款,minsei,
2022,expenditure,132241:2022:expenditure:approved:225ba3b3db2a9332,assigned,01,retained,款,somu,
2022,expenditure,132241:2022:expenditure:approved:226379558f707ec8,assigned,04,retained,項,tama-doboku-kanri,
2022,expenditure,132241:2022:expenditure:approved:2283b7660875e4d8,assigned,05,retained,項,tama-eisei-seiso,
2022,expenditure,132241:2022:expenditure:approved:22a2fdc709b354f8,assigned,08,retained,項,tama-hokentaiiku-other,
2022,expenditure,132241:2022:expenditure:approved:22ac6557fc84c341,assigned,06,retained,項,tama-toshikeikaku-other,
2022,expenditure,132241:2022:expenditure:approved:22c577c4bc53bc54,assigned,09,retained,項,tama-shakaikyoiku-other,
2022,expenditure,132241:2022:expenditure:approved:231b84ec84a02489,assigned,10,retained,款,minsei,
2022,expenditure,132241:2022:expenditure:approved:239e657a28f1f93e,assigned,05,retained,項,tama-eisei-seiso,
2022,expenditure,132241:2022:expenditure:approved:23cca0c980530b48,assigned,10,retained,款,minsei,
2022,expenditure,132241:2022:expenditure:approved:23fab26d6a385234,assigned,08,retained,項,tama-hokentaiiku-other,
2022,expenditure,132241:2022:expenditure:approved:2407bd60eabf9df6,assigned,07,retained,項,tama-eisei-hoken,
2022,expenditure,132241:2022:expenditure:approved:241fe62be2f1c238,assigned,04,retained,項,tama-doboku-kanri,
2022,expenditure,132241:2022:expenditure:approved:248668dd59eda853,assigned,01,retained,款,somu,
2022,expenditure,132241:2022:expenditure:approved:24be5f3a6db43cd6,assigned,10,retained,款,minsei,
2022,expenditure,132241:2022:expenditure:approved:24ed164dc45312fe,assigned,10,retained,款,minsei,
2022,expenditure,132241:2022:expenditure:approved:2500f7078c9aa61d,assigned,04,retained,項,tama-doboku-kanri,
2022,expenditure,132241:2022:expenditure:approved:253e629559b047dd,assigned,10,retained,款,minsei,
2022,expenditure,132241:2022:expenditure:approved:255b932f4266be22,assigned,04,retained,項,tama-nogyo,
2022,expenditure,132241:2022:expenditure:approved:2585b23df6bea7ab,assigned,01,retained,款,somu,
2022,expenditure,132241:2022:expenditure:approved:25b556eb0ab6c48d,assigned,10,retained,款,minsei,
2022,expenditure,132241:2022:expenditure:approved:25c7b7d70f35c414,assigned,04,retained,款,shoko,
2022,expenditure,132241:2022:expenditure:approved:264240045cb94f5d,assigned,09,retained,項,tama-shakaikyoiku-other,
2022,expenditure,132241:2022:expenditure:approved:266b35d64a44085b,assigned,01,retained,款,somu,
2022,expenditure,132241:2022:expenditure:approved:26861f9eec918030,assigned,01,retained,款,somu,
2022,expenditure,132241:2022:expenditure:approved:269db05b751cb45f,assigned,09,retained,項,tama-shakaikyoiku-other,
2022,expenditure,132241:2022:expenditure:approved:26bb957753c9852b,assigned,04,retained,項,tama-nogyo,
2022,expenditure,132241:2022:expenditure:approved:26c0313a1119cef8,assigned,01,retained,款,somu,
2022,expenditure,132241:2022:expenditure:approved:26cc29c58cb6d3c8,assigned,05,retained,項,tama-eisei-seiso,
2022,expenditure,132241:2022:expenditure:approved:26f5a71f58b0a5b0,assigned,03,retained,款,shobo,
2022,expenditure,132241:2022:expenditure:approved:2745124406f6a5fe,assigned,04,retained,項,tama-doboku-doro,
2022,expenditure,132241:2022:expenditure:approved:277d2f2e92b4ba07,assigned,09,retained,項,tama-kyoiku-gakko,
2022,expenditure,132241:2022:expenditure:approved:27feec365922be98,assigned,10,retained,款,minsei,
2022,expenditure,132241:2022:expenditure:approved:28209fc9e3246c88,assigned,01,retained,款,somu,
2022,expenditure,132241:2022:expenditure:approved:2826bf818f651cbc,assigned,01,retained,款,somu,
2022,expenditure,132241:2022:expenditure:approved:282c8b43dce0ad5a,assigned,08,retained,目,tama-shakaikyoiku-toshokan,
2022,expenditure,132241:2022:expenditure:approved:283cafba27acacd0,assigned,10,retained,款,minsei,
2022,expenditure,132241:2022:expenditure:approved:28840d9642074a96,assigned,09,retained,項,tama-kyoiku-gakko,
2022,expenditure,132241:2022:expenditure:approved:28846c4b7343482e,assigned,08,retained,項,tama-hokentaiiku-other,
2022,expenditure,132241:2022:expenditure:approved:28e6d798e505d5dc,assigned,06,retained,項,tama-toshikeikaku-other,
2022,expenditure,132241:2022:expenditure:approved:2919fdba35a380d6,assigned,01,retained,款,somu,
2022,expenditure,132241:2022:expenditure:approved:2928ac0c0138d2e7,assigned,04,retained,款,shoko,
2022,expenditure,132241:2022:expenditure:approved:2990914a30e774fe,assigned,01,retained,款,somu,
2022,expenditure,132241:2022:expenditure:approved:29d83d3c27bae92e,assigned,10,retained,款,minsei,
2022,expenditure,132241:2022:expenditure:approved:2a049d9e1ca22493,assigned,10,retained,款,minsei,
2022,expenditure,132241:2022:expenditure:approved:2a215a98459019b2,assigned,01,retained,款,somu,
2022,expenditure,132241:2022:expenditure:approved:2a2d0e4a568773f8,assigned,09,retained,項,tama-shakaikyoiku-other,
2022,expenditure,132241:2022:expenditure:approved:2a77d4b93ff44732,assigned,10,retained,款,minsei,
2022,expenditure,132241:2022:expenditure:approved:2aaaa8382cbc7d38,assigned,07,retained,項,tama-eisei-hoken,
2022,expenditure,132241:2022:expenditure:approved:2ac1a086faab1f5b,assigned,09,retained,項,tama-shakaikyoiku-other,
2022,expenditure,132241:2022:expenditure:approved:2af4f33bad479aea,assigned,01,retained,款,somu,
2022,expenditure,132241:2022:expenditure:approved:2b6e60160406cf5e,assigned,09,retained,項,tama-kyoiku-gakko,
2022,expenditure,132241:2022:expenditure:approved:2b70b880b42d14fb,assigned,01,retained,款,somu,
2022,expenditure,132241:2022:expenditure:approved:2bf369bf2f19c670,assigned,07,retained,項,tama-eisei-hoken,
2022,expenditure,132241:2022:expenditure:approved:2c22d88972ffaa67,assigned,09,retained,項,tama-kyoiku-gakko,
2022,expenditure,132241:2022:expenditure:approved:2c27db1290b50b00,assigned,10,retained,款,minsei,
2022,expenditure,132241:2022:expenditure:approved:2c31a577dded971b,assigned,08,retained,項,tama-hokentaiiku-other,
2022,expenditure,132241:2022:expenditure:approved:2c3e39c801e0d0a0,assigned,01,retained,款,somu,
2022,expenditure,132241:2022:expenditure:approved:2c3f736836959cf5,assigned,07,retained,項,tama-eisei-hoken,
2022,expenditure,132241:2022:expenditure:approved:2cada9efa7d1fd86,assigned,10,retained,款,minsei,
2022,expenditure,132241:2022:expenditure:approved:2cadbd334cfab721,assigned,07,retained,項,tama-eisei-hoken,
2022,expenditure,132241:2022:expenditure:approved:2ce0c7dcf5a4e901,assigned,01,retained,款,somu,
2022,expenditure,132241:2022:expenditure:approved:2d1091ae4ff11d23,assigned,06,retained,項,tama-toshikeikaku-other,
2022,expenditure,132241:2022:expenditure:approved:2d31339eed0c0a3c,assigned,10,retained,款,minsei,
2022,expenditure,132241:2022:expenditure:approved:2d778b454dcac774,assigned,03,retained,款,shobo,
2022,expenditure,132241:2022:expenditure:approved:2d98fbfdcc615591,assigned,09,retained,項,tama-kyoiku-gakko,
2022,expenditure,132241:2022:expenditure:approved:2dc324d217bb01a1,assigned,01,retained,款,somu,
2022,expenditure,132241:2022:expenditure:approved:2df4c3b07f7ca22e,assigned,08,retained,目,tama-shakaikyoiku-toshokan,
2022,expenditure,132241:2022:expenditure:approved:2ed200ca642c7dfe,assigned,08,retained,目,tama-shakaikyoiku-toshokan,
2022,expenditure,132241:2022:expenditure:approved:2eda013eb65eed25,assigned,01,retained,款,somu,
2022,expenditure,132241:2022:expenditure:approved:2f085f9c6ecf5553,assigned,09,retained,項,tama-shakaikyoiku-other,
2022,expenditure,132241:2022:expenditure:approved:2f4b1deb4cf86ff0,assigned,10,retained,款,minsei,
2022,expenditure,132241:2022:expenditure:approved:2f4c00dd405f2fd4,assigned,01,retained,款,somu,
2022,expenditure,132241:2022:expenditure:approved:2f4c31cc9c3ea6f8,assigned,09,retained,項,tama-kyoiku-gakko,
2022,expenditure,132241:2022:expenditure:approved:2f9e5873adbe5cea,assigned,01,retained,款,somu,
2022,expenditure,132241:2022:expenditure:approved:2fcb441587de7978,assigned,01,retained,款,somu,
2022,expenditure,132241:2022:expenditure:approved:300af285aedf8df3,assigned,10,retained,款,minsei,
2022,expenditure,132241:2022:expenditure:approved:3053083fb293b2f7,assigned,01,retained,款,somu,
2022,expenditure,132241:2022:expenditure:approved:307fde23352dcdb9,out-of-scope,"",retained,目,debt-principal,
2022,expenditure,132241:2022:expenditure:approved:309096e55f3680f4,assigned,07,retained,項,tama-eisei-hoken,
2022,expenditure,132241:2022:expenditure:approved:30bb7d46cd74375c,assigned,01,retained,款,somu,
2022,expenditure,132241:2022:expenditure:approved:30bbd67fa543e7fb,assigned,01,retained,款,somu,
2022,expenditure,132241:2022:expenditure:approved:30d145afce6facce,assigned,04,retained,項,tama-nogyo,
2022,expenditure,132241:2022:expenditure:approved:3167742e8708332c,assigned,09,retained,項,tama-shakaikyoiku-other,
2022,expenditure,132241:2022:expenditure:approved:319cbae5a9d6dd52,assigned,01,retained,款,somu,
2022,expenditure,132241:2022:expenditure:approved:31e7a35bfe1a012e,assigned,09,retained,項,tama-shakaikyoiku-other,
2022,expenditure,132241:2022:expenditure:approved:3231e26abf877e1a,assigned,01,retained,款,somu,
2022,expenditure,132241:2022:expenditure:approved:323f12ffb030025d,assigned,09,retained,項,tama-shakaikyoiku-other,
2022,expenditure,132241:2022:expenditure:approved:3245a9c4a98b3d62,assigned,04,retained,款,shoko,
2022,expenditure,132241:2022:expenditure:approved:32827f43f82ea61a,assigned,01,retained,款,somu,
2022,expenditure,132241:2022:expenditure:approved:32b39cf4027a0e41,assigned,10,retained,款,minsei,
2022,expenditure,132241:2022:expenditure:approved:331cd8a5174fc90e,assigned,10,retained,款,minsei,
2022,expenditure,132241:2022:expenditure:approved:3335d110fc5df751,assigned,09,retained,項,tama-shakaikyoiku-other,
2022,expenditure,132241:2022:expenditure:approved:3384893e47cc0a30,assigned,01,retained,款,somu,
2022,expenditure,132241:2022:expenditure:approved:33ab8af63f5a39ed,assigned,10,retained,款,minsei,
2022,expenditure,132241:2022:expenditure:approved:33acbc07e7ce2ec5,assigned,05,retained,項,tama-eisei-seiso,
2022,expenditure,132241:2022:expenditure:approved:33ae0149812fa337,assigned,10,retained,款,minsei,
2022,expenditure,132241:2022:expenditure:approved:33bf229d757ca578,assigned,06,retained,項,tama-doboku-jutaku,
2022,expenditure,132241:2022:expenditure:approved:341b3a229b9eb30d,assigned,04,retained,項,tama-doboku-kanri,
2022,expenditure,132241:2022:expenditure:approved:3452779d96f58efa,assigned,10,retained,款,minsei,
2022,expenditure,132241:2022:expenditure:approved:34914c75f6a3433a,assigned,07,retained,項,tama-eisei-hoken,
2022,expenditure,132241:2022:expenditure:approved:34a11c4578bed9cb,assigned,05,retained,項,tama-eisei-seiso,
2022,expenditure,132241:2022:expenditure:approved:34a504df17641a3a,assigned,01,retained,款,somu,
2022,expenditure,132241:2022:expenditure:approved:34dd18d8ac4d97d9,assigned,09,retained,項,tama-kyoiku-gakko,
2022,expenditure,132241:2022:expenditure:approved:356328c468b72f5d,assigned,03,retained,款,shobo,
2022,expenditure,132241:2022:expenditure:approved:3588282de0447f06,assigned,03,retained,款,shobo,
2022,expenditure,132241:2022:expenditure:approved:358e634016581c07,assigned,07,retained,項,tama-eisei-hoken,
2022,expenditure,132241:2022:expenditure:approved:35d894a4aecdc0c0,assigned,09,retained,項,tama-kyoiku-gakko,
2022,expenditure,132241:2022:expenditure:approved:35fdd2e321a05d8c,assigned,01,retained,款,somu,
2022,expenditure,132241:2022:expenditure:approved:360c82bffebf555d,assigned,07,retained,項,tama-eisei-hoken,
2022,expenditure,132241:2022:expenditure:approved:3643115399a31dae,assigned,09,retained,項,tama-kyoiku-gakko,
2022,expenditure,132241:2022:expenditure:approved:36aa9544900b4f7e,assigned,10,retained,款,minsei,
2022,expenditure,132241:2022:expenditure:approved:36ed9abaca5ed551,assigned,06,retained,項,tama-toshikeikaku-other,
2022,expenditure,132241:2022:expenditure:approved:37165679bccf37ef,assigned,10,retained,款,minsei,
2022,expenditure,132241:2022:expenditure:approved:372e4e0b0f0ee30f,assigned,07,retained,項,tama-eisei-hoken,
2022,expenditure,132241:2022:expenditure:approved:374cc207d51e4395,assigned,03,retained,款,shobo,
2022,expenditure,132241:2022:expenditure:approved:37964740e9ea16f0,assigned,01,retained,款,somu,
2022,expenditure,132241:2022:expenditure:approved:37cc5d5f834522a4,assigned,09,retained,目,tama-hokentaiiku-kyushoku,
2022,expenditure,132241:2022:expenditure:approved:380448c19354e9d8,assigned,09,retained,項,tama-kyoiku-gakko,
2022,expenditure,132241:2022:expenditure:approved:382c3741a6eb25d8,assigned,09,retained,項,tama-kyoiku-gakko,
2022,expenditure,132241:2022:expenditure:approved:3869da39ac42fd0f,assigned,08,retained,目,tama-toshikeikaku-kouen,
2022,expenditure,132241:2022:expenditure:approved:38dad9f64ae92f82,assigned,10,retained,款,minsei,
2022,expenditure,132241:2022:expenditure:approved:39549c78e1d49be4,assigned,09,retained,項,tama-kyoiku-gakko,
2022,expenditure,132241:2022:expenditure:approved:39650e887bd21e68,assigned,01,retained,款,somu,
2022,expenditure,132241:2022:expenditure:approved:39b06f301648e22e,assigned,09,retained,項,tama-kyoiku-gakko,
2022,expenditure,132241:2022:expenditure:approved:39c4d1f068cf5f32,assigned,04,retained,項,tama-doboku-doro,
2022,expenditure,132241:2022:expenditure:approved:3a12fd79e295ac25,assigned,08,retained,項,tama-hokentaiiku-other,
2022,expenditure,132241:2022:expenditure:approved:3a26f21724f4503e,assigned,04,retained,項,tama-doboku-doro,
2022,expenditure,132241:2022:expenditure:approved:3a4f3674914b4b56,assigned,09,retained,目,tama-hokentaiiku-kyushoku,
2022,expenditure,132241:2022:expenditure:approved:3a9ac798b639c10c,assigned,04,retained,款,shoko,
2022,expenditure,132241:2022:expenditure:approved:3aaadf97b2c5221a,assigned,10,retained,款,minsei,
2022,expenditure,132241:2022:expenditure:approved:3ae167e2a4403bca,assigned,10,retained,款,minsei,
2022,expenditure,132241:2022:expenditure:approved:3b16b210125b165b,assigned,10,retained,款,minsei,
2022,expenditure,132241:2022:expenditure:approved:3b18581bb9fa9129,assigned,01,retained,款,somu,
2022,expenditure,132241:2022:expenditure:approved:3b921f508807c575,assigned,08,retained,目,tama-shakaikyoiku-toshokan,
2022,expenditure,132241:2022:expenditure:approved:3bbb8edaf330c709,assigned,07,retained,項,tama-eisei-hoken,
2022,expenditure,132241:2022:expenditure:approved:3bbdc985bd5856c1,assigned,07,retained,項,tama-eisei-hoken,
2022,expenditure,132241:2022:expenditure:approved:3bf9f0c8ed0befdc,assigned,04,retained,項,tama-nogyo,
2022,expenditure,132241:2022:expenditure:approved:3c28144e3d9e27a4,assigned,04,retained,項,tama-doboku-doro,
2022,expenditure,132241:2022:expenditure:approved:3c476ac03c9485e0,assigned,01,retained,款,gikai,
2022,expenditure,132241:2022:expenditure:approved:3c5c220802886f51,assigned,09,retained,項,tama-kyoiku-gakko,
2022,expenditure,132241:2022:expenditure:approved:3c9aa5f572dbf0c2,assigned,07,retained,項,tama-eisei-hoken,
2022,expenditure,132241:2022:expenditure:approved:3ca76f9764df8d71,assigned,06,retained,項,tama-toshikeikaku-other,
2022,expenditure,132241:2022:expenditure:approved:3cac1b36ff28c4a2,assigned,09,retained,項,tama-shakaikyoiku-other,
2022,expenditure,132241:2022:expenditure:approved:3cb3594899932f34,assigned,06,retained,項,tama-toshikeikaku-other,
2022,expenditure,132241:2022:expenditure:approved:3cf6d2725aedd020,assigned,10,retained,款,minsei,
2022,expenditure,132241:2022:expenditure:approved:3d25340ab34635b6,assigned,01,retained,款,somu,
2022,expenditure,132241:2022:expenditure:approved:3d3c5fda0e1196fa,assigned,01,retained,款,gikai,
2022,expenditure,132241:2022:expenditure:approved:3d9b6dd9bee4d010,assigned,10,retained,款,minsei,
2022,expenditure,132241:2022:expenditure:approved:3dceb828cd976d91,assigned,01,retained,款,somu,
2022,expenditure,132241:2022:expenditure:approved:3e3632324b242d29,assigned,07,retained,項,tama-eisei-hoken,
2022,expenditure,132241:2022:expenditure:approved:3e46f56534dfc591,assigned,01,retained,款,somu,
2022,expenditure,132241:2022:expenditure:approved:3ed1e6f26e3cc6fc,assigned,06,retained,項,tama-doboku-jutaku,
2022,expenditure,132241:2022:expenditure:approved:3f41d88ace0178a1,assigned,01,retained,款,somu,
2022,expenditure,132241:2022:expenditure:approved:3f9865628e9ac6da,assigned,01,retained,款,somu,
2022,expenditure,132241:2022:expenditure:approved:3ff673fb16335d1c,assigned,01,retained,款,somu,
2022,expenditure,132241:2022:expenditure:approved:3ff73f7ebd39b619,assigned,01,retained,款,somu,
2022,expenditure,132241:2022:expenditure:approved:400feaab9c4dc642,assigned,03,retained,款,shobo,
2022,expenditure,132241:2022:expenditure:approved:4014b2d9844ee94e,assigned,09,retained,項,tama-kyoiku-gakko,
2022,expenditure,132241:2022:expenditure:approved:4016069c5101e4a6,assigned,01,retained,款,somu,
2022,expenditure,132241:2022:expenditure:approved:4019e0087cd26398,assigned,01,retained,款,somu,
2022,expenditure,132241:2022:expenditure:approved:406e254d8ea3a1be,assigned,04,retained,項,tama-nogyo,
2022,expenditure,132241:2022:expenditure:approved:40b9d02c55be89e1,assigned,01,retained,款,somu,
2022,expenditure,132241:2022:expenditure:approved:40e27e11c2643e99,assigned,06,retained,項,tama-doboku-jutaku,
2022,expenditure,132241:2022:expenditure:approved:40f5b0c049e0344b,assigned,01,retained,款,gikai,
2022,expenditure,132241:2022:expenditure:approved:410ef092a9c75908,assigned,09,retained,項,tama-shakaikyoiku-other,
2022,expenditure,132241:2022:expenditure:approved:41210ba92412c94a,assigned,10,retained,款,minsei,
2022,expenditure,132241:2022:expenditure:approved:41424e001c3c4bbd,assigned,10,retained,款,minsei,
2022,expenditure,132241:2022:expenditure:approved:416c22c21f4d8cab,assigned,10,retained,款,minsei,
2022,expenditure,132241:2022:expenditure:approved:41c3d56a188cb5b9,assigned,04,retained,款,shoko,
2022,expenditure,132241:2022:expenditure:approved:41daa0e825f46b24,assigned,01,retained,款,somu,
2022,expenditure,132241:2022:expenditure:approved:41fa35e7a58b7517,assigned,09,retained,項,tama-kyoiku-gakko,
2022,expenditure,132241:2022:expenditure:approved:422078940c60b1ce,assigned,09,retained,項,tama-shakaikyoiku-other,
2022,expenditure,132241:2022:expenditure:approved:42d1bb8cf00a3130,assigned,01,retained,款,somu,
2022,expenditure,132241:2022:expenditure:approved:42d905ed4261cefb,assigned,09,retained,項,tama-shakaikyoiku-other,
2022,expenditure,132241:2022:expenditure:approved:4338180f598cf22e,assigned,08,retained,目,tama-shakaikyoiku-toshokan,
2022,expenditure,132241:2022:expenditure:approved:435cb1a474320709,assigned,01,retained,款,somu,
2022,expenditure,132241:2022:expenditure:approved:437f7664d686eee4,assigned,04,retained,款,shoko,
2022,expenditure,132241:2022:expenditure:approved:439db31fc1dfee80,assigned,01,retained,款,somu,
2022,expenditure,132241:2022:expenditure:approved:44270d6c5ed6ddf9,assigned,04,retained,項,tama-nogyo,
2022,expenditure,132241:2022:expenditure:approved:444a71849ee9d238,assigned,01,retained,款,somu,
2022,expenditure,132241:2022:expenditure:approved:4457f4af808fdfe8,assigned,10,retained,款,minsei,
2022,expenditure,132241:2022:expenditure:approved:445934383ac5bb58,assigned,09,retained,項,tama-kyoiku-gakko,
2022,expenditure,132241:2022:expenditure:approved:4467c1444b8ed610,assigned,10,retained,款,minsei,
2022,expenditure,132241:2022:expenditure:approved:447a2f5f8c6755dc,assigned,01,retained,款,somu,
2022,expenditure,132241:2022:expenditure:approved:44accd597c9622fe,assigned,01,retained,款,somu,
2022,expenditure,132241:2022:expenditure:approved:44cf583ccf20f141,assigned,09,retained,項,tama-kyoiku-gakko,
2022,expenditure,132241:2022:expenditure:approved:44e5eba69620fa3c,assigned,09,retained,項,tama-kyoiku-gakko,
2022,expenditure,132241:2022:expenditure:approved:44e61cd547336f15,assigned,09,retained,項,tama-kyoiku-gakko,
2022,expenditure,132241:2022:expenditure:approved:44eca6bc60f60c29,assigned,09,retained,項,tama-kyoiku-gakko,
2022,expenditure,132241:2022:expenditure:approved:450aaf60a4f61d03,assigned,01,retained,款,somu,
2022,expenditure,132241:2022:expenditure:approved:452ccca6e77f7213,assigned,08,retained,目,tama-toshikeikaku-kouen,
2022,expenditure,132241:2022:expenditure:approved:45e97e2bd26c2281,assigned,10,retained,款,minsei,
2022,expenditure,132241:2022:expenditure:approved:46283d8888572adf,assigned,05,retained,項,tama-eisei-seiso,
2022,expenditure,132241:2022:expenditure:approved:463404d6d2cc9407,assigned,01,retained,款,somu,
2022,expenditure,132241:2022:expenditure:approved:46609d1a5b77f3ab,assigned,09,retained,項,tama-shakaikyoiku-other,
2022,expenditure,132241:2022:expenditure:approved:46cdccd9e3f3242c,assigned,01,retained,款,gikai,
2022,expenditure,132241:2022:expenditure:approved:471288c46f12fa15,assigned,07,retained,項,tama-eisei-hoken,
2022,expenditure,132241:2022:expenditure:approved:475cad1c327bcb08,assigned,10,retained,款,minsei,
2022,expenditure,132241:2022:expenditure:approved:4763260efc4d1ba7,assigned,10,retained,款,minsei,
2022,expenditure,132241:2022:expenditure:approved:47937ccf5fa7628d,assigned,01,retained,款,gikai,
2022,expenditure,132241:2022:expenditure:approved:47b5fcdfc203e04a,assigned,01,retained,款,gikai,
2022,expenditure,132241:2022:expenditure:approved:47b630a0b6759c30,assigned,04,retained,項,tama-nogyo,
2022,expenditure,132241:2022:expenditure:approved:47c6539011ed276c,assigned,05,retained,項,tama-eisei-seiso,
2022,expenditure,132241:2022:expenditure:approved:47e7242c0108988a,assigned,07,retained,項,tama-eisei-hoken,
2022,expenditure,132241:2022:expenditure:approved:48537b7adf0de83e,assigned,01,retained,款,somu,
2022,expenditure,132241:2022:expenditure:approved:48823338d9f7bfae,assigned,01,retained,款,somu,
2022,expenditure,132241:2022:expenditure:approved:48a5a6542939cd55,assigned,01,retained,款,somu,
2022,expenditure,132241:2022:expenditure:approved:48bb223f4e862b39,assigned,01,retained,款,somu,
2022,expenditure,132241:2022:expenditure:approved:48bbf84213bf886c,assigned,01,retained,款,somu,
2022,expenditure,132241:2022:expenditure:approved:498dc54262566b10,assigned,10,retained,款,minsei,
2022,expenditure,132241:2022:expenditure:approved:49f825edbb93bab7,assigned,01,retained,款,somu,
2022,expenditure,132241:2022:expenditure:approved:4a15c5b7292c63df,assigned,08,retained,目,tama-toshikeikaku-kouen,
2022,expenditure,132241:2022:expenditure:approved:4a1bd7203a09d519,assigned,01,retained,款,somu,
2022,expenditure,132241:2022:expenditure:approved:4a2940df00423350,assigned,07,retained,項,tama-eisei-hoken,
2022,expenditure,132241:2022:expenditure:approved:4a3e940ad3950ebb,assigned,06,retained,項,tama-toshikeikaku-other,
2022,expenditure,132241:2022:expenditure:approved:4a425269f41d4363,out-of-scope,"",retained,節,fund-accumulation,
2022,expenditure,132241:2022:expenditure:approved:4a4d157388f48592,assigned,10,retained,款,minsei,
2022,expenditure,132241:2022:expenditure:approved:4aa59fa90884b16d,assigned,10,retained,款,minsei,
2022,expenditure,132241:2022:expenditure:approved:4ab8512657c4e62e,assigned,01,retained,款,somu,
2022,expenditure,132241:2022:expenditure:approved:4ab8db18d3a49e27,assigned,10,retained,款,minsei,
2022,expenditure,132241:2022:expenditure:approved:4ab969ac40ee44ae,assigned,10,retained,款,minsei,
2022,expenditure,132241:2022:expenditure:approved:4aeff0e0b6d1cb55,assigned,10,retained,款,minsei,
2022,expenditure,132241:2022:expenditure:approved:4b32919ae7a16f14,assigned,01,retained,款,somu,
2022,expenditure,132241:2022:expenditure:approved:4b70c6b9da7a37cf,assigned,01,retained,款,somu,
2022,expenditure,132241:2022:expenditure:approved:4b8a55dfc0d4f8ea,assigned,08,retained,項,tama-hokentaiiku-other,
2022,expenditure,132241:2022:expenditure:approved:4bd1ec603dfbb4bb,assigned,01,retained,款,somu,
2022,expenditure,132241:2022:expenditure:approved:4bfa58221bc7ff97,assigned,10,retained,款,minsei,
2022,expenditure,132241:2022:expenditure:approved:4c0e13df30d664a4,assigned,04,retained,款,shoko,
2022,expenditure,132241:2022:expenditure:approved:4c1a382581de9070,assigned,01,retained,款,somu,
2022,expenditure,132241:2022:expenditure:approved:4c5c571460aad99b,assigned,07,retained,項,tama-eisei-hoken,
2022,expenditure,132241:2022:expenditure:approved:4cefeeb4ae3ea205,assigned,03,retained,款,shobo,
2022,expenditure,132241:2022:expenditure:approved:4d2a13d54ff492da,assigned,10,retained,款,minsei,
2022,expenditure,132241:2022:expenditure:approved:4d2f7b2b72242ebe,assigned,10,retained,款,minsei,
2022,expenditure,132241:2022:expenditure:approved:4d4a3079918e0524,assigned,03,retained,款,shobo,
2022,expenditure,132241:2022:expenditure:approved:4d535b263f1408d2,assigned,01,retained,款,gikai,
2022,expenditure,132241:2022:expenditure:approved:4d677d737a275e9c,assigned,07,retained,項,tama-eisei-hoken,
2022,expenditure,132241:2022:expenditure:approved:4d910ab235247740,assigned,01,retained,款,somu,
2022,expenditure,132241:2022:expenditure:approved:4dbf91f5b92f5f73,assigned,10,retained,款,minsei,
2022,expenditure,132241:2022:expenditure:approved:4dc0b22c5a81c816,assigned,09,retained,項,tama-shakaikyoiku-other,
2022,expenditure,132241:2022:expenditure:approved:4ddbbe3fd815491b,assigned,07,retained,項,tama-eisei-hoken,
2022,expenditure,132241:2022:expenditure:approved:4ddddc817a518fc0,assigned,09,retained,項,tama-kyoiku-gakko,
2022,expenditure,132241:2022:expenditure:approved:4de448f1ab007958,assigned,10,retained,款,minsei,
2022,expenditure,132241:2022:expenditure:approved:4e10ea63b2582a58,assigned,04,retained,款,shoko,
2022,expenditure,132241:2022:expenditure:approved:4e4cb4e64cc71112,assigned,01,retained,款,somu,
2022,expenditure,132241:2022:expenditure:approved:4e83d4868e85ee16,assigned,09,retained,項,tama-kyoiku-gakko,
2022,expenditure,132241:2022:expenditure:approved:4e9600fc94d2fb38,assigned,09,retained,目,tama-hokentaiiku-kyushoku,
2022,expenditure,132241:2022:expenditure:approved:4eadc4ea9bd30023,assigned,07,retained,項,tama-eisei-hoken,
2022,expenditure,132241:2022:expenditure:approved:4ef12adecaa70610,assigned,10,retained,款,minsei,
2022,expenditure,132241:2022:expenditure:approved:4f20a4642aa21c34,assigned,01,retained,款,somu,
2022,expenditure,132241:2022:expenditure:approved:4f2560947dcc95d6,assigned,01,retained,款,somu,
2022,expenditure,132241:2022:expenditure:approved:4f342bd11c2f4d38,assigned,10,retained,款,minsei,
2022,expenditure,132241:2022:expenditure:approved:4f3743ea17881eaa,assigned,09,retained,項,tama-shakaikyoiku-other,
2022,expenditure,132241:2022:expenditure:approved:4fbaac705db712db,assigned,09,retained,項,tama-shakaikyoiku-other,
2022,expenditure,132241:2022:expenditure:approved:5013d0283e8979a1,assigned,10,retained,款,minsei,
2022,expenditure,132241:2022:expenditure:approved:5029f458e06a706a,assigned,10,retained,款,minsei,
2022,expenditure,132241:2022:expenditure:approved:5048af495d886722,assigned,06,retained,項,tama-doboku-jutaku,
2022,expenditure,132241:2022:expenditure:approved:504fe30f5e5a2b45,assigned,10,retained,款,minsei,
2022,expenditure,132241:2022:expenditure:approved:506522d6621d0d5f,assigned,10,retained,款,minsei,
2022,expenditure,132241:2022:expenditure:approved:5081bef5906d962f,assigned,06,retained,項,tama-toshikeikaku-other,
2022,expenditure,132241:2022:expenditure:approved:50d10e38b98a03f2,assigned,09,retained,項,tama-shakaikyoiku-other,
2022,expenditure,132241:2022:expenditure:approved:50d2853177db5c05,assigned,09,retained,目,tama-hokentaiiku-kyushoku,
2022,expenditure,132241:2022:expenditure:approved:50d49836bb56d38f,assigned,01,retained,款,somu,
2022,expenditure,132241:2022:expenditure:approved:511637774d4d3812,assigned,01,retained,款,somu,
2022,expenditure,132241:2022:expenditure:approved:517e6256bcf8dcdb,assigned,07,retained,項,tama-eisei-hoken,
2022,expenditure,132241:2022:expenditure:approved:518ad0e6df929726,assigned,03,retained,款,shobo,
2022,expenditure,132241:2022:expenditure:approved:51a7c0929ec623aa,assigned,09,retained,項,tama-shakaikyoiku-other,
2022,expenditure,132241:2022:expenditure:approved:51f01443300d8003,assigned,06,retained,項,tama-toshikeikaku-other,
2022,expenditure,132241:2022:expenditure:approved:525291dbb7c1fd1d,assigned,08,retained,項,tama-hokentaiiku-other,
2022,expenditure,132241:2022:expenditure:approved:52785f8773870096,assigned,10,retained,款,minsei,
2022,expenditure,132241:2022:expenditure:approved:52aa68ddc7c30767,out-of-scope,"",retained,節,fund-accumulation,
2022,expenditure,132241:2022:expenditure:approved:52dc47e6aa4dbed9,assigned,07,retained,項,tama-eisei-hoken,
2022,expenditure,132241:2022:expenditure:approved:52ee1e5d8889d796,assigned,09,retained,項,tama-shakaikyoiku-other,
2022,expenditure,132241:2022:expenditure:approved:53501adacd261e3f,assigned,09,retained,項,tama-kyoiku-gakko,
2022,expenditure,132241:2022:expenditure:approved:5381d6a9b47341f2,assigned,08,retained,項,tama-hokentaiiku-other,
2022,expenditure,132241:2022:expenditure:approved:53f0db1d2d37186b,assigned,09,retained,項,tama-kyoiku-gakko,
2022,expenditure,132241:2022:expenditure:approved:5466d938fb71745a,assigned,09,retained,項,tama-kyoiku-gakko,
2022,expenditure,132241:2022:expenditure:approved:547027910eead3cc,assigned,01,retained,款,somu,
2022,expenditure,132241:2022:expenditure:approved:54868d0a9b26982e,assigned,03,retained,款,shobo,
2022,expenditure,132241:2022:expenditure:approved:54b3a800ecce2a9c,assigned,09,retained,項,tama-shakaikyoiku-other,
2022,expenditure,132241:2022:expenditure:approved:54b8218873157480,assigned,01,retained,款,somu,
2022,expenditure,132241:2022:expenditure:approved:54b84142dfb269f4,assigned,09,retained,項,tama-kyoiku-gakko,
2022,expenditure,132241:2022:expenditure:approved:54ca52e0c5dcbb78,assigned,10,retained,款,minsei,
2022,expenditure,132241:2022:expenditure:approved:54e55ade327a8cb6,assigned,01,retained,款,somu,
2022,expenditure,132241:2022:expenditure:approved:5552af1d5cfe4842,assigned,07,retained,項,tama-eisei-hoken,
2022,expenditure,132241:2022:expenditure:approved:556c6e3d7cd5c3c9,assigned,09,retained,項,tama-kyoiku-gakko,
2022,expenditure,132241:2022:expenditure:approved:5576f1203dfcc23f,assigned,01,retained,款,somu,
2022,expenditure,132241:2022:expenditure:approved:559391cbaa255a31,assigned,05,retained,項,tama-eisei-seiso,
2022,expenditure,132241:2022:expenditure:approved:55dd7344ad6f94e6,assigned,01,retained,款,somu,
2022,expenditure,132241:2022:expenditure:approved:5607825b94576de4,assigned,01,retained,款,somu,
2022,expenditure,132241:2022:expenditure:approved:5628569d2fcfa577,assigned,01,retained,款,somu,
2022,expenditure,132241:2022:expenditure:approved:5664d600a578afd7,assigned,01,retained,款,somu,
2022,expenditure,132241:2022:expenditure:approved:56718906168dc2c9,assigned,06,retained,項,tama-doboku-jutaku,
2022,expenditure,132241:2022:expenditure:approved:56a733a1e98dbb1a,assigned,08,retained,目,tama-toshikeikaku-kouen,
2022,expenditure,132241:2022:expenditure:approved:56acb492c17aa692,assigned,08,retained,目,tama-toshikeikaku-kouen,
2022,expenditure,132241:2022:expenditure:approved:570be2a33133982e,assigned,10,retained,款,minsei,
2022,expenditure,132241:2022:expenditure:approved:575eb91859fe0166,assigned,09,retained,項,tama-kyoiku-gakko,
2022,expenditure,132241:2022:expenditure:approved:5782ac5c7283b1cf,assigned,10,retained,款,minsei,
2022,expenditure,132241:2022:expenditure:approved:578ea7c78cbd6183,assigned,09,retained,項,tama-kyoiku-gakko,
2022,expenditure,132241:2022:expenditure:approved:579dd4acc61f36e5,assigned,01,retained,款,somu,
2022,expenditure,132241:2022:expenditure:approved:57b32701d885c584,assigned,04,retained,項,tama-doboku-doro,
2022,expenditure,132241:2022:expenditure:approved:57d40cf741ac9cc3,assigned,09,retained,項,tama-kyoiku-gakko,
2022,expenditure,132241:2022:expenditure:approved:57fa6add288ccd4b,assigned,08,retained,目,tama-toshikeikaku-kouen,
2022,expenditure,132241:2022:expenditure:approved:57fdf0f8c62cdc9a,assigned,01,retained,款,somu,
2022,expenditure,132241:2022:expenditure:approved:5826d660824364e0,assigned,07,retained,項,tama-eisei-hoken,
2022,expenditure,132241:2022:expenditure:approved:583a95134f9ce140,assigned,01,retained,款,gikai,
2022,expenditure,132241:2022:expenditure:approved:58869ee2ffe7bbf5,assigned,09,retained,項,tama-shakaikyoiku-other,
2022,expenditure,132241:2022:expenditure:approved:58aa39d05db86f4b,assigned,01,retained,款,somu,
2022,expenditure,132241:2022:expenditure:approved:58abe330acfa1e4c,assigned,06,retained,項,tama-toshikeikaku-other,
2022,expenditure,132241:2022:expenditure:approved:5965d02436979462,assigned,10,retained,款,minsei,
2022,expenditure,132241:2022:expenditure:approved:5967abd0c188fa8d,assigned,01,retained,款,somu,
2022,expenditure,132241:2022:expenditure:approved:598dcdc3eec65e4a,assigned,10,retained,款,minsei,
2022,expenditure,132241:2022:expenditure:approved:59ac0fa8c387635c,assigned,09,retained,項,tama-kyoiku-gakko,
2022,expenditure,132241:2022:expenditure:approved:59c62a6ecb622c3f,assigned,10,retained,款,minsei,
2022,expenditure,132241:2022:expenditure:approved:5a1d40309acee0e8,assigned,01,retained,款,somu,
2022,expenditure,132241:2022:expenditure:approved:5a2345ed8baa3a48,assigned,10,retained,款,minsei,
2022,expenditure,132241:2022:expenditure:approved:5a8f98d1cfc577b3,assigned,09,retained,項,tama-kyoiku-gakko,
2022,expenditure,132241:2022:expenditure:approved:5adc4678d8cfb471,assigned,01,retained,款,somu,
2022,expenditure,132241:2022:expenditure:approved:5affcf45cea8919b,assigned,09,retained,項,tama-shakaikyoiku-other,
2022,expenditure,132241:2022:expenditure:approved:5b422ab226b943ba,assigned,04,retained,項,tama-doboku-doro,
2022,expenditure,132241:2022:expenditure:approved:5b51b9bccf6335ea,assigned,01,retained,款,somu,
2022,expenditure,132241:2022:expenditure:approved:5ba78ed20eb24353,assigned,04,retained,項,tama-nogyo,
2022,expenditure,132241:2022:expenditure:approved:5bacf4014bdc61c1,assigned,09,retained,項,tama-shakaikyoiku-other,
2022,expenditure,132241:2022:expenditure:approved:5bcc9345827592dd,assigned,09,retained,項,tama-shakaikyoiku-other,
2022,expenditure,132241:2022:expenditure:approved:5bf79809ea7fdd5d,assigned,04,retained,項,tama-nogyo,
2022,expenditure,132241:2022:expenditure:approved:5c328037d21d5979,assigned,08,retained,目,tama-toshikeikaku-kouen,
2022,expenditure,132241:2022:expenditure:approved:5c5c2c6ffb492b5a,assigned,10,retained,款,minsei,
2022,expenditure,132241:2022:expenditure:approved:5c6988250719ddb1,assigned,06,retained,項,tama-toshikeikaku-other,
2022,expenditure,132241:2022:expenditure:approved:5c93b8eb8507696e,assigned,01,retained,款,somu,
2022,expenditure,132241:2022:expenditure:approved:5ca28c1d093931c7,assigned,01,retained,款,somu,
2022,expenditure,132241:2022:expenditure:approved:5ca380ecf5b79cd4,assigned,10,retained,款,minsei,
2022,expenditure,132241:2022:expenditure:approved:5cbfeebbdd99c217,assigned,07,retained,項,tama-eisei-hoken,
2022,expenditure,132241:2022:expenditure:approved:5dc3fb459b9311ca,assigned,01,retained,款,somu,
2022,expenditure,132241:2022:expenditure:approved:5dcc919536996d15,assigned,10,retained,款,minsei,
2022,expenditure,132241:2022:expenditure:approved:5de2c2841fb00bb7,assigned,10,retained,款,minsei,
2022,expenditure,132241:2022:expenditure:approved:5e4565680689e557,assigned,01,retained,款,somu,
2022,expenditure,132241:2022:expenditure:approved:5e48e64a670e4f2a,assigned,07,retained,項,tama-eisei-hoken,
2022,expenditure,132241:2022:expenditure:approved:5e6df7db3e028039,assigned,08,retained,目,tama-toshikeikaku-kouen,
2022,expenditure,132241:2022:expenditure:approved:5e86ea738d5fc024,assigned,01,retained,款,somu,
2022,expenditure,132241:2022:expenditure:approved:5eda1e0dd53227cc,assigned,05,retained,項,tama-eisei-seiso,
2022,expenditure,132241:2022:expenditure:approved:5ef4a2fead521995,assigned,01,retained,款,somu,
2022,expenditure,132241:2022:expenditure:approved:5ef8db5033df2e41,assigned,04,retained,項,tama-doboku-kanri,
2022,expenditure,132241:2022:expenditure:approved:5f0d0d71477412ec,assigned,01,retained,款,somu,
2022,expenditure,132241:2022:expenditure:approved:5f32fe3d540ba30c,assigned,08,retained,目,tama-toshikeikaku-kouen,
2022,expenditure,132241:2022:expenditure:approved:5f43eed78981c9f5,assigned,09,retained,項,tama-shakaikyoiku-other,
2022,expenditure,132241:2022:expenditure:approved:5f57fbe313792b9c,assigned,06,retained,項,tama-toshikeikaku-other,
2022,expenditure,132241:2022:expenditure:approved:5f8bd78b5551ad71,assigned,10,retained,款,minsei,
2022,expenditure,132241:2022:expenditure:approved:5fae0e6dc7e57de8,assigned,07,retained,項,tama-eisei-hoken,
2022,expenditure,132241:2022:expenditure:approved:6009f17461bab520,assigned,08,retained,項,tama-hokentaiiku-other,
2022,expenditure,132241:2022:expenditure:approved:601e1843837ccbfa,assigned,01,retained,款,somu,
2022,expenditure,132241:2022:expenditure:approved:604007f74425c548,assigned,01,retained,款,somu,
2022,expenditure,132241:2022:expenditure:approved:6070bff6f8ca0dcf,assigned,10,retained,款,minsei,
2022,expenditure,132241:2022:expenditure:approved:60bfbfc1bd9b72fe,assigned,01,retained,款,somu,
2022,expenditure,132241:2022:expenditure:approved:60e13ccef3587f89,assigned,07,retained,項,tama-eisei-hoken,
2022,expenditure,132241:2022:expenditure:approved:60fda2657ebf9c26,assigned,01,retained,款,somu,
2022,expenditure,132241:2022:expenditure:approved:612477d3ff11bf18,assigned,01,retained,款,somu,
2022,expenditure,132241:2022:expenditure:approved:613658acb87035e2,assigned,09,retained,目,tama-hokentaiiku-kyushoku,
2022,expenditure,132241:2022:expenditure:approved:613e446d79aed878,assigned,08,retained,目,tama-shakaikyoiku-toshokan,
2022,expenditure,132241:2022:expenditure:approved:618432854d0384a8,assigned,09,retained,目,tama-hokentaiiku-kyushoku,
2022,expenditure,132241:2022:expenditure:approved:6186700d5af4d4b4,assigned,01,retained,款,somu,
2022,expenditure,132241:2022:expenditure:approved:61ad1d22985da118,assigned,01,retained,款,somu,
2022,expenditure,132241:2022:expenditure:approved:61af60b4cbb5a1a8,assigned,04,retained,項,tama-doboku-doro,
2022,expenditure,132241:2022:expenditure:approved:61b0415cf36ae40f,assigned,10,retained,款,minsei,
2022,expenditure,132241:2022:expenditure:approved:61b43bfacca26798,assigned,09,retained,項,tama-kyoiku-gakko,
2022,expenditure,132241:2022:expenditure:approved:61d0837372edca8d,assigned,03,retained,款,shobo,
2022,expenditure,132241:2022:expenditure:approved:61ddfe755feb2998,assigned,01,retained,款,somu,
2022,expenditure,132241:2022:expenditure:approved:62151807afafc203,assigned,06,retained,項,tama-toshikeikaku-other,
2022,expenditure,132241:2022:expenditure:approved:621683eb73232b6a,assigned,01,retained,款,somu,
2022,expenditure,132241:2022:expenditure:approved:6225fd245a8098ec,assigned,01,retained,款,somu,
2022,expenditure,132241:2022:expenditure:approved:623c5ed1c2b77be3,assigned,08,retained,項,tama-hokentaiiku-other,
2022,expenditure,132241:2022:expenditure:approved:6248242b9b5a8d88,assigned,10,retained,款,minsei,
2022,expenditure,132241:2022:expenditure:approved:633e443c65ec05b0,assigned,09,retained,項,tama-shakaikyoiku-other,
2022,expenditure,132241:2022:expenditure:approved:63987a650e3c8c2f,assigned,09,retained,項,tama-kyoiku-gakko,
2022,expenditure,132241:2022:expenditure:approved:63c82599cd614feb,assigned,08,retained,項,tama-hokentaiiku-other,
2022,expenditure,132241:2022:expenditure:approved:642bda7a28d44e6f,assigned,04,retained,款,shoko,
2022,expenditure,132241:2022:expenditure:approved:6455c735bf356e16,assigned,09,retained,項,tama-kyoiku-gakko,
2022,expenditure,132241:2022:expenditure:approved:64566c52958b964d,assigned,10,retained,款,minsei,
2022,expenditure,132241:2022:expenditure:approved:645cd0a98bfdcb11,assigned,01,retained,款,somu,
2022,expenditure,132241:2022:expenditure:approved:6473ac7f2d4b1611,assigned,01,retained,款,somu,
2022,expenditure,132241:2022:expenditure:approved:6493a2ecb2bb6b9f,assigned,10,retained,款,minsei,
2022,expenditure,132241:2022:expenditure:approved:64a5b8df9f017fd0,assigned,04,retained,項,tama-doboku-doro,
2022,expenditure,132241:2022:expenditure:approved:64e980246149105e,assigned,09,retained,項,tama-kyoiku-gakko,
2022,expenditure,132241:2022:expenditure:approved:6507c034c8c66cf6,assigned,01,retained,款,somu,
2022,expenditure,132241:2022:expenditure:approved:6510760714aea7f9,assigned,09,retained,項,tama-shakaikyoiku-other,
2022,expenditure,132241:2022:expenditure:approved:654458b9974760ac,assigned,07,retained,項,tama-eisei-hoken,
2022,expenditure,132241:2022:expenditure:approved:6564175f01f96aca,out-of-scope,"",retained,節,fund-accumulation,
2022,expenditure,132241:2022:expenditure:approved:656ca49babbb1e7f,assigned,09,retained,項,tama-kyoiku-gakko,
2022,expenditure,132241:2022:expenditure:approved:65966f3473bd2468,assigned,01,retained,款,somu,
2022,expenditure,132241:2022:expenditure:approved:659b27d89f1f91e9,assigned,09,retained,目,tama-hokentaiiku-kyushoku,
2022,expenditure,132241:2022:expenditure:approved:65afe0757a701772,assigned,10,retained,款,minsei,
2022,expenditure,132241:2022:expenditure:approved:65bd07505f80da34,assigned,09,retained,項,tama-shakaikyoiku-other,
2022,expenditure,132241:2022:expenditure:approved:65c900dc8ade7c04,assigned,01,retained,款,somu,
2022,expenditure,132241:2022:expenditure:approved:662ccb23049c9d19,assigned,01,retained,款,somu,
2022,expenditure,132241:2022:expenditure:approved:6674e032edbb9886,assigned,01,retained,款,somu,
2022,expenditure,132241:2022:expenditure:approved:6793675ff8b86801,assigned,01,retained,款,somu,
2022,expenditure,132241:2022:expenditure:approved:67c5a2eebb9425d0,assigned,07,retained,項,tama-eisei-hoken,
2022,expenditure,132241:2022:expenditure:approved:67e570b52de5e8e7,assigned,01,retained,款,somu,
2022,expenditure,132241:2022:expenditure:approved:685e4dc0284be5da,assigned,07,retained,項,tama-eisei-hoken,
2022,expenditure,132241:2022:expenditure:approved:6894b6799051c741,assigned,04,retained,款,rodo,
2022,expenditure,132241:2022:expenditure:approved:68a5ca1a66ee74f4,assigned,10,retained,款,minsei,
2022,expenditure,132241:2022:expenditure:approved:68e6f220bb51d929,assigned,05,retained,項,tama-eisei-seiso,
2022,expenditure,132241:2022:expenditure:approved:68f6308518b76726,assigned,08,retained,項,tama-hokentaiiku-other,
2022,expenditure,132241:2022:expenditure:approved:699690431c89211c,assigned,07,retained,項,tama-eisei-hoken,
2022,expenditure,132241:2022:expenditure:approved:69d3f55b2816e9c8,assigned,03,retained,款,shobo,
2022,expenditure,132241:2022:expenditure:approved:69e20b20b4ccc31e,assigned,09,retained,項,tama-kyoiku-gakko,
2022,expenditure,132241:2022:expenditure:approved:6a3e406b1714ddaa,assigned,10,retained,款,minsei,
2022,expenditure,132241:2022:expenditure:approved:6a4914096403ef83,assigned,10,retained,款,minsei,
2022,expenditure,132241:2022:expenditure:approved:6a61e358c92195d7,assigned,10,retained,款,minsei,
2022,expenditure,132241:2022:expenditure:approved:6a8698944a22a797,assigned,09,retained,項,tama-shakaikyoiku-other,
2022,expenditure,132241:2022:expenditure:approved:6a908e61fe33485f,assigned,08,retained,目,tama-toshikeikaku-kouen,
2022,expenditure,132241:2022:expenditure:approved:6b0365795178d1fe,assigned,10,retained,款,minsei,
2022,expenditure,132241:2022:expenditure:approved:6b679307bce0a0a7,assigned,04,retained,款,shoko,
2022,expenditure,132241:2022:expenditure:approved:6b685be516079341,assigned,10,retained,款,minsei,
2022,expenditure,132241:2022:expenditure:approved:6bb523b295133154,assigned,01,retained,款,somu,
2022,expenditure,132241:2022:expenditure:approved:6bbc3d50ebd3e2e4,assigned,09,retained,項,tama-kyoiku-gakko,
2022,expenditure,132241:2022:expenditure:approved:6c6688bb1964a544,assigned,10,retained,款,minsei,
2022,expenditure,132241:2022:expenditure:approved:6c7aeeaed60791d8,assigned,09,retained,項,tama-kyoiku-gakko,
2022,expenditure,132241:2022:expenditure:approved:6cc892c62cb25088,assigned,10,retained,款,minsei,
2022,expenditure,132241:2022:expenditure:approved:6cd32bca384e01a2,assigned,09,retained,項,tama-kyoiku-gakko,
2022,expenditure,132241:2022:expenditure:approved:6de57ca0641c1d8e,assigned,10,retained,款,minsei,
2022,expenditure,132241:2022:expenditure:approved:6e06303db6f388dc,assigned,09,retained,項,tama-kyoiku-gakko,
2022,expenditure,132241:2022:expenditure:approved:6e559e1451d4d53e,assigned,10,retained,款,minsei,
2022,expenditure,132241:2022:expenditure:approved:6e5ac8ff000f8247,assigned,04,retained,款,shoko,
2022,expenditure,132241:2022:expenditure:approved:6eb083dc04016683,assigned,10,retained,款,minsei,
2022,expenditure,132241:2022:expenditure:approved:6f2c852afeac89d5,assigned,10,retained,款,minsei,
2022,expenditure,132241:2022:expenditure:approved:6f3f53c20ad3d196,assigned,01,retained,款,somu,
2022,expenditure,132241:2022:expenditure:approved:6f44b7c8a4ad7d50,assigned,08,retained,目,tama-toshikeikaku-kouen,
2022,expenditure,132241:2022:expenditure:approved:6f5012e7732da16c,assigned,10,retained,款,minsei,
2022,expenditure,132241:2022:expenditure:approved:6f59372cce802195,assigned,01,retained,款,somu,
2022,expenditure,132241:2022:expenditure:approved:6f6d5992cb6f70d3,assigned,01,retained,款,somu,
2022,expenditure,132241:2022:expenditure:approved:6fcae779afdb1997,assigned,10,retained,款,minsei,
2022,expenditure,132241:2022:expenditure:approved:6ffcbe2e5fd74ff5,assigned,10,retained,款,minsei,
2022,expenditure,132241:2022:expenditure:approved:702294e3e61c1526,assigned,03,retained,款,shobo,
2022,expenditure,132241:2022:expenditure:approved:706524bc27e4a5fc,assigned,03,retained,款,shobo,
2022,expenditure,132241:2022:expenditure:approved:708b48476c5751be,assigned,03,retained,款,shobo,
2022,expenditure,132241:2022:expenditure:approved:70ae72cedc62cdfd,assigned,08,retained,目,tama-shakaikyoiku-toshokan,
2022,expenditure,132241:2022:expenditure:approved:70c22ef7d6d03760,assigned,10,retained,款,minsei,
2022,expenditure,132241:2022:expenditure:approved:70c944f6be01810b,assigned,10,retained,款,minsei,
2022,expenditure,132241:2022:expenditure:approved:71034c9145d7f658,assigned,10,retained,款,minsei,
2022,expenditure,132241:2022:expenditure:approved:71f084874e4d856e,assigned,01,retained,款,somu,
2022,expenditure,132241:2022:expenditure:approved:7206f3554118863d,assigned,09,retained,目,tama-hokentaiiku-kyushoku,
2022,expenditure,132241:2022:expenditure:approved:720a51cfe853fe2d,assigned,10,retained,款,minsei,
2022,expenditure,132241:2022:expenditure:approved:72140c4ec704c82d,assigned,01,retained,款,somu,
2022,expenditure,132241:2022:expenditure:approved:722c4a365c9ca297,assigned,09,retained,項,tama-kyoiku-gakko,
2022,expenditure,132241:2022:expenditure:approved:72620b1846564912,assigned,08,retained,目,tama-shakaikyoiku-toshokan,
2022,expenditure,132241:2022:expenditure:approved:726acd3aa1cbfab0,assigned,09,retained,項,tama-shakaikyoiku-other,
2022,expenditure,132241:2022:expenditure:approved:726eb4b023b33251,assigned,08,retained,目,tama-toshikeikaku-kouen,
2022,expenditure,132241:2022:expenditure:approved:72f062743ec96579,assigned,09,retained,項,tama-shakaikyoiku-other,
2022,expenditure,132241:2022:expenditure:approved:72fcc820a0884465,assigned,05,retained,項,tama-eisei-seiso,
2022,expenditure,132241:2022:expenditure:approved:7318a6facf99f3a8,assigned,01,retained,款,somu,
2022,expenditure,132241:2022:expenditure:approved:7331dc0e8ae801bd,assigned,10,retained,款,minsei,
2022,expenditure,132241:2022:expenditure:approved:73398740d63cbac0,assigned,09,retained,項,tama-shakaikyoiku-other,
2022,expenditure,132241:2022:expenditure:approved:733b2199ff394e75,assigned,03,retained,款,shobo,
2022,expenditure,132241:2022:expenditure:approved:733db1db5fe5a603,assigned,05,retained,項,tama-eisei-seiso,
2022,expenditure,132241:2022:expenditure:approved:73613757ddb9f31a,assigned,03,retained,款,shobo,
2022,expenditure,132241:2022:expenditure:approved:73c7522acf7b8a42,assigned,01,retained,款,somu,
2022,expenditure,132241:2022:expenditure:approved:740a296c31560c85,assigned,01,retained,款,somu,
2022,expenditure,132241:2022:expenditure:approved:742a4fc0c6b7b9ea,assigned,09,retained,目,tama-hokentaiiku-kyushoku,
2022,expenditure,132241:2022:expenditure:approved:74383a89d8744109,assigned,01,retained,款,somu,
2022,expenditure,132241:2022:expenditure:approved:748f5446cc747a0d,assigned,07,retained,項,tama-eisei-hoken,
2022,expenditure,132241:2022:expenditure:approved:749a0aed61abb283,assigned,04,retained,項,tama-doboku-kanri,
2022,expenditure,132241:2022:expenditure:approved:74b7d603a897b345,assigned,09,retained,項,tama-shakaikyoiku-other,
2022,expenditure,132241:2022:expenditure:approved:74ca183c60beba16,assigned,08,retained,項,tama-hokentaiiku-other,
2022,expenditure,132241:2022:expenditure:approved:74fdebc6625dc59e,assigned,08,retained,目,tama-shakaikyoiku-toshokan,
2022,expenditure,132241:2022:expenditure:approved:752bc2435d52a729,assigned,01,retained,款,somu,
2022,expenditure,132241:2022:expenditure:approved:75594a352943150e,assigned,01,retained,款,somu,
2022,expenditure,132241:2022:expenditure:approved:75c2f685e604d6d6,assigned,01,retained,款,somu,
2022,expenditure,132241:2022:expenditure:approved:75ed89244b02664e,assigned,09,retained,項,tama-kyoiku-gakko,
2022,expenditure,132241:2022:expenditure:approved:761556df2611560a,assigned,10,retained,款,minsei,
2022,expenditure,132241:2022:expenditure:approved:7651a538ad157f14,assigned,10,retained,款,minsei,
2022,expenditure,132241:2022:expenditure:approved:765d2f8ab45ee36d,assigned,04,retained,項,tama-doboku-kanri,
2022,expenditure,132241:2022:expenditure:approved:7673b1f9aceb3063,assigned,01,retained,款,somu,
2022,expenditure,132241:2022:expenditure:approved:76bcd4b0d8dd8594,assigned,09,retained,項,tama-shakaikyoiku-other,
2022,expenditure,132241:2022:expenditure:approved:770cdf6231c838c3,assigned,01,retained,款,somu,
2022,expenditure,132241:2022:expenditure:approved:78269ae1f6ff0438,assigned,09,retained,項,tama-shakaikyoiku-other,
2022,expenditure,132241:2022:expenditure:approved:784773993e840e50,assigned,07,retained,項,tama-eisei-hoken,
2022,expenditure,132241:2022:expenditure:approved:78561850c71ab068,assigned,01,retained,款,somu,
2022,expenditure,132241:2022:expenditure:approved:785abac63dee40bf,assigned,04,retained,項,tama-doboku-doro,
2022,expenditure,132241:2022:expenditure:approved:78805e20ae9d83b4,assigned,05,retained,項,tama-eisei-seiso,
2022,expenditure,132241:2022:expenditure:approved:788b13542f0685ae,assigned,01,retained,款,somu,
2022,expenditure,132241:2022:expenditure:approved:78d1a97b6ea5f1b7,assigned,01,retained,款,somu,
2022,expenditure,132241:2022:expenditure:approved:79947f44989e40ed,assigned,05,retained,項,tama-eisei-seiso,
2022,expenditure,132241:2022:expenditure:approved:799e10e1763a6f4a,assigned,10,retained,款,minsei,
2022,expenditure,132241:2022:expenditure:approved:79c518bb6ed6b148,assigned,01,retained,款,somu,
2022,expenditure,132241:2022:expenditure:approved:79c6b65aba2efe85,assigned,09,retained,項,tama-kyoiku-gakko,
2022,expenditure,132241:2022:expenditure:approved:7a0bb70fb5f0d58e,assigned,01,retained,款,somu,
2022,expenditure,132241:2022:expenditure:approved:7a3dc86b63574b28,assigned,01,retained,款,somu,
2022,expenditure,132241:2022:expenditure:approved:7a6b0ed48724b203,assigned,10,retained,款,minsei,
2022,expenditure,132241:2022:expenditure:approved:7a6ffb7278df8335,assigned,04,retained,款,rodo,
2022,expenditure,132241:2022:expenditure:approved:7a8116a1e3355938,assigned,05,retained,項,tama-eisei-seiso,
2022,expenditure,132241:2022:expenditure:approved:7a9f81e1ac97f28b,assigned,09,retained,項,tama-kyoiku-gakko,
2022,expenditure,132241:2022:expenditure:approved:7aabe8ee712e7c61,assigned,04,retained,項,tama-doboku-doro,
2022,expenditure,132241:2022:expenditure:approved:7ac713d0269c8116,assigned,01,retained,款,gikai,
2022,expenditure,132241:2022:expenditure:approved:7ad61497771629c5,assigned,09,retained,項,tama-shakaikyoiku-other,
2022,expenditure,132241:2022:expenditure:approved:7ade41428e4cec78,assigned,04,retained,項,tama-doboku-doro,
2022,expenditure,132241:2022:expenditure:approved:7af3249e11d7c5ee,assigned,09,retained,項,tama-kyoiku-gakko,
2022,expenditure,132241:2022:expenditure:approved:7bcead33ba0ecaa6,assigned,06,retained,項,tama-doboku-jutaku,
2022,expenditure,132241:2022:expenditure:approved:7bd9b2f40012e37b,assigned,10,retained,款,minsei,
2022,expenditure,132241:2022:expenditure:approved:7be46d9cdb7ffd72,assigned,01,retained,款,somu,
2022,expenditure,132241:2022:expenditure:approved:7bf664a91769dd07,assigned,01,retained,款,gikai,
2022,expenditure,132241:2022:expenditure:approved:7c69dba1e35d2e55,assigned,01,retained,款,somu,
2022,expenditure,132241:2022:expenditure:approved:7c72a3b4a0649dc0,assigned,09,retained,項,tama-kyoiku-gakko,
2022,expenditure,132241:2022:expenditure:approved:7ca7b4c81247705d,assigned,01,retained,款,somu,
2022,expenditure,132241:2022:expenditure:approved:7d5cac08922c1dbc,assigned,01,retained,款,somu,
2022,expenditure,132241:2022:expenditure:approved:7d709d7c00124447,assigned,08,retained,目,tama-toshikeikaku-kouen,
2022,expenditure,132241:2022:expenditure:approved:7d7310f8fa4685ca,assigned,09,retained,項,tama-kyoiku-gakko,
2022,expenditure,132241:2022:expenditure:approved:7d88d0bddbf1e349,assigned,10,retained,款,minsei,
2022,expenditure,132241:2022:expenditure:approved:7e4596dac5500f4b,assigned,09,retained,項,tama-saigai-bunkyo,
2022,expenditure,132241:2022:expenditure:approved:7e7a1eee08645141,assigned,10,retained,款,minsei,
2022,expenditure,132241:2022:expenditure:approved:7e903e615f559da9,assigned,03,retained,款,shobo,
2022,expenditure,132241:2022:expenditure:approved:7eab1631541c6f5c,assigned,06,retained,項,tama-doboku-jutaku,
2022,expenditure,132241:2022:expenditure:approved:7ead96f721a49b88,assigned,09,retained,項,tama-shakaikyoiku-other,
2022,expenditure,132241:2022:expenditure:approved:7eb218a56aa53278,assigned,04,retained,款,shoko,
2022,expenditure,132241:2022:expenditure:approved:7f6fb01c385d9ff0,assigned,10,retained,款,minsei,
2022,expenditure,132241:2022:expenditure:approved:7f76d227de35591b,assigned,10,retained,款,minsei,
2022,expenditure,132241:2022:expenditure:approved:7f8f1f2072f6c76a,assigned,04,retained,項,tama-nogyo,
2022,expenditure,132241:2022:expenditure:approved:7fa5f3d5cf252059,assigned,01,retained,款,somu,
2022,expenditure,132241:2022:expenditure:approved:7fefc730a34617b1,assigned,01,retained,款,somu,
2022,expenditure,132241:2022:expenditure:approved:800a07251814df04,assigned,09,retained,項,tama-kyoiku-gakko,
2022,expenditure,132241:2022:expenditure:approved:80262dbb37c57210,assigned,10,retained,款,minsei,
2022,expenditure,132241:2022:expenditure:approved:804a84303e5964bf,assigned,09,retained,項,tama-kyoiku-gakko,
2022,expenditure,132241:2022:expenditure:approved:80898163f4014613,assigned,10,retained,款,minsei,
2022,expenditure,132241:2022:expenditure:approved:80a959361f53fb72,assigned,01,retained,款,somu,
2022,expenditure,132241:2022:expenditure:approved:810e7890aebc9f36,assigned,01,retained,款,somu,
2022,expenditure,132241:2022:expenditure:approved:814f4ac5739ef10e,assigned,07,retained,項,tama-eisei-hoken,
2022,expenditure,132241:2022:expenditure:approved:81796c2ea36b17ca,assigned,04,retained,項,tama-doboku-kanri,
2022,expenditure,132241:2022:expenditure:approved:81ef759c6fb20de9,assigned,03,retained,款,shobo,
2022,expenditure,132241:2022:expenditure:approved:81f6b1304b3ae36e,assigned,09,retained,項,tama-kyoiku-gakko,
2022,expenditure,132241:2022:expenditure:approved:821793117c861244,assigned,01,retained,款,somu,
2022,expenditure,132241:2022:expenditure:approved:821b0b643d0d19c6,assigned,07,retained,項,tama-eisei-hoken,
2022,expenditure,132241:2022:expenditure:approved:82287f929e0dcb4e,assigned,01,retained,款,somu,
2022,expenditure,132241:2022:expenditure:approved:824a7058a4b02132,assigned,01,retained,款,somu,
2022,expenditure,132241:2022:expenditure:approved:82923e5058bee368,assigned,10,retained,款,minsei,
2022,expenditure,132241:2022:expenditure:approved:82a53a24cda5d044,assigned,04,retained,項,tama-doboku-doro,
2022,expenditure,132241:2022:expenditure:approved:82ba4de54e331baf,assigned,09,retained,項,tama-shakaikyoiku-other,
2022,expenditure,132241:2022:expenditure:approved:83239b81e9f7474e,assigned,10,retained,款,minsei,
2022,expenditure,132241:2022:expenditure:approved:832f4080b3bb2410,assigned,04,retained,項,tama-nogyo,
2022,expenditure,132241:2022:expenditure:approved:8333601070e4f46b,assigned,08,retained,項,tama-hokentaiiku-other,
2022,expenditure,132241:2022:expenditure:approved:837471aebf6405df,out-of-scope,"",retained,節,fund-accumulation,
2022,expenditure,132241:2022:expenditure:approved:83841fe3965ec97a,assigned,09,retained,項,tama-kyoiku-gakko,
2022,expenditure,132241:2022:expenditure:approved:838ab2daf515737a,assigned,07,retained,項,tama-eisei-hoken,
2022,expenditure,132241:2022:expenditure:approved:83b2bda80e305f2a,assigned,10,retained,款,minsei,
2022,expenditure,132241:2022:expenditure:approved:83cc9546776c54f8,assigned,05,retained,項,tama-eisei-seiso,
2022,expenditure,132241:2022:expenditure:approved:83e83305a9d208a8,assigned,01,retained,款,somu,
2022,expenditure,132241:2022:expenditure:approved:8472addf5e2bd106,assigned,01,retained,款,somu,
2022,expenditure,132241:2022:expenditure:approved:84803b849bf7170d,assigned,10,retained,款,minsei,
2022,expenditure,132241:2022:expenditure:approved:84f11c003ee3b5d1,assigned,09,retained,項,tama-kyoiku-gakko,
2022,expenditure,132241:2022:expenditure:approved:85056decba63c6ed,assigned,09,retained,項,tama-kyoiku-gakko,
2022,expenditure,132241:2022:expenditure:approved:850e88d64c368379,assigned,03,retained,款,shobo,
2022,expenditure,132241:2022:expenditure:approved:85187b37ae52ea80,assigned,08,retained,項,tama-hokentaiiku-other,
2022,expenditure,132241:2022:expenditure:approved:8519c77b9668ec33,assigned,09,retained,項,tama-shakaikyoiku-other,
2022,expenditure,132241:2022:expenditure:approved:851c4e9e7f7b5999,assigned,10,retained,款,minsei,
2022,expenditure,132241:2022:expenditure:approved:85a1daa0534ae99b,assigned,10,retained,款,minsei,
2022,expenditure,132241:2022:expenditure:approved:860420d8420379a3,assigned,01,retained,款,somu,
2022,expenditure,132241:2022:expenditure:approved:8610514ed2c925ca,assigned,01,retained,款,somu,
2022,expenditure,132241:2022:expenditure:approved:861ed2b326d55ca2,assigned,08,retained,目,tama-toshikeikaku-kouen,
2022,expenditure,132241:2022:expenditure:approved:866e897dfdb174b2,assigned,10,retained,款,minsei,
2022,expenditure,132241:2022:expenditure:approved:86721044ac36048a,assigned,09,retained,項,tama-kyoiku-gakko,
2022,expenditure,132241:2022:expenditure:approved:86844c53b6c68963,assigned,03,retained,款,shobo,
2022,expenditure,132241:2022:expenditure:approved:86c2baefa0e582ae,assigned,09,retained,項,tama-kyoiku-gakko,
2022,expenditure,132241:2022:expenditure:approved:86e63490dfe9cb82,assigned,10,retained,款,minsei,
2022,expenditure,132241:2022:expenditure:approved:86f0d22ae7283a54,assigned,07,retained,項,tama-eisei-hoken,
2022,expenditure,132241:2022:expenditure:approved:86fff2eb9ae23995,assigned,07,retained,項,tama-eisei-hoken,
2022,expenditure,132241:2022:expenditure:approved:874dea5bd5e0546f,assigned,09,retained,項,tama-shakaikyoiku-other,
2022,expenditure,132241:2022:expenditure:approved:8762f57319465789,assigned,01,retained,款,somu,
2022,expenditure,132241:2022:expenditure:approved:87f04182b5893ca4,assigned,01,retained,款,somu,
2022,expenditure,132241:2022:expenditure:approved:881c8c3ae9670d12,assigned,10,retained,款,minsei,
2022,expenditure,132241:2022:expenditure:approved:884226cb6be70e0f,assigned,04,retained,項,tama-doboku-doro,
2022,expenditure,132241:2022:expenditure:approved:88437c300dfb6baf,assigned,06,retained,項,tama-toshikeikaku-other,
2022,expenditure,132241:2022:expenditure:approved:888cc29e7fd44059,assigned,08,retained,目,tama-shakaikyoiku-toshokan,
2022,expenditure,132241:2022:expenditure:approved:890b7cd545844e6e,assigned,09,retained,項,tama-shakaikyoiku-other,
2022,expenditure,132241:2022:expenditure:approved:891e76358abd92a9,assigned,04,retained,款,shoko,
2022,expenditure,132241:2022:expenditure:approved:8948e075259d2571,assigned,01,retained,款,somu,
2022,expenditure,132241:2022:expenditure:approved:895486af078e6207,assigned,09,retained,項,tama-shakaikyoiku-other,
2022,expenditure,132241:2022:expenditure:approved:89670f453bd7eb77,assigned,04,retained,款,shoko,
2022,expenditure,132241:2022:expenditure:approved:89b641250d98eb54,assigned,08,retained,目,tama-shakaikyoiku-toshokan,
2022,expenditure,132241:2022:expenditure:approved:89f8f440036a8552,assigned,10,retained,款,minsei,
2022,expenditure,132241:2022:expenditure:approved:8a4b7c60986eaae0,assigned,08,retained,目,tama-toshikeikaku-kouen,
2022,expenditure,132241:2022:expenditure:approved:8a583de4805ca065,assigned,01,retained,款,gikai,
2022,expenditure,132241:2022:expenditure:approved:8a68825190ae45ed,assigned,01,retained,款,somu,
2022,expenditure,132241:2022:expenditure:approved:8a9bae92c61910bc,assigned,01,retained,款,somu,
2022,expenditure,132241:2022:expenditure:approved:8a9e825d8f4d36bc,assigned,09,retained,項,tama-shakaikyoiku-other,
2022,expenditure,132241:2022:expenditure:approved:8ac7e6a55e1669b9,assigned,09,retained,項,tama-kyoiku-gakko,
2022,expenditure,132241:2022:expenditure:approved:8b1a07b4c082c723,assigned,04,retained,項,tama-nogyo,
2022,expenditure,132241:2022:expenditure:approved:8b7e6e655e9b3254,assigned,01,retained,款,somu,
2022,expenditure,132241:2022:expenditure:approved:8b86138e0871e914,assigned,01,retained,款,gikai,
2022,expenditure,132241:2022:expenditure:approved:8b8ced7e9b9b4ca3,assigned,09,retained,項,tama-kyoiku-gakko,
2022,expenditure,132241:2022:expenditure:approved:8bc18add126a8356,assigned,07,retained,項,tama-eisei-hoken,
2022,expenditure,132241:2022:expenditure:approved:8c1ee8ee0d6e52ab,assigned,01,retained,款,somu,
2022,expenditure,132241:2022:expenditure:approved:8ce45f4e64d4555a,assigned,08,retained,項,tama-hokentaiiku-other,
2022,expenditure,132241:2022:expenditure:approved:8cece0a7a322f412,assigned,01,retained,款,somu,
2022,expenditure,132241:2022:expenditure:approved:8d05fa24d5a14eec,assigned,04,retained,款,shoko,
2022,expenditure,132241:2022:expenditure:approved:8d11a533870a78df,assigned,10,retained,款,minsei,
2022,expenditure,132241:2022:expenditure:approved:8d5e7f1720636d29,assigned,01,retained,款,somu,
2022,expenditure,132241:2022:expenditure:approved:8d70edb9cccfed47,assigned,08,retained,目,tama-toshikeikaku-kouen,
2022,expenditure,132241:2022:expenditure:approved:8dbdd2b2d8524cc7,assigned,10,retained,款,minsei,
2022,expenditure,132241:2022:expenditure:approved:8dc47e5d78478cc3,assigned,10,retained,款,minsei,
2022,expenditure,132241:2022:expenditure:approved:8e02c248e2afc252,out-of-scope,"",retained,項,tama-shokitte,
2022,expenditure,132241:2022:expenditure:approved:8e1eafbbd2eeb013,assigned,10,retained,款,minsei,
2022,expenditure,132241:2022:expenditure:approved:8e7d47540a945e0c,assigned,09,retained,項,tama-kyoiku-gakko,
2022,expenditure,132241:2022:expenditure:approved:8ebf4a3ae0605252,assigned,09,retained,項,tama-shakaikyoiku-other,
2022,expenditure,132241:2022:expenditure:approved:8f41989816b8a9cb,assigned,06,retained,項,tama-doboku-jutaku,
2022,expenditure,132241:2022:expenditure:approved:8f67a7646f4389ea,assigned,01,retained,款,somu,
2022,expenditure,132241:2022:expenditure:approved:8f6eebac4f8018d3,assigned,10,retained,款,minsei,
2022,expenditure,132241:2022:expenditure:approved:8f9e14c565e3a359,assigned,05,retained,項,tama-eisei-seiso,
2022,expenditure,132241:2022:expenditure:approved:8fa5ca6d0ed83510,assigned,09,retained,項,tama-kyoiku-gakko,
2022,expenditure,132241:2022:expenditure:approved:8fb56da7c458ac12,assigned,09,retained,項,tama-shakaikyoiku-other,
2022,expenditure,132241:2022:expenditure:approved:8fc38cb9c875cd99,assigned,10,retained,款,minsei,
2022,expenditure,132241:2022:expenditure:approved:8fc9a7764182c311,assigned,10,retained,款,minsei,
2022,expenditure,132241:2022:expenditure:approved:9004921f71ba3321,assigned,09,retained,目,tama-hokentaiiku-kyushoku,
2022,expenditure,132241:2022:expenditure:approved:90567d95006215cc,assigned,01,retained,款,somu,
2022,expenditure,132241:2022:expenditure:approved:907db42e2a7683f1,assigned,05,retained,項,tama-eisei-seiso,
2022,expenditure,132241:2022:expenditure:approved:90a55d42a3839b48,assigned,01,retained,款,somu,
2022,expenditure,132241:2022:expenditure:approved:90aa5dc781072a16,assigned,09,retained,項,tama-kyoiku-gakko,
2022,expenditure,132241:2022:expenditure:approved:90b1e90e76630fcf,assigned,09,retained,項,tama-kyoiku-gakko,
2022,expenditure,132241:2022:expenditure:approved:90bbf847d5c1422d,assigned,07,retained,項,tama-eisei-hoken,
2022,expenditure,132241:2022:expenditure:approved:90eba65a582acc74,assigned,10,retained,款,minsei,
2022,expenditure,132241:2022:expenditure:approved:90f3544d9c6c89a5,assigned,07,retained,項,tama-eisei-hoken,
2022,expenditure,132241:2022:expenditure:approved:911ca9fad3d7da64,assigned,09,retained,項,tama-shakaikyoiku-other,
2022,expenditure,132241:2022:expenditure:approved:91229a0a89303abf,assigned,09,retained,目,tama-hokentaiiku-kyushoku,
2022,expenditure,132241:2022:expenditure:approved:91247a5fed0e86ad,assigned,10,retained,款,minsei,
2022,expenditure,132241:2022:expenditure:approved:91391690dfb1ace2,assigned,09,retained,項,tama-kyoiku-gakko,
2022,expenditure,132241:2022:expenditure:approved:91632b7db006f04e,assigned,01,retained,款,somu,
2022,expenditure,132241:2022:expenditure:approved:91bcb1f2d5954ca0,assigned,09,retained,項,tama-shakaikyoiku-other,
2022,expenditure,132241:2022:expenditure:approved:91e0010f83909330,assigned,05,retained,項,tama-eisei-seiso,
2022,expenditure,132241:2022:expenditure:approved:91f8708a7b2e1896,assigned,08,retained,目,tama-toshikeikaku-kouen,
2022,expenditure,132241:2022:expenditure:approved:9206a2315e04c9c5,assigned,09,retained,項,tama-shakaikyoiku-other,
2022,expenditure,132241:2022:expenditure:approved:923343130542c40d,assigned,03,retained,款,shobo,
2022,expenditure,132241:2022:expenditure:approved:923bff2b8b5073e4,assigned,08,retained,項,tama-hokentaiiku-other,
2022,expenditure,132241:2022:expenditure:approved:924fcb1680a1be26,assigned,01,retained,款,somu,
2022,expenditure,132241:2022:expenditure:approved:925924d44f2eecdd,assigned,06,retained,項,tama-toshikeikaku-other,
2022,expenditure,132241:2022:expenditure:approved:9270648035d38646,assigned,03,retained,款,shobo,
2022,expenditure,132241:2022:expenditure:approved:92ae221932203370,assigned,10,retained,款,minsei,
2022,expenditure,132241:2022:expenditure:approved:92fd011ecc3869e3,assigned,01,retained,款,somu,
2022,expenditure,132241:2022:expenditure:approved:933d299e19cd7626,assigned,10,retained,款,minsei,
2022,expenditure,132241:2022:expenditure:approved:9357e4d28573ac87,assigned,04,retained,項,tama-doboku-doro,
2022,expenditure,132241:2022:expenditure:approved:943001db129f5ebf,assigned,01,retained,款,somu,
2022,expenditure,132241:2022:expenditure:approved:9432dd63c5baf061,assigned,01,retained,款,somu,
2022,expenditure,132241:2022:expenditure:approved:9433b3b8fb05c206,assigned,10,retained,款,minsei,
2022,expenditure,132241:2022:expenditure:approved:9473ab4f9e35ad65,assigned,04,retained,款,shoko,
2022,expenditure,132241:2022:expenditure:approved:948726d0cfd90ce4,assigned,03,retained,款,shobo,
2022,expenditure,132241:2022:expenditure:approved:9509bbf9548d9b35,assigned,01,retained,款,somu,
2022,expenditure,132241:2022:expenditure:approved:951df6741a8747c8,assigned,01,retained,款,somu,
2022,expenditure,132241:2022:expenditure:approved:95476feb94a81a0a,assigned,01,retained,款,somu,
2022,expenditure,132241:2022:expenditure:approved:958926034235ea75,assigned,01,retained,款,somu,
2022,expenditure,132241:2022:expenditure:approved:976a0950f1df57ad,assigned,05,retained,項,tama-eisei-seiso,
2022,expenditure,132241:2022:expenditure:approved:97f4d291cdd913a3,assigned,07,retained,項,tama-eisei-hoken,
2022,expenditure,132241:2022:expenditure:approved:983cbca20df46eee,assigned,01,retained,款,somu,
2022,expenditure,132241:2022:expenditure:approved:9850d33055da0f3f,assigned,10,retained,款,minsei,
2022,expenditure,132241:2022:expenditure:approved:98532f4aa3e9f44b,assigned,10,retained,款,minsei,
2022,expenditure,132241:2022:expenditure:approved:98f8e87132a8d59e,assigned,01,retained,款,somu,
2022,expenditure,132241:2022:expenditure:approved:9902cc4a4a97caaa,assigned,01,retained,款,somu,
2022,expenditure,132241:2022:expenditure:approved:990e1e57f6a3bb87,assigned,09,retained,項,tama-shakaikyoiku-other,
2022,expenditure,132241:2022:expenditure:approved:993f2c1f9c036d81,assigned,04,retained,款,shoko,
2022,expenditure,132241:2022:expenditure:approved:999357925d76338b,assigned,10,retained,款,minsei,
2022,expenditure,132241:2022:expenditure:approved:99a00a11ae400a1d,assigned,04,retained,項,tama-doboku-doro,
2022,expenditure,132241:2022:expenditure:approved:99ae2fc0718ab681,assigned,01,retained,款,somu,
2022,expenditure,132241:2022:expenditure:approved:99fe57d65b872647,assigned,10,retained,款,minsei,
2022,expenditure,132241:2022:expenditure:approved:9a1578ee8a243b01,assigned,01,retained,款,somu,
2022,expenditure,132241:2022:expenditure:approved:9a16c78eedd8976d,assigned,01,retained,款,somu,
2022,expenditure,132241:2022:expenditure:approved:9a2d22857d7e76c9,assigned,04,retained,款,shoko,
2022,expenditure,132241:2022:expenditure:approved:9a5c8fb6cf88a7fa,assigned,01,retained,款,somu,
2022,expenditure,132241:2022:expenditure:approved:9ad71d6d6ecf3cd5,assigned,08,retained,項,tama-hokentaiiku-other,
2022,expenditure,132241:2022:expenditure:approved:9ae292051e56264b,assigned,01,retained,款,somu,
2022,expenditure,132241:2022:expenditure:approved:9ae2a8b37fcf0ddf,assigned,10,retained,款,minsei,
2022,expenditure,132241:2022:expenditure:approved:9bb0aa411c1979ce,assigned,01,retained,款,somu,
2022,expenditure,132241:2022:expenditure:approved:9bddfad9dbe7ea78,assigned,08,retained,項,tama-hokentaiiku-other,
2022,expenditure,132241:2022:expenditure:approved:9c1372bb7fed2cd5,assigned,08,retained,項,tama-hokentaiiku-other,
2022,expenditure,132241:2022:expenditure:approved:9c2121e1d6fed3a4,assigned,07,retained,項,tama-eisei-hoken,
2022,expenditure,132241:2022:expenditure:approved:9c7ceb1ad6770be3,assigned,07,retained,項,tama-eisei-hoken,
2022,expenditure,132241:2022:expenditure:approved:9c9b62055e682e69,assigned,07,retained,項,tama-eisei-hoken,
2022,expenditure,132241:2022:expenditure:approved:9cbbc0a65f91106c,assigned,07,retained,項,tama-eisei-hoken,
2022,expenditure,132241:2022:expenditure:approved:9d1951b8579a9349,assigned,10,retained,款,minsei,
2022,expenditure,132241:2022:expenditure:approved:9d70805b6be0e48c,assigned,10,retained,款,minsei,
2022,expenditure,132241:2022:expenditure:approved:9d8c338339430001,assigned,10,retained,款,minsei,
2022,expenditure,132241:2022:expenditure:approved:9e197f51f9d8ef41,assigned,08,retained,目,tama-shakaikyoiku-toshokan,
2022,expenditure,132241:2022:expenditure:approved:9e264cec986aa1fd,assigned,09,retained,項,tama-shakaikyoiku-other,
2022,expenditure,132241:2022:expenditure:approved:9e5e0ffc1b7e42be,assigned,10,retained,款,minsei,
2022,expenditure,132241:2022:expenditure:approved:9e954e08e4b56972,assigned,08,retained,目,tama-shakaikyoiku-toshokan,
2022,expenditure,132241:2022:expenditure:approved:9e9619842f624f48,assigned,10,retained,款,minsei,
2022,expenditure,132241:2022:expenditure:approved:9eaaf0b471be1cd4,assigned,01,retained,款,somu,
2022,expenditure,132241:2022:expenditure:approved:9ecc7c88a835ff96,assigned,08,retained,項,tama-hokentaiiku-other,
2022,expenditure,132241:2022:expenditure:approved:9f0226413b264bfe,assigned,09,retained,項,tama-shakaikyoiku-other,
2022,expenditure,132241:2022:expenditure:approved:9f78c11545856759,assigned,07,retained,項,tama-eisei-hoken,
2022,expenditure,132241:2022:expenditure:approved:9f7ea12ced901c26,assigned,10,retained,款,minsei,
2022,expenditure,132241:2022:expenditure:approved:9fa2439c392b286f,assigned,10,retained,款,minsei,
2022,expenditure,132241:2022:expenditure:approved:a007644521a70d3d,assigned,04,retained,項,tama-nogyo,
2022,expenditure,132241:2022:expenditure:approved:a035afe11efa3724,assigned,01,retained,款,somu,
2022,expenditure,132241:2022:expenditure:approved:a04778d8b3b4cf7e,assigned,09,retained,項,tama-kyoiku-gakko,
2022,expenditure,132241:2022:expenditure:approved:a0a7a8e5aafc55aa,assigned,04,retained,款,shoko,
2022,expenditure,132241:2022:expenditure:approved:a0a8f6c2673154b3,assigned,01,retained,款,somu,
2022,expenditure,132241:2022:expenditure:approved:a0f2431bcfa21ed6,assigned,09,retained,項,tama-shakaikyoiku-other,
2022,expenditure,132241:2022:expenditure:approved:a0f661c49b55985a,assigned,01,retained,款,somu,
2022,expenditure,132241:2022:expenditure:approved:a19c817ed2e2930c,assigned,09,retained,項,tama-kyoiku-gakko,
2022,expenditure,132241:2022:expenditure:approved:a1ad396283ab2197,assigned,01,retained,款,somu,
2022,expenditure,132241:2022:expenditure:approved:a1bac674d38c6545,assigned,09,retained,項,tama-kyoiku-gakko,
2022,expenditure,132241:2022:expenditure:approved:a1de5f31578b12e7,assigned,04,retained,款,shoko,
2022,expenditure,132241:2022:expenditure:approved:a21c12a244365fe4,assigned,06,retained,項,tama-doboku-jutaku,
2022,expenditure,132241:2022:expenditure:approved:a29b3d6a95f8e143,assigned,05,retained,項,tama-eisei-seiso,
2022,expenditure,132241:2022:expenditure:approved:a2e134846d9c03b5,assigned,07,retained,項,tama-eisei-hoken,
2022,expenditure,132241:2022:expenditure:approved:a2ffd0c9f713ca15,assigned,01,retained,款,somu,
2022,expenditure,132241:2022:expenditure:approved:a30ed74f4291f3b7,assigned,05,retained,項,tama-eisei-seiso,
2022,expenditure,132241:2022:expenditure:approved:a32be67fd9570d7b,assigned,08,retained,項,tama-hokentaiiku-other,
2022,expenditure,132241:2022:expenditure:approved:a37977f9ecd0f610,assigned,08,retained,目,tama-toshikeikaku-kouen,
2022,expenditure,132241:2022:expenditure:approved:a3bb1d2e4c93e155,assigned,01,retained,款,somu,
2022,expenditure,132241:2022:expenditure:approved:a3d9e7cf7d5338bc,assigned,08,retained,目,tama-shakaikyoiku-toshokan,
2022,expenditure,132241:2022:expenditure:approved:a4544c728ca73766,assigned,09,retained,目,tama-hokentaiiku-kyushoku,
2022,expenditure,132241:2022:expenditure:approved:a458d389eb64de03,assigned,01,retained,款,somu,
2022,expenditure,132241:2022:expenditure:approved:a4a1b8b298e19f61,assigned,10,retained,款,minsei,
2022,expenditure,132241:2022:expenditure:approved:a4e466aaff2174a7,assigned,08,retained,目,tama-shakaikyoiku-toshokan,
2022,expenditure,132241:2022:expenditure:approved:a530af0c29e842d5,assigned,01,retained,款,somu,
2022,expenditure,132241:2022:expenditure:approved:a5e575328d036a63,assigned,10,retained,款,minsei,
2022,expenditure,132241:2022:expenditure:approved:a5eb952b9ea52cde,assigned,01,retained,款,somu,
2022,expenditure,132241:2022:expenditure:approved:a61cdb3897d2b5d0,assigned,01,retained,款,somu,
2022,expenditure,132241:2022:expenditure:approved:a61d7f4d2861833f,assigned,10,retained,款,minsei,
2022,expenditure,132241:2022:expenditure:approved:a676116082490d0b,assigned,01,retained,款,somu,
2022,expenditure,132241:2022:expenditure:approved:a69ab3bb58a64bb7,assigned,09,retained,項,tama-shakaikyoiku-other,
2022,expenditure,132241:2022:expenditure:approved:a6ee2c4c6ebd479c,assigned,07,retained,項,tama-eisei-hoken,
2022,expenditure,132241:2022:expenditure:approved:a77dd96c5a7305be,assigned,08,retained,目,tama-toshikeikaku-kouen,
2022,expenditure,132241:2022:expenditure:approved:a7fa888482c0df74,assigned,08,retained,項,tama-hokentaiiku-other,
2022,expenditure,132241:2022:expenditure:approved:a84f5481cde22a5d,assigned,01,retained,款,somu,
2022,expenditure,132241:2022:expenditure:approved:a8d94ee726e40e3a,assigned,08,retained,目,tama-shakaikyoiku-toshokan,
2022,expenditure,132241:2022:expenditure:approved:a8facc3b14828152,assigned,01,retained,款,somu,
2022,expenditure,132241:2022:expenditure:approved:a90054f3008fa19f,assigned,08,retained,目,tama-shakaikyoiku-toshokan,
2022,expenditure,132241:2022:expenditure:approved:a92c5f8e823219c5,assigned,09,retained,項,tama-kyoiku-gakko,
2022,expenditure,132241:2022:expenditure:approved:a9360e17d2133fa2,assigned,01,retained,款,somu,
2022,expenditure,132241:2022:expenditure:approved:a963011255e75fad,assigned,08,retained,項,tama-hokentaiiku-other,
2022,expenditure,132241:2022:expenditure:approved:a9858c6a9a352d50,assigned,10,retained,款,minsei,
2022,expenditure,132241:2022:expenditure:approved:a98919d4d2bb8f19,assigned,05,retained,項,tama-eisei-seiso,
2022,expenditure,132241:2022:expenditure:approved:a9d4434ee04742ee,assigned,09,retained,項,tama-kyoiku-gakko,
2022,expenditure,132241:2022:expenditure:approved:a9e08d36470150a7,assigned,10,retained,款,minsei,
2022,expenditure,132241:2022:expenditure:approved:a9f13fd478ef37a2,assigned,09,retained,項,tama-kyoiku-gakko,
2022,expenditure,132241:2022:expenditure:approved:a9f78575cb619921,assigned,07,retained,項,tama-eisei-hoken,
2022,expenditure,132241:2022:expenditure:approved:a9fd008bf2afab5e,assigned,04,retained,項,tama-saigai-doboku,
2022,expenditure,132241:2022:expenditure:approved:aa015742d4516a3e,assigned,01,retained,款,somu,
2022,expenditure,132241:2022:expenditure:approved:aa105d7a8fde33c6,assigned,09,retained,項,tama-kyoiku-gakko,
2022,expenditure,132241:2022:expenditure:approved:aa65dc75d12947d7,assigned,09,retained,項,tama-kyoiku-gakko,
2022,expenditure,132241:2022:expenditure:approved:aabdd994d8eb7a50,assigned,10,retained,款,minsei,
2022,expenditure,132241:2022:expenditure:approved:aad443778c8846a2,assigned,01,retained,款,somu,
2022,expenditure,132241:2022:expenditure:approved:aad4b04589cadd36,assigned,10,retained,款,minsei,
2022,expenditure,132241:2022:expenditure:approved:aadb3f10ad1109d7,assigned,01,retained,款,somu,
2022,expenditure,132241:2022:expenditure:approved:aae5b7af8678ae9f,assigned,06,retained,項,tama-toshikeikaku-other,
2022,expenditure,132241:2022:expenditure:approved:aaf2c8de10fc4a1a,assigned,10,retained,款,minsei,
2022,expenditure,132241:2022:expenditure:approved:ab67cce341c57d2e,assigned,04,retained,款,shoko,
2022,expenditure,132241:2022:expenditure:approved:ab714f90f43d95dd,assigned,01,retained,款,somu,
2022,expenditure,132241:2022:expenditure:approved:abd5a9a1b5ef3df2,assigned,07,retained,項,tama-eisei-hoken,
2022,expenditure,132241:2022:expenditure:approved:abd779d27627d8fd,assigned,03,retained,款,shobo,
2022,expenditure,132241:2022:expenditure:approved:abee4bd66a535507,assigned,01,retained,款,somu,
2022,expenditure,132241:2022:expenditure:approved:ac15119a01006acd,assigned,01,retained,款,somu,
2022,expenditure,132241:2022:expenditure:approved:ac6af633d98f1ae9,assigned,08,retained,目,tama-toshikeikaku-kouen,
2022,expenditure,132241:2022:expenditure:approved:ac71d8dbe5bbb948,assigned,04,retained,款,shoko,
2022,expenditure,132241:2022:expenditure:approved:ace6e89923412a24,assigned,06,retained,項,tama-doboku-jutaku,
2022,expenditure,132241:2022:expenditure:approved:ad8e56882b8353ac,assigned,01,retained,款,somu,
2022,expenditure,132241:2022:expenditure:approved:ad91e953158ed7ee,assigned,09,retained,項,tama-shakaikyoiku-other,
2022,expenditure,132241:2022:expenditure:approved:adf1a2c4576ff5d6,assigned,01,retained,款,somu,
2022,expenditure,132241:2022:expenditure:approved:ae04692676e3b3ae,assigned,01,retained,款,somu,
2022,expenditure,132241:2022:expenditure:approved:ae10238e307ca182,assigned,10,retained,款,minsei,
2022,expenditure,132241:2022:expenditure:approved:ae1086e65d3a561a,assigned,04,retained,項,tama-doboku-doro,
2022,expenditure,132241:2022:expenditure:approved:ae6a36e1d69cc962,assigned,10,retained,款,minsei,
2022,expenditure,132241:2022:expenditure:approved:aea519a571c661ec,assigned,01,retained,款,somu,
2022,expenditure,132241:2022:expenditure:approved:af111f54201db6f4,assigned,10,retained,款,minsei,
2022,expenditure,132241:2022:expenditure:approved:af1a7f194fecb877,assigned,10,retained,款,minsei,
2022,expenditure,132241:2022:expenditure:approved:af4577506fb502e2,assigned,01,retained,款,somu,
2022,expenditure,132241:2022:expenditure:approved:af662c7821787a0f,assigned,08,retained,目,tama-shakaikyoiku-toshokan,
2022,expenditure,132241:2022:expenditure:approved:af95645fd675f117,assigned,01,retained,款,somu,
2022,expenditure,132241:2022:expenditure:approved:af95c8b51b42cfbb,assigned,10,retained,款,minsei,
2022,expenditure,132241:2022:expenditure:approved:af988fe97b3aae10,assigned,04,retained,款,shoko,
2022,expenditure,132241:2022:expenditure:approved:af9da0c4e1ff1720,assigned,09,retained,項,tama-shakaikyoiku-other,
2022,expenditure,132241:2022:expenditure:approved:afac30ab8f19283c,assigned,09,retained,項,tama-shakaikyoiku-other,
2022,expenditure,132241:2022:expenditure:approved:afd395fb85c26ab0,assigned,01,retained,款,somu,
2022,expenditure,132241:2022:expenditure:approved:afdf41cd6b98456f,assigned,01,retained,款,somu,
2022,expenditure,132241:2022:expenditure:approved:afe0c47afa8e73a9,assigned,01,retained,款,somu,
2022,expenditure,132241:2022:expenditure:approved:afeb94bfbc1bebca,assigned,09,retained,項,tama-shakaikyoiku-other,
2022,expenditure,132241:2022:expenditure:approved:aff5321f1525e6d5,assigned,07,retained,項,tama-eisei-hoken,
2022,expenditure,132241:2022:expenditure:approved:aff69cfedb572d1d,assigned,01,retained,款,somu,
2022,expenditure,132241:2022:expenditure:approved:b0547727f91d7fde,assigned,10,retained,款,minsei,
2022,expenditure,132241:2022:expenditure:approved:b083c122192c2a68,assigned,01,retained,款,somu,
2022,expenditure,132241:2022:expenditure:approved:b0a7f471cdc8b90d,assigned,01,retained,款,somu,
2022,expenditure,132241:2022:expenditure:approved:b0cac30ad326fbf0,assigned,01,retained,款,somu,
2022,expenditure,132241:2022:expenditure:approved:b0eb78b70b3a8873,assigned,09,retained,項,tama-kyoiku-gakko,
2022,expenditure,132241:2022:expenditure:approved:b0f0a68af9619f46,assigned,09,retained,項,tama-kyoiku-gakko,
2022,expenditure,132241:2022:expenditure:approved:b1027db285e0ef6a,assigned,09,retained,項,tama-shakaikyoiku-other,
2022,expenditure,132241:2022:expenditure:approved:b1539f6efe1e914e,assigned,04,retained,款,rodo,
2022,expenditure,132241:2022:expenditure:approved:b15ad7d587f731a5,assigned,04,retained,項,tama-nogyo,
2022,expenditure,132241:2022:expenditure:approved:b15ccb67b77218fe,assigned,01,retained,款,somu,
2022,expenditure,132241:2022:expenditure:approved:b16a606662216592,assigned,09,retained,項,tama-kyoiku-gakko,
2022,expenditure,132241:2022:expenditure:approved:b173f5b0a9cf2642,assigned,01,retained,款,somu,
2022,expenditure,132241:2022:expenditure:approved:b196e6ff1bf7c230,assigned,01,retained,款,somu,
2022,expenditure,132241:2022:expenditure:approved:b20f14b932d918b6,assigned,10,retained,款,minsei,
2022,expenditure,132241:2022:expenditure:approved:b214cd567a4fefb7,assigned,09,retained,項,tama-kyoiku-gakko,
2022,expenditure,132241:2022:expenditure:approved:b286d1e43082a73e,assigned,10,retained,款,minsei,
2022,expenditure,132241:2022:expenditure:approved:b28a6685b50190b0,assigned,03,retained,款,shobo,
2022,expenditure,132241:2022:expenditure:approved:b2f27c4363356465,assigned,01,retained,款,somu,
2022,expenditure,132241:2022:expenditure:approved:b311eeaf2ed4e97d,assigned,04,retained,款,shoko,
2022,expenditure,132241:2022:expenditure:approved:b320532d1ec2beb8,assigned,09,retained,項,tama-kyoiku-gakko,
2022,expenditure,132241:2022:expenditure:approved:b3827492c576a3bb,assigned,10,retained,款,minsei,
2022,expenditure,132241:2022:expenditure:approved:b39d0e2e0b5f446d,assigned,07,retained,項,tama-eisei-hoken,
2022,expenditure,132241:2022:expenditure:approved:b411baaca4d77be3,assigned,01,retained,款,somu,
2022,expenditure,132241:2022:expenditure:approved:b4359e60ae3742cb,assigned,04,retained,項,tama-doboku-doro,
2022,expenditure,132241:2022:expenditure:approved:b438f68d0e8502cc,assigned,01,retained,款,somu,
2022,expenditure,132241:2022:expenditure:approved:b43ab4e5851bfb8a,assigned,01,retained,款,somu,
2022,expenditure,132241:2022:expenditure:approved:b44dbce4ea33107c,assigned,09,retained,項,tama-shakaikyoiku-other,
2022,expenditure,132241:2022:expenditure:approved:b44e815798de58fd,assigned,01,retained,款,somu,
2022,expenditure,132241:2022:expenditure:approved:b45c157c6a0af3c6,assigned,09,retained,項,tama-shakaikyoiku-other,
2022,expenditure,132241:2022:expenditure:approved:b47672310bf925d4,assigned,01,retained,款,somu,
2022,expenditure,132241:2022:expenditure:approved:b47f58f4380dd892,assigned,01,retained,款,somu,
2022,expenditure,132241:2022:expenditure:approved:b4c0090b7a75f5cd,assigned,01,retained,款,somu,
2022,expenditure,132241:2022:expenditure:approved:b4f79cfddf0fa399,assigned,09,retained,項,tama-kyoiku-gakko,
2022,expenditure,132241:2022:expenditure:approved:b5b35192d67ee206,assigned,01,retained,款,somu,
2022,expenditure,132241:2022:expenditure:approved:b61be2e0c16c3763,assigned,01,retained,款,somu,
2022,expenditure,132241:2022:expenditure:approved:b6380fe2509b6108,assigned,01,retained,款,somu,
2022,expenditure,132241:2022:expenditure:approved:b64f6fadcedb5aa2,assigned,09,retained,項,tama-kyoiku-gakko,
2022,expenditure,132241:2022:expenditure:approved:b6666abdf2547bcf,out-of-scope,"",retained,節,fund-accumulation,
2022,expenditure,132241:2022:expenditure:approved:b6819c3be4413093,assigned,01,retained,款,somu,
2022,expenditure,132241:2022:expenditure:approved:b68b31054575b2ca,assigned,05,retained,項,tama-eisei-seiso,
2022,expenditure,132241:2022:expenditure:approved:b68b891369abb8e7,assigned,01,retained,款,somu,
2022,expenditure,132241:2022:expenditure:approved:b71113603c84610f,assigned,09,retained,項,tama-kyoiku-gakko,
2022,expenditure,132241:2022:expenditure:approved:b7177ac4c10809ee,assigned,06,retained,項,tama-toshikeikaku-other,
2022,expenditure,132241:2022:expenditure:approved:b73844ac947f5af2,assigned,09,retained,項,tama-shakaikyoiku-other,
2022,expenditure,132241:2022:expenditure:approved:b77c16ea4d1a77df,assigned,09,retained,項,tama-kyoiku-gakko,
2022,expenditure,132241:2022:expenditure:approved:b7ae12c05015df5c,assigned,10,retained,款,minsei,
2022,expenditure,132241:2022:expenditure:approved:b7ba9f1151bf078c,assigned,10,retained,款,minsei,
2022,expenditure,132241:2022:expenditure:approved:b7f0df70934d9e77,assigned,08,retained,項,tama-hokentaiiku-other,
2022,expenditure,132241:2022:expenditure:approved:b81ac8d5356829fb,assigned,01,retained,款,somu,
2022,expenditure,132241:2022:expenditure:approved:b868066b517fc90f,assigned,03,retained,款,shobo,
2022,expenditure,132241:2022:expenditure:approved:b86a47f139be4167,assigned,06,retained,項,tama-toshikeikaku-other,
2022,expenditure,132241:2022:expenditure:approved:b86de8bce528a345,assigned,07,retained,項,tama-eisei-hoken,
2022,expenditure,132241:2022:expenditure:approved:b88cfa8fbdd173c1,assigned,03,retained,款,shobo,
2022,expenditure,132241:2022:expenditure:approved:b89e34e0b2956d37,assigned,10,retained,款,minsei,
2022,expenditure,132241:2022:expenditure:approved:b8f719d1c0e5a40d,assigned,01,retained,款,somu,
2022,expenditure,132241:2022:expenditure:approved:b8fe3a2d201924d9,assigned,08,retained,目,tama-toshikeikaku-kouen,
2022,expenditure,132241:2022:expenditure:approved:b90bbc7a8f64550f,assigned,01,retained,款,somu,
2022,expenditure,132241:2022:expenditure:approved:b963400f8e19ac41,assigned,01,retained,款,somu,
2022,expenditure,132241:2022:expenditure:approved:b9cc90d8c655b00e,assigned,10,retained,款,minsei,
2022,expenditure,132241:2022:expenditure:approved:b9f4b81b57322b85,assigned,10,retained,款,minsei,
2022,expenditure,132241:2022:expenditure:approved:ba11f56275e3397a,assigned,01,retained,款,somu,
2022,expenditure,132241:2022:expenditure:approved:ba5348e5e6e8b0e5,assigned,01,retained,款,somu,
2022,expenditure,132241:2022:expenditure:approved:ba621a6bf06aadc7,assigned,01,retained,款,somu,
2022,expenditure,132241:2022:expenditure:approved:bab5b293ddabaae2,assigned,01,retained,款,somu,
2022,expenditure,132241:2022:expenditure:approved:bac7f3f59ab0616d,assigned,08,retained,目,tama-shakaikyoiku-toshokan,
2022,expenditure,132241:2022:expenditure:approved:bae077a8efe884d9,assigned,10,retained,款,minsei,
2022,expenditure,132241:2022:expenditure:approved:bb546d24dddd2aef,assigned,09,retained,項,tama-kyoiku-gakko,
2022,expenditure,132241:2022:expenditure:approved:bc0d46c68d6188a1,assigned,01,retained,款,somu,
2022,expenditure,132241:2022:expenditure:approved:bc12b1df6930e13f,assigned,01,retained,款,somu,
2022,expenditure,132241:2022:expenditure:approved:bc92176c0fe4d2c8,assigned,01,retained,款,gikai,
2022,expenditure,132241:2022:expenditure:approved:bca78d31519c0d2e,assigned,07,retained,項,tama-eisei-hoken,
2022,expenditure,132241:2022:expenditure:approved:bcb7222382c87329,assigned,08,retained,目,tama-shakaikyoiku-toshokan,
2022,expenditure,132241:2022:expenditure:approved:bcc18dbfdf032603,assigned,09,retained,項,tama-kyoiku-gakko,
2022,expenditure,132241:2022:expenditure:approved:bcdb04c30b7c1711,assigned,09,retained,項,tama-kyoiku-gakko,
2022,expenditure,132241:2022:expenditure:approved:bd0ec8b3fdf700f7,assigned,10,retained,款,minsei,
2022,expenditure,132241:2022:expenditure:approved:bd31e6133bb9a93f,assigned,10,retained,款,minsei,
2022,expenditure,132241:2022:expenditure:approved:bd4519de1b51e29b,assigned,10,retained,款,minsei,
2022,expenditure,132241:2022:expenditure:approved:bda2c4d0c526c38a,assigned,09,retained,項,tama-kyoiku-gakko,
2022,expenditure,132241:2022:expenditure:approved:bdbe6fbdec24c8cf,assigned,01,retained,款,somu,
2022,expenditure,132241:2022:expenditure:approved:bdc128a7d1462dd5,assigned,04,retained,項,tama-nogyo,
2022,expenditure,132241:2022:expenditure:approved:be12958799314e99,assigned,10,retained,款,minsei,
2022,expenditure,132241:2022:expenditure:approved:be2fff0a535cdd69,assigned,10,retained,款,minsei,
2022,expenditure,132241:2022:expenditure:approved:be5593f544959861,assigned,07,retained,項,tama-eisei-hoken,
2022,expenditure,132241:2022:expenditure:approved:be85a2902ea60bf9,assigned,03,retained,款,shobo,
2022,expenditure,132241:2022:expenditure:approved:bef023df25741b63,assigned,01,retained,款,somu,
2022,expenditure,132241:2022:expenditure:approved:bf1827eb76102db2,assigned,01,retained,款,somu,
2022,expenditure,132241:2022:expenditure:approved:bf73e54e6736bb31,assigned,05,retained,項,tama-eisei-seiso,
2022,expenditure,132241:2022:expenditure:approved:bf7432dc935cb5ca,assigned,09,retained,項,tama-kyoiku-gakko,
2022,expenditure,132241:2022:expenditure:approved:bf80960c602e5c77,assigned,06,retained,項,tama-doboku-jutaku,
2022,expenditure,132241:2022:expenditure:approved:bfa9fc280186f25d,assigned,08,retained,目,tama-shakaikyoiku-toshokan,
2022,expenditure,132241:2022:expenditure:approved:bffb60fc27de0e5c,assigned,01,retained,款,somu,
2022,expenditure,132241:2022:expenditure:approved:c00576da4168806d,assigned,05,retained,項,tama-eisei-seiso,
2022,expenditure,132241:2022:expenditure:approved:c0128d71d07ed13f,assigned,01,retained,款,somu,
2022,expenditure,132241:2022:expenditure:approved:c020a63f5cca8930,assigned,01,retained,款,somu,
2022,expenditure,132241:2022:expenditure:approved:c04e1735de1a89c2,assigned,10,retained,款,minsei,
2022,expenditure,132241:2022:expenditure:approved:c057cde40fba10bc,assigned,07,retained,項,tama-eisei-hoken,
2022,expenditure,132241:2022:expenditure:approved:c05c7d420057eba6,assigned,08,retained,目,tama-shakaikyoiku-toshokan,
2022,expenditure,132241:2022:expenditure:approved:c0a29bb5bf7d6405,assigned,03,retained,款,shobo,
2022,expenditure,132241:2022:expenditure:approved:c0f5acf048a80314,assigned,01,retained,款,somu,
2022,expenditure,132241:2022:expenditure:approved:c132784beb4f6777,assigned,09,retained,項,tama-kyoiku-gakko,
2022,expenditure,132241:2022:expenditure:approved:c146dfe176d12140,assigned,07,retained,項,tama-eisei-hoken,
2022,expenditure,132241:2022:expenditure:approved:c16427ea9a2c1085,assigned,01,retained,款,somu,
2022,expenditure,132241:2022:expenditure:approved:c16cfed29c832ec2,assigned,01,retained,款,somu,
2022,expenditure,132241:2022:expenditure:approved:c17dac63defac07c,out-of-scope,"",retained,節,fund-accumulation,
2022,expenditure,132241:2022:expenditure:approved:c18d167f688e9c63,assigned,09,retained,項,tama-kyoiku-gakko,
2022,expenditure,132241:2022:expenditure:approved:c1cdd985b1a03ad6,assigned,10,retained,款,minsei,
2022,expenditure,132241:2022:expenditure:approved:c1d51fe3dd384573,assigned,08,retained,目,tama-shakaikyoiku-toshokan,
2022,expenditure,132241:2022:expenditure:approved:c21e4992f226ad69,assigned,09,retained,項,tama-kyoiku-gakko,
2022,expenditure,132241:2022:expenditure:approved:c23e847334f70d40,assigned,09,retained,項,tama-shakaikyoiku-other,
2022,expenditure,132241:2022:expenditure:approved:c246d2e715574299,assigned,01,retained,款,somu,
2022,expenditure,132241:2022:expenditure:approved:c25b45eb50d3d183,assigned,01,retained,款,somu,
2022,expenditure,132241:2022:expenditure:approved:c265aa05f8d6eb87,assigned,01,retained,款,somu,
2022,expenditure,132241:2022:expenditure:approved:c2871d162a753cb4,assigned,05,retained,項,tama-eisei-seiso,
2022,expenditure,132241:2022:expenditure:approved:c2ce041ed386e4ef,assigned,09,retained,項,tama-shakaikyoiku-other,
2022,expenditure,132241:2022:expenditure:approved:c2d726ec4b542cce,assigned,08,retained,目,tama-toshikeikaku-kouen,
2022,expenditure,132241:2022:expenditure:approved:c2ee6abee379e1d2,assigned,05,retained,項,tama-eisei-seiso,
2022,expenditure,132241:2022:expenditure:approved:c312cea74cd30d1d,assigned,10,retained,款,minsei,
2022,expenditure,132241:2022:expenditure:approved:c3146a1281810686,assigned,01,retained,款,somu,
2022,expenditure,132241:2022:expenditure:approved:c32eff0bcb033170,assigned,09,retained,項,tama-kyoiku-gakko,
2022,expenditure,132241:2022:expenditure:approved:c335b9bf7fb138a9,assigned,09,retained,項,tama-shakaikyoiku-other,
2022,expenditure,132241:2022:expenditure:approved:c3388d5c7413d002,assigned,07,retained,項,tama-eisei-hoken,
2022,expenditure,132241:2022:expenditure:approved:c3bba8600c876fab,assigned,10,retained,款,minsei,
2022,expenditure,132241:2022:expenditure:approved:c45f3f2325600966,assigned,01,retained,款,somu,
2022,expenditure,132241:2022:expenditure:approved:c460864e1a138d51,assigned,01,retained,款,somu,
2022,expenditure,132241:2022:expenditure:approved:c4a006a8ae47b1f2,assigned,01,retained,款,somu,
2022,expenditure,132241:2022:expenditure:approved:c4d1ccaf8eb68fa3,assigned,10,retained,款,minsei,
2022,expenditure,132241:2022:expenditure:approved:c4df959388ccc3d5,assigned,04,retained,款,shoko,
2022,expenditure,132241:2022:expenditure:approved:c4e04c00890561d1,assigned,10,retained,款,minsei,
2022,expenditure,132241:2022:expenditure:approved:c4f37d8a6658b787,assigned,04,retained,項,tama-doboku-doro,
2022,expenditure,132241:2022:expenditure:approved:c509a2b6c4ad4181,assigned,01,retained,款,somu,
2022,expenditure,132241:2022:expenditure:approved:c51421d1c0330ce0,assigned,01,retained,款,somu,
2022,expenditure,132241:2022:expenditure:approved:c54e36d2962e3526,assigned,07,retained,項,tama-eisei-hoken,
2022,expenditure,132241:2022:expenditure:approved:c5a1b27927478a73,assigned,07,retained,項,tama-eisei-hoken,
2022,expenditure,132241:2022:expenditure:approved:c5d9f31aac20b58a,assigned,01,retained,款,somu,
2022,expenditure,132241:2022:expenditure:approved:c5dd703cbe03a19a,assigned,05,retained,項,tama-eisei-seiso,
2022,expenditure,132241:2022:expenditure:approved:c5f5826130a8d5e6,assigned,01,retained,款,somu,
2022,expenditure,132241:2022:expenditure:approved:c666113a59eaabba,assigned,05,retained,項,tama-eisei-seiso,
2022,expenditure,132241:2022:expenditure:approved:c6b63a49668453d4,assigned,01,retained,款,somu,
2022,expenditure,132241:2022:expenditure:approved:c6cc44aeebe2719c,assigned,08,retained,項,tama-hokentaiiku-other,
2022,expenditure,132241:2022:expenditure:approved:c6ce374b36038888,assigned,03,retained,款,shobo,
2022,expenditure,132241:2022:expenditure:approved:c7507ed65cba6f34,assigned,10,retained,款,minsei,
2022,expenditure,132241:2022:expenditure:approved:c755380b293240dc,assigned,10,retained,款,minsei,
2022,expenditure,132241:2022:expenditure:approved:c76ea0fd2968c375,assigned,10,retained,款,minsei,
2022,expenditure,132241:2022:expenditure:approved:c77e4700f47b4319,assigned,08,retained,項,tama-hokentaiiku-other,
2022,expenditure,132241:2022:expenditure:approved:c78a2932ba0b083b,assigned,10,retained,款,minsei,
2022,expenditure,132241:2022:expenditure:approved:c7c1c50ff91e4640,assigned,01,retained,款,somu,
2022,expenditure,132241:2022:expenditure:approved:c810c32f1a86c647,assigned,01,retained,款,somu,
2022,expenditure,132241:2022:expenditure:approved:c816eaf3a9a9af18,assigned,10,retained,款,minsei,
2022,expenditure,132241:2022:expenditure:approved:c823e6a5b7225258,assigned,08,retained,目,tama-shakaikyoiku-toshokan,
2022,expenditure,132241:2022:expenditure:approved:c82fbbf8599753d4,assigned,04,retained,項,tama-nogyo,
2022,expenditure,132241:2022:expenditure:approved:c868aa7f7e6b6b90,assigned,07,retained,項,tama-eisei-hoken,
2022,expenditure,132241:2022:expenditure:approved:c8d92201cf3891c0,assigned,10,retained,款,minsei,
2022,expenditure,132241:2022:expenditure:approved:c8f4024b772d09ca,assigned,01,retained,款,somu,
2022,expenditure,132241:2022:expenditure:approved:c94a7e4286a977f4,assigned,01,retained,款,somu,
2022,expenditure,132241:2022:expenditure:approved:c9900aa08a36b4fe,assigned,10,retained,款,minsei,
2022,expenditure,132241:2022:expenditure:approved:c9ae26cc6162f80f,assigned,06,retained,項,tama-toshikeikaku-other,
2022,expenditure,132241:2022:expenditure:approved:ca298fe73dd42c9e,assigned,08,retained,目,tama-toshikeikaku-kouen,
2022,expenditure,132241:2022:expenditure:approved:ca710e2a6be25455,assigned,09,retained,項,tama-shakaikyoiku-other,
2022,expenditure,132241:2022:expenditure:approved:caa2966bd2b34c92,assigned,10,retained,款,minsei,
2022,expenditure,132241:2022:expenditure:approved:cabba13aa324b992,assigned,01,retained,款,somu,
2022,expenditure,132241:2022:expenditure:approved:cabfd7d2af99a876,assigned,04,retained,款,shoko,
2022,expenditure,132241:2022:expenditure:approved:cac2952ee5305730,assigned,10,retained,款,minsei,
2022,expenditure,132241:2022:expenditure:approved:cb0357ba9eefa0e0,assigned,10,retained,款,minsei,
2022,expenditure,132241:2022:expenditure:approved:cb1294b5e1bf7b8e,assigned,10,retained,款,minsei,
2022,expenditure,132241:2022:expenditure:approved:cb14627cb53c91ce,assigned,09,retained,項,tama-shakaikyoiku-other,
2022,expenditure,132241:2022:expenditure:approved:cb363caa39dbcd3c,assigned,01,retained,款,somu,
2022,expenditure,132241:2022:expenditure:approved:cb44aff05fad9d81,assigned,10,retained,款,minsei,
2022,expenditure,132241:2022:expenditure:approved:cb609ca13281dc46,assigned,09,retained,項,tama-kyoiku-gakko,
2022,expenditure,132241:2022:expenditure:approved:cbaae4a8aa6adce1,assigned,09,retained,項,tama-kyoiku-gakko,
2022,expenditure,132241:2022:expenditure:approved:cbb1cb63fb963f7b,assigned,10,retained,款,minsei,
2022,expenditure,132241:2022:expenditure:approved:cc01ee2d48b1d1e3,assigned,01,retained,款,somu,
2022,expenditure,132241:2022:expenditure:approved:cc56c061b740e857,assigned,06,retained,項,tama-toshikeikaku-other,
2022,expenditure,132241:2022:expenditure:approved:cc94ad65c516e549,assigned,10,retained,款,minsei,
2022,expenditure,132241:2022:expenditure:approved:cc99576a603379e8,assigned,10,retained,款,minsei,
2022,expenditure,132241:2022:expenditure:approved:cc9d79099af6c436,assigned,05,retained,項,tama-eisei-seiso,
2022,expenditure,132241:2022:expenditure:approved:ccfb00e7b41839b3,assigned,06,retained,項,tama-doboku-jutaku,
2022,expenditure,132241:2022:expenditure:approved:cd25302daa7242a4,assigned,01,retained,款,somu,
2022,expenditure,132241:2022:expenditure:approved:cd53c43e4e821934,assigned,09,retained,項,tama-kyoiku-gakko,
2022,expenditure,132241:2022:expenditure:approved:cd7c2a90e43f807b,assigned,09,retained,項,tama-shakaikyoiku-other,
2022,expenditure,132241:2022:expenditure:approved:cdc56a675e5fc2d1,assigned,03,retained,款,shobo,
2022,expenditure,132241:2022:expenditure:approved:cdcf04cb31d89883,assigned,01,retained,款,somu,
2022,expenditure,132241:2022:expenditure:approved:cdeb64524ceabc4f,assigned,09,retained,項,tama-kyoiku-gakko,
2022,expenditure,132241:2022:expenditure:approved:ce0492ae45990f10,assigned,10,retained,款,minsei,
2022,expenditure,132241:2022:expenditure:approved:ce15d0554ec53980,assigned,07,retained,項,tama-eisei-hoken,
2022,expenditure,132241:2022:expenditure:approved:ce7575c9d7b1796d,assigned,10,retained,款,minsei,
2022,expenditure,132241:2022:expenditure:approved:cedf336eea151c63,assigned,01,retained,款,somu,
2022,expenditure,132241:2022:expenditure:approved:cefc4e1a5e11a7b7,assigned,09,retained,項,tama-shakaikyoiku-other,
2022,expenditure,132241:2022:expenditure:approved:cefe2bfc90f78c76,assigned,01,retained,款,somu,
2022,expenditure,132241:2022:expenditure:approved:cf0e3224bd6dd0a4,assigned,09,retained,項,tama-kyoiku-gakko,
2022,expenditure,132241:2022:expenditure:approved:cf1ff653cc749c78,assigned,07,retained,項,tama-eisei-hoken,
2022,expenditure,132241:2022:expenditure:approved:cf314ce4a7e35765,assigned,10,retained,款,minsei,
2022,expenditure,132241:2022:expenditure:approved:cf57a3193cc47256,assigned,09,retained,項,tama-kyoiku-gakko,
2022,expenditure,132241:2022:expenditure:approved:cf68cd99ef7168c5,assigned,08,retained,項,tama-hokentaiiku-other,
2022,expenditure,132241:2022:expenditure:approved:cf74823ac6d3b72d,assigned,09,retained,項,tama-kyoiku-gakko,
2022,expenditure,132241:2022:expenditure:approved:d03cc27f9e683d78,assigned,01,retained,款,somu,
2022,expenditure,132241:2022:expenditure:approved:d03f49011086b506,assigned,03,retained,款,shobo,
2022,expenditure,132241:2022:expenditure:approved:d04ce91e49febda5,assigned,01,retained,款,gikai,
2022,expenditure,132241:2022:expenditure:approved:d09597cf169ce649,assigned,01,retained,款,somu,
2022,expenditure,132241:2022:expenditure:approved:d0b670c4207059dd,assigned,09,retained,項,tama-shakaikyoiku-other,
2022,expenditure,132241:2022:expenditure:approved:d0d4d1643d7115bf,assigned,01,retained,款,somu,
2022,expenditure,132241:2022:expenditure:approved:d0ed86cf7075d5b8,assigned,04,retained,項,tama-doboku-kanri,
2022,expenditure,132241:2022:expenditure:approved:d133b160380e9015,assigned,09,retained,項,tama-kyoiku-gakko,
2022,expenditure,132241:2022:expenditure:approved:d1345ccbbf41567a,assigned,07,retained,項,tama-eisei-hoken,
2022,expenditure,132241:2022:expenditure:approved:d1485c50d28b1d50,assigned,04,retained,項,tama-doboku-doro,
2022,expenditure,132241:2022:expenditure:approved:d14943709aae9e01,assigned,09,retained,項,tama-shakaikyoiku-other,
2022,expenditure,132241:2022:expenditure:approved:d17e88e2cff6fd46,assigned,03,retained,款,shobo,
2022,expenditure,132241:2022:expenditure:approved:d1b1448aedf5e2a2,assigned,01,retained,款,gikai,
2022,expenditure,132241:2022:expenditure:approved:d1b6d590bca11310,assigned,10,retained,款,minsei,
2022,expenditure,132241:2022:expenditure:approved:d212f08f7675f5af,assigned,08,retained,目,tama-toshikeikaku-kouen,
2022,expenditure,132241:2022:expenditure:approved:d225ad413af863c4,assigned,01,retained,款,somu,
2022,expenditure,132241:2022:expenditure:approved:d25738cff4181007,assigned,01,retained,款,somu,
2022,expenditure,132241:2022:expenditure:approved:d260204d7ba34cd8,assigned,10,retained,款,minsei,
2022,expenditure,132241:2022:expenditure:approved:d27d2182fa765f7d,assigned,01,retained,款,somu,
2022,expenditure,132241:2022:expenditure:approved:d2ac30ba8cd8d50c,assigned,09,retained,項,tama-shakaikyoiku-other,
2022,expenditure,132241:2022:expenditure:approved:d2cb73dbd95a31d1,assigned,01,retained,款,somu,
2022,expenditure,132241:2022:expenditure:approved:d343089ac8151aef,assigned,10,retained,款,minsei,
2022,expenditure,132241:2022:expenditure:approved:d34c72c37ea6dcd6,assigned,09,retained,項,tama-shakaikyoiku-other,
2022,expenditure,132241:2022:expenditure:approved:d365e2448940006c,assigned,04,retained,項,tama-nogyo,
2022,expenditure,132241:2022:expenditure:approved:d39721f4e0ff4160,assigned,07,retained,項,tama-eisei-hoken,
2022,expenditure,132241:2022:expenditure:approved:d3bb1098145318f2,assigned,10,retained,款,minsei,
2022,expenditure,132241:2022:expenditure:approved:d3bc2b4956e7dc26,assigned,01,retained,款,somu,
2022,expenditure,132241:2022:expenditure:approved:d3f9cbb44c9c6f33,assigned,10,retained,款,minsei,
2022,expenditure,132241:2022:expenditure:approved:d42d9120d5abcff9,assigned,01,retained,款,somu,
2022,expenditure,132241:2022:expenditure:approved:d437cfdfcbec0cd2,assigned,04,retained,項,tama-nogyo,
2022,expenditure,132241:2022:expenditure:approved:d4d709c8a3dcc250,assigned,01,retained,款,somu,
2022,expenditure,132241:2022:expenditure:approved:d501bed4d396b808,assigned,10,retained,款,minsei,
2022,expenditure,132241:2022:expenditure:approved:d59e1c2250a4b5e7,assigned,09,retained,項,tama-kyoiku-gakko,
2022,expenditure,132241:2022:expenditure:approved:d5d45829fb132448,assigned,01,retained,款,gikai,
2022,expenditure,132241:2022:expenditure:approved:d5d4d165c556e0d6,assigned,04,retained,款,shoko,
2022,expenditure,132241:2022:expenditure:approved:d5eef15d5d4be50d,assigned,05,retained,項,tama-eisei-seiso,
2022,expenditure,132241:2022:expenditure:approved:d5fb9e5d69e92c99,assigned,04,retained,項,tama-doboku-doro,
2022,expenditure,132241:2022:expenditure:approved:d68c5ab0858d574c,assigned,10,retained,款,minsei,
2022,expenditure,132241:2022:expenditure:approved:d701aa257fec14fd,assigned,01,retained,款,somu,
2022,expenditure,132241:2022:expenditure:approved:d713cff51c8f6138,assigned,04,retained,款,shoko,
2022,expenditure,132241:2022:expenditure:approved:d71c99db630217a1,assigned,10,retained,款,minsei,
2022,expenditure,132241:2022:expenditure:approved:d76b25db7fb395d3,assigned,03,retained,款,shobo,
2022,expenditure,132241:2022:expenditure:approved:d76c9439accc854c,assigned,09,retained,項,tama-shakaikyoiku-other,
2022,expenditure,132241:2022:expenditure:approved:d7937b4d026cb33f,assigned,07,retained,項,tama-eisei-hoken,
2022,expenditure,132241:2022:expenditure:approved:d79d2c94abd0d16d,assigned,09,retained,項,tama-kyoiku-gakko,
2022,expenditure,132241:2022:expenditure:approved:d7df3f898244e1c2,assigned,01,retained,款,somu,
2022,expenditure,132241:2022:expenditure:approved:d80305f5badb5880,assigned,04,retained,款,shoko,
2022,expenditure,132241:2022:expenditure:approved:d83ef17d51ce9067,assigned,09,retained,項,tama-kyoiku-gakko,
2022,expenditure,132241:2022:expenditure:approved:d8635a611782f6a0,assigned,01,retained,款,somu,
2022,expenditure,132241:2022:expenditure:approved:d8a55e245bf44700,assigned,10,retained,款,minsei,
2022,expenditure,132241:2022:expenditure:approved:d8cd8d2e159667c3,assigned,01,retained,款,somu,
2022,expenditure,132241:2022:expenditure:approved:d8df1ab9596f64e0,assigned,06,retained,項,tama-toshikeikaku-other,
2022,expenditure,132241:2022:expenditure:approved:d8fe1434ddd2eafc,assigned,09,retained,項,tama-kyoiku-gakko,
2022,expenditure,132241:2022:expenditure:approved:d92f87271a6cae3a,assigned,10,retained,款,minsei,
2022,expenditure,132241:2022:expenditure:approved:d951ad86726be976,assigned,09,retained,項,tama-kyoiku-gakko,
2022,expenditure,132241:2022:expenditure:approved:d9a1a7f2b25143ea,assigned,01,retained,款,somu,
2022,expenditure,132241:2022:expenditure:approved:d9aff3d841959387,assigned,01,retained,款,somu,
2022,expenditure,132241:2022:expenditure:approved:d9cbcd7ab2b34685,assigned,04,retained,款,shoko,
2022,expenditure,132241:2022:expenditure:approved:da22c94f5e82be16,assigned,10,retained,款,minsei,
2022,expenditure,132241:2022:expenditure:approved:da40812e0e8778a5,assigned,01,retained,款,somu,
2022,expenditure,132241:2022:expenditure:approved:da9155b241196cd6,assigned,09,retained,項,tama-kyoiku-gakko,
2022,expenditure,132241:2022:expenditure:approved:daa9faa055b7ced0,assigned,04,retained,項,tama-doboku-doro,
2022,expenditure,132241:2022:expenditure:approved:dae71b9485fa84e9,assigned,09,retained,項,tama-kyoiku-gakko,
2022,expenditure,132241:2022:expenditure:approved:db2986fc1d33a109,assigned,09,retained,目,tama-hokentaiiku-kyushoku,
2022,expenditure,132241:2022:expenditure:approved:db428726f0df5db0,assigned,07,retained,項,tama-eisei-hoken,
2022,expenditure,132241:2022:expenditure:approved:db618794dc090521,assigned,10,retained,款,minsei,
2022,expenditure,132241:2022:expenditure:approved:db95c011cb722d92,assigned,04,retained,款,rodo,
2022,expenditure,132241:2022:expenditure:approved:dba8765c3c2fa821,assigned,10,retained,款,minsei,
2022,expenditure,132241:2022:expenditure:approved:dbdbe88056f5a525,assigned,08,retained,目,tama-toshikeikaku-kouen,
2022,expenditure,132241:2022:expenditure:approved:dbfe4d4ec67ec8c9,assigned,01,retained,款,somu,
2022,expenditure,132241:2022:expenditure:approved:dc0478031897d246,assigned,10,retained,款,minsei,
2022,expenditure,132241:2022:expenditure:approved:dc121fa365ea119f,assigned,01,retained,款,somu,
2022,expenditure,132241:2022:expenditure:approved:dc33a6b3991554e1,assigned,10,retained,款,minsei,
2022,expenditure,132241:2022:expenditure:approved:dc3fde5ad3e7c182,assigned,09,retained,項,tama-kyoiku-gakko,
2022,expenditure,132241:2022:expenditure:approved:dcd424fb1024bcd8,assigned,01,retained,款,somu,
2022,expenditure,132241:2022:expenditure:approved:dd45951585d9e1a6,assigned,09,retained,項,tama-shakaikyoiku-other,
2022,expenditure,132241:2022:expenditure:approved:dd4c32478df1e7e7,assigned,01,retained,款,somu,
2022,expenditure,132241:2022:expenditure:approved:dd9c2d08b3049643,assigned,09,retained,項,tama-kyoiku-gakko,
2022,expenditure,132241:2022:expenditure:approved:ddfc330e44aae006,assigned,04,retained,款,shoko,
2022,expenditure,132241:2022:expenditure:approved:de18a6afeb110c41,assigned,01,retained,款,somu,
2022,expenditure,132241:2022:expenditure:approved:de67aa388dc917b0,assigned,06,retained,項,tama-toshikeikaku-other,
2022,expenditure,132241:2022:expenditure:approved:dea464042ecd8016,assigned,04,retained,項,tama-doboku-doro,
2022,expenditure,132241:2022:expenditure:approved:dea48bc974726cb0,assigned,10,retained,款,minsei,
2022,expenditure,132241:2022:expenditure:approved:dead56c3ca57c85c,assigned,03,retained,款,shobo,
2022,expenditure,132241:2022:expenditure:approved:debaae5dd4449f49,assigned,03,retained,款,shobo,
2022,expenditure,132241:2022:expenditure:approved:dec075be9bab2699,assigned,09,retained,項,tama-shakaikyoiku-other,
2022,expenditure,132241:2022:expenditure:approved:df00a4e28632ef23,assigned,08,retained,目,tama-shakaikyoiku-toshokan,
2022,expenditure,132241:2022:expenditure:approved:df57d2893b49206d,assigned,10,retained,款,minsei,
2022,expenditure,132241:2022:expenditure:approved:df829e626cdd0a00,assigned,07,retained,項,tama-eisei-hoken,
2022,expenditure,132241:2022:expenditure:approved:df9198aa4842d0f4,assigned,10,retained,款,minsei,
2022,expenditure,132241:2022:expenditure:approved:df95f560cf9187ca,assigned,01,retained,款,somu,
2022,expenditure,132241:2022:expenditure:approved:df97ecde8486aa34,assigned,10,retained,款,minsei,
2022,expenditure,132241:2022:expenditure:approved:dfd0ac293e3855d9,assigned,07,retained,項,tama-eisei-hoken,
2022,expenditure,132241:2022:expenditure:approved:dfe002ad0132627d,assigned,01,retained,款,somu,
2022,expenditure,132241:2022:expenditure:approved:e03b5a1d1f3016a4,assigned,09,retained,項,tama-shakaikyoiku-other,
2022,expenditure,132241:2022:expenditure:approved:e04201e6b857bd44,assigned,09,retained,項,tama-kyoiku-gakko,
2022,expenditure,132241:2022:expenditure:approved:e043f3e0235976c1,assigned,01,retained,款,somu,
2022,expenditure,132241:2022:expenditure:approved:e07715cb4a88721c,assigned,01,retained,款,somu,
2022,expenditure,132241:2022:expenditure:approved:e09c08e001ed8425,assigned,09,retained,項,tama-kyoiku-gakko,
2022,expenditure,132241:2022:expenditure:approved:e0b69e58409da08f,assigned,08,retained,項,tama-hokentaiiku-other,
2022,expenditure,132241:2022:expenditure:approved:e0b9e6768b3c6663,assigned,01,retained,款,somu,
2022,expenditure,132241:2022:expenditure:approved:e0e8717b8315a855,assigned,09,retained,項,tama-kyoiku-gakko,
2022,expenditure,132241:2022:expenditure:approved:e13777716d16023c,assigned,09,retained,項,tama-shakaikyoiku-other,
2022,expenditure,132241:2022:expenditure:approved:e164bd05a8d6ec73,assigned,09,retained,項,tama-kyoiku-gakko,
2022,expenditure,132241:2022:expenditure:approved:e176f5c282f73462,assigned,01,retained,款,somu,
2022,expenditure,132241:2022:expenditure:approved:e1d6cf64d8066722,assigned,01,retained,款,somu,
2022,expenditure,132241:2022:expenditure:approved:e238fca06d2edf00,assigned,04,retained,項,tama-doboku-doro,
2022,expenditure,132241:2022:expenditure:approved:e23c5df9f7aef40f,assigned,10,retained,款,minsei,
2022,expenditure,132241:2022:expenditure:approved:e24258d5b2c7fe62,assigned,09,retained,項,tama-shakaikyoiku-other,
2022,expenditure,132241:2022:expenditure:approved:e24a06723ddfb3e3,assigned,10,retained,款,minsei,
2022,expenditure,132241:2022:expenditure:approved:e2a7f263506cf951,assigned,10,retained,款,minsei,
2022,expenditure,132241:2022:expenditure:approved:e2cf3a5c78e66814,assigned,01,retained,款,somu,
2022,expenditure,132241:2022:expenditure:approved:e2ed4c0cc4bcb586,assigned,01,retained,款,somu,
2022,expenditure,132241:2022:expenditure:approved:e2f6c8ec67ab7d32,assigned,10,retained,款,minsei,
2022,expenditure,132241:2022:expenditure:approved:e2fb25bda3e650a7,assigned,06,retained,項,tama-doboku-jutaku,
2022,expenditure,132241:2022:expenditure:approved:e341da2e8fd8008f,assigned,04,retained,款,shoko,
2022,expenditure,132241:2022:expenditure:approved:e342281356a2d239,assigned,04,retained,項,tama-doboku-doro,
2022,expenditure,132241:2022:expenditure:approved:e348929687bcb4e2,assigned,01,retained,款,somu,
2022,expenditure,132241:2022:expenditure:approved:e3544c7c678a051b,assigned,10,retained,款,minsei,
2022,expenditure,132241:2022:expenditure:approved:e36389e18321cc5f,assigned,10,retained,款,minsei,
2022,expenditure,132241:2022:expenditure:approved:e3c68359bd0e415a,assigned,01,retained,款,somu,
2022,expenditure,132241:2022:expenditure:approved:e3c9a28e1311ecae,assigned,01,retained,款,somu,
2022,expenditure,132241:2022:expenditure:approved:e40cf14833262850,assigned,09,retained,項,tama-kyoiku-gakko,
2022,expenditure,132241:2022:expenditure:approved:e467e1d84b6f15e5,assigned,01,retained,款,somu,
2022,expenditure,132241:2022:expenditure:approved:e4bc220be4f9f007,assigned,09,retained,項,tama-shakaikyoiku-other,
2022,expenditure,132241:2022:expenditure:approved:e4c4d6a72e4bb881,assigned,08,retained,目,tama-shakaikyoiku-toshokan,
2022,expenditure,132241:2022:expenditure:approved:e4f938ab9c8b3017,assigned,01,retained,款,somu,
2022,expenditure,132241:2022:expenditure:approved:e50e9470b354b422,assigned,09,retained,項,tama-kyoiku-gakko,
2022,expenditure,132241:2022:expenditure:approved:e53df9367765d11c,assigned,10,retained,款,minsei,
2022,expenditure,132241:2022:expenditure:approved:e53e04976a16ec5d,assigned,04,retained,款,shoko,
2022,expenditure,132241:2022:expenditure:approved:e5655c3a700e3773,assigned,10,retained,款,minsei,
2022,expenditure,132241:2022:expenditure:approved:e567d904578b348b,assigned,10,retained,款,minsei,
2022,expenditure,132241:2022:expenditure:approved:e584ac850cdc2a9d,assigned,09,retained,項,tama-kyoiku-gakko,
2022,expenditure,132241:2022:expenditure:approved:e5ba17012687a816,assigned,05,retained,項,tama-eisei-seiso,
2022,expenditure,132241:2022:expenditure:approved:e5bdb6fe7613c5ff,assigned,10,retained,款,minsei,
2022,expenditure,132241:2022:expenditure:approved:e62a427d5ab035ad,assigned,03,retained,款,shobo,
2022,expenditure,132241:2022:expenditure:approved:e6ab5b21c9ab10b0,assigned,04,retained,項,tama-doboku-doro,
2022,expenditure,132241:2022:expenditure:approved:e6acca8d46fa324f,assigned,01,retained,款,somu,
2022,expenditure,132241:2022:expenditure:approved:e6ad9dc39a2a1fdd,assigned,01,retained,款,somu,
2022,expenditure,132241:2022:expenditure:approved:e6e199d5648e1966,assigned,10,retained,款,minsei,
2022,expenditure,132241:2022:expenditure:approved:e709740c5370e3f8,assigned,10,retained,款,minsei,
2022,expenditure,132241:2022:expenditure:approved:e781e8b4bdd78706,assigned,09,retained,項,tama-shakaikyoiku-other,
2022,expenditure,132241:2022:expenditure:approved:e79d1fbb0b1f9af1,assigned,10,retained,款,minsei,
2022,expenditure,132241:2022:expenditure:approved:e7aae9f03c4ef2ca,assigned,03,retained,款,shobo,
2022,expenditure,132241:2022:expenditure:approved:e7c757e043b76a79,assigned,09,retained,項,tama-kyoiku-gakko,
2022,expenditure,132241:2022:expenditure:approved:e81014c10b5a748b,assigned,01,retained,款,somu,
2022,expenditure,132241:2022:expenditure:approved:e810b9f7eb087323,assigned,01,retained,款,somu,
2022,expenditure,132241:2022:expenditure:approved:e81dd90915898436,assigned,04,retained,項,tama-nogyo,
2022,expenditure,132241:2022:expenditure:approved:e830aaa156af5a58,assigned,10,retained,款,minsei,
2022,expenditure,132241:2022:expenditure:approved:e84124897712132c,assigned,01,retained,款,somu,
2022,expenditure,132241:2022:expenditure:approved:e84c2a5859f926eb,assigned,01,retained,款,somu,
2022,expenditure,132241:2022:expenditure:approved:e891248589edfb61,assigned,01,retained,款,somu,
2022,expenditure,132241:2022:expenditure:approved:e8c035fb2a80df16,assigned,10,retained,款,minsei,
2022,expenditure,132241:2022:expenditure:approved:e8fbd16cf2f3f1b4,assigned,01,retained,款,somu,
2022,expenditure,132241:2022:expenditure:approved:e92ac32c97b55fb3,assigned,10,retained,款,minsei,
2022,expenditure,132241:2022:expenditure:approved:e94b6fec540635e5,assigned,10,retained,款,minsei,
2022,expenditure,132241:2022:expenditure:approved:e951df91d477615d,assigned,01,retained,款,somu,
2022,expenditure,132241:2022:expenditure:approved:e95202c37fb467b8,assigned,10,retained,款,minsei,
2022,expenditure,132241:2022:expenditure:approved:e99e199ff2e4223b,assigned,09,retained,項,tama-shakaikyoiku-other,
2022,expenditure,132241:2022:expenditure:approved:e9b56c107c1dad22,assigned,09,retained,項,tama-kyoiku-gakko,
2022,expenditure,132241:2022:expenditure:approved:e9eb65da3cff897a,assigned,09,retained,項,tama-shakaikyoiku-other,
2022,expenditure,132241:2022:expenditure:approved:ea493318692f023b,assigned,10,retained,款,minsei,
2022,expenditure,132241:2022:expenditure:approved:ea6a037b5f93cd17,assigned,08,retained,目,tama-shakaikyoiku-toshokan,
2022,expenditure,132241:2022:expenditure:approved:ea70c2e7c90e9e56,assigned,10,retained,款,minsei,
2022,expenditure,132241:2022:expenditure:approved:eae1ec4f50adecd3,assigned,08,retained,項,tama-hokentaiiku-other,
2022,expenditure,132241:2022:expenditure:approved:eb55a4c282a2de38,assigned,01,retained,款,somu,
2022,expenditure,132241:2022:expenditure:approved:eba5c81c7b2dac94,assigned,05,retained,項,tama-eisei-seiso,
2022,expenditure,132241:2022:expenditure:approved:ebc7982a2a832029,assigned,01,retained,款,somu,
2022,expenditure,132241:2022:expenditure:approved:ebe3f071741c350f,assigned,10,retained,款,minsei,
2022,expenditure,132241:2022:expenditure:approved:ec58631c7d65ef21,assigned,09,retained,項,tama-kyoiku-gakko,
2022,expenditure,132241:2022:expenditure:approved:ecade046568c7218,assigned,01,retained,款,somu,
2022,expenditure,132241:2022:expenditure:approved:ecc1e8d9bb1e07f7,assigned,09,retained,項,tama-kyoiku-gakko,
2022,expenditure,132241:2022:expenditure:approved:ecd42fdbd168b8d0,assigned,03,retained,款,shobo,
2022,expenditure,132241:2022:expenditure:approved:ed0f5d09bed2fa4b,assigned,10,retained,款,minsei,
2022,expenditure,132241:2022:expenditure:approved:ed464e4458baffe1,assigned,01,retained,款,somu,
2022,expenditure,132241:2022:expenditure:approved:ed4c59e1656c7152,assigned,08,retained,項,tama-hokentaiiku-other,
2022,expenditure,132241:2022:expenditure:approved:ed666a84ddda85d7,assigned,01,retained,款,somu,
2022,expenditure,132241:2022:expenditure:approved:ed712f97febcc4aa,assigned,08,retained,項,tama-hokentaiiku-other,
2022,expenditure,132241:2022:expenditure:approved:ed86a168c4a0500c,assigned,10,retained,款,minsei,
2022,expenditure,132241:2022:expenditure:approved:ed8bf0f82588f5cb,assigned,10,retained,款,minsei,
2022,expenditure,132241:2022:expenditure:approved:ededbd97b9bee382,assigned,04,retained,款,shoko,
2022,expenditure,132241:2022:expenditure:approved:ee01967c22f3b89c,assigned,08,retained,目,tama-shakaikyoiku-toshokan,
2022,expenditure,132241:2022:expenditure:approved:ee0e2b1b61fe08d7,assigned,01,retained,款,somu,
2022,expenditure,132241:2022:expenditure:approved:ee117da7654b38f5,assigned,09,retained,項,tama-kyoiku-gakko,
2022,expenditure,132241:2022:expenditure:approved:eea63084c556132f,assigned,07,retained,項,tama-eisei-hoken,
2022,expenditure,132241:2022:expenditure:approved:eeb438b0318ca78a,assigned,09,retained,項,tama-shakaikyoiku-other,
2022,expenditure,132241:2022:expenditure:approved:ef1da3e9d1ffd520,assigned,09,retained,目,tama-hokentaiiku-kyushoku,
2022,expenditure,132241:2022:expenditure:approved:ef2fd9196b0ada5b,assigned,04,retained,項,tama-doboku-doro,
2022,expenditure,132241:2022:expenditure:approved:ef411f7827e01b43,assigned,03,retained,款,shobo,
2022,expenditure,132241:2022:expenditure:approved:ef7b5944be2dbfbd,assigned,10,retained,款,minsei,
2022,expenditure,132241:2022:expenditure:approved:ef9af87ab5c04ba3,assigned,06,retained,項,tama-doboku-jutaku,
2022,expenditure,132241:2022:expenditure:approved:efa3e0512680931a,assigned,09,retained,項,tama-kyoiku-gakko,
2022,expenditure,132241:2022:expenditure:approved:efa4006797a2fc2d,assigned,08,retained,目,tama-shakaikyoiku-toshokan,
2022,expenditure,132241:2022:expenditure:approved:efa94d54a7cda9b9,assigned,09,retained,項,tama-kyoiku-gakko,
2022,expenditure,132241:2022:expenditure:approved:f00f3576cb4f7915,assigned,09,retained,目,tama-hokentaiiku-kyushoku,
2022,expenditure,132241:2022:expenditure:approved:f02661d3d8a1848d,assigned,04,retained,款,shoko,
2022,expenditure,132241:2022:expenditure:approved:f07dc39f9da1e3a2,assigned,04,retained,項,tama-doboku-doro,
2022,expenditure,132241:2022:expenditure:approved:f0877ecc1bd44c29,assigned,10,retained,款,minsei,
2022,expenditure,132241:2022:expenditure:approved:f0c619fe14cf0e83,assigned,04,retained,款,shoko,
2022,expenditure,132241:2022:expenditure:approved:f0cf1d4c8f432d74,assigned,09,retained,項,tama-kyoiku-gakko,
2022,expenditure,132241:2022:expenditure:approved:f0da54ef38aa6bc6,assigned,10,retained,款,minsei,
2022,expenditure,132241:2022:expenditure:approved:f0ecef965ebe93b7,assigned,10,retained,款,minsei,
2022,expenditure,132241:2022:expenditure:approved:f106d62c6621c747,assigned,07,retained,項,tama-eisei-hoken,
2022,expenditure,132241:2022:expenditure:approved:f119118952c42cad,assigned,10,retained,款,minsei,
2022,expenditure,132241:2022:expenditure:approved:f16ec4e8fae00440,assigned,09,retained,項,tama-shakaikyoiku-other,
2022,expenditure,132241:2022:expenditure:approved:f1989ac53d22c461,assigned,01,retained,款,somu,
2022,expenditure,132241:2022:expenditure:approved:f1e48f629de11fde,assigned,01,retained,款,somu,
2022,expenditure,132241:2022:expenditure:approved:f1fb32e5b9a1aacf,assigned,01,retained,款,gikai,
2022,expenditure,132241:2022:expenditure:approved:f2282436b4c50430,assigned,10,retained,款,minsei,
2022,expenditure,132241:2022:expenditure:approved:f258fb3986d13639,assigned,07,retained,項,tama-eisei-hoken,
2022,expenditure,132241:2022:expenditure:approved:f27c5ca17af44512,assigned,10,retained,款,minsei,
2022,expenditure,132241:2022:expenditure:approved:f28ce3222723fc64,assigned,07,retained,項,tama-eisei-hoken,
2022,expenditure,132241:2022:expenditure:approved:f29150b828cce0dc,assigned,04,retained,項,tama-doboku-kanri,
2022,expenditure,132241:2022:expenditure:approved:f29e8a77dd5319fc,assigned,10,retained,款,minsei,
2022,expenditure,132241:2022:expenditure:approved:f2d161d499e89427,assigned,01,retained,款,somu,
2022,expenditure,132241:2022:expenditure:approved:f2ebbdfa7074fb9d,assigned,09,retained,項,tama-shakaikyoiku-other,
2022,expenditure,132241:2022:expenditure:approved:f323f2b4a814dbc0,assigned,01,retained,款,somu,
2022,expenditure,132241:2022:expenditure:approved:f38f3ea55810e1af,assigned,10,retained,款,minsei,
2022,expenditure,132241:2022:expenditure:approved:f3a0c4aca64d7d8a,assigned,09,retained,項,tama-kyoiku-gakko,
2022,expenditure,132241:2022:expenditure:approved:f3d16e08d74dc874,assigned,01,retained,款,somu,
2022,expenditure,132241:2022:expenditure:approved:f4332de1644c9318,assigned,09,retained,項,tama-kyoiku-gakko,
2022,expenditure,132241:2022:expenditure:approved:f43e25c5b0bfacc9,assigned,10,retained,款,minsei,
2022,expenditure,132241:2022:expenditure:approved:f46511e0840a8f16,assigned,04,retained,項,tama-nogyo,
2022,expenditure,132241:2022:expenditure:approved:f565dc165add885b,assigned,10,retained,款,minsei,
2022,expenditure,132241:2022:expenditure:approved:f5dea6108dc4b238,assigned,04,retained,項,tama-nogyo,
2022,expenditure,132241:2022:expenditure:approved:f5f9d5ec909c2a31,assigned,10,retained,款,minsei,
2022,expenditure,132241:2022:expenditure:approved:f6108ca1aa9cff7f,assigned,10,retained,款,minsei,
2022,expenditure,132241:2022:expenditure:approved:f6448c457e508af1,assigned,07,retained,項,tama-eisei-hoken,
2022,expenditure,132241:2022:expenditure:approved:f65f2b91d59c3f46,assigned,01,retained,款,somu,
2022,expenditure,132241:2022:expenditure:approved:f6d78587f6b32b13,assigned,01,retained,款,somu,
2022,expenditure,132241:2022:expenditure:approved:f6f930bff61845f4,assigned,10,retained,款,minsei,
2022,expenditure,132241:2022:expenditure:approved:f702bf959d274435,assigned,10,retained,款,minsei,
2022,expenditure,132241:2022:expenditure:approved:f7291059f3e2be98,assigned,01,retained,款,somu,
2022,expenditure,132241:2022:expenditure:approved:f729fb3c792b0999,assigned,10,retained,款,minsei,
2022,expenditure,132241:2022:expenditure:approved:f751ef8509d0e7bb,assigned,04,retained,款,shoko,
2022,expenditure,132241:2022:expenditure:approved:f76f0c03a69abee7,assigned,01,retained,款,somu,
2022,expenditure,132241:2022:expenditure:approved:f77fa6672a5e148f,assigned,07,retained,項,tama-eisei-hoken,
2022,expenditure,132241:2022:expenditure:approved:f7af245370cbb5a4,assigned,04,retained,項,tama-doboku-doro,
2022,expenditure,132241:2022:expenditure:approved:f7b5db7ed5aa0117,assigned,10,retained,款,minsei,
2022,expenditure,132241:2022:expenditure:approved:f7e9d1aa3d91436f,assigned,08,retained,目,tama-shakaikyoiku-toshokan,
2022,expenditure,132241:2022:expenditure:approved:f85fe6b81e1e1d44,assigned,06,retained,項,tama-doboku-jutaku,
2022,expenditure,132241:2022:expenditure:approved:f8689faba9c5e042,assigned,09,retained,項,tama-kyoiku-gakko,
2022,expenditure,132241:2022:expenditure:approved:f922a01edd2953c1,assigned,09,retained,項,tama-kyoiku-gakko,
2022,expenditure,132241:2022:expenditure:approved:f99aa914697998d8,assigned,09,retained,項,tama-kyoiku-gakko,
2022,expenditure,132241:2022:expenditure:approved:f9a9cd224cd04cf1,assigned,06,retained,項,tama-toshikeikaku-other,
2022,expenditure,132241:2022:expenditure:approved:f9b235989d6c4280,assigned,03,retained,款,shobo,
2022,expenditure,132241:2022:expenditure:approved:f9bee9c0458cd137,assigned,07,retained,項,tama-eisei-hoken,
2022,expenditure,132241:2022:expenditure:approved:f9c0ea12187fe6c9,assigned,01,retained,款,somu,
2022,expenditure,132241:2022:expenditure:approved:f9e396040307e4d2,assigned,09,retained,項,tama-kyoiku-gakko,
2022,expenditure,132241:2022:expenditure:approved:fa2780ee95554233,assigned,09,retained,項,tama-kyoiku-gakko,
2022,expenditure,132241:2022:expenditure:approved:fa553a3ba57b8a33,assigned,01,retained,款,somu,
2022,expenditure,132241:2022:expenditure:approved:faa07d356ae1e039,assigned,08,retained,目,tama-shakaikyoiku-toshokan,
2022,expenditure,132241:2022:expenditure:approved:fab5a54e01d15e1a,assigned,01,retained,款,somu,
2022,expenditure,132241:2022:expenditure:approved:fb058ed25a37c868,assigned,07,retained,項,tama-eisei-hoken,
2022,expenditure,132241:2022:expenditure:approved:fb28979d1a19ab81,assigned,09,retained,項,tama-shakaikyoiku-other,
2022,expenditure,132241:2022:expenditure:approved:fb442016e3dbd2a6,assigned,01,retained,款,somu,
2022,expenditure,132241:2022:expenditure:approved:fb570d92a71d1f95,assigned,10,retained,款,minsei,
2022,expenditure,132241:2022:expenditure:approved:fb69c0b7757210cb,assigned,07,retained,項,tama-eisei-hoken,
2022,expenditure,132241:2022:expenditure:approved:fb86761364b90fbc,assigned,03,retained,款,shobo,
2022,expenditure,132241:2022:expenditure:approved:fbc79fc009671748,assigned,09,retained,項,tama-kyoiku-gakko,
2022,expenditure,132241:2022:expenditure:approved:fc35fcc90e5d15dc,assigned,01,retained,款,somu,
2022,expenditure,132241:2022:expenditure:approved:fc391f672ebaa9d1,assigned,01,retained,款,somu,
2022,expenditure,132241:2022:expenditure:approved:fc7456d0b376a35c,assigned,09,retained,項,tama-kyoiku-gakko,
2022,expenditure,132241:2022:expenditure:approved:fca46bcf8ce71e46,assigned,04,retained,項,tama-nogyo,
2022,expenditure,132241:2022:expenditure:approved:fcf9d13d5fabf4cd,assigned,10,retained,款,minsei,
2022,expenditure,132241:2022:expenditure:approved:fd3c38cc8ed3b445,assigned,09,retained,項,tama-shakaikyoiku-other,
2022,expenditure,132241:2022:expenditure:approved:fd9533d27fa58868,assigned,01,retained,款,somu,
2022,expenditure,132241:2022:expenditure:approved:fdcae4b1889f9c85,assigned,08,retained,目,tama-toshikeikaku-kouen,
2022,expenditure,132241:2022:expenditure:approved:fdf68351fe86dba0,assigned,10,retained,款,minsei,
2022,expenditure,132241:2022:expenditure:approved:fe22993153e73f52,assigned,08,retained,項,tama-hokentaiiku-other,
2022,expenditure,132241:2022:expenditure:approved:fe3408c23e762268,assigned,01,retained,款,somu,
2022,expenditure,132241:2022:expenditure:approved:feaf0d9ca0dda930,assigned,01,retained,款,somu,
2022,expenditure,132241:2022:expenditure:approved:feed29bde480e1e5,assigned,01,retained,款,somu,
2022,expenditure,132241:2022:expenditure:approved:ff10db75cd1c9c97,assigned,01,retained,款,somu,
2022,expenditure,132241:2022:expenditure:approved:ff43eafde0333441,assigned,06,retained,項,tama-doboku-jutaku,
2022,expenditure,132241:2022:expenditure:approved:ff53f25580b1f6dc,assigned,10,retained,款,minsei,
2022,expenditure,132241:2022:expenditure:approved:ff70d76fa8c4c932,assigned,01,retained,款,gikai,
2022,expenditure,132241:2022:expenditure:approved:ff70d951d148970f,assigned,08,retained,項,tama-hokentaiiku-other,
2022,expenditure,132241:2022:expenditure:approved:ff9a709438a8dfe8,assigned,10,retained,款,minsei,
2022,expenditure,132241:2022:expenditure:approved:ffd6607438506f24,assigned,10,retained,款,minsei,
2022,expenditure,132241:2022:expenditure:approved:fff9a0c84ebb5463,assigned,09,retained,項,tama-shakaikyoiku-other,
2022,revenue,132241:2022:revenue:approved:00a524dca5e56641,not-applicable,"",retained,（規則なし）,,
2022,revenue,132241:2022:revenue:approved:00aef1e19e6581d2,not-applicable,"",retained,（規則なし）,,
2022,revenue,132241:2022:revenue:approved:00e6a188605f1764,not-applicable,"",retained,（規則なし）,,
2022,revenue,132241:2022:revenue:approved:012e15426ae4cda2,not-applicable,"",retained,（規則なし）,,
2022,revenue,132241:2022:revenue:approved:01c87c67f134c61b,not-applicable,"",retained,（規則なし）,,
2022,revenue,132241:2022:revenue:approved:02553b92e0f720eb,not-applicable,"",retained,（規則なし）,,
2022,revenue,132241:2022:revenue:approved:02e77e3271d897db,not-applicable,"",retained,（規則なし）,,
2022,revenue,132241:2022:revenue:approved:03afe746d0f18dba,not-applicable,"",retained,（規則なし）,,
2022,revenue,132241:2022:revenue:approved:03d6c5cd326d4c0f,not-applicable,"",retained,（規則なし）,,
2022,revenue,132241:2022:revenue:approved:048e3cdbf3722bc0,not-applicable,"",retained,（規則なし）,,
2022,revenue,132241:2022:revenue:approved:054637ece566cdf2,not-applicable,"",retained,（規則なし）,,
2022,revenue,132241:2022:revenue:approved:079f807a4d01b732,not-applicable,"",retained,（規則なし）,,
2022,revenue,132241:2022:revenue:approved:07bf433d30eda0ca,not-applicable,"",retained,（規則なし）,,
2022,revenue,132241:2022:revenue:approved:089583931f789390,not-applicable,"",retained,（規則なし）,,
2022,revenue,132241:2022:revenue:approved:08bc753ab04ea532,not-applicable,"",retained,（規則なし）,,
2022,revenue,132241:2022:revenue:approved:08c3ed77836a8178,not-applicable,"",retained,（規則なし）,,
2022,revenue,132241:2022:revenue:approved:092a06e5e9d0be31,not-applicable,"",retained,（規則なし）,,
2022,revenue,132241:2022:revenue:approved:09872f9033cd783a,not-applicable,"",retained,（規則なし）,,
2022,revenue,132241:2022:revenue:approved:0a7c485e276e059a,not-applicable,"",retained,（規則なし）,,
2022,revenue,132241:2022:revenue:approved:0a848839896fa9e5,not-applicable,"",retained,（規則なし）,,
2022,revenue,132241:2022:revenue:approved:0b2c0a34e44d1e9a,not-applicable,"",retained,（規則なし）,,
2022,revenue,132241:2022:revenue:approved:0b7b2fd8d8f76c0b,not-applicable,"",retained,（規則なし）,,
2022,revenue,132241:2022:revenue:approved:0c47e04d1e779c9c,not-applicable,"",retained,（規則なし）,,
2022,revenue,132241:2022:revenue:approved:0c563f7aabea0b38,not-applicable,"",retained,（規則なし）,,
2022,revenue,132241:2022:revenue:approved:0c73a511ef0f5087,not-applicable,"",retained,（規則なし）,,
2022,revenue,132241:2022:revenue:approved:0c9046d0e414bdbe,not-applicable,"",retained,（規則なし）,,
2022,revenue,132241:2022:revenue:approved:0db91e8d50f0760c,not-applicable,"",retained,（規則なし）,,
2022,revenue,132241:2022:revenue:approved:0e0135ba83430f54,not-applicable,"",retained,（規則なし）,,
2022,revenue,132241:2022:revenue:approved:0e4be308b631b295,not-applicable,"",retained,（規則なし）,,
2022,revenue,132241:2022:revenue:approved:0ee17b5343cb7670,not-applicable,"",retained,（規則なし）,,
2022,revenue,132241:2022:revenue:approved:0f5a29856d431722,not-applicable,"",retained,（規則なし）,,
2022,revenue,132241:2022:revenue:approved:0f7145a16aacf8f0,not-applicable,"",retained,（規則なし）,,
2022,revenue,132241:2022:revenue:approved:0f7686b9e9f666d6,not-applicable,"",retained,（規則なし）,,
2022,revenue,132241:2022:revenue:approved:0ff702172c762ad8,not-applicable,"",retained,（規則なし）,,
2022,revenue,132241:2022:revenue:approved:1007f719a5af087f,not-applicable,"",retained,（規則なし）,,
2022,revenue,132241:2022:revenue:approved:102234310ef9330f,not-applicable,"",retained,（規則なし）,,
2022,revenue,132241:2022:revenue:approved:103678a64c021637,not-applicable,"",retained,（規則なし）,,
2022,revenue,132241:2022:revenue:approved:105ae07f54f8b5a7,not-applicable,"",retained,（規則なし）,,
2022,revenue,132241:2022:revenue:approved:106d95ff1c9cf3c6,not-applicable,"",retained,（規則なし）,,
2022,revenue,132241:2022:revenue:approved:1133762871dadcc0,not-applicable,"",retained,（規則なし）,,
2022,revenue,132241:2022:revenue:approved:12033bc53efd96bf,not-applicable,"",retained,（規則なし）,,
2022,revenue,132241:2022:revenue:approved:120f9cdb88add316,not-applicable,"",retained,（規則なし）,,
2022,revenue,132241:2022:revenue:approved:125a2a8bba03a17b,not-applicable,"",retained,（規則なし）,,
2022,revenue,132241:2022:revenue:approved:12742ddbcade9cb1,not-applicable,"",retained,（規則なし）,,
2022,revenue,132241:2022:revenue:approved:12f54b7acf69fa80,not-applicable,"",retained,（規則なし）,,
2022,revenue,132241:2022:revenue:approved:13eeab6fe7e8ff0a,not-applicable,"",retained,（規則なし）,,
2022,revenue,132241:2022:revenue:approved:141e0d2b6c228fa4,not-applicable,"",retained,（規則なし）,,
2022,revenue,132241:2022:revenue:approved:1427cf631f7e957e,not-applicable,"",retained,（規則なし）,,
2022,revenue,132241:2022:revenue:approved:143c70ba39241054,not-applicable,"",retained,（規則なし）,,
2022,revenue,132241:2022:revenue:approved:143cb12265d83666,not-applicable,"",retained,（規則なし）,,
2022,revenue,132241:2022:revenue:approved:144c0b909471acce,not-applicable,"",retained,（規則なし）,,
2022,revenue,132241:2022:revenue:approved:1488df9de8deb1dd,not-applicable,"",retained,（規則なし）,,
2022,revenue,132241:2022:revenue:approved:14adc4d7c45c3cff,not-applicable,"",retained,（規則なし）,,
2022,revenue,132241:2022:revenue:approved:1518789bbe173f4b,not-applicable,"",retained,（規則なし）,,
2022,revenue,132241:2022:revenue:approved:158bbb255222adda,not-applicable,"",retained,（規則なし）,,
2022,revenue,132241:2022:revenue:approved:17fe63f28367102b,not-applicable,"",retained,（規則なし）,,
2022,revenue,132241:2022:revenue:approved:18c996c95cafe27f,not-applicable,"",retained,（規則なし）,,
2022,revenue,132241:2022:revenue:approved:1a8eedc238eac1ec,not-applicable,"",retained,（規則なし）,,
2022,revenue,132241:2022:revenue:approved:1ae486aa4de2600f,not-applicable,"",retained,（規則なし）,,
2022,revenue,132241:2022:revenue:approved:1af5c578151c8e19,not-applicable,"",retained,（規則なし）,,
2022,revenue,132241:2022:revenue:approved:1b519c81aed59715,not-applicable,"",retained,（規則なし）,,
2022,revenue,132241:2022:revenue:approved:1b9c3160044e048a,not-applicable,"",retained,（規則なし）,,
2022,revenue,132241:2022:revenue:approved:1c0b0ef618d229b0,not-applicable,"",retained,（規則なし）,,
2022,revenue,132241:2022:revenue:approved:1c5bd2943c45ee51,not-applicable,"",retained,（規則なし）,,
2022,revenue,132241:2022:revenue:approved:1c7295700b6df0ec,not-applicable,"",retained,（規則なし）,,
2022,revenue,132241:2022:revenue:approved:1d8e71e80d6ae8ac,not-applicable,"",retained,（規則なし）,,
2022,revenue,132241:2022:revenue:approved:1e2618407db714de,not-applicable,"",retained,（規則なし）,,
2022,revenue,132241:2022:revenue:approved:1e261cf52830146c,not-applicable,"",retained,（規則なし）,,
2022,revenue,132241:2022:revenue:approved:1e43325b419e81bd,not-applicable,"",retained,（規則なし）,,
2022,revenue,132241:2022:revenue:approved:1ee2f16fee9d3268,not-applicable,"",retained,（規則なし）,,
2022,revenue,132241:2022:revenue:approved:1f0ef19589984304,not-applicable,"",retained,（規則なし）,,
2022,revenue,132241:2022:revenue:approved:1f58767bca5853f9,not-applicable,"",retained,（規則なし）,,
2022,revenue,132241:2022:revenue:approved:1f93ab33297b6481,not-applicable,"",retained,（規則なし）,,
2022,revenue,132241:2022:revenue:approved:1fd77bb32cebe5ae,not-applicable,"",retained,（規則なし）,,
2022,revenue,132241:2022:revenue:approved:1fd96cb9cd7ea42c,not-applicable,"",retained,（規則なし）,,
2022,revenue,132241:2022:revenue:approved:20301761349a4bdd,not-applicable,"",retained,（規則なし）,,
2022,revenue,132241:2022:revenue:approved:2065bc21568d74a5,not-applicable,"",retained,（規則なし）,,
2022,revenue,132241:2022:revenue:approved:20ce2e2c0918569b,not-applicable,"",retained,（規則なし）,,
2022,revenue,132241:2022:revenue:approved:20fe4e76151a500e,not-applicable,"",retained,（規則なし）,,
2022,revenue,132241:2022:revenue:approved:210e29cb22bbe409,not-applicable,"",retained,（規則なし）,,
2022,revenue,132241:2022:revenue:approved:216650149e995276,not-applicable,"",retained,（規則なし）,,
2022,revenue,132241:2022:revenue:approved:21835a1562f57e70,not-applicable,"",retained,（規則なし）,,
2022,revenue,132241:2022:revenue:approved:21f2a1b3bc8127e6,not-applicable,"",retained,（規則なし）,,
2022,revenue,132241:2022:revenue:approved:22a2fe490682750c,not-applicable,"",retained,（規則なし）,,
2022,revenue,132241:2022:revenue:approved:22c01245cb07c7ac,not-applicable,"",retained,（規則なし）,,
2022,revenue,132241:2022:revenue:approved:2346da24aca892a9,not-applicable,"",retained,（規則なし）,,
2022,revenue,132241:2022:revenue:approved:2449acbb2fa7ee81,not-applicable,"",retained,（規則なし）,,
2022,revenue,132241:2022:revenue:approved:24e3c4ac4ae20e92,not-applicable,"",retained,（規則なし）,,
2022,revenue,132241:2022:revenue:approved:25b16dce4596fa76,not-applicable,"",retained,（規則なし）,,
2022,revenue,132241:2022:revenue:approved:2619164a2e2395af,not-applicable,"",retained,（規則なし）,,
2022,revenue,132241:2022:revenue:approved:265708dcb330fe72,not-applicable,"",retained,（規則なし）,,
2022,revenue,132241:2022:revenue:approved:269a96f33ec4cc75,not-applicable,"",retained,（規則なし）,,
2022,revenue,132241:2022:revenue:approved:26fb6e277c94f1bd,not-applicable,"",retained,（規則なし）,,
2022,revenue,132241:2022:revenue:approved:273d51e61f8845c4,not-applicable,"",retained,（規則なし）,,
2022,revenue,132241:2022:revenue:approved:2791b1c99c7cb9bf,not-applicable,"",retained,（規則なし）,,
2022,revenue,132241:2022:revenue:approved:28fad78b51314f32,not-applicable,"",retained,（規則なし）,,
2022,revenue,132241:2022:revenue:approved:2996ad8b1f44bea9,not-applicable,"",retained,（規則なし）,,
2022,revenue,132241:2022:revenue:approved:29afde95b8336aa2,not-applicable,"",retained,（規則なし）,,
2022,revenue,132241:2022:revenue:approved:29e24f61490c6501,not-applicable,"",retained,（規則なし）,,
2022,revenue,132241:2022:revenue:approved:2a21730c07958041,not-applicable,"",retained,（規則なし）,,
2022,revenue,132241:2022:revenue:approved:2b66f00ebd17ae3e,not-applicable,"",retained,（規則なし）,,
2022,revenue,132241:2022:revenue:approved:2c316b3ac1391534,not-applicable,"",retained,（規則なし）,,
2022,revenue,132241:2022:revenue:approved:2d2e00deb49b55a8,not-applicable,"",retained,（規則なし）,,
2022,revenue,132241:2022:revenue:approved:2d50ec832f10205a,not-applicable,"",retained,（規則なし）,,
2022,revenue,132241:2022:revenue:approved:2d6930a059d3ace7,not-applicable,"",retained,（規則なし）,,
2022,revenue,132241:2022:revenue:approved:2e34c84867bdcb4c,not-applicable,"",retained,（規則なし）,,
2022,revenue,132241:2022:revenue:approved:2f0c6203d3e876b4,not-applicable,"",retained,（規則なし）,,
2022,revenue,132241:2022:revenue:approved:2f290d3965813e34,not-applicable,"",retained,（規則なし）,,
2022,revenue,132241:2022:revenue:approved:30368a3e9d2d93eb,not-applicable,"",retained,（規則なし）,,
2022,revenue,132241:2022:revenue:approved:3051df92b3f077ef,not-applicable,"",retained,（規則なし）,,
2022,revenue,132241:2022:revenue:approved:31049a9f1200eb51,not-applicable,"",retained,（規則なし）,,
2022,revenue,132241:2022:revenue:approved:3120d6f29fdbbf67,not-applicable,"",retained,（規則なし）,,
2022,revenue,132241:2022:revenue:approved:3121dfa5e7595585,not-applicable,"",retained,（規則なし）,,
2022,revenue,132241:2022:revenue:approved:312e55ffc1523942,not-applicable,"",retained,（規則なし）,,
2022,revenue,132241:2022:revenue:approved:31fed654bcadc0a6,not-applicable,"",retained,（規則なし）,,
2022,revenue,132241:2022:revenue:approved:322206a3cfa58f15,not-applicable,"",retained,（規則なし）,,
2022,revenue,132241:2022:revenue:approved:327f029d4c978b66,not-applicable,"",retained,（規則なし）,,
2022,revenue,132241:2022:revenue:approved:34c5555fb2d1bd33,not-applicable,"",retained,（規則なし）,,
2022,revenue,132241:2022:revenue:approved:35971cf15733a6fe,not-applicable,"",retained,（規則なし）,,
2022,revenue,132241:2022:revenue:approved:3630601f6f8c0fc3,not-applicable,"",retained,（規則なし）,,
2022,revenue,132241:2022:revenue:approved:3675a84b8beeb965,not-applicable,"",retained,（規則なし）,,
2022,revenue,132241:2022:revenue:approved:36819b2c3d924a06,not-applicable,"",retained,（規則なし）,,
2022,revenue,132241:2022:revenue:approved:36c6bb2aa943abf5,not-applicable,"",retained,（規則なし）,,
2022,revenue,132241:2022:revenue:approved:371bf1e3f516fec5,not-applicable,"",retained,（規則なし）,,
2022,revenue,132241:2022:revenue:approved:379e7e6cd7aeb32d,not-applicable,"",retained,（規則なし）,,
2022,revenue,132241:2022:revenue:approved:37a88995b58726d5,not-applicable,"",retained,（規則なし）,,
2022,revenue,132241:2022:revenue:approved:37e981a34a0d8d9c,not-applicable,"",retained,（規則なし）,,
2022,revenue,132241:2022:revenue:approved:388e66ba5fe0abb0,not-applicable,"",retained,（規則なし）,,
2022,revenue,132241:2022:revenue:approved:38d1771536ab5aaf,not-applicable,"",retained,（規則なし）,,
2022,revenue,132241:2022:revenue:approved:38e6f59ef234a26f,not-applicable,"",retained,（規則なし）,,
2022,revenue,132241:2022:revenue:approved:39c7e5f8ef603124,not-applicable,"",retained,（規則なし）,,
2022,revenue,132241:2022:revenue:approved:39e3360d0b03bdbf,not-applicable,"",retained,（規則なし）,,
2022,revenue,132241:2022:revenue:approved:3b60f4ba7278f7e2,not-applicable,"",retained,（規則なし）,,
2022,revenue,132241:2022:revenue:approved:3bc9780af5a3d267,not-applicable,"",retained,（規則なし）,,
2022,revenue,132241:2022:revenue:approved:3bda9d833835063c,not-applicable,"",retained,（規則なし）,,
2022,revenue,132241:2022:revenue:approved:3c523303ca3a9716,not-applicable,"",retained,（規則なし）,,
2022,revenue,132241:2022:revenue:approved:3c658fb6c586f9f8,not-applicable,"",retained,（規則なし）,,
2022,revenue,132241:2022:revenue:approved:3f19e50ec28a6908,not-applicable,"",retained,（規則なし）,,
2022,revenue,132241:2022:revenue:approved:41357107c964dea3,not-applicable,"",retained,（規則なし）,,
2022,revenue,132241:2022:revenue:approved:426fc40c2392940b,not-applicable,"",retained,（規則なし）,,
2022,revenue,132241:2022:revenue:approved:429c0e23b46c159f,not-applicable,"",retained,（規則なし）,,
2022,revenue,132241:2022:revenue:approved:42aca32c78e29c1b,not-applicable,"",retained,（規則なし）,,
2022,revenue,132241:2022:revenue:approved:42fadd2484b7fe27,not-applicable,"",retained,（規則なし）,,
2022,revenue,132241:2022:revenue:approved:43daf0d5dc761dcd,not-applicable,"",retained,（規則なし）,,
2022,revenue,132241:2022:revenue:approved:44ef30c7f38bfdeb,not-applicable,"",retained,（規則なし）,,
2022,revenue,132241:2022:revenue:approved:46a2284615121249,not-applicable,"",retained,（規則なし）,,
2022,revenue,132241:2022:revenue:approved:47c80833b206d344,not-applicable,"",retained,（規則なし）,,
2022,revenue,132241:2022:revenue:approved:483d04de00ae311e,not-applicable,"",retained,（規則なし）,,
2022,revenue,132241:2022:revenue:approved:48615e8f49d3cb84,not-applicable,"",retained,（規則なし）,,
2022,revenue,132241:2022:revenue:approved:487fe8348b863a89,not-applicable,"",retained,（規則なし）,,
2022,revenue,132241:2022:revenue:approved:498ec9dcffb455c9,not-applicable,"",retained,（規則なし）,,
2022,revenue,132241:2022:revenue:approved:4aaa3e2337dbdbc7,not-applicable,"",retained,（規則なし）,,
2022,revenue,132241:2022:revenue:approved:4affe4d4052a37a8,not-applicable,"",retained,（規則なし）,,
2022,revenue,132241:2022:revenue:approved:4b8ea03dbfa42441,not-applicable,"",retained,（規則なし）,,
2022,revenue,132241:2022:revenue:approved:4badf458b3fb7bfc,not-applicable,"",retained,（規則なし）,,
2022,revenue,132241:2022:revenue:approved:4be2593785e07de5,not-applicable,"",retained,（規則なし）,,
2022,revenue,132241:2022:revenue:approved:4c201eac6490818f,not-applicable,"",retained,（規則なし）,,
2022,revenue,132241:2022:revenue:approved:4c8b8222718dc738,not-applicable,"",retained,（規則なし）,,
2022,revenue,132241:2022:revenue:approved:4d64ac488b2d5270,not-applicable,"",retained,（規則なし）,,
2022,revenue,132241:2022:revenue:approved:4d6ea0eae5763164,not-applicable,"",retained,（規則なし）,,
2022,revenue,132241:2022:revenue:approved:4d743147072d51d3,not-applicable,"",retained,（規則なし）,,
2022,revenue,132241:2022:revenue:approved:4d8e151a0505124b,not-applicable,"",retained,（規則なし）,,
2022,revenue,132241:2022:revenue:approved:4df2867b317e16b4,not-applicable,"",retained,（規則なし）,,
2022,revenue,132241:2022:revenue:approved:4f286a9e25dd14ce,not-applicable,"",retained,（規則なし）,,
2022,revenue,132241:2022:revenue:approved:4f6baa8fd765f87b,not-applicable,"",retained,（規則なし）,,
2022,revenue,132241:2022:revenue:approved:4f9ee0c5b6284a50,not-applicable,"",retained,（規則なし）,,
2022,revenue,132241:2022:revenue:approved:50931bd393e342f5,not-applicable,"",retained,（規則なし）,,
2022,revenue,132241:2022:revenue:approved:50c8550a3f1f4001,not-applicable,"",retained,（規則なし）,,
2022,revenue,132241:2022:revenue:approved:5240de0617819226,not-applicable,"",retained,（規則なし）,,
2022,revenue,132241:2022:revenue:approved:524aec8991147947,not-applicable,"",retained,（規則なし）,,
2022,revenue,132241:2022:revenue:approved:52abd6175cac39b5,not-applicable,"",retained,（規則なし）,,
2022,revenue,132241:2022:revenue:approved:54a0ae9979ad9b97,not-applicable,"",retained,（規則なし）,,
2022,revenue,132241:2022:revenue:approved:586df3a25bf73f88,not-applicable,"",retained,（規則なし）,,
2022,revenue,132241:2022:revenue:approved:5876433f82423a80,not-applicable,"",retained,（規則なし）,,
2022,revenue,132241:2022:revenue:approved:58bbc191c2545450,not-applicable,"",retained,（規則なし）,,
2022,revenue,132241:2022:revenue:approved:58e0bffffb5605ce,not-applicable,"",retained,（規則なし）,,
2022,revenue,132241:2022:revenue:approved:59261c7b4bd7acc5,not-applicable,"",retained,（規則なし）,,
2022,revenue,132241:2022:revenue:approved:59c5040c8965d46c,not-applicable,"",retained,（規則なし）,,
2022,revenue,132241:2022:revenue:approved:5a223833314e131d,not-applicable,"",retained,（規則なし）,,
2022,revenue,132241:2022:revenue:approved:5a37a30146459524,not-applicable,"",retained,（規則なし）,,
2022,revenue,132241:2022:revenue:approved:5ab0345aab2f802e,not-applicable,"",retained,（規則なし）,,
2022,revenue,132241:2022:revenue:approved:5b0f71b198a990b1,not-applicable,"",retained,（規則なし）,,
2022,revenue,132241:2022:revenue:approved:5b5a94eb176b7371,not-applicable,"",retained,（規則なし）,,
2022,revenue,132241:2022:revenue:approved:5b6b0ea2073510d1,not-applicable,"",retained,（規則なし）,,
2022,revenue,132241:2022:revenue:approved:5be9244fe7e1533a,not-applicable,"",retained,（規則なし）,,
2022,revenue,132241:2022:revenue:approved:5c1803bcc64c5d03,not-applicable,"",retained,（規則なし）,,
2022,revenue,132241:2022:revenue:approved:5c34d4ec32d91e8f,not-applicable,"",retained,（規則なし）,,
2022,revenue,132241:2022:revenue:approved:5c6c8153441fca7a,not-applicable,"",retained,（規則なし）,,
2022,revenue,132241:2022:revenue:approved:5cf73605451db93c,not-applicable,"",retained,（規則なし）,,
2022,revenue,132241:2022:revenue:approved:5d1c98cbc1cb16a9,not-applicable,"",retained,（規則なし）,,
2022,revenue,132241:2022:revenue:approved:5db74983c8bf0eac,not-applicable,"",retained,（規則なし）,,
2022,revenue,132241:2022:revenue:approved:5e4a6fb339bdd52a,not-applicable,"",retained,（規則なし）,,
2022,revenue,132241:2022:revenue:approved:5f4921f6db8b3c1d,not-applicable,"",retained,（規則なし）,,
2022,revenue,132241:2022:revenue:approved:606151f0ed01bbcd,not-applicable,"",retained,（規則なし）,,
2022,revenue,132241:2022:revenue:approved:61417528d3119fa0,not-applicable,"",retained,（規則なし）,,
2022,revenue,132241:2022:revenue:approved:63676eaf180cbf9b,not-applicable,"",retained,（規則なし）,,
2022,revenue,132241:2022:revenue:approved:63a681a1f7be9ce5,not-applicable,"",retained,（規則なし）,,
2022,revenue,132241:2022:revenue:approved:63d78cd9ba008fb5,not-applicable,"",retained,（規則なし）,,
2022,revenue,132241:2022:revenue:approved:644ed115dd6b845a,not-applicable,"",retained,（規則なし）,,
2022,revenue,132241:2022:revenue:approved:64f7d4fea7ae3b04,not-applicable,"",retained,（規則なし）,,
2022,revenue,132241:2022:revenue:approved:671dcccc5c3ca346,not-applicable,"",retained,（規則なし）,,
2022,revenue,132241:2022:revenue:approved:6744110eac604371,not-applicable,"",retained,（規則なし）,,
2022,revenue,132241:2022:revenue:approved:674659ca8c5f3cec,not-applicable,"",retained,（規則なし）,,
2022,revenue,132241:2022:revenue:approved:68a5bd37035489a1,not-applicable,"",retained,（規則なし）,,
2022,revenue,132241:2022:revenue:approved:68af8253f7389fae,not-applicable,"",retained,（規則なし）,,
2022,revenue,132241:2022:revenue:approved:68df1aaa77004fa0,not-applicable,"",retained,（規則なし）,,
2022,revenue,132241:2022:revenue:approved:69397bcffb0645e8,not-applicable,"",retained,（規則なし）,,
2022,revenue,132241:2022:revenue:approved:69eb978636e54206,not-applicable,"",retained,（規則なし）,,
2022,revenue,132241:2022:revenue:approved:6a9394d525268453,not-applicable,"",retained,（規則なし）,,
2022,revenue,132241:2022:revenue:approved:6aaddeda732d25a2,not-applicable,"",retained,（規則なし）,,
2022,revenue,132241:2022:revenue:approved:6ae49027ca1c429e,not-applicable,"",retained,（規則なし）,,
2022,revenue,132241:2022:revenue:approved:6b508c2e4aed3eec,not-applicable,"",retained,（規則なし）,,
2022,revenue,132241:2022:revenue:approved:6c1979519b215a54,not-applicable,"",retained,（規則なし）,,
2022,revenue,132241:2022:revenue:approved:6c40fb1de57a5ed0,not-applicable,"",retained,（規則なし）,,
2022,revenue,132241:2022:revenue:approved:6c6acfda0895f901,not-applicable,"",retained,（規則なし）,,
2022,revenue,132241:2022:revenue:approved:6c8b2a02a63d8a2b,not-applicable,"",retained,（規則なし）,,
2022,revenue,132241:2022:revenue:approved:6d8123b105b5aedd,not-applicable,"",retained,（規則なし）,,
2022,revenue,132241:2022:revenue:approved:6dafa3e0e165a41e,not-applicable,"",retained,（規則なし）,,
2022,revenue,132241:2022:revenue:approved:6dd8ad8c58831059,not-applicable,"",retained,（規則なし）,,
2022,revenue,132241:2022:revenue:approved:6ee570458ec7a223,not-applicable,"",retained,（規則なし）,,
2022,revenue,132241:2022:revenue:approved:72af42e0926d467c,not-applicable,"",retained,（規則なし）,,
2022,revenue,132241:2022:revenue:approved:72bae6da70616dfd,not-applicable,"",retained,（規則なし）,,
2022,revenue,132241:2022:revenue:approved:73351543816134de,not-applicable,"",retained,（規則なし）,,
2022,revenue,132241:2022:revenue:approved:75585485e3e32c2f,not-applicable,"",retained,（規則なし）,,
2022,revenue,132241:2022:revenue:approved:76163b8b53af17b0,not-applicable,"",retained,（規則なし）,,
2022,revenue,132241:2022:revenue:approved:762240f4a7c2af69,not-applicable,"",retained,（規則なし）,,
2022,revenue,132241:2022:revenue:approved:7630bec0c066ddbf,not-applicable,"",retained,（規則なし）,,
2022,revenue,132241:2022:revenue:approved:766077300d5342fe,not-applicable,"",retained,（規則なし）,,
2022,revenue,132241:2022:revenue:approved:77b3a45c16f30213,not-applicable,"",retained,（規則なし）,,
2022,revenue,132241:2022:revenue:approved:788206022dbc5782,not-applicable,"",retained,（規則なし）,,
2022,revenue,132241:2022:revenue:approved:7b20c7b6d0839f4b,not-applicable,"",retained,（規則なし）,,
2022,revenue,132241:2022:revenue:approved:7babfd69547e9c7a,not-applicable,"",retained,（規則なし）,,
2022,revenue,132241:2022:revenue:approved:7bb4cf1a87a33eaf,not-applicable,"",retained,（規則なし）,,
2022,revenue,132241:2022:revenue:approved:7bd8588fee28e657,not-applicable,"",retained,（規則なし）,,
2022,revenue,132241:2022:revenue:approved:7c5a34e97cd196fc,not-applicable,"",retained,（規則なし）,,
2022,revenue,132241:2022:revenue:approved:7c94221bb8c335ff,not-applicable,"",retained,（規則なし）,,
2022,revenue,132241:2022:revenue:approved:7cf7f053371b6d21,not-applicable,"",retained,（規則なし）,,
2022,revenue,132241:2022:revenue:approved:7d785ce9e71651f1,not-applicable,"",retained,（規則なし）,,
2022,revenue,132241:2022:revenue:approved:7d99b97e6b859284,not-applicable,"",retained,（規則なし）,,
2022,revenue,132241:2022:revenue:approved:7dcb35d36d535099,not-applicable,"",retained,（規則なし）,,
2022,revenue,132241:2022:revenue:approved:7dfd97418d1782c2,not-applicable,"",retained,（規則なし）,,
2022,revenue,132241:2022:revenue:approved:7e4e9da922ad6a77,not-applicable,"",retained,（規則なし）,,
2022,revenue,132241:2022:revenue:approved:7e5e94616e999e46,not-applicable,"",retained,（規則なし）,,
2022,revenue,132241:2022:revenue:approved:7e9f1683e4f438df,not-applicable,"",retained,（規則なし）,,
2022,revenue,132241:2022:revenue:approved:7f181ad1bc6f299c,not-applicable,"",retained,（規則なし）,,
2022,revenue,132241:2022:revenue:approved:7fc8405e6efad2f9,not-applicable,"",retained,（規則なし）,,
2022,revenue,132241:2022:revenue:approved:8044a44bb0c8de23,not-applicable,"",retained,（規則なし）,,
2022,revenue,132241:2022:revenue:approved:8059b1ff274b29a2,not-applicable,"",retained,（規則なし）,,
2022,revenue,132241:2022:revenue:approved:806cfcd9aedc5eb0,not-applicable,"",retained,（規則なし）,,
2022,revenue,132241:2022:revenue:approved:811afbe94412402e,not-applicable,"",retained,（規則なし）,,
2022,revenue,132241:2022:revenue:approved:81777a42bd0f7719,not-applicable,"",retained,（規則なし）,,
2022,revenue,132241:2022:revenue:approved:81d32590a1fd1a6a,not-applicable,"",retained,（規則なし）,,
2022,revenue,132241:2022:revenue:approved:82349a39c20f6a95,not-applicable,"",retained,（規則なし）,,
2022,revenue,132241:2022:revenue:approved:82c90949b32242d3,not-applicable,"",retained,（規則なし）,,
2022,revenue,132241:2022:revenue:approved:830c1e0b67dcceda,not-applicable,"",retained,（規則なし）,,
2022,revenue,132241:2022:revenue:approved:840f476338805524,not-applicable,"",retained,（規則なし）,,
2022,revenue,132241:2022:revenue:approved:84cbccb88eeea440,not-applicable,"",retained,（規則なし）,,
2022,revenue,132241:2022:revenue:approved:84e01a29d1fc08f2,not-applicable,"",retained,（規則なし）,,
2022,revenue,132241:2022:revenue:approved:84ef3feb9634b067,not-applicable,"",retained,（規則なし）,,
2022,revenue,132241:2022:revenue:approved:85a1c8a3eab80b99,not-applicable,"",retained,（規則なし）,,
2022,revenue,132241:2022:revenue:approved:86798fd0a3632e11,not-applicable,"",retained,（規則なし）,,
2022,revenue,132241:2022:revenue:approved:868e1f5eb9fac265,not-applicable,"",retained,（規則なし）,,
2022,revenue,132241:2022:revenue:approved:87b04f6288c2f8ef,not-applicable,"",retained,（規則なし）,,
2022,revenue,132241:2022:revenue:approved:8810f77d969b32cb,not-applicable,"",retained,（規則なし）,,
2022,revenue,132241:2022:revenue:approved:89247800cf50b2d1,not-applicable,"",retained,（規則なし）,,
2022,revenue,132241:2022:revenue:approved:8a4345aa5a7f913f,not-applicable,"",retained,（規則なし）,,
2022,revenue,132241:2022:revenue:approved:8a6c960cec38aa32,not-applicable,"",retained,（規則なし）,,
2022,revenue,132241:2022:revenue:approved:8b4dd821466861e0,not-applicable,"",retained,（規則なし）,,
2022,revenue,132241:2022:revenue:approved:8be17d9b6aa6c96e,not-applicable,"",retained,（規則なし）,,
2022,revenue,132241:2022:revenue:approved:8c8063e899e80cd2,not-applicable,"",retained,（規則なし）,,
2022,revenue,132241:2022:revenue:approved:8decef39c6d784b9,not-applicable,"",retained,（規則なし）,,
2022,revenue,132241:2022:revenue:approved:8e8212062feeb60d,not-applicable,"",retained,（規則なし）,,
2022,revenue,132241:2022:revenue:approved:8ea7b87162ffb4dd,not-applicable,"",retained,（規則なし）,,
2022,revenue,132241:2022:revenue:approved:8f2d93806ba1d249,not-applicable,"",retained,（規則なし）,,
2022,revenue,132241:2022:revenue:approved:8f849bf3fa4382a6,not-applicable,"",retained,（規則なし）,,
2022,revenue,132241:2022:revenue:approved:9000044e70a3e02d,not-applicable,"",retained,（規則なし）,,
2022,revenue,132241:2022:revenue:approved:90551ff4779bae21,not-applicable,"",retained,（規則なし）,,
2022,revenue,132241:2022:revenue:approved:909bf534cce796d9,not-applicable,"",retained,（規則なし）,,
2022,revenue,132241:2022:revenue:approved:912e8d0fffac1442,not-applicable,"",retained,（規則なし）,,
2022,revenue,132241:2022:revenue:approved:925adb2a753b9171,not-applicable,"",retained,（規則なし）,,
2022,revenue,132241:2022:revenue:approved:934de058d3d625b8,not-applicable,"",retained,（規則なし）,,
2022,revenue,132241:2022:revenue:approved:938ddb83177f2783,not-applicable,"",retained,（規則なし）,,
2022,revenue,132241:2022:revenue:approved:939bb8c2a77b47e6,not-applicable,"",retained,（規則なし）,,
2022,revenue,132241:2022:revenue:approved:93e7843075ac64f7,not-applicable,"",retained,（規則なし）,,
2022,revenue,132241:2022:revenue:approved:94568dac5bba3a88,not-applicable,"",retained,（規則なし）,,
2022,revenue,132241:2022:revenue:approved:94ab90e51646fcbd,not-applicable,"",retained,（規則なし）,,
2022,revenue,132241:2022:revenue:approved:94dbbb6cda36ee4d,not-applicable,"",retained,（規則なし）,,
2022,revenue,132241:2022:revenue:approved:94f3aafa554d0ab9,not-applicable,"",retained,（規則なし）,,
2022,revenue,132241:2022:revenue:approved:95073a113cd408b0,not-applicable,"",retained,（規則なし）,,
2022,revenue,132241:2022:revenue:approved:951b46c68862f0ae,not-applicable,"",retained,（規則なし）,,
2022,revenue,132241:2022:revenue:approved:958c9d8b5e8add28,not-applicable,"",retained,（規則なし）,,
2022,revenue,132241:2022:revenue:approved:958fd260dd25d1f6,not-applicable,"",retained,（規則なし）,,
2022,revenue,132241:2022:revenue:approved:96024351ae72017b,not-applicable,"",retained,（規則なし）,,
2022,revenue,132241:2022:revenue:approved:96339b15347b1ebc,not-applicable,"",retained,（規則なし）,,
2022,revenue,132241:2022:revenue:approved:96345b899f0200d5,not-applicable,"",retained,（規則なし）,,
2022,revenue,132241:2022:revenue:approved:96c3c695fde29769,not-applicable,"",retained,（規則なし）,,
2022,revenue,132241:2022:revenue:approved:982e5b35d2f82757,not-applicable,"",retained,（規則なし）,,
2022,revenue,132241:2022:revenue:approved:988951d1cff7cda0,not-applicable,"",retained,（規則なし）,,
2022,revenue,132241:2022:revenue:approved:9904af6d71cacbca,not-applicable,"",retained,（規則なし）,,
2022,revenue,132241:2022:revenue:approved:99314ee20898aff3,not-applicable,"",retained,（規則なし）,,
2022,revenue,132241:2022:revenue:approved:9a10359c1b44f071,not-applicable,"",retained,（規則なし）,,
2022,revenue,132241:2022:revenue:approved:9a97095d45c0f782,not-applicable,"",retained,（規則なし）,,
2022,revenue,132241:2022:revenue:approved:9c2b595c61d080a6,not-applicable,"",retained,（規則なし）,,
2022,revenue,132241:2022:revenue:approved:9c7e278133644a7b,not-applicable,"",retained,（規則なし）,,
2022,revenue,132241:2022:revenue:approved:9cdcd2ff7e65b1ed,not-applicable,"",retained,（規則なし）,,
2022,revenue,132241:2022:revenue:approved:9d01db63da432b9e,not-applicable,"",retained,（規則なし）,,
2022,revenue,132241:2022:revenue:approved:9e317d298c7dca14,not-applicable,"",retained,（規則なし）,,
2022,revenue,132241:2022:revenue:approved:9e84fefc4e8c6e66,not-applicable,"",retained,（規則なし）,,
2022,revenue,132241:2022:revenue:approved:9ebe1aa732086bfe,not-applicable,"",retained,（規則なし）,,
2022,revenue,132241:2022:revenue:approved:9f7ef664bbece27d,not-applicable,"",retained,（規則なし）,,
2022,revenue,132241:2022:revenue:approved:9f89bd38759d8702,not-applicable,"",retained,（規則なし）,,
2022,revenue,132241:2022:revenue:approved:a058bd4d891c47e3,not-applicable,"",retained,（規則なし）,,
2022,revenue,132241:2022:revenue:approved:a089d944f36c4801,not-applicable,"",retained,（規則なし）,,
2022,revenue,132241:2022:revenue:approved:a13b5407d2b47849,not-applicable,"",retained,（規則なし）,,
2022,revenue,132241:2022:revenue:approved:a254d1170705fcae,not-applicable,"",retained,（規則なし）,,
2022,revenue,132241:2022:revenue:approved:a255a5a5bda4f9d3,not-applicable,"",retained,（規則なし）,,
2022,revenue,132241:2022:revenue:approved:a28f3ffceab83145,not-applicable,"",retained,（規則なし）,,
2022,revenue,132241:2022:revenue:approved:a2bebdf002520a80,not-applicable,"",retained,（規則なし）,,
2022,revenue,132241:2022:revenue:approved:a32b63bf5d74379a,not-applicable,"",retained,（規則なし）,,
2022,revenue,132241:2022:revenue:approved:a4239e123eef1c09,not-applicable,"",retained,（規則なし）,,
2022,revenue,132241:2022:revenue:approved:a4420ac074761ae3,not-applicable,"",retained,（規則なし）,,
2022,revenue,132241:2022:revenue:approved:a4ab5e2e3378a5f0,not-applicable,"",retained,（規則なし）,,
2022,revenue,132241:2022:revenue:approved:a4e522ef5d5a8d05,not-applicable,"",retained,（規則なし）,,
2022,revenue,132241:2022:revenue:approved:a56894e529ce24e1,not-applicable,"",retained,（規則なし）,,
2022,revenue,132241:2022:revenue:approved:a5b9c665a2b6497a,not-applicable,"",retained,（規則なし）,,
2022,revenue,132241:2022:revenue:approved:a5dc267984143c40,not-applicable,"",retained,（規則なし）,,
2022,revenue,132241:2022:revenue:approved:a64fb3a6446e812b,not-applicable,"",retained,（規則なし）,,
2022,revenue,132241:2022:revenue:approved:a6abb65bd9eab202,not-applicable,"",retained,（規則なし）,,
2022,revenue,132241:2022:revenue:approved:a6d1a52858d81549,not-applicable,"",retained,（規則なし）,,
2022,revenue,132241:2022:revenue:approved:a908fdc462952e88,not-applicable,"",retained,（規則なし）,,
2022,revenue,132241:2022:revenue:approved:a939225406c88179,not-applicable,"",retained,（規則なし）,,
2022,revenue,132241:2022:revenue:approved:abd1fdb34c583868,not-applicable,"",retained,（規則なし）,,
2022,revenue,132241:2022:revenue:approved:ad0292eefe3a2f4f,not-applicable,"",retained,（規則なし）,,
2022,revenue,132241:2022:revenue:approved:ae1e4407ca22d661,not-applicable,"",retained,（規則なし）,,
2022,revenue,132241:2022:revenue:approved:ae9e0e76c1a187f4,not-applicable,"",retained,（規則なし）,,
2022,revenue,132241:2022:revenue:approved:af424302ce25a5ff,not-applicable,"",retained,（規則なし）,,
2022,revenue,132241:2022:revenue:approved:af9d135452c0ffa1,not-applicable,"",retained,（規則なし）,,
2022,revenue,132241:2022:revenue:approved:b0e29fc8f016f2c7,not-applicable,"",retained,（規則なし）,,
2022,revenue,132241:2022:revenue:approved:b1c46c268fad0825,not-applicable,"",retained,（規則なし）,,
2022,revenue,132241:2022:revenue:approved:b24c66cda5542a01,not-applicable,"",retained,（規則なし）,,
2022,revenue,132241:2022:revenue:approved:b29509af685c679f,not-applicable,"",retained,（規則なし）,,
2022,revenue,132241:2022:revenue:approved:b352979f68bfca60,not-applicable,"",retained,（規則なし）,,
2022,revenue,132241:2022:revenue:approved:b39c3297f82e57d7,not-applicable,"",retained,（規則なし）,,
2022,revenue,132241:2022:revenue:approved:b3fde99e2e31a39f,not-applicable,"",retained,（規則なし）,,
2022,revenue,132241:2022:revenue:approved:b4ae4f72867045c7,not-applicable,"",retained,（規則なし）,,
2022,revenue,132241:2022:revenue:approved:b4af87526d7cd504,not-applicable,"",retained,（規則なし）,,
2022,revenue,132241:2022:revenue:approved:b5d987a926059eb6,not-applicable,"",retained,（規則なし）,,
2022,revenue,132241:2022:revenue:approved:b5dd2d518851b7bb,not-applicable,"",retained,（規則なし）,,
2022,revenue,132241:2022:revenue:approved:b6ae0f6beda044f2,not-applicable,"",retained,（規則なし）,,
2022,revenue,132241:2022:revenue:approved:b819fbe76ec3061b,not-applicable,"",retained,（規則なし）,,
2022,revenue,132241:2022:revenue:approved:b85964124225cb4d,not-applicable,"",retained,（規則なし）,,
2022,revenue,132241:2022:revenue:approved:b88d95d50ba71f41,not-applicable,"",retained,（規則なし）,,
2022,revenue,132241:2022:revenue:approved:b8be20375240799d,not-applicable,"",retained,（規則なし）,,
2022,revenue,132241:2022:revenue:approved:baeb06cebacb3c7d,not-applicable,"",retained,（規則なし）,,
2022,revenue,132241:2022:revenue:approved:bb8ccf62904b171c,not-applicable,"",retained,（規則なし）,,
2022,revenue,132241:2022:revenue:approved:bd392375b9169cb4,not-applicable,"",retained,（規則なし）,,
2022,revenue,132241:2022:revenue:approved:bd5bdc087b36e17e,not-applicable,"",retained,（規則なし）,,
2022,revenue,132241:2022:revenue:approved:bf479f368f2adfb3,not-applicable,"",retained,（規則なし）,,
2022,revenue,132241:2022:revenue:approved:c014d6d509bb3ca6,not-applicable,"",retained,（規則なし）,,
2022,revenue,132241:2022:revenue:approved:c0349aa5ab99bad2,not-applicable,"",retained,（規則なし）,,
2022,revenue,132241:2022:revenue:approved:c1a5e079fd6bd495,not-applicable,"",retained,（規則なし）,,
2022,revenue,132241:2022:revenue:approved:c1f2a6aa5079c541,not-applicable,"",retained,（規則なし）,,
2022,revenue,132241:2022:revenue:approved:c200da3adbaba785,not-applicable,"",retained,（規則なし）,,
2022,revenue,132241:2022:revenue:approved:c20374c771aaa37e,not-applicable,"",retained,（規則なし）,,
2022,revenue,132241:2022:revenue:approved:c23d89dd5d35c733,not-applicable,"",retained,（規則なし）,,
2022,revenue,132241:2022:revenue:approved:c30d1c37cb2a36b4,not-applicable,"",retained,（規則なし）,,
2022,revenue,132241:2022:revenue:approved:c709b010360e2e29,not-applicable,"",retained,（規則なし）,,
2022,revenue,132241:2022:revenue:approved:c7913a93a4e3a160,not-applicable,"",retained,（規則なし）,,
2022,revenue,132241:2022:revenue:approved:c84a97824b9e8e56,not-applicable,"",retained,（規則なし）,,
2022,revenue,132241:2022:revenue:approved:c99d45eb1478f2ff,not-applicable,"",retained,（規則なし）,,
2022,revenue,132241:2022:revenue:approved:ca40d714ef5ba693,not-applicable,"",retained,（規則なし）,,
2022,revenue,132241:2022:revenue:approved:cb82877882971a42,not-applicable,"",retained,（規則なし）,,
2022,revenue,132241:2022:revenue:approved:cd5e34c77c073898,not-applicable,"",retained,（規則なし）,,
2022,revenue,132241:2022:revenue:approved:ce139023170b8dfe,not-applicable,"",retained,（規則なし）,,
2022,revenue,132241:2022:revenue:approved:ceaecc406bc55709,not-applicable,"",retained,（規則なし）,,
2022,revenue,132241:2022:revenue:approved:ceb14a94b3e73318,not-applicable,"",retained,（規則なし）,,
2022,revenue,132241:2022:revenue:approved:ceddbdc10c0005e8,not-applicable,"",retained,（規則なし）,,
2022,revenue,132241:2022:revenue:approved:ceeb701af1fa5e6d,not-applicable,"",retained,（規則なし）,,
2022,revenue,132241:2022:revenue:approved:cf9a6e7745771e58,not-applicable,"",retained,（規則なし）,,
2022,revenue,132241:2022:revenue:approved:cfa987f6dd7dac02,not-applicable,"",retained,（規則なし）,,
2022,revenue,132241:2022:revenue:approved:d0311b41854e0036,not-applicable,"",retained,（規則なし）,,
2022,revenue,132241:2022:revenue:approved:d04308da56e82e85,not-applicable,"",retained,（規則なし）,,
2022,revenue,132241:2022:revenue:approved:d0dd68949cafe1dd,not-applicable,"",retained,（規則なし）,,
2022,revenue,132241:2022:revenue:approved:d0eb1fc70578fe44,not-applicable,"",retained,（規則なし）,,
2022,revenue,132241:2022:revenue:approved:d1b9253b6b5d3118,not-applicable,"",retained,（規則なし）,,
2022,revenue,132241:2022:revenue:approved:d1ea5ed77e44bc7d,not-applicable,"",retained,（規則なし）,,
2022,revenue,132241:2022:revenue:approved:d1fe62fe965c6b1e,not-applicable,"",retained,（規則なし）,,
2022,revenue,132241:2022:revenue:approved:d2398e1210559a31,not-applicable,"",retained,（規則なし）,,
2022,revenue,132241:2022:revenue:approved:d2ec2763124fc1e5,not-applicable,"",retained,（規則なし）,,
2022,revenue,132241:2022:revenue:approved:d35a22acd6c8d758,not-applicable,"",retained,（規則なし）,,
2022,revenue,132241:2022:revenue:approved:d3a209c52cdb1967,not-applicable,"",retained,（規則なし）,,
2022,revenue,132241:2022:revenue:approved:d3d272f0940e994d,not-applicable,"",retained,（規則なし）,,
2022,revenue,132241:2022:revenue:approved:d4da5c1653d6f2be,not-applicable,"",retained,（規則なし）,,
2022,revenue,132241:2022:revenue:approved:d5ab364af98712d1,not-applicable,"",retained,（規則なし）,,
2022,revenue,132241:2022:revenue:approved:d5ac266a240e3dce,not-applicable,"",retained,（規則なし）,,
2022,revenue,132241:2022:revenue:approved:d5e46fdd7020b599,not-applicable,"",retained,（規則なし）,,
2022,revenue,132241:2022:revenue:approved:d766074ec9db62ac,not-applicable,"",retained,（規則なし）,,
2022,revenue,132241:2022:revenue:approved:d814a611d57a7bd0,not-applicable,"",retained,（規則なし）,,
2022,revenue,132241:2022:revenue:approved:d890764dd57d6171,not-applicable,"",retained,（規則なし）,,
2022,revenue,132241:2022:revenue:approved:d8be695d916b09d5,not-applicable,"",retained,（規則なし）,,
2022,revenue,132241:2022:revenue:approved:d8f22a1c6b6b559f,not-applicable,"",retained,（規則なし）,,
2022,revenue,132241:2022:revenue:approved:d9dd57bf8bc9e273,not-applicable,"",retained,（規則なし）,,
2022,revenue,132241:2022:revenue:approved:da74094c37567a21,not-applicable,"",retained,（規則なし）,,
2022,revenue,132241:2022:revenue:approved:dce36936549c0d86,not-applicable,"",retained,（規則なし）,,
2022,revenue,132241:2022:revenue:approved:dd293cf5b24089fe,not-applicable,"",retained,（規則なし）,,
2022,revenue,132241:2022:revenue:approved:dd5369554fb0129b,not-applicable,"",retained,（規則なし）,,
2022,revenue,132241:2022:revenue:approved:dd556852cb47599a,not-applicable,"",retained,（規則なし）,,
2022,revenue,132241:2022:revenue:approved:dd7ba860afa13749,not-applicable,"",retained,（規則なし）,,
2022,revenue,132241:2022:revenue:approved:dd7c0809185bf26f,not-applicable,"",retained,（規則なし）,,
2022,revenue,132241:2022:revenue:approved:ddcaec86e36a4d64,not-applicable,"",retained,（規則なし）,,
2022,revenue,132241:2022:revenue:approved:de1c1ac227024dad,not-applicable,"",retained,（規則なし）,,
2022,revenue,132241:2022:revenue:approved:de1d50142a0d78fc,not-applicable,"",retained,（規則なし）,,
2022,revenue,132241:2022:revenue:approved:df462127932a8fdb,not-applicable,"",retained,（規則なし）,,
2022,revenue,132241:2022:revenue:approved:df5fbdef734c0429,not-applicable,"",retained,（規則なし）,,
2022,revenue,132241:2022:revenue:approved:df990da2bdecc9f6,not-applicable,"",retained,（規則なし）,,
2022,revenue,132241:2022:revenue:approved:dfec9771d2f575f0,not-applicable,"",retained,（規則なし）,,
2022,revenue,132241:2022:revenue:approved:e00ba8ee68477782,not-applicable,"",retained,（規則なし）,,
2022,revenue,132241:2022:revenue:approved:e0bb447a997a61c6,not-applicable,"",retained,（規則なし）,,
2022,revenue,132241:2022:revenue:approved:e1d9d293d47e6363,not-applicable,"",retained,（規則なし）,,
2022,revenue,132241:2022:revenue:approved:e1da9ad18d58b81c,not-applicable,"",retained,（規則なし）,,
2022,revenue,132241:2022:revenue:approved:e260bc21711e5959,not-applicable,"",retained,（規則なし）,,
2022,revenue,132241:2022:revenue:approved:e27213f3d8cf6a48,not-applicable,"",retained,（規則なし）,,
2022,revenue,132241:2022:revenue:approved:e39a6b0b0d87716a,not-applicable,"",retained,（規則なし）,,
2022,revenue,132241:2022:revenue:approved:e3c9f80b534d2a65,not-applicable,"",retained,（規則なし）,,
2022,revenue,132241:2022:revenue:approved:e3cad2bbe4667bc5,not-applicable,"",retained,（規則なし）,,
2022,revenue,132241:2022:revenue:approved:e4dcfd387e574a91,not-applicable,"",retained,（規則なし）,,
2022,revenue,132241:2022:revenue:approved:e4e7ebbabaf5f313,not-applicable,"",retained,（規則なし）,,
2022,revenue,132241:2022:revenue:approved:e6c54af8c12fef4b,not-applicable,"",retained,（規則なし）,,
2022,revenue,132241:2022:revenue:approved:e75d69067359018d,not-applicable,"",retained,（規則なし）,,
2022,revenue,132241:2022:revenue:approved:e75ff6688281f882,not-applicable,"",retained,（規則なし）,,
2022,revenue,132241:2022:revenue:approved:e858355263a4d5ec,not-applicable,"",retained,（規則なし）,,
2022,revenue,132241:2022:revenue:approved:e9bec56a1a7995e5,not-applicable,"",retained,（規則なし）,,
2022,revenue,132241:2022:revenue:approved:e9cf9185b6a49268,not-applicable,"",retained,（規則なし）,,
2022,revenue,132241:2022:revenue:approved:ea0c302b9901f91e,not-applicable,"",retained,（規則なし）,,
2022,revenue,132241:2022:revenue:approved:ea4c825752cdf8a4,not-applicable,"",retained,（規則なし）,,
2022,revenue,132241:2022:revenue:approved:eab6c1d3b5da1875,not-applicable,"",retained,（規則なし）,,
2022,revenue,132241:2022:revenue:approved:ebd79c5dac9bad58,not-applicable,"",retained,（規則なし）,,
2022,revenue,132241:2022:revenue:approved:ec285d41237e1d4c,not-applicable,"",retained,（規則なし）,,
2022,revenue,132241:2022:revenue:approved:ed03627da9c7969c,not-applicable,"",retained,（規則なし）,,
2022,revenue,132241:2022:revenue:approved:ed856e8a6b7c38ce,not-applicable,"",retained,（規則なし）,,
2022,revenue,132241:2022:revenue:approved:eda5009f0d4df11a,not-applicable,"",retained,（規則なし）,,
2022,revenue,132241:2022:revenue:approved:edfcfe71349a217d,not-applicable,"",retained,（規則なし）,,
2022,revenue,132241:2022:revenue:approved:ee6b90a7b72ee388,not-applicable,"",retained,（規則なし）,,
2022,revenue,132241:2022:revenue:approved:ee9ea10e480f608c,not-applicable,"",retained,（規則なし）,,
2022,revenue,132241:2022:revenue:approved:eecdbf0b70cba101,not-applicable,"",retained,（規則なし）,,
2022,revenue,132241:2022:revenue:approved:f0d086974b2d2503,not-applicable,"",retained,（規則なし）,,
2022,revenue,132241:2022:revenue:approved:f13d4d0648853677,not-applicable,"",retained,（規則なし）,,
2022,revenue,132241:2022:revenue:approved:f1467212cbd8d9b6,not-applicable,"",retained,（規則なし）,,
2022,revenue,132241:2022:revenue:approved:f15a38973962c062,not-applicable,"",retained,（規則なし）,,
2022,revenue,132241:2022:revenue:approved:f25cf8f638c03279,not-applicable,"",retained,（規則なし）,,
2022,revenue,132241:2022:revenue:approved:f304bbf05a527c8e,not-applicable,"",retained,（規則なし）,,
2022,revenue,132241:2022:revenue:approved:f33e45d1b87accfe,not-applicable,"",retained,（規則なし）,,
2022,revenue,132241:2022:revenue:approved:f35c52b7b2422c32,not-applicable,"",retained,（規則なし）,,
2022,revenue,132241:2022:revenue:approved:f4e4c530635f2471,not-applicable,"",retained,（規則なし）,,
2022,revenue,132241:2022:revenue:approved:f516b3e440f81853,not-applicable,"",retained,（規則なし）,,
2022,revenue,132241:2022:revenue:approved:f646c6c14ffd2578,not-applicable,"",retained,（規則なし）,,
2022,revenue,132241:2022:revenue:approved:f6f430446d44d3d2,not-applicable,"",retained,（規則なし）,,
2022,revenue,132241:2022:revenue:approved:f78e49fad01e04d0,not-applicable,"",retained,（規則なし）,,
2022,revenue,132241:2022:revenue:approved:f7c8df14a78285df,not-applicable,"",retained,（規則なし）,,
2022,revenue,132241:2022:revenue:approved:f81122f0aa7e5334,not-applicable,"",retained,（規則なし）,,
2022,revenue,132241:2022:revenue:approved:f83e3d46d87607de,not-applicable,"",retained,（規則なし）,,
2022,revenue,132241:2022:revenue:approved:f9cb10d2a55890dd,not-applicable,"",retained,（規則なし）,,
2022,revenue,132241:2022:revenue:approved:fa53e1673b9d3b3f,not-applicable,"",retained,（規則なし）,,
2022,revenue,132241:2022:revenue:approved:fbb7705b45d43563,not-applicable,"",retained,（規則なし）,,
2022,revenue,132241:2022:revenue:approved:fcb709eb1b916bc1,not-applicable,"",retained,（規則なし）,,
2022,revenue,132241:2022:revenue:approved:fd629752d624e92b,not-applicable,"",retained,（規則なし）,,
2022,revenue,132241:2022:revenue:approved:fe0030adba641c7d,not-applicable,"",retained,（規則なし）,,
2022,revenue,132241:2022:revenue:approved:fe60269c585f425d,not-applicable,"",retained,（規則なし）,,
2022,revenue,132241:2022:revenue:approved:fed95afa3becf4f2,not-applicable,"",retained,（規則なし）,,
2022,revenue,132241:2022:revenue:approved:feffeed16462080a,not-applicable,"",retained,（規則なし）,,
2022,revenue,132241:2022:revenue:approved:ffb409034356280c,not-applicable,"",retained,（規則なし）,,
2022,revenue,132241:2022:revenue:approved:ffd2278f1b61d267,not-applicable,"",retained,（規則なし）,,
2022,revenue,132241:2022:revenue:approved:fffaa719a563b12e,not-applicable,"",retained,（規則なし）,,
