budget_line_id,fiscal_year,phase_id,source_row,fund_code,fund_label,kan_code,kan_label,kou_code,kou_label,moku_code,moku_label,setsu_code,setsu_label,saisetsu_code,saisetsu_label,value,source_amount
132241:2021:revenue:approved:5615319c69546fac,2021,approved,2,"",一般会計,01,市税,01,市民税,01,個人,01,現年課税分,01,現年課税分,9715973000,9715973
132241:2021:revenue:approved:3ade88316bdbd10a,2021,approved,3,"",一般会計,01,市税,01,市民税,01,個人,02,滞納繰越分,01,滞納繰越分,107599000,107599
132241:2021:revenue:approved:48b1754c83db5b6e,2021,approved,4,"",一般会計,01,市税,01,市民税,02,法人,01,現年課税分,01,現年課税分,1255629000,1255629
132241:2021:revenue:approved:e2c9266c0433f3f9,2021,approved,5,"",一般会計,01,市税,01,市民税,02,法人,02,滞納繰越分,01,滞納繰越分,12830000,12830
132241:2021:revenue:approved:f10d12b47a1ecc8d,2021,approved,6,"",一般会計,01,市税,02,固定資産税,01,固定資産税,01,現年課税分,01,現年課税分,13385611000,13385611
132241:2021:revenue:approved:ec21aa7e7a148120,2021,approved,7,"",一般会計,01,市税,02,固定資産税,01,固定資産税,02,滞納繰越分,01,滞納繰越分,60535000,60535
132241:2021:revenue:approved:485d174d9f3a208c,2021,approved,8,"",一般会計,01,市税,02,固定資産税,02,国有資産等所在市町村交付金,01,現年課税分,01,現年課税分,197972000,197972
132241:2021:revenue:approved:b753f3dc8d7f334c,2021,approved,9,"",一般会計,01,市税,03,軽自動車税,01,種別割,01,現年課税分,01,現年課税分,124099000,124099
132241:2021:revenue:approved:7fd89e27cf882c08,2021,approved,10,"",一般会計,01,市税,03,軽自動車税,01,種別割,02,滞納繰越分,01,滞納繰越分,1339000,1339
132241:2021:revenue:approved:dbc5b192bbc35c0c,2021,approved,11,"",一般会計,01,市税,03,軽自動車税,02,環境性能割,01,現年課税分,01,現年課税分,5272000,5272
132241:2021:revenue:approved:7131dbda446c3d69,2021,approved,12,"",一般会計,01,市税,04,市たばこ税,01,市たばこ税,01,現年課税分,01,現年課税分,751961000,751961
132241:2021:revenue:approved:05f01cbe58ac0015,2021,approved,13,"",一般会計,01,市税,05,都市計画税,01,都市計画税,01,現年課税分,01,現年課税分,1702383000,1702383
132241:2021:revenue:approved:6c773df4e7292455,2021,approved,14,"",一般会計,01,市税,05,都市計画税,01,都市計画税,02,滞納繰越分,01,滞納繰越分,9491000,9491
132241:2021:revenue:approved:1a8ada0a1882527d,2021,approved,15,"",一般会計,02,地方譲与税,01,地方揮発油譲与税,01,地方揮発油譲与税,01,地方揮発油譲与税,01,地方揮発油譲与税,55885000,55885
132241:2021:revenue:approved:eff8f9c833cda47f,2021,approved,16,"",一般会計,02,地方譲与税,02,自動車重量譲与税,01,自動車重量譲与税,01,自動車重量譲与税,01,自動車重量譲与税,172641000,172641
132241:2021:revenue:approved:0d0bf0e54c083919,2021,approved,17,"",一般会計,02,地方譲与税,03,地方道路譲与税,01,地方道路譲与税,01,地方道路譲与税,01,地方道路譲与税,1000,1
132241:2021:revenue:approved:9e4728543dc279eb,2021,approved,18,"",一般会計,02,地方譲与税,04,森林環境譲与税,01,森林環境譲与税,01,森林環境譲与税,01,森林環境譲与税,12936000,12936
132241:2021:revenue:approved:d986b1736dbaa006,2021,approved,19,"",一般会計,03,利子割交付金,01,利子割交付金,01,利子割交付金,01,利子割交付金,01,利子割交付金,32209000,32209
132241:2021:revenue:approved:9afd6e38bb9435db,2021,approved,20,"",一般会計,04,配当割交付金,01,配当割交付金,01,配当割交付金,01,配当割交付金,01,配当割交付金,164312000,164312
132241:2021:revenue:approved:0c3a0ceafb8e0e4d,2021,approved,21,"",一般会計,05,株式等譲渡所得割交付金,01,株式等譲渡所得割交付金,01,株式等譲渡所得割交付金,01,株式等譲渡所得割交付金,01,株式等譲渡所得割交付金,169347000,169347
132241:2021:revenue:approved:1e5648bda092fa76,2021,approved,22,"",一般会計,06,法人事業税交付金,01,法人事業税交付金,01,法人事業税交付金,01,法人事業税交付金,01,法人事業税交付金,229347000,229347
132241:2021:revenue:approved:9ba55c767586a13e,2021,approved,23,"",一般会計,07,地方消費税交付金,01,地方消費税交付金,01,地方消費税交付金,01,地方消費税交付金,01,地方消費税交付金,3181308000,3181308
132241:2021:revenue:approved:e47bc287a8b6c117,2021,approved,24,"",一般会計,08,ゴルフ場利用税交付金,01,ゴルフ場利用税交付金,01,ゴルフ場利用税交付金,01,ゴルフ場利用税交付金,01,ゴルフ場利用税交付金,25764000,25764
132241:2021:revenue:approved:f1be4a0a6d6a96f1,2021,approved,25,"",一般会計,09,環境性能割交付金,01,環境性能割交付金,01,環境性能割交付金,01,環境性能割交付金,01,環境性能割交付金,58150000,58150
132241:2021:revenue:approved:c9e8c5367d284406,2021,approved,26,"",一般会計,09,環境性能割交付金,01,環境性能割交付金,02,旧法による自動車取得税交付金,01,旧法による自動車取得税交付金,01,旧法による自動車取得税交付金,1000,1
132241:2021:revenue:approved:e69b060334ef4325,2021,approved,27,"",一般会計,10,国有提供施設等所在市町村助成交付金,01,国有提供施設等所在市町村助成交付金,01,国有提供施設等所在市町村助成交付金,01,国有提供施設等所在市町村助成交付金,01,国有提供施設等所在市町村助成交付金,21162000,21162
132241:2021:revenue:approved:f5603b5797dace7e,2021,approved,28,"",一般会計,10,国有提供施設等所在市町村助成交付金,01,国有提供施設等所在市町村助成交付金,02,施設等所在市町村調整交付金,01,施設等所在市町村調整交付金,01,施設等所在市町村調整交付金,4552000,4552
132241:2021:revenue:approved:265c955da664a426,2021,approved,29,"",一般会計,11,地方特例交付金,01,地方特例交付金,01,地方特例交付金,01,地方特例交付金,02,減収補てん特例交付金,148033000,148033
132241:2021:revenue:approved:e9015a7eacb29915,2021,approved,30,"",一般会計,11,地方特例交付金,02,新型コロナウイルス感染症対策地方税減収補てん特別交付金,01,新型コロナウイルス感染症対策地方税減収補てん特別交付金,01,新型コロナウイルス感染症対策地方税減収補てん特別交付金,01,新型コロナウイルス感染症対策地方税減収補てん特別交付金,468791000,468791
132241:2021:revenue:approved:1d6b09c42ba3acfc,2021,approved,31,"",一般会計,12,地方交付税,01,地方交付税,01,地方交付税,01,地方交付税,01,特別交付税,64000000,64000
132241:2021:revenue:approved:caa10609e0c2141e,2021,approved,32,"",一般会計,13,交通安全対策特別交付金,01,交通安全対策特別交付金,01,交通安全対策特別交付金,01,交通安全対策特別交付金,01,交通安全対策特別交付金,13960000,13960
132241:2021:revenue:approved:5a0e8eeda64b310c,2021,approved,33,"",一般会計,14,分担金及び負担金,01,負担金,01,民生費負担金,01,社会福祉費負担金,01,老人保護措置費自己負担金,450000,450
132241:2021:revenue:approved:936e12149ed25bf2,2021,approved,34,"",一般会計,14,分担金及び負担金,01,負担金,01,民生費負担金,02,児童福祉費負担金,01,保育所保育料,267290000,267290
132241:2021:revenue:approved:014e17ce76cf9eeb,2021,approved,35,"",一般会計,14,分担金及び負担金,01,負担金,01,民生費負担金,02,児童福祉費負担金,02,助産施設入所費自己負担金,40000,40
132241:2021:revenue:approved:53b9889d5ecaf815,2021,approved,36,"",一般会計,14,分担金及び負担金,01,負担金,01,民生費負担金,02,児童福祉費負担金,03,母子生活支援施設入所費自己負担金,1000,1
132241:2021:revenue:approved:a86cc8b4764225d0,2021,approved,37,"",一般会計,14,分担金及び負担金,01,負担金,02,衛生費負担金,02,衛生費負担金,01,未熟児養育医療負担金,2250000,2250
132241:2021:revenue:approved:5144e6adc64229e2,2021,approved,38,"",一般会計,14,分担金及び負担金,01,負担金,03,土木費負担金,01,道路橋りょう費負担金,01,多摩センター共同溝維持管理費占用者負担金,28614000,28614
132241:2021:revenue:approved:048e9a208207042f,2021,approved,39,"",一般会計,15,使用料及び手数料,01,使用料,01,総務使用料,01,総務使用料,01,ワークショップルーム施設使用料,410000,410
132241:2021:revenue:approved:43cf52f371d42892,2021,approved,40,"",一般会計,15,使用料及び手数料,01,使用料,01,総務使用料,01,総務使用料,02,ガス制圧装置用地使用料,130000,130
132241:2021:revenue:approved:232159fefcc81131,2021,approved,41,"",一般会計,15,使用料及び手数料,01,使用料,01,総務使用料,01,総務使用料,03,現金自動支払機庁舎使用料,243000,243
132241:2021:revenue:approved:c4b71d81ddf079ca,2021,approved,42,"",一般会計,15,使用料及び手数料,01,使用料,01,総務使用料,01,総務使用料,04,電柱用地使用料,26000,26
132241:2021:revenue:approved:61c2c351ab26874e,2021,approved,43,"",一般会計,15,使用料及び手数料,01,使用料,01,総務使用料,01,総務使用料,05,埋設ガス管用地使用料,9000,9
132241:2021:revenue:approved:4ee06691250e8bae,2021,approved,44,"",一般会計,15,使用料及び手数料,01,使用料,01,総務使用料,01,総務使用料,06,防火水槽用地使用料,241000,241
132241:2021:revenue:approved:9ea722c7eea7e6e2,2021,approved,45,"",一般会計,15,使用料及び手数料,01,使用料,01,総務使用料,01,総務使用料,07,公共施設撮影使用料,1659000,1659
132241:2021:revenue:approved:0f917de6cf08d602,2021,approved,46,"",一般会計,15,使用料及び手数料,01,使用料,01,総務使用料,01,総務使用料,08,地区市民ホール使用料,1321000,1321
132241:2021:revenue:approved:cd4e5fc1a89173e1,2021,approved,47,"",一般会計,15,使用料及び手数料,01,使用料,01,総務使用料,01,総務使用料,09,コミュニティルーム使用料,9617000,9617
132241:2021:revenue:approved:db8664c67b78bc37,2021,approved,48,"",一般会計,15,使用料及び手数料,01,使用料,01,総務使用料,01,総務使用料,15,自動販売機設置使用料,198000,198
132241:2021:revenue:approved:c499c4a2b398e4b8,2021,approved,49,"",一般会計,15,使用料及び手数料,01,使用料,01,総務使用料,01,総務使用料,18,送電線上空使用料,2000,2
132241:2021:revenue:approved:618f67c9472cdb94,2021,approved,50,"",一般会計,15,使用料及び手数料,01,使用料,01,総務使用料,01,総務使用料,19,複合文化施設貸館使用料,99281000,99281
132241:2021:revenue:approved:57cdb7444d0b2f14,2021,approved,51,"",一般会計,15,使用料及び手数料,01,使用料,02,民生使用料,01,民生使用料,01,電柱用地使用料,12000,12
132241:2021:revenue:approved:fae8ca5aa28c22db,2021,approved,52,"",一般会計,15,使用料及び手数料,01,使用料,02,民生使用料,01,民生使用料,02,学童クラブ使用料,130992000,130992
132241:2021:revenue:approved:6004a0cb04dce9a7,2021,approved,53,"",一般会計,15,使用料及び手数料,01,使用料,02,民生使用料,01,民生使用料,06,自動販売機設置使用料,132000,132
132241:2021:revenue:approved:694b2b57e9e58788,2021,approved,54,"",一般会計,15,使用料及び手数料,01,使用料,02,民生使用料,01,民生使用料,08,学童クラブ延長育成料,6236000,6236
132241:2021:revenue:approved:657c9158bc36361d,2021,approved,55,"",一般会計,15,使用料及び手数料,01,使用料,02,民生使用料,01,民生使用料,09,多摩市西永山福祉施設事業施設使用料,7749000,7749
132241:2021:revenue:approved:7bd5bbf69c36bdb8,2021,approved,56,"",一般会計,15,使用料及び手数料,01,使用料,03,衛生使用料,01,衛生使用料,01,電柱用地使用料,10000,10
132241:2021:revenue:approved:de5486ab3aa9e5fc,2021,approved,57,"",一般会計,15,使用料及び手数料,01,使用料,03,衛生使用料,01,衛生使用料,02,地域保健医療活動室使用料,454000,454
132241:2021:revenue:approved:59988a935beaad2b,2021,approved,58,"",一般会計,15,使用料及び手数料,01,使用料,03,衛生使用料,02,清掃使用料,01,電柱用地使用料,6000,6
132241:2021:revenue:approved:5e2b1486e7226777,2021,approved,59,"",一般会計,15,使用料及び手数料,01,使用料,03,衛生使用料,02,清掃使用料,02,資源化センター多目的ホール等使用料,1000,1
132241:2021:revenue:approved:9a47dffed82acf5d,2021,approved,60,"",一般会計,15,使用料及び手数料,01,使用料,03,衛生使用料,02,清掃使用料,03,自動販売機設置使用料,66000,66
132241:2021:revenue:approved:52ab0dab49c86be8,2021,approved,61,"",一般会計,15,使用料及び手数料,01,使用料,04,商工使用料,01,商工使用料,01,消費生活センター使用料,1740000,1740
132241:2021:revenue:approved:6de9bff15df2fd64,2021,approved,62,"",一般会計,15,使用料及び手数料,01,使用料,05,土木使用料,01,道路橋りょう使用料,01,道路占用料,84700000,84700
132241:2021:revenue:approved:97fb4d2e7d5bb862,2021,approved,63,"",一般会計,15,使用料及び手数料,01,使用料,05,土木使用料,02,都市計画使用料,01,公園占用料,7602000,7602
132241:2021:revenue:approved:43b69f5a2d13db57,2021,approved,64,"",一般会計,15,使用料及び手数料,01,使用料,05,土木使用料,02,都市計画使用料,02,公園内行為使用料,1000,1
132241:2021:revenue:approved:0f9c653eb5b5cb00,2021,approved,65,"",一般会計,15,使用料及び手数料,01,使用料,05,土木使用料,02,都市計画使用料,03,公園施設使用料,177000,177
132241:2021:revenue:approved:d259dcfad8bf8917,2021,approved,66,"",一般会計,15,使用料及び手数料,01,使用料,05,土木使用料,02,都市計画使用料,04,自動販売機設置使用料,528000,528
132241:2021:revenue:approved:07602fec730bf500,2021,approved,67,"",一般会計,15,使用料及び手数料,01,使用料,05,土木使用料,02,都市計画使用料,05,公園駐車場使用料,712000,712
132241:2021:revenue:approved:d20ae179665dbf06,2021,approved,68,"",一般会計,15,使用料及び手数料,01,使用料,05,土木使用料,03,住宅使用料,01,市営住宅家賃,41867000,41867
132241:2021:revenue:approved:878acae3a4e8d37d,2021,approved,69,"",一般会計,15,使用料及び手数料,01,使用料,05,土木使用料,03,住宅使用料,02,市営住宅駐車場使用料,3115000,3115
132241:2021:revenue:approved:6660d5e685180d18,2021,approved,70,"",一般会計,15,使用料及び手数料,01,使用料,05,土木使用料,03,住宅使用料,03,電柱用地使用料,19000,19
132241:2021:revenue:approved:4ce39ea0291277d3,2021,approved,71,"",一般会計,15,使用料及び手数料,01,使用料,05,土木使用料,03,住宅使用料,04,埋設ガス管用地使用料,2000,2
132241:2021:revenue:approved:e8a9980d010c2f6a,2021,approved,72,"",一般会計,15,使用料及び手数料,01,使用料,06,教育使用料,01,小学校使用料,01,学校設備等使用料,232000,232
132241:2021:revenue:approved:bdeacae409a82558,2021,approved,73,"",一般会計,15,使用料及び手数料,01,使用料,06,教育使用料,02,中学校使用料,01,学校設備等使用料,250000,250
132241:2021:revenue:approved:33d20407f5680a4f,2021,approved,74,"",一般会計,15,使用料及び手数料,01,使用料,06,教育使用料,04,社会教育使用料,01,ギャラリー使用料,14000,14
132241:2021:revenue:approved:8ff93c784367bfd5,2021,approved,75,"",一般会計,15,使用料及び手数料,01,使用料,06,教育使用料,04,社会教育使用料,02,古民家使用料,102000,102
132241:2021:revenue:approved:5663955e01d9efe2,2021,approved,76,"",一般会計,15,使用料及び手数料,01,使用料,06,教育使用料,04,社会教育使用料,03,公民館使用料,17583000,17583
132241:2021:revenue:approved:43d36bc23074f9d7,2021,approved,77,"",一般会計,15,使用料及び手数料,01,使用料,06,教育使用料,04,社会教育使用料,04,永山複合施設駐車場使用料,8907000,8907
132241:2021:revenue:approved:5e9c42b23b456c4f,2021,approved,78,"",一般会計,15,使用料及び手数料,01,使用料,06,教育使用料,04,社会教育使用料,06,学校開放施設使用料,13500000,13500
132241:2021:revenue:approved:f65b8d2436518a76,2021,approved,79,"",一般会計,15,使用料及び手数料,01,使用料,06,教育使用料,04,社会教育使用料,07,自動販売機設置使用料,66000,66
132241:2021:revenue:approved:4ed267c0d4bec464,2021,approved,80,"",一般会計,15,使用料及び手数料,01,使用料,06,教育使用料,05,保健体育使用料,01,電柱用地使用料,15000,15
132241:2021:revenue:approved:d50267ed1c0678cc,2021,approved,81,"",一般会計,15,使用料及び手数料,01,使用料,06,教育使用料,05,保健体育使用料,02,総合体育館使用料,60000,60
132241:2021:revenue:approved:abdb4c24ba184ff4,2021,approved,82,"",一般会計,15,使用料及び手数料,01,使用料,06,教育使用料,05,保健体育使用料,03,温水プール使用料,754000,754
132241:2021:revenue:approved:2111a960881336d7,2021,approved,83,"",一般会計,15,使用料及び手数料,01,使用料,06,教育使用料,05,保健体育使用料,07,公衆電話用地使用料,2000,2
132241:2021:revenue:approved:caece7e40bb6f446,2021,approved,84,"",一般会計,15,使用料及び手数料,01,使用料,06,教育使用料,05,保健体育使用料,09,総合体育館食堂使用料,600000,600
132241:2021:revenue:approved:4bdff779aa1597b4,2021,approved,85,"",一般会計,15,使用料及び手数料,01,使用料,06,教育使用料,05,保健体育使用料,18,自動販売機設置使用料,825000,825
132241:2021:revenue:approved:a58fcfad9565f316,2021,approved,86,"",一般会計,15,使用料及び手数料,01,使用料,06,教育使用料,05,保健体育使用料,19,体育施設広告掲出使用料,296000,296
132241:2021:revenue:approved:2c39473de807487d,2021,approved,87,"",一般会計,15,使用料及び手数料,02,手数料,01,総務手数料,01,徴税手数料,01,諸証明手数料,9736000,9736
132241:2021:revenue:approved:c24d64b8b0f45fb4,2021,approved,88,"",一般会計,15,使用料及び手数料,02,手数料,01,総務手数料,01,徴税手数料,02,閲覧手数料,142000,142
132241:2021:revenue:approved:629864fcd33d18a5,2021,approved,89,"",一般会計,15,使用料及び手数料,02,手数料,01,総務手数料,01,徴税手数料,04,納税証明手数料,600000,600
132241:2021:revenue:approved:fb3ff90d6bf6eb1b,2021,approved,90,"",一般会計,15,使用料及び手数料,02,手数料,01,総務手数料,02,戸籍住民基本台帳手数料,01,戸籍手数料,11275000,11275
132241:2021:revenue:approved:c746b5ca510186f2,2021,approved,91,"",一般会計,15,使用料及び手数料,02,手数料,01,総務手数料,02,戸籍住民基本台帳手数料,02,住民票手数料,21342000,21342
132241:2021:revenue:approved:f0917c5d209ac6f4,2021,approved,92,"",一般会計,15,使用料及び手数料,02,手数料,01,総務手数料,02,戸籍住民基本台帳手数料,03,印鑑証明手数料,11100000,11100
132241:2021:revenue:approved:eb95487059d63b51,2021,approved,93,"",一般会計,15,使用料及び手数料,02,手数料,01,総務手数料,02,戸籍住民基本台帳手数料,04,その他証明手数料,1110000,1110
132241:2021:revenue:approved:7aa2b50a9953eae1,2021,approved,94,"",一般会計,15,使用料及び手数料,02,手数料,01,総務手数料,02,戸籍住民基本台帳手数料,05,通知カード再交付手数料,0,0
132241:2021:revenue:approved:421570e08c25e471,2021,approved,95,"",一般会計,15,使用料及び手数料,02,手数料,01,総務手数料,02,戸籍住民基本台帳手数料,06,個人番号カード再交付手数料,200000,200
132241:2021:revenue:approved:aa7da57615d8cbd5,2021,approved,96,"",一般会計,15,使用料及び手数料,02,手数料,01,総務手数料,03,総務管理手数料,01,境界証明手数料,1000,1
132241:2021:revenue:approved:5dc8afdc05ed9df1,2021,approved,97,"",一般会計,15,使用料及び手数料,02,手数料,01,総務手数料,03,総務管理手数料,02,諸証明手数料,1000,1
132241:2021:revenue:approved:4b6713650067de55,2021,approved,98,"",一般会計,15,使用料及び手数料,02,手数料,01,総務手数料,03,総務管理手数料,04,臨時運行許可番号標交付手数料,397000,397
132241:2021:revenue:approved:15b177b5a32057e6,2021,approved,99,"",一般会計,15,使用料及び手数料,02,手数料,02,衛生手数料,01,保健衛生手数料,01,工場設置・変更認可手数料,16000,16
132241:2021:revenue:approved:bdd0dcfb76bcb218,2021,approved,100,"",一般会計,15,使用料及び手数料,02,手数料,02,衛生手数料,01,保健衛生手数料,02,畜犬登録料,3610000,3610
132241:2021:revenue:approved:0fdd75ea683c6acb,2021,approved,101,"",一般会計,15,使用料及び手数料,02,手数料,02,衛生手数料,02,清掃手数料,01,ごみ処理手数料,276072000,276072
132241:2021:revenue:approved:273003fccd3e0a84,2021,approved,102,"",一般会計,15,使用料及び手数料,02,手数料,02,衛生手数料,02,清掃手数料,02,し尿処理手数料,4708000,4708
132241:2021:revenue:approved:70ddbed2be588353,2021,approved,103,"",一般会計,15,使用料及び手数料,02,手数料,02,衛生手数料,02,清掃手数料,03,一般廃棄物処理業許可申請手数料,200000,200
132241:2021:revenue:approved:e041a44df75478ff,2021,approved,104,"",一般会計,15,使用料及び手数料,02,手数料,02,衛生手数料,02,清掃手数料,04,犬猫等死体処理手数料,675000,675
132241:2021:revenue:approved:b7f7f55dcee77d4a,2021,approved,105,"",一般会計,15,使用料及び手数料,02,手数料,02,衛生手数料,02,清掃手数料,05,事業系ごみ処理手数料,18438000,18438
132241:2021:revenue:approved:2005b14df414a11a,2021,approved,106,"",一般会計,15,使用料及び手数料,02,手数料,02,衛生手数料,02,清掃手数料,06,粗大ごみ処理手数料,30940000,30940
132241:2021:revenue:approved:aed4ada6766a55c5,2021,approved,107,"",一般会計,15,使用料及び手数料,02,手数料,02,衛生手数料,02,清掃手数料,07,浄化槽清掃業許可申請手数料,30000,30
132241:2021:revenue:approved:16610981324ced1f,2021,approved,108,"",一般会計,15,使用料及び手数料,02,手数料,02,衛生手数料,02,清掃手数料,08,家庭系ごみ処理手数料,274674000,274674
132241:2021:revenue:approved:01b6ae6447cfc5f0,2021,approved,109,"",一般会計,15,使用料及び手数料,02,手数料,02,衛生手数料,02,清掃手数料,10,境界証明等手数料,1000,1
132241:2021:revenue:approved:b05588a822c91557,2021,approved,110,"",一般会計,15,使用料及び手数料,02,手数料,03,土木手数料,01,道路橋りょう手数料,01,屋外広告物許可申請手数料,2126000,2126
132241:2021:revenue:approved:018db8a354f51280,2021,approved,111,"",一般会計,15,使用料及び手数料,02,手数料,03,土木手数料,01,道路橋りょう手数料,02,境界証明等手数料,60000,60
132241:2021:revenue:approved:2b806c0dbf6087c9,2021,approved,112,"",一般会計,15,使用料及び手数料,02,手数料,03,土木手数料,02,都市計画手数料,01,諸証明手数料,11000,11
132241:2021:revenue:approved:e98d2c35523a0811,2021,approved,113,"",一般会計,15,使用料及び手数料,02,手数料,03,土木手数料,03,住宅手数料,01,市営住宅車庫証明手数料,1000,1
132241:2021:revenue:approved:e1ea2351c7d6efb5,2021,approved,114,"",一般会計,15,使用料及び手数料,02,手数料,04,民生手数料,01,民生手数料,01,諸証明手数料,1000,1
132241:2021:revenue:approved:22991e3738cfce9b,2021,approved,115,"",一般会計,15,使用料及び手数料,02,手数料,04,民生手数料,01,民生手数料,02,社会福祉法人理事証明等手数料,1000,1
132241:2021:revenue:approved:160bdc0d62d4a724,2021,approved,116,"",一般会計,16,国庫支出金,01,国庫負担金,01,民生費国庫負担金,01,社会福祉費負担金,01,特別障害者手当等負担金（３／４）,73222000,73222
132241:2021:revenue:approved:b17c20c45b4578f7,2021,approved,117,"",一般会計,16,国庫支出金,01,国庫負担金,01,民生費国庫負担金,01,社会福祉費負担金,02,障害者自立支援給付国庫負担金（１／２）,1651877000,1651877
132241:2021:revenue:approved:a54653d26e7e39a7,2021,approved,118,"",一般会計,16,国庫支出金,01,国庫負担金,01,民生費国庫負担金,01,社会福祉費負担金,03,保険基盤安定負担金（１／２）,113377000,113377
132241:2021:revenue:approved:d54c1b695446f0cc,2021,approved,119,"",一般会計,16,国庫支出金,01,国庫負担金,01,民生費国庫負担金,01,社会福祉費負担金,08,生活困窮者自立支援事業負担金（３／４）,53243000,53243
132241:2021:revenue:approved:0c7591ffa6ba851d,2021,approved,120,"",一般会計,16,国庫支出金,01,国庫負担金,01,民生費国庫負担金,01,社会福祉費負担金,09,障害者医療費国庫負担金（１／２）,91194000,91194
132241:2021:revenue:approved:ae787fa331946b62,2021,approved,121,"",一般会計,16,国庫支出金,01,国庫負担金,01,民生費国庫負担金,01,社会福祉費負担金,10,低所得者保険料軽減負担金（１／２）,65280000,65280
132241:2021:revenue:approved:64cbfb3b5d03bfb8,2021,approved,122,"",一般会計,16,国庫支出金,01,国庫負担金,01,民生費国庫負担金,02,児童福祉費負担金,01,子どものための保育給付費負担金（１／２）,1522616000,1522616
132241:2021:revenue:approved:f110fc6597d79b6f,2021,approved,123,"",一般会計,16,国庫支出金,01,国庫負担金,01,民生費国庫負担金,02,児童福祉費負担金,05,助産施設入所費負担金（１／２）,1168000,1168
132241:2021:revenue:approved:8a3d2cf786d8682f,2021,approved,124,"",一般会計,16,国庫支出金,01,国庫負担金,01,民生費国庫負担金,02,児童福祉費負担金,06,母子生活支援施設入所費負担金（１／２）,12082000,12082
132241:2021:revenue:approved:41ffac1e313539f4,2021,approved,125,"",一般会計,16,国庫支出金,01,国庫負担金,01,民生費国庫負担金,02,児童福祉費負担金,09,児童扶養手当負担金（１／３）,136633000,136633
132241:2021:revenue:approved:63e4f6a8999a9f76,2021,approved,126,"",一般会計,16,国庫支出金,01,国庫負担金,01,民生費国庫負担金,02,児童福祉費負担金,18,児童手当負担金（３７／４５、４／６）,1402593000,1402593
132241:2021:revenue:approved:585f1690505b7f74,2021,approved,127,"",一般会計,16,国庫支出金,01,国庫負担金,01,民生費国庫負担金,02,児童福祉費負担金,19,子育て支援施設等利用保育給付費負担金（１／２）,66048000,66048
132241:2021:revenue:approved:450ebbb4c52b2b9d,2021,approved,128,"",一般会計,16,国庫支出金,01,国庫負担金,01,民生費国庫負担金,03,生活保護費負担金,01,生活保護費負担金（３／４）,3186472000,3186472
132241:2021:revenue:approved:f8a962f772ee2ffd,2021,approved,129,"",一般会計,16,国庫支出金,01,国庫負担金,01,民生費国庫負担金,03,生活保護費負担金,02,中国残留邦人等支援事業負担金（３／４）,12810000,12810
132241:2021:revenue:approved:a3ec5f75e902e857,2021,approved,130,"",一般会計,16,国庫支出金,01,国庫負担金,02,衛生費国庫負担金,01,保健衛生費負担金,03,未熟児養育医療国庫負担金（１／２）,4125000,4125
132241:2021:revenue:approved:99dfe5506ca2f223,2021,approved,131,"",一般会計,16,国庫支出金,01,国庫負担金,03,教育費国庫負担金,03,幼稚園費負担金,02,子どものための教育給付費負担金（１／２）,214227000,214227
132241:2021:revenue:approved:c08d6ab4c5ac617d,2021,approved,132,"",一般会計,16,国庫支出金,01,国庫負担金,03,教育費国庫負担金,03,幼稚園費負担金,03,子育て支援施設等利用教育給付費負担金（１／２）,116164000,116164
132241:2021:revenue:approved:444d024d0946eee0,2021,approved,133,"",一般会計,16,国庫支出金,02,国庫補助金,01,民生費国庫補助金,01,社会福祉費補助金,02,地域生活支援事業国庫補助金（１／２）,85852000,85852
132241:2021:revenue:approved:4483aacd0d62e96a,2021,approved,134,"",一般会計,16,国庫支出金,02,国庫補助金,01,民生費国庫補助金,01,社会福祉費補助金,17,生活困窮者就労準備支援事業費等補助金,48161000,48161
132241:2021:revenue:approved:83d1baa914f38a89,2021,approved,135,"",一般会計,16,国庫支出金,02,国庫補助金,01,民生費国庫補助金,01,社会福祉費補助金,19,生活困窮者等のための共助の基盤づくり事業補助金（１／２）,2936000,2936
132241:2021:revenue:approved:151b175968837601,2021,approved,136,"",一般会計,16,国庫支出金,02,国庫補助金,01,民生費国庫補助金,03,児童福祉費補助金,01,母子及び父子家庭自立支援給付金（３／４）,7687000,7687
132241:2021:revenue:approved:0b12900aebed1ecc,2021,approved,137,"",一般会計,16,国庫支出金,02,国庫補助金,01,民生費国庫補助金,03,児童福祉費補助金,03,婦人相談員活動強化事業補助金（１／２）,71000,71
132241:2021:revenue:approved:e7a0f55741b4ce15,2021,approved,138,"",一般会計,16,国庫支出金,02,国庫補助金,01,民生費国庫補助金,03,児童福祉費補助金,09,児童虐待防止対策支援事業補助金（１／２）,6505000,6505
132241:2021:revenue:approved:7e3ebe63281da7c1,2021,approved,139,"",一般会計,16,国庫支出金,02,国庫補助金,01,民生費国庫補助金,03,児童福祉費補助金,14,子ども・子育て支援交付金（１／３）,256696000,256696
132241:2021:revenue:approved:055dc079e85cc0b7,2021,approved,140,"",一般会計,16,国庫支出金,02,国庫補助金,01,民生費国庫補助金,03,児童福祉費補助金,16,子ども・子育て支援整備交付金（１／３）,2918000,2918
132241:2021:revenue:approved:5cbdf4c365e1affa,2021,approved,141,"",一般会計,16,国庫支出金,02,国庫補助金,01,民生費国庫補助金,03,児童福祉費補助金,17,子ども・子育て支援体制整備総合推進事業補助金（１／２）,2505000,2505
132241:2021:revenue:approved:ee4c8bff2d275a8e,2021,approved,142,"",一般会計,16,国庫支出金,02,国庫補助金,01,民生費国庫補助金,03,児童福祉費補助金,21,保育対策総合支援事業費国庫補助金（１／２、３／８、１／３）,8828000,8828
132241:2021:revenue:approved:51c87533f353af25,2021,approved,143,"",一般会計,16,国庫支出金,02,国庫補助金,01,民生費国庫補助金,03,児童福祉費補助金,22,保育所等整備交付金（２／３、１／２）,37995000,37995
132241:2021:revenue:approved:e307f749312c37f0,2021,approved,144,"",一般会計,16,国庫支出金,02,国庫補助金,01,民生費国庫補助金,03,児童福祉費補助金,23,幼児教育無償化実施円滑化事業補助金（１０／１０）,19843000,19843
132241:2021:revenue:approved:e7bc819bd193ee6b,2021,approved,145,"",一般会計,16,国庫支出金,02,国庫補助金,01,民生費国庫補助金,03,児童福祉費補助金,28,保育人材就職支援事業補助金（１／２）,0,0
132241:2021:revenue:approved:7e82be48d31d4f79,2021,approved,146,"",一般会計,16,国庫支出金,02,国庫補助金,01,民生費国庫補助金,03,児童福祉費補助金,29,母子・父子自立支援プログラム策定事業補助金（１０／１０）,120000,120
132241:2021:revenue:approved:001db07b7785ceae,2021,approved,147,"",一般会計,16,国庫支出金,02,国庫補助金,01,民生費国庫補助金,03,児童福祉費補助金,30,都市部における保育所等への賃借料支援事業補助金（１／２）,21307000,21307
132241:2021:revenue:approved:326291b5fab8f57e,2021,approved,148,"",一般会計,16,国庫支出金,02,国庫補助金,01,民生費国庫補助金,03,児童福祉費補助金,31,児童手当マイナンバー情報連携体制整備事業補助金（２／３）,0,0
132241:2021:revenue:approved:4aab2b24e778ebd4,2021,approved,149,"",一般会計,16,国庫支出金,02,国庫補助金,02,衛生費国庫補助金,01,保健衛生費補助金,04,新たなステージに入ったがん検診の総合支援事業補助金（１／２）,1569000,1569
132241:2021:revenue:approved:48e3c7c787e2510a,2021,approved,150,"",一般会計,16,国庫支出金,02,国庫補助金,02,衛生費国庫補助金,01,保健衛生費補助金,05,母子保健衛生費国庫補助金（１／２）,1687000,1687
132241:2021:revenue:approved:a60bec9a2a3fa121,2021,approved,151,"",一般会計,16,国庫支出金,02,国庫補助金,02,衛生費国庫補助金,01,保健衛生費補助金,08,緊急風しん抗体検査等事業補助金（１／２）,15851000,15851
132241:2021:revenue:approved:5ef81b5787a2b509,2021,approved,152,"",一般会計,16,国庫支出金,02,国庫補助金,02,衛生費国庫補助金,01,保健衛生費補助金,09,新型コロナウイルスワクチン接種体制確保補助金（１０／１０）,86355000,86355
132241:2021:revenue:approved:10cb3cc6a60c8354,2021,approved,153,"",一般会計,16,国庫支出金,02,国庫補助金,02,衛生費国庫補助金,02,清掃費補助金,01,循環型社会形成推進交付金（１／３）,55000000,55000
132241:2021:revenue:approved:9bb9ced60efa051a,2021,approved,154,"",一般会計,16,国庫支出金,02,国庫補助金,03,土木費国庫補助金,01,都市計画費補助金,06,社会資本整備総合交付金,18043000,18043
132241:2021:revenue:approved:1443d75d006e8eab,2021,approved,155,"",一般会計,16,国庫支出金,02,国庫補助金,03,土木費国庫補助金,02,住宅費補助金,03,社会資本整備総合交付金,19223000,19223
132241:2021:revenue:approved:d95649c9c8f40ff8,2021,approved,156,"",一般会計,16,国庫支出金,02,国庫補助金,03,土木費国庫補助金,02,住宅費補助金,07,共生社会実現に向けた住宅ＳＮ推進事業補助金（１０／１０）,3985000,3985
132241:2021:revenue:approved:f16d77d50f5e917f,2021,approved,157,"",一般会計,16,国庫支出金,02,国庫補助金,03,土木費国庫補助金,03,道路橋りょう費補助金,01,社会資本整備総合交付金,0,0
132241:2021:revenue:approved:3168c174650af261,2021,approved,158,"",一般会計,16,国庫支出金,02,国庫補助金,03,土木費国庫補助金,03,道路橋りょう費補助金,02,道路更新防災等対策事業費補助金,63250000,63250
132241:2021:revenue:approved:06098378a22f4ad4,2021,approved,159,"",一般会計,16,国庫支出金,02,国庫補助金,04,教育費国庫補助金,01,小学校費補助金,01,要保護児童就学援助費補助金（１／２）,229000,229
132241:2021:revenue:approved:fd820090b74251a4,2021,approved,160,"",一般会計,16,国庫支出金,02,国庫補助金,04,教育費国庫補助金,01,小学校費補助金,02,特別支援教育就学奨励費補助金（１／２）,2456000,2456
132241:2021:revenue:approved:cbba1790d630e244,2021,approved,161,"",一般会計,16,国庫支出金,02,国庫補助金,04,教育費国庫補助金,01,小学校費補助金,04,理科教育設備整備費等補助金（１／２）,1875000,1875
132241:2021:revenue:approved:a16fbccb128df88d,2021,approved,162,"",一般会計,16,国庫支出金,02,国庫補助金,04,教育費国庫補助金,01,小学校費補助金,08,学校施設環境改善交付金（１／２、１／３、２／７）,29974000,29974
132241:2021:revenue:approved:71dd9ae56e517b30,2021,approved,163,"",一般会計,16,国庫支出金,02,国庫補助金,04,教育費国庫補助金,02,中学校費補助金,01,要保護生徒就学援助費補助金（１／２）,747000,747
132241:2021:revenue:approved:e323a9e6014c551f,2021,approved,164,"",一般会計,16,国庫支出金,02,国庫補助金,04,教育費国庫補助金,02,中学校費補助金,02,特別支援教育就学奨励費補助金（１／２）,2966000,2966
132241:2021:revenue:approved:d1b3d2acd888d753,2021,approved,165,"",一般会計,16,国庫支出金,02,国庫補助金,04,教育費国庫補助金,02,中学校費補助金,04,理科教育設備整備費等補助金（１／２）,1425000,1425
132241:2021:revenue:approved:8ef62bf56fcce229,2021,approved,166,"",一般会計,16,国庫支出金,02,国庫補助金,04,教育費国庫補助金,02,中学校費補助金,08,学校施設環境改善交付金（１／２、１／３、２／７）,17635000,17635
132241:2021:revenue:approved:9a6ed6b0c4215fc1,2021,approved,167,"",一般会計,16,国庫支出金,02,国庫補助金,04,教育費国庫補助金,04,社会教育費補助金,01,埋蔵文化財発掘調査事業費補助金（１／２）,2500000,2500
132241:2021:revenue:approved:83a3f584213d0b2b,2021,approved,168,"",一般会計,16,国庫支出金,02,国庫補助金,04,教育費国庫補助金,04,社会教育費補助金,04,地域の特色ある埋蔵文化財活用事業国庫補助金（１／２）,2500000,2500
132241:2021:revenue:approved:d3418407a6eb7d80,2021,approved,169,"",一般会計,16,国庫支出金,02,国庫補助金,05,総務費国庫補助金,01,総務費国庫補助金,11,個人番号カード交付事業費補助金（１０／１０）,36548000,36548
132241:2021:revenue:approved:4030b7b026420672,2021,approved,170,"",一般会計,16,国庫支出金,02,国庫補助金,05,総務費国庫補助金,01,総務費国庫補助金,12,個人番号カード交付事務費補助金（１０／１０）,87414000,87414
132241:2021:revenue:approved:e67d332652bb9aa1,2021,approved,171,"",一般会計,16,国庫支出金,02,国庫補助金,05,総務費国庫補助金,01,総務費国庫補助金,16,社会保障・税番号制度システム整備費補助金,1351000,1351
132241:2021:revenue:approved:7e58d8d84312f7fc,2021,approved,172,"",一般会計,16,国庫支出金,02,国庫補助金,05,総務費国庫補助金,01,総務費国庫補助金,19,マイナポイント事業費補助金（１０／１０）,0,0
132241:2021:revenue:approved:d8d808067ea59e08,2021,approved,173,"",一般会計,16,国庫支出金,02,国庫補助金,05,総務費国庫補助金,01,総務費国庫補助金,20,戸籍事務とマイナンバー制度の連携等に係る補助金（１０／１０）,0,0
132241:2021:revenue:approved:3515bce2f792c9fd,2021,approved,174,"",一般会計,16,国庫支出金,03,委託金,01,民生費委託金,01,社会福祉費委託金,01,中国残留邦人等支援相談員委託金（１０／１０）,290000,290
132241:2021:revenue:approved:1d362593555cba52,2021,approved,175,"",一般会計,16,国庫支出金,03,委託金,01,民生費委託金,01,社会福祉費委託金,04,年金生活者支援給付金支給業務市町村事務取扱交付金,0,0
132241:2021:revenue:approved:67b3edf526df02b6,2021,approved,176,"",一般会計,16,国庫支出金,03,委託金,01,民生費委託金,02,児童福祉費委託金,01,特別児童扶養手当事務費委託金（１０／１０）,313000,313
132241:2021:revenue:approved:d98a1cb63e99fb1b,2021,approved,177,"",一般会計,16,国庫支出金,03,委託金,01,民生費委託金,03,国民年金費委託金,01,国民年金費委託金（１０／１０）,32205000,32205
132241:2021:revenue:approved:5f6ea74ea43f2e6c,2021,approved,178,"",一般会計,16,国庫支出金,03,委託金,01,民生費委託金,04,年金生活者支援給付金事務費委託金,01,年金生活者支援給付金支給業務市町村事務取扱交付金,426000,426
132241:2021:revenue:approved:c4b8340140579be3,2021,approved,179,"",一般会計,16,国庫支出金,03,委託金,02,総務費委託金,01,総務管理費委託金,01,自衛官募集事務費（１０／１０）,20000,20
132241:2021:revenue:approved:198daff89296def1,2021,approved,180,"",一般会計,16,国庫支出金,03,委託金,02,総務費委託金,02,戸籍住民基本台帳費委託金,02,中長期在留者住居地届出等事務委託費（１０／１０）,827000,827
132241:2021:revenue:approved:04b92ab9aac069b2,2021,approved,181,"",一般会計,17,都支出金,01,都負担金,01,民生費都負担金,01,社会福祉費負担金,01,保険基盤安定負担金（３／４、１／４）,524999000,524999
132241:2021:revenue:approved:eea9c7eae857a581,2021,approved,182,"",一般会計,17,都支出金,01,都負担金,01,民生費都負担金,01,社会福祉費負担金,02,民生委員推薦会負担金（１０／１０）,128000,128
132241:2021:revenue:approved:490cca64d7b449a3,2021,approved,183,"",一般会計,17,都支出金,01,都負担金,01,民生費都負担金,01,社会福祉費負担金,03,民生委員・児童委員及び民生委員協議会負担金（１０／１０）,12058000,12058
132241:2021:revenue:approved:39686302c86dc799,2021,approved,184,"",一般会計,17,都支出金,01,都負担金,01,民生費都負担金,01,社会福祉費負担金,04,心身障害者福祉手当負担金（１０／１０）,242916000,242916
132241:2021:revenue:approved:1f0428ffe7a88be6,2021,approved,185,"",一般会計,17,都支出金,01,都負担金,01,民生費都負担金,01,社会福祉費負担金,05,障害者自立支援給付都負担金（１／４）,871535000,871535
132241:2021:revenue:approved:f43017955532e978,2021,approved,186,"",一般会計,17,都支出金,01,都負担金,01,民生費都負担金,01,社会福祉費負担金,10,行旅死亡人及び行旅病人取扱負担金（１０／１０）,477000,477
132241:2021:revenue:approved:df0856a010f9360d,2021,approved,187,"",一般会計,17,都支出金,01,都負担金,01,民生費都負担金,01,社会福祉費負担金,15,低所得者保険料軽減負担金（１／４）,32640000,32640
132241:2021:revenue:approved:b87aee151169c09d,2021,approved,188,"",一般会計,17,都支出金,01,都負担金,01,民生費都負担金,02,児童福祉費負担金,01,子どものための保育給付費負担金（１／４）,647136000,647136
132241:2021:revenue:approved:761769650867d09d,2021,approved,189,"",一般会計,17,都支出金,01,都負担金,01,民生費都負担金,02,児童福祉費負担金,02,児童育成手当負担金（１０／１０）,286285000,286285
132241:2021:revenue:approved:6540df3d83bb68fb,2021,approved,190,"",一般会計,17,都支出金,01,都負担金,01,民生費都負担金,02,児童福祉費負担金,05,助産施設入所費負担金（１／４）,584000,584
132241:2021:revenue:approved:c5313fd548d7e2f2,2021,approved,191,"",一般会計,17,都支出金,01,都負担金,01,民生費都負担金,02,児童福祉費負担金,06,母子生活支援施設入所費負担金（１／４）,6041000,6041
132241:2021:revenue:approved:7662c8612f1b4ebc,2021,approved,192,"",一般会計,17,都支出金,01,都負担金,01,民生費都負担金,02,児童福祉費負担金,15,児童手当負担金（４／４５、１／６）,308350000,308350
132241:2021:revenue:approved:8b79c6464d8c10fb,2021,approved,193,"",一般会計,17,都支出金,01,都負担金,01,民生費都負担金,02,児童福祉費負担金,16,子育て支援施設等利用保育給付費負担金（１／４）,33024000,33024
132241:2021:revenue:approved:bf7b207acf47e6b0,2021,approved,194,"",一般会計,17,都支出金,01,都負担金,01,民生費都負担金,03,生活保護費負担金,01,生活保護費負担金（１／４）,130926000,130926
132241:2021:revenue:approved:ed565a7b73692146,2021,approved,195,"",一般会計,17,都支出金,01,都負担金,02,衛生費都負担金,01,保健衛生費負担金,01,感染症予防費負担金（２／３）,114000,114
132241:2021:revenue:approved:c9f80ea303b2414a,2021,approved,196,"",一般会計,17,都支出金,01,都負担金,02,衛生費都負担金,01,保健衛生費負担金,07,未熟児養育医療都負担金（１／４）,2062000,2062
132241:2021:revenue:approved:e13abe1d73c8d6d1,2021,approved,197,"",一般会計,17,都支出金,01,都負担金,03,土木費都負担金,01,都市計画費負担金,01,地籍調査事業費負担金（３／４）,12750000,12750
132241:2021:revenue:approved:e7cd40c6458eb25f,2021,approved,198,"",一般会計,17,都支出金,01,都負担金,04,教育費都負担金,02,幼稚園費負担金,02,子どものための教育給付費負担金（１／２、１／４）,183167000,183167
132241:2021:revenue:approved:08ebfa859c9a12e3,2021,approved,199,"",一般会計,17,都支出金,01,都負担金,04,教育費都負担金,02,幼稚園費負担金,03,子育て支援施設等利用教育給付費負担金（１／４）,58082000,58082
132241:2021:revenue:approved:8ed1f93d45472d53,2021,approved,200,"",一般会計,17,都支出金,02,都補助金,01,総務費都補助金,01,市町村総合交付金,01,市町村総合交付金,1355000000,1355000
132241:2021:revenue:approved:76e331d629dccc12,2021,approved,201,"",一般会計,17,都支出金,02,都補助金,01,総務費都補助金,05,東京都人権啓発活動区市町村補助金,01,東京都人権啓発活動区市町村補助金（１０／１０）,688000,688
132241:2021:revenue:approved:f641c8ae6683e8fa,2021,approved,202,"",一般会計,17,都支出金,02,都補助金,01,総務費都補助金,07,青少年対策費補助金,03,地域における青少年健全育成応援事業補助金（１／２）,1000000,1000
132241:2021:revenue:approved:7e64825a158aaf1c,2021,approved,203,"",一般会計,17,都支出金,02,都補助金,01,総務費都補助金,13,スポーツ振興等事業費補助金,01,スポーツ振興等事業費補助金（１／２）,5000000,5000
132241:2021:revenue:approved:d44fe18c4903b9ae,2021,approved,204,"",一般会計,17,都支出金,02,都補助金,01,総務費都補助金,14,東京都自動通話録音機設置促進補助金,01,東京都自動通話録音機設置促進補助金（１／２）,0,0
132241:2021:revenue:approved:5d80d9e84293abdb,2021,approved,205,"",一般会計,17,都支出金,02,都補助金,01,総務費都補助金,15,東京２０２０大会開催関連事業費補助金,01,東京２０２０大会開催関連事業費補助金（１／２、２／３）,13514000,13514
132241:2021:revenue:approved:4d551ecac49e0eb0,2021,approved,206,"",一般会計,17,都支出金,02,都補助金,01,総務費都補助金,17,ホストタウン等新型コロナウイルス感染症対策交付金,01,ホストタウン等新型コロナウイルス感染症対策交付金,17548000,17548
132241:2021:revenue:approved:78b4552141744f64,2021,approved,207,"",一般会計,17,都支出金,02,都補助金,02,民生費都補助金,01,社会福祉費補助金,01,地域福祉推進包括補助事業補助金（１／２、１０／１０）,65337000,65337
132241:2021:revenue:approved:044734ac4bc4f11e,2021,approved,208,"",一般会計,17,都支出金,02,都補助金,02,民生費都補助金,01,社会福祉費補助金,02,地域福祉推進事業補助金（１／２）,4202000,4202
132241:2021:revenue:approved:f80241e325f28a31,2021,approved,209,"",一般会計,17,都支出金,02,都補助金,02,民生費都補助金,01,社会福祉費補助金,03,介護基盤整備事業関係都補助金（１０／１０）,8066000,8066
132241:2021:revenue:approved:ed6dd439e956c1cb,2021,approved,210,"",一般会計,17,都支出金,02,都補助金,02,民生費都補助金,01,社会福祉費補助金,04,在宅障害者福祉事業費等補助金（１０／１０）,1000,1
132241:2021:revenue:approved:edfd3c98bfa9ed97,2021,approved,211,"",一般会計,17,都支出金,02,都補助金,02,民生費都補助金,01,社会福祉費補助金,05,重度訪問介護等利用促進に係る区市町村支援事業補助金（３／４）,14518000,14518
132241:2021:revenue:approved:4aaae3f2276497cc,2021,approved,212,"",一般会計,17,都支出金,02,都補助金,02,民生費都補助金,01,社会福祉費補助金,06,老人クラブ・老人クラブ連合会助成費補助金（２／３）,1206000,1206
132241:2021:revenue:approved:2aed2aa1709cebc1,2021,approved,213,"",一般会計,17,都支出金,02,都補助金,02,民生費都補助金,01,社会福祉費補助金,08,障害者施策推進区市町村包括補助事業補助金,312256000,312256
132241:2021:revenue:approved:01d88f8a17f4f1ac,2021,approved,214,"",一般会計,17,都支出金,02,都補助金,02,民生費都補助金,01,社会福祉費補助金,09,シルバー人材センター事業補助金（１／２）,12797000,12797
132241:2021:revenue:approved:af127e4269cedc50,2021,approved,215,"",一般会計,17,都支出金,02,都補助金,02,民生費都補助金,01,社会福祉費補助金,10,高齢社会対策区市町村包括補助事業補助金,37411000,37411
132241:2021:revenue:approved:f9c12c8eb39d7a8b,2021,approved,216,"",一般会計,17,都支出金,02,都補助金,02,民生費都補助金,01,社会福祉費補助金,12,介護保険事業費補助金（３／４、１／２）,738000,738
132241:2021:revenue:approved:542537a721ca00b6,2021,approved,217,"",一般会計,17,都支出金,02,都補助金,02,民生費都補助金,01,社会福祉費補助金,13,精神保健福祉一般相談事業交付金（１０／１０）,10720000,10720
132241:2021:revenue:approved:1d5d3a6d8f12c84e,2021,approved,218,"",一般会計,17,都支出金,02,都補助金,02,民生費都補助金,01,社会福祉費補助金,16,地域生活支援事業都補助金（１／４）,42926000,42926
132241:2021:revenue:approved:99cf141a6576ea76,2021,approved,219,"",一般会計,17,都支出金,02,都補助金,02,民生費都補助金,01,社会福祉費補助金,54,区市町村特別支援事業補助金（１／４）,33875000,33875
132241:2021:revenue:approved:33dd4b7d29467a31,2021,approved,220,"",一般会計,17,都支出金,02,都補助金,02,民生費都補助金,01,社会福祉費補助金,55,介護予防・フレイル予防推進員の配置事業補助金（１０／１０）,5500000,5500
132241:2021:revenue:approved:df47847fe39db3ae,2021,approved,221,"",一般会計,17,都支出金,02,都補助金,02,民生費都補助金,01,社会福祉費補助金,56,区市町村高次脳機能障害者支援促進事業補助金（３／４）,3076000,3076
132241:2021:revenue:approved:9c464a21641f7e7b,2021,approved,222,"",一般会計,17,都支出金,02,都補助金,02,民生費都補助金,01,社会福祉費補助金,57,高齢者見守り相談窓口事業補助金（１／２）,8257000,8257
132241:2021:revenue:approved:81089b99dd6fd451,2021,approved,223,"",一般会計,17,都支出金,02,都補助金,02,民生費都補助金,01,社会福祉費補助金,59,区市町村介護人材緊急確保対策事業費補助金（３／４）,1395000,1395
132241:2021:revenue:approved:499d0df4b469f739,2021,approved,224,"",一般会計,17,都支出金,02,都補助金,02,民生費都補助金,01,社会福祉費補助金,60,特別弔慰金受付事務費交付金（１０／１０）,68000,68
132241:2021:revenue:approved:b713041a56eee673,2021,approved,225,"",一般会計,17,都支出金,02,都補助金,02,民生費都補助金,01,社会福祉費補助金,87,重度障害者に係る区市町村特別支援事業補助金（１０／１０）,12564000,12564
132241:2021:revenue:approved:33482085956e3e48,2021,approved,226,"",一般会計,17,都支出金,02,都補助金,02,民生費都補助金,01,社会福祉費補助金,88,人生１００年時代セカンドライフ応援事業補助金（２／３）,6666000,6666
132241:2021:revenue:approved:0f395d5f70c21624,2021,approved,227,"",一般会計,17,都支出金,02,都補助金,02,民生費都補助金,01,社会福祉費補助金,89,認知症検診推進事業補助金（１０／１０）,2777000,2777
132241:2021:revenue:approved:b155ebbe275f5403,2021,approved,228,"",一般会計,17,都支出金,02,都補助金,02,民生費都補助金,02,児童福祉費補助金,01,義務教育就学児医療費助成事業補助金（１／２）,128058000,128058
132241:2021:revenue:approved:c7326698e015458a,2021,approved,229,"",一般会計,17,都支出金,02,都補助金,02,民生費都補助金,02,児童福祉費補助金,04,子育て推進交付金,646756000,646756
132241:2021:revenue:approved:3195eb3d601aad3f,2021,approved,230,"",一般会計,17,都支出金,02,都補助金,02,民生費都補助金,02,児童福祉費補助金,06,ひとり親家庭等医療費助成事業補助金（１／２、２／３）,37007000,37007
132241:2021:revenue:approved:4b113728f614468f,2021,approved,231,"",一般会計,17,都支出金,02,都補助金,02,民生費都補助金,02,児童福祉費補助金,07,ひとり親家庭ホームヘルプサービス事業補助金（３／４）,2647000,2647
132241:2021:revenue:approved:0651abaa991a7fe1,2021,approved,232,"",一般会計,17,都支出金,02,都補助金,02,民生費都補助金,02,児童福祉費補助金,08,乳幼児医療費助成事業補助金（１／２）,93133000,93133
132241:2021:revenue:approved:11ecb291f0b47f29,2021,approved,233,"",一般会計,17,都支出金,02,都補助金,02,民生費都補助金,02,児童福祉費補助金,11,認証保育所運営費補助金（１／２）,286081000,286081
132241:2021:revenue:approved:2e93c8bd630cfc7a,2021,approved,234,"",一般会計,17,都支出金,02,都補助金,02,民生費都補助金,02,児童福祉費補助金,13,学童クラブ整備費補助金（１／３）,2918000,2918
132241:2021:revenue:approved:c85638a9277bd81b,2021,approved,235,"",一般会計,17,都支出金,02,都補助金,02,民生費都補助金,02,児童福祉費補助金,14,子ども家庭支援区市町村包括支援事業補助金,170871000,170871
132241:2021:revenue:approved:a383de001d4fb285,2021,approved,236,"",一般会計,17,都支出金,02,都補助金,02,民生費都補助金,02,児童福祉費補助金,30,都型学童クラブ事業補助金（１／２）,102828000,102828
132241:2021:revenue:approved:05211e5e4ad40e1d,2021,approved,237,"",一般会計,17,都支出金,02,都補助金,02,民生費都補助金,02,児童福祉費補助金,43,乳児家庭全戸訪問事業補助金（１／３）,1802000,1802
132241:2021:revenue:approved:5592b0083130350a,2021,approved,238,"",一般会計,17,都支出金,02,都補助金,02,民生費都補助金,02,児童福祉費補助金,44,養育支援訪問事業補助金（１／３）,9030000,9030
132241:2021:revenue:approved:9171f4d5c6bcb123,2021,approved,239,"",一般会計,17,都支出金,02,都補助金,02,民生費都補助金,02,児童福祉費補助金,45,ファミリー・サポート・センター事業補助金（１／３）,3533000,3533
132241:2021:revenue:approved:a9ded42a41f6591d,2021,approved,240,"",一般会計,17,都支出金,02,都補助金,02,民生費都補助金,02,児童福祉費補助金,46,地域子育て支援拠点事業補助金（１／３）,27473000,27473
132241:2021:revenue:approved:a4977ba4069521ff,2021,approved,241,"",一般会計,17,都支出金,02,都補助金,02,民生費都補助金,02,児童福祉費補助金,47,一時預かり事業補助金（１／３）,24443000,24443
132241:2021:revenue:approved:3146ae39561d94d6,2021,approved,242,"",一般会計,17,都支出金,02,都補助金,02,民生費都補助金,02,児童福祉費補助金,48,子どもを守る地域ネットワーク機能強化事業補助金（１／３）,1489000,1489
132241:2021:revenue:approved:bca422125c764a0f,2021,approved,243,"",一般会計,17,都支出金,02,都補助金,02,民生費都補助金,02,児童福祉費補助金,50,子育て短期支援事業補助金（１／３）,126000,126
132241:2021:revenue:approved:96a5dd882297c33f,2021,approved,244,"",一般会計,17,都支出金,02,都補助金,02,民生費都補助金,02,児童福祉費補助金,52,利用者支援事業補助金（１／３）,24583000,24583
132241:2021:revenue:approved:4627b6a851d91666,2021,approved,245,"",一般会計,17,都支出金,02,都補助金,02,民生費都補助金,02,児童福祉費補助金,56,実費徴収に係る補足給付事業補助金（１／３）,1357000,1357
132241:2021:revenue:approved:f94be8d9509aff45,2021,approved,246,"",一般会計,17,都支出金,02,都補助金,02,民生費都補助金,02,児童福祉費補助金,58,延長保育事業補助金（１／３）,12447000,12447
132241:2021:revenue:approved:31c140e0f0f6f6b2,2021,approved,247,"",一般会計,17,都支出金,02,都補助金,02,民生費都補助金,02,児童福祉費補助金,59,病児保育事業補助金（１／３）,8982000,8982
132241:2021:revenue:approved:35a81d1ee73e2876,2021,approved,248,"",一般会計,17,都支出金,02,都補助金,02,民生費都補助金,02,児童福祉費補助金,61,保育士等キャリアアップ補助金（１０／１０、１／２）,121319000,121319
132241:2021:revenue:approved:1b8b333aa4755e7f,2021,approved,249,"",一般会計,17,都支出金,02,都補助金,02,民生費都補助金,02,児童福祉費補助金,62,放課後児童健全育成事業補助金（１／３）,129152000,129152
132241:2021:revenue:approved:f1a2dcd1584ffdc8,2021,approved,250,"",一般会計,17,都支出金,02,都補助金,02,民生費都補助金,02,児童福祉費補助金,63,東京都ひとり親家庭等生活向上事業補助金（３／４）,4011000,4011
132241:2021:revenue:approved:0c26a1db65e04957,2021,approved,251,"",一般会計,17,都支出金,02,都補助金,02,民生費都補助金,02,児童福祉費補助金,65,認可外保育施設利用支援事業補助金（１／２、１０／１０）,89186000,89186
132241:2021:revenue:approved:9b615199991a6c9d,2021,approved,252,"",一般会計,17,都支出金,02,都補助金,02,民生費都補助金,02,児童福祉費補助金,67,幼稚園型一時預かり事業補助金（１０／１０、１／３）,13360000,13360
132241:2021:revenue:approved:de42b08f606869b2,2021,approved,253,"",一般会計,17,都支出金,02,都補助金,02,民生費都補助金,02,児童福祉費補助金,68,保育対策総合支援事業費都補助金,13113000,13113
132241:2021:revenue:approved:f22ddb6e554fce41,2021,approved,254,"",一般会計,17,都支出金,02,都補助金,02,民生費都補助金,02,児童福祉費補助金,74,保育人材就職支援事業補助金（１／４）,0,0
132241:2021:revenue:approved:e905dc26783b192b,2021,approved,255,"",一般会計,17,都支出金,02,都補助金,02,民生費都補助金,02,児童福祉費補助金,75,保育所等利用多子世帯負担軽減事業費補助金（１０／１０）,90867000,90867
132241:2021:revenue:approved:0bfbe02abf3027ff,2021,approved,256,"",一般会計,17,都支出金,02,都補助金,02,民生費都補助金,02,児童福祉費補助金,76,保育サービス推進等事業補助金（１０／１０、１／２）,30809000,30809
132241:2021:revenue:approved:2f5d887e6d3d06f9,2021,approved,257,"",一般会計,17,都支出金,02,都補助金,02,民生費都補助金,02,児童福祉費補助金,77,緊急１歳児受入事業補助金（３／４）,0,0
132241:2021:revenue:approved:2d89c130c6ba2005,2021,approved,258,"",一般会計,17,都支出金,02,都補助金,02,民生費都補助金,02,児童福祉費補助金,78,保育所等賃借料補助事業補助金（１／４）,14205000,14205
132241:2021:revenue:approved:b3e8536ec29a0148,2021,approved,259,"",一般会計,17,都支出金,02,都補助金,03,衛生費都補助金,01,保健衛生費補助金,01,区市町村との連携による地域環境力活性化補助金（１／２）,948000,948
132241:2021:revenue:approved:eaaae96528ea7953,2021,approved,260,"",一般会計,17,都支出金,02,都補助金,03,衛生費都補助金,01,保健衛生費補助金,02,食育推進事業費補助金（１／２）,1176000,1176
132241:2021:revenue:approved:f2c93db4d945523a,2021,approved,261,"",一般会計,17,都支出金,02,都補助金,03,衛生費都補助金,01,保健衛生費補助金,03,医療費等助成申請事務特例交付金（１０／１０）,7000,7
132241:2021:revenue:approved:f6df207c8632fdc3,2021,approved,262,"",一般会計,17,都支出金,02,都補助金,03,衛生費都補助金,01,保健衛生費補助金,04,医療保健政策区市町村包括補助金（１０／１０、１／２）,20412000,20412
132241:2021:revenue:approved:1e504adbc58df781,2021,approved,263,"",一般会計,17,都支出金,02,都補助金,03,衛生費都補助金,01,保健衛生費補助金,05,小児初期救急平日夜間診療事業補助金（１／２）,3675000,3675
132241:2021:revenue:approved:5527cbb0abf82233,2021,approved,264,"",一般会計,17,都支出金,02,都補助金,03,衛生費都補助金,01,保健衛生費補助金,07,健康増進事業補助金（２／３）,7469000,7469
132241:2021:revenue:approved:5d57e76256dccbb7,2021,approved,265,"",一般会計,17,都支出金,02,都補助金,03,衛生費都補助金,01,保健衛生費補助金,20,地域自殺対策強化交付金（２／３、１／２）,972000,972
132241:2021:revenue:approved:617ee6fe7c1528c2,2021,approved,266,"",一般会計,17,都支出金,02,都補助金,03,衛生費都補助金,01,保健衛生費補助金,23,大気汚染健康障害者医療費助成交付金（１０／１０）,280000,280
132241:2021:revenue:approved:14ebf7980f91f28f,2021,approved,267,"",一般会計,17,都支出金,02,都補助金,03,衛生費都補助金,01,保健衛生費補助金,24,予防接種事故対策補助金（３／４）,3000,3
132241:2021:revenue:approved:efe47ca7488e3263,2021,approved,268,"",一般会計,17,都支出金,02,都補助金,03,衛生費都補助金,01,保健衛生費補助金,26,出産・子育て応援事業補助金（１０／１０、１／２、１／６）,0,0
132241:2021:revenue:approved:253c78b637bc0444,2021,approved,269,"",一般会計,17,都支出金,02,都補助金,03,衛生費都補助金,01,保健衛生費補助金,30,東京都区市町村在宅療養推進事業補助金（１／２）,454000,454
132241:2021:revenue:approved:56f46d676ea911b6,2021,approved,270,"",一般会計,17,都支出金,02,都補助金,03,衛生費都補助金,01,保健衛生費補助金,33,とうきょうママパパ応援事業補助金,37916000,37916
132241:2021:revenue:approved:563426ac5d0596fd,2021,approved,271,"",一般会計,17,都支出金,02,都補助金,04,農林業費都補助金,01,農業費補助金,01,農業委員会交付金（１０／１０）,572000,572
132241:2021:revenue:approved:638da058f8d1e363,2021,approved,272,"",一般会計,17,都支出金,02,都補助金,04,農林業費都補助金,01,農業費補助金,02,農業経営基盤強化措置事務取扱交付金（１０／１０）,36000,36
132241:2021:revenue:approved:0607d1c56cc83167,2021,approved,273,"",一般会計,17,都支出金,02,都補助金,04,農林業費都補助金,01,農業費補助金,07,農地の創出・再生支援事業費補助金（１／２）,648000,648
132241:2021:revenue:approved:2a380151ffc84989,2021,approved,274,"",一般会計,17,都支出金,02,都補助金,04,農林業費都補助金,01,農業費補助金,08,都市農地保全支援プロジェクト補助金（３／４）,0,0
132241:2021:revenue:approved:b425744658ae4db4,2021,approved,275,"",一般会計,17,都支出金,02,都補助金,04,農林業費都補助金,02,林業費補助金,01,公共施設への多摩産材利用促進補助金（１／２）,15000000,15000
132241:2021:revenue:approved:c8cca78d3b236f4e,2021,approved,276,"",一般会計,17,都支出金,02,都補助金,05,商工費都補助金,01,商工費補助金,01,商店街チャレンジ戦略支援事業補助金（１／３、３／６）,8664000,8664
132241:2021:revenue:approved:5973d1e45d629f52,2021,approved,277,"",一般会計,17,都支出金,02,都補助金,05,商工費都補助金,01,商工費補助金,02,東京都消費者行政推進交付金（１０／１０、１／２）,167000,167
132241:2021:revenue:approved:574b22db98307163,2021,approved,278,"",一般会計,17,都支出金,02,都補助金,06,土木費都補助金,01,都市計画費補助金,01,土地取引の規制に関する経由事務費等交付金（１０／１０）,50000,50
132241:2021:revenue:approved:1af38cca408e221e,2021,approved,279,"",一般会計,17,都支出金,02,都補助金,06,土木費都補助金,01,都市計画費補助金,04,マンション再生まちづくり制度補助金（１／２）,5113000,5113
132241:2021:revenue:approved:116e0d245cf398d6,2021,approved,280,"",一般会計,17,都支出金,02,都補助金,06,土木費都補助金,01,都市計画費補助金,05,多摩イノベーション創出まちづくり検討支援モデル事業補助金,2000000,2000
132241:2021:revenue:approved:c07753c7173a4874,2021,approved,281,"",一般会計,17,都支出金,02,都補助金,06,土木費都補助金,01,都市計画費補助金,06,市町村土木補助事業（公園）補助金（１／２）,23140000,23140
132241:2021:revenue:approved:ddab59e4fe2e9ad0,2021,approved,282,"",一般会計,17,都支出金,02,都補助金,06,土木費都補助金,01,都市計画費補助金,07,生産緑地買取事業補助金（１／３）,42160000,42160
132241:2021:revenue:approved:7fadc7f7973cd6f9,2021,approved,283,"",一般会計,17,都支出金,02,都補助金,06,土木費都補助金,02,住宅費補助金,01,耐震化促進普及啓発活動支援事業費補助金（１／４）,107000,107
132241:2021:revenue:approved:c57c5f5bf4a5269b,2021,approved,284,"",一般会計,17,都支出金,02,都補助金,06,土木費都補助金,02,住宅費補助金,02,東京都マンション耐震化促進事業補助金（１／４、１／６）,6000,6
132241:2021:revenue:approved:5621d06bc6f93499,2021,approved,285,"",一般会計,17,都支出金,02,都補助金,06,土木費都補助金,02,住宅費補助金,03,都市居住再生促進事業補助金（１／４）,825000,825
132241:2021:revenue:approved:21bf0937034586a7,2021,approved,286,"",一般会計,17,都支出金,02,都補助金,06,土木費都補助金,02,住宅費補助金,06,東京都緊急輸送道路沿道建築物耐震化促進事業補助金,7740000,7740
132241:2021:revenue:approved:5180b0c437d4649f,2021,approved,287,"",一般会計,17,都支出金,02,都補助金,06,土木費都補助金,03,道路橋りょう費補助金,01,市町村土木補助事業（道路）補助金（３／１０、１／２、１／３）,54650000,54650
132241:2021:revenue:approved:0d0f946c541908fc,2021,approved,288,"",一般会計,17,都支出金,02,都補助金,06,土木費都補助金,03,道路橋りょう費補助金,02,区市町村無電柱化事業補助金（１０／１０）,15300000,15300
132241:2021:revenue:approved:3e30f536e6009ace,2021,approved,289,"",一般会計,17,都支出金,02,都補助金,07,消防費都補助金,02,消防費補助金,06,地域コミュニティ防災活動拠点電源確保事業補助金（１／２）,715000,715
132241:2021:revenue:approved:c233f8a8535d10f9,2021,approved,290,"",一般会計,17,都支出金,02,都補助金,08,教育費都補助金,01,教育総務費補助金,01,スクールソーシャルワーカー活用事業補助金（１／２）,3782000,3782
132241:2021:revenue:approved:b760c39744729596,2021,approved,291,"",一般会計,17,都支出金,02,都補助金,08,教育費都補助金,01,教育総務費補助金,02,地域ぐるみ学校安全体制整備推進事業補助金（２／３）,340000,340
132241:2021:revenue:approved:c32ccab2ccc98cde,2021,approved,292,"",一般会計,17,都支出金,02,都補助金,08,教育費都補助金,01,教育総務費補助金,04,学校と家庭の連携推進事業補助金（２／３）,455000,455
132241:2021:revenue:approved:47dc854c3883f58c,2021,approved,293,"",一般会計,17,都支出金,02,都補助金,08,教育費都補助金,01,教育総務費補助金,07,公立小中学校事務共同実施支援事業補助金（１０／１０）,12304000,12304
132241:2021:revenue:approved:4873898a3da2083c,2021,approved,294,"",一般会計,17,都支出金,02,都補助金,08,教育費都補助金,01,教育総務費補助金,08,学力向上推進事業補助金（１０／１０）,500000,500
132241:2021:revenue:approved:e13fda6f3847bf79,2021,approved,295,"",一般会計,17,都支出金,02,都補助金,08,教育費都補助金,01,教育総務費補助金,09,部活動指導員配置促進事業補助金（２／３）,3408000,3408
132241:2021:revenue:approved:27008e4d4ada6a03,2021,approved,296,"",一般会計,17,都支出金,02,都補助金,08,教育費都補助金,01,教育総務費補助金,10,スクール・サポート・スタッフ配置事業補助金（１０／１０）,37925000,37925
132241:2021:revenue:approved:7bff4200a82b53c3,2021,approved,297,"",一般会計,17,都支出金,02,都補助金,08,教育費都補助金,01,教育総務費補助金,18,学習指導サポーター配置事業補助金（１０／１０）,1000,1
132241:2021:revenue:approved:5ef29c33e6e773f0,2021,approved,298,"",一般会計,17,都支出金,02,都補助金,08,教育費都補助金,01,教育総務費補助金,19,教育支援センター機能強化補助金（１／２）,1122000,1122
132241:2021:revenue:approved:f9bce465fa6c6874,2021,approved,299,"",一般会計,17,都支出金,02,都補助金,08,教育費都補助金,01,教育総務費補助金,21,東京都公立学校情報機器整備支援事業（３／４）,33660000,33660
132241:2021:revenue:approved:36d9be194c441fd6,2021,approved,300,"",一般会計,17,都支出金,02,都補助金,08,教育費都補助金,02,小学校費補助金,18,東京都公立学校施設冷房化支援特別事業補助金（１／６、１／２）,36701000,36701
132241:2021:revenue:approved:0fff874f8f58a5af,2021,approved,301,"",一般会計,17,都支出金,02,都補助金,08,教育費都補助金,02,小学校費補助金,20,東京都公立学校施設トイレ整備支援事業補助金（１／６）,14199000,14199
132241:2021:revenue:approved:facbab44623c876e,2021,approved,302,"",一般会計,17,都支出金,02,都補助金,08,教育費都補助金,03,中学校費補助金,18,東京都公立学校施設冷房化支援特別事業補助金（１／６、１／２）,0,0
132241:2021:revenue:approved:c405180a7b7e6b63,2021,approved,303,"",一般会計,17,都支出金,02,都補助金,08,教育費都補助金,03,中学校費補助金,19,東京都公立学校施設トイレ整備支援事業補助金（１／６）,21560000,21560
132241:2021:revenue:approved:cf285cb2625f1029,2021,approved,304,"",一般会計,17,都支出金,02,都補助金,08,教育費都補助金,03,中学校費補助金,20,公立学校屋内体育施設冷房化支援事業補助金（１／６、１／２）,28618000,28618
132241:2021:revenue:approved:1c7004c2c23243db,2021,approved,305,"",一般会計,17,都支出金,02,都補助金,08,教育費都補助金,03,中学校費補助金,21,被災生徒就学支援等特例交付金（１０／１０）,0,0
132241:2021:revenue:approved:cc31f28567ba6b6e,2021,approved,306,"",一般会計,17,都支出金,02,都補助金,08,教育費都補助金,03,中学校費補助金,22,公立学校特別支援教室設置条件整備費補助金（１０／１０）,0,0
132241:2021:revenue:approved:c325cb2c6caeda1f,2021,approved,307,"",一般会計,17,都支出金,02,都補助金,08,教育費都補助金,04,幼稚園費補助金,01,私立幼稚園等園児保護者負担軽減事業費補助金（１０／１０）,32519000,32519
132241:2021:revenue:approved:8338dfbafd08bbd9,2021,approved,308,"",一般会計,17,都支出金,02,都補助金,08,教育費都補助金,05,社会教育費補助金,01,埋蔵文化財発掘調査事業費補助金（１／４、１／２）,1420000,1420
132241:2021:revenue:approved:bf6be4b77eaf17c5,2021,approved,309,"",一般会計,17,都支出金,02,都補助金,08,教育費都補助金,05,社会教育費補助金,02,放課後子ども教室事業補助金（２／３）,4791000,4791
132241:2021:revenue:approved:2d1cb0c2b6b07735,2021,approved,310,"",一般会計,17,都支出金,02,都補助金,08,教育費都補助金,05,社会教育費補助金,04,地域学校協働活動推進事業費補助金（２／３）,13817000,13817
132241:2021:revenue:approved:033abe07e062a758,2021,approved,311,"",一般会計,17,都支出金,02,都補助金,08,教育費都補助金,05,社会教育費補助金,05,家庭教育支援基盤形成事業費補助金（２／３）,1673000,1673
132241:2021:revenue:approved:570b753de0c528bf,2021,approved,312,"",一般会計,17,都支出金,02,都補助金,08,教育費都補助金,05,社会教育費補助金,06,天然記念物保存事業費補助金（１／２）,170000,170
132241:2021:revenue:approved:3f75c62c5cee2f77,2021,approved,313,"",一般会計,17,都支出金,02,都補助金,09,公債費都補助金,01,公債費補助金,01,公債費補助金,94827000,94827
132241:2021:revenue:approved:e0ac6f829ad3db97,2021,approved,314,"",一般会計,17,都支出金,03,委託金,01,総務費委託金,01,総務管理費委託金,01,私立学校指導監督費（１０／１０）,1094000,1094
132241:2021:revenue:approved:b93a58413def65c8,2021,approved,315,"",一般会計,17,都支出金,03,委託金,01,総務費委託金,01,総務管理費委託金,02,都営住宅募集事務費（１０／１０）,348000,348
132241:2021:revenue:approved:230deb84bded048b,2021,approved,316,"",一般会計,17,都支出金,03,委託金,01,総務費委託金,01,総務管理費委託金,04,土地所有状況・建物利用状況調査委託金,420000,420
132241:2021:revenue:approved:2948f34e61605030,2021,approved,317,"",一般会計,17,都支出金,03,委託金,01,総務費委託金,02,徴税費委託金,01,徴税費委託金（１０／１０）,253028000,253028
132241:2021:revenue:approved:894a9caa419ae420,2021,approved,318,"",一般会計,17,都支出金,03,委託金,01,総務費委託金,03,戸籍住民基本台帳費委託金,01,住民基本台帳人口調査事務費（１０／１０）,303000,303
132241:2021:revenue:approved:d898aeb00ff8ff93,2021,approved,319,"",一般会計,17,都支出金,03,委託金,01,総務費委託金,03,戸籍住民基本台帳費委託金,02,人口動態調査事務費（１０／１０）,121000,121
132241:2021:revenue:approved:eb43931d3d8e92b4,2021,approved,320,"",一般会計,17,都支出金,03,委託金,01,総務費委託金,04,統計調査費委託金,02,工業統計調査委託金（１０／１０）,193000,193
132241:2021:revenue:approved:0199208898cb9b27,2021,approved,321,"",一般会計,17,都支出金,03,委託金,01,総務費委託金,04,統計調査費委託金,04,建設工事統計調査委託金（１０／１０）,64000,64
132241:2021:revenue:approved:e25e5040935d1482,2021,approved,322,"",一般会計,17,都支出金,03,委託金,01,総務費委託金,04,統計調査費委託金,05,令和２年国勢調査委託金（１０／１０）,0,0
132241:2021:revenue:approved:670167d8e39201c1,2021,approved,323,"",一般会計,17,都支出金,03,委託金,01,総務費委託金,04,統計調査費委託金,07,２０２０年農林業センサス委託金（１０／１０）,0,0
132241:2021:revenue:approved:360eafbe71898b1f,2021,approved,324,"",一般会計,17,都支出金,03,委託金,01,総務費委託金,04,統計調査費委託金,11,学校基本調査委託金（１０／１０）,25000,25
132241:2021:revenue:approved:e02cafdff7898396,2021,approved,325,"",一般会計,17,都支出金,03,委託金,01,総務費委託金,04,統計調査費委託金,24,経済センサス調査区管理委託金（１０／１０）,13000,13
132241:2021:revenue:approved:42df5758c7c3463f,2021,approved,326,"",一般会計,17,都支出金,03,委託金,01,総務費委託金,04,統計調査費委託金,25,令和３年経済センサス－活動調査委託金（１０／１０）,4612000,4612
132241:2021:revenue:approved:4041047bd38745b7,2021,approved,327,"",一般会計,17,都支出金,03,委託金,01,総務費委託金,05,選挙費委託金,01,在外選挙人名簿登録事務委託費（１０／１０）,53000,53
132241:2021:revenue:approved:535ef59f3f7b078c,2021,approved,328,"",一般会計,17,都支出金,03,委託金,01,総務費委託金,05,選挙費委託金,02,東京都知事選挙執行経費委託金（１０／１０）,0,0
132241:2021:revenue:approved:65d3a5c9df7402ba,2021,approved,329,"",一般会計,17,都支出金,03,委託金,01,総務費委託金,05,選挙費委託金,04,東京都議会議員選挙執行経費委託金（１０／１０）,68992000,68992
132241:2021:revenue:approved:3f24f9f20a389f24,2021,approved,330,"",一般会計,17,都支出金,03,委託金,01,総務費委託金,05,選挙費委託金,05,衆議院選挙執行経費委託金（１０／１０）,85350000,85350
132241:2021:revenue:approved:7723039b2211a1d6,2021,approved,331,"",一般会計,17,都支出金,03,委託金,02,民生費委託金,01,社会福祉費委託金,01,身体障害者等都営無料乗車証発行取扱事務委託金（１０／１０）,60000,60
132241:2021:revenue:approved:ce56078a25b79f14,2021,approved,332,"",一般会計,17,都支出金,03,委託金,02,民生費委託金,01,社会福祉費委託金,02,身体・知的障害者相談員事業交付金（１０／１０）,5000,5
132241:2021:revenue:approved:91bd34b97ce61fc3,2021,approved,333,"",一般会計,17,都支出金,03,委託金,02,民生費委託金,01,社会福祉費委託金,03,心身障害者扶養年金・共済事務委託金（１０／１０）,544000,544
132241:2021:revenue:approved:0dce545042349a6c,2021,approved,334,"",一般会計,17,都支出金,03,委託金,02,民生費委託金,01,社会福祉費委託金,04,重度心身障害者手当事務委託金（１０／１０）,561000,561
132241:2021:revenue:approved:21bf8e40fe3b886a,2021,approved,335,"",一般会計,17,都支出金,03,委託金,02,民生費委託金,01,社会福祉費委託金,05,心身障害者医療事業事務委託金（１０／１０）,1785000,1785
132241:2021:revenue:approved:dc3104261ccb18b2,2021,approved,336,"",一般会計,17,都支出金,03,委託金,02,民生費委託金,01,社会福祉費委託金,06,東京都母子及び父子福祉資金貸付事業事務委託金（１０／１０）,4280000,4280
132241:2021:revenue:approved:e71d7555a2d893f4,2021,approved,337,"",一般会計,17,都支出金,03,委託金,02,民生費委託金,01,社会福祉費委託金,07,医療費助成申請書等の受理事務交付金（１０／１０）,3316000,3316
132241:2021:revenue:approved:d4260f466f0eed1f,2021,approved,338,"",一般会計,17,都支出金,03,委託金,02,民生費委託金,01,社会福祉費委託金,09,東京都女性福祉資金貸付事業事務委託金（１０／１０）,382000,382
132241:2021:revenue:approved:e1423b2fed6faba6,2021,approved,339,"",一般会計,17,都支出金,03,委託金,02,民生費委託金,01,社会福祉費委託金,10,身体障害者福祉法に関する事務費等交付金（１０／１０）,261000,261
132241:2021:revenue:approved:1935ac6bdbe0e802,2021,approved,340,"",一般会計,17,都支出金,03,委託金,02,民生費委託金,01,社会福祉費委託金,11,福祉のまちづくり委任事務委託金（１０／１０）,20000,20
132241:2021:revenue:approved:6189f22a35a67255,2021,approved,341,"",一般会計,17,都支出金,03,委託金,02,民生費委託金,01,社会福祉費委託金,12,難病医療費助成申請書等の受理事務交付金（１０／１０）,1356000,1356
132241:2021:revenue:approved:f32a26e7497aa864,2021,approved,342,"",一般会計,17,都支出金,03,委託金,02,民生費委託金,01,社会福祉費委託金,13,子ども医療費助成申請書等の受理事務交付金（１０／１０）,37000,37
132241:2021:revenue:approved:c494a4b4c3c6ce2b,2021,approved,343,"",一般会計,17,都支出金,03,委託金,02,民生費委託金,02,児童福祉費委託金,01,児童福祉施設設置届等経由事務費交付金（１０／１０）,74000,74
132241:2021:revenue:approved:a3b322395eca96d9,2021,approved,344,"",一般会計,17,都支出金,03,委託金,03,衛生費委託金,01,保健衛生費委託金,01,畜犬登録事務交付金（１０／１０）,1000,1
132241:2021:revenue:approved:cffd0d5b9cd561fc,2021,approved,345,"",一般会計,17,都支出金,03,委託金,03,衛生費委託金,01,保健衛生費委託金,02,公害対策費委託金（１０／１０）,22200000,22200
132241:2021:revenue:approved:458465a0030200d0,2021,approved,346,"",一般会計,17,都支出金,03,委託金,03,衛生費委託金,01,保健衛生費委託金,04,風しん抗体検査事業委託金（１０／１０）,2054000,2054
132241:2021:revenue:approved:0bbbd4e7b4f2fa6f,2021,approved,347,"",一般会計,17,都支出金,03,委託金,05,土木費委託金,01,道路橋りょう費委託金,01,屋外広告物取扱事務委託金（１０／１０）,605000,605
132241:2021:revenue:approved:0ab30e56a6fe0fde,2021,approved,348,"",一般会計,17,都支出金,03,委託金,05,土木費委託金,03,住宅費委託金,01,耐震対策緊急促進事業事務費委託金（１０／１０）,46000,46
132241:2021:revenue:approved:c64937de11e6bf89,2021,approved,349,"",一般会計,17,都支出金,03,委託金,05,土木費委託金,03,住宅費委託金,02,マンション適正管理条例事務費委託金（１０／１０）,1405000,1405
132241:2021:revenue:approved:b9bc3adebae6d9d0,2021,approved,350,"",一般会計,17,都支出金,03,委託金,06,教育費委託金,01,教育総務費委託金,01,給与等支給事務処理特例交付金（１０／１０）,5198000,5198
132241:2021:revenue:approved:0f55990c94746bee,2021,approved,351,"",一般会計,17,都支出金,03,委託金,06,教育費委託金,01,教育総務費委託金,02,成績一覧表調査委員会事務処理特例交付金（１０／１０）,23000,23
132241:2021:revenue:approved:4e1064ab399925f1,2021,approved,352,"",一般会計,17,都支出金,03,委託金,06,教育費委託金,01,教育総務費委託金,03,都教職員関係経費交付金（１０／１０）,4564000,4564
132241:2021:revenue:approved:a9b50b677f93cc70,2021,approved,353,"",一般会計,17,都支出金,03,委託金,06,教育費委託金,01,教育総務費委託金,04,教育調査統計事務処理特例交付金（１０／１０）,14000,14
132241:2021:revenue:approved:d3b56e5cca4dcf5f,2021,approved,354,"",一般会計,17,都支出金,03,委託金,06,教育費委託金,01,教育総務費委託金,25,オリンピック・パラリンピック教育推進事業委託金（１０／１０）,3500000,3500
132241:2021:revenue:approved:fd38ff285a8e56a7,2021,approved,355,"",一般会計,17,都支出金,03,委託金,06,教育費委託金,02,社会総務費委託金,01,文化財等関係事務経費交付金（１０／１０）,20000,20
132241:2021:revenue:approved:87e2b2c2fc1ddfd9,2021,approved,356,"",一般会計,18,財産収入,01,財産運用収入,01,財産貸付収入,01,土地建物貸付収入,01,市有地貸付料,52649000,52649
132241:2021:revenue:approved:54fef60d316245e9,2021,approved,357,"",一般会計,18,財産収入,01,財産運用収入,01,財産貸付収入,01,土地建物貸付収入,02,建物貸付料,4260000,4260
132241:2021:revenue:approved:920d2cf9d6369339,2021,approved,358,"",一般会計,18,財産収入,01,財産運用収入,02,利子及び配当金,01,利子及び配当金,01,財政調整基金利子,1282000,1282
132241:2021:revenue:approved:febd06997b74a0e0,2021,approved,359,"",一般会計,18,財産収入,01,財産運用収入,02,利子及び配当金,01,利子及び配当金,03,公共建築物等整備保全基金利子,2863000,2863
132241:2021:revenue:approved:ab172415b2c9fbd3,2021,approved,360,"",一般会計,18,財産収入,01,財産運用収入,02,利子及び配当金,01,利子及び配当金,05,庁舎増改築基金利子,1849000,1849
132241:2021:revenue:approved:e8f5dd65ee90896c,2021,approved,361,"",一般会計,18,財産収入,01,財産運用収入,02,利子及び配当金,01,利子及び配当金,06,高額介護サービス費等貸付基金利子,1000,1
132241:2021:revenue:approved:edb9f12494d558ed,2021,approved,362,"",一般会計,18,財産収入,01,財産運用収入,02,利子及び配当金,01,利子及び配当金,07,いきいきＴＡＭＡ基金利子,22000,22
132241:2021:revenue:approved:3f7b92beda015b41,2021,approved,363,"",一般会計,18,財産収入,01,財産運用収入,02,利子及び配当金,01,利子及び配当金,09,福祉基金利子,548000,548
132241:2021:revenue:approved:2174939fa2a2ea39,2021,approved,364,"",一般会計,18,財産収入,01,財産運用収入,02,利子及び配当金,01,利子及び配当金,10,都市計画基金利子,2856000,2856
132241:2021:revenue:approved:e606f78c6f84bf2a,2021,approved,365,"",一般会計,18,財産収入,01,財産運用収入,02,利子及び配当金,01,利子及び配当金,11,出産費資金貸付基金利子,1000,1
132241:2021:revenue:approved:1991f3825cc9c591,2021,approved,366,"",一般会計,18,財産収入,01,財産運用収入,02,利子及び配当金,01,利子及び配当金,12,高額療養費貸付基金利子,1000,1
132241:2021:revenue:approved:3a31c1350f49984d,2021,approved,367,"",一般会計,18,財産収入,01,財産運用収入,02,利子及び配当金,01,利子及び配当金,17,多摩市みどりの基金利子,735000,735
132241:2021:revenue:approved:af1b4ec997aed89e,2021,approved,368,"",一般会計,18,財産収入,01,財産運用収入,02,利子及び配当金,01,利子及び配当金,18,新型コロナウイルス感染症対策基金利子,175000,175
132241:2021:revenue:approved:115d647aa0fe1944,2021,approved,369,"",一般会計,18,財産収入,02,財産売払収入,01,不動産売払収入,01,土地売払収入,01,市有地売払収入,10000000,10000
132241:2021:revenue:approved:a2e227d910ad2843,2021,approved,370,"",一般会計,18,財産収入,02,財産売払収入,02,物品売払収入,01,物品売払収入,01,不用物品売払収入,50000,50
132241:2021:revenue:approved:7bcf716770184dec,2021,approved,371,"",一般会計,19,寄附金,01,寄附金,01,一般寄附金,01,一般寄附金,01,一般寄附金,5384000,5384
132241:2021:revenue:approved:5a516fe9e2b19116,2021,approved,372,"",一般会計,19,寄附金,01,寄附金,04,民生費寄附金,01,民生費寄附金,01,民生費寄附金,2935000,2935
132241:2021:revenue:approved:f9db3087322b182a,2021,approved,373,"",一般会計,19,寄附金,01,寄附金,05,衛生費寄附金,01,衛生費寄附金,01,衛生費寄附金,1987000,1987
132241:2021:revenue:approved:50407d6b6dfb1b3b,2021,approved,374,"",一般会計,19,寄附金,01,寄附金,08,商工費寄附金,01,商工費寄附金,01,商工費寄附金,276000,276
132241:2021:revenue:approved:9e23f0f5402bc1bb,2021,approved,375,"",一般会計,19,寄附金,01,寄附金,09,土木費寄附金,01,土木費寄附金,01,土木費寄附金,2757000,2757
132241:2021:revenue:approved:4b0583088385975f,2021,approved,376,"",一般会計,19,寄附金,01,寄附金,10,消防費寄附金,01,消防費寄附金,01,消防費寄附金,196000,196
132241:2021:revenue:approved:85cfd507a2a4c253,2021,approved,377,"",一般会計,19,寄附金,01,寄附金,11,教育費寄附金,01,教育費寄附金,01,教育費寄附金,1525000,1525
132241:2021:revenue:approved:c2bd41eb9d8f612f,2021,approved,378,"",一般会計,20,繰入金,01,基金繰入金,01,財政調整基金繰入金,01,財政調整基金繰入金,01,財政調整基金取りくずし,1370000000,1370000
132241:2021:revenue:approved:1f661e2c53c1a34e,2021,approved,379,"",一般会計,20,繰入金,01,基金繰入金,02,公共建築物等整備保全基金繰入金,01,公共建築物等整備保全基金繰入金,01,公共建築物等整備保全基金取りくずし,500000000,500000
132241:2021:revenue:approved:cd88b7e142ad4260,2021,approved,380,"",一般会計,20,繰入金,01,基金繰入金,03,福祉基金繰入金,01,福祉基金繰入金,01,福祉基金取りくずし,40000000,40000
132241:2021:revenue:approved:9b15957f65e410fb,2021,approved,381,"",一般会計,20,繰入金,01,基金繰入金,04,いきいきＴＡＭＡ基金繰入金,01,いきいきＴＡＭＡ基金繰入金,01,いきいきＴＡＭＡ基金取りくずし,4281000,4281
132241:2021:revenue:approved:3ce6502da2b60811,2021,approved,382,"",一般会計,20,繰入金,01,基金繰入金,05,みどりの基金繰入金,01,みどりの基金繰入金,01,みどりの基金取りくずし,37294000,37294
132241:2021:revenue:approved:68155b454079e5a1,2021,approved,383,"",一般会計,20,繰入金,01,基金繰入金,09,都市計画基金繰入金,01,都市計画基金繰入金,01,都市計画基金取りくずし,4100000000,4100000
132241:2021:revenue:approved:a72c075841bb213c,2021,approved,384,"",一般会計,20,繰入金,02,特別会計繰入金,02,介護保険特別会計繰入金,01,介護保険特別会計繰入金,01,介護保険特別会計繰入金,1000,1
132241:2021:revenue:approved:f905adc967fda2e1,2021,approved,385,"",一般会計,20,繰入金,02,特別会計繰入金,04,後期高齢者医療特別会計繰入金,01,後期高齢者医療特別会計繰入金,01,後期高齢者医療特別会計繰入金,1000,1
132241:2021:revenue:approved:50a94d7d31968573,2021,approved,386,"",一般会計,21,繰越金,01,繰越金,01,繰越金,01,前年度繰越金,01,前年度繰越金,600000000,600000
132241:2021:revenue:approved:c3748a1bd9cb1ef5,2021,approved,387,"",一般会計,22,諸収入,01,延滞金・加算金及び過料,01,延滞金,01,延滞金,01,延滞金,25001000,25001
132241:2021:revenue:approved:fcaa2d60caab18d9,2021,approved,388,"",一般会計,22,諸収入,01,延滞金・加算金及び過料,02,加算金,01,加算金,01,加算金,1000,1
132241:2021:revenue:approved:bf8e4d79bd6565a8,2021,approved,389,"",一般会計,22,諸収入,01,延滞金・加算金及び過料,03,過料,01,過料,01,過料,1000,1
132241:2021:revenue:approved:1054295c35cd2d5d,2021,approved,390,"",一般会計,22,諸収入,02,市預金利子,01,市預金利子,01,市預金利子,01,歳計現金預金利子,39000,39
132241:2021:revenue:approved:85cf061b6f0a801d,2021,approved,391,"",一般会計,22,諸収入,03,貸付金元利収入,01,総務費貸付金元利収入,02,多摩市犯罪被害者等支援貸付金元金収入,01,多摩市犯罪被害者等支援貸付金元金収入,1000,1
132241:2021:revenue:approved:a2aa784c4e6dce15,2021,approved,392,"",一般会計,22,諸収入,04,収益事業収入,01,競艇事業収入,01,競艇事業収入,01,競艇事業収入,20000000,20000
132241:2021:revenue:approved:b26644062c18829c,2021,approved,393,"",一般会計,22,諸収入,05,雑入,01,小切手未払資金組入れ,01,小切手未払資金組入れ,01,小切手未払資金組入れ,1000,1
132241:2021:revenue:approved:ab2b9a418b12f41a,2021,approved,394,"",一般会計,22,諸収入,05,雑入,02,過年度収入,01,過年度収入,01,国庫支出金過年度収入,1000,1
132241:2021:revenue:approved:2bc38af7609fbad0,2021,approved,395,"",一般会計,22,諸収入,05,雑入,02,過年度収入,01,過年度収入,02,都支出金過年度収入,1000,1
132241:2021:revenue:approved:3bb37a2ed6712e42,2021,approved,396,"",一般会計,22,諸収入,05,雑入,03,弁償金,01,弁償金,01,ナンバープレート弁償金,14000,14
132241:2021:revenue:approved:8c0c8df4802c4e8d,2021,approved,397,"",一般会計,22,諸収入,05,雑入,03,弁償金,01,弁償金,02,印鑑登録証等再交付弁償金,375000,375
132241:2021:revenue:approved:db16a9576cde82bc,2021,approved,398,"",一般会計,22,諸収入,05,雑入,03,弁償金,01,弁償金,05,紛失図書弁償金,1000,1
132241:2021:revenue:approved:b78a816bd3514375,2021,approved,399,"",一般会計,22,諸収入,05,雑入,03,弁償金,01,弁償金,07,臨時運行許可番号標弁償金,1000,1
132241:2021:revenue:approved:951fce9a45abdf24,2021,approved,400,"",一般会計,22,諸収入,05,雑入,05,雑入,01,各種返還金等,01,児童扶養手当返還金,450000,450
132241:2021:revenue:approved:4969f11f24f2a3a7,2021,approved,401,"",一般会計,22,諸収入,05,雑入,05,雑入,01,各種返還金等,02,生活保護費返納金,49805000,49805
132241:2021:revenue:approved:504156424715f577,2021,approved,402,"",一般会計,22,諸収入,05,雑入,05,雑入,01,各種返還金等,03,児童手当育成手当返還金,234000,234
132241:2021:revenue:approved:50a007070726d7b6,2021,approved,403,"",一般会計,22,諸収入,05,雑入,05,雑入,01,各種返還金等,04,乳幼児医療費返還金,1000,1
132241:2021:revenue:approved:07f0584060512f30,2021,approved,404,"",一般会計,22,諸収入,05,雑入,05,雑入,01,各種返還金等,05,ひとり親家庭等医療費返還金,1000,1
132241:2021:revenue:approved:ddee54ee3beaeca8,2021,approved,405,"",一般会計,22,諸収入,05,雑入,05,雑入,01,各種返還金等,06,心身障がい者福祉手当返還金,1000,1
132241:2021:revenue:approved:9739d7e5c68451e6,2021,approved,406,"",一般会計,22,諸収入,05,雑入,05,雑入,01,各種返還金等,07,障害者自立支援給付費等返還金,600000,600
132241:2021:revenue:approved:8f58dd1f8fd562fd,2021,approved,407,"",一般会計,22,諸収入,05,雑入,05,雑入,01,各種返還金等,08,市税過誤納還付金返還金,1000,1
132241:2021:revenue:approved:0e0c960bcddfc2b0,2021,approved,408,"",一般会計,22,諸収入,05,雑入,05,雑入,01,各種返還金等,09,特別障がい者手当等返還金,1000,1
132241:2021:revenue:approved:90a99ba883e3c7d3,2021,approved,409,"",一般会計,22,諸収入,05,雑入,05,雑入,01,各種返還金等,10,中小企業事業資金貸付けあっせん保証料返還金,1000,1
132241:2021:revenue:approved:e6bc6ff68e655518,2021,approved,410,"",一般会計,22,諸収入,05,雑入,05,雑入,01,各種返還金等,11,義務教育就学児医療費返還金,1000,1
132241:2021:revenue:approved:a3cf3471ca13493b,2021,approved,411,"",一般会計,22,諸収入,05,雑入,05,雑入,01,各種返還金等,12,各種保険等解約還付金,1000,1
132241:2021:revenue:approved:cb4d754b1a4c0a5d,2021,approved,412,"",一般会計,22,諸収入,05,雑入,05,雑入,01,各種返還金等,13,福祉援護費返還金,1000,1
132241:2021:revenue:approved:b39ad1ffd299d122,2021,approved,413,"",一般会計,22,諸収入,05,雑入,05,雑入,01,各種返還金等,15,ひとり親家庭高等職業訓練促進給付金返還金,223000,223
132241:2021:revenue:approved:5619d552d03491b3,2021,approved,414,"",一般会計,22,諸収入,05,雑入,05,雑入,01,各種返還金等,16,特定疾病者福祉手当返還金,1000,1
132241:2021:revenue:approved:ae683ba0341cb76c,2021,approved,415,"",一般会計,22,諸収入,05,雑入,05,雑入,01,各種返還金等,17,民間保育所及び認定こども園に対する補助金返還金,1000,1
132241:2021:revenue:approved:b952836dc6403590,2021,approved,416,"",一般会計,22,諸収入,05,雑入,05,雑入,01,各種返還金等,18,私立幼稚園等園児保護者補助金返還金,1000,1
132241:2021:revenue:approved:068aa139415c504f,2021,approved,417,"",一般会計,22,諸収入,05,雑入,05,雑入,01,各種返還金等,19,教育・保育給付費返還金,1000,1
132241:2021:revenue:approved:407800613d965f8d,2021,approved,418,"",一般会計,22,諸収入,05,雑入,05,雑入,01,各種返還金等,20,公務災害負担金還付金,1000,1
132241:2021:revenue:approved:472a1780f951edbf,2021,approved,419,"",一般会計,22,諸収入,05,雑入,05,雑入,02,各種交付金等,01,ハロウィンジャンボ宝くじ区市町村交付金,21659000,21659
132241:2021:revenue:approved:5edc777dd69d89ac,2021,approved,420,"",一般会計,22,諸収入,05,雑入,05,雑入,02,各種交付金等,02,東京都市町村民交通災害共済市町村事務交付金,100000,100
132241:2021:revenue:approved:c2bafa28d0ee2d93,2021,approved,421,"",一般会計,22,諸収入,05,雑入,05,雑入,02,各種交付金等,03,３９市町村共同事業助成金,16021000,16021
132241:2021:revenue:approved:0f3cbf5ae846e3a7,2021,approved,422,"",一般会計,22,諸収入,05,雑入,05,雑入,02,各種交付金等,04,みどり東京・温暖化防止プロジェクト市町村助成金,1000000,1000
132241:2021:revenue:approved:474c18de3faa9fdd,2021,approved,423,"",一般会計,22,諸収入,05,雑入,05,雑入,02,各種交付金等,05,一般財団法人日本地図センター研究活動等支援金,100000,100
132241:2021:revenue:approved:879244d56d9c6163,2021,approved,424,"",一般会計,22,諸収入,05,雑入,05,雑入,02,各種交付金等,06,学校給食における健康づくり事業等の助成金,30000,30
132241:2021:revenue:approved:8b0455ca1cbf5267,2021,approved,425,"",一般会計,22,諸収入,05,雑入,05,雑入,02,各種交付金等,07,東京２０２０オリンピック・パラリンピック機運醸成事業助成金,2000000,2000
132241:2021:revenue:approved:fca3365be3ba9efe,2021,approved,426,"",一般会計,22,諸収入,05,雑入,05,雑入,02,各種交付金等,08,財団法人自治総合センター助成金,2400000,2400
132241:2021:revenue:approved:d44b9aca59f2da8d,2021,approved,427,"",一般会計,22,諸収入,05,雑入,05,雑入,02,各種交付金等,09,日本非核宣言自治体協議会講演会等開催支援事業助成金,50000,50
132241:2021:revenue:approved:2cccdc2734cf55ba,2021,approved,428,"",一般会計,22,諸収入,05,雑入,05,雑入,02,各種交付金等,11,地域資料・貴重資料等デジタルアーカイブ事業助成金,15167000,15167
132241:2021:revenue:approved:690b1549078a018d,2021,approved,429,"",一般会計,22,諸収入,05,雑入,05,雑入,02,各種交付金等,13,緑の募金事業交付金,106000,106
132241:2021:revenue:approved:8aaee479a6ab3159,2021,approved,430,"",一般会計,22,諸収入,05,雑入,05,雑入,02,各種交付金等,14,ＺＥＢ実現に向けた先進的省エネルギー建築物実証事業補助金,244000,244
132241:2021:revenue:approved:53ee4160518be80e,2021,approved,431,"",一般会計,22,諸収入,05,雑入,05,雑入,03,雑入,01,複写用紙等売払代金,2222000,2222
132241:2021:revenue:approved:4cc418d55e1150e4,2021,approved,432,"",一般会計,22,諸収入,05,雑入,05,雑入,03,雑入,02,市出版物売払代金,695000,695
132241:2021:revenue:approved:1b003fb570bc3d2b,2021,approved,433,"",一般会計,22,諸収入,05,雑入,05,雑入,03,雑入,03,私用電報電話料,29000,29
132241:2021:revenue:approved:4f5f5f66dc50d8da,2021,approved,434,"",一般会計,22,諸収入,05,雑入,05,雑入,03,雑入,04,公衆電話取扱手数料,0,0
132241:2021:revenue:approved:deca2a2268158408,2021,approved,435,"",一般会計,22,諸収入,05,雑入,05,雑入,03,雑入,05,創業塾・経営塾参加者負担金,270000,270
132241:2021:revenue:approved:69ae26da993ab71d,2021,approved,436,"",一般会計,22,諸収入,05,雑入,05,雑入,03,雑入,06,光熱水費使用料,7812000,7812
132241:2021:revenue:approved:1aa8af158c597d59,2021,approved,437,"",一般会計,22,諸収入,05,雑入,05,雑入,03,雑入,07,雇用保険被保険者負担金,1845000,1845
132241:2021:revenue:approved:aae3f3a15d1bf920,2021,approved,438,"",一般会計,22,諸収入,05,雑入,05,雑入,03,雑入,09,給与計算事務取扱事務費,36000,36
132241:2021:revenue:approved:76cf823cc1f014e0,2021,approved,439,"",一般会計,22,諸収入,05,雑入,05,雑入,03,雑入,10,公共施設駐車料,14072000,14072
132241:2021:revenue:approved:ed03b6e6d9f3251f,2021,approved,440,"",一般会計,22,諸収入,05,雑入,05,雑入,03,雑入,11,庁用車・建物事故に係る共済金,1000,1
132241:2021:revenue:approved:d0ce36288ddb9f1f,2021,approved,441,"",一般会計,22,諸収入,05,雑入,05,雑入,03,雑入,13,マルチコピー機サービスカウント手数料負担金,0,0
132241:2021:revenue:approved:d5d4c776d7872a42,2021,approved,442,"",一般会計,22,諸収入,05,雑入,05,雑入,03,雑入,14,公民館共益費預金利子,1000,1
132241:2021:revenue:approved:aee0ebe20eeb6730,2021,approved,443,"",一般会計,22,諸収入,05,雑入,05,雑入,03,雑入,15,リフレッシュ一時保育事業利用者負担金,3710000,3710
132241:2021:revenue:approved:a550fda0b1905477,2021,approved,444,"",一般会計,22,諸収入,05,雑入,05,雑入,03,雑入,16,家庭菜園管理料,2714000,2714
132241:2021:revenue:approved:f4a9c949aec89483,2021,approved,445,"",一般会計,22,諸収入,05,雑入,05,雑入,03,雑入,17,ペットボトル等有償入札拠出受入金,13000000,13000
132241:2021:revenue:approved:34eb45527477b916,2021,approved,446,"",一般会計,22,諸収入,05,雑入,05,雑入,03,雑入,18,放置自転車等撤去料,1400000,1400
132241:2021:revenue:approved:9a2db91de6bb8cb3,2021,approved,447,"",一般会計,22,諸収入,05,雑入,05,雑入,03,雑入,19,農業者年金業務委託金,87000,87
132241:2021:revenue:approved:25254ae0cec831d0,2021,approved,448,"",一般会計,22,諸収入,05,雑入,05,雑入,03,雑入,20,休日保育料,3000,3
132241:2021:revenue:approved:e09aed574ba693c4,2021,approved,449,"",一般会計,22,諸収入,05,雑入,05,雑入,03,雑入,21,下水道事業会計負担金,12862000,12862
132241:2021:revenue:approved:ac578ccc74aeea16,2021,approved,450,"",一般会計,22,諸収入,05,雑入,05,雑入,03,雑入,22,【使用不可】ハロウィンジャンボ宝くじ区市町村交付金,0,0
132241:2021:revenue:approved:0f4381f28734a93e,2021,approved,451,"",一般会計,22,諸収入,05,雑入,05,雑入,03,雑入,23,【使用不可】生活保護費返納金,0,0
132241:2021:revenue:approved:751b742bb4d85b02,2021,approved,452,"",一般会計,22,諸収入,05,雑入,05,雑入,03,雑入,24,学校跡地施設利用料,1100000,1100
132241:2021:revenue:approved:4af016a9e5e1e62b,2021,approved,453,"",一般会計,22,諸収入,05,雑入,05,雑入,03,雑入,25,市民総合賠償補償保険等保険金,1000,1
132241:2021:revenue:approved:83a3f681170459b6,2021,approved,454,"",一般会計,22,諸収入,05,雑入,05,雑入,03,雑入,26,障がい者福祉農園管理料,0,0
132241:2021:revenue:approved:dd838cdaf9e73032,2021,approved,455,"",一般会計,22,諸収入,05,雑入,05,雑入,03,雑入,28,成年後見申立費及び鑑定費利用者負担金,272000,272
132241:2021:revenue:approved:3d6700b17c484a44,2021,approved,456,"",一般会計,22,諸収入,05,雑入,05,雑入,03,雑入,29,【使用不可】東京都市町村民交通災害共済市町村事務交付金,0,0
132241:2021:revenue:approved:9d6a4447293de299,2021,approved,457,"",一般会計,22,諸収入,05,雑入,05,雑入,03,雑入,30,【使用不可】３９市町村共同事業助成金,0,0
132241:2021:revenue:approved:3e70bdf5022c09c3,2021,approved,458,"",一般会計,22,諸収入,05,雑入,05,雑入,03,雑入,31,滞納処分費,1000,1
132241:2021:revenue:approved:c694bf81b9abd644,2021,approved,459,"",一般会計,22,諸収入,05,雑入,05,雑入,03,雑入,32,公立保育所管外受託児運営費,1522000,1522
132241:2021:revenue:approved:ed0276671dbfd395,2021,approved,460,"",一般会計,22,諸収入,05,雑入,05,雑入,03,雑入,33,東京たま広域資源循環組合交流事業,423000,423
132241:2021:revenue:approved:a96f9bd114e23406,2021,approved,461,"",一般会計,22,諸収入,05,雑入,05,雑入,03,雑入,34,【使用不可】児童手当育成手当返還金,0,0
132241:2021:revenue:approved:7c502d0442167557,2021,approved,462,"",一般会計,22,諸収入,05,雑入,05,雑入,03,雑入,35,【使用不可】乳幼児医療費返還金,0,0
132241:2021:revenue:approved:8a39d32a1b428f14,2021,approved,463,"",一般会計,22,諸収入,05,雑入,05,雑入,03,雑入,36,【使用不可】ひとり親家庭等医療費返還金,0,0
132241:2021:revenue:approved:f635a576ce01e14c,2021,approved,464,"",一般会計,22,諸収入,05,雑入,05,雑入,03,雑入,37,ひとり親家庭ホームヘルプサービス事業負担金,156000,156
132241:2021:revenue:approved:88b8cf749bd35c1f,2021,approved,465,"",一般会計,22,諸収入,05,雑入,05,雑入,03,雑入,38,バス借り上げ料負担金,935000,935
132241:2021:revenue:approved:da9bc4c86f12ad5b,2021,approved,466,"",一般会計,22,諸収入,05,雑入,05,雑入,03,雑入,39,延長保育料,360000,360
132241:2021:revenue:approved:b73cf6287c2e63b9,2021,approved,467,"",一般会計,22,諸収入,05,雑入,05,雑入,03,雑入,40,実習生謝礼金,273000,273
132241:2021:revenue:approved:6f618c86dd9866cc,2021,approved,468,"",一般会計,22,諸収入,05,雑入,05,雑入,03,雑入,41,事業参加者負担金,61000,61
132241:2021:revenue:approved:732a7213a4d83e6a,2021,approved,469,"",一般会計,22,諸収入,05,雑入,05,雑入,03,雑入,42,【使用不可】心身障がい者福祉手当返還金,0,0
132241:2021:revenue:approved:d387b1e885dbe682,2021,approved,470,"",一般会計,22,諸収入,05,雑入,05,雑入,03,雑入,43,埋蔵文化財発掘調査事業費原因者負担金,60000,60
132241:2021:revenue:approved:c186de20502cf54d,2021,approved,471,"",一般会計,22,諸収入,05,雑入,05,雑入,03,雑入,44,【使用不可】障害者自立支援給付費等返還金,0,0
132241:2021:revenue:approved:70e12651d184869d,2021,approved,472,"",一般会計,22,諸収入,05,雑入,05,雑入,03,雑入,45,【使用不可】市税過誤納還付金返還金,0,0
132241:2021:revenue:approved:3b27f52c5dad9b3a,2021,approved,473,"",一般会計,22,諸収入,05,雑入,05,雑入,03,雑入,46,給食費,3744000,3744
132241:2021:revenue:approved:c4952d787bdf1130,2021,approved,474,"",一般会計,22,諸収入,05,雑入,05,雑入,03,雑入,47,特別障がい者手当等返還金,0,0
132241:2021:revenue:approved:e90331bb8e31ab11,2021,approved,475,"",一般会計,22,諸収入,05,雑入,05,雑入,03,雑入,48,広告掲載料,2983000,2983
132241:2021:revenue:approved:39392f411c637ed0,2021,approved,476,"",一般会計,22,諸収入,05,雑入,05,雑入,03,雑入,49,【使用不可】中小企業事業資金貸付けあっせん保証料返還金,0,0
132241:2021:revenue:approved:806944c573f6e765,2021,approved,477,"",一般会計,22,諸収入,05,雑入,05,雑入,03,雑入,50,市営住宅修繕負担金,1000,1
132241:2021:revenue:approved:997eeca83bb03c08,2021,approved,478,"",一般会計,22,諸収入,05,雑入,05,雑入,03,雑入,51,資源物売払代金,53900000,53900
132241:2021:revenue:approved:52ef8bb1dad84069,2021,approved,479,"",一般会計,22,諸収入,05,雑入,05,雑入,03,雑入,52,【使用不可】みどり東京・温暖化防止プロジェクト市町村助成金,0,0
132241:2021:revenue:approved:0a77da330176b530,2021,approved,480,"",一般会計,22,諸収入,05,雑入,05,雑入,03,雑入,53,【使用不可】一般財団法人日本地図センター研究活動等支援金,0,0
132241:2021:revenue:approved:d78d0fccde29e31c,2021,approved,481,"",一般会計,22,諸収入,05,雑入,05,雑入,03,雑入,54,【使用不可】義務教育就学児医療費返還金,0,0
132241:2021:revenue:approved:cda3b449c9f43137,2021,approved,482,"",一般会計,22,諸収入,05,雑入,05,雑入,03,雑入,55,施設命名権収入,1000000,1000
132241:2021:revenue:approved:41988efd236627ed,2021,approved,483,"",一般会計,22,諸収入,05,雑入,05,雑入,03,雑入,57,プラスチック等再商品化合理化分配金,1000,1
132241:2021:revenue:approved:ee0abaff276c807e,2021,approved,484,"",一般会計,22,諸収入,05,雑入,05,雑入,03,雑入,58,施設管理料,432000,432
132241:2021:revenue:approved:a061570f3e8dbd3e,2021,approved,485,"",一般会計,22,諸収入,05,雑入,05,雑入,03,雑入,59,拾得物受取り金,2000,2
132241:2021:revenue:approved:a5fb012692e200bc,2021,approved,486,"",一般会計,22,諸収入,05,雑入,05,雑入,03,雑入,60,太陽光発電余剰電力売払金,30000,30
132241:2021:revenue:approved:b65164aff38188d3,2021,approved,487,"",一般会計,22,諸収入,05,雑入,05,雑入,03,雑入,61,高齢者緊急一時保護事業利用料,68000,68
132241:2021:revenue:approved:60a045c7d3152217,2021,approved,488,"",一般会計,22,諸収入,05,雑入,05,雑入,03,雑入,62,【使用不可】各種保険等解約還付金,0,0
132241:2021:revenue:approved:0e58342be1f20913,2021,approved,489,"",一般会計,22,諸収入,05,雑入,05,雑入,03,雑入,63,パルテノン多摩・子どものエリア事業一時保育料,263000,263
132241:2021:revenue:approved:98f1dfacfc2adabd,2021,approved,490,"",一般会計,22,諸収入,05,雑入,05,雑入,03,雑入,64,【使用不可】学校給食における健康づくり事業等の助成金,0,0
132241:2021:revenue:approved:727c087496553b2f,2021,approved,491,"",一般会計,22,諸収入,05,雑入,05,雑入,03,雑入,65,【使用不可】東京２０２０オリンピック・パラリンピック,0,0
132241:2021:revenue:approved:14796a4aa01941aa,2021,approved,492,"",一般会計,22,諸収入,05,雑入,05,雑入,03,雑入,66,予防接種費用相互乗入清算金,30000000,30000
132241:2021:revenue:approved:03e25a48c50e9d6f,2021,approved,493,"",一般会計,22,諸収入,05,雑入,05,雑入,03,雑入,67,【使用不可】財団法人自治総合センター助成金,0,0
132241:2021:revenue:approved:0aaf0e92dab002ea,2021,approved,494,"",一般会計,22,諸収入,05,雑入,05,雑入,03,雑入,69,タブレット端末通信料負担金,319000,319
132241:2021:revenue:approved:f2034f01db735641,2021,approved,495,"",一般会計,22,諸収入,05,雑入,05,雑入,03,雑入,71,【使用不可】福祉援護費返還金,0,0
132241:2021:revenue:approved:a5638c754b3be265,2021,approved,496,"",一般会計,22,諸収入,05,雑入,05,雑入,03,雑入,72,口座振替手数料負担金,96000,96
132241:2021:revenue:approved:3be24ec4b302ec12,2021,approved,497,"",一般会計,22,諸収入,05,雑入,05,雑入,03,雑入,73,児童発達支援利用者負担金,280000,280
132241:2021:revenue:approved:52782500fa398a5b,2021,approved,498,"",一般会計,22,諸収入,05,雑入,05,雑入,03,雑入,74,【使用不可】日本非核宣言自治体協議会講演会等開催支援事業助成,0,0
132241:2021:revenue:approved:dd6ed73c4f1c34ab,2021,approved,499,"",一般会計,22,諸収入,05,雑入,05,雑入,03,雑入,76,【使用不可】地域資料・貴重資料等デジタルアーカイブ事業助成金,0,0
132241:2021:revenue:approved:9a15959832057306,2021,approved,500,"",一般会計,22,諸収入,05,雑入,05,雑入,03,雑入,77,多摩市営駐輪場指定管理者納付金,1620000,1620
132241:2021:revenue:approved:7f5119128a3ab855,2021,approved,501,"",一般会計,22,諸収入,05,雑入,05,雑入,03,雑入,78,【使用不可】臨時福祉給付金返還金,0,0
132241:2021:revenue:approved:2c4689c2e8c265c9,2021,approved,502,"",一般会計,22,諸収入,05,雑入,05,雑入,03,雑入,79,【使用不可】ひとり親家庭高等職業訓練促進給付金返還金,0,0
132241:2021:revenue:approved:083c74f7a053c19b,2021,approved,503,"",一般会計,22,諸収入,05,雑入,05,雑入,03,雑入,80,【使用不可】緑の募金事業交付金,0,0
132241:2021:revenue:approved:eaca552b3555241b,2021,approved,504,"",一般会計,22,諸収入,05,雑入,05,雑入,03,雑入,81,児童発達支援給付費,38969000,38969
132241:2021:revenue:approved:ad4d0d39ac51b1a7,2021,approved,505,"",一般会計,22,諸収入,05,雑入,05,雑入,03,雑入,82,道路賠償責任保険等保険金,1000,1
132241:2021:revenue:approved:7f52e50a30b9544c,2021,approved,506,"",一般会計,22,諸収入,05,雑入,05,雑入,03,雑入,83,行旅死亡人等関係収入,150000,150
132241:2021:revenue:approved:eff45bfbe8d6926f,2021,approved,507,"",一般会計,22,諸収入,05,雑入,05,雑入,03,雑入,84,【使用不可】特定疾病者福祉手当返還金,0,0
132241:2021:revenue:approved:4aaaf50a1b7ad2a6,2021,approved,508,"",一般会計,22,諸収入,05,雑入,05,雑入,03,雑入,85,【使用不可】民間保育所及び認定こども園に対する補助金返還金,0,0
132241:2021:revenue:approved:a47b68a2a8cd7b98,2021,approved,509,"",一般会計,22,諸収入,05,雑入,05,雑入,03,雑入,86,【使用不可】「クリーンエネルギー自動車導入事業費補助金,0,0
132241:2021:revenue:approved:dfacea9fe68a61d7,2021,approved,510,"",一般会計,22,諸収入,05,雑入,05,雑入,03,雑入,87,生命保険等事務取扱手数料,4596000,4596
132241:2021:revenue:approved:640581b768e047e8,2021,approved,511,"",一般会計,22,諸収入,05,雑入,05,雑入,03,雑入,89,生活保護費返納金加算金,228000,228
132241:2021:revenue:approved:2f68048f57998317,2021,approved,512,"",一般会計,22,諸収入,05,雑入,05,雑入,03,雑入,91,喫茶売上代金,310000,310
132241:2021:revenue:approved:696fd12eeb2caebb,2021,approved,513,"",一般会計,22,諸収入,05,雑入,05,雑入,03,雑入,92,旧　ＺＥＢ実現に向けた先進的省エネルギー建築物実証事業補助金,0,0
132241:2021:revenue:approved:98b4f50da0cda79f,2021,approved,514,"",一般会計,22,諸収入,05,雑入,05,雑入,03,雑入,93,学校跡地施設利用者負担金,22000,22
132241:2021:revenue:approved:670ba76cfdc3cba2,2021,approved,515,"",一般会計,22,諸収入,05,雑入,05,雑入,03,雑入,94,派遣法派遣職員の共済費等負担金,1247000,1247
132241:2021:revenue:approved:130b2374a4aa1f24,2021,approved,516,"",一般会計,22,諸収入,05,雑入,05,雑入,03,雑入,95,【使用不可】私立幼稚園等園児保護者補助金返還金,0,0
132241:2021:revenue:approved:73595d568904786a,2021,approved,517,"",一般会計,22,諸収入,05,雑入,05,雑入,03,雑入,96,【使用不可】教育・保育給付費返還金,0,0
132241:2021:revenue:approved:ca0b43b9b852f86d,2021,approved,518,"",一般会計,22,諸収入,05,雑入,05,雑入,03,雑入,98,【使用不可】公務災害負担金還付金,0,0
132241:2021:revenue:approved:f7f7cd3d5f841044,2021,approved,519,"",一般会計,22,諸収入,05,雑入,05,雑入,03,雑入,99,学校法人学校給食費,21667000,21667
132241:2021:revenue:approved:82e1728c18804568,2021,approved,520,"",一般会計,23,市債,01,市債,01,総務債,01,総務管理債,07,複合文化施設等大規模改修工事事業債,2351000000,2351000
132241:2021:revenue:approved:0f250eca21fe4731,2021,approved,521,"",一般会計,23,市債,01,市債,01,総務債,01,総務管理債,09,旧南永山小学校校舎・体育館等解体工事事業債,0,0
132241:2021:revenue:approved:a52abbf24a32701e,2021,approved,522,"",一般会計,23,市債,01,市債,01,総務債,01,総務管理債,10,連光寺複合施設大規模改修工事事業債,100000000,100000
132241:2021:revenue:approved:5d433955962dff2c,2021,approved,523,"",一般会計,23,市債,01,市債,01,総務債,01,総務管理債,11,鶴牧・落合・南野コミュニティセンター改修工事事業債,225000000,225000
132241:2021:revenue:approved:8f2b72d233e443e2,2021,approved,524,"",一般会計,23,市債,01,市債,02,衛生債,01,ごみ処理施設整備事業債,03,資源化センタープラント設備改修工事事業債,99000000,99000
132241:2021:revenue:approved:0f04b1a6d9698b50,2021,approved,525,"",一般会計,23,市債,01,市債,04,消防債,01,消防債,06,防災行政無線デジタル化工事事業債,0,0
132241:2021:revenue:approved:03c8ae6bc410cc0a,2021,approved,526,"",一般会計,23,市債,01,市債,05,教育債,01,小学校債,21,小学校空調設備設置工事事業債,45000000,45000
132241:2021:revenue:approved:da760c520ad830b4,2021,approved,527,"",一般会計,23,市債,01,市債,05,教育債,02,中学校債,09,聖ヶ丘中学校大規模改造事業債,0,0
132241:2021:revenue:approved:b9226d12d4a48859,2021,approved,528,"",一般会計,23,市債,01,市債,05,教育債,02,中学校債,11,中学校空調設備設置工事事業債,0,0
132241:2021:revenue:approved:b01b4f8dd8f83f71,2021,approved,529,"",一般会計,23,市債,01,市債,05,教育債,02,中学校債,12,和田中学校大規模改造事業債,250000000,250000
132241:2021:revenue:approved:46a6ce7d20371b50,2021,approved,530,"",一般会計,23,市債,01,市債,05,教育債,02,中学校債,13,中学校体育館空調設備設置工事事業債,37800000,37800
132241:2021:revenue:approved:7691990ee8e72790,2021,approved,531,"",一般会計,23,市債,01,市債,05,教育債,03,社会教育債,04,多摩市立中央図書館建設工事事業債,500000000,500000
132241:2021:revenue:approved:8b840709769b01ef,2021,approved,532,"",一般会計,23,市債,01,市債,05,教育債,03,社会教育債,05,旧北貝取小学校跡地整備事業債,360000000,360000
132241:2021:revenue:approved:7ab2e92d4f820bb8,2021,approved,533,"",一般会計,23,市債,01,市債,05,教育債,04,保健体育債,04,温水プール改修工事事業債,0,0
132241:2021:revenue:approved:70aac29f9dbd9f1b,2021,approved,534,"",一般会計,23,市債,01,市債,08,民生債,01,民生債,07,民間保育所整備補助事業債,0,0
132241:2021:revenue:approved:20f6d6a520ca38f1,2021,approved,535,"",一般会計,23,市債,01,市債,08,民生債,01,民生債,10,貝取保育園園舎等解体工事事業債,0,0
132241:2021:revenue:approved:4b57b5bf111a2a55,2021,approved,536,"",一般会計,23,市債,01,市債,09,土木債,01,土木債,01,橋りょう耐震補強工事事業債,60000000,60000
132241:2021:revenue:approved:715e4d6eb2e1fd9e,2021,approved,537,"",一般会計,23,市債,01,市債,09,土木債,01,土木債,07,豊ヶ丘北公園橋りょう補修耐震補強工事事業債,0,0
132241:2021:revenue:approved:7018087cdab50110,2021,approved,538,"",一般会計,23,市債,01,市債,09,土木債,01,土木債,08,市道５－３５号歩線道路改良工事事業債,100000000,100000
132241:2021:revenue:approved:79fb03e8117ee4fb,2021,approved,539,"",一般会計,23,市債,01,市債,09,土木債,01,土木債,09,市道４－３号歩線法面対策工事事業債,19000000,19000
132241:2022:revenue:approved:b352979f68bfca60,2022,approved,2,"",一般会計,1,市税,1,市民税,1,個人,1,現年課税分,1,現年課税分,10233140000,10233140
132241:2022:revenue:approved:7c94221bb8c335ff,2022,approved,3,"",一般会計,1,市税,1,市民税,1,個人,2,滞納繰越分,1,滞納繰越分,85532000,85532
132241:2022:revenue:approved:102234310ef9330f,2022,approved,4,"",一般会計,1,市税,1,市民税,2,法人,1,現年課税分,1,現年課税分,1419453000,1419453
132241:2022:revenue:approved:29afde95b8336aa2,2022,approved,5,"",一般会計,1,市税,1,市民税,2,法人,2,滞納繰越分,1,滞納繰越分,1575000,1575
132241:2022:revenue:approved:a908fdc462952e88,2022,approved,6,"",一般会計,1,市税,2,固定資産税,1,固定資産税,1,現年課税分,1,現年課税分,14252547000,14252547
132241:2022:revenue:approved:7b20c7b6d0839f4b,2022,approved,7,"",一般会計,1,市税,2,固定資産税,1,固定資産税,2,滞納繰越分,1,滞納繰越分,31858000,31858
132241:2022:revenue:approved:9f89bd38759d8702,2022,approved,8,"",一般会計,1,市税,2,固定資産税,2,国有資産等所在市町村交付金,1,現年課税分,1,現年課税分,198741000,198741
132241:2022:revenue:approved:2f290d3965813e34,2022,approved,9,"",一般会計,1,市税,3,軽自動車税,1,種別割,1,現年課税分,1,現年課税分,129809000,129809
132241:2022:revenue:approved:a32b63bf5d74379a,2022,approved,10,"",一般会計,1,市税,3,軽自動車税,1,種別割,2,滞納繰越分,1,滞納繰越分,1348000,1348
132241:2022:revenue:approved:d1fe62fe965c6b1e,2022,approved,11,"",一般会計,1,市税,3,軽自動車税,2,環境性能割,1,現年課税分,1,現年課税分,7532000,7532
132241:2022:revenue:approved:3bda9d833835063c,2022,approved,12,"",一般会計,1,市税,4,市たばこ税,1,市たばこ税,1,現年課税分,1,現年課税分,762397000,762397
132241:2022:revenue:approved:fbb7705b45d43563,2022,approved,13,"",一般会計,1,市税,5,都市計画税,1,都市計画税,1,現年課税分,1,現年課税分,1764514000,1764514
132241:2022:revenue:approved:a058bd4d891c47e3,2022,approved,14,"",一般会計,1,市税,5,都市計画税,1,都市計画税,2,滞納繰越分,1,滞納繰越分,5186000,5186
132241:2022:revenue:approved:a6abb65bd9eab202,2022,approved,15,"",一般会計,2,地方譲与税,1,地方揮発油譲与税,1,地方揮発油譲与税,1,地方揮発油譲与税,1,地方揮発油譲与税,59710000,59710
132241:2022:revenue:approved:4d64ac488b2d5270,2022,approved,16,"",一般会計,2,地方譲与税,2,自動車重量譲与税,1,自動車重量譲与税,1,自動車重量譲与税,1,自動車重量譲与税,207855000,207855
132241:2022:revenue:approved:b6ae0f6beda044f2,2022,approved,17,"",一般会計,2,地方譲与税,3,地方道路譲与税,1,地方道路譲与税,1,地方道路譲与税,1,地方道路譲与税,1000,1
132241:2022:revenue:approved:d5ab364af98712d1,2022,approved,18,"",一般会計,2,地方譲与税,4,森林環境譲与税,1,森林環境譲与税,1,森林環境譲与税,1,森林環境譲与税,15221000,15221
132241:2022:revenue:approved:39c7e5f8ef603124,2022,approved,19,"",一般会計,3,利子割交付金,1,利子割交付金,1,利子割交付金,1,利子割交付金,1,利子割交付金,28324000,28324
132241:2022:revenue:approved:6744110eac604371,2022,approved,20,"",一般会計,4,配当割交付金,1,配当割交付金,1,配当割交付金,1,配当割交付金,1,配当割交付金,194003000,194003
132241:2022:revenue:approved:d4da5c1653d6f2be,2022,approved,21,"",一般会計,5,株式等譲渡所得割交付金,1,株式等譲渡所得割交付金,1,株式等譲渡所得割交付金,1,株式等譲渡所得割交付金,1,株式等譲渡所得割交付金,221397000,221397
132241:2022:revenue:approved:ce139023170b8dfe,2022,approved,22,"",一般会計,6,法人事業税交付金,1,法人事業税交付金,1,法人事業税交付金,1,法人事業税交付金,1,法人事業税交付金,440983000,440983
132241:2022:revenue:approved:dd5369554fb0129b,2022,approved,23,"",一般会計,7,地方消費税交付金,1,地方消費税交付金,1,地方消費税交付金,1,地方消費税交付金,1,地方消費税交付金,3288152000,3288152
132241:2022:revenue:approved:f1467212cbd8d9b6,2022,approved,24,"",一般会計,8,ゴルフ場利用税交付金,1,ゴルフ場利用税交付金,1,ゴルフ場利用税交付金,1,ゴルフ場利用税交付金,1,ゴルフ場利用税交付金,31567000,31567
132241:2022:revenue:approved:644ed115dd6b845a,2022,approved,25,"",一般会計,9,環境性能割交付金,1,環境性能割交付金,1,環境性能割交付金,1,環境性能割交付金,1,環境性能割交付金,67356000,67356
132241:2022:revenue:approved:bf479f368f2adfb3,2022,approved,26,"",一般会計,9,環境性能割交付金,1,環境性能割交付金,2,旧法による自動車取得税交付金,1,旧法による自動車取得税交付金,1,旧法による自動車取得税交付金,1000,1
132241:2022:revenue:approved:84e01a29d1fc08f2,2022,approved,27,"",一般会計,10,国有提供施設等所在市町村助成交付金,1,国有提供施設等所在市町村助成交付金,1,国有提供施設等所在市町村助成交付金,1,国有提供施設等所在市町村助成交付金,1,国有提供施設等所在市町村助成交付金,21184000,21184
132241:2022:revenue:approved:143cb12265d83666,2022,approved,28,"",一般会計,10,国有提供施設等所在市町村助成交付金,1,国有提供施設等所在市町村助成交付金,2,施設等所在市町村調整交付金,1,施設等所在市町村調整交付金,1,施設等所在市町村調整交付金,4470000,4470
132241:2022:revenue:approved:44ef30c7f38bfdeb,2022,approved,29,"",一般会計,11,地方特例交付金,1,地方特例交付金,1,地方特例交付金,1,地方特例交付金,2,減収補てん特例交付金,124228000,124228
132241:2022:revenue:approved:63a681a1f7be9ce5,2022,approved,30,"",一般会計,12,地方交付税,1,地方交付税,1,地方交付税,1,地方交付税,1,特別交付税,63000000,63000
132241:2022:revenue:approved:cfa987f6dd7dac02,2022,approved,31,"",一般会計,13,交通安全対策特別交付金,1,交通安全対策特別交付金,1,交通安全対策特別交付金,1,交通安全対策特別交付金,1,交通安全対策特別交付金,14227000,14227
132241:2022:revenue:approved:58bbc191c2545450,2022,approved,32,"",一般会計,14,分担金及び負担金,1,負担金,1,民生費負担金,1,社会福祉費負担金,1,老人保護措置費自己負担金,540000,540
132241:2022:revenue:approved:d04308da56e82e85,2022,approved,33,"",一般会計,14,分担金及び負担金,1,負担金,1,民生費負担金,2,児童福祉費負担金,1,保育所保育料,209664000,209664
132241:2022:revenue:approved:048e3cdbf3722bc0,2022,approved,34,"",一般会計,14,分担金及び負担金,1,負担金,1,民生費負担金,2,児童福祉費負担金,2,助産施設入所費自己負担金,40000,40
132241:2022:revenue:approved:5c1803bcc64c5d03,2022,approved,35,"",一般会計,14,分担金及び負担金,1,負担金,1,民生費負担金,2,児童福祉費負担金,3,母子生活支援施設入所費自己負担金,13000,13
132241:2022:revenue:approved:54a0ae9979ad9b97,2022,approved,36,"",一般会計,14,分担金及び負担金,1,負担金,2,衛生費負担金,2,衛生費負担金,1,未熟児養育医療負担金,2250000,2250
132241:2022:revenue:approved:6dafa3e0e165a41e,2022,approved,37,"",一般会計,14,分担金及び負担金,1,負担金,3,土木費負担金,1,道路橋りょう費負担金,1,多摩センター共同溝維持管理費占用者負担金,28670000,28670
132241:2022:revenue:approved:90551ff4779bae21,2022,approved,38,"",一般会計,15,使用料及び手数料,1,使用料,1,総務使用料,1,総務使用料,1,ワークショップルーム施設使用料,387000,387
132241:2022:revenue:approved:4f286a9e25dd14ce,2022,approved,39,"",一般会計,15,使用料及び手数料,1,使用料,1,総務使用料,1,総務使用料,2,ガス制圧装置用地使用料,127000,127
132241:2022:revenue:approved:89247800cf50b2d1,2022,approved,40,"",一般会計,15,使用料及び手数料,1,使用料,1,総務使用料,1,総務使用料,3,現金自動支払機庁舎使用料,100000,100
132241:2022:revenue:approved:7dcb35d36d535099,2022,approved,41,"",一般会計,15,使用料及び手数料,1,使用料,1,総務使用料,1,総務使用料,4,電柱用地使用料,27000,27
132241:2022:revenue:approved:5c34d4ec32d91e8f,2022,approved,42,"",一般会計,15,使用料及び手数料,1,使用料,1,総務使用料,1,総務使用料,5,埋設ガス管用地使用料,9000,9
132241:2022:revenue:approved:00e6a188605f1764,2022,approved,43,"",一般会計,15,使用料及び手数料,1,使用料,1,総務使用料,1,総務使用料,6,防火水槽用地使用料,239000,239
132241:2022:revenue:approved:eecdbf0b70cba101,2022,approved,44,"",一般会計,15,使用料及び手数料,1,使用料,1,総務使用料,1,総務使用料,7,公共施設撮影使用料,1451000,1451
132241:2022:revenue:approved:2f0c6203d3e876b4,2022,approved,45,"",一般会計,15,使用料及び手数料,1,使用料,1,総務使用料,1,総務使用料,8,地区市民ホール使用料,1635000,1635
132241:2022:revenue:approved:ceddbdc10c0005e8,2022,approved,46,"",一般会計,15,使用料及び手数料,1,使用料,1,総務使用料,1,総務使用料,9,コミュニティルーム使用料,11746000,11746
132241:2022:revenue:approved:d1b9253b6b5d3118,2022,approved,47,"",一般会計,15,使用料及び手数料,1,使用料,1,総務使用料,1,総務使用料,10,複合文化施設使用料,3048000,3048
132241:2022:revenue:approved:63d78cd9ba008fb5,2022,approved,48,"",一般会計,15,使用料及び手数料,1,使用料,1,総務使用料,1,総務使用料,15,自動販売機設置使用料,198000,198
132241:2022:revenue:approved:82349a39c20f6a95,2022,approved,49,"",一般会計,15,使用料及び手数料,1,使用料,1,総務使用料,1,総務使用料,18,送電線上空使用料,2000,2
132241:2022:revenue:approved:2d50ec832f10205a,2022,approved,50,"",一般会計,15,使用料及び手数料,1,使用料,2,民生使用料,1,民生使用料,1,電柱用地使用料,12000,12
132241:2022:revenue:approved:6c1979519b215a54,2022,approved,51,"",一般会計,15,使用料及び手数料,1,使用料,2,民生使用料,1,民生使用料,2,学童クラブ使用料,130395000,130395
132241:2022:revenue:approved:43daf0d5dc761dcd,2022,approved,52,"",一般会計,15,使用料及び手数料,1,使用料,2,民生使用料,1,民生使用料,6,自動販売機設置使用料,132000,132
132241:2022:revenue:approved:81777a42bd0f7719,2022,approved,53,"",一般会計,15,使用料及び手数料,1,使用料,2,民生使用料,1,民生使用料,8,学童クラブ延長育成料,5692000,5692
132241:2022:revenue:approved:38e6f59ef234a26f,2022,approved,54,"",一般会計,15,使用料及び手数料,1,使用料,2,民生使用料,1,民生使用料,9,多摩市西永山福祉施設事業施設使用料,7749000,7749
132241:2022:revenue:approved:b39c3297f82e57d7,2022,approved,55,"",一般会計,15,使用料及び手数料,1,使用料,3,衛生使用料,1,衛生使用料,1,電柱用地使用料,10000,10
132241:2022:revenue:approved:03d6c5cd326d4c0f,2022,approved,56,"",一般会計,15,使用料及び手数料,1,使用料,3,衛生使用料,1,衛生使用料,2,地域保健医療活動室使用料,454000,454
132241:2022:revenue:approved:86798fd0a3632e11,2022,approved,57,"",一般会計,15,使用料及び手数料,1,使用料,3,衛生使用料,2,清掃使用料,1,電柱用地使用料,6000,6
132241:2022:revenue:approved:ed03627da9c7969c,2022,approved,58,"",一般会計,15,使用料及び手数料,1,使用料,3,衛生使用料,2,清掃使用料,2,資源化センター多目的ホール等使用料,1000,1
132241:2022:revenue:approved:7630bec0c066ddbf,2022,approved,59,"",一般会計,15,使用料及び手数料,1,使用料,3,衛生使用料,2,清掃使用料,3,自動販売機設置使用料,66000,66
132241:2022:revenue:approved:e4e7ebbabaf5f313,2022,approved,60,"",一般会計,15,使用料及び手数料,1,使用料,4,商工使用料,1,商工使用料,1,消費生活センター使用料,1586000,1586
132241:2022:revenue:approved:2d2e00deb49b55a8,2022,approved,61,"",一般会計,15,使用料及び手数料,1,使用料,5,土木使用料,1,道路橋りょう使用料,1,道路占用料,78000000,78000
132241:2022:revenue:approved:99314ee20898aff3,2022,approved,62,"",一般会計,15,使用料及び手数料,1,使用料,5,土木使用料,2,都市計画使用料,1,公園占用料,3999000,3999
132241:2022:revenue:approved:c20374c771aaa37e,2022,approved,63,"",一般会計,15,使用料及び手数料,1,使用料,5,土木使用料,2,都市計画使用料,2,公園内行為使用料,1000,1
132241:2022:revenue:approved:0f7145a16aacf8f0,2022,approved,64,"",一般会計,15,使用料及び手数料,1,使用料,5,土木使用料,2,都市計画使用料,3,公園施設使用料,160000,160
132241:2022:revenue:approved:8059b1ff274b29a2,2022,approved,65,"",一般会計,15,使用料及び手数料,1,使用料,5,土木使用料,2,都市計画使用料,4,自動販売機設置使用料,528000,528
132241:2022:revenue:approved:2065bc21568d74a5,2022,approved,66,"",一般会計,15,使用料及び手数料,1,使用料,5,土木使用料,2,都市計画使用料,5,公園駐車場使用料,712000,712
132241:2022:revenue:approved:125a2a8bba03a17b,2022,approved,67,"",一般会計,15,使用料及び手数料,1,使用料,5,土木使用料,3,住宅使用料,1,市営住宅家賃,40005000,40005
132241:2022:revenue:approved:8a6c960cec38aa32,2022,approved,68,"",一般会計,15,使用料及び手数料,1,使用料,5,土木使用料,3,住宅使用料,2,市営住宅駐車場使用料,3192000,3192
132241:2022:revenue:approved:b4ae4f72867045c7,2022,approved,69,"",一般会計,15,使用料及び手数料,1,使用料,5,土木使用料,3,住宅使用料,3,電柱用地使用料,19000,19
132241:2022:revenue:approved:c1f2a6aa5079c541,2022,approved,70,"",一般会計,15,使用料及び手数料,1,使用料,5,土木使用料,3,住宅使用料,4,埋設ガス管用地使用料,2000,2
132241:2022:revenue:approved:a2bebdf002520a80,2022,approved,71,"",一般会計,15,使用料及び手数料,1,使用料,6,教育使用料,1,小学校使用料,1,学校設備等使用料,232000,232
132241:2022:revenue:approved:327f029d4c978b66,2022,approved,72,"",一般会計,15,使用料及び手数料,1,使用料,6,教育使用料,2,中学校使用料,1,学校設備等使用料,250000,250
132241:2022:revenue:approved:edfcfe71349a217d,2022,approved,73,"",一般会計,15,使用料及び手数料,1,使用料,6,教育使用料,4,社会教育使用料,1,ギャラリー使用料,14000,14
132241:2022:revenue:approved:ca40d714ef5ba693,2022,approved,74,"",一般会計,15,使用料及び手数料,1,使用料,6,教育使用料,4,社会教育使用料,2,古民家使用料,102000,102
132241:2022:revenue:approved:69eb978636e54206,2022,approved,75,"",一般会計,15,使用料及び手数料,1,使用料,6,教育使用料,4,社会教育使用料,3,公民館使用料,18939000,18939
132241:2022:revenue:approved:9ebe1aa732086bfe,2022,approved,76,"",一般会計,15,使用料及び手数料,1,使用料,6,教育使用料,4,社会教育使用料,4,永山複合施設駐車場使用料,8888000,8888
132241:2022:revenue:approved:1a8eedc238eac1ec,2022,approved,77,"",一般会計,15,使用料及び手数料,1,使用料,6,教育使用料,4,社会教育使用料,6,学校開放施設使用料,15000000,15000
132241:2022:revenue:approved:36c6bb2aa943abf5,2022,approved,78,"",一般会計,15,使用料及び手数料,1,使用料,6,教育使用料,4,社会教育使用料,7,自動販売機設置使用料,66000,66
132241:2022:revenue:approved:144c0b909471acce,2022,approved,79,"",一般会計,15,使用料及び手数料,1,使用料,6,教育使用料,4,社会教育使用料,8,市民活動・交流センター使用料,228000,228
132241:2022:revenue:approved:3120d6f29fdbbf67,2022,approved,80,"",一般会計,15,使用料及び手数料,1,使用料,6,教育使用料,5,保健体育使用料,1,電柱用地使用料,15000,15
132241:2022:revenue:approved:7c5a34e97cd196fc,2022,approved,81,"",一般会計,15,使用料及び手数料,1,使用料,6,教育使用料,5,保健体育使用料,2,総合体育館使用料,60000,60
132241:2022:revenue:approved:da74094c37567a21,2022,approved,82,"",一般会計,15,使用料及び手数料,1,使用料,6,教育使用料,5,保健体育使用料,3,温水プール使用料,754000,754
132241:2022:revenue:approved:0c47e04d1e779c9c,2022,approved,83,"",一般会計,15,使用料及び手数料,1,使用料,6,教育使用料,5,保健体育使用料,7,公衆電話用地使用料,2000,2
132241:2022:revenue:approved:9c2b595c61d080a6,2022,approved,84,"",一般会計,15,使用料及び手数料,1,使用料,6,教育使用料,5,保健体育使用料,9,総合体育館食堂使用料,600000,600
132241:2022:revenue:approved:58e0bffffb5605ce,2022,approved,85,"",一般会計,15,使用料及び手数料,1,使用料,6,教育使用料,5,保健体育使用料,18,自動販売機設置使用料,660000,660
132241:2022:revenue:approved:7babfd69547e9c7a,2022,approved,86,"",一般会計,15,使用料及び手数料,1,使用料,6,教育使用料,5,保健体育使用料,19,体育施設広告掲出使用料,363000,363
132241:2022:revenue:approved:e858355263a4d5ec,2022,approved,87,"",一般会計,15,使用料及び手数料,2,手数料,1,総務手数料,1,徴税手数料,1,諸証明手数料,9554000,9554
132241:2022:revenue:approved:af424302ce25a5ff,2022,approved,88,"",一般会計,15,使用料及び手数料,2,手数料,1,総務手数料,1,徴税手数料,2,閲覧手数料,134000,134
132241:2022:revenue:approved:50931bd393e342f5,2022,approved,89,"",一般会計,15,使用料及び手数料,2,手数料,1,総務手数料,1,徴税手数料,4,納税証明手数料,480000,480
132241:2022:revenue:approved:1427cf631f7e957e,2022,approved,90,"",一般会計,15,使用料及び手数料,2,手数料,1,総務手数料,2,戸籍住民基本台帳手数料,1,戸籍手数料,10867000,10867
132241:2022:revenue:approved:20fe4e76151a500e,2022,approved,91,"",一般会計,15,使用料及び手数料,2,手数料,1,総務手数料,2,戸籍住民基本台帳手数料,2,住民票手数料,20106000,20106
132241:2022:revenue:approved:ae9e0e76c1a187f4,2022,approved,92,"",一般会計,15,使用料及び手数料,2,手数料,1,総務手数料,2,戸籍住民基本台帳手数料,3,印鑑証明手数料,10286000,10286
132241:2022:revenue:approved:e0bb447a997a61c6,2022,approved,93,"",一般会計,15,使用料及び手数料,2,手数料,1,総務手数料,2,戸籍住民基本台帳手数料,4,その他証明手数料,1035000,1035
132241:2022:revenue:approved:4badf458b3fb7bfc,2022,approved,94,"",一般会計,15,使用料及び手数料,2,手数料,1,総務手数料,3,総務管理手数料,1,境界証明手数料,1000,1
132241:2022:revenue:approved:379e7e6cd7aeb32d,2022,approved,95,"",一般会計,15,使用料及び手数料,2,手数料,1,総務手数料,3,総務管理手数料,2,諸証明手数料,1000,1
132241:2022:revenue:approved:cb82877882971a42,2022,approved,96,"",一般会計,15,使用料及び手数料,2,手数料,1,総務手数料,3,総務管理手数料,4,臨時運行許可番号標交付手数料,397000,397
132241:2022:revenue:approved:054637ece566cdf2,2022,approved,97,"",一般会計,15,使用料及び手数料,2,手数料,2,衛生手数料,1,保健衛生手数料,1,工場設置・変更認可手数料,16000,16
132241:2022:revenue:approved:934de058d3d625b8,2022,approved,98,"",一般会計,15,使用料及び手数料,2,手数料,2,衛生手数料,1,保健衛生手数料,2,畜犬登録料,3610000,3610
132241:2022:revenue:approved:ffb409034356280c,2022,approved,99,"",一般会計,15,使用料及び手数料,2,手数料,2,衛生手数料,2,清掃手数料,1,ごみ処理手数料,257865000,257865
132241:2022:revenue:approved:df990da2bdecc9f6,2022,approved,100,"",一般会計,15,使用料及び手数料,2,手数料,2,衛生手数料,2,清掃手数料,2,し尿処理手数料,4929000,4929
132241:2022:revenue:approved:7d99b97e6b859284,2022,approved,101,"",一般会計,15,使用料及び手数料,2,手数料,2,衛生手数料,2,清掃手数料,3,一般廃棄物処理業許可申請手数料,10000,10
132241:2022:revenue:approved:1f58767bca5853f9,2022,approved,102,"",一般会計,15,使用料及び手数料,2,手数料,2,衛生手数料,2,清掃手数料,4,犬猫等死体処理手数料,558000,558
132241:2022:revenue:approved:8c8063e899e80cd2,2022,approved,103,"",一般会計,15,使用料及び手数料,2,手数料,2,衛生手数料,2,清掃手数料,5,事業系ごみ処理手数料,14498000,14498
132241:2022:revenue:approved:d3d272f0940e994d,2022,approved,104,"",一般会計,15,使用料及び手数料,2,手数料,2,衛生手数料,2,清掃手数料,6,粗大ごみ処理手数料,35606000,35606
132241:2022:revenue:approved:64f7d4fea7ae3b04,2022,approved,105,"",一般会計,15,使用料及び手数料,2,手数料,2,衛生手数料,2,清掃手数料,7,浄化槽清掃業許可申請手数料,30000,30
132241:2022:revenue:approved:1f93ab33297b6481,2022,approved,106,"",一般会計,15,使用料及び手数料,2,手数料,2,衛生手数料,2,清掃手数料,8,家庭系ごみ処理手数料,312251000,312251
132241:2022:revenue:approved:2b66f00ebd17ae3e,2022,approved,107,"",一般会計,15,使用料及び手数料,2,手数料,2,衛生手数料,2,清掃手数料,10,境界証明等手数料,1000,1
132241:2022:revenue:approved:7dfd97418d1782c2,2022,approved,108,"",一般会計,15,使用料及び手数料,2,手数料,3,土木手数料,1,道路橋りょう手数料,1,屋外広告物許可申請手数料,2000000,2000
132241:2022:revenue:approved:03afe746d0f18dba,2022,approved,109,"",一般会計,15,使用料及び手数料,2,手数料,3,土木手数料,1,道路橋りょう手数料,2,境界証明等手数料,60000,60
132241:2022:revenue:approved:e260bc21711e5959,2022,approved,110,"",一般会計,15,使用料及び手数料,2,手数料,3,土木手数料,2,都市計画手数料,1,諸証明手数料,11000,11
132241:2022:revenue:approved:21835a1562f57e70,2022,approved,111,"",一般会計,15,使用料及び手数料,2,手数料,3,土木手数料,3,住宅手数料,1,市営住宅車庫証明手数料,1000,1
132241:2022:revenue:approved:5c6c8153441fca7a,2022,approved,112,"",一般会計,15,使用料及び手数料,2,手数料,4,民生手数料,1,民生手数料,1,諸証明手数料,1000,1
132241:2022:revenue:approved:6ae49027ca1c429e,2022,approved,113,"",一般会計,15,使用料及び手数料,2,手数料,4,民生手数料,1,民生手数料,2,社会福祉法人理事証明等手数料,1000,1
132241:2022:revenue:approved:14adc4d7c45c3cff,2022,approved,114,"",一般会計,16,国庫支出金,1,国庫負担金,1,民生費国庫負担金,1,社会福祉費負担金,1,特別障害者手当等負担金（３／４）,75034000,75034
132241:2022:revenue:approved:42fadd2484b7fe27,2022,approved,115,"",一般会計,16,国庫支出金,1,国庫負担金,1,民生費国庫負担金,1,社会福祉費負担金,2,障害者自立支援給付国庫負担金（１／２）,1879192000,1879192
132241:2022:revenue:approved:4f9ee0c5b6284a50,2022,approved,116,"",一般会計,16,国庫支出金,1,国庫負担金,1,民生費国庫負担金,1,社会福祉費負担金,3,保険基盤安定負担金（１／２）,107306000,107306
132241:2022:revenue:approved:762240f4a7c2af69,2022,approved,117,"",一般会計,16,国庫支出金,1,国庫負担金,1,民生費国庫負担金,1,社会福祉費負担金,8,生活困窮者自立支援事業負担金（３／４）,60864000,60864
132241:2022:revenue:approved:487fe8348b863a89,2022,approved,118,"",一般会計,16,国庫支出金,1,国庫負担金,1,民生費国庫負担金,1,社会福祉費負担金,9,障害者医療費国庫負担金（１／２）,97478000,97478
132241:2022:revenue:approved:26fb6e277c94f1bd,2022,approved,119,"",一般会計,16,国庫支出金,1,国庫負担金,1,民生費国庫負担金,1,社会福祉費負担金,10,低所得者保険料軽減負担金（１／２）,73020000,73020
132241:2022:revenue:approved:d814a611d57a7bd0,2022,approved,120,"",一般会計,16,国庫支出金,1,国庫負担金,1,民生費国庫負担金,1,社会福祉費負担金,11,未就学児均等割保険料負担金（１／２）,3327000,3327
132241:2022:revenue:approved:868e1f5eb9fac265,2022,approved,121,"",一般会計,16,国庫支出金,1,国庫負担金,1,民生費国庫負担金,2,児童福祉費負担金,1,子どものための保育給付費負担金（１／２）,1546914000,1546914
132241:2022:revenue:approved:d890764dd57d6171,2022,approved,122,"",一般会計,16,国庫支出金,1,国庫負担金,1,民生費国庫負担金,2,児童福祉費負担金,5,助産施設入所費負担金（１／２）,1168000,1168
132241:2022:revenue:approved:87b04f6288c2f8ef,2022,approved,123,"",一般会計,16,国庫支出金,1,国庫負担金,1,民生費国庫負担金,2,児童福祉費負担金,6,母子生活支援施設入所費負担金（１／２）,11827000,11827
132241:2022:revenue:approved:b5dd2d518851b7bb,2022,approved,124,"",一般会計,16,国庫支出金,1,国庫負担金,1,民生費国庫負担金,2,児童福祉費負担金,9,児童扶養手当負担金（１／３）,134180000,134180
132241:2022:revenue:approved:c30d1c37cb2a36b4,2022,approved,125,"",一般会計,16,国庫支出金,1,国庫負担金,1,民生費国庫負担金,2,児童福祉費負担金,18,児童手当負担金（３７／４５、４／６）,1372740000,1372740
132241:2022:revenue:approved:988951d1cff7cda0,2022,approved,126,"",一般会計,16,国庫支出金,1,国庫負担金,1,民生費国庫負担金,2,児童福祉費負担金,19,子育て支援施設等利用保育給付費負担金（１／２）,57537000,57537
132241:2022:revenue:approved:6c6acfda0895f901,2022,approved,127,"",一般会計,16,国庫支出金,1,国庫負担金,1,民生費国庫負担金,3,生活保護費負担金,1,生活保護費負担金（３／４）,3198648000,3198648
132241:2022:revenue:approved:5b6b0ea2073510d1,2022,approved,128,"",一般会計,16,国庫支出金,1,国庫負担金,1,民生費国庫負担金,3,生活保護費負担金,2,中国残留邦人等支援事業負担金（３／４）,12905000,12905
132241:2022:revenue:approved:f646c6c14ffd2578,2022,approved,129,"",一般会計,16,国庫支出金,1,国庫負担金,2,衛生費国庫負担金,1,保健衛生費負担金,3,未熟児養育医療国庫負担金（１／２）,4125000,4125
132241:2022:revenue:approved:2c316b3ac1391534,2022,approved,130,"",一般会計,16,国庫支出金,1,国庫負担金,2,衛生費国庫負担金,1,保健衛生費負担金,4,新型コロナウイルスワクチン接種対策費国庫負担金（１０／１０）,280061000,280061
132241:2022:revenue:approved:ee6b90a7b72ee388,2022,approved,131,"",一般会計,16,国庫支出金,1,国庫負担金,3,教育費国庫負担金,3,幼稚園費負担金,2,子どものための教育給付費負担金（１／２）,215836000,215836
132241:2022:revenue:approved:6aaddeda732d25a2,2022,approved,132,"",一般会計,16,国庫支出金,1,国庫負担金,3,教育費国庫負担金,3,幼稚園費負担金,3,子育て支援施設等利用教育給付費負担金（１／２）,111024000,111024
132241:2022:revenue:approved:4f6baa8fd765f87b,2022,approved,133,"",一般会計,16,国庫支出金,2,国庫補助金,1,民生費国庫補助金,1,社会福祉費補助金,2,地域生活支援事業国庫補助金（１／２）,83661000,83661
132241:2022:revenue:approved:84cbccb88eeea440,2022,approved,134,"",一般会計,16,国庫支出金,2,国庫補助金,1,民生費国庫補助金,1,社会福祉費補助金,13,障害者総合支援法対応システム改修費国庫補助金（１／２）,990000,990
132241:2022:revenue:approved:6d8123b105b5aedd,2022,approved,135,"",一般会計,16,国庫支出金,2,国庫補助金,1,民生費国庫補助金,1,社会福祉費補助金,17,生活困窮者就労準備支援事業費等補助金,57000000,57000
132241:2022:revenue:approved:766077300d5342fe,2022,approved,136,"",一般会計,16,国庫支出金,2,国庫補助金,1,民生費国庫補助金,1,社会福祉費補助金,23,新型コロナウイルス感染症セーフティネット交付金（１０／１０）,20544000,20544
132241:2022:revenue:approved:b1c46c268fad0825,2022,approved,137,"",一般会計,16,国庫支出金,2,国庫補助金,1,民生費国庫補助金,3,児童福祉費補助金,1,母子及び父子家庭自立支援給付金（３／４）,5943000,5943
132241:2022:revenue:approved:01c87c67f134c61b,2022,approved,138,"",一般会計,16,国庫支出金,2,国庫補助金,1,民生費国庫補助金,3,児童福祉費補助金,3,婦人相談員活動強化事業補助金（１／２）,71000,71
132241:2022:revenue:approved:0c563f7aabea0b38,2022,approved,139,"",一般会計,16,国庫支出金,2,国庫補助金,1,民生費国庫補助金,3,児童福祉費補助金,9,児童虐待防止対策支援事業補助金（１／２）,6515000,6515
132241:2022:revenue:approved:840f476338805524,2022,approved,140,"",一般会計,16,国庫支出金,2,国庫補助金,1,民生費国庫補助金,3,児童福祉費補助金,14,子ども・子育て支援交付金（１／３、２／３）,277640000,277640
132241:2022:revenue:approved:9d01db63da432b9e,2022,approved,141,"",一般会計,16,国庫支出金,2,国庫補助金,1,民生費国庫補助金,3,児童福祉費補助金,16,子ども・子育て支援整備交付金（１／３）,1421000,1421
132241:2022:revenue:approved:ceaecc406bc55709,2022,approved,142,"",一般会計,16,国庫支出金,2,国庫補助金,1,民生費国庫補助金,3,児童福祉費補助金,17,子ども・子育て支援体制整備総合推進事業補助金（１／２）,2451000,2451
132241:2022:revenue:approved:0e0135ba83430f54,2022,approved,143,"",一般会計,16,国庫支出金,2,国庫補助金,1,民生費国庫補助金,3,児童福祉費補助金,21,保育対策総合支援事業費国庫補助金（１／２、３／８、１／３）,4661000,4661
132241:2022:revenue:approved:2e34c84867bdcb4c,2022,approved,144,"",一般会計,16,国庫支出金,2,国庫補助金,1,民生費国庫補助金,3,児童福祉費補助金,22,保育所等整備交付金（２／３、１／２）,163986000,163986
132241:2022:revenue:approved:9f7ef664bbece27d,2022,approved,145,"",一般会計,16,国庫支出金,2,国庫補助金,1,民生費国庫補助金,3,児童福祉費補助金,23,幼児教育・保育無償化実施事業補助金（１０／１０）,7651000,7651
132241:2022:revenue:approved:2791b1c99c7cb9bf,2022,approved,146,"",一般会計,16,国庫支出金,2,国庫補助金,1,民生費国庫補助金,3,児童福祉費補助金,29,母子・父子自立支援プログラム策定事業補助金（１０／１０）,80000,80
132241:2022:revenue:approved:524aec8991147947,2022,approved,147,"",一般会計,16,国庫支出金,2,国庫補助金,1,民生費国庫補助金,3,児童福祉費補助金,40,保育士等処遇改善臨時特例交付金（１０／１０）,59320000,59320
132241:2022:revenue:approved:ad0292eefe3a2f4f,2022,approved,148,"",一般会計,16,国庫支出金,2,国庫補助金,2,衛生費国庫補助金,1,保健衛生費補助金,4,新たなステージに入ったがん検診の総合支援事業補助金（１／２）,1609000,1609
132241:2022:revenue:approved:6dd8ad8c58831059,2022,approved,149,"",一般会計,16,国庫支出金,2,国庫補助金,2,衛生費国庫補助金,1,保健衛生費補助金,5,母子保健衛生費国庫補助金（１／２）,1998000,1998
132241:2022:revenue:approved:e3c9f80b534d2a65,2022,approved,150,"",一般会計,16,国庫支出金,2,国庫補助金,2,衛生費国庫補助金,1,保健衛生費補助金,8,緊急風しん抗体検査等事業補助金（１／２）,16607000,16607
132241:2022:revenue:approved:a4ab5e2e3378a5f0,2022,approved,151,"",一般会計,16,国庫支出金,2,国庫補助金,2,衛生費国庫補助金,1,保健衛生費補助金,9,新型コロナウイルスワクチン接種体制確保補助金（１０／１０）,226051000,226051
132241:2022:revenue:approved:079f807a4d01b732,2022,approved,152,"",一般会計,16,国庫支出金,2,国庫補助金,2,衛生費国庫補助金,1,保健衛生費補助金,11,二酸化炭素排出抑制対策事業費等補助金（３／４）,7500000,7500
132241:2022:revenue:approved:d35a22acd6c8d758,2022,approved,153,"",一般会計,16,国庫支出金,2,国庫補助金,2,衛生費国庫補助金,2,清掃費補助金,2,廃棄物処理施設整備交付金（１／３）,38366000,38366
132241:2022:revenue:approved:dd7c0809185bf26f,2022,approved,154,"",一般会計,16,国庫支出金,2,国庫補助金,3,土木費国庫補助金,1,都市計画費補助金,6,社会資本整備総合交付金,102100000,102100
132241:2022:revenue:approved:feffeed16462080a,2022,approved,155,"",一般会計,16,国庫支出金,2,国庫補助金,3,土木費国庫補助金,2,住宅費補助金,3,社会資本整備総合交付金,248867000,248867
132241:2022:revenue:approved:912e8d0fffac1442,2022,approved,156,"",一般会計,16,国庫支出金,2,国庫補助金,3,土木費国庫補助金,2,住宅費補助金,7,共生社会実現に向けた住宅ＳＮ推進事業補助金（１０／１０）,4056000,4056
132241:2022:revenue:approved:f7c8df14a78285df,2022,approved,157,"",一般会計,16,国庫支出金,2,国庫補助金,3,土木費国庫補助金,3,道路橋りょう費補助金,1,社会資本整備総合交付金,40000000,40000
132241:2022:revenue:approved:2346da24aca892a9,2022,approved,158,"",一般会計,16,国庫支出金,2,国庫補助金,3,土木費国庫補助金,3,道路橋りょう費補助金,2,道路更新防災等対策事業費補助金,25850000,25850
132241:2022:revenue:approved:6a9394d525268453,2022,approved,159,"",一般会計,16,国庫支出金,2,国庫補助金,4,教育費国庫補助金,1,小学校費補助金,1,要保護児童就学援助費補助金（１／２）,147000,147
132241:2022:revenue:approved:1b519c81aed59715,2022,approved,160,"",一般会計,16,国庫支出金,2,国庫補助金,4,教育費国庫補助金,1,小学校費補助金,2,特別支援教育就学奨励費補助金（１／２）,2319000,2319
132241:2022:revenue:approved:5a37a30146459524,2022,approved,161,"",一般会計,16,国庫支出金,2,国庫補助金,4,教育費国庫補助金,1,小学校費補助金,4,理科教育設備整備費等補助金（１／２）,2250000,2250
132241:2022:revenue:approved:20ce2e2c0918569b,2022,approved,162,"",一般会計,16,国庫支出金,2,国庫補助金,4,教育費国庫補助金,1,小学校費補助金,8,学校施設環境改善交付金（１／２、１／３、２／７）,53972000,53972
132241:2022:revenue:approved:dd7ba860afa13749,2022,approved,163,"",一般会計,16,国庫支出金,2,国庫補助金,4,教育費国庫補助金,2,中学校費補助金,1,要保護生徒就学援助費補助金（１／２）,670000,670
132241:2022:revenue:approved:5ab0345aab2f802e,2022,approved,164,"",一般会計,16,国庫支出金,2,国庫補助金,4,教育費国庫補助金,2,中学校費補助金,2,特別支援教育就学奨励費補助金（１／２）,3036000,3036
132241:2022:revenue:approved:b85964124225cb4d,2022,approved,165,"",一般会計,16,国庫支出金,2,国庫補助金,4,教育費国庫補助金,2,中学校費補助金,4,理科教育設備整備費等補助金（１／２）,1425000,1425
132241:2022:revenue:approved:0ff702172c762ad8,2022,approved,166,"",一般会計,16,国庫支出金,2,国庫補助金,4,教育費国庫補助金,2,中学校費補助金,8,学校施設環境改善交付金（１／２、１／３、２／７）,10137000,10137
132241:2022:revenue:approved:3630601f6f8c0fc3,2022,approved,167,"",一般会計,16,国庫支出金,2,国庫補助金,4,教育費国庫補助金,3,幼稚園費補助金,4,幼稚園教諭等処遇改善臨時特例交付金（１０／１０）,7473000,7473
132241:2022:revenue:approved:d5ac266a240e3dce,2022,approved,168,"",一般会計,16,国庫支出金,2,国庫補助金,4,教育費国庫補助金,4,社会教育費補助金,1,埋蔵文化財発掘調査事業費補助金（１／２）,2700000,2700
132241:2022:revenue:approved:312e55ffc1523942,2022,approved,169,"",一般会計,16,国庫支出金,2,国庫補助金,4,教育費国庫補助金,6,教育総務費補助金,5,切れ目ない支援体制整備充実事業費補助金（１／３）,594000,594
132241:2022:revenue:approved:12742ddbcade9cb1,2022,approved,170,"",一般会計,16,国庫支出金,2,国庫補助金,4,教育費国庫補助金,6,教育総務費補助金,8,学校のＩＣＴを活用した授業環境高度化推進事業（１／２）,4387000,4387
132241:2022:revenue:approved:29e24f61490c6501,2022,approved,171,"",一般会計,16,国庫支出金,2,国庫補助金,5,総務費国庫補助金,1,総務費国庫補助金,12,個人番号カード交付事務費補助金（１０／１０）,109118000,109118
132241:2022:revenue:approved:d3a209c52cdb1967,2022,approved,172,"",一般会計,16,国庫支出金,2,国庫補助金,5,総務費国庫補助金,1,総務費国庫補助金,16,社会保障・税番号制度システム整備費補助金,5919000,5919
132241:2022:revenue:approved:4d6ea0eae5763164,2022,approved,173,"",一般会計,16,国庫支出金,2,国庫補助金,5,総務費国庫補助金,1,総務費国庫補助金,19,マイナポイント事業費補助金（１０／１０）,20750000,20750
132241:2022:revenue:approved:273d51e61f8845c4,2022,approved,174,"",一般会計,16,国庫支出金,2,国庫補助金,5,総務費国庫補助金,1,総務費国庫補助金,23,新型コロナウイルス感染症対応地方創生臨時交付金,264908000,264908
132241:2022:revenue:approved:d2398e1210559a31,2022,approved,175,"",一般会計,16,国庫支出金,2,国庫補助金,5,総務費国庫補助金,1,総務費国庫補助金,24,デジタル基盤改革支援補助金（１／２）,8047000,8047
132241:2022:revenue:approved:586df3a25bf73f88,2022,approved,176,"",一般会計,16,国庫支出金,2,国庫補助金,6,消防費国庫補助金,1,消防費補助金,2,防災・安全交付金（１／２）,1000000,1000
132241:2022:revenue:approved:4c201eac6490818f,2022,approved,177,"",一般会計,16,国庫支出金,3,委託金,1,民生費委託金,1,社会福祉費委託金,1,中国残留邦人等支援相談員委託金（１０／１０）,290000,290
132241:2022:revenue:approved:788206022dbc5782,2022,approved,178,"",一般会計,16,国庫支出金,3,委託金,1,民生費委託金,2,児童福祉費委託金,1,特別児童扶養手当事務費委託金（１０／１０）,320000,320
132241:2022:revenue:approved:388e66ba5fe0abb0,2022,approved,179,"",一般会計,16,国庫支出金,3,委託金,1,民生費委託金,3,国民年金費委託金,1,国民年金費委託金（１０／１０）,45639000,45639
132241:2022:revenue:approved:68af8253f7389fae,2022,approved,180,"",一般会計,16,国庫支出金,3,委託金,1,民生費委託金,4,年金生活者支援給付金事務費委託金,1,年金生活者支援給付金支給業務市町村事務取扱交付金,311000,311
132241:2022:revenue:approved:fed95afa3becf4f2,2022,approved,181,"",一般会計,16,国庫支出金,3,委託金,2,総務費委託金,1,総務管理費委託金,1,自衛官募集事務費（１０／１０）,18000,18
132241:2022:revenue:approved:0a7c485e276e059a,2022,approved,182,"",一般会計,16,国庫支出金,3,委託金,2,総務費委託金,2,戸籍住民基本台帳費委託金,2,中長期在留者住居地届出等事務委託費（１０／１０）,963000,963
132241:2022:revenue:approved:47c80833b206d344,2022,approved,183,"",一般会計,17,都支出金,1,都負担金,1,民生費都負担金,1,社会福祉費負担金,1,保険基盤安定負担金（３／４、１／４）,538964000,538964
132241:2022:revenue:approved:17fe63f28367102b,2022,approved,184,"",一般会計,17,都支出金,1,都負担金,1,民生費都負担金,1,社会福祉費負担金,2,民生委員推薦会負担金（１０／１０）,154000,154
132241:2022:revenue:approved:dfec9771d2f575f0,2022,approved,185,"",一般会計,17,都支出金,1,都負担金,1,民生費都負担金,1,社会福祉費負担金,3,民生委員・児童委員及び民生委員協議会負担金（１０／１０）,12667000,12667
132241:2022:revenue:approved:f15a38973962c062,2022,approved,186,"",一般会計,17,都支出金,1,都負担金,1,民生費都負担金,1,社会福祉費負担金,4,心身障害者福祉手当負担金（１０／１０）,239754000,239754
132241:2022:revenue:approved:ae1e4407ca22d661,2022,approved,187,"",一般会計,17,都支出金,1,都負担金,1,民生費都負担金,1,社会福祉費負担金,5,障害者自立支援給付都負担金（１／４）,988380000,988380
132241:2022:revenue:approved:c84a97824b9e8e56,2022,approved,188,"",一般会計,17,都支出金,1,都負担金,1,民生費都負担金,1,社会福祉費負担金,10,行旅死亡人及び行旅病人取扱負担金（１０／１０）,486000,486
132241:2022:revenue:approved:f304bbf05a527c8e,2022,approved,189,"",一般会計,17,都支出金,1,都負担金,1,民生費都負担金,1,社会福祉費負担金,15,低所得者保険料軽減負担金（１／４）,36510000,36510
132241:2022:revenue:approved:8decef39c6d784b9,2022,approved,190,"",一般会計,17,都支出金,1,都負担金,1,民生費都負担金,1,社会福祉費負担金,16,未就学児均等割保険料負担金（１／４）,1663000,1663
132241:2022:revenue:approved:5240de0617819226,2022,approved,191,"",一般会計,17,都支出金,1,都負担金,1,民生費都負担金,2,児童福祉費負担金,1,子どものための保育給付費負担金（１／４）,645274000,645274
132241:2022:revenue:approved:a4420ac074761ae3,2022,approved,192,"",一般会計,17,都支出金,1,都負担金,1,民生費都負担金,2,児童福祉費負担金,2,児童育成手当負担金（１０／１０）,284147000,284147
132241:2022:revenue:approved:f13d4d0648853677,2022,approved,193,"",一般会計,17,都支出金,1,都負担金,1,民生費都負担金,2,児童福祉費負担金,5,助産施設入所費負担金（１／４）,584000,584
132241:2022:revenue:approved:f6f430446d44d3d2,2022,approved,194,"",一般会計,17,都支出金,1,都負担金,1,民生費都負担金,2,児童福祉費負担金,6,母子生活支援施設入所費負担金（１／４）,5913000,5913
132241:2022:revenue:approved:72af42e0926d467c,2022,approved,195,"",一般会計,17,都支出金,1,都負担金,1,民生費都負担金,2,児童福祉費負担金,15,児童手当負担金（４／４５、１／６）,302306000,302306
132241:2022:revenue:approved:73351543816134de,2022,approved,196,"",一般会計,17,都支出金,1,都負担金,1,民生費都負担金,2,児童福祉費負担金,16,子育て支援施設等利用保育給付費負担金（１／４）,28768000,28768
132241:2022:revenue:approved:07bf433d30eda0ca,2022,approved,197,"",一般会計,17,都支出金,1,都負担金,1,民生費都負担金,3,生活保護費負担金,1,生活保護費負担金（１／４）,123118000,123118
132241:2022:revenue:approved:d0dd68949cafe1dd,2022,approved,198,"",一般会計,17,都支出金,1,都負担金,2,衛生費都負担金,1,保健衛生費負担金,1,感染症予防費負担金（２／３）,114000,114
132241:2022:revenue:approved:1c0b0ef618d229b0,2022,approved,199,"",一般会計,17,都支出金,1,都負担金,2,衛生費都負担金,1,保健衛生費負担金,7,未熟児養育医療都負担金（１／４）,2062000,2062
132241:2022:revenue:approved:3121dfa5e7595585,2022,approved,200,"",一般会計,17,都支出金,1,都負担金,3,土木費都負担金,1,都市計画費負担金,1,地籍調査事業費負担金（３／４）,9000000,9000
132241:2022:revenue:approved:1e43325b419e81bd,2022,approved,201,"",一般会計,17,都支出金,1,都負担金,4,教育費都負担金,2,幼稚園費負担金,2,子どものための教育給付費負担金（１／２、１／４）,184543000,184543
132241:2022:revenue:approved:9a97095d45c0f782,2022,approved,202,"",一般会計,17,都支出金,1,都負担金,4,教育費都負担金,2,幼稚園費負担金,3,子育て支援施設等利用教育給付費負担金（１／４）,55512000,55512
132241:2022:revenue:approved:8be17d9b6aa6c96e,2022,approved,203,"",一般会計,17,都支出金,2,都補助金,1,総務費都補助金,1,市町村総合交付金,1,市町村総合交付金,1450000000,1450000
132241:2022:revenue:approved:e6c54af8c12fef4b,2022,approved,204,"",一般会計,17,都支出金,2,都補助金,1,総務費都補助金,5,東京都人権啓発活動区市町村補助金,1,東京都人権啓発活動区市町村補助金（１０／１０）,410000,410
132241:2022:revenue:approved:2a21730c07958041,2022,approved,205,"",一般会計,17,都支出金,2,都補助金,1,総務費都補助金,7,青少年対策費補助金,3,地域における青少年健全育成応援事業補助金（１／２）,1000000,1000
132241:2022:revenue:approved:84ef3feb9634b067,2022,approved,206,"",一般会計,17,都支出金,2,都補助金,1,総務費都補助金,14,東京都自動通話録音機設置促進補助金,1,東京都自動通話録音機設置促進補助金（１／２）,1155000,1155
132241:2022:revenue:approved:9cdcd2ff7e65b1ed,2022,approved,207,"",一般会計,17,都支出金,2,都補助金,2,民生費都補助金,1,社会福祉費補助金,1,地域福祉推進包括補助事業補助金（１／２、１０／１０）,66899000,66899
132241:2022:revenue:approved:96024351ae72017b,2022,approved,208,"",一般会計,17,都支出金,2,都補助金,2,民生費都補助金,1,社会福祉費補助金,2,地域福祉推進事業補助金（１／２）,4202000,4202
132241:2022:revenue:approved:bd5bdc087b36e17e,2022,approved,209,"",一般会計,17,都支出金,2,都補助金,2,民生費都補助金,1,社会福祉費補助金,3,介護基盤整備事業関係都補助金（１０／１０）,176535000,176535
132241:2022:revenue:approved:f78e49fad01e04d0,2022,approved,210,"",一般会計,17,都支出金,2,都補助金,2,民生費都補助金,1,社会福祉費補助金,4,在宅障害者福祉事業費等補助金（１０／１０）,1000,1
132241:2022:revenue:approved:95073a113cd408b0,2022,approved,211,"",一般会計,17,都支出金,2,都補助金,2,民生費都補助金,1,社会福祉費補助金,5,重度訪問介護等利用促進に係る区市町村支援事業補助金（３／４）,18672000,18672
132241:2022:revenue:approved:08c3ed77836a8178,2022,approved,212,"",一般会計,17,都支出金,2,都補助金,2,民生費都補助金,1,社会福祉費補助金,6,老人クラブ・老人クラブ連合会助成費補助金（２／３）,1202000,1202
132241:2022:revenue:approved:42aca32c78e29c1b,2022,approved,213,"",一般会計,17,都支出金,2,都補助金,2,民生費都補助金,1,社会福祉費補助金,8,障害者施策推進区市町村包括補助事業補助金,341340000,341340
132241:2022:revenue:approved:85a1c8a3eab80b99,2022,approved,214,"",一般会計,17,都支出金,2,都補助金,2,民生費都補助金,1,社会福祉費補助金,9,シルバー人材センター事業補助金（１／２）,12889000,12889
132241:2022:revenue:approved:a56894e529ce24e1,2022,approved,215,"",一般会計,17,都支出金,2,都補助金,2,民生費都補助金,1,社会福祉費補助金,10,高齢社会対策区市町村包括補助事業補助金,40627000,40627
132241:2022:revenue:approved:8044a44bb0c8de23,2022,approved,216,"",一般会計,17,都支出金,2,都補助金,2,民生費都補助金,1,社会福祉費補助金,12,介護保険事業費補助金（３／４、１／２）,603000,603
132241:2022:revenue:approved:3051df92b3f077ef,2022,approved,217,"",一般会計,17,都支出金,2,都補助金,2,民生費都補助金,1,社会福祉費補助金,13,精神保健福祉一般相談事業交付金（１０／１０）,10720000,10720
132241:2022:revenue:approved:c23d89dd5d35c733,2022,approved,218,"",一般会計,17,都支出金,2,都補助金,2,民生費都補助金,1,社会福祉費補助金,16,地域生活支援事業都補助金（１／４）,41830000,41830
132241:2022:revenue:approved:a28f3ffceab83145,2022,approved,219,"",一般会計,17,都支出金,2,都補助金,2,民生費都補助金,1,社会福祉費補助金,54,区市町村特別支援事業補助金（１／４）,43569000,43569
132241:2022:revenue:approved:8b4dd821466861e0,2022,approved,220,"",一般会計,17,都支出金,2,都補助金,2,民生費都補助金,1,社会福祉費補助金,55,介護予防・フレイル予防推進員の配置事業補助金（１０／１０）,5500000,5500
132241:2022:revenue:approved:092a06e5e9d0be31,2022,approved,221,"",一般会計,17,都支出金,2,都補助金,2,民生費都補助金,1,社会福祉費補助金,56,区市町村高次脳機能障害者支援促進事業補助金（３／４）,3076000,3076
132241:2022:revenue:approved:b8be20375240799d,2022,approved,222,"",一般会計,17,都支出金,2,都補助金,2,民生費都補助金,1,社会福祉費補助金,57,高齢者見守り相談窓口事業補助金（１／２）,10109000,10109
132241:2022:revenue:approved:81d32590a1fd1a6a,2022,approved,223,"",一般会計,17,都支出金,2,都補助金,2,民生費都補助金,1,社会福祉費補助金,60,特別弔慰金受付事務費交付金（１０／１０）,39000,39
132241:2022:revenue:approved:7d785ce9e71651f1,2022,approved,224,"",一般会計,17,都支出金,2,都補助金,2,民生費都補助金,1,社会福祉費補助金,87,重度障害者に係る区市町村特別支援事業補助金（１０／１０）,10297000,10297
132241:2022:revenue:approved:36819b2c3d924a06,2022,approved,225,"",一般会計,17,都支出金,2,都補助金,2,民生費都補助金,1,社会福祉費補助金,88,人生１００年時代セカンドライフ応援事業補助金（２／３）,6666000,6666
132241:2022:revenue:approved:d0311b41854e0036,2022,approved,226,"",一般会計,17,都支出金,2,都補助金,2,民生費都補助金,1,社会福祉費補助金,89,認知症検診推進事業補助金（１０／１０）,3313000,3313
132241:2022:revenue:approved:f81122f0aa7e5334,2022,approved,227,"",一般会計,17,都支出金,2,都補助金,2,民生費都補助金,2,児童福祉費補助金,1,義務教育就学児医療費助成事業補助金（１／２）,131295000,131295
132241:2022:revenue:approved:31049a9f1200eb51,2022,approved,228,"",一般会計,17,都支出金,2,都補助金,2,民生費都補助金,2,児童福祉費補助金,4,子育て推進交付金,626314000,626314
132241:2022:revenue:approved:1c5bd2943c45ee51,2022,approved,229,"",一般会計,17,都支出金,2,都補助金,2,民生費都補助金,2,児童福祉費補助金,6,ひとり親家庭等医療費助成事業補助金（１／２、２／３）,38024000,38024
132241:2022:revenue:approved:4b8ea03dbfa42441,2022,approved,230,"",一般会計,17,都支出金,2,都補助金,2,民生費都補助金,2,児童福祉費補助金,7,ひとり親家庭ホームヘルプサービス事業補助金（３／４）,2618000,2618
132241:2022:revenue:approved:c99d45eb1478f2ff,2022,approved,231,"",一般会計,17,都支出金,2,都補助金,2,民生費都補助金,2,児童福祉費補助金,8,乳幼児医療費助成事業補助金（１／２）,82292000,82292
132241:2022:revenue:approved:93e7843075ac64f7,2022,approved,232,"",一般会計,17,都支出金,2,都補助金,2,民生費都補助金,2,児童福祉費補助金,11,認証保育所運営費補助金（１／２）,279487000,279487
132241:2022:revenue:approved:e9cf9185b6a49268,2022,approved,233,"",一般会計,17,都支出金,2,都補助金,2,民生費都補助金,2,児童福祉費補助金,13,学童クラブ整備費補助金（１／３）,1421000,1421
132241:2022:revenue:approved:4aaa3e2337dbdbc7,2022,approved,234,"",一般会計,17,都支出金,2,都補助金,2,民生費都補助金,2,児童福祉費補助金,14,子ども家庭支援区市町村包括支援事業補助金,157716000,157716
132241:2022:revenue:approved:fffaa719a563b12e,2022,approved,235,"",一般会計,17,都支出金,2,都補助金,2,民生費都補助金,2,児童福祉費補助金,30,都型学童クラブ事業補助金（１／２）,104778000,104778
132241:2022:revenue:approved:31fed654bcadc0a6,2022,approved,236,"",一般会計,17,都支出金,2,都補助金,2,民生費都補助金,2,児童福祉費補助金,61,保育士等キャリアアップ補助金（１０／１０、１／２）,121383000,121383
132241:2022:revenue:approved:322206a3cfa58f15,2022,approved,237,"",一般会計,17,都支出金,2,都補助金,2,民生費都補助金,2,児童福祉費補助金,63,東京都ひとり親家庭等生活向上事業補助金（３／４）,3760000,3760
132241:2022:revenue:approved:3c658fb6c586f9f8,2022,approved,238,"",一般会計,17,都支出金,2,都補助金,2,民生費都補助金,2,児童福祉費補助金,65,認可外保育施設利用支援事業補助金（１／２、１０／１０）,89849000,89849
132241:2022:revenue:approved:9000044e70a3e02d,2022,approved,239,"",一般会計,17,都支出金,2,都補助金,2,民生費都補助金,2,児童福祉費補助金,67,幼稚園型一時預かり事業補助金（１０／１０、１／３）,18801000,18801
132241:2022:revenue:approved:46a2284615121249,2022,approved,240,"",一般会計,17,都支出金,2,都補助金,2,民生費都補助金,2,児童福祉費補助金,68,保育対策総合支援事業費都補助金（１／３、３／８、３／４）,9881000,9881
132241:2022:revenue:approved:f516b3e440f81853,2022,approved,241,"",一般会計,17,都支出金,2,都補助金,2,民生費都補助金,2,児童福祉費補助金,75,保育所等利用多子世帯負担軽減事業費補助金（１０／１０）,102034000,102034
132241:2022:revenue:approved:1fd96cb9cd7ea42c,2022,approved,242,"",一般会計,17,都支出金,2,都補助金,2,民生費都補助金,2,児童福祉費補助金,76,保育サービス推進等事業補助金（１０／１０、１／２）,27104000,27104
132241:2022:revenue:approved:fe0030adba641c7d,2022,approved,243,"",一般会計,17,都支出金,2,都補助金,2,民生費都補助金,2,児童福祉費補助金,78,保育所等賃借料補助事業補助金（３／４）,37614000,37614
132241:2022:revenue:approved:68a5bd37035489a1,2022,approved,244,"",一般会計,17,都支出金,2,都補助金,2,民生費都補助金,2,児童福祉費補助金,79,医療的ケア児保育支援モデル事業費補助金（３／４）,11332000,11332
132241:2022:revenue:approved:de1c1ac227024dad,2022,approved,245,"",一般会計,17,都支出金,2,都補助金,2,民生費都補助金,2,児童福祉費補助金,84,東京都子供・子育て支援交付金（１／３、１／６）,227937000,227937
132241:2022:revenue:approved:e3cad2bbe4667bc5,2022,approved,246,"",一般会計,17,都支出金,2,都補助金,2,民生費都補助金,2,児童福祉費補助金,85,認可外保育施設保育士等処遇改善臨時特例交付金（１０／１０）,26827000,26827
132241:2022:revenue:approved:4be2593785e07de5,2022,approved,247,"",一般会計,17,都支出金,2,都補助金,3,衛生費都補助金,1,保健衛生費補助金,1,区市町村との連携による地域環境力活性化補助金（１／２）,21124000,21124
132241:2022:revenue:approved:59c5040c8965d46c,2022,approved,248,"",一般会計,17,都支出金,2,都補助金,3,衛生費都補助金,1,保健衛生費補助金,2,食育推進事業費補助金（１／２）,1484000,1484
132241:2022:revenue:approved:abd1fdb34c583868,2022,approved,249,"",一般会計,17,都支出金,2,都補助金,3,衛生費都補助金,1,保健衛生費補助金,3,医療費等助成申請事務特例交付金（１０／１０）,7000,7
132241:2022:revenue:approved:24e3c4ac4ae20e92,2022,approved,250,"",一般会計,17,都支出金,2,都補助金,3,衛生費都補助金,1,保健衛生費補助金,4,医療保健政策区市町村包括補助金（１０／１０、１／２）,24877000,24877
132241:2022:revenue:approved:dd556852cb47599a,2022,approved,251,"",一般会計,17,都支出金,2,都補助金,3,衛生費都補助金,1,保健衛生費補助金,5,小児初期救急平日夜間診療事業補助金（１／２）,3675000,3675
132241:2022:revenue:approved:b24c66cda5542a01,2022,approved,252,"",一般会計,17,都支出金,2,都補助金,3,衛生費都補助金,1,保健衛生費補助金,7,健康増進事業補助金（２／３）,6517000,6517
132241:2022:revenue:approved:df5fbdef734c0429,2022,approved,253,"",一般会計,17,都支出金,2,都補助金,3,衛生費都補助金,1,保健衛生費補助金,20,地域自殺対策強化交付金（２／３、１／２）,780000,780
132241:2022:revenue:approved:a4239e123eef1c09,2022,approved,254,"",一般会計,17,都支出金,2,都補助金,3,衛生費都補助金,1,保健衛生費補助金,23,大気汚染健康障害者医療費助成交付金（１０／１０）,250000,250
132241:2022:revenue:approved:18c996c95cafe27f,2022,approved,255,"",一般会計,17,都支出金,2,都補助金,3,衛生費都補助金,1,保健衛生費補助金,24,予防接種事故対策補助金（３／４）,3000,3
132241:2022:revenue:approved:34c5555fb2d1bd33,2022,approved,256,"",一般会計,17,都支出金,2,都補助金,3,衛生費都補助金,1,保健衛生費補助金,30,東京都区市町村在宅療養推進事業補助金（１／２）,415000,415
132241:2022:revenue:approved:e27213f3d8cf6a48,2022,approved,257,"",一般会計,17,都支出金,2,都補助金,3,衛生費都補助金,1,保健衛生費補助金,33,とうきょうママパパ応援事業補助金,34130000,34130
132241:2022:revenue:approved:4d743147072d51d3,2022,approved,258,"",一般会計,17,都支出金,2,都補助金,3,衛生費都補助金,1,保健衛生費補助金,37,高齢者肺炎球菌定期予防接種特別補助金（１０／１０）,7070000,7070
132241:2022:revenue:approved:8a4345aa5a7f913f,2022,approved,259,"",一般会計,17,都支出金,2,都補助金,4,農林業費都補助金,1,農業費補助金,1,農業委員会交付金（１０／１０）,572000,572
132241:2022:revenue:approved:0b2c0a34e44d1e9a,2022,approved,260,"",一般会計,17,都支出金,2,都補助金,4,農林業費都補助金,1,農業費補助金,2,農業経営基盤強化措置事務取扱交付金（１０／１０）,36000,36
132241:2022:revenue:approved:bd392375b9169cb4,2022,approved,261,"",一般会計,17,都支出金,2,都補助金,4,農林業費都補助金,1,農業費補助金,7,農地の創出・再生支援事業費補助金（１／２）,648000,648
132241:2022:revenue:approved:5be9244fe7e1533a,2022,approved,262,"",一般会計,17,都支出金,2,都補助金,5,商工費都補助金,1,商工費補助金,1,商店街チャレンジ戦略支援事業補助金（１／３、３／６）,9175000,9175
132241:2022:revenue:approved:fcb709eb1b916bc1,2022,approved,263,"",一般会計,17,都支出金,2,都補助金,5,商工費都補助金,1,商工費補助金,2,東京都消費者行政推進交付金（１０／１０、１／２）,170000,170
132241:2022:revenue:approved:7f181ad1bc6f299c,2022,approved,264,"",一般会計,17,都支出金,2,都補助金,5,商工費都補助金,1,商工費補助金,11,アニメ等コンテンツを活用した誘客促進事業費補助金（２／３）,5712000,5712
132241:2022:revenue:approved:fa53e1673b9d3b3f,2022,approved,265,"",一般会計,17,都支出金,2,都補助金,6,土木費都補助金,1,都市計画費補助金,1,土地取引の規制に関する経由事務費等交付金（１０／１０）,50000,50
132241:2022:revenue:approved:7cf7f053371b6d21,2022,approved,266,"",一般会計,17,都支出金,2,都補助金,6,土木費都補助金,1,都市計画費補助金,4,マンション再生まちづくり制度補助金（１／２）,6375000,6375
132241:2022:revenue:approved:28fad78b51314f32,2022,approved,267,"",一般会計,17,都支出金,2,都補助金,6,土木費都補助金,1,都市計画費補助金,6,市町村土木補助事業（公園）補助金（１／２）,750000,750
132241:2022:revenue:approved:a13b5407d2b47849,2022,approved,268,"",一般会計,17,都支出金,2,都補助金,6,土木費都補助金,2,住宅費補助金,1,耐震化促進普及啓発活動支援事業費補助金（１／４）,55000,55
132241:2022:revenue:approved:105ae07f54f8b5a7,2022,approved,269,"",一般会計,17,都支出金,2,都補助金,6,土木費都補助金,2,住宅費補助金,2,東京都マンション耐震化促進事業補助金（１／４、１／６）,1510000,1510
132241:2022:revenue:approved:96345b899f0200d5,2022,approved,270,"",一般会計,17,都支出金,2,都補助金,6,土木費都補助金,2,住宅費補助金,3,都市居住再生促進事業補助金（１／４）,74521000,74521
132241:2022:revenue:approved:c200da3adbaba785,2022,approved,271,"",一般会計,17,都支出金,2,都補助金,6,土木費都補助金,2,住宅費補助金,6,東京都緊急輸送道路沿道建築物耐震化促進事業補助金,83060000,83060
132241:2022:revenue:approved:f83e3d46d87607de,2022,approved,272,"",一般会計,17,都支出金,2,都補助金,6,土木費都補助金,3,道路橋りょう費補助金,1,市町村土木補助事業（道路）補助金（３／１０、１／２、１／３）,78367000,78367
132241:2022:revenue:approved:a5b9c665a2b6497a,2022,approved,273,"",一般会計,17,都支出金,2,都補助金,6,土木費都補助金,3,道路橋りょう費補助金,2,区市町村無電柱化事業補助金（１０／１０）,4100000,4100
132241:2022:revenue:approved:75585485e3e32c2f,2022,approved,274,"",一般会計,17,都支出金,2,都補助金,7,消防費都補助金,2,消防費補助金,6,地域コミュニティ防災活動拠点電源確保事業補助金（１／２）,520000,520
132241:2022:revenue:approved:6ee570458ec7a223,2022,approved,275,"",一般会計,17,都支出金,2,都補助金,7,消防費都補助金,2,消防費補助金,7,消防団設備整備費補助金（１／３）,1532000,1532
132241:2022:revenue:approved:ea0c302b9901f91e,2022,approved,276,"",一般会計,17,都支出金,2,都補助金,8,教育費都補助金,1,教育総務費補助金,1,スクールソーシャルワーカー活用事業補助金（１／２）,3629000,3629
132241:2022:revenue:approved:c709b010360e2e29,2022,approved,277,"",一般会計,17,都支出金,2,都補助金,8,教育費都補助金,1,教育総務費補助金,2,地域ぐるみ学校安全体制整備推進事業補助金（２／３）,340000,340
132241:2022:revenue:approved:0f7686b9e9f666d6,2022,approved,278,"",一般会計,17,都支出金,2,都補助金,8,教育費都補助金,1,教育総務費補助金,4,学校と家庭の連携推進事業補助金（２／３）,462000,462
132241:2022:revenue:approved:69397bcffb0645e8,2022,approved,279,"",一般会計,17,都支出金,2,都補助金,8,教育費都補助金,1,教育総務費補助金,9,部活動指導員配置促進事業補助金（２／３）,3667000,3667
132241:2022:revenue:approved:210e29cb22bbe409,2022,approved,280,"",一般会計,17,都支出金,2,都補助金,8,教育費都補助金,1,教育総務費補助金,10,スクール・サポート・スタッフ配置事業補助金（１０／１０）,37925000,37925
132241:2022:revenue:approved:dd293cf5b24089fe,2022,approved,281,"",一般会計,17,都支出金,2,都補助金,8,教育費都補助金,1,教育総務費補助金,19,教育支援センター機能強化補助金（１／２）,1248000,1248
132241:2022:revenue:approved:9a10359c1b44f071,2022,approved,282,"",一般会計,17,都支出金,2,都補助金,8,教育費都補助金,1,教育総務費補助金,22,授業改善推進拠点校事業補助金（１０／１０）,400000,400
132241:2022:revenue:approved:94568dac5bba3a88,2022,approved,283,"",一般会計,17,都支出金,2,都補助金,8,教育費都補助金,2,小学校費補助金,20,東京都公立学校施設トイレ整備支援事業補助金（１／６）,18955000,18955
132241:2022:revenue:approved:ebd79c5dac9bad58,2022,approved,284,"",一般会計,17,都支出金,2,都補助金,8,教育費都補助金,4,幼稚園費補助金,1,私立幼稚園等園児保護者負担軽減事業費補助金（１０／１０）,32032000,32032
132241:2022:revenue:approved:158bbb255222adda,2022,approved,285,"",一般会計,17,都支出金,2,都補助金,8,教育費都補助金,5,社会教育費補助金,1,埋蔵文化財発掘調査事業費補助金（１／４）,1350000,1350
132241:2022:revenue:approved:0c73a511ef0f5087,2022,approved,286,"",一般会計,17,都支出金,2,都補助金,8,教育費都補助金,5,社会教育費補助金,2,放課後子ども教室事業補助金（２／３）,4755000,4755
132241:2022:revenue:approved:d8f22a1c6b6b559f,2022,approved,287,"",一般会計,17,都支出金,2,都補助金,8,教育費都補助金,5,社会教育費補助金,4,地域学校協働活動推進事業費補助金（２／３）,14354000,14354
132241:2022:revenue:approved:76163b8b53af17b0,2022,approved,288,"",一般会計,17,都支出金,2,都補助金,8,教育費都補助金,5,社会教育費補助金,5,家庭教育支援基盤形成事業費補助金（２／３）,1320000,1320
132241:2022:revenue:approved:dce36936549c0d86,2022,approved,289,"",一般会計,17,都支出金,2,都補助金,9,公債費都補助金,1,公債費補助金,1,公債費補助金,94827000,94827
132241:2022:revenue:approved:b819fbe76ec3061b,2022,approved,290,"",一般会計,17,都支出金,3,委託金,1,総務費委託金,1,総務管理費委託金,1,私立学校指導監督費（１０／１０）,1103000,1103
132241:2022:revenue:approved:fd629752d624e92b,2022,approved,291,"",一般会計,17,都支出金,3,委託金,1,総務費委託金,1,総務管理費委託金,2,都営住宅募集事務費（１０／１０）,388000,388
132241:2022:revenue:approved:8f849bf3fa4382a6,2022,approved,292,"",一般会計,17,都支出金,3,委託金,1,総務費委託金,1,総務管理費委託金,4,土地所有状況・建物利用状況調査委託金,420000,420
132241:2022:revenue:approved:982e5b35d2f82757,2022,approved,293,"",一般会計,17,都支出金,3,委託金,1,総務費委託金,2,徴税費委託金,1,徴税費委託金（１０／１０）,251428000,251428
132241:2022:revenue:approved:a6d1a52858d81549,2022,approved,294,"",一般会計,17,都支出金,3,委託金,1,総務費委託金,3,戸籍住民基本台帳費委託金,1,住民基本台帳人口調査事務費（１０／１０）,304000,304
132241:2022:revenue:approved:7bb4cf1a87a33eaf,2022,approved,295,"",一般会計,17,都支出金,3,委託金,1,総務費委託金,3,戸籍住民基本台帳費委託金,2,人口動態調査事務費（１０／１０）,124000,124
132241:2022:revenue:approved:ea4c825752cdf8a4,2022,approved,296,"",一般会計,17,都支出金,3,委託金,1,総務費委託金,4,統計調査費委託金,4,建設工事統計調査委託金（１０／１０）,68000,68
132241:2022:revenue:approved:6b508c2e4aed3eec,2022,approved,297,"",一般会計,17,都支出金,3,委託金,1,総務費委託金,4,統計調査費委託金,11,学校基本調査委託金（１０／１０）,25000,25
132241:2022:revenue:approved:925adb2a753b9171,2022,approved,298,"",一般会計,17,都支出金,3,委託金,1,総務費委託金,4,統計調査費委託金,24,経済センサス調査区管理委託金（１０／１０）,14000,14
132241:2022:revenue:approved:52abd6175cac39b5,2022,approved,299,"",一般会計,17,都支出金,3,委託金,1,総務費委託金,4,統計調査費委託金,26,就業構造基本調査委託金（１０／１０）,1226000,1226
132241:2022:revenue:approved:498ec9dcffb455c9,2022,approved,300,"",一般会計,17,都支出金,3,委託金,1,総務費委託金,4,統計調査費委託金,27,住宅・土地統計調査単位区設定委託金（１０／１０）,876000,876
132241:2022:revenue:approved:9c7e278133644a7b,2022,approved,301,"",一般会計,17,都支出金,3,委託金,1,総務費委託金,5,選挙費委託金,1,在外選挙人名簿登録事務委託費（１０／１０）,52000,52
132241:2022:revenue:approved:0ee17b5343cb7670,2022,approved,302,"",一般会計,17,都支出金,3,委託金,1,総務費委託金,5,選挙費委託金,3,参議院議員選挙執行経費委託金（１０／１０）,81852000,81852
132241:2022:revenue:approved:5b5a94eb176b7371,2022,approved,303,"",一般会計,17,都支出金,3,委託金,2,民生費委託金,1,社会福祉費委託金,1,身体障害者等都営無料乗車証発行取扱事務委託金（１０／１０）,60000,60
132241:2022:revenue:approved:b4af87526d7cd504,2022,approved,304,"",一般会計,17,都支出金,3,委託金,2,民生費委託金,1,社会福祉費委託金,2,身体・知的障害者相談員事業交付金（１０／１０）,5000,5
132241:2022:revenue:approved:7e5e94616e999e46,2022,approved,305,"",一般会計,17,都支出金,3,委託金,2,民生費委託金,1,社会福祉費委託金,3,心身障害者扶養年金・共済事務委託金（１０／１０）,523000,523
132241:2022:revenue:approved:c014d6d509bb3ca6,2022,approved,306,"",一般会計,17,都支出金,3,委託金,2,民生費委託金,1,社会福祉費委託金,4,重度心身障害者手当事務委託金（１０／１０）,570000,570
132241:2022:revenue:approved:0a848839896fa9e5,2022,approved,307,"",一般会計,17,都支出金,3,委託金,2,民生費委託金,1,社会福祉費委託金,5,心身障害者医療事業事務委託金（１０／１０）,1574000,1574
132241:2022:revenue:approved:22a2fe490682750c,2022,approved,308,"",一般会計,17,都支出金,3,委託金,2,民生費委託金,1,社会福祉費委託金,6,東京都母子及び父子福祉資金貸付事業事務委託金（１０／１０）,4073000,4073
132241:2022:revenue:approved:1c7295700b6df0ec,2022,approved,309,"",一般会計,17,都支出金,3,委託金,2,民生費委託金,1,社会福祉費委託金,7,医療費助成申請書等の受理事務交付金（１０／１０）,3280000,3280
132241:2022:revenue:approved:5e4a6fb339bdd52a,2022,approved,310,"",一般会計,17,都支出金,3,委託金,2,民生費委託金,1,社会福祉費委託金,9,東京都女性福祉資金貸付事業事務委託金（１０／１０）,332000,332
132241:2022:revenue:approved:0c9046d0e414bdbe,2022,approved,311,"",一般会計,17,都支出金,3,委託金,2,民生費委託金,1,社会福祉費委託金,10,身体障害者福祉法に関する事務費等交付金（１０／１０）,254000,254
132241:2022:revenue:approved:265708dcb330fe72,2022,approved,312,"",一般会計,17,都支出金,3,委託金,2,民生費委託金,1,社会福祉費委託金,11,福祉のまちづくり委任事務委託金（１０／１０）,20000,20
132241:2022:revenue:approved:02553b92e0f720eb,2022,approved,313,"",一般会計,17,都支出金,3,委託金,2,民生費委託金,1,社会福祉費委託金,12,難病医療費助成申請書等の受理事務交付金（１０／１０）,1342000,1342
132241:2022:revenue:approved:1133762871dadcc0,2022,approved,314,"",一般会計,17,都支出金,3,委託金,2,民生費委託金,1,社会福祉費委託金,13,子ども医療費助成申請書等の受理事務交付金（１０／１０）,37000,37
132241:2022:revenue:approved:bb8ccf62904b171c,2022,approved,315,"",一般会計,17,都支出金,3,委託金,2,民生費委託金,1,社会福祉費委託金,19,生活のしづらさなどに関する調査委託金（１０／１０）,178000,178
132241:2022:revenue:approved:d1ea5ed77e44bc7d,2022,approved,316,"",一般会計,17,都支出金,3,委託金,2,民生費委託金,2,児童福祉費委託金,1,児童福祉施設設置届等経由事務費交付金（１０／１０）,108000,108
132241:2022:revenue:approved:0db91e8d50f0760c,2022,approved,317,"",一般会計,17,都支出金,3,委託金,2,民生費委託金,2,児童福祉費委託金,3,東京都出産応援事業事務委託金（１０／１０）,388000,388
132241:2022:revenue:approved:b29509af685c679f,2022,approved,318,"",一般会計,17,都支出金,3,委託金,3,衛生費委託金,1,保健衛生費委託金,1,畜犬登録事務交付金（１０／１０）,1000,1
132241:2022:revenue:approved:08bc753ab04ea532,2022,approved,319,"",一般会計,17,都支出金,3,委託金,3,衛生費委託金,1,保健衛生費委託金,2,公害対策費委託金（１０／１０）,22807000,22807
132241:2022:revenue:approved:59261c7b4bd7acc5,2022,approved,320,"",一般会計,17,都支出金,3,委託金,3,衛生費委託金,1,保健衛生費委託金,4,風しん抗体検査事業委託金（１０／１０）,1118000,1118
132241:2022:revenue:approved:371bf1e3f516fec5,2022,approved,321,"",一般会計,17,都支出金,3,委託金,5,土木費委託金,1,道路橋りょう費委託金,1,屋外広告物取扱事務委託金（１０／１０）,1402000,1402
132241:2022:revenue:approved:103678a64c021637,2022,approved,322,"",一般会計,17,都支出金,3,委託金,5,土木費委託金,3,住宅費委託金,2,マンション適正管理条例事務費委託金（１０／１０）,61000,61
132241:2022:revenue:approved:9904af6d71cacbca,2022,approved,323,"",一般会計,17,都支出金,3,委託金,6,教育費委託金,1,教育総務費委託金,1,給与等支給事務処理特例交付金（１０／１０）,5110000,5110
132241:2022:revenue:approved:f9cb10d2a55890dd,2022,approved,324,"",一般会計,17,都支出金,3,委託金,6,教育費委託金,1,教育総務費委託金,2,成績一覧表調査委員会事務処理特例交付金（１０／１０）,24000,24
132241:2022:revenue:approved:ee9ea10e480f608c,2022,approved,325,"",一般会計,17,都支出金,3,委託金,6,教育費委託金,1,教育総務費委託金,3,都教職員関係経費交付金（１０／１０）,4712000,4712
132241:2022:revenue:approved:3f19e50ec28a6908,2022,approved,326,"",一般会計,17,都支出金,3,委託金,6,教育費委託金,1,教育総務費委託金,4,教育調査統計事務処理特例交付金（１０／１０）,14000,14
132241:2022:revenue:approved:d0eb1fc70578fe44,2022,approved,327,"",一般会計,17,都支出金,3,委託金,6,教育費委託金,1,教育総務費委託金,25,オリンピック・パラリンピック教育推進事業委託金（１０／１０）,300000,300
132241:2022:revenue:approved:1af5c578151c8e19,2022,approved,328,"",一般会計,17,都支出金,3,委託金,6,教育費委託金,2,社会総務費委託金,1,文化財等関係事務経費交付金（１０／１０）,20000,20
132241:2022:revenue:approved:82c90949b32242d3,2022,approved,329,"",一般会計,18,財産収入,1,財産運用収入,1,財産貸付収入,1,土地建物貸付収入,1,市有地貸付料,47529000,47529
132241:2022:revenue:approved:2996ad8b1f44bea9,2022,approved,330,"",一般会計,18,財産収入,1,財産運用収入,1,財産貸付収入,1,土地建物貸付収入,2,建物貸付料,4413000,4413
132241:2022:revenue:approved:a4e522ef5d5a8d05,2022,approved,331,"",一般会計,18,財産収入,1,財産運用収入,2,利子及び配当金,1,利子及び配当金,1,財政調整基金利子,2762000,2762
132241:2022:revenue:approved:ceb14a94b3e73318,2022,approved,332,"",一般会計,18,財産収入,1,財産運用収入,2,利子及び配当金,1,利子及び配当金,3,公共建築物等整備保全基金利子,3402000,3402
132241:2022:revenue:approved:a939225406c88179,2022,approved,333,"",一般会計,18,財産収入,1,財産運用収入,2,利子及び配当金,1,利子及び配当金,5,庁舎増改築基金利子,2406000,2406
132241:2022:revenue:approved:e9bec56a1a7995e5,2022,approved,334,"",一般会計,18,財産収入,1,財産運用収入,2,利子及び配当金,1,利子及び配当金,6,高額介護サービス費等貸付基金利子,1000,1
132241:2022:revenue:approved:02e77e3271d897db,2022,approved,335,"",一般会計,18,財産収入,1,財産運用収入,2,利子及び配当金,1,利子及び配当金,7,いきいきＴＡＭＡ基金利子,29000,29
132241:2022:revenue:approved:63676eaf180cbf9b,2022,approved,336,"",一般会計,18,財産収入,1,財産運用収入,2,利子及び配当金,1,利子及び配当金,9,福祉基金利子,721000,721
132241:2022:revenue:approved:5876433f82423a80,2022,approved,337,"",一般会計,18,財産収入,1,財産運用収入,2,利子及び配当金,1,利子及び配当金,10,都市計画基金利子,704000,704
132241:2022:revenue:approved:30368a3e9d2d93eb,2022,approved,338,"",一般会計,18,財産収入,1,財産運用収入,2,利子及び配当金,1,利子及び配当金,11,出産費資金貸付基金利子,1000,1
132241:2022:revenue:approved:216650149e995276,2022,approved,339,"",一般会計,18,財産収入,1,財産運用収入,2,利子及び配当金,1,利子及び配当金,12,高額療養費貸付基金利子,1000,1
132241:2022:revenue:approved:8e8212062feeb60d,2022,approved,340,"",一般会計,18,財産収入,1,財産運用収入,2,利子及び配当金,1,利子及び配当金,17,多摩市みどりの基金利子,928000,928
132241:2022:revenue:approved:8ea7b87162ffb4dd,2022,approved,341,"",一般会計,18,財産収入,1,財産運用収入,2,利子及び配当金,1,利子及び配当金,18,新型コロナウイルス感染症対策基金利子,226000,226
132241:2022:revenue:approved:ed856e8a6b7c38ce,2022,approved,342,"",一般会計,18,財産収入,2,財産売払収入,1,不動産売払収入,1,土地売払収入,1,市有地売払収入,10000000,10000
132241:2022:revenue:approved:25b16dce4596fa76,2022,approved,343,"",一般会計,18,財産収入,2,財産売払収入,2,物品売払収入,1,物品売払収入,1,不用物品売払収入,88000,88
132241:2022:revenue:approved:938ddb83177f2783,2022,approved,344,"",一般会計,19,寄附金,1,寄附金,1,一般寄附金,1,一般寄附金,1,一般寄附金,4510000,4510
132241:2022:revenue:approved:37e981a34a0d8d9c,2022,approved,345,"",一般会計,19,寄附金,1,寄附金,4,民生費寄附金,1,民生費寄附金,1,民生費寄附金,2280000,2280
132241:2022:revenue:approved:eda5009f0d4df11a,2022,approved,346,"",一般会計,19,寄附金,1,寄附金,5,衛生費寄附金,1,衛生費寄附金,1,衛生費寄附金,3220000,3220
132241:2022:revenue:approved:6c40fb1de57a5ed0,2022,approved,347,"",一般会計,19,寄附金,1,寄附金,8,商工費寄附金,1,商工費寄附金,1,商工費寄附金,650000,650
132241:2022:revenue:approved:0e4be308b631b295,2022,approved,348,"",一般会計,19,寄附金,1,寄附金,9,土木費寄附金,1,土木費寄附金,1,土木費寄附金,1560000,1560
132241:2022:revenue:approved:9e84fefc4e8c6e66,2022,approved,349,"",一般会計,19,寄附金,1,寄附金,10,消防費寄附金,1,消防費寄附金,1,消防費寄附金,490000,490
132241:2022:revenue:approved:ec285d41237e1d4c,2022,approved,350,"",一般会計,19,寄附金,1,寄附金,11,教育費寄附金,1,教育費寄附金,1,教育費寄附金,2330000,2330
132241:2022:revenue:approved:811afbe94412402e,2022,approved,351,"",一般会計,20,繰入金,1,基金繰入金,1,財政調整基金繰入金,1,財政調整基金繰入金,1,財政調整基金取りくずし,1230000000,1230000
132241:2022:revenue:approved:1518789bbe173f4b,2022,approved,352,"",一般会計,20,繰入金,1,基金繰入金,2,公共建築物等整備保全基金繰入金,1,公共建築物等整備保全基金繰入金,1,公共建築物等整備保全基金取りくずし,300000000,300000
132241:2022:revenue:approved:958fd260dd25d1f6,2022,approved,353,"",一般会計,20,繰入金,1,基金繰入金,3,福祉基金繰入金,1,福祉基金繰入金,1,福祉基金取りくずし,66955000,66955
132241:2022:revenue:approved:b5d987a926059eb6,2022,approved,354,"",一般会計,20,繰入金,1,基金繰入金,4,いきいきＴＡＭＡ基金繰入金,1,いきいきＴＡＭＡ基金繰入金,1,いきいきＴＡＭＡ基金取りくずし,15688000,15688
132241:2022:revenue:approved:94ab90e51646fcbd,2022,approved,355,"",一般会計,20,繰入金,1,基金繰入金,5,みどりの基金繰入金,1,みどりの基金繰入金,1,みどりの基金取りくずし,60000000,60000
132241:2022:revenue:approved:c0349aa5ab99bad2,2022,approved,356,"",一般会計,20,繰入金,1,基金繰入金,9,都市計画基金繰入金,1,都市計画基金繰入金,1,都市計画基金取りくずし,1323000000,1323000
132241:2022:revenue:approved:c7913a93a4e3a160,2022,approved,357,"",一般会計,20,繰入金,1,基金繰入金,10,新型コロナウイルス感染症対策基金繰入金,1,新型コロナウイルス感染症対策基金繰入金,1,新型コロナウイルス感染症対策基金取りくずし,65000000,65000
132241:2022:revenue:approved:94dbbb6cda36ee4d,2022,approved,358,"",一般会計,20,繰入金,2,特別会計繰入金,2,介護保険特別会計繰入金,1,介護保険特別会計繰入金,1,介護保険特別会計繰入金,1000,1
132241:2022:revenue:approved:0b7b2fd8d8f76c0b,2022,approved,359,"",一般会計,20,繰入金,2,特別会計繰入金,4,後期高齢者医療特別会計繰入金,1,後期高齢者医療特別会計繰入金,1,後期高齢者医療特別会計繰入金,1000,1
132241:2022:revenue:approved:5b0f71b198a990b1,2022,approved,360,"",一般会計,21,繰越金,1,繰越金,1,繰越金,1,前年度繰越金,1,前年度繰越金,600000000,600000
132241:2022:revenue:approved:baeb06cebacb3c7d,2022,approved,361,"",一般会計,22,諸収入,1,延滞金・加算金及び過料,1,延滞金,1,延滞金,1,延滞金,25001000,25001
132241:2022:revenue:approved:a64fb3a6446e812b,2022,approved,362,"",一般会計,22,諸収入,1,延滞金・加算金及び過料,2,加算金,1,加算金,1,加算金,1000,1
132241:2022:revenue:approved:fe60269c585f425d,2022,approved,363,"",一般会計,22,諸収入,1,延滞金・加算金及び過料,3,過料,1,過料,1,過料,1000,1
132241:2022:revenue:approved:1488df9de8deb1dd,2022,approved,364,"",一般会計,22,諸収入,2,市預金利子,1,市預金利子,1,市預金利子,1,歳計現金預金利子,44000,44
132241:2022:revenue:approved:e4dcfd387e574a91,2022,approved,365,"",一般会計,22,諸収入,3,貸付金元利収入,1,総務費貸付金元利収入,2,多摩市犯罪被害者等支援貸付金元金収入,1,多摩市犯罪被害者等支援貸付金元金収入,1000,1
132241:2022:revenue:approved:b3fde99e2e31a39f,2022,approved,366,"",一般会計,22,諸収入,3,貸付金元利収入,1,総務費貸付金元利収入,3,多摩都市モノレール貸付金元利収入,1,多摩都市モノレール貸付金元金収入,100000000,100000
132241:2022:revenue:approved:77b3a45c16f30213,2022,approved,367,"",一般会計,22,諸収入,4,収益事業収入,1,競艇事業収入,1,競艇事業収入,1,競艇事業収入,20000000,20000
132241:2022:revenue:approved:483d04de00ae311e,2022,approved,368,"",一般会計,22,諸収入,5,雑入,1,小切手未払資金組入れ,1,小切手未払資金組入れ,1,小切手未払資金組入れ,1000,1
132241:2022:revenue:approved:b0e29fc8f016f2c7,2022,approved,369,"",一般会計,22,諸収入,5,雑入,2,過年度収入,1,過年度収入,1,国庫支出金過年度収入,1000,1
132241:2022:revenue:approved:1007f719a5af087f,2022,approved,370,"",一般会計,22,諸収入,5,雑入,2,過年度収入,1,過年度収入,2,都支出金過年度収入,1000,1
132241:2022:revenue:approved:00a524dca5e56641,2022,approved,371,"",一般会計,22,諸収入,5,雑入,3,弁償金,1,弁償金,1,ナンバープレート弁償金,13000,13
132241:2022:revenue:approved:830c1e0b67dcceda,2022,approved,372,"",一般会計,22,諸収入,5,雑入,3,弁償金,1,弁償金,2,印鑑登録証等再交付弁償金,375000,375
132241:2022:revenue:approved:951b46c68862f0ae,2022,approved,373,"",一般会計,22,諸収入,5,雑入,3,弁償金,1,弁償金,5,紛失図書弁償金,1000,1
132241:2022:revenue:approved:606151f0ed01bbcd,2022,approved,374,"",一般会計,22,諸収入,5,雑入,3,弁償金,1,弁償金,7,臨時運行許可番号標弁償金,1000,1
132241:2022:revenue:approved:909bf534cce796d9,2022,approved,375,"",一般会計,22,諸収入,5,雑入,3,弁償金,1,弁償金,11,学校情報機器修繕弁償金,1000,1
132241:2022:revenue:approved:ceeb701af1fa5e6d,2022,approved,376,"",一般会計,22,諸収入,5,雑入,5,雑入,1,各種返還金等,1,児童扶養手当返還金,426000,426
132241:2022:revenue:approved:1d8e71e80d6ae8ac,2022,approved,377,"",一般会計,22,諸収入,5,雑入,5,雑入,1,各種返還金等,2,生活保護費返納金,73385000,73385
132241:2022:revenue:approved:012e15426ae4cda2,2022,approved,378,"",一般会計,22,諸収入,5,雑入,5,雑入,1,各種返還金等,3,児童手当育成手当返還金,254000,254
132241:2022:revenue:approved:a255a5a5bda4f9d3,2022,approved,379,"",一般会計,22,諸収入,5,雑入,5,雑入,1,各種返還金等,4,乳幼児医療費返還金,1000,1
132241:2022:revenue:approved:7bd8588fee28e657,2022,approved,380,"",一般会計,22,諸収入,5,雑入,5,雑入,1,各種返還金等,5,ひとり親家庭等医療費返還金,1000,1
132241:2022:revenue:approved:f25cf8f638c03279,2022,approved,381,"",一般会計,22,諸収入,5,雑入,5,雑入,1,各種返還金等,6,心身障がい者福祉手当返還金,1000,1
132241:2022:revenue:approved:d2ec2763124fc1e5,2022,approved,382,"",一般会計,22,諸収入,5,雑入,5,雑入,1,各種返還金等,7,障害者自立支援給付費等返還金,1200000,1200
132241:2022:revenue:approved:f0d086974b2d2503,2022,approved,383,"",一般会計,22,諸収入,5,雑入,5,雑入,1,各種返還金等,8,市税等過誤納還付金返還金,1000,1
132241:2022:revenue:approved:3675a84b8beeb965,2022,approved,384,"",一般会計,22,諸収入,5,雑入,5,雑入,1,各種返還金等,9,特別障がい者手当等返還金,1000,1
132241:2022:revenue:approved:12f54b7acf69fa80,2022,approved,385,"",一般会計,22,諸収入,5,雑入,5,雑入,1,各種返還金等,10,中小企業事業資金貸付けあっせん保証料返還金,1000,1
132241:2022:revenue:approved:94f3aafa554d0ab9,2022,approved,386,"",一般会計,22,諸収入,5,雑入,5,雑入,1,各種返還金等,11,義務教育就学児医療費返還金,1000,1
132241:2022:revenue:approved:df462127932a8fdb,2022,approved,387,"",一般会計,22,諸収入,5,雑入,5,雑入,1,各種返還金等,12,各種保険等解約還付金,1000,1
132241:2022:revenue:approved:7fc8405e6efad2f9,2022,approved,388,"",一般会計,22,諸収入,5,雑入,5,雑入,1,各種返還金等,13,福祉援護費返還金,1000,1
132241:2022:revenue:approved:21f2a1b3bc8127e6,2022,approved,389,"",一般会計,22,諸収入,5,雑入,5,雑入,1,各種返還金等,16,特定疾病者福祉手当返還金,1000,1
132241:2022:revenue:approved:a5dc267984143c40,2022,approved,390,"",一般会計,22,諸収入,5,雑入,5,雑入,1,各種返還金等,17,民間保育所及び認定こども園に対する補助金返還金,1000,1
132241:2022:revenue:approved:4affe4d4052a37a8,2022,approved,391,"",一般会計,22,諸収入,5,雑入,5,雑入,1,各種返還金等,18,私立幼稚園等園児保護者補助金返還金,1000,1
132241:2022:revenue:approved:d5e46fdd7020b599,2022,approved,392,"",一般会計,22,諸収入,5,雑入,5,雑入,1,各種返還金等,19,教育・保育給付費返還金,1000,1
132241:2022:revenue:approved:50c8550a3f1f4001,2022,approved,393,"",一般会計,22,諸収入,5,雑入,5,雑入,1,各種返還金等,20,公務災害負担金還付金,1000,1
132241:2022:revenue:approved:12033bc53efd96bf,2022,approved,394,"",一般会計,22,諸収入,5,雑入,5,雑入,2,各種交付金等,1,ハロウィンジャンボ宝くじ区市町村交付金,19766000,19766
132241:2022:revenue:approved:1ae486aa4de2600f,2022,approved,395,"",一般会計,22,諸収入,5,雑入,5,雑入,2,各種交付金等,2,東京都市町村民交通災害共済市町村事務交付金,100000,100
132241:2022:revenue:approved:429c0e23b46c159f,2022,approved,396,"",一般会計,22,諸収入,5,雑入,5,雑入,2,各種交付金等,3,３９市町村共同事業助成金,16768000,16768
132241:2022:revenue:approved:f4e4c530635f2471,2022,approved,397,"",一般会計,22,諸収入,5,雑入,5,雑入,2,各種交付金等,4,みどり東京・温暖化防止プロジェクト市町村助成金,1000000,1000
132241:2022:revenue:approved:3b60f4ba7278f7e2,2022,approved,398,"",一般会計,22,諸収入,5,雑入,5,雑入,2,各種交付金等,5,一般財団法人日本地図センター研究活動等支援金,100000,100
132241:2022:revenue:approved:00aef1e19e6581d2,2022,approved,399,"",一般会計,22,諸収入,5,雑入,5,雑入,2,各種交付金等,6,学校給食における健康づくり事業等の助成金,30000,30
132241:2022:revenue:approved:2619164a2e2395af,2022,approved,400,"",一般会計,22,諸収入,5,雑入,5,雑入,2,各種交付金等,8,財団法人自治総合センター助成金,2400000,2400
132241:2022:revenue:approved:e00ba8ee68477782,2022,approved,401,"",一般会計,22,諸収入,5,雑入,5,雑入,2,各種交付金等,9,日本非核宣言自治体協議会講演会等開催支援事業助成金,50000,50
132241:2022:revenue:approved:5a223833314e131d,2022,approved,402,"",一般会計,22,諸収入,5,雑入,5,雑入,2,各種交付金等,10,行政手続のオンライン化・事務処理効率化推進事業助成金,10000000,10000
132241:2022:revenue:approved:671dcccc5c3ca346,2022,approved,403,"",一般会計,22,諸収入,5,雑入,5,雑入,2,各種交付金等,12,クリーンエネルギー自動車導入事業費補助金,830000,830
132241:2022:revenue:approved:1b9c3160044e048a,2022,approved,404,"",一般会計,22,諸収入,5,雑入,5,雑入,2,各種交付金等,13,緑の募金事業交付金,62000,62
132241:2022:revenue:approved:2d6930a059d3ace7,2022,approved,405,"",一般会計,22,諸収入,5,雑入,5,雑入,2,各種交付金等,14,ＺＥＢ実現に向けた先進的省エネルギー建築物実証事業補助金,100000000,100000
132241:2022:revenue:approved:3c523303ca3a9716,2022,approved,406,"",一般会計,22,諸収入,5,雑入,5,雑入,3,雑入,1,複写用紙等売払代金,2005000,2005
132241:2022:revenue:approved:68df1aaa77004fa0,2022,approved,407,"",一般会計,22,諸収入,5,雑入,5,雑入,3,雑入,2,市出版物売払代金,614000,614
132241:2022:revenue:approved:d9dd57bf8bc9e273,2022,approved,408,"",一般会計,22,諸収入,5,雑入,5,雑入,3,雑入,3,私用電報電話料,29000,29
132241:2022:revenue:approved:eab6c1d3b5da1875,2022,approved,409,"",一般会計,22,諸収入,5,雑入,5,雑入,3,雑入,5,創業塾・経営塾参加者負担金,240000,240
132241:2022:revenue:approved:8810f77d969b32cb,2022,approved,410,"",一般会計,22,諸収入,5,雑入,5,雑入,3,雑入,6,光熱水費使用料,7575000,7575
132241:2022:revenue:approved:4d8e151a0505124b,2022,approved,411,"",一般会計,22,諸収入,5,雑入,5,雑入,3,雑入,7,雇用保険被保険者負担金,2446000,2446
132241:2022:revenue:approved:426fc40c2392940b,2022,approved,412,"",一般会計,22,諸収入,5,雑入,5,雑入,3,雑入,9,給与計算事務取扱事務費,30000,30
132241:2022:revenue:approved:a254d1170705fcae,2022,approved,413,"",一般会計,22,諸収入,5,雑入,5,雑入,3,雑入,10,公共施設駐車料,12659000,12659
132241:2022:revenue:approved:35971cf15733a6fe,2022,approved,414,"",一般会計,22,諸収入,5,雑入,5,雑入,3,雑入,11,庁用車・建物事故に係る共済金,1000,1
132241:2022:revenue:approved:22c01245cb07c7ac,2022,approved,415,"",一般会計,22,諸収入,5,雑入,5,雑入,3,雑入,13,マルチコピー機サービス料等負担金,418000,418
132241:2022:revenue:approved:af9d135452c0ffa1,2022,approved,416,"",一般会計,22,諸収入,5,雑入,5,雑入,3,雑入,14,公民館共益費預金利子,1000,1
132241:2022:revenue:approved:de1d50142a0d78fc,2022,approved,417,"",一般会計,22,諸収入,5,雑入,5,雑入,3,雑入,15,リフレッシュ一時保育事業利用者負担金,3150000,3150
132241:2022:revenue:approved:ffd2278f1b61d267,2022,approved,418,"",一般会計,22,諸収入,5,雑入,5,雑入,3,雑入,16,家庭菜園管理料,2714000,2714
132241:2022:revenue:approved:cf9a6e7745771e58,2022,approved,419,"",一般会計,22,諸収入,5,雑入,5,雑入,3,雑入,17,ペットボトル等有償入札拠出受入金,22000000,22000
132241:2022:revenue:approved:41357107c964dea3,2022,approved,420,"",一般会計,22,諸収入,5,雑入,5,雑入,3,雑入,18,放置自転車等撤去料,1700000,1700
132241:2022:revenue:approved:3bc9780af5a3d267,2022,approved,421,"",一般会計,22,諸収入,5,雑入,5,雑入,3,雑入,19,農業者年金業務委託金,62000,62
132241:2022:revenue:approved:09872f9033cd783a,2022,approved,422,"",一般会計,22,諸収入,5,雑入,5,雑入,3,雑入,20,休日保育料,3000,3
132241:2022:revenue:approved:089583931f789390,2022,approved,423,"",一般会計,22,諸収入,5,雑入,5,雑入,3,雑入,21,下水道事業会計負担金,13869000,13869
132241:2022:revenue:approved:96339b15347b1ebc,2022,approved,424,"",一般会計,22,諸収入,5,雑入,5,雑入,3,雑入,24,学校跡地施設利用料,200000,200
132241:2022:revenue:approved:1e2618407db714de,2022,approved,425,"",一般会計,22,諸収入,5,雑入,5,雑入,3,雑入,25,市民総合賠償補償保険等保険金,1000,1
132241:2022:revenue:approved:0f5a29856d431722,2022,approved,426,"",一般会計,22,諸収入,5,雑入,5,雑入,3,雑入,28,成年後見申立費及び鑑定費利用者負担金,24000,24
132241:2022:revenue:approved:5cf73605451db93c,2022,approved,427,"",一般会計,22,諸収入,5,雑入,5,雑入,3,雑入,30,タブレット端末ソフトウェア使用料負担金,120000,120
132241:2022:revenue:approved:1e261cf52830146c,2022,approved,428,"",一般会計,22,諸収入,5,雑入,5,雑入,3,雑入,31,滞納処分費,1000,1
132241:2022:revenue:approved:806cfcd9aedc5eb0,2022,approved,429,"",一般会計,22,諸収入,5,雑入,5,雑入,3,雑入,32,公立保育所管外受託児運営費,775000,775
132241:2022:revenue:approved:e75ff6688281f882,2022,approved,430,"",一般会計,22,諸収入,5,雑入,5,雑入,3,雑入,34,学校情報機器修繕賠償補償保険等保険金,1000,1
132241:2022:revenue:approved:2449acbb2fa7ee81,2022,approved,431,"",一般会計,22,諸収入,5,雑入,5,雑入,3,雑入,37,ひとり親家庭ホームヘルプサービス事業負担金,216000,216
132241:2022:revenue:approved:4c8b8222718dc738,2022,approved,432,"",一般会計,22,諸収入,5,雑入,5,雑入,3,雑入,38,バス借り上げ料負担金,935000,935
132241:2022:revenue:approved:e1da9ad18d58b81c,2022,approved,433,"",一般会計,22,諸収入,5,雑入,5,雑入,3,雑入,39,延長保育料,360000,360
132241:2022:revenue:approved:48615e8f49d3cb84,2022,approved,434,"",一般会計,22,諸収入,5,雑入,5,雑入,3,雑入,40,実習生謝礼金,253000,253
132241:2022:revenue:approved:8f2d93806ba1d249,2022,approved,435,"",一般会計,22,諸収入,5,雑入,5,雑入,3,雑入,41,事業参加者負担金,71000,71
132241:2022:revenue:approved:120f9cdb88add316,2022,approved,436,"",一般会計,22,諸収入,5,雑入,5,雑入,3,雑入,46,給食費,3744000,3744
132241:2022:revenue:approved:269a96f33ec4cc75,2022,approved,437,"",一般会計,22,諸収入,5,雑入,5,雑入,3,雑入,48,広告掲載料,2983000,2983
132241:2022:revenue:approved:143c70ba39241054,2022,approved,438,"",一般会計,22,諸収入,5,雑入,5,雑入,3,雑入,50,市営住宅修繕負担金,1000,1
132241:2022:revenue:approved:d8be695d916b09d5,2022,approved,439,"",一般会計,22,諸収入,5,雑入,5,雑入,3,雑入,51,資源物売払代金,72000000,72000
132241:2022:revenue:approved:4df2867b317e16b4,2022,approved,440,"",一般会計,22,諸収入,5,雑入,5,雑入,3,雑入,55,施設命名権収入,1000000,1000
132241:2022:revenue:approved:5db74983c8bf0eac,2022,approved,441,"",一般会計,22,諸収入,5,雑入,5,雑入,3,雑入,57,プラスチック等再商品化合理化分配金,1000,1
132241:2022:revenue:approved:38d1771536ab5aaf,2022,approved,442,"",一般会計,22,諸収入,5,雑入,5,雑入,3,雑入,58,施設管理料,454000,454
132241:2022:revenue:approved:13eeab6fe7e8ff0a,2022,approved,443,"",一般会計,22,諸収入,5,雑入,5,雑入,3,雑入,59,拾得物受取り金,2000,2
132241:2022:revenue:approved:c1a5e079fd6bd495,2022,approved,444,"",一般会計,22,諸収入,5,雑入,5,雑入,3,雑入,60,太陽光発電余剰電力売払金,30000,30
132241:2022:revenue:approved:7e4e9da922ad6a77,2022,approved,445,"",一般会計,22,諸収入,5,雑入,5,雑入,3,雑入,61,高齢者緊急一時保護事業利用料,69000,69
132241:2022:revenue:approved:ddcaec86e36a4d64,2022,approved,446,"",一般会計,22,諸収入,5,雑入,5,雑入,3,雑入,63,パルテノン多摩・子どものエリア事業一時保育料,3906000,3906
132241:2022:revenue:approved:96c3c695fde29769,2022,approved,447,"",一般会計,22,諸収入,5,雑入,5,雑入,3,雑入,66,予防接種費用相互乗入清算金,30000000,30000
132241:2022:revenue:approved:7e9f1683e4f438df,2022,approved,448,"",一般会計,22,諸収入,5,雑入,5,雑入,3,雑入,67,市制施行５０周年記念グッズ売払代金,462000,462
132241:2022:revenue:approved:1fd77bb32cebe5ae,2022,approved,449,"",一般会計,22,諸収入,5,雑入,5,雑入,3,雑入,69,タブレット端末通信料負担金,396000,396
132241:2022:revenue:approved:f35c52b7b2422c32,2022,approved,450,"",一般会計,22,諸収入,5,雑入,5,雑入,3,雑入,72,口座振替手数料負担金,93000,93
132241:2022:revenue:approved:106d95ff1c9cf3c6,2022,approved,451,"",一般会計,22,諸収入,5,雑入,5,雑入,3,雑入,73,児童発達支援利用者負担金,264000,264
132241:2022:revenue:approved:61417528d3119fa0,2022,approved,452,"",一般会計,22,諸収入,5,雑入,5,雑入,3,雑入,77,多摩市営駐輪場指定管理者納付金,2000000,2000
132241:2022:revenue:approved:939bb8c2a77b47e6,2022,approved,453,"",一般会計,22,諸収入,5,雑入,5,雑入,3,雑入,81,児童発達支援給付費,43632000,43632
132241:2022:revenue:approved:cd5e34c77c073898,2022,approved,454,"",一般会計,22,諸収入,5,雑入,5,雑入,3,雑入,82,道路賠償責任保険等保険金,1000,1
132241:2022:revenue:approved:5f4921f6db8b3c1d,2022,approved,455,"",一般会計,22,諸収入,5,雑入,5,雑入,3,雑入,83,行旅死亡人等関係収入,150000,150
132241:2022:revenue:approved:72bae6da70616dfd,2022,approved,456,"",一般会計,22,諸収入,5,雑入,5,雑入,3,雑入,87,生命保険等事務取扱手数料,4275000,4275
132241:2022:revenue:approved:958c9d8b5e8add28,2022,approved,457,"",一般会計,22,諸収入,5,雑入,5,雑入,3,雑入,88,職員研修参加者負担金,29000,29
132241:2022:revenue:approved:f33e45d1b87accfe,2022,approved,458,"",一般会計,22,諸収入,5,雑入,5,雑入,3,雑入,89,生活保護費返納金加算金,236000,236
132241:2022:revenue:approved:a089d944f36c4801,2022,approved,459,"",一般会計,22,諸収入,5,雑入,5,雑入,3,雑入,91,喫茶売上代金,310000,310
132241:2022:revenue:approved:141e0d2b6c228fa4,2022,approved,460,"",一般会計,22,諸収入,5,雑入,5,雑入,3,雑入,93,学校跡地施設利用者負担金,22000,22
132241:2022:revenue:approved:b88d95d50ba71f41,2022,approved,461,"",一般会計,22,諸収入,5,雑入,5,雑入,3,雑入,99,学校法人学校給食費,23585000,23585
132241:2022:revenue:approved:37a88995b58726d5,2022,approved,462,"",一般会計,23,市債,1,市債,1,総務債,1,総務管理債,9,旧南永山小学校校舎・体育館等解体工事事業債,180000000,180000
132241:2022:revenue:approved:1f0ef19589984304,2022,approved,463,"",一般会計,23,市債,1,市債,1,総務債,1,総務管理債,10,連光寺複合施設大規模改修工事事業債,168000000,168000
132241:2022:revenue:approved:d766074ec9db62ac,2022,approved,464,"",一般会計,23,市債,1,市債,1,総務債,1,総務管理債,11,鶴牧・落合・南野コミュニティセンター改修工事事業債,330000000,330000
132241:2022:revenue:approved:e75d69067359018d,2022,approved,465,"",一般会計,23,市債,1,市債,1,総務債,1,総務管理債,12,旧多摩ニュータウン事業本部用地建物等解体工事事業債,140000000,140000
132241:2022:revenue:approved:39e3360d0b03bdbf,2022,approved,466,"",一般会計,23,市債,1,市債,2,衛生債,1,ごみ処理施設整備事業債,3,資源化センタープラント設備改修工事事業債,99000000,99000
132241:2022:revenue:approved:1ee2f16fee9d3268,2022,approved,467,"",一般会計,23,市債,1,市債,5,教育債,1,小学校債,22,聖ヶ丘小学校大規模改造事業債,450000000,450000
132241:2022:revenue:approved:e39a6b0b0d87716a,2022,approved,468,"",一般会計,23,市債,1,市債,5,教育債,3,社会教育債,3,関戸公民館改修工事事業債,75000000,75000
132241:2022:revenue:approved:674659ca8c5f3cec,2022,approved,469,"",一般会計,23,市債,1,市債,5,教育債,3,社会教育債,4,多摩市立中央図書館建設工事事業債,2091000000,2091000
132241:2022:revenue:approved:5d1c98cbc1cb16a9,2022,approved,470,"",一般会計,23,市債,1,市債,5,教育債,4,保健体育債,5,連光寺公園・貝取北公園庭球場人工芝張替工事事業債,45000000,45000
132241:2022:revenue:approved:6c8b2a02a63d8a2b,2022,approved,471,"",一般会計,23,市債,1,市債,9,土木債,1,土木債,1,橋りょう耐震補強工事事業債,50000000,50000
132241:2022:revenue:approved:e1d9d293d47e6363,2022,approved,472,"",一般会計,23,市債,1,市債,9,土木債,1,土木債,10,市道４－１１・４－２６号歩線道路改良工事事業債,61000000,61000
132241:2022:revenue:approved:9e317d298c7dca14,2022,approved,473,"",一般会計,23,市債,1,市債,9,土木債,1,土木債,11,新堂緑地急傾斜地崩壊対策整備工事事業債,32000000,32000
132241:2022:revenue:approved:20301761349a4bdd,2022,approved,474,"",一般会計,23,市債,1,市債,9,土木債,1,土木債,12,多摩中央公園改修整備事業債,50000000,50000
