fiscal_year,direction,budget_line_id,cofog_status,cofog_division,cofog_group,cofog_class,cofog_consolidation,cofog_decided_at_level,cofog_rule_id,cofog_counterpart_fund
2025,expenditure,132071:2025:expenditure:approved:00086e682f732a92,assigned,10,"","",retained,款,minsei,
2025,expenditure,132071:2025:expenditure:approved:001cb1ca1e1586cb,assigned,04,04.5,"",retained,項,akishima-doboku-kanri,
2025,expenditure,132071:2025:expenditure:approved:00267ae46e54b740,assigned,07,"","",retained,項,akishima-eisei-hoken,
2025,expenditure,132071:2025:expenditure:approved:0041aec7f3df135d,assigned,07,"","",retained,項,akishima-eisei-hoken,
2025,expenditure,132071:2025:expenditure:approved:004399da00d532ae,assigned,04,04.2,"",retained,款,norin,
2025,expenditure,132071:2025:expenditure:approved:0046fc7577d45052,assigned,05,05.1,"",retained,項,akishima-eisei-seiso,
2025,expenditure,132071:2025:expenditure:approved:00565e2889dc71eb,assigned,09,09.2,"",retained,項,akishima-kyoiku-chuto,
2025,expenditure,132071:2025:expenditure:approved:00762a67ae069ffc,assigned,09,09.1,"",retained,項,akishima-kyoiku-shoto,
2025,expenditure,132071:2025:expenditure:approved:0076da43ce0aec79,assigned,01,"","",retained,款,somu,
2025,expenditure,132071:2025:expenditure:approved:0080670d05cd4701,assigned,10,"","",retained,款,minsei,
2025,expenditure,132071:2025:expenditure:approved:00c28c558eaa98b2,assigned,10,"","",retained,款,minsei,
2025,expenditure,132071:2025:expenditure:approved:00e4ae80df4a35ea,assigned,10,"","",retained,款,minsei,
2025,expenditure,132071:2025:expenditure:approved:00ef1bf5ba13b901,assigned,10,"","",retained,款,minsei,
2025,expenditure,132071:2025:expenditure:approved:00fd7e8b51ec44ad,assigned,03,03.2,"",retained,款,shobo,
2025,expenditure,132071:2025:expenditure:approved:010225c0537abab9,assigned,01,01.1,"",retained,款,gikai,
2025,expenditure,132071:2025:expenditure:approved:0104fe2cf699cbc9,assigned,03,03.2,"",retained,款,shobo,
2025,expenditure,132071:2025:expenditure:approved:0111a7fdfbfeaf37,assigned,10,"","",retained,款,minsei,
2025,expenditure,132071:2025:expenditure:approved:0121027d21eb359e,assigned,06,06.2,"",retained,項,akishima-toshikeikaku-other,
2025,expenditure,132071:2025:expenditure:approved:01232830af650a12,assigned,09,09.8,"",retained,項,akishima-kyoiku-gakko,
2025,expenditure,132071:2025:expenditure:approved:014c54908acd7ac7,assigned,08,08.1,"",retained,項,akishima-hokentaiiku-other,
2025,expenditure,132071:2025:expenditure:approved:01543f95cf8b130a,assigned,09,09.8,"",retained,項,akishima-kyoiku-gakko,
2025,expenditure,132071:2025:expenditure:approved:01635a1638132a83,assigned,04,04.7,"",retained,款,shoko,
2025,expenditure,132071:2025:expenditure:approved:0175a85043d6e24e,out-of-scope,"","","",retained,節,fund-accumulation,
2025,expenditure,132071:2025:expenditure:approved:01786d023f8bde88,assigned,10,"","",retained,款,minsei,
2025,expenditure,132071:2025:expenditure:approved:018093592ba31091,assigned,09,09.1,"",retained,項,akishima-kyoiku-shoto,
2025,expenditure,132071:2025:expenditure:approved:01874074ffefc952,assigned,10,"","",retained,款,minsei,
2025,expenditure,132071:2025:expenditure:approved:018b686adc9ff1d1,assigned,08,08.1,"",retained,項,akishima-hokentaiiku-other,
2025,expenditure,132071:2025:expenditure:approved:01cb309ce6089cab,assigned,01,"","",retained,款,somu,
2025,expenditure,132071:2025:expenditure:approved:01dcd2f9ee4c0364,assigned,04,04.7,"",retained,款,shoko,
2025,expenditure,132071:2025:expenditure:approved:020439b8fafef925,assigned,10,"","",retained,款,minsei,
2025,expenditure,132071:2025:expenditure:approved:020e4f96b2921dc5,assigned,07,"","",retained,項,akishima-eisei-hoken,
2025,expenditure,132071:2025:expenditure:approved:021057a895a13ac3,assigned,09,09.5,"",retained,項,akishima-shakaikyoiku-other,
2025,expenditure,132071:2025:expenditure:approved:024947c9a13794f9,assigned,07,"","",retained,項,akishima-eisei-hoken,
2025,expenditure,132071:2025:expenditure:approved:027942c4fa83972a,assigned,01,"","",retained,款,somu,
2025,expenditure,132071:2025:expenditure:approved:027b8ca93faaec1e,assigned,10,"","",retained,款,minsei,
2025,expenditure,132071:2025:expenditure:approved:027cd4ac0d4012e8,assigned,01,"","",retained,款,somu,
2025,expenditure,132071:2025:expenditure:approved:028a8e7540340a68,assigned,09,09.8,"",retained,項,akishima-kyoiku-gakko,
2025,expenditure,132071:2025:expenditure:approved:028ad328e6f5bf0f,assigned,09,09.8,"",retained,項,akishima-kyoiku-gakko,
2025,expenditure,132071:2025:expenditure:approved:028bdadefc0e2b30,assigned,10,"","",retained,款,minsei,
2025,expenditure,132071:2025:expenditure:approved:02b1449b576d65bd,assigned,01,"","",retained,款,somu,
2025,expenditure,132071:2025:expenditure:approved:02d3bb15a371a99e,assigned,09,09.6,"",retained,目,akishima-hokentaiiku-kyushoku,
2025,expenditure,132071:2025:expenditure:approved:02d4332f76b2584d,assigned,07,"","",retained,項,akishima-eisei-hoken,
2025,expenditure,132071:2025:expenditure:approved:02e4e7d5da105701,assigned,09,09.5,"",retained,項,akishima-shakaikyoiku-other,
2025,expenditure,132071:2025:expenditure:approved:03099ab8fac037ed,assigned,10,"","",retained,款,minsei,
2025,expenditure,132071:2025:expenditure:approved:032113ad6c774ae4,assigned,01,"","",retained,款,somu,
2025,expenditure,132071:2025:expenditure:approved:032380a5c463cf20,assigned,10,"","",retained,款,minsei,
2025,expenditure,132071:2025:expenditure:approved:03356553464ac21e,assigned,09,09.5,"",retained,項,akishima-shakaikyoiku-other,
2025,expenditure,132071:2025:expenditure:approved:033d6249f2063b82,assigned,07,"","",retained,項,akishima-eisei-hoken,
2025,expenditure,132071:2025:expenditure:approved:03416b2aaf85a7c2,assigned,07,"","",retained,項,akishima-eisei-hoken,
2025,expenditure,132071:2025:expenditure:approved:036ea7835156f917,assigned,01,"","",retained,款,somu,
2025,expenditure,132071:2025:expenditure:approved:03b2ef111d3d1201,assigned,07,"","",retained,項,akishima-eisei-hoken,
2025,expenditure,132071:2025:expenditure:approved:03d7b1abd4759576,assigned,01,"","",retained,款,somu,
2025,expenditure,132071:2025:expenditure:approved:03e84923601faabe,assigned,04,04.5,"",retained,項,akishima-doboku-kanri,
2025,expenditure,132071:2025:expenditure:approved:03ea8f800c8cf104,assigned,01,"","",retained,款,somu,
2025,expenditure,132071:2025:expenditure:approved:03ecfecf9f2ff04b,assigned,10,"","",retained,款,minsei,
2025,expenditure,132071:2025:expenditure:approved:0406e9b789a15870,assigned,01,01.1,"",retained,款,gikai,
2025,expenditure,132071:2025:expenditure:approved:043d871f267f5f89,assigned,10,"","",retained,款,minsei,
2025,expenditure,132071:2025:expenditure:approved:044393afb6b3b76b,assigned,01,"","",retained,款,somu,
2025,expenditure,132071:2025:expenditure:approved:044661a046fcc935,assigned,10,"","",retained,款,minsei,
2025,expenditure,132071:2025:expenditure:approved:044a8895b2e37aff,assigned,10,"","",retained,款,minsei,
2025,expenditure,132071:2025:expenditure:approved:046ac9d22734ba8d,assigned,05,05.1,"",retained,項,akishima-eisei-seiso,
2025,expenditure,132071:2025:expenditure:approved:046f9097c3eee0d6,assigned,09,09.5,"",retained,項,akishima-shakaikyoiku-other,
2025,expenditure,132071:2025:expenditure:approved:0479b527ab1cc08b,assigned,10,"","",retained,款,minsei,
2025,expenditure,132071:2025:expenditure:approved:047b8baf1c37442f,assigned,01,"","",retained,款,somu,
2025,expenditure,132071:2025:expenditure:approved:0487332fc1d028df,assigned,07,"","",retained,項,akishima-eisei-hoken,
2025,expenditure,132071:2025:expenditure:approved:04a3b083cd3af8eb,assigned,01,"","",retained,款,somu,
2025,expenditure,132071:2025:expenditure:approved:04a4647fd3c99684,assigned,09,09.1,"",retained,項,akishima-kyoiku-shoto,
2025,expenditure,132071:2025:expenditure:approved:04a7676c6f4c68df,assigned,01,"","",retained,款,somu,
2025,expenditure,132071:2025:expenditure:approved:04bac3bacf9045aa,assigned,08,08.1,"",retained,項,akishima-hokentaiiku-other,
2025,expenditure,132071:2025:expenditure:approved:04fd11a9978885b9,assigned,10,"","",retained,款,minsei,
2025,expenditure,132071:2025:expenditure:approved:050468a26af7a20c,assigned,01,"","",retained,款,somu,
2025,expenditure,132071:2025:expenditure:approved:0505de6f0989cc8d,assigned,09,09.1,"",retained,項,akishima-kyoiku-shoto,
2025,expenditure,132071:2025:expenditure:approved:05151e300fe42bdf,assigned,01,"","",retained,款,somu,
2025,expenditure,132071:2025:expenditure:approved:051aad9a2a9f996e,assigned,04,04.1,04.1.2,retained,款,rodo,
2025,expenditure,132071:2025:expenditure:approved:0526834d11f12ce2,assigned,09,09.5,"",retained,項,akishima-shakaikyoiku-other,
2025,expenditure,132071:2025:expenditure:approved:0527c3e3936c5c23,assigned,01,"","",retained,款,somu,
2025,expenditure,132071:2025:expenditure:approved:055c8750abca8283,assigned,06,06.1,"",retained,項,akishima-doboku-jutaku,
2025,expenditure,132071:2025:expenditure:approved:057c2f034207fba4,assigned,01,"","",retained,款,somu,
2025,expenditure,132071:2025:expenditure:approved:058670cfb4f9120d,assigned,01,"","",retained,款,somu,
2025,expenditure,132071:2025:expenditure:approved:058a98ff6a9b6393,assigned,03,03.2,"",retained,款,shobo,
2025,expenditure,132071:2025:expenditure:approved:0599c4b6a325745c,assigned,01,"","",retained,款,somu,
2025,expenditure,132071:2025:expenditure:approved:05ac4d86c078beb7,assigned,01,"","",retained,款,somu,
2025,expenditure,132071:2025:expenditure:approved:05b4a0b66c167bdc,assigned,07,"","",retained,項,akishima-eisei-hoken,
2025,expenditure,132071:2025:expenditure:approved:05bbfd52bfaf78a2,assigned,01,"","",retained,款,somu,
2025,expenditure,132071:2025:expenditure:approved:05bd3c859e1e72ba,assigned,10,"","",retained,款,minsei,
2025,expenditure,132071:2025:expenditure:approved:05c3cde929669125,assigned,05,05.1,"",retained,項,akishima-eisei-seiso,
2025,expenditure,132071:2025:expenditure:approved:05cb9851d4e725f9,assigned,09,09.5,"",retained,項,akishima-shakaikyoiku-other,
2025,expenditure,132071:2025:expenditure:approved:05e10fccc800e890,assigned,09,09.2,"",retained,項,akishima-kyoiku-chuto,
2025,expenditure,132071:2025:expenditure:approved:05e1a760c066c0fb,assigned,08,08.2,"",retained,目,akishima-shakaikyoiku-bunka,
2025,expenditure,132071:2025:expenditure:approved:05e7dfd55f589ec1,assigned,01,"","",retained,款,somu,
2025,expenditure,132071:2025:expenditure:approved:0658b3ad392a2460,assigned,09,09.6,"",retained,目,akishima-hokentaiiku-kyushoku,
2025,expenditure,132071:2025:expenditure:approved:0678b18b04a516a9,assigned,10,"","",retained,款,minsei,
2025,expenditure,132071:2025:expenditure:approved:068d594b3aefc414,assigned,10,"","",retained,款,minsei,
2025,expenditure,132071:2025:expenditure:approved:0697989cd74ddeff,assigned,10,"","",retained,款,minsei,
2025,expenditure,132071:2025:expenditure:approved:06b9081873a38db2,assigned,10,"","",retained,款,minsei,
2025,expenditure,132071:2025:expenditure:approved:06cb575cd9a4e97e,assigned,01,"","",retained,款,somu,
2025,expenditure,132071:2025:expenditure:approved:06d5ed427afd4a51,assigned,01,"","",retained,款,somu,
2025,expenditure,132071:2025:expenditure:approved:06ee310b9caea332,assigned,06,06.1,"",retained,項,akishima-doboku-jutaku,
2025,expenditure,132071:2025:expenditure:approved:06fd9e38c39e332e,assigned,09,09.6,"",retained,目,akishima-hokentaiiku-kyushoku,
2025,expenditure,132071:2025:expenditure:approved:071c44556d6c681c,assigned,10,"","",retained,款,minsei,
2025,expenditure,132071:2025:expenditure:approved:072d40d202b14818,assigned,10,"","",retained,款,minsei,
2025,expenditure,132071:2025:expenditure:approved:0750ffc4ab38c8dc,assigned,10,"","",retained,款,minsei,
2025,expenditure,132071:2025:expenditure:approved:07521d3cc33c2a7b,assigned,10,"","",retained,款,minsei,
2025,expenditure,132071:2025:expenditure:approved:0756471ecf5738c9,assigned,04,04.5,04.5.1,retained,項,akishima-doboku-doro,
2025,expenditure,132071:2025:expenditure:approved:0760934b9b849f6a,assigned,09,09.1,"",retained,項,akishima-kyoiku-shoto,
2025,expenditure,132071:2025:expenditure:approved:077b12524ada09d6,assigned,04,04.5,04.5.1,retained,項,akishima-doboku-doro,
2025,expenditure,132071:2025:expenditure:approved:0794d32478e4a549,assigned,08,08.1,"",retained,目,akishima-toshikeikaku-kouen,
2025,expenditure,132071:2025:expenditure:approved:07b0742357c83eee,assigned,10,"","",retained,款,minsei,
2025,expenditure,132071:2025:expenditure:approved:07c7f2ec49e6aafb,assigned,01,"","",retained,款,somu,
2025,expenditure,132071:2025:expenditure:approved:07c92f6635d06088,assigned,01,"","",retained,款,somu,
2025,expenditure,132071:2025:expenditure:approved:07dce8f70bdad6bd,assigned,09,09.5,"",retained,項,akishima-shakaikyoiku-other,
2025,expenditure,132071:2025:expenditure:approved:07f6929e0795722e,assigned,01,"","",retained,款,somu,
2025,expenditure,132071:2025:expenditure:approved:0820988636506f2c,assigned,01,"","",retained,款,somu,
2025,expenditure,132071:2025:expenditure:approved:0855ab772fe6eb19,assigned,01,"","",retained,款,somu,
2025,expenditure,132071:2025:expenditure:approved:0858aa3463e40405,assigned,08,08.2,"",retained,目,akishima-shakaikyoiku-bunka,
2025,expenditure,132071:2025:expenditure:approved:0869f0db71c89b26,assigned,09,09.5,"",retained,項,akishima-shakaikyoiku-other,
2025,expenditure,132071:2025:expenditure:approved:086ac8dd6ab6a510,assigned,10,"","",retained,款,minsei,
2025,expenditure,132071:2025:expenditure:approved:086c254e22365428,assigned,03,03.2,"",retained,款,shobo,
2025,expenditure,132071:2025:expenditure:approved:08708e55c20654a6,assigned,10,"","",retained,款,minsei,
2025,expenditure,132071:2025:expenditure:approved:087b7970811419c3,assigned,10,"","",retained,款,minsei,
2025,expenditure,132071:2025:expenditure:approved:0886b434fc857265,assigned,01,"","",retained,款,somu,
2025,expenditure,132071:2025:expenditure:approved:089fdd0f83c302d1,assigned,09,09.8,"",retained,項,akishima-kyoiku-gakko,
2025,expenditure,132071:2025:expenditure:approved:08b40bb35d04ff9b,assigned,07,"","",retained,項,akishima-eisei-hoken,
2025,expenditure,132071:2025:expenditure:approved:08b723ac27e68e66,assigned,04,04.2,"",retained,款,norin,
2025,expenditure,132071:2025:expenditure:approved:08c700ed7c729492,assigned,10,"","",retained,款,minsei,
2025,expenditure,132071:2025:expenditure:approved:08c7d45539903bbe,assigned,05,05.1,"",retained,項,akishima-eisei-seiso,
2025,expenditure,132071:2025:expenditure:approved:08cd9c8f120e9178,assigned,01,"","",retained,款,somu,
2025,expenditure,132071:2025:expenditure:approved:08ffbc21fc18a028,assigned,01,"","",retained,款,somu,
2025,expenditure,132071:2025:expenditure:approved:091ec607b9e8ae6a,assigned,09,09.2,"",retained,項,akishima-kyoiku-chuto,
2025,expenditure,132071:2025:expenditure:approved:09201761373732f7,assigned,09,09.5,"",retained,項,akishima-shakaikyoiku-other,
2025,expenditure,132071:2025:expenditure:approved:09253b66fe068c16,assigned,07,"","",retained,項,akishima-eisei-hoken,
2025,expenditure,132071:2025:expenditure:approved:0935bb08754a8443,assigned,08,08.1,"",retained,項,akishima-hokentaiiku-other,
2025,expenditure,132071:2025:expenditure:approved:0940f9ccfa8c9997,assigned,09,09.2,"",retained,項,akishima-kyoiku-chuto,
2025,expenditure,132071:2025:expenditure:approved:0959d9457c1d54d1,assigned,07,"","",retained,項,akishima-eisei-hoken,
2025,expenditure,132071:2025:expenditure:approved:096179375e303309,assigned,09,09.2,"",retained,項,akishima-kyoiku-chuto,
2025,expenditure,132071:2025:expenditure:approved:09f3cea019a9fba9,assigned,04,04.5,04.5.1,retained,項,akishima-doboku-doro,
2025,expenditure,132071:2025:expenditure:approved:09f4a9006d83bfa1,assigned,10,"","",retained,款,minsei,
2025,expenditure,132071:2025:expenditure:approved:0a0f950ec5e48fd3,assigned,04,04.5,04.5.1,retained,項,akishima-doboku-doro,
2025,expenditure,132071:2025:expenditure:approved:0a2c012a02b494a7,assigned,10,"","",retained,款,minsei,
2025,expenditure,132071:2025:expenditure:approved:0a35168a45981dc1,assigned,05,05.1,"",retained,項,akishima-eisei-seiso,
2025,expenditure,132071:2025:expenditure:approved:0a42775e4d09575c,assigned,08,08.1,"",retained,項,akishima-hokentaiiku-other,
2025,expenditure,132071:2025:expenditure:approved:0a4518fa6a40df46,assigned,04,04.5,"",retained,項,akishima-doboku-kanri,
2025,expenditure,132071:2025:expenditure:approved:0a4d77ca2f5014fb,assigned,01,"","",retained,款,somu,
2025,expenditure,132071:2025:expenditure:approved:0a6be7a8d46d97a6,assigned,10,"","",retained,款,minsei,
2025,expenditure,132071:2025:expenditure:approved:0a7b88c02b53e94d,assigned,10,"","",retained,款,minsei,
2025,expenditure,132071:2025:expenditure:approved:0a7d942672905aba,assigned,04,04.5,04.5.1,retained,項,akishima-doboku-doro,
2025,expenditure,132071:2025:expenditure:approved:0a91af04c7a1c764,assigned,04,04.5,"",retained,項,akishima-doboku-kanri,
2025,expenditure,132071:2025:expenditure:approved:0a956a2805e4ad5f,assigned,01,"","",retained,款,somu,
2025,expenditure,132071:2025:expenditure:approved:0aa2872288e7aba2,assigned,04,04.1,04.1.2,retained,款,rodo,
2025,expenditure,132071:2025:expenditure:approved:0ab4122ca433ef0f,assigned,10,"","",retained,款,minsei,
2025,expenditure,132071:2025:expenditure:approved:0abb45abc4f95cc0,assigned,04,04.5,"",retained,項,akishima-doboku-kanri,
2025,expenditure,132071:2025:expenditure:approved:0abbf605f517af40,assigned,09,09.1,"",retained,項,akishima-kyoiku-shoto,
2025,expenditure,132071:2025:expenditure:approved:0ac9dfc41f02c337,assigned,04,04.2,"",retained,款,norin,
2025,expenditure,132071:2025:expenditure:approved:0acf9e309145e928,assigned,01,"","",retained,款,somu,
2025,expenditure,132071:2025:expenditure:approved:0ae26fffd6b80707,assigned,10,"","",retained,款,minsei,
2025,expenditure,132071:2025:expenditure:approved:0b0426e4b1e95bd7,assigned,10,"","",retained,款,minsei,
2025,expenditure,132071:2025:expenditure:approved:0b14f5347735fdd8,assigned,01,"","",retained,款,somu,
2025,expenditure,132071:2025:expenditure:approved:0b32298d3b07fc78,assigned,01,"","",retained,款,somu,
2025,expenditure,132071:2025:expenditure:approved:0b3e88880d00a178,assigned,01,"","",retained,款,somu,
2025,expenditure,132071:2025:expenditure:approved:0b487a3faf1ad3ef,assigned,01,"","",retained,款,somu,
2025,expenditure,132071:2025:expenditure:approved:0b5b436ce3087937,assigned,09,09.8,"",retained,項,akishima-kyoiku-gakko,
2025,expenditure,132071:2025:expenditure:approved:0b66a62ce508ce8d,assigned,10,"","",retained,款,minsei,
2025,expenditure,132071:2025:expenditure:approved:0b6bd9d462942ed3,assigned,01,"","",retained,款,somu,
2025,expenditure,132071:2025:expenditure:approved:0b7693408dfdead7,assigned,07,"","",retained,項,akishima-eisei-hoken,
2025,expenditure,132071:2025:expenditure:approved:0b8599b4092a9e61,assigned,07,"","",retained,項,akishima-eisei-hoken,
2025,expenditure,132071:2025:expenditure:approved:0ba8082712f828ba,assigned,10,"","",retained,款,minsei,
2025,expenditure,132071:2025:expenditure:approved:0bad428d9689b449,assigned,01,"","",retained,款,somu,
2025,expenditure,132071:2025:expenditure:approved:0bbd14d4de22c468,assigned,04,04.2,"",retained,款,norin,
2025,expenditure,132071:2025:expenditure:approved:0bc3c398d4449725,assigned,10,"","",retained,款,minsei,
2025,expenditure,132071:2025:expenditure:approved:0be2ae3217c4ce85,assigned,09,09.2,"",retained,項,akishima-kyoiku-chuto,
2025,expenditure,132071:2025:expenditure:approved:0be974d2da40f81d,assigned,08,08.1,"",retained,目,akishima-toshikeikaku-kouen,
2025,expenditure,132071:2025:expenditure:approved:0beabd443fa8875d,assigned,07,"","",retained,項,akishima-eisei-hoken,
2025,expenditure,132071:2025:expenditure:approved:0bf7c3c9cc450780,assigned,05,05.1,"",retained,項,akishima-eisei-seiso,
2025,expenditure,132071:2025:expenditure:approved:0bfc3a03dbb2741b,assigned,08,08.1,"",retained,項,akishima-hokentaiiku-other,
2025,expenditure,132071:2025:expenditure:approved:0c0cb9f8917499f9,assigned,10,"","",retained,款,minsei,
2025,expenditure,132071:2025:expenditure:approved:0c1c2f56d596975e,assigned,10,"","",retained,款,minsei,
2025,expenditure,132071:2025:expenditure:approved:0c222455e59df49c,assigned,01,"","",retained,款,somu,
2025,expenditure,132071:2025:expenditure:approved:0c2321a84c92c2b8,assigned,05,05.1,"",retained,項,akishima-eisei-seiso,
2025,expenditure,132071:2025:expenditure:approved:0c2800c2173e44c6,assigned,01,01.1,"",retained,款,gikai,
2025,expenditure,132071:2025:expenditure:approved:0c3472762e3043ab,assigned,04,04.5,04.5.1,retained,項,akishima-doboku-doro,
2025,expenditure,132071:2025:expenditure:approved:0c3ab12f674ada88,assigned,08,08.2,"",retained,目,akishima-shakaikyoiku-bunka,
2025,expenditure,132071:2025:expenditure:approved:0c4d940b911ee8d3,assigned,07,"","",retained,項,akishima-eisei-hoken,
2025,expenditure,132071:2025:expenditure:approved:0c52b7cbcb14f426,assigned,09,09.1,"",retained,目,akishima-kyoiku-yochien,
2025,expenditure,132071:2025:expenditure:approved:0c79ba09adcbb564,assigned,01,"","",retained,款,somu,
2025,expenditure,132071:2025:expenditure:approved:0c895c42f3ed8381,assigned,04,04.5,04.5.1,retained,項,akishima-doboku-doro,
2025,expenditure,132071:2025:expenditure:approved:0c99334037b2658b,assigned,03,03.2,"",retained,款,shobo,
2025,expenditure,132071:2025:expenditure:approved:0ca209e347b562c7,assigned,10,"","",retained,款,minsei,
2025,expenditure,132071:2025:expenditure:approved:0cb26fa46f707233,assigned,01,"","",retained,款,somu,
2025,expenditure,132071:2025:expenditure:approved:0cd69ec347a302aa,assigned,09,09.8,"",retained,項,akishima-kyoiku-gakko,
2025,expenditure,132071:2025:expenditure:approved:0cfa1badac0ea8a6,assigned,09,09.2,"",retained,項,akishima-kyoiku-chuto,
2025,expenditure,132071:2025:expenditure:approved:0d0b8125891e8338,assigned,08,08.1,"",retained,目,akishima-toshikeikaku-kouen,
2025,expenditure,132071:2025:expenditure:approved:0d43f1cc364cb2e7,assigned,03,03.2,"",retained,款,shobo,
2025,expenditure,132071:2025:expenditure:approved:0d77a20e1a8577e3,assigned,01,"","",retained,款,somu,
2025,expenditure,132071:2025:expenditure:approved:0d8b2aa67c17498c,assigned,04,04.5,04.5.1,retained,項,akishima-doboku-doro,
2025,expenditure,132071:2025:expenditure:approved:0db479c30443e2fe,assigned,09,09.5,"",retained,項,akishima-shakaikyoiku-other,
2025,expenditure,132071:2025:expenditure:approved:0db92dc24440fc5f,assigned,01,"","",retained,款,somu,
2025,expenditure,132071:2025:expenditure:approved:0dd1891cd6e8e579,assigned,05,05.1,"",retained,項,akishima-eisei-seiso,
2025,expenditure,132071:2025:expenditure:approved:0dd4ddd946a07ab6,assigned,09,09.6,"",retained,目,akishima-hokentaiiku-kyushoku,
2025,expenditure,132071:2025:expenditure:approved:0e03af21d18065fb,assigned,01,"","",retained,款,somu,
2025,expenditure,132071:2025:expenditure:approved:0e064cee93c68de4,assigned,10,"","",retained,款,minsei,
2025,expenditure,132071:2025:expenditure:approved:0e0694b0122de7f0,assigned,10,"","",retained,款,minsei,
2025,expenditure,132071:2025:expenditure:approved:0e44e1c8ed28158e,assigned,04,04.5,"",retained,項,akishima-doboku-kanri,
2025,expenditure,132071:2025:expenditure:approved:0e80c6bb3c7f8355,assigned,01,"","",retained,款,somu,
2025,expenditure,132071:2025:expenditure:approved:0e89e0dd825091af,assigned,10,"","",retained,款,minsei,
2025,expenditure,132071:2025:expenditure:approved:0e89f093eec9e82f,assigned,09,09.1,"",retained,項,akishima-kyoiku-shoto,
2025,expenditure,132071:2025:expenditure:approved:0ea2970148d20b54,assigned,04,04.2,"",retained,款,norin,
2025,expenditure,132071:2025:expenditure:approved:0ea9f47a78a35d9b,assigned,01,"","",retained,款,somu,
2025,expenditure,132071:2025:expenditure:approved:0eb72f0fb0444b42,assigned,08,08.1,"",retained,項,akishima-hokentaiiku-other,
2025,expenditure,132071:2025:expenditure:approved:0ec7f148777e86ce,assigned,07,"","",retained,項,akishima-eisei-hoken,
2025,expenditure,132071:2025:expenditure:approved:0ed59d8480a5bad8,assigned,08,08.2,"",retained,目,akishima-shakaikyoiku-bunka,
2025,expenditure,132071:2025:expenditure:approved:0ef9aff1602cafd5,assigned,01,"","",retained,款,somu,
2025,expenditure,132071:2025:expenditure:approved:0f09311d68b4429f,assigned,04,04.5,04.5.1,retained,項,akishima-doboku-doro,
2025,expenditure,132071:2025:expenditure:approved:0f27584d423f19a4,assigned,01,"","",retained,款,somu,
2025,expenditure,132071:2025:expenditure:approved:0f5f112257a64d05,assigned,09,09.2,"",retained,項,akishima-kyoiku-chuto,
2025,expenditure,132071:2025:expenditure:approved:0f6588ca890a37a7,assigned,01,"","",retained,款,somu,
2025,expenditure,132071:2025:expenditure:approved:0f72fdeee3bb6b27,assigned,01,01.1,"",retained,款,gikai,
2025,expenditure,132071:2025:expenditure:approved:0f822f7e02cbe14a,assigned,04,04.2,"",retained,款,norin,
2025,expenditure,132071:2025:expenditure:approved:0faa82c99045d0ff,assigned,01,"","",retained,款,somu,
2025,expenditure,132071:2025:expenditure:approved:0ff01db06ecbe831,assigned,06,06.1,"",retained,項,akishima-doboku-jutaku,
2025,expenditure,132071:2025:expenditure:approved:101a160c45a11dfb,assigned,10,"","",retained,款,minsei,
2025,expenditure,132071:2025:expenditure:approved:101ad1688c5cebfa,assigned,09,09.6,"",retained,目,akishima-hokentaiiku-kyushoku,
2025,expenditure,132071:2025:expenditure:approved:102a334c1faf577c,assigned,09,09.1,"",retained,項,akishima-kyoiku-shoto,
2025,expenditure,132071:2025:expenditure:approved:102addfc59fe8098,assigned,08,08.1,"",retained,項,akishima-hokentaiiku-other,
2025,expenditure,132071:2025:expenditure:approved:1038038366d02859,assigned,10,"","",retained,款,minsei,
2025,expenditure,132071:2025:expenditure:approved:10407562f6c38410,assigned,08,08.1,"",retained,項,akishima-hokentaiiku-other,
2025,expenditure,132071:2025:expenditure:approved:10509f4fb0567b8e,assigned,07,"","",retained,項,akishima-eisei-hoken,
2025,expenditure,132071:2025:expenditure:approved:1063bf5c55d9c95f,assigned,08,08.1,"",retained,項,akishima-hokentaiiku-other,
2025,expenditure,132071:2025:expenditure:approved:10650cc173c79012,out-of-scope,"","","",retained,節,fund-accumulation,
2025,expenditure,132071:2025:expenditure:approved:1068de0fb75956ac,assigned,08,08.1,"",retained,目,akishima-toshikeikaku-kouen,
2025,expenditure,132071:2025:expenditure:approved:10768cce2167ddfd,assigned,09,09.8,"",retained,項,akishima-kyoiku-gakko,
2025,expenditure,132071:2025:expenditure:approved:1086c5870a44515b,assigned,07,"","",retained,項,akishima-eisei-hoken,
2025,expenditure,132071:2025:expenditure:approved:109e844e5803c379,assigned,09,09.1,"",retained,項,akishima-kyoiku-shoto,
2025,expenditure,132071:2025:expenditure:approved:10a43329129698f8,assigned,07,"","",retained,項,akishima-eisei-hoken,
2025,expenditure,132071:2025:expenditure:approved:10c9eb7e6722eae5,assigned,10,"","",retained,款,minsei,
2025,expenditure,132071:2025:expenditure:approved:10d0901792113b92,assigned,10,"","",retained,款,minsei,
2025,expenditure,132071:2025:expenditure:approved:10d1e0a68a8fd379,assigned,09,09.1,"",retained,項,akishima-kyoiku-shoto,
2025,expenditure,132071:2025:expenditure:approved:10d642c142d240a8,assigned,01,"","",retained,款,somu,
2025,expenditure,132071:2025:expenditure:approved:10e2a04e21a318ad,assigned,01,01.1,"",retained,款,gikai,
2025,expenditure,132071:2025:expenditure:approved:10eb336424c5ab63,out-of-scope,"","","",retained,節,fund-accumulation,
2025,expenditure,132071:2025:expenditure:approved:10f202281a64ec91,assigned,04,04.5,04.5.1,retained,項,akishima-doboku-doro,
2025,expenditure,132071:2025:expenditure:approved:110158bc3acfa3c4,assigned,10,"","",retained,款,minsei,
2025,expenditure,132071:2025:expenditure:approved:1110090d447ff95f,assigned,01,"","",retained,款,somu,
2025,expenditure,132071:2025:expenditure:approved:1118551c33975710,assigned,07,"","",retained,項,akishima-eisei-hoken,
2025,expenditure,132071:2025:expenditure:approved:111a366051b42132,assigned,09,09.8,"",retained,項,akishima-kyoiku-gakko,
2025,expenditure,132071:2025:expenditure:approved:111e3010827e8072,assigned,01,"","",retained,款,somu,
2025,expenditure,132071:2025:expenditure:approved:1122e3ea556de96c,assigned,01,"","",retained,款,somu,
2025,expenditure,132071:2025:expenditure:approved:11279b52bbc9424f,assigned,01,01.1,"",retained,款,gikai,
2025,expenditure,132071:2025:expenditure:approved:11295b092e68f31a,assigned,01,"","",retained,款,somu,
2025,expenditure,132071:2025:expenditure:approved:112ec9089ab10760,assigned,09,09.1,"",retained,項,akishima-kyoiku-shoto,
2025,expenditure,132071:2025:expenditure:approved:114d78b9306f99d6,assigned,10,"","",retained,款,minsei,
2025,expenditure,132071:2025:expenditure:approved:1192f8f8f6165d78,assigned,09,09.1,"",retained,項,akishima-kyoiku-shoto,
2025,expenditure,132071:2025:expenditure:approved:11948a92d975fbdc,assigned,08,08.2,"",retained,目,akishima-shakaikyoiku-bunka,
2025,expenditure,132071:2025:expenditure:approved:119c0613bd9a9788,assigned,10,"","",retained,款,minsei,
2025,expenditure,132071:2025:expenditure:approved:11a584de79d4bd2c,assigned,01,"","",retained,款,somu,
2025,expenditure,132071:2025:expenditure:approved:11ad8185ad042500,assigned,01,"","",retained,款,somu,
2025,expenditure,132071:2025:expenditure:approved:12076b211e9abbf8,assigned,01,"","",retained,款,somu,
2025,expenditure,132071:2025:expenditure:approved:122cbe4f9eefb25b,assigned,01,"","",retained,款,somu,
2025,expenditure,132071:2025:expenditure:approved:122db35e7c3ae556,assigned,01,"","",retained,款,somu,
2025,expenditure,132071:2025:expenditure:approved:12360f1efc26f0f6,assigned,09,09.8,"",retained,項,akishima-kyoiku-gakko,
2025,expenditure,132071:2025:expenditure:approved:123c4c1cca351257,assigned,01,"","",retained,款,somu,
2025,expenditure,132071:2025:expenditure:approved:1258a54fcec67386,assigned,08,08.1,"",retained,目,akishima-toshikeikaku-kouen,
2025,expenditure,132071:2025:expenditure:approved:12a12c1328492f8b,assigned,07,"","",retained,項,akishima-eisei-hoken,
2025,expenditure,132071:2025:expenditure:approved:12a4f487332957f7,assigned,01,"","",retained,款,somu,
2025,expenditure,132071:2025:expenditure:approved:12e5ed19f7e26e24,assigned,09,09.6,"",retained,目,akishima-hokentaiiku-kyushoku,
2025,expenditure,132071:2025:expenditure:approved:12f723d5635d24b2,assigned,01,"","",retained,款,somu,
2025,expenditure,132071:2025:expenditure:approved:130d101049a3b723,assigned,08,08.1,"",retained,項,akishima-hokentaiiku-other,
2025,expenditure,132071:2025:expenditure:approved:1334ac1b87ec10f0,assigned,09,09.2,"",retained,項,akishima-kyoiku-chuto,
2025,expenditure,132071:2025:expenditure:approved:134667731eccabd6,assigned,09,09.8,"",retained,項,akishima-kyoiku-gakko,
2025,expenditure,132071:2025:expenditure:approved:13506a90cba8328d,assigned,05,05.1,"",retained,項,akishima-eisei-seiso,
2025,expenditure,132071:2025:expenditure:approved:1359d9b6ba4359a5,assigned,09,09.1,"",retained,項,akishima-kyoiku-shoto,
2025,expenditure,132071:2025:expenditure:approved:135d9aa20a822a8c,assigned,10,"","",retained,款,minsei,
2025,expenditure,132071:2025:expenditure:approved:13638778b17e7fe8,assigned,08,08.1,"",retained,項,akishima-hokentaiiku-other,
2025,expenditure,132071:2025:expenditure:approved:136824766d0d401a,assigned,01,"","",retained,款,somu,
2025,expenditure,132071:2025:expenditure:approved:137884252d489fb4,assigned,01,"","",retained,款,somu,
2025,expenditure,132071:2025:expenditure:approved:1378d8b5ddc82cbc,assigned,05,05.1,"",retained,項,akishima-eisei-seiso,
2025,expenditure,132071:2025:expenditure:approved:13809b38a314c6fa,assigned,08,08.1,"",retained,項,akishima-hokentaiiku-other,
2025,expenditure,132071:2025:expenditure:approved:1395c418f0eb7cdb,assigned,01,01.7,"",retained,目,debt-interest,
2025,expenditure,132071:2025:expenditure:approved:13a1a6fbefc04836,assigned,01,"","",retained,款,somu,
2025,expenditure,132071:2025:expenditure:approved:13a2b5a41228a118,assigned,08,08.2,"",retained,目,akishima-shakaikyoiku-bunka,
2025,expenditure,132071:2025:expenditure:approved:13aeb39099a3f3fb,assigned,09,09.5,"",retained,項,akishima-shakaikyoiku-other,
2025,expenditure,132071:2025:expenditure:approved:13b05bf4139bb147,assigned,01,"","",retained,款,somu,
2025,expenditure,132071:2025:expenditure:approved:13b23a88850c5123,assigned,03,03.2,"",retained,款,shobo,
2025,expenditure,132071:2025:expenditure:approved:13bf5faa403ffe19,assigned,01,01.1,"",retained,款,gikai,
2025,expenditure,132071:2025:expenditure:approved:13fa07961b10b283,assigned,01,"","",retained,款,somu,
2025,expenditure,132071:2025:expenditure:approved:1409e503408ca3b7,assigned,09,09.6,"",retained,目,akishima-hokentaiiku-kyushoku,
2025,expenditure,132071:2025:expenditure:approved:141033c677329771,assigned,10,"","",retained,款,minsei,
2025,expenditure,132071:2025:expenditure:approved:142d42897ea50fa8,assigned,08,08.2,"",retained,目,akishima-shakaikyoiku-bunka,
2025,expenditure,132071:2025:expenditure:approved:1439baf226f2d1cb,assigned,01,"","",retained,款,somu,
2025,expenditure,132071:2025:expenditure:approved:146257814e7255ed,assigned,05,05.1,"",retained,項,akishima-eisei-seiso,
2025,expenditure,132071:2025:expenditure:approved:146cc194400e4d02,assigned,01,"","",retained,款,somu,
2025,expenditure,132071:2025:expenditure:approved:14ae2f8cf9b9caa3,out-of-scope,"","","",retained,節,fund-accumulation,
2025,expenditure,132071:2025:expenditure:approved:14ca3211e2016591,assigned,03,03.2,"",retained,款,shobo,
2025,expenditure,132071:2025:expenditure:approved:14d0e65692d49e09,assigned,08,08.1,"",retained,項,akishima-hokentaiiku-other,
2025,expenditure,132071:2025:expenditure:approved:14e0881e825a218b,assigned,07,"","",retained,項,akishima-eisei-hoken,
2025,expenditure,132071:2025:expenditure:approved:14e49243f333bb37,assigned,09,09.5,"",retained,項,akishima-shakaikyoiku-other,
2025,expenditure,132071:2025:expenditure:approved:14ece2fe13f1f086,assigned,09,09.1,"",retained,項,akishima-kyoiku-shoto,
2025,expenditure,132071:2025:expenditure:approved:151fac80837099f1,assigned,10,"","",retained,款,minsei,
2025,expenditure,132071:2025:expenditure:approved:152b3ea905b44826,assigned,04,04.7,"",retained,款,shoko,
2025,expenditure,132071:2025:expenditure:approved:153648f31d19d13e,assigned,08,08.1,"",retained,項,akishima-hokentaiiku-other,
2025,expenditure,132071:2025:expenditure:approved:1541b4181dbf1157,assigned,04,04.5,04.5.1,retained,項,akishima-doboku-doro,
2025,expenditure,132071:2025:expenditure:approved:15731dbb65072d32,assigned,06,06.2,"",retained,項,akishima-toshikeikaku-other,
2025,expenditure,132071:2025:expenditure:approved:157ca72e54df89d7,assigned,01,"","",retained,款,somu,
2025,expenditure,132071:2025:expenditure:approved:158174ce8d9247a3,assigned,01,"","",retained,款,somu,
2025,expenditure,132071:2025:expenditure:approved:15920db284c1b727,assigned,10,"","",retained,款,minsei,
2025,expenditure,132071:2025:expenditure:approved:15952b435140ffdb,assigned,09,09.8,"",retained,項,akishima-kyoiku-gakko,
2025,expenditure,132071:2025:expenditure:approved:15a4e2c90d445807,assigned,01,"","",retained,款,somu,
2025,expenditure,132071:2025:expenditure:approved:15af6bd567d6a824,assigned,07,"","",retained,項,akishima-eisei-hoken,
2025,expenditure,132071:2025:expenditure:approved:15b047eb346315d6,assigned,09,09.5,"",retained,項,akishima-shakaikyoiku-other,
2025,expenditure,132071:2025:expenditure:approved:15b39d9ac2cdddbb,assigned,06,06.1,"",retained,項,akishima-doboku-jutaku,
2025,expenditure,132071:2025:expenditure:approved:15c47b38ade67ed6,assigned,01,"","",retained,款,somu,
2025,expenditure,132071:2025:expenditure:approved:15d9e9cc95a45e5c,assigned,01,"","",retained,款,somu,
2025,expenditure,132071:2025:expenditure:approved:15e5b409bfc7ced9,assigned,10,"","",retained,款,minsei,
2025,expenditure,132071:2025:expenditure:approved:15e7b844279915cf,assigned,05,05.1,"",retained,項,akishima-eisei-seiso,
2025,expenditure,132071:2025:expenditure:approved:161bcf348819ea2e,assigned,09,09.2,"",retained,項,akishima-kyoiku-chuto,
2025,expenditure,132071:2025:expenditure:approved:165c6ef1cff306cf,assigned,10,"","",retained,款,minsei,
2025,expenditure,132071:2025:expenditure:approved:165efdb0dc44d895,assigned,08,08.2,"",retained,目,akishima-shakaikyoiku-bunka,
2025,expenditure,132071:2025:expenditure:approved:166165535945132b,assigned,06,06.1,"",retained,項,akishima-doboku-jutaku,
2025,expenditure,132071:2025:expenditure:approved:1667eb50c651777b,assigned,09,09.6,"",retained,目,akishima-hokentaiiku-kyushoku,
2025,expenditure,132071:2025:expenditure:approved:1676ca30cd493c80,assigned,01,"","",retained,款,somu,
2025,expenditure,132071:2025:expenditure:approved:1685b06a6429598f,assigned,05,05.1,"",retained,項,akishima-eisei-seiso,
2025,expenditure,132071:2025:expenditure:approved:1708e5caaa9fd51f,assigned,04,04.5,04.5.1,retained,項,akishima-doboku-doro,
2025,expenditure,132071:2025:expenditure:approved:172247b26d978c97,assigned,10,"","",retained,款,minsei,
2025,expenditure,132071:2025:expenditure:approved:1726f7d141b198cb,assigned,04,04.7,"",retained,款,shoko,
2025,expenditure,132071:2025:expenditure:approved:173d953e160a6eba,assigned,08,08.1,"",retained,項,akishima-hokentaiiku-other,
2025,expenditure,132071:2025:expenditure:approved:174b78dc0f6a3992,assigned,09,09.8,"",retained,項,akishima-kyoiku-gakko,
2025,expenditure,132071:2025:expenditure:approved:1751c01096631fde,assigned,10,"","",retained,款,minsei,
2025,expenditure,132071:2025:expenditure:approved:175dbf32edd87f87,assigned,04,04.7,"",retained,款,shoko,
2025,expenditure,132071:2025:expenditure:approved:1763aa1b78cfe17c,assigned,01,"","",retained,款,somu,
2025,expenditure,132071:2025:expenditure:approved:176562256147381e,assigned,09,09.5,"",retained,項,akishima-shakaikyoiku-other,
2025,expenditure,132071:2025:expenditure:approved:176e68dce4f8d098,assigned,01,"","",retained,款,somu,
2025,expenditure,132071:2025:expenditure:approved:1795617138690588,assigned,01,01.1,"",retained,款,gikai,
2025,expenditure,132071:2025:expenditure:approved:1796c12ac1f8271b,assigned,10,"","",retained,款,minsei,
2025,expenditure,132071:2025:expenditure:approved:1796d447550dcdff,assigned,01,"","",retained,款,somu,
2025,expenditure,132071:2025:expenditure:approved:179df1de28b64d2c,assigned,09,09.1,"",retained,項,akishima-kyoiku-shoto,
2025,expenditure,132071:2025:expenditure:approved:17ba30dfd9dcaa05,assigned,01,"","",retained,款,somu,
2025,expenditure,132071:2025:expenditure:approved:17ea6bc44134e0c8,assigned,10,"","",retained,款,minsei,
2025,expenditure,132071:2025:expenditure:approved:17eaef24c0bc9068,assigned,05,05.1,"",retained,項,akishima-eisei-seiso,
2025,expenditure,132071:2025:expenditure:approved:17f8460647101562,assigned,01,"","",retained,款,somu,
2025,expenditure,132071:2025:expenditure:approved:180427b4f45113cd,assigned,01,"","",retained,款,somu,
2025,expenditure,132071:2025:expenditure:approved:1836efa4ca4a5b50,assigned,07,"","",retained,項,akishima-eisei-hoken,
2025,expenditure,132071:2025:expenditure:approved:183d674f1bf3f6bc,assigned,10,"","",retained,款,minsei,
2025,expenditure,132071:2025:expenditure:approved:184df75e43c1ef21,assigned,10,"","",retained,款,minsei,
2025,expenditure,132071:2025:expenditure:approved:18509f21d92e7ab0,assigned,01,"","",retained,款,somu,
2025,expenditure,132071:2025:expenditure:approved:185f652ebfcf4cb1,assigned,03,03.2,"",retained,款,shobo,
2025,expenditure,132071:2025:expenditure:approved:18654eef8144a335,assigned,01,"","",retained,款,somu,
2025,expenditure,132071:2025:expenditure:approved:187dee645ed9198f,assigned,07,"","",retained,項,akishima-eisei-hoken,
2025,expenditure,132071:2025:expenditure:approved:1884e2d9c18608c7,assigned,09,09.2,"",retained,項,akishima-kyoiku-chuto,
2025,expenditure,132071:2025:expenditure:approved:1885b239b9939fe2,assigned,05,05.1,"",retained,項,akishima-eisei-seiso,
2025,expenditure,132071:2025:expenditure:approved:18f7a97dfb67605d,assigned,10,"","",retained,款,minsei,
2025,expenditure,132071:2025:expenditure:approved:19019de7974d00ba,assigned,01,"","",retained,款,somu,
2025,expenditure,132071:2025:expenditure:approved:190e1b130848252c,assigned,01,"","",retained,款,somu,
2025,expenditure,132071:2025:expenditure:approved:193b32c8c9007509,assigned,09,09.5,"",retained,項,akishima-shakaikyoiku-other,
2025,expenditure,132071:2025:expenditure:approved:19441b8753be12d4,assigned,01,"","",retained,款,somu,
2025,expenditure,132071:2025:expenditure:approved:1949ee62b7ffd47d,assigned,07,"","",retained,項,akishima-eisei-hoken,
2025,expenditure,132071:2025:expenditure:approved:1949f209b189b084,assigned,07,"","",retained,項,akishima-eisei-hoken,
2025,expenditure,132071:2025:expenditure:approved:194b00d59a3dc540,assigned,05,05.1,"",retained,項,akishima-eisei-seiso,
2025,expenditure,132071:2025:expenditure:approved:197a75c9999bf6eb,assigned,10,"","",retained,款,minsei,
2025,expenditure,132071:2025:expenditure:approved:198753a4c9fefc50,assigned,01,"","",retained,款,somu,
2025,expenditure,132071:2025:expenditure:approved:1998b9c85bbeac97,assigned,01,"","",retained,款,somu,
2025,expenditure,132071:2025:expenditure:approved:199dffe9bd79f309,assigned,01,"","",retained,款,somu,
2025,expenditure,132071:2025:expenditure:approved:19a77fe69b01d82e,assigned,01,"","",retained,款,somu,
2025,expenditure,132071:2025:expenditure:approved:19bca866e36f0d8c,assigned,04,04.5,04.5.1,retained,項,akishima-doboku-doro,
2025,expenditure,132071:2025:expenditure:approved:19ef9e9655fd8ffa,assigned,09,09.5,"",retained,項,akishima-shakaikyoiku-other,
2025,expenditure,132071:2025:expenditure:approved:1a02885e3b8c31bf,assigned,09,09.2,"",retained,項,akishima-kyoiku-chuto,
2025,expenditure,132071:2025:expenditure:approved:1a063ffa7f4669c3,assigned,07,"","",retained,項,akishima-eisei-hoken,
2025,expenditure,132071:2025:expenditure:approved:1a399bbb92bfb296,assigned,09,09.1,"",retained,項,akishima-kyoiku-shoto,
2025,expenditure,132071:2025:expenditure:approved:1a51a0a53f409f4d,assigned,01,"","",retained,款,somu,
2025,expenditure,132071:2025:expenditure:approved:1a6ff5d6a99fe87b,assigned,04,04.5,04.5.1,retained,項,akishima-doboku-doro,
2025,expenditure,132071:2025:expenditure:approved:1adc35fbbd3d219f,assigned,08,08.2,"",retained,目,akishima-shakaikyoiku-bunka,
2025,expenditure,132071:2025:expenditure:approved:1af94d6f538b829a,assigned,08,08.1,"",retained,項,akishima-hokentaiiku-other,
2025,expenditure,132071:2025:expenditure:approved:1b05ef35d52f346b,assigned,01,"","",retained,款,somu,
2025,expenditure,132071:2025:expenditure:approved:1b0dfe1ceea73b88,assigned,01,"","",retained,款,somu,
2025,expenditure,132071:2025:expenditure:approved:1b276372e4dc68e9,assigned,10,"","",retained,款,minsei,
2025,expenditure,132071:2025:expenditure:approved:1b2ad8447fa3387e,assigned,09,09.5,"",retained,項,akishima-shakaikyoiku-other,
2025,expenditure,132071:2025:expenditure:approved:1b38f4e17853678d,assigned,10,"","",retained,款,minsei,
2025,expenditure,132071:2025:expenditure:approved:1b737965a16ceeaf,assigned,10,"","",retained,款,minsei,
2025,expenditure,132071:2025:expenditure:approved:1b76677598923833,assigned,07,"","",retained,項,akishima-eisei-hoken,
2025,expenditure,132071:2025:expenditure:approved:1b7d12f7cf631b5c,assigned,10,"","",retained,款,minsei,
2025,expenditure,132071:2025:expenditure:approved:1b957368a03b78f4,assigned,10,"","",retained,款,minsei,
2025,expenditure,132071:2025:expenditure:approved:1bb4e021498a4d85,assigned,01,"","",retained,款,somu,
2025,expenditure,132071:2025:expenditure:approved:1bcd2231ffc63542,assigned,01,"","",retained,款,somu,
2025,expenditure,132071:2025:expenditure:approved:1be157997f6d7c97,assigned,07,"","",retained,項,akishima-eisei-hoken,
2025,expenditure,132071:2025:expenditure:approved:1be21d855e8d6016,assigned,05,05.1,"",retained,項,akishima-eisei-seiso,
2025,expenditure,132071:2025:expenditure:approved:1beb256c0e061f37,assigned,10,"","",retained,款,minsei,
2025,expenditure,132071:2025:expenditure:approved:1c1b6db9a24aa85e,assigned,10,"","",retained,款,minsei,
2025,expenditure,132071:2025:expenditure:approved:1c5206d2abdc8f9f,assigned,01,"","",retained,款,somu,
2025,expenditure,132071:2025:expenditure:approved:1c5296563ddfb9a7,assigned,01,"","",retained,款,somu,
2025,expenditure,132071:2025:expenditure:approved:1c6aa4c84f0c2625,assigned,09,09.6,"",retained,目,akishima-hokentaiiku-kyushoku,
2025,expenditure,132071:2025:expenditure:approved:1c6eabdf7f3b2a9a,assigned,10,"","",retained,款,minsei,
2025,expenditure,132071:2025:expenditure:approved:1c78af5b885c5f53,assigned,09,09.2,"",retained,項,akishima-kyoiku-chuto,
2025,expenditure,132071:2025:expenditure:approved:1c82fecda509ecf8,assigned,08,08.1,"",retained,項,akishima-hokentaiiku-other,
2025,expenditure,132071:2025:expenditure:approved:1ca14598f502c951,assigned,04,04.5,04.5.1,retained,項,akishima-doboku-doro,
2025,expenditure,132071:2025:expenditure:approved:1ca1e77021f92d6a,assigned,01,"","",retained,款,somu,
2025,expenditure,132071:2025:expenditure:approved:1cbd9cd5ce8a9ac1,assigned,10,"","",retained,款,minsei,
2025,expenditure,132071:2025:expenditure:approved:1ccedc9b487c4703,assigned,07,"","",retained,項,akishima-eisei-hoken,
2025,expenditure,132071:2025:expenditure:approved:1cd752c4405ee7a9,assigned,01,"","",retained,款,somu,
2025,expenditure,132071:2025:expenditure:approved:1ce93e7ea86aa01f,assigned,08,08.1,"",retained,項,akishima-hokentaiiku-other,
2025,expenditure,132071:2025:expenditure:approved:1cf3a853f7de30a7,assigned,01,"","",retained,款,somu,
2025,expenditure,132071:2025:expenditure:approved:1d1c3c08ad858595,assigned,09,09.5,"",retained,項,akishima-shakaikyoiku-other,
2025,expenditure,132071:2025:expenditure:approved:1d1ccc703ef68571,assigned,08,08.2,"",retained,目,akishima-shakaikyoiku-bunka,
2025,expenditure,132071:2025:expenditure:approved:1d25eb50c0f404b9,assigned,01,"","",retained,款,somu,
2025,expenditure,132071:2025:expenditure:approved:1d3cdb3bfcb5324a,assigned,01,01.1,"",retained,款,gikai,
2025,expenditure,132071:2025:expenditure:approved:1d544f66dc2e02d3,assigned,05,05.1,"",retained,項,akishima-eisei-seiso,
2025,expenditure,132071:2025:expenditure:approved:1d55a44455fe0988,assigned,10,"","",retained,款,minsei,
2025,expenditure,132071:2025:expenditure:approved:1d74c3d0b58a355b,assigned,10,"","",retained,款,minsei,
2025,expenditure,132071:2025:expenditure:approved:1d8b1385597828b7,assigned,10,"","",retained,款,minsei,
2025,expenditure,132071:2025:expenditure:approved:1d988d80ddaf7fa3,assigned,01,"","",retained,款,somu,
2025,expenditure,132071:2025:expenditure:approved:1d9911a4c4f31c78,assigned,07,"","",retained,項,akishima-eisei-hoken,
2025,expenditure,132071:2025:expenditure:approved:1dba0cfc53b3cd32,assigned,10,"","",retained,款,minsei,
2025,expenditure,132071:2025:expenditure:approved:1df9921b90c95a9d,assigned,01,"","",retained,款,somu,
2025,expenditure,132071:2025:expenditure:approved:1e14487933d683d2,assigned,09,09.5,"",retained,項,akishima-shakaikyoiku-other,
2025,expenditure,132071:2025:expenditure:approved:1e1b794084c124a0,assigned,07,"","",retained,項,akishima-eisei-hoken,
2025,expenditure,132071:2025:expenditure:approved:1e2893f49d750546,assigned,04,04.1,04.1.2,retained,款,rodo,
2025,expenditure,132071:2025:expenditure:approved:1e29ebc9c626c079,assigned,09,09.1,"",retained,項,akishima-kyoiku-shoto,
2025,expenditure,132071:2025:expenditure:approved:1e57dad7aae47018,assigned,07,"","",retained,項,akishima-eisei-hoken,
2025,expenditure,132071:2025:expenditure:approved:1e9e1e2c50dffe93,assigned,09,09.8,"",retained,項,akishima-kyoiku-gakko,
2025,expenditure,132071:2025:expenditure:approved:1ecc924eb31322a3,assigned,01,"","",retained,款,somu,
2025,expenditure,132071:2025:expenditure:approved:1ee334672d0be108,assigned,01,"","",retained,款,somu,
2025,expenditure,132071:2025:expenditure:approved:1ee815f99e98e637,assigned,01,"","",retained,款,somu,
2025,expenditure,132071:2025:expenditure:approved:1f16a2326f1eb53d,assigned,05,05.1,"",retained,項,akishima-eisei-seiso,
2025,expenditure,132071:2025:expenditure:approved:1f24e772350cf22c,assigned,01,"","",retained,款,somu,
2025,expenditure,132071:2025:expenditure:approved:1f2ece7d19c8b72f,assigned,01,"","",retained,款,somu,
2025,expenditure,132071:2025:expenditure:approved:1f2f4af97f70a923,assigned,03,03.2,"",retained,款,shobo,
2025,expenditure,132071:2025:expenditure:approved:1f4cfae0c0ec7d62,assigned,01,"","",retained,款,somu,
2025,expenditure,132071:2025:expenditure:approved:1f5b9612525651ab,assigned,06,06.1,"",retained,項,akishima-doboku-jutaku,
2025,expenditure,132071:2025:expenditure:approved:1f5d9e41f864e0f1,assigned,09,09.8,"",retained,項,akishima-kyoiku-gakko,
2025,expenditure,132071:2025:expenditure:approved:1f5dec9f0b69cb89,assigned,01,"","",retained,款,somu,
2025,expenditure,132071:2025:expenditure:approved:1f7504d3d7079619,assigned,01,"","",retained,款,somu,
2025,expenditure,132071:2025:expenditure:approved:1f8b4e80492be674,assigned,07,"","",retained,項,akishima-eisei-hoken,
2025,expenditure,132071:2025:expenditure:approved:1fbdc0d82fb18574,assigned,01,"","",retained,款,somu,
2025,expenditure,132071:2025:expenditure:approved:1fef5c786f9bc537,assigned,09,09.2,"",retained,項,akishima-kyoiku-chuto,
2025,expenditure,132071:2025:expenditure:approved:1ff431ab51c5621c,assigned,07,"","",retained,項,akishima-eisei-hoken,
2025,expenditure,132071:2025:expenditure:approved:1ff5693e6ea0818b,assigned,10,"","",retained,款,minsei,
2025,expenditure,132071:2025:expenditure:approved:200c4af57102f7a9,assigned,01,"","",retained,款,somu,
2025,expenditure,132071:2025:expenditure:approved:2014981078c07142,assigned,04,04.5,04.5.1,retained,項,akishima-doboku-doro,
2025,expenditure,132071:2025:expenditure:approved:20250f55017a5b47,assigned,08,08.1,"",retained,項,akishima-hokentaiiku-other,
2025,expenditure,132071:2025:expenditure:approved:203d10192c7146d3,assigned,09,09.1,"",retained,項,akishima-kyoiku-shoto,
2025,expenditure,132071:2025:expenditure:approved:203e1ea983d1b30e,assigned,08,08.1,"",retained,項,akishima-hokentaiiku-other,
2025,expenditure,132071:2025:expenditure:approved:2043ce0587ae61d6,assigned,01,"","",retained,款,somu,
2025,expenditure,132071:2025:expenditure:approved:20474700cd65ef6c,assigned,09,09.6,"",retained,目,akishima-hokentaiiku-kyushoku,
2025,expenditure,132071:2025:expenditure:approved:204efa40cfbbd32e,assigned,04,04.2,"",retained,款,norin,
2025,expenditure,132071:2025:expenditure:approved:206dcbcdec6eaeb2,assigned,10,"","",retained,款,minsei,
2025,expenditure,132071:2025:expenditure:approved:2070c4569b7b73c1,assigned,07,"","",retained,項,akishima-eisei-hoken,
2025,expenditure,132071:2025:expenditure:approved:2074e835314a09cf,assigned,10,"","",retained,款,minsei,
2025,expenditure,132071:2025:expenditure:approved:207dc2073bc4b3d4,assigned,10,"","",retained,款,minsei,
2025,expenditure,132071:2025:expenditure:approved:20a001e26310687f,assigned,06,06.1,"",retained,項,akishima-doboku-jutaku,
2025,expenditure,132071:2025:expenditure:approved:20af76fb201a5850,assigned,01,"","",retained,款,somu,
2025,expenditure,132071:2025:expenditure:approved:20c8a65fb9dbc61b,assigned,01,01.1,"",retained,款,gikai,
2025,expenditure,132071:2025:expenditure:approved:20dd25851622ea87,assigned,07,"","",retained,項,akishima-eisei-hoken,
2025,expenditure,132071:2025:expenditure:approved:20f34026897bbedc,assigned,07,"","",retained,項,akishima-eisei-hoken,
2025,expenditure,132071:2025:expenditure:approved:20fe80f9d25b8f3d,assigned,09,09.2,"",retained,項,akishima-kyoiku-chuto,
2025,expenditure,132071:2025:expenditure:approved:211aca612b1e69f7,assigned,01,"","",retained,款,somu,
2025,expenditure,132071:2025:expenditure:approved:21460da9d774f58c,assigned,01,"","",retained,款,somu,
2025,expenditure,132071:2025:expenditure:approved:214cece170cd4225,assigned,10,"","",retained,款,minsei,
2025,expenditure,132071:2025:expenditure:approved:215be27d8844a0b8,assigned,08,08.1,"",retained,項,akishima-hokentaiiku-other,
2025,expenditure,132071:2025:expenditure:approved:2188d532b7c5f43a,assigned,08,08.2,"",retained,目,akishima-shakaikyoiku-bunka,
2025,expenditure,132071:2025:expenditure:approved:218fdce6234e7bcf,assigned,04,04.5,04.5.1,retained,項,akishima-doboku-doro,
2025,expenditure,132071:2025:expenditure:approved:219ddc83ad735b00,assigned,08,08.2,"",retained,目,akishima-shakaikyoiku-bunka,
2025,expenditure,132071:2025:expenditure:approved:21a91b23724407a8,assigned,08,08.2,"",retained,目,akishima-shakaikyoiku-bunka,
2025,expenditure,132071:2025:expenditure:approved:21ca53e5401a2ac5,assigned,10,"","",retained,款,minsei,
2025,expenditure,132071:2025:expenditure:approved:21cbc01bfb16517b,assigned,07,"","",retained,項,akishima-eisei-hoken,
2025,expenditure,132071:2025:expenditure:approved:21e6a6558645e122,assigned,10,"","",retained,款,minsei,
2025,expenditure,132071:2025:expenditure:approved:21f95d6b2aa25110,assigned,10,"","",retained,款,minsei,
2025,expenditure,132071:2025:expenditure:approved:2201e833c2d7fd05,assigned,01,"","",retained,款,somu,
2025,expenditure,132071:2025:expenditure:approved:220411fdfabb71a3,assigned,10,"","",retained,款,minsei,
2025,expenditure,132071:2025:expenditure:approved:221d5806fc373972,assigned,09,09.5,"",retained,項,akishima-shakaikyoiku-other,
2025,expenditure,132071:2025:expenditure:approved:222cd809247ea9ef,assigned,08,08.2,"",retained,目,akishima-shakaikyoiku-bunka,
2025,expenditure,132071:2025:expenditure:approved:2238197d5ee007a8,assigned,09,09.1,"",retained,項,akishima-kyoiku-shoto,
2025,expenditure,132071:2025:expenditure:approved:2239a3ff8dde402a,assigned,10,"","",retained,款,minsei,
2025,expenditure,132071:2025:expenditure:approved:22420d5a7b9f0b5e,assigned,01,"","",retained,款,somu,
2025,expenditure,132071:2025:expenditure:approved:2247e9e20630be2a,assigned,01,"","",retained,款,somu,
2025,expenditure,132071:2025:expenditure:approved:22503fd230536679,assigned,10,"","",retained,款,minsei,
2025,expenditure,132071:2025:expenditure:approved:225980b9d83b1f2b,assigned,09,09.5,"",retained,項,akishima-shakaikyoiku-other,
2025,expenditure,132071:2025:expenditure:approved:22798d9085f337cb,assigned,10,"","",retained,款,minsei,
2025,expenditure,132071:2025:expenditure:approved:227e0adb00d77a8f,assigned,03,03.2,"",retained,款,shobo,
2025,expenditure,132071:2025:expenditure:approved:229360ff9e0a0945,assigned,09,09.6,"",retained,目,akishima-hokentaiiku-kyushoku,
2025,expenditure,132071:2025:expenditure:approved:2293be0f35b04682,assigned,10,"","",retained,款,minsei,
2025,expenditure,132071:2025:expenditure:approved:22ac6dd22229cb3b,assigned,01,"","",retained,款,somu,
2025,expenditure,132071:2025:expenditure:approved:22b42736473ad661,assigned,06,06.2,"",retained,項,akishima-toshikeikaku-other,
2025,expenditure,132071:2025:expenditure:approved:22b96bb69160593e,assigned,07,"","",retained,項,akishima-eisei-hoken,
2025,expenditure,132071:2025:expenditure:approved:22c2447f635bb56b,assigned,08,08.1,"",retained,目,akishima-toshikeikaku-kouen,
2025,expenditure,132071:2025:expenditure:approved:22d084d1923594c4,assigned,01,"","",retained,款,somu,
2025,expenditure,132071:2025:expenditure:approved:22e2414f600356b8,assigned,04,04.5,04.5.1,retained,項,akishima-doboku-doro,
2025,expenditure,132071:2025:expenditure:approved:23162292da7241d3,assigned,05,05.1,"",retained,項,akishima-eisei-seiso,
2025,expenditure,132071:2025:expenditure:approved:231eeb5745413e3e,assigned,01,"","",retained,款,somu,
2025,expenditure,132071:2025:expenditure:approved:233417e5fcd993de,assigned,04,04.7,"",retained,款,shoko,
2025,expenditure,132071:2025:expenditure:approved:2335af40aad6262b,assigned,09,09.5,"",retained,項,akishima-shakaikyoiku-other,
2025,expenditure,132071:2025:expenditure:approved:2356584ea9321b0b,assigned,04,04.5,04.5.1,retained,項,akishima-doboku-doro,
2025,expenditure,132071:2025:expenditure:approved:235cdc9513aac815,assigned,10,"","",retained,款,minsei,
2025,expenditure,132071:2025:expenditure:approved:2361127f30f9fa9e,assigned,04,04.7,"",retained,款,shoko,
2025,expenditure,132071:2025:expenditure:approved:23650efc405969f1,assigned,10,"","",retained,款,minsei,
2025,expenditure,132071:2025:expenditure:approved:237306977028ff5f,assigned,01,"","",retained,款,somu,
2025,expenditure,132071:2025:expenditure:approved:237670181d293837,assigned,09,09.8,"",retained,項,akishima-kyoiku-gakko,
2025,expenditure,132071:2025:expenditure:approved:2391eebd05d23d72,assigned,07,"","",retained,項,akishima-eisei-hoken,
2025,expenditure,132071:2025:expenditure:approved:23a3a3574324fcfa,assigned,07,"","",retained,項,akishima-eisei-hoken,
2025,expenditure,132071:2025:expenditure:approved:23a83093d3a1dacd,assigned,07,"","",retained,項,akishima-eisei-hoken,
2025,expenditure,132071:2025:expenditure:approved:23ab268cdc8c85c0,assigned,05,05.1,"",retained,項,akishima-eisei-seiso,
2025,expenditure,132071:2025:expenditure:approved:23ae3b1a656c08ab,assigned,03,03.2,"",retained,款,shobo,
2025,expenditure,132071:2025:expenditure:approved:23c24b5dbb4089ca,assigned,10,"","",retained,款,minsei,
2025,expenditure,132071:2025:expenditure:approved:23c69b8586755258,assigned,09,09.2,"",retained,項,akishima-kyoiku-chuto,
2025,expenditure,132071:2025:expenditure:approved:23c7fb1ec5cc41a9,assigned,10,"","",retained,款,minsei,
2025,expenditure,132071:2025:expenditure:approved:23d1c4820b0a13b2,assigned,01,"","",retained,款,somu,
2025,expenditure,132071:2025:expenditure:approved:23dc5e374338ed7a,assigned,09,09.1,"",retained,項,akishima-kyoiku-shoto,
2025,expenditure,132071:2025:expenditure:approved:23e59007d7ebac3e,assigned,09,09.2,"",retained,項,akishima-kyoiku-chuto,
2025,expenditure,132071:2025:expenditure:approved:23e8d80c6ffe9d66,assigned,07,"","",retained,項,akishima-eisei-hoken,
2025,expenditure,132071:2025:expenditure:approved:23f03ef4c68a2fb2,assigned,04,04.7,"",retained,款,shoko,
2025,expenditure,132071:2025:expenditure:approved:23f48041dd465b87,assigned,05,05.1,"",retained,項,akishima-eisei-seiso,
2025,expenditure,132071:2025:expenditure:approved:241728eaa12008f0,assigned,10,"","",retained,款,minsei,
2025,expenditure,132071:2025:expenditure:approved:244a8103d1581b90,assigned,09,09.2,"",retained,項,akishima-kyoiku-chuto,
2025,expenditure,132071:2025:expenditure:approved:2456b7c455f8f36f,assigned,09,09.1,"",retained,項,akishima-kyoiku-shoto,
2025,expenditure,132071:2025:expenditure:approved:245c6f7b3d887d89,assigned,01,"","",retained,款,somu,
2025,expenditure,132071:2025:expenditure:approved:2488cd8625860c67,assigned,04,04.5,04.5.1,retained,項,akishima-doboku-doro,
2025,expenditure,132071:2025:expenditure:approved:249a1ce5f115eca2,assigned,10,"","",retained,款,minsei,
2025,expenditure,132071:2025:expenditure:approved:24a62e2dbcb8bd64,assigned,10,"","",retained,款,minsei,
2025,expenditure,132071:2025:expenditure:approved:24bcfcd6fe0ca778,assigned,05,05.1,"",retained,項,akishima-eisei-seiso,
2025,expenditure,132071:2025:expenditure:approved:24d18f5242338ce3,assigned,09,09.1,"",retained,項,akishima-kyoiku-shoto,
2025,expenditure,132071:2025:expenditure:approved:24d68c884c6f5bc7,assigned,09,09.6,"",retained,目,akishima-hokentaiiku-kyushoku,
2025,expenditure,132071:2025:expenditure:approved:24f35d8f194c6716,assigned,05,05.1,"",retained,項,akishima-eisei-seiso,
2025,expenditure,132071:2025:expenditure:approved:24ff5d41fdc186ed,assigned,05,05.1,"",retained,項,akishima-eisei-seiso,
2025,expenditure,132071:2025:expenditure:approved:250c1883abeb9a9c,assigned,10,"","",retained,款,minsei,
2025,expenditure,132071:2025:expenditure:approved:2555c86a82dbe6d0,assigned,04,04.7,"",retained,款,shoko,
2025,expenditure,132071:2025:expenditure:approved:2559a13cd4e1beba,assigned,08,08.2,"",retained,目,akishima-shakaikyoiku-bunka,
2025,expenditure,132071:2025:expenditure:approved:256a3a3e22944e7a,assigned,08,08.1,"",retained,項,akishima-hokentaiiku-other,
2025,expenditure,132071:2025:expenditure:approved:25b5e62ce7664ba7,assigned,03,03.2,"",retained,款,shobo,
2025,expenditure,132071:2025:expenditure:approved:25ba704a52b91ad3,assigned,09,09.2,"",retained,項,akishima-kyoiku-chuto,
2025,expenditure,132071:2025:expenditure:approved:25fab58cfca34a4b,assigned,07,"","",retained,項,akishima-eisei-hoken,
2025,expenditure,132071:2025:expenditure:approved:260b9615670d3d6c,assigned,10,"","",retained,款,minsei,
2025,expenditure,132071:2025:expenditure:approved:2617e5e31ce1620e,assigned,10,"","",retained,款,minsei,
2025,expenditure,132071:2025:expenditure:approved:261b0ef8494f9dcc,assigned,05,05.1,"",retained,項,akishima-eisei-seiso,
2025,expenditure,132071:2025:expenditure:approved:262b58864b740810,assigned,01,"","",retained,款,somu,
2025,expenditure,132071:2025:expenditure:approved:263817af1e7e99fa,assigned,04,04.5,04.5.1,retained,項,akishima-doboku-doro,
2025,expenditure,132071:2025:expenditure:approved:2655c356c563d8c1,assigned,08,08.1,"",retained,項,akishima-hokentaiiku-other,
2025,expenditure,132071:2025:expenditure:approved:26a0364eab641dc3,assigned,10,"","",retained,款,minsei,
2025,expenditure,132071:2025:expenditure:approved:26aab52d0c8685b0,assigned,01,01.1,"",retained,款,gikai,
2025,expenditure,132071:2025:expenditure:approved:26ad613cf9e98b88,assigned,01,"","",retained,款,somu,
2025,expenditure,132071:2025:expenditure:approved:26adf7bc0a780f9c,assigned,10,"","",retained,款,minsei,
2025,expenditure,132071:2025:expenditure:approved:26cd62f87b0afa23,assigned,01,"","",retained,款,somu,
2025,expenditure,132071:2025:expenditure:approved:26d7a4d0347ca1eb,assigned,09,09.1,"",retained,項,akishima-kyoiku-shoto,
2025,expenditure,132071:2025:expenditure:approved:26e8b4556d806ac6,assigned,04,04.7,"",retained,款,shoko,
2025,expenditure,132071:2025:expenditure:approved:27117ee22691add7,assigned,10,"","",retained,款,minsei,
2025,expenditure,132071:2025:expenditure:approved:273b85275b1c8641,assigned,08,08.1,"",retained,項,akishima-hokentaiiku-other,
2025,expenditure,132071:2025:expenditure:approved:274d031259a7759b,assigned,08,08.2,"",retained,目,akishima-shakaikyoiku-bunka,
2025,expenditure,132071:2025:expenditure:approved:275061a6b4235c9c,assigned,01,01.1,"",retained,款,gikai,
2025,expenditure,132071:2025:expenditure:approved:275c2fa5c24f3d31,assigned,10,"","",retained,款,minsei,
2025,expenditure,132071:2025:expenditure:approved:276cc684c56a8cb0,assigned,10,"","",retained,款,minsei,
2025,expenditure,132071:2025:expenditure:approved:2771ecdaa614d436,assigned,09,09.1,"",retained,項,akishima-kyoiku-shoto,
2025,expenditure,132071:2025:expenditure:approved:2785afd7f23c4a9d,assigned,01,"","",retained,款,somu,
2025,expenditure,132071:2025:expenditure:approved:27a004e403de4d64,assigned,09,09.8,"",retained,項,akishima-kyoiku-gakko,
2025,expenditure,132071:2025:expenditure:approved:27bf1ea2ac63fe9a,assigned,08,08.2,"",retained,目,akishima-shakaikyoiku-bunka,
2025,expenditure,132071:2025:expenditure:approved:27c0acc874448891,assigned,09,09.2,"",retained,項,akishima-kyoiku-chuto,
2025,expenditure,132071:2025:expenditure:approved:27c1be1700c7b1d4,assigned,01,"","",retained,款,somu,
2025,expenditure,132071:2025:expenditure:approved:27de1cd2710f4ccd,assigned,05,05.1,"",retained,項,akishima-eisei-seiso,
2025,expenditure,132071:2025:expenditure:approved:27e0f90bd9cbb461,assigned,09,09.2,"",retained,項,akishima-kyoiku-chuto,
2025,expenditure,132071:2025:expenditure:approved:2816eb0fa0c3f751,assigned,04,04.1,04.1.2,retained,款,rodo,
2025,expenditure,132071:2025:expenditure:approved:284612d9c4cf4601,assigned,09,09.1,"",retained,項,akishima-kyoiku-shoto,
2025,expenditure,132071:2025:expenditure:approved:284840fa66dd2960,assigned,01,"","",retained,款,somu,
2025,expenditure,132071:2025:expenditure:approved:287b278172a988db,assigned,03,03.2,"",retained,款,shobo,
2025,expenditure,132071:2025:expenditure:approved:288b6bc700d41e93,assigned,10,"","",retained,款,minsei,
2025,expenditure,132071:2025:expenditure:approved:288e93d9584daa11,assigned,10,"","",retained,款,minsei,
2025,expenditure,132071:2025:expenditure:approved:289e1614d27a5900,assigned,01,"","",retained,款,somu,
2025,expenditure,132071:2025:expenditure:approved:28b555f081a731df,assigned,09,09.5,"",retained,項,akishima-shakaikyoiku-other,
2025,expenditure,132071:2025:expenditure:approved:28b6280d4e303769,assigned,01,"","",retained,款,somu,
2025,expenditure,132071:2025:expenditure:approved:28ce34c154db3616,assigned,01,"","",retained,款,somu,
2025,expenditure,132071:2025:expenditure:approved:28ce54166672afd8,assigned,09,09.5,"",retained,項,akishima-shakaikyoiku-other,
2025,expenditure,132071:2025:expenditure:approved:28de222f4b1ae2d0,assigned,01,"","",retained,款,somu,
2025,expenditure,132071:2025:expenditure:approved:29084d8362c03321,assigned,04,04.1,04.1.2,retained,款,rodo,
2025,expenditure,132071:2025:expenditure:approved:290b204ccac5f421,assigned,08,08.1,"",retained,目,akishima-toshikeikaku-kouen,
2025,expenditure,132071:2025:expenditure:approved:2914cfeeffbe24de,assigned,08,08.1,"",retained,項,akishima-hokentaiiku-other,
2025,expenditure,132071:2025:expenditure:approved:292b017ff0c3b11f,assigned,09,09.8,"",retained,項,akishima-kyoiku-gakko,
2025,expenditure,132071:2025:expenditure:approved:292c1a4238c6364a,assigned,01,"","",retained,款,somu,
2025,expenditure,132071:2025:expenditure:approved:292e7163fedcdaa1,assigned,09,09.2,"",retained,項,akishima-kyoiku-chuto,
2025,expenditure,132071:2025:expenditure:approved:293f3244f62983c9,assigned,09,09.6,"",retained,目,akishima-hokentaiiku-kyushoku,
2025,expenditure,132071:2025:expenditure:approved:29574427ecb3ae73,assigned,07,"","",retained,項,akishima-eisei-hoken,
2025,expenditure,132071:2025:expenditure:approved:297ddd70f740900a,assigned,09,09.2,"",retained,項,akishima-kyoiku-chuto,
2025,expenditure,132071:2025:expenditure:approved:2980a60d7624031e,assigned,01,"","",retained,款,somu,
2025,expenditure,132071:2025:expenditure:approved:29a361a63dde5cd3,assigned,10,"","",retained,款,minsei,
2025,expenditure,132071:2025:expenditure:approved:29a3a565b6ab0dff,assigned,03,03.2,"",retained,款,shobo,
2025,expenditure,132071:2025:expenditure:approved:29a49389076d4a5a,assigned,01,"","",retained,款,somu,
2025,expenditure,132071:2025:expenditure:approved:29b10424bb6696a6,assigned,01,"","",retained,款,somu,
2025,expenditure,132071:2025:expenditure:approved:29baf7f4fbb939fe,assigned,09,09.2,"",retained,項,akishima-kyoiku-chuto,
2025,expenditure,132071:2025:expenditure:approved:29c396b31dd79a6c,assigned,01,"","",retained,款,somu,
2025,expenditure,132071:2025:expenditure:approved:29cb61f27b817ba0,assigned,09,09.1,"",retained,項,akishima-kyoiku-shoto,
2025,expenditure,132071:2025:expenditure:approved:29dc0167835c97e2,assigned,01,01.1,"",retained,款,gikai,
2025,expenditure,132071:2025:expenditure:approved:29dc485ad2697983,assigned,06,06.2,"",retained,項,akishima-toshikeikaku-other,
2025,expenditure,132071:2025:expenditure:approved:29e8441e078531fe,assigned,08,08.2,"",retained,目,akishima-shakaikyoiku-bunka,
2025,expenditure,132071:2025:expenditure:approved:29eb7ed9666a12ed,assigned,01,"","",retained,款,somu,
2025,expenditure,132071:2025:expenditure:approved:29fd9ef2dd2b3b9d,assigned,10,"","",retained,款,minsei,
2025,expenditure,132071:2025:expenditure:approved:2a00f972a7898cb8,assigned,01,"","",retained,款,somu,
2025,expenditure,132071:2025:expenditure:approved:2a1e7f9b0171e812,assigned,10,"","",retained,款,minsei,
2025,expenditure,132071:2025:expenditure:approved:2a4279eab29f54e7,assigned,08,08.2,"",retained,目,akishima-shakaikyoiku-bunka,
2025,expenditure,132071:2025:expenditure:approved:2a479c2704405055,assigned,10,"","",retained,款,minsei,
2025,expenditure,132071:2025:expenditure:approved:2a54661b0cbf17b7,assigned,09,09.1,"",retained,項,akishima-kyoiku-shoto,
2025,expenditure,132071:2025:expenditure:approved:2a651d158681b772,assigned,04,04.5,04.5.1,retained,項,akishima-doboku-doro,
2025,expenditure,132071:2025:expenditure:approved:2a6fd537211de73d,assigned,09,09.5,"",retained,項,akishima-shakaikyoiku-other,
2025,expenditure,132071:2025:expenditure:approved:2a736a156a43a103,assigned,05,05.1,"",retained,項,akishima-eisei-seiso,
2025,expenditure,132071:2025:expenditure:approved:2aa8023d0d488df3,assigned,01,"","",retained,款,somu,
2025,expenditure,132071:2025:expenditure:approved:2aad2ac6810cb08b,assigned,09,09.5,"",retained,項,akishima-shakaikyoiku-other,
2025,expenditure,132071:2025:expenditure:approved:2ad80be1bb118f0f,assigned,03,03.2,"",retained,款,shobo,
2025,expenditure,132071:2025:expenditure:approved:2b03db3c7880dfa1,assigned,10,"","",retained,款,minsei,
2025,expenditure,132071:2025:expenditure:approved:2b1e2cb9e08279e1,assigned,09,09.8,"",retained,項,akishima-kyoiku-gakko,
2025,expenditure,132071:2025:expenditure:approved:2b328259143bf43c,assigned,10,"","",retained,款,minsei,
2025,expenditure,132071:2025:expenditure:approved:2b4210c420d527f5,assigned,09,09.1,"",retained,項,akishima-kyoiku-shoto,
2025,expenditure,132071:2025:expenditure:approved:2b4800be0a04c8f5,assigned,01,"","",retained,款,somu,
2025,expenditure,132071:2025:expenditure:approved:2b5bcc938cf11c68,assigned,01,"","",retained,款,somu,
2025,expenditure,132071:2025:expenditure:approved:2b7191bdbb521988,assigned,01,"","",retained,款,somu,
2025,expenditure,132071:2025:expenditure:approved:2b810588f71daaa7,assigned,10,"","",retained,款,minsei,
2025,expenditure,132071:2025:expenditure:approved:2ba220221419c29f,assigned,09,09.5,"",retained,項,akishima-shakaikyoiku-other,
2025,expenditure,132071:2025:expenditure:approved:2ba817d778c4f620,assigned,04,04.5,04.5.1,retained,項,akishima-doboku-doro,
2025,expenditure,132071:2025:expenditure:approved:2bc499ba0d49cb28,assigned,01,"","",retained,款,somu,
2025,expenditure,132071:2025:expenditure:approved:2bd8208a08ca1b16,assigned,10,"","",retained,款,minsei,
2025,expenditure,132071:2025:expenditure:approved:2c059e51b6da006e,assigned,01,"","",retained,款,somu,
2025,expenditure,132071:2025:expenditure:approved:2c097139ef1677d6,assigned,09,09.5,"",retained,項,akishima-shakaikyoiku-other,
2025,expenditure,132071:2025:expenditure:approved:2c0a49592692cacd,assigned,01,"","",retained,款,somu,
2025,expenditure,132071:2025:expenditure:approved:2c257d462134d5c4,assigned,10,"","",retained,款,minsei,
2025,expenditure,132071:2025:expenditure:approved:2c5d11a26384d686,assigned,07,"","",retained,項,akishima-eisei-hoken,
2025,expenditure,132071:2025:expenditure:approved:2c674a6fa702015c,assigned,08,08.1,"",retained,目,akishima-toshikeikaku-kouen,
2025,expenditure,132071:2025:expenditure:approved:2cc7687696316e6b,assigned,10,"","",retained,款,minsei,
2025,expenditure,132071:2025:expenditure:approved:2cc906144cad3647,assigned,09,09.1,"",retained,項,akishima-kyoiku-shoto,
2025,expenditure,132071:2025:expenditure:approved:2cd8b0ce31a4d377,assigned,09,09.8,"",retained,項,akishima-kyoiku-gakko,
2025,expenditure,132071:2025:expenditure:approved:2ce03384f778d993,assigned,10,"","",retained,款,minsei,
2025,expenditure,132071:2025:expenditure:approved:2ce0bf9e615752a0,assigned,01,"","",retained,款,somu,
2025,expenditure,132071:2025:expenditure:approved:2cf1fe4fc8559825,assigned,10,"","",retained,款,minsei,
2025,expenditure,132071:2025:expenditure:approved:2d1e889ed0dfc6b7,assigned,09,09.8,"",retained,項,akishima-kyoiku-gakko,
2025,expenditure,132071:2025:expenditure:approved:2d39344488fb8f27,assigned,10,"","",retained,款,minsei,
2025,expenditure,132071:2025:expenditure:approved:2d3c3fc1f79e4abc,assigned,07,"","",retained,項,akishima-eisei-hoken,
2025,expenditure,132071:2025:expenditure:approved:2d6c82984a82b282,assigned,09,09.2,"",retained,項,akishima-kyoiku-chuto,
2025,expenditure,132071:2025:expenditure:approved:2d70a63efdaa1106,assigned,01,"","",retained,款,somu,
2025,expenditure,132071:2025:expenditure:approved:2d799c9818c07069,assigned,07,"","",retained,項,akishima-eisei-hoken,
2025,expenditure,132071:2025:expenditure:approved:2d8c6d00346c2383,assigned,07,"","",retained,項,akishima-eisei-hoken,
2025,expenditure,132071:2025:expenditure:approved:2d967136c592b0b1,assigned,06,06.2,"",retained,項,akishima-toshikeikaku-other,
2025,expenditure,132071:2025:expenditure:approved:2da44d91d695c1b3,assigned,09,09.5,"",retained,項,akishima-shakaikyoiku-other,
2025,expenditure,132071:2025:expenditure:approved:2da6948a15bd51d7,assigned,10,"","",retained,款,minsei,
2025,expenditure,132071:2025:expenditure:approved:2dc40152fda30030,assigned,05,05.2,"",retained,目,akishima-toshikeikaku-gesui,
2025,expenditure,132071:2025:expenditure:approved:2dcf5805da44b072,assigned,07,"","",retained,項,akishima-eisei-hoken,
2025,expenditure,132071:2025:expenditure:approved:2ddd7a16acfd8272,assigned,08,08.1,"",retained,項,akishima-hokentaiiku-other,
2025,expenditure,132071:2025:expenditure:approved:2de0f6e6896488b3,assigned,03,03.2,"",retained,款,shobo,
2025,expenditure,132071:2025:expenditure:approved:2de8c7b78eaa8897,assigned,10,"","",retained,款,minsei,
2025,expenditure,132071:2025:expenditure:approved:2deabbe939308e0e,assigned,07,"","",retained,項,akishima-eisei-hoken,
2025,expenditure,132071:2025:expenditure:approved:2e11168caeac884c,assigned,01,"","",retained,款,somu,
2025,expenditure,132071:2025:expenditure:approved:2e15a02ed6c7eeda,assigned,10,"","",retained,款,minsei,
2025,expenditure,132071:2025:expenditure:approved:2e3c9f543ffb795c,assigned,01,"","",retained,款,somu,
2025,expenditure,132071:2025:expenditure:approved:2e50d2fcd0059a27,assigned,10,"","",retained,款,minsei,
2025,expenditure,132071:2025:expenditure:approved:2e61f4c651927f68,assigned,10,"","",retained,款,minsei,
2025,expenditure,132071:2025:expenditure:approved:2e7602be215bb1b6,assigned,08,08.2,"",retained,目,akishima-shakaikyoiku-bunka,
2025,expenditure,132071:2025:expenditure:approved:2eb9f96b6110b9df,assigned,01,01.1,"",retained,款,gikai,
2025,expenditure,132071:2025:expenditure:approved:2ed19e49e1c12dea,assigned,09,09.8,"",retained,項,akishima-kyoiku-gakko,
2025,expenditure,132071:2025:expenditure:approved:2ed989144e790c2e,assigned,10,"","",retained,款,minsei,
2025,expenditure,132071:2025:expenditure:approved:2ef73477bb1cd61b,assigned,10,"","",retained,款,minsei,
2025,expenditure,132071:2025:expenditure:approved:2ef934078bfd1f14,assigned,05,05.1,"",retained,項,akishima-eisei-seiso,
2025,expenditure,132071:2025:expenditure:approved:2f305d49b25a6fde,assigned,01,"","",retained,款,somu,
2025,expenditure,132071:2025:expenditure:approved:2f33dba645c9b97a,assigned,01,"","",retained,款,somu,
2025,expenditure,132071:2025:expenditure:approved:2f3bb6c8390df1ea,assigned,03,03.2,"",retained,款,shobo,
2025,expenditure,132071:2025:expenditure:approved:2f3ddbb9eaa7837b,assigned,08,08.2,"",retained,目,akishima-shakaikyoiku-bunka,
2025,expenditure,132071:2025:expenditure:approved:2f3f22a67576dc44,assigned,01,"","",retained,款,somu,
2025,expenditure,132071:2025:expenditure:approved:2f672a22b138b9b5,assigned,05,05.1,"",retained,項,akishima-eisei-seiso,
2025,expenditure,132071:2025:expenditure:approved:2f72371a1e962465,assigned,10,"","",retained,款,minsei,
2025,expenditure,132071:2025:expenditure:approved:2fb171253e71880f,assigned,10,"","",retained,款,minsei,
2025,expenditure,132071:2025:expenditure:approved:2fb39f6856364fb4,assigned,08,08.2,"",retained,目,akishima-shakaikyoiku-bunka,
2025,expenditure,132071:2025:expenditure:approved:2fb42e0e8ae78cbd,assigned,08,08.2,"",retained,目,akishima-shakaikyoiku-bunka,
2025,expenditure,132071:2025:expenditure:approved:2fb6a9d214672ced,assigned,09,09.5,"",retained,項,akishima-shakaikyoiku-other,
2025,expenditure,132071:2025:expenditure:approved:2fc1b00366676e27,assigned,01,"","",retained,款,somu,
2025,expenditure,132071:2025:expenditure:approved:2fc57a16145f9130,assigned,01,"","",retained,款,somu,
2025,expenditure,132071:2025:expenditure:approved:2fc7f987430ffd39,assigned,08,08.1,"",retained,項,akishima-hokentaiiku-other,
2025,expenditure,132071:2025:expenditure:approved:2fe2cd1d40d417f5,assigned,01,01.1,"",retained,款,gikai,
2025,expenditure,132071:2025:expenditure:approved:2ff074d0e7b496ca,assigned,04,04.5,04.5.1,retained,項,akishima-doboku-doro,
2025,expenditure,132071:2025:expenditure:approved:2ff62386bebf41ac,assigned,01,"","",retained,款,somu,
2025,expenditure,132071:2025:expenditure:approved:2ff9d7728c414853,assigned,01,"","",retained,款,somu,
2025,expenditure,132071:2025:expenditure:approved:2fff6fe5499ae7a7,assigned,04,04.5,04.5.1,retained,項,akishima-doboku-doro,
2025,expenditure,132071:2025:expenditure:approved:300c39b89afbae54,assigned,09,09.8,"",retained,項,akishima-kyoiku-gakko,
2025,expenditure,132071:2025:expenditure:approved:303b1b7a86ecb026,assigned,09,09.1,"",retained,項,akishima-kyoiku-shoto,
2025,expenditure,132071:2025:expenditure:approved:3049810182248ff3,assigned,09,09.2,"",retained,項,akishima-kyoiku-chuto,
2025,expenditure,132071:2025:expenditure:approved:304a312a4e3fe7a3,assigned,03,03.2,"",retained,款,shobo,
2025,expenditure,132071:2025:expenditure:approved:304efb31f1d5f1b2,assigned,05,05.1,"",retained,項,akishima-eisei-seiso,
2025,expenditure,132071:2025:expenditure:approved:305733f933baca30,assigned,08,08.1,"",retained,項,akishima-hokentaiiku-other,
2025,expenditure,132071:2025:expenditure:approved:305f99fa482d349e,assigned,08,08.2,"",retained,目,akishima-shakaikyoiku-bunka,
2025,expenditure,132071:2025:expenditure:approved:3061f41d1a380e7d,assigned,09,09.1,"",retained,項,akishima-kyoiku-shoto,
2025,expenditure,132071:2025:expenditure:approved:307fc0d152c82fd7,assigned,01,01.1,"",retained,款,gikai,
2025,expenditure,132071:2025:expenditure:approved:308073725ae35e18,assigned,09,09.6,"",retained,目,akishima-hokentaiiku-kyushoku,
2025,expenditure,132071:2025:expenditure:approved:3088c22b9391eff1,assigned,10,"","",retained,款,minsei,
2025,expenditure,132071:2025:expenditure:approved:3089195dc112db01,assigned,05,05.1,"",retained,項,akishima-eisei-seiso,
2025,expenditure,132071:2025:expenditure:approved:308a283060bf8386,assigned,09,09.2,"",retained,項,akishima-kyoiku-chuto,
2025,expenditure,132071:2025:expenditure:approved:309272387200b565,assigned,09,09.5,"",retained,項,akishima-shakaikyoiku-other,
2025,expenditure,132071:2025:expenditure:approved:309ee0b15f7db7d5,assigned,03,03.2,"",retained,款,shobo,
2025,expenditure,132071:2025:expenditure:approved:30ba5d39b0c1091e,assigned,07,"","",retained,項,akishima-eisei-hoken,
2025,expenditure,132071:2025:expenditure:approved:30d5ac1e7dd3596e,assigned,09,09.1,"",retained,項,akishima-kyoiku-shoto,
2025,expenditure,132071:2025:expenditure:approved:30dcb1c28dfafbc6,assigned,09,09.1,"",retained,目,akishima-kyoiku-yochien,
2025,expenditure,132071:2025:expenditure:approved:30e1f7ecef545d37,assigned,09,09.5,"",retained,項,akishima-shakaikyoiku-other,
2025,expenditure,132071:2025:expenditure:approved:30e989f4eaa437fe,assigned,09,09.8,"",retained,項,akishima-kyoiku-gakko,
2025,expenditure,132071:2025:expenditure:approved:31041ddcc8737b23,assigned,04,04.5,"",retained,項,akishima-doboku-kanri,
2025,expenditure,132071:2025:expenditure:approved:310cadc812aa1405,assigned,05,05.1,"",retained,項,akishima-eisei-seiso,
2025,expenditure,132071:2025:expenditure:approved:311e0c47f0a33e58,assigned,01,"","",retained,款,somu,
2025,expenditure,132071:2025:expenditure:approved:311f7a788adcfd61,assigned,01,"","",retained,款,somu,
2025,expenditure,132071:2025:expenditure:approved:312114b1b56ddfb7,assigned,01,"","",retained,款,somu,
2025,expenditure,132071:2025:expenditure:approved:31282315a2670ed0,assigned,04,04.7,"",retained,款,shoko,
2025,expenditure,132071:2025:expenditure:approved:31293ceae0f1142e,assigned,06,06.2,"",retained,項,akishima-toshikeikaku-other,
2025,expenditure,132071:2025:expenditure:approved:312aa6f3aed23563,assigned,09,09.5,"",retained,項,akishima-shakaikyoiku-other,
2025,expenditure,132071:2025:expenditure:approved:3160e823964f2ad0,assigned,01,"","",retained,款,somu,
2025,expenditure,132071:2025:expenditure:approved:3188220a12ca947a,assigned,05,05.1,"",retained,項,akishima-eisei-seiso,
2025,expenditure,132071:2025:expenditure:approved:31962034194b80d9,assigned,08,08.1,"",retained,目,akishima-toshikeikaku-kouen,
2025,expenditure,132071:2025:expenditure:approved:31a4d2f38c9b4f54,assigned,01,"","",retained,款,somu,
2025,expenditure,132071:2025:expenditure:approved:31aba639e2ca514d,assigned,09,09.1,"",retained,項,akishima-kyoiku-shoto,
2025,expenditure,132071:2025:expenditure:approved:31aee05b9c2e59b8,assigned,06,06.2,"",retained,項,akishima-toshikeikaku-other,
2025,expenditure,132071:2025:expenditure:approved:31b65d1d6f331ac6,assigned,07,"","",retained,項,akishima-eisei-hoken,
2025,expenditure,132071:2025:expenditure:approved:31d126ff62a66c2a,assigned,10,"","",retained,款,minsei,
2025,expenditure,132071:2025:expenditure:approved:3203a8104476628c,assigned,09,09.1,"",retained,項,akishima-kyoiku-shoto,
2025,expenditure,132071:2025:expenditure:approved:320849c6de61fb4c,assigned,07,"","",retained,項,akishima-eisei-hoken,
2025,expenditure,132071:2025:expenditure:approved:3212fc4bcac62ad1,assigned,01,"","",retained,款,somu,
2025,expenditure,132071:2025:expenditure:approved:321e7953e5fb6b1b,assigned,09,09.2,"",retained,項,akishima-kyoiku-chuto,
2025,expenditure,132071:2025:expenditure:approved:322151dd2d01132e,assigned,01,"","",retained,款,somu,
2025,expenditure,132071:2025:expenditure:approved:322c248a28320a6a,assigned,05,05.1,"",retained,項,akishima-eisei-seiso,
2025,expenditure,132071:2025:expenditure:approved:32340fe013b87bfa,assigned,06,06.1,"",retained,項,akishima-doboku-jutaku,
2025,expenditure,132071:2025:expenditure:approved:325064c1cb734eea,assigned,09,09.8,"",retained,項,akishima-kyoiku-gakko,
2025,expenditure,132071:2025:expenditure:approved:3257fe5d5e6b1e82,assigned,09,09.6,"",retained,目,akishima-hokentaiiku-kyushoku,
2025,expenditure,132071:2025:expenditure:approved:32779844eda1ab16,assigned,07,"","",retained,項,akishima-eisei-hoken,
2025,expenditure,132071:2025:expenditure:approved:32b079537c56a39a,assigned,10,"","",retained,款,minsei,
2025,expenditure,132071:2025:expenditure:approved:32cb1fcd595631f9,assigned,01,"","",retained,款,somu,
2025,expenditure,132071:2025:expenditure:approved:32d2b06d01156680,assigned,08,08.1,"",retained,目,akishima-toshikeikaku-kouen,
2025,expenditure,132071:2025:expenditure:approved:32da2eee18d1e005,assigned,01,"","",retained,款,somu,
2025,expenditure,132071:2025:expenditure:approved:32f3a92a39f87c27,assigned,04,04.5,"",retained,項,akishima-doboku-kanri,
2025,expenditure,132071:2025:expenditure:approved:330962e610220f8f,assigned,09,09.2,"",retained,項,akishima-kyoiku-chuto,
2025,expenditure,132071:2025:expenditure:approved:3317b2a96bdfc68a,assigned,08,08.1,"",retained,目,akishima-toshikeikaku-kouen,
2025,expenditure,132071:2025:expenditure:approved:33283fdd61b4bcdb,assigned,01,"","",retained,款,somu,
2025,expenditure,132071:2025:expenditure:approved:332c46a40e75b538,assigned,08,08.2,"",retained,目,akishima-shakaikyoiku-bunka,
2025,expenditure,132071:2025:expenditure:approved:3339d10552ec40d8,assigned,07,"","",retained,項,akishima-eisei-hoken,
2025,expenditure,132071:2025:expenditure:approved:333a1d6b87219fd8,assigned,10,"","",retained,款,minsei,
2025,expenditure,132071:2025:expenditure:approved:334fd47e915dfc4e,assigned,01,"","",retained,款,somu,
2025,expenditure,132071:2025:expenditure:approved:335178db27fd8e3c,assigned,06,06.1,"",retained,項,akishima-doboku-jutaku,
2025,expenditure,132071:2025:expenditure:approved:33599b4cb4ddc04c,assigned,09,09.1,"",retained,項,akishima-kyoiku-shoto,
2025,expenditure,132071:2025:expenditure:approved:336d98f7a7c62367,assigned,05,05.1,"",retained,項,akishima-eisei-seiso,
2025,expenditure,132071:2025:expenditure:approved:3373500a7399bc7a,assigned,09,09.5,"",retained,項,akishima-shakaikyoiku-other,
2025,expenditure,132071:2025:expenditure:approved:338b645cc0f1b6f4,assigned,09,09.5,"",retained,項,akishima-shakaikyoiku-other,
2025,expenditure,132071:2025:expenditure:approved:338ced95bc57d0b6,assigned,03,03.2,"",retained,款,shobo,
2025,expenditure,132071:2025:expenditure:approved:3391f8e7ec947cc5,assigned,10,"","",retained,款,minsei,
2025,expenditure,132071:2025:expenditure:approved:33cf9fb6c4beba21,assigned,01,"","",retained,款,somu,
2025,expenditure,132071:2025:expenditure:approved:33feed438e52316a,assigned,01,"","",retained,款,somu,
2025,expenditure,132071:2025:expenditure:approved:3412a198906f541d,assigned,08,08.2,"",retained,目,akishima-shakaikyoiku-bunka,
2025,expenditure,132071:2025:expenditure:approved:3424a95a978fe912,assigned,08,08.1,"",retained,項,akishima-hokentaiiku-other,
2025,expenditure,132071:2025:expenditure:approved:3429f948fce3c097,assigned,01,"","",retained,款,somu,
2025,expenditure,132071:2025:expenditure:approved:3431fbbed837d785,assigned,01,"","",retained,款,somu,
2025,expenditure,132071:2025:expenditure:approved:34348d7c2a4749dc,assigned,10,"","",retained,款,minsei,
2025,expenditure,132071:2025:expenditure:approved:3437fbfff6cc7713,assigned,07,"","",retained,項,akishima-eisei-hoken,
2025,expenditure,132071:2025:expenditure:approved:3454c66995c50cd4,assigned,01,"","",retained,款,somu,
2025,expenditure,132071:2025:expenditure:approved:3468183ecb09c901,assigned,09,09.2,"",retained,項,akishima-kyoiku-chuto,
2025,expenditure,132071:2025:expenditure:approved:3471dfbb1e6c9fd2,assigned,05,05.1,"",retained,項,akishima-eisei-seiso,
2025,expenditure,132071:2025:expenditure:approved:3475d9647f7bf524,assigned,10,"","",retained,款,minsei,
2025,expenditure,132071:2025:expenditure:approved:34764da7ca929819,assigned,01,"","",retained,款,somu,
2025,expenditure,132071:2025:expenditure:approved:34816787cadbf94a,assigned,10,"","",retained,款,minsei,
2025,expenditure,132071:2025:expenditure:approved:3483de582f449597,assigned,04,04.2,"",retained,款,norin,
2025,expenditure,132071:2025:expenditure:approved:348ffc3df90bece3,assigned,01,"","",retained,款,somu,
2025,expenditure,132071:2025:expenditure:approved:34a49b81a4868531,assigned,01,"","",retained,款,somu,
2025,expenditure,132071:2025:expenditure:approved:34adfedcacb3aea7,assigned,09,09.5,"",retained,項,akishima-shakaikyoiku-other,
2025,expenditure,132071:2025:expenditure:approved:34d27d4433cf85df,assigned,07,"","",retained,項,akishima-eisei-hoken,
2025,expenditure,132071:2025:expenditure:approved:34e66ebd03ffc052,assigned,09,09.1,"",retained,項,akishima-kyoiku-shoto,
2025,expenditure,132071:2025:expenditure:approved:34e6f512791be1db,assigned,03,03.2,"",retained,款,shobo,
2025,expenditure,132071:2025:expenditure:approved:34ff6c15e8f52dfa,assigned,09,09.2,"",retained,項,akishima-kyoiku-chuto,
2025,expenditure,132071:2025:expenditure:approved:3505c32c8728931c,assigned,01,"","",retained,款,somu,
2025,expenditure,132071:2025:expenditure:approved:3524872bf0a2bb74,assigned,09,09.1,"",retained,項,akishima-kyoiku-shoto,
2025,expenditure,132071:2025:expenditure:approved:353a81ed4db73916,assigned,09,09.2,"",retained,項,akishima-kyoiku-chuto,
2025,expenditure,132071:2025:expenditure:approved:3551414d26ad151a,assigned,03,03.2,"",retained,款,shobo,
2025,expenditure,132071:2025:expenditure:approved:3574bffc3c650df0,assigned,01,"","",retained,款,somu,
2025,expenditure,132071:2025:expenditure:approved:35760646b4e322c6,assigned,10,"","",retained,款,minsei,
2025,expenditure,132071:2025:expenditure:approved:3583878eb997a7d2,assigned,08,08.2,"",retained,目,akishima-shakaikyoiku-bunka,
2025,expenditure,132071:2025:expenditure:approved:358c55ecb73fa502,assigned,09,09.8,"",retained,項,akishima-kyoiku-gakko,
2025,expenditure,132071:2025:expenditure:approved:35ad683ec754f54e,assigned,10,"","",retained,款,minsei,
2025,expenditure,132071:2025:expenditure:approved:35c7bbb760ccb5ef,assigned,04,04.5,04.5.1,retained,項,akishima-doboku-doro,
2025,expenditure,132071:2025:expenditure:approved:35ce986f3bb1d364,assigned,07,"","",retained,項,akishima-eisei-hoken,
2025,expenditure,132071:2025:expenditure:approved:35f0e49322ff9d99,assigned,09,09.8,"",retained,項,akishima-kyoiku-gakko,
2025,expenditure,132071:2025:expenditure:approved:362931232a2aa084,assigned,09,09.5,"",retained,項,akishima-shakaikyoiku-other,
2025,expenditure,132071:2025:expenditure:approved:36321a44e2055d3b,assigned,07,"","",retained,項,akishima-eisei-hoken,
2025,expenditure,132071:2025:expenditure:approved:3680591dca4f23fb,assigned,10,"","",retained,款,minsei,
2025,expenditure,132071:2025:expenditure:approved:36abbe15f8d5fafd,assigned,07,"","",retained,項,akishima-eisei-hoken,
2025,expenditure,132071:2025:expenditure:approved:36ae1a2c5b8d4edf,assigned,07,"","",retained,項,akishima-eisei-hoken,
2025,expenditure,132071:2025:expenditure:approved:36b0b792b360d9f8,assigned,10,"","",retained,款,minsei,
2025,expenditure,132071:2025:expenditure:approved:36eec92edf6e41a6,assigned,09,09.1,"",retained,項,akishima-kyoiku-shoto,
2025,expenditure,132071:2025:expenditure:approved:36f57d9c1f92f958,assigned,10,"","",retained,款,minsei,
2025,expenditure,132071:2025:expenditure:approved:36f6d013175af863,assigned,09,09.8,"",retained,項,akishima-kyoiku-gakko,
2025,expenditure,132071:2025:expenditure:approved:36fc5e7b80842a7d,assigned,03,03.2,"",retained,款,shobo,
2025,expenditure,132071:2025:expenditure:approved:3706c3a62140b405,assigned,01,"","",retained,款,somu,
2025,expenditure,132071:2025:expenditure:approved:37170223576cd850,assigned,10,"","",retained,款,minsei,
2025,expenditure,132071:2025:expenditure:approved:37233ddc55df92b6,assigned,10,"","",retained,款,minsei,
2025,expenditure,132071:2025:expenditure:approved:3725a273ac771645,assigned,07,"","",retained,項,akishima-eisei-hoken,
2025,expenditure,132071:2025:expenditure:approved:37284592db8e41a4,assigned,09,09.1,"",retained,項,akishima-kyoiku-shoto,
2025,expenditure,132071:2025:expenditure:approved:37297ed4c13cc772,assigned,09,09.8,"",retained,項,akishima-kyoiku-gakko,
2025,expenditure,132071:2025:expenditure:approved:3741d160a8cf0fa9,assigned,10,"","",retained,款,minsei,
2025,expenditure,132071:2025:expenditure:approved:37452205e970ebbf,assigned,10,"","",retained,款,minsei,
2025,expenditure,132071:2025:expenditure:approved:375b41e38f822472,assigned,03,03.2,"",retained,款,shobo,
2025,expenditure,132071:2025:expenditure:approved:376d978a5e29168c,assigned,10,"","",retained,款,minsei,
2025,expenditure,132071:2025:expenditure:approved:37824121ce61c212,assigned,10,"","",retained,款,minsei,
2025,expenditure,132071:2025:expenditure:approved:378617a0cc60e245,assigned,10,"","",retained,款,minsei,
2025,expenditure,132071:2025:expenditure:approved:379ba078eb23e454,assigned,08,08.2,"",retained,目,akishima-shakaikyoiku-bunka,
2025,expenditure,132071:2025:expenditure:approved:37a5cdc04cbf1f71,assigned,01,"","",retained,款,somu,
2025,expenditure,132071:2025:expenditure:approved:37bfb0956d4eb32d,assigned,07,"","",retained,項,akishima-eisei-hoken,
2025,expenditure,132071:2025:expenditure:approved:37caab7cf2b0fddf,assigned,04,04.7,"",retained,款,shoko,
2025,expenditure,132071:2025:expenditure:approved:37d58f3561f28107,assigned,08,08.2,"",retained,目,akishima-shakaikyoiku-bunka,
2025,expenditure,132071:2025:expenditure:approved:37d72a187f6a8ea2,assigned,01,"","",retained,款,somu,
2025,expenditure,132071:2025:expenditure:approved:37e39f69e1aad16f,assigned,10,"","",retained,款,minsei,
2025,expenditure,132071:2025:expenditure:approved:37e7994916546b60,assigned,07,"","",retained,項,akishima-eisei-hoken,
2025,expenditure,132071:2025:expenditure:approved:37e9afe48ad7e419,assigned,09,09.5,"",retained,項,akishima-shakaikyoiku-other,
2025,expenditure,132071:2025:expenditure:approved:37eed7cd0f5c28c3,assigned,08,08.1,"",retained,項,akishima-hokentaiiku-other,
2025,expenditure,132071:2025:expenditure:approved:3822830732bc3cac,assigned,01,"","",retained,款,somu,
2025,expenditure,132071:2025:expenditure:approved:3824b82a20ddd293,assigned,04,04.5,04.5.1,retained,項,akishima-doboku-doro,
2025,expenditure,132071:2025:expenditure:approved:385df3e70dfabf1a,assigned,01,01.1,"",retained,款,gikai,
2025,expenditure,132071:2025:expenditure:approved:385eb50d6eeeadc3,assigned,04,04.7,"",retained,款,shoko,
2025,expenditure,132071:2025:expenditure:approved:386b483acbd0205c,assigned,10,"","",retained,款,minsei,
2025,expenditure,132071:2025:expenditure:approved:3873bf19cf93b1e7,assigned,10,"","",retained,款,minsei,
2025,expenditure,132071:2025:expenditure:approved:3876ebbf9facf8b9,assigned,09,09.1,"",retained,項,akishima-kyoiku-shoto,
2025,expenditure,132071:2025:expenditure:approved:388fcf190b669ee7,assigned,08,08.2,"",retained,目,akishima-shakaikyoiku-bunka,
2025,expenditure,132071:2025:expenditure:approved:3894219f92c73364,assigned,07,"","",retained,項,akishima-eisei-hoken,
2025,expenditure,132071:2025:expenditure:approved:38ba88e3926d45d3,assigned,08,08.1,"",retained,項,akishima-hokentaiiku-other,
2025,expenditure,132071:2025:expenditure:approved:38db5cf987ddaa19,assigned,05,05.1,"",retained,項,akishima-eisei-seiso,
2025,expenditure,132071:2025:expenditure:approved:38f24f055403af85,assigned,10,"","",retained,款,minsei,
2025,expenditure,132071:2025:expenditure:approved:38fe486ca571f522,assigned,10,"","",retained,款,minsei,
2025,expenditure,132071:2025:expenditure:approved:390224c782a8c999,assigned,07,"","",retained,項,akishima-eisei-hoken,
2025,expenditure,132071:2025:expenditure:approved:391d52a13085b342,assigned,01,"","",retained,款,somu,
2025,expenditure,132071:2025:expenditure:approved:391f2ca0339f368c,assigned,04,04.5,"",retained,項,akishima-doboku-kanri,
2025,expenditure,132071:2025:expenditure:approved:39218a205c2c5272,assigned,01,"","",retained,款,somu,
2025,expenditure,132071:2025:expenditure:approved:3931083dd9303bde,assigned,10,"","",retained,款,minsei,
2025,expenditure,132071:2025:expenditure:approved:3935961c6a9ca950,assigned,01,"","",retained,款,somu,
2025,expenditure,132071:2025:expenditure:approved:3945d082be46a001,assigned,10,"","",retained,款,minsei,
2025,expenditure,132071:2025:expenditure:approved:395dce7bd920787f,assigned,03,03.2,"",retained,款,shobo,
2025,expenditure,132071:2025:expenditure:approved:396bada460a03101,assigned,01,"","",retained,款,somu,
2025,expenditure,132071:2025:expenditure:approved:3972ad8f6d2ded7a,assigned,04,04.5,"",retained,項,akishima-doboku-kanri,
2025,expenditure,132071:2025:expenditure:approved:3974e11c85264e76,assigned,10,"","",retained,款,minsei,
2025,expenditure,132071:2025:expenditure:approved:398c7375acb1c969,assigned,01,01.1,"",retained,款,gikai,
2025,expenditure,132071:2025:expenditure:approved:399e749993bd20da,assigned,04,04.5,04.5.1,retained,項,akishima-doboku-doro,
2025,expenditure,132071:2025:expenditure:approved:39d6c7a6c7ff5fd6,assigned,07,"","",retained,項,akishima-eisei-hoken,
2025,expenditure,132071:2025:expenditure:approved:39dd3a590b11195f,assigned,10,"","",retained,款,minsei,
2025,expenditure,132071:2025:expenditure:approved:39deca8af3a75974,assigned,07,"","",retained,項,akishima-eisei-hoken,
2025,expenditure,132071:2025:expenditure:approved:3a034bd80dc92866,assigned,04,04.5,04.5.1,retained,項,akishima-doboku-doro,
2025,expenditure,132071:2025:expenditure:approved:3a273f4fc9bbc70d,assigned,10,"","",retained,款,minsei,
2025,expenditure,132071:2025:expenditure:approved:3a2c72e82a4b3369,assigned,01,"","",retained,款,somu,
2025,expenditure,132071:2025:expenditure:approved:3a31fd1853419e7d,assigned,06,06.2,"",retained,項,akishima-toshikeikaku-other,
2025,expenditure,132071:2025:expenditure:approved:3a42d31e7e578366,assigned,01,"","",retained,款,somu,
2025,expenditure,132071:2025:expenditure:approved:3a46a860a99eee2b,assigned,09,09.1,"",retained,項,akishima-kyoiku-shoto,
2025,expenditure,132071:2025:expenditure:approved:3a5a5d610304a704,assigned,09,09.8,"",retained,項,akishima-kyoiku-gakko,
2025,expenditure,132071:2025:expenditure:approved:3a66a5f06d91337c,assigned,08,08.1,"",retained,目,akishima-toshikeikaku-kouen,
2025,expenditure,132071:2025:expenditure:approved:3a6c1ae863385fbf,assigned,01,"","",retained,款,somu,
2025,expenditure,132071:2025:expenditure:approved:3a6f68911669560b,assigned,07,"","",retained,項,akishima-eisei-hoken,
2025,expenditure,132071:2025:expenditure:approved:3a719ceec01ccd5a,assigned,10,"","",retained,款,minsei,
2025,expenditure,132071:2025:expenditure:approved:3a746d154cb163a1,assigned,01,"","",retained,款,somu,
2025,expenditure,132071:2025:expenditure:approved:3a80725c99704928,assigned,04,04.1,04.1.2,retained,款,rodo,
2025,expenditure,132071:2025:expenditure:approved:3a92326e2ed4cc2c,assigned,01,"","",retained,款,somu,
2025,expenditure,132071:2025:expenditure:approved:3aa861b0bee08110,assigned,01,"","",retained,款,somu,
2025,expenditure,132071:2025:expenditure:approved:3aca5b288fcee92c,assigned,09,09.6,"",retained,目,akishima-hokentaiiku-kyushoku,
2025,expenditure,132071:2025:expenditure:approved:3ad9a36e42e49e7e,assigned,07,"","",retained,項,akishima-eisei-hoken,
2025,expenditure,132071:2025:expenditure:approved:3aef574aa53ac26e,assigned,04,04.1,04.1.2,retained,款,rodo,
2025,expenditure,132071:2025:expenditure:approved:3af221899348bcbd,assigned,10,"","",retained,款,minsei,
2025,expenditure,132071:2025:expenditure:approved:3afd588135d62f3e,assigned,01,"","",retained,款,somu,
2025,expenditure,132071:2025:expenditure:approved:3b09b3bbd6482fb1,out-of-scope,"","","",retained,節,fund-accumulation,
2025,expenditure,132071:2025:expenditure:approved:3b3c6e861e6bca73,assigned,10,"","",retained,款,minsei,
2025,expenditure,132071:2025:expenditure:approved:3b4319edb34ee258,assigned,09,09.6,"",retained,目,akishima-hokentaiiku-kyushoku,
2025,expenditure,132071:2025:expenditure:approved:3b53f2f6991aaf30,assigned,08,08.2,"",retained,目,akishima-shakaikyoiku-bunka,
2025,expenditure,132071:2025:expenditure:approved:3b53f53721f4be24,assigned,10,"","",retained,款,minsei,
2025,expenditure,132071:2025:expenditure:approved:3b59bdf825339950,assigned,10,"","",retained,款,minsei,
2025,expenditure,132071:2025:expenditure:approved:3b6565e2e824e3a3,assigned,09,09.1,"",retained,項,akishima-kyoiku-shoto,
2025,expenditure,132071:2025:expenditure:approved:3b87d2c726e9f6b1,assigned,01,"","",retained,款,somu,
2025,expenditure,132071:2025:expenditure:approved:3ba89cd86c013cdb,assigned,09,09.2,"",retained,項,akishima-kyoiku-chuto,
2025,expenditure,132071:2025:expenditure:approved:3bac9d017535b07d,assigned,09,09.6,"",retained,目,akishima-hokentaiiku-kyushoku,
2025,expenditure,132071:2025:expenditure:approved:3bb70b38499a943f,assigned,09,09.1,"",retained,項,akishima-kyoiku-shoto,
2025,expenditure,132071:2025:expenditure:approved:3bbe38aff09cd39f,assigned,04,04.5,04.5.1,retained,項,akishima-doboku-doro,
2025,expenditure,132071:2025:expenditure:approved:3bc2dcc7b5f6fd39,assigned,09,09.2,"",retained,項,akishima-kyoiku-chuto,
2025,expenditure,132071:2025:expenditure:approved:3bcac1745dfdf659,assigned,05,05.1,"",retained,項,akishima-eisei-seiso,
2025,expenditure,132071:2025:expenditure:approved:3bd4fea507f5ae75,assigned,01,"","",retained,款,somu,
2025,expenditure,132071:2025:expenditure:approved:3bd50474c0340a06,assigned,03,03.2,"",retained,款,shobo,
2025,expenditure,132071:2025:expenditure:approved:3be244c653f90578,assigned,10,"","",retained,款,minsei,
2025,expenditure,132071:2025:expenditure:approved:3c0114a0f0f7904e,assigned,01,"","",retained,款,somu,
2025,expenditure,132071:2025:expenditure:approved:3c2269c8e2723ffc,assigned,09,09.8,"",retained,項,akishima-kyoiku-gakko,
2025,expenditure,132071:2025:expenditure:approved:3c22a9e2194eb8e7,assigned,05,05.1,"",retained,項,akishima-eisei-seiso,
2025,expenditure,132071:2025:expenditure:approved:3c39880f4b494f89,assigned,08,08.2,"",retained,目,akishima-shakaikyoiku-bunka,
2025,expenditure,132071:2025:expenditure:approved:3c4987c7cc5837ba,assigned,08,08.2,"",retained,目,akishima-shakaikyoiku-bunka,
2025,expenditure,132071:2025:expenditure:approved:3c7c766098a17372,assigned,09,09.5,"",retained,項,akishima-shakaikyoiku-other,
2025,expenditure,132071:2025:expenditure:approved:3ca85c2f1bbe002e,assigned,08,08.1,"",retained,項,akishima-hokentaiiku-other,
2025,expenditure,132071:2025:expenditure:approved:3cad184b281bc987,assigned,10,"","",retained,款,minsei,
2025,expenditure,132071:2025:expenditure:approved:3cc61d79a11da1e3,assigned,09,09.2,"",retained,項,akishima-kyoiku-chuto,
2025,expenditure,132071:2025:expenditure:approved:3ccd2293595d7eed,assigned,07,"","",retained,項,akishima-eisei-hoken,
2025,expenditure,132071:2025:expenditure:approved:3cce3b317fea24a1,assigned,09,09.2,"",retained,項,akishima-kyoiku-chuto,
2025,expenditure,132071:2025:expenditure:approved:3cde3021d480f4c9,assigned,01,"","",retained,款,somu,
2025,expenditure,132071:2025:expenditure:approved:3d36a4757ff675e7,assigned,01,"","",retained,款,somu,
2025,expenditure,132071:2025:expenditure:approved:3d4ead6dcb244a97,assigned,01,"","",retained,款,somu,
2025,expenditure,132071:2025:expenditure:approved:3d6023d207f1f0eb,assigned,09,09.1,"",retained,項,akishima-kyoiku-shoto,
2025,expenditure,132071:2025:expenditure:approved:3d9388e6d77a9434,assigned,10,"","",retained,款,minsei,
2025,expenditure,132071:2025:expenditure:approved:3dbd845d7411aeff,assigned,01,"","",retained,款,somu,
2025,expenditure,132071:2025:expenditure:approved:3dda036490672aff,assigned,07,"","",retained,項,akishima-eisei-hoken,
2025,expenditure,132071:2025:expenditure:approved:3ddd94af163b9fb2,assigned,08,08.1,"",retained,項,akishima-hokentaiiku-other,
2025,expenditure,132071:2025:expenditure:approved:3dee29d3a0e79fd1,assigned,10,"","",retained,款,minsei,
2025,expenditure,132071:2025:expenditure:approved:3dee7029aeaf2b7e,assigned,05,05.1,"",retained,項,akishima-eisei-seiso,
2025,expenditure,132071:2025:expenditure:approved:3df321b8ef34ccf6,assigned,01,"","",retained,款,somu,
2025,expenditure,132071:2025:expenditure:approved:3dffc99dcb7c89b7,assigned,08,08.1,"",retained,項,akishima-hokentaiiku-other,
2025,expenditure,132071:2025:expenditure:approved:3e130a2d04d2303b,assigned,10,"","",retained,款,minsei,
2025,expenditure,132071:2025:expenditure:approved:3e223b12ebc00a9e,assigned,07,"","",retained,項,akishima-eisei-hoken,
2025,expenditure,132071:2025:expenditure:approved:3e34f9e9cb241f3a,assigned,01,"","",retained,款,somu,
2025,expenditure,132071:2025:expenditure:approved:3e365c1c25077112,assigned,04,04.1,04.1.2,retained,款,rodo,
2025,expenditure,132071:2025:expenditure:approved:3e4955222cb2841d,assigned,10,"","",retained,款,minsei,
2025,expenditure,132071:2025:expenditure:approved:3e4e8ae8644a764a,assigned,01,"","",retained,款,somu,
2025,expenditure,132071:2025:expenditure:approved:3e5470e394977cd0,assigned,01,"","",retained,款,somu,
2025,expenditure,132071:2025:expenditure:approved:3e6de7f6dc0a2d2a,assigned,06,06.2,"",retained,項,akishima-toshikeikaku-other,
2025,expenditure,132071:2025:expenditure:approved:3e8b374fe08cee00,assigned,01,"","",retained,款,somu,
2025,expenditure,132071:2025:expenditure:approved:3e8b85a80c29ca40,assigned,08,08.1,"",retained,項,akishima-hokentaiiku-other,
2025,expenditure,132071:2025:expenditure:approved:3e8e6250bb0630eb,assigned,10,"","",retained,款,minsei,
2025,expenditure,132071:2025:expenditure:approved:3e8fdb7499c48eef,assigned,04,04.2,"",retained,款,norin,
2025,expenditure,132071:2025:expenditure:approved:3eaf29e9d2dcd9b0,assigned,01,"","",retained,款,somu,
2025,expenditure,132071:2025:expenditure:approved:3eb16f7159619b42,assigned,04,04.5,04.5.1,retained,項,akishima-doboku-doro,
2025,expenditure,132071:2025:expenditure:approved:3ec64eaf595d4c91,assigned,10,"","",retained,款,minsei,
2025,expenditure,132071:2025:expenditure:approved:3edef0003d7d9b0e,assigned,01,"","",retained,款,somu,
2025,expenditure,132071:2025:expenditure:approved:3ee5bd94eb76cc34,assigned,08,08.1,"",retained,項,akishima-hokentaiiku-other,
2025,expenditure,132071:2025:expenditure:approved:3f1b34760a9098e2,assigned,07,"","",retained,項,akishima-eisei-hoken,
2025,expenditure,132071:2025:expenditure:approved:3f236c1bdb8bc78f,assigned,10,"","",retained,款,minsei,
2025,expenditure,132071:2025:expenditure:approved:3f2934bc524f3d70,assigned,01,"","",retained,款,somu,
2025,expenditure,132071:2025:expenditure:approved:3f2b9cc559b3f1eb,assigned,01,"","",retained,款,somu,
2025,expenditure,132071:2025:expenditure:approved:3f4591e05ac1ec59,assigned,01,"","",retained,款,somu,
2025,expenditure,132071:2025:expenditure:approved:3f5cf45691f0e1cc,assigned,04,04.5,04.5.1,retained,項,akishima-doboku-doro,
2025,expenditure,132071:2025:expenditure:approved:3f5eb4696e8d9b84,assigned,10,"","",retained,款,minsei,
2025,expenditure,132071:2025:expenditure:approved:3f652e1442e1df56,assigned,07,"","",retained,項,akishima-eisei-hoken,
2025,expenditure,132071:2025:expenditure:approved:3f721e6f2dd3350d,assigned,10,"","",retained,款,minsei,
2025,expenditure,132071:2025:expenditure:approved:3f95c6066970213c,assigned,01,"","",retained,款,somu,
2025,expenditure,132071:2025:expenditure:approved:3f9bb87e2f442df6,assigned,07,"","",retained,項,akishima-eisei-hoken,
2025,expenditure,132071:2025:expenditure:approved:3f9d675ec84a820d,assigned,07,"","",retained,項,akishima-eisei-hoken,
2025,expenditure,132071:2025:expenditure:approved:3facf4a88d94c564,assigned,01,"","",retained,款,somu,
2025,expenditure,132071:2025:expenditure:approved:3fafd5c0b13c6010,assigned,09,09.1,"",retained,項,akishima-kyoiku-shoto,
2025,expenditure,132071:2025:expenditure:approved:3fb744f487c453c6,assigned,07,"","",retained,項,akishima-eisei-hoken,
2025,expenditure,132071:2025:expenditure:approved:3fb9a21726ba6c42,assigned,01,"","",retained,款,somu,
2025,expenditure,132071:2025:expenditure:approved:3fbddfe7e1977cb0,assigned,09,09.2,"",retained,項,akishima-kyoiku-chuto,
2025,expenditure,132071:2025:expenditure:approved:3fd99a27cda06bdc,assigned,10,"","",retained,款,minsei,
2025,expenditure,132071:2025:expenditure:approved:3fdef666f15a71aa,assigned,10,"","",retained,款,minsei,
2025,expenditure,132071:2025:expenditure:approved:4004768c1268c1dc,assigned,10,"","",retained,款,minsei,
2025,expenditure,132071:2025:expenditure:approved:40080a00f4256fbd,assigned,04,04.1,04.1.2,retained,款,rodo,
2025,expenditure,132071:2025:expenditure:approved:40096a223d5b94ad,assigned,05,05.1,"",retained,項,akishima-eisei-seiso,
2025,expenditure,132071:2025:expenditure:approved:40183ff933c07716,assigned,09,09.5,"",retained,項,akishima-shakaikyoiku-other,
2025,expenditure,132071:2025:expenditure:approved:4067927ee65b5c33,assigned,09,09.2,"",retained,項,akishima-kyoiku-chuto,
2025,expenditure,132071:2025:expenditure:approved:406e142bde61ee2e,assigned,09,09.2,"",retained,項,akishima-kyoiku-chuto,
2025,expenditure,132071:2025:expenditure:approved:40999c88b882dd7b,assigned,08,08.1,"",retained,目,akishima-toshikeikaku-kouen,
2025,expenditure,132071:2025:expenditure:approved:40a769de35f4ddef,assigned,10,"","",retained,款,minsei,
2025,expenditure,132071:2025:expenditure:approved:40b54ccf5549ac42,assigned,04,04.1,04.1.2,retained,款,rodo,
2025,expenditure,132071:2025:expenditure:approved:40b82bfca2c65fb9,assigned,09,09.8,"",retained,項,akishima-kyoiku-gakko,
2025,expenditure,132071:2025:expenditure:approved:41041a964ec34141,assigned,01,"","",retained,款,somu,
2025,expenditure,132071:2025:expenditure:approved:4126b07a221076a0,assigned,01,"","",retained,款,somu,
2025,expenditure,132071:2025:expenditure:approved:4135a128fbd05537,assigned,10,"","",retained,款,minsei,
2025,expenditure,132071:2025:expenditure:approved:41363c348b8261ee,assigned,01,"","",retained,款,somu,
2025,expenditure,132071:2025:expenditure:approved:41515ec1dbce122c,assigned,09,09.5,"",retained,項,akishima-shakaikyoiku-other,
2025,expenditure,132071:2025:expenditure:approved:416bce0970d3021e,assigned,08,08.2,"",retained,目,akishima-shakaikyoiku-bunka,
2025,expenditure,132071:2025:expenditure:approved:41790ded58ffccbc,assigned,05,05.1,"",retained,項,akishima-eisei-seiso,
2025,expenditure,132071:2025:expenditure:approved:419925c4697b531c,assigned,08,08.2,"",retained,目,akishima-shakaikyoiku-bunka,
2025,expenditure,132071:2025:expenditure:approved:41a8ffb5a4500720,assigned,10,"","",retained,款,minsei,
2025,expenditure,132071:2025:expenditure:approved:41ca8146721ec66c,assigned,09,09.1,"",retained,項,akishima-kyoiku-shoto,
2025,expenditure,132071:2025:expenditure:approved:41e2338a73fa0c2a,assigned,04,04.1,04.1.2,retained,款,rodo,
2025,expenditure,132071:2025:expenditure:approved:41edd3c91439e49d,assigned,09,09.1,"",retained,項,akishima-kyoiku-shoto,
2025,expenditure,132071:2025:expenditure:approved:41f1c202626edc8f,assigned,01,"","",retained,款,somu,
2025,expenditure,132071:2025:expenditure:approved:41ffc5a9f24fc714,assigned,08,08.1,"",retained,項,akishima-hokentaiiku-other,
2025,expenditure,132071:2025:expenditure:approved:4200c59fcfe928a0,assigned,07,"","",retained,項,akishima-eisei-hoken,
2025,expenditure,132071:2025:expenditure:approved:42290c99f7727059,assigned,01,"","",retained,款,somu,
2025,expenditure,132071:2025:expenditure:approved:4233f5a70346fd77,assigned,07,"","",retained,項,akishima-eisei-hoken,
2025,expenditure,132071:2025:expenditure:approved:423e198c3ca774e4,assigned,01,"","",retained,款,somu,
2025,expenditure,132071:2025:expenditure:approved:426305b058931a28,assigned,01,"","",retained,款,somu,
2025,expenditure,132071:2025:expenditure:approved:427532974286dc55,assigned,07,"","",retained,項,akishima-eisei-hoken,
2025,expenditure,132071:2025:expenditure:approved:428376dc6ff925aa,assigned,09,09.1,"",retained,項,akishima-kyoiku-shoto,
2025,expenditure,132071:2025:expenditure:approved:42bbad196229b18b,assigned,05,05.1,"",retained,項,akishima-eisei-seiso,
2025,expenditure,132071:2025:expenditure:approved:42eaad5a62b12faf,assigned,05,05.1,"",retained,項,akishima-eisei-seiso,
2025,expenditure,132071:2025:expenditure:approved:42ee8018c68ea6cf,assigned,01,"","",retained,款,somu,
2025,expenditure,132071:2025:expenditure:approved:43107d3b00963482,assigned,01,"","",retained,款,somu,
2025,expenditure,132071:2025:expenditure:approved:431c13d18092d3de,assigned,08,08.1,"",retained,目,akishima-toshikeikaku-kouen,
2025,expenditure,132071:2025:expenditure:approved:43364127f2f62631,assigned,10,"","",retained,款,minsei,
2025,expenditure,132071:2025:expenditure:approved:4339f0c3328c8ea1,assigned,04,04.5,"",retained,項,akishima-doboku-kanri,
2025,expenditure,132071:2025:expenditure:approved:437c1fe015f2e4b1,assigned,04,04.5,04.5.1,retained,項,akishima-doboku-doro,
2025,expenditure,132071:2025:expenditure:approved:43806152e72b3d21,assigned,10,"","",retained,款,minsei,
2025,expenditure,132071:2025:expenditure:approved:438be58c23609dcf,assigned,08,08.1,"",retained,目,akishima-toshikeikaku-kouen,
2025,expenditure,132071:2025:expenditure:approved:43eb5df0f7c635cf,assigned,04,04.5,04.5.1,retained,項,akishima-doboku-doro,
2025,expenditure,132071:2025:expenditure:approved:43fe55addf6e13c9,assigned,09,09.5,"",retained,項,akishima-shakaikyoiku-other,
2025,expenditure,132071:2025:expenditure:approved:440b312e1c7184aa,assigned,08,08.1,"",retained,項,akishima-hokentaiiku-other,
2025,expenditure,132071:2025:expenditure:approved:4444f10c0e1aee98,assigned,01,"","",retained,款,somu,
2025,expenditure,132071:2025:expenditure:approved:4447f7a14e7fceb2,assigned,01,01.1,"",retained,款,gikai,
2025,expenditure,132071:2025:expenditure:approved:445de477fbf27021,assigned,08,08.1,"",retained,目,akishima-toshikeikaku-kouen,
2025,expenditure,132071:2025:expenditure:approved:4483b92988cbe62b,assigned,06,06.1,"",retained,項,akishima-doboku-jutaku,
2025,expenditure,132071:2025:expenditure:approved:448cd2c12c08addc,assigned,10,"","",retained,款,minsei,
2025,expenditure,132071:2025:expenditure:approved:44a663e0ff192f0e,assigned,01,"","",retained,款,somu,
2025,expenditure,132071:2025:expenditure:approved:451f3fe2f5cbbb21,assigned,10,"","",retained,款,minsei,
2025,expenditure,132071:2025:expenditure:approved:452d1f0962e5fdc7,assigned,10,"","",retained,款,minsei,
2025,expenditure,132071:2025:expenditure:approved:453c3b9579181cfe,assigned,07,"","",retained,項,akishima-eisei-hoken,
2025,expenditure,132071:2025:expenditure:approved:455fa1242879b7a8,assigned,10,"","",retained,款,minsei,
2025,expenditure,132071:2025:expenditure:approved:4589b6a52f2f71a2,assigned,10,"","",retained,款,minsei,
2025,expenditure,132071:2025:expenditure:approved:45a823c0091c61c5,assigned,10,"","",retained,款,minsei,
2025,expenditure,132071:2025:expenditure:approved:45d45a38b12daf60,assigned,01,"","",retained,款,somu,
2025,expenditure,132071:2025:expenditure:approved:45e321115dd07b66,assigned,01,"","",retained,款,somu,
2025,expenditure,132071:2025:expenditure:approved:45e903d318931353,assigned,05,05.1,"",retained,項,akishima-eisei-seiso,
2025,expenditure,132071:2025:expenditure:approved:45efee2c0d80657b,assigned,09,09.1,"",retained,項,akishima-kyoiku-shoto,
2025,expenditure,132071:2025:expenditure:approved:45f10b08cb1062fc,assigned,01,"","",retained,款,somu,
2025,expenditure,132071:2025:expenditure:approved:460f94c25e307ea6,assigned,10,"","",retained,款,minsei,
2025,expenditure,132071:2025:expenditure:approved:460fa2af8142f67d,assigned,09,09.2,"",retained,項,akishima-kyoiku-chuto,
2025,expenditure,132071:2025:expenditure:approved:462dfb75b3059d58,assigned,08,08.1,"",retained,目,akishima-toshikeikaku-kouen,
2025,expenditure,132071:2025:expenditure:approved:462fde0a57058bc8,assigned,09,09.5,"",retained,項,akishima-shakaikyoiku-other,
2025,expenditure,132071:2025:expenditure:approved:4647de7e501b089b,assigned,09,09.2,"",retained,項,akishima-kyoiku-chuto,
2025,expenditure,132071:2025:expenditure:approved:46821422a43f3843,assigned,10,"","",retained,款,minsei,
2025,expenditure,132071:2025:expenditure:approved:468a3537ba5b4e56,assigned,10,"","",retained,款,minsei,
2025,expenditure,132071:2025:expenditure:approved:468cf1c4aca7ff0e,assigned,09,09.8,"",retained,項,akishima-kyoiku-gakko,
2025,expenditure,132071:2025:expenditure:approved:46b1f93661b59cb8,assigned,09,09.1,"",retained,項,akishima-kyoiku-shoto,
2025,expenditure,132071:2025:expenditure:approved:46c95443976d21b9,assigned,09,09.5,"",retained,項,akishima-shakaikyoiku-other,
2025,expenditure,132071:2025:expenditure:approved:46d78481a0672b35,assigned,10,"","",retained,款,minsei,
2025,expenditure,132071:2025:expenditure:approved:4719986165bc0807,assigned,08,08.2,"",retained,目,akishima-shakaikyoiku-bunka,
2025,expenditure,132071:2025:expenditure:approved:473002c5da689306,assigned,10,"","",retained,款,minsei,
2025,expenditure,132071:2025:expenditure:approved:474323ce9d3c1d9a,assigned,01,"","",retained,款,somu,
2025,expenditure,132071:2025:expenditure:approved:474939bf81c2bb56,assigned,01,"","",retained,款,somu,
2025,expenditure,132071:2025:expenditure:approved:476533b3c6c5139c,assigned,05,05.1,"",retained,項,akishima-eisei-seiso,
2025,expenditure,132071:2025:expenditure:approved:478fa38a65f0aaa8,assigned,10,"","",retained,款,minsei,
2025,expenditure,132071:2025:expenditure:approved:47b090bc15d91baa,assigned,01,"","",retained,款,somu,
2025,expenditure,132071:2025:expenditure:approved:47b286f74bd804ec,assigned,04,04.5,04.5.1,retained,項,akishima-doboku-doro,
2025,expenditure,132071:2025:expenditure:approved:47cff97a48896bcf,assigned,01,"","",retained,款,somu,
2025,expenditure,132071:2025:expenditure:approved:47dce1cc430e4535,assigned,04,04.1,04.1.2,retained,款,rodo,
2025,expenditure,132071:2025:expenditure:approved:48053eb8181136bf,assigned,08,08.1,"",retained,目,akishima-toshikeikaku-kouen,
2025,expenditure,132071:2025:expenditure:approved:4827524fb4e0d50c,assigned,10,"","",retained,款,minsei,
2025,expenditure,132071:2025:expenditure:approved:4827600c531c12d7,assigned,09,09.6,"",retained,目,akishima-hokentaiiku-kyushoku,
2025,expenditure,132071:2025:expenditure:approved:48344f5e17f9ccf9,assigned,09,09.8,"",retained,項,akishima-kyoiku-gakko,
2025,expenditure,132071:2025:expenditure:approved:4866e12035ac1065,assigned,09,09.5,"",retained,項,akishima-shakaikyoiku-other,
2025,expenditure,132071:2025:expenditure:approved:48681ccdeacfd8bf,assigned,10,"","",retained,款,minsei,
2025,expenditure,132071:2025:expenditure:approved:4890cce12ccdff91,assigned,10,"","",retained,款,minsei,
2025,expenditure,132071:2025:expenditure:approved:48a1ab110374fc41,assigned,05,05.1,"",retained,項,akishima-eisei-seiso,
2025,expenditure,132071:2025:expenditure:approved:48b7dcf1f525ca7d,assigned,10,"","",retained,款,minsei,
2025,expenditure,132071:2025:expenditure:approved:48b8db53e0293e3f,assigned,08,08.2,"",retained,目,akishima-shakaikyoiku-bunka,
2025,expenditure,132071:2025:expenditure:approved:49048c03b063ddac,assigned,05,05.1,"",retained,項,akishima-eisei-seiso,
2025,expenditure,132071:2025:expenditure:approved:490d2547094b5481,assigned,01,"","",retained,款,somu,
2025,expenditure,132071:2025:expenditure:approved:491109cb4ec5fc2f,assigned,07,"","",retained,項,akishima-eisei-hoken,
2025,expenditure,132071:2025:expenditure:approved:491711728d79b410,assigned,10,"","",retained,款,minsei,
2025,expenditure,132071:2025:expenditure:approved:492bd41c27cadb3b,assigned,01,"","",retained,款,somu,
2025,expenditure,132071:2025:expenditure:approved:492d810df5e5d25d,assigned,03,03.2,"",retained,款,shobo,
2025,expenditure,132071:2025:expenditure:approved:493273d5a4d900cf,assigned,10,"","",retained,款,minsei,
2025,expenditure,132071:2025:expenditure:approved:498f39f01eb089ba,assigned,08,08.2,"",retained,目,akishima-shakaikyoiku-bunka,
2025,expenditure,132071:2025:expenditure:approved:4996222430b4b2b8,assigned,09,09.8,"",retained,項,akishima-kyoiku-gakko,
2025,expenditure,132071:2025:expenditure:approved:499cc133ee8ae719,assigned,01,"","",retained,款,somu,
2025,expenditure,132071:2025:expenditure:approved:49a1845b3a2a812e,assigned,09,09.2,"",retained,項,akishima-kyoiku-chuto,
2025,expenditure,132071:2025:expenditure:approved:49b329e56215f067,assigned,01,"","",retained,款,somu,
2025,expenditure,132071:2025:expenditure:approved:49c351de37f53ce4,assigned,01,"","",retained,款,somu,
2025,expenditure,132071:2025:expenditure:approved:49d0a6167431b12a,assigned,01,"","",retained,款,somu,
2025,expenditure,132071:2025:expenditure:approved:49da4d26b7197d78,assigned,04,04.7,"",retained,款,shoko,
2025,expenditure,132071:2025:expenditure:approved:49eb7a8fb78d666a,assigned,07,"","",retained,項,akishima-eisei-hoken,
2025,expenditure,132071:2025:expenditure:approved:49f052d2a34f4299,assigned,01,"","",retained,款,somu,
2025,expenditure,132071:2025:expenditure:approved:49f6142d57475451,assigned,08,08.2,"",retained,目,akishima-shakaikyoiku-bunka,
2025,expenditure,132071:2025:expenditure:approved:49f6de1f33298bb4,assigned,09,09.5,"",retained,項,akishima-shakaikyoiku-other,
2025,expenditure,132071:2025:expenditure:approved:49ff53112c03fe3b,assigned,10,"","",retained,款,minsei,
2025,expenditure,132071:2025:expenditure:approved:4a0c0063191f3594,assigned,07,"","",retained,項,akishima-eisei-hoken,
2025,expenditure,132071:2025:expenditure:approved:4a264f17804d0516,assigned,01,"","",retained,款,somu,
2025,expenditure,132071:2025:expenditure:approved:4a3be18196faa587,assigned,10,"","",retained,款,minsei,
2025,expenditure,132071:2025:expenditure:approved:4a655ca63c076cc1,assigned,08,08.1,"",retained,項,akishima-hokentaiiku-other,
2025,expenditure,132071:2025:expenditure:approved:4a6c2d6f5a6f0540,assigned,01,"","",retained,款,somu,
2025,expenditure,132071:2025:expenditure:approved:4a7225934221b648,assigned,01,"","",retained,款,somu,
2025,expenditure,132071:2025:expenditure:approved:4a722c757a13b25b,assigned,10,"","",retained,款,minsei,
2025,expenditure,132071:2025:expenditure:approved:4a75d59496abbc85,assigned,09,09.8,"",retained,項,akishima-kyoiku-gakko,
2025,expenditure,132071:2025:expenditure:approved:4a853095b26bf422,assigned,10,"","",retained,款,minsei,
2025,expenditure,132071:2025:expenditure:approved:4a8b58a9be0ee7dd,assigned,08,08.2,"",retained,目,akishima-shakaikyoiku-bunka,
2025,expenditure,132071:2025:expenditure:approved:4ad143b09906a2d0,assigned,04,04.5,04.5.1,retained,項,akishima-doboku-doro,
2025,expenditure,132071:2025:expenditure:approved:4ae5f6f37731d966,assigned,04,04.7,"",retained,款,shoko,
2025,expenditure,132071:2025:expenditure:approved:4ae9d42a4c607076,assigned,07,"","",retained,項,akishima-eisei-hoken,
2025,expenditure,132071:2025:expenditure:approved:4afa94fd39d6b38f,assigned,10,"","",retained,款,minsei,
2025,expenditure,132071:2025:expenditure:approved:4afbd5ef5a1e1bf0,assigned,10,"","",retained,款,minsei,
2025,expenditure,132071:2025:expenditure:approved:4b16ba975cbcc197,assigned,01,"","",retained,款,somu,
2025,expenditure,132071:2025:expenditure:approved:4b2a29abce42e0e1,assigned,01,"","",retained,款,somu,
2025,expenditure,132071:2025:expenditure:approved:4b7dadcb48bc310f,assigned,09,09.5,"",retained,項,akishima-shakaikyoiku-other,
2025,expenditure,132071:2025:expenditure:approved:4b8ae9385b24db73,assigned,05,05.1,"",retained,項,akishima-eisei-seiso,
2025,expenditure,132071:2025:expenditure:approved:4ba2ce233d23391e,assigned,10,"","",retained,款,minsei,
2025,expenditure,132071:2025:expenditure:approved:4bc65001825796cb,assigned,10,"","",retained,款,minsei,
2025,expenditure,132071:2025:expenditure:approved:4bd99f19b751c8ff,assigned,04,04.2,"",retained,款,norin,
2025,expenditure,132071:2025:expenditure:approved:4bdcc5815d987942,assigned,01,"","",retained,款,somu,
2025,expenditure,132071:2025:expenditure:approved:4bddf3f112702e8d,assigned,07,"","",retained,項,akishima-eisei-hoken,
2025,expenditure,132071:2025:expenditure:approved:4be0312eaf7dcd72,assigned,10,"","",retained,款,minsei,
2025,expenditure,132071:2025:expenditure:approved:4be8cf835ece4bd7,assigned,04,04.2,"",retained,款,norin,
2025,expenditure,132071:2025:expenditure:approved:4bf9991d3502118d,assigned,07,"","",retained,項,akishima-eisei-hoken,
2025,expenditure,132071:2025:expenditure:approved:4c0aa0d01ed02c4e,assigned,07,"","",retained,項,akishima-eisei-hoken,
2025,expenditure,132071:2025:expenditure:approved:4c199a04525b1edb,assigned,09,09.1,"",retained,項,akishima-kyoiku-shoto,
2025,expenditure,132071:2025:expenditure:approved:4c21690b260e2578,assigned,09,09.5,"",retained,項,akishima-shakaikyoiku-other,
2025,expenditure,132071:2025:expenditure:approved:4c2d147c8676fa06,assigned,03,03.2,"",retained,款,shobo,
2025,expenditure,132071:2025:expenditure:approved:4c57675344de8771,assigned,04,04.7,"",retained,款,shoko,
2025,expenditure,132071:2025:expenditure:approved:4c8d2705cc570822,assigned,01,"","",retained,款,somu,
2025,expenditure,132071:2025:expenditure:approved:4c94230b23b9afaf,assigned,04,04.7,"",retained,款,shoko,
2025,expenditure,132071:2025:expenditure:approved:4ca8062296a7369a,assigned,10,"","",retained,款,minsei,
2025,expenditure,132071:2025:expenditure:approved:4cb3e289d709f88c,assigned,09,09.8,"",retained,項,akishima-kyoiku-gakko,
2025,expenditure,132071:2025:expenditure:approved:4cc00fac5c4196a2,assigned,09,09.5,"",retained,項,akishima-shakaikyoiku-other,
2025,expenditure,132071:2025:expenditure:approved:4cd498a831a46d8e,assigned,09,09.8,"",retained,項,akishima-kyoiku-gakko,
2025,expenditure,132071:2025:expenditure:approved:4ce68dd974a0c0fd,assigned,08,08.1,"",retained,項,akishima-hokentaiiku-other,
2025,expenditure,132071:2025:expenditure:approved:4cffb15bf2600102,assigned,01,"","",retained,款,somu,
2025,expenditure,132071:2025:expenditure:approved:4d057dba2bf91e8b,assigned,07,"","",retained,項,akishima-eisei-hoken,
2025,expenditure,132071:2025:expenditure:approved:4d095d079c513091,assigned,01,"","",retained,款,somu,
2025,expenditure,132071:2025:expenditure:approved:4d0cdd2f29ce3977,assigned,04,04.5,04.5.1,retained,項,akishima-doboku-doro,
2025,expenditure,132071:2025:expenditure:approved:4d1fad678a3cf5a6,assigned,10,"","",retained,款,minsei,
2025,expenditure,132071:2025:expenditure:approved:4d3833e455db4229,assigned,01,"","",retained,款,somu,
2025,expenditure,132071:2025:expenditure:approved:4d3bb858ec03436d,assigned,09,09.8,"",retained,項,akishima-kyoiku-gakko,
2025,expenditure,132071:2025:expenditure:approved:4d72886ce0becdc1,assigned,05,05.1,"",retained,項,akishima-eisei-seiso,
2025,expenditure,132071:2025:expenditure:approved:4d7e68bcacd8ce92,assigned,10,"","",retained,款,minsei,
2025,expenditure,132071:2025:expenditure:approved:4d8dcdecf8e7a803,assigned,01,"","",retained,款,somu,
2025,expenditure,132071:2025:expenditure:approved:4d8dfe52cbed6b75,assigned,10,"","",retained,款,minsei,
2025,expenditure,132071:2025:expenditure:approved:4d95b6d1dbe27265,assigned,10,"","",retained,款,minsei,
2025,expenditure,132071:2025:expenditure:approved:4d98837deeabad83,assigned,07,"","",retained,項,akishima-eisei-hoken,
2025,expenditure,132071:2025:expenditure:approved:4dae173eec63ddc1,assigned,04,04.7,"",retained,款,shoko,
2025,expenditure,132071:2025:expenditure:approved:4db8add617282d85,assigned,06,06.1,"",retained,項,akishima-doboku-jutaku,
2025,expenditure,132071:2025:expenditure:approved:4dc29fc3a10f12e0,assigned,07,"","",retained,項,akishima-eisei-hoken,
2025,expenditure,132071:2025:expenditure:approved:4de4005f5a1a1738,assigned,06,06.2,"",retained,項,akishima-toshikeikaku-other,
2025,expenditure,132071:2025:expenditure:approved:4decf553f316adbb,assigned,06,06.1,"",retained,項,akishima-doboku-jutaku,
2025,expenditure,132071:2025:expenditure:approved:4dfa09c8800b2f95,assigned,10,"","",retained,款,minsei,
2025,expenditure,132071:2025:expenditure:approved:4e027ff5d8a7a19e,assigned,10,"","",retained,款,minsei,
2025,expenditure,132071:2025:expenditure:approved:4e091bffc5ad9176,assigned,01,"","",retained,款,somu,
2025,expenditure,132071:2025:expenditure:approved:4e1ad738b02e90a4,assigned,01,"","",retained,款,somu,
2025,expenditure,132071:2025:expenditure:approved:4e1e72cb7caab3e4,assigned,01,"","",retained,款,somu,
2025,expenditure,132071:2025:expenditure:approved:4e373a71a7e88cd8,assigned,06,06.2,"",retained,項,akishima-toshikeikaku-other,
2025,expenditure,132071:2025:expenditure:approved:4e41bda314aaef6f,assigned,07,"","",retained,項,akishima-eisei-hoken,
2025,expenditure,132071:2025:expenditure:approved:4e556e04ef83596d,assigned,09,09.8,"",retained,項,akishima-kyoiku-gakko,
2025,expenditure,132071:2025:expenditure:approved:4e593576198c3ba7,assigned,01,"","",retained,款,somu,
2025,expenditure,132071:2025:expenditure:approved:4e87afc48210e6e9,assigned,01,"","",retained,款,somu,
2025,expenditure,132071:2025:expenditure:approved:4ea6e6f004e28f31,assigned,08,08.2,"",retained,目,akishima-shakaikyoiku-bunka,
2025,expenditure,132071:2025:expenditure:approved:4eb864e112e690e3,assigned,10,"","",retained,款,minsei,
2025,expenditure,132071:2025:expenditure:approved:4eba2770257744a0,assigned,09,09.1,"",retained,項,akishima-kyoiku-shoto,
2025,expenditure,132071:2025:expenditure:approved:4ed8a9e637551c16,assigned,09,09.1,"",retained,項,akishima-kyoiku-shoto,
2025,expenditure,132071:2025:expenditure:approved:4eec5c0db36709b4,assigned,09,09.8,"",retained,項,akishima-kyoiku-gakko,
2025,expenditure,132071:2025:expenditure:approved:4ef2fd1283f39f08,assigned,08,08.2,"",retained,目,akishima-shakaikyoiku-bunka,
2025,expenditure,132071:2025:expenditure:approved:4ef9813dc2d3da4f,assigned,03,03.2,"",retained,款,shobo,
2025,expenditure,132071:2025:expenditure:approved:4f0708c98a0c10cd,assigned,08,08.2,"",retained,目,akishima-shakaikyoiku-bunka,
2025,expenditure,132071:2025:expenditure:approved:4f1eb12d51d1c00a,assigned,10,"","",retained,款,minsei,
2025,expenditure,132071:2025:expenditure:approved:4f22835eee9b6e4c,assigned,01,"","",retained,款,somu,
2025,expenditure,132071:2025:expenditure:approved:4f5b2937d7c01b9b,assigned,10,"","",retained,款,minsei,
2025,expenditure,132071:2025:expenditure:approved:4f70ec3c9a39497c,assigned,09,09.8,"",retained,項,akishima-kyoiku-gakko,
2025,expenditure,132071:2025:expenditure:approved:4f7e8a7a3f7efae8,assigned,08,08.2,"",retained,目,akishima-shakaikyoiku-bunka,
2025,expenditure,132071:2025:expenditure:approved:4f9bad4bfc27b231,assigned,01,"","",retained,款,somu,
2025,expenditure,132071:2025:expenditure:approved:4fa8816978b78b6e,assigned,10,"","",retained,款,minsei,
2025,expenditure,132071:2025:expenditure:approved:4fbe0bf76b5b4615,assigned,10,"","",retained,款,minsei,
2025,expenditure,132071:2025:expenditure:approved:4fe52eeec2395271,assigned,09,09.1,"",retained,項,akishima-kyoiku-shoto,
2025,expenditure,132071:2025:expenditure:approved:4fe9156554122f2e,assigned,01,"","",retained,款,somu,
2025,expenditure,132071:2025:expenditure:approved:4ff4a819145f250d,assigned,05,05.1,"",retained,項,akishima-eisei-seiso,
2025,expenditure,132071:2025:expenditure:approved:4ffae548a5382f9f,assigned,01,"","",retained,款,somu,
2025,expenditure,132071:2025:expenditure:approved:4ffd4c431a8970dc,assigned,04,04.2,"",retained,款,norin,
2025,expenditure,132071:2025:expenditure:approved:5002c0ca1558d095,assigned,08,08.2,"",retained,目,akishima-shakaikyoiku-bunka,
2025,expenditure,132071:2025:expenditure:approved:50158c7a17fb468d,assigned,05,05.1,"",retained,項,akishima-eisei-seiso,
2025,expenditure,132071:2025:expenditure:approved:5029c4a0f1eccb3c,assigned,07,"","",retained,項,akishima-eisei-hoken,
2025,expenditure,132071:2025:expenditure:approved:503314ffb8fc5f31,assigned,09,09.6,"",retained,目,akishima-hokentaiiku-kyushoku,
2025,expenditure,132071:2025:expenditure:approved:503850192087758b,assigned,09,09.8,"",retained,項,akishima-kyoiku-gakko,
2025,expenditure,132071:2025:expenditure:approved:503c11ffc67058c8,assigned,01,01.1,"",retained,款,gikai,
2025,expenditure,132071:2025:expenditure:approved:505181a46c65aaf3,assigned,09,09.8,"",retained,項,akishima-kyoiku-gakko,
2025,expenditure,132071:2025:expenditure:approved:505229194d10c2ec,assigned,10,"","",retained,款,minsei,
2025,expenditure,132071:2025:expenditure:approved:5074bc8d9ca8b4bd,assigned,09,09.6,"",retained,目,akishima-hokentaiiku-kyushoku,
2025,expenditure,132071:2025:expenditure:approved:508908c24b7f7055,assigned,08,08.1,"",retained,項,akishima-hokentaiiku-other,
2025,expenditure,132071:2025:expenditure:approved:5095f5964128f5b5,assigned,09,09.1,"",retained,項,akishima-kyoiku-shoto,
2025,expenditure,132071:2025:expenditure:approved:50afcf337ade1cfa,assigned,07,"","",retained,項,akishima-eisei-hoken,
2025,expenditure,132071:2025:expenditure:approved:50c89ceb30c5d052,assigned,04,04.1,04.1.2,retained,款,rodo,
2025,expenditure,132071:2025:expenditure:approved:50d841a915f6b584,assigned,01,"","",retained,款,somu,
2025,expenditure,132071:2025:expenditure:approved:50e58d5c042bc21b,assigned,10,"","",retained,款,minsei,
2025,expenditure,132071:2025:expenditure:approved:50f4f73fc28a0aae,assigned,09,09.2,"",retained,項,akishima-kyoiku-chuto,
2025,expenditure,132071:2025:expenditure:approved:50f72717b4e0e953,assigned,07,"","",retained,項,akishima-eisei-hoken,
2025,expenditure,132071:2025:expenditure:approved:5115da38164ed6da,assigned,04,04.5,04.5.1,retained,目,akishima-toshikeikaku-gairo,
2025,expenditure,132071:2025:expenditure:approved:51199e527c648043,assigned,05,05.1,"",retained,項,akishima-eisei-seiso,
2025,expenditure,132071:2025:expenditure:approved:512296637e4f327a,assigned,05,05.1,"",retained,項,akishima-eisei-seiso,
2025,expenditure,132071:2025:expenditure:approved:512b8da2feb60c19,assigned,05,05.1,"",retained,項,akishima-eisei-seiso,
2025,expenditure,132071:2025:expenditure:approved:513bdfc6a48d8dde,assigned,01,"","",retained,款,somu,
2025,expenditure,132071:2025:expenditure:approved:5164c7f030a20083,assigned,08,08.1,"",retained,項,akishima-hokentaiiku-other,
2025,expenditure,132071:2025:expenditure:approved:5167018a759a532e,assigned,01,"","",retained,款,somu,
2025,expenditure,132071:2025:expenditure:approved:5183efba2193e53d,assigned,09,09.5,"",retained,項,akishima-shakaikyoiku-other,
2025,expenditure,132071:2025:expenditure:approved:5191b46840bb2c09,assigned,10,"","",retained,款,minsei,
2025,expenditure,132071:2025:expenditure:approved:51a0fcc35d0f7d05,assigned,04,04.2,"",retained,款,norin,
2025,expenditure,132071:2025:expenditure:approved:51a6a6174292ca52,assigned,08,08.1,"",retained,項,akishima-hokentaiiku-other,
2025,expenditure,132071:2025:expenditure:approved:51adef4cae0b6672,assigned,03,03.2,"",retained,款,shobo,
2025,expenditure,132071:2025:expenditure:approved:51d0f53b3ffdc0a1,assigned,09,09.8,"",retained,項,akishima-kyoiku-gakko,
2025,expenditure,132071:2025:expenditure:approved:51d10d843fb02422,assigned,01,"","",retained,款,somu,
2025,expenditure,132071:2025:expenditure:approved:51ee4b38c57fe309,assigned,09,09.8,"",retained,項,akishima-kyoiku-gakko,
2025,expenditure,132071:2025:expenditure:approved:51ee57fe960326e9,assigned,10,"","",retained,款,minsei,
2025,expenditure,132071:2025:expenditure:approved:51f970d9ffdb488f,assigned,01,01.1,"",retained,款,gikai,
2025,expenditure,132071:2025:expenditure:approved:5218e4eba5de6472,assigned,10,"","",retained,款,minsei,
2025,expenditure,132071:2025:expenditure:approved:5231089a2f51ff79,assigned,10,"","",retained,款,minsei,
2025,expenditure,132071:2025:expenditure:approved:528409be692ebdf3,assigned,10,"","",retained,款,minsei,
2025,expenditure,132071:2025:expenditure:approved:52912737c53e6fdf,assigned,10,"","",retained,款,minsei,
2025,expenditure,132071:2025:expenditure:approved:52b66fbab8e1c30f,assigned,01,"","",retained,款,somu,
2025,expenditure,132071:2025:expenditure:approved:52b8e5def9e7ff1f,assigned,10,"","",retained,款,minsei,
2025,expenditure,132071:2025:expenditure:approved:52c30d0e4e8ec47f,assigned,04,04.2,"",retained,款,norin,
2025,expenditure,132071:2025:expenditure:approved:52d39746060981d6,assigned,10,"","",retained,款,minsei,
2025,expenditure,132071:2025:expenditure:approved:52dccc02690809e7,assigned,08,08.1,"",retained,目,akishima-toshikeikaku-kouen,
2025,expenditure,132071:2025:expenditure:approved:52e0d33b200d7b8a,assigned,09,09.1,"",retained,項,akishima-kyoiku-shoto,
2025,expenditure,132071:2025:expenditure:approved:52e28edc7dc611e7,assigned,07,"","",retained,項,akishima-eisei-hoken,
2025,expenditure,132071:2025:expenditure:approved:52fc750cf58ff388,assigned,05,05.1,"",retained,項,akishima-eisei-seiso,
2025,expenditure,132071:2025:expenditure:approved:530adfb66dcfea36,assigned,03,03.2,"",retained,款,shobo,
2025,expenditure,132071:2025:expenditure:approved:530e88492a82ab75,assigned,01,"","",retained,款,somu,
2025,expenditure,132071:2025:expenditure:approved:53130673b129e68e,assigned,08,08.1,"",retained,目,akishima-toshikeikaku-kouen,
2025,expenditure,132071:2025:expenditure:approved:53158d545c1389f5,assigned,07,"","",retained,項,akishima-eisei-hoken,
2025,expenditure,132071:2025:expenditure:approved:531cbf83a6fd043d,assigned,10,"","",retained,款,minsei,
2025,expenditure,132071:2025:expenditure:approved:53241be0e0c70c93,assigned,09,09.8,"",retained,項,akishima-kyoiku-gakko,
2025,expenditure,132071:2025:expenditure:approved:53471200aefbbf40,assigned,09,09.6,"",retained,目,akishima-hokentaiiku-kyushoku,
2025,expenditure,132071:2025:expenditure:approved:535848ae5cfdbc08,assigned,07,"","",retained,項,akishima-eisei-hoken,
2025,expenditure,132071:2025:expenditure:approved:5366e5cfcd6fe2c6,assigned,09,09.8,"",retained,項,akishima-kyoiku-gakko,
2025,expenditure,132071:2025:expenditure:approved:536ba63fb26998df,assigned,01,"","",retained,款,somu,
2025,expenditure,132071:2025:expenditure:approved:53815ca1313d8af7,assigned,09,09.2,"",retained,項,akishima-kyoiku-chuto,
2025,expenditure,132071:2025:expenditure:approved:5397ba7ab0bc3d9c,assigned,09,09.2,"",retained,項,akishima-kyoiku-chuto,
2025,expenditure,132071:2025:expenditure:approved:53b2b47a23d6dbb8,assigned,09,09.6,"",retained,目,akishima-hokentaiiku-kyushoku,
2025,expenditure,132071:2025:expenditure:approved:53b8f6fd1172c6e3,assigned,08,08.1,"",retained,目,akishima-toshikeikaku-kouen,
2025,expenditure,132071:2025:expenditure:approved:53c7369bbb2b7feb,assigned,04,04.5,04.5.1,retained,項,akishima-doboku-doro,
2025,expenditure,132071:2025:expenditure:approved:53e52c4e71ba82af,assigned,08,08.2,"",retained,目,akishima-shakaikyoiku-bunka,
2025,expenditure,132071:2025:expenditure:approved:53e9306db70553c0,out-of-scope,"","","",retained,目,debt-principal,
2025,expenditure,132071:2025:expenditure:approved:53f5392b8f70cad8,assigned,04,04.7,"",retained,款,shoko,
2025,expenditure,132071:2025:expenditure:approved:5400981636ae1cd7,assigned,05,05.1,"",retained,項,akishima-eisei-seiso,
2025,expenditure,132071:2025:expenditure:approved:542250ae9c56b1e1,assigned,07,"","",retained,項,akishima-eisei-hoken,
2025,expenditure,132071:2025:expenditure:approved:54343349f1128e70,assigned,01,"","",retained,款,somu,
2025,expenditure,132071:2025:expenditure:approved:544536fa8cb65a98,assigned,09,09.2,"",retained,項,akishima-kyoiku-chuto,
2025,expenditure,132071:2025:expenditure:approved:54894eb9c283a0a9,assigned,07,"","",retained,項,akishima-eisei-hoken,
2025,expenditure,132071:2025:expenditure:approved:548af8dbb1341269,assigned,01,"","",retained,款,somu,
2025,expenditure,132071:2025:expenditure:approved:5497ecc717f4633c,assigned,08,08.2,"",retained,目,akishima-shakaikyoiku-bunka,
2025,expenditure,132071:2025:expenditure:approved:549e18a627884569,assigned,01,"","",retained,款,somu,
2025,expenditure,132071:2025:expenditure:approved:54fb9f60938d7d0d,assigned,07,"","",retained,項,akishima-eisei-hoken,
2025,expenditure,132071:2025:expenditure:approved:551c5d08a34d18de,assigned,10,"","",retained,款,minsei,
2025,expenditure,132071:2025:expenditure:approved:552bd5fad86c1001,assigned,01,"","",retained,款,somu,
2025,expenditure,132071:2025:expenditure:approved:553a2ecb73cb621b,assigned,09,09.8,"",retained,項,akishima-kyoiku-gakko,
2025,expenditure,132071:2025:expenditure:approved:553f7353280687f2,assigned,09,09.6,"",retained,目,akishima-hokentaiiku-kyushoku,
2025,expenditure,132071:2025:expenditure:approved:5553f7767e582761,assigned,09,09.5,"",retained,項,akishima-shakaikyoiku-other,
2025,expenditure,132071:2025:expenditure:approved:5557adfa96401cc5,assigned,10,"","",retained,款,minsei,
2025,expenditure,132071:2025:expenditure:approved:5573d91e56ab8c51,assigned,05,05.1,"",retained,項,akishima-eisei-seiso,
2025,expenditure,132071:2025:expenditure:approved:557c5ea92b7bd1ee,assigned,01,"","",retained,款,somu,
2025,expenditure,132071:2025:expenditure:approved:558f42c1db3ab2d2,assigned,10,"","",retained,款,minsei,
2025,expenditure,132071:2025:expenditure:approved:55ab4bf65a43c0e1,assigned,10,"","",retained,款,minsei,
2025,expenditure,132071:2025:expenditure:approved:55ad934cf70fbff5,assigned,09,09.1,"",retained,項,akishima-kyoiku-shoto,
2025,expenditure,132071:2025:expenditure:approved:55b80c1dbf2c2ed0,assigned,04,04.5,"",retained,項,akishima-doboku-kanri,
2025,expenditure,132071:2025:expenditure:approved:55ee2b4e89100bbd,assigned,09,09.8,"",retained,項,akishima-kyoiku-gakko,
2025,expenditure,132071:2025:expenditure:approved:55eebecdc386906d,assigned,07,"","",retained,項,akishima-eisei-hoken,
2025,expenditure,132071:2025:expenditure:approved:56188719fab97424,assigned,01,"","",retained,款,somu,
2025,expenditure,132071:2025:expenditure:approved:564f027067d278df,assigned,03,03.2,"",retained,款,shobo,
2025,expenditure,132071:2025:expenditure:approved:566edcd4cc4d55f4,assigned,10,"","",retained,款,minsei,
2025,expenditure,132071:2025:expenditure:approved:567195cab74fa218,assigned,10,"","",retained,款,minsei,
2025,expenditure,132071:2025:expenditure:approved:5671b2e9ef797b91,assigned,08,08.2,"",retained,目,akishima-shakaikyoiku-bunka,
2025,expenditure,132071:2025:expenditure:approved:567d01d7be7ae3e0,assigned,05,05.1,"",retained,項,akishima-eisei-seiso,
2025,expenditure,132071:2025:expenditure:approved:567df0f7a34b8ca8,assigned,01,"","",retained,款,somu,
2025,expenditure,132071:2025:expenditure:approved:56a59a0a4c6fb065,assigned,09,09.6,"",retained,目,akishima-hokentaiiku-kyushoku,
2025,expenditure,132071:2025:expenditure:approved:56b51c1310f67aeb,assigned,01,"","",retained,款,somu,
2025,expenditure,132071:2025:expenditure:approved:56da9fe08d2a0391,assigned,04,04.7,"",retained,款,shoko,
2025,expenditure,132071:2025:expenditure:approved:56f03aaef4ca47fb,assigned,01,"","",retained,款,somu,
2025,expenditure,132071:2025:expenditure:approved:56f0501aed0353b7,assigned,09,09.5,"",retained,項,akishima-shakaikyoiku-other,
2025,expenditure,132071:2025:expenditure:approved:56f12866a77a0a0f,assigned,01,"","",retained,款,somu,
2025,expenditure,132071:2025:expenditure:approved:56f643104eb6af23,assigned,09,09.5,"",retained,項,akishima-shakaikyoiku-other,
2025,expenditure,132071:2025:expenditure:approved:56fa5013b4a0913d,assigned,10,"","",retained,款,minsei,
2025,expenditure,132071:2025:expenditure:approved:570cb6ae93262629,assigned,04,04.1,04.1.2,retained,款,rodo,
2025,expenditure,132071:2025:expenditure:approved:57225e57c81c6f02,assigned,10,"","",retained,款,minsei,
2025,expenditure,132071:2025:expenditure:approved:57409ed2bfe2b5a9,assigned,04,04.7,"",retained,款,shoko,
2025,expenditure,132071:2025:expenditure:approved:577c928697e12ebf,assigned,03,03.2,"",retained,款,shobo,
2025,expenditure,132071:2025:expenditure:approved:5782737d5ffc4d1d,assigned,04,04.2,"",retained,款,norin,
2025,expenditure,132071:2025:expenditure:approved:57c728610572646c,assigned,01,"","",retained,款,somu,
2025,expenditure,132071:2025:expenditure:approved:57d2a7319204b747,assigned,10,"","",retained,款,minsei,
2025,expenditure,132071:2025:expenditure:approved:57d40623119cd180,assigned,01,01.1,"",retained,款,gikai,
2025,expenditure,132071:2025:expenditure:approved:57d8f907c9e8414a,assigned,10,"","",retained,款,minsei,
2025,expenditure,132071:2025:expenditure:approved:57f167869e24a24e,unclassifiable,"","","",retained,項,akishima-saigai,
2025,expenditure,132071:2025:expenditure:approved:57f71cbfcc2d284a,assigned,10,"","",retained,款,minsei,
2025,expenditure,132071:2025:expenditure:approved:57f73b21aa9e6637,assigned,07,"","",retained,項,akishima-eisei-hoken,
2025,expenditure,132071:2025:expenditure:approved:58713da9f439459c,assigned,01,"","",retained,款,somu,
2025,expenditure,132071:2025:expenditure:approved:587c5aa163577e2b,assigned,09,09.1,"",retained,項,akishima-kyoiku-shoto,
2025,expenditure,132071:2025:expenditure:approved:58a905cc284a7d17,assigned,01,"","",retained,款,somu,
2025,expenditure,132071:2025:expenditure:approved:58d349e13b21d686,assigned,09,09.1,"",retained,項,akishima-kyoiku-shoto,
2025,expenditure,132071:2025:expenditure:approved:58f715f50adb8ede,assigned,01,"","",retained,款,somu,
2025,expenditure,132071:2025:expenditure:approved:590706967be6510d,assigned,10,"","",retained,款,minsei,
2025,expenditure,132071:2025:expenditure:approved:591bf78198b65ffb,assigned,10,"","",retained,款,minsei,
2025,expenditure,132071:2025:expenditure:approved:592101314e487fd2,assigned,09,09.5,"",retained,項,akishima-shakaikyoiku-other,
2025,expenditure,132071:2025:expenditure:approved:592206ba18fdb4e4,assigned,10,"","",retained,款,minsei,
2025,expenditure,132071:2025:expenditure:approved:592bbc633919ebe8,assigned,10,"","",retained,款,minsei,
2025,expenditure,132071:2025:expenditure:approved:59516a9fe67f68d4,assigned,03,03.2,"",retained,款,shobo,
2025,expenditure,132071:2025:expenditure:approved:597557f993f976a0,assigned,10,"","",retained,款,minsei,
2025,expenditure,132071:2025:expenditure:approved:5977165a648baecc,assigned,08,08.2,"",retained,目,akishima-shakaikyoiku-bunka,
2025,expenditure,132071:2025:expenditure:approved:5979f0cc24e77dc8,assigned,09,09.5,"",retained,項,akishima-shakaikyoiku-other,
2025,expenditure,132071:2025:expenditure:approved:5983b2ee6180f9d3,assigned,04,04.5,04.5.1,retained,目,akishima-toshikeikaku-gairo,
2025,expenditure,132071:2025:expenditure:approved:5993643be3dde936,assigned,01,"","",retained,款,somu,
2025,expenditure,132071:2025:expenditure:approved:599602784c637257,assigned,10,"","",retained,款,minsei,
2025,expenditure,132071:2025:expenditure:approved:59ab066e68b2070c,assigned,03,03.2,"",retained,款,shobo,
2025,expenditure,132071:2025:expenditure:approved:59afbb264e2b8e9a,assigned,04,04.5,04.5.1,retained,項,akishima-doboku-doro,
2025,expenditure,132071:2025:expenditure:approved:59bb498ca4e4b212,assigned,01,"","",retained,款,somu,
2025,expenditure,132071:2025:expenditure:approved:59d96caf05de3c8d,assigned,05,05.1,"",retained,項,akishima-eisei-seiso,
2025,expenditure,132071:2025:expenditure:approved:59e57bed8e60e5e4,assigned,03,03.2,"",retained,款,shobo,
2025,expenditure,132071:2025:expenditure:approved:59e81ba66baf6a80,assigned,10,"","",retained,款,minsei,
2025,expenditure,132071:2025:expenditure:approved:5a0e0e197b30251f,assigned,06,06.1,"",retained,項,akishima-doboku-jutaku,
2025,expenditure,132071:2025:expenditure:approved:5a2d80be024bd69f,assigned,08,08.2,"",retained,目,akishima-shakaikyoiku-bunka,
2025,expenditure,132071:2025:expenditure:approved:5a3312e8466aef1f,assigned,09,09.2,"",retained,項,akishima-kyoiku-chuto,
2025,expenditure,132071:2025:expenditure:approved:5a437c95368d4d57,assigned,03,03.2,"",retained,款,shobo,
2025,expenditure,132071:2025:expenditure:approved:5a643201891dd494,assigned,10,"","",retained,款,minsei,
2025,expenditure,132071:2025:expenditure:approved:5a72745f383258dd,assigned,09,09.1,"",retained,項,akishima-kyoiku-shoto,
2025,expenditure,132071:2025:expenditure:approved:5ab3a173ee56ea45,assigned,01,"","",retained,款,somu,
2025,expenditure,132071:2025:expenditure:approved:5aba280f0e15e31e,assigned,09,09.5,"",retained,項,akishima-shakaikyoiku-other,
2025,expenditure,132071:2025:expenditure:approved:5ada88adb256fdb0,assigned,10,"","",retained,款,minsei,
2025,expenditure,132071:2025:expenditure:approved:5b11734e0b6b27f2,assigned,01,"","",retained,款,somu,
2025,expenditure,132071:2025:expenditure:approved:5b2556f43e138722,assigned,09,09.1,"",retained,項,akishima-kyoiku-shoto,
2025,expenditure,132071:2025:expenditure:approved:5b31c805e4bb8bd0,assigned,01,"","",retained,款,somu,
2025,expenditure,132071:2025:expenditure:approved:5b9a80291054f018,assigned,07,"","",retained,項,akishima-eisei-hoken,
2025,expenditure,132071:2025:expenditure:approved:5b9ee96c13c4a4c7,assigned,10,"","",retained,款,minsei,
2025,expenditure,132071:2025:expenditure:approved:5bac0bc1814ff04c,assigned,01,"","",retained,款,somu,
2025,expenditure,132071:2025:expenditure:approved:5bbca20db4d31fb4,assigned,03,03.2,"",retained,款,shobo,
2025,expenditure,132071:2025:expenditure:approved:5bbee0fe51fa604b,assigned,09,09.5,"",retained,項,akishima-shakaikyoiku-other,
2025,expenditure,132071:2025:expenditure:approved:5bd22250197d0b2c,assigned,10,"","",retained,款,minsei,
2025,expenditure,132071:2025:expenditure:approved:5bfc31d0a58edb0f,assigned,01,01.1,"",retained,款,gikai,
2025,expenditure,132071:2025:expenditure:approved:5c308342fb9245da,assigned,05,05.1,"",retained,項,akishima-eisei-seiso,
2025,expenditure,132071:2025:expenditure:approved:5c3267c0fac088c1,assigned,01,"","",retained,款,somu,
2025,expenditure,132071:2025:expenditure:approved:5c3cc3a06ab041c4,assigned,07,"","",retained,項,akishima-eisei-hoken,
2025,expenditure,132071:2025:expenditure:approved:5c45dae4a0869e0b,assigned,10,"","",retained,款,minsei,
2025,expenditure,132071:2025:expenditure:approved:5c4e6517a0c4d930,assigned,04,04.5,"",retained,項,akishima-doboku-kanri,
2025,expenditure,132071:2025:expenditure:approved:5c53d8cca1c00316,assigned,01,"","",retained,款,somu,
2025,expenditure,132071:2025:expenditure:approved:5c5784c547b26271,assigned,04,04.5,04.5.1,retained,項,akishima-doboku-doro,
2025,expenditure,132071:2025:expenditure:approved:5c5d5e348a75cd05,assigned,05,05.1,"",retained,項,akishima-eisei-seiso,
2025,expenditure,132071:2025:expenditure:approved:5c5d8a7b5600c425,assigned,10,"","",retained,款,minsei,
2025,expenditure,132071:2025:expenditure:approved:5c6d9a049f503545,assigned,01,"","",retained,款,somu,
2025,expenditure,132071:2025:expenditure:approved:5c7e797e9d2cb7bb,assigned,09,09.2,"",retained,項,akishima-kyoiku-chuto,
2025,expenditure,132071:2025:expenditure:approved:5c862cb2cb373df1,assigned,10,"","",retained,款,minsei,
2025,expenditure,132071:2025:expenditure:approved:5c8c8427a3208140,assigned,04,04.2,"",retained,款,norin,
2025,expenditure,132071:2025:expenditure:approved:5c9657983654f1db,assigned,04,04.5,04.5.1,retained,項,akishima-doboku-doro,
2025,expenditure,132071:2025:expenditure:approved:5c993764cf288cf1,assigned,09,09.2,"",retained,項,akishima-kyoiku-chuto,
2025,expenditure,132071:2025:expenditure:approved:5ca8d2fbd7e994a0,assigned,10,"","",retained,款,minsei,
2025,expenditure,132071:2025:expenditure:approved:5cacb4bbcb071894,assigned,07,"","",retained,項,akishima-eisei-hoken,
2025,expenditure,132071:2025:expenditure:approved:5cb683eec24d97fc,assigned,08,08.2,"",retained,目,akishima-shakaikyoiku-bunka,
2025,expenditure,132071:2025:expenditure:approved:5ce8fbd6fbf0bf9c,assigned,07,"","",retained,項,akishima-eisei-hoken,
2025,expenditure,132071:2025:expenditure:approved:5cf890c41c4e8035,assigned,09,09.6,"",retained,目,akishima-hokentaiiku-kyushoku,
2025,expenditure,132071:2025:expenditure:approved:5d3b920be1a449c1,assigned,09,09.6,"",retained,目,akishima-hokentaiiku-kyushoku,
2025,expenditure,132071:2025:expenditure:approved:5d3f9f940e5044ad,assigned,10,"","",retained,款,minsei,
2025,expenditure,132071:2025:expenditure:approved:5d4aa829bbd203c3,assigned,09,09.5,"",retained,項,akishima-shakaikyoiku-other,
2025,expenditure,132071:2025:expenditure:approved:5d5f635389981ae7,assigned,10,"","",retained,款,minsei,
2025,expenditure,132071:2025:expenditure:approved:5d6ee9a57efa6185,assigned,07,"","",retained,項,akishima-eisei-hoken,
2025,expenditure,132071:2025:expenditure:approved:5d71520176517c43,assigned,04,04.5,04.5.1,retained,項,akishima-doboku-doro,
2025,expenditure,132071:2025:expenditure:approved:5db9a8ae564a4bb9,assigned,09,09.5,"",retained,項,akishima-shakaikyoiku-other,
2025,expenditure,132071:2025:expenditure:approved:5dc50e1c02e6d731,assigned,09,09.2,"",retained,項,akishima-kyoiku-chuto,
2025,expenditure,132071:2025:expenditure:approved:5de6256dd76ce82f,assigned,10,"","",retained,款,minsei,
2025,expenditure,132071:2025:expenditure:approved:5deab184440b97ab,assigned,01,"","",retained,款,somu,
2025,expenditure,132071:2025:expenditure:approved:5e0009d9b936a60a,assigned,09,09.1,"",retained,項,akishima-kyoiku-shoto,
2025,expenditure,132071:2025:expenditure:approved:5e01392e344166d9,assigned,01,"","",retained,款,somu,
2025,expenditure,132071:2025:expenditure:approved:5e2a8affe9e8f8c1,assigned,09,09.6,"",retained,目,akishima-hokentaiiku-kyushoku,
2025,expenditure,132071:2025:expenditure:approved:5e4cdada58d1df49,assigned,10,"","",retained,款,minsei,
2025,expenditure,132071:2025:expenditure:approved:5e62fc85fde3c00a,assigned,09,09.5,"",retained,項,akishima-shakaikyoiku-other,
2025,expenditure,132071:2025:expenditure:approved:5e7f7448b1c89819,assigned,09,09.2,"",retained,項,akishima-kyoiku-chuto,
2025,expenditure,132071:2025:expenditure:approved:5e84f6e360f24878,assigned,01,"","",retained,款,somu,
2025,expenditure,132071:2025:expenditure:approved:5e9b10e3042c7236,assigned,09,09.2,"",retained,項,akishima-kyoiku-chuto,
2025,expenditure,132071:2025:expenditure:approved:5ea6dd33a77645a2,assigned,03,03.2,"",retained,款,shobo,
2025,expenditure,132071:2025:expenditure:approved:5eaa74781f4dad04,assigned,10,"","",retained,款,minsei,
2025,expenditure,132071:2025:expenditure:approved:5eaf3e390a420aed,assigned,09,09.1,"",retained,項,akishima-kyoiku-shoto,
2025,expenditure,132071:2025:expenditure:approved:5eb78507d922a12a,assigned,03,03.2,"",retained,款,shobo,
2025,expenditure,132071:2025:expenditure:approved:5eca66da54caea25,assigned,09,09.5,"",retained,項,akishima-shakaikyoiku-other,
2025,expenditure,132071:2025:expenditure:approved:5ed53b2eb9b08733,assigned,10,"","",retained,款,minsei,
2025,expenditure,132071:2025:expenditure:approved:5ee00346c24567c5,assigned,10,"","",retained,款,minsei,
2025,expenditure,132071:2025:expenditure:approved:5ee3ed035cae64a7,assigned,01,"","",retained,款,somu,
2025,expenditure,132071:2025:expenditure:approved:5f0ed4cd755c33f8,assigned,09,09.8,"",retained,項,akishima-kyoiku-gakko,
2025,expenditure,132071:2025:expenditure:approved:5f16b77df8ee48eb,assigned,10,"","",retained,款,minsei,
2025,expenditure,132071:2025:expenditure:approved:5f1a02e928961ead,assigned,04,04.7,"",retained,款,shoko,
2025,expenditure,132071:2025:expenditure:approved:5f428f729410b4bd,assigned,10,"","",retained,款,minsei,
2025,expenditure,132071:2025:expenditure:approved:5f65932b5684cc4d,assigned,01,"","",retained,款,somu,
2025,expenditure,132071:2025:expenditure:approved:5f6c5b2f01cefae0,assigned,01,"","",retained,款,somu,
2025,expenditure,132071:2025:expenditure:approved:5f78286a7de93be7,assigned,01,"","",retained,款,somu,
2025,expenditure,132071:2025:expenditure:approved:5f86162d70a03374,assigned,01,"","",retained,款,somu,
2025,expenditure,132071:2025:expenditure:approved:5f98ed59e2e56660,assigned,08,08.1,"",retained,目,akishima-toshikeikaku-kouen,
2025,expenditure,132071:2025:expenditure:approved:5ff51a6f01f7d920,assigned,04,04.5,04.5.1,retained,項,akishima-doboku-doro,
2025,expenditure,132071:2025:expenditure:approved:60014b7624d58b26,assigned,01,"","",retained,款,somu,
2025,expenditure,132071:2025:expenditure:approved:6008fe04492fca5a,assigned,09,09.8,"",retained,項,akishima-kyoiku-gakko,
2025,expenditure,132071:2025:expenditure:approved:600d3e2fdb55226a,assigned,08,08.1,"",retained,項,akishima-hokentaiiku-other,
2025,expenditure,132071:2025:expenditure:approved:601085e320d6ef8a,assigned,01,"","",retained,款,somu,
2025,expenditure,132071:2025:expenditure:approved:601851ad4f2ac62e,assigned,08,08.1,"",retained,項,akishima-hokentaiiku-other,
2025,expenditure,132071:2025:expenditure:approved:602becb6af0b083e,assigned,03,03.2,"",retained,款,shobo,
2025,expenditure,132071:2025:expenditure:approved:6032d33baa4d3d1b,assigned,08,08.1,"",retained,項,akishima-hokentaiiku-other,
2025,expenditure,132071:2025:expenditure:approved:604d728b41ffb53d,assigned,09,09.6,"",retained,目,akishima-hokentaiiku-kyushoku,
2025,expenditure,132071:2025:expenditure:approved:6068efd6c3c42e6f,assigned,01,"","",retained,款,somu,
2025,expenditure,132071:2025:expenditure:approved:6074899bbf0eed0c,assigned,09,09.1,"",retained,項,akishima-kyoiku-shoto,
2025,expenditure,132071:2025:expenditure:approved:607646bfa3628def,assigned,09,09.2,"",retained,項,akishima-kyoiku-chuto,
2025,expenditure,132071:2025:expenditure:approved:6092adf88f5228a0,assigned,09,09.2,"",retained,項,akishima-kyoiku-chuto,
2025,expenditure,132071:2025:expenditure:approved:60a147aab7a58bb0,assigned,09,09.8,"",retained,項,akishima-kyoiku-gakko,
2025,expenditure,132071:2025:expenditure:approved:60afccba30287d95,assigned,01,"","",retained,款,somu,
2025,expenditure,132071:2025:expenditure:approved:60b78f330ed49700,assigned,09,09.2,"",retained,項,akishima-kyoiku-chuto,
2025,expenditure,132071:2025:expenditure:approved:60cab6efb269c1bd,assigned,10,"","",retained,款,minsei,
2025,expenditure,132071:2025:expenditure:approved:60d5f28a0d64053c,assigned,10,"","",retained,款,minsei,
2025,expenditure,132071:2025:expenditure:approved:60f5ed0fd5e638fa,assigned,10,"","",retained,款,minsei,
2025,expenditure,132071:2025:expenditure:approved:60ff304f0473f23f,assigned,09,09.1,"",retained,項,akishima-kyoiku-shoto,
2025,expenditure,132071:2025:expenditure:approved:60ff72deb6710618,assigned,09,09.8,"",retained,項,akishima-kyoiku-gakko,
2025,expenditure,132071:2025:expenditure:approved:610ac5af11a71e5c,assigned,10,"","",retained,款,minsei,
2025,expenditure,132071:2025:expenditure:approved:61130b0128e5fd9b,assigned,01,"","",retained,款,somu,
2025,expenditure,132071:2025:expenditure:approved:6145d04a0a025280,assigned,10,"","",retained,款,minsei,
2025,expenditure,132071:2025:expenditure:approved:6154b8a6b70f65bb,assigned,04,04.5,04.5.1,retained,項,akishima-doboku-doro,
2025,expenditure,132071:2025:expenditure:approved:61551df0e230d6ca,assigned,01,"","",retained,款,somu,
2025,expenditure,132071:2025:expenditure:approved:615fed49d9983656,assigned,01,"","",retained,款,somu,
2025,expenditure,132071:2025:expenditure:approved:616012470585f50c,assigned,10,"","",retained,款,minsei,
2025,expenditure,132071:2025:expenditure:approved:61c956e790108490,assigned,01,"","",retained,款,somu,
2025,expenditure,132071:2025:expenditure:approved:61cf56ce9d252b44,assigned,09,09.8,"",retained,項,akishima-kyoiku-gakko,
2025,expenditure,132071:2025:expenditure:approved:61e74870ff9825a2,assigned,07,"","",retained,項,akishima-eisei-hoken,
2025,expenditure,132071:2025:expenditure:approved:61e9b47280127ea1,assigned,09,09.1,"",retained,項,akishima-kyoiku-shoto,
2025,expenditure,132071:2025:expenditure:approved:62268488709d16cd,assigned,01,"","",retained,款,somu,
2025,expenditure,132071:2025:expenditure:approved:624b66bdff892a47,assigned,10,"","",retained,款,minsei,
2025,expenditure,132071:2025:expenditure:approved:624f8b8e38d4fc1e,assigned,01,"","",retained,款,somu,
2025,expenditure,132071:2025:expenditure:approved:6252f23fb7a4bb53,assigned,06,06.1,"",retained,項,akishima-doboku-jutaku,
2025,expenditure,132071:2025:expenditure:approved:625c085709dbf1c2,assigned,01,"","",retained,款,somu,
2025,expenditure,132071:2025:expenditure:approved:626cf5e0963e0565,assigned,07,"","",retained,項,akishima-eisei-hoken,
2025,expenditure,132071:2025:expenditure:approved:62855edf5bafb213,assigned,05,05.1,"",retained,項,akishima-eisei-seiso,
2025,expenditure,132071:2025:expenditure:approved:6285786cc9f56382,assigned,10,"","",retained,款,minsei,
2025,expenditure,132071:2025:expenditure:approved:62a943a768bf803b,assigned,04,04.5,"",retained,項,akishima-doboku-kanri,
2025,expenditure,132071:2025:expenditure:approved:62aa8acaa154613e,assigned,08,08.1,"",retained,項,akishima-hokentaiiku-other,
2025,expenditure,132071:2025:expenditure:approved:62abc34a698b7498,assigned,01,"","",retained,款,somu,
2025,expenditure,132071:2025:expenditure:approved:62c34acccbba47a0,assigned,05,05.1,"",retained,項,akishima-eisei-seiso,
2025,expenditure,132071:2025:expenditure:approved:63045860cd71cf27,assigned,01,"","",retained,款,somu,
2025,expenditure,132071:2025:expenditure:approved:63160864e9c79e3c,assigned,10,"","",retained,款,minsei,
2025,expenditure,132071:2025:expenditure:approved:63219089776be0fe,assigned,09,09.5,"",retained,項,akishima-shakaikyoiku-other,
2025,expenditure,132071:2025:expenditure:approved:6322afad3ed42ac6,assigned,09,09.5,"",retained,項,akishima-shakaikyoiku-other,
2025,expenditure,132071:2025:expenditure:approved:632aeefae5225c6a,assigned,07,"","",retained,項,akishima-eisei-hoken,
2025,expenditure,132071:2025:expenditure:approved:633c9f78475f467f,assigned,10,"","",retained,款,minsei,
2025,expenditure,132071:2025:expenditure:approved:6362e07c0507d11d,assigned,09,09.8,"",retained,項,akishima-kyoiku-gakko,
2025,expenditure,132071:2025:expenditure:approved:6392bd17ce22afef,assigned,05,05.1,"",retained,項,akishima-eisei-seiso,
2025,expenditure,132071:2025:expenditure:approved:63b608794a524d6a,assigned,09,09.1,"",retained,項,akishima-kyoiku-shoto,
2025,expenditure,132071:2025:expenditure:approved:63c5a0def232d0d4,assigned,09,09.2,"",retained,項,akishima-kyoiku-chuto,
2025,expenditure,132071:2025:expenditure:approved:63c68012577c4728,assigned,08,08.2,"",retained,目,akishima-shakaikyoiku-bunka,
2025,expenditure,132071:2025:expenditure:approved:63cd6d1921a058a2,assigned,09,09.1,"",retained,目,akishima-kyoiku-yochien,
2025,expenditure,132071:2025:expenditure:approved:63cf480f7d4d0980,assigned,01,"","",retained,款,somu,
2025,expenditure,132071:2025:expenditure:approved:63e32b7711d9bd02,assigned,01,"","",retained,款,somu,
2025,expenditure,132071:2025:expenditure:approved:63e8a755c17e6a9c,assigned,01,"","",retained,款,somu,
2025,expenditure,132071:2025:expenditure:approved:63ec8df71080f984,assigned,01,"","",retained,款,somu,
2025,expenditure,132071:2025:expenditure:approved:63fd9c0ce9928962,assigned,07,"","",retained,項,akishima-eisei-hoken,
2025,expenditure,132071:2025:expenditure:approved:63fde0ec80b79fbc,assigned,09,09.6,"",retained,目,akishima-hokentaiiku-kyushoku,
2025,expenditure,132071:2025:expenditure:approved:6431b3e442fadf85,assigned,09,09.2,"",retained,項,akishima-kyoiku-chuto,
2025,expenditure,132071:2025:expenditure:approved:643bc3886a428347,assigned,04,04.5,"",retained,項,akishima-doboku-kanri,
2025,expenditure,132071:2025:expenditure:approved:644acb0e5750a6c9,assigned,01,01.1,"",retained,款,gikai,
2025,expenditure,132071:2025:expenditure:approved:6469e3736a5ad050,assigned,08,08.1,"",retained,目,akishima-toshikeikaku-kouen,
2025,expenditure,132071:2025:expenditure:approved:6471822822966130,assigned,04,04.5,04.5.1,retained,目,akishima-toshikeikaku-gairo,
2025,expenditure,132071:2025:expenditure:approved:6481133152c7f6ce,assigned,04,04.7,"",retained,款,shoko,
2025,expenditure,132071:2025:expenditure:approved:648f1371513025e2,assigned,10,"","",retained,款,minsei,
2025,expenditure,132071:2025:expenditure:approved:649053287298eab7,assigned,04,04.7,"",retained,款,shoko,
2025,expenditure,132071:2025:expenditure:approved:64b2d0ecf903997d,assigned,04,04.2,"",retained,款,norin,
2025,expenditure,132071:2025:expenditure:approved:64b32f4fc55ee873,assigned,01,"","",retained,款,somu,
2025,expenditure,132071:2025:expenditure:approved:64bdc6f10f2c2c9e,assigned,10,"","",retained,款,minsei,
2025,expenditure,132071:2025:expenditure:approved:64cbbe5168494774,assigned,08,08.2,"",retained,目,akishima-shakaikyoiku-bunka,
2025,expenditure,132071:2025:expenditure:approved:64d472f0d8d1c690,assigned,09,09.8,"",retained,項,akishima-kyoiku-gakko,
2025,expenditure,132071:2025:expenditure:approved:64d89a2febb2cf9a,assigned,09,09.1,"",retained,項,akishima-kyoiku-shoto,
2025,expenditure,132071:2025:expenditure:approved:64e05b8e2d1d0371,assigned,09,09.5,"",retained,項,akishima-shakaikyoiku-other,
2025,expenditure,132071:2025:expenditure:approved:651910b79ac71a15,assigned,01,"","",retained,款,somu,
2025,expenditure,132071:2025:expenditure:approved:6540d346ae561753,assigned,10,"","",retained,款,minsei,
2025,expenditure,132071:2025:expenditure:approved:654db68bee6c0aaf,assigned,04,04.5,04.5.1,retained,項,akishima-doboku-doro,
2025,expenditure,132071:2025:expenditure:approved:655492e56a5b4420,assigned,01,"","",retained,款,somu,
2025,expenditure,132071:2025:expenditure:approved:6561ca271327befb,assigned,07,"","",retained,項,akishima-eisei-hoken,
2025,expenditure,132071:2025:expenditure:approved:658a1aca0f91e2f3,assigned,05,05.1,"",retained,項,akishima-eisei-seiso,
2025,expenditure,132071:2025:expenditure:approved:6596fd6cee9b8e2b,assigned,01,01.1,"",retained,款,gikai,
2025,expenditure,132071:2025:expenditure:approved:659a3461e709f56e,assigned,09,09.8,"",retained,項,akishima-kyoiku-gakko,
2025,expenditure,132071:2025:expenditure:approved:65bbc3a99dba60c0,assigned,03,03.2,"",retained,款,shobo,
2025,expenditure,132071:2025:expenditure:approved:65cb361bc93a324a,assigned,10,"","",retained,款,minsei,
2025,expenditure,132071:2025:expenditure:approved:6607c9278041525f,assigned,10,"","",retained,款,minsei,
2025,expenditure,132071:2025:expenditure:approved:660a90d6a3ebac46,assigned,01,"","",retained,款,somu,
2025,expenditure,132071:2025:expenditure:approved:660b75d92b7d2f78,assigned,04,04.5,"",retained,項,akishima-doboku-kanri,
2025,expenditure,132071:2025:expenditure:approved:661e92971eb35f28,assigned,09,09.2,"",retained,項,akishima-kyoiku-chuto,
2025,expenditure,132071:2025:expenditure:approved:66219e35b8eadbc0,assigned,04,04.7,"",retained,款,shoko,
2025,expenditure,132071:2025:expenditure:approved:6632eb3f1f170500,assigned,01,"","",retained,款,somu,
2025,expenditure,132071:2025:expenditure:approved:66393bf5be00880d,assigned,09,09.2,"",retained,項,akishima-kyoiku-chuto,
2025,expenditure,132071:2025:expenditure:approved:663cd15ef496277a,assigned,10,"","",retained,款,minsei,
2025,expenditure,132071:2025:expenditure:approved:66459760b24df647,assigned,01,"","",retained,款,somu,
2025,expenditure,132071:2025:expenditure:approved:6647cf16e075e715,assigned,01,"","",retained,款,somu,
2025,expenditure,132071:2025:expenditure:approved:666595d42710edfb,assigned,01,"","",retained,款,somu,
2025,expenditure,132071:2025:expenditure:approved:6691bb596fab6c92,assigned,07,"","",retained,項,akishima-eisei-hoken,
2025,expenditure,132071:2025:expenditure:approved:66af9af1fb4fd43e,assigned,10,"","",retained,款,minsei,
2025,expenditure,132071:2025:expenditure:approved:66cf676407bcce6b,assigned,09,09.1,"",retained,項,akishima-kyoiku-shoto,
2025,expenditure,132071:2025:expenditure:approved:671acf1cac7e9fd4,assigned,01,"","",retained,款,somu,
2025,expenditure,132071:2025:expenditure:approved:67434245691e071f,assigned,10,"","",retained,款,minsei,
2025,expenditure,132071:2025:expenditure:approved:6754bb54a991fedb,assigned,05,05.1,"",retained,項,akishima-eisei-seiso,
2025,expenditure,132071:2025:expenditure:approved:676911d67ca2be46,assigned,09,09.6,"",retained,目,akishima-hokentaiiku-kyushoku,
2025,expenditure,132071:2025:expenditure:approved:6794e5691d33ec20,assigned,01,"","",retained,款,somu,
2025,expenditure,132071:2025:expenditure:approved:67954b0a7d69041c,assigned,09,09.6,"",retained,目,akishima-hokentaiiku-kyushoku,
2025,expenditure,132071:2025:expenditure:approved:67962072059fa864,assigned,01,"","",retained,款,somu,
2025,expenditure,132071:2025:expenditure:approved:67a5e1efb4005240,assigned,10,"","",retained,款,minsei,
2025,expenditure,132071:2025:expenditure:approved:67bb2a76f5f06639,assigned,01,"","",retained,款,somu,
2025,expenditure,132071:2025:expenditure:approved:67c2acc4138c9f75,assigned,09,09.2,"",retained,項,akishima-kyoiku-chuto,
2025,expenditure,132071:2025:expenditure:approved:67c9595492498b5d,assigned,01,"","",retained,款,somu,
2025,expenditure,132071:2025:expenditure:approved:67dc94ca29d3fc2f,assigned,09,09.2,"",retained,項,akishima-kyoiku-chuto,
2025,expenditure,132071:2025:expenditure:approved:67ee9cb2edb0edad,assigned,01,"","",retained,款,somu,
2025,expenditure,132071:2025:expenditure:approved:67f30268d8a00b32,assigned,01,"","",retained,款,somu,
2025,expenditure,132071:2025:expenditure:approved:68073e65f14199da,assigned,10,"","",retained,款,minsei,
2025,expenditure,132071:2025:expenditure:approved:680a6774014fda1d,assigned,01,"","",retained,款,somu,
2025,expenditure,132071:2025:expenditure:approved:681d063720d9760e,assigned,01,"","",retained,款,somu,
2025,expenditure,132071:2025:expenditure:approved:68282ce7567b856f,assigned,09,09.8,"",retained,項,akishima-kyoiku-gakko,
2025,expenditure,132071:2025:expenditure:approved:683c693a1cf23640,assigned,07,"","",retained,項,akishima-eisei-hoken,
2025,expenditure,132071:2025:expenditure:approved:6848523bf20c6b69,assigned,09,09.1,"",retained,項,akishima-kyoiku-shoto,
2025,expenditure,132071:2025:expenditure:approved:68575b40f4de1f49,assigned,05,05.1,"",retained,項,akishima-eisei-seiso,
2025,expenditure,132071:2025:expenditure:approved:6867a86470898de9,assigned,01,"","",retained,款,somu,
2025,expenditure,132071:2025:expenditure:approved:68748c9fd928d756,assigned,05,05.1,"",retained,項,akishima-eisei-seiso,
2025,expenditure,132071:2025:expenditure:approved:6879cb07ff719d9f,assigned,05,05.1,"",retained,項,akishima-eisei-seiso,
2025,expenditure,132071:2025:expenditure:approved:68ac18a62379c448,assigned,01,01.1,"",retained,款,gikai,
2025,expenditure,132071:2025:expenditure:approved:68af16fd80ae1f34,assigned,10,"","",retained,款,minsei,
2025,expenditure,132071:2025:expenditure:approved:68b6452091bbe133,assigned,09,09.8,"",retained,項,akishima-kyoiku-gakko,
2025,expenditure,132071:2025:expenditure:approved:68b9190337e5ca94,assigned,09,09.8,"",retained,項,akishima-kyoiku-gakko,
2025,expenditure,132071:2025:expenditure:approved:68ef84edad28c818,assigned,10,"","",retained,款,minsei,
2025,expenditure,132071:2025:expenditure:approved:691c422d9e53901d,assigned,01,"","",retained,款,somu,
2025,expenditure,132071:2025:expenditure:approved:691ffe247a04490d,assigned,10,"","",retained,款,minsei,
2025,expenditure,132071:2025:expenditure:approved:69263a3e6ade91bf,assigned,07,"","",retained,項,akishima-eisei-hoken,
2025,expenditure,132071:2025:expenditure:approved:6939dd3e237fb8c0,assigned,08,08.1,"",retained,目,akishima-toshikeikaku-kouen,
2025,expenditure,132071:2025:expenditure:approved:6958f281a1e1692b,assigned,01,"","",retained,款,somu,
2025,expenditure,132071:2025:expenditure:approved:6963004a008eebcb,assigned,04,04.7,"",retained,款,shoko,
2025,expenditure,132071:2025:expenditure:approved:6982f4d6847995d0,assigned,08,08.2,"",retained,目,akishima-shakaikyoiku-bunka,
2025,expenditure,132071:2025:expenditure:approved:69851bee5c7129bd,assigned,01,"","",retained,款,somu,
2025,expenditure,132071:2025:expenditure:approved:69a947e7bc2f0d46,assigned,10,"","",retained,款,minsei,
2025,expenditure,132071:2025:expenditure:approved:69ef7ec6869ff976,assigned,01,"","",retained,款,somu,
2025,expenditure,132071:2025:expenditure:approved:6a294f05642e6efb,assigned,08,08.2,"",retained,目,akishima-shakaikyoiku-bunka,
2025,expenditure,132071:2025:expenditure:approved:6a4c4e063b34e10d,assigned,09,09.1,"",retained,項,akishima-kyoiku-shoto,
2025,expenditure,132071:2025:expenditure:approved:6a4f488ba1a57e65,assigned,01,"","",retained,款,somu,
2025,expenditure,132071:2025:expenditure:approved:6a53123d6ad31e0b,assigned,06,06.1,"",retained,項,akishima-doboku-jutaku,
2025,expenditure,132071:2025:expenditure:approved:6a59174614d808ab,assigned,01,"","",retained,款,somu,
2025,expenditure,132071:2025:expenditure:approved:6a5f17d793f79098,assigned,08,08.1,"",retained,目,akishima-toshikeikaku-kouen,
2025,expenditure,132071:2025:expenditure:approved:6a62474f26173d48,assigned,09,09.2,"",retained,項,akishima-kyoiku-chuto,
2025,expenditure,132071:2025:expenditure:approved:6a6c6a7dd0706bba,assigned,10,"","",retained,款,minsei,
2025,expenditure,132071:2025:expenditure:approved:6a8087ea98bcdca9,assigned,01,"","",retained,款,somu,
2025,expenditure,132071:2025:expenditure:approved:6a86726d316ad918,assigned,01,"","",retained,款,somu,
2025,expenditure,132071:2025:expenditure:approved:6a91e91ce0493ce2,assigned,09,09.6,"",retained,目,akishima-hokentaiiku-kyushoku,
2025,expenditure,132071:2025:expenditure:approved:6a9f5ed60105ed2c,assigned,07,"","",retained,項,akishima-eisei-hoken,
2025,expenditure,132071:2025:expenditure:approved:6ad4804694200c46,assigned,01,"","",retained,款,somu,
2025,expenditure,132071:2025:expenditure:approved:6af0aee9498e756a,assigned,10,"","",retained,款,minsei,
2025,expenditure,132071:2025:expenditure:approved:6aff18ba051ea51d,assigned,08,08.1,"",retained,項,akishima-hokentaiiku-other,
2025,expenditure,132071:2025:expenditure:approved:6b1410339a0dd054,assigned,09,09.8,"",retained,項,akishima-kyoiku-gakko,
2025,expenditure,132071:2025:expenditure:approved:6b189f471b687dc7,assigned,09,09.1,"",retained,項,akishima-kyoiku-shoto,
2025,expenditure,132071:2025:expenditure:approved:6b403f6c621f0af9,assigned,08,08.1,"",retained,項,akishima-hokentaiiku-other,
2025,expenditure,132071:2025:expenditure:approved:6b51774ede023d9e,assigned,05,05.1,"",retained,項,akishima-eisei-seiso,
2025,expenditure,132071:2025:expenditure:approved:6b618c0047914125,assigned,01,"","",retained,款,somu,
2025,expenditure,132071:2025:expenditure:approved:6b8384b4b251ed6e,assigned,03,03.2,"",retained,款,shobo,
2025,expenditure,132071:2025:expenditure:approved:6b94754a1452a13a,assigned,01,"","",retained,款,somu,
2025,expenditure,132071:2025:expenditure:approved:6ba4d8c7a292d42a,assigned,10,"","",retained,款,minsei,
2025,expenditure,132071:2025:expenditure:approved:6bb00e2417592def,assigned,07,"","",retained,項,akishima-eisei-hoken,
2025,expenditure,132071:2025:expenditure:approved:6bbd4d3cbd4cf70d,assigned,05,05.1,"",retained,項,akishima-eisei-seiso,
2025,expenditure,132071:2025:expenditure:approved:6bca7f15bba9ad10,assigned,01,"","",retained,款,somu,
2025,expenditure,132071:2025:expenditure:approved:6bcb395d727d8a8f,assigned,10,"","",retained,款,minsei,
2025,expenditure,132071:2025:expenditure:approved:6bce1e3b6069b6f4,assigned,01,"","",retained,款,somu,
2025,expenditure,132071:2025:expenditure:approved:6be1e3885426f7b6,assigned,09,09.2,"",retained,項,akishima-kyoiku-chuto,
2025,expenditure,132071:2025:expenditure:approved:6bee4edae525fa79,assigned,10,"","",retained,款,minsei,
2025,expenditure,132071:2025:expenditure:approved:6bf0c0f3f6ba7975,assigned,04,04.5,"",retained,項,akishima-doboku-kanri,
2025,expenditure,132071:2025:expenditure:approved:6bf347f8677207c0,assigned,09,09.1,"",retained,項,akishima-kyoiku-shoto,
2025,expenditure,132071:2025:expenditure:approved:6c1bf0c6e384f0f2,assigned,05,05.1,"",retained,項,akishima-eisei-seiso,
2025,expenditure,132071:2025:expenditure:approved:6c1f1b724dd435aa,assigned,08,08.1,"",retained,目,akishima-toshikeikaku-kouen,
2025,expenditure,132071:2025:expenditure:approved:6c23194c484f825c,assigned,05,05.1,"",retained,項,akishima-eisei-seiso,
2025,expenditure,132071:2025:expenditure:approved:6c24eb4dd8f193c2,assigned,01,"","",retained,款,somu,
2025,expenditure,132071:2025:expenditure:approved:6c4af26890042c6d,assigned,01,"","",retained,款,somu,
2025,expenditure,132071:2025:expenditure:approved:6c4c3edd097d2d01,assigned,01,"","",retained,款,somu,
2025,expenditure,132071:2025:expenditure:approved:6c5296d3cb7c0859,assigned,07,"","",retained,項,akishima-eisei-hoken,
2025,expenditure,132071:2025:expenditure:approved:6c56109f2872b0f0,assigned,09,09.2,"",retained,項,akishima-kyoiku-chuto,
2025,expenditure,132071:2025:expenditure:approved:6c5eb47bd72bb017,assigned,07,"","",retained,項,akishima-eisei-hoken,
2025,expenditure,132071:2025:expenditure:approved:6cd8284e8847b430,assigned,05,05.1,"",retained,項,akishima-eisei-seiso,
2025,expenditure,132071:2025:expenditure:approved:6ce446e897a5c615,assigned,01,"","",retained,款,somu,
2025,expenditure,132071:2025:expenditure:approved:6d0f5f5f665254f2,assigned,01,"","",retained,款,somu,
2025,expenditure,132071:2025:expenditure:approved:6d16dc7d379ba702,assigned,09,09.1,"",retained,項,akishima-kyoiku-shoto,
2025,expenditure,132071:2025:expenditure:approved:6d208c0673bcd44e,assigned,01,"","",retained,款,somu,
2025,expenditure,132071:2025:expenditure:approved:6d24b656dfc53ad2,assigned,05,05.1,"",retained,項,akishima-eisei-seiso,
2025,expenditure,132071:2025:expenditure:approved:6d29fee04c9e311c,assigned,01,01.1,"",retained,款,gikai,
2025,expenditure,132071:2025:expenditure:approved:6d2fd00c488d0638,assigned,09,09.1,"",retained,項,akishima-kyoiku-shoto,
2025,expenditure,132071:2025:expenditure:approved:6d36f1c8f95baef8,assigned,01,"","",retained,款,somu,
2025,expenditure,132071:2025:expenditure:approved:6d7936cd3d11e9b9,assigned,08,08.2,"",retained,目,akishima-shakaikyoiku-bunka,
2025,expenditure,132071:2025:expenditure:approved:6db1ddf06388760c,assigned,01,"","",retained,款,somu,
2025,expenditure,132071:2025:expenditure:approved:6dc472bd1ab4a924,assigned,09,09.5,"",retained,項,akishima-shakaikyoiku-other,
2025,expenditure,132071:2025:expenditure:approved:6dd5ff9e97cc5244,assigned,09,09.1,"",retained,項,akishima-kyoiku-shoto,
2025,expenditure,132071:2025:expenditure:approved:6dd6094707509e12,assigned,08,08.2,"",retained,目,akishima-shakaikyoiku-bunka,
2025,expenditure,132071:2025:expenditure:approved:6de5d0fe79808ae8,assigned,01,"","",retained,款,somu,
2025,expenditure,132071:2025:expenditure:approved:6df8100ec9277db4,assigned,01,"","",retained,款,somu,
2025,expenditure,132071:2025:expenditure:approved:6e087b5a1fbadc27,assigned,09,09.5,"",retained,項,akishima-shakaikyoiku-other,
2025,expenditure,132071:2025:expenditure:approved:6e22f6a84aa25b92,assigned,04,04.5,"",retained,項,akishima-doboku-kanri,
2025,expenditure,132071:2025:expenditure:approved:6e2427f05b83285a,assigned,01,"","",retained,款,somu,
2025,expenditure,132071:2025:expenditure:approved:6e3a4d4771c93a1a,assigned,08,08.1,"",retained,項,akishima-hokentaiiku-other,
2025,expenditure,132071:2025:expenditure:approved:6e45b2d99ae90855,assigned,04,04.5,04.5.1,retained,目,akishima-toshikeikaku-gairo,
2025,expenditure,132071:2025:expenditure:approved:6e4b55d798ea1175,assigned,01,"","",retained,款,somu,
2025,expenditure,132071:2025:expenditure:approved:6e4c3ef75cdd30da,assigned,01,"","",retained,款,somu,
2025,expenditure,132071:2025:expenditure:approved:6e6e5aff0a96dc65,assigned,09,09.8,"",retained,項,akishima-kyoiku-gakko,
2025,expenditure,132071:2025:expenditure:approved:6e9eff60ee0ded50,assigned,09,09.8,"",retained,項,akishima-kyoiku-gakko,
2025,expenditure,132071:2025:expenditure:approved:6eb56dac39828a81,assigned,09,09.1,"",retained,項,akishima-kyoiku-shoto,
2025,expenditure,132071:2025:expenditure:approved:6ed070cb18acf718,assigned,09,09.5,"",retained,項,akishima-shakaikyoiku-other,
2025,expenditure,132071:2025:expenditure:approved:6ed312161e92017f,assigned,05,05.1,"",retained,項,akishima-eisei-seiso,
2025,expenditure,132071:2025:expenditure:approved:6ede39c8f56a0735,assigned,09,09.5,"",retained,項,akishima-shakaikyoiku-other,
2025,expenditure,132071:2025:expenditure:approved:6ee6bd28783c958a,assigned,10,"","",retained,款,minsei,
2025,expenditure,132071:2025:expenditure:approved:6f08b2242d24936f,assigned,10,"","",retained,款,minsei,
2025,expenditure,132071:2025:expenditure:approved:6f29e98f4b1bfe9b,assigned,10,"","",retained,款,minsei,
2025,expenditure,132071:2025:expenditure:approved:6f3ac1b7dbc1d9af,assigned,09,09.2,"",retained,項,akishima-kyoiku-chuto,
2025,expenditure,132071:2025:expenditure:approved:6f76a70ec93a747a,assigned,09,09.8,"",retained,項,akishima-kyoiku-gakko,
2025,expenditure,132071:2025:expenditure:approved:6f7b3db7a2c22ac9,assigned,09,09.5,"",retained,項,akishima-shakaikyoiku-other,
2025,expenditure,132071:2025:expenditure:approved:6f856f520ab4c903,assigned,10,"","",retained,款,minsei,
2025,expenditure,132071:2025:expenditure:approved:6f91ee153a08ea4e,assigned,09,09.1,"",retained,項,akishima-kyoiku-shoto,
2025,expenditure,132071:2025:expenditure:approved:6fb36cda8a3dca1e,assigned,10,"","",retained,款,minsei,
2025,expenditure,132071:2025:expenditure:approved:6fbc3fa4dac40db3,assigned,08,08.1,"",retained,項,akishima-hokentaiiku-other,
2025,expenditure,132071:2025:expenditure:approved:6fcccd995081975b,assigned,03,03.2,"",retained,款,shobo,
2025,expenditure,132071:2025:expenditure:approved:6fd9b0c8662988bd,assigned,01,"","",retained,款,somu,
2025,expenditure,132071:2025:expenditure:approved:6fdffc37f0c2f59a,assigned,08,08.1,"",retained,目,akishima-toshikeikaku-kouen,
2025,expenditure,132071:2025:expenditure:approved:6fe6910e4e3fe4f7,assigned,09,09.6,"",retained,目,akishima-hokentaiiku-kyushoku,
2025,expenditure,132071:2025:expenditure:approved:6fe974c782fba2ce,assigned,10,"","",retained,款,minsei,
2025,expenditure,132071:2025:expenditure:approved:702711dd589cbe5e,assigned,01,"","",retained,款,somu,
2025,expenditure,132071:2025:expenditure:approved:7031bf863c51a2ee,assigned,04,04.7,"",retained,款,shoko,
2025,expenditure,132071:2025:expenditure:approved:7034342bc7ed7ce6,assigned,07,"","",retained,項,akishima-eisei-hoken,
2025,expenditure,132071:2025:expenditure:approved:706a60da4bcb253f,assigned,03,03.2,"",retained,款,shobo,
2025,expenditure,132071:2025:expenditure:approved:707e3b472200f967,assigned,09,09.5,"",retained,項,akishima-shakaikyoiku-other,
2025,expenditure,132071:2025:expenditure:approved:70a2e246880f4d4d,assigned,10,"","",retained,款,minsei,
2025,expenditure,132071:2025:expenditure:approved:70b632d45776e5db,assigned,01,"","",retained,款,somu,
2025,expenditure,132071:2025:expenditure:approved:70e70074707902ff,assigned,10,"","",retained,款,minsei,
2025,expenditure,132071:2025:expenditure:approved:70f2e4fe7c810930,assigned,10,"","",retained,款,minsei,
2025,expenditure,132071:2025:expenditure:approved:70fc6ff6ac06afda,assigned,09,09.5,"",retained,項,akishima-shakaikyoiku-other,
2025,expenditure,132071:2025:expenditure:approved:710e7e797a92a186,assigned,10,"","",retained,款,minsei,
2025,expenditure,132071:2025:expenditure:approved:71534ee29cdcf953,assigned,09,09.5,"",retained,項,akishima-shakaikyoiku-other,
2025,expenditure,132071:2025:expenditure:approved:715dd80d011b0633,assigned,10,"","",retained,款,minsei,
2025,expenditure,132071:2025:expenditure:approved:716367d725770eb8,assigned,09,09.5,"",retained,項,akishima-shakaikyoiku-other,
2025,expenditure,132071:2025:expenditure:approved:716c9e4ce0cab471,assigned,10,"","",retained,款,minsei,
2025,expenditure,132071:2025:expenditure:approved:7175f146d9d83720,assigned,08,08.2,"",retained,目,akishima-shakaikyoiku-bunka,
2025,expenditure,132071:2025:expenditure:approved:717b720401bd1feb,assigned,04,04.5,04.5.1,retained,項,akishima-doboku-doro,
2025,expenditure,132071:2025:expenditure:approved:71a1a442914e2d0f,assigned,01,"","",retained,款,somu,
2025,expenditure,132071:2025:expenditure:approved:71ad991a0c52da9a,assigned,07,"","",retained,項,akishima-eisei-hoken,
2025,expenditure,132071:2025:expenditure:approved:71bb0fd1c1c2dbf2,assigned,09,09.1,"",retained,項,akishima-kyoiku-shoto,
2025,expenditure,132071:2025:expenditure:approved:71c813776d0f0997,assigned,07,"","",retained,項,akishima-eisei-hoken,
2025,expenditure,132071:2025:expenditure:approved:71cfe1d9296cae2d,assigned,09,09.5,"",retained,項,akishima-shakaikyoiku-other,
2025,expenditure,132071:2025:expenditure:approved:71db2b238a8f94c3,assigned,07,"","",retained,項,akishima-eisei-hoken,
2025,expenditure,132071:2025:expenditure:approved:71f0ce18ac87ea9e,assigned,01,"","",retained,款,somu,
2025,expenditure,132071:2025:expenditure:approved:721087be495a2103,assigned,05,05.1,"",retained,項,akishima-eisei-seiso,
2025,expenditure,132071:2025:expenditure:approved:7218689912d76689,assigned,07,"","",retained,項,akishima-eisei-hoken,
2025,expenditure,132071:2025:expenditure:approved:721e6e5c4e1d80cf,assigned,04,04.7,"",retained,款,shoko,
2025,expenditure,132071:2025:expenditure:approved:723b89745276a38f,assigned,10,"","",retained,款,minsei,
2025,expenditure,132071:2025:expenditure:approved:7257ba237359f374,assigned,08,08.2,"",retained,目,akishima-shakaikyoiku-bunka,
2025,expenditure,132071:2025:expenditure:approved:7281a9f69b5f2fee,assigned,09,09.6,"",retained,目,akishima-hokentaiiku-kyushoku,
2025,expenditure,132071:2025:expenditure:approved:7281ac0d835ec642,assigned,04,04.5,"",retained,項,akishima-doboku-kanri,
2025,expenditure,132071:2025:expenditure:approved:72a6adf01e6af756,assigned,10,"","",retained,款,minsei,
2025,expenditure,132071:2025:expenditure:approved:72c24fb0b894b5a7,assigned,10,"","",retained,款,minsei,
2025,expenditure,132071:2025:expenditure:approved:72ce03f2c414b89e,assigned,08,08.2,"",retained,目,akishima-shakaikyoiku-bunka,
2025,expenditure,132071:2025:expenditure:approved:72d8d596574da75f,assigned,10,"","",retained,款,minsei,
2025,expenditure,132071:2025:expenditure:approved:72e78b87ece458f8,assigned,10,"","",retained,款,minsei,
2025,expenditure,132071:2025:expenditure:approved:72f78b9fdc7fe838,assigned,08,08.2,"",retained,目,akishima-shakaikyoiku-bunka,
2025,expenditure,132071:2025:expenditure:approved:7311ca8bb39f0f33,assigned,09,09.8,"",retained,項,akishima-kyoiku-gakko,
2025,expenditure,132071:2025:expenditure:approved:7384cdd4033e9039,assigned,06,06.1,"",retained,項,akishima-doboku-jutaku,
2025,expenditure,132071:2025:expenditure:approved:739489814e8bc7a4,assigned,09,09.2,"",retained,項,akishima-kyoiku-chuto,
2025,expenditure,132071:2025:expenditure:approved:73b3fe55114b5b9a,assigned,10,"","",retained,款,minsei,
2025,expenditure,132071:2025:expenditure:approved:73bdf0af91b4fb62,assigned,08,08.2,"",retained,目,akishima-shakaikyoiku-bunka,
2025,expenditure,132071:2025:expenditure:approved:73ccc94049a4d815,assigned,09,09.8,"",retained,項,akishima-kyoiku-gakko,
2025,expenditure,132071:2025:expenditure:approved:73dd216c74a7dc5b,assigned,10,"","",retained,款,minsei,
2025,expenditure,132071:2025:expenditure:approved:73e96c6a079940b3,assigned,03,03.2,"",retained,款,shobo,
2025,expenditure,132071:2025:expenditure:approved:73f67c54c7ba26a8,assigned,09,09.5,"",retained,項,akishima-shakaikyoiku-other,
2025,expenditure,132071:2025:expenditure:approved:73fd9734fbc63cfb,assigned,05,05.2,"",retained,目,akishima-toshikeikaku-gesui,
2025,expenditure,132071:2025:expenditure:approved:7418ef988933e175,assigned,01,"","",retained,款,somu,
2025,expenditure,132071:2025:expenditure:approved:741b4ef47de6a464,assigned,09,09.1,"",retained,項,akishima-kyoiku-shoto,
2025,expenditure,132071:2025:expenditure:approved:7420fba7b5b2e74e,assigned,04,04.5,04.5.1,retained,項,akishima-doboku-doro,
2025,expenditure,132071:2025:expenditure:approved:7439637733a43009,assigned,01,"","",retained,款,somu,
2025,expenditure,132071:2025:expenditure:approved:7446bc858b9e724c,assigned,09,09.6,"",retained,目,akishima-hokentaiiku-kyushoku,
2025,expenditure,132071:2025:expenditure:approved:7456e04df930923c,assigned,08,08.1,"",retained,項,akishima-hokentaiiku-other,
2025,expenditure,132071:2025:expenditure:approved:747737608dfdeb98,assigned,10,"","",retained,款,minsei,
2025,expenditure,132071:2025:expenditure:approved:747843ba4341e55d,assigned,06,06.1,"",retained,項,akishima-doboku-jutaku,
2025,expenditure,132071:2025:expenditure:approved:7489603cd13a6d14,assigned,01,"","",retained,款,somu,
2025,expenditure,132071:2025:expenditure:approved:7498e7e754330d11,assigned,05,05.1,"",retained,項,akishima-eisei-seiso,
2025,expenditure,132071:2025:expenditure:approved:74a9ad1c7593b1d4,assigned,09,09.6,"",retained,目,akishima-hokentaiiku-kyushoku,
2025,expenditure,132071:2025:expenditure:approved:74b50733b9a7600b,assigned,09,09.2,"",retained,項,akishima-kyoiku-chuto,
2025,expenditure,132071:2025:expenditure:approved:74b6cb6fe1ad7f21,assigned,07,"","",retained,項,akishima-eisei-hoken,
2025,expenditure,132071:2025:expenditure:approved:74de90b0d0fa22b6,assigned,10,"","",retained,款,minsei,
2025,expenditure,132071:2025:expenditure:approved:74deab56a73a8326,assigned,09,09.6,"",retained,目,akishima-hokentaiiku-kyushoku,
2025,expenditure,132071:2025:expenditure:approved:74f569a1196a712f,assigned,10,"","",retained,款,minsei,
2025,expenditure,132071:2025:expenditure:approved:75041a2cc5b68fa4,assigned,04,04.7,"",retained,款,shoko,
2025,expenditure,132071:2025:expenditure:approved:752f6cbc8e3c327c,assigned,01,"","",retained,款,somu,
2025,expenditure,132071:2025:expenditure:approved:756f2ac228ff9285,assigned,10,"","",retained,款,minsei,
2025,expenditure,132071:2025:expenditure:approved:7579479f1db5cf49,assigned,01,"","",retained,款,somu,
2025,expenditure,132071:2025:expenditure:approved:757c79348b5026c6,assigned,04,04.5,04.5.1,retained,項,akishima-doboku-doro,
2025,expenditure,132071:2025:expenditure:approved:757e997ae321e186,assigned,01,"","",retained,款,somu,
2025,expenditure,132071:2025:expenditure:approved:75a931b07bb7e635,assigned,10,"","",retained,款,minsei,
2025,expenditure,132071:2025:expenditure:approved:75ac02959e080836,assigned,08,08.1,"",retained,項,akishima-hokentaiiku-other,
2025,expenditure,132071:2025:expenditure:approved:75b94d2b5213eb0c,assigned,08,08.1,"",retained,目,akishima-toshikeikaku-kouen,
2025,expenditure,132071:2025:expenditure:approved:75bff230aca54e54,assigned,10,"","",retained,款,minsei,
2025,expenditure,132071:2025:expenditure:approved:75d1df5b970f639d,assigned,09,09.1,"",retained,項,akishima-kyoiku-shoto,
2025,expenditure,132071:2025:expenditure:approved:75e6041fc49ca40b,assigned,09,09.2,"",retained,項,akishima-kyoiku-chuto,
2025,expenditure,132071:2025:expenditure:approved:75f0a0939eaedfe3,assigned,10,"","",retained,款,minsei,
2025,expenditure,132071:2025:expenditure:approved:75f922dba3b1d122,assigned,04,04.7,"",retained,款,shoko,
2025,expenditure,132071:2025:expenditure:approved:76155bee3110f871,assigned,10,"","",retained,款,minsei,
2025,expenditure,132071:2025:expenditure:approved:7615e7cdd369a7f4,assigned,07,"","",retained,項,akishima-eisei-hoken,
2025,expenditure,132071:2025:expenditure:approved:761ca39a2fbb4231,assigned,01,"","",retained,款,somu,
2025,expenditure,132071:2025:expenditure:approved:7626810edd2f14fe,assigned,08,08.1,"",retained,項,akishima-hokentaiiku-other,
2025,expenditure,132071:2025:expenditure:approved:7629f88a7c33e769,assigned,08,08.1,"",retained,目,akishima-toshikeikaku-kouen,
2025,expenditure,132071:2025:expenditure:approved:762c4357ee20d71f,assigned,01,"","",retained,款,somu,
2025,expenditure,132071:2025:expenditure:approved:7637165d41930027,assigned,07,"","",retained,項,akishima-eisei-hoken,
2025,expenditure,132071:2025:expenditure:approved:763987607dbc58bb,assigned,01,"","",retained,款,somu,
2025,expenditure,132071:2025:expenditure:approved:764b342a85e8b92a,assigned,10,"","",retained,款,minsei,
2025,expenditure,132071:2025:expenditure:approved:765cf70326092466,assigned,10,"","",retained,款,minsei,
2025,expenditure,132071:2025:expenditure:approved:76615933d7446fd1,assigned,01,"","",retained,款,somu,
2025,expenditure,132071:2025:expenditure:approved:767dbbdc1a512e15,assigned,10,"","",retained,款,minsei,
2025,expenditure,132071:2025:expenditure:approved:7681f51cea886d3b,assigned,10,"","",retained,款,minsei,
2025,expenditure,132071:2025:expenditure:approved:76831b8f46cb9cdc,assigned,01,"","",retained,款,somu,
2025,expenditure,132071:2025:expenditure:approved:768a4cd5cc5b244e,assigned,01,"","",retained,款,somu,
2025,expenditure,132071:2025:expenditure:approved:76c730a8e04d2d92,assigned,09,09.5,"",retained,項,akishima-shakaikyoiku-other,
2025,expenditure,132071:2025:expenditure:approved:76e5b2a2970922d4,assigned,03,03.2,"",retained,款,shobo,
2025,expenditure,132071:2025:expenditure:approved:76eb78f15c5f5a3b,assigned,07,"","",retained,項,akishima-eisei-hoken,
2025,expenditure,132071:2025:expenditure:approved:77057b3caf4d9843,assigned,01,"","",retained,款,somu,
2025,expenditure,132071:2025:expenditure:approved:771d3952392f1fe1,assigned,01,01.1,"",retained,款,gikai,
2025,expenditure,132071:2025:expenditure:approved:771d54d0780a0892,assigned,06,06.1,"",retained,項,akishima-doboku-jutaku,
2025,expenditure,132071:2025:expenditure:approved:7721894bb8e93d9f,assigned,01,"","",retained,款,somu,
2025,expenditure,132071:2025:expenditure:approved:774bf5c04124a082,assigned,09,09.6,"",retained,目,akishima-hokentaiiku-kyushoku,
2025,expenditure,132071:2025:expenditure:approved:77b287b0ad901754,assigned,07,"","",retained,項,akishima-eisei-hoken,
2025,expenditure,132071:2025:expenditure:approved:77bc7536ab12f30c,assigned,10,"","",retained,款,minsei,
2025,expenditure,132071:2025:expenditure:approved:77c62df3bebbd29c,assigned,08,08.1,"",retained,目,akishima-toshikeikaku-kouen,
2025,expenditure,132071:2025:expenditure:approved:77e8599e56ea1695,assigned,01,01.1,"",retained,款,gikai,
2025,expenditure,132071:2025:expenditure:approved:77f5b6fecc32cd13,assigned,09,09.8,"",retained,項,akishima-kyoiku-gakko,
2025,expenditure,132071:2025:expenditure:approved:7813c608e86cb63b,assigned,01,"","",retained,款,somu,
2025,expenditure,132071:2025:expenditure:approved:783156e6b12da85d,assigned,01,"","",retained,款,somu,
2025,expenditure,132071:2025:expenditure:approved:78524fe53b0790b2,assigned,10,"","",retained,款,minsei,
2025,expenditure,132071:2025:expenditure:approved:78736bfa078689ae,assigned,01,"","",retained,款,somu,
2025,expenditure,132071:2025:expenditure:approved:787aa293ecce8196,assigned,01,"","",retained,款,somu,
2025,expenditure,132071:2025:expenditure:approved:78925f2db55e154b,assigned,05,05.1,"",retained,項,akishima-eisei-seiso,
2025,expenditure,132071:2025:expenditure:approved:78a0922a1c59bb4d,assigned,01,"","",retained,款,somu,
2025,expenditure,132071:2025:expenditure:approved:78b38aed284468bb,assigned,10,"","",retained,款,minsei,
2025,expenditure,132071:2025:expenditure:approved:78cd77f9e53feedb,assigned,06,06.1,"",retained,項,akishima-doboku-jutaku,
2025,expenditure,132071:2025:expenditure:approved:78d50017f0678458,assigned,04,04.7,"",retained,款,shoko,
2025,expenditure,132071:2025:expenditure:approved:78e6b6b56ca4e24f,assigned,09,09.8,"",retained,項,akishima-kyoiku-gakko,
2025,expenditure,132071:2025:expenditure:approved:78f20e6eab436091,assigned,01,"","",retained,款,somu,
2025,expenditure,132071:2025:expenditure:approved:79535c5548358de5,assigned,10,"","",retained,款,minsei,
2025,expenditure,132071:2025:expenditure:approved:795b394247fdc055,assigned,01,"","",retained,款,somu,
2025,expenditure,132071:2025:expenditure:approved:79656705a7f0dbad,assigned,10,"","",retained,款,minsei,
2025,expenditure,132071:2025:expenditure:approved:7996fae3d314a92d,assigned,01,"","",retained,款,somu,
2025,expenditure,132071:2025:expenditure:approved:79e7fdb3bd6bd54f,assigned,03,03.2,"",retained,款,shobo,
2025,expenditure,132071:2025:expenditure:approved:7a09f7b9babb20ea,assigned,08,08.2,"",retained,目,akishima-shakaikyoiku-bunka,
2025,expenditure,132071:2025:expenditure:approved:7a0f37ccc32d714f,assigned,10,"","",retained,款,minsei,
2025,expenditure,132071:2025:expenditure:approved:7a17f9900d298fbd,assigned,08,08.1,"",retained,目,akishima-toshikeikaku-kouen,
2025,expenditure,132071:2025:expenditure:approved:7a3afbdd2aaaa35f,assigned,09,09.5,"",retained,項,akishima-shakaikyoiku-other,
2025,expenditure,132071:2025:expenditure:approved:7a43a1e662ddf060,assigned,08,08.2,"",retained,目,akishima-shakaikyoiku-bunka,
2025,expenditure,132071:2025:expenditure:approved:7a5c446e8f643cd6,assigned,01,"","",retained,款,somu,
2025,expenditure,132071:2025:expenditure:approved:7a5d28c662629879,assigned,08,08.1,"",retained,項,akishima-hokentaiiku-other,
2025,expenditure,132071:2025:expenditure:approved:7a632f22fb302ffb,assigned,06,06.2,"",retained,項,akishima-toshikeikaku-other,
2025,expenditure,132071:2025:expenditure:approved:7a9d1d2122a1bf02,assigned,01,"","",retained,款,somu,
2025,expenditure,132071:2025:expenditure:approved:7aa9afa5452b1589,assigned,10,"","",retained,款,minsei,
2025,expenditure,132071:2025:expenditure:approved:7aea88d737c359ad,assigned,05,05.1,"",retained,項,akishima-eisei-seiso,
2025,expenditure,132071:2025:expenditure:approved:7af9e6e87cfd6fec,assigned,05,05.1,"",retained,項,akishima-eisei-seiso,
2025,expenditure,132071:2025:expenditure:approved:7b05671999a4d24e,assigned,01,"","",retained,款,somu,
2025,expenditure,132071:2025:expenditure:approved:7b1a9a10d44bce98,assigned,05,05.1,"",retained,項,akishima-eisei-seiso,
2025,expenditure,132071:2025:expenditure:approved:7b1c3dafe46a5b41,assigned,09,09.1,"",retained,項,akishima-kyoiku-shoto,
2025,expenditure,132071:2025:expenditure:approved:7b3639e10bc62cf2,assigned,07,"","",retained,項,akishima-eisei-hoken,
2025,expenditure,132071:2025:expenditure:approved:7b449a500de9a695,assigned,07,"","",retained,項,akishima-eisei-hoken,
2025,expenditure,132071:2025:expenditure:approved:7b586f627d98b03c,assigned,09,09.1,"",retained,項,akishima-kyoiku-shoto,
2025,expenditure,132071:2025:expenditure:approved:7b6c9c55d5c2e0ab,assigned,10,"","",retained,款,minsei,
2025,expenditure,132071:2025:expenditure:approved:7b85608ee6490275,assigned,01,"","",retained,款,somu,
2025,expenditure,132071:2025:expenditure:approved:7bb2754d25965391,assigned,10,"","",retained,款,minsei,
2025,expenditure,132071:2025:expenditure:approved:7bc2a843b03677d0,assigned,01,01.1,"",retained,款,gikai,
2025,expenditure,132071:2025:expenditure:approved:7bcff99bc9654583,assigned,01,"","",retained,款,somu,
2025,expenditure,132071:2025:expenditure:approved:7bfd4e83b93db597,assigned,04,04.5,"",retained,項,akishima-doboku-kanri,
2025,expenditure,132071:2025:expenditure:approved:7c184d91d6613f20,assigned,08,08.2,"",retained,目,akishima-shakaikyoiku-bunka,
2025,expenditure,132071:2025:expenditure:approved:7c2201e04a66338b,assigned,01,"","",retained,款,somu,
2025,expenditure,132071:2025:expenditure:approved:7c3877f8ea18a612,assigned,09,09.2,"",retained,項,akishima-kyoiku-chuto,
2025,expenditure,132071:2025:expenditure:approved:7c3a65df4afde459,assigned,01,"","",retained,款,somu,
2025,expenditure,132071:2025:expenditure:approved:7c5bc61ddecdc68a,assigned,09,09.2,"",retained,項,akishima-kyoiku-chuto,
2025,expenditure,132071:2025:expenditure:approved:7c5c18a04de11999,assigned,01,"","",retained,款,somu,
2025,expenditure,132071:2025:expenditure:approved:7c738325530dc94a,assigned,07,"","",retained,項,akishima-eisei-hoken,
2025,expenditure,132071:2025:expenditure:approved:7c7503b59d880106,assigned,03,03.2,"",retained,款,shobo,
2025,expenditure,132071:2025:expenditure:approved:7c77b83a22fc8e4c,assigned,10,"","",retained,款,minsei,
2025,expenditure,132071:2025:expenditure:approved:7c78f9fc46a01f1d,assigned,01,"","",retained,款,somu,
2025,expenditure,132071:2025:expenditure:approved:7c9062b34a8a3245,assigned,08,08.1,"",retained,項,akishima-hokentaiiku-other,
2025,expenditure,132071:2025:expenditure:approved:7ca869c79e7d3e5a,assigned,05,05.1,"",retained,項,akishima-eisei-seiso,
2025,expenditure,132071:2025:expenditure:approved:7cb427f2c4691388,assigned,10,"","",retained,款,minsei,
2025,expenditure,132071:2025:expenditure:approved:7cd40b52e9fe282f,assigned,10,"","",retained,款,minsei,
2025,expenditure,132071:2025:expenditure:approved:7cf56c50ab367c42,assigned,09,09.5,"",retained,項,akishima-shakaikyoiku-other,
2025,expenditure,132071:2025:expenditure:approved:7cf968580bb9f8d8,assigned,09,09.8,"",retained,項,akishima-kyoiku-gakko,
2025,expenditure,132071:2025:expenditure:approved:7d0f6dfc4a35b9bb,assigned,08,08.2,"",retained,目,akishima-shakaikyoiku-bunka,
2025,expenditure,132071:2025:expenditure:approved:7d3e48858511c5cb,assigned,01,"","",retained,款,somu,
2025,expenditure,132071:2025:expenditure:approved:7d4593a703ddfc9e,assigned,09,09.2,"",retained,項,akishima-kyoiku-chuto,
2025,expenditure,132071:2025:expenditure:approved:7d53a322bab17b3e,assigned,10,"","",retained,款,minsei,
2025,expenditure,132071:2025:expenditure:approved:7d9ab989eb9e7afd,assigned,10,"","",retained,款,minsei,
2025,expenditure,132071:2025:expenditure:approved:7d9d1d3d95eb3e6c,assigned,01,"","",retained,款,somu,
2025,expenditure,132071:2025:expenditure:approved:7dbcb3b63224bda3,assigned,05,05.1,"",retained,項,akishima-eisei-seiso,
2025,expenditure,132071:2025:expenditure:approved:7dd653eb3818faf8,assigned,05,05.1,"",retained,項,akishima-eisei-seiso,
2025,expenditure,132071:2025:expenditure:approved:7dd9b834b4981f41,assigned,08,08.2,"",retained,目,akishima-shakaikyoiku-bunka,
2025,expenditure,132071:2025:expenditure:approved:7defe5d6085f4c59,assigned,08,08.2,"",retained,目,akishima-shakaikyoiku-bunka,
2025,expenditure,132071:2025:expenditure:approved:7dfa9f6e8f6df811,assigned,08,08.1,"",retained,項,akishima-hokentaiiku-other,
2025,expenditure,132071:2025:expenditure:approved:7e072f1093d84d84,assigned,04,04.2,"",retained,款,norin,
2025,expenditure,132071:2025:expenditure:approved:7e0b9f8a82a4a87f,assigned,05,05.1,"",retained,項,akishima-eisei-seiso,
2025,expenditure,132071:2025:expenditure:approved:7e2aa47228f1956d,assigned,10,"","",retained,款,minsei,
2025,expenditure,132071:2025:expenditure:approved:7e3b7c85685f3e3a,assigned,09,09.1,"",retained,項,akishima-kyoiku-shoto,
2025,expenditure,132071:2025:expenditure:approved:7e3c99e5bd018661,assigned,01,01.1,"",retained,款,gikai,
2025,expenditure,132071:2025:expenditure:approved:7eac6f50b7a08fc0,assigned,01,"","",retained,款,somu,
2025,expenditure,132071:2025:expenditure:approved:7ecda101054f28db,assigned,01,"","",retained,款,somu,
2025,expenditure,132071:2025:expenditure:approved:7f1c8a6ab5d6b722,assigned,06,06.1,"",retained,項,akishima-doboku-jutaku,
2025,expenditure,132071:2025:expenditure:approved:7f246db579dc8583,assigned,01,"","",retained,款,somu,
2025,expenditure,132071:2025:expenditure:approved:7f3d1f0f9d6232f0,assigned,08,08.1,"",retained,項,akishima-hokentaiiku-other,
2025,expenditure,132071:2025:expenditure:approved:7f89ccaec5478e76,assigned,04,04.5,"",retained,項,akishima-doboku-kanri,
2025,expenditure,132071:2025:expenditure:approved:7fa670276902632e,assigned,10,"","",retained,款,minsei,
2025,expenditure,132071:2025:expenditure:approved:7ffd4f7b1d5d4696,assigned,09,09.2,"",retained,項,akishima-kyoiku-chuto,
2025,expenditure,132071:2025:expenditure:approved:801cde9d7173f34f,assigned,07,"","",retained,項,akishima-eisei-hoken,
2025,expenditure,132071:2025:expenditure:approved:8024a2d9e8b9cb86,assigned,01,"","",retained,款,somu,
2025,expenditure,132071:2025:expenditure:approved:80269c3974e65e51,assigned,01,"","",retained,款,somu,
2025,expenditure,132071:2025:expenditure:approved:80293d9fd41cbdc1,assigned,10,"","",retained,款,minsei,
2025,expenditure,132071:2025:expenditure:approved:8031159f22a3fd5c,assigned,01,"","",retained,款,somu,
2025,expenditure,132071:2025:expenditure:approved:803dd7ffb91fe8ae,assigned,01,"","",retained,款,somu,
2025,expenditure,132071:2025:expenditure:approved:8063050a3a4d2ec2,assigned,09,09.5,"",retained,項,akishima-shakaikyoiku-other,
2025,expenditure,132071:2025:expenditure:approved:8075d69b5254b57a,assigned,09,09.1,"",retained,項,akishima-kyoiku-shoto,
2025,expenditure,132071:2025:expenditure:approved:8083ed21d75407e5,assigned,09,09.8,"",retained,項,akishima-kyoiku-gakko,
2025,expenditure,132071:2025:expenditure:approved:80b0db425308c0d8,assigned,09,09.8,"",retained,項,akishima-kyoiku-gakko,
2025,expenditure,132071:2025:expenditure:approved:80c3a8f9034e3ded,assigned,08,08.2,"",retained,目,akishima-shakaikyoiku-bunka,
2025,expenditure,132071:2025:expenditure:approved:80ddab22f9522fd5,assigned,09,09.5,"",retained,項,akishima-shakaikyoiku-other,
2025,expenditure,132071:2025:expenditure:approved:80f8fdc2fdfa9cb4,assigned,05,05.1,"",retained,項,akishima-eisei-seiso,
2025,expenditure,132071:2025:expenditure:approved:8124c0e277d6df1f,assigned,05,05.1,"",retained,項,akishima-eisei-seiso,
2025,expenditure,132071:2025:expenditure:approved:813d28a967c4cec2,assigned,10,"","",retained,款,minsei,
2025,expenditure,132071:2025:expenditure:approved:818cdd4fef4cb74f,assigned,05,05.1,"",retained,項,akishima-eisei-seiso,
2025,expenditure,132071:2025:expenditure:approved:81aae8987e8ca687,assigned,10,"","",retained,款,minsei,
2025,expenditure,132071:2025:expenditure:approved:81af26f77e5fe881,assigned,01,01.1,"",retained,款,gikai,
2025,expenditure,132071:2025:expenditure:approved:81b2163eeb83eb0a,assigned,04,04.1,04.1.2,retained,款,rodo,
2025,expenditure,132071:2025:expenditure:approved:81b445ce23537454,assigned,09,09.5,"",retained,項,akishima-shakaikyoiku-other,
2025,expenditure,132071:2025:expenditure:approved:81c33e8ab5a4e60f,assigned,01,"","",retained,款,somu,
2025,expenditure,132071:2025:expenditure:approved:81cc246c59a5f6b0,assigned,01,"","",retained,款,somu,
2025,expenditure,132071:2025:expenditure:approved:81d736235c51f701,assigned,08,08.1,"",retained,項,akishima-hokentaiiku-other,
2025,expenditure,132071:2025:expenditure:approved:81debe1c7fbefa3c,assigned,01,"","",retained,款,somu,
2025,expenditure,132071:2025:expenditure:approved:820c0d9e774be231,assigned,01,"","",retained,款,somu,
2025,expenditure,132071:2025:expenditure:approved:8219a1a1d8158cb3,assigned,01,"","",retained,款,somu,
2025,expenditure,132071:2025:expenditure:approved:8240bf798c15c587,assigned,10,"","",retained,款,minsei,
2025,expenditure,132071:2025:expenditure:approved:824334a9deea969a,assigned,01,"","",retained,款,somu,
2025,expenditure,132071:2025:expenditure:approved:824342f48d8021fd,assigned,09,09.1,"",retained,項,akishima-kyoiku-shoto,
2025,expenditure,132071:2025:expenditure:approved:82448ba0507dee4c,assigned,09,09.8,"",retained,項,akishima-kyoiku-gakko,
2025,expenditure,132071:2025:expenditure:approved:824595e780662447,assigned,01,"","",retained,款,somu,
2025,expenditure,132071:2025:expenditure:approved:825bb934674b2b72,assigned,10,"","",retained,款,minsei,
2025,expenditure,132071:2025:expenditure:approved:82752e85d6f7845a,assigned,01,"","",retained,款,somu,
2025,expenditure,132071:2025:expenditure:approved:827db05bf6d91776,assigned,05,05.1,"",retained,項,akishima-eisei-seiso,
2025,expenditure,132071:2025:expenditure:approved:828eb4840b211d28,assigned,10,"","",retained,款,minsei,
2025,expenditure,132071:2025:expenditure:approved:8296d4ede2a809a0,assigned,06,06.2,"",retained,項,akishima-toshikeikaku-other,
2025,expenditure,132071:2025:expenditure:approved:829eb7a5794c0b73,assigned,04,04.7,"",retained,款,shoko,
2025,expenditure,132071:2025:expenditure:approved:82b3df7f3246b851,assigned,01,"","",retained,款,somu,
2025,expenditure,132071:2025:expenditure:approved:82b67d8f8f1b9233,assigned,01,"","",retained,款,somu,
2025,expenditure,132071:2025:expenditure:approved:82bc5d5f8d783b21,assigned,07,"","",retained,項,akishima-eisei-hoken,
2025,expenditure,132071:2025:expenditure:approved:82d3a2f63b4e75c4,assigned,10,"","",retained,款,minsei,
2025,expenditure,132071:2025:expenditure:approved:8323673a3d623bfd,assigned,08,08.1,"",retained,項,akishima-hokentaiiku-other,
2025,expenditure,132071:2025:expenditure:approved:8334fb2231197eac,assigned,05,05.1,"",retained,項,akishima-eisei-seiso,
2025,expenditure,132071:2025:expenditure:approved:83698aaac44cb1e4,assigned,07,"","",retained,項,akishima-eisei-hoken,
2025,expenditure,132071:2025:expenditure:approved:836b9bc2852b6f22,assigned,01,"","",retained,款,somu,
2025,expenditure,132071:2025:expenditure:approved:8384fca3006cb5a1,assigned,07,"","",retained,項,akishima-eisei-hoken,
2025,expenditure,132071:2025:expenditure:approved:83a24e0f9d6531db,assigned,09,09.2,"",retained,項,akishima-kyoiku-chuto,
2025,expenditure,132071:2025:expenditure:approved:83bb51bcfadb9c3f,assigned,10,"","",retained,款,minsei,
2025,expenditure,132071:2025:expenditure:approved:83bfea17d7da26f0,assigned,05,05.1,"",retained,項,akishima-eisei-seiso,
2025,expenditure,132071:2025:expenditure:approved:83d8a5c699e27584,assigned,04,04.5,"",retained,項,akishima-doboku-kanri,
2025,expenditure,132071:2025:expenditure:approved:83f5bc9206508d06,assigned,09,09.8,"",retained,項,akishima-kyoiku-gakko,
2025,expenditure,132071:2025:expenditure:approved:83fb984da2d7ad52,assigned,09,09.1,"",retained,項,akishima-kyoiku-shoto,
2025,expenditure,132071:2025:expenditure:approved:8416099b01d57cc7,assigned,10,"","",retained,款,minsei,
2025,expenditure,132071:2025:expenditure:approved:843a13d705715710,assigned,07,"","",retained,項,akishima-eisei-hoken,
2025,expenditure,132071:2025:expenditure:approved:8443a1d1b3b82512,assigned,07,"","",retained,項,akishima-eisei-hoken,
2025,expenditure,132071:2025:expenditure:approved:8446e0ac74cc70d1,assigned,04,04.5,"",retained,項,akishima-doboku-kanri,
2025,expenditure,132071:2025:expenditure:approved:8453dc3571eda89d,assigned,01,"","",retained,款,somu,
2025,expenditure,132071:2025:expenditure:approved:8453e33075575a8c,assigned,10,"","",retained,款,minsei,
2025,expenditure,132071:2025:expenditure:approved:84858c590cd9ea7a,assigned,01,01.1,"",retained,款,gikai,
2025,expenditure,132071:2025:expenditure:approved:8486d8d0c843a41b,assigned,08,08.1,"",retained,項,akishima-hokentaiiku-other,
2025,expenditure,132071:2025:expenditure:approved:849c86f63ae12a0c,assigned,01,"","",retained,款,somu,
2025,expenditure,132071:2025:expenditure:approved:84a4d4126480431a,assigned,08,08.1,"",retained,項,akishima-hokentaiiku-other,
2025,expenditure,132071:2025:expenditure:approved:84b1fe87490050be,assigned,01,"","",retained,款,somu,
2025,expenditure,132071:2025:expenditure:approved:84efdb1d6f01e876,assigned,07,"","",retained,項,akishima-eisei-hoken,
2025,expenditure,132071:2025:expenditure:approved:84f25b08e7499262,assigned,10,"","",retained,款,minsei,
2025,expenditure,132071:2025:expenditure:approved:853722b8e634cb74,assigned,01,"","",retained,款,somu,
2025,expenditure,132071:2025:expenditure:approved:856d79b625f184ca,assigned,07,"","",retained,項,akishima-eisei-hoken,
2025,expenditure,132071:2025:expenditure:approved:85c7aa142bad234b,assigned,07,"","",retained,項,akishima-eisei-hoken,
2025,expenditure,132071:2025:expenditure:approved:85cc5347b6703156,assigned,09,09.8,"",retained,項,akishima-kyoiku-gakko,
2025,expenditure,132071:2025:expenditure:approved:85d1e9c3d2276080,assigned,01,"","",retained,款,somu,
2025,expenditure,132071:2025:expenditure:approved:85f720b246b26936,assigned,07,"","",retained,項,akishima-eisei-hoken,
2025,expenditure,132071:2025:expenditure:approved:85fdefe07ace872b,assigned,01,"","",retained,款,somu,
2025,expenditure,132071:2025:expenditure:approved:860e17cf73a54bda,assigned,01,"","",retained,款,somu,
2025,expenditure,132071:2025:expenditure:approved:8615cd1f9befa27b,assigned,09,09.2,"",retained,項,akishima-kyoiku-chuto,
2025,expenditure,132071:2025:expenditure:approved:861d3ce906dd4fae,assigned,10,"","",retained,款,minsei,
2025,expenditure,132071:2025:expenditure:approved:863428e0efdbab79,assigned,10,"","",retained,款,minsei,
2025,expenditure,132071:2025:expenditure:approved:8638064bdd7bcbc8,assigned,08,08.2,"",retained,目,akishima-shakaikyoiku-bunka,
2025,expenditure,132071:2025:expenditure:approved:863d7488b2d295b2,assigned,01,"","",retained,款,somu,
2025,expenditure,132071:2025:expenditure:approved:86422c07268c0c15,assigned,10,"","",retained,款,minsei,
2025,expenditure,132071:2025:expenditure:approved:864372ebb4f6be4a,assigned,01,"","",retained,款,somu,
2025,expenditure,132071:2025:expenditure:approved:865313a644c00095,assigned,05,05.1,"",retained,項,akishima-eisei-seiso,
2025,expenditure,132071:2025:expenditure:approved:865710f26d91991d,assigned,07,"","",retained,項,akishima-eisei-hoken,
2025,expenditure,132071:2025:expenditure:approved:8679755bea41b2c2,assigned,10,"","",retained,款,minsei,
2025,expenditure,132071:2025:expenditure:approved:867aed166ce66dea,assigned,10,"","",retained,款,minsei,
2025,expenditure,132071:2025:expenditure:approved:869f09ec82404172,assigned,01,"","",retained,款,somu,
2025,expenditure,132071:2025:expenditure:approved:86caee7cb54635ad,assigned,04,04.5,"",retained,項,akishima-doboku-kanri,
2025,expenditure,132071:2025:expenditure:approved:86d56f6a4cef64d3,assigned,01,"","",retained,款,somu,
2025,expenditure,132071:2025:expenditure:approved:86e941df18a977d8,assigned,07,"","",retained,項,akishima-eisei-hoken,
2025,expenditure,132071:2025:expenditure:approved:86ef88dd96acba49,assigned,07,"","",retained,項,akishima-eisei-hoken,
2025,expenditure,132071:2025:expenditure:approved:86f32d810d5601db,assigned,07,"","",retained,項,akishima-eisei-hoken,
2025,expenditure,132071:2025:expenditure:approved:86fb4e0e33c18227,assigned,01,01.1,"",retained,款,gikai,
2025,expenditure,132071:2025:expenditure:approved:8713fbf5eb9a5d6c,assigned,07,"","",retained,項,akishima-eisei-hoken,
2025,expenditure,132071:2025:expenditure:approved:8722b84147adc7f7,assigned,01,"","",retained,款,somu,
2025,expenditure,132071:2025:expenditure:approved:873043d995162f2a,assigned,08,08.1,"",retained,項,akishima-hokentaiiku-other,
2025,expenditure,132071:2025:expenditure:approved:87604ec1a1522dce,assigned,09,09.1,"",retained,項,akishima-kyoiku-shoto,
2025,expenditure,132071:2025:expenditure:approved:876b5bf102544b46,assigned,10,"","",retained,款,minsei,
2025,expenditure,132071:2025:expenditure:approved:878a5c9f679e4bfa,assigned,01,"","",retained,款,somu,
2025,expenditure,132071:2025:expenditure:approved:878bfd7d26e0f0a7,assigned,03,03.2,"",retained,款,shobo,
2025,expenditure,132071:2025:expenditure:approved:879f4af2ab30202c,assigned,08,08.1,"",retained,目,akishima-toshikeikaku-kouen,
2025,expenditure,132071:2025:expenditure:approved:87b13bc4b7f034d7,assigned,03,03.2,"",retained,款,shobo,
2025,expenditure,132071:2025:expenditure:approved:87d9888391d7fbd4,assigned,07,"","",retained,項,akishima-eisei-hoken,
2025,expenditure,132071:2025:expenditure:approved:885fe778f4f19303,assigned,09,09.6,"",retained,目,akishima-hokentaiiku-kyushoku,
2025,expenditure,132071:2025:expenditure:approved:8897fc3f9f0b549d,assigned,10,"","",retained,款,minsei,
2025,expenditure,132071:2025:expenditure:approved:889e1954e5562166,assigned,01,"","",retained,款,somu,
2025,expenditure,132071:2025:expenditure:approved:88a11a87c8a48aab,assigned,01,"","",retained,款,somu,
2025,expenditure,132071:2025:expenditure:approved:88a53a01a7395433,assigned,01,"","",retained,款,somu,
2025,expenditure,132071:2025:expenditure:approved:88a6f38d419310ae,assigned,08,08.1,"",retained,項,akishima-hokentaiiku-other,
2025,expenditure,132071:2025:expenditure:approved:88b79a1d937a38ea,assigned,10,"","",retained,款,minsei,
2025,expenditure,132071:2025:expenditure:approved:88c0b37c435e6e0b,assigned,04,04.1,04.1.2,retained,款,rodo,
2025,expenditure,132071:2025:expenditure:approved:88c0b6ee1a57393a,assigned,07,"","",retained,項,akishima-eisei-hoken,
2025,expenditure,132071:2025:expenditure:approved:88c23aece615c57f,assigned,01,"","",retained,款,somu,
2025,expenditure,132071:2025:expenditure:approved:88cfb1c72b2c0a75,assigned,10,"","",retained,款,minsei,
2025,expenditure,132071:2025:expenditure:approved:88f8ecb0b7444c73,assigned,10,"","",retained,款,minsei,
2025,expenditure,132071:2025:expenditure:approved:8918867e39e93ec6,assigned,07,"","",retained,項,akishima-eisei-hoken,
2025,expenditure,132071:2025:expenditure:approved:891d86bd5da922d9,assigned,10,"","",retained,款,minsei,
2025,expenditure,132071:2025:expenditure:approved:8936e40222e929e2,assigned,08,08.2,"",retained,目,akishima-shakaikyoiku-bunka,
2025,expenditure,132071:2025:expenditure:approved:8949f39f9490f774,assigned,01,"","",retained,款,somu,
2025,expenditure,132071:2025:expenditure:approved:894b1de76444198c,assigned,09,09.8,"",retained,項,akishima-kyoiku-gakko,
2025,expenditure,132071:2025:expenditure:approved:896d9517984e1a1c,assigned,05,05.1,"",retained,項,akishima-eisei-seiso,
2025,expenditure,132071:2025:expenditure:approved:898e11475108ae3a,assigned,10,"","",retained,款,minsei,
2025,expenditure,132071:2025:expenditure:approved:8992353b27551d73,assigned,03,03.2,"",retained,款,shobo,
2025,expenditure,132071:2025:expenditure:approved:89a3b828b5d088fc,assigned,10,"","",retained,款,minsei,
2025,expenditure,132071:2025:expenditure:approved:89b56be2b7e1fe91,assigned,09,09.8,"",retained,項,akishima-kyoiku-gakko,
2025,expenditure,132071:2025:expenditure:approved:89cb7c83d920b0cc,assigned,06,06.1,"",retained,項,akishima-doboku-jutaku,
2025,expenditure,132071:2025:expenditure:approved:89fa157cd2c400b3,assigned,10,"","",retained,款,minsei,
2025,expenditure,132071:2025:expenditure:approved:8a1ada5d10316bf2,assigned,09,09.8,"",retained,項,akishima-kyoiku-gakko,
2025,expenditure,132071:2025:expenditure:approved:8a2bf02602f7d31c,assigned,01,"","",retained,款,somu,
2025,expenditure,132071:2025:expenditure:approved:8a2e9b6cad2f95ab,assigned,01,"","",retained,款,somu,
2025,expenditure,132071:2025:expenditure:approved:8a3118534eae1cb5,assigned,09,09.2,"",retained,項,akishima-kyoiku-chuto,
2025,expenditure,132071:2025:expenditure:approved:8a3d511e02607151,assigned,07,"","",retained,項,akishima-eisei-hoken,
2025,expenditure,132071:2025:expenditure:approved:8a3fa62ab240f0cb,assigned,10,"","",retained,款,minsei,
2025,expenditure,132071:2025:expenditure:approved:8a7dca6216c71fd8,assigned,10,"","",retained,款,minsei,
2025,expenditure,132071:2025:expenditure:approved:8a86efeb3bf8f4a4,assigned,05,05.1,"",retained,項,akishima-eisei-seiso,
2025,expenditure,132071:2025:expenditure:approved:8a8f7f7823e99bf6,assigned,09,09.2,"",retained,項,akishima-kyoiku-chuto,
2025,expenditure,132071:2025:expenditure:approved:8aa235ba37e15e75,assigned,08,08.1,"",retained,項,akishima-hokentaiiku-other,
2025,expenditure,132071:2025:expenditure:approved:8aa6f4676e600622,assigned,01,"","",retained,款,somu,
2025,expenditure,132071:2025:expenditure:approved:8aaef407fba86963,assigned,01,"","",retained,款,somu,
2025,expenditure,132071:2025:expenditure:approved:8abd3248ddb4f565,assigned,01,"","",retained,款,somu,
2025,expenditure,132071:2025:expenditure:approved:8abd7624843a9b55,assigned,09,09.1,"",retained,項,akishima-kyoiku-shoto,
2025,expenditure,132071:2025:expenditure:approved:8acdb19c0771299c,assigned,09,09.1,"",retained,項,akishima-kyoiku-shoto,
2025,expenditure,132071:2025:expenditure:approved:8ae44cbecf5915f7,assigned,07,"","",retained,項,akishima-eisei-hoken,
2025,expenditure,132071:2025:expenditure:approved:8ae6b586df37d259,assigned,04,04.5,04.5.1,retained,項,akishima-doboku-doro,
2025,expenditure,132071:2025:expenditure:approved:8af68d1db7da8d6f,assigned,10,"","",retained,款,minsei,
2025,expenditure,132071:2025:expenditure:approved:8b0b60a8b39e3ca9,assigned,06,06.1,"",retained,項,akishima-doboku-jutaku,
2025,expenditure,132071:2025:expenditure:approved:8b19443073535941,assigned,06,06.1,"",retained,項,akishima-doboku-jutaku,
2025,expenditure,132071:2025:expenditure:approved:8b39d038e8eccc53,assigned,01,"","",retained,款,somu,
2025,expenditure,132071:2025:expenditure:approved:8b3f82c9415842fc,assigned,03,03.2,"",retained,款,shobo,
2025,expenditure,132071:2025:expenditure:approved:8b4ea05365499c5b,assigned,05,05.1,"",retained,項,akishima-eisei-seiso,
2025,expenditure,132071:2025:expenditure:approved:8b4fb235f3407e88,assigned,09,09.6,"",retained,目,akishima-hokentaiiku-kyushoku,
2025,expenditure,132071:2025:expenditure:approved:8b5ace9edc64b69c,assigned,01,"","",retained,款,somu,
2025,expenditure,132071:2025:expenditure:approved:8b699d47b0b2b569,assigned,01,"","",retained,款,somu,
2025,expenditure,132071:2025:expenditure:approved:8b93942ee7a1acb0,assigned,01,"","",retained,款,somu,
2025,expenditure,132071:2025:expenditure:approved:8baaa2fecc6806b6,assigned,10,"","",retained,款,minsei,
2025,expenditure,132071:2025:expenditure:approved:8baf8aadeace5827,assigned,09,09.8,"",retained,項,akishima-kyoiku-gakko,
2025,expenditure,132071:2025:expenditure:approved:8bb625d57da2767e,assigned,04,04.5,04.5.1,retained,項,akishima-doboku-doro,
2025,expenditure,132071:2025:expenditure:approved:8bc2bf17867759f3,assigned,09,09.2,"",retained,項,akishima-kyoiku-chuto,
2025,expenditure,132071:2025:expenditure:approved:8be1e10b25afaf8e,assigned,01,"","",retained,款,somu,
2025,expenditure,132071:2025:expenditure:approved:8be5b1fd09d4db4c,assigned,01,"","",retained,款,somu,
2025,expenditure,132071:2025:expenditure:approved:8be6aa3a9d88b7ff,assigned,10,"","",retained,款,minsei,
2025,expenditure,132071:2025:expenditure:approved:8bf8e8e0c591c45f,assigned,09,09.8,"",retained,項,akishima-kyoiku-gakko,
2025,expenditure,132071:2025:expenditure:approved:8c03080f2a06c98e,assigned,03,03.2,"",retained,款,shobo,
2025,expenditure,132071:2025:expenditure:approved:8c125d94fd23d954,assigned,10,"","",retained,款,minsei,
2025,expenditure,132071:2025:expenditure:approved:8c263c0c721dfa9c,assigned,10,"","",retained,款,minsei,
2025,expenditure,132071:2025:expenditure:approved:8c3576052ed2e6cf,assigned,09,09.6,"",retained,目,akishima-hokentaiiku-kyushoku,
2025,expenditure,132071:2025:expenditure:approved:8c5a9d71eac5f7db,assigned,09,09.2,"",retained,項,akishima-kyoiku-chuto,
2025,expenditure,132071:2025:expenditure:approved:8c5ddffd9fd90029,assigned,09,09.1,"",retained,項,akishima-kyoiku-shoto,
2025,expenditure,132071:2025:expenditure:approved:8c6cbb8d9f0cd704,assigned,01,"","",retained,款,somu,
2025,expenditure,132071:2025:expenditure:approved:8c810a95840a3bee,assigned,10,"","",retained,款,minsei,
2025,expenditure,132071:2025:expenditure:approved:8cbba068ec53ed71,assigned,08,08.2,"",retained,目,akishima-shakaikyoiku-bunka,
2025,expenditure,132071:2025:expenditure:approved:8cbfe4352d115c43,assigned,09,09.2,"",retained,項,akishima-kyoiku-chuto,
2025,expenditure,132071:2025:expenditure:approved:8cc5ae777fde12f3,assigned,07,"","",retained,項,akishima-eisei-hoken,
2025,expenditure,132071:2025:expenditure:approved:8cd48f45e4e51229,assigned,09,09.2,"",retained,項,akishima-kyoiku-chuto,
2025,expenditure,132071:2025:expenditure:approved:8cde787c232a02e5,assigned,10,"","",retained,款,minsei,
2025,expenditure,132071:2025:expenditure:approved:8ce3d049fbc4f184,assigned,01,"","",retained,款,somu,
2025,expenditure,132071:2025:expenditure:approved:8ce53d64239eb488,assigned,08,08.1,"",retained,項,akishima-hokentaiiku-other,
2025,expenditure,132071:2025:expenditure:approved:8cecbe0407827337,assigned,07,"","",retained,項,akishima-eisei-hoken,
2025,expenditure,132071:2025:expenditure:approved:8cf6802421bd6a35,assigned,09,09.8,"",retained,項,akishima-kyoiku-gakko,
2025,expenditure,132071:2025:expenditure:approved:8d16bca4ba9969ae,assigned,09,09.5,"",retained,項,akishima-shakaikyoiku-other,
2025,expenditure,132071:2025:expenditure:approved:8d2c16a8c36b2324,assigned,09,09.8,"",retained,項,akishima-kyoiku-gakko,
2025,expenditure,132071:2025:expenditure:approved:8d431e22495f4cda,assigned,01,"","",retained,款,somu,
2025,expenditure,132071:2025:expenditure:approved:8d46798316c83c74,assigned,09,09.8,"",retained,項,akishima-kyoiku-gakko,
2025,expenditure,132071:2025:expenditure:approved:8d4db8fdc71183ab,assigned,07,"","",retained,項,akishima-eisei-hoken,
2025,expenditure,132071:2025:expenditure:approved:8d77845d4ce38685,assigned,07,"","",retained,項,akishima-eisei-hoken,
2025,expenditure,132071:2025:expenditure:approved:8da640e79e2ab7a3,assigned,01,"","",retained,款,somu,
2025,expenditure,132071:2025:expenditure:approved:8dacf04e40100bcb,assigned,01,"","",retained,款,somu,
2025,expenditure,132071:2025:expenditure:approved:8dadf9cc5dcd26bc,assigned,01,01.1,"",retained,款,gikai,
2025,expenditure,132071:2025:expenditure:approved:8dd200280c41fe29,assigned,04,04.2,"",retained,款,norin,
2025,expenditure,132071:2025:expenditure:approved:8dd934b0fa0f2d38,assigned,04,04.5,04.5.1,retained,項,akishima-doboku-doro,
2025,expenditure,132071:2025:expenditure:approved:8dee28363fc92e48,assigned,10,"","",retained,款,minsei,
2025,expenditure,132071:2025:expenditure:approved:8dfc93b3345b8ee9,assigned,01,"","",retained,款,somu,
2025,expenditure,132071:2025:expenditure:approved:8e01bad416754992,assigned,08,08.1,"",retained,項,akishima-hokentaiiku-other,
2025,expenditure,132071:2025:expenditure:approved:8e0c4bba230ea158,assigned,10,"","",retained,款,minsei,
2025,expenditure,132071:2025:expenditure:approved:8e0c6720321194bb,assigned,01,"","",retained,款,somu,
2025,expenditure,132071:2025:expenditure:approved:8e100c93dcb4ab1d,assigned,09,09.8,"",retained,項,akishima-kyoiku-gakko,
2025,expenditure,132071:2025:expenditure:approved:8e26292aefc3b95c,assigned,01,"","",retained,款,somu,
2025,expenditure,132071:2025:expenditure:approved:8e42aa61532ca6f3,assigned,05,05.1,"",retained,項,akishima-eisei-seiso,
2025,expenditure,132071:2025:expenditure:approved:8e5d1ff56facaf3a,assigned,10,"","",retained,款,minsei,
2025,expenditure,132071:2025:expenditure:approved:8e64276bed652bd7,assigned,04,04.5,04.5.1,retained,項,akishima-doboku-doro,
2025,expenditure,132071:2025:expenditure:approved:8e65a935c692df52,assigned,01,"","",retained,款,somu,
2025,expenditure,132071:2025:expenditure:approved:8e65e70d76642796,assigned,09,09.5,"",retained,項,akishima-shakaikyoiku-other,
2025,expenditure,132071:2025:expenditure:approved:8e765bedb5f9c4bf,assigned,01,"","",retained,款,somu,
2025,expenditure,132071:2025:expenditure:approved:8e7671c351e6f98a,assigned,07,"","",retained,項,akishima-eisei-hoken,
2025,expenditure,132071:2025:expenditure:approved:8e862f3ac82827f9,assigned,08,08.2,"",retained,目,akishima-shakaikyoiku-bunka,
2025,expenditure,132071:2025:expenditure:approved:8e8826ba3a9cfb95,assigned,09,09.8,"",retained,項,akishima-kyoiku-gakko,
2025,expenditure,132071:2025:expenditure:approved:8e945e99db629f24,assigned,05,05.1,"",retained,項,akishima-eisei-seiso,
2025,expenditure,132071:2025:expenditure:approved:8e94e31792bf06b2,assigned,10,"","",retained,款,minsei,
2025,expenditure,132071:2025:expenditure:approved:8e9fa8e992eebea7,assigned,10,"","",retained,款,minsei,
2025,expenditure,132071:2025:expenditure:approved:8eb0ea53d96f0a67,assigned,01,"","",retained,款,somu,
2025,expenditure,132071:2025:expenditure:approved:8ed523a1dadde882,assigned,07,"","",retained,項,akishima-eisei-hoken,
2025,expenditure,132071:2025:expenditure:approved:8ed8dd6ed11278c9,assigned,01,"","",retained,款,somu,
2025,expenditure,132071:2025:expenditure:approved:8edb4c2b9c5585b1,assigned,06,06.1,"",retained,項,akishima-doboku-jutaku,
2025,expenditure,132071:2025:expenditure:approved:8eeed4fe132251b6,assigned,09,09.8,"",retained,項,akishima-kyoiku-gakko,
2025,expenditure,132071:2025:expenditure:approved:8efd56c60ae202da,assigned,10,"","",retained,款,minsei,
2025,expenditure,132071:2025:expenditure:approved:8f22bfcf73dea06e,assigned,09,09.2,"",retained,項,akishima-kyoiku-chuto,
2025,expenditure,132071:2025:expenditure:approved:8f25bf09bdeb09e4,assigned,01,"","",retained,款,somu,
2025,expenditure,132071:2025:expenditure:approved:8f2d3f69ab1d988a,assigned,08,08.1,"",retained,項,akishima-hokentaiiku-other,
2025,expenditure,132071:2025:expenditure:approved:8f2d889e08764be1,assigned,01,"","",retained,款,somu,
2025,expenditure,132071:2025:expenditure:approved:8f334fc75533b5cf,assigned,09,09.6,"",retained,目,akishima-hokentaiiku-kyushoku,
2025,expenditure,132071:2025:expenditure:approved:8f3ba1687c7288db,assigned,06,06.2,"",retained,項,akishima-toshikeikaku-other,
2025,expenditure,132071:2025:expenditure:approved:8f40a26d4c58094c,assigned,09,09.5,"",retained,項,akishima-shakaikyoiku-other,
2025,expenditure,132071:2025:expenditure:approved:8f4718640f66d5f4,assigned,01,"","",retained,款,somu,
2025,expenditure,132071:2025:expenditure:approved:8f4951ab9ddae1ad,assigned,08,08.1,"",retained,項,akishima-hokentaiiku-other,
2025,expenditure,132071:2025:expenditure:approved:8f6a16a4de3b8b7c,assigned,01,"","",retained,款,somu,
2025,expenditure,132071:2025:expenditure:approved:8f75e36846b5e36a,assigned,07,"","",retained,項,akishima-eisei-hoken,
2025,expenditure,132071:2025:expenditure:approved:8f7fd2d35971b7df,assigned,08,08.1,"",retained,目,akishima-toshikeikaku-kouen,
2025,expenditure,132071:2025:expenditure:approved:8fcc3124fd2b6f5a,assigned,01,"","",retained,款,somu,
2025,expenditure,132071:2025:expenditure:approved:8fd4ba9664556a47,assigned,08,08.1,"",retained,目,akishima-toshikeikaku-kouen,
2025,expenditure,132071:2025:expenditure:approved:906141375e89902e,assigned,01,"","",retained,款,somu,
2025,expenditure,132071:2025:expenditure:approved:906449e8f277d687,assigned,01,"","",retained,款,somu,
2025,expenditure,132071:2025:expenditure:approved:906c9a37fc5decf8,assigned,08,08.1,"",retained,項,akishima-hokentaiiku-other,
2025,expenditure,132071:2025:expenditure:approved:907caf45a933df74,assigned,07,"","",retained,項,akishima-eisei-hoken,
2025,expenditure,132071:2025:expenditure:approved:90adb4f7d5eb5bed,assigned,01,"","",retained,款,somu,
2025,expenditure,132071:2025:expenditure:approved:90b4695f14b19170,assigned,07,"","",retained,項,akishima-eisei-hoken,
2025,expenditure,132071:2025:expenditure:approved:90d14ccc33f74d05,assigned,10,"","",retained,款,minsei,
2025,expenditure,132071:2025:expenditure:approved:90d7fb7c1c66e8f8,assigned,09,09.1,"",retained,項,akishima-kyoiku-shoto,
2025,expenditure,132071:2025:expenditure:approved:90e5b925d1676c73,assigned,08,08.1,"",retained,項,akishima-hokentaiiku-other,
2025,expenditure,132071:2025:expenditure:approved:90e627da6ed79e59,assigned,09,09.5,"",retained,項,akishima-shakaikyoiku-other,
2025,expenditure,132071:2025:expenditure:approved:90f438f31b9edc7a,assigned,08,08.2,"",retained,目,akishima-shakaikyoiku-bunka,
2025,expenditure,132071:2025:expenditure:approved:911095438e7a7479,assigned,09,09.8,"",retained,項,akishima-kyoiku-gakko,
2025,expenditure,132071:2025:expenditure:approved:91131397f0a63caf,assigned,09,09.5,"",retained,項,akishima-shakaikyoiku-other,
2025,expenditure,132071:2025:expenditure:approved:911ddf9064b70fc7,assigned,06,06.2,"",retained,項,akishima-toshikeikaku-other,
2025,expenditure,132071:2025:expenditure:approved:9134a032d5334c79,assigned,07,"","",retained,項,akishima-eisei-hoken,
2025,expenditure,132071:2025:expenditure:approved:913c7bf0c747e252,assigned,08,08.1,"",retained,項,akishima-hokentaiiku-other,
2025,expenditure,132071:2025:expenditure:approved:914853d5b1cd249e,assigned,07,"","",retained,項,akishima-eisei-hoken,
2025,expenditure,132071:2025:expenditure:approved:914e951f2b941b54,assigned,10,"","",retained,款,minsei,
2025,expenditure,132071:2025:expenditure:approved:91781f7044a1ff12,assigned,09,09.8,"",retained,項,akishima-kyoiku-gakko,
2025,expenditure,132071:2025:expenditure:approved:917d43cdfc7e7513,assigned,07,"","",retained,項,akishima-eisei-hoken,
2025,expenditure,132071:2025:expenditure:approved:919041b0deaa293a,assigned,10,"","",retained,款,minsei,
2025,expenditure,132071:2025:expenditure:approved:9195c302de91fbe4,assigned,08,08.2,"",retained,目,akishima-shakaikyoiku-bunka,
2025,expenditure,132071:2025:expenditure:approved:91ca2d643ed09f52,assigned,01,"","",retained,款,somu,
2025,expenditure,132071:2025:expenditure:approved:91d285a0e1eeb12e,assigned,04,04.5,04.5.1,retained,項,akishima-doboku-doro,
2025,expenditure,132071:2025:expenditure:approved:91efd547073e922e,assigned,08,08.1,"",retained,項,akishima-hokentaiiku-other,
2025,expenditure,132071:2025:expenditure:approved:91febc032f8a39c1,assigned,10,"","",retained,款,minsei,
2025,expenditure,132071:2025:expenditure:approved:921126fa6cdf186b,assigned,10,"","",retained,款,minsei,
2025,expenditure,132071:2025:expenditure:approved:9228b8b5b2304d86,assigned,07,"","",retained,項,akishima-eisei-hoken,
2025,expenditure,132071:2025:expenditure:approved:9239aff048396bcb,assigned,09,09.2,"",retained,項,akishima-kyoiku-chuto,
2025,expenditure,132071:2025:expenditure:approved:923cb9114630944f,assigned,09,09.1,"",retained,項,akishima-kyoiku-shoto,
2025,expenditure,132071:2025:expenditure:approved:925fc285477d1fa7,assigned,01,"","",retained,款,somu,
2025,expenditure,132071:2025:expenditure:approved:926133de8b054e53,assigned,10,"","",retained,款,minsei,
2025,expenditure,132071:2025:expenditure:approved:92674bbbd6d51d7e,assigned,10,"","",retained,款,minsei,
2025,expenditure,132071:2025:expenditure:approved:927738e02e13715f,assigned,05,05.1,"",retained,項,akishima-eisei-seiso,
2025,expenditure,132071:2025:expenditure:approved:9294d3f316f32995,assigned,01,"","",retained,款,somu,
2025,expenditure,132071:2025:expenditure:approved:929803eee3b7e727,assigned,01,"","",retained,款,somu,
2025,expenditure,132071:2025:expenditure:approved:92a04f76ea65247b,assigned,09,09.2,"",retained,項,akishima-kyoiku-chuto,
2025,expenditure,132071:2025:expenditure:approved:92c1f14640ff7300,assigned,01,"","",retained,款,somu,
2025,expenditure,132071:2025:expenditure:approved:92c9c92bbd4cd991,assigned,01,"","",retained,款,somu,
2025,expenditure,132071:2025:expenditure:approved:92ca627ac1c0f539,assigned,01,"","",retained,款,somu,
2025,expenditure,132071:2025:expenditure:approved:92ebe96e4041cfaa,assigned,05,05.1,"",retained,項,akishima-eisei-seiso,
2025,expenditure,132071:2025:expenditure:approved:92fa942f7d8640f8,assigned,10,"","",retained,款,minsei,
2025,expenditure,132071:2025:expenditure:approved:933dedeba11e97ce,assigned,04,04.2,"",retained,款,norin,
2025,expenditure,132071:2025:expenditure:approved:933e716643e6a592,assigned,10,"","",retained,款,minsei,
2025,expenditure,132071:2025:expenditure:approved:934272068918e651,assigned,01,"","",retained,款,somu,
2025,expenditure,132071:2025:expenditure:approved:934b16920c759b3a,assigned,06,06.1,"",retained,項,akishima-doboku-jutaku,
2025,expenditure,132071:2025:expenditure:approved:934f2b1ce6f433b9,assigned,07,"","",retained,項,akishima-eisei-hoken,
2025,expenditure,132071:2025:expenditure:approved:93674bcff727955d,assigned,04,04.5,04.5.1,retained,項,akishima-doboku-doro,
2025,expenditure,132071:2025:expenditure:approved:937925bde63edeae,assigned,07,"","",retained,項,akishima-eisei-hoken,
2025,expenditure,132071:2025:expenditure:approved:9388f488693adf61,assigned,09,09.8,"",retained,項,akishima-kyoiku-gakko,
2025,expenditure,132071:2025:expenditure:approved:938b13d511ce17c1,assigned,08,08.2,"",retained,目,akishima-shakaikyoiku-bunka,
2025,expenditure,132071:2025:expenditure:approved:938dce7521ddbaeb,assigned,10,"","",retained,款,minsei,
2025,expenditure,132071:2025:expenditure:approved:9392aa867b0353df,assigned,01,"","",retained,款,somu,
2025,expenditure,132071:2025:expenditure:approved:939a92c354b00c9c,assigned,04,04.2,"",retained,款,norin,
2025,expenditure,132071:2025:expenditure:approved:93a4467eabd67631,assigned,09,09.1,"",retained,項,akishima-kyoiku-shoto,
2025,expenditure,132071:2025:expenditure:approved:93ec63303c6be40d,assigned,09,09.1,"",retained,項,akishima-kyoiku-shoto,
2025,expenditure,132071:2025:expenditure:approved:940680dc72a95329,assigned,10,"","",retained,款,minsei,
2025,expenditure,132071:2025:expenditure:approved:940e2aa46efe4684,assigned,05,05.1,"",retained,項,akishima-eisei-seiso,
2025,expenditure,132071:2025:expenditure:approved:942495165cfa1085,assigned,09,09.8,"",retained,項,akishima-kyoiku-gakko,
2025,expenditure,132071:2025:expenditure:approved:9428b0f617b7c558,assigned,06,06.1,"",retained,項,akishima-doboku-jutaku,
2025,expenditure,132071:2025:expenditure:approved:9436c56fc610d038,assigned,03,03.2,"",retained,款,shobo,
2025,expenditure,132071:2025:expenditure:approved:94385803e08058f8,assigned,04,04.1,04.1.2,retained,款,rodo,
2025,expenditure,132071:2025:expenditure:approved:9441969bdacc6f01,assigned,10,"","",retained,款,minsei,
2025,expenditure,132071:2025:expenditure:approved:944d81618f7ece66,assigned,07,"","",retained,項,akishima-eisei-hoken,
2025,expenditure,132071:2025:expenditure:approved:9479de3c5557ec6b,assigned,10,"","",retained,款,minsei,
2025,expenditure,132071:2025:expenditure:approved:94a419987c364a1f,assigned,10,"","",retained,款,minsei,
2025,expenditure,132071:2025:expenditure:approved:94c92f1c65c641c2,assigned,10,"","",retained,款,minsei,
2025,expenditure,132071:2025:expenditure:approved:94d8eea3a521e0ca,assigned,10,"","",retained,款,minsei,
2025,expenditure,132071:2025:expenditure:approved:94dbea129345e7dc,assigned,01,"","",retained,款,somu,
2025,expenditure,132071:2025:expenditure:approved:94fb330699122d7b,assigned,07,"","",retained,項,akishima-eisei-hoken,
2025,expenditure,132071:2025:expenditure:approved:9512313b53198db0,assigned,09,09.8,"",retained,項,akishima-kyoiku-gakko,
2025,expenditure,132071:2025:expenditure:approved:95129af5fd585c95,assigned,01,"","",retained,款,somu,
2025,expenditure,132071:2025:expenditure:approved:9534cca5324e291d,assigned,08,08.2,"",retained,目,akishima-shakaikyoiku-bunka,
2025,expenditure,132071:2025:expenditure:approved:95396a9eac80bb30,assigned,10,"","",retained,款,minsei,
2025,expenditure,132071:2025:expenditure:approved:9569bf92d4feaf13,assigned,04,04.2,"",retained,款,norin,
2025,expenditure,132071:2025:expenditure:approved:95713d6699a1c036,assigned,07,"","",retained,項,akishima-eisei-hoken,
2025,expenditure,132071:2025:expenditure:approved:957203c348e9f632,assigned,08,08.2,"",retained,目,akishima-shakaikyoiku-bunka,
2025,expenditure,132071:2025:expenditure:approved:9593120c8cf1e881,assigned,04,04.1,04.1.2,retained,款,rodo,
2025,expenditure,132071:2025:expenditure:approved:95a30ff904ff2b27,assigned,08,08.1,"",retained,項,akishima-hokentaiiku-other,
2025,expenditure,132071:2025:expenditure:approved:95d6f195e5d42c40,assigned,08,08.1,"",retained,項,akishima-hokentaiiku-other,
2025,expenditure,132071:2025:expenditure:approved:96120fe01e18c976,assigned,09,09.5,"",retained,項,akishima-shakaikyoiku-other,
2025,expenditure,132071:2025:expenditure:approved:961ac29401163d04,assigned,01,"","",retained,款,somu,
2025,expenditure,132071:2025:expenditure:approved:967b922832039eb5,assigned,05,05.1,"",retained,項,akishima-eisei-seiso,
2025,expenditure,132071:2025:expenditure:approved:968de303ad616c49,assigned,09,09.8,"",retained,項,akishima-kyoiku-gakko,
2025,expenditure,132071:2025:expenditure:approved:96abdc7fb89a2741,assigned,08,08.2,"",retained,目,akishima-shakaikyoiku-bunka,
2025,expenditure,132071:2025:expenditure:approved:96c8fb54b7dde073,assigned,10,"","",retained,款,minsei,
2025,expenditure,132071:2025:expenditure:approved:96d1a1354c841d79,assigned,01,"","",retained,款,somu,
2025,expenditure,132071:2025:expenditure:approved:96ef8db7182d6887,assigned,05,05.1,"",retained,項,akishima-eisei-seiso,
2025,expenditure,132071:2025:expenditure:approved:970382407ceb17f8,assigned,03,03.2,"",retained,款,shobo,
2025,expenditure,132071:2025:expenditure:approved:973ac9f152087f3d,assigned,01,01.1,"",retained,款,gikai,
2025,expenditure,132071:2025:expenditure:approved:973e7d092a3dc537,assigned,07,"","",retained,項,akishima-eisei-hoken,
2025,expenditure,132071:2025:expenditure:approved:974c7ead20636319,assigned,10,"","",retained,款,minsei,
2025,expenditure,132071:2025:expenditure:approved:9756852a9844e1ae,assigned,01,"","",retained,款,somu,
2025,expenditure,132071:2025:expenditure:approved:976db179a41793b9,assigned,03,03.2,"",retained,款,shobo,
2025,expenditure,132071:2025:expenditure:approved:977e4b5b47afaebf,assigned,10,"","",retained,款,minsei,
2025,expenditure,132071:2025:expenditure:approved:979d1e1a9c33382d,assigned,10,"","",retained,款,minsei,
2025,expenditure,132071:2025:expenditure:approved:979fc38d4b5eefc6,assigned,04,04.7,"",retained,款,shoko,
2025,expenditure,132071:2025:expenditure:approved:97c09b4b13819650,assigned,01,"","",retained,款,somu,
2025,expenditure,132071:2025:expenditure:approved:97d2a6f0337db37c,assigned,10,"","",retained,款,minsei,
2025,expenditure,132071:2025:expenditure:approved:97dc18cd135c57c2,assigned,07,"","",retained,項,akishima-eisei-hoken,
2025,expenditure,132071:2025:expenditure:approved:97e010b10d137ea1,assigned,09,09.1,"",retained,項,akishima-kyoiku-shoto,
2025,expenditure,132071:2025:expenditure:approved:980921acf3afd543,assigned,08,08.1,"",retained,項,akishima-hokentaiiku-other,
2025,expenditure,132071:2025:expenditure:approved:9839159f2aa58bff,assigned,10,"","",retained,款,minsei,
2025,expenditure,132071:2025:expenditure:approved:985077f61f5aed91,assigned,09,09.1,"",retained,項,akishima-kyoiku-shoto,
2025,expenditure,132071:2025:expenditure:approved:9854c73ecac2374c,assigned,08,08.1,"",retained,項,akishima-hokentaiiku-other,
2025,expenditure,132071:2025:expenditure:approved:9859070378d9c136,assigned,09,09.5,"",retained,項,akishima-shakaikyoiku-other,
2025,expenditure,132071:2025:expenditure:approved:9859e72fe11ef54a,assigned,08,08.2,"",retained,目,akishima-shakaikyoiku-bunka,
2025,expenditure,132071:2025:expenditure:approved:9877b7f811a0255a,assigned,01,01.1,"",retained,款,gikai,
2025,expenditure,132071:2025:expenditure:approved:987ffa84f0903f93,assigned,10,"","",retained,款,minsei,
2025,expenditure,132071:2025:expenditure:approved:9888edf2d3dabf31,assigned,09,09.2,"",retained,項,akishima-kyoiku-chuto,
2025,expenditure,132071:2025:expenditure:approved:9894e18aadeefb20,assigned,09,09.8,"",retained,項,akishima-kyoiku-gakko,
2025,expenditure,132071:2025:expenditure:approved:98b5629914a78f36,assigned,01,"","",retained,款,somu,
2025,expenditure,132071:2025:expenditure:approved:98c71ebed703e9ca,assigned,09,09.1,"",retained,項,akishima-kyoiku-shoto,
2025,expenditure,132071:2025:expenditure:approved:98d223edbdf936e9,assigned,09,09.2,"",retained,項,akishima-kyoiku-chuto,
2025,expenditure,132071:2025:expenditure:approved:98e8b0193d155cae,assigned,04,04.5,04.5.1,retained,項,akishima-doboku-doro,
2025,expenditure,132071:2025:expenditure:approved:99068d93521a48ea,assigned,01,"","",retained,款,somu,
2025,expenditure,132071:2025:expenditure:approved:990efaf71962c7dd,assigned,08,08.1,"",retained,目,akishima-toshikeikaku-kouen,
2025,expenditure,132071:2025:expenditure:approved:9934fcc9c4990ef5,assigned,07,"","",retained,項,akishima-eisei-hoken,
2025,expenditure,132071:2025:expenditure:approved:99445239c77a71c1,assigned,01,"","",retained,款,somu,
2025,expenditure,132071:2025:expenditure:approved:99527bbdec5266c0,assigned,09,09.2,"",retained,項,akishima-kyoiku-chuto,
2025,expenditure,132071:2025:expenditure:approved:9957c4251c444789,assigned,10,"","",retained,款,minsei,
2025,expenditure,132071:2025:expenditure:approved:995f7aa69830d5bf,assigned,09,09.2,"",retained,項,akishima-kyoiku-chuto,
2025,expenditure,132071:2025:expenditure:approved:99618a83e1bc7328,assigned,10,"","",retained,款,minsei,
2025,expenditure,132071:2025:expenditure:approved:9964f410173d2df1,assigned,01,"","",retained,款,somu,
2025,expenditure,132071:2025:expenditure:approved:998bccc1909bb90c,assigned,10,"","",retained,款,minsei,
2025,expenditure,132071:2025:expenditure:approved:99a0677ae72ef837,assigned,08,08.2,"",retained,目,akishima-shakaikyoiku-bunka,
2025,expenditure,132071:2025:expenditure:approved:99bc61106bb3dab7,assigned,01,"","",retained,款,somu,
2025,expenditure,132071:2025:expenditure:approved:99bc6ab17923639b,assigned,01,"","",retained,款,somu,
2025,expenditure,132071:2025:expenditure:approved:99bddfedfff9e8e2,assigned,10,"","",retained,款,minsei,
2025,expenditure,132071:2025:expenditure:approved:99e2f3dd4ea5f70b,assigned,06,06.1,"",retained,項,akishima-doboku-jutaku,
2025,expenditure,132071:2025:expenditure:approved:9a061d5df06bcbc2,assigned,01,"","",retained,款,somu,
2025,expenditure,132071:2025:expenditure:approved:9a0c852ff4ecf4f8,assigned,08,08.1,"",retained,項,akishima-hokentaiiku-other,
2025,expenditure,132071:2025:expenditure:approved:9a14c0eb9d1a13b6,assigned,09,09.8,"",retained,項,akishima-kyoiku-gakko,
2025,expenditure,132071:2025:expenditure:approved:9a4937d86d3b176d,assigned,10,"","",retained,款,minsei,
2025,expenditure,132071:2025:expenditure:approved:9a57685e01459cfb,assigned,07,"","",retained,項,akishima-eisei-hoken,
2025,expenditure,132071:2025:expenditure:approved:9a857893462e8f8a,assigned,05,05.1,"",retained,項,akishima-eisei-seiso,
2025,expenditure,132071:2025:expenditure:approved:9a8abe8ec21402cd,assigned,10,"","",retained,款,minsei,
2025,expenditure,132071:2025:expenditure:approved:9a9fbe5fe6368305,assigned,10,"","",retained,款,minsei,
2025,expenditure,132071:2025:expenditure:approved:9abd5c28c56ca320,assigned,09,09.5,"",retained,項,akishima-shakaikyoiku-other,
2025,expenditure,132071:2025:expenditure:approved:9ad2d373eff104e1,assigned,08,08.1,"",retained,項,akishima-hokentaiiku-other,
2025,expenditure,132071:2025:expenditure:approved:9afd33c7d76e6b23,assigned,08,08.2,"",retained,目,akishima-shakaikyoiku-bunka,
2025,expenditure,132071:2025:expenditure:approved:9b34de689061b521,assigned,09,09.1,"",retained,目,akishima-kyoiku-yochien,
2025,expenditure,132071:2025:expenditure:approved:9b367be2f89edf52,assigned,04,04.5,04.5.1,retained,項,akishima-doboku-doro,
2025,expenditure,132071:2025:expenditure:approved:9b4ce8c8116bd33f,assigned,10,"","",retained,款,minsei,
2025,expenditure,132071:2025:expenditure:approved:9b5613b8a6c47898,assigned,09,09.5,"",retained,項,akishima-shakaikyoiku-other,
2025,expenditure,132071:2025:expenditure:approved:9b5d1eee3ebad8cd,assigned,10,"","",retained,款,minsei,
2025,expenditure,132071:2025:expenditure:approved:9b6712f158f87c64,assigned,09,09.5,"",retained,項,akishima-shakaikyoiku-other,
2025,expenditure,132071:2025:expenditure:approved:9b68cd4cdb0660da,assigned,10,"","",retained,款,minsei,
2025,expenditure,132071:2025:expenditure:approved:9bbd21c495aaa60a,assigned,08,08.2,"",retained,目,akishima-shakaikyoiku-bunka,
2025,expenditure,132071:2025:expenditure:approved:9bbea1952d6f3059,assigned,09,09.5,"",retained,項,akishima-shakaikyoiku-other,
2025,expenditure,132071:2025:expenditure:approved:9c1e22de54d950c3,assigned,09,09.8,"",retained,項,akishima-kyoiku-gakko,
2025,expenditure,132071:2025:expenditure:approved:9c5889a2c1b69d9d,assigned,10,"","",retained,款,minsei,
2025,expenditure,132071:2025:expenditure:approved:9c65ac94032c5c54,assigned,04,04.5,"",retained,項,akishima-doboku-kanri,
2025,expenditure,132071:2025:expenditure:approved:9c6cefb6c683949e,assigned,01,"","",retained,款,somu,
2025,expenditure,132071:2025:expenditure:approved:9c7a3ae70a2d7506,assigned,05,05.1,"",retained,項,akishima-eisei-seiso,
2025,expenditure,132071:2025:expenditure:approved:9c8517461350cf26,assigned,10,"","",retained,款,minsei,
2025,expenditure,132071:2025:expenditure:approved:9c91801993cb178c,assigned,04,04.2,"",retained,款,norin,
2025,expenditure,132071:2025:expenditure:approved:9cb7aa1c45c2da5a,assigned,04,04.2,"",retained,款,norin,
2025,expenditure,132071:2025:expenditure:approved:9cb9082bf86868a6,assigned,10,"","",retained,款,minsei,
2025,expenditure,132071:2025:expenditure:approved:9cd988f6d96238f8,assigned,01,"","",retained,款,somu,
2025,expenditure,132071:2025:expenditure:approved:9cf11e7bee450e51,assigned,01,"","",retained,款,somu,
2025,expenditure,132071:2025:expenditure:approved:9cfc880ba0d41718,assigned,10,"","",retained,款,minsei,
2025,expenditure,132071:2025:expenditure:approved:9d008ac42142deff,assigned,03,03.2,"",retained,款,shobo,
2025,expenditure,132071:2025:expenditure:approved:9d0bc1cbabb8c08e,assigned,01,"","",retained,款,somu,
2025,expenditure,132071:2025:expenditure:approved:9d0cace8a561aa6f,assigned,07,"","",retained,項,akishima-eisei-hoken,
2025,expenditure,132071:2025:expenditure:approved:9d4c811fe5a52bab,assigned,09,09.5,"",retained,項,akishima-shakaikyoiku-other,
2025,expenditure,132071:2025:expenditure:approved:9d52cc288804afb8,assigned,10,"","",retained,款,minsei,
2025,expenditure,132071:2025:expenditure:approved:9d5a8527b2ed8b49,assigned,08,08.2,"",retained,目,akishima-shakaikyoiku-bunka,
2025,expenditure,132071:2025:expenditure:approved:9d655391aec16da4,assigned,01,"","",retained,款,somu,
2025,expenditure,132071:2025:expenditure:approved:9d7a5ddf168b5993,assigned,10,"","",retained,款,minsei,
2025,expenditure,132071:2025:expenditure:approved:9d8adbd6d035303c,assigned,10,"","",retained,款,minsei,
2025,expenditure,132071:2025:expenditure:approved:9d92453f153f4ccd,assigned,09,09.1,"",retained,項,akishima-kyoiku-shoto,
2025,expenditure,132071:2025:expenditure:approved:9d997eabc29b7b9f,assigned,05,05.1,"",retained,項,akishima-eisei-seiso,
2025,expenditure,132071:2025:expenditure:approved:9da53e24f61e4434,assigned,04,04.2,"",retained,款,norin,
2025,expenditure,132071:2025:expenditure:approved:9da7424368845a87,assigned,05,05.1,"",retained,項,akishima-eisei-seiso,
2025,expenditure,132071:2025:expenditure:approved:9dc437c17441482f,assigned,07,"","",retained,項,akishima-eisei-hoken,
2025,expenditure,132071:2025:expenditure:approved:9dcb3415408eab83,assigned,10,"","",retained,款,minsei,
2025,expenditure,132071:2025:expenditure:approved:9de3898453b77b3d,assigned,07,"","",retained,項,akishima-eisei-hoken,
2025,expenditure,132071:2025:expenditure:approved:9deedf065392431c,assigned,03,03.2,"",retained,款,shobo,
2025,expenditure,132071:2025:expenditure:approved:9e0b4636a13bbdd3,assigned,08,08.1,"",retained,項,akishima-hokentaiiku-other,
2025,expenditure,132071:2025:expenditure:approved:9e17acde5bb3f543,assigned,01,"","",retained,款,somu,
2025,expenditure,132071:2025:expenditure:approved:9e1d65cd95fb3cc5,assigned,10,"","",retained,款,minsei,
2025,expenditure,132071:2025:expenditure:approved:9e2a6ec7b1a8520e,assigned,01,01.7,"",retained,目,debt-interest,
2025,expenditure,132071:2025:expenditure:approved:9e2be64582a5bc04,assigned,06,06.2,"",retained,項,akishima-toshikeikaku-other,
2025,expenditure,132071:2025:expenditure:approved:9e2c8ecd4ab2045e,assigned,10,"","",retained,款,minsei,
2025,expenditure,132071:2025:expenditure:approved:9e5924050e27dad2,assigned,01,"","",retained,款,somu,
2025,expenditure,132071:2025:expenditure:approved:9e868a21e2ad3665,assigned,01,"","",retained,款,somu,
2025,expenditure,132071:2025:expenditure:approved:9e8c1d51dd2ac6fe,assigned,01,"","",retained,款,somu,
2025,expenditure,132071:2025:expenditure:approved:9ed1da1526a6a4f6,assigned,09,09.2,"",retained,項,akishima-kyoiku-chuto,
2025,expenditure,132071:2025:expenditure:approved:9ed67b7a908d040c,assigned,07,"","",retained,項,akishima-eisei-hoken,
2025,expenditure,132071:2025:expenditure:approved:9ed7c5786b578625,assigned,04,04.5,04.5.1,retained,項,akishima-doboku-doro,
2025,expenditure,132071:2025:expenditure:approved:9ed97c66c57c0397,assigned,10,"","",retained,款,minsei,
2025,expenditure,132071:2025:expenditure:approved:9ee3cee75318382c,assigned,01,"","",retained,款,somu,
2025,expenditure,132071:2025:expenditure:approved:9f0dc58d5d6a86af,assigned,09,09.5,"",retained,項,akishima-shakaikyoiku-other,
2025,expenditure,132071:2025:expenditure:approved:9f1b666906443dc1,assigned,01,"","",retained,款,somu,
2025,expenditure,132071:2025:expenditure:approved:9f3f9b95347fb213,assigned,08,08.1,"",retained,目,akishima-toshikeikaku-kouen,
2025,expenditure,132071:2025:expenditure:approved:9f44e3820564f076,assigned,09,09.1,"",retained,項,akishima-kyoiku-shoto,
2025,expenditure,132071:2025:expenditure:approved:9f505a2cf1d8f3f8,assigned,09,09.8,"",retained,項,akishima-kyoiku-gakko,
2025,expenditure,132071:2025:expenditure:approved:9f52e6da464d85be,assigned,01,"","",retained,款,somu,
2025,expenditure,132071:2025:expenditure:approved:9f5ed3daabf7fdf2,assigned,01,"","",retained,款,somu,
2025,expenditure,132071:2025:expenditure:approved:9f691f5a5f7b7a45,assigned,10,"","",retained,款,minsei,
2025,expenditure,132071:2025:expenditure:approved:9fada6cb50b06006,assigned,09,09.5,"",retained,項,akishima-shakaikyoiku-other,
2025,expenditure,132071:2025:expenditure:approved:9fc71f53d3fec5c5,assigned,01,"","",retained,款,somu,
2025,expenditure,132071:2025:expenditure:approved:9fc7382a44b2d34f,assigned,01,"","",retained,款,somu,
2025,expenditure,132071:2025:expenditure:approved:9fd2faffcc61c778,assigned,04,04.5,04.5.1,retained,項,akishima-doboku-doro,
2025,expenditure,132071:2025:expenditure:approved:9fd6f501b93b6c46,assigned,07,"","",retained,項,akishima-eisei-hoken,
2025,expenditure,132071:2025:expenditure:approved:9febf1158cd117e7,assigned,01,"","",retained,款,somu,
2025,expenditure,132071:2025:expenditure:approved:9ffe2b6593f364b6,assigned,01,"","",retained,款,somu,
2025,expenditure,132071:2025:expenditure:approved:a00929732b57517e,assigned,01,01.1,"",retained,款,gikai,
2025,expenditure,132071:2025:expenditure:approved:a027aef7d492a6bc,assigned,05,05.1,"",retained,項,akishima-eisei-seiso,
2025,expenditure,132071:2025:expenditure:approved:a03add8b3d2ba8cc,assigned,09,09.8,"",retained,項,akishima-kyoiku-gakko,
2025,expenditure,132071:2025:expenditure:approved:a04a303d7d9c6cb9,assigned,10,"","",retained,款,minsei,
2025,expenditure,132071:2025:expenditure:approved:a0509f1ce27048b6,assigned,07,"","",retained,項,akishima-eisei-hoken,
2025,expenditure,132071:2025:expenditure:approved:a07a6a9ddd089ea6,assigned,09,09.2,"",retained,項,akishima-kyoiku-chuto,
2025,expenditure,132071:2025:expenditure:approved:a07faf82413c9f50,assigned,01,"","",retained,款,somu,
2025,expenditure,132071:2025:expenditure:approved:a08e7b831d6610a4,assigned,04,04.5,04.5.1,retained,項,akishima-doboku-doro,
2025,expenditure,132071:2025:expenditure:approved:a09946ecd6c356ad,assigned,10,"","",retained,款,minsei,
2025,expenditure,132071:2025:expenditure:approved:a0bc9d0299ae1dd2,assigned,10,"","",retained,款,minsei,
2025,expenditure,132071:2025:expenditure:approved:a0dd2261834ecc30,assigned,01,"","",retained,款,somu,
2025,expenditure,132071:2025:expenditure:approved:a0e096f6ec0e11b6,assigned,01,"","",retained,款,somu,
2025,expenditure,132071:2025:expenditure:approved:a0e827884e2d895a,assigned,10,"","",retained,款,minsei,
2025,expenditure,132071:2025:expenditure:approved:a103b1c611fb5f33,assigned,09,09.6,"",retained,目,akishima-hokentaiiku-kyushoku,
2025,expenditure,132071:2025:expenditure:approved:a10d5b5d163d94cd,assigned,10,"","",retained,款,minsei,
2025,expenditure,132071:2025:expenditure:approved:a11781370eeba323,assigned,04,04.5,"",retained,項,akishima-doboku-kanri,
2025,expenditure,132071:2025:expenditure:approved:a13b2bd6c8b9e6ed,assigned,10,"","",retained,款,minsei,
2025,expenditure,132071:2025:expenditure:approved:a150accc5314514b,assigned,10,"","",retained,款,minsei,
2025,expenditure,132071:2025:expenditure:approved:a166f9fdf6a60bef,assigned,10,"","",retained,款,minsei,
2025,expenditure,132071:2025:expenditure:approved:a16bb33858ccb252,assigned,10,"","",retained,款,minsei,
2025,expenditure,132071:2025:expenditure:approved:a191e4102f2da45e,assigned,04,04.7,"",retained,款,shoko,
2025,expenditure,132071:2025:expenditure:approved:a1a9f578b2f87728,assigned,09,09.1,"",retained,項,akishima-kyoiku-shoto,
2025,expenditure,132071:2025:expenditure:approved:a1aaa15bd222d125,assigned,01,"","",retained,款,somu,
2025,expenditure,132071:2025:expenditure:approved:a1adcc3a33b9d79e,assigned,07,"","",retained,項,akishima-eisei-hoken,
2025,expenditure,132071:2025:expenditure:approved:a2050c6254b13524,assigned,10,"","",retained,款,minsei,
2025,expenditure,132071:2025:expenditure:approved:a22fe37e7f08cbd4,assigned,01,"","",retained,款,somu,
2025,expenditure,132071:2025:expenditure:approved:a25035936c252d42,assigned,10,"","",retained,款,minsei,
2025,expenditure,132071:2025:expenditure:approved:a2582813216a441a,assigned,01,"","",retained,款,somu,
2025,expenditure,132071:2025:expenditure:approved:a25e0945a7960c06,assigned,09,09.8,"",retained,項,akishima-kyoiku-gakko,
2025,expenditure,132071:2025:expenditure:approved:a2692c57e9077607,assigned,04,04.5,"",retained,項,akishima-doboku-kanri,
2025,expenditure,132071:2025:expenditure:approved:a2a0c83c28ef871a,assigned,09,09.2,"",retained,項,akishima-kyoiku-chuto,
2025,expenditure,132071:2025:expenditure:approved:a2ad2505f446eceb,assigned,07,"","",retained,項,akishima-eisei-hoken,
2025,expenditure,132071:2025:expenditure:approved:a2bc4d8937530cb5,assigned,09,09.5,"",retained,項,akishima-shakaikyoiku-other,
2025,expenditure,132071:2025:expenditure:approved:a2e238e3bb210521,assigned,08,08.2,"",retained,目,akishima-shakaikyoiku-bunka,
2025,expenditure,132071:2025:expenditure:approved:a305c6fddfd697b4,assigned,09,09.8,"",retained,項,akishima-kyoiku-gakko,
2025,expenditure,132071:2025:expenditure:approved:a31038f21b9da7e4,assigned,07,"","",retained,項,akishima-eisei-hoken,
2025,expenditure,132071:2025:expenditure:approved:a313869a749bbf1c,assigned,01,"","",retained,款,somu,
2025,expenditure,132071:2025:expenditure:approved:a3225e6ba22acaf5,assigned,01,"","",retained,款,somu,
2025,expenditure,132071:2025:expenditure:approved:a327849cec307221,assigned,09,09.2,"",retained,項,akishima-kyoiku-chuto,
2025,expenditure,132071:2025:expenditure:approved:a3279ce10e70ad13,assigned,01,01.1,"",retained,款,gikai,
2025,expenditure,132071:2025:expenditure:approved:a328d79789d751eb,assigned,09,09.6,"",retained,目,akishima-hokentaiiku-kyushoku,
2025,expenditure,132071:2025:expenditure:approved:a332c065d315b090,assigned,10,"","",retained,款,minsei,
2025,expenditure,132071:2025:expenditure:approved:a33e7e296685585d,assigned,01,"","",retained,款,somu,
2025,expenditure,132071:2025:expenditure:approved:a344ac6f4a1ea146,assigned,04,04.5,04.5.1,retained,項,akishima-doboku-doro,
2025,expenditure,132071:2025:expenditure:approved:a34f6c35764825d2,assigned,01,"","",retained,款,somu,
2025,expenditure,132071:2025:expenditure:approved:a34faf9ff93ef3cf,assigned,09,09.5,"",retained,項,akishima-shakaikyoiku-other,
2025,expenditure,132071:2025:expenditure:approved:a350345186bb42f5,assigned,08,08.2,"",retained,目,akishima-shakaikyoiku-bunka,
2025,expenditure,132071:2025:expenditure:approved:a35d268056a69442,assigned,01,"","",retained,款,somu,
2025,expenditure,132071:2025:expenditure:approved:a36585a7fb529ab6,assigned,10,"","",retained,款,minsei,
2025,expenditure,132071:2025:expenditure:approved:a369ba94f0cb582a,assigned,10,"","",retained,款,minsei,
2025,expenditure,132071:2025:expenditure:approved:a36fab937d5a2b32,assigned,04,04.5,04.5.1,retained,項,akishima-doboku-doro,
2025,expenditure,132071:2025:expenditure:approved:a370ef6766f3142a,assigned,10,"","",retained,款,minsei,
2025,expenditure,132071:2025:expenditure:approved:a37d0375f54e58ed,assigned,10,"","",retained,款,minsei,
2025,expenditure,132071:2025:expenditure:approved:a3aa668599244c2d,assigned,09,09.1,"",retained,項,akishima-kyoiku-shoto,
2025,expenditure,132071:2025:expenditure:approved:a3cdb85aa6c26233,assigned,09,09.1,"",retained,項,akishima-kyoiku-shoto,
2025,expenditure,132071:2025:expenditure:approved:a3d478f17d51ede9,assigned,04,04.2,"",retained,款,norin,
2025,expenditure,132071:2025:expenditure:approved:a3f7b71458662136,assigned,10,"","",retained,款,minsei,
2025,expenditure,132071:2025:expenditure:approved:a400050ce7fd5e76,assigned,01,"","",retained,款,somu,
2025,expenditure,132071:2025:expenditure:approved:a4013c2347e4e847,assigned,10,"","",retained,款,minsei,
2025,expenditure,132071:2025:expenditure:approved:a40d465bee8102ee,assigned,01,"","",retained,款,somu,
2025,expenditure,132071:2025:expenditure:approved:a40e0963dcaf4745,assigned,09,09.1,"",retained,項,akishima-kyoiku-shoto,
2025,expenditure,132071:2025:expenditure:approved:a429ffef005174b4,assigned,10,"","",retained,款,minsei,
2025,expenditure,132071:2025:expenditure:approved:a442a440373d1c41,assigned,01,"","",retained,款,somu,
2025,expenditure,132071:2025:expenditure:approved:a445694d188601e8,assigned,09,09.2,"",retained,項,akishima-kyoiku-chuto,
2025,expenditure,132071:2025:expenditure:approved:a4457bcff6df7f30,assigned,04,04.7,"",retained,款,shoko,
2025,expenditure,132071:2025:expenditure:approved:a454bb0d97d9b2a3,assigned,03,03.2,"",retained,款,shobo,
2025,expenditure,132071:2025:expenditure:approved:a4578680fa60d783,assigned,09,09.8,"",retained,項,akishima-kyoiku-gakko,
2025,expenditure,132071:2025:expenditure:approved:a45964d1e8f2db44,assigned,01,"","",retained,款,somu,
2025,expenditure,132071:2025:expenditure:approved:a47770dc5189dffc,assigned,09,09.5,"",retained,項,akishima-shakaikyoiku-other,
2025,expenditure,132071:2025:expenditure:approved:a47f9be0732329c0,assigned,08,08.2,"",retained,目,akishima-shakaikyoiku-bunka,
2025,expenditure,132071:2025:expenditure:approved:a483773c239f818b,assigned,07,"","",retained,項,akishima-eisei-hoken,
2025,expenditure,132071:2025:expenditure:approved:a48510da8651b384,assigned,04,04.1,04.1.2,retained,款,rodo,
2025,expenditure,132071:2025:expenditure:approved:a48e624dcf1bf5b2,assigned,10,"","",retained,款,minsei,
2025,expenditure,132071:2025:expenditure:approved:a4a1e813f2ccb14b,assigned,04,04.1,04.1.2,retained,款,rodo,
2025,expenditure,132071:2025:expenditure:approved:a4a1fc6721357119,assigned,10,"","",retained,款,minsei,
2025,expenditure,132071:2025:expenditure:approved:a4b432fdf3656436,assigned,09,09.5,"",retained,項,akishima-shakaikyoiku-other,
2025,expenditure,132071:2025:expenditure:approved:a4cdb928cbbf582b,assigned,10,"","",retained,款,minsei,
2025,expenditure,132071:2025:expenditure:approved:a4cdf902bbf886c0,assigned,10,"","",retained,款,minsei,
2025,expenditure,132071:2025:expenditure:approved:a4e1a1297c2003a7,assigned,01,"","",retained,款,somu,
2025,expenditure,132071:2025:expenditure:approved:a4e46ff9fe35f1fd,assigned,10,"","",retained,款,minsei,
2025,expenditure,132071:2025:expenditure:approved:a4fde1e9b688375b,assigned,10,"","",retained,款,minsei,
2025,expenditure,132071:2025:expenditure:approved:a4ffd782aa7249b3,assigned,09,09.5,"",retained,項,akishima-shakaikyoiku-other,
2025,expenditure,132071:2025:expenditure:approved:a50ac08a12786275,assigned,10,"","",retained,款,minsei,
2025,expenditure,132071:2025:expenditure:approved:a5150ffecd09d636,assigned,01,"","",retained,款,somu,
2025,expenditure,132071:2025:expenditure:approved:a522a508779844d7,assigned,10,"","",retained,款,minsei,
2025,expenditure,132071:2025:expenditure:approved:a5396504c9e3cec7,assigned,04,04.5,04.5.1,retained,項,akishima-doboku-doro,
2025,expenditure,132071:2025:expenditure:approved:a54d2c124b9cdc10,assigned,05,05.1,"",retained,項,akishima-eisei-seiso,
2025,expenditure,132071:2025:expenditure:approved:a567adbd308cf3db,assigned,09,09.5,"",retained,項,akishima-shakaikyoiku-other,
2025,expenditure,132071:2025:expenditure:approved:a56d30a7bc7a159e,assigned,10,"","",retained,款,minsei,
2025,expenditure,132071:2025:expenditure:approved:a59a7b3905f06dc0,assigned,09,09.5,"",retained,項,akishima-shakaikyoiku-other,
2025,expenditure,132071:2025:expenditure:approved:a59c1053ed0ea19f,assigned,05,05.1,"",retained,項,akishima-eisei-seiso,
2025,expenditure,132071:2025:expenditure:approved:a5da15b6ebdbf603,assigned,10,"","",retained,款,minsei,
2025,expenditure,132071:2025:expenditure:approved:a63cb8dcdcdae6a2,assigned,09,09.8,"",retained,項,akishima-kyoiku-gakko,
2025,expenditure,132071:2025:expenditure:approved:a67c3febf14cce30,assigned,01,"","",retained,款,somu,
2025,expenditure,132071:2025:expenditure:approved:a6a2c2e10a9ac082,assigned,07,"","",retained,項,akishima-eisei-hoken,
2025,expenditure,132071:2025:expenditure:approved:a6a66ec22bbb4721,assigned,01,"","",retained,款,somu,
2025,expenditure,132071:2025:expenditure:approved:a6a950c4b6b31e17,assigned,04,04.2,"",retained,款,norin,
2025,expenditure,132071:2025:expenditure:approved:a6b62d3c5155faa1,assigned,08,08.1,"",retained,項,akishima-hokentaiiku-other,
2025,expenditure,132071:2025:expenditure:approved:a6c1871dde80f024,assigned,01,01.1,"",retained,款,gikai,
2025,expenditure,132071:2025:expenditure:approved:a6c21793d98c8f59,assigned,01,"","",retained,款,somu,
2025,expenditure,132071:2025:expenditure:approved:a6db158340b7ebcf,assigned,09,09.8,"",retained,項,akishima-kyoiku-gakko,
2025,expenditure,132071:2025:expenditure:approved:a6ece020ab21b2f9,assigned,03,03.2,"",retained,款,shobo,
2025,expenditure,132071:2025:expenditure:approved:a6edd7a0efb74770,assigned,08,08.1,"",retained,目,akishima-toshikeikaku-kouen,
2025,expenditure,132071:2025:expenditure:approved:a7038236d2a962b5,assigned,04,04.1,04.1.2,retained,款,rodo,
2025,expenditure,132071:2025:expenditure:approved:a7411a0f26e0a6bb,assigned,10,"","",retained,款,minsei,
2025,expenditure,132071:2025:expenditure:approved:a7449b1b5c4568c2,assigned,10,"","",retained,款,minsei,
2025,expenditure,132071:2025:expenditure:approved:a745e3aebe399560,assigned,03,03.2,"",retained,款,shobo,
2025,expenditure,132071:2025:expenditure:approved:a74975f6a2cbe0ae,assigned,09,09.8,"",retained,項,akishima-kyoiku-gakko,
2025,expenditure,132071:2025:expenditure:approved:a74b2bb5a7e5f14b,assigned,01,01.1,"",retained,款,gikai,
2025,expenditure,132071:2025:expenditure:approved:a7542cfeedca8020,assigned,08,08.1,"",retained,項,akishima-hokentaiiku-other,
2025,expenditure,132071:2025:expenditure:approved:a77381ffe5c0d67b,assigned,08,08.1,"",retained,目,akishima-toshikeikaku-kouen,
2025,expenditure,132071:2025:expenditure:approved:a77f63c36ca18b5d,assigned,05,05.1,"",retained,項,akishima-eisei-seiso,
2025,expenditure,132071:2025:expenditure:approved:a785547aafac7601,assigned,10,"","",retained,款,minsei,
2025,expenditure,132071:2025:expenditure:approved:a797bbb927584779,assigned,09,09.8,"",retained,項,akishima-kyoiku-gakko,
2025,expenditure,132071:2025:expenditure:approved:a7c2873e553734cf,assigned,09,09.5,"",retained,項,akishima-shakaikyoiku-other,
2025,expenditure,132071:2025:expenditure:approved:a7e09636576beb37,assigned,08,08.1,"",retained,項,akishima-hokentaiiku-other,
2025,expenditure,132071:2025:expenditure:approved:a7e734b49c237a2d,assigned,03,03.2,"",retained,款,shobo,
2025,expenditure,132071:2025:expenditure:approved:a803702fb80657f9,assigned,10,"","",retained,款,minsei,
2025,expenditure,132071:2025:expenditure:approved:a80ba6c5b547d634,assigned,10,"","",retained,款,minsei,
2025,expenditure,132071:2025:expenditure:approved:a80cd4d723d9c441,assigned,04,04.5,"",retained,項,akishima-doboku-kanri,
2025,expenditure,132071:2025:expenditure:approved:a81053b0b6dfbdda,assigned,01,"","",retained,款,somu,
2025,expenditure,132071:2025:expenditure:approved:a82519867e87c583,assigned,09,09.2,"",retained,項,akishima-kyoiku-chuto,
2025,expenditure,132071:2025:expenditure:approved:a84ac177fb023b61,assigned,01,"","",retained,款,somu,
2025,expenditure,132071:2025:expenditure:approved:a858bb8ed6cfb658,assigned,07,"","",retained,項,akishima-eisei-hoken,
2025,expenditure,132071:2025:expenditure:approved:a8661806d3fcf4f6,assigned,03,03.2,"",retained,款,shobo,
2025,expenditure,132071:2025:expenditure:approved:a87697995932f99c,assigned,09,09.8,"",retained,項,akishima-kyoiku-gakko,
2025,expenditure,132071:2025:expenditure:approved:a87e602ed5824617,assigned,09,09.2,"",retained,項,akishima-kyoiku-chuto,
2025,expenditure,132071:2025:expenditure:approved:a882fd8615d920d7,assigned,03,03.2,"",retained,款,shobo,
2025,expenditure,132071:2025:expenditure:approved:a89e789f51a40d33,assigned,08,08.2,"",retained,目,akishima-shakaikyoiku-bunka,
2025,expenditure,132071:2025:expenditure:approved:a8e3a895ccf6cada,assigned,01,"","",retained,款,somu,
2025,expenditure,132071:2025:expenditure:approved:a8e791b498cc472c,assigned,04,04.2,"",retained,款,norin,
2025,expenditure,132071:2025:expenditure:approved:a943ca73756f96fb,assigned,08,08.1,"",retained,項,akishima-hokentaiiku-other,
2025,expenditure,132071:2025:expenditure:approved:a9444a28580219da,assigned,10,"","",retained,款,minsei,
2025,expenditure,132071:2025:expenditure:approved:a973e9e9953cbe97,assigned,10,"","",retained,款,minsei,
2025,expenditure,132071:2025:expenditure:approved:a9802888ebe3a44b,assigned,10,"","",retained,款,minsei,
2025,expenditure,132071:2025:expenditure:approved:a99399673ae063d5,assigned,01,"","",retained,款,somu,
2025,expenditure,132071:2025:expenditure:approved:a9a4014b79f12b34,assigned,09,09.1,"",retained,項,akishima-kyoiku-shoto,
2025,expenditure,132071:2025:expenditure:approved:a9c833a5f901ddc7,assigned,10,"","",retained,款,minsei,
2025,expenditure,132071:2025:expenditure:approved:a9ec03c9c62fac5c,assigned,04,04.1,04.1.2,retained,款,rodo,
2025,expenditure,132071:2025:expenditure:approved:a9fbe7fcafd704d6,assigned,09,09.5,"",retained,項,akishima-shakaikyoiku-other,
2025,expenditure,132071:2025:expenditure:approved:a9fc1629514be688,assigned,10,"","",retained,款,minsei,
2025,expenditure,132071:2025:expenditure:approved:a9ff5b6bc92a9a62,assigned,01,"","",retained,款,somu,
2025,expenditure,132071:2025:expenditure:approved:aa26666bf4aa1323,assigned,10,"","",retained,款,minsei,
2025,expenditure,132071:2025:expenditure:approved:aa323a45f1b632e2,assigned,10,"","",retained,款,minsei,
2025,expenditure,132071:2025:expenditure:approved:aa776d0c33f7f980,assigned,08,08.1,"",retained,目,akishima-toshikeikaku-kouen,
2025,expenditure,132071:2025:expenditure:approved:aa7d2cdb96cdc311,assigned,01,"","",retained,款,somu,
2025,expenditure,132071:2025:expenditure:approved:aa813c0d0cd1be62,assigned,07,"","",retained,項,akishima-eisei-hoken,
2025,expenditure,132071:2025:expenditure:approved:aa8a8ec5dfb44b63,assigned,10,"","",retained,款,minsei,
2025,expenditure,132071:2025:expenditure:approved:aa939d337224b813,assigned,09,09.8,"",retained,項,akishima-kyoiku-gakko,
2025,expenditure,132071:2025:expenditure:approved:aaa00a60fd3b8fdd,assigned,01,"","",retained,款,somu,
2025,expenditure,132071:2025:expenditure:approved:aabd7501e29db3d9,assigned,10,"","",retained,款,minsei,
2025,expenditure,132071:2025:expenditure:approved:aadf6a85583e5a06,assigned,01,"","",retained,款,somu,
2025,expenditure,132071:2025:expenditure:approved:aae5cae1967cdc35,assigned,01,"","",retained,款,somu,
2025,expenditure,132071:2025:expenditure:approved:aaea37d86ffda74a,assigned,10,"","",retained,款,minsei,
2025,expenditure,132071:2025:expenditure:approved:aaec8e63d8a045e8,assigned,01,"","",retained,款,somu,
2025,expenditure,132071:2025:expenditure:approved:aafe987bc65ba9ad,assigned,01,"","",retained,款,somu,
2025,expenditure,132071:2025:expenditure:approved:ab01d37203a86650,assigned,01,"","",retained,款,somu,
2025,expenditure,132071:2025:expenditure:approved:ab04b45a86dabd00,assigned,05,05.1,"",retained,項,akishima-eisei-seiso,
2025,expenditure,132071:2025:expenditure:approved:ab0734d207de7b15,assigned,01,"","",retained,款,somu,
2025,expenditure,132071:2025:expenditure:approved:ab1e4deee7bcedea,assigned,09,09.1,"",retained,項,akishima-kyoiku-shoto,
2025,expenditure,132071:2025:expenditure:approved:ab21495451ef33ca,assigned,08,08.2,"",retained,目,akishima-shakaikyoiku-bunka,
2025,expenditure,132071:2025:expenditure:approved:ab25eadeb1822e4c,assigned,10,"","",retained,款,minsei,
2025,expenditure,132071:2025:expenditure:approved:ab5110e976e16895,assigned,10,"","",retained,款,minsei,
2025,expenditure,132071:2025:expenditure:approved:ab76a3397e1174c9,assigned,08,08.1,"",retained,項,akishima-hokentaiiku-other,
2025,expenditure,132071:2025:expenditure:approved:ab91312eb1aab0fe,assigned,10,"","",retained,款,minsei,
2025,expenditure,132071:2025:expenditure:approved:abc928477f5c245b,assigned,01,"","",retained,款,somu,
2025,expenditure,132071:2025:expenditure:approved:abe4344d500a1be0,assigned,10,"","",retained,款,minsei,
2025,expenditure,132071:2025:expenditure:approved:abef2380b906dd54,assigned,09,09.1,"",retained,項,akishima-kyoiku-shoto,
2025,expenditure,132071:2025:expenditure:approved:abf25b0ca45d7bfa,assigned,01,"","",retained,款,somu,
2025,expenditure,132071:2025:expenditure:approved:ac18739b78c8c812,assigned,08,08.2,"",retained,目,akishima-shakaikyoiku-bunka,
2025,expenditure,132071:2025:expenditure:approved:ac1ff3964ae48b51,assigned,03,03.2,"",retained,款,shobo,
2025,expenditure,132071:2025:expenditure:approved:ac22d1fc4c71b4ae,assigned,04,04.5,04.5.1,retained,項,akishima-doboku-doro,
2025,expenditure,132071:2025:expenditure:approved:ac258b4b9daa1f44,assigned,09,09.1,"",retained,目,akishima-kyoiku-yochien,
2025,expenditure,132071:2025:expenditure:approved:ac2ae2c1bd9d3954,assigned,10,"","",retained,款,minsei,
2025,expenditure,132071:2025:expenditure:approved:ac2d44bbac0a2e11,assigned,09,09.2,"",retained,項,akishima-kyoiku-chuto,
2025,expenditure,132071:2025:expenditure:approved:ac3150aed1624f7b,assigned,06,06.1,"",retained,項,akishima-doboku-jutaku,
2025,expenditure,132071:2025:expenditure:approved:ac5095c8c0739920,assigned,09,09.2,"",retained,項,akishima-kyoiku-chuto,
2025,expenditure,132071:2025:expenditure:approved:ac59c49197d80f47,assigned,09,09.8,"",retained,項,akishima-kyoiku-gakko,
2025,expenditure,132071:2025:expenditure:approved:ac671c1adb093ebb,assigned,07,"","",retained,項,akishima-eisei-hoken,
2025,expenditure,132071:2025:expenditure:approved:ac8dd7aadbdccd0a,assigned,01,01.1,"",retained,款,gikai,
2025,expenditure,132071:2025:expenditure:approved:ac9febd1819897b1,assigned,08,08.2,"",retained,目,akishima-shakaikyoiku-bunka,
2025,expenditure,132071:2025:expenditure:approved:acc6975a901a33fb,assigned,03,03.2,"",retained,款,shobo,
2025,expenditure,132071:2025:expenditure:approved:acc8537a18386055,assigned,09,09.5,"",retained,項,akishima-shakaikyoiku-other,
2025,expenditure,132071:2025:expenditure:approved:accc7244583a3e4c,assigned,01,"","",retained,款,somu,
2025,expenditure,132071:2025:expenditure:approved:accc79645301e5b9,assigned,10,"","",retained,款,minsei,
2025,expenditure,132071:2025:expenditure:approved:acd51739d4cf1613,assigned,01,"","",retained,款,somu,
2025,expenditure,132071:2025:expenditure:approved:acf42adeae6c5d39,assigned,08,08.2,"",retained,目,akishima-shakaikyoiku-bunka,
2025,expenditure,132071:2025:expenditure:approved:acfd9e6198527622,assigned,07,"","",retained,項,akishima-eisei-hoken,
2025,expenditure,132071:2025:expenditure:approved:acfdd6cd67e07c06,assigned,09,09.1,"",retained,項,akishima-kyoiku-shoto,
2025,expenditure,132071:2025:expenditure:approved:ad071cc24c75ddc5,assigned,10,"","",retained,款,minsei,
2025,expenditure,132071:2025:expenditure:approved:ad475b2abe49bc40,assigned,09,09.8,"",retained,項,akishima-kyoiku-gakko,
2025,expenditure,132071:2025:expenditure:approved:ad5229ff3ceec226,assigned,08,08.2,"",retained,目,akishima-shakaikyoiku-bunka,
2025,expenditure,132071:2025:expenditure:approved:ad64b6c476f4db32,assigned,10,"","",retained,款,minsei,
2025,expenditure,132071:2025:expenditure:approved:ad653b208bde9fcb,assigned,10,"","",retained,款,minsei,
2025,expenditure,132071:2025:expenditure:approved:ad8d3a2478651729,assigned,08,08.2,"",retained,目,akishima-shakaikyoiku-bunka,
2025,expenditure,132071:2025:expenditure:approved:ad9ea9b328ea1a3d,assigned,05,05.1,"",retained,項,akishima-eisei-seiso,
2025,expenditure,132071:2025:expenditure:approved:adbceb16c3b9f477,assigned,09,09.5,"",retained,項,akishima-shakaikyoiku-other,
2025,expenditure,132071:2025:expenditure:approved:adbde34ac03d41f3,assigned,01,"","",retained,款,somu,
2025,expenditure,132071:2025:expenditure:approved:adcd62a89070bd12,assigned,09,09.6,"",retained,目,akishima-hokentaiiku-kyushoku,
2025,expenditure,132071:2025:expenditure:approved:ae1af0416fecac12,assigned,09,09.1,"",retained,項,akishima-kyoiku-shoto,
2025,expenditure,132071:2025:expenditure:approved:ae1d8dced3dec5da,assigned,10,"","",retained,款,minsei,
2025,expenditure,132071:2025:expenditure:approved:ae1e6104733d5501,assigned,05,05.1,"",retained,項,akishima-eisei-seiso,
2025,expenditure,132071:2025:expenditure:approved:ae3ceb1e8c1a7a8c,assigned,09,09.2,"",retained,項,akishima-kyoiku-chuto,
2025,expenditure,132071:2025:expenditure:approved:ae48c7305af3561e,assigned,01,"","",retained,款,somu,
2025,expenditure,132071:2025:expenditure:approved:ae4b6f3c02e5f837,assigned,01,"","",retained,款,somu,
2025,expenditure,132071:2025:expenditure:approved:ae4cde2ce3166eff,assigned,10,"","",retained,款,minsei,
2025,expenditure,132071:2025:expenditure:approved:ae612b2184f44cbc,assigned,01,"","",retained,款,somu,
2025,expenditure,132071:2025:expenditure:approved:ae7255961590c474,assigned,01,"","",retained,款,somu,
2025,expenditure,132071:2025:expenditure:approved:ae727aff06e40dc1,assigned,08,08.2,"",retained,目,akishima-shakaikyoiku-bunka,
2025,expenditure,132071:2025:expenditure:approved:ae885dde3711ecb3,assigned,07,"","",retained,項,akishima-eisei-hoken,
2025,expenditure,132071:2025:expenditure:approved:ae8ef485c9136bb9,assigned,08,08.1,"",retained,目,akishima-toshikeikaku-kouen,
2025,expenditure,132071:2025:expenditure:approved:ae94653521168118,assigned,10,"","",retained,款,minsei,
2025,expenditure,132071:2025:expenditure:approved:ae94f2f2dfe30142,assigned,05,05.1,"",retained,項,akishima-eisei-seiso,
2025,expenditure,132071:2025:expenditure:approved:aeb129348a9eadba,assigned,09,09.8,"",retained,項,akishima-kyoiku-gakko,
2025,expenditure,132071:2025:expenditure:approved:aec280820917fb90,assigned,10,"","",retained,款,minsei,
2025,expenditure,132071:2025:expenditure:approved:aecae88485bfe10d,assigned,09,09.8,"",retained,項,akishima-kyoiku-gakko,
2025,expenditure,132071:2025:expenditure:approved:aed8c82ad2767c84,assigned,08,08.1,"",retained,項,akishima-hokentaiiku-other,
2025,expenditure,132071:2025:expenditure:approved:aee7dbdf393ccdd9,assigned,01,"","",retained,款,somu,
2025,expenditure,132071:2025:expenditure:approved:aeebc30297d3efd5,assigned,01,"","",retained,款,somu,
2025,expenditure,132071:2025:expenditure:approved:af04132c327a53cb,assigned,10,"","",retained,款,minsei,
2025,expenditure,132071:2025:expenditure:approved:af0af6ea08440ac6,assigned,08,08.1,"",retained,項,akishima-hokentaiiku-other,
2025,expenditure,132071:2025:expenditure:approved:af0d24d407a0d74a,assigned,10,"","",retained,款,minsei,
2025,expenditure,132071:2025:expenditure:approved:af1cce5a7d120705,assigned,09,09.5,"",retained,項,akishima-shakaikyoiku-other,
2025,expenditure,132071:2025:expenditure:approved:af55101fe36676ed,assigned,01,"","",retained,款,somu,
2025,expenditure,132071:2025:expenditure:approved:af56c12a4004e6f8,assigned,10,"","",retained,款,minsei,
2025,expenditure,132071:2025:expenditure:approved:af853e2bbdd775f3,assigned,10,"","",retained,款,minsei,
2025,expenditure,132071:2025:expenditure:approved:af87cd76430caf31,assigned,10,"","",retained,款,minsei,
2025,expenditure,132071:2025:expenditure:approved:af8dc9dbcfaf914b,assigned,09,09.8,"",retained,項,akishima-kyoiku-gakko,
2025,expenditure,132071:2025:expenditure:approved:af8e7d1db9730aef,assigned,07,"","",retained,項,akishima-eisei-hoken,
2025,expenditure,132071:2025:expenditure:approved:afa23e039568e0a0,assigned,09,09.8,"",retained,項,akishima-kyoiku-gakko,
2025,expenditure,132071:2025:expenditure:approved:afa7d85bc6f26e83,assigned,01,"","",retained,款,somu,
2025,expenditure,132071:2025:expenditure:approved:afba41554b757ca1,assigned,09,09.8,"",retained,項,akishima-kyoiku-gakko,
2025,expenditure,132071:2025:expenditure:approved:afc86780bf8405bc,assigned,09,09.1,"",retained,項,akishima-kyoiku-shoto,
2025,expenditure,132071:2025:expenditure:approved:afd32720108009bc,assigned,10,"","",retained,款,minsei,
2025,expenditure,132071:2025:expenditure:approved:afdceb58cd769be2,assigned,01,"","",retained,款,somu,
2025,expenditure,132071:2025:expenditure:approved:afe097b0a3d0fac2,assigned,07,"","",retained,項,akishima-eisei-hoken,
2025,expenditure,132071:2025:expenditure:approved:afe0d72dcf68aa36,assigned,09,09.8,"",retained,項,akishima-kyoiku-gakko,
2025,expenditure,132071:2025:expenditure:approved:afefbd0b4010b3c9,assigned,10,"","",retained,款,minsei,
2025,expenditure,132071:2025:expenditure:approved:b00a74dc1ff345f9,assigned,10,"","",retained,款,minsei,
2025,expenditure,132071:2025:expenditure:approved:b03319fe19e4ecd9,assigned,01,"","",retained,款,somu,
2025,expenditure,132071:2025:expenditure:approved:b0381294544616a7,assigned,09,09.2,"",retained,項,akishima-kyoiku-chuto,
2025,expenditure,132071:2025:expenditure:approved:b04c4b6d6ea72156,assigned,09,09.5,"",retained,項,akishima-shakaikyoiku-other,
2025,expenditure,132071:2025:expenditure:approved:b06bef0c348b2cbc,assigned,08,08.1,"",retained,項,akishima-hokentaiiku-other,
2025,expenditure,132071:2025:expenditure:approved:b07af2d8b3c4dbc0,assigned,04,04.7,"",retained,款,shoko,
2025,expenditure,132071:2025:expenditure:approved:b083a0e9cd7a0ae0,assigned,04,04.5,"",retained,項,akishima-doboku-kanri,
2025,expenditure,132071:2025:expenditure:approved:b08766ddaf01c2c3,assigned,01,"","",retained,款,somu,
2025,expenditure,132071:2025:expenditure:approved:b08a166591c6bacd,assigned,01,"","",retained,款,somu,
2025,expenditure,132071:2025:expenditure:approved:b09d8072e7907826,assigned,07,"","",retained,項,akishima-eisei-hoken,
2025,expenditure,132071:2025:expenditure:approved:b0a353ce45d4cee1,assigned,10,"","",retained,款,minsei,
2025,expenditure,132071:2025:expenditure:approved:b0b79a36e296f449,assigned,01,"","",retained,款,somu,
2025,expenditure,132071:2025:expenditure:approved:b0ba712c0c1ec9d6,assigned,03,03.2,"",retained,款,shobo,
2025,expenditure,132071:2025:expenditure:approved:b0bd01aa5d5af6fb,assigned,08,08.2,"",retained,目,akishima-shakaikyoiku-bunka,
2025,expenditure,132071:2025:expenditure:approved:b10576c93f083df6,assigned,01,"","",retained,款,somu,
2025,expenditure,132071:2025:expenditure:approved:b1135fbae11ece9e,assigned,10,"","",retained,款,minsei,
2025,expenditure,132071:2025:expenditure:approved:b1171eac8493631f,assigned,09,09.5,"",retained,項,akishima-shakaikyoiku-other,
2025,expenditure,132071:2025:expenditure:approved:b118e80c4677192e,assigned,10,"","",retained,款,minsei,
2025,expenditure,132071:2025:expenditure:approved:b1a55a29d1775313,assigned,01,01.1,"",retained,款,gikai,
2025,expenditure,132071:2025:expenditure:approved:b1ac3add6e25004a,assigned,10,"","",retained,款,minsei,
2025,expenditure,132071:2025:expenditure:approved:b1bfe39a3029bd79,assigned,06,06.2,"",retained,項,akishima-toshikeikaku-other,
2025,expenditure,132071:2025:expenditure:approved:b1c206730c8e3f12,assigned,07,"","",retained,項,akishima-eisei-hoken,
2025,expenditure,132071:2025:expenditure:approved:b1d83a7bf959e517,assigned,04,04.5,"",retained,項,akishima-doboku-kanri,
2025,expenditure,132071:2025:expenditure:approved:b23691f1a0b7f2c8,assigned,10,"","",retained,款,minsei,
2025,expenditure,132071:2025:expenditure:approved:b23d76d5306be124,assigned,09,09.2,"",retained,項,akishima-kyoiku-chuto,
2025,expenditure,132071:2025:expenditure:approved:b2484b2d237f42c9,assigned,09,09.6,"",retained,目,akishima-hokentaiiku-kyushoku,
2025,expenditure,132071:2025:expenditure:approved:b249f1a7b90e7faf,assigned,09,09.2,"",retained,項,akishima-kyoiku-chuto,
2025,expenditure,132071:2025:expenditure:approved:b271fe9499d5b624,assigned,08,08.1,"",retained,項,akishima-hokentaiiku-other,
2025,expenditure,132071:2025:expenditure:approved:b284de574d5677cc,assigned,10,"","",retained,款,minsei,
2025,expenditure,132071:2025:expenditure:approved:b28755ce8c78d9d9,assigned,09,09.6,"",retained,目,akishima-hokentaiiku-kyushoku,
2025,expenditure,132071:2025:expenditure:approved:b292ca548fcc7047,assigned,09,09.8,"",retained,項,akishima-kyoiku-gakko,
2025,expenditure,132071:2025:expenditure:approved:b2a1943ebd50f171,assigned,01,"","",retained,款,somu,
2025,expenditure,132071:2025:expenditure:approved:b2c06184f6eff4b1,assigned,09,09.8,"",retained,項,akishima-kyoiku-gakko,
2025,expenditure,132071:2025:expenditure:approved:b2c0637d5a3bcce7,assigned,01,"","",retained,款,somu,
2025,expenditure,132071:2025:expenditure:approved:b2e7830e9331bcab,assigned,07,"","",retained,項,akishima-eisei-hoken,
2025,expenditure,132071:2025:expenditure:approved:b2f3484f38002d25,assigned,10,"","",retained,款,minsei,
2025,expenditure,132071:2025:expenditure:approved:b31e84f2726cca6d,assigned,10,"","",retained,款,minsei,
2025,expenditure,132071:2025:expenditure:approved:b3349055721343d2,assigned,10,"","",retained,款,minsei,
2025,expenditure,132071:2025:expenditure:approved:b34c16efc43f499b,assigned,10,"","",retained,款,minsei,
2025,expenditure,132071:2025:expenditure:approved:b353b802cfaddfbd,assigned,04,04.1,04.1.2,retained,款,rodo,
2025,expenditure,132071:2025:expenditure:approved:b35d959bf592de9d,assigned,07,"","",retained,項,akishima-eisei-hoken,
2025,expenditure,132071:2025:expenditure:approved:b3670f548578891c,assigned,04,04.5,04.5.1,retained,項,akishima-doboku-doro,
2025,expenditure,132071:2025:expenditure:approved:b36e722ab4026636,assigned,08,08.1,"",retained,目,akishima-toshikeikaku-kouen,
2025,expenditure,132071:2025:expenditure:approved:b37adff8cab0d8ff,assigned,10,"","",retained,款,minsei,
2025,expenditure,132071:2025:expenditure:approved:b37de23fa1b02afa,assigned,03,03.2,"",retained,款,shobo,
2025,expenditure,132071:2025:expenditure:approved:b3b87a933f183e47,assigned,10,"","",retained,款,minsei,
2025,expenditure,132071:2025:expenditure:approved:b3beab73344383f3,assigned,06,06.1,"",retained,項,akishima-doboku-jutaku,
2025,expenditure,132071:2025:expenditure:approved:b3e9a43489af3a68,assigned,01,"","",retained,款,somu,
2025,expenditure,132071:2025:expenditure:approved:b3f10e2efdd0c063,assigned,04,04.5,04.5.1,retained,項,akishima-doboku-doro,
2025,expenditure,132071:2025:expenditure:approved:b3f6b9b1dfc70413,assigned,10,"","",retained,款,minsei,
2025,expenditure,132071:2025:expenditure:approved:b417f0b5c7adf3a6,assigned,08,08.1,"",retained,目,akishima-toshikeikaku-kouen,
2025,expenditure,132071:2025:expenditure:approved:b4206fe880365d09,assigned,08,08.2,"",retained,目,akishima-shakaikyoiku-bunka,
2025,expenditure,132071:2025:expenditure:approved:b43835791350fb23,assigned,08,08.1,"",retained,項,akishima-hokentaiiku-other,
2025,expenditure,132071:2025:expenditure:approved:b43bb030cf4b5837,assigned,09,09.8,"",retained,項,akishima-kyoiku-gakko,
2025,expenditure,132071:2025:expenditure:approved:b444a43f5795a8a5,assigned,07,"","",retained,項,akishima-eisei-hoken,
2025,expenditure,132071:2025:expenditure:approved:b44b7a00b293e444,assigned,09,09.6,"",retained,目,akishima-hokentaiiku-kyushoku,
2025,expenditure,132071:2025:expenditure:approved:b44e182b54500359,assigned,07,"","",retained,項,akishima-eisei-hoken,
2025,expenditure,132071:2025:expenditure:approved:b44f23f8307421e1,assigned,07,"","",retained,項,akishima-eisei-hoken,
2025,expenditure,132071:2025:expenditure:approved:b464a83674b2dce0,assigned,09,09.1,"",retained,項,akishima-kyoiku-shoto,
2025,expenditure,132071:2025:expenditure:approved:b46c20d444b08940,assigned,03,03.2,"",retained,款,shobo,
2025,expenditure,132071:2025:expenditure:approved:b479becb878375f7,assigned,09,09.6,"",retained,目,akishima-hokentaiiku-kyushoku,
2025,expenditure,132071:2025:expenditure:approved:b47f4a5795d3c796,assigned,04,04.7,"",retained,款,shoko,
2025,expenditure,132071:2025:expenditure:approved:b49b285705da08e6,assigned,09,09.8,"",retained,項,akishima-kyoiku-gakko,
2025,expenditure,132071:2025:expenditure:approved:b49d6fddc0ef6f01,assigned,10,"","",retained,款,minsei,
2025,expenditure,132071:2025:expenditure:approved:b4a8ba797739aad3,assigned,01,"","",retained,款,somu,
2025,expenditure,132071:2025:expenditure:approved:b4ace2c952b86f93,assigned,07,"","",retained,項,akishima-eisei-hoken,
2025,expenditure,132071:2025:expenditure:approved:b4ae5ca253d150b8,assigned,09,09.2,"",retained,項,akishima-kyoiku-chuto,
2025,expenditure,132071:2025:expenditure:approved:b4c43688f9a7279a,assigned,04,04.5,"",retained,項,akishima-doboku-kanri,
2025,expenditure,132071:2025:expenditure:approved:b4cc60ecff4c3fd2,assigned,10,"","",retained,款,minsei,
2025,expenditure,132071:2025:expenditure:approved:b4ec55f7036aa89d,assigned,01,"","",retained,款,somu,
2025,expenditure,132071:2025:expenditure:approved:b4f51e0cbc9360bd,assigned,08,08.1,"",retained,項,akishima-hokentaiiku-other,
2025,expenditure,132071:2025:expenditure:approved:b50d22fa92eba5ac,assigned,06,06.1,"",retained,項,akishima-doboku-jutaku,
2025,expenditure,132071:2025:expenditure:approved:b50e544155aafdac,assigned,10,"","",retained,款,minsei,
2025,expenditure,132071:2025:expenditure:approved:b5268a50afec65d4,assigned,05,05.1,"",retained,項,akishima-eisei-seiso,
2025,expenditure,132071:2025:expenditure:approved:b54784099eb540f2,assigned,09,09.5,"",retained,項,akishima-shakaikyoiku-other,
2025,expenditure,132071:2025:expenditure:approved:b554e60068a7e47e,assigned,03,03.2,"",retained,款,shobo,
2025,expenditure,132071:2025:expenditure:approved:b5595891a0d93f48,assigned,07,"","",retained,項,akishima-eisei-hoken,
2025,expenditure,132071:2025:expenditure:approved:b56a61e674859a6b,assigned,01,"","",retained,款,somu,
2025,expenditure,132071:2025:expenditure:approved:b56ead4f6193f244,assigned,01,"","",retained,款,somu,
2025,expenditure,132071:2025:expenditure:approved:b586d27de64f848a,assigned,08,08.2,"",retained,目,akishima-shakaikyoiku-bunka,
2025,expenditure,132071:2025:expenditure:approved:b591c342b8c7619a,assigned,01,"","",retained,款,somu,
2025,expenditure,132071:2025:expenditure:approved:b596b51736eba21d,assigned,09,09.2,"",retained,項,akishima-kyoiku-chuto,
2025,expenditure,132071:2025:expenditure:approved:b5a888a996778934,assigned,07,"","",retained,項,akishima-eisei-hoken,
2025,expenditure,132071:2025:expenditure:approved:b5aeb9f820115c64,assigned,08,08.1,"",retained,項,akishima-hokentaiiku-other,
2025,expenditure,132071:2025:expenditure:approved:b5d6728dd4fd1211,assigned,10,"","",retained,款,minsei,
2025,expenditure,132071:2025:expenditure:approved:b5dc0c6f96eee321,assigned,10,"","",retained,款,minsei,
2025,expenditure,132071:2025:expenditure:approved:b5e897f46af707cb,assigned,09,09.6,"",retained,目,akishima-hokentaiiku-kyushoku,
2025,expenditure,132071:2025:expenditure:approved:b60128a00cdbd543,assigned,04,04.2,"",retained,款,norin,
2025,expenditure,132071:2025:expenditure:approved:b60ab8784fdfd309,assigned,10,"","",retained,款,minsei,
2025,expenditure,132071:2025:expenditure:approved:b6163a53acfa6100,assigned,01,"","",retained,款,somu,
2025,expenditure,132071:2025:expenditure:approved:b63a84ba3be57e23,assigned,09,09.1,"",retained,項,akishima-kyoiku-shoto,
2025,expenditure,132071:2025:expenditure:approved:b63f522b9c613595,assigned,05,05.1,"",retained,項,akishima-eisei-seiso,
2025,expenditure,132071:2025:expenditure:approved:b64aff7026c99e13,assigned,09,09.1,"",retained,項,akishima-kyoiku-shoto,
2025,expenditure,132071:2025:expenditure:approved:b64b2f1f676856bc,assigned,07,"","",retained,項,akishima-eisei-hoken,
2025,expenditure,132071:2025:expenditure:approved:b65aa82db7ee878c,assigned,07,"","",retained,項,akishima-eisei-hoken,
2025,expenditure,132071:2025:expenditure:approved:b6636289be73369b,assigned,09,09.8,"",retained,項,akishima-kyoiku-gakko,
2025,expenditure,132071:2025:expenditure:approved:b6663ed4c47121ce,assigned,09,09.5,"",retained,項,akishima-shakaikyoiku-other,
2025,expenditure,132071:2025:expenditure:approved:b683a599e1f276d5,assigned,01,"","",retained,款,somu,
2025,expenditure,132071:2025:expenditure:approved:b68ba9409a1274bd,assigned,08,08.1,"",retained,項,akishima-hokentaiiku-other,
2025,expenditure,132071:2025:expenditure:approved:b68f5720498eb961,assigned,10,"","",retained,款,minsei,
2025,expenditure,132071:2025:expenditure:approved:b6b94ae63d799a40,assigned,07,"","",retained,項,akishima-eisei-hoken,
2025,expenditure,132071:2025:expenditure:approved:b6d036ee5da311e0,assigned,07,"","",retained,項,akishima-eisei-hoken,
2025,expenditure,132071:2025:expenditure:approved:b6d6150c6ac5c4ea,assigned,08,08.1,"",retained,目,akishima-toshikeikaku-kouen,
2025,expenditure,132071:2025:expenditure:approved:b711498e407e2a11,assigned,01,"","",retained,款,somu,
2025,expenditure,132071:2025:expenditure:approved:b7128fe5c6b5ccfc,assigned,08,08.1,"",retained,項,akishima-hokentaiiku-other,
2025,expenditure,132071:2025:expenditure:approved:b718e31018a52c7b,assigned,10,"","",retained,款,minsei,
2025,expenditure,132071:2025:expenditure:approved:b72c4c8291f9dde0,assigned,10,"","",retained,款,minsei,
2025,expenditure,132071:2025:expenditure:approved:b7425462d2fc6315,assigned,04,04.5,04.5.1,retained,項,akishima-doboku-doro,
2025,expenditure,132071:2025:expenditure:approved:b743c226eda5645e,assigned,08,08.2,"",retained,目,akishima-shakaikyoiku-bunka,
2025,expenditure,132071:2025:expenditure:approved:b7448903f1ccabaa,assigned,08,08.2,"",retained,目,akishima-shakaikyoiku-bunka,
2025,expenditure,132071:2025:expenditure:approved:b76346ce91b80b71,assigned,09,09.8,"",retained,項,akishima-kyoiku-gakko,
2025,expenditure,132071:2025:expenditure:approved:b7793041c7f798f9,assigned,05,05.1,"",retained,項,akishima-eisei-seiso,
2025,expenditure,132071:2025:expenditure:approved:b779fd5369bd4c20,assigned,01,"","",retained,款,somu,
2025,expenditure,132071:2025:expenditure:approved:b77c803dd2acbcc8,assigned,09,09.8,"",retained,項,akishima-kyoiku-gakko,
2025,expenditure,132071:2025:expenditure:approved:b78c7f04c9edfaed,assigned,06,06.1,"",retained,項,akishima-doboku-jutaku,
2025,expenditure,132071:2025:expenditure:approved:b7a6d61e5dc63e6f,assigned,09,09.8,"",retained,項,akishima-kyoiku-gakko,
2025,expenditure,132071:2025:expenditure:approved:b7b0c72fbfa10d72,assigned,01,"","",retained,款,somu,
2025,expenditure,132071:2025:expenditure:approved:b7f270d357bdd9dc,assigned,09,09.5,"",retained,項,akishima-shakaikyoiku-other,
2025,expenditure,132071:2025:expenditure:approved:b7f60eda3f815e71,assigned,10,"","",retained,款,minsei,
2025,expenditure,132071:2025:expenditure:approved:b7fe614cf96979df,assigned,01,"","",retained,款,somu,
2025,expenditure,132071:2025:expenditure:approved:b84b525c30fbdbd9,assigned,01,"","",retained,款,somu,
2025,expenditure,132071:2025:expenditure:approved:b84db57b866b6909,assigned,08,08.1,"",retained,目,akishima-toshikeikaku-kouen,
2025,expenditure,132071:2025:expenditure:approved:b864b058f4f4e857,assigned,01,"","",retained,款,somu,
2025,expenditure,132071:2025:expenditure:approved:b876eb837e9e0ef0,assigned,01,"","",retained,款,somu,
2025,expenditure,132071:2025:expenditure:approved:b87a486c9ebe154a,assigned,09,09.1,"",retained,項,akishima-kyoiku-shoto,
2025,expenditure,132071:2025:expenditure:approved:b8a6064b66903568,assigned,10,"","",retained,款,minsei,
2025,expenditure,132071:2025:expenditure:approved:b8a91dd1ce502ff6,assigned,09,09.5,"",retained,項,akishima-shakaikyoiku-other,
2025,expenditure,132071:2025:expenditure:approved:b8cb673c017cdfa0,assigned,01,"","",retained,款,somu,
2025,expenditure,132071:2025:expenditure:approved:b8d206f585b3c009,assigned,01,"","",retained,款,somu,
2025,expenditure,132071:2025:expenditure:approved:b8dbe0c960c70fc4,assigned,04,04.5,04.5.1,retained,項,akishima-doboku-doro,
2025,expenditure,132071:2025:expenditure:approved:b8e103bfc080d0a3,assigned,01,"","",retained,款,somu,
2025,expenditure,132071:2025:expenditure:approved:b8f8345e52dd7944,assigned,05,05.1,"",retained,項,akishima-eisei-seiso,
2025,expenditure,132071:2025:expenditure:approved:b91f2957948b4498,assigned,01,"","",retained,款,somu,
2025,expenditure,132071:2025:expenditure:approved:b92be8da3de2461a,assigned,10,"","",retained,款,minsei,
2025,expenditure,132071:2025:expenditure:approved:b93282298327be5c,assigned,03,03.2,"",retained,款,shobo,
2025,expenditure,132071:2025:expenditure:approved:b94591bb13603c4e,assigned,01,"","",retained,款,somu,
2025,expenditure,132071:2025:expenditure:approved:b954dd5590a6d1f6,assigned,01,"","",retained,款,somu,
2025,expenditure,132071:2025:expenditure:approved:b957c90284aa2e1e,assigned,09,09.8,"",retained,項,akishima-kyoiku-gakko,
2025,expenditure,132071:2025:expenditure:approved:b95b4fcaafe18e98,assigned,04,04.7,"",retained,款,shoko,
2025,expenditure,132071:2025:expenditure:approved:b9650336d4d272b1,out-of-scope,"","","",retained,節,fund-accumulation,
2025,expenditure,132071:2025:expenditure:approved:b97076c52349a631,assigned,01,"","",retained,款,somu,
2025,expenditure,132071:2025:expenditure:approved:b972d3a4e0f47557,assigned,08,08.1,"",retained,項,akishima-hokentaiiku-other,
2025,expenditure,132071:2025:expenditure:approved:b990005f6a23953d,assigned,05,05.1,"",retained,項,akishima-eisei-seiso,
2025,expenditure,132071:2025:expenditure:approved:b99547b05af4c287,assigned,04,04.7,"",retained,款,shoko,
2025,expenditure,132071:2025:expenditure:approved:b995bd5a1de3b98a,assigned,09,09.2,"",retained,項,akishima-kyoiku-chuto,
2025,expenditure,132071:2025:expenditure:approved:b995e71708f05407,assigned,08,08.1,"",retained,項,akishima-hokentaiiku-other,
2025,expenditure,132071:2025:expenditure:approved:b9c14d0aad60a4f4,assigned,10,"","",retained,款,minsei,
2025,expenditure,132071:2025:expenditure:approved:b9c337b4eb0235fe,assigned,01,"","",retained,款,somu,
2025,expenditure,132071:2025:expenditure:approved:b9d14abdadc31772,assigned,10,"","",retained,款,minsei,
2025,expenditure,132071:2025:expenditure:approved:b9d1b26d75d04203,assigned,03,03.2,"",retained,款,shobo,
2025,expenditure,132071:2025:expenditure:approved:b9d7776bb487a2eb,assigned,10,"","",retained,款,minsei,
2025,expenditure,132071:2025:expenditure:approved:b9e080d810eabab6,assigned,01,"","",retained,款,somu,
2025,expenditure,132071:2025:expenditure:approved:b9ee89c331e0285b,assigned,09,09.1,"",retained,項,akishima-kyoiku-shoto,
2025,expenditure,132071:2025:expenditure:approved:ba331910a5aa1412,assigned,08,08.2,"",retained,目,akishima-shakaikyoiku-bunka,
2025,expenditure,132071:2025:expenditure:approved:ba39ab947ed5f359,assigned,10,"","",retained,款,minsei,
2025,expenditure,132071:2025:expenditure:approved:ba577fd371ae2b4a,assigned,04,04.1,04.1.2,retained,款,rodo,
2025,expenditure,132071:2025:expenditure:approved:ba5efb2d43f7d38f,assigned,04,04.5,04.5.1,retained,項,akishima-doboku-doro,
2025,expenditure,132071:2025:expenditure:approved:ba5fa5eecdc1586d,assigned,06,06.2,"",retained,項,akishima-toshikeikaku-other,
2025,expenditure,132071:2025:expenditure:approved:ba67c1c20fe5a3b4,assigned,09,09.5,"",retained,項,akishima-shakaikyoiku-other,
2025,expenditure,132071:2025:expenditure:approved:ba685d70e7741229,assigned,09,09.1,"",retained,項,akishima-kyoiku-shoto,
2025,expenditure,132071:2025:expenditure:approved:ba93824cc5a86839,assigned,09,09.1,"",retained,項,akishima-kyoiku-shoto,
2025,expenditure,132071:2025:expenditure:approved:bab0b02d17d07b71,assigned,10,"","",retained,款,minsei,
2025,expenditure,132071:2025:expenditure:approved:bab8101ea70fbae3,assigned,04,04.5,04.5.1,retained,項,akishima-doboku-doro,
2025,expenditure,132071:2025:expenditure:approved:bac158e96fcd5c5b,assigned,10,"","",retained,款,minsei,
2025,expenditure,132071:2025:expenditure:approved:bac1b0d3eef5b15b,assigned,10,"","",retained,款,minsei,
2025,expenditure,132071:2025:expenditure:approved:bac9394476146d50,assigned,10,"","",retained,款,minsei,
2025,expenditure,132071:2025:expenditure:approved:bad48406d568f991,assigned,09,09.1,"",retained,項,akishima-kyoiku-shoto,
2025,expenditure,132071:2025:expenditure:approved:bae9d38c2ddfedfc,assigned,07,"","",retained,項,akishima-eisei-hoken,
2025,expenditure,132071:2025:expenditure:approved:bb0a03ea630bc4db,assigned,01,"","",retained,款,somu,
2025,expenditure,132071:2025:expenditure:approved:bb0de7f56b114bca,assigned,01,"","",retained,款,somu,
2025,expenditure,132071:2025:expenditure:approved:bb1ce26d5c9724dd,assigned,09,09.8,"",retained,項,akishima-kyoiku-gakko,
2025,expenditure,132071:2025:expenditure:approved:bb247056395eb089,assigned,08,08.1,"",retained,項,akishima-hokentaiiku-other,
2025,expenditure,132071:2025:expenditure:approved:bb2ef9cac8c1caf9,assigned,01,"","",retained,款,somu,
2025,expenditure,132071:2025:expenditure:approved:bb4edbc0ebef0836,assigned,04,04.7,"",retained,款,shoko,
2025,expenditure,132071:2025:expenditure:approved:bb60fe03b10ac870,assigned,09,09.1,"",retained,項,akishima-kyoiku-shoto,
2025,expenditure,132071:2025:expenditure:approved:bb6449d0a42e0d2d,assigned,09,09.8,"",retained,項,akishima-kyoiku-gakko,
2025,expenditure,132071:2025:expenditure:approved:bb754ec97f51ca26,assigned,10,"","",retained,款,minsei,
2025,expenditure,132071:2025:expenditure:approved:bb81d178336fc37c,assigned,09,09.6,"",retained,目,akishima-hokentaiiku-kyushoku,
2025,expenditure,132071:2025:expenditure:approved:bb8f9ca16e5e8acd,assigned,10,"","",retained,款,minsei,
2025,expenditure,132071:2025:expenditure:approved:bb8fc3e5f965dfda,assigned,01,"","",retained,款,somu,
2025,expenditure,132071:2025:expenditure:approved:bba38c6771e9e4e9,assigned,01,"","",retained,款,somu,
2025,expenditure,132071:2025:expenditure:approved:bbaa4e00a06fb2d5,assigned,10,"","",retained,款,minsei,
2025,expenditure,132071:2025:expenditure:approved:bbb3a681c21bb8bc,assigned,05,05.1,"",retained,項,akishima-eisei-seiso,
2025,expenditure,132071:2025:expenditure:approved:bbd1f2356e8c2ba2,assigned,09,09.5,"",retained,項,akishima-shakaikyoiku-other,
2025,expenditure,132071:2025:expenditure:approved:bbda62330ffcf1f1,assigned,10,"","",retained,款,minsei,
2025,expenditure,132071:2025:expenditure:approved:bc177a58dac7e4fa,assigned,08,08.2,"",retained,目,akishima-shakaikyoiku-bunka,
2025,expenditure,132071:2025:expenditure:approved:bc39ad36c8b4322f,assigned,09,09.5,"",retained,項,akishima-shakaikyoiku-other,
2025,expenditure,132071:2025:expenditure:approved:bc3b127a5974a295,assigned,04,04.5,04.5.1,retained,項,akishima-doboku-doro,
2025,expenditure,132071:2025:expenditure:approved:bc3bcb3ee830a597,assigned,09,09.5,"",retained,項,akishima-shakaikyoiku-other,
2025,expenditure,132071:2025:expenditure:approved:bc3d1569ad65e3ab,assigned,10,"","",retained,款,minsei,
2025,expenditure,132071:2025:expenditure:approved:bc54541cf15e41e6,assigned,09,09.8,"",retained,項,akishima-kyoiku-gakko,
2025,expenditure,132071:2025:expenditure:approved:bc810270822dbd88,assigned,09,09.1,"",retained,項,akishima-kyoiku-shoto,
2025,expenditure,132071:2025:expenditure:approved:bc977fd554458384,assigned,07,"","",retained,項,akishima-eisei-hoken,
2025,expenditure,132071:2025:expenditure:approved:bcb4168998191686,assigned,08,08.2,"",retained,目,akishima-shakaikyoiku-bunka,
2025,expenditure,132071:2025:expenditure:approved:bcbf3419b0dd10c2,assigned,08,08.2,"",retained,目,akishima-shakaikyoiku-bunka,
2025,expenditure,132071:2025:expenditure:approved:bce2225fef324685,assigned,09,09.8,"",retained,項,akishima-kyoiku-gakko,
2025,expenditure,132071:2025:expenditure:approved:bcece98827dbdb3a,assigned,09,09.5,"",retained,項,akishima-shakaikyoiku-other,
2025,expenditure,132071:2025:expenditure:approved:bd05c667882c54ab,assigned,10,"","",retained,款,minsei,
2025,expenditure,132071:2025:expenditure:approved:bd072712c9d2d8a7,assigned,07,"","",retained,項,akishima-eisei-hoken,
2025,expenditure,132071:2025:expenditure:approved:bd234eaa1ab5e601,assigned,01,"","",retained,款,somu,
2025,expenditure,132071:2025:expenditure:approved:bd2e4b8d67bba996,assigned,10,"","",retained,款,minsei,
2025,expenditure,132071:2025:expenditure:approved:bd3a3372e965b0a0,assigned,01,"","",retained,款,somu,
2025,expenditure,132071:2025:expenditure:approved:bd3bcb8765782347,assigned,08,08.1,"",retained,項,akishima-hokentaiiku-other,
2025,expenditure,132071:2025:expenditure:approved:bd439b244b1e5997,assigned,10,"","",retained,款,minsei,
2025,expenditure,132071:2025:expenditure:approved:bd5d026a8db0c1b8,assigned,01,"","",retained,款,somu,
2025,expenditure,132071:2025:expenditure:approved:bd6100e7edc8f8ac,assigned,09,09.8,"",retained,項,akishima-kyoiku-gakko,
2025,expenditure,132071:2025:expenditure:approved:bd9875ce4602212f,assigned,08,08.1,"",retained,項,akishima-hokentaiiku-other,
2025,expenditure,132071:2025:expenditure:approved:bda24a07fd15a2e1,assigned,05,05.1,"",retained,項,akishima-eisei-seiso,
2025,expenditure,132071:2025:expenditure:approved:bdb757dc4ecc5032,assigned,10,"","",retained,款,minsei,
2025,expenditure,132071:2025:expenditure:approved:bdc4d10a4453ec04,assigned,09,09.8,"",retained,項,akishima-kyoiku-gakko,
2025,expenditure,132071:2025:expenditure:approved:bde4e26870235728,assigned,03,03.2,"",retained,款,shobo,
2025,expenditure,132071:2025:expenditure:approved:be13a4620fb10500,assigned,05,05.1,"",retained,項,akishima-eisei-seiso,
2025,expenditure,132071:2025:expenditure:approved:be140b1da36103b0,assigned,10,"","",retained,款,minsei,
2025,expenditure,132071:2025:expenditure:approved:be1b7bc3cd06d68e,assigned,09,09.6,"",retained,目,akishima-hokentaiiku-kyushoku,
2025,expenditure,132071:2025:expenditure:approved:be2f3bb277c2cb1d,assigned,10,"","",retained,款,minsei,
2025,expenditure,132071:2025:expenditure:approved:be46bb2435faf3d5,assigned,05,05.1,"",retained,項,akishima-eisei-seiso,
2025,expenditure,132071:2025:expenditure:approved:be4e2b67603102ef,assigned,01,"","",retained,款,somu,
2025,expenditure,132071:2025:expenditure:approved:be6d2cb71ccda1d4,assigned,10,"","",retained,款,minsei,
2025,expenditure,132071:2025:expenditure:approved:be730669970df4cc,assigned,05,05.1,"",retained,項,akishima-eisei-seiso,
2025,expenditure,132071:2025:expenditure:approved:be803fb0da48820e,assigned,01,"","",retained,款,somu,
2025,expenditure,132071:2025:expenditure:approved:be8b21d1d10827ab,assigned,04,04.5,"",retained,項,akishima-doboku-kanri,
2025,expenditure,132071:2025:expenditure:approved:be9b7e1dbcdf1ee6,assigned,05,05.1,"",retained,項,akishima-eisei-seiso,
2025,expenditure,132071:2025:expenditure:approved:bea0f777c45c2351,assigned,01,"","",retained,款,somu,
2025,expenditure,132071:2025:expenditure:approved:beb2a8bddc730804,assigned,10,"","",retained,款,minsei,
2025,expenditure,132071:2025:expenditure:approved:bebc197cec2e4a46,assigned,08,08.1,"",retained,項,akishima-hokentaiiku-other,
2025,expenditure,132071:2025:expenditure:approved:bebfb187a6ff70fa,assigned,01,"","",retained,款,somu,
2025,expenditure,132071:2025:expenditure:approved:bec7be279f64ee66,assigned,01,"","",retained,款,somu,
2025,expenditure,132071:2025:expenditure:approved:bed356c70c38045b,assigned,10,"","",retained,款,minsei,
2025,expenditure,132071:2025:expenditure:approved:bed6473f823e7e54,assigned,09,09.2,"",retained,項,akishima-kyoiku-chuto,
2025,expenditure,132071:2025:expenditure:approved:bee41bae0fa9ca38,assigned,10,"","",retained,款,minsei,
2025,expenditure,132071:2025:expenditure:approved:beed84d02acbb3ef,assigned,07,"","",retained,項,akishima-eisei-hoken,
2025,expenditure,132071:2025:expenditure:approved:bef8d4f333c75053,assigned,09,09.8,"",retained,項,akishima-kyoiku-gakko,
2025,expenditure,132071:2025:expenditure:approved:bf0377f4b933c56c,assigned,01,"","",retained,款,somu,
2025,expenditure,132071:2025:expenditure:approved:bf19271c4ab8489b,assigned,09,09.2,"",retained,項,akishima-kyoiku-chuto,
2025,expenditure,132071:2025:expenditure:approved:bf1cb83bf9a44507,assigned,10,"","",retained,款,minsei,
2025,expenditure,132071:2025:expenditure:approved:bf1d10b561fbef32,assigned,09,09.8,"",retained,項,akishima-kyoiku-gakko,
2025,expenditure,132071:2025:expenditure:approved:bf43d08835dedd40,assigned,09,09.1,"",retained,項,akishima-kyoiku-shoto,
2025,expenditure,132071:2025:expenditure:approved:bf4e6d3307fe433c,assigned,09,09.1,"",retained,項,akishima-kyoiku-shoto,
2025,expenditure,132071:2025:expenditure:approved:bf8ce29ae6a2a2cb,assigned,07,"","",retained,項,akishima-eisei-hoken,
2025,expenditure,132071:2025:expenditure:approved:bfdc0d533a7986c2,assigned,01,"","",retained,款,somu,
2025,expenditure,132071:2025:expenditure:approved:bfe2769f661d535b,assigned,06,06.1,"",retained,項,akishima-doboku-jutaku,
2025,expenditure,132071:2025:expenditure:approved:bffd8228d3283f65,assigned,01,"","",retained,款,somu,
2025,expenditure,132071:2025:expenditure:approved:c010774a74fa2f21,assigned,10,"","",retained,款,minsei,
2025,expenditure,132071:2025:expenditure:approved:c032f3667efb9ffd,assigned,10,"","",retained,款,minsei,
2025,expenditure,132071:2025:expenditure:approved:c04b11dc61b1cab3,assigned,01,"","",retained,款,somu,
2025,expenditure,132071:2025:expenditure:approved:c0763dcaed377b68,assigned,05,05.1,"",retained,項,akishima-eisei-seiso,
2025,expenditure,132071:2025:expenditure:approved:c087752156b469ce,assigned,07,"","",retained,項,akishima-eisei-hoken,
2025,expenditure,132071:2025:expenditure:approved:c08f000e8e037a18,assigned,01,"","",retained,款,somu,
2025,expenditure,132071:2025:expenditure:approved:c0b35ea683d52fc3,assigned,01,"","",retained,款,somu,
2025,expenditure,132071:2025:expenditure:approved:c0ccdce0307f70ba,assigned,06,06.1,"",retained,項,akishima-doboku-jutaku,
2025,expenditure,132071:2025:expenditure:approved:c0d6d31a3dd3ec58,assigned,10,"","",retained,款,minsei,
2025,expenditure,132071:2025:expenditure:approved:c0ea17a88b60ac09,assigned,10,"","",retained,款,minsei,
2025,expenditure,132071:2025:expenditure:approved:c0f0a5fac74e2e89,assigned,05,05.1,"",retained,項,akishima-eisei-seiso,
2025,expenditure,132071:2025:expenditure:approved:c11bd8a5b1964692,assigned,09,09.8,"",retained,項,akishima-kyoiku-gakko,
2025,expenditure,132071:2025:expenditure:approved:c122283482d534a3,assigned,07,"","",retained,項,akishima-eisei-hoken,
2025,expenditure,132071:2025:expenditure:approved:c12fb9d258ebcd3b,assigned,10,"","",retained,款,minsei,
2025,expenditure,132071:2025:expenditure:approved:c13040767f545294,assigned,01,"","",retained,款,somu,
2025,expenditure,132071:2025:expenditure:approved:c13d5609a11d07fd,assigned,09,09.8,"",retained,項,akishima-kyoiku-gakko,
2025,expenditure,132071:2025:expenditure:approved:c1578ecd996601bd,assigned,04,04.5,04.5.1,retained,項,akishima-doboku-doro,
2025,expenditure,132071:2025:expenditure:approved:c166125393278410,assigned,10,"","",retained,款,minsei,
2025,expenditure,132071:2025:expenditure:approved:c1837aba6e33d2f3,assigned,08,08.2,"",retained,目,akishima-shakaikyoiku-bunka,
2025,expenditure,132071:2025:expenditure:approved:c1994d7d2154c69d,assigned,01,"","",retained,款,somu,
2025,expenditure,132071:2025:expenditure:approved:c1a3040a7ddb26c1,assigned,07,"","",retained,項,akishima-eisei-hoken,
2025,expenditure,132071:2025:expenditure:approved:c1b0a1ae045bf7c8,assigned,09,09.8,"",retained,項,akishima-kyoiku-gakko,
2025,expenditure,132071:2025:expenditure:approved:c1d0e107b7bd43fd,assigned,10,"","",retained,款,minsei,
2025,expenditure,132071:2025:expenditure:approved:c1de231c6ea642df,assigned,08,08.2,"",retained,目,akishima-shakaikyoiku-bunka,
2025,expenditure,132071:2025:expenditure:approved:c1e49ba0444c08a6,assigned,10,"","",retained,款,minsei,
2025,expenditure,132071:2025:expenditure:approved:c1f6a0ea0486d1ef,assigned,04,04.5,"",retained,項,akishima-doboku-kanri,
2025,expenditure,132071:2025:expenditure:approved:c207bb724f38e1d0,assigned,04,04.5,"",retained,項,akishima-doboku-kanri,
2025,expenditure,132071:2025:expenditure:approved:c20a9e1abe4b6448,assigned,09,09.2,"",retained,項,akishima-kyoiku-chuto,
2025,expenditure,132071:2025:expenditure:approved:c23777a0c1d36dd9,assigned,10,"","",retained,款,minsei,
2025,expenditure,132071:2025:expenditure:approved:c238167d5165e4e4,assigned,01,"","",retained,款,somu,
2025,expenditure,132071:2025:expenditure:approved:c25d74954b1e3ec4,assigned,01,"","",retained,款,somu,
2025,expenditure,132071:2025:expenditure:approved:c264d21519cd28b9,assigned,01,"","",retained,款,somu,
2025,expenditure,132071:2025:expenditure:approved:c27ecb86eaf5bbcc,assigned,10,"","",retained,款,minsei,
2025,expenditure,132071:2025:expenditure:approved:c2ac6c1400047831,assigned,08,08.1,"",retained,項,akishima-hokentaiiku-other,
2025,expenditure,132071:2025:expenditure:approved:c2d73966b075da7a,assigned,07,"","",retained,項,akishima-eisei-hoken,
2025,expenditure,132071:2025:expenditure:approved:c2ddb90f380e2ea4,assigned,01,"","",retained,款,somu,
2025,expenditure,132071:2025:expenditure:approved:c2ed282e2fd004ce,assigned,07,"","",retained,項,akishima-eisei-hoken,
2025,expenditure,132071:2025:expenditure:approved:c3015fcde3a12557,assigned,09,09.5,"",retained,項,akishima-shakaikyoiku-other,
2025,expenditure,132071:2025:expenditure:approved:c30bbe36ba416412,assigned,01,"","",retained,款,somu,
2025,expenditure,132071:2025:expenditure:approved:c318f505286e8afa,assigned,08,08.2,"",retained,目,akishima-shakaikyoiku-bunka,
2025,expenditure,132071:2025:expenditure:approved:c33515f31f60542d,assigned,09,09.6,"",retained,目,akishima-hokentaiiku-kyushoku,
2025,expenditure,132071:2025:expenditure:approved:c345b371f8cb37a3,assigned,09,09.6,"",retained,目,akishima-hokentaiiku-kyushoku,
2025,expenditure,132071:2025:expenditure:approved:c355177aa6df640a,assigned,07,"","",retained,項,akishima-eisei-hoken,
2025,expenditure,132071:2025:expenditure:approved:c3606650c46534ad,assigned,10,"","",retained,款,minsei,
2025,expenditure,132071:2025:expenditure:approved:c38fa954136c16f4,assigned,07,"","",retained,項,akishima-eisei-hoken,
2025,expenditure,132071:2025:expenditure:approved:c391902b294c107c,assigned,09,09.2,"",retained,項,akishima-kyoiku-chuto,
2025,expenditure,132071:2025:expenditure:approved:c3c317b3a2f1bb57,assigned,10,"","",retained,款,minsei,
2025,expenditure,132071:2025:expenditure:approved:c3c9b481a1ac2812,assigned,09,09.1,"",retained,項,akishima-kyoiku-shoto,
2025,expenditure,132071:2025:expenditure:approved:c3e5da4d9e5df041,assigned,09,09.5,"",retained,項,akishima-shakaikyoiku-other,
2025,expenditure,132071:2025:expenditure:approved:c40431e1495b12f6,assigned,10,"","",retained,款,minsei,
2025,expenditure,132071:2025:expenditure:approved:c40fabf525011e94,assigned,07,"","",retained,項,akishima-eisei-hoken,
2025,expenditure,132071:2025:expenditure:approved:c41a6bea824d2273,assigned,07,"","",retained,項,akishima-eisei-hoken,
2025,expenditure,132071:2025:expenditure:approved:c4217b1b341a3173,assigned,09,09.2,"",retained,項,akishima-kyoiku-chuto,
2025,expenditure,132071:2025:expenditure:approved:c423763335a408f7,assigned,10,"","",retained,款,minsei,
2025,expenditure,132071:2025:expenditure:approved:c44c91c6c21b4e67,assigned,08,08.1,"",retained,項,akishima-hokentaiiku-other,
2025,expenditure,132071:2025:expenditure:approved:c44fdce5edacc6e3,assigned,09,09.2,"",retained,項,akishima-kyoiku-chuto,
2025,expenditure,132071:2025:expenditure:approved:c47005dfd4154915,assigned,10,"","",retained,款,minsei,
2025,expenditure,132071:2025:expenditure:approved:c47b55a941a3d9d2,assigned,08,08.2,"",retained,目,akishima-shakaikyoiku-bunka,
2025,expenditure,132071:2025:expenditure:approved:c483289f096af4ca,assigned,04,04.7,"",retained,款,shoko,
2025,expenditure,132071:2025:expenditure:approved:c4bdeef3b43bf0b2,assigned,07,"","",retained,項,akishima-eisei-hoken,
2025,expenditure,132071:2025:expenditure:approved:c4dac8a786bf3f58,assigned,03,03.2,"",retained,款,shobo,
2025,expenditure,132071:2025:expenditure:approved:c4ee7198446e9239,assigned,06,06.2,"",retained,項,akishima-toshikeikaku-other,
2025,expenditure,132071:2025:expenditure:approved:c5046323d71cdf1e,assigned,07,"","",retained,項,akishima-eisei-hoken,
2025,expenditure,132071:2025:expenditure:approved:c5169145be208578,assigned,01,"","",retained,款,somu,
2025,expenditure,132071:2025:expenditure:approved:c52a193a39d36c1c,assigned,01,"","",retained,款,somu,
2025,expenditure,132071:2025:expenditure:approved:c52e9bd1b0eb7107,assigned,10,"","",retained,款,minsei,
2025,expenditure,132071:2025:expenditure:approved:c555d39662935dbd,assigned,09,09.1,"",retained,項,akishima-kyoiku-shoto,
2025,expenditure,132071:2025:expenditure:approved:c55a67a599a3ce35,assigned,10,"","",retained,款,minsei,
2025,expenditure,132071:2025:expenditure:approved:c56ea1ca10f3d94f,assigned,05,05.1,"",retained,項,akishima-eisei-seiso,
2025,expenditure,132071:2025:expenditure:approved:c58b80b8cd4e7980,assigned,07,"","",retained,項,akishima-eisei-hoken,
2025,expenditure,132071:2025:expenditure:approved:c5a330d6a628fd25,assigned,04,04.1,04.1.2,retained,款,rodo,
2025,expenditure,132071:2025:expenditure:approved:c5be5b086da18ab3,assigned,04,04.5,"",retained,項,akishima-doboku-kanri,
2025,expenditure,132071:2025:expenditure:approved:c5d36a2c4bd06002,assigned,10,"","",retained,款,minsei,
2025,expenditure,132071:2025:expenditure:approved:c5e3c45c4973c6f8,assigned,09,09.8,"",retained,項,akishima-kyoiku-gakko,
2025,expenditure,132071:2025:expenditure:approved:c5e7ee56183ba687,assigned,01,"","",retained,款,somu,
2025,expenditure,132071:2025:expenditure:approved:c609913ca2630738,assigned,01,"","",retained,款,somu,
2025,expenditure,132071:2025:expenditure:approved:c6556cf559e5fcf9,assigned,09,09.2,"",retained,項,akishima-kyoiku-chuto,
2025,expenditure,132071:2025:expenditure:approved:c66035c833277c4f,assigned,09,09.6,"",retained,目,akishima-hokentaiiku-kyushoku,
2025,expenditure,132071:2025:expenditure:approved:c6669fb2c08fba63,assigned,10,"","",retained,款,minsei,
2025,expenditure,132071:2025:expenditure:approved:c670b16f6b87081f,assigned,06,06.2,"",retained,項,akishima-toshikeikaku-other,
2025,expenditure,132071:2025:expenditure:approved:c6769d484870f38f,assigned,10,"","",retained,款,minsei,
2025,expenditure,132071:2025:expenditure:approved:c69548de3f6a7235,assigned,09,09.1,"",retained,項,akishima-kyoiku-shoto,
2025,expenditure,132071:2025:expenditure:approved:c695a6aa85221136,assigned,09,09.8,"",retained,項,akishima-kyoiku-gakko,
2025,expenditure,132071:2025:expenditure:approved:c69a1853fafd7e11,assigned,08,08.2,"",retained,目,akishima-shakaikyoiku-bunka,
2025,expenditure,132071:2025:expenditure:approved:c6bb13eb75e3a4d6,assigned,09,09.1,"",retained,項,akishima-kyoiku-shoto,
2025,expenditure,132071:2025:expenditure:approved:c6fcf7baa02a3506,assigned,10,"","",retained,款,minsei,
2025,expenditure,132071:2025:expenditure:approved:c702f1f37bb452fc,assigned,01,"","",retained,款,somu,
2025,expenditure,132071:2025:expenditure:approved:c70f1062606b0aa4,assigned,01,"","",retained,款,somu,
2025,expenditure,132071:2025:expenditure:approved:c7112932cfeb30f0,assigned,09,09.6,"",retained,目,akishima-hokentaiiku-kyushoku,
2025,expenditure,132071:2025:expenditure:approved:c724e4cdf27ea3b0,assigned,10,"","",retained,款,minsei,
2025,expenditure,132071:2025:expenditure:approved:c7380e35366bc497,assigned,01,"","",retained,款,somu,
2025,expenditure,132071:2025:expenditure:approved:c74f8b1c22526ce5,assigned,09,09.2,"",retained,項,akishima-kyoiku-chuto,
2025,expenditure,132071:2025:expenditure:approved:c7643a37dac67a3f,assigned,10,"","",retained,款,minsei,
2025,expenditure,132071:2025:expenditure:approved:c776a08c2f37e318,assigned,07,"","",retained,項,akishima-eisei-hoken,
2025,expenditure,132071:2025:expenditure:approved:c784410a2a39de0e,assigned,01,"","",retained,款,somu,
2025,expenditure,132071:2025:expenditure:approved:c78d9777974240e4,assigned,01,"","",retained,款,somu,
2025,expenditure,132071:2025:expenditure:approved:c78dc427ca002809,assigned,01,"","",retained,款,somu,
2025,expenditure,132071:2025:expenditure:approved:c797c4d79ae84c85,assigned,01,"","",retained,款,somu,
2025,expenditure,132071:2025:expenditure:approved:c797d9e14f746902,assigned,10,"","",retained,款,minsei,
2025,expenditure,132071:2025:expenditure:approved:c7a0962905635c25,assigned,01,"","",retained,款,somu,
2025,expenditure,132071:2025:expenditure:approved:c7a54d2012802a84,assigned,01,"","",retained,款,somu,
2025,expenditure,132071:2025:expenditure:approved:c7a573deecd9d06e,assigned,04,04.7,"",retained,款,shoko,
2025,expenditure,132071:2025:expenditure:approved:c7bae1eee9b4a9d0,assigned,10,"","",retained,款,minsei,
2025,expenditure,132071:2025:expenditure:approved:c7c55f3b846ffc7d,assigned,04,04.5,04.5.1,retained,項,akishima-doboku-doro,
2025,expenditure,132071:2025:expenditure:approved:c7ccc0dd7ca47ffb,assigned,10,"","",retained,款,minsei,
2025,expenditure,132071:2025:expenditure:approved:c801cc9689647b4a,assigned,07,"","",retained,項,akishima-eisei-hoken,
2025,expenditure,132071:2025:expenditure:approved:c80bee5a3ad6dc59,assigned,01,"","",retained,款,somu,
2025,expenditure,132071:2025:expenditure:approved:c80d42e0cde28aea,assigned,09,09.1,"",retained,項,akishima-kyoiku-shoto,
2025,expenditure,132071:2025:expenditure:approved:c8109bc9398e30c3,assigned,10,"","",retained,款,minsei,
2025,expenditure,132071:2025:expenditure:approved:c811a56c4c939ed4,assigned,01,"","",retained,款,somu,
2025,expenditure,132071:2025:expenditure:approved:c817343b7be20764,assigned,03,03.2,"",retained,款,shobo,
2025,expenditure,132071:2025:expenditure:approved:c81d3d4ac1bb81e7,assigned,03,03.2,"",retained,款,shobo,
2025,expenditure,132071:2025:expenditure:approved:c84475af1143b860,assigned,10,"","",retained,款,minsei,
2025,expenditure,132071:2025:expenditure:approved:c846bbf8d60d108d,assigned,08,08.2,"",retained,目,akishima-shakaikyoiku-bunka,
2025,expenditure,132071:2025:expenditure:approved:c86863d6f80f6610,assigned,09,09.8,"",retained,項,akishima-kyoiku-gakko,
2025,expenditure,132071:2025:expenditure:approved:c86cdb1601019c54,assigned,10,"","",retained,款,minsei,
2025,expenditure,132071:2025:expenditure:approved:c8763d2c79afc6dd,assigned,10,"","",retained,款,minsei,
2025,expenditure,132071:2025:expenditure:approved:c87a7e9bdc7565c4,assigned,05,05.1,"",retained,項,akishima-eisei-seiso,
2025,expenditure,132071:2025:expenditure:approved:c882bac18d450ed4,assigned,09,09.1,"",retained,項,akishima-kyoiku-shoto,
2025,expenditure,132071:2025:expenditure:approved:c89ca51cd5c084d4,assigned,04,04.5,04.5.1,retained,項,akishima-doboku-doro,
2025,expenditure,132071:2025:expenditure:approved:c8c6eb9e8d751b58,assigned,10,"","",retained,款,minsei,
2025,expenditure,132071:2025:expenditure:approved:c8c8fad03ec35308,assigned,10,"","",retained,款,minsei,
2025,expenditure,132071:2025:expenditure:approved:c8cd72045f05a8e7,assigned,06,06.2,"",retained,項,akishima-toshikeikaku-other,
2025,expenditure,132071:2025:expenditure:approved:c8e571654af83290,assigned,09,09.6,"",retained,目,akishima-hokentaiiku-kyushoku,
2025,expenditure,132071:2025:expenditure:approved:c8f31f30aa0d95a0,assigned,01,"","",retained,款,somu,
2025,expenditure,132071:2025:expenditure:approved:c8ff6fd4be0992d0,assigned,01,"","",retained,款,somu,
2025,expenditure,132071:2025:expenditure:approved:c90dec6683606798,assigned,08,08.1,"",retained,項,akishima-hokentaiiku-other,
2025,expenditure,132071:2025:expenditure:approved:c91ed3ea0fe14ea5,assigned,04,04.7,"",retained,款,shoko,
2025,expenditure,132071:2025:expenditure:approved:c92115ed03b84d80,assigned,01,"","",retained,款,somu,
2025,expenditure,132071:2025:expenditure:approved:c9479c45acc8d042,assigned,08,08.2,"",retained,目,akishima-shakaikyoiku-bunka,
2025,expenditure,132071:2025:expenditure:approved:c94adb72ae864ca7,assigned,09,09.2,"",retained,項,akishima-kyoiku-chuto,
2025,expenditure,132071:2025:expenditure:approved:c95381677023fb09,assigned,05,05.1,"",retained,項,akishima-eisei-seiso,
2025,expenditure,132071:2025:expenditure:approved:c9598ba6a01e39ae,assigned,01,"","",retained,款,somu,
2025,expenditure,132071:2025:expenditure:approved:c975c09e86c41615,assigned,10,"","",retained,款,minsei,
2025,expenditure,132071:2025:expenditure:approved:c9832886b86a9a8f,assigned,08,08.1,"",retained,項,akishima-hokentaiiku-other,
2025,expenditure,132071:2025:expenditure:approved:c9ad70c7c6352db9,assigned,09,09.1,"",retained,項,akishima-kyoiku-shoto,
2025,expenditure,132071:2025:expenditure:approved:c9b981a540e315c3,assigned,07,"","",retained,項,akishima-eisei-hoken,
2025,expenditure,132071:2025:expenditure:approved:c9c7a0eab2d519eb,assigned,01,"","",retained,款,somu,
2025,expenditure,132071:2025:expenditure:approved:ca0158a6a6596acf,assigned,04,04.1,04.1.2,retained,款,rodo,
2025,expenditure,132071:2025:expenditure:approved:ca041a1d0ddca07d,assigned,07,"","",retained,項,akishima-eisei-hoken,
2025,expenditure,132071:2025:expenditure:approved:ca0a8073617bb992,assigned,09,09.5,"",retained,項,akishima-shakaikyoiku-other,
2025,expenditure,132071:2025:expenditure:approved:ca20d1ae2c8101b2,assigned,01,"","",retained,款,somu,
2025,expenditure,132071:2025:expenditure:approved:ca3552aeef940d7c,assigned,01,"","",retained,款,somu,
2025,expenditure,132071:2025:expenditure:approved:ca5ac0810b441807,assigned,09,09.5,"",retained,項,akishima-shakaikyoiku-other,
2025,expenditure,132071:2025:expenditure:approved:ca74d152a7133b2f,assigned,08,08.1,"",retained,項,akishima-hokentaiiku-other,
2025,expenditure,132071:2025:expenditure:approved:ca7b965dbfd71190,assigned,10,"","",retained,款,minsei,
2025,expenditure,132071:2025:expenditure:approved:cab8cb496652aaf5,assigned,07,"","",retained,項,akishima-eisei-hoken,
2025,expenditure,132071:2025:expenditure:approved:cabc5300ea2956b6,assigned,01,"","",retained,款,somu,
2025,expenditure,132071:2025:expenditure:approved:cacbbcf6bba7f19e,assigned,09,09.8,"",retained,項,akishima-kyoiku-gakko,
2025,expenditure,132071:2025:expenditure:approved:cadb5e29f5314a93,assigned,01,"","",retained,款,somu,
2025,expenditure,132071:2025:expenditure:approved:cadffb86d950c410,assigned,04,04.1,04.1.2,retained,款,rodo,
2025,expenditure,132071:2025:expenditure:approved:caea6d4ece445599,assigned,06,06.2,"",retained,項,akishima-toshikeikaku-other,
2025,expenditure,132071:2025:expenditure:approved:caeac46ca142fa98,assigned,10,"","",retained,款,minsei,
2025,expenditure,132071:2025:expenditure:approved:caf91f3a7627e014,assigned,04,04.5,"",retained,項,akishima-doboku-kanri,
2025,expenditure,132071:2025:expenditure:approved:cb118fbd923f437a,assigned,09,09.5,"",retained,項,akishima-shakaikyoiku-other,
2025,expenditure,132071:2025:expenditure:approved:cb50c805c7554ece,assigned,05,05.1,"",retained,項,akishima-eisei-seiso,
2025,expenditure,132071:2025:expenditure:approved:cb65496a877983ac,assigned,07,"","",retained,項,akishima-eisei-hoken,
2025,expenditure,132071:2025:expenditure:approved:cb6dc37060e5018c,assigned,08,08.2,"",retained,目,akishima-shakaikyoiku-bunka,
2025,expenditure,132071:2025:expenditure:approved:cb762ac0532f5b97,assigned,01,"","",retained,款,somu,
2025,expenditure,132071:2025:expenditure:approved:cb7b7e0fcb9d6d19,assigned,10,"","",retained,款,minsei,
2025,expenditure,132071:2025:expenditure:approved:cb811de8d9bfbc55,assigned,09,09.1,"",retained,項,akishima-kyoiku-shoto,
2025,expenditure,132071:2025:expenditure:approved:cb8ffa567d3e19a6,assigned,09,09.8,"",retained,項,akishima-kyoiku-gakko,
2025,expenditure,132071:2025:expenditure:approved:cb942d210d3dc57d,assigned,01,"","",retained,款,somu,
2025,expenditure,132071:2025:expenditure:approved:cb9d19f0d7ae0a70,assigned,09,09.2,"",retained,項,akishima-kyoiku-chuto,
2025,expenditure,132071:2025:expenditure:approved:cbb538595eb9f737,assigned,07,"","",retained,項,akishima-eisei-hoken,
2025,expenditure,132071:2025:expenditure:approved:cbbd167dbe2b608f,assigned,01,"","",retained,款,somu,
2025,expenditure,132071:2025:expenditure:approved:cbc7d98d9efc532c,assigned,01,"","",retained,款,somu,
2025,expenditure,132071:2025:expenditure:approved:cbcd9490f665489f,assigned,10,"","",retained,款,minsei,
2025,expenditure,132071:2025:expenditure:approved:cbd39658129ed1a2,assigned,09,09.2,"",retained,項,akishima-kyoiku-chuto,
2025,expenditure,132071:2025:expenditure:approved:cbe353f99d5c0bae,assigned,07,"","",retained,項,akishima-eisei-hoken,
2025,expenditure,132071:2025:expenditure:approved:cbe8eb89a8931f4c,assigned,08,08.2,"",retained,目,akishima-shakaikyoiku-bunka,
2025,expenditure,132071:2025:expenditure:approved:cbeabe7f65d73b56,assigned,09,09.6,"",retained,目,akishima-hokentaiiku-kyushoku,
2025,expenditure,132071:2025:expenditure:approved:cc1372a2b20612cb,assigned,08,08.1,"",retained,目,akishima-toshikeikaku-kouen,
2025,expenditure,132071:2025:expenditure:approved:cc1ba4a23385b010,assigned,10,"","",retained,款,minsei,
2025,expenditure,132071:2025:expenditure:approved:cc3a8ec51803b611,assigned,10,"","",retained,款,minsei,
2025,expenditure,132071:2025:expenditure:approved:cc641163c5568b32,assigned,10,"","",retained,款,minsei,
2025,expenditure,132071:2025:expenditure:approved:cc9d4565fef0d5e2,assigned,01,"","",retained,款,somu,
2025,expenditure,132071:2025:expenditure:approved:ccb09317d2303f7c,assigned,09,09.2,"",retained,項,akishima-kyoiku-chuto,
2025,expenditure,132071:2025:expenditure:approved:ccb127564098304c,assigned,01,"","",retained,款,somu,
2025,expenditure,132071:2025:expenditure:approved:ccd64d08f0453d58,assigned,09,09.1,"",retained,項,akishima-kyoiku-shoto,
2025,expenditure,132071:2025:expenditure:approved:ccd6cf942a264ab7,assigned,10,"","",retained,款,minsei,
2025,expenditure,132071:2025:expenditure:approved:cce16d159a9889ba,assigned,01,"","",retained,款,somu,
2025,expenditure,132071:2025:expenditure:approved:cceafff814c13df1,assigned,01,"","",retained,款,somu,
2025,expenditure,132071:2025:expenditure:approved:ccee3e73a6b19aa4,assigned,03,03.2,"",retained,款,shobo,
2025,expenditure,132071:2025:expenditure:approved:ccfa80d57c9d6b7f,assigned,09,09.1,"",retained,項,akishima-kyoiku-shoto,
2025,expenditure,132071:2025:expenditure:approved:cd0d08691b4695d1,assigned,06,06.2,"",retained,項,akishima-toshikeikaku-other,
2025,expenditure,132071:2025:expenditure:approved:cd444f2eacb9c0fb,assigned,05,05.1,"",retained,項,akishima-eisei-seiso,
2025,expenditure,132071:2025:expenditure:approved:cd4eddea66d8c7ef,assigned,10,"","",retained,款,minsei,
2025,expenditure,132071:2025:expenditure:approved:cd6c9811d6f3f098,assigned,10,"","",retained,款,minsei,
2025,expenditure,132071:2025:expenditure:approved:cd792e2e96d794a4,assigned,04,04.5,04.5.1,retained,項,akishima-doboku-doro,
2025,expenditure,132071:2025:expenditure:approved:cd8dd8c36da488cb,assigned,10,"","",retained,款,minsei,
2025,expenditure,132071:2025:expenditure:approved:cda509ee796fe378,assigned,09,09.6,"",retained,目,akishima-hokentaiiku-kyushoku,
2025,expenditure,132071:2025:expenditure:approved:cdac5926f5ac2e29,assigned,09,09.6,"",retained,目,akishima-hokentaiiku-kyushoku,
2025,expenditure,132071:2025:expenditure:approved:cdbb78af47b0fdc6,assigned,09,09.8,"",retained,項,akishima-kyoiku-gakko,
2025,expenditure,132071:2025:expenditure:approved:cdbbd0f1c0aaf869,assigned,10,"","",retained,款,minsei,
2025,expenditure,132071:2025:expenditure:approved:cdecf4132e645678,assigned,05,05.1,"",retained,項,akishima-eisei-seiso,
2025,expenditure,132071:2025:expenditure:approved:ce051c9ca17bb692,assigned,08,08.2,"",retained,目,akishima-shakaikyoiku-bunka,
2025,expenditure,132071:2025:expenditure:approved:ce1bc9c6545542d7,assigned,10,"","",retained,款,minsei,
2025,expenditure,132071:2025:expenditure:approved:ce510e1a678bc67c,assigned,09,09.5,"",retained,項,akishima-shakaikyoiku-other,
2025,expenditure,132071:2025:expenditure:approved:ce5468b4a8c69644,assigned,10,"","",retained,款,minsei,
2025,expenditure,132071:2025:expenditure:approved:ce7a332d3b02bc3c,assigned,07,"","",retained,項,akishima-eisei-hoken,
2025,expenditure,132071:2025:expenditure:approved:ce7df23760595931,assigned,01,"","",retained,款,somu,
2025,expenditure,132071:2025:expenditure:approved:ce9a6b99407479f3,assigned,07,"","",retained,項,akishima-eisei-hoken,
2025,expenditure,132071:2025:expenditure:approved:cea59d4cd5e69033,assigned,03,03.2,"",retained,款,shobo,
2025,expenditure,132071:2025:expenditure:approved:cf0c7092581258bc,assigned,01,"","",retained,款,somu,
2025,expenditure,132071:2025:expenditure:approved:cf18397afee07f69,assigned,05,05.1,"",retained,項,akishima-eisei-seiso,
2025,expenditure,132071:2025:expenditure:approved:cf3138cce71f8091,assigned,09,09.8,"",retained,項,akishima-kyoiku-gakko,
2025,expenditure,132071:2025:expenditure:approved:cf5cf085288807c6,assigned,01,"","",retained,款,somu,
2025,expenditure,132071:2025:expenditure:approved:cf8476d5642bd519,assigned,10,"","",retained,款,minsei,
2025,expenditure,132071:2025:expenditure:approved:cf84ce142ce778b3,assigned,10,"","",retained,款,minsei,
2025,expenditure,132071:2025:expenditure:approved:cf9b22a14fe3f426,assigned,01,"","",retained,款,somu,
2025,expenditure,132071:2025:expenditure:approved:cfa232f8d190112b,assigned,09,09.2,"",retained,項,akishima-kyoiku-chuto,
2025,expenditure,132071:2025:expenditure:approved:cfbdd06f96036392,assigned,07,"","",retained,項,akishima-eisei-hoken,
2025,expenditure,132071:2025:expenditure:approved:cfce6f73326f40e3,assigned,09,09.5,"",retained,項,akishima-shakaikyoiku-other,
2025,expenditure,132071:2025:expenditure:approved:cff7b091a16dfae0,assigned,10,"","",retained,款,minsei,
2025,expenditure,132071:2025:expenditure:approved:d00ebe2c3c36cd88,assigned,09,09.1,"",retained,項,akishima-kyoiku-shoto,
2025,expenditure,132071:2025:expenditure:approved:d00fee4c982255d8,assigned,09,09.2,"",retained,項,akishima-kyoiku-chuto,
2025,expenditure,132071:2025:expenditure:approved:d04c1a459b5d2a93,assigned,05,05.1,"",retained,項,akishima-eisei-seiso,
2025,expenditure,132071:2025:expenditure:approved:d04d3cb5d7935464,assigned,01,"","",retained,款,somu,
2025,expenditure,132071:2025:expenditure:approved:d07095b25097cc66,assigned,01,"","",retained,款,somu,
2025,expenditure,132071:2025:expenditure:approved:d0771491f2812e79,assigned,06,06.1,"",retained,項,akishima-doboku-jutaku,
2025,expenditure,132071:2025:expenditure:approved:d0a9e7ee57f65356,assigned,10,"","",retained,款,minsei,
2025,expenditure,132071:2025:expenditure:approved:d0af2ac3b7286f86,assigned,09,09.1,"",retained,項,akishima-kyoiku-shoto,
2025,expenditure,132071:2025:expenditure:approved:d0b8e3e4507288a4,assigned,01,"","",retained,款,somu,
2025,expenditure,132071:2025:expenditure:approved:d0d0b57a81f95946,assigned,05,05.1,"",retained,項,akishima-eisei-seiso,
2025,expenditure,132071:2025:expenditure:approved:d0d1fc86bcd0dc61,assigned,01,"","",retained,款,somu,
2025,expenditure,132071:2025:expenditure:approved:d12637ff294707c9,assigned,01,"","",retained,款,somu,
2025,expenditure,132071:2025:expenditure:approved:d13df1379d24aa55,assigned,01,01.1,"",retained,款,gikai,
2025,expenditure,132071:2025:expenditure:approved:d14e888283e589b5,assigned,08,08.1,"",retained,目,akishima-toshikeikaku-kouen,
2025,expenditure,132071:2025:expenditure:approved:d193095dd1dd1e9e,assigned,01,"","",retained,款,somu,
2025,expenditure,132071:2025:expenditure:approved:d19ca0bee5707686,assigned,08,08.1,"",retained,項,akishima-hokentaiiku-other,
2025,expenditure,132071:2025:expenditure:approved:d1ae89776e915f65,assigned,08,08.1,"",retained,項,akishima-hokentaiiku-other,
2025,expenditure,132071:2025:expenditure:approved:d1bbed93246a7d15,assigned,10,"","",retained,款,minsei,
2025,expenditure,132071:2025:expenditure:approved:d1c0c4241038ba75,assigned,07,"","",retained,項,akishima-eisei-hoken,
2025,expenditure,132071:2025:expenditure:approved:d1c51fa2f3ef597b,assigned,07,"","",retained,項,akishima-eisei-hoken,
2025,expenditure,132071:2025:expenditure:approved:d1e4bb1b91796126,assigned,10,"","",retained,款,minsei,
2025,expenditure,132071:2025:expenditure:approved:d1f53e6e45817049,assigned,10,"","",retained,款,minsei,
2025,expenditure,132071:2025:expenditure:approved:d1f5a3cf4b13280f,assigned,09,09.1,"",retained,項,akishima-kyoiku-shoto,
2025,expenditure,132071:2025:expenditure:approved:d2009cee884cb39b,assigned,04,04.7,"",retained,款,shoko,
2025,expenditure,132071:2025:expenditure:approved:d214795f755a9377,assigned,04,04.7,"",retained,款,shoko,
2025,expenditure,132071:2025:expenditure:approved:d218e801a67638a9,assigned,08,08.1,"",retained,項,akishima-hokentaiiku-other,
2025,expenditure,132071:2025:expenditure:approved:d219ddaec59632be,assigned,01,"","",retained,款,somu,
2025,expenditure,132071:2025:expenditure:approved:d234a9b069ba1c3a,assigned,08,08.1,"",retained,項,akishima-hokentaiiku-other,
2025,expenditure,132071:2025:expenditure:approved:d237a0fd3c03e378,assigned,10,"","",retained,款,minsei,
2025,expenditure,132071:2025:expenditure:approved:d238af3d3f2b25a2,assigned,01,"","",retained,款,somu,
2025,expenditure,132071:2025:expenditure:approved:d2910bc96adf103d,assigned,10,"","",retained,款,minsei,
2025,expenditure,132071:2025:expenditure:approved:d2a000bbba3ba36d,assigned,09,09.8,"",retained,項,akishima-kyoiku-gakko,
2025,expenditure,132071:2025:expenditure:approved:d2a2304c6e543dbe,assigned,06,06.1,"",retained,項,akishima-doboku-jutaku,
2025,expenditure,132071:2025:expenditure:approved:d2b9685196494abb,assigned,01,01.1,"",retained,款,gikai,
2025,expenditure,132071:2025:expenditure:approved:d2d1a829ae630e43,assigned,10,"","",retained,款,minsei,
2025,expenditure,132071:2025:expenditure:approved:d2db8b5983dd3c3d,assigned,01,"","",retained,款,somu,
2025,expenditure,132071:2025:expenditure:approved:d2de5c4a62a6c3da,assigned,10,"","",retained,款,minsei,
2025,expenditure,132071:2025:expenditure:approved:d2e4cad82977574f,assigned,09,09.1,"",retained,項,akishima-kyoiku-shoto,
2025,expenditure,132071:2025:expenditure:approved:d2f893140948697c,assigned,01,"","",retained,款,somu,
2025,expenditure,132071:2025:expenditure:approved:d3071a3ec84a742c,assigned,09,09.5,"",retained,項,akishima-shakaikyoiku-other,
2025,expenditure,132071:2025:expenditure:approved:d30c12c19871b031,assigned,01,"","",retained,款,somu,
2025,expenditure,132071:2025:expenditure:approved:d31a7ff34113b8e2,assigned,09,09.6,"",retained,目,akishima-hokentaiiku-kyushoku,
2025,expenditure,132071:2025:expenditure:approved:d32fd70685bf2a84,assigned,08,08.1,"",retained,目,akishima-toshikeikaku-kouen,
2025,expenditure,132071:2025:expenditure:approved:d33f6d3cd5aac9d7,assigned,01,"","",retained,款,somu,
2025,expenditure,132071:2025:expenditure:approved:d33fca68c2f2eca7,assigned,08,08.1,"",retained,項,akishima-hokentaiiku-other,
2025,expenditure,132071:2025:expenditure:approved:d347e25e7f978828,assigned,10,"","",retained,款,minsei,
2025,expenditure,132071:2025:expenditure:approved:d3496c6217a1ff06,assigned,10,"","",retained,款,minsei,
2025,expenditure,132071:2025:expenditure:approved:d352c4ec682ab4a6,assigned,01,"","",retained,款,somu,
2025,expenditure,132071:2025:expenditure:approved:d3618b2af0303ace,assigned,09,09.5,"",retained,項,akishima-shakaikyoiku-other,
2025,expenditure,132071:2025:expenditure:approved:d363ea1098284760,assigned,08,08.2,"",retained,目,akishima-shakaikyoiku-bunka,
2025,expenditure,132071:2025:expenditure:approved:d364a0273f719f55,assigned,09,09.5,"",retained,項,akishima-shakaikyoiku-other,
2025,expenditure,132071:2025:expenditure:approved:d375b734c2c956f0,assigned,09,09.8,"",retained,項,akishima-kyoiku-gakko,
2025,expenditure,132071:2025:expenditure:approved:d37deb2ef5de6e21,assigned,08,08.2,"",retained,目,akishima-shakaikyoiku-bunka,
2025,expenditure,132071:2025:expenditure:approved:d3891bbb293a3746,assigned,08,08.1,"",retained,項,akishima-hokentaiiku-other,
2025,expenditure,132071:2025:expenditure:approved:d3a31e6ca4468a37,assigned,01,"","",retained,款,somu,
2025,expenditure,132071:2025:expenditure:approved:d3c0a308afb93230,assigned,01,"","",retained,款,somu,
2025,expenditure,132071:2025:expenditure:approved:d3c8afb402b55a8e,assigned,10,"","",retained,款,minsei,
2025,expenditure,132071:2025:expenditure:approved:d3dbd8c99a4fc078,assigned,01,"","",retained,款,somu,
2025,expenditure,132071:2025:expenditure:approved:d3e51db8a025d65a,assigned,07,"","",retained,項,akishima-eisei-hoken,
2025,expenditure,132071:2025:expenditure:approved:d3e69e1a8773597e,assigned,10,"","",retained,款,minsei,
2025,expenditure,132071:2025:expenditure:approved:d3f467c8692ead29,assigned,01,"","",retained,款,somu,
2025,expenditure,132071:2025:expenditure:approved:d40593424ac1b087,assigned,07,"","",retained,項,akishima-eisei-hoken,
2025,expenditure,132071:2025:expenditure:approved:d42d4586b3acb26a,assigned,08,08.1,"",retained,目,akishima-toshikeikaku-kouen,
2025,expenditure,132071:2025:expenditure:approved:d445a19e7944ff40,assigned,07,"","",retained,項,akishima-eisei-hoken,
2025,expenditure,132071:2025:expenditure:approved:d45fb76fe9f84ed2,assigned,01,"","",retained,款,somu,
2025,expenditure,132071:2025:expenditure:approved:d460995583173fbe,assigned,01,"","",retained,款,somu,
2025,expenditure,132071:2025:expenditure:approved:d489d28a10c0699c,assigned,01,"","",retained,款,somu,
2025,expenditure,132071:2025:expenditure:approved:d4a6fe5f4f92890f,assigned,09,09.2,"",retained,項,akishima-kyoiku-chuto,
2025,expenditure,132071:2025:expenditure:approved:d4e28f66971aed19,assigned,04,04.5,04.5.1,retained,項,akishima-doboku-doro,
2025,expenditure,132071:2025:expenditure:approved:d4e52d65047146fb,assigned,10,"","",retained,款,minsei,
2025,expenditure,132071:2025:expenditure:approved:d4f3b3ea85b84756,assigned,08,08.1,"",retained,項,akishima-hokentaiiku-other,
2025,expenditure,132071:2025:expenditure:approved:d513969ad0b1ad04,assigned,10,"","",retained,款,minsei,
2025,expenditure,132071:2025:expenditure:approved:d51dc79069a67e3e,assigned,10,"","",retained,款,minsei,
2025,expenditure,132071:2025:expenditure:approved:d527c36ea363b72d,assigned,10,"","",retained,款,minsei,
2025,expenditure,132071:2025:expenditure:approved:d53727717820d2a5,assigned,09,09.6,"",retained,目,akishima-hokentaiiku-kyushoku,
2025,expenditure,132071:2025:expenditure:approved:d53c0742850b2b0c,assigned,03,03.2,"",retained,款,shobo,
2025,expenditure,132071:2025:expenditure:approved:d5401304b4f94da3,assigned,10,"","",retained,款,minsei,
2025,expenditure,132071:2025:expenditure:approved:d5464cb6158a25bb,assigned,01,"","",retained,款,somu,
2025,expenditure,132071:2025:expenditure:approved:d55151cb88e0d17d,assigned,04,04.5,04.5.1,retained,項,akishima-doboku-doro,
2025,expenditure,132071:2025:expenditure:approved:d55b9a59ebbd97c7,assigned,09,09.2,"",retained,項,akishima-kyoiku-chuto,
2025,expenditure,132071:2025:expenditure:approved:d584eb4766497073,assigned,01,"","",retained,款,somu,
2025,expenditure,132071:2025:expenditure:approved:d5a02138c9ea8bfa,assigned,09,09.1,"",retained,項,akishima-kyoiku-shoto,
2025,expenditure,132071:2025:expenditure:approved:d5bc843b526e8dd8,assigned,10,"","",retained,款,minsei,
2025,expenditure,132071:2025:expenditure:approved:d5c6acbd450403fc,assigned,09,09.8,"",retained,項,akishima-kyoiku-gakko,
2025,expenditure,132071:2025:expenditure:approved:d5d04f8de22cb8e0,assigned,04,04.7,"",retained,款,shoko,
2025,expenditure,132071:2025:expenditure:approved:d5d7cd0af6991ee3,assigned,10,"","",retained,款,minsei,
2025,expenditure,132071:2025:expenditure:approved:d5d8cf55d3f732f0,assigned,04,04.1,04.1.2,retained,款,rodo,
2025,expenditure,132071:2025:expenditure:approved:d5df1b2bf28ad582,assigned,07,"","",retained,項,akishima-eisei-hoken,
2025,expenditure,132071:2025:expenditure:approved:d5ef62a53d59cf6f,assigned,09,09.5,"",retained,項,akishima-shakaikyoiku-other,
2025,expenditure,132071:2025:expenditure:approved:d60887d843544578,assigned,01,"","",retained,款,somu,
2025,expenditure,132071:2025:expenditure:approved:d614d43530756b38,assigned,06,06.2,"",retained,項,akishima-toshikeikaku-other,
2025,expenditure,132071:2025:expenditure:approved:d625a6294e6907b3,assigned,01,"","",retained,款,somu,
2025,expenditure,132071:2025:expenditure:approved:d63bb627512b4ba9,assigned,01,"","",retained,款,somu,
2025,expenditure,132071:2025:expenditure:approved:d63c277bf7e5d496,assigned,09,09.6,"",retained,目,akishima-hokentaiiku-kyushoku,
2025,expenditure,132071:2025:expenditure:approved:d65e55739f8e6274,assigned,01,"","",retained,款,somu,
2025,expenditure,132071:2025:expenditure:approved:d660d8a4de6f64a4,assigned,10,"","",retained,款,minsei,
2025,expenditure,132071:2025:expenditure:approved:d66a5e659fb40781,assigned,01,"","",retained,款,somu,
2025,expenditure,132071:2025:expenditure:approved:d6894f807e00703e,assigned,01,"","",retained,款,somu,
2025,expenditure,132071:2025:expenditure:approved:d69a6c7cd97c1c36,assigned,09,09.1,"",retained,項,akishima-kyoiku-shoto,
2025,expenditure,132071:2025:expenditure:approved:d6cf9d3643fe9c35,assigned,10,"","",retained,款,minsei,
2025,expenditure,132071:2025:expenditure:approved:d6d7f3eea8873e64,assigned,09,09.2,"",retained,項,akishima-kyoiku-chuto,
2025,expenditure,132071:2025:expenditure:approved:d6e142f8c5df63b3,assigned,04,04.7,"",retained,款,shoko,
2025,expenditure,132071:2025:expenditure:approved:d712c7a5be6d1b6d,assigned,08,08.2,"",retained,目,akishima-shakaikyoiku-bunka,
2025,expenditure,132071:2025:expenditure:approved:d719708c5eff0b26,assigned,05,05.1,"",retained,項,akishima-eisei-seiso,
2025,expenditure,132071:2025:expenditure:approved:d731717d7c3aeb66,assigned,08,08.2,"",retained,目,akishima-shakaikyoiku-bunka,
2025,expenditure,132071:2025:expenditure:approved:d7329b684a55c994,assigned,09,09.1,"",retained,項,akishima-kyoiku-shoto,
2025,expenditure,132071:2025:expenditure:approved:d73774e7b6c6b0b1,assigned,09,09.1,"",retained,項,akishima-kyoiku-shoto,
2025,expenditure,132071:2025:expenditure:approved:d73d1f1e7e6492e2,assigned,01,"","",retained,款,somu,
2025,expenditure,132071:2025:expenditure:approved:d78b34008526c1b6,assigned,05,05.1,"",retained,項,akishima-eisei-seiso,
2025,expenditure,132071:2025:expenditure:approved:d79f562405d17b13,assigned,09,09.6,"",retained,目,akishima-hokentaiiku-kyushoku,
2025,expenditure,132071:2025:expenditure:approved:d7a54287fd6398be,assigned,05,05.1,"",retained,項,akishima-eisei-seiso,
2025,expenditure,132071:2025:expenditure:approved:d7ac22121264ee8b,assigned,08,08.1,"",retained,目,akishima-toshikeikaku-kouen,
2025,expenditure,132071:2025:expenditure:approved:d7b5c920e1132efc,assigned,09,09.5,"",retained,項,akishima-shakaikyoiku-other,
2025,expenditure,132071:2025:expenditure:approved:d7dd111dfe0fb1a8,assigned,10,"","",retained,款,minsei,
2025,expenditure,132071:2025:expenditure:approved:d805bec3b6bce473,assigned,05,05.1,"",retained,項,akishima-eisei-seiso,
2025,expenditure,132071:2025:expenditure:approved:d81486b1c8b5bf4c,assigned,07,"","",retained,項,akishima-eisei-hoken,
2025,expenditure,132071:2025:expenditure:approved:d81d39897e19e86d,assigned,01,"","",retained,款,somu,
2025,expenditure,132071:2025:expenditure:approved:d823f4364e24c5da,assigned,10,"","",retained,款,minsei,
2025,expenditure,132071:2025:expenditure:approved:d84f6c9ea6bf02bd,assigned,09,09.5,"",retained,項,akishima-shakaikyoiku-other,
2025,expenditure,132071:2025:expenditure:approved:d8530e1662e417f7,assigned,01,"","",retained,款,somu,
2025,expenditure,132071:2025:expenditure:approved:d8670d2b0b380bb2,assigned,01,"","",retained,款,somu,
2025,expenditure,132071:2025:expenditure:approved:d8685de775af0e94,assigned,05,05.1,"",retained,項,akishima-eisei-seiso,
2025,expenditure,132071:2025:expenditure:approved:d86962eb402b9fba,assigned,01,"","",retained,款,somu,
2025,expenditure,132071:2025:expenditure:approved:d871771ac21ebd1d,assigned,01,"","",retained,款,somu,
2025,expenditure,132071:2025:expenditure:approved:d87bc19752f30502,assigned,09,09.2,"",retained,項,akishima-kyoiku-chuto,
2025,expenditure,132071:2025:expenditure:approved:d889ac93a6b43ea4,assigned,10,"","",retained,款,minsei,
2025,expenditure,132071:2025:expenditure:approved:d894d3741cd1d997,assigned,09,09.5,"",retained,項,akishima-shakaikyoiku-other,
2025,expenditure,132071:2025:expenditure:approved:d8c22eed93512ec2,assigned,01,"","",retained,款,somu,
2025,expenditure,132071:2025:expenditure:approved:d8d2de36b6548b38,assigned,09,09.6,"",retained,目,akishima-hokentaiiku-kyushoku,
2025,expenditure,132071:2025:expenditure:approved:d9103ab38c54bcf8,assigned,05,05.1,"",retained,項,akishima-eisei-seiso,
2025,expenditure,132071:2025:expenditure:approved:d911c422c927b3b7,assigned,05,05.1,"",retained,項,akishima-eisei-seiso,
2025,expenditure,132071:2025:expenditure:approved:d91b228fe85d9f1b,assigned,09,09.8,"",retained,項,akishima-kyoiku-gakko,
2025,expenditure,132071:2025:expenditure:approved:d91ef7018a34ff4c,assigned,03,03.2,"",retained,款,shobo,
2025,expenditure,132071:2025:expenditure:approved:d92eb1ff6a64f08c,assigned,10,"","",retained,款,minsei,
2025,expenditure,132071:2025:expenditure:approved:d938eecc355f301a,assigned,10,"","",retained,款,minsei,
2025,expenditure,132071:2025:expenditure:approved:d93c555e8667cbf1,assigned,08,08.1,"",retained,項,akishima-hokentaiiku-other,
2025,expenditure,132071:2025:expenditure:approved:d94c312d5606ebd1,assigned,09,09.1,"",retained,目,akishima-kyoiku-yochien,
2025,expenditure,132071:2025:expenditure:approved:d94f5d4ae2719a21,assigned,08,08.1,"",retained,目,akishima-toshikeikaku-kouen,
2025,expenditure,132071:2025:expenditure:approved:d974726fd991b52b,assigned,01,"","",retained,款,somu,
2025,expenditure,132071:2025:expenditure:approved:d98fd75ba11766ee,assigned,05,05.1,"",retained,項,akishima-eisei-seiso,
2025,expenditure,132071:2025:expenditure:approved:d9a29af8afbd1e6d,assigned,03,03.2,"",retained,款,shobo,
2025,expenditure,132071:2025:expenditure:approved:d9a44b65fc8823c4,assigned,01,"","",retained,款,somu,
2025,expenditure,132071:2025:expenditure:approved:d9c06f22a0903de5,assigned,07,"","",retained,項,akishima-eisei-hoken,
2025,expenditure,132071:2025:expenditure:approved:d9fd50e2ece791e7,assigned,10,"","",retained,款,minsei,
2025,expenditure,132071:2025:expenditure:approved:da175dcfed2c2743,assigned,10,"","",retained,款,minsei,
2025,expenditure,132071:2025:expenditure:approved:da1d42f5214ba5e5,assigned,09,09.1,"",retained,項,akishima-kyoiku-shoto,
2025,expenditure,132071:2025:expenditure:approved:da28cd9b5b5023a5,assigned,01,"","",retained,款,somu,
2025,expenditure,132071:2025:expenditure:approved:da3643ebfcee06d3,assigned,01,"","",retained,款,somu,
2025,expenditure,132071:2025:expenditure:approved:da399c8de1040bc9,assigned,09,09.6,"",retained,目,akishima-hokentaiiku-kyushoku,
2025,expenditure,132071:2025:expenditure:approved:da3ab7257790565c,assigned,10,"","",retained,款,minsei,
2025,expenditure,132071:2025:expenditure:approved:da4072860bad4d80,assigned,03,03.2,"",retained,款,shobo,
2025,expenditure,132071:2025:expenditure:approved:da44170b42c59416,assigned,08,08.2,"",retained,目,akishima-shakaikyoiku-bunka,
2025,expenditure,132071:2025:expenditure:approved:da4e75970376cb7e,assigned,01,"","",retained,款,somu,
2025,expenditure,132071:2025:expenditure:approved:da50333cbc0be574,assigned,05,05.1,"",retained,項,akishima-eisei-seiso,
2025,expenditure,132071:2025:expenditure:approved:da56a723d34b1e43,assigned,10,"","",retained,款,minsei,
2025,expenditure,132071:2025:expenditure:approved:da57ec18d8517a7e,assigned,05,05.1,"",retained,項,akishima-eisei-seiso,
2025,expenditure,132071:2025:expenditure:approved:da59db1e3bd6fcaa,assigned,09,09.2,"",retained,項,akishima-kyoiku-chuto,
2025,expenditure,132071:2025:expenditure:approved:da5a010017addae9,assigned,05,05.1,"",retained,項,akishima-eisei-seiso,
2025,expenditure,132071:2025:expenditure:approved:da62988768a0eee5,assigned,05,05.1,"",retained,項,akishima-eisei-seiso,
2025,expenditure,132071:2025:expenditure:approved:da6d9204dfda1350,assigned,08,08.2,"",retained,目,akishima-shakaikyoiku-bunka,
2025,expenditure,132071:2025:expenditure:approved:da8e8e41144d635f,assigned,09,09.8,"",retained,項,akishima-kyoiku-gakko,
2025,expenditure,132071:2025:expenditure:approved:da8f405af5d50647,assigned,01,"","",retained,款,somu,
2025,expenditure,132071:2025:expenditure:approved:da90d5d87fba5b4a,assigned,01,01.1,"",retained,款,gikai,
2025,expenditure,132071:2025:expenditure:approved:da9df0c526ba0067,assigned,07,"","",retained,項,akishima-eisei-hoken,
2025,expenditure,132071:2025:expenditure:approved:daa45f91c967d4c1,assigned,09,09.5,"",retained,項,akishima-shakaikyoiku-other,
2025,expenditure,132071:2025:expenditure:approved:dad1e69b4845dc42,assigned,09,09.2,"",retained,項,akishima-kyoiku-chuto,
2025,expenditure,132071:2025:expenditure:approved:dad54acda08e9ccc,assigned,10,"","",retained,款,minsei,
2025,expenditure,132071:2025:expenditure:approved:dad7a16cff54056a,assigned,04,04.5,04.5.1,retained,項,akishima-doboku-doro,
2025,expenditure,132071:2025:expenditure:approved:daf88e92902111d2,assigned,09,09.6,"",retained,目,akishima-hokentaiiku-kyushoku,
2025,expenditure,132071:2025:expenditure:approved:db05f520053c2e5e,assigned,08,08.2,"",retained,目,akishima-shakaikyoiku-bunka,
2025,expenditure,132071:2025:expenditure:approved:db548c3ded793620,assigned,01,01.1,"",retained,款,gikai,
2025,expenditure,132071:2025:expenditure:approved:db7b396f773e7e1e,assigned,01,"","",retained,款,somu,
2025,expenditure,132071:2025:expenditure:approved:db88b39f106881e9,assigned,03,03.2,"",retained,款,shobo,
2025,expenditure,132071:2025:expenditure:approved:db8914636b9288c5,assigned,01,"","",retained,款,somu,
2025,expenditure,132071:2025:expenditure:approved:db986df3cba81922,assigned,01,"","",retained,款,somu,
2025,expenditure,132071:2025:expenditure:approved:db9be59e0a8fe9ea,assigned,07,"","",retained,項,akishima-eisei-hoken,
2025,expenditure,132071:2025:expenditure:approved:dba433e99bc48665,assigned,10,"","",retained,款,minsei,
2025,expenditure,132071:2025:expenditure:approved:dbb068a9fe89a3c1,assigned,01,"","",retained,款,somu,
2025,expenditure,132071:2025:expenditure:approved:dbc04b12c1b45e52,assigned,01,"","",retained,款,somu,
2025,expenditure,132071:2025:expenditure:approved:dbcbb2e818fbabae,assigned,10,"","",retained,款,minsei,
2025,expenditure,132071:2025:expenditure:approved:dbd32bab4a2139dd,assigned,01,"","",retained,款,somu,
2025,expenditure,132071:2025:expenditure:approved:dbf8a773f3661048,assigned,01,01.1,"",retained,款,gikai,
2025,expenditure,132071:2025:expenditure:approved:dc587b530969b97c,assigned,01,"","",retained,款,somu,
2025,expenditure,132071:2025:expenditure:approved:dc606cb886765bae,assigned,01,"","",retained,款,somu,
2025,expenditure,132071:2025:expenditure:approved:dc6d2fd6995edc73,assigned,03,03.2,"",retained,款,shobo,
2025,expenditure,132071:2025:expenditure:approved:dc7aa6af5f365587,assigned,09,09.2,"",retained,項,akishima-kyoiku-chuto,
2025,expenditure,132071:2025:expenditure:approved:dc8a3213923bb00f,assigned,08,08.1,"",retained,項,akishima-hokentaiiku-other,
2025,expenditure,132071:2025:expenditure:approved:dc953d11570940dd,assigned,05,05.1,"",retained,項,akishima-eisei-seiso,
2025,expenditure,132071:2025:expenditure:approved:dca0e3121cf648ef,assigned,10,"","",retained,款,minsei,
2025,expenditure,132071:2025:expenditure:approved:dca2eace87eb67ff,assigned,09,09.6,"",retained,目,akishima-hokentaiiku-kyushoku,
2025,expenditure,132071:2025:expenditure:approved:dca6e2aedc0a7741,assigned,01,"","",retained,款,somu,
2025,expenditure,132071:2025:expenditure:approved:dcb315bd9781c36f,assigned,07,"","",retained,項,akishima-eisei-hoken,
2025,expenditure,132071:2025:expenditure:approved:dccd398ae16c0579,assigned,01,"","",retained,款,somu,
2025,expenditure,132071:2025:expenditure:approved:dcd365c9ddf4672d,assigned,08,08.1,"",retained,目,akishima-toshikeikaku-kouen,
2025,expenditure,132071:2025:expenditure:approved:dcd9849ed06d5c33,assigned,10,"","",retained,款,minsei,
2025,expenditure,132071:2025:expenditure:approved:dcf804c2a0bd2dbf,assigned,04,04.5,04.5.1,retained,目,akishima-toshikeikaku-gairo,
2025,expenditure,132071:2025:expenditure:approved:dcf8580173d3a7b9,assigned,10,"","",retained,款,minsei,
2025,expenditure,132071:2025:expenditure:approved:dcfd6c3ffb5529a3,assigned,10,"","",retained,款,minsei,
2025,expenditure,132071:2025:expenditure:approved:dd0ec106fc33ce36,assigned,09,09.8,"",retained,項,akishima-kyoiku-gakko,
2025,expenditure,132071:2025:expenditure:approved:dd2812f4960b346e,assigned,09,09.2,"",retained,項,akishima-kyoiku-chuto,
2025,expenditure,132071:2025:expenditure:approved:dd302fedabf9d1c4,assigned,09,09.8,"",retained,項,akishima-kyoiku-gakko,
2025,expenditure,132071:2025:expenditure:approved:dd305036c373d837,assigned,04,04.2,"",retained,款,norin,
2025,expenditure,132071:2025:expenditure:approved:dd653355147e793d,assigned,04,04.7,"",retained,款,shoko,
2025,expenditure,132071:2025:expenditure:approved:dd75f2d3bf32cc5e,assigned,08,08.2,"",retained,目,akishima-shakaikyoiku-bunka,
2025,expenditure,132071:2025:expenditure:approved:ddd6cc42ed38356b,assigned,08,08.2,"",retained,目,akishima-shakaikyoiku-bunka,
2025,expenditure,132071:2025:expenditure:approved:ddd889fbee231dc3,assigned,10,"","",retained,款,minsei,
2025,expenditure,132071:2025:expenditure:approved:ddee17d5a6193ef3,assigned,08,08.2,"",retained,目,akishima-shakaikyoiku-bunka,
2025,expenditure,132071:2025:expenditure:approved:ddf8b9d01f680010,assigned,09,09.2,"",retained,項,akishima-kyoiku-chuto,
2025,expenditure,132071:2025:expenditure:approved:ddf9f847300f0e2b,assigned,01,"","",retained,款,somu,
2025,expenditure,132071:2025:expenditure:approved:de07a860d8c3c812,assigned,08,08.1,"",retained,項,akishima-hokentaiiku-other,
2025,expenditure,132071:2025:expenditure:approved:de15b176d2678264,assigned,01,"","",retained,款,somu,
2025,expenditure,132071:2025:expenditure:approved:de268e50eb37bf5e,assigned,01,"","",retained,款,somu,
2025,expenditure,132071:2025:expenditure:approved:de27876f764deaf6,assigned,05,05.1,"",retained,項,akishima-eisei-seiso,
2025,expenditure,132071:2025:expenditure:approved:de4831f4eb69166e,assigned,10,"","",retained,款,minsei,
2025,expenditure,132071:2025:expenditure:approved:de6cda72346e9330,assigned,01,"","",retained,款,somu,
2025,expenditure,132071:2025:expenditure:approved:de871444fa8436a0,assigned,09,09.1,"",retained,項,akishima-kyoiku-shoto,
2025,expenditure,132071:2025:expenditure:approved:de89b75d056b47ca,assigned,10,"","",retained,款,minsei,
2025,expenditure,132071:2025:expenditure:approved:de92d4f9f8381bcb,assigned,01,"","",retained,款,somu,
2025,expenditure,132071:2025:expenditure:approved:de98bf75b8eda281,assigned,10,"","",retained,款,minsei,
2025,expenditure,132071:2025:expenditure:approved:dec96f10cb742e74,assigned,09,09.5,"",retained,項,akishima-shakaikyoiku-other,
2025,expenditure,132071:2025:expenditure:approved:dee350c99093773b,assigned,01,"","",retained,款,somu,
2025,expenditure,132071:2025:expenditure:approved:deea35dfc188ac96,assigned,06,06.2,"",retained,項,akishima-toshikeikaku-other,
2025,expenditure,132071:2025:expenditure:approved:defd664db8278afd,assigned,08,08.2,"",retained,目,akishima-shakaikyoiku-bunka,
2025,expenditure,132071:2025:expenditure:approved:df073ff76b5881be,assigned,09,09.8,"",retained,項,akishima-kyoiku-gakko,
2025,expenditure,132071:2025:expenditure:approved:df186b2e7160e7ed,assigned,08,08.1,"",retained,目,akishima-toshikeikaku-kouen,
2025,expenditure,132071:2025:expenditure:approved:df1cbd0e4f9dd9b7,assigned,09,09.1,"",retained,項,akishima-kyoiku-shoto,
2025,expenditure,132071:2025:expenditure:approved:df2c47bb830f0e65,assigned,05,05.1,"",retained,項,akishima-eisei-seiso,
2025,expenditure,132071:2025:expenditure:approved:df2c64008c97e0e6,assigned,09,09.5,"",retained,項,akishima-shakaikyoiku-other,
2025,expenditure,132071:2025:expenditure:approved:df37bde13fffcfee,assigned,04,04.7,"",retained,款,shoko,
2025,expenditure,132071:2025:expenditure:approved:df3a946429f058bb,assigned,10,"","",retained,款,minsei,
2025,expenditure,132071:2025:expenditure:approved:df3b6ca358531feb,assigned,07,"","",retained,項,akishima-eisei-hoken,
2025,expenditure,132071:2025:expenditure:approved:df52b43b8deeaea3,assigned,08,08.2,"",retained,目,akishima-shakaikyoiku-bunka,
2025,expenditure,132071:2025:expenditure:approved:df58ba309a653bcf,assigned,10,"","",retained,款,minsei,
2025,expenditure,132071:2025:expenditure:approved:df69b49a79a536cf,assigned,10,"","",retained,款,minsei,
2025,expenditure,132071:2025:expenditure:approved:df6eb2158c54db54,assigned,09,09.1,"",retained,項,akishima-kyoiku-shoto,
2025,expenditure,132071:2025:expenditure:approved:df75433a18efcf09,assigned,10,"","",retained,款,minsei,
2025,expenditure,132071:2025:expenditure:approved:df7a44a9e8f7e741,assigned,10,"","",retained,款,minsei,
2025,expenditure,132071:2025:expenditure:approved:df9cfcb87e0154ff,assigned,04,04.5,04.5.1,retained,項,akishima-doboku-doro,
2025,expenditure,132071:2025:expenditure:approved:dfa8e298706a3f77,assigned,10,"","",retained,款,minsei,
2025,expenditure,132071:2025:expenditure:approved:dfa97cf3a1f721c7,assigned,10,"","",retained,款,minsei,
2025,expenditure,132071:2025:expenditure:approved:dfaa423ebc5391df,assigned,06,06.1,"",retained,項,akishima-doboku-jutaku,
2025,expenditure,132071:2025:expenditure:approved:dfae5caf7db49e72,assigned,04,04.2,"",retained,款,norin,
2025,expenditure,132071:2025:expenditure:approved:dfc1b9d1742f2840,assigned,10,"","",retained,款,minsei,
2025,expenditure,132071:2025:expenditure:approved:dfce6b83e385c567,unclassifiable,"","","",retained,款,contingency,
2025,expenditure,132071:2025:expenditure:approved:dfcf5a8943edf55c,assigned,07,"","",retained,項,akishima-eisei-hoken,
2025,expenditure,132071:2025:expenditure:approved:dfd36ac8cf843e5d,assigned,10,"","",retained,款,minsei,
2025,expenditure,132071:2025:expenditure:approved:dfde46900d99912f,assigned,10,"","",retained,款,minsei,
2025,expenditure,132071:2025:expenditure:approved:e001bf8450582532,assigned,01,"","",retained,款,somu,
2025,expenditure,132071:2025:expenditure:approved:e0123062e60f19b5,assigned,09,09.1,"",retained,項,akishima-kyoiku-shoto,
2025,expenditure,132071:2025:expenditure:approved:e0168d48b2ab1f4c,assigned,08,08.1,"",retained,目,akishima-toshikeikaku-kouen,
2025,expenditure,132071:2025:expenditure:approved:e040be3f060f9e35,assigned,10,"","",retained,款,minsei,
2025,expenditure,132071:2025:expenditure:approved:e04d9bb6a91b35bd,assigned,03,03.2,"",retained,款,shobo,
2025,expenditure,132071:2025:expenditure:approved:e06ae2f35ad1b4e0,assigned,04,04.7,"",retained,款,shoko,
2025,expenditure,132071:2025:expenditure:approved:e070d47666c985c6,assigned,09,09.5,"",retained,項,akishima-shakaikyoiku-other,
2025,expenditure,132071:2025:expenditure:approved:e07317628ef69415,assigned,10,"","",retained,款,minsei,
2025,expenditure,132071:2025:expenditure:approved:e07ef6da0f9b137c,assigned,10,"","",retained,款,minsei,
2025,expenditure,132071:2025:expenditure:approved:e0b40b9a36e4258b,assigned,01,"","",retained,款,somu,
2025,expenditure,132071:2025:expenditure:approved:e0c6d59e4ee0ff99,assigned,09,09.8,"",retained,項,akishima-kyoiku-gakko,
2025,expenditure,132071:2025:expenditure:approved:e0cb0919b6da5388,assigned,08,08.1,"",retained,目,akishima-toshikeikaku-kouen,
2025,expenditure,132071:2025:expenditure:approved:e0d2a03ada77a834,assigned,08,08.1,"",retained,目,akishima-toshikeikaku-kouen,
2025,expenditure,132071:2025:expenditure:approved:e0dc516a42d7d107,assigned,01,"","",retained,款,somu,
2025,expenditure,132071:2025:expenditure:approved:e0e6dca1caec1e05,assigned,01,"","",retained,款,somu,
2025,expenditure,132071:2025:expenditure:approved:e0eb8b60b798f84d,assigned,01,"","",retained,款,somu,
2025,expenditure,132071:2025:expenditure:approved:e0eca78808359284,assigned,09,09.1,"",retained,項,akishima-kyoiku-shoto,
2025,expenditure,132071:2025:expenditure:approved:e0f7aff8af58f57f,assigned,01,"","",retained,款,somu,
2025,expenditure,132071:2025:expenditure:approved:e0f9cf70bfc5b99e,assigned,10,"","",retained,款,minsei,
2025,expenditure,132071:2025:expenditure:approved:e117959cb52acda7,assigned,09,09.1,"",retained,項,akishima-kyoiku-shoto,
2025,expenditure,132071:2025:expenditure:approved:e13ed9b6b9705d50,assigned,10,"","",retained,款,minsei,
2025,expenditure,132071:2025:expenditure:approved:e15c15145197ace5,assigned,09,09.2,"",retained,項,akishima-kyoiku-chuto,
2025,expenditure,132071:2025:expenditure:approved:e16aace1a5d26cd9,assigned,07,"","",retained,項,akishima-eisei-hoken,
2025,expenditure,132071:2025:expenditure:approved:e1700ae324b623eb,assigned,09,09.6,"",retained,目,akishima-hokentaiiku-kyushoku,
2025,expenditure,132071:2025:expenditure:approved:e1827251974c85f6,assigned,01,"","",retained,款,somu,
2025,expenditure,132071:2025:expenditure:approved:e195754d5c863d2b,assigned,04,04.5,"",retained,項,akishima-doboku-kanri,
2025,expenditure,132071:2025:expenditure:approved:e19f1074b9bd990e,assigned,10,"","",retained,款,minsei,
2025,expenditure,132071:2025:expenditure:approved:e1eb86cbd9ec1132,assigned,04,04.2,"",retained,款,norin,
2025,expenditure,132071:2025:expenditure:approved:e1fc8edce3338b96,assigned,09,09.1,"",retained,項,akishima-kyoiku-shoto,
2025,expenditure,132071:2025:expenditure:approved:e2225898b05fddc4,assigned,09,09.2,"",retained,項,akishima-kyoiku-chuto,
2025,expenditure,132071:2025:expenditure:approved:e26243b45eca7129,assigned,10,"","",retained,款,minsei,
2025,expenditure,132071:2025:expenditure:approved:e26265033642b8ed,assigned,01,"","",retained,款,somu,
2025,expenditure,132071:2025:expenditure:approved:e29b14f0a0e4a20a,assigned,01,"","",retained,款,somu,
2025,expenditure,132071:2025:expenditure:approved:e2aa7d245a7b7980,assigned,04,04.2,"",retained,款,norin,
2025,expenditure,132071:2025:expenditure:approved:e2c5719e2e7085bc,assigned,09,09.2,"",retained,項,akishima-kyoiku-chuto,
2025,expenditure,132071:2025:expenditure:approved:e2ce36a84c37eae0,assigned,05,05.1,"",retained,項,akishima-eisei-seiso,
2025,expenditure,132071:2025:expenditure:approved:e2eea0070fde3ab3,assigned,07,"","",retained,項,akishima-eisei-hoken,
2025,expenditure,132071:2025:expenditure:approved:e33a1b7ed64851ea,assigned,07,"","",retained,項,akishima-eisei-hoken,
2025,expenditure,132071:2025:expenditure:approved:e344dc6586ce5963,assigned,06,06.1,"",retained,項,akishima-doboku-jutaku,
2025,expenditure,132071:2025:expenditure:approved:e352a8e30fb4ec97,assigned,08,08.1,"",retained,項,akishima-hokentaiiku-other,
2025,expenditure,132071:2025:expenditure:approved:e35f22f2cf28cede,assigned,04,04.5,04.5.1,retained,項,akishima-doboku-doro,
2025,expenditure,132071:2025:expenditure:approved:e36356487eca4236,assigned,09,09.1,"",retained,項,akishima-kyoiku-shoto,
2025,expenditure,132071:2025:expenditure:approved:e3771f696428d5cb,assigned,08,08.2,"",retained,目,akishima-shakaikyoiku-bunka,
2025,expenditure,132071:2025:expenditure:approved:e37bf27a52a17df4,assigned,01,"","",retained,款,somu,
2025,expenditure,132071:2025:expenditure:approved:e3922b9f15503b45,assigned,10,"","",retained,款,minsei,
2025,expenditure,132071:2025:expenditure:approved:e3967177be914828,assigned,10,"","",retained,款,minsei,
2025,expenditure,132071:2025:expenditure:approved:e3997895d713af2f,assigned,01,"","",retained,款,somu,
2025,expenditure,132071:2025:expenditure:approved:e3baeff24e3e6106,assigned,10,"","",retained,款,minsei,
2025,expenditure,132071:2025:expenditure:approved:e410b45a8f883d75,assigned,09,09.1,"",retained,項,akishima-kyoiku-shoto,
2025,expenditure,132071:2025:expenditure:approved:e417229ba240b4ad,assigned,09,09.5,"",retained,項,akishima-shakaikyoiku-other,
2025,expenditure,132071:2025:expenditure:approved:e4516bd2281dc64f,assigned,09,09.1,"",retained,項,akishima-kyoiku-shoto,
2025,expenditure,132071:2025:expenditure:approved:e46b1b70c8c431e8,assigned,10,"","",retained,款,minsei,
2025,expenditure,132071:2025:expenditure:approved:e4793cfc25a982b6,assigned,01,"","",retained,款,somu,
2025,expenditure,132071:2025:expenditure:approved:e484db67f11aa471,assigned,09,09.8,"",retained,項,akishima-kyoiku-gakko,
2025,expenditure,132071:2025:expenditure:approved:e48b125f1cc29322,assigned,01,01.1,"",retained,款,gikai,
2025,expenditure,132071:2025:expenditure:approved:e48fccd059a26618,assigned,09,09.8,"",retained,項,akishima-kyoiku-gakko,
2025,expenditure,132071:2025:expenditure:approved:e4a6ea0c1a0929e1,assigned,07,"","",retained,項,akishima-eisei-hoken,
2025,expenditure,132071:2025:expenditure:approved:e4a84345aff95cae,assigned,08,08.1,"",retained,目,akishima-toshikeikaku-kouen,
2025,expenditure,132071:2025:expenditure:approved:e4b131f73f4d9d63,assigned,09,09.2,"",retained,項,akishima-kyoiku-chuto,
2025,expenditure,132071:2025:expenditure:approved:e4b22b33ab0706a4,assigned,08,08.1,"",retained,項,akishima-hokentaiiku-other,
2025,expenditure,132071:2025:expenditure:approved:e4b281b765c60bb4,assigned,04,04.7,"",retained,款,shoko,
2025,expenditure,132071:2025:expenditure:approved:e4c5beb51eee589f,assigned,10,"","",retained,款,minsei,
2025,expenditure,132071:2025:expenditure:approved:e4c854bcd26ead77,assigned,08,08.1,"",retained,項,akishima-hokentaiiku-other,
2025,expenditure,132071:2025:expenditure:approved:e4ca0a73ffe6f208,assigned,03,03.2,"",retained,款,shobo,
2025,expenditure,132071:2025:expenditure:approved:e4dd83dde3ba1528,assigned,01,"","",retained,款,somu,
2025,expenditure,132071:2025:expenditure:approved:e4eb3f07765300de,assigned,01,"","",retained,款,somu,
2025,expenditure,132071:2025:expenditure:approved:e5036d30c133d6e2,assigned,04,04.7,"",retained,款,shoko,
2025,expenditure,132071:2025:expenditure:approved:e50c82ee3835132f,assigned,01,"","",retained,款,somu,
2025,expenditure,132071:2025:expenditure:approved:e53ad6626eb06518,assigned,09,09.5,"",retained,項,akishima-shakaikyoiku-other,
2025,expenditure,132071:2025:expenditure:approved:e53ea654d7684e1c,assigned,07,"","",retained,項,akishima-eisei-hoken,
2025,expenditure,132071:2025:expenditure:approved:e574cd1a40c7a052,assigned,09,09.2,"",retained,項,akishima-kyoiku-chuto,
2025,expenditure,132071:2025:expenditure:approved:e5956e1ee7b1f70b,assigned,08,08.1,"",retained,項,akishima-hokentaiiku-other,
2025,expenditure,132071:2025:expenditure:approved:e59592adaede01c0,assigned,07,"","",retained,項,akishima-eisei-hoken,
2025,expenditure,132071:2025:expenditure:approved:e597e087778f7394,assigned,10,"","",retained,款,minsei,
2025,expenditure,132071:2025:expenditure:approved:e5a2f66e2c8feba5,assigned,10,"","",retained,款,minsei,
2025,expenditure,132071:2025:expenditure:approved:e5ca25bca8d30a19,assigned,05,05.1,"",retained,項,akishima-eisei-seiso,
2025,expenditure,132071:2025:expenditure:approved:e5cf2cc8f73c9286,assigned,01,"","",retained,款,somu,
2025,expenditure,132071:2025:expenditure:approved:e5e493935bfb6b0a,assigned,09,09.5,"",retained,項,akishima-shakaikyoiku-other,
2025,expenditure,132071:2025:expenditure:approved:e61b181f1bf973c2,assigned,10,"","",retained,款,minsei,
2025,expenditure,132071:2025:expenditure:approved:e61c499e4c798b42,assigned,01,"","",retained,款,somu,
2025,expenditure,132071:2025:expenditure:approved:e62f0008d1e2cd49,assigned,01,"","",retained,款,somu,
2025,expenditure,132071:2025:expenditure:approved:e6450cada1dff725,assigned,09,09.5,"",retained,項,akishima-shakaikyoiku-other,
2025,expenditure,132071:2025:expenditure:approved:e65bf052851a3f0c,assigned,01,"","",retained,款,somu,
2025,expenditure,132071:2025:expenditure:approved:e6774a9f8ea9c285,assigned,09,09.5,"",retained,項,akishima-shakaikyoiku-other,
2025,expenditure,132071:2025:expenditure:approved:e67d73e4a52014d8,assigned,04,04.7,"",retained,款,shoko,
2025,expenditure,132071:2025:expenditure:approved:e68d6215639016e1,assigned,01,01.1,"",retained,款,gikai,
2025,expenditure,132071:2025:expenditure:approved:e6a52a21445dd403,assigned,09,09.1,"",retained,目,akishima-kyoiku-yochien,
2025,expenditure,132071:2025:expenditure:approved:e6ae33d713fa903c,assigned,04,04.7,"",retained,款,shoko,
2025,expenditure,132071:2025:expenditure:approved:e6b8caf95b64f98e,assigned,01,"","",retained,款,somu,
2025,expenditure,132071:2025:expenditure:approved:e6dbf67f547d192b,assigned,09,09.1,"",retained,項,akishima-kyoiku-shoto,
2025,expenditure,132071:2025:expenditure:approved:e6e4233b973455a4,assigned,05,05.1,"",retained,項,akishima-eisei-seiso,
2025,expenditure,132071:2025:expenditure:approved:e7224a3d7a180666,assigned,01,"","",retained,款,somu,
2025,expenditure,132071:2025:expenditure:approved:e7345095b130f828,assigned,09,09.1,"",retained,項,akishima-kyoiku-shoto,
2025,expenditure,132071:2025:expenditure:approved:e7518935416d5bd9,assigned,09,09.5,"",retained,項,akishima-shakaikyoiku-other,
2025,expenditure,132071:2025:expenditure:approved:e754377dec458b95,assigned,09,09.5,"",retained,項,akishima-shakaikyoiku-other,
2025,expenditure,132071:2025:expenditure:approved:e76a7b5ab73829d5,assigned,04,04.2,"",retained,款,norin,
2025,expenditure,132071:2025:expenditure:approved:e7832c6dfda309ad,assigned,07,"","",retained,項,akishima-eisei-hoken,
2025,expenditure,132071:2025:expenditure:approved:e78e70474394681e,assigned,10,"","",retained,款,minsei,
2025,expenditure,132071:2025:expenditure:approved:e79d1aab4bfca491,assigned,08,08.1,"",retained,項,akishima-hokentaiiku-other,
2025,expenditure,132071:2025:expenditure:approved:e7bcf83b6d968bb1,assigned,10,"","",retained,款,minsei,
2025,expenditure,132071:2025:expenditure:approved:e7be931c562d8139,assigned,08,08.1,"",retained,項,akishima-hokentaiiku-other,
2025,expenditure,132071:2025:expenditure:approved:e7c228f04ba6db67,assigned,08,08.2,"",retained,目,akishima-shakaikyoiku-bunka,
2025,expenditure,132071:2025:expenditure:approved:e7da0b3c40fcd38f,assigned,08,08.1,"",retained,項,akishima-hokentaiiku-other,
2025,expenditure,132071:2025:expenditure:approved:e808c01537be0319,assigned,09,09.5,"",retained,項,akishima-shakaikyoiku-other,
2025,expenditure,132071:2025:expenditure:approved:e816e30f528fdfb8,assigned,10,"","",retained,款,minsei,
2025,expenditure,132071:2025:expenditure:approved:e819fba0aacbf055,assigned,01,"","",retained,款,somu,
2025,expenditure,132071:2025:expenditure:approved:e87638c867fd3ca3,assigned,10,"","",retained,款,minsei,
2025,expenditure,132071:2025:expenditure:approved:e87ffe0d20a3dbb0,assigned,01,"","",retained,款,somu,
2025,expenditure,132071:2025:expenditure:approved:e88c392d8cba7f65,assigned,05,05.1,"",retained,項,akishima-eisei-seiso,
2025,expenditure,132071:2025:expenditure:approved:e8a0b15b5fa4675c,assigned,09,09.2,"",retained,項,akishima-kyoiku-chuto,
2025,expenditure,132071:2025:expenditure:approved:e8a3a22e37aed6c7,assigned,09,09.5,"",retained,項,akishima-shakaikyoiku-other,
2025,expenditure,132071:2025:expenditure:approved:e8b17ad9f40855b4,assigned,09,09.2,"",retained,項,akishima-kyoiku-chuto,
2025,expenditure,132071:2025:expenditure:approved:e8b23ecc7c8340b7,assigned,01,"","",retained,款,somu,
2025,expenditure,132071:2025:expenditure:approved:e8b9e644127a77c5,assigned,07,"","",retained,項,akishima-eisei-hoken,
2025,expenditure,132071:2025:expenditure:approved:e8c9b033f6029bea,assigned,10,"","",retained,款,minsei,
2025,expenditure,132071:2025:expenditure:approved:e8cfac5372e8dd46,assigned,04,04.5,04.5.1,retained,項,akishima-doboku-doro,
2025,expenditure,132071:2025:expenditure:approved:e8db8e678b9e1c8d,assigned,01,"","",retained,款,somu,
2025,expenditure,132071:2025:expenditure:approved:e8f924358b07a96d,assigned,01,"","",retained,款,somu,
2025,expenditure,132071:2025:expenditure:approved:e9256b2d41919f39,assigned,01,"","",retained,款,somu,
2025,expenditure,132071:2025:expenditure:approved:e947bb1fb893dec5,assigned,01,"","",retained,款,somu,
2025,expenditure,132071:2025:expenditure:approved:e9538f5bda39a817,assigned,09,09.8,"",retained,項,akishima-kyoiku-gakko,
2025,expenditure,132071:2025:expenditure:approved:e9639a1006e0d828,assigned,01,"","",retained,款,somu,
2025,expenditure,132071:2025:expenditure:approved:e99b712072eff2ae,assigned,10,"","",retained,款,minsei,
2025,expenditure,132071:2025:expenditure:approved:e99d6fff762a6969,assigned,09,09.5,"",retained,項,akishima-shakaikyoiku-other,
2025,expenditure,132071:2025:expenditure:approved:e99f7f1ab87db5b6,assigned,01,"","",retained,款,somu,
2025,expenditure,132071:2025:expenditure:approved:e9a7bed2cde41b46,assigned,10,"","",retained,款,minsei,
2025,expenditure,132071:2025:expenditure:approved:e9b06d95e0e9b781,assigned,05,05.1,"",retained,項,akishima-eisei-seiso,
2025,expenditure,132071:2025:expenditure:approved:e9b0d6c20b37599f,assigned,01,01.1,"",retained,款,gikai,
2025,expenditure,132071:2025:expenditure:approved:e9b117b3a96e2792,assigned,01,"","",retained,款,somu,
2025,expenditure,132071:2025:expenditure:approved:e9b119b0207a99fd,assigned,08,08.1,"",retained,項,akishima-hokentaiiku-other,
2025,expenditure,132071:2025:expenditure:approved:e9b5b419f2e6533f,assigned,09,09.2,"",retained,項,akishima-kyoiku-chuto,
2025,expenditure,132071:2025:expenditure:approved:e9c20528e7df1aec,assigned,07,"","",retained,項,akishima-eisei-hoken,
2025,expenditure,132071:2025:expenditure:approved:e9e4e53789954a8e,assigned,04,04.2,"",retained,款,norin,
2025,expenditure,132071:2025:expenditure:approved:e9f7e26597cda7ba,assigned,03,03.2,"",retained,款,shobo,
2025,expenditure,132071:2025:expenditure:approved:e9ff1f1302008d1c,assigned,07,"","",retained,項,akishima-eisei-hoken,
2025,expenditure,132071:2025:expenditure:approved:ea1d78c4af5b7839,assigned,01,"","",retained,款,somu,
2025,expenditure,132071:2025:expenditure:approved:ea3b796c54d55052,assigned,09,09.5,"",retained,項,akishima-shakaikyoiku-other,
2025,expenditure,132071:2025:expenditure:approved:ea64304b58331e23,assigned,01,"","",retained,款,somu,
2025,expenditure,132071:2025:expenditure:approved:ea74e996b749914b,assigned,05,05.1,"",retained,項,akishima-eisei-seiso,
2025,expenditure,132071:2025:expenditure:approved:ea82e1df6980f27a,assigned,07,"","",retained,項,akishima-eisei-hoken,
2025,expenditure,132071:2025:expenditure:approved:eab104ce79557932,assigned,09,09.8,"",retained,項,akishima-kyoiku-gakko,
2025,expenditure,132071:2025:expenditure:approved:eab5ff992dc29954,assigned,01,"","",retained,款,somu,
2025,expenditure,132071:2025:expenditure:approved:eac00dcdb3458c0b,assigned,10,"","",retained,款,minsei,
2025,expenditure,132071:2025:expenditure:approved:eaf911a28473fd63,assigned,05,05.1,"",retained,項,akishima-eisei-seiso,
2025,expenditure,132071:2025:expenditure:approved:eb15fe01817ce9ee,assigned,08,08.1,"",retained,項,akishima-hokentaiiku-other,
2025,expenditure,132071:2025:expenditure:approved:eb3623cb44e7e0a5,assigned,08,08.1,"",retained,目,akishima-toshikeikaku-kouen,
2025,expenditure,132071:2025:expenditure:approved:eb3cf6120b764372,assigned,05,05.1,"",retained,項,akishima-eisei-seiso,
2025,expenditure,132071:2025:expenditure:approved:eb40a2d23df76c7c,assigned,04,04.5,04.5.1,retained,項,akishima-doboku-doro,
2025,expenditure,132071:2025:expenditure:approved:eb5cfa911e6bd5dd,assigned,07,"","",retained,項,akishima-eisei-hoken,
2025,expenditure,132071:2025:expenditure:approved:eb6b3ba20c69eb88,assigned,07,"","",retained,項,akishima-eisei-hoken,
2025,expenditure,132071:2025:expenditure:approved:eb734965441af7a7,assigned,09,09.2,"",retained,項,akishima-kyoiku-chuto,
2025,expenditure,132071:2025:expenditure:approved:eb7655ec0e88c424,assigned,08,08.1,"",retained,目,akishima-toshikeikaku-kouen,
2025,expenditure,132071:2025:expenditure:approved:eb7888c8eb438d1e,assigned,09,09.2,"",retained,項,akishima-kyoiku-chuto,
2025,expenditure,132071:2025:expenditure:approved:eb8024d6af3b28bd,assigned,01,"","",retained,款,somu,
2025,expenditure,132071:2025:expenditure:approved:eb9247a2c5865aa5,assigned,10,"","",retained,款,minsei,
2025,expenditure,132071:2025:expenditure:approved:eb934b0bdedadd99,assigned,08,08.2,"",retained,目,akishima-shakaikyoiku-bunka,
2025,expenditure,132071:2025:expenditure:approved:ebc0fec10545a000,assigned,10,"","",retained,款,minsei,
2025,expenditure,132071:2025:expenditure:approved:ebc68f22a61ac99c,assigned,10,"","",retained,款,minsei,
2025,expenditure,132071:2025:expenditure:approved:ebcd8ba5c6d151dd,assigned,08,08.2,"",retained,目,akishima-shakaikyoiku-bunka,
2025,expenditure,132071:2025:expenditure:approved:ebd049403dbd352e,assigned,04,04.2,"",retained,款,norin,
2025,expenditure,132071:2025:expenditure:approved:ebdaf4842bc15f0d,assigned,07,"","",retained,項,akishima-eisei-hoken,
2025,expenditure,132071:2025:expenditure:approved:ebdb12f9a9dc5f33,assigned,01,"","",retained,款,somu,
2025,expenditure,132071:2025:expenditure:approved:ebdd274166d2b84c,assigned,09,09.5,"",retained,項,akishima-shakaikyoiku-other,
2025,expenditure,132071:2025:expenditure:approved:ebf763fb1001d75d,assigned,10,"","",retained,款,minsei,
2025,expenditure,132071:2025:expenditure:approved:ebfeec3ae43f0708,assigned,09,09.5,"",retained,項,akishima-shakaikyoiku-other,
2025,expenditure,132071:2025:expenditure:approved:ec01530f239a4a8f,assigned,01,"","",retained,款,somu,
2025,expenditure,132071:2025:expenditure:approved:ec072a6aa1c7b981,assigned,08,08.1,"",retained,目,akishima-toshikeikaku-kouen,
2025,expenditure,132071:2025:expenditure:approved:ec1af18218b118a0,assigned,01,01.1,"",retained,款,gikai,
2025,expenditure,132071:2025:expenditure:approved:ec2d7d6f0fdd8e04,assigned,06,06.1,"",retained,項,akishima-doboku-jutaku,
2025,expenditure,132071:2025:expenditure:approved:ec41e169e01eee3e,assigned,01,"","",retained,款,somu,
2025,expenditure,132071:2025:expenditure:approved:ec465633e0206278,assigned,08,08.1,"",retained,目,akishima-toshikeikaku-kouen,
2025,expenditure,132071:2025:expenditure:approved:ec516d257c9bb9d1,assigned,09,09.5,"",retained,項,akishima-shakaikyoiku-other,
2025,expenditure,132071:2025:expenditure:approved:ec8415355f9e2493,assigned,01,"","",retained,款,somu,
2025,expenditure,132071:2025:expenditure:approved:ec9d4e8e3e36c89a,assigned,08,08.2,"",retained,目,akishima-shakaikyoiku-bunka,
2025,expenditure,132071:2025:expenditure:approved:ec9d5cc0977cf89e,assigned,06,06.1,"",retained,項,akishima-doboku-jutaku,
2025,expenditure,132071:2025:expenditure:approved:ecbafafc2ff01e98,assigned,10,"","",retained,款,minsei,
2025,expenditure,132071:2025:expenditure:approved:ecbd27cee7549fa8,assigned,08,08.2,"",retained,目,akishima-shakaikyoiku-bunka,
2025,expenditure,132071:2025:expenditure:approved:eccd5692a0aa935f,assigned,09,09.5,"",retained,項,akishima-shakaikyoiku-other,
2025,expenditure,132071:2025:expenditure:approved:eccd63129827115c,assigned,01,01.1,"",retained,款,gikai,
2025,expenditure,132071:2025:expenditure:approved:ecdb1b773d05249f,assigned,04,04.5,04.5.1,retained,項,akishima-doboku-doro,
2025,expenditure,132071:2025:expenditure:approved:ecfcfb1f50cbc7c5,assigned,09,09.2,"",retained,項,akishima-kyoiku-chuto,
2025,expenditure,132071:2025:expenditure:approved:ecfe813a2da5447f,assigned,01,"","",retained,款,somu,
2025,expenditure,132071:2025:expenditure:approved:ed0814e36984b50b,assigned,10,"","",retained,款,minsei,
2025,expenditure,132071:2025:expenditure:approved:ed12fc0673932db9,assigned,04,04.5,"",retained,項,akishima-doboku-kanri,
2025,expenditure,132071:2025:expenditure:approved:ed2a359674a5ddad,assigned,10,"","",retained,款,minsei,
2025,expenditure,132071:2025:expenditure:approved:ed3ee8144a93d09f,assigned,07,"","",retained,項,akishima-eisei-hoken,
2025,expenditure,132071:2025:expenditure:approved:ed501aa33878be5e,assigned,04,04.5,04.5.1,retained,項,akishima-doboku-doro,
2025,expenditure,132071:2025:expenditure:approved:ed53894893724bf7,assigned,10,"","",retained,款,minsei,
2025,expenditure,132071:2025:expenditure:approved:ed555521dae6667e,assigned,10,"","",retained,款,minsei,
2025,expenditure,132071:2025:expenditure:approved:ed71bfc28637d794,assigned,04,04.7,"",retained,款,shoko,
2025,expenditure,132071:2025:expenditure:approved:ed7f7950e6c2506a,assigned,03,03.2,"",retained,款,shobo,
2025,expenditure,132071:2025:expenditure:approved:eda777202e48a862,assigned,04,04.5,"",retained,項,akishima-doboku-kanri,
2025,expenditure,132071:2025:expenditure:approved:edb12a9ad568f015,assigned,03,03.2,"",retained,款,shobo,
2025,expenditure,132071:2025:expenditure:approved:edb76d5814b5dc3b,assigned,10,"","",retained,款,minsei,
2025,expenditure,132071:2025:expenditure:approved:edbd2e6571a20adf,assigned,01,"","",retained,款,somu,
2025,expenditure,132071:2025:expenditure:approved:edd109cfe4a4ab89,assigned,09,09.8,"",retained,項,akishima-kyoiku-gakko,
2025,expenditure,132071:2025:expenditure:approved:edd502053c3e7f56,assigned,10,"","",retained,款,minsei,
2025,expenditure,132071:2025:expenditure:approved:eddcedd3c9969b14,assigned,10,"","",retained,款,minsei,
2025,expenditure,132071:2025:expenditure:approved:ede14db378741319,assigned,09,09.1,"",retained,項,akishima-kyoiku-shoto,
2025,expenditure,132071:2025:expenditure:approved:edf3b7df66dce4c9,assigned,09,09.1,"",retained,項,akishima-kyoiku-shoto,
2025,expenditure,132071:2025:expenditure:approved:edf6d8a4e00f5b3f,assigned,07,"","",retained,項,akishima-eisei-hoken,
2025,expenditure,132071:2025:expenditure:approved:ee07a445f80ad69f,assigned,09,09.5,"",retained,項,akishima-shakaikyoiku-other,
2025,expenditure,132071:2025:expenditure:approved:ee0bdf6614f2f635,assigned,09,09.5,"",retained,項,akishima-shakaikyoiku-other,
2025,expenditure,132071:2025:expenditure:approved:ee19b8a56fed3776,assigned,08,08.2,"",retained,目,akishima-shakaikyoiku-bunka,
2025,expenditure,132071:2025:expenditure:approved:ee20b54a8fd93281,assigned,08,08.2,"",retained,目,akishima-shakaikyoiku-bunka,
2025,expenditure,132071:2025:expenditure:approved:ee4a32b709649b55,assigned,07,"","",retained,項,akishima-eisei-hoken,
2025,expenditure,132071:2025:expenditure:approved:ee4e2975ec65225f,assigned,05,05.1,"",retained,項,akishima-eisei-seiso,
2025,expenditure,132071:2025:expenditure:approved:ee68dc389e81c4e7,assigned,01,"","",retained,款,somu,
2025,expenditure,132071:2025:expenditure:approved:ee7c933eb1d9ae1e,assigned,10,"","",retained,款,minsei,
2025,expenditure,132071:2025:expenditure:approved:ee80fcdafc81802a,assigned,10,"","",retained,款,minsei,
2025,expenditure,132071:2025:expenditure:approved:ee85edb3f25d7a60,assigned,08,08.1,"",retained,目,akishima-toshikeikaku-kouen,
2025,expenditure,132071:2025:expenditure:approved:eeaf82319fd8f859,assigned,01,"","",retained,款,somu,
2025,expenditure,132071:2025:expenditure:approved:eedb2c7eac3d382d,assigned,08,08.2,"",retained,目,akishima-shakaikyoiku-bunka,
2025,expenditure,132071:2025:expenditure:approved:eedf21a5d18e5fd6,assigned,09,09.1,"",retained,目,akishima-kyoiku-yochien,
2025,expenditure,132071:2025:expenditure:approved:eefaf4559adb8cd6,assigned,09,09.2,"",retained,項,akishima-kyoiku-chuto,
2025,expenditure,132071:2025:expenditure:approved:ef020858316e7814,assigned,07,"","",retained,項,akishima-eisei-hoken,
2025,expenditure,132071:2025:expenditure:approved:ef0d54a781626216,assigned,09,09.8,"",retained,項,akishima-kyoiku-gakko,
2025,expenditure,132071:2025:expenditure:approved:ef356130280df9be,assigned,01,"","",retained,款,somu,
2025,expenditure,132071:2025:expenditure:approved:ef511558f10d09d7,assigned,07,"","",retained,項,akishima-eisei-hoken,
2025,expenditure,132071:2025:expenditure:approved:ef59b51897c826a8,assigned,07,"","",retained,項,akishima-eisei-hoken,
2025,expenditure,132071:2025:expenditure:approved:ef5a56a5aedaed5a,assigned,05,05.1,"",retained,項,akishima-eisei-seiso,
2025,expenditure,132071:2025:expenditure:approved:ef603c5b50d9de9e,assigned,01,"","",retained,款,somu,
2025,expenditure,132071:2025:expenditure:approved:ef67f429684b7cdf,assigned,10,"","",retained,款,minsei,
2025,expenditure,132071:2025:expenditure:approved:ef6ac88b8500cdc5,assigned,01,"","",retained,款,somu,
2025,expenditure,132071:2025:expenditure:approved:ef6ddf9e3ec7fc05,assigned,07,"","",retained,項,akishima-eisei-hoken,
2025,expenditure,132071:2025:expenditure:approved:ef748e1d7f284e90,assigned,10,"","",retained,款,minsei,
2025,expenditure,132071:2025:expenditure:approved:ef80d8429fff17dc,assigned,08,08.1,"",retained,目,akishima-toshikeikaku-kouen,
2025,expenditure,132071:2025:expenditure:approved:ef86e9f4c8e49987,assigned,01,"","",retained,款,somu,
2025,expenditure,132071:2025:expenditure:approved:ef8b16d45fc53ce9,assigned,04,04.7,"",retained,款,shoko,
2025,expenditure,132071:2025:expenditure:approved:ef8d56c86d68c9ea,assigned,10,"","",retained,款,minsei,
2025,expenditure,132071:2025:expenditure:approved:ef99695347dcc56c,assigned,06,06.1,"",retained,項,akishima-doboku-jutaku,
2025,expenditure,132071:2025:expenditure:approved:ef9bca0938c221ae,assigned,04,04.7,"",retained,款,shoko,
2025,expenditure,132071:2025:expenditure:approved:efb5cd9b8a73ae5a,assigned,01,"","",retained,款,somu,
2025,expenditure,132071:2025:expenditure:approved:efbe9ca1b61c7181,assigned,10,"","",retained,款,minsei,
2025,expenditure,132071:2025:expenditure:approved:effe5e5dd72f46bf,assigned,10,"","",retained,款,minsei,
2025,expenditure,132071:2025:expenditure:approved:f00185b73c618ed6,assigned,01,"","",retained,款,somu,
2025,expenditure,132071:2025:expenditure:approved:f004c3d1c39fee67,assigned,01,"","",retained,款,somu,
2025,expenditure,132071:2025:expenditure:approved:f01473111f286c72,assigned,01,"","",retained,款,somu,
2025,expenditure,132071:2025:expenditure:approved:f01c73ebc3dc78c0,assigned,05,05.1,"",retained,項,akishima-eisei-seiso,
2025,expenditure,132071:2025:expenditure:approved:f01e73d17248aba6,assigned,07,"","",retained,項,akishima-eisei-hoken,
2025,expenditure,132071:2025:expenditure:approved:f01f6d95b64b9cbe,assigned,10,"","",retained,款,minsei,
2025,expenditure,132071:2025:expenditure:approved:f02e0d89e6c269bf,assigned,01,"","",retained,款,somu,
2025,expenditure,132071:2025:expenditure:approved:f03728e9f68f7097,assigned,01,"","",retained,款,somu,
2025,expenditure,132071:2025:expenditure:approved:f0430e6206784dc9,assigned,08,08.2,"",retained,目,akishima-shakaikyoiku-bunka,
2025,expenditure,132071:2025:expenditure:approved:f0a3679c044d87d5,assigned,05,05.1,"",retained,項,akishima-eisei-seiso,
2025,expenditure,132071:2025:expenditure:approved:f0e35ad33266870e,assigned,01,"","",retained,款,somu,
2025,expenditure,132071:2025:expenditure:approved:f0eb09d7714f5f5c,assigned,07,"","",retained,項,akishima-eisei-hoken,
2025,expenditure,132071:2025:expenditure:approved:f0f769a4dde005e2,assigned,04,04.1,04.1.2,retained,款,rodo,
2025,expenditure,132071:2025:expenditure:approved:f0f8624519ce8615,assigned,09,09.5,"",retained,項,akishima-shakaikyoiku-other,
2025,expenditure,132071:2025:expenditure:approved:f1086d518fba6349,assigned,03,03.2,"",retained,款,shobo,
2025,expenditure,132071:2025:expenditure:approved:f10e59943570eecc,assigned,03,03.2,"",retained,款,shobo,
2025,expenditure,132071:2025:expenditure:approved:f11b3ad0580be2c3,assigned,09,09.8,"",retained,項,akishima-kyoiku-gakko,
2025,expenditure,132071:2025:expenditure:approved:f11f346cc81238d7,assigned,04,04.5,04.5.1,retained,項,akishima-doboku-doro,
2025,expenditure,132071:2025:expenditure:approved:f128b8a7d2bfbe13,assigned,09,09.1,"",retained,項,akishima-kyoiku-shoto,
2025,expenditure,132071:2025:expenditure:approved:f136c7056c341787,assigned,07,"","",retained,項,akishima-eisei-hoken,
2025,expenditure,132071:2025:expenditure:approved:f176451a4687ad3b,assigned,10,"","",retained,款,minsei,
2025,expenditure,132071:2025:expenditure:approved:f17be48a2d4d2c74,assigned,09,09.5,"",retained,項,akishima-shakaikyoiku-other,
2025,expenditure,132071:2025:expenditure:approved:f17fc56fa2612f5f,assigned,09,09.5,"",retained,項,akishima-shakaikyoiku-other,
2025,expenditure,132071:2025:expenditure:approved:f194690a2132406d,assigned,01,"","",retained,款,somu,
2025,expenditure,132071:2025:expenditure:approved:f19dee25e380ee33,assigned,09,09.5,"",retained,項,akishima-shakaikyoiku-other,
2025,expenditure,132071:2025:expenditure:approved:f1ab35068c9e1332,assigned,10,"","",retained,款,minsei,
2025,expenditure,132071:2025:expenditure:approved:f1c3705a268a0389,assigned,01,"","",retained,款,somu,
2025,expenditure,132071:2025:expenditure:approved:f1c9dc49c7d07848,assigned,01,01.1,"",retained,款,gikai,
2025,expenditure,132071:2025:expenditure:approved:f1cde3bdeb514eb5,assigned,10,"","",retained,款,minsei,
2025,expenditure,132071:2025:expenditure:approved:f1e8b99c0aa7b0b3,assigned,08,08.1,"",retained,目,akishima-toshikeikaku-kouen,
2025,expenditure,132071:2025:expenditure:approved:f1ecd51cbfeaf847,assigned,01,"","",retained,款,somu,
2025,expenditure,132071:2025:expenditure:approved:f1fa459006ef985b,assigned,01,"","",retained,款,somu,
2025,expenditure,132071:2025:expenditure:approved:f219699d7404941b,assigned,09,09.1,"",retained,項,akishima-kyoiku-shoto,
2025,expenditure,132071:2025:expenditure:approved:f238fb2ad40ec3c4,assigned,04,04.1,04.1.2,retained,款,rodo,
2025,expenditure,132071:2025:expenditure:approved:f24aed2c175f88e8,assigned,08,08.1,"",retained,項,akishima-hokentaiiku-other,
2025,expenditure,132071:2025:expenditure:approved:f2752ad9c856a793,assigned,01,"","",retained,款,somu,
2025,expenditure,132071:2025:expenditure:approved:f27f3963184ad5a7,assigned,04,04.5,04.5.1,retained,項,akishima-doboku-doro,
2025,expenditure,132071:2025:expenditure:approved:f28c7b990b5980b0,assigned,10,"","",retained,款,minsei,
2025,expenditure,132071:2025:expenditure:approved:f2b207f013785441,assigned,09,09.5,"",retained,項,akishima-shakaikyoiku-other,
2025,expenditure,132071:2025:expenditure:approved:f2b5c9b2215f9117,assigned,10,"","",retained,款,minsei,
2025,expenditure,132071:2025:expenditure:approved:f2e40077755fd025,assigned,09,09.2,"",retained,項,akishima-kyoiku-chuto,
2025,expenditure,132071:2025:expenditure:approved:f2e7d5cc211e2e19,assigned,01,"","",retained,款,somu,
2025,expenditure,132071:2025:expenditure:approved:f2ec660fc6fd907f,assigned,10,"","",retained,款,minsei,
2025,expenditure,132071:2025:expenditure:approved:f3070435bac74c64,assigned,09,09.5,"",retained,項,akishima-shakaikyoiku-other,
2025,expenditure,132071:2025:expenditure:approved:f32952f521146417,assigned,10,"","",retained,款,minsei,
2025,expenditure,132071:2025:expenditure:approved:f3305f6f691e3866,assigned,07,"","",retained,項,akishima-eisei-hoken,
2025,expenditure,132071:2025:expenditure:approved:f33a4aa455b171e8,assigned,09,09.2,"",retained,項,akishima-kyoiku-chuto,
2025,expenditure,132071:2025:expenditure:approved:f33bdf3a842b95ac,assigned,10,"","",retained,款,minsei,
2025,expenditure,132071:2025:expenditure:approved:f3546b19d1d0a582,assigned,01,"","",retained,款,somu,
2025,expenditure,132071:2025:expenditure:approved:f359993c36a0238b,assigned,10,"","",retained,款,minsei,
2025,expenditure,132071:2025:expenditure:approved:f369d0b6e2eefe23,assigned,09,09.5,"",retained,項,akishima-shakaikyoiku-other,
2025,expenditure,132071:2025:expenditure:approved:f3945b5157d10a99,assigned,08,08.2,"",retained,目,akishima-shakaikyoiku-bunka,
2025,expenditure,132071:2025:expenditure:approved:f3a27ba4b70335ce,assigned,07,"","",retained,項,akishima-eisei-hoken,
2025,expenditure,132071:2025:expenditure:approved:f3a4e3902588a6b5,assigned,10,"","",retained,款,minsei,
2025,expenditure,132071:2025:expenditure:approved:f3aea7a39a8af00a,assigned,01,"","",retained,款,somu,
2025,expenditure,132071:2025:expenditure:approved:f3b8be327819f5a0,assigned,03,03.2,"",retained,款,shobo,
2025,expenditure,132071:2025:expenditure:approved:f3ecf7477b751142,assigned,01,"","",retained,款,somu,
2025,expenditure,132071:2025:expenditure:approved:f3fe2bfe765984ae,assigned,09,09.2,"",retained,項,akishima-kyoiku-chuto,
2025,expenditure,132071:2025:expenditure:approved:f411a98cf8faee31,assigned,08,08.2,"",retained,目,akishima-shakaikyoiku-bunka,
2025,expenditure,132071:2025:expenditure:approved:f421a35f77b5044d,assigned,09,09.2,"",retained,項,akishima-kyoiku-chuto,
2025,expenditure,132071:2025:expenditure:approved:f432898befdd8d2c,assigned,09,09.2,"",retained,項,akishima-kyoiku-chuto,
2025,expenditure,132071:2025:expenditure:approved:f43360c62571e5bf,assigned,01,"","",retained,款,somu,
2025,expenditure,132071:2025:expenditure:approved:f44e21ef8a5e6585,assigned,09,09.2,"",retained,項,akishima-kyoiku-chuto,
2025,expenditure,132071:2025:expenditure:approved:f461b0c35cff2287,assigned,01,"","",retained,款,somu,
2025,expenditure,132071:2025:expenditure:approved:f47f50445d191ffd,assigned,07,"","",retained,項,akishima-eisei-hoken,
2025,expenditure,132071:2025:expenditure:approved:f4c7d429497a9036,assigned,08,08.2,"",retained,目,akishima-shakaikyoiku-bunka,
2025,expenditure,132071:2025:expenditure:approved:f4d3f28ba475dc7a,assigned,01,"","",retained,款,somu,
2025,expenditure,132071:2025:expenditure:approved:f4d3f3aae9a985a8,assigned,10,"","",retained,款,minsei,
2025,expenditure,132071:2025:expenditure:approved:f4e69961d4671346,assigned,09,09.5,"",retained,項,akishima-shakaikyoiku-other,
2025,expenditure,132071:2025:expenditure:approved:f4ed00cf2b7eb42f,assigned,06,06.2,"",retained,項,akishima-toshikeikaku-other,
2025,expenditure,132071:2025:expenditure:approved:f4fcf666025a957f,assigned,03,03.2,"",retained,款,shobo,
2025,expenditure,132071:2025:expenditure:approved:f4fd20fd8bd369bb,assigned,10,"","",retained,款,minsei,
2025,expenditure,132071:2025:expenditure:approved:f51f2b8e4c0efe67,assigned,10,"","",retained,款,minsei,
2025,expenditure,132071:2025:expenditure:approved:f522c20add1ab1cb,assigned,09,09.8,"",retained,項,akishima-kyoiku-gakko,
2025,expenditure,132071:2025:expenditure:approved:f52d305ad3f36fec,assigned,08,08.1,"",retained,目,akishima-toshikeikaku-kouen,
2025,expenditure,132071:2025:expenditure:approved:f52ea0b0525bb850,assigned,09,09.5,"",retained,項,akishima-shakaikyoiku-other,
2025,expenditure,132071:2025:expenditure:approved:f55408e48b4c993b,assigned,05,05.1,"",retained,項,akishima-eisei-seiso,
2025,expenditure,132071:2025:expenditure:approved:f556436d947ae7d5,assigned,10,"","",retained,款,minsei,
2025,expenditure,132071:2025:expenditure:approved:f5600e81cd2f0cc5,assigned,01,"","",retained,款,somu,
2025,expenditure,132071:2025:expenditure:approved:f57e8477a10f545b,assigned,10,"","",retained,款,minsei,
2025,expenditure,132071:2025:expenditure:approved:f58d9786fb791b05,assigned,08,08.1,"",retained,項,akishima-hokentaiiku-other,
2025,expenditure,132071:2025:expenditure:approved:f5a5c3b5d94f5989,assigned,01,"","",retained,款,somu,
2025,expenditure,132071:2025:expenditure:approved:f5c6a5a56fb186d4,assigned,10,"","",retained,款,minsei,
2025,expenditure,132071:2025:expenditure:approved:f5d354c62ca43463,assigned,07,"","",retained,項,akishima-eisei-hoken,
2025,expenditure,132071:2025:expenditure:approved:f5d8313d6095ba75,assigned,08,08.1,"",retained,目,akishima-toshikeikaku-kouen,
2025,expenditure,132071:2025:expenditure:approved:f5ef3cb1b09992c4,assigned,01,"","",retained,款,somu,
2025,expenditure,132071:2025:expenditure:approved:f60285dbb7bcf27a,assigned,07,"","",retained,項,akishima-eisei-hoken,
2025,expenditure,132071:2025:expenditure:approved:f60bae77dbdf3523,assigned,01,"","",retained,款,somu,
2025,expenditure,132071:2025:expenditure:approved:f60f5b67b71f4982,assigned,10,"","",retained,款,minsei,
2025,expenditure,132071:2025:expenditure:approved:f612f52e12596b35,assigned,10,"","",retained,款,minsei,
2025,expenditure,132071:2025:expenditure:approved:f6145ebc84b7dc44,assigned,01,"","",retained,款,somu,
2025,expenditure,132071:2025:expenditure:approved:f618696c162a916f,assigned,10,"","",retained,款,minsei,
2025,expenditure,132071:2025:expenditure:approved:f63732965b126cd5,assigned,07,"","",retained,項,akishima-eisei-hoken,
2025,expenditure,132071:2025:expenditure:approved:f6376887f96d85c4,assigned,10,"","",retained,款,minsei,
2025,expenditure,132071:2025:expenditure:approved:f64c778c0bf62702,assigned,10,"","",retained,款,minsei,
2025,expenditure,132071:2025:expenditure:approved:f64cdfdf49663494,assigned,09,09.8,"",retained,項,akishima-kyoiku-gakko,
2025,expenditure,132071:2025:expenditure:approved:f6580eea8ac2353e,assigned,10,"","",retained,款,minsei,
2025,expenditure,132071:2025:expenditure:approved:f68f7583a6102ae9,assigned,07,"","",retained,項,akishima-eisei-hoken,
2025,expenditure,132071:2025:expenditure:approved:f6a2ce913d2e7f63,assigned,09,09.5,"",retained,項,akishima-shakaikyoiku-other,
2025,expenditure,132071:2025:expenditure:approved:f6aef00c1b8c42df,assigned,09,09.2,"",retained,項,akishima-kyoiku-chuto,
2025,expenditure,132071:2025:expenditure:approved:f6b945f8ede957bf,assigned,04,04.5,04.5.1,retained,項,akishima-doboku-doro,
2025,expenditure,132071:2025:expenditure:approved:f6bfba525f3e4989,assigned,07,"","",retained,項,akishima-eisei-hoken,
2025,expenditure,132071:2025:expenditure:approved:f6cdabe07079fa64,assigned,07,"","",retained,項,akishima-eisei-hoken,
2025,expenditure,132071:2025:expenditure:approved:f721385b42f5640d,assigned,05,05.1,"",retained,項,akishima-eisei-seiso,
2025,expenditure,132071:2025:expenditure:approved:f73b038b73a09c9a,assigned,04,04.7,"",retained,款,shoko,
2025,expenditure,132071:2025:expenditure:approved:f7499a9f270681b7,assigned,03,03.2,"",retained,款,shobo,
2025,expenditure,132071:2025:expenditure:approved:f76ee04925f27c2e,assigned,01,"","",retained,款,somu,
2025,expenditure,132071:2025:expenditure:approved:f77ab3c2f2128042,assigned,04,04.5,"",retained,項,akishima-doboku-kanri,
2025,expenditure,132071:2025:expenditure:approved:f79b43c7d2e3d5e8,assigned,01,"","",retained,款,somu,
2025,expenditure,132071:2025:expenditure:approved:f79f9771cc7bc6da,assigned,03,03.2,"",retained,款,shobo,
2025,expenditure,132071:2025:expenditure:approved:f7b7730257edb1c5,assigned,09,09.1,"",retained,項,akishima-kyoiku-shoto,
2025,expenditure,132071:2025:expenditure:approved:f7d217af1fa8706f,assigned,10,"","",retained,款,minsei,
2025,expenditure,132071:2025:expenditure:approved:f7dcf8f57e4ee9b3,assigned,08,08.1,"",retained,目,akishima-toshikeikaku-kouen,
2025,expenditure,132071:2025:expenditure:approved:f7f00cf2917407d0,assigned,01,"","",retained,款,somu,
2025,expenditure,132071:2025:expenditure:approved:f812cc687669295c,out-of-scope,"","","",retained,節,fund-accumulation,
2025,expenditure,132071:2025:expenditure:approved:f82109526919072e,assigned,10,"","",retained,款,minsei,
2025,expenditure,132071:2025:expenditure:approved:f827bfeca341820b,assigned,04,04.7,"",retained,款,shoko,
2025,expenditure,132071:2025:expenditure:approved:f8323afc8c174784,assigned,01,"","",retained,款,somu,
2025,expenditure,132071:2025:expenditure:approved:f86c7f7097ff2ed1,assigned,01,"","",retained,款,somu,
2025,expenditure,132071:2025:expenditure:approved:f88204b3e77baeba,assigned,10,"","",retained,款,minsei,
2025,expenditure,132071:2025:expenditure:approved:f8a1dfca6a3d454e,assigned,09,09.1,"",retained,項,akishima-kyoiku-shoto,
2025,expenditure,132071:2025:expenditure:approved:f8ab9fbea6ae7998,assigned,09,09.8,"",retained,項,akishima-kyoiku-gakko,
2025,expenditure,132071:2025:expenditure:approved:f8b5678a8c001cf3,assigned,07,"","",retained,項,akishima-eisei-hoken,
2025,expenditure,132071:2025:expenditure:approved:f8bb996bdcd37b33,assigned,10,"","",retained,款,minsei,
2025,expenditure,132071:2025:expenditure:approved:f8d0ce3d8e9425e4,assigned,01,"","",retained,款,somu,
2025,expenditure,132071:2025:expenditure:approved:f8d29af0eee5e27f,assigned,10,"","",retained,款,minsei,
2025,expenditure,132071:2025:expenditure:approved:f8eb4106dbdf5cfd,assigned,03,03.2,"",retained,款,shobo,
2025,expenditure,132071:2025:expenditure:approved:f91702d70c6dc5c8,assigned,08,08.1,"",retained,項,akishima-hokentaiiku-other,
2025,expenditure,132071:2025:expenditure:approved:f91c278041d2f990,assigned,07,"","",retained,項,akishima-eisei-hoken,
2025,expenditure,132071:2025:expenditure:approved:f927ecb72069043d,assigned,10,"","",retained,款,minsei,
2025,expenditure,132071:2025:expenditure:approved:f93e696b6d8216ae,assigned,09,09.1,"",retained,項,akishima-kyoiku-shoto,
2025,expenditure,132071:2025:expenditure:approved:f95525ef817b7b39,assigned,07,"","",retained,項,akishima-eisei-hoken,
2025,expenditure,132071:2025:expenditure:approved:f955444c61a9be9f,assigned,01,"","",retained,款,somu,
2025,expenditure,132071:2025:expenditure:approved:f96d10640b689939,assigned,01,"","",retained,款,somu,
2025,expenditure,132071:2025:expenditure:approved:f995e359c40e6840,assigned,09,09.8,"",retained,項,akishima-kyoiku-gakko,
2025,expenditure,132071:2025:expenditure:approved:f9e3c8453d99415a,assigned,08,08.1,"",retained,目,akishima-toshikeikaku-kouen,
2025,expenditure,132071:2025:expenditure:approved:f9e6a48a209a24b3,assigned,03,03.2,"",retained,款,shobo,
2025,expenditure,132071:2025:expenditure:approved:f9ec06ad48ed254f,assigned,10,"","",retained,款,minsei,
2025,expenditure,132071:2025:expenditure:approved:f9f3df27abc18493,assigned,09,09.1,"",retained,項,akishima-kyoiku-shoto,
2025,expenditure,132071:2025:expenditure:approved:f9fd8cc43e5251d1,assigned,09,09.2,"",retained,項,akishima-kyoiku-chuto,
2025,expenditure,132071:2025:expenditure:approved:fa15b1fe2747e21d,assigned,01,"","",retained,款,somu,
2025,expenditure,132071:2025:expenditure:approved:fa1a563d5a8abf6d,assigned,01,"","",retained,款,somu,
2025,expenditure,132071:2025:expenditure:approved:fa57b607057ce597,assigned,01,"","",retained,款,somu,
2025,expenditure,132071:2025:expenditure:approved:fa5cd628112a6b6c,assigned,10,"","",retained,款,minsei,
2025,expenditure,132071:2025:expenditure:approved:fa7aaa9850f13c67,assigned,09,09.1,"",retained,項,akishima-kyoiku-shoto,
2025,expenditure,132071:2025:expenditure:approved:fa7fff9cf2395dc7,assigned,09,09.8,"",retained,項,akishima-kyoiku-gakko,
2025,expenditure,132071:2025:expenditure:approved:fa8368829199f1e9,assigned,10,"","",retained,款,minsei,
2025,expenditure,132071:2025:expenditure:approved:fa9769de32037369,assigned,01,"","",retained,款,somu,
2025,expenditure,132071:2025:expenditure:approved:fab4f3fea98f5672,assigned,07,"","",retained,項,akishima-eisei-hoken,
2025,expenditure,132071:2025:expenditure:approved:fac282b226b8f1fe,assigned,10,"","",retained,款,minsei,
2025,expenditure,132071:2025:expenditure:approved:fb0e164713265bfc,assigned,10,"","",retained,款,minsei,
2025,expenditure,132071:2025:expenditure:approved:fb114a18c20e4131,assigned,09,09.1,"",retained,項,akishima-kyoiku-shoto,
2025,expenditure,132071:2025:expenditure:approved:fb195ac9380ff834,assigned,08,08.2,"",retained,目,akishima-shakaikyoiku-bunka,
2025,expenditure,132071:2025:expenditure:approved:fb22a1b53f762b86,assigned,08,08.2,"",retained,目,akishima-shakaikyoiku-bunka,
2025,expenditure,132071:2025:expenditure:approved:fb64fcf47a68ee9d,assigned,01,"","",retained,款,somu,
2025,expenditure,132071:2025:expenditure:approved:fb65dc321a912662,assigned,09,09.1,"",retained,項,akishima-kyoiku-shoto,
2025,expenditure,132071:2025:expenditure:approved:fb81753ce37ea0a9,assigned,09,09.8,"",retained,項,akishima-kyoiku-gakko,
2025,expenditure,132071:2025:expenditure:approved:fb89419f42d0884e,assigned,09,09.1,"",retained,項,akishima-kyoiku-shoto,
2025,expenditure,132071:2025:expenditure:approved:fb8cbb01edfb8554,assigned,04,04.7,"",retained,款,shoko,
2025,expenditure,132071:2025:expenditure:approved:fb92a21bc29678d1,assigned,09,09.5,"",retained,項,akishima-shakaikyoiku-other,
2025,expenditure,132071:2025:expenditure:approved:fb9702bcff4b857b,assigned,01,"","",retained,款,somu,
2025,expenditure,132071:2025:expenditure:approved:fb97aeb9a90de985,assigned,09,09.5,"",retained,項,akishima-shakaikyoiku-other,
2025,expenditure,132071:2025:expenditure:approved:fbb632899dd83f26,assigned,04,04.5,04.5.1,retained,項,akishima-doboku-doro,
2025,expenditure,132071:2025:expenditure:approved:fbbc3ccff547a56a,assigned,07,"","",retained,項,akishima-eisei-hoken,
2025,expenditure,132071:2025:expenditure:approved:fbd1eb2bbd34697b,assigned,01,"","",retained,款,somu,
2025,expenditure,132071:2025:expenditure:approved:fbd8e4dc8f97c05c,assigned,07,"","",retained,項,akishima-eisei-hoken,
2025,expenditure,132071:2025:expenditure:approved:fbead9bcc84b73b6,assigned,09,09.5,"",retained,項,akishima-shakaikyoiku-other,
2025,expenditure,132071:2025:expenditure:approved:fbf718cd12b4c425,assigned,04,04.5,04.5.1,retained,項,akishima-doboku-doro,
2025,expenditure,132071:2025:expenditure:approved:fc1a3658d3df323f,assigned,10,"","",retained,款,minsei,
2025,expenditure,132071:2025:expenditure:approved:fc1b4c95768d3bcb,assigned,09,09.2,"",retained,項,akishima-kyoiku-chuto,
2025,expenditure,132071:2025:expenditure:approved:fc1ffbd3f745a49e,assigned,07,"","",retained,項,akishima-eisei-hoken,
2025,expenditure,132071:2025:expenditure:approved:fc253fd35001e136,assigned,06,06.1,"",retained,項,akishima-doboku-jutaku,
2025,expenditure,132071:2025:expenditure:approved:fc438445fb987512,assigned,10,"","",retained,款,minsei,
2025,expenditure,132071:2025:expenditure:approved:fc5b11b20917e206,assigned,01,"","",retained,款,somu,
2025,expenditure,132071:2025:expenditure:approved:fc7fcf25ca428597,assigned,10,"","",retained,款,minsei,
2025,expenditure,132071:2025:expenditure:approved:fc8ad75183fad75e,assigned,10,"","",retained,款,minsei,
2025,expenditure,132071:2025:expenditure:approved:fca02e0cff79e401,assigned,01,"","",retained,款,somu,
2025,expenditure,132071:2025:expenditure:approved:fcb54710f81fc97b,assigned,09,09.6,"",retained,目,akishima-hokentaiiku-kyushoku,
2025,expenditure,132071:2025:expenditure:approved:fcc338a8b66e0765,assigned,01,"","",retained,款,somu,
2025,expenditure,132071:2025:expenditure:approved:fcd0c8e3485b4dfd,assigned,09,09.2,"",retained,項,akishima-kyoiku-chuto,
2025,expenditure,132071:2025:expenditure:approved:fcee4fb850460a5b,assigned,08,08.2,"",retained,目,akishima-shakaikyoiku-bunka,
2025,expenditure,132071:2025:expenditure:approved:fd11237d0ff1c0e5,assigned,01,"","",retained,款,somu,
2025,expenditure,132071:2025:expenditure:approved:fd1e283cbd5f9472,assigned,01,"","",retained,款,somu,
2025,expenditure,132071:2025:expenditure:approved:fd339dd21bbc9c6f,assigned,09,09.1,"",retained,項,akishima-kyoiku-shoto,
2025,expenditure,132071:2025:expenditure:approved:fd45cb9837f4ddb0,assigned,03,03.2,"",retained,款,shobo,
2025,expenditure,132071:2025:expenditure:approved:fd572edb4c787f66,assigned,10,"","",retained,款,minsei,
2025,expenditure,132071:2025:expenditure:approved:fd5a76d3b0aba3dc,assigned,09,09.8,"",retained,項,akishima-kyoiku-gakko,
2025,expenditure,132071:2025:expenditure:approved:fd6c1e464be90397,assigned,06,06.1,"",retained,項,akishima-doboku-jutaku,
2025,expenditure,132071:2025:expenditure:approved:fd7f61edec74fd67,assigned,09,09.1,"",retained,項,akishima-kyoiku-shoto,
2025,expenditure,132071:2025:expenditure:approved:fd9ab4663fae2b9a,assigned,05,05.1,"",retained,項,akishima-eisei-seiso,
2025,expenditure,132071:2025:expenditure:approved:fda6507b1b3eb87c,assigned,01,"","",retained,款,somu,
2025,expenditure,132071:2025:expenditure:approved:fdb821ac84cb4f23,assigned,01,"","",retained,款,somu,
2025,expenditure,132071:2025:expenditure:approved:fdb8f6fd60151cfc,assigned,08,08.1,"",retained,項,akishima-hokentaiiku-other,
2025,expenditure,132071:2025:expenditure:approved:fdc0d0dacd23bf97,assigned,06,06.2,"",retained,項,akishima-toshikeikaku-other,
2025,expenditure,132071:2025:expenditure:approved:fdc51fb35a991d63,assigned,01,"","",retained,款,somu,
2025,expenditure,132071:2025:expenditure:approved:fdd0db321a605369,assigned,10,"","",retained,款,minsei,
2025,expenditure,132071:2025:expenditure:approved:fddde8bd063f32aa,assigned,10,"","",retained,款,minsei,
2025,expenditure,132071:2025:expenditure:approved:fde28d75602847cf,assigned,08,08.1,"",retained,目,akishima-toshikeikaku-kouen,
2025,expenditure,132071:2025:expenditure:approved:fde33c9b0a37a25f,assigned,08,08.2,"",retained,目,akishima-shakaikyoiku-bunka,
2025,expenditure,132071:2025:expenditure:approved:fdf16cda92587de5,assigned,08,08.2,"",retained,目,akishima-shakaikyoiku-bunka,
2025,expenditure,132071:2025:expenditure:approved:fe0796f06fa68b24,assigned,07,"","",retained,項,akishima-eisei-hoken,
2025,expenditure,132071:2025:expenditure:approved:fe11afd02d0acda1,assigned,09,09.5,"",retained,項,akishima-shakaikyoiku-other,
2025,expenditure,132071:2025:expenditure:approved:fe3bf1d2d6e593d9,assigned,07,"","",retained,項,akishima-eisei-hoken,
2025,expenditure,132071:2025:expenditure:approved:fe3cb1c3f267f8af,assigned,01,"","",retained,款,somu,
2025,expenditure,132071:2025:expenditure:approved:fe45dd7770d40a65,assigned,06,06.2,"",retained,項,akishima-toshikeikaku-other,
2025,expenditure,132071:2025:expenditure:approved:fe7c45559fb6a722,assigned,10,"","",retained,款,minsei,
2025,expenditure,132071:2025:expenditure:approved:fe80b483e56436be,assigned,10,"","",retained,款,minsei,
2025,expenditure,132071:2025:expenditure:approved:fe86fff571807a06,assigned,08,08.1,"",retained,項,akishima-hokentaiiku-other,
2025,expenditure,132071:2025:expenditure:approved:fe87504606d4ece6,assigned,10,"","",retained,款,minsei,
2025,expenditure,132071:2025:expenditure:approved:fe91db49d46aa1ae,assigned,10,"","",retained,款,minsei,
2025,expenditure,132071:2025:expenditure:approved:fec74b008d65ac6d,assigned,09,09.6,"",retained,目,akishima-hokentaiiku-kyushoku,
2025,expenditure,132071:2025:expenditure:approved:fedb9fe3cb29efcc,assigned,09,09.6,"",retained,目,akishima-hokentaiiku-kyushoku,
2025,expenditure,132071:2025:expenditure:approved:fefd9886750746d7,assigned,09,09.5,"",retained,項,akishima-shakaikyoiku-other,
2025,expenditure,132071:2025:expenditure:approved:ff04b46ffba063f4,assigned,08,08.2,"",retained,目,akishima-shakaikyoiku-bunka,
2025,expenditure,132071:2025:expenditure:approved:ff171cb8b1444b42,assigned,09,09.1,"",retained,項,akishima-kyoiku-shoto,
2025,expenditure,132071:2025:expenditure:approved:ff187574851cc979,assigned,09,09.8,"",retained,項,akishima-kyoiku-gakko,
2025,expenditure,132071:2025:expenditure:approved:ff1c94f8ef21a58b,assigned,01,"","",retained,款,somu,
2025,expenditure,132071:2025:expenditure:approved:ff21ec81303c8a21,assigned,05,05.1,"",retained,項,akishima-eisei-seiso,
2025,expenditure,132071:2025:expenditure:approved:ff26358f5a85f9df,assigned,10,"","",retained,款,minsei,
2025,expenditure,132071:2025:expenditure:approved:ff5fb7e96616e701,assigned,04,04.1,04.1.2,retained,款,rodo,
2025,expenditure,132071:2025:expenditure:approved:ff6a17d0c436f899,assigned,10,"","",retained,款,minsei,
2025,expenditure,132071:2025:expenditure:approved:ff6fdeb608562edd,assigned,05,05.1,"",retained,項,akishima-eisei-seiso,
2025,expenditure,132071:2025:expenditure:approved:ff91baf33870174d,assigned,01,"","",retained,款,somu,
2025,expenditure,132071:2025:expenditure:approved:ffa58b09717a3505,assigned,10,"","",retained,款,minsei,
2025,expenditure,132071:2025:expenditure:approved:ffba9d3502c9d98b,assigned,01,"","",retained,款,somu,
2025,expenditure,132071:2025:expenditure:approved:ffc1fd12f500d420,assigned,10,"","",retained,款,minsei,
2025,expenditure,132071:2025:expenditure:approved:ffe073885b0cf8a5,assigned,08,08.1,"",retained,目,akishima-toshikeikaku-kouen,
2025,expenditure,132071:2025:expenditure:approved:ffe80f86d9ff1204,assigned,01,01.1,"",retained,款,gikai,
2025,expenditure,132071:2025:expenditure:approved:ffee11a7f88af28f,assigned,09,09.1,"",retained,項,akishima-kyoiku-shoto,
2025,expenditure,132071:2025:expenditure:approved:fffbf6c9ced1445a,assigned,08,08.1,"",retained,目,akishima-toshikeikaku-kouen,
2025,revenue,132071:2025:revenue:approved:00e975f1d2ccc031,not-applicable,"","","",retained,（規則なし）,,
2025,revenue,132071:2025:revenue:approved:00f6b2bc5e730184,not-applicable,"","","",retained,（規則なし）,,
2025,revenue,132071:2025:revenue:approved:0163550c458a259a,not-applicable,"","","",retained,（規則なし）,,
2025,revenue,132071:2025:revenue:approved:016ceb3a1f470140,not-applicable,"","","",retained,（規則なし）,,
2025,revenue,132071:2025:revenue:approved:018468b6170b654d,not-applicable,"","","",retained,（規則なし）,,
2025,revenue,132071:2025:revenue:approved:0221e90d06825a48,not-applicable,"","","",retained,（規則なし）,,
2025,revenue,132071:2025:revenue:approved:02becf7b03e06b77,not-applicable,"","","",retained,（規則なし）,,
2025,revenue,132071:2025:revenue:approved:02da12b6d997c6b2,not-applicable,"","","",retained,（規則なし）,,
2025,revenue,132071:2025:revenue:approved:03a92f903dc7a9a2,not-applicable,"","","",retained,（規則なし）,,
2025,revenue,132071:2025:revenue:approved:03ccdee1dd7543ad,not-applicable,"","","",retained,（規則なし）,,
2025,revenue,132071:2025:revenue:approved:0415ec2577e1923e,not-applicable,"","","",retained,（規則なし）,,
2025,revenue,132071:2025:revenue:approved:0418ed3dfbb51db2,not-applicable,"","","",retained,（規則なし）,,
2025,revenue,132071:2025:revenue:approved:058786e3cc55a809,not-applicable,"","","",retained,（規則なし）,,
2025,revenue,132071:2025:revenue:approved:05938c276fe16aef,not-applicable,"","","",retained,（規則なし）,,
2025,revenue,132071:2025:revenue:approved:061582f52bb1bb39,not-applicable,"","","",retained,（規則なし）,,
2025,revenue,132071:2025:revenue:approved:06fa35a3fe295a4e,not-applicable,"","","",retained,（規則なし）,,
2025,revenue,132071:2025:revenue:approved:079f36d13fdbcad0,not-applicable,"","","",retained,（規則なし）,,
2025,revenue,132071:2025:revenue:approved:083a580bc207eee3,not-applicable,"","","",retained,（規則なし）,,
2025,revenue,132071:2025:revenue:approved:0926223eefd1384b,not-applicable,"","","",retained,（規則なし）,,
2025,revenue,132071:2025:revenue:approved:0a578d8c001bcf4c,not-applicable,"","","",retained,（規則なし）,,
2025,revenue,132071:2025:revenue:approved:0b6b28b4813b09e4,not-applicable,"","","",retained,（規則なし）,,
2025,revenue,132071:2025:revenue:approved:0bf26c382a2ad997,not-applicable,"","","",retained,（規則なし）,,
2025,revenue,132071:2025:revenue:approved:0c07426b6c290463,not-applicable,"","","",retained,（規則なし）,,
2025,revenue,132071:2025:revenue:approved:0c36af4b971a4947,not-applicable,"","","",retained,（規則なし）,,
2025,revenue,132071:2025:revenue:approved:0cdfe4b216b9836a,not-applicable,"","","",retained,（規則なし）,,
2025,revenue,132071:2025:revenue:approved:0d0a2bd63f23dd9e,not-applicable,"","","",retained,（規則なし）,,
2025,revenue,132071:2025:revenue:approved:0f86537152912c5c,not-applicable,"","","",retained,（規則なし）,,
2025,revenue,132071:2025:revenue:approved:1045364fcf8e2e85,not-applicable,"","","",retained,（規則なし）,,
2025,revenue,132071:2025:revenue:approved:12313fa048a3a1be,not-applicable,"","","",retained,（規則なし）,,
2025,revenue,132071:2025:revenue:approved:12acbead5d9c7b37,not-applicable,"","","",retained,（規則なし）,,
2025,revenue,132071:2025:revenue:approved:13032946d982eb3e,not-applicable,"","","",retained,（規則なし）,,
2025,revenue,132071:2025:revenue:approved:13b88a7132535d7f,not-applicable,"","","",retained,（規則なし）,,
2025,revenue,132071:2025:revenue:approved:13dc9bc9698e01c9,not-applicable,"","","",retained,（規則なし）,,
2025,revenue,132071:2025:revenue:approved:13eb4c02d26b4184,not-applicable,"","","",retained,（規則なし）,,
2025,revenue,132071:2025:revenue:approved:14171a47d2c59a1c,not-applicable,"","","",retained,（規則なし）,,
2025,revenue,132071:2025:revenue:approved:153a197d478afed6,not-applicable,"","","",retained,（規則なし）,,
2025,revenue,132071:2025:revenue:approved:1550ef7e25d99940,not-applicable,"","","",retained,（規則なし）,,
2025,revenue,132071:2025:revenue:approved:15dffc4650e2a0bf,not-applicable,"","","",retained,（規則なし）,,
2025,revenue,132071:2025:revenue:approved:169c4ce9e896c218,not-applicable,"","","",retained,（規則なし）,,
2025,revenue,132071:2025:revenue:approved:1758b3dcec8d01c3,not-applicable,"","","",retained,（規則なし）,,
2025,revenue,132071:2025:revenue:approved:184b2bf756b4f51d,not-applicable,"","","",retained,（規則なし）,,
2025,revenue,132071:2025:revenue:approved:18bcaea82b714ee3,not-applicable,"","","",retained,（規則なし）,,
2025,revenue,132071:2025:revenue:approved:19013c3d1b147c25,not-applicable,"","","",retained,（規則なし）,,
2025,revenue,132071:2025:revenue:approved:19836f689c1ee747,not-applicable,"","","",retained,（規則なし）,,
2025,revenue,132071:2025:revenue:approved:1a77b0be4961644a,not-applicable,"","","",retained,（規則なし）,,
2025,revenue,132071:2025:revenue:approved:1a95fe384fc67647,not-applicable,"","","",retained,（規則なし）,,
2025,revenue,132071:2025:revenue:approved:1b3f85ee4a09e091,not-applicable,"","","",retained,（規則なし）,,
2025,revenue,132071:2025:revenue:approved:1c2bb32512c5ffa6,not-applicable,"","","",retained,（規則なし）,,
2025,revenue,132071:2025:revenue:approved:1c60970e43c9b137,not-applicable,"","","",retained,（規則なし）,,
2025,revenue,132071:2025:revenue:approved:1c833499d0dfafff,not-applicable,"","","",retained,（規則なし）,,
2025,revenue,132071:2025:revenue:approved:1cd3cd16dc975dd2,not-applicable,"","","",retained,（規則なし）,,
2025,revenue,132071:2025:revenue:approved:1cfe53a4c1f42769,not-applicable,"","","",retained,（規則なし）,,
2025,revenue,132071:2025:revenue:approved:1d94320ee8e769cb,not-applicable,"","","",retained,（規則なし）,,
2025,revenue,132071:2025:revenue:approved:1e47fe2c9bcf384d,not-applicable,"","","",retained,（規則なし）,,
2025,revenue,132071:2025:revenue:approved:1fe5f6bd4a1011b2,not-applicable,"","","",retained,（規則なし）,,
2025,revenue,132071:2025:revenue:approved:201fff97b0edf904,not-applicable,"","","",retained,（規則なし）,,
2025,revenue,132071:2025:revenue:approved:2075f2bcfe50f6b1,not-applicable,"","","",retained,（規則なし）,,
2025,revenue,132071:2025:revenue:approved:20a052ff1d0f0ffb,not-applicable,"","","",retained,（規則なし）,,
2025,revenue,132071:2025:revenue:approved:22b4da246fae4111,not-applicable,"","","",retained,（規則なし）,,
2025,revenue,132071:2025:revenue:approved:22e54db6392353c6,not-applicable,"","","",retained,（規則なし）,,
2025,revenue,132071:2025:revenue:approved:24beec2af380f548,not-applicable,"","","",retained,（規則なし）,,
2025,revenue,132071:2025:revenue:approved:24f89dfcd0fdf04b,not-applicable,"","","",retained,（規則なし）,,
2025,revenue,132071:2025:revenue:approved:25641c6ddd7fbf1a,not-applicable,"","","",retained,（規則なし）,,
2025,revenue,132071:2025:revenue:approved:25bd4b1c76645c8d,not-applicable,"","","",retained,（規則なし）,,
2025,revenue,132071:2025:revenue:approved:25eb34a2c727ab54,not-applicable,"","","",retained,（規則なし）,,
2025,revenue,132071:2025:revenue:approved:25f0d3ced8339298,not-applicable,"","","",retained,（規則なし）,,
2025,revenue,132071:2025:revenue:approved:260fef018177b9a2,not-applicable,"","","",retained,（規則なし）,,
2025,revenue,132071:2025:revenue:approved:27052b45137cec94,not-applicable,"","","",retained,（規則なし）,,
2025,revenue,132071:2025:revenue:approved:291fdb1ab78d9344,not-applicable,"","","",retained,（規則なし）,,
2025,revenue,132071:2025:revenue:approved:29cb315ac61cb61d,not-applicable,"","","",retained,（規則なし）,,
2025,revenue,132071:2025:revenue:approved:2aa0ea67ce06f9dd,not-applicable,"","","",retained,（規則なし）,,
2025,revenue,132071:2025:revenue:approved:2aa7b3a5ef380513,not-applicable,"","","",retained,（規則なし）,,
2025,revenue,132071:2025:revenue:approved:2aa91611c06c04e2,not-applicable,"","","",retained,（規則なし）,,
2025,revenue,132071:2025:revenue:approved:2ae1850e189272e3,not-applicable,"","","",retained,（規則なし）,,
2025,revenue,132071:2025:revenue:approved:2af5d9c8ddbbf477,not-applicable,"","","",retained,（規則なし）,,
2025,revenue,132071:2025:revenue:approved:2cab6f1047fc4cd1,not-applicable,"","","",retained,（規則なし）,,
2025,revenue,132071:2025:revenue:approved:2ce58dcc73784051,not-applicable,"","","",retained,（規則なし）,,
2025,revenue,132071:2025:revenue:approved:2decb554049d6945,not-applicable,"","","",retained,（規則なし）,,
2025,revenue,132071:2025:revenue:approved:2e0a02b481a0ba12,not-applicable,"","","",retained,（規則なし）,,
2025,revenue,132071:2025:revenue:approved:2edd3ffea12c8324,not-applicable,"","","",retained,（規則なし）,,
2025,revenue,132071:2025:revenue:approved:2f50ee09e954b796,not-applicable,"","","",retained,（規則なし）,,
2025,revenue,132071:2025:revenue:approved:2f81068de62131cc,not-applicable,"","","",retained,（規則なし）,,
2025,revenue,132071:2025:revenue:approved:30c163532fc2a694,not-applicable,"","","",retained,（規則なし）,,
2025,revenue,132071:2025:revenue:approved:3160fb010db18dfe,not-applicable,"","","",retained,（規則なし）,,
2025,revenue,132071:2025:revenue:approved:320ccfd27d65afc9,not-applicable,"","","",retained,（規則なし）,,
2025,revenue,132071:2025:revenue:approved:331052646f19eb58,not-applicable,"","","",retained,（規則なし）,,
2025,revenue,132071:2025:revenue:approved:33dfe9bb3d9dccf9,not-applicable,"","","",retained,（規則なし）,,
2025,revenue,132071:2025:revenue:approved:33f3dcebd5911fe3,not-applicable,"","","",retained,（規則なし）,,
2025,revenue,132071:2025:revenue:approved:33fa7117b433b7c8,not-applicable,"","","",retained,（規則なし）,,
2025,revenue,132071:2025:revenue:approved:343f3cebdf937541,not-applicable,"","","",retained,（規則なし）,,
2025,revenue,132071:2025:revenue:approved:3615c2f4b45f6b9d,not-applicable,"","","",retained,（規則なし）,,
2025,revenue,132071:2025:revenue:approved:3669dae8fbf1eaf9,not-applicable,"","","",retained,（規則なし）,,
2025,revenue,132071:2025:revenue:approved:36ceddd67b7543b3,not-applicable,"","","",retained,（規則なし）,,
2025,revenue,132071:2025:revenue:approved:370c79a92b58517b,not-applicable,"","","",retained,（規則なし）,,
2025,revenue,132071:2025:revenue:approved:37272ce28f6ef753,not-applicable,"","","",retained,（規則なし）,,
2025,revenue,132071:2025:revenue:approved:37b53ac03e81164e,not-applicable,"","","",retained,（規則なし）,,
2025,revenue,132071:2025:revenue:approved:3819714b7fb9d781,not-applicable,"","","",retained,（規則なし）,,
2025,revenue,132071:2025:revenue:approved:3824bd14f56899bc,not-applicable,"","","",retained,（規則なし）,,
2025,revenue,132071:2025:revenue:approved:383078cde78fa868,not-applicable,"","","",retained,（規則なし）,,
2025,revenue,132071:2025:revenue:approved:390f67fda898e158,not-applicable,"","","",retained,（規則なし）,,
2025,revenue,132071:2025:revenue:approved:3aebb9f35b11c24d,not-applicable,"","","",retained,（規則なし）,,
2025,revenue,132071:2025:revenue:approved:3d97f43f49bfcdd1,not-applicable,"","","",retained,（規則なし）,,
2025,revenue,132071:2025:revenue:approved:3dd9692cfce0a979,not-applicable,"","","",retained,（規則なし）,,
2025,revenue,132071:2025:revenue:approved:3dec038e4b94d9b7,not-applicable,"","","",retained,（規則なし）,,
2025,revenue,132071:2025:revenue:approved:3edeccbb90b91fda,not-applicable,"","","",retained,（規則なし）,,
2025,revenue,132071:2025:revenue:approved:3fc4f3f05f8ec7c4,not-applicable,"","","",retained,（規則なし）,,
2025,revenue,132071:2025:revenue:approved:40b54a417bbfe32a,not-applicable,"","","",retained,（規則なし）,,
2025,revenue,132071:2025:revenue:approved:40bc5f75a3be8348,not-applicable,"","","",retained,（規則なし）,,
2025,revenue,132071:2025:revenue:approved:42cf21be1027e3ee,not-applicable,"","","",retained,（規則なし）,,
2025,revenue,132071:2025:revenue:approved:42eb0c1eaf90e18d,not-applicable,"","","",retained,（規則なし）,,
2025,revenue,132071:2025:revenue:approved:43054d0ee097273d,not-applicable,"","","",retained,（規則なし）,,
2025,revenue,132071:2025:revenue:approved:434ea90cb18355f7,not-applicable,"","","",retained,（規則なし）,,
2025,revenue,132071:2025:revenue:approved:435b2005d6ea8bdd,not-applicable,"","","",retained,（規則なし）,,
2025,revenue,132071:2025:revenue:approved:43b6cd410ec05c66,not-applicable,"","","",retained,（規則なし）,,
2025,revenue,132071:2025:revenue:approved:453145c95bdb29a2,not-applicable,"","","",retained,（規則なし）,,
2025,revenue,132071:2025:revenue:approved:468025fe7de876b6,not-applicable,"","","",retained,（規則なし）,,
2025,revenue,132071:2025:revenue:approved:46dec4d8d1e28a2f,not-applicable,"","","",retained,（規則なし）,,
2025,revenue,132071:2025:revenue:approved:47a1667b8030a426,not-applicable,"","","",retained,（規則なし）,,
2025,revenue,132071:2025:revenue:approved:490a2efcf7fa42b4,not-applicable,"","","",retained,（規則なし）,,
2025,revenue,132071:2025:revenue:approved:496bd940c036a67e,not-applicable,"","","",retained,（規則なし）,,
2025,revenue,132071:2025:revenue:approved:49727272797a50ae,not-applicable,"","","",retained,（規則なし）,,
2025,revenue,132071:2025:revenue:approved:4ad34416e66c5490,not-applicable,"","","",retained,（規則なし）,,
2025,revenue,132071:2025:revenue:approved:4ba135e2f8d7749d,not-applicable,"","","",retained,（規則なし）,,
2025,revenue,132071:2025:revenue:approved:4bee51a7e8846e2e,not-applicable,"","","",retained,（規則なし）,,
2025,revenue,132071:2025:revenue:approved:4c5e07046c4542c1,not-applicable,"","","",retained,（規則なし）,,
2025,revenue,132071:2025:revenue:approved:4c81ae619fe98048,not-applicable,"","","",retained,（規則なし）,,
2025,revenue,132071:2025:revenue:approved:4e3574096712a08a,not-applicable,"","","",retained,（規則なし）,,
2025,revenue,132071:2025:revenue:approved:4e38ad0acafd3b35,not-applicable,"","","",retained,（規則なし）,,
2025,revenue,132071:2025:revenue:approved:4e41d60a8f09d622,not-applicable,"","","",retained,（規則なし）,,
2025,revenue,132071:2025:revenue:approved:4f18b164f30775f9,not-applicable,"","","",retained,（規則なし）,,
2025,revenue,132071:2025:revenue:approved:501f584aad95e3f7,not-applicable,"","","",retained,（規則なし）,,
2025,revenue,132071:2025:revenue:approved:505c979a6f7c953b,not-applicable,"","","",retained,（規則なし）,,
2025,revenue,132071:2025:revenue:approved:511a2eb83882e603,not-applicable,"","","",retained,（規則なし）,,
2025,revenue,132071:2025:revenue:approved:511e7c3495874d17,not-applicable,"","","",retained,（規則なし）,,
2025,revenue,132071:2025:revenue:approved:511f40d0a05f0346,not-applicable,"","","",retained,（規則なし）,,
2025,revenue,132071:2025:revenue:approved:52755a50b550748a,not-applicable,"","","",retained,（規則なし）,,
2025,revenue,132071:2025:revenue:approved:5464a22b030463d2,not-applicable,"","","",retained,（規則なし）,,
2025,revenue,132071:2025:revenue:approved:56442ed07dd1d113,not-applicable,"","","",retained,（規則なし）,,
2025,revenue,132071:2025:revenue:approved:56820b8e6e4536c4,not-applicable,"","","",retained,（規則なし）,,
2025,revenue,132071:2025:revenue:approved:58ce65e29f9a61f0,not-applicable,"","","",retained,（規則なし）,,
2025,revenue,132071:2025:revenue:approved:591b9e38ba14c3de,not-applicable,"","","",retained,（規則なし）,,
2025,revenue,132071:2025:revenue:approved:59437c4b5ec273b3,not-applicable,"","","",retained,（規則なし）,,
2025,revenue,132071:2025:revenue:approved:5a453899e2c724b5,not-applicable,"","","",retained,（規則なし）,,
2025,revenue,132071:2025:revenue:approved:5cb89c84ff38a4bf,not-applicable,"","","",retained,（規則なし）,,
2025,revenue,132071:2025:revenue:approved:5d2d6c7ae0077118,not-applicable,"","","",retained,（規則なし）,,
2025,revenue,132071:2025:revenue:approved:5f26275caef236cf,not-applicable,"","","",retained,（規則なし）,,
2025,revenue,132071:2025:revenue:approved:5f958b2c0c0d05a9,not-applicable,"","","",retained,（規則なし）,,
2025,revenue,132071:2025:revenue:approved:5fac28dfb11b9223,not-applicable,"","","",retained,（規則なし）,,
2025,revenue,132071:2025:revenue:approved:605755934015b208,not-applicable,"","","",retained,（規則なし）,,
2025,revenue,132071:2025:revenue:approved:61320a4db93168fb,not-applicable,"","","",retained,（規則なし）,,
2025,revenue,132071:2025:revenue:approved:61474f0ff7c10bfc,not-applicable,"","","",retained,（規則なし）,,
2025,revenue,132071:2025:revenue:approved:61526d81499efbed,not-applicable,"","","",retained,（規則なし）,,
2025,revenue,132071:2025:revenue:approved:61a616a710a702af,not-applicable,"","","",retained,（規則なし）,,
2025,revenue,132071:2025:revenue:approved:62f622645e317d29,not-applicable,"","","",retained,（規則なし）,,
2025,revenue,132071:2025:revenue:approved:63ef5265870a36c7,not-applicable,"","","",retained,（規則なし）,,
2025,revenue,132071:2025:revenue:approved:63f8272d9b4329e8,not-applicable,"","","",retained,（規則なし）,,
2025,revenue,132071:2025:revenue:approved:650fe05b20f38c65,not-applicable,"","","",retained,（規則なし）,,
2025,revenue,132071:2025:revenue:approved:657f8e5bf5eef755,not-applicable,"","","",retained,（規則なし）,,
2025,revenue,132071:2025:revenue:approved:6644f77843bfeab4,not-applicable,"","","",retained,（規則なし）,,
2025,revenue,132071:2025:revenue:approved:664baf6123f4c9a6,not-applicable,"","","",retained,（規則なし）,,
2025,revenue,132071:2025:revenue:approved:6650645c29386b3b,not-applicable,"","","",retained,（規則なし）,,
2025,revenue,132071:2025:revenue:approved:665616c247d8be86,not-applicable,"","","",retained,（規則なし）,,
2025,revenue,132071:2025:revenue:approved:6696cf762628a9ac,not-applicable,"","","",retained,（規則なし）,,
2025,revenue,132071:2025:revenue:approved:66bfad437d638473,not-applicable,"","","",retained,（規則なし）,,
2025,revenue,132071:2025:revenue:approved:6742524616afd08e,not-applicable,"","","",retained,（規則なし）,,
2025,revenue,132071:2025:revenue:approved:6869de8addc758e0,not-applicable,"","","",retained,（規則なし）,,
2025,revenue,132071:2025:revenue:approved:68f0833e3e350f75,not-applicable,"","","",retained,（規則なし）,,
2025,revenue,132071:2025:revenue:approved:68f3047a7bdb16ab,not-applicable,"","","",retained,（規則なし）,,
2025,revenue,132071:2025:revenue:approved:69900c28bc46afcd,not-applicable,"","","",retained,（規則なし）,,
2025,revenue,132071:2025:revenue:approved:69d52eae018d48c6,not-applicable,"","","",retained,（規則なし）,,
2025,revenue,132071:2025:revenue:approved:6a5c03c4605f6567,not-applicable,"","","",retained,（規則なし）,,
2025,revenue,132071:2025:revenue:approved:6a73d98f3b904f07,not-applicable,"","","",retained,（規則なし）,,
2025,revenue,132071:2025:revenue:approved:6a7a47d1351a2277,not-applicable,"","","",retained,（規則なし）,,
2025,revenue,132071:2025:revenue:approved:6ae9c68268a97b10,not-applicable,"","","",retained,（規則なし）,,
2025,revenue,132071:2025:revenue:approved:6c7cf8ac4cf4e48c,not-applicable,"","","",retained,（規則なし）,,
2025,revenue,132071:2025:revenue:approved:6dd03c242b43679d,not-applicable,"","","",retained,（規則なし）,,
2025,revenue,132071:2025:revenue:approved:6de4385e806f0981,not-applicable,"","","",retained,（規則なし）,,
2025,revenue,132071:2025:revenue:approved:6f6b7fd2f9f83a7d,not-applicable,"","","",retained,（規則なし）,,
2025,revenue,132071:2025:revenue:approved:6fc74f160f2b3c69,not-applicable,"","","",retained,（規則なし）,,
2025,revenue,132071:2025:revenue:approved:71aff3de6e9ab418,not-applicable,"","","",retained,（規則なし）,,
2025,revenue,132071:2025:revenue:approved:73f49d3fb0029d65,not-applicable,"","","",retained,（規則なし）,,
2025,revenue,132071:2025:revenue:approved:74140b4400a43535,not-applicable,"","","",retained,（規則なし）,,
2025,revenue,132071:2025:revenue:approved:74af11878f877744,not-applicable,"","","",retained,（規則なし）,,
2025,revenue,132071:2025:revenue:approved:74ef160e0add2170,not-applicable,"","","",retained,（規則なし）,,
2025,revenue,132071:2025:revenue:approved:7503ed3319b152ae,not-applicable,"","","",retained,（規則なし）,,
2025,revenue,132071:2025:revenue:approved:753a25f80d720b0c,not-applicable,"","","",retained,（規則なし）,,
2025,revenue,132071:2025:revenue:approved:7593bb5757f0884e,not-applicable,"","","",retained,（規則なし）,,
2025,revenue,132071:2025:revenue:approved:75ac06d75ab32197,not-applicable,"","","",retained,（規則なし）,,
2025,revenue,132071:2025:revenue:approved:762d76c0a3452155,not-applicable,"","","",retained,（規則なし）,,
2025,revenue,132071:2025:revenue:approved:763208963b6eff03,not-applicable,"","","",retained,（規則なし）,,
2025,revenue,132071:2025:revenue:approved:764c72d9407da9f3,not-applicable,"","","",retained,（規則なし）,,
2025,revenue,132071:2025:revenue:approved:78132ecebc54708a,not-applicable,"","","",retained,（規則なし）,,
2025,revenue,132071:2025:revenue:approved:794573f57381c56e,not-applicable,"","","",retained,（規則なし）,,
2025,revenue,132071:2025:revenue:approved:79584eaecad46dc3,not-applicable,"","","",retained,（規則なし）,,
2025,revenue,132071:2025:revenue:approved:7988a4b9ade04f21,not-applicable,"","","",retained,（規則なし）,,
2025,revenue,132071:2025:revenue:approved:79ba23c2b091f653,not-applicable,"","","",retained,（規則なし）,,
2025,revenue,132071:2025:revenue:approved:79fe3065244aea8b,not-applicable,"","","",retained,（規則なし）,,
2025,revenue,132071:2025:revenue:approved:7a4be98f737ef981,not-applicable,"","","",retained,（規則なし）,,
2025,revenue,132071:2025:revenue:approved:7a8eccba5cc48ce4,not-applicable,"","","",retained,（規則なし）,,
2025,revenue,132071:2025:revenue:approved:7ac2684e19a17c59,not-applicable,"","","",retained,（規則なし）,,
2025,revenue,132071:2025:revenue:approved:7aeca89be969219c,not-applicable,"","","",retained,（規則なし）,,
2025,revenue,132071:2025:revenue:approved:7b1bc337a5bb63a2,not-applicable,"","","",retained,（規則なし）,,
2025,revenue,132071:2025:revenue:approved:7b6e58eb8b954c1c,not-applicable,"","","",retained,（規則なし）,,
2025,revenue,132071:2025:revenue:approved:7b7dc70f66e43132,not-applicable,"","","",retained,（規則なし）,,
2025,revenue,132071:2025:revenue:approved:7bca21870f592b72,not-applicable,"","","",retained,（規則なし）,,
2025,revenue,132071:2025:revenue:approved:7c1eaf6567d8d66f,not-applicable,"","","",retained,（規則なし）,,
2025,revenue,132071:2025:revenue:approved:7c215d121963854a,not-applicable,"","","",retained,（規則なし）,,
2025,revenue,132071:2025:revenue:approved:7d5bc6ccc2735553,not-applicable,"","","",retained,（規則なし）,,
2025,revenue,132071:2025:revenue:approved:7dd9a7e4a7eef010,not-applicable,"","","",retained,（規則なし）,,
2025,revenue,132071:2025:revenue:approved:7f51dc5b30c0ee23,not-applicable,"","","",retained,（規則なし）,,
2025,revenue,132071:2025:revenue:approved:7fbd263b3c780230,not-applicable,"","","",retained,（規則なし）,,
2025,revenue,132071:2025:revenue:approved:81cd50eae92cdd3f,not-applicable,"","","",retained,（規則なし）,,
2025,revenue,132071:2025:revenue:approved:8298116c3a3ebc05,not-applicable,"","","",retained,（規則なし）,,
2025,revenue,132071:2025:revenue:approved:8391114edbd2dc02,not-applicable,"","","",retained,（規則なし）,,
2025,revenue,132071:2025:revenue:approved:840a978d9b562ad9,not-applicable,"","","",retained,（規則なし）,,
2025,revenue,132071:2025:revenue:approved:8465b2dd2a30b19d,not-applicable,"","","",retained,（規則なし）,,
2025,revenue,132071:2025:revenue:approved:846f2d67d2cd2371,not-applicable,"","","",retained,（規則なし）,,
2025,revenue,132071:2025:revenue:approved:8508c693f173f0aa,not-applicable,"","","",retained,（規則なし）,,
2025,revenue,132071:2025:revenue:approved:8646e70b5c2dabe2,not-applicable,"","","",retained,（規則なし）,,
2025,revenue,132071:2025:revenue:approved:868c879680c24a2d,not-applicable,"","","",retained,（規則なし）,,
2025,revenue,132071:2025:revenue:approved:86a564aec6b59038,not-applicable,"","","",retained,（規則なし）,,
2025,revenue,132071:2025:revenue:approved:871d85fd6f27a102,not-applicable,"","","",retained,（規則なし）,,
2025,revenue,132071:2025:revenue:approved:876357a6f6c2cd4b,not-applicable,"","","",retained,（規則なし）,,
2025,revenue,132071:2025:revenue:approved:87dab71a451027b5,not-applicable,"","","",retained,（規則なし）,,
2025,revenue,132071:2025:revenue:approved:8918d6f10a43df5d,not-applicable,"","","",retained,（規則なし）,,
2025,revenue,132071:2025:revenue:approved:89cbb1a54655e19b,not-applicable,"","","",retained,（規則なし）,,
2025,revenue,132071:2025:revenue:approved:8a29c9be15324f1e,not-applicable,"","","",retained,（規則なし）,,
2025,revenue,132071:2025:revenue:approved:8a47db5a60a87ecd,not-applicable,"","","",retained,（規則なし）,,
2025,revenue,132071:2025:revenue:approved:8a824e4a668744cf,not-applicable,"","","",retained,（規則なし）,,
2025,revenue,132071:2025:revenue:approved:8b5be930a794c2ba,not-applicable,"","","",retained,（規則なし）,,
2025,revenue,132071:2025:revenue:approved:8b9903e69f28c283,not-applicable,"","","",retained,（規則なし）,,
2025,revenue,132071:2025:revenue:approved:8bb66906620342e3,not-applicable,"","","",retained,（規則なし）,,
2025,revenue,132071:2025:revenue:approved:8c6cdc24f69351ac,not-applicable,"","","",retained,（規則なし）,,
2025,revenue,132071:2025:revenue:approved:8e07ecbcb0578059,not-applicable,"","","",retained,（規則なし）,,
2025,revenue,132071:2025:revenue:approved:8e70c0f992edd375,not-applicable,"","","",retained,（規則なし）,,
2025,revenue,132071:2025:revenue:approved:8e78de3d102e9fdc,not-applicable,"","","",retained,（規則なし）,,
2025,revenue,132071:2025:revenue:approved:8e93f99c6c1c0023,not-applicable,"","","",retained,（規則なし）,,
2025,revenue,132071:2025:revenue:approved:8ebbcebd4a065a62,not-applicable,"","","",retained,（規則なし）,,
2025,revenue,132071:2025:revenue:approved:8f1e0a5eb30e47bc,not-applicable,"","","",retained,（規則なし）,,
2025,revenue,132071:2025:revenue:approved:8faed693d04553c9,not-applicable,"","","",retained,（規則なし）,,
2025,revenue,132071:2025:revenue:approved:8fe2fd73d23b750b,not-applicable,"","","",retained,（規則なし）,,
2025,revenue,132071:2025:revenue:approved:8fe9b2efa5a27a41,not-applicable,"","","",retained,（規則なし）,,
2025,revenue,132071:2025:revenue:approved:901509598fca7a4d,not-applicable,"","","",retained,（規則なし）,,
2025,revenue,132071:2025:revenue:approved:93bc391be1628457,not-applicable,"","","",retained,（規則なし）,,
2025,revenue,132071:2025:revenue:approved:94229c23e778d4a0,not-applicable,"","","",retained,（規則なし）,,
2025,revenue,132071:2025:revenue:approved:95450badc90c31a6,not-applicable,"","","",retained,（規則なし）,,
2025,revenue,132071:2025:revenue:approved:9567ef42b99a1c45,not-applicable,"","","",retained,（規則なし）,,
2025,revenue,132071:2025:revenue:approved:96e370fe1e90da86,not-applicable,"","","",retained,（規則なし）,,
2025,revenue,132071:2025:revenue:approved:96f94cdaeb49fe50,not-applicable,"","","",retained,（規則なし）,,
2025,revenue,132071:2025:revenue:approved:97456e475d95ef5f,not-applicable,"","","",retained,（規則なし）,,
2025,revenue,132071:2025:revenue:approved:97ce75a78aa00a45,not-applicable,"","","",retained,（規則なし）,,
2025,revenue,132071:2025:revenue:approved:989488c489be1fde,not-applicable,"","","",retained,（規則なし）,,
2025,revenue,132071:2025:revenue:approved:9a18ebbcea687f37,not-applicable,"","","",retained,（規則なし）,,
2025,revenue,132071:2025:revenue:approved:9a37099ce2ffd560,not-applicable,"","","",retained,（規則なし）,,
2025,revenue,132071:2025:revenue:approved:9b5efc8b89d84a54,not-applicable,"","","",retained,（規則なし）,,
2025,revenue,132071:2025:revenue:approved:9bdfc8ccc1c166b4,not-applicable,"","","",retained,（規則なし）,,
2025,revenue,132071:2025:revenue:approved:9be11608fa8b79d1,not-applicable,"","","",retained,（規則なし）,,
2025,revenue,132071:2025:revenue:approved:9c84ebdfa67f9f2f,not-applicable,"","","",retained,（規則なし）,,
2025,revenue,132071:2025:revenue:approved:9d1d835ff9cf9c4d,not-applicable,"","","",retained,（規則なし）,,
2025,revenue,132071:2025:revenue:approved:9d4bf35c8574ecbc,not-applicable,"","","",retained,（規則なし）,,
2025,revenue,132071:2025:revenue:approved:9d7ce511275e7da9,not-applicable,"","","",retained,（規則なし）,,
2025,revenue,132071:2025:revenue:approved:9f9c73ed8150cf14,not-applicable,"","","",retained,（規則なし）,,
2025,revenue,132071:2025:revenue:approved:a136a959a70c53d1,not-applicable,"","","",retained,（規則なし）,,
2025,revenue,132071:2025:revenue:approved:a1a4693fdbd222ad,not-applicable,"","","",retained,（規則なし）,,
2025,revenue,132071:2025:revenue:approved:a2bebb2252cf5a8e,not-applicable,"","","",retained,（規則なし）,,
2025,revenue,132071:2025:revenue:approved:a48ae9cbc0e143a7,not-applicable,"","","",retained,（規則なし）,,
2025,revenue,132071:2025:revenue:approved:a4f08042479b0cfc,not-applicable,"","","",retained,（規則なし）,,
2025,revenue,132071:2025:revenue:approved:a5b5b3e7c5b589e6,not-applicable,"","","",retained,（規則なし）,,
2025,revenue,132071:2025:revenue:approved:a5b64b2a1646273f,not-applicable,"","","",retained,（規則なし）,,
2025,revenue,132071:2025:revenue:approved:a5dc6a0347dcfa5c,not-applicable,"","","",retained,（規則なし）,,
2025,revenue,132071:2025:revenue:approved:a5e53385d2b074d9,not-applicable,"","","",retained,（規則なし）,,
2025,revenue,132071:2025:revenue:approved:a60ea77b5a9c7b60,not-applicable,"","","",retained,（規則なし）,,
2025,revenue,132071:2025:revenue:approved:a61c777d945e208f,not-applicable,"","","",retained,（規則なし）,,
2025,revenue,132071:2025:revenue:approved:a6b8402955a5eba8,not-applicable,"","","",retained,（規則なし）,,
2025,revenue,132071:2025:revenue:approved:a715df773cd64b11,not-applicable,"","","",retained,（規則なし）,,
2025,revenue,132071:2025:revenue:approved:a77cc2d3e828a14d,not-applicable,"","","",retained,（規則なし）,,
2025,revenue,132071:2025:revenue:approved:a7e8258d9b9e3fa0,not-applicable,"","","",retained,（規則なし）,,
2025,revenue,132071:2025:revenue:approved:a88ecc236881ec6d,not-applicable,"","","",retained,（規則なし）,,
2025,revenue,132071:2025:revenue:approved:a931a07b34b37015,not-applicable,"","","",retained,（規則なし）,,
2025,revenue,132071:2025:revenue:approved:a97e7327d3a35b08,not-applicable,"","","",retained,（規則なし）,,
2025,revenue,132071:2025:revenue:approved:a9937691e2ab2413,not-applicable,"","","",retained,（規則なし）,,
2025,revenue,132071:2025:revenue:approved:aabc8e15fa788325,not-applicable,"","","",retained,（規則なし）,,
2025,revenue,132071:2025:revenue:approved:aacf47eb63cb6c6d,not-applicable,"","","",retained,（規則なし）,,
2025,revenue,132071:2025:revenue:approved:abe720fbccb8f9c6,not-applicable,"","","",retained,（規則なし）,,
2025,revenue,132071:2025:revenue:approved:ac66751fc15c45ae,not-applicable,"","","",retained,（規則なし）,,
2025,revenue,132071:2025:revenue:approved:ac7a381b513650ae,not-applicable,"","","",retained,（規則なし）,,
2025,revenue,132071:2025:revenue:approved:adb4661606e5472b,not-applicable,"","","",retained,（規則なし）,,
2025,revenue,132071:2025:revenue:approved:adce3a263f57f9c5,not-applicable,"","","",retained,（規則なし）,,
2025,revenue,132071:2025:revenue:approved:add7062f9dfacab8,not-applicable,"","","",retained,（規則なし）,,
2025,revenue,132071:2025:revenue:approved:ade899be04c4055e,not-applicable,"","","",retained,（規則なし）,,
2025,revenue,132071:2025:revenue:approved:af1a9ba6acebb648,not-applicable,"","","",retained,（規則なし）,,
2025,revenue,132071:2025:revenue:approved:af26cdb85bc91fa8,not-applicable,"","","",retained,（規則なし）,,
2025,revenue,132071:2025:revenue:approved:b084eecb6cc0d3d3,not-applicable,"","","",retained,（規則なし）,,
2025,revenue,132071:2025:revenue:approved:b0b45c94ad05fed1,not-applicable,"","","",retained,（規則なし）,,
2025,revenue,132071:2025:revenue:approved:b0bbcc20cffbc441,not-applicable,"","","",retained,（規則なし）,,
2025,revenue,132071:2025:revenue:approved:b10ea3f0bc1dd7d6,not-applicable,"","","",retained,（規則なし）,,
2025,revenue,132071:2025:revenue:approved:b222d5551c24f796,not-applicable,"","","",retained,（規則なし）,,
2025,revenue,132071:2025:revenue:approved:b2372f3315eba8f9,not-applicable,"","","",retained,（規則なし）,,
2025,revenue,132071:2025:revenue:approved:b2d9304a0aa11fac,not-applicable,"","","",retained,（規則なし）,,
2025,revenue,132071:2025:revenue:approved:b5093c1a89bcae24,not-applicable,"","","",retained,（規則なし）,,
2025,revenue,132071:2025:revenue:approved:b6f6c0ca2b6c5279,not-applicable,"","","",retained,（規則なし）,,
2025,revenue,132071:2025:revenue:approved:b89f8ee05ea7f5f1,not-applicable,"","","",retained,（規則なし）,,
2025,revenue,132071:2025:revenue:approved:b8e8af35e282a206,not-applicable,"","","",retained,（規則なし）,,
2025,revenue,132071:2025:revenue:approved:b944cce1d45d0212,not-applicable,"","","",retained,（規則なし）,,
2025,revenue,132071:2025:revenue:approved:b950814f9ce1d339,not-applicable,"","","",retained,（規則なし）,,
2025,revenue,132071:2025:revenue:approved:b9589e45dc1a8a94,not-applicable,"","","",retained,（規則なし）,,
2025,revenue,132071:2025:revenue:approved:b974b5c4426b4ab0,not-applicable,"","","",retained,（規則なし）,,
2025,revenue,132071:2025:revenue:approved:b9d13e7f29605cf8,not-applicable,"","","",retained,（規則なし）,,
2025,revenue,132071:2025:revenue:approved:b9e2d92c45981aa3,not-applicable,"","","",retained,（規則なし）,,
2025,revenue,132071:2025:revenue:approved:ba14c6e718356116,not-applicable,"","","",retained,（規則なし）,,
2025,revenue,132071:2025:revenue:approved:ba200bea1929ba04,not-applicable,"","","",retained,（規則なし）,,
2025,revenue,132071:2025:revenue:approved:ba506db5872be753,not-applicable,"","","",retained,（規則なし）,,
2025,revenue,132071:2025:revenue:approved:bab2895b89aebfe9,not-applicable,"","","",retained,（規則なし）,,
2025,revenue,132071:2025:revenue:approved:bade5926d0dc1a14,not-applicable,"","","",retained,（規則なし）,,
2025,revenue,132071:2025:revenue:approved:bb81c71e83a0ea80,not-applicable,"","","",retained,（規則なし）,,
2025,revenue,132071:2025:revenue:approved:bc469e8667de021d,not-applicable,"","","",retained,（規則なし）,,
2025,revenue,132071:2025:revenue:approved:bd2c453b17480341,not-applicable,"","","",retained,（規則なし）,,
2025,revenue,132071:2025:revenue:approved:bd3737254d72a45c,not-applicable,"","","",retained,（規則なし）,,
2025,revenue,132071:2025:revenue:approved:bd8ddc6172bc17a3,not-applicable,"","","",retained,（規則なし）,,
2025,revenue,132071:2025:revenue:approved:bda6bda652426abe,not-applicable,"","","",retained,（規則なし）,,
2025,revenue,132071:2025:revenue:approved:be5175d073a32707,not-applicable,"","","",retained,（規則なし）,,
2025,revenue,132071:2025:revenue:approved:bebff4cc3f1d5988,not-applicable,"","","",retained,（規則なし）,,
2025,revenue,132071:2025:revenue:approved:bf70956c904664f6,not-applicable,"","","",retained,（規則なし）,,
2025,revenue,132071:2025:revenue:approved:c0671a295c47eb24,not-applicable,"","","",retained,（規則なし）,,
2025,revenue,132071:2025:revenue:approved:c0a9b5c84c41d58d,not-applicable,"","","",retained,（規則なし）,,
2025,revenue,132071:2025:revenue:approved:c1076b0ad6a3ac55,not-applicable,"","","",retained,（規則なし）,,
2025,revenue,132071:2025:revenue:approved:c126b82ef1de4799,not-applicable,"","","",retained,（規則なし）,,
2025,revenue,132071:2025:revenue:approved:c23e9befdb9a1b1f,not-applicable,"","","",retained,（規則なし）,,
2025,revenue,132071:2025:revenue:approved:c2b1b3a3191e2860,not-applicable,"","","",retained,（規則なし）,,
2025,revenue,132071:2025:revenue:approved:c306428549bbbb98,not-applicable,"","","",retained,（規則なし）,,
2025,revenue,132071:2025:revenue:approved:c307c5c13fa5045d,not-applicable,"","","",retained,（規則なし）,,
2025,revenue,132071:2025:revenue:approved:c350e7cefcb46f22,not-applicable,"","","",retained,（規則なし）,,
2025,revenue,132071:2025:revenue:approved:c48ea9c6ef28fc0b,not-applicable,"","","",retained,（規則なし）,,
2025,revenue,132071:2025:revenue:approved:c52ac9811cf19da1,not-applicable,"","","",retained,（規則なし）,,
2025,revenue,132071:2025:revenue:approved:c544c59aff56c394,not-applicable,"","","",retained,（規則なし）,,
2025,revenue,132071:2025:revenue:approved:c6e764dfe773ab74,not-applicable,"","","",retained,（規則なし）,,
2025,revenue,132071:2025:revenue:approved:c7e7332112fbc6e7,not-applicable,"","","",retained,（規則なし）,,
2025,revenue,132071:2025:revenue:approved:c85c992de617d85a,not-applicable,"","","",retained,（規則なし）,,
2025,revenue,132071:2025:revenue:approved:c8a430c636385586,not-applicable,"","","",retained,（規則なし）,,
2025,revenue,132071:2025:revenue:approved:c9ab85b2270e1169,not-applicable,"","","",retained,（規則なし）,,
2025,revenue,132071:2025:revenue:approved:c9d0c819b62074fa,not-applicable,"","","",retained,（規則なし）,,
2025,revenue,132071:2025:revenue:approved:caa7f90bedb538b2,not-applicable,"","","",retained,（規則なし）,,
2025,revenue,132071:2025:revenue:approved:cafe464454c7dfc2,not-applicable,"","","",retained,（規則なし）,,
2025,revenue,132071:2025:revenue:approved:cb7afe44e99ed422,not-applicable,"","","",retained,（規則なし）,,
2025,revenue,132071:2025:revenue:approved:cd76acf6032e1b88,not-applicable,"","","",retained,（規則なし）,,
2025,revenue,132071:2025:revenue:approved:cdd342f7c636b3a3,not-applicable,"","","",retained,（規則なし）,,
2025,revenue,132071:2025:revenue:approved:cdd359ed80cb7702,not-applicable,"","","",retained,（規則なし）,,
2025,revenue,132071:2025:revenue:approved:cde8e169fcb35896,not-applicable,"","","",retained,（規則なし）,,
2025,revenue,132071:2025:revenue:approved:ce3c1636e59f05c5,not-applicable,"","","",retained,（規則なし）,,
2025,revenue,132071:2025:revenue:approved:ce9dc3e03b4cf325,not-applicable,"","","",retained,（規則なし）,,
2025,revenue,132071:2025:revenue:approved:ceaf22568e2d3ab3,not-applicable,"","","",retained,（規則なし）,,
2025,revenue,132071:2025:revenue:approved:cf2f03625f023f81,not-applicable,"","","",retained,（規則なし）,,
2025,revenue,132071:2025:revenue:approved:cf4126f552f5f9c4,not-applicable,"","","",retained,（規則なし）,,
2025,revenue,132071:2025:revenue:approved:cf46a807d170e5d3,not-applicable,"","","",retained,（規則なし）,,
2025,revenue,132071:2025:revenue:approved:cf4fcc888376a523,not-applicable,"","","",retained,（規則なし）,,
2025,revenue,132071:2025:revenue:approved:cf6bf0b743e5f6e2,not-applicable,"","","",retained,（規則なし）,,
2025,revenue,132071:2025:revenue:approved:d0558cf1235c351d,not-applicable,"","","",retained,（規則なし）,,
2025,revenue,132071:2025:revenue:approved:d0cb96d5c148de22,not-applicable,"","","",retained,（規則なし）,,
2025,revenue,132071:2025:revenue:approved:d0d03aaf218d9453,not-applicable,"","","",retained,（規則なし）,,
2025,revenue,132071:2025:revenue:approved:d20aaa8aa7b53e19,not-applicable,"","","",retained,（規則なし）,,
2025,revenue,132071:2025:revenue:approved:d3d3dc9dcabcecd5,not-applicable,"","","",retained,（規則なし）,,
2025,revenue,132071:2025:revenue:approved:d4046cb2f90b2513,not-applicable,"","","",retained,（規則なし）,,
2025,revenue,132071:2025:revenue:approved:d467e84ec6ecf367,not-applicable,"","","",retained,（規則なし）,,
2025,revenue,132071:2025:revenue:approved:d47ab9bf9bd5ff8c,not-applicable,"","","",retained,（規則なし）,,
2025,revenue,132071:2025:revenue:approved:d4a869fe8464f692,not-applicable,"","","",retained,（規則なし）,,
2025,revenue,132071:2025:revenue:approved:d51d595cdbad543f,not-applicable,"","","",retained,（規則なし）,,
2025,revenue,132071:2025:revenue:approved:d7beadb6fc74688b,not-applicable,"","","",retained,（規則なし）,,
2025,revenue,132071:2025:revenue:approved:d7dc5129c3fbb461,not-applicable,"","","",retained,（規則なし）,,
2025,revenue,132071:2025:revenue:approved:d817322ff9a109f7,not-applicable,"","","",retained,（規則なし）,,
2025,revenue,132071:2025:revenue:approved:d89c0dfe33eb6f35,not-applicable,"","","",retained,（規則なし）,,
2025,revenue,132071:2025:revenue:approved:d8bb906d3638b7cc,not-applicable,"","","",retained,（規則なし）,,
2025,revenue,132071:2025:revenue:approved:d8cbee2a615d6b94,not-applicable,"","","",retained,（規則なし）,,
2025,revenue,132071:2025:revenue:approved:d9007bf5e5fb0081,not-applicable,"","","",retained,（規則なし）,,
2025,revenue,132071:2025:revenue:approved:db29ec26508f3acf,not-applicable,"","","",retained,（規則なし）,,
2025,revenue,132071:2025:revenue:approved:db6d3395cae4ea45,not-applicable,"","","",retained,（規則なし）,,
2025,revenue,132071:2025:revenue:approved:dbbbedfeb787ed77,not-applicable,"","","",retained,（規則なし）,,
2025,revenue,132071:2025:revenue:approved:dcf5578b58d10490,not-applicable,"","","",retained,（規則なし）,,
2025,revenue,132071:2025:revenue:approved:dd39916250fc916b,not-applicable,"","","",retained,（規則なし）,,
2025,revenue,132071:2025:revenue:approved:ddbd16ce67cd33c2,not-applicable,"","","",retained,（規則なし）,,
2025,revenue,132071:2025:revenue:approved:ddff5ca795c902fe,not-applicable,"","","",retained,（規則なし）,,
2025,revenue,132071:2025:revenue:approved:de2b2720e0bbce0f,not-applicable,"","","",retained,（規則なし）,,
2025,revenue,132071:2025:revenue:approved:df831235b28d87c6,not-applicable,"","","",retained,（規則なし）,,
2025,revenue,132071:2025:revenue:approved:df8962fdb89c8b4f,not-applicable,"","","",retained,（規則なし）,,
2025,revenue,132071:2025:revenue:approved:dfb68af6f2bec381,not-applicable,"","","",retained,（規則なし）,,
2025,revenue,132071:2025:revenue:approved:dfd411e2e5104cbb,not-applicable,"","","",retained,（規則なし）,,
2025,revenue,132071:2025:revenue:approved:dfed72e191e57578,not-applicable,"","","",retained,（規則なし）,,
2025,revenue,132071:2025:revenue:approved:e10a93066163389d,not-applicable,"","","",retained,（規則なし）,,
2025,revenue,132071:2025:revenue:approved:e269bd1243a5f9f5,not-applicable,"","","",retained,（規則なし）,,
2025,revenue,132071:2025:revenue:approved:e3303b7f9147673e,not-applicable,"","","",retained,（規則なし）,,
2025,revenue,132071:2025:revenue:approved:e451919af3441d46,not-applicable,"","","",retained,（規則なし）,,
2025,revenue,132071:2025:revenue:approved:e52e3d825b249b0a,not-applicable,"","","",retained,（規則なし）,,
2025,revenue,132071:2025:revenue:approved:e6d898ba7fb7cf11,not-applicable,"","","",retained,（規則なし）,,
2025,revenue,132071:2025:revenue:approved:e711bc8ff80a0239,not-applicable,"","","",retained,（規則なし）,,
2025,revenue,132071:2025:revenue:approved:e7161205f5abeeba,not-applicable,"","","",retained,（規則なし）,,
2025,revenue,132071:2025:revenue:approved:e93c1da057f5471e,not-applicable,"","","",retained,（規則なし）,,
2025,revenue,132071:2025:revenue:approved:eb8fbc013da4d02f,not-applicable,"","","",retained,（規則なし）,,
2025,revenue,132071:2025:revenue:approved:ec9b833034534bab,not-applicable,"","","",retained,（規則なし）,,
2025,revenue,132071:2025:revenue:approved:ed068345873e3981,not-applicable,"","","",retained,（規則なし）,,
2025,revenue,132071:2025:revenue:approved:ed4a079d4b1b6b63,not-applicable,"","","",retained,（規則なし）,,
2025,revenue,132071:2025:revenue:approved:effdfb4d9d5b14a1,not-applicable,"","","",retained,（規則なし）,,
2025,revenue,132071:2025:revenue:approved:f08bbd9094af98cf,not-applicable,"","","",retained,（規則なし）,,
2025,revenue,132071:2025:revenue:approved:f243b21da1861e62,not-applicable,"","","",retained,（規則なし）,,
2025,revenue,132071:2025:revenue:approved:f267a1892093b242,not-applicable,"","","",retained,（規則なし）,,
2025,revenue,132071:2025:revenue:approved:f2954d4fa1bd0b41,not-applicable,"","","",retained,（規則なし）,,
2025,revenue,132071:2025:revenue:approved:f3aec22d6ec453dc,not-applicable,"","","",retained,（規則なし）,,
2025,revenue,132071:2025:revenue:approved:f49c84fcd32acfa3,not-applicable,"","","",retained,（規則なし）,,
2025,revenue,132071:2025:revenue:approved:f53ed3ae281fcbdb,not-applicable,"","","",retained,（規則なし）,,
2025,revenue,132071:2025:revenue:approved:f634ac1ded772a01,not-applicable,"","","",retained,（規則なし）,,
2025,revenue,132071:2025:revenue:approved:f68456140aa11391,not-applicable,"","","",retained,（規則なし）,,
2025,revenue,132071:2025:revenue:approved:f6ffc2dc60b5bcc4,not-applicable,"","","",retained,（規則なし）,,
2025,revenue,132071:2025:revenue:approved:f81401399f802158,not-applicable,"","","",retained,（規則なし）,,
2025,revenue,132071:2025:revenue:approved:f8a45d8159f9dbc8,not-applicable,"","","",retained,（規則なし）,,
2025,revenue,132071:2025:revenue:approved:f96cb17fb4587f12,not-applicable,"","","",retained,（規則なし）,,
2025,revenue,132071:2025:revenue:approved:f9976cdfe4b90af7,not-applicable,"","","",retained,（規則なし）,,
2025,revenue,132071:2025:revenue:approved:fa890b9be45b18f1,not-applicable,"","","",retained,（規則なし）,,
2025,revenue,132071:2025:revenue:approved:fac982c61b17c62e,not-applicable,"","","",retained,（規則なし）,,
2025,revenue,132071:2025:revenue:approved:fd9fe1b2adae19fc,not-applicable,"","","",retained,（規則なし）,,
2025,revenue,132071:2025:revenue:approved:fdd13a20ec1729b5,not-applicable,"","","",retained,（規則なし）,,
2025,revenue,132071:2025:revenue:approved:fe4a0da71ec8eb9f,not-applicable,"","","",retained,（規則なし）,,
2025,revenue,132071:2025:revenue:approved:fefcb192cae28efa,not-applicable,"","","",retained,（規則なし）,,
2025,revenue,132071:2025:revenue:approved:ff18b6cb17aa61a1,not-applicable,"","","",retained,（規則なし）,,
2025,revenue,132071:2025:revenue:approved:ffbfbd8a62818235,not-applicable,"","","",retained,（規則なし）,,
2025,revenue,132071:2025:revenue:approved:fffd70bbc2035ea0,not-applicable,"","","",retained,（規則なし）,,
