budget_line_id,jurisdiction_code,jurisdiction_label,fiscal_year,direction,phase_id,phase_label,fund_code,fund_label,fund_source,kan_code,kan_label,kan_source,kou_code,kou_label,kou_source,moku_code,moku_label,moku_source,setsu_code,setsu_label,setsu_source,saisetsu_code,saisetsu_label,saisetsu_source,saisaisetsu_code,saisaisetsu_label,saisaisetsu_source,hierarchy_path,value,currency,source_amount,source_amount_unit,source_row
132047:2024:revenue:approved:af9786517ab41db8,132047,三鷹市,2024,revenue,approved,当初予算,01,一般会計,01一般会計,01,市税,01市税,01,市民税,01市民税,01,個人,01個人,01,現年課税分,01現年課税分,01,現年課税分,01現年課税分,0,,0,会計01/款01/項01/目01/節01/細節01/細々節0,18486803000,JPY,18486803,千円,2
132047:2024:revenue:approved:867b04430b38a771,132047,三鷹市,2024,revenue,approved,当初予算,01,一般会計,01一般会計,01,市税,01市税,01,市民税,01市民税,01,個人,01個人,02,滞納繰越分,02滞納繰越分,01,滞納繰越分,01滞納繰越分,0,,0,会計01/款01/項01/目01/節02/細節01/細々節0,133487000,JPY,133487,千円,3
132047:2024:revenue:approved:5703dea1cd85a9fc,132047,三鷹市,2024,revenue,approved,当初予算,01,一般会計,01一般会計,01,市税,01市税,01,市民税,01市民税,02,法人,02法人,01,現年課税分,01現年課税分,01,現年課税分,01現年課税分,0,,0,会計01/款01/項01/目02/節01/細節01/細々節0,1607426000,JPY,1607426,千円,4
132047:2024:revenue:approved:d676c8f61ce0ef84,132047,三鷹市,2024,revenue,approved,当初予算,01,一般会計,01一般会計,01,市税,01市税,01,市民税,01市民税,02,法人,02法人,02,滞納繰越分,02滞納繰越分,01,滞納繰越分,01滞納繰越分,0,,0,会計01/款01/項01/目02/節02/細節01/細々節0,3669000,JPY,3669,千円,5
132047:2024:revenue:approved:61e888d955482dcb,132047,三鷹市,2024,revenue,approved,当初予算,01,一般会計,01一般会計,01,市税,01市税,02,固定資産税,02固定資産税,01,固定資産税,01固定資産税,01,現年課税分,01現年課税分,01,現年課税分,01現年課税分,0,,0,会計01/款01/項02/目01/節01/細節01/細々節0,14990424000,JPY,14990424,千円,6
132047:2024:revenue:approved:697d9a6dfb13aebd,132047,三鷹市,2024,revenue,approved,当初予算,01,一般会計,01一般会計,01,市税,01市税,02,固定資産税,02固定資産税,01,固定資産税,01固定資産税,02,滞納繰越分,02滞納繰越分,01,滞納繰越分,01滞納繰越分,0,,0,会計01/款01/項02/目01/節02/細節01/細々節0,36000000,JPY,36000,千円,7
132047:2024:revenue:approved:68fa0397c05e4cf2,132047,三鷹市,2024,revenue,approved,当初予算,01,一般会計,01一般会計,01,市税,01市税,02,固定資産税,02固定資産税,02,国有資産等所在市町村交付金,02国有資産等所在市町村交付金,01,現年課税分,01現年課税分,01,交付金,01交付金,01,都有資産分,01都有資産分,会計01/款01/項02/目02/節01/細節01/細々節01,248824000,JPY,248824,千円,8
132047:2024:revenue:approved:6672cb3b862bb517,132047,三鷹市,2024,revenue,approved,当初予算,01,一般会計,01一般会計,01,市税,01市税,02,固定資産税,02固定資産税,02,国有資産等所在市町村交付金,02国有資産等所在市町村交付金,01,現年課税分,01現年課税分,01,交付金,01交付金,02,国有資産分,02国有資産分,会計01/款01/項02/目02/節01/細節01/細々節02,44856000,JPY,44856,千円,9
132047:2024:revenue:approved:320d389420bb07b1,132047,三鷹市,2024,revenue,approved,当初予算,01,一般会計,01一般会計,01,市税,01市税,03,軽自動車税,03軽自動車税,01,環境性能割,01環境性能割,01,現年課税分,01現年課税分,01,環境性能割,01環境性能割,0,,0,会計01/款01/項03/目01/節01/細節01/細々節0,8112000,JPY,8112,千円,10
132047:2024:revenue:approved:e0847d10e162e94f,132047,三鷹市,2024,revenue,approved,当初予算,01,一般会計,01一般会計,01,市税,01市税,03,軽自動車税,03軽自動車税,02,種別割,02種別割,01,現年課税分,01現年課税分,01,種別割,01種別割,0,,0,会計01/款01/項03/目02/節01/細節01/細々節0,112666000,JPY,112666,千円,11
132047:2024:revenue:approved:3be2afdfce2a1077,132047,三鷹市,2024,revenue,approved,当初予算,01,一般会計,01一般会計,01,市税,01市税,03,軽自動車税,03軽自動車税,02,種別割,02種別割,02,滞納繰越分,02滞納繰越分,01,滞納繰越分,01滞納繰越分,0,,0,会計01/款01/項03/目02/節02/細節01/細々節0,1066000,JPY,1066,千円,12
132047:2024:revenue:approved:3108b0110eac7ed6,132047,三鷹市,2024,revenue,approved,当初予算,01,一般会計,01一般会計,01,市税,01市税,04,市たばこ税,04市たばこ税,01,市たばこ税,01市たばこ税,01,現年課税分,01現年課税分,01,市たばこ税,01市たばこ税,0,,0,会計01/款01/項04/目01/節01/細節01/細々節0,835419000,JPY,835419,千円,13
132047:2024:revenue:approved:b207c6dabe54c1a1,132047,三鷹市,2024,revenue,approved,当初予算,01,一般会計,01一般会計,01,市税,01市税,05,入湯税,05入湯税,01,入湯税,01入湯税,01,現年課税分,01現年課税分,01,入湯税,01入湯税,0,,0,会計01/款01/項05/目01/節01/細節01/細々節0,2000,JPY,2,千円,14
132047:2024:revenue:approved:3a584a2007efff10,132047,三鷹市,2024,revenue,approved,当初予算,01,一般会計,01一般会計,01,市税,01市税,06,事業所税,06事業所税,01,事業所税,01事業所税,01,現年課税分,01現年課税分,01,現年課税分,01現年課税分,0,,0,会計01/款01/項06/目01/節01/細節01/細々節0,419942000,JPY,419942,千円,15
132047:2024:revenue:approved:23226b7f0e0e7496,132047,三鷹市,2024,revenue,approved,当初予算,01,一般会計,01一般会計,01,市税,01市税,07,都市計画税,07都市計画税,01,都市計画税,01都市計画税,01,現年課税分,01現年課税分,01,現年課税分,01現年課税分,0,,0,会計01/款01/項07/目01/節01/細節01/細々節0,2912917000,JPY,2912917,千円,16
132047:2024:revenue:approved:7b0e80fe70d4552d,132047,三鷹市,2024,revenue,approved,当初予算,01,一般会計,01一般会計,01,市税,01市税,07,都市計画税,07都市計画税,01,都市計画税,01都市計画税,02,滞納繰越分,02滞納繰越分,01,滞納繰越分,01滞納繰越分,0,,0,会計01/款01/項07/目01/節02/細節01/細々節0,7844000,JPY,7844,千円,17
132047:2024:revenue:approved:9f4a7ba8441767af,132047,三鷹市,2024,revenue,approved,当初予算,01,一般会計,01一般会計,02,地方譲与税,02地方譲与税,01,地方揮発油譲与税,01地方揮発油譲与税,01,地方揮発油譲与税,01地方揮発油譲与税,01,地方揮発油譲与税,01地方揮発油譲与税,01,地方揮発油譲与税,01地方揮発油譲与税,0,,0,会計01/款02/項01/目01/節01/細節01/細々節0,65090000,JPY,65090,千円,18
132047:2024:revenue:approved:67e8cb0d7553277c,132047,三鷹市,2024,revenue,approved,当初予算,01,一般会計,01一般会計,02,地方譲与税,02地方譲与税,02,自動車重量譲与税,02自動車重量譲与税,01,自動車重量譲与税,01自動車重量譲与税,01,自動車重量譲与税,01自動車重量譲与税,01,自動車重量譲与税,01自動車重量譲与税,0,,0,会計01/款02/項02/目01/節01/細節01/細々節0,211391000,JPY,211391,千円,19
132047:2024:revenue:approved:7cbd8f21f8e34845,132047,三鷹市,2024,revenue,approved,当初予算,01,一般会計,01一般会計,02,地方譲与税,02地方譲与税,03,森林環境譲与税,03森林環境譲与税,01,森林環境譲与税,01森林環境譲与税,01,森林環境譲与税,01森林環境譲与税,01,森林環境譲与税,01森林環境譲与税,0,,0,会計01/款02/項03/目01/節01/細節01/細々節0,21440000,JPY,21440,千円,20
132047:2024:revenue:approved:96a4b36545c899ab,132047,三鷹市,2024,revenue,approved,当初予算,01,一般会計,01一般会計,02,地方譲与税,02地方譲与税,04,航空機燃料譲与税,04航空機燃料譲与税,01,航空機燃料譲与税,01航空機燃料譲与税,01,航空機燃料譲与税,01航空機燃料譲与税,01,航空機燃料譲与税,01航空機燃料譲与税,0,,0,会計01/款02/項04/目01/節01/細節01/細々節0,119000,JPY,119,千円,21
132047:2024:revenue:approved:2781c896d779fb9a,132047,三鷹市,2024,revenue,approved,当初予算,01,一般会計,01一般会計,03,利子割交付金,03利子割交付金,01,利子割交付金,01利子割交付金,01,利子割交付金,01利子割交付金,01,利子割交付金,01利子割交付金,01,利子割交付金,01利子割交付金,0,,0,会計01/款03/項01/目01/節01/細節01/細々節0,73394000,JPY,73394,千円,22
132047:2024:revenue:approved:328990142268e48a,132047,三鷹市,2024,revenue,approved,当初予算,01,一般会計,01一般会計,04,配当割交付金,04配当割交付金,01,配当割交付金,01配当割交付金,01,配当割交付金,01配当割交付金,01,配当割交付金,01配当割交付金,01,配当割交付金,01配当割交付金,0,,0,会計01/款04/項01/目01/節01/細節01/細々節0,435225000,JPY,435225,千円,23
132047:2024:revenue:approved:5223fb3f3d8fd368,132047,三鷹市,2024,revenue,approved,当初予算,01,一般会計,01一般会計,05,株式等譲渡所得割交付金,05株式等譲渡所得割交付金,01,株式等譲渡所得割交付金,01株式等譲渡所得割交付金,01,株式等譲渡所得割交付金,01株式等譲渡所得割交付金,01,株式等譲渡所得割交付金,01株式等譲渡所得割交付金,01,株式等譲渡所得割交付金,01株式等譲渡所得割交付金,0,,0,会計01/款05/項01/目01/節01/細節01/細々節0,448421000,JPY,448421,千円,24
132047:2024:revenue:approved:6f5fa689364445a3,132047,三鷹市,2024,revenue,approved,当初予算,01,一般会計,01一般会計,06,法人事業税交付金,06法人事業税交付金,01,法人事業税交付金,01法人事業税交付金,01,法人事業税交付金,01法人事業税交付金,01,法人事業税交付金,01法人事業税交付金,01,法人事業税交付金,01法人事業税交付金,0,,0,会計01/款06/項01/目01/節01/細節01/細々節0,653050000,JPY,653050,千円,25
132047:2024:revenue:approved:548a9d97cbaf0764,132047,三鷹市,2024,revenue,approved,当初予算,01,一般会計,01一般会計,07,地方消費税交付金,07地方消費税交付金,01,地方消費税交付金,01地方消費税交付金,01,地方消費税交付金,01地方消費税交付金,01,地方消費税交付金,01地方消費税交付金,01,地方消費税交付金,01地方消費税交付金,0,,0,会計01/款07/項01/目01/節01/細節01/細々節0,4591671000,JPY,4591671,千円,26
132047:2024:revenue:approved:41c4b4352e5d1c93,132047,三鷹市,2024,revenue,approved,当初予算,01,一般会計,01一般会計,08,自動車取得税交付金,08自動車取得税交付金,01,自動車取得税交付金,01自動車取得税交付金,01,旧法による自動車取得税交付金,01旧法による自動車取得税交付金,01,旧法による自動車取得税交付金,01旧法による自動車取得税交付金,01,旧法による自動車取得税交付金,01旧法による自動車取得税交付金,0,,0,会計01/款08/項01/目01/節01/細節01/細々節0,1000,JPY,1,千円,27
132047:2024:revenue:approved:ffbc4159986d40f0,132047,三鷹市,2024,revenue,approved,当初予算,01,一般会計,01一般会計,09,環境性能割交付金,09環境性能割交付金,01,環境性能割交付金,01環境性能割交付金,01,環境性能割交付金,01環境性能割交付金,01,環境性能割交付金,01環境性能割交付金,01,環境性能割交付金,01環境性能割交付金,0,,0,会計01/款09/項01/目01/節01/細節01/細々節0,83436000,JPY,83436,千円,28
132047:2024:revenue:approved:59145fd54c557d97,132047,三鷹市,2024,revenue,approved,当初予算,01,一般会計,01一般会計,10,地方特例交付金,10地方特例交付金,01,地方特例交付金,01地方特例交付金,01,地方特例交付金,01地方特例交付金,01,地方特例交付金,01地方特例交付金,01,住宅借入金等特別税額控除減収補填特例交付金,01住宅借入金等特別税額控除減収補填特例交付金,0,,0,会計01/款10/項01/目01/節01/細節01/細々節0,162179000,JPY,162179,千円,29
132047:2024:revenue:approved:426a4107d04bb940,132047,三鷹市,2024,revenue,approved,当初予算,01,一般会計,01一般会計,10,地方特例交付金,10地方特例交付金,01,地方特例交付金,01地方特例交付金,01,地方特例交付金,01地方特例交付金,01,地方特例交付金,01地方特例交付金,02,定額減税減収補填特例交付金,02定額減税減収補填特例交付金,0,,0,会計01/款10/項01/目01/節01/細節02/細々節0,924433000,JPY,924433,千円,30
132047:2024:revenue:approved:4ecb0675b652d65a,132047,三鷹市,2024,revenue,approved,当初予算,01,一般会計,01一般会計,10,地方特例交付金,10地方特例交付金,02,新型コロナウイルス感染症対策地方税減収補填特別交付金,02新型コロナウイルス感染症対策地方税減収補填特別交付金,01,新型コロナウイルス感染症対策地方税減収補填特別交付金,01新型コロナウイルス感染症対策地方税減収補填特別交付金,01,新型コロナウイルス感染症対策地方税減収補填特別交付金,01新型コロナウイルス感染症対策地方税減収補填特別交付金,01,新型コロナウイルス感染症対策地方税減収補填特別交付金,01新型コロナウイルス感染症対策地方税減収補填特別交付金,0,,0,会計01/款10/項02/目01/節01/細節01/細々節0,386000,JPY,386,千円,31
132047:2024:revenue:approved:fb0a4878a6761350,132047,三鷹市,2024,revenue,approved,当初予算,01,一般会計,01一般会計,11,地方交付税,11地方交付税,01,地方交付税,01地方交付税,01,地方交付税,01地方交付税,01,地方交付税,01地方交付税,01,特別交付税,01特別交付税,0,,0,会計01/款11/項01/目01/節01/細節01/細々節0,1000,JPY,1,千円,32
132047:2024:revenue:approved:836391f50b955c5e,132047,三鷹市,2024,revenue,approved,当初予算,01,一般会計,01一般会計,12,交通安全対策特別交付金,12交通安全対策特別交付金,01,交通安全対策特別交付金,01交通安全対策特別交付金,01,交通安全対策特別交付金,01交通安全対策特別交付金,01,交通安全対策特別交付金,01交通安全対策特別交付金,01,交通安全対策特別交付金,01交通安全対策特別交付金,0,,0,会計01/款12/項01/目01/節01/細節01/細々節0,18116000,JPY,18116,千円,33
132047:2024:revenue:approved:10a3531806b12cb0,132047,三鷹市,2024,revenue,approved,当初予算,01,一般会計,01一般会計,13,分担金及び負担金,13分担金及び負担金,01,負担金,01負担金,01,民生費負担金,01民生費負担金,01,高齢者措置費負担金,01高齢者措置費負担金,01,高齢者施設入所措置費負担金,01高齢者施設入所措置費負担金,0,,0,会計01/款13/項01/目01/節01/細節01/細々節0,12000000,JPY,12000,千円,34
132047:2024:revenue:approved:ac16e971cfeb66a3,132047,三鷹市,2024,revenue,approved,当初予算,01,一般会計,01一般会計,13,分担金及び負担金,13分担金及び負担金,01,負担金,01負担金,01,民生費負担金,01民生費負担金,02,保育所保育料負担金,02保育所保育料負担金,01,市立保育所保育料負担金,01市立保育所保育料負担金,01,現年度分,01現年度分,会計01/款13/項01/目01/節02/細節01/細々節01,97580000,JPY,97580,千円,35
132047:2024:revenue:approved:09d1bedd1c920abb,132047,三鷹市,2024,revenue,approved,当初予算,01,一般会計,01一般会計,13,分担金及び負担金,13分担金及び負担金,01,負担金,01負担金,01,民生費負担金,01民生費負担金,02,保育所保育料負担金,02保育所保育料負担金,01,市立保育所保育料負担金,01市立保育所保育料負担金,02,過年度分,02過年度分,会計01/款13/項01/目01/節02/細節01/細々節02,612000,JPY,612,千円,36
132047:2024:revenue:approved:e3cbe2691d470608,132047,三鷹市,2024,revenue,approved,当初予算,01,一般会計,01一般会計,13,分担金及び負担金,13分担金及び負担金,01,負担金,01負担金,01,民生費負担金,01民生費負担金,02,保育所保育料負担金,02保育所保育料負担金,02,私立保育所保育料負担金,02私立保育所保育料負担金,01,現年度分,01現年度分,会計01/款13/項01/目01/節02/細節02/細々節01,307695000,JPY,307695,千円,37
132047:2024:revenue:approved:c2970c5733720a29,132047,三鷹市,2024,revenue,approved,当初予算,01,一般会計,01一般会計,13,分担金及び負担金,13分担金及び負担金,01,負担金,01負担金,01,民生費負担金,01民生費負担金,02,保育所保育料負担金,02保育所保育料負担金,02,私立保育所保育料負担金,02私立保育所保育料負担金,02,過年度分,02過年度分,会計01/款13/項01/目01/節02/細節02/細々節02,3304000,JPY,3304,千円,38
132047:2024:revenue:approved:e7f4d3f4790aeede,132047,三鷹市,2024,revenue,approved,当初予算,01,一般会計,01一般会計,13,分担金及び負担金,13分担金及び負担金,01,負担金,01負担金,01,民生費負担金,01民生費負担金,03,母子福祉費負担金,03母子福祉費負担金,01,母子生活支援施設入所措置費負担金,01母子生活支援施設入所措置費負担金,0,,0,会計01/款13/項01/目01/節03/細節01/細々節0,285000,JPY,285,千円,39
132047:2024:revenue:approved:507e1d226d592e6e,132047,三鷹市,2024,revenue,approved,当初予算,01,一般会計,01一般会計,13,分担金及び負担金,13分担金及び負担金,01,負担金,01負担金,01,民生費負担金,01民生費負担金,03,母子福祉費負担金,03母子福祉費負担金,02,入院助産措置費負担金,02入院助産措置費負担金,0,,0,会計01/款13/項01/目01/節03/細節02/細々節0,48000,JPY,48,千円,40
132047:2024:revenue:approved:cbbf9c3d248b013c,132047,三鷹市,2024,revenue,approved,当初予算,01,一般会計,01一般会計,13,分担金及び負担金,13分担金及び負担金,01,負担金,01負担金,02,衛生費負担金,02衛生費負担金,01,未熟児養育医療給付費負担金,01未熟児養育医療給付費負担金,01,未熟児養育医療給付費負担金,01未熟児養育医療給付費負担金,0,,0,会計01/款13/項01/目02/節01/細節01/細々節0,4030000,JPY,4030,千円,41
132047:2024:revenue:approved:365b212f8fd887fe,132047,三鷹市,2024,revenue,approved,当初予算,01,一般会計,01一般会計,13,分担金及び負担金,13分担金及び負担金,01,負担金,01負担金,03,土木費負担金,03土木費負担金,01,道路掘削復旧工事監督事務費負担金,01道路掘削復旧工事監督事務費負担金,01,道路掘削復旧工事監督事務費負担金,01道路掘削復旧工事監督事務費負担金,0,,0,会計01/款13/項01/目03/節01/細節01/細々節0,11460000,JPY,11460,千円,42
132047:2024:revenue:approved:a6ba49f32e484eff,132047,三鷹市,2024,revenue,approved,当初予算,01,一般会計,01一般会計,14,使用料及び手数料,14使用料及び手数料,01,使用料,01使用料,01,総務使用料,01総務使用料,01,三鷹ネットワーク大学使用料,01三鷹ネットワーク大学使用料,01,三鷹ネットワーク大学使用料,01三鷹ネットワーク大学使用料,0,,0,会計01/款14/項01/目01/節01/細節01/細々節0,450000,JPY,450,千円,43
132047:2024:revenue:approved:fa7be8ed21fd76a0,132047,三鷹市,2024,revenue,approved,当初予算,01,一般会計,01一般会計,14,使用料及び手数料,14使用料及び手数料,01,使用料,01使用料,01,総務使用料,01総務使用料,02,市民センター使用料,02市民センター使用料,01,市民センター事務室等使用料,01市民センター事務室等使用料,0,,0,会計01/款14/項01/目01/節02/細節01/細々節0,814000,JPY,814,千円,44
132047:2024:revenue:approved:8b1671801975c1be,132047,三鷹市,2024,revenue,approved,当初予算,01,一般会計,01一般会計,14,使用料及び手数料,14使用料及び手数料,01,使用料,01使用料,01,総務使用料,01総務使用料,02,市民センター使用料,02市民センター使用料,02,市民センター駐車場等使用料,02市民センター駐車場等使用料,0,,0,会計01/款14/項01/目01/節02/細節02/細々節0,9490000,JPY,9490,千円,45
132047:2024:revenue:approved:905490f485a906f2,132047,三鷹市,2024,revenue,approved,当初予算,01,一般会計,01一般会計,14,使用料及び手数料,14使用料及び手数料,01,使用料,01使用料,01,総務使用料,01総務使用料,03,地区公会堂使用料,03地区公会堂使用料,01,地区公会堂使用料,01地区公会堂使用料,0,,0,会計01/款14/項01/目01/節03/細節01/細々節0,1000,JPY,1,千円,46
132047:2024:revenue:approved:734b9ced927accaf,132047,三鷹市,2024,revenue,approved,当初予算,01,一般会計,01一般会計,14,使用料及び手数料,14使用料及び手数料,01,使用料,01使用料,01,総務使用料,01総務使用料,04,地区公会堂用地使用料,04地区公会堂用地使用料,01,地区公会堂用地使用料,01地区公会堂用地使用料,0,,0,会計01/款14/項01/目01/節04/細節01/細々節0,11000,JPY,11,千円,47
132047:2024:revenue:approved:a8686df39c2ccf40,132047,三鷹市,2024,revenue,approved,当初予算,01,一般会計,01一般会計,14,使用料及び手数料,14使用料及び手数料,01,使用料,01使用料,01,総務使用料,01総務使用料,05,コミュニティ・センタープール等使用料,05コミュニティ・センタープール等使用料,01,コミュニティ・センタープール等使用料,01コミュニティ・センタープール等使用料,0,,0,会計01/款14/項01/目01/節05/細節01/細々節0,1743000,JPY,1743,千円,48
132047:2024:revenue:approved:89715c4036cb1455,132047,三鷹市,2024,revenue,approved,当初予算,01,一般会計,01一般会計,14,使用料及び手数料,14使用料及び手数料,01,使用料,01使用料,01,総務使用料,01総務使用料,06,コミュニティ・センター用地等使用料,06コミュニティ・センター用地等使用料,01,コミュニティ・センター用地等使用料,01コミュニティ・センター用地等使用料,0,,0,会計01/款14/項01/目01/節06/細節01/細々節0,5000,JPY,5,千円,49
132047:2024:revenue:approved:79e3be0185f81db7,132047,三鷹市,2024,revenue,approved,当初予算,01,一般会計,01一般会計,14,使用料及び手数料,14使用料及び手数料,01,使用料,01使用料,01,総務使用料,01総務使用料,07,市民協働センター使用料,07市民協働センター使用料,01,市民協働センター使用料,01市民協働センター使用料,0,,0,会計01/款14/項01/目01/節07/細節01/細々節0,2750000,JPY,2750,千円,50
132047:2024:revenue:approved:6bb79fda1e65072f,132047,三鷹市,2024,revenue,approved,当初予算,01,一般会計,01一般会計,14,使用料及び手数料,14使用料及び手数料,01,使用料,01使用料,01,総務使用料,01総務使用料,08,文化施設使用料,08文化施設使用料,01,芸術文化センター使用料,01芸術文化センター使用料,0,,0,会計01/款14/項01/目01/節08/細節01/細々節0,47900000,JPY,47900,千円,51
132047:2024:revenue:approved:d7455c507fb99f6b,132047,三鷹市,2024,revenue,approved,当初予算,01,一般会計,01一般会計,14,使用料及び手数料,14使用料及び手数料,01,使用料,01使用料,01,総務使用料,01総務使用料,08,文化施設使用料,08文化施設使用料,02,美術ギャラリー使用料,02美術ギャラリー使用料,0,,0,会計01/款14/項01/目01/節08/細節02/細々節0,2100000,JPY,2100,千円,52
132047:2024:revenue:approved:abd60f922a1fd8d3,132047,三鷹市,2024,revenue,approved,当初予算,01,一般会計,01一般会計,14,使用料及び手数料,14使用料及び手数料,01,使用料,01使用料,01,総務使用料,01総務使用料,08,文化施設使用料,08文化施設使用料,03,公会堂使用料,03公会堂使用料,0,,0,会計01/款14/項01/目01/節08/細節03/細々節0,39400000,JPY,39400,千円,53
132047:2024:revenue:approved:056c8abfb72fb987,132047,三鷹市,2024,revenue,approved,当初予算,01,一般会計,01一般会計,14,使用料及び手数料,14使用料及び手数料,01,使用料,01使用料,01,総務使用料,01総務使用料,08,文化施設使用料,08文化施設使用料,04,みたか井心亭使用料,04みたか井心亭使用料,0,,0,会計01/款14/項01/目01/節08/細節04/細々節0,2600000,JPY,2600,千円,54
132047:2024:revenue:approved:fd1bcaabf0146f7e,132047,三鷹市,2024,revenue,approved,当初予算,01,一般会計,01一般会計,14,使用料及び手数料,14使用料及び手数料,01,使用料,01使用料,01,総務使用料,01総務使用料,08,文化施設使用料,08文化施設使用料,05,山本有三記念館使用料,05山本有三記念館使用料,0,,0,会計01/款14/項01/目01/節08/細節05/細々節0,2000000,JPY,2000,千円,55
132047:2024:revenue:approved:ad2e691d2b805ee9,132047,三鷹市,2024,revenue,approved,当初予算,01,一般会計,01一般会計,14,使用料及び手数料,14使用料及び手数料,01,使用料,01使用料,01,総務使用料,01総務使用料,08,文化施設使用料,08文化施設使用料,06,桜井浜江記念市民ギャラリー使用料,06桜井浜江記念市民ギャラリー使用料,0,,0,会計01/款14/項01/目01/節08/細節06/細々節0,450000,JPY,450,千円,56
132047:2024:revenue:approved:b4c3beaf97ec9409,132047,三鷹市,2024,revenue,approved,当初予算,01,一般会計,01一般会計,14,使用料及び手数料,14使用料及び手数料,01,使用料,01使用料,01,総務使用料,01総務使用料,08,文化施設使用料,08文化施設使用料,07,吉村昭書斎使用料,07吉村昭書斎使用料,0,,0,会計01/款14/項01/目01/節08/細節07/細々節0,500000,JPY,500,千円,57
132047:2024:revenue:approved:34a1d3c2c4f73226,132047,三鷹市,2024,revenue,approved,当初予算,01,一般会計,01一般会計,14,使用料及び手数料,14使用料及び手数料,01,使用料,01使用料,01,総務使用料,01総務使用料,09,文化施設用地使用料,09文化施設用地使用料,01,山本有三記念館用地使用料,01山本有三記念館用地使用料,0,,0,会計01/款14/項01/目01/節09/細節01/細々節0,4000,JPY,4,千円,58
132047:2024:revenue:approved:cbecf54e2091e329,132047,三鷹市,2024,revenue,approved,当初予算,01,一般会計,01一般会計,14,使用料及び手数料,14使用料及び手数料,01,使用料,01使用料,01,総務使用料,01総務使用料,10,三鷹市立アニメーション美術館内施設使用料,10三鷹市立アニメーション美術館内施設使用料,01,三鷹市立アニメーション美術館内施設使用料,01三鷹市立アニメーション美術館内施設使用料,0,,0,会計01/款14/項01/目01/節10/細節01/細々節0,1915000,JPY,1915,千円,59
132047:2024:revenue:approved:f879c9eceadd2127,132047,三鷹市,2024,revenue,approved,当初予算,01,一般会計,01一般会計,14,使用料及び手数料,14使用料及び手数料,01,使用料,01使用料,02,民生使用料,02民生使用料,01,福祉センター使用料,01福祉センター使用料,01,福祉センター使用料,01福祉センター使用料,0,,0,会計01/款14/項01/目02/節01/細節01/細々節0,750000,JPY,750,千円,60
132047:2024:revenue:approved:e56c393b55edd071,132047,三鷹市,2024,revenue,approved,当初予算,01,一般会計,01一般会計,14,使用料及び手数料,14使用料及び手数料,01,使用料,01使用料,02,民生使用料,02民生使用料,02,下連雀複合施設使用料,02下連雀複合施設使用料,01,下連雀複合施設用地使用料,01下連雀複合施設用地使用料,0,,0,会計01/款14/項01/目02/節02/細節01/細々節0,1000,JPY,1,千円,61
132047:2024:revenue:approved:4686f050942de8b6,132047,三鷹市,2024,revenue,approved,当初予算,01,一般会計,01一般会計,14,使用料及び手数料,14使用料及び手数料,01,使用料,01使用料,02,民生使用料,02民生使用料,02,下連雀複合施設使用料,02下連雀複合施設使用料,02,下連雀複合施設施設使用料,02下連雀複合施設施設使用料,0,,0,会計01/款14/項01/目02/節02/細節02/細々節0,1559000,JPY,1559,千円,62
132047:2024:revenue:approved:eb8a809ea625c849,132047,三鷹市,2024,revenue,approved,当初予算,01,一般会計,01一般会計,14,使用料及び手数料,14使用料及び手数料,01,使用料,01使用料,02,民生使用料,02民生使用料,03,福祉コアかみれん使用料,03福祉コアかみれん使用料,01,福祉コアかみれん用地使用料,01福祉コアかみれん用地使用料,0,,0,会計01/款14/項01/目02/節03/細節01/細々節0,2000,JPY,2,千円,63
132047:2024:revenue:approved:6e35ba174bdae325,132047,三鷹市,2024,revenue,approved,当初予算,01,一般会計,01一般会計,14,使用料及び手数料,14使用料及び手数料,01,使用料,01使用料,02,民生使用料,02民生使用料,03,福祉コアかみれん使用料,03福祉コアかみれん使用料,02,福祉コアかみれん施設使用料,02福祉コアかみれん施設使用料,0,,0,会計01/款14/項01/目02/節03/細節02/細々節0,1089000,JPY,1089,千円,64
132047:2024:revenue:approved:dad7a548c315db84,132047,三鷹市,2024,revenue,approved,当初予算,01,一般会計,01一般会計,14,使用料及び手数料,14使用料及び手数料,01,使用料,01使用料,02,民生使用料,02民生使用料,04,心身障がい児通所訓練施設なかよし教室使用料,04心身障がい児通所訓練施設なかよし教室使用料,01,心身障がい児通所訓練施設なかよし教室施設使用料,01心身障がい児通所訓練施設なかよし教室施設使用料,0,,0,会計01/款14/項01/目02/節04/細節01/細々節0,3359000,JPY,3359,千円,65
132047:2024:revenue:approved:ebf018ef6d5e284e,132047,三鷹市,2024,revenue,approved,当初予算,01,一般会計,01一般会計,14,使用料及び手数料,14使用料及び手数料,01,使用料,01使用料,02,民生使用料,02民生使用料,05,北野ハピネスセンター用地使用料,05北野ハピネスセンター用地使用料,01,北野ハピネスセンター用地使用料,01北野ハピネスセンター用地使用料,0,,0,会計01/款14/項01/目02/節05/細節01/細々節0,1000,JPY,1,千円,66
132047:2024:revenue:approved:9a58a0e52663491d,132047,三鷹市,2024,revenue,approved,当初予算,01,一般会計,01一般会計,14,使用料及び手数料,14使用料及び手数料,01,使用料,01使用料,02,民生使用料,02民生使用料,06,福祉住宅使用料,06福祉住宅使用料,01,福祉住宅使用料,01福祉住宅使用料,0,,0,会計01/款14/項01/目02/節06/細節01/細々節0,18739000,JPY,18739,千円,67
132047:2024:revenue:approved:8e32911d0eb1c6c0,132047,三鷹市,2024,revenue,approved,当初予算,01,一般会計,01一般会計,14,使用料及び手数料,14使用料及び手数料,01,使用料,01使用料,02,民生使用料,02民生使用料,07,生活リハビリセンター居室使用料,07生活リハビリセンター居室使用料,01,生活リハビリセンター居室使用料,01生活リハビリセンター居室使用料,0,,0,会計01/款14/項01/目02/節07/細節01/細々節0,2090000,JPY,2090,千円,68
132047:2024:revenue:approved:b70f8d5b000ad912,132047,三鷹市,2024,revenue,approved,当初予算,01,一般会計,01一般会計,14,使用料及び手数料,14使用料及び手数料,01,使用料,01使用料,02,民生使用料,02民生使用料,08,協働研究推進室等使用料,08協働研究推進室等使用料,01,協働研究推進室等使用料,01協働研究推進室等使用料,0,,0,会計01/款14/項01/目02/節08/細節01/細々節0,1147000,JPY,1147,千円,69
132047:2024:revenue:approved:5f9f20d363c7cd2d,132047,三鷹市,2024,revenue,approved,当初予算,01,一般会計,01一般会計,14,使用料及び手数料,14使用料及び手数料,01,使用料,01使用料,02,民生使用料,02民生使用料,09,旧どんぐり山居室使用料,09旧どんぐり山居室使用料,01,旧どんぐり山居室使用料,01旧どんぐり山居室使用料,0,,0,会計01/款14/項01/目02/節09/細節01/細々節0,1000,JPY,1,千円,70
132047:2024:revenue:approved:d692b70ce5877dbf,132047,三鷹市,2024,revenue,approved,当初予算,01,一般会計,01一般会計,14,使用料及び手数料,14使用料及び手数料,01,使用料,01使用料,02,民生使用料,02民生使用料,10,保育園用地使用料,10保育園用地使用料,01,保育園用地使用料,01保育園用地使用料,0,,0,会計01/款14/項01/目02/節10/細節01/細々節0,13000,JPY,13,千円,71
132047:2024:revenue:approved:68d1798effcfb2f5,132047,三鷹市,2024,revenue,approved,当初予算,01,一般会計,01一般会計,14,使用料及び手数料,14使用料及び手数料,01,使用料,01使用料,02,民生使用料,02民生使用料,11,子ども発達支援センター使用料,11子ども発達支援センター使用料,01,子ども発達支援センター使用料,01子ども発達支援センター使用料,0,,0,会計01/款14/項01/目02/節11/細節01/細々節0,184000,JPY,184,千円,72
132047:2024:revenue:approved:ab2c3f7a7b8c853e,132047,三鷹市,2024,revenue,approved,当初予算,01,一般会計,01一般会計,14,使用料及び手数料,14使用料及び手数料,01,使用料,01使用料,02,民生使用料,02民生使用料,12,多世代交流センター用地使用料,12多世代交流センター用地使用料,01,多世代交流センター用地使用料,01多世代交流センター用地使用料,0,,0,会計01/款14/項01/目02/節12/細節01/細々節0,5000,JPY,5,千円,73
132047:2024:revenue:approved:602786e277f5d4c4,132047,三鷹市,2024,revenue,approved,当初予算,01,一般会計,01一般会計,14,使用料及び手数料,14使用料及び手数料,01,使用料,01使用料,02,民生使用料,02民生使用料,13,学童保育所使用料,13学童保育所使用料,01,学童保育所育成料,01学童保育所育成料,0,,0,会計01/款14/項01/目02/節13/細節01/細々節0,151479000,JPY,151479,千円,74
132047:2024:revenue:approved:d38eeee2e29b72e6,132047,三鷹市,2024,revenue,approved,当初予算,01,一般会計,01一般会計,14,使用料及び手数料,14使用料及び手数料,01,使用料,01使用料,02,民生使用料,02民生使用料,13,学童保育所使用料,13学童保育所使用料,02,学童保育所延長育成料,02学童保育所延長育成料,0,,0,会計01/款14/項01/目02/節13/細節02/細々節0,7100000,JPY,7100,千円,75
132047:2024:revenue:approved:da084d34dbd59788,132047,三鷹市,2024,revenue,approved,当初予算,01,一般会計,01一般会計,14,使用料及び手数料,14使用料及び手数料,01,使用料,01使用料,03,衛生使用料,03衛生使用料,01,総合保健センター使用料,01総合保健センター使用料,01,総合保健センター使用料,01総合保健センター使用料,0,,0,会計01/款14/項01/目03/節01/細節01/細々節0,28000,JPY,28,千円,76
132047:2024:revenue:approved:3f05bc9495b5ac5c,132047,三鷹市,2024,revenue,approved,当初予算,01,一般会計,01一般会計,14,使用料及び手数料,14使用料及び手数料,01,使用料,01使用料,03,衛生使用料,03衛生使用料,02,リサイクル市民工房用地使用料,02リサイクル市民工房用地使用料,01,高圧線下土地使用料,01高圧線下土地使用料,0,,0,会計01/款14/項01/目03/節02/細節01/細々節0,481000,JPY,481,千円,77
132047:2024:revenue:approved:ef64fe6338f309b6,132047,三鷹市,2024,revenue,approved,当初予算,01,一般会計,01一般会計,14,使用料及び手数料,14使用料及び手数料,01,使用料,01使用料,04,農林使用料,04農林使用料,01,農業公園用地使用料,01農業公園用地使用料,01,農業公園用地使用料,01農業公園用地使用料,0,,0,会計01/款14/項01/目04/節01/細節01/細々節0,11620000,JPY,11620,千円,78
132047:2024:revenue:approved:c7772fbdb4f0ebc0,132047,三鷹市,2024,revenue,approved,当初予算,01,一般会計,01一般会計,14,使用料及び手数料,14使用料及び手数料,01,使用料,01使用料,05,土木使用料,05土木使用料,01,道路占用料,01道路占用料,01,ガス管、電柱等道路占用料,01ガス管、電柱等道路占用料,0,,0,会計01/款14/項01/目05/節01/細節01/細々節0,226200000,JPY,226200,千円,79
132047:2024:revenue:approved:4654ec089a78ce5d,132047,三鷹市,2024,revenue,approved,当初予算,01,一般会計,01一般会計,14,使用料及び手数料,14使用料及び手数料,01,使用料,01使用料,05,土木使用料,05土木使用料,02,法定外公共物使用料,02法定外公共物使用料,01,ガス管、電柱等公共物使用料,01ガス管、電柱等公共物使用料,0,,0,会計01/款14/項01/目05/節02/細節01/細々節0,5381000,JPY,5381,千円,80
132047:2024:revenue:approved:9bbc3d74ef9b5e78,132047,三鷹市,2024,revenue,approved,当初予算,01,一般会計,01一般会計,14,使用料及び手数料,14使用料及び手数料,01,使用料,01使用料,05,土木使用料,05土木使用料,03,交通公園等用地使用料,03交通公園等用地使用料,01,交通公園等用地使用料,01交通公園等用地使用料,0,,0,会計01/款14/項01/目05/節03/細節01/細々節0,315000,JPY,315,千円,81
132047:2024:revenue:approved:c0a013070f983411,132047,三鷹市,2024,revenue,approved,当初予算,01,一般会計,01一般会計,14,使用料及び手数料,14使用料及び手数料,01,使用料,01使用料,05,土木使用料,05土木使用料,04,都市公園等用地使用料,04都市公園等用地使用料,01,高圧線下等土地使用料,01高圧線下等土地使用料,0,,0,会計01/款14/項01/目05/節04/細節01/細々節0,1975000,JPY,1975,千円,82
132047:2024:revenue:approved:7640103c0c682557,132047,三鷹市,2024,revenue,approved,当初予算,01,一般会計,01一般会計,14,使用料及び手数料,14使用料及び手数料,01,使用料,01使用料,05,土木使用料,05土木使用料,05,三鷹中央防災公園使用料,05三鷹中央防災公園使用料,01,三鷹中央防災公園使用料,01三鷹中央防災公園使用料,0,,0,会計01/款14/項01/目05/節05/細節01/細々節0,1000,JPY,1,千円,83
132047:2024:revenue:approved:187ed1c73d6d71c5,132047,三鷹市,2024,revenue,approved,当初予算,01,一般会計,01一般会計,14,使用料及び手数料,14使用料及び手数料,01,使用料,01使用料,05,土木使用料,05土木使用料,06,市営住宅等使用料,06市営住宅等使用料,01,市営大沢住宅等使用料,01市営大沢住宅等使用料,0,,0,会計01/款14/項01/目05/節06/細節01/細々節0,32007000,JPY,32007,千円,84
132047:2024:revenue:approved:b12b351484cf771e,132047,三鷹市,2024,revenue,approved,当初予算,01,一般会計,01一般会計,14,使用料及び手数料,14使用料及び手数料,01,使用料,01使用料,05,土木使用料,05土木使用料,07,下連雀市民住宅使用料,07下連雀市民住宅使用料,01,下連雀市民住宅使用料,01下連雀市民住宅使用料,0,,0,会計01/款14/項01/目05/節07/細節01/細々節0,22104000,JPY,22104,千円,85
132047:2024:revenue:approved:ba0cf2c12c423460,132047,三鷹市,2024,revenue,approved,当初予算,01,一般会計,01一般会計,14,使用料及び手数料,14使用料及び手数料,01,使用料,01使用料,06,消防使用料,06消防使用料,01,防災用地使用料,01防災用地使用料,01,消防団詰所用地使用料,01消防団詰所用地使用料,0,,0,会計01/款14/項01/目06/節01/細節01/細々節0,3000,JPY,3,千円,86
132047:2024:revenue:approved:f2066e5bd4ba6cad,132047,三鷹市,2024,revenue,approved,当初予算,01,一般会計,01一般会計,14,使用料及び手数料,14使用料及び手数料,01,使用料,01使用料,07,教育使用料,07教育使用料,01,教育センター用地使用料,01教育センター用地使用料,01,教育センター用地使用料,01教育センター用地使用料,0,,0,会計01/款14/項01/目07/節01/細節01/細々節0,1000,JPY,1,千円,87
132047:2024:revenue:approved:cd7927d4cfcaf506,132047,三鷹市,2024,revenue,approved,当初予算,01,一般会計,01一般会計,14,使用料及び手数料,14使用料及び手数料,01,使用料,01使用料,07,教育使用料,07教育使用料,02,学校用地使用料,02学校用地使用料,01,学校用地内水源用地等使用料,01学校用地内水源用地等使用料,0,,0,会計01/款14/項01/目07/節02/細節01/細々節0,1299000,JPY,1299,千円,88
132047:2024:revenue:approved:04804de5389dba8b,132047,三鷹市,2024,revenue,approved,当初予算,01,一般会計,01一般会計,14,使用料及び手数料,14使用料及び手数料,01,使用料,01使用料,07,教育使用料,07教育使用料,03,大沢の里郷土文化施設使用料,03大沢の里郷土文化施設使用料,01,大沢の里郷土文化施設使用料,01大沢の里郷土文化施設使用料,0,,0,会計01/款14/項01/目07/節03/細節01/細々節0,714000,JPY,714,千円,89
132047:2024:revenue:approved:b9b7dfeb5dacb5c1,132047,三鷹市,2024,revenue,approved,当初予算,01,一般会計,01一般会計,14,使用料及び手数料,14使用料及び手数料,01,使用料,01使用料,07,教育使用料,07教育使用料,04,学校施設使用料,04学校施設使用料,01,地域交流室使用料,01地域交流室使用料,0,,0,会計01/款14/項01/目07/節04/細節01/細々節0,24000,JPY,24,千円,90
132047:2024:revenue:approved:1d1bfc7bdf098f4e,132047,三鷹市,2024,revenue,approved,当初予算,01,一般会計,01一般会計,14,使用料及び手数料,14使用料及び手数料,01,使用料,01使用料,07,教育使用料,07教育使用料,04,学校施設使用料,04学校施設使用料,02,体育施設使用料,02体育施設使用料,0,,0,会計01/款14/項01/目07/節04/細節02/細々節0,1414000,JPY,1414,千円,91
132047:2024:revenue:approved:6c49c8a0219472ce,132047,三鷹市,2024,revenue,approved,当初予算,01,一般会計,01一般会計,14,使用料及び手数料,14使用料及び手数料,01,使用料,01使用料,07,教育使用料,07教育使用料,04,学校施設使用料,04学校施設使用料,03,夜間照明設備使用料,03夜間照明設備使用料,0,,0,会計01/款14/項01/目07/節04/細節03/細々節0,1569000,JPY,1569,千円,92
132047:2024:revenue:approved:a4db24a4f6f1561a,132047,三鷹市,2024,revenue,approved,当初予算,01,一般会計,01一般会計,14,使用料及び手数料,14使用料及び手数料,01,使用料,01使用料,07,教育使用料,07教育使用料,05,生涯学習センター使用料,05生涯学習センター使用料,01,生涯学習センター使用料,01生涯学習センター使用料,0,,0,会計01/款14/項01/目07/節05/細節01/細々節0,5542000,JPY,5542,千円,93
132047:2024:revenue:approved:cd5b05a1f5f8697d,132047,三鷹市,2024,revenue,approved,当初予算,01,一般会計,01一般会計,14,使用料及び手数料,14使用料及び手数料,01,使用料,01使用料,07,教育使用料,07教育使用料,06,図書館用地使用料,06図書館用地使用料,01,三鷹図書館ケーブルテレビ支柱用地使用料,01三鷹図書館ケーブルテレビ支柱用地使用料,0,,0,会計01/款14/項01/目07/節06/細節01/細々節0,1000,JPY,1,千円,94
132047:2024:revenue:approved:975b3c4337c1e455,132047,三鷹市,2024,revenue,approved,当初予算,01,一般会計,01一般会計,14,使用料及び手数料,14使用料及び手数料,01,使用料,01使用料,07,教育使用料,07教育使用料,06,図書館用地使用料,06図書館用地使用料,02,東部図書館ケーブルテレビ支柱用地使用料,02東部図書館ケーブルテレビ支柱用地使用料,0,,0,会計01/款14/項01/目07/節06/細節02/細々節0,1000,JPY,1,千円,95
132047:2024:revenue:approved:31bb7e4fec27bade,132047,三鷹市,2024,revenue,approved,当初予算,01,一般会計,01一般会計,14,使用料及び手数料,14使用料及び手数料,01,使用料,01使用料,07,教育使用料,07教育使用料,06,図書館用地使用料,06図書館用地使用料,03,西部図書館ケーブルテレビ支柱用地使用料,03西部図書館ケーブルテレビ支柱用地使用料,0,,0,会計01/款14/項01/目07/節06/細節03/細々節0,1000,JPY,1,千円,96
132047:2024:revenue:approved:d3d30ddbba472c12,132047,三鷹市,2024,revenue,approved,当初予算,01,一般会計,01一般会計,14,使用料及び手数料,14使用料及び手数料,01,使用料,01使用料,07,教育使用料,07教育使用料,07,スポーツ施設使用料,07スポーツ施設使用料,01,新川テニスコート施設使用料,01新川テニスコート施設使用料,0,,0,会計01/款14/項01/目07/節07/細節01/細々節0,2143000,JPY,2143,千円,97
132047:2024:revenue:approved:bf8952610810b3bd,132047,三鷹市,2024,revenue,approved,当初予算,01,一般会計,01一般会計,14,使用料及び手数料,14使用料及び手数料,01,使用料,01使用料,07,教育使用料,07教育使用料,07,スポーツ施設使用料,07スポーツ施設使用料,02,大沢総合グラウンド施設使用料,02大沢総合グラウンド施設使用料,0,,0,会計01/款14/項01/目07/節07/細節02/細々節0,27591000,JPY,27591,千円,98
132047:2024:revenue:approved:ea1017b2c7430b4b,132047,三鷹市,2024,revenue,approved,当初予算,01,一般会計,01一般会計,14,使用料及び手数料,14使用料及び手数料,01,使用料,01使用料,07,教育使用料,07教育使用料,07,スポーツ施設使用料,07スポーツ施設使用料,03,大沢総合グラウンド夜間照明設備使用料,03大沢総合グラウンド夜間照明設備使用料,0,,0,会計01/款14/項01/目07/節07/細節03/細々節0,5877000,JPY,5877,千円,99
132047:2024:revenue:approved:60c047ac4441d8ad,132047,三鷹市,2024,revenue,approved,当初予算,01,一般会計,01一般会計,14,使用料及び手数料,14使用料及び手数料,01,使用料,01使用料,07,教育使用料,07教育使用料,07,スポーツ施設使用料,07スポーツ施設使用料,04,大沢野川グラウンド施設使用料,04大沢野川グラウンド施設使用料,0,,0,会計01/款14/項01/目07/節07/細節04/細々節0,1974000,JPY,1974,千円,100
132047:2024:revenue:approved:c0abbd64b75d053a,132047,三鷹市,2024,revenue,approved,当初予算,01,一般会計,01一般会計,14,使用料及び手数料,14使用料及び手数料,01,使用料,01使用料,07,教育使用料,07教育使用料,07,スポーツ施設使用料,07スポーツ施設使用料,05,大沢野川グラウンド駐車場使用料,05大沢野川グラウンド駐車場使用料,0,,0,会計01/款14/項01/目07/節07/細節05/細々節0,3338000,JPY,3338,千円,101
132047:2024:revenue:approved:0907639b8271fb7a,132047,三鷹市,2024,revenue,approved,当初予算,01,一般会計,01一般会計,14,使用料及び手数料,14使用料及び手数料,01,使用料,01使用料,07,教育使用料,07教育使用料,07,スポーツ施設使用料,07スポーツ施設使用料,06,総合スポーツセンター施設使用料,06総合スポーツセンター施設使用料,0,,0,会計01/款14/項01/目07/節07/細節06/細々節0,75902000,JPY,75902,千円,102
132047:2024:revenue:approved:9985e2b7a2d588fd,132047,三鷹市,2024,revenue,approved,当初予算,01,一般会計,01一般会計,14,使用料及び手数料,14使用料及び手数料,01,使用料,01使用料,07,教育使用料,07教育使用料,08,井口特設グラウンド用地使用料,08井口特設グラウンド用地使用料,01,電柱用地等使用料,01電柱用地等使用料,0,,0,会計01/款14/項01/目07/節08/細節01/細々節0,3000,JPY,3,千円,103
132047:2024:revenue:approved:59a542535ff12423,132047,三鷹市,2024,revenue,approved,当初予算,01,一般会計,01一般会計,14,使用料及び手数料,14使用料及び手数料,02,手数料,02手数料,01,総務手数料,01総務手数料,01,自動車臨時運行許可手数料,01自動車臨時運行許可手数料,01,自動車臨時運行許可手数料,01自動車臨時運行許可手数料,0,,0,会計01/款14/項02/目01/節01/細節01/細々節0,522000,JPY,522,千円,104
132047:2024:revenue:approved:f95584552b51d812,132047,三鷹市,2024,revenue,approved,当初予算,01,一般会計,01一般会計,14,使用料及び手数料,14使用料及び手数料,02,手数料,02手数料,01,総務手数料,01総務手数料,02,住居表示台帳閲覧等手数料,02住居表示台帳閲覧等手数料,01,住居表示台帳閲覧等手数料,01住居表示台帳閲覧等手数料,0,,0,会計01/款14/項02/目01/節02/細節01/細々節0,6000,JPY,6,千円,105
132047:2024:revenue:approved:cfeebcf24b64931e,132047,三鷹市,2024,revenue,approved,当初予算,01,一般会計,01一般会計,14,使用料及び手数料,14使用料及び手数料,02,手数料,02手数料,01,総務手数料,01総務手数料,03,自動交付手数料,03自動交付手数料,01,証明書コンビニ交付手数料,01証明書コンビニ交付手数料,0,,0,会計01/款14/項02/目01/節03/細節01/細々節0,14950000,JPY,14950,千円,106
132047:2024:revenue:approved:31ebd858b62974bb,132047,三鷹市,2024,revenue,approved,当初予算,01,一般会計,01一般会計,14,使用料及び手数料,14使用料及び手数料,02,手数料,02手数料,01,総務手数料,01総務手数料,04,税証明交付手数料,04税証明交付手数料,01,税証明交付手数料,01税証明交付手数料,0,,0,会計01/款14/項02/目01/節04/細節01/細々節0,9216000,JPY,9216,千円,107
132047:2024:revenue:approved:d77a364537321dce,132047,三鷹市,2024,revenue,approved,当初予算,01,一般会計,01一般会計,14,使用料及び手数料,14使用料及び手数料,02,手数料,02手数料,01,総務手数料,01総務手数料,05,戸籍住民手数料,05戸籍住民手数料,01,戸籍証明書交付手数料,01戸籍証明書交付手数料,0,,0,会計01/款14/項02/目01/節05/細節01/細々節0,12941000,JPY,12941,千円,108
132047:2024:revenue:approved:8925b75813a2b4b1,132047,三鷹市,2024,revenue,approved,当初予算,01,一般会計,01一般会計,14,使用料及び手数料,14使用料及び手数料,02,手数料,02手数料,01,総務手数料,01総務手数料,05,戸籍住民手数料,05戸籍住民手数料,02,住民票写し交付閲覧手数料,02住民票写し交付閲覧手数料,0,,0,会計01/款14/項02/目01/節05/細節02/細々節0,14193000,JPY,14193,千円,109
132047:2024:revenue:approved:1ebdc7c3d1666c27,132047,三鷹市,2024,revenue,approved,当初予算,01,一般会計,01一般会計,14,使用料及び手数料,14使用料及び手数料,02,手数料,02手数料,01,総務手数料,01総務手数料,05,戸籍住民手数料,05戸籍住民手数料,03,印鑑登録証明等交付手数料,03印鑑登録証明等交付手数料,0,,0,会計01/款14/項02/目01/節05/細節03/細々節0,4187000,JPY,4187,千円,110
132047:2024:revenue:approved:860ca13fb5449ccb,132047,三鷹市,2024,revenue,approved,当初予算,01,一般会計,01一般会計,14,使用料及び手数料,14使用料及び手数料,02,手数料,02手数料,01,総務手数料,01総務手数料,06,認可地縁団体証明交付手数料,06認可地縁団体証明交付手数料,01,認可地縁団体証明等交付手数料,01認可地縁団体証明等交付手数料,0,,0,会計01/款14/項02/目01/節06/細節01/細々節0,1000,JPY,1,千円,111
132047:2024:revenue:approved:1796ebac860aac4d,132047,三鷹市,2024,revenue,approved,当初予算,01,一般会計,01一般会計,14,使用料及び手数料,14使用料及び手数料,02,手数料,02手数料,02,民生手数料,02民生手数料,01,社会福祉法人理事証明書等交付手数料,01社会福祉法人理事証明書等交付手数料,01,社会福祉法人理事証明書等交付手数料,01社会福祉法人理事証明書等交付手数料,0,,0,会計01/款14/項02/目02/節01/細節01/細々節0,1000,JPY,1,千円,112
132047:2024:revenue:approved:4f11a3826722b232,132047,三鷹市,2024,revenue,approved,当初予算,01,一般会計,01一般会計,14,使用料及び手数料,14使用料及び手数料,02,手数料,02手数料,03,衛生手数料,03衛生手数料,01,工場認可申請手数料,01工場認可申請手数料,01,工場認可申請手数料,01工場認可申請手数料,0,,0,会計01/款14/項02/目03/節01/細節01/細々節0,7000,JPY,7,千円,113
132047:2024:revenue:approved:15502f3441153328,132047,三鷹市,2024,revenue,approved,当初予算,01,一般会計,01一般会計,14,使用料及び手数料,14使用料及び手数料,02,手数料,02手数料,03,衛生手数料,03衛生手数料,02,犬の登録等手数料,02犬の登録等手数料,01,犬の登録等手数料,01犬の登録等手数料,0,,0,会計01/款14/項02/目03/節02/細節01/細々節0,3363000,JPY,3363,千円,114
132047:2024:revenue:approved:1e757847ca0b0912,132047,三鷹市,2024,revenue,approved,当初予算,01,一般会計,01一般会計,14,使用料及び手数料,14使用料及び手数料,02,手数料,02手数料,03,衛生手数料,03衛生手数料,03,塵芥処理手数料,03塵芥処理手数料,01,ごみ収集処理手数料,01ごみ収集処理手数料,0,,0,会計01/款14/項02/目03/節03/細節01/細々節0,432686000,JPY,432686,千円,115
132047:2024:revenue:approved:18761b096fff77d8,132047,三鷹市,2024,revenue,approved,当初予算,01,一般会計,01一般会計,14,使用料及び手数料,14使用料及び手数料,02,手数料,02手数料,03,衛生手数料,03衛生手数料,03,塵芥処理手数料,03塵芥処理手数料,02,一般廃棄物処理業許可申請等手数料,02一般廃棄物処理業許可申請等手数料,0,,0,会計01/款14/項02/目03/節03/細節02/細々節0,10000,JPY,10,千円,116
132047:2024:revenue:approved:6ff5795427c75758,132047,三鷹市,2024,revenue,approved,当初予算,01,一般会計,01一般会計,14,使用料及び手数料,14使用料及び手数料,02,手数料,02手数料,03,衛生手数料,03衛生手数料,04,し尿処理手数料,04し尿処理手数料,01,し尿処理手数料,01し尿処理手数料,0,,0,会計01/款14/項02/目03/節04/細節01/細々節0,6036000,JPY,6036,千円,117
132047:2024:revenue:approved:b3077180a470be7b,132047,三鷹市,2024,revenue,approved,当初予算,01,一般会計,01一般会計,14,使用料及び手数料,14使用料及び手数料,02,手数料,02手数料,03,衛生手数料,03衛生手数料,04,し尿処理手数料,04し尿処理手数料,02,浄化槽清掃業許可申請手数料,02浄化槽清掃業許可申請手数料,0,,0,会計01/款14/項02/目03/節04/細節02/細々節0,10000,JPY,10,千円,118
132047:2024:revenue:approved:12cbe075b1fe71c7,132047,三鷹市,2024,revenue,approved,当初予算,01,一般会計,01一般会計,14,使用料及び手数料,14使用料及び手数料,02,手数料,02手数料,04,土木手数料,04土木手数料,01,屋外広告物許可手数料,01屋外広告物許可手数料,01,屋外広告物許可手数料,01屋外広告物許可手数料,0,,0,会計01/款14/項02/目04/節01/細節01/細々節0,1584000,JPY,1584,千円,119
132047:2024:revenue:approved:0fa506d228ef8ec7,132047,三鷹市,2024,revenue,approved,当初予算,01,一般会計,01一般会計,14,使用料及び手数料,14使用料及び手数料,02,手数料,02手数料,04,土木手数料,04土木手数料,02,道路証明手数料,02道路証明手数料,01,道路証明手数料,01道路証明手数料,0,,0,会計01/款14/項02/目04/節02/細節01/細々節0,126000,JPY,126,千円,120
132047:2024:revenue:approved:255fd5fe51ab5262,132047,三鷹市,2024,revenue,approved,当初予算,01,一般会計,01一般会計,14,使用料及び手数料,14使用料及び手数料,02,手数料,02手数料,04,土木手数料,04土木手数料,03,境界確定図面等写し交付手数料,03境界確定図面等写し交付手数料,01,境界確定図面等写し交付手数料,01境界確定図面等写し交付手数料,0,,0,会計01/款14/項02/目04/節03/細節01/細々節0,1872000,JPY,1872,千円,121
132047:2024:revenue:approved:ac4f376eefcc098f,132047,三鷹市,2024,revenue,approved,当初予算,01,一般会計,01一般会計,14,使用料及び手数料,14使用料及び手数料,02,手数料,02手数料,04,土木手数料,04土木手数料,04,建築指導手数料,04建築指導手数料,01,建築物確認等申請手数料,01建築物確認等申請手数料,0,,0,会計01/款14/項02/目04/節04/細節01/細々節0,791000,JPY,791,千円,122
132047:2024:revenue:approved:6604d580e134500f,132047,三鷹市,2024,revenue,approved,当初予算,01,一般会計,01一般会計,14,使用料及び手数料,14使用料及び手数料,02,手数料,02手数料,04,土木手数料,04土木手数料,04,建築指導手数料,04建築指導手数料,02,建築許可等申請手数料,02建築許可等申請手数料,0,,0,会計01/款14/項02/目04/節04/細節02/細々節0,4836000,JPY,4836,千円,123
132047:2024:revenue:approved:b4ab2e92c7ba7ead,132047,三鷹市,2024,revenue,approved,当初予算,01,一般会計,01一般会計,14,使用料及び手数料,14使用料及び手数料,02,手数料,02手数料,04,土木手数料,04土木手数料,05,建築指導証明手数料,05建築指導証明手数料,01,建築確認証明等手数料,01建築確認証明等手数料,0,,0,会計01/款14/項02/目04/節05/細節01/細々節0,1992000,JPY,1992,千円,124
132047:2024:revenue:approved:5197772d39677a6e,132047,三鷹市,2024,revenue,approved,当初予算,01,一般会計,01一般会計,14,使用料及び手数料,14使用料及び手数料,02,手数料,02手数料,04,土木手数料,04土木手数料,06,都市計画証明等手数料,06都市計画証明等手数料,01,都市計画証明等手数料,01都市計画証明等手数料,0,,0,会計01/款14/項02/目04/節06/細節01/細々節0,21000,JPY,21,千円,125
132047:2024:revenue:approved:2c287ce64c54ed6f,132047,三鷹市,2024,revenue,approved,当初予算,01,一般会計,01一般会計,14,使用料及び手数料,14使用料及び手数料,02,手数料,02手数料,04,土木手数料,04土木手数料,07,優良宅地及び優良住宅等認定事務手数料,07優良宅地及び優良住宅等認定事務手数料,01,優良宅地及び優良住宅等認定事務手数料,01優良宅地及び優良住宅等認定事務手数料,0,,0,会計01/款14/項02/目04/節07/細節01/細々節0,1000,JPY,1,千円,126
132047:2024:revenue:approved:3dfe622d9c39d18a,132047,三鷹市,2024,revenue,approved,当初予算,01,一般会計,01一般会計,14,使用料及び手数料,14使用料及び手数料,02,手数料,02手数料,04,土木手数料,04土木手数料,08,マンション建替事業証明書交付手数料,08マンション建替事業証明書交付手数料,01,マンション建替事業証明書交付手数料,01マンション建替事業証明書交付手数料,0,,0,会計01/款14/項02/目04/節08/細節01/細々節0,1000,JPY,1,千円,127
132047:2024:revenue:approved:8f25b2f769dc758d,132047,三鷹市,2024,revenue,approved,当初予算,01,一般会計,01一般会計,14,使用料及び手数料,14使用料及び手数料,02,手数料,02手数料,04,土木手数料,04土木手数料,09,緑化率適合証明手数料,09緑化率適合証明手数料,01,緑化率適合証明手数料,01緑化率適合証明手数料,0,,0,会計01/款14/項02/目04/節09/細節01/細々節0,1000,JPY,1,千円,128
132047:2024:revenue:approved:5444cf78bdba0e0e,132047,三鷹市,2024,revenue,approved,当初予算,01,一般会計,01一般会計,15,国庫支出金,15国庫支出金,01,国庫負担金,01国庫負担金,01,民生費国庫負担金,01民生費国庫負担金,01,生活困窮者自立相談支援事業費等負担金,01生活困窮者自立相談支援事業費等負担金,01,生活困窮者住居確保給付金負担金,01生活困窮者住居確保給付金負担金,0,,0,会計01/款15/項01/目01/節01/細節01/細々節0,11785000,JPY,11785,千円,129
132047:2024:revenue:approved:390bf7647c0b179c,132047,三鷹市,2024,revenue,approved,当初予算,01,一般会計,01一般会計,15,国庫支出金,15国庫支出金,01,国庫負担金,01国庫負担金,01,民生費国庫負担金,01民生費国庫負担金,01,生活困窮者自立相談支援事業費等負担金,01生活困窮者自立相談支援事業費等負担金,02,被保護者就労支援事業費負担金,02被保護者就労支援事業費負担金,0,,0,会計01/款15/項01/目01/節01/細節02/細々節0,3931000,JPY,3931,千円,130
132047:2024:revenue:approved:dd525c5c933fd1c7,132047,三鷹市,2024,revenue,approved,当初予算,01,一般会計,01一般会計,15,国庫支出金,15国庫支出金,01,国庫負担金,01国庫負担金,01,民生費国庫負担金,01民生費国庫負担金,01,生活困窮者自立相談支援事業費等負担金,01生活困窮者自立相談支援事業費等負担金,03,被保護者健康管理支援事業費負担金,03被保護者健康管理支援事業費負担金,0,,0,会計01/款15/項01/目01/節01/細節03/細々節0,3836000,JPY,3836,千円,131
132047:2024:revenue:approved:b8bbfdd05211d6f4,132047,三鷹市,2024,revenue,approved,当初予算,01,一般会計,01一般会計,15,国庫支出金,15国庫支出金,01,国庫負担金,01国庫負担金,01,民生費国庫負担金,01民生費国庫負担金,02,障害者自立支援介護給付費負担金,02障害者自立支援介護給付費負担金,01,居宅介護給付費負担金,01居宅介護給付費負担金,0,,0,会計01/款15/項01/目01/節02/細節01/細々節0,341424000,JPY,341424,千円,132
132047:2024:revenue:approved:8ddabe975c86a017,132047,三鷹市,2024,revenue,approved,当初予算,01,一般会計,01一般会計,15,国庫支出金,15国庫支出金,01,国庫負担金,01国庫負担金,01,民生費国庫負担金,01民生費国庫負担金,02,障害者自立支援介護給付費負担金,02障害者自立支援介護給付費負担金,02,療養介護給付費負担金,02療養介護給付費負担金,0,,0,会計01/款15/項01/目01/節02/細節02/細々節0,39814000,JPY,39814,千円,133
132047:2024:revenue:approved:466bdfac5230cdcf,132047,三鷹市,2024,revenue,approved,当初予算,01,一般会計,01一般会計,15,国庫支出金,15国庫支出金,01,国庫負担金,01国庫負担金,01,民生費国庫負担金,01民生費国庫負担金,02,障害者自立支援介護給付費負担金,02障害者自立支援介護給付費負担金,03,生活介護給付費負担金,03生活介護給付費負担金,0,,0,会計01/款15/項01/目01/節02/細節03/細々節0,535760000,JPY,535760,千円,134
132047:2024:revenue:approved:4938e3081e35a113,132047,三鷹市,2024,revenue,approved,当初予算,01,一般会計,01一般会計,15,国庫支出金,15国庫支出金,01,国庫負担金,01国庫負担金,01,民生費国庫負担金,01民生費国庫負担金,02,障害者自立支援介護給付費負担金,02障害者自立支援介護給付費負担金,04,短期入所給付費負担金,04短期入所給付費負担金,0,,0,会計01/款15/項01/目01/節02/細節04/細々節0,35167000,JPY,35167,千円,135
132047:2024:revenue:approved:9ab5f733e7c67bcc,132047,三鷹市,2024,revenue,approved,当初予算,01,一般会計,01一般会計,15,国庫支出金,15国庫支出金,01,国庫負担金,01国庫負担金,01,民生費国庫負担金,01民生費国庫負担金,02,障害者自立支援介護給付費負担金,02障害者自立支援介護給付費負担金,05,施設支援給付費負担金,05施設支援給付費負担金,0,,0,会計01/款15/項01/目01/節02/細節05/細々節0,139082000,JPY,139082,千円,136
132047:2024:revenue:approved:c9810d5b8baf3b5f,132047,三鷹市,2024,revenue,approved,当初予算,01,一般会計,01一般会計,15,国庫支出金,15国庫支出金,01,国庫負担金,01国庫負担金,01,民生費国庫負担金,01民生費国庫負担金,02,障害者自立支援介護給付費負担金,02障害者自立支援介護給付費負担金,06,サービス利用計画作成費負担金,06サービス利用計画作成費負担金,0,,0,会計01/款15/項01/目01/節02/細節06/細々節0,46679000,JPY,46679,千円,137
132047:2024:revenue:approved:f51858f6afcd2564,132047,三鷹市,2024,revenue,approved,当初予算,01,一般会計,01一般会計,15,国庫支出金,15国庫支出金,01,国庫負担金,01国庫負担金,01,民生費国庫負担金,01民生費国庫負担金,02,障害者自立支援介護給付費負担金,02障害者自立支援介護給付費負担金,07,自立生活援助給付費負担金,07自立生活援助給付費負担金,0,,0,会計01/款15/項01/目01/節02/細節07/細々節0,1638000,JPY,1638,千円,138
132047:2024:revenue:approved:c1e4556d9a78f0fc,132047,三鷹市,2024,revenue,approved,当初予算,01,一般会計,01一般会計,15,国庫支出金,15国庫支出金,01,国庫負担金,01国庫負担金,01,民生費国庫負担金,01民生費国庫負担金,03,障害者自立支援訓練等給付費負担金,03障害者自立支援訓練等給付費負担金,01,就労移行支援給付費負担金,01就労移行支援給付費負担金,0,,0,会計01/款15/項01/目01/節03/細節01/細々節0,89921000,JPY,89921,千円,139
132047:2024:revenue:approved:ca4e67dcd5047d0f,132047,三鷹市,2024,revenue,approved,当初予算,01,一般会計,01一般会計,15,国庫支出金,15国庫支出金,01,国庫負担金,01国庫負担金,01,民生費国庫負担金,01民生費国庫負担金,03,障害者自立支援訓練等給付費負担金,03障害者自立支援訓練等給付費負担金,02,就労継続支援給付費負担金,02就労継続支援給付費負担金,0,,0,会計01/款15/項01/目01/節03/細節02/細々節0,293677000,JPY,293677,千円,140
132047:2024:revenue:approved:15240fb1376393f2,132047,三鷹市,2024,revenue,approved,当初予算,01,一般会計,01一般会計,15,国庫支出金,15国庫支出金,01,国庫負担金,01国庫負担金,01,民生費国庫負担金,01民生費国庫負担金,03,障害者自立支援訓練等給付費負担金,03障害者自立支援訓練等給付費負担金,03,就労定着支援給付費負担金,03就労定着支援給付費負担金,0,,0,会計01/款15/項01/目01/節03/細節03/細々節0,7702000,JPY,7702,千円,141
132047:2024:revenue:approved:cdb7b89a39b7824b,132047,三鷹市,2024,revenue,approved,当初予算,01,一般会計,01一般会計,15,国庫支出金,15国庫支出金,01,国庫負担金,01国庫負担金,01,民生費国庫負担金,01民生費国庫負担金,03,障害者自立支援訓練等給付費負担金,03障害者自立支援訓練等給付費負担金,04,共同生活援助給付費負担金,04共同生活援助給付費負担金,0,,0,会計01/款15/項01/目01/節03/細節04/細々節0,301671000,JPY,301671,千円,142
132047:2024:revenue:approved:c6371d05d6b29c5e,132047,三鷹市,2024,revenue,approved,当初予算,01,一般会計,01一般会計,15,国庫支出金,15国庫支出金,01,国庫負担金,01国庫負担金,01,民生費国庫負担金,01民生費国庫負担金,03,障害者自立支援訓練等給付費負担金,03障害者自立支援訓練等給付費負担金,05,自立訓練給付費負担金,05自立訓練給付費負担金,0,,0,会計01/款15/項01/目01/節03/細節05/細々節0,29963000,JPY,29963,千円,143
132047:2024:revenue:approved:01f565d005c361a7,132047,三鷹市,2024,revenue,approved,当初予算,01,一般会計,01一般会計,15,国庫支出金,15国庫支出金,01,国庫負担金,01国庫負担金,01,民生費国庫負担金,01民生費国庫負担金,04,障害者自立支援医療給付費負担金,04障害者自立支援医療給付費負担金,01,更生医療給付費負担金,01更生医療給付費負担金,0,,0,会計01/款15/項01/目01/節04/細節01/細々節0,137500000,JPY,137500,千円,144
132047:2024:revenue:approved:7dd8d6a3228479af,132047,三鷹市,2024,revenue,approved,当初予算,01,一般会計,01一般会計,15,国庫支出金,15国庫支出金,01,国庫負担金,01国庫負担金,01,民生費国庫負担金,01民生費国庫負担金,04,障害者自立支援医療給付費負担金,04障害者自立支援医療給付費負担金,02,育成医療給付費負担金,02育成医療給付費負担金,0,,0,会計01/款15/項01/目01/節04/細節02/細々節0,193000,JPY,193,千円,145
132047:2024:revenue:approved:202d72171eeb6b78,132047,三鷹市,2024,revenue,approved,当初予算,01,一般会計,01一般会計,15,国庫支出金,15国庫支出金,01,国庫負担金,01国庫負担金,01,民生費国庫負担金,01民生費国庫負担金,05,障害者自立支援補装具費支給事業負担金,05障害者自立支援補装具費支給事業負担金,01,障害者自立支援補装具費支給事業負担金,01障害者自立支援補装具費支給事業負担金,0,,0,会計01/款15/項01/目01/節05/細節01/細々節0,17000000,JPY,17000,千円,146
132047:2024:revenue:approved:096d138bbe986613,132047,三鷹市,2024,revenue,approved,当初予算,01,一般会計,01一般会計,15,国庫支出金,15国庫支出金,01,国庫負担金,01国庫負担金,01,民生費国庫負担金,01民生費国庫負担金,06,障害児通所支援給付費負担金,06障害児通所支援給付費負担金,01,児童発達支援給付費負担金,01児童発達支援給付費負担金,0,,0,会計01/款15/項01/目01/節06/細節01/細々節0,124776000,JPY,124776,千円,147
132047:2024:revenue:approved:8221dfdfea71e099,132047,三鷹市,2024,revenue,approved,当初予算,01,一般会計,01一般会計,15,国庫支出金,15国庫支出金,01,国庫負担金,01国庫負担金,01,民生費国庫負担金,01民生費国庫負担金,06,障害児通所支援給付費負担金,06障害児通所支援給付費負担金,02,医療型児童発達支援給付費負担金,02医療型児童発達支援給付費負担金,0,,0,会計01/款15/項01/目01/節06/細節02/細々節0,721000,JPY,721,千円,148
132047:2024:revenue:approved:cdf7a616af7f62a8,132047,三鷹市,2024,revenue,approved,当初予算,01,一般会計,01一般会計,15,国庫支出金,15国庫支出金,01,国庫負担金,01国庫負担金,01,民生費国庫負担金,01民生費国庫負担金,06,障害児通所支援給付費負担金,06障害児通所支援給付費負担金,03,放課後等デイサービス給付費負担金,03放課後等デイサービス給付費負担金,0,,0,会計01/款15/項01/目01/節06/細節03/細々節0,238434000,JPY,238434,千円,149
132047:2024:revenue:approved:d70fa7abdbdbcf22,132047,三鷹市,2024,revenue,approved,当初予算,01,一般会計,01一般会計,15,国庫支出金,15国庫支出金,01,国庫負担金,01国庫負担金,01,民生費国庫負担金,01民生費国庫負担金,06,障害児通所支援給付費負担金,06障害児通所支援給付費負担金,04,障がい児相談支援給付費負担金,04障がい児相談支援給付費負担金,0,,0,会計01/款15/項01/目01/節06/細節04/細々節0,8458000,JPY,8458,千円,150
132047:2024:revenue:approved:379d1313f0c3443e,132047,三鷹市,2024,revenue,approved,当初予算,01,一般会計,01一般会計,15,国庫支出金,15国庫支出金,01,国庫負担金,01国庫負担金,01,民生費国庫負担金,01民生費国庫負担金,06,障害児通所支援給付費負担金,06障害児通所支援給付費負担金,05,保育所等訪問支援給付費負担金,05保育所等訪問支援給付費負担金,0,,0,会計01/款15/項01/目01/節06/細節05/細々節0,2047000,JPY,2047,千円,151
132047:2024:revenue:approved:f25f84bb186e39b6,132047,三鷹市,2024,revenue,approved,当初予算,01,一般会計,01一般会計,15,国庫支出金,15国庫支出金,01,国庫負担金,01国庫負担金,01,民生費国庫負担金,01民生費国庫負担金,07,特別障害者手当等負担金,07特別障害者手当等負担金,01,特別障害者手当等負担金,01特別障害者手当等負担金,0,,0,会計01/款15/項01/目01/節07/細節01/細々節0,54717000,JPY,54717,千円,152
132047:2024:revenue:approved:e679b205bd13ef2f,132047,三鷹市,2024,revenue,approved,当初予算,01,一般会計,01一般会計,15,国庫支出金,15国庫支出金,01,国庫負担金,01国庫負担金,01,民生費国庫負担金,01民生費国庫負担金,08,国民健康保険保険基盤安定負担金,08国民健康保険保険基盤安定負担金,01,保険基盤安定負担金,01保険基盤安定負担金,0,,0,会計01/款15/項01/目01/節08/細節01/細々節0,122127000,JPY,122127,千円,153
132047:2024:revenue:approved:ec48c2a8a6dbbfb6,132047,三鷹市,2024,revenue,approved,当初予算,01,一般会計,01一般会計,15,国庫支出金,15国庫支出金,01,国庫負担金,01国庫負担金,01,民生費国庫負担金,01民生費国庫負担金,09,国民健康保険未就学児均等割保険税負担金,09国民健康保険未就学児均等割保険税負担金,01,未就学児均等割保険税負担金,01未就学児均等割保険税負担金,0,,0,会計01/款15/項01/目01/節09/細節01/細々節0,6514000,JPY,6514,千円,154
132047:2024:revenue:approved:1a53ade4704cb02c,132047,三鷹市,2024,revenue,approved,当初予算,01,一般会計,01一般会計,15,国庫支出金,15国庫支出金,01,国庫負担金,01国庫負担金,01,民生費国庫負担金,01民生費国庫負担金,10,国民健康保険産前産後保険税負担金,10国民健康保険産前産後保険税負担金,01,産前産後保険税負担金,01産前産後保険税負担金,0,,0,会計01/款15/項01/目01/節10/細節01/細々節0,1545000,JPY,1545,千円,155
132047:2024:revenue:approved:b455e6cd1c4f40ff,132047,三鷹市,2024,revenue,approved,当初予算,01,一般会計,01一般会計,15,国庫支出金,15国庫支出金,01,国庫負担金,01国庫負担金,01,民生費国庫負担金,01民生費国庫負担金,11,介護保険低所得者保険料軽減負担金,11介護保険低所得者保険料軽減負担金,01,介護保険低所得者保険料軽減負担金,01介護保険低所得者保険料軽減負担金,0,,0,会計01/款15/項01/目01/節11/細節01/細々節0,70741000,JPY,70741,千円,156
132047:2024:revenue:approved:25f0279d0792d8b6,132047,三鷹市,2024,revenue,approved,当初予算,01,一般会計,01一般会計,15,国庫支出金,15国庫支出金,01,国庫負担金,01国庫負担金,01,民生費国庫負担金,01民生費国庫負担金,12,児童扶養手当負担金,12児童扶養手当負担金,01,児童扶養手当負担金,01児童扶養手当負担金,0,,0,会計01/款15/項01/目01/節12/細節01/細々節0,113235000,JPY,113235,千円,157
132047:2024:revenue:approved:33f3fffc37e10127,132047,三鷹市,2024,revenue,approved,当初予算,01,一般会計,01一般会計,15,国庫支出金,15国庫支出金,01,国庫負担金,01国庫負担金,01,民生費国庫負担金,01民生費国庫負担金,13,児童手当等負担金,13児童手当等負担金,01,３歳未満被用者児童手当負担金,01３歳未満被用者児童手当負担金,0,,0,会計01/款15/項01/目01/節13/細節01/細々節0,423339000,JPY,423339,千円,158
132047:2024:revenue:approved:466efd5eba4ff980,132047,三鷹市,2024,revenue,approved,当初予算,01,一般会計,01一般会計,15,国庫支出金,15国庫支出金,01,国庫負担金,01国庫負担金,01,民生費国庫負担金,01民生費国庫負担金,13,児童手当等負担金,13児童手当等負担金,02,３歳から高校生等被用者児童手当負担金,02３歳から高校生等被用者児童手当負担金,0,,0,会計01/款15/項01/目01/節13/細節02/細々節0,1259849000,JPY,1259849,千円,159
132047:2024:revenue:approved:8e39d3c9b0af1d13,132047,三鷹市,2024,revenue,approved,当初予算,01,一般会計,01一般会計,15,国庫支出金,15国庫支出金,01,国庫負担金,01国庫負担金,01,民生費国庫負担金,01民生費国庫負担金,13,児童手当等負担金,13児童手当等負担金,03,非被用者児童手当負担金,03非被用者児童手当負担金,0,,0,会計01/款15/項01/目01/節13/細節03/細々節0,359512000,JPY,359512,千円,160
132047:2024:revenue:approved:ce63d593d85095f6,132047,三鷹市,2024,revenue,approved,当初予算,01,一般会計,01一般会計,15,国庫支出金,15国庫支出金,01,国庫負担金,01国庫負担金,01,民生費国庫負担金,01民生費国庫負担金,13,児童手当等負担金,13児童手当等負担金,04,特例給付負担金,04特例給付負担金,0,,0,会計01/款15/項01/目01/節13/細節04/細々節0,92213000,JPY,92213,千円,161
132047:2024:revenue:approved:5e2ff4ed4735992b,132047,三鷹市,2024,revenue,approved,当初予算,01,一般会計,01一般会計,15,国庫支出金,15国庫支出金,01,国庫負担金,01国庫負担金,01,民生費国庫負担金,01民生費国庫負担金,14,施設型給付費負担金,14施設型給付費負担金,01,私立保育園給付費負担金,01私立保育園給付費負担金,0,,0,会計01/款15/項01/目01/節14/細節01/細々節0,1603583000,JPY,1603583,千円,162
132047:2024:revenue:approved:cd53baafbfc8d368,132047,三鷹市,2024,revenue,approved,当初予算,01,一般会計,01一般会計,15,国庫支出金,15国庫支出金,01,国庫負担金,01国庫負担金,01,民生費国庫負担金,01民生費国庫負担金,14,施設型給付費負担金,14施設型給付費負担金,02,公私連携型保育園給付費負担金,02公私連携型保育園給付費負担金,0,,0,会計01/款15/項01/目01/節14/細節02/細々節0,206733000,JPY,206733,千円,163
132047:2024:revenue:approved:6c88b80970035201,132047,三鷹市,2024,revenue,approved,当初予算,01,一般会計,01一般会計,15,国庫支出金,15国庫支出金,01,国庫負担金,01国庫負担金,01,民生費国庫負担金,01民生費国庫負担金,14,施設型給付費負担金,14施設型給付費負担金,03,認定こども園施設給付費負担金,03認定こども園施設給付費負担金,0,,0,会計01/款15/項01/目01/節14/細節03/細々節0,78373000,JPY,78373,千円,164
132047:2024:revenue:approved:a84afd327a159be3,132047,三鷹市,2024,revenue,approved,当初予算,01,一般会計,01一般会計,15,国庫支出金,15国庫支出金,01,国庫負担金,01国庫負担金,01,民生費国庫負担金,01民生費国庫負担金,15,地域型保育給付費負担金,15地域型保育給付費負担金,01,小規模保育施設給付費負担金,01小規模保育施設給付費負担金,0,,0,会計01/款15/項01/目01/節15/細節01/細々節0,28144000,JPY,28144,千円,165
132047:2024:revenue:approved:48e3b763eb6450cb,132047,三鷹市,2024,revenue,approved,当初予算,01,一般会計,01一般会計,15,国庫支出金,15国庫支出金,01,国庫負担金,01国庫負担金,01,民生費国庫負担金,01民生費国庫負担金,15,地域型保育給付費負担金,15地域型保育給付費負担金,02,家庭的保育施設給付費負担金,02家庭的保育施設給付費負担金,0,,0,会計01/款15/項01/目01/節15/細節02/細々節0,52290000,JPY,52290,千円,166
132047:2024:revenue:approved:7f8c7b4fcd9656bc,132047,三鷹市,2024,revenue,approved,当初予算,01,一般会計,01一般会計,15,国庫支出金,15国庫支出金,01,国庫負担金,01国庫負担金,01,民生費国庫負担金,01民生費国庫負担金,15,地域型保育給付費負担金,15地域型保育給付費負担金,03,事業所内保育施設給付費負担金,03事業所内保育施設給付費負担金,0,,0,会計01/款15/項01/目01/節15/細節03/細々節0,22673000,JPY,22673,千円,167
132047:2024:revenue:approved:a7e7280fabd36688,132047,三鷹市,2024,revenue,approved,当初予算,01,一般会計,01一般会計,15,国庫支出金,15国庫支出金,01,国庫負担金,01国庫負担金,01,民生費国庫負担金,01民生費国庫負担金,16,子育てのための施設等利用給付費負担金,16子育てのための施設等利用給付費負担金,01,子育てのための施設等利用給付費負担金,01子育てのための施設等利用給付費負担金,0,,0,会計01/款15/項01/目01/節16/細節01/細々節0,60190000,JPY,60190,千円,168
132047:2024:revenue:approved:e813c9ab50f33f4d,132047,三鷹市,2024,revenue,approved,当初予算,01,一般会計,01一般会計,15,国庫支出金,15国庫支出金,01,国庫負担金,01国庫負担金,01,民生費国庫負担金,01民生費国庫負担金,17,児童福祉費負担金,17児童福祉費負担金,01,母子生活支援施設入所措置費負担金,01母子生活支援施設入所措置費負担金,0,,0,会計01/款15/項01/目01/節17/細節01/細々節0,17104000,JPY,17104,千円,169
132047:2024:revenue:approved:01cf7b2a9d43311f,132047,三鷹市,2024,revenue,approved,当初予算,01,一般会計,01一般会計,15,国庫支出金,15国庫支出金,01,国庫負担金,01国庫負担金,01,民生費国庫負担金,01民生費国庫負担金,17,児童福祉費負担金,17児童福祉費負担金,02,入院助産措置費負担金,02入院助産措置費負担金,0,,0,会計01/款15/項01/目01/節17/細節02/細々節0,1070000,JPY,1070,千円,170
132047:2024:revenue:approved:e782019dc4af6b02,132047,三鷹市,2024,revenue,approved,当初予算,01,一般会計,01一般会計,15,国庫支出金,15国庫支出金,01,国庫負担金,01国庫負担金,01,民生費国庫負担金,01民生費国庫負担金,18,生活保護費等負担金,18生活保護費等負担金,01,中国残留邦人等生活支援給付費等負担金,01中国残留邦人等生活支援給付費等負担金,0,,0,会計01/款15/項01/目01/節18/細節01/細々節0,10837000,JPY,10837,千円,171
132047:2024:revenue:approved:f696a47dc0c28c1d,132047,三鷹市,2024,revenue,approved,当初予算,01,一般会計,01一般会計,15,国庫支出金,15国庫支出金,01,国庫負担金,01国庫負担金,01,民生費国庫負担金,01民生費国庫負担金,18,生活保護費等負担金,18生活保護費等負担金,02,中国残留邦人等介護支援給付費負担金,02中国残留邦人等介護支援給付費負担金,0,,0,会計01/款15/項01/目01/節18/細節02/細々節0,900000,JPY,900,千円,172
132047:2024:revenue:approved:152b38a867277909,132047,三鷹市,2024,revenue,approved,当初予算,01,一般会計,01一般会計,15,国庫支出金,15国庫支出金,01,国庫負担金,01国庫負担金,01,民生費国庫負担金,01民生費国庫負担金,18,生活保護費等負担金,18生活保護費等負担金,03,中国残留邦人等医療支援給付費負担金,03中国残留邦人等医療支援給付費負担金,0,,0,会計01/款15/項01/目01/節18/細節03/細々節0,12825000,JPY,12825,千円,173
132047:2024:revenue:approved:81db479e977f83df,132047,三鷹市,2024,revenue,approved,当初予算,01,一般会計,01一般会計,15,国庫支出金,15国庫支出金,01,国庫負担金,01国庫負担金,01,民生費国庫負担金,01民生費国庫負担金,18,生活保護費等負担金,18生活保護費等負担金,04,中国残留邦人等配偶者支援金負担金,04中国残留邦人等配偶者支援金負担金,0,,0,会計01/款15/項01/目01/節18/細節04/細々節0,530000,JPY,530,千円,174
132047:2024:revenue:approved:3a1c7ba9c328f3b2,132047,三鷹市,2024,revenue,approved,当初予算,01,一般会計,01一般会計,15,国庫支出金,15国庫支出金,01,国庫負担金,01国庫負担金,01,民生費国庫負担金,01民生費国庫負担金,18,生活保護費等負担金,18生活保護費等負担金,05,生活扶助費等負担金,05生活扶助費等負担金,0,,0,会計01/款15/項01/目01/節18/細節05/細々節0,2282718000,JPY,2282718,千円,175
132047:2024:revenue:approved:66a27f3b67abfec6,132047,三鷹市,2024,revenue,approved,当初予算,01,一般会計,01一般会計,15,国庫支出金,15国庫支出金,01,国庫負担金,01国庫負担金,01,民生費国庫負担金,01民生費国庫負担金,18,生活保護費等負担金,18生活保護費等負担金,06,介護扶助費負担金,06介護扶助費負担金,0,,0,会計01/款15/項01/目01/節18/細節06/細々節0,116120000,JPY,116120,千円,176
132047:2024:revenue:approved:62dd39d4e836ed6d,132047,三鷹市,2024,revenue,approved,当初予算,01,一般会計,01一般会計,15,国庫支出金,15国庫支出金,01,国庫負担金,01国庫負担金,01,民生費国庫負担金,01民生費国庫負担金,18,生活保護費等負担金,18生活保護費等負担金,07,医療扶助費負担金,07医療扶助費負担金,0,,0,会計01/款15/項01/目01/節18/細節07/細々節0,2308993000,JPY,2308993,千円,177
132047:2024:revenue:approved:201439571e70abe2,132047,三鷹市,2024,revenue,approved,当初予算,01,一般会計,01一般会計,15,国庫支出金,15国庫支出金,01,国庫負担金,01国庫負担金,02,衛生費国庫負担金,02衛生費国庫負担金,01,母子保健衛生費負担金,01母子保健衛生費負担金,01,未熟児養育医療給付費負担金,01未熟児養育医療給付費負担金,0,,0,会計01/款15/項01/目02/節01/細節01/細々節0,4496000,JPY,4496,千円,178
132047:2024:revenue:approved:e7ed17b56d03abce,132047,三鷹市,2024,revenue,approved,当初予算,01,一般会計,01一般会計,15,国庫支出金,15国庫支出金,01,国庫負担金,01国庫負担金,02,衛生費国庫負担金,02衛生費国庫負担金,02,新型コロナウイルスワクチン接種対策費負担金,02新型コロナウイルスワクチン接種対策費負担金,01,新型コロナウイルスワクチン接種対策費負担金,01新型コロナウイルスワクチン接種対策費負担金,0,,0,会計01/款15/項01/目02/節02/細節01/細々節0,10523000,JPY,10523,千円,179
132047:2024:revenue:approved:ec29d15286c3b64e,132047,三鷹市,2024,revenue,approved,当初予算,01,一般会計,01一般会計,15,国庫支出金,15国庫支出金,01,国庫負担金,01国庫負担金,03,教育費国庫負担金,03教育費国庫負担金,01,施設型給付費負担金,01施設型給付費負担金,01,幼稚園施設給付費負担金,01幼稚園施設給付費負担金,0,,0,会計01/款15/項01/目03/節01/細節01/細々節0,152584000,JPY,152584,千円,180
132047:2024:revenue:approved:c53b6b69163e7678,132047,三鷹市,2024,revenue,approved,当初予算,01,一般会計,01一般会計,15,国庫支出金,15国庫支出金,01,国庫負担金,01国庫負担金,03,教育費国庫負担金,03教育費国庫負担金,01,施設型給付費負担金,01施設型給付費負担金,02,認定こども園施設給付費負担金,02認定こども園施設給付費負担金,0,,0,会計01/款15/項01/目03/節01/細節02/細々節0,33353000,JPY,33353,千円,181
132047:2024:revenue:approved:a928b673eee8a3aa,132047,三鷹市,2024,revenue,approved,当初予算,01,一般会計,01一般会計,15,国庫支出金,15国庫支出金,01,国庫負担金,01国庫負担金,03,教育費国庫負担金,03教育費国庫負担金,02,子育てのための施設等利用給付費負担金,02子育てのための施設等利用給付費負担金,01,子育てのための施設等利用給付費負担金,01子育てのための施設等利用給付費負担金,0,,0,会計01/款15/項01/目03/節02/細節01/細々節0,179551000,JPY,179551,千円,182
132047:2024:revenue:approved:90b0b5fdd06c81a5,132047,三鷹市,2024,revenue,approved,当初予算,01,一般会計,01一般会計,15,国庫支出金,15国庫支出金,02,国庫補助金,02国庫補助金,01,総務費国庫補助金,01総務費国庫補助金,01,物価高騰対応重点支援地方創生臨時交付金,01物価高騰対応重点支援地方創生臨時交付金,01,物価高騰対応重点支援地方創生臨時交付金,01物価高騰対応重点支援地方創生臨時交付金,0,,0,会計01/款15/項02/目01/節01/細節01/細々節0,1546439000,JPY,1546439,千円,183
132047:2024:revenue:approved:dc0a0f3d60a00c6d,132047,三鷹市,2024,revenue,approved,当初予算,01,一般会計,01一般会計,15,国庫支出金,15国庫支出金,02,国庫補助金,02国庫補助金,01,総務費国庫補助金,01総務費国庫補助金,02,社会保障・税番号制度事務費補助金,02社会保障・税番号制度事務費補助金,01,社会保障・税番号制度事務費補助金,01社会保障・税番号制度事務費補助金,0,,0,会計01/款15/項02/目01/節02/細節01/細々節0,169244000,JPY,169244,千円,184
132047:2024:revenue:approved:076c1055f7c3d81d,132047,三鷹市,2024,revenue,approved,当初予算,01,一般会計,01一般会計,15,国庫支出金,15国庫支出金,02,国庫補助金,02国庫補助金,01,総務費国庫補助金,01総務費国庫補助金,03,デジタル田園都市国家構想交付金,03デジタル田園都市国家構想交付金,01,デジタル田園都市国家構想交付金,01デジタル田園都市国家構想交付金,0,,0,会計01/款15/項02/目01/節03/細節01/細々節0,32790000,JPY,32790,千円,185
132047:2024:revenue:approved:f08a95c026b31eb6,132047,三鷹市,2024,revenue,approved,当初予算,01,一般会計,01一般会計,15,国庫支出金,15国庫支出金,02,国庫補助金,02国庫補助金,01,総務費国庫補助金,01総務費国庫補助金,04,社会保障・税番号制度システム整備費補助金,04社会保障・税番号制度システム整備費補助金,01,社会保障・税番号制度システム整備費補助金,01社会保障・税番号制度システム整備費補助金,0,,0,会計01/款15/項02/目01/節04/細節01/細々節0,10712000,JPY,10712,千円,186
132047:2024:revenue:approved:e391aa3a5504cdfd,132047,三鷹市,2024,revenue,approved,当初予算,01,一般会計,01一般会計,15,国庫支出金,15国庫支出金,02,国庫補助金,02国庫補助金,02,民生費国庫補助金,02民生費国庫補助金,01,重層的支援体制整備事業交付金,01重層的支援体制整備事業交付金,01,生活困窮者支援等のための地域づくり事業交付金,01生活困窮者支援等のための地域づくり事業交付金,0,,0,会計01/款15/項02/目02/節01/細節01/細々節0,6000000,JPY,6000,千円,187
132047:2024:revenue:approved:bdd46f0ca78065ba,132047,三鷹市,2024,revenue,approved,当初予算,01,一般会計,01一般会計,15,国庫支出金,15国庫支出金,02,国庫補助金,02国庫補助金,02,民生費国庫補助金,02民生費国庫補助金,01,重層的支援体制整備事業交付金,01重層的支援体制整備事業交付金,02,多機関協働事業等交付金,02多機関協働事業等交付金,0,,0,会計01/款15/項02/目02/節01/細節02/細々節0,21000000,JPY,21000,千円,188
132047:2024:revenue:approved:54a53cf326fe2b4f,132047,三鷹市,2024,revenue,approved,当初予算,01,一般会計,01一般会計,15,国庫支出金,15国庫支出金,02,国庫補助金,02国庫補助金,02,民生費国庫補助金,02民生費国庫補助金,01,重層的支援体制整備事業交付金,01重層的支援体制整備事業交付金,03,相談支援事業交付金,03相談支援事業交付金,0,,0,会計01/款15/項02/目02/節01/細節03/細々節0,5206000,JPY,5206,千円,189
132047:2024:revenue:approved:2905cd3539097ae0,132047,三鷹市,2024,revenue,approved,当初予算,01,一般会計,01一般会計,15,国庫支出金,15国庫支出金,02,国庫補助金,02国庫補助金,02,民生費国庫補助金,02民生費国庫補助金,01,重層的支援体制整備事業交付金,01重層的支援体制整備事業交付金,04,自立相談支援事業交付金,04自立相談支援事業交付金,0,,0,会計01/款15/項02/目02/節01/細節04/細々節0,28308000,JPY,28308,千円,190
132047:2024:revenue:approved:d61b185164b57eb9,132047,三鷹市,2024,revenue,approved,当初予算,01,一般会計,01一般会計,15,国庫支出金,15国庫支出金,02,国庫補助金,02国庫補助金,02,民生費国庫補助金,02民生費国庫補助金,01,重層的支援体制整備事業交付金,01重層的支援体制整備事業交付金,05,地域活動支援センター機能強化事業交付金,05地域活動支援センター機能強化事業交付金,0,,0,会計01/款15/項02/目02/節01/細節05/細々節0,4342000,JPY,4342,千円,191
132047:2024:revenue:approved:cddf384692670568,132047,三鷹市,2024,revenue,approved,当初予算,01,一般会計,01一般会計,15,国庫支出金,15国庫支出金,02,国庫補助金,02国庫補助金,02,民生費国庫補助金,02民生費国庫補助金,01,重層的支援体制整備事業交付金,01重層的支援体制整備事業交付金,06,地域介護予防活動支援事業交付金,06地域介護予防活動支援事業交付金,0,,0,会計01/款15/項02/目02/節01/細節06/細々節0,511000,JPY,511,千円,192
132047:2024:revenue:approved:52c11e4533ecbdb1,132047,三鷹市,2024,revenue,approved,当初予算,01,一般会計,01一般会計,15,国庫支出金,15国庫支出金,02,国庫補助金,02国庫補助金,02,民生費国庫補助金,02民生費国庫補助金,01,重層的支援体制整備事業交付金,01重層的支援体制整備事業交付金,07,地域包括支援センター運営費交付金,07地域包括支援センター運営費交付金,0,,0,会計01/款15/項02/目02/節01/細節07/細々節0,85548000,JPY,85548,千円,193
132047:2024:revenue:approved:b95d05cc029b61ba,132047,三鷹市,2024,revenue,approved,当初予算,01,一般会計,01一般会計,15,国庫支出金,15国庫支出金,02,国庫補助金,02国庫補助金,02,民生費国庫補助金,02民生費国庫補助金,01,重層的支援体制整備事業交付金,01重層的支援体制整備事業交付金,08,生活支援体制整備事業交付金,08生活支援体制整備事業交付金,0,,0,会計01/款15/項02/目02/節01/細節08/細々節0,13516000,JPY,13516,千円,194
132047:2024:revenue:approved:494d6003ffa0c283,132047,三鷹市,2024,revenue,approved,当初予算,01,一般会計,01一般会計,15,国庫支出金,15国庫支出金,02,国庫補助金,02国庫補助金,02,民生費国庫補助金,02民生費国庫補助金,01,重層的支援体制整備事業交付金,01重層的支援体制整備事業交付金,09,利用者支援事業交付金,09利用者支援事業交付金,0,,0,会計01/款15/項02/目02/節01/細節09/細々節0,24817000,JPY,24817,千円,195
132047:2024:revenue:approved:1724180d1eb95a0e,132047,三鷹市,2024,revenue,approved,当初予算,01,一般会計,01一般会計,15,国庫支出金,15国庫支出金,02,国庫補助金,02国庫補助金,02,民生費国庫補助金,02民生費国庫補助金,01,重層的支援体制整備事業交付金,01重層的支援体制整備事業交付金,10,地域子育て支援拠点事業交付金,10地域子育て支援拠点事業交付金,0,,0,会計01/款15/項02/目02/節01/細節10/細々節0,46987000,JPY,46987,千円,196
132047:2024:revenue:approved:c626b2523eac4fda,132047,三鷹市,2024,revenue,approved,当初予算,01,一般会計,01一般会計,15,国庫支出金,15国庫支出金,02,国庫補助金,02国庫補助金,02,民生費国庫補助金,02民生費国庫補助金,02,食品ロス削減総合対策事業補助金,02食品ロス削減総合対策事業補助金,01,フードバンク活動支援事業補助金,01フードバンク活動支援事業補助金,0,,0,会計01/款15/項02/目02/節02/細節01/細々節0,467000,JPY,467,千円,197
132047:2024:revenue:approved:4313ec72bbb1244e,132047,三鷹市,2024,revenue,approved,当初予算,01,一般会計,01一般会計,15,国庫支出金,15国庫支出金,02,国庫補助金,02国庫補助金,02,民生費国庫補助金,02民生費国庫補助金,03,地域生活支援事業費等補助金,03地域生活支援事業費等補助金,01,地域生活支援事業費等補助金,01地域生活支援事業費等補助金,0,,0,会計01/款15/項02/目02/節03/細節01/細々節0,40955000,JPY,40955,千円,198
132047:2024:revenue:approved:9b5cdec86858f858,132047,三鷹市,2024,revenue,approved,当初予算,01,一般会計,01一般会計,15,国庫支出金,15国庫支出金,02,国庫補助金,02国庫補助金,02,民生費国庫補助金,02民生費国庫補助金,04,生活困窮者就労準備支援事業費等補助金,04生活困窮者就労準備支援事業費等補助金,01,生活困窮者就労準備支援事業費等補助金,01生活困窮者就労準備支援事業費等補助金,0,,0,会計01/款15/項02/目02/節04/細節01/細々節0,23668000,JPY,23668,千円,199
132047:2024:revenue:approved:7ab720615e57270c,132047,三鷹市,2024,revenue,approved,当初予算,01,一般会計,01一般会計,15,国庫支出金,15国庫支出金,02,国庫補助金,02国庫補助金,02,民生費国庫補助金,02民生費国庫補助金,04,生活困窮者就労準備支援事業費等補助金,04生活困窮者就労準備支援事業費等補助金,02,生活困窮者子どもの学習等支援事業費補助金,02生活困窮者子どもの学習等支援事業費補助金,0,,0,会計01/款15/項02/目02/節04/細節02/細々節0,7768000,JPY,7768,千円,200
132047:2024:revenue:approved:09cf0d56df938495,132047,三鷹市,2024,revenue,approved,当初予算,01,一般会計,01一般会計,15,国庫支出金,15国庫支出金,02,国庫補助金,02国庫補助金,02,民生費国庫補助金,02民生費国庫補助金,04,生活困窮者就労準備支援事業費等補助金,04生活困窮者就労準備支援事業費等補助金,03,生活保護適正化等事業費補助金,03生活保護適正化等事業費補助金,0,,0,会計01/款15/項02/目02/節04/細節03/細々節0,24572000,JPY,24572,千円,201
132047:2024:revenue:approved:42786669e6015941,132047,三鷹市,2024,revenue,approved,当初予算,01,一般会計,01一般会計,15,国庫支出金,15国庫支出金,02,国庫補助金,02国庫補助金,02,民生費国庫補助金,02民生費国庫補助金,05,公的賃貸住宅家賃対策調整補助金,05公的賃貸住宅家賃対策調整補助金,01,公的賃貸住宅家賃対策調整補助金,01公的賃貸住宅家賃対策調整補助金,0,,0,会計01/款15/項02/目02/節05/細節01/細々節0,25160000,JPY,25160,千円,202
132047:2024:revenue:approved:09393afdb75dde6f,132047,三鷹市,2024,revenue,approved,当初予算,01,一般会計,01一般会計,15,国庫支出金,15国庫支出金,02,国庫補助金,02国庫補助金,02,民生費国庫補助金,02民生費国庫補助金,06,年金生活者支援給付金支給事務交付金,06年金生活者支援給付金支給事務交付金,01,年金生活者支援給付金支給事務交付金,01年金生活者支援給付金支給事務交付金,0,,0,会計01/款15/項02/目02/節06/細節01/細々節0,157000,JPY,157,千円,203
132047:2024:revenue:approved:d44d589410bdac0b,132047,三鷹市,2024,revenue,approved,当初予算,01,一般会計,01一般会計,15,国庫支出金,15国庫支出金,02,国庫補助金,02国庫補助金,02,民生費国庫補助金,02民生費国庫補助金,07,子ども・子育て支援事業費補助金,07子ども・子育て支援事業費補助金,01,児童手当制度改正準備補助金,01児童手当制度改正準備補助金,0,,0,会計01/款15/項02/目02/節07/細節01/細々節0,11466000,JPY,11466,千円,204
132047:2024:revenue:approved:25304eb69cca3aee,132047,三鷹市,2024,revenue,approved,当初予算,01,一般会計,01一般会計,15,国庫支出金,15国庫支出金,02,国庫補助金,02国庫補助金,02,民生費国庫補助金,02民生費国庫補助金,08,児童虐待防止対策等総合支援事業費補助金,08児童虐待防止対策等総合支援事業費補助金,01,支援対象児童等見守り強化事業費補助金,01支援対象児童等見守り強化事業費補助金,0,,0,会計01/款15/項02/目02/節08/細節01/細々節0,5000000,JPY,5000,千円,205
132047:2024:revenue:approved:c81bb0d4d4a5eec2,132047,三鷹市,2024,revenue,approved,当初予算,01,一般会計,01一般会計,15,国庫支出金,15国庫支出金,02,国庫補助金,02国庫補助金,02,民生費国庫補助金,02民生費国庫補助金,08,児童虐待防止対策等総合支援事業費補助金,08児童虐待防止対策等総合支援事業費補助金,02,ヤングケアラー支援体制強化事業補助金,02ヤングケアラー支援体制強化事業補助金,0,,0,会計01/款15/項02/目02/節08/細節02/細々節0,259000,JPY,259,千円,206
132047:2024:revenue:approved:95d4c00fe8e718de,132047,三鷹市,2024,revenue,approved,当初予算,01,一般会計,01一般会計,15,国庫支出金,15国庫支出金,02,国庫補助金,02国庫補助金,02,民生費国庫補助金,02民生費国庫補助金,09,子ども・子育て支援交付金,09子ども・子育て支援交付金,01,子どもを守る地域ネットワーク機能強化事業交付金,01子どもを守る地域ネットワーク機能強化事業交付金,0,,0,会計01/款15/項02/目02/節09/細節01/細々節0,1494000,JPY,1494,千円,207
132047:2024:revenue:approved:f4bdbf2973243f99,132047,三鷹市,2024,revenue,approved,当初予算,01,一般会計,01一般会計,15,国庫支出金,15国庫支出金,02,国庫補助金,02国庫補助金,02,民生費国庫補助金,02民生費国庫補助金,09,子ども・子育て支援交付金,09子ども・子育て支援交付金,02,子育て援助活動支援事業交付金,02子育て援助活動支援事業交付金,0,,0,会計01/款15/項02/目02/節09/細節02/細々節0,4705000,JPY,4705,千円,208
132047:2024:revenue:approved:597aa0e061644498,132047,三鷹市,2024,revenue,approved,当初予算,01,一般会計,01一般会計,15,国庫支出金,15国庫支出金,02,国庫補助金,02国庫補助金,02,民生費国庫補助金,02民生費国庫補助金,09,子ども・子育て支援交付金,09子ども・子育て支援交付金,03,養育支援訪問事業交付金,03養育支援訪問事業交付金,0,,0,会計01/款15/項02/目02/節09/細節03/細々節0,9000,JPY,9,千円,209
132047:2024:revenue:approved:23433af34c9e39e3,132047,三鷹市,2024,revenue,approved,当初予算,01,一般会計,01一般会計,15,国庫支出金,15国庫支出金,02,国庫補助金,02国庫補助金,02,民生費国庫補助金,02民生費国庫補助金,09,子ども・子育て支援交付金,09子ども・子育て支援交付金,04,子育て世帯訪問支援事業交付金,04子育て世帯訪問支援事業交付金,0,,0,会計01/款15/項02/目02/節09/細節04/細々節0,117000,JPY,117,千円,210
132047:2024:revenue:approved:b2afd8314580cc5e,132047,三鷹市,2024,revenue,approved,当初予算,01,一般会計,01一般会計,15,国庫支出金,15国庫支出金,02,国庫補助金,02国庫補助金,02,民生費国庫補助金,02民生費国庫補助金,09,子ども・子育て支援交付金,09子ども・子育て支援交付金,05,一時預かり事業交付金,05一時預かり事業交付金,0,,0,会計01/款15/項02/目02/節09/細節05/細々節0,21093000,JPY,21093,千円,211
132047:2024:revenue:approved:1d94e64cdba48724,132047,三鷹市,2024,revenue,approved,当初予算,01,一般会計,01一般会計,15,国庫支出金,15国庫支出金,02,国庫補助金,02国庫補助金,02,民生費国庫補助金,02民生費国庫補助金,09,子ども・子育て支援交付金,09子ども・子育て支援交付金,06,子育て短期支援事業交付金,06子育て短期支援事業交付金,0,,0,会計01/款15/項02/目02/節09/細節06/細々節0,480000,JPY,480,千円,212
132047:2024:revenue:approved:6d5f1520f1249220,132047,三鷹市,2024,revenue,approved,当初予算,01,一般会計,01一般会計,15,国庫支出金,15国庫支出金,02,国庫補助金,02国庫補助金,02,民生費国庫補助金,02民生費国庫補助金,09,子ども・子育て支援交付金,09子ども・子育て支援交付金,07,病児保育事業交付金,07病児保育事業交付金,0,,0,会計01/款15/項02/目02/節09/細節07/細々節0,8205000,JPY,8205,千円,213
132047:2024:revenue:approved:59aaed380efc7607,132047,三鷹市,2024,revenue,approved,当初予算,01,一般会計,01一般会計,15,国庫支出金,15国庫支出金,02,国庫補助金,02国庫補助金,02,民生費国庫補助金,02民生費国庫補助金,09,子ども・子育て支援交付金,09子ども・子育て支援交付金,08,乳児家庭全戸訪問事業交付金,08乳児家庭全戸訪問事業交付金,0,,0,会計01/款15/項02/目02/節09/細節08/細々節0,1800000,JPY,1800,千円,214
132047:2024:revenue:approved:7d45edf8ade570e5,132047,三鷹市,2024,revenue,approved,当初予算,01,一般会計,01一般会計,15,国庫支出金,15国庫支出金,02,国庫補助金,02国庫補助金,02,民生費国庫補助金,02民生費国庫補助金,09,子ども・子育て支援交付金,09子ども・子育て支援交付金,09,延長保育事業交付金,09延長保育事業交付金,0,,0,会計01/款15/項02/目02/節09/細節09/細々節0,6434000,JPY,6434,千円,215
132047:2024:revenue:approved:d1c1186c647b7347,132047,三鷹市,2024,revenue,approved,当初予算,01,一般会計,01一般会計,15,国庫支出金,15国庫支出金,02,国庫補助金,02国庫補助金,02,民生費国庫補助金,02民生費国庫補助金,09,子ども・子育て支援交付金,09子ども・子育て支援交付金,10,多様な事業者の参入促進・能力活用事業交付金,10多様な事業者の参入促進・能力活用事業交付金,0,,0,会計01/款15/項02/目02/節09/細節10/細々節0,2000000,JPY,2000,千円,216
132047:2024:revenue:approved:7c9b411d0dc46b69,132047,三鷹市,2024,revenue,approved,当初予算,01,一般会計,01一般会計,15,国庫支出金,15国庫支出金,02,国庫補助金,02国庫補助金,02,民生費国庫補助金,02民生費国庫補助金,09,子ども・子育て支援交付金,09子ども・子育て支援交付金,11,放課後児童健全育成事業交付金,11放課後児童健全育成事業交付金,0,,0,会計01/款15/項02/目02/節09/細節11/細々節0,120369000,JPY,120369,千円,217
132047:2024:revenue:approved:e3e4a18b9571b649,132047,三鷹市,2024,revenue,approved,当初予算,01,一般会計,01一般会計,15,国庫支出金,15国庫支出金,02,国庫補助金,02国庫補助金,02,民生費国庫補助金,02民生費国庫補助金,10,保育対策総合支援事業費補助金,10保育対策総合支援事業費補助金,01,保育人材交流等就職・交流支援事業費補助金,01保育人材交流等就職・交流支援事業費補助金,0,,0,会計01/款15/項02/目02/節10/細節01/細々節0,1815000,JPY,1815,千円,218
132047:2024:revenue:approved:1f5c1ae3a86b9582,132047,三鷹市,2024,revenue,approved,当初予算,01,一般会計,01一般会計,15,国庫支出金,15国庫支出金,02,国庫補助金,02国庫補助金,02,民生費国庫補助金,02民生費国庫補助金,10,保育対策総合支援事業費補助金,10保育対策総合支援事業費補助金,02,保育士宿舎借り上げ支援事業費補助金,02保育士宿舎借り上げ支援事業費補助金,0,,0,会計01/款15/項02/目02/節10/細節02/細々節0,90035000,JPY,90035,千円,219
132047:2024:revenue:approved:bc078cbd3386abe5,132047,三鷹市,2024,revenue,approved,当初予算,01,一般会計,01一般会計,15,国庫支出金,15国庫支出金,02,国庫補助金,02国庫補助金,02,民生費国庫補助金,02民生費国庫補助金,11,妊娠・出産包括支援事業補助金,11妊娠・出産包括支援事業補助金,01,多胎妊産婦等支援事業補助金,01多胎妊産婦等支援事業補助金,0,,0,会計01/款15/項02/目02/節11/細節01/細々節0,694000,JPY,694,千円,220
132047:2024:revenue:approved:d4ea74ac7dab136c,132047,三鷹市,2024,revenue,approved,当初予算,01,一般会計,01一般会計,15,国庫支出金,15国庫支出金,02,国庫補助金,02国庫補助金,02,民生費国庫補助金,02民生費国庫補助金,12,子ども・子育て支援体制整備総合推進事業費補助金,12子ども・子育て支援体制整備総合推進事業費補助金,01,子ども・子育て支援体制整備総合推進事業費補助金,01子ども・子育て支援体制整備総合推進事業費補助金,0,,0,会計01/款15/項02/目02/節12/細節01/細々節0,994000,JPY,994,千円,221
132047:2024:revenue:approved:18df672af213c39d,132047,三鷹市,2024,revenue,approved,当初予算,01,一般会計,01一般会計,15,国庫支出金,15国庫支出金,02,国庫補助金,02国庫補助金,02,民生費国庫補助金,02民生費国庫補助金,13,就学前教育・保育施設整備交付金,13就学前教育・保育施設整備交付金,01,就学前教育・保育施設整備交付金,01就学前教育・保育施設整備交付金,0,,0,会計01/款15/項02/目02/節13/細節01/細々節0,17270000,JPY,17270,千円,222
132047:2024:revenue:approved:7457e9797e6d4d84,132047,三鷹市,2024,revenue,approved,当初予算,01,一般会計,01一般会計,15,国庫支出金,15国庫支出金,02,国庫補助金,02国庫補助金,02,民生費国庫補助金,02民生費国庫補助金,14,母子家庭等対策総合支援事業費補助金,14母子家庭等対策総合支援事業費補助金,01,母子家庭等対策総合支援事業費補助金,01母子家庭等対策総合支援事業費補助金,0,,0,会計01/款15/項02/目02/節14/細節01/細々節0,6819000,JPY,6819,千円,223
132047:2024:revenue:approved:362369626647e7ea,132047,三鷹市,2024,revenue,approved,当初予算,01,一般会計,01一般会計,15,国庫支出金,15国庫支出金,02,国庫補助金,02国庫補助金,02,民生費国庫補助金,02民生費国庫補助金,15,困難な問題を抱える女性支援推進等事業費補助金,15困難な問題を抱える女性支援推進等事業費補助金,01,困難な問題を抱える女性支援推進等事業費補助金,01困難な問題を抱える女性支援推進等事業費補助金,0,,0,会計01/款15/項02/目02/節15/細節01/細々節0,1949000,JPY,1949,千円,224
132047:2024:revenue:approved:52f0c3e948729e68,132047,三鷹市,2024,revenue,approved,当初予算,01,一般会計,01一般会計,15,国庫支出金,15国庫支出金,02,国庫補助金,02国庫補助金,03,衛生費国庫補助金,03衛生費国庫補助金,01,重層的支援体制整備事業交付金,01重層的支援体制整備事業交付金,01,利用者支援事業交付金,01利用者支援事業交付金,0,,0,会計01/款15/項02/目03/節01/細節01/細々節0,7277000,JPY,7277,千円,225
132047:2024:revenue:approved:de0b5c4383ebfd46,132047,三鷹市,2024,revenue,approved,当初予算,01,一般会計,01一般会計,15,国庫支出金,15国庫支出金,02,国庫補助金,02国庫補助金,03,衛生費国庫補助金,03衛生費国庫補助金,02,妊娠・出産包括支援事業補助金,02妊娠・出産包括支援事業補助金,01,初回産科受診料支援事業補助金,01初回産科受診料支援事業補助金,0,,0,会計01/款15/項02/目03/節02/細節01/細々節0,75000,JPY,75,千円,226
132047:2024:revenue:approved:b783f205fef73645,132047,三鷹市,2024,revenue,approved,当初予算,01,一般会計,01一般会計,15,国庫支出金,15国庫支出金,02,国庫補助金,02国庫補助金,03,衛生費国庫補助金,03衛生費国庫補助金,02,妊娠・出産包括支援事業補助金,02妊娠・出産包括支援事業補助金,02,産後ケア事業補助金,02産後ケア事業補助金,0,,0,会計01/款15/項02/目03/節02/細節02/細々節0,40611000,JPY,40611,千円,227
132047:2024:revenue:approved:bcb0d6bb0e7ddf6e,132047,三鷹市,2024,revenue,approved,当初予算,01,一般会計,01一般会計,15,国庫支出金,15国庫支出金,02,国庫補助金,02国庫補助金,03,衛生費国庫補助金,03衛生費国庫補助金,02,妊娠・出産包括支援事業補助金,02妊娠・出産包括支援事業補助金,03,産前・産後サポート事業補助金,03産前・産後サポート事業補助金,0,,0,会計01/款15/項02/目03/節02/細節03/細々節0,5341000,JPY,5341,千円,228
132047:2024:revenue:approved:e81cb518a3799005,132047,三鷹市,2024,revenue,approved,当初予算,01,一般会計,01一般会計,15,国庫支出金,15国庫支出金,02,国庫補助金,02国庫補助金,03,衛生費国庫補助金,03衛生費国庫補助金,03,多胎妊婦健康診査支援事業補助金,03多胎妊婦健康診査支援事業補助金,01,多胎妊婦健康診査支援事業補助金,01多胎妊婦健康診査支援事業補助金,0,,0,会計01/款15/項02/目03/節03/細節01/細々節0,25000,JPY,25,千円,229
132047:2024:revenue:approved:913ccb86dee6c3ec,132047,三鷹市,2024,revenue,approved,当初予算,01,一般会計,01一般会計,15,国庫支出金,15国庫支出金,02,国庫補助金,02国庫補助金,03,衛生費国庫補助金,03衛生費国庫補助金,04,出産・子育て応援交付金,04出産・子育て応援交付金,01,出産・子育て応援交付金,01出産・子育て応援交付金,0,,0,会計01/款15/項02/目03/節04/細節01/細々節0,93670000,JPY,93670,千円,230
132047:2024:revenue:approved:fc0a782b98515745,132047,三鷹市,2024,revenue,approved,当初予算,01,一般会計,01一般会計,15,国庫支出金,15国庫支出金,02,国庫補助金,02国庫補助金,03,衛生費国庫補助金,03衛生費国庫補助金,05,地域自殺対策強化交付金,05地域自殺対策強化交付金,01,地域自殺対策強化交付金,01地域自殺対策強化交付金,0,,0,会計01/款15/項02/目03/節05/細節01/細々節0,395000,JPY,395,千円,231
132047:2024:revenue:approved:89f5642a81f440b2,132047,三鷹市,2024,revenue,approved,当初予算,01,一般会計,01一般会計,15,国庫支出金,15国庫支出金,02,国庫補助金,02国庫補助金,03,衛生費国庫補助金,03衛生費国庫補助金,06,感染症予防等事業補助金,06感染症予防等事業補助金,01,特定感染症検査等事業補助金,01特定感染症検査等事業補助金,0,,0,会計01/款15/項02/目03/節06/細節01/細々節0,4832000,JPY,4832,千円,232
132047:2024:revenue:approved:2ead0b750b552ea3,132047,三鷹市,2024,revenue,approved,当初予算,01,一般会計,01一般会計,15,国庫支出金,15国庫支出金,02,国庫補助金,02国庫補助金,03,衛生費国庫補助金,03衛生費国庫補助金,07,新型コロナウイルスワクチン接種体制確保事業費補助金,07新型コロナウイルスワクチン接種体制確保事業費補助金,01,新型コロナウイルスワクチン接種体制確保事業費補助金,01新型コロナウイルスワクチン接種体制確保事業費補助金,0,,0,会計01/款15/項02/目03/節07/細節01/細々節0,3893000,JPY,3893,千円,233
132047:2024:revenue:approved:60be7923df64889b,132047,三鷹市,2024,revenue,approved,当初予算,01,一般会計,01一般会計,15,国庫支出金,15国庫支出金,02,国庫補助金,02国庫補助金,03,衛生費国庫補助金,03衛生費国庫補助金,08,母子保健対策強化事業補助金,08母子保健対策強化事業補助金,01,母子保健対策強化事業補助金,01母子保健対策強化事業補助金,0,,0,会計01/款15/項02/目03/節08/細節01/細々節0,693000,JPY,693,千円,234
132047:2024:revenue:approved:675952be88a56f46,132047,三鷹市,2024,revenue,approved,当初予算,01,一般会計,01一般会計,15,国庫支出金,15国庫支出金,02,国庫補助金,02国庫補助金,04,土木費国庫補助金,04土木費国庫補助金,01,社会資本整備総合交付金,01社会資本整備総合交付金,01,狭あい道路拡幅整備費交付金,01狭あい道路拡幅整備費交付金,0,,0,会計01/款15/項02/目04/節01/細節01/細々節0,25000000,JPY,25000,千円,235
132047:2024:revenue:approved:e55b4e93be1ff166,132047,三鷹市,2024,revenue,approved,当初予算,01,一般会計,01一般会計,15,国庫支出金,15国庫支出金,02,国庫補助金,02国庫補助金,04,土木費国庫補助金,04土木費国庫補助金,01,社会資本整備総合交付金,01社会資本整備総合交付金,02,ブロック塀等安全対策促進事業交付金,02ブロック塀等安全対策促進事業交付金,0,,0,会計01/款15/項02/目04/節01/細節02/細々節0,400000,JPY,400,千円,236
132047:2024:revenue:approved:28cd5570f2eb0e0e,132047,三鷹市,2024,revenue,approved,当初予算,01,一般会計,01一般会計,15,国庫支出金,15国庫支出金,02,国庫補助金,02国庫補助金,04,土木費国庫補助金,04土木費国庫補助金,01,社会資本整備総合交付金,01社会資本整備総合交付金,03,バリアフリー環境整備促進事業交付金,03バリアフリー環境整備促進事業交付金,0,,0,会計01/款15/項02/目04/節01/細節03/細々節0,2000000,JPY,2000,千円,237
132047:2024:revenue:approved:562b2c660659ff56,132047,三鷹市,2024,revenue,approved,当初予算,01,一般会計,01一般会計,15,国庫支出金,15国庫支出金,02,国庫補助金,02国庫補助金,04,土木費国庫補助金,04土木費国庫補助金,01,社会資本整備総合交付金,01社会資本整備総合交付金,04,北野公園用地取得事業費交付金,04北野公園用地取得事業費交付金,0,,0,会計01/款15/項02/目04/節01/細節04/細々節0,30600000,JPY,30600,千円,238
132047:2024:revenue:approved:37bb414f2ec797ec,132047,三鷹市,2024,revenue,approved,当初予算,01,一般会計,01一般会計,15,国庫支出金,15国庫支出金,02,国庫補助金,02国庫補助金,04,土木費国庫補助金,04土木費国庫補助金,01,社会資本整備総合交付金,01社会資本整備総合交付金,05,木造住宅耐震診断助成事業費交付金,05木造住宅耐震診断助成事業費交付金,0,,0,会計01/款15/項02/目04/節01/細節05/細々節0,675000,JPY,675,千円,239
132047:2024:revenue:approved:ebd3ebea2c51a074,132047,三鷹市,2024,revenue,approved,当初予算,01,一般会計,01一般会計,15,国庫支出金,15国庫支出金,02,国庫補助金,02国庫補助金,04,土木費国庫補助金,04土木費国庫補助金,01,社会資本整備総合交付金,01社会資本整備総合交付金,06,木造住宅耐震改修助成事業費交付金,06木造住宅耐震改修助成事業費交付金,0,,0,会計01/款15/項02/目04/節01/細節06/細々節0,500000,JPY,500,千円,240
132047:2024:revenue:approved:99e882abb3a9ff55,132047,三鷹市,2024,revenue,approved,当初予算,01,一般会計,01一般会計,15,国庫支出金,15国庫支出金,02,国庫補助金,02国庫補助金,04,土木費国庫補助金,04土木費国庫補助金,01,社会資本整備総合交付金,01社会資本整備総合交付金,07,分譲マンション耐震化助成事業費交付金,07分譲マンション耐震化助成事業費交付金,0,,0,会計01/款15/項02/目04/節01/細節07/細々節0,1500000,JPY,1500,千円,241
132047:2024:revenue:approved:5c2f6d14bf7b85cf,132047,三鷹市,2024,revenue,approved,当初予算,01,一般会計,01一般会計,15,国庫支出金,15国庫支出金,02,国庫補助金,02国庫補助金,04,土木費国庫補助金,04土木費国庫補助金,01,社会資本整備総合交付金,01社会資本整備総合交付金,08,住生活基本計画策定交付金,08住生活基本計画策定交付金,0,,0,会計01/款15/項02/目04/節01/細節08/細々節0,2628000,JPY,2628,千円,242
132047:2024:revenue:approved:7706ed3766a418bc,132047,三鷹市,2024,revenue,approved,当初予算,01,一般会計,01一般会計,15,国庫支出金,15国庫支出金,02,国庫補助金,02国庫補助金,04,土木費国庫補助金,04土木費国庫補助金,02,道路メンテナンス事業補助金,02道路メンテナンス事業補助金,01,橋梁現況調査事業費補助金,01橋梁現況調査事業費補助金,0,,0,会計01/款15/項02/目04/節02/細節01/細々節0,1100000,JPY,1100,千円,243
132047:2024:revenue:approved:f70c82ebd51ce552,132047,三鷹市,2024,revenue,approved,当初予算,01,一般会計,01一般会計,15,国庫支出金,15国庫支出金,02,国庫補助金,02国庫補助金,04,土木費国庫補助金,04土木費国庫補助金,02,道路メンテナンス事業補助金,02道路メンテナンス事業補助金,02,三鷹駅前デッキ長寿命化事業費補助金,02三鷹駅前デッキ長寿命化事業費補助金,0,,0,会計01/款15/項02/目04/節02/細節02/細々節0,2750000,JPY,2750,千円,244
132047:2024:revenue:approved:af32bf646a00378e,132047,三鷹市,2024,revenue,approved,当初予算,01,一般会計,01一般会計,15,国庫支出金,15国庫支出金,02,国庫補助金,02国庫補助金,04,土木費国庫補助金,04土木費国庫補助金,03,コンパクトシティ形成支援事業補助金,03コンパクトシティ形成支援事業補助金,01,コンパクトシティ形成支援事業補助金,01コンパクトシティ形成支援事業補助金,0,,0,会計01/款15/項02/目04/節03/細節01/細々節0,1500000,JPY,1500,千円,245
132047:2024:revenue:approved:397acc00acb91f4f,132047,三鷹市,2024,revenue,approved,当初予算,01,一般会計,01一般会計,15,国庫支出金,15国庫支出金,02,国庫補助金,02国庫補助金,04,土木費国庫補助金,04土木費国庫補助金,04,無電柱化推進計画事業補助金,04無電柱化推進計画事業補助金,01,都市計画道路３・４・１３号（牟礼）整備事業費補助金,01都市計画道路３・４・１３号（牟礼）整備事業費補助金,0,,0,会計01/款15/項02/目04/節04/細節01/細々節0,34400000,JPY,34400,千円,246
132047:2024:revenue:approved:1f76d52339fc4487,132047,三鷹市,2024,revenue,approved,当初予算,01,一般会計,01一般会計,15,国庫支出金,15国庫支出金,02,国庫補助金,02国庫補助金,04,土木費国庫補助金,04土木費国庫補助金,05,地域防災拠点建築物整備緊急促進事業補助金,05地域防災拠点建築物整備緊急促進事業補助金,01,特定緊急輸送道路沿道建築物耐震化促進事業費補助金,01特定緊急輸送道路沿道建築物耐震化促進事業費補助金,0,,0,会計01/款15/項02/目04/節05/細節01/細々節0,7635000,JPY,7635,千円,247
132047:2024:revenue:approved:944c6a76ea52c2e2,132047,三鷹市,2024,revenue,approved,当初予算,01,一般会計,01一般会計,15,国庫支出金,15国庫支出金,02,国庫補助金,02国庫補助金,05,教育費国庫補助金,05教育費国庫補助金,01,教育支援体制整備事業費補助金,01教育支援体制整備事業費補助金,01,教育支援体制整備事業費補助金,01教育支援体制整備事業費補助金,0,,0,会計01/款15/項02/目05/節01/細節01/細々節0,20777000,JPY,20777,千円,248
132047:2024:revenue:approved:7782cf8065feb7e3,132047,三鷹市,2024,revenue,approved,当初予算,01,一般会計,01一般会計,15,国庫支出金,15国庫支出金,02,国庫補助金,02国庫補助金,05,教育費国庫補助金,05教育費国庫補助金,02,公立学校情報機器活用支援体制整備費補助金,02公立学校情報機器活用支援体制整備費補助金,01,公立学校情報機器活用支援体制整備費補助金,01公立学校情報機器活用支援体制整備費補助金,0,,0,会計01/款15/項02/目05/節02/細節01/細々節0,1276000,JPY,1276,千円,249
132047:2024:revenue:approved:82f0999448d9c76b,132047,三鷹市,2024,revenue,approved,当初予算,01,一般会計,01一般会計,15,国庫支出金,15国庫支出金,02,国庫補助金,02国庫補助金,05,教育費国庫補助金,05教育費国庫補助金,03,子ども・子育て支援交付金,03子ども・子育て支援交付金,01,実費徴収に係る補足給付事業費交付金,01実費徴収に係る補足給付事業費交付金,0,,0,会計01/款15/項02/目05/節03/細節01/細々節0,1226000,JPY,1226,千円,250
132047:2024:revenue:approved:dc4bc30e0076dd70,132047,三鷹市,2024,revenue,approved,当初予算,01,一般会計,01一般会計,15,国庫支出金,15国庫支出金,02,国庫補助金,02国庫補助金,05,教育費国庫補助金,05教育費国庫補助金,03,子ども・子育て支援交付金,03子ども・子育て支援交付金,02,一時預かり事業交付金,02一時預かり事業交付金,0,,0,会計01/款15/項02/目05/節03/細節02/細々節0,22247000,JPY,22247,千円,251
132047:2024:revenue:approved:11ace91e28244a26,132047,三鷹市,2024,revenue,approved,当初予算,01,一般会計,01一般会計,15,国庫支出金,15国庫支出金,02,国庫補助金,02国庫補助金,05,教育費国庫補助金,05教育費国庫補助金,04,学校教育設備整備費等補助金,04学校教育設備整備費等補助金,01,理科教育等設備整備費補助金,01理科教育等設備整備費補助金,01,小学校,01小学校,会計01/款15/項02/目05/節04/細節01/細々節01,252000,JPY,252,千円,252
132047:2024:revenue:approved:c7f5463323a5268e,132047,三鷹市,2024,revenue,approved,当初予算,01,一般会計,01一般会計,15,国庫支出金,15国庫支出金,02,国庫補助金,02国庫補助金,05,教育費国庫補助金,05教育費国庫補助金,04,学校教育設備整備費等補助金,04学校教育設備整備費等補助金,01,理科教育等設備整備費補助金,01理科教育等設備整備費補助金,02,中学校,02中学校,会計01/款15/項02/目05/節04/細節01/細々節02,252000,JPY,252,千円,253
132047:2024:revenue:approved:85bc6fb1ebac55e5,132047,三鷹市,2024,revenue,approved,当初予算,01,一般会計,01一般会計,15,国庫支出金,15国庫支出金,02,国庫補助金,02国庫補助金,05,教育費国庫補助金,05教育費国庫補助金,05,特別支援教育就学奨励費補助金,05特別支援教育就学奨励費補助金,01,特別支援教育就学奨励費補助金,01特別支援教育就学奨励費補助金,01,小学校,01小学校,会計01/款15/項02/目05/節05/細節01/細々節01,254000,JPY,254,千円,254
132047:2024:revenue:approved:67f5c7f6dace6868,132047,三鷹市,2024,revenue,approved,当初予算,01,一般会計,01一般会計,15,国庫支出金,15国庫支出金,02,国庫補助金,02国庫補助金,05,教育費国庫補助金,05教育費国庫補助金,05,特別支援教育就学奨励費補助金,05特別支援教育就学奨励費補助金,01,特別支援教育就学奨励費補助金,01特別支援教育就学奨励費補助金,02,中学校,02中学校,会計01/款15/項02/目05/節05/細節01/細々節02,623000,JPY,623,千円,255
132047:2024:revenue:approved:c94d227e45529c34,132047,三鷹市,2024,revenue,approved,当初予算,01,一般会計,01一般会計,15,国庫支出金,15国庫支出金,02,国庫補助金,02国庫補助金,05,教育費国庫補助金,05教育費国庫補助金,05,特別支援教育就学奨励費補助金,05特別支援教育就学奨励費補助金,02,特別支援教育就学奨励費給食費補助金,02特別支援教育就学奨励費給食費補助金,01,小学校,01小学校,会計01/款15/項02/目05/節05/細節02/細々節01,183000,JPY,183,千円,256
132047:2024:revenue:approved:10b03b70b667fec5,132047,三鷹市,2024,revenue,approved,当初予算,01,一般会計,01一般会計,15,国庫支出金,15国庫支出金,02,国庫補助金,02国庫補助金,05,教育費国庫補助金,05教育費国庫補助金,05,特別支援教育就学奨励費補助金,05特別支援教育就学奨励費補助金,02,特別支援教育就学奨励費給食費補助金,02特別支援教育就学奨励費給食費補助金,02,中学校,02中学校,会計01/款15/項02/目05/節05/細節02/細々節02,148000,JPY,148,千円,257
132047:2024:revenue:approved:46b7bb290a2b4560,132047,三鷹市,2024,revenue,approved,当初予算,01,一般会計,01一般会計,15,国庫支出金,15国庫支出金,02,国庫補助金,02国庫補助金,05,教育費国庫補助金,05教育費国庫補助金,06,就学援助費補助金,06就学援助費補助金,01,要保護生徒修学旅行費補助金,01要保護生徒修学旅行費補助金,01,中学校,01中学校,会計01/款15/項02/目05/節06/細節01/細々節01,324000,JPY,324,千円,258
132047:2024:revenue:approved:2566cb2bb8b7c870,132047,三鷹市,2024,revenue,approved,当初予算,01,一般会計,01一般会計,15,国庫支出金,15国庫支出金,02,国庫補助金,02国庫補助金,05,教育費国庫補助金,05教育費国庫補助金,07,学校施設環境改善交付金,07学校施設環境改善交付金,01,大規模改造事業費交付金,01大規模改造事業費交付金,01,トイレ改修工事,01トイレ改修工事,会計01/款15/項02/目05/節07/細節01/細々節01,35460000,JPY,35460,千円,259
132047:2024:revenue:approved:98416403c82f3829,132047,三鷹市,2024,revenue,approved,当初予算,01,一般会計,01一般会計,15,国庫支出金,15国庫支出金,02,国庫補助金,02国庫補助金,05,教育費国庫補助金,05教育費国庫補助金,07,学校施設環境改善交付金,07学校施設環境改善交付金,01,大規模改造事業費交付金,01大規模改造事業費交付金,02,教育内容（内部環境）改造工事,02教育内容（内部環境）改造工事,会計01/款15/項02/目05/節07/細節01/細々節02,5980000,JPY,5980,千円,260
132047:2024:revenue:approved:9cd443ff2435acc0,132047,三鷹市,2024,revenue,approved,当初予算,01,一般会計,01一般会計,15,国庫支出金,15国庫支出金,02,国庫補助金,02国庫補助金,05,教育費国庫補助金,05教育費国庫補助金,07,学校施設環境改善交付金,07学校施設環境改善交付金,01,大規模改造事業費交付金,01大規模改造事業費交付金,03,法令等適合工事,03法令等適合工事,会計01/款15/項02/目05/節07/細節01/細々節03,20000000,JPY,20000,千円,261
132047:2024:revenue:approved:23c53fca2348bbfa,132047,三鷹市,2024,revenue,approved,当初予算,01,一般会計,01一般会計,15,国庫支出金,15国庫支出金,02,国庫補助金,02国庫補助金,05,教育費国庫補助金,05教育費国庫補助金,07,学校施設環境改善交付金,07学校施設環境改善交付金,01,大規模改造事業費交付金,01大規模改造事業費交付金,04,バリアフリー化工事,04バリアフリー化工事,会計01/款15/項02/目05/節07/細節01/細々節04,1161000,JPY,1161,千円,262
132047:2024:revenue:approved:bab3821782cf8e40,132047,三鷹市,2024,revenue,approved,当初予算,01,一般会計,01一般会計,15,国庫支出金,15国庫支出金,02,国庫補助金,02国庫補助金,05,教育費国庫補助金,05教育費国庫補助金,07,学校施設環境改善交付金,07学校施設環境改善交付金,02,防災機能強化事業費交付金,02防災機能強化事業費交付金,01,建築非構造部材耐震化工事,01建築非構造部材耐震化工事,会計01/款15/項02/目05/節07/細節02/細々節01,10042000,JPY,10042,千円,263
132047:2024:revenue:approved:ef1b8fc9066a9c4c,132047,三鷹市,2024,revenue,approved,当初予算,01,一般会計,01一般会計,15,国庫支出金,15国庫支出金,02,国庫補助金,02国庫補助金,05,教育費国庫補助金,05教育費国庫補助金,08,国宝重要文化財等保存整備費補助金,08国宝重要文化財等保存整備費補助金,01,遺跡発掘調査事業費補助金,01遺跡発掘調査事業費補助金,0,,0,会計01/款15/項02/目05/節08/細節01/細々節0,5000000,JPY,5000,千円,264
132047:2024:revenue:approved:d564086c4a28dc31,132047,三鷹市,2024,revenue,approved,当初予算,01,一般会計,01一般会計,15,国庫支出金,15国庫支出金,02,国庫補助金,02国庫補助金,05,教育費国庫補助金,05教育費国庫補助金,08,国宝重要文化財等保存整備費補助金,08国宝重要文化財等保存整備費補助金,02,地域の特色ある埋蔵文化財活用事業費補助金,02地域の特色ある埋蔵文化財活用事業費補助金,0,,0,会計01/款15/項02/目05/節08/細節02/細々節0,2500000,JPY,2500,千円,265
132047:2024:revenue:approved:b6b74562a533ec41,132047,三鷹市,2024,revenue,approved,当初予算,01,一般会計,01一般会計,15,国庫支出金,15国庫支出金,03,委託金,03委託金,01,総務費委託金,01総務費委託金,01,自衛官募集事務費委託金,01自衛官募集事務費委託金,01,自衛官募集事務費委託金,01自衛官募集事務費委託金,0,,0,会計01/款15/項03/目01/節01/細節01/細々節0,25000,JPY,25,千円,266
132047:2024:revenue:approved:e5fa3a04980df443,132047,三鷹市,2024,revenue,approved,当初予算,01,一般会計,01一般会計,15,国庫支出金,15国庫支出金,03,委託金,03委託金,01,総務費委託金,01総務費委託金,02,中長期在留者住居地届出等事務費委託金,02中長期在留者住居地届出等事務費委託金,01,中長期在留者住居地届出等事務費委託金,01中長期在留者住居地届出等事務費委託金,0,,0,会計01/款15/項03/目01/節02/細節01/細々節0,1368000,JPY,1368,千円,267
132047:2024:revenue:approved:c10a2f9a2e6d80a8,132047,三鷹市,2024,revenue,approved,当初予算,01,一般会計,01一般会計,15,国庫支出金,15国庫支出金,03,委託金,03委託金,02,民生費委託金,02民生費委託金,01,遺族及び留守家族等援護事務費委託金,01遺族及び留守家族等援護事務費委託金,01,遺族及び留守家族等援護事務費委託金,01遺族及び留守家族等援護事務費委託金,0,,0,会計01/款15/項03/目02/節01/細節01/細々節0,2139000,JPY,2139,千円,268
132047:2024:revenue:approved:69dfdf4bb7cce2d2,132047,三鷹市,2024,revenue,approved,当初予算,01,一般会計,01一般会計,15,国庫支出金,15国庫支出金,03,委託金,03委託金,02,民生費委託金,02民生費委託金,02,国民年金事務費委託金,02国民年金事務費委託金,01,国民年金事務費委託金,01国民年金事務費委託金,0,,0,会計01/款15/項03/目02/節02/細節01/細々節0,39945000,JPY,39945,千円,269
132047:2024:revenue:approved:9ac7bee9a76fb86e,132047,三鷹市,2024,revenue,approved,当初予算,01,一般会計,01一般会計,15,国庫支出金,15国庫支出金,03,委託金,03委託金,02,民生費委託金,02民生費委託金,03,特別児童扶養手当事務費委託金,03特別児童扶養手当事務費委託金,01,特別児童扶養手当事務費委託金,01特別児童扶養手当事務費委託金,0,,0,会計01/款15/項03/目02/節03/細節01/細々節0,206000,JPY,206,千円,270
132047:2024:revenue:approved:f1dfc6b749ff48ac,132047,三鷹市,2024,revenue,approved,当初予算,01,一般会計,01一般会計,16,都支出金,16都支出金,01,都負担金,01都負担金,01,民生費都負担金,01民生費都負担金,01,民生委員推薦会負担金,01民生委員推薦会負担金,01,民生委員推薦会負担金,01民生委員推薦会負担金,0,,0,会計01/款16/項01/目01/節01/細節01/細々節0,328000,JPY,328,千円,271
132047:2024:revenue:approved:a904e90ea2b0cd7d,132047,三鷹市,2024,revenue,approved,当初予算,01,一般会計,01一般会計,16,都支出金,16都支出金,01,都負担金,01都負担金,01,民生費都負担金,01民生費都負担金,02,社会福祉費負担金,02社会福祉費負担金,01,民生委員費負担金,01民生委員費負担金,0,,0,会計01/款16/項01/目01/節02/細節01/細々節0,14001000,JPY,14001,千円,272
132047:2024:revenue:approved:fb01ff93aaae6a90,132047,三鷹市,2024,revenue,approved,当初予算,01,一般会計,01一般会計,16,都支出金,16都支出金,01,都負担金,01都負担金,01,民生費都負担金,01民生費都負担金,03,行旅死亡人等取扱費負担金,03行旅死亡人等取扱費負担金,01,行旅死亡人等取扱費負担金,01行旅死亡人等取扱費負担金,0,,0,会計01/款16/項01/目01/節03/細節01/細々節0,1426000,JPY,1426,千円,273
132047:2024:revenue:approved:5652d7c46047df8d,132047,三鷹市,2024,revenue,approved,当初予算,01,一般会計,01一般会計,16,都支出金,16都支出金,01,都負担金,01都負担金,01,民生費都負担金,01民生費都負担金,04,障害者自立支援介護給付費負担金,04障害者自立支援介護給付費負担金,01,居宅介護給付費負担金,01居宅介護給付費負担金,0,,0,会計01/款16/項01/目01/節04/細節01/細々節0,170712000,JPY,170712,千円,274
132047:2024:revenue:approved:49508821e9a3a706,132047,三鷹市,2024,revenue,approved,当初予算,01,一般会計,01一般会計,16,都支出金,16都支出金,01,都負担金,01都負担金,01,民生費都負担金,01民生費都負担金,04,障害者自立支援介護給付費負担金,04障害者自立支援介護給付費負担金,02,療養介護給付費負担金,02療養介護給付費負担金,0,,0,会計01/款16/項01/目01/節04/細節02/細々節0,19907000,JPY,19907,千円,275
132047:2024:revenue:approved:9dbd219a003cfa1d,132047,三鷹市,2024,revenue,approved,当初予算,01,一般会計,01一般会計,16,都支出金,16都支出金,01,都負担金,01都負担金,01,民生費都負担金,01民生費都負担金,04,障害者自立支援介護給付費負担金,04障害者自立支援介護給付費負担金,03,生活介護給付費負担金,03生活介護給付費負担金,0,,0,会計01/款16/項01/目01/節04/細節03/細々節0,267880000,JPY,267880,千円,276
132047:2024:revenue:approved:9a6794edee8054a3,132047,三鷹市,2024,revenue,approved,当初予算,01,一般会計,01一般会計,16,都支出金,16都支出金,01,都負担金,01都負担金,01,民生費都負担金,01民生費都負担金,04,障害者自立支援介護給付費負担金,04障害者自立支援介護給付費負担金,04,短期入所給付費負担金,04短期入所給付費負担金,0,,0,会計01/款16/項01/目01/節04/細節04/細々節0,17583000,JPY,17583,千円,277
132047:2024:revenue:approved:e10539d5a5012643,132047,三鷹市,2024,revenue,approved,当初予算,01,一般会計,01一般会計,16,都支出金,16都支出金,01,都負担金,01都負担金,01,民生費都負担金,01民生費都負担金,04,障害者自立支援介護給付費負担金,04障害者自立支援介護給付費負担金,05,施設支援給付費負担金,05施設支援給付費負担金,0,,0,会計01/款16/項01/目01/節04/細節05/細々節0,69541000,JPY,69541,千円,278
132047:2024:revenue:approved:f577633e62668a15,132047,三鷹市,2024,revenue,approved,当初予算,01,一般会計,01一般会計,16,都支出金,16都支出金,01,都負担金,01都負担金,01,民生費都負担金,01民生費都負担金,04,障害者自立支援介護給付費負担金,04障害者自立支援介護給付費負担金,06,サービス利用計画作成費負担金,06サービス利用計画作成費負担金,0,,0,会計01/款16/項01/目01/節04/細節06/細々節0,23339000,JPY,23339,千円,279
132047:2024:revenue:approved:f17e721c9104ad07,132047,三鷹市,2024,revenue,approved,当初予算,01,一般会計,01一般会計,16,都支出金,16都支出金,01,都負担金,01都負担金,01,民生費都負担金,01民生費都負担金,04,障害者自立支援介護給付費負担金,04障害者自立支援介護給付費負担金,07,自立生活援助給付費負担金,07自立生活援助給付費負担金,0,,0,会計01/款16/項01/目01/節04/細節07/細々節0,819000,JPY,819,千円,280
132047:2024:revenue:approved:f60fe904b57787b8,132047,三鷹市,2024,revenue,approved,当初予算,01,一般会計,01一般会計,16,都支出金,16都支出金,01,都負担金,01都負担金,01,民生費都負担金,01民生費都負担金,05,障害者自立支援訓練等給付費負担金,05障害者自立支援訓練等給付費負担金,01,就労移行支援給付費負担金,01就労移行支援給付費負担金,0,,0,会計01/款16/項01/目01/節05/細節01/細々節0,44960000,JPY,44960,千円,281
132047:2024:revenue:approved:573da4929068a7ea,132047,三鷹市,2024,revenue,approved,当初予算,01,一般会計,01一般会計,16,都支出金,16都支出金,01,都負担金,01都負担金,01,民生費都負担金,01民生費都負担金,05,障害者自立支援訓練等給付費負担金,05障害者自立支援訓練等給付費負担金,02,就労継続支援給付費負担金,02就労継続支援給付費負担金,0,,0,会計01/款16/項01/目01/節05/細節02/細々節0,146838000,JPY,146838,千円,282
132047:2024:revenue:approved:60e0cbb6a0f89817,132047,三鷹市,2024,revenue,approved,当初予算,01,一般会計,01一般会計,16,都支出金,16都支出金,01,都負担金,01都負担金,01,民生費都負担金,01民生費都負担金,05,障害者自立支援訓練等給付費負担金,05障害者自立支援訓練等給付費負担金,03,就労定着支援給付費負担金,03就労定着支援給付費負担金,0,,0,会計01/款16/項01/目01/節05/細節03/細々節0,3851000,JPY,3851,千円,283
132047:2024:revenue:approved:61f3caf687150fba,132047,三鷹市,2024,revenue,approved,当初予算,01,一般会計,01一般会計,16,都支出金,16都支出金,01,都負担金,01都負担金,01,民生費都負担金,01民生費都負担金,05,障害者自立支援訓練等給付費負担金,05障害者自立支援訓練等給付費負担金,04,共同生活援助給付費負担金,04共同生活援助給付費負担金,0,,0,会計01/款16/項01/目01/節05/細節04/細々節0,150835000,JPY,150835,千円,284
132047:2024:revenue:approved:9186b4b712a3c15e,132047,三鷹市,2024,revenue,approved,当初予算,01,一般会計,01一般会計,16,都支出金,16都支出金,01,都負担金,01都負担金,01,民生費都負担金,01民生費都負担金,05,障害者自立支援訓練等給付費負担金,05障害者自立支援訓練等給付費負担金,05,自立訓練給付費負担金,05自立訓練給付費負担金,0,,0,会計01/款16/項01/目01/節05/細節05/細々節0,14981000,JPY,14981,千円,285
132047:2024:revenue:approved:a5634b579d4511a6,132047,三鷹市,2024,revenue,approved,当初予算,01,一般会計,01一般会計,16,都支出金,16都支出金,01,都負担金,01都負担金,01,民生費都負担金,01民生費都負担金,06,障害者自立支援医療給付費負担金,06障害者自立支援医療給付費負担金,01,更生医療給付費負担金,01更生医療給付費負担金,0,,0,会計01/款16/項01/目01/節06/細節01/細々節0,68750000,JPY,68750,千円,286
132047:2024:revenue:approved:d948fc88942dd2bb,132047,三鷹市,2024,revenue,approved,当初予算,01,一般会計,01一般会計,16,都支出金,16都支出金,01,都負担金,01都負担金,01,民生費都負担金,01民生費都負担金,06,障害者自立支援医療給付費負担金,06障害者自立支援医療給付費負担金,02,育成医療給付費負担金,02育成医療給付費負担金,0,,0,会計01/款16/項01/目01/節06/細節02/細々節0,96000,JPY,96,千円,287
132047:2024:revenue:approved:442ea83c800b05a4,132047,三鷹市,2024,revenue,approved,当初予算,01,一般会計,01一般会計,16,都支出金,16都支出金,01,都負担金,01都負担金,01,民生費都負担金,01民生費都負担金,07,障害者自立支援補装具費支給事業負担金,07障害者自立支援補装具費支給事業負担金,01,障害者自立支援補装具費支給事業負担金,01障害者自立支援補装具費支給事業負担金,0,,0,会計01/款16/項01/目01/節07/細節01/細々節0,8500000,JPY,8500,千円,288
132047:2024:revenue:approved:5e4d30545d3a6208,132047,三鷹市,2024,revenue,approved,当初予算,01,一般会計,01一般会計,16,都支出金,16都支出金,01,都負担金,01都負担金,01,民生費都負担金,01民生費都負担金,08,障害児通所支援給付費負担金,08障害児通所支援給付費負担金,01,児童発達支援給付費負担金,01児童発達支援給付費負担金,0,,0,会計01/款16/項01/目01/節08/細節01/細々節0,62388000,JPY,62388,千円,289
132047:2024:revenue:approved:c409bc6dcaa967f1,132047,三鷹市,2024,revenue,approved,当初予算,01,一般会計,01一般会計,16,都支出金,16都支出金,01,都負担金,01都負担金,01,民生費都負担金,01民生費都負担金,08,障害児通所支援給付費負担金,08障害児通所支援給付費負担金,02,医療型児童発達支援給付費負担金,02医療型児童発達支援給付費負担金,0,,0,会計01/款16/項01/目01/節08/細節02/細々節0,360000,JPY,360,千円,290
132047:2024:revenue:approved:8e305a0020275797,132047,三鷹市,2024,revenue,approved,当初予算,01,一般会計,01一般会計,16,都支出金,16都支出金,01,都負担金,01都負担金,01,民生費都負担金,01民生費都負担金,08,障害児通所支援給付費負担金,08障害児通所支援給付費負担金,03,放課後等デイサービス給付費負担金,03放課後等デイサービス給付費負担金,0,,0,会計01/款16/項01/目01/節08/細節03/細々節0,119217000,JPY,119217,千円,291
132047:2024:revenue:approved:6ec873362c609a4e,132047,三鷹市,2024,revenue,approved,当初予算,01,一般会計,01一般会計,16,都支出金,16都支出金,01,都負担金,01都負担金,01,民生費都負担金,01民生費都負担金,08,障害児通所支援給付費負担金,08障害児通所支援給付費負担金,04,障がい児相談支援給付費負担金,04障がい児相談支援給付費負担金,0,,0,会計01/款16/項01/目01/節08/細節04/細々節0,4229000,JPY,4229,千円,292
132047:2024:revenue:approved:69e678f057465ba7,132047,三鷹市,2024,revenue,approved,当初予算,01,一般会計,01一般会計,16,都支出金,16都支出金,01,都負担金,01都負担金,01,民生費都負担金,01民生費都負担金,08,障害児通所支援給付費負担金,08障害児通所支援給付費負担金,05,保育所等訪問支援給付費負担金,05保育所等訪問支援給付費負担金,0,,0,会計01/款16/項01/目01/節08/細節05/細々節0,1023000,JPY,1023,千円,293
132047:2024:revenue:approved:91aa7e5402262ce2,132047,三鷹市,2024,revenue,approved,当初予算,01,一般会計,01一般会計,16,都支出金,16都支出金,01,都負担金,01都負担金,01,民生費都負担金,01民生費都負担金,09,心身障害者福祉手当負担金,09心身障害者福祉手当負担金,01,心身障害者福祉手当負担金,01心身障害者福祉手当負担金,0,,0,会計01/款16/項01/目01/節09/細節01/細々節0,249240000,JPY,249240,千円,294
132047:2024:revenue:approved:759147af70ddf4c0,132047,三鷹市,2024,revenue,approved,当初予算,01,一般会計,01一般会計,16,都支出金,16都支出金,01,都負担金,01都負担金,01,民生費都負担金,01民生費都負担金,10,国民健康保険保険基盤安定負担金,10国民健康保険保険基盤安定負担金,01,保険基盤安定負担金,01保険基盤安定負担金,0,,0,会計01/款16/項01/目01/節10/細節01/細々節0,345858000,JPY,345858,千円,295
132047:2024:revenue:approved:0db7f8a02130024d,132047,三鷹市,2024,revenue,approved,当初予算,01,一般会計,01一般会計,16,都支出金,16都支出金,01,都負担金,01都負担金,01,民生費都負担金,01民生費都負担金,11,国民健康保険未就学児均等割保険税負担金,11国民健康保険未就学児均等割保険税負担金,01,未就学児均等割保険税負担金,01未就学児均等割保険税負担金,0,,0,会計01/款16/項01/目01/節11/細節01/細々節0,3257000,JPY,3257,千円,296
132047:2024:revenue:approved:88536c18db5585d5,132047,三鷹市,2024,revenue,approved,当初予算,01,一般会計,01一般会計,16,都支出金,16都支出金,01,都負担金,01都負担金,01,民生費都負担金,01民生費都負担金,12,国民健康保険産前産後保険税負担金,12国民健康保険産前産後保険税負担金,01,産前産後保険税負担金,01産前産後保険税負担金,0,,0,会計01/款16/項01/目01/節12/細節01/細々節0,772000,JPY,772,千円,297
132047:2024:revenue:approved:451469c997deba6c,132047,三鷹市,2024,revenue,approved,当初予算,01,一般会計,01一般会計,16,都支出金,16都支出金,01,都負担金,01都負担金,01,民生費都負担金,01民生費都負担金,13,介護保険低所得者保険料軽減負担金,13介護保険低所得者保険料軽減負担金,01,介護保険低所得者保険料軽減負担金,01介護保険低所得者保険料軽減負担金,0,,0,会計01/款16/項01/目01/節13/細節01/細々節0,35370000,JPY,35370,千円,298
132047:2024:revenue:approved:fae167c8dea1f20c,132047,三鷹市,2024,revenue,approved,当初予算,01,一般会計,01一般会計,16,都支出金,16都支出金,01,都負担金,01都負担金,01,民生費都負担金,01民生費都負担金,14,後期高齢者医療保険基盤安定負担金,14後期高齢者医療保険基盤安定負担金,01,保険基盤安定負担金,01保険基盤安定負担金,0,,0,会計01/款16/項01/目01/節14/細節01/細々節0,257784000,JPY,257784,千円,299
132047:2024:revenue:approved:e7caf88acb8f0f92,132047,三鷹市,2024,revenue,approved,当初予算,01,一般会計,01一般会計,16,都支出金,16都支出金,01,都負担金,01都負担金,01,民生費都負担金,01民生費都負担金,15,児童福祉費負担金,15児童福祉費負担金,01,児童育成手当負担金,01児童育成手当負担金,0,,0,会計01/款16/項01/目01/節15/細節01/細々節0,246558000,JPY,246558,千円,300
132047:2024:revenue:approved:35f77b807446578d,132047,三鷹市,2024,revenue,approved,当初予算,01,一般会計,01一般会計,16,都支出金,16都支出金,01,都負担金,01都負担金,01,民生費都負担金,01民生費都負担金,15,児童福祉費負担金,15児童福祉費負担金,02,母子生活支援施設入所措置費負担金,02母子生活支援施設入所措置費負担金,0,,0,会計01/款16/項01/目01/節15/細節02/細々節0,8552000,JPY,8552,千円,301
132047:2024:revenue:approved:aad09e4fed1ac073,132047,三鷹市,2024,revenue,approved,当初予算,01,一般会計,01一般会計,16,都支出金,16都支出金,01,都負担金,01都負担金,01,民生費都負担金,01民生費都負担金,15,児童福祉費負担金,15児童福祉費負担金,03,入院助産措置費負担金,03入院助産措置費負担金,0,,0,会計01/款16/項01/目01/節15/細節03/細々節0,535000,JPY,535,千円,302
132047:2024:revenue:approved:20d803c9c278c4fc,132047,三鷹市,2024,revenue,approved,当初予算,01,一般会計,01一般会計,16,都支出金,16都支出金,01,都負担金,01都負担金,01,民生費都負担金,01民生費都負担金,16,児童手当等負担金,16児童手当等負担金,01,３歳未満被用者児童手当負担金,01３歳未満被用者児童手当負担金,0,,0,会計01/款16/項01/目01/節16/細節01/細々節0,25982000,JPY,25982,千円,303
132047:2024:revenue:approved:67097435241b4f12,132047,三鷹市,2024,revenue,approved,当初予算,01,一般会計,01一般会計,16,都支出金,16都支出金,01,都負担金,01都負担金,01,民生費都負担金,01民生費都負担金,16,児童手当等負担金,16児童手当等負担金,02,３歳から高校生等被用者児童手当負担金,02３歳から高校生等被用者児童手当負担金,0,,0,会計01/款16/項01/目01/節16/細節02/細々節0,238482000,JPY,238482,千円,304
132047:2024:revenue:approved:c3453d153f02b179,132047,三鷹市,2024,revenue,approved,当初予算,01,一般会計,01一般会計,16,都支出金,16都支出金,01,都負担金,01都負担金,01,民生費都負担金,01民生費都負担金,16,児童手当等負担金,16児童手当等負担金,03,非被用者児童手当負担金,03非被用者児童手当負担金,0,,0,会計01/款16/項01/目01/節16/細節03/細々節0,66038000,JPY,66038,千円,305
132047:2024:revenue:approved:588a93a1644d066b,132047,三鷹市,2024,revenue,approved,当初予算,01,一般会計,01一般会計,16,都支出金,16都支出金,01,都負担金,01都負担金,01,民生費都負担金,01民生費都負担金,16,児童手当等負担金,16児童手当等負担金,04,特例給付負担金,04特例給付負担金,0,,0,会計01/款16/項01/目01/節16/細節04/細々節0,23053000,JPY,23053,千円,306
132047:2024:revenue:approved:75394ef1d13006b3,132047,三鷹市,2024,revenue,approved,当初予算,01,一般会計,01一般会計,16,都支出金,16都支出金,01,都負担金,01都負担金,01,民生費都負担金,01民生費都負担金,17,施設型給付費負担金,17施設型給付費負担金,01,私立保育園給付費負担金,01私立保育園給付費負担金,0,,0,会計01/款16/項01/目01/節17/細節01/細々節0,669247000,JPY,669247,千円,307
132047:2024:revenue:approved:3f7269147ad0b428,132047,三鷹市,2024,revenue,approved,当初予算,01,一般会計,01一般会計,16,都支出金,16都支出金,01,都負担金,01都負担金,01,民生費都負担金,01民生費都負担金,17,施設型給付費負担金,17施設型給付費負担金,02,公私連携型保育園給付費負担金,02公私連携型保育園給付費負担金,0,,0,会計01/款16/項01/目01/節17/細節02/細々節0,84774000,JPY,84774,千円,308
132047:2024:revenue:approved:ea924e36d6cd7163,132047,三鷹市,2024,revenue,approved,当初予算,01,一般会計,01一般会計,16,都支出金,16都支出金,01,都負担金,01都負担金,01,民生費都負担金,01民生費都負担金,17,施設型給付費負担金,17施設型給付費負担金,03,認定こども園施設給付費負担金,03認定こども園施設給付費負担金,0,,0,会計01/款16/項01/目01/節17/細節03/細々節0,37113000,JPY,37113,千円,309
132047:2024:revenue:approved:5331b58e28019fa9,132047,三鷹市,2024,revenue,approved,当初予算,01,一般会計,01一般会計,16,都支出金,16都支出金,01,都負担金,01都負担金,01,民生費都負担金,01民生費都負担金,18,地域型保育給付費負担金,18地域型保育給付費負担金,01,小規模保育施設給付費負担金,01小規模保育施設給付費負担金,0,,0,会計01/款16/項01/目01/節18/細節01/細々節0,10094000,JPY,10094,千円,310
132047:2024:revenue:approved:9af3007c3c16c287,132047,三鷹市,2024,revenue,approved,当初予算,01,一般会計,01一般会計,16,都支出金,16都支出金,01,都負担金,01都負担金,01,民生費都負担金,01民生費都負担金,18,地域型保育給付費負担金,18地域型保育給付費負担金,02,家庭的保育施設給付費負担金,02家庭的保育施設給付費負担金,0,,0,会計01/款16/項01/目01/節18/細節02/細々節0,18754000,JPY,18754,千円,311
132047:2024:revenue:approved:5ab62a8920f0b92c,132047,三鷹市,2024,revenue,approved,当初予算,01,一般会計,01一般会計,16,都支出金,16都支出金,01,都負担金,01都負担金,01,民生費都負担金,01民生費都負担金,18,地域型保育給付費負担金,18地域型保育給付費負担金,03,事業所内保育施設給付費負担金,03事業所内保育施設給付費負担金,0,,0,会計01/款16/項01/目01/節18/細節03/細々節0,8132000,JPY,8132,千円,312
132047:2024:revenue:approved:cce3c9b8a65b4a09,132047,三鷹市,2024,revenue,approved,当初予算,01,一般会計,01一般会計,16,都支出金,16都支出金,01,都負担金,01都負担金,01,民生費都負担金,01民生費都負担金,19,子育てのための施設等利用費負担金,19子育てのための施設等利用費負担金,01,子育てのための施設等利用費負担金,01子育てのための施設等利用費負担金,0,,0,会計01/款16/項01/目01/節19/細節01/細々節0,30095000,JPY,30095,千円,313
132047:2024:revenue:approved:800265d2e64c244d,132047,三鷹市,2024,revenue,approved,当初予算,01,一般会計,01一般会計,16,都支出金,16都支出金,01,都負担金,01都負担金,01,民生費都負担金,01民生費都負担金,20,生活保護費負担金,20生活保護費負担金,01,生活保護費負担金,01生活保護費負担金,0,,0,会計01/款16/項01/目01/節20/細節01/細々節0,212371000,JPY,212371,千円,314
132047:2024:revenue:approved:ce0af81d6bdc111f,132047,三鷹市,2024,revenue,approved,当初予算,01,一般会計,01一般会計,16,都支出金,16都支出金,01,都負担金,01都負担金,02,衛生費都負担金,02衛生費都負担金,01,母子保健衛生費負担金,01母子保健衛生費負担金,01,未熟児養育医療給付費負担金,01未熟児養育医療給付費負担金,0,,0,会計01/款16/項01/目02/節01/細節01/細々節0,2248000,JPY,2248,千円,315
132047:2024:revenue:approved:4e4df987a1b377eb,132047,三鷹市,2024,revenue,approved,当初予算,01,一般会計,01一般会計,16,都支出金,16都支出金,01,都負担金,01都負担金,02,衛生費都負担金,02衛生費都負担金,02,感染症予防費負担金,02感染症予防費負担金,01,感染症予防費負担金,01感染症予防費負担金,0,,0,会計01/款16/項01/目02/節02/細節01/細々節0,121000,JPY,121,千円,316
132047:2024:revenue:approved:c11527ce2a445784,132047,三鷹市,2024,revenue,approved,当初予算,01,一般会計,01一般会計,16,都支出金,16都支出金,01,都負担金,01都負担金,03,教育費都負担金,03教育費都負担金,01,施設型給付費負担金,01施設型給付費負担金,01,幼稚園施設給付費負担金,01幼稚園施設給付費負担金,0,,0,会計01/款16/項01/目03/節01/細節01/細々節0,128794000,JPY,128794,千円,317
132047:2024:revenue:approved:0245c797265b86e1,132047,三鷹市,2024,revenue,approved,当初予算,01,一般会計,01一般会計,16,都支出金,16都支出金,01,都負担金,01都負担金,03,教育費都負担金,03教育費都負担金,01,施設型給付費負担金,01施設型給付費負担金,02,認定こども園施設給付費負担金,02認定こども園施設給付費負担金,0,,0,会計01/款16/項01/目03/節01/細節02/細々節0,28152000,JPY,28152,千円,318
132047:2024:revenue:approved:fb38edf475963db9,132047,三鷹市,2024,revenue,approved,当初予算,01,一般会計,01一般会計,16,都支出金,16都支出金,01,都負担金,01都負担金,03,教育費都負担金,03教育費都負担金,02,子育てのための施設等利用費負担金,02子育てのための施設等利用費負担金,01,子育てのための施設等利用費負担金,01子育てのための施設等利用費負担金,0,,0,会計01/款16/項01/目03/節02/細節01/細々節0,89775000,JPY,89775,千円,319
132047:2024:revenue:approved:a3ca736428da1fe9,132047,三鷹市,2024,revenue,approved,当初予算,01,一般会計,01一般会計,16,都支出金,16都支出金,02,都補助金,02都補助金,01,総務費都補助金,01総務費都補助金,01,市町村総合交付金,01市町村総合交付金,01,市町村総合交付金,01市町村総合交付金,0,,0,会計01/款16/項02/目01/節01/細節01/細々節0,1317107000,JPY,1317107,千円,320
132047:2024:revenue:approved:49d37ab4f51b1db0,132047,三鷹市,2024,revenue,approved,当初予算,01,一般会計,01一般会計,16,都支出金,16都支出金,02,都補助金,02都補助金,01,総務費都補助金,01総務費都補助金,02,国土利用計画法事務費交付金,02国土利用計画法事務費交付金,01,国土利用計画法事務費交付金,01国土利用計画法事務費交付金,0,,0,会計01/款16/項02/目01/節02/細節01/細々節0,68000,JPY,68,千円,321
132047:2024:revenue:approved:066d32de28cc7ded,132047,三鷹市,2024,revenue,approved,当初予算,01,一般会計,01一般会計,16,都支出金,16都支出金,02,都補助金,02都補助金,01,総務費都補助金,01総務費都補助金,03,人権啓発活動区市町村補助金,03人権啓発活動区市町村補助金,01,人権啓発活動区市町村補助金,01人権啓発活動区市町村補助金,0,,0,会計01/款16/項02/目01/節03/細節01/細々節0,542000,JPY,542,千円,322
132047:2024:revenue:approved:605caf2d2644a3cd,132047,三鷹市,2024,revenue,approved,当初予算,01,一般会計,01一般会計,16,都支出金,16都支出金,02,都補助金,02都補助金,01,総務費都補助金,01総務費都補助金,04,消費者行政強化交付金,04消費者行政強化交付金,01,消費者行政強化交付金,01消費者行政強化交付金,0,,0,会計01/款16/項02/目01/節04/細節01/細々節0,363000,JPY,363,千円,323
132047:2024:revenue:approved:b92a79b88d7a0d61,132047,三鷹市,2024,revenue,approved,当初予算,01,一般会計,01一般会計,16,都支出金,16都支出金,02,都補助金,02都補助金,01,総務費都補助金,01総務費都補助金,05,防犯設備整備費補助金,05防犯設備整備費補助金,01,防犯設備整備補助事業費補助金,01防犯設備整備補助事業費補助金,0,,0,会計01/款16/項02/目01/節05/細節01/細々節0,4063000,JPY,4063,千円,324
132047:2024:revenue:approved:888d0e6ac9424204,132047,三鷹市,2024,revenue,approved,当初予算,01,一般会計,01一般会計,16,都支出金,16都支出金,02,都補助金,02都補助金,01,総務費都補助金,01総務費都補助金,06,防犯設備維持管理費補助金,06防犯設備維持管理費補助金,01,防犯設備維持管理費補助金,01防犯設備維持管理費補助金,0,,0,会計01/款16/項02/目01/節06/細節01/細々節0,300000,JPY,300,千円,325
132047:2024:revenue:approved:b3ec2586020d424b,132047,三鷹市,2024,revenue,approved,当初予算,01,一般会計,01一般会計,16,都支出金,16都支出金,02,都補助金,02都補助金,01,総務費都補助金,01総務費都補助金,06,防犯設備維持管理費補助金,06防犯設備維持管理費補助金,02,防犯設備運用経費補助金,02防犯設備運用経費補助金,0,,0,会計01/款16/項02/目01/節06/細節02/細々節0,135000,JPY,135,千円,326
132047:2024:revenue:approved:e2f44f634e063a1c,132047,三鷹市,2024,revenue,approved,当初予算,01,一般会計,01一般会計,16,都支出金,16都支出金,02,都補助金,02都補助金,02,民生費都補助金,02民生費都補助金,01,地域福祉推進区市町村包括補助金,01地域福祉推進区市町村包括補助金,01,地域福祉推進区市町村包括補助金,01地域福祉推進区市町村包括補助金,0,,0,会計01/款16/項02/目02/節01/細節01/細々節0,46826000,JPY,46826,千円,327
132047:2024:revenue:approved:59aea3a76c775905,132047,三鷹市,2024,revenue,approved,当初予算,01,一般会計,01一般会計,16,都支出金,16都支出金,02,都補助金,02都補助金,02,民生費都補助金,02民生費都補助金,02,重層的支援体制整備事業交付金,02重層的支援体制整備事業交付金,01,多機関協働事業等交付金,01多機関協働事業等交付金,0,,0,会計01/款16/項02/目02/節02/細節01/細々節0,10500000,JPY,10500,千円,328
132047:2024:revenue:approved:8d5089875ab49dbc,132047,三鷹市,2024,revenue,approved,当初予算,01,一般会計,01一般会計,16,都支出金,16都支出金,02,都補助金,02都補助金,02,民生費都補助金,02民生費都補助金,02,重層的支援体制整備事業交付金,02重層的支援体制整備事業交付金,02,相談支援事業交付金,02相談支援事業交付金,0,,0,会計01/款16/項02/目02/節02/細節02/細々節0,2603000,JPY,2603,千円,329
132047:2024:revenue:approved:611bcf1733b398ee,132047,三鷹市,2024,revenue,approved,当初予算,01,一般会計,01一般会計,16,都支出金,16都支出金,02,都補助金,02都補助金,02,民生費都補助金,02民生費都補助金,02,重層的支援体制整備事業交付金,02重層的支援体制整備事業交付金,03,地域活動支援センター機能強化事業交付金,03地域活動支援センター機能強化事業交付金,0,,0,会計01/款16/項02/目02/節02/細節03/細々節0,2171000,JPY,2171,千円,330
132047:2024:revenue:approved:5d90bc42a06868e6,132047,三鷹市,2024,revenue,approved,当初予算,01,一般会計,01一般会計,16,都支出金,16都支出金,02,都補助金,02都補助金,02,民生費都補助金,02民生費都補助金,02,重層的支援体制整備事業交付金,02重層的支援体制整備事業交付金,04,地域介護予防活動支援事業交付金,04地域介護予防活動支援事業交付金,0,,0,会計01/款16/項02/目02/節02/細節04/細々節0,273000,JPY,273,千円,331
132047:2024:revenue:approved:2593af3e67812f32,132047,三鷹市,2024,revenue,approved,当初予算,01,一般会計,01一般会計,16,都支出金,16都支出金,02,都補助金,02都補助金,02,民生費都補助金,02民生費都補助金,02,重層的支援体制整備事業交付金,02重層的支援体制整備事業交付金,05,地域包括支援センター運営費交付金,05地域包括支援センター運営費交付金,0,,0,会計01/款16/項02/目02/節02/細節05/細々節0,42775000,JPY,42775,千円,332
132047:2024:revenue:approved:269bb8589b0f07b1,132047,三鷹市,2024,revenue,approved,当初予算,01,一般会計,01一般会計,16,都支出金,16都支出金,02,都補助金,02都補助金,02,民生費都補助金,02民生費都補助金,02,重層的支援体制整備事業交付金,02重層的支援体制整備事業交付金,06,生活支援体制整備事業交付金,06生活支援体制整備事業交付金,0,,0,会計01/款16/項02/目02/節02/細節06/細々節0,6759000,JPY,6759,千円,333
132047:2024:revenue:approved:1e84ce2560581249,132047,三鷹市,2024,revenue,approved,当初予算,01,一般会計,01一般会計,16,都支出金,16都支出金,02,都補助金,02都補助金,02,民生費都補助金,02民生費都補助金,02,重層的支援体制整備事業交付金,02重層的支援体制整備事業交付金,07,利用者支援事業交付金,07利用者支援事業交付金,0,,0,会計01/款16/項02/目02/節02/細節07/細々節0,6204000,JPY,6204,千円,334
132047:2024:revenue:approved:16ed377c669fc1a2,132047,三鷹市,2024,revenue,approved,当初予算,01,一般会計,01一般会計,16,都支出金,16都支出金,02,都補助金,02都補助金,02,民生費都補助金,02民生費都補助金,02,重層的支援体制整備事業交付金,02重層的支援体制整備事業交付金,08,地域子育て支援拠点事業交付金,08地域子育て支援拠点事業交付金,0,,0,会計01/款16/項02/目02/節02/細節08/細々節0,46987000,JPY,46987,千円,335
132047:2024:revenue:approved:0ab3d5b45430f8db,132047,三鷹市,2024,revenue,approved,当初予算,01,一般会計,01一般会計,16,都支出金,16都支出金,02,都補助金,02都補助金,02,民生費都補助金,02民生費都補助金,03,地域福祉推進事業補助金,03地域福祉推進事業補助金,01,ハンディキャブ助成事業補助金,01ハンディキャブ助成事業補助金,0,,0,会計01/款16/項02/目02/節03/細節01/細々節0,2500000,JPY,2500,千円,336
132047:2024:revenue:approved:f3b51f68a713fd03,132047,三鷹市,2024,revenue,approved,当初予算,01,一般会計,01一般会計,16,都支出金,16都支出金,02,都補助金,02都補助金,02,民生費都補助金,02民生費都補助金,04,受験生チャレンジ支援貸付窓口の運営事業補助金,04受験生チャレンジ支援貸付窓口の運営事業補助金,01,受験生チャレンジ支援貸付窓口の運営事業補助金,01受験生チャレンジ支援貸付窓口の運営事業補助金,0,,0,会計01/款16/項02/目02/節04/細節01/細々節0,7500000,JPY,7500,千円,337
132047:2024:revenue:approved:f440c6d3eab56afb,132047,三鷹市,2024,revenue,approved,当初予算,01,一般会計,01一般会計,16,都支出金,16都支出金,02,都補助金,02都補助金,02,民生費都補助金,02民生費都補助金,05,地域生活支援事業費等補助金,05地域生活支援事業費等補助金,01,地域生活支援事業費等補助金,01地域生活支援事業費等補助金,0,,0,会計01/款16/項02/目02/節05/細節01/細々節0,20477000,JPY,20477,千円,338
132047:2024:revenue:approved:8044fe4ee2299dad,132047,三鷹市,2024,revenue,approved,当初予算,01,一般会計,01一般会計,16,都支出金,16都支出金,02,都補助金,02都補助金,02,民生費都補助金,02民生費都補助金,06,重度訪問介護等の利用促進に係る市町村支援事業費補助金,06重度訪問介護等の利用促進に係る市町村支援事業費補助金,01,重度訪問介護等の利用促進に係る市町村支援事業費補助金,01重度訪問介護等の利用促進に係る市町村支援事業費補助金,0,,0,会計01/款16/項02/目02/節06/細節01/細々節0,4167000,JPY,4167,千円,339
132047:2024:revenue:approved:2ad0f8ee7aeca867,132047,三鷹市,2024,revenue,approved,当初予算,01,一般会計,01一般会計,16,都支出金,16都支出金,02,都補助金,02都補助金,02,民生費都補助金,02民生費都補助金,07,重度障害者に係る区市町村特別支援事業補助金,07重度障害者に係る区市町村特別支援事業補助金,01,重度障害者に係る区市町村特別支援事業補助金,01重度障害者に係る区市町村特別支援事業補助金,0,,0,会計01/款16/項02/目02/節07/細節01/細々節0,1388000,JPY,1388,千円,340
132047:2024:revenue:approved:48f6365e9d7371e7,132047,三鷹市,2024,revenue,approved,当初予算,01,一般会計,01一般会計,16,都支出金,16都支出金,02,都補助金,02都補助金,02,民生費都補助金,02民生費都補助金,08,重度脳性マヒ者等介護人派遣事業費補助金,08重度脳性マヒ者等介護人派遣事業費補助金,01,重度脳性マヒ者等介護人派遣事業費補助金,01重度脳性マヒ者等介護人派遣事業費補助金,0,,0,会計01/款16/項02/目02/節08/細節01/細々節0,945000,JPY,945,千円,341
132047:2024:revenue:approved:9136044c4fe656c5,132047,三鷹市,2024,revenue,approved,当初予算,01,一般会計,01一般会計,16,都支出金,16都支出金,02,都補助金,02都補助金,02,民生費都補助金,02民生費都補助金,09,障害者施策推進区市町村包括補助金,09障害者施策推進区市町村包括補助金,01,障害者施策推進区市町村包括補助金,01障害者施策推進区市町村包括補助金,0,,0,会計01/款16/項02/目02/節09/細節01/細々節0,193750000,JPY,193750,千円,342
132047:2024:revenue:approved:3d4c88f7d2b86f98,132047,三鷹市,2024,revenue,approved,当初予算,01,一般会計,01一般会計,16,都支出金,16都支出金,02,都補助金,02都補助金,02,民生費都補助金,02民生費都補助金,10,区市町村特別支援事業補助金,10区市町村特別支援事業補助金,01,区市町村特別支援事業補助金,01区市町村特別支援事業補助金,0,,0,会計01/款16/項02/目02/節10/細節01/細々節0,9725000,JPY,9725,千円,343
132047:2024:revenue:approved:5b82a112673f6512,132047,三鷹市,2024,revenue,approved,当初予算,01,一般会計,01一般会計,16,都支出金,16都支出金,02,都補助金,02都補助金,02,民生費都補助金,02民生費都補助金,11,区市町村高次脳機能障害者支援促進事業補助金,11区市町村高次脳機能障害者支援促進事業補助金,01,区市町村高次脳機能障害者支援促進事業補助金,01区市町村高次脳機能障害者支援促進事業補助金,0,,0,会計01/款16/項02/目02/節11/細節01/細々節0,369000,JPY,369,千円,344
132047:2024:revenue:approved:f88d2009dde3dec0,132047,三鷹市,2024,revenue,approved,当初予算,01,一般会計,01一般会計,16,都支出金,16都支出金,02,都補助金,02都補助金,02,民生費都補助金,02民生費都補助金,12,在宅レスパイト・就労等支援事業補助金,12在宅レスパイト・就労等支援事業補助金,01,在宅レスパイト・就労等支援事業補助金,01在宅レスパイト・就労等支援事業補助金,0,,0,会計01/款16/項02/目02/節12/細節01/細々節0,467000,JPY,467,千円,345
132047:2024:revenue:approved:f2cdac1832f2639c,132047,三鷹市,2024,revenue,approved,当初予算,01,一般会計,01一般会計,16,都支出金,16都支出金,02,都補助金,02都補助金,02,民生費都補助金,02民生費都補助金,13,障害者日中活動系サービス推進事業補助金,13障害者日中活動系サービス推進事業補助金,01,障害者日中活動系サービス推進事業補助金,01障害者日中活動系サービス推進事業補助金,0,,0,会計01/款16/項02/目02/節13/細節01/細々節0,193389000,JPY,193389,千円,346
132047:2024:revenue:approved:9ca71160a7ea6ba7,132047,三鷹市,2024,revenue,approved,当初予算,01,一般会計,01一般会計,16,都支出金,16都支出金,02,都補助金,02都補助金,02,民生費都補助金,02民生費都補助金,14,医療保健政策区市町村包括補助金,14医療保健政策区市町村包括補助金,01,医療保健政策区市町村包括補助金,01医療保健政策区市町村包括補助金,0,,0,会計01/款16/項02/目02/節14/細節01/細々節0,9395000,JPY,9395,千円,347
132047:2024:revenue:approved:a10c76220f8c083d,132047,三鷹市,2024,revenue,approved,当初予算,01,一般会計,01一般会計,16,都支出金,16都支出金,02,都補助金,02都補助金,02,民生費都補助金,02民生費都補助金,15,区市町村在宅療養推進事業補助金,15区市町村在宅療養推進事業補助金,01,区市町村在宅療養推進事業補助金,01区市町村在宅療養推進事業補助金,0,,0,会計01/款16/項02/目02/節15/細節01/細々節0,826000,JPY,826,千円,348
132047:2024:revenue:approved:746afd0a9b997f85,132047,三鷹市,2024,revenue,approved,当初予算,01,一般会計,01一般会計,16,都支出金,16都支出金,02,都補助金,02都補助金,02,民生費都補助金,02民生費都補助金,16,人生１００年時代社会参加マッチング事業補助金,16人生１００年時代社会参加マッチング事業補助金,01,人生１００年時代社会参加マッチング事業補助金,01人生１００年時代社会参加マッチング事業補助金,0,,0,会計01/款16/項02/目02/節16/細節01/細々節0,7617000,JPY,7617,千円,349
132047:2024:revenue:approved:c74eca8c98e0353d,132047,三鷹市,2024,revenue,approved,当初予算,01,一般会計,01一般会計,16,都支出金,16都支出金,02,都補助金,02都補助金,02,民生費都補助金,02民生費都補助金,17,老人クラブ等助成費補助金,17老人クラブ等助成費補助金,01,老人クラブ等助成費補助金,01老人クラブ等助成費補助金,0,,0,会計01/款16/項02/目02/節17/細節01/細々節0,1063000,JPY,1063,千円,350
132047:2024:revenue:approved:dd48fd12c9f0a841,132047,三鷹市,2024,revenue,approved,当初予算,01,一般会計,01一般会計,16,都支出金,16都支出金,02,都補助金,02都補助金,02,民生費都補助金,02民生費都補助金,18,シルバー人材センター運営費補助金,18シルバー人材センター運営費補助金,01,シルバー人材センター運営費補助金,01シルバー人材センター運営費補助金,0,,0,会計01/款16/項02/目02/節18/細節01/細々節0,12495000,JPY,12495,千円,351
132047:2024:revenue:approved:fb28cd3ed6c74a33,132047,三鷹市,2024,revenue,approved,当初予算,01,一般会計,01一般会計,16,都支出金,16都支出金,02,都補助金,02都補助金,02,民生費都補助金,02民生費都補助金,19,高齢社会対策区市町村包括補助金,19高齢社会対策区市町村包括補助金,01,高齢社会対策区市町村包括補助金,01高齢社会対策区市町村包括補助金,0,,0,会計01/款16/項02/目02/節19/細節01/細々節0,44908000,JPY,44908,千円,352
132047:2024:revenue:approved:5cccaeb7f14ceab7,132047,三鷹市,2024,revenue,approved,当初予算,01,一般会計,01一般会計,16,都支出金,16都支出金,02,都補助金,02都補助金,02,民生費都補助金,02民生費都補助金,20,社会福祉法人等による介護保険サービス利用者負担軽減費補助金,20社会福祉法人等による介護保険サービス利用者負担軽減費補助金,01,社会福祉法人等による介護保険サービス利用者負担軽減費補助金,01社会福祉法人等による介護保険サービス利用者負担軽減費補助金,0,,0,会計01/款16/項02/目02/節20/細節01/細々節0,1850000,JPY,1850,千円,353
132047:2024:revenue:approved:cd18d3df6e7aeb8f,132047,三鷹市,2024,revenue,approved,当初予算,01,一般会計,01一般会計,16,都支出金,16都支出金,02,都補助金,02都補助金,02,民生費都補助金,02民生費都補助金,21,介護保険サービス提供事業者による利用者負担軽減費補助金,21介護保険サービス提供事業者による利用者負担軽減費補助金,01,介護保険サービス提供事業者による利用者負担軽減費補助金,01介護保険サービス提供事業者による利用者負担軽減費補助金,0,,0,会計01/款16/項02/目02/節21/細節01/細々節0,40000,JPY,40,千円,354
132047:2024:revenue:approved:a61593f9ea9ba854,132047,三鷹市,2024,revenue,approved,当初予算,01,一般会計,01一般会計,16,都支出金,16都支出金,02,都補助金,02都補助金,02,民生費都補助金,02民生費都補助金,22,介護予防・フレイル予防推進員配置事業補助金,22介護予防・フレイル予防推進員配置事業補助金,01,介護予防・フレイル予防推進員配置事業補助金,01介護予防・フレイル予防推進員配置事業補助金,0,,0,会計01/款16/項02/目02/節22/細節01/細々節0,11000000,JPY,11000,千円,355
132047:2024:revenue:approved:5c6f19180c2ec4e3,132047,三鷹市,2024,revenue,approved,当初予算,01,一般会計,01一般会計,16,都支出金,16都支出金,02,都補助金,02都補助金,02,民生費都補助金,02民生費都補助金,23,区市町村介護人材対策事業費補助金,23区市町村介護人材対策事業費補助金,01,区市町村介護人材対策事業費補助金,01区市町村介護人材対策事業費補助金,0,,0,会計01/款16/項02/目02/節23/細節01/細々節0,12075000,JPY,12075,千円,356
132047:2024:revenue:approved:051f02a8d9e0f0d2,132047,三鷹市,2024,revenue,approved,当初予算,01,一般会計,01一般会計,16,都支出金,16都支出金,02,都補助金,02都補助金,02,民生費都補助金,02民生費都補助金,24,子供・長寿・居場所区市町村包括補助金,24子供・長寿・居場所区市町村包括補助金,01,子供・長寿・居場所区市町村包括補助金,01子供・長寿・居場所区市町村包括補助金,0,,0,会計01/款16/項02/目02/節24/細節01/細々節0,100000000,JPY,100000,千円,357
132047:2024:revenue:approved:1cb6aaca6296b491,132047,三鷹市,2024,revenue,approved,当初予算,01,一般会計,01一般会計,16,都支出金,16都支出金,02,都補助金,02都補助金,02,民生費都補助金,02民生費都補助金,25,子育て推進交付金,25子育て推進交付金,01,子育て推進交付金,01子育て推進交付金,0,,0,会計01/款16/項02/目02/節25/細節01/細々節0,1100281000,JPY,1100281,千円,358
132047:2024:revenue:approved:9ba1415153031e15,132047,三鷹市,2024,revenue,approved,当初予算,01,一般会計,01一般会計,16,都支出金,16都支出金,02,都補助金,02都補助金,02,民生費都補助金,02民生費都補助金,26,乳幼児医療費助成事業費補助金,26乳幼児医療費助成事業費補助金,01,乳幼児医療費助成事業費補助金,01乳幼児医療費助成事業費補助金,0,,0,会計01/款16/項02/目02/節26/細節01/細々節0,151821000,JPY,151821,千円,359
132047:2024:revenue:approved:cc26f4ff51a064d8,132047,三鷹市,2024,revenue,approved,当初予算,01,一般会計,01一般会計,16,都支出金,16都支出金,02,都補助金,02都補助金,02,民生費都補助金,02民生費都補助金,27,義務教育就学児医療費助成事業費補助金,27義務教育就学児医療費助成事業費補助金,01,義務教育就学児医療費助成事業費補助金,01義務教育就学児医療費助成事業費補助金,0,,0,会計01/款16/項02/目02/節27/細節01/細々節0,152388000,JPY,152388,千円,360
132047:2024:revenue:approved:6d6ff7f699fcd50d,132047,三鷹市,2024,revenue,approved,当初予算,01,一般会計,01一般会計,16,都支出金,16都支出金,02,都補助金,02都補助金,02,民生費都補助金,02民生費都補助金,28,高校生等医療費助成事業費補助金,28高校生等医療費助成事業費補助金,01,高校生等医療費助成事業費補助金,01高校生等医療費助成事業費補助金,0,,0,会計01/款16/項02/目02/節28/細節01/細々節0,70625000,JPY,70625,千円,361
132047:2024:revenue:approved:ce79b51e58fdc4a6,132047,三鷹市,2024,revenue,approved,当初予算,01,一般会計,01一般会計,16,都支出金,16都支出金,02,都補助金,02都補助金,02,民生費都補助金,02民生費都補助金,29,小児慢性特定疾病児童等日常生活用具給付事業費補助金,29小児慢性特定疾病児童等日常生活用具給付事業費補助金,01,小児慢性特定疾病児童等日常生活用具給付事業費補助金,01小児慢性特定疾病児童等日常生活用具給付事業費補助金,0,,0,会計01/款16/項02/目02/節29/細節01/細々節0,250000,JPY,250,千円,362
132047:2024:revenue:approved:7719c8dc2ecf960e,132047,三鷹市,2024,revenue,approved,当初予算,01,一般会計,01一般会計,16,都支出金,16都支出金,02,都補助金,02都補助金,02,民生費都補助金,02民生費都補助金,30,子供食堂推進事業補助金,30子供食堂推進事業補助金,01,子供食堂推進事業補助金,01子供食堂推進事業補助金,0,,0,会計01/款16/項02/目02/節30/細節01/細々節0,2040000,JPY,2040,千円,363
132047:2024:revenue:approved:cf6feb290df7763e,132047,三鷹市,2024,revenue,approved,当初予算,01,一般会計,01一般会計,16,都支出金,16都支出金,02,都補助金,02都補助金,02,民生費都補助金,02民生費都補助金,31,保育所等における性被害防止対策に係る設備等支援事業費補助金,31保育所等における性被害防止対策に係る設備等支援事業費補助金,01,保育所等における性被害防止対策に係る設備等支援事業費補助金,01保育所等における性被害防止対策に係る設備等支援事業費補助金,0,,0,会計01/款16/項02/目02/節31/細節01/細々節0,5350000,JPY,5350,千円,364
132047:2024:revenue:approved:cda98128372e2e88,132047,三鷹市,2024,revenue,approved,当初予算,01,一般会計,01一般会計,16,都支出金,16都支出金,02,都補助金,02都補助金,02,民生費都補助金,02民生費都補助金,32,子ども家庭支援区市町村包括補助金,32子ども家庭支援区市町村包括補助金,01,子ども家庭支援区市町村包括補助金,01子ども家庭支援区市町村包括補助金,0,,0,会計01/款16/項02/目02/節32/細節01/細々節0,47748000,JPY,47748,千円,365
132047:2024:revenue:approved:590d85ee68c5b6fa,132047,三鷹市,2024,revenue,approved,当初予算,01,一般会計,01一般会計,16,都支出金,16都支出金,02,都補助金,02都補助金,02,民生費都補助金,02民生費都補助金,33,子ども・子育て支援交付金,33子ども・子育て支援交付金,01,子どもを守る地域ネットワーク機能強化事業交付金,01子どもを守る地域ネットワーク機能強化事業交付金,0,,0,会計01/款16/項02/目02/節33/細節01/細々節0,1494000,JPY,1494,千円,366
132047:2024:revenue:approved:5fa23c136a827f4b,132047,三鷹市,2024,revenue,approved,当初予算,01,一般会計,01一般会計,16,都支出金,16都支出金,02,都補助金,02都補助金,02,民生費都補助金,02民生費都補助金,33,子ども・子育て支援交付金,33子ども・子育て支援交付金,02,子育て援助活動支援事業交付金,02子育て援助活動支援事業交付金,0,,0,会計01/款16/項02/目02/節33/細節02/細々節0,4705000,JPY,4705,千円,367
132047:2024:revenue:approved:51c1c6a6d98a83ae,132047,三鷹市,2024,revenue,approved,当初予算,01,一般会計,01一般会計,16,都支出金,16都支出金,02,都補助金,02都補助金,02,民生費都補助金,02民生費都補助金,33,子ども・子育て支援交付金,33子ども・子育て支援交付金,03,養育支援訪問事業交付金,03養育支援訪問事業交付金,0,,0,会計01/款16/項02/目02/節33/細節03/細々節0,9000,JPY,9,千円,368
132047:2024:revenue:approved:f9bd6d28990f7f45,132047,三鷹市,2024,revenue,approved,当初予算,01,一般会計,01一般会計,16,都支出金,16都支出金,02,都補助金,02都補助金,02,民生費都補助金,02民生費都補助金,33,子ども・子育て支援交付金,33子ども・子育て支援交付金,04,子育て世帯訪問支援事業交付金,04子育て世帯訪問支援事業交付金,0,,0,会計01/款16/項02/目02/節33/細節04/細々節0,117000,JPY,117,千円,369
132047:2024:revenue:approved:6389c7b1d42b2e14,132047,三鷹市,2024,revenue,approved,当初予算,01,一般会計,01一般会計,16,都支出金,16都支出金,02,都補助金,02都補助金,02,民生費都補助金,02民生費都補助金,33,子ども・子育て支援交付金,33子ども・子育て支援交付金,05,一時預かり事業交付金,05一時預かり事業交付金,0,,0,会計01/款16/項02/目02/節33/細節05/細々節0,21093000,JPY,21093,千円,370
132047:2024:revenue:approved:d8548993ae3e09bd,132047,三鷹市,2024,revenue,approved,当初予算,01,一般会計,01一般会計,16,都支出金,16都支出金,02,都補助金,02都補助金,02,民生費都補助金,02民生費都補助金,33,子ども・子育て支援交付金,33子ども・子育て支援交付金,06,子育て短期支援事業交付金,06子育て短期支援事業交付金,0,,0,会計01/款16/項02/目02/節33/細節06/細々節0,480000,JPY,480,千円,371
132047:2024:revenue:approved:266acc91919d1071,132047,三鷹市,2024,revenue,approved,当初予算,01,一般会計,01一般会計,16,都支出金,16都支出金,02,都補助金,02都補助金,02,民生費都補助金,02民生費都補助金,33,子ども・子育て支援交付金,33子ども・子育て支援交付金,07,病児保育事業交付金,07病児保育事業交付金,0,,0,会計01/款16/項02/目02/節33/細節07/細々節0,8601000,JPY,8601,千円,372
132047:2024:revenue:approved:37ca7c94c2220d6b,132047,三鷹市,2024,revenue,approved,当初予算,01,一般会計,01一般会計,16,都支出金,16都支出金,02,都補助金,02都補助金,02,民生費都補助金,02民生費都補助金,33,子ども・子育て支援交付金,33子ども・子育て支援交付金,08,乳児家庭全戸訪問事業交付金,08乳児家庭全戸訪問事業交付金,0,,0,会計01/款16/項02/目02/節33/細節08/細々節0,1800000,JPY,1800,千円,373
132047:2024:revenue:approved:afe98cbaa96a760a,132047,三鷹市,2024,revenue,approved,当初予算,01,一般会計,01一般会計,16,都支出金,16都支出金,02,都補助金,02都補助金,02,民生費都補助金,02民生費都補助金,33,子ども・子育て支援交付金,33子ども・子育て支援交付金,09,延長保育事業交付金,09延長保育事業交付金,0,,0,会計01/款16/項02/目02/節33/細節09/細々節0,6434000,JPY,6434,千円,374
132047:2024:revenue:approved:b2be397a0f5ad2a8,132047,三鷹市,2024,revenue,approved,当初予算,01,一般会計,01一般会計,16,都支出金,16都支出金,02,都補助金,02都補助金,02,民生費都補助金,02民生費都補助金,33,子ども・子育て支援交付金,33子ども・子育て支援交付金,10,多様な事業者の参入促進・能力活用事業交付金,10多様な事業者の参入促進・能力活用事業交付金,0,,0,会計01/款16/項02/目02/節33/細節10/細々節0,2000000,JPY,2000,千円,375
132047:2024:revenue:approved:f64e19bfd34d4be0,132047,三鷹市,2024,revenue,approved,当初予算,01,一般会計,01一般会計,16,都支出金,16都支出金,02,都補助金,02都補助金,02,民生費都補助金,02民生費都補助金,33,子ども・子育て支援交付金,33子ども・子育て支援交付金,11,放課後児童健全育成事業交付金,11放課後児童健全育成事業交付金,0,,0,会計01/款16/項02/目02/節33/細節11/細々節0,125526000,JPY,125526,千円,376
132047:2024:revenue:approved:681d299cf9751e80,132047,三鷹市,2024,revenue,approved,当初予算,01,一般会計,01一般会計,16,都支出金,16都支出金,02,都補助金,02都補助金,02,民生費都補助金,02民生費都補助金,34,保育所等の質の確保・向上のための巡回支援指導事業費補助金,34保育所等の質の確保・向上のための巡回支援指導事業費補助金,01,保育所等の質の確保・向上のための巡回支援指導事業費補助金,01保育所等の質の確保・向上のための巡回支援指導事業費補助金,0,,0,会計01/款16/項02/目02/節34/細節01/細々節0,18279000,JPY,18279,千円,377
132047:2024:revenue:approved:7bd1fea38b4d0074,132047,三鷹市,2024,revenue,approved,当初予算,01,一般会計,01一般会計,16,都支出金,16都支出金,02,都補助金,02都補助金,02,民生費都補助金,02民生費都補助金,35,とうきょうママパパ応援事業補助金,35とうきょうママパパ応援事業補助金,01,多胎児家庭支援事業補助金,01多胎児家庭支援事業補助金,0,,0,会計01/款16/項02/目02/節35/細節01/細々節0,694000,JPY,694,千円,378
132047:2024:revenue:approved:23968670df71467c,132047,三鷹市,2024,revenue,approved,当初予算,01,一般会計,01一般会計,16,都支出金,16都支出金,02,都補助金,02都補助金,02,民生費都補助金,02民生費都補助金,35,とうきょうママパパ応援事業補助金,35とうきょうママパパ応援事業補助金,02,産後家事・育児支援事業補助金,02産後家事・育児支援事業補助金,0,,0,会計01/款16/項02/目02/節35/細節02/細々節0,430000,JPY,430,千円,379
132047:2024:revenue:approved:6c4c05bc761bff8e,132047,三鷹市,2024,revenue,approved,当初予算,01,一般会計,01一般会計,16,都支出金,16都支出金,02,都補助金,02都補助金,02,民生費都補助金,02民生費都補助金,35,とうきょうママパパ応援事業補助金,35とうきょうママパパ応援事業補助金,03,人材育成事業補助金,03人材育成事業補助金,0,,0,会計01/款16/項02/目02/節35/細節03/細々節0,91000,JPY,91,千円,380
132047:2024:revenue:approved:eab08f95341f61bb,132047,三鷹市,2024,revenue,approved,当初予算,01,一般会計,01一般会計,16,都支出金,16都支出金,02,都補助金,02都補助金,02,民生費都補助金,02民生費都補助金,36,保育所等における地域の子育て支援事業費補助金,36保育所等における地域の子育て支援事業費補助金,01,保育所等における地域の子育て支援事業費補助金,01保育所等における地域の子育て支援事業費補助金,0,,0,会計01/款16/項02/目02/節36/細節01/細々節0,7200000,JPY,7200,千円,381
132047:2024:revenue:approved:75f2dd1c33c9f4e1,132047,三鷹市,2024,revenue,approved,当初予算,01,一般会計,01一般会計,16,都支出金,16都支出金,02,都補助金,02都補助金,02,民生費都補助金,02民生費都補助金,37,保育人材確保支援事業補助金,37保育人材確保支援事業補助金,01,保育人材確保支援事業補助金,01保育人材確保支援事業補助金,0,,0,会計01/款16/項02/目02/節37/細節01/細々節0,907000,JPY,907,千円,382
132047:2024:revenue:approved:0866632f1c87d2e1,132047,三鷹市,2024,revenue,approved,当初予算,01,一般会計,01一般会計,16,都支出金,16都支出金,02,都補助金,02都補助金,02,民生費都補助金,02民生費都補助金,38,ベビーシッター利用支援事業（一時預かり利用支援）補助金,38ベビーシッター利用支援事業（一時預かり利用支援）補助金,01,ベビーシッター利用支援事業（一時預かり利用支援）補助金,01ベビーシッター利用支援事業（一時預かり利用支援）補助金,0,,0,会計01/款16/項02/目02/節38/細節01/細々節0,40000000,JPY,40000,千円,383
132047:2024:revenue:approved:571fd2092cb36b2e,132047,三鷹市,2024,revenue,approved,当初予算,01,一般会計,01一般会計,16,都支出金,16都支出金,02,都補助金,02都補助金,02,民生費都補助金,02民生費都補助金,39,一時預かり事業・定期利用保育事業費補助金,39一時預かり事業・定期利用保育事業費補助金,01,一時預かり事業・定期利用保育事業費補助金,01一時預かり事業・定期利用保育事業費補助金,0,,0,会計01/款16/項02/目02/節39/細節01/細々節0,12943000,JPY,12943,千円,384
132047:2024:revenue:approved:e665b92cf98dc215,132047,三鷹市,2024,revenue,approved,当初予算,01,一般会計,01一般会計,16,都支出金,16都支出金,02,都補助金,02都補助金,02,民生費都補助金,02民生費都補助金,40,保育所等利用多子世帯負担軽減事業補助金,40保育所等利用多子世帯負担軽減事業補助金,01,保育所等利用多子世帯負担軽減事業補助金,01保育所等利用多子世帯負担軽減事業補助金,0,,0,会計01/款16/項02/目02/節40/細節01/細々節0,393619000,JPY,393619,千円,385
132047:2024:revenue:approved:197daa00ba621b5e,132047,三鷹市,2024,revenue,approved,当初予算,01,一般会計,01一般会計,16,都支出金,16都支出金,02,都補助金,02都補助金,02,民生費都補助金,02民生費都補助金,41,認証保育所運営費補助金,41認証保育所運営費補助金,01,認証保育所運営費補助金,01認証保育所運営費補助金,0,,0,会計01/款16/項02/目02/節41/細節01/細々節0,253154000,JPY,253154,千円,386
132047:2024:revenue:approved:7e1f4f755a794fe9,132047,三鷹市,2024,revenue,approved,当初予算,01,一般会計,01一般会計,16,都支出金,16都支出金,02,都補助金,02都補助金,02,民生費都補助金,02民生費都補助金,42,認証保育所１歳児受入促進事業補助金,42認証保育所１歳児受入促進事業補助金,01,認証保育所１歳児受入促進事業補助金,01認証保育所１歳児受入促進事業補助金,0,,0,会計01/款16/項02/目02/節42/細節01/細々節0,1691000,JPY,1691,千円,387
132047:2024:revenue:approved:106833ac7c1c1885,132047,三鷹市,2024,revenue,approved,当初予算,01,一般会計,01一般会計,16,都支出金,16都支出金,02,都補助金,02都補助金,02,民生費都補助金,02民生費都補助金,43,認可外保育施設利用支援事業補助金,43認可外保育施設利用支援事業補助金,01,認可外保育施設利用支援事業補助金,01認可外保育施設利用支援事業補助金,0,,0,会計01/款16/項02/目02/節43/細節01/細々節0,125893000,JPY,125893,千円,388
132047:2024:revenue:approved:c4e79b5d6e457530,132047,三鷹市,2024,revenue,approved,当初予算,01,一般会計,01一般会計,16,都支出金,16都支出金,02,都補助金,02都補助金,02,民生費都補助金,02民生費都補助金,44,保育士等キャリアアップ補助金,44保育士等キャリアアップ補助金,01,保育士等キャリアアップ補助金,01保育士等キャリアアップ補助金,0,,0,会計01/款16/項02/目02/節44/細節01/細々節0,257244000,JPY,257244,千円,389
132047:2024:revenue:approved:53a1ebff4ee6c8a3,132047,三鷹市,2024,revenue,approved,当初予算,01,一般会計,01一般会計,16,都支出金,16都支出金,02,都補助金,02都補助金,02,民生費都補助金,02民生費都補助金,45,保育サービス推進事業補助金,45保育サービス推進事業補助金,01,保育サービス推進事業補助金,01保育サービス推進事業補助金,0,,0,会計01/款16/項02/目02/節45/細節01/細々節0,65757000,JPY,65757,千円,390
132047:2024:revenue:approved:f804a595516b0d8b,132047,三鷹市,2024,revenue,approved,当初予算,01,一般会計,01一般会計,16,都支出金,16都支出金,02,都補助金,02都補助金,02,民生費都補助金,02民生費都補助金,46,保育力強化事業補助金,46保育力強化事業補助金,01,認証保育所保育力強化事業補助金,01認証保育所保育力強化事業補助金,0,,0,会計01/款16/項02/目02/節46/細節01/細々節0,7764000,JPY,7764,千円,391
132047:2024:revenue:approved:18e888f4bdea094a,132047,三鷹市,2024,revenue,approved,当初予算,01,一般会計,01一般会計,16,都支出金,16都支出金,02,都補助金,02都補助金,02,民生費都補助金,02民生費都補助金,47,保育従事職員宿舎借り上げ支援事業費補助金,47保育従事職員宿舎借り上げ支援事業費補助金,01,保育従事職員宿舎借り上げ支援事業費補助金,01保育従事職員宿舎借り上げ支援事業費補助金,0,,0,会計01/款16/項02/目02/節47/細節01/細々節0,138965000,JPY,138965,千円,392
132047:2024:revenue:approved:558802f04b0a6273,132047,三鷹市,2024,revenue,approved,当初予算,01,一般会計,01一般会計,16,都支出金,16都支出金,02,都補助金,02都補助金,02,民生費都補助金,02民生費都補助金,48,保育体制強化事業費補助金,48保育体制強化事業費補助金,01,保育体制強化事業費補助金,01保育体制強化事業費補助金,0,,0,会計01/款16/項02/目02/節48/細節01/細々節0,21766000,JPY,21766,千円,393
132047:2024:revenue:approved:9c6ced0c420d9e7f,132047,三鷹市,2024,revenue,approved,当初予算,01,一般会計,01一般会計,16,都支出金,16都支出金,02,都補助金,02都補助金,02,民生費都補助金,02民生費都補助金,49,医療的ケア児保育支援事業費補助金,49医療的ケア児保育支援事業費補助金,01,医療的ケア児保育支援事業費補助金,01医療的ケア児保育支援事業費補助金,0,,0,会計01/款16/項02/目02/節49/細節01/細々節0,21353000,JPY,21353,千円,394
132047:2024:revenue:approved:359562d05e46663b,132047,三鷹市,2024,revenue,approved,当初予算,01,一般会計,01一般会計,16,都支出金,16都支出金,02,都補助金,02都補助金,02,民生費都補助金,02民生費都補助金,50,児童発達支援センター地域支援体制確保事業補助金,50児童発達支援センター地域支援体制確保事業補助金,01,児童発達支援センター地域支援体制確保事業補助金,01児童発達支援センター地域支援体制確保事業補助金,0,,0,会計01/款16/項02/目02/節50/細節01/細々節0,7301000,JPY,7301,千円,395
132047:2024:revenue:approved:7608f36a209c165c,132047,三鷹市,2024,revenue,approved,当初予算,01,一般会計,01一般会計,16,都支出金,16都支出金,02,都補助金,02都補助金,02,民生費都補助金,02民生費都補助金,51,ひとり親家庭等医療費助成事業費補助金,51ひとり親家庭等医療費助成事業費補助金,01,ひとり親家庭等医療費助成事業費補助金,01ひとり親家庭等医療費助成事業費補助金,0,,0,会計01/款16/項02/目02/節51/細節01/細々節0,33037000,JPY,33037,千円,396
132047:2024:revenue:approved:16d6b074d01efdab,132047,三鷹市,2024,revenue,approved,当初予算,01,一般会計,01一般会計,16,都支出金,16都支出金,02,都補助金,02都補助金,02,民生費都補助金,02民生費都補助金,52,ひとり親家庭ホームヘルプサービス事業補助金,52ひとり親家庭ホームヘルプサービス事業補助金,01,ひとり親家庭ホームヘルプサービス事業補助金,01ひとり親家庭ホームヘルプサービス事業補助金,0,,0,会計01/款16/項02/目02/節52/細節01/細々節0,3316000,JPY,3316,千円,397
132047:2024:revenue:approved:963b3a15cec51448,132047,三鷹市,2024,revenue,approved,当初予算,01,一般会計,01一般会計,16,都支出金,16都支出金,02,都補助金,02都補助金,02,民生費都補助金,02民生費都補助金,53,養育費確保支援事業補助金,53養育費確保支援事業補助金,01,養育費確保支援事業補助金,01養育費確保支援事業補助金,0,,0,会計01/款16/項02/目02/節53/細節01/細々節0,162000,JPY,162,千円,398
132047:2024:revenue:approved:78787ef7c1d98790,132047,三鷹市,2024,revenue,approved,当初予算,01,一般会計,01一般会計,16,都支出金,16都支出金,02,都補助金,02都補助金,02,民生費都補助金,02民生費都補助金,54,都型学童クラブ事業補助金,54都型学童クラブ事業補助金,01,都型学童クラブ事業補助金,01都型学童クラブ事業補助金,0,,0,会計01/款16/項02/目02/節54/細節01/細々節0,33428000,JPY,33428,千円,399
132047:2024:revenue:approved:d5705b7a6bc2e4dc,132047,三鷹市,2024,revenue,approved,当初予算,01,一般会計,01一般会計,16,都支出金,16都支出金,02,都補助金,02都補助金,03,衛生費都補助金,03衛生費都補助金,01,重層的支援体制整備事業交付金,01重層的支援体制整備事業交付金,01,利用者支援事業交付金,01利用者支援事業交付金,0,,0,会計01/款16/項02/目03/節01/細節01/細々節0,1819000,JPY,1819,千円,400
132047:2024:revenue:approved:01c18a8b55868ece,132047,三鷹市,2024,revenue,approved,当初予算,01,一般会計,01一般会計,16,都支出金,16都支出金,02,都補助金,02都補助金,03,衛生費都補助金,03衛生費都補助金,02,とうきょうママパパ応援事業補助金,02とうきょうママパパ応援事業補助金,01,利用者支援事業補助金,01利用者支援事業補助金,0,,0,会計01/款16/項02/目03/節02/細節01/細々節0,27369000,JPY,27369,千円,401
132047:2024:revenue:approved:156487bf7317f058,132047,三鷹市,2024,revenue,approved,当初予算,01,一般会計,01一般会計,16,都支出金,16都支出金,02,都補助金,02都補助金,03,衛生費都補助金,03衛生費都補助金,02,とうきょうママパパ応援事業補助金,02とうきょうママパパ応援事業補助金,02,産後ケア事業補助金,02産後ケア事業補助金,0,,0,会計01/款16/項02/目03/節02/細節02/細々節0,40611000,JPY,40611,千円,402
132047:2024:revenue:approved:4e555c74b62d03f3,132047,三鷹市,2024,revenue,approved,当初予算,01,一般会計,01一般会計,16,都支出金,16都支出金,02,都補助金,02都補助金,03,衛生費都補助金,03衛生費都補助金,02,とうきょうママパパ応援事業補助金,02とうきょうママパパ応援事業補助金,03,産前・産後サポート事業補助金,03産前・産後サポート事業補助金,0,,0,会計01/款16/項02/目03/節02/細節03/細々節0,2557000,JPY,2557,千円,403
132047:2024:revenue:approved:be94fd773d51d85f,132047,三鷹市,2024,revenue,approved,当初予算,01,一般会計,01一般会計,16,都支出金,16都支出金,02,都補助金,02都補助金,03,衛生費都補助金,03衛生費都補助金,02,とうきょうママパパ応援事業補助金,02とうきょうママパパ応援事業補助金,04,多胎児家庭支援事業補助金,04多胎児家庭支援事業補助金,0,,0,会計01/款16/項02/目03/節02/細節04/細々節0,2040000,JPY,2040,千円,404
132047:2024:revenue:approved:b32d690f0b94a1d5,132047,三鷹市,2024,revenue,approved,当初予算,01,一般会計,01一般会計,16,都支出金,16都支出金,02,都補助金,02都補助金,03,衛生費都補助金,03衛生費都補助金,02,とうきょうママパパ応援事業補助金,02とうきょうママパパ応援事業補助金,05,伴走型・経済的支援事業補助金,05伴走型・経済的支援事業補助金,0,,0,会計01/款16/項02/目03/節02/細節05/細々節0,5670000,JPY,5670,千円,405
132047:2024:revenue:approved:d05fc91c64f5d587,132047,三鷹市,2024,revenue,approved,当初予算,01,一般会計,01一般会計,16,都支出金,16都支出金,02,都補助金,02都補助金,03,衛生費都補助金,03衛生費都補助金,02,とうきょうママパパ応援事業補助金,02とうきょうママパパ応援事業補助金,06,バースデイサポート事業補助金,06バースデイサポート事業補助金,0,,0,会計01/款16/項02/目03/節02/細節06/細々節0,86095000,JPY,86095,千円,406
132047:2024:revenue:approved:e35cb37c9842851e,132047,三鷹市,2024,revenue,approved,当初予算,01,一般会計,01一般会計,16,都支出金,16都支出金,02,都補助金,02都補助金,03,衛生費都補助金,03衛生費都補助金,03,医療保健政策区市町村包括補助金,03医療保健政策区市町村包括補助金,01,医療保健政策区市町村包括補助金,01医療保健政策区市町村包括補助金,0,,0,会計01/款16/項02/目03/節03/細節01/細々節0,41202000,JPY,41202,千円,407
132047:2024:revenue:approved:8f43a57cc8018859,132047,三鷹市,2024,revenue,approved,当初予算,01,一般会計,01一般会計,16,都支出金,16都支出金,02,都補助金,02都補助金,03,衛生費都補助金,03衛生費都補助金,04,小児初期救急平日夜間診療事業補助金,04小児初期救急平日夜間診療事業補助金,01,小児初期救急平日夜間診療事業補助金,01小児初期救急平日夜間診療事業補助金,0,,0,会計01/款16/項02/目03/節04/細節01/細々節0,3675000,JPY,3675,千円,408
132047:2024:revenue:approved:654628f4a82b664b,132047,三鷹市,2024,revenue,approved,当初予算,01,一般会計,01一般会計,16,都支出金,16都支出金,02,都補助金,02都補助金,03,衛生費都補助金,03衛生費都補助金,05,子ども家庭支援区市町村包括補助金,05子ども家庭支援区市町村包括補助金,01,子ども家庭支援区市町村包括補助金,01子ども家庭支援区市町村包括補助金,0,,0,会計01/款16/項02/目03/節05/細節01/細々節0,5761000,JPY,5761,千円,409
132047:2024:revenue:approved:14209ba6893e0479,132047,三鷹市,2024,revenue,approved,当初予算,01,一般会計,01一般会計,16,都支出金,16都支出金,02,都補助金,02都補助金,03,衛生費都補助金,03衛生費都補助金,06,妊婦健康診査支援事業補助金,06妊婦健康診査支援事業補助金,01,妊婦健康診査支援事業補助金,01妊婦健康診査支援事業補助金,0,,0,会計01/款16/項02/目03/節06/細節01/細々節0,23057000,JPY,23057,千円,410
132047:2024:revenue:approved:fd25057332cd76cf,132047,三鷹市,2024,revenue,approved,当初予算,01,一般会計,01一般会計,16,都支出金,16都支出金,02,都補助金,02都補助金,03,衛生費都補助金,03衛生費都補助金,07,初回産科受診料支援事業補助金,07初回産科受診料支援事業補助金,01,初回産科受診料支援事業補助金,01初回産科受診料支援事業補助金,0,,0,会計01/款16/項02/目03/節07/細節01/細々節0,37000,JPY,37,千円,411
132047:2024:revenue:approved:83e243d2e64d0660,132047,三鷹市,2024,revenue,approved,当初予算,01,一般会計,01一般会計,16,都支出金,16都支出金,02,都補助金,02都補助金,03,衛生費都補助金,03衛生費都補助金,08,区市町村食育推進活動支援事業費補助金,08区市町村食育推進活動支援事業費補助金,01,区市町村食育推進活動支援事業費補助金,01区市町村食育推進活動支援事業費補助金,0,,0,会計01/款16/項02/目03/節08/細節01/細々節0,1064000,JPY,1064,千円,412
132047:2024:revenue:approved:2af112bbbcf5c7e1,132047,三鷹市,2024,revenue,approved,当初予算,01,一般会計,01一般会計,16,都支出金,16都支出金,02,都補助金,02都補助金,03,衛生費都補助金,03衛生費都補助金,09,出産・子育て応援事業補助金,09出産・子育て応援事業補助金,01,出産・子育て応援事業補助金,01出産・子育て応援事業補助金,0,,0,会計01/款16/項02/目03/節09/細節01/細々節0,44000000,JPY,44000,千円,413
132047:2024:revenue:approved:0ea5263da2461038,132047,三鷹市,2024,revenue,approved,当初予算,01,一般会計,01一般会計,16,都支出金,16都支出金,02,都補助金,02都補助金,03,衛生費都補助金,03衛生費都補助金,10,健康増進事業費補助金,10健康増進事業費補助金,01,健康増進事業費補助金,01健康増進事業費補助金,0,,0,会計01/款16/項02/目03/節10/細節01/細々節0,18677000,JPY,18677,千円,414
132047:2024:revenue:approved:0b69dd18dd0c30d4,132047,三鷹市,2024,revenue,approved,当初予算,01,一般会計,01一般会計,16,都支出金,16都支出金,02,都補助金,02都補助金,03,衛生費都補助金,03衛生費都補助金,11,東京ユースヘルスケア推進事業補助金,11東京ユースヘルスケア推進事業補助金,01,東京ユースヘルスケア推進事業補助金,01東京ユースヘルスケア推進事業補助金,0,,0,会計01/款16/項02/目03/節11/細節01/細々節0,1145000,JPY,1145,千円,415
132047:2024:revenue:approved:ec5ca337069feb8e,132047,三鷹市,2024,revenue,approved,当初予算,01,一般会計,01一般会計,16,都支出金,16都支出金,02,都補助金,02都補助金,03,衛生費都補助金,03衛生費都補助金,12,高齢者肺炎球菌ワクチン定期接種補助金,12高齢者肺炎球菌ワクチン定期接種補助金,01,高齢者肺炎球菌ワクチン定期接種補助金,01高齢者肺炎球菌ワクチン定期接種補助金,0,,0,会計01/款16/項02/目03/節12/細節01/細々節0,2782000,JPY,2782,千円,416
132047:2024:revenue:approved:f098858084f4e0bf,132047,三鷹市,2024,revenue,approved,当初予算,01,一般会計,01一般会計,16,都支出金,16都支出金,02,都補助金,02都補助金,03,衛生費都補助金,03衛生費都補助金,13,帯状疱疹ワクチン任意接種補助金,13帯状疱疹ワクチン任意接種補助金,01,帯状疱疹ワクチン任意接種補助金,01帯状疱疹ワクチン任意接種補助金,0,,0,会計01/款16/項02/目03/節13/細節01/細々節0,16837000,JPY,16837,千円,417
132047:2024:revenue:approved:c59cb79a2d756fe5,132047,三鷹市,2024,revenue,approved,当初予算,01,一般会計,01一般会計,16,都支出金,16都支出金,02,都補助金,02都補助金,03,衛生費都補助金,03衛生費都補助金,14,予防接種事故処理費補助金,14予防接種事故処理費補助金,01,予防接種事故処理費補助金,01予防接種事故処理費補助金,0,,0,会計01/款16/項02/目03/節14/細節01/細々節0,11643000,JPY,11643,千円,418
132047:2024:revenue:approved:b442b218d90f47a3,132047,三鷹市,2024,revenue,approved,当初予算,01,一般会計,01一般会計,16,都支出金,16都支出金,02,都補助金,02都補助金,03,衛生費都補助金,03衛生費都補助金,15,高齢社会対策区市町村包括補助金,15高齢社会対策区市町村包括補助金,01,高齢社会対策区市町村包括補助金,01高齢社会対策区市町村包括補助金,0,,0,会計01/款16/項02/目03/節15/細節01/細々節0,3577000,JPY,3577,千円,419
132047:2024:revenue:approved:cfa8c28856fcccb8,132047,三鷹市,2024,revenue,approved,当初予算,01,一般会計,01一般会計,16,都支出金,16都支出金,02,都補助金,02都補助金,04,労働費都補助金,04労働費都補助金,01,はつらつ高齢者就業機会創出支援事業補助金,01はつらつ高齢者就業機会創出支援事業補助金,01,はつらつ高齢者就業機会創出支援事業補助金,01はつらつ高齢者就業機会創出支援事業補助金,0,,0,会計01/款16/項02/目04/節01/細節01/細々節0,8594000,JPY,8594,千円,420
132047:2024:revenue:approved:51f76b2980857504,132047,三鷹市,2024,revenue,approved,当初予算,01,一般会計,01一般会計,16,都支出金,16都支出金,02,都補助金,02都補助金,04,労働費都補助金,04労働費都補助金,02,地域人材確保総合支援事業補助金,02地域人材確保総合支援事業補助金,01,地域人材確保総合支援事業補助金,01地域人材確保総合支援事業補助金,0,,0,会計01/款16/項02/目04/節02/細節01/細々節0,4350000,JPY,4350,千円,421
132047:2024:revenue:approved:df241d3398bc7bea,132047,三鷹市,2024,revenue,approved,当初予算,01,一般会計,01一般会計,16,都支出金,16都支出金,02,都補助金,02都補助金,05,農林費都補助金,05農林費都補助金,01,農業委員会交付金,01農業委員会交付金,01,農業委員会交付金,01農業委員会交付金,0,,0,会計01/款16/項02/目05/節01/細節01/細々節0,1196000,JPY,1196,千円,422
132047:2024:revenue:approved:e0f8248b73792e2e,132047,三鷹市,2024,revenue,approved,当初予算,01,一般会計,01一般会計,16,都支出金,16都支出金,02,都補助金,02都補助金,05,農林費都補助金,05農林費都補助金,02,農業経営基盤強化措置特別会計事務費交付金,02農業経営基盤強化措置特別会計事務費交付金,01,国有農地管理事務費交付金,01国有農地管理事務費交付金,0,,0,会計01/款16/項02/目05/節02/細節01/細々節0,37000,JPY,37,千円,423
132047:2024:revenue:approved:3ef89a0b0638e330,132047,三鷹市,2024,revenue,approved,当初予算,01,一般会計,01一般会計,16,都支出金,16都支出金,02,都補助金,02都補助金,05,農林費都補助金,05農林費都補助金,03,高齢社会対策区市町村包括補助金,03高齢社会対策区市町村包括補助金,01,高齢社会対策区市町村包括補助金,01高齢社会対策区市町村包括補助金,0,,0,会計01/款16/項02/目05/節03/細節01/細々節0,2900000,JPY,2900,千円,424
132047:2024:revenue:approved:40fe06c8e14e9cdd,132047,三鷹市,2024,revenue,approved,当初予算,01,一般会計,01一般会計,16,都支出金,16都支出金,02,都補助金,02都補助金,05,農林費都補助金,05農林費都補助金,04,未来に残す東京の農地プロジェクト事業補助金,04未来に残す東京の農地プロジェクト事業補助金,01,未来に残す東京の農地プロジェクト事業補助金,01未来に残す東京の農地プロジェクト事業補助金,0,,0,会計01/款16/項02/目05/節04/細節01/細々節0,23343000,JPY,23343,千円,425
132047:2024:revenue:approved:b2dcb24ce1b45c12,132047,三鷹市,2024,revenue,approved,当初予算,01,一般会計,01一般会計,16,都支出金,16都支出金,02,都補助金,02都補助金,05,農林費都補助金,05農林費都補助金,05,都市農業振興施設整備事業費補助金,05都市農業振興施設整備事業費補助金,01,都市農業振興施設整備事業費補助金,01都市農業振興施設整備事業費補助金,0,,0,会計01/款16/項02/目05/節05/細節01/細々節0,6625000,JPY,6625,千円,426
132047:2024:revenue:approved:322c0e98d1be80a1,132047,三鷹市,2024,revenue,approved,当初予算,01,一般会計,01一般会計,16,都支出金,16都支出金,02,都補助金,02都補助金,06,商工費都補助金,06商工費都補助金,01,地域産業活力創出支援事業費補助金,01地域産業活力創出支援事業費補助金,01,地域産業活力創出支援事業費補助金,01地域産業活力創出支援事業費補助金,0,,0,会計01/款16/項02/目06/節01/細節01/細々節0,37610000,JPY,37610,千円,427
132047:2024:revenue:approved:f93af2ef23cd0690,132047,三鷹市,2024,revenue,approved,当初予算,01,一般会計,01一般会計,16,都支出金,16都支出金,02,都補助金,02都補助金,06,商工費都補助金,06商工費都補助金,02,商店街チャレンジ戦略支援事業補助金,02商店街チャレンジ戦略支援事業補助金,01,商店街チャレンジ戦略支援事業補助金,01商店街チャレンジ戦略支援事業補助金,0,,0,会計01/款16/項02/目06/節02/細節01/細々節0,11928000,JPY,11928,千円,428
132047:2024:revenue:approved:d8cd9232f5367176,132047,三鷹市,2024,revenue,approved,当初予算,01,一般会計,01一般会計,16,都支出金,16都支出金,02,都補助金,02都補助金,06,商工費都補助金,06商工費都補助金,03,都内ものづくり企業地域共生推進事業補助金,03都内ものづくり企業地域共生推進事業補助金,01,都内ものづくり企業地域共生推進事業補助金,01都内ものづくり企業地域共生推進事業補助金,0,,0,会計01/款16/項02/目06/節03/細節01/細々節0,10000000,JPY,10000,千円,429
132047:2024:revenue:approved:e891c0bcf996e47f,132047,三鷹市,2024,revenue,approved,当初予算,01,一般会計,01一般会計,16,都支出金,16都支出金,02,都補助金,02都補助金,06,商工費都補助金,06商工費都補助金,04,消費者行政強化交付金,04消費者行政強化交付金,01,消費者行政強化交付金,01消費者行政強化交付金,0,,0,会計01/款16/項02/目06/節04/細節01/細々節0,412000,JPY,412,千円,430
132047:2024:revenue:approved:53ed7808c20949d4,132047,三鷹市,2024,revenue,approved,当初予算,01,一般会計,01一般会計,16,都支出金,16都支出金,02,都補助金,02都補助金,07,土木費都補助金,07土木費都補助金,01,地籍整備推進調査費補助金,01地籍整備推進調査費補助金,01,地籍整備推進調査費補助金,01地籍整備推進調査費補助金,0,,0,会計01/款16/項02/目07/節01/細節01/細々節0,3649000,JPY,3649,千円,431
132047:2024:revenue:approved:96ff167199c6205f,132047,三鷹市,2024,revenue,approved,当初予算,01,一般会計,01一般会計,16,都支出金,16都支出金,02,都補助金,02都補助金,07,土木費都補助金,07土木費都補助金,02,地域福祉推進区市町村包括補助金,02地域福祉推進区市町村包括補助金,01,バリアフリーのまちづくり推進事業費補助金,01バリアフリーのまちづくり推進事業費補助金,0,,0,会計01/款16/項02/目07/節02/細節01/細々節0,1094000,JPY,1094,千円,432
132047:2024:revenue:approved:f0ed4c1d23ee3f9c,132047,三鷹市,2024,revenue,approved,当初予算,01,一般会計,01一般会計,16,都支出金,16都支出金,02,都補助金,02都補助金,07,土木費都補助金,07土木費都補助金,03,道路橋梁費補助金,03道路橋梁費補助金,01,市道第１３９号線整備事業費補助金,01市道第１３９号線整備事業費補助金,0,,0,会計01/款16/項02/目07/節03/細節01/細々節0,3600000,JPY,3600,千円,433
132047:2024:revenue:approved:572e7fcc2413ee92,132047,三鷹市,2024,revenue,approved,当初予算,01,一般会計,01一般会計,16,都支出金,16都支出金,02,都補助金,02都補助金,07,土木費都補助金,07土木費都補助金,03,道路橋梁費補助金,03道路橋梁費補助金,02,三鷹駅前デッキ長寿命化事業費補助金,02三鷹駅前デッキ長寿命化事業費補助金,0,,0,会計01/款16/項02/目07/節03/細節02/細々節0,1125000,JPY,1125,千円,434
132047:2024:revenue:approved:d67ef61f6c0bb816,132047,三鷹市,2024,revenue,approved,当初予算,01,一般会計,01一般会計,16,都支出金,16都支出金,02,都補助金,02都補助金,07,土木費都補助金,07土木費都補助金,03,道路橋梁費補助金,03道路橋梁費補助金,03,橋梁現況調査事業費補助金,03橋梁現況調査事業費補助金,0,,0,会計01/款16/項02/目07/節03/細節03/細々節0,450000,JPY,450,千円,435
132047:2024:revenue:approved:1730234e2b73e5e6,132047,三鷹市,2024,revenue,approved,当初予算,01,一般会計,01一般会計,16,都支出金,16都支出金,02,都補助金,02都補助金,07,土木費都補助金,07土木費都補助金,03,道路橋梁費補助金,03道路橋梁費補助金,04,宮下橋架替事業費補助金,04宮下橋架替事業費補助金,0,,0,会計01/款16/項02/目07/節03/細節04/細々節0,40000000,JPY,40000,千円,436
132047:2024:revenue:approved:9abf826cc3ad1c65,132047,三鷹市,2024,revenue,approved,当初予算,01,一般会計,01一般会計,16,都支出金,16都支出金,02,都補助金,02都補助金,07,土木費都補助金,07土木費都補助金,04,公共交通事業費補助金,04公共交通事業費補助金,01,公共交通事業費補助金,01公共交通事業費補助金,0,,0,会計01/款16/項02/目07/節04/細節01/細々節0,13856000,JPY,13856,千円,437
132047:2024:revenue:approved:e0693bc9e946b056,132047,三鷹市,2024,revenue,approved,当初予算,01,一般会計,01一般会計,16,都支出金,16都支出金,02,都補助金,02都補助金,07,土木費都補助金,07土木費都補助金,05,自転車安全利用促進事業補助金,05自転車安全利用促進事業補助金,01,自転車安全利用促進事業補助金,01自転車安全利用促進事業補助金,0,,0,会計01/款16/項02/目07/節05/細節01/細々節0,3208000,JPY,3208,千円,438
132047:2024:revenue:approved:40771fb9be04fc07,132047,三鷹市,2024,revenue,approved,当初予算,01,一般会計,01一般会計,16,都支出金,16都支出金,02,都補助金,02都補助金,07,土木費都補助金,07土木費都補助金,06,集約型の地域構造への再編に向けた計画策定支援事業補助金,06集約型の地域構造への再編に向けた計画策定支援事業補助金,01,集約型の地域構造への再編に向けた計画策定支援事業補助金,01集約型の地域構造への再編に向けた計画策定支援事業補助金,0,,0,会計01/款16/項02/目07/節06/細節01/細々節0,759000,JPY,759,千円,439
132047:2024:revenue:approved:4b999d2c36be22b3,132047,三鷹市,2024,revenue,approved,当初予算,01,一般会計,01一般会計,16,都支出金,16都支出金,02,都補助金,02都補助金,07,土木費都補助金,07土木費都補助金,07,鉄道駅総合バリアフリー推進事業費補助金,07鉄道駅総合バリアフリー推進事業費補助金,01,バリアフリー基本構想等作成事業補助金,01バリアフリー基本構想等作成事業補助金,0,,0,会計01/款16/項02/目07/節07/細節01/細々節0,2000000,JPY,2000,千円,440
132047:2024:revenue:approved:a88d27829a40b44a,132047,三鷹市,2024,revenue,approved,当初予算,01,一般会計,01一般会計,16,都支出金,16都支出金,02,都補助金,02都補助金,07,土木費都補助金,07土木費都補助金,08,街路事業費補助金,08街路事業費補助金,01,都市計画道路３・４・１３号（牟礼）整備事業費補助金,01都市計画道路３・４・１３号（牟礼）整備事業費補助金,0,,0,会計01/款16/項02/目07/節08/細節01/細々節0,17200000,JPY,17200,千円,441
132047:2024:revenue:approved:17cdb687dd866798,132047,三鷹市,2024,revenue,approved,当初予算,01,一般会計,01一般会計,16,都支出金,16都支出金,02,都補助金,02都補助金,07,土木費都補助金,07土木費都補助金,09,雨水流出抑制助成事業補助金,09雨水流出抑制助成事業補助金,01,雨水浸透ます設置費補助金,01雨水浸透ます設置費補助金,0,,0,会計01/款16/項02/目07/節09/細節01/細々節0,368000,JPY,368,千円,442
132047:2024:revenue:approved:8faa896b9bff94fa,132047,三鷹市,2024,revenue,approved,当初予算,01,一般会計,01一般会計,16,都支出金,16都支出金,02,都補助金,02都補助金,07,土木費都補助金,07土木費都補助金,10,ブロック塀等安全対策促進事業補助金,10ブロック塀等安全対策促進事業補助金,01,ブロック塀等安全対策促進事業補助金,01ブロック塀等安全対策促進事業補助金,0,,0,会計01/款16/項02/目07/節10/細節01/細々節0,200000,JPY,200,千円,443
132047:2024:revenue:approved:844f941df5326928,132047,三鷹市,2024,revenue,approved,当初予算,01,一般会計,01一般会計,16,都支出金,16都支出金,02,都補助金,02都補助金,07,土木費都補助金,07土木費都補助金,11,都市計画公園事業費補助金,11都市計画公園事業費補助金,01,北野公園用地取得事業費補助金,01北野公園用地取得事業費補助金,0,,0,会計01/款16/項02/目07/節11/細節01/細々節0,30600000,JPY,30600,千円,444
132047:2024:revenue:approved:68722f8c8edeb223,132047,三鷹市,2024,revenue,approved,当初予算,01,一般会計,01一般会計,16,都支出金,16都支出金,02,都補助金,02都補助金,07,土木費都補助金,07土木費都補助金,12,だれもが遊べる児童遊具広場事業費補助金,12だれもが遊べる児童遊具広場事業費補助金,01,だれもが遊べる児童遊具広場事業費補助金,01だれもが遊べる児童遊具広場事業費補助金,0,,0,会計01/款16/項02/目07/節12/細節01/細々節0,11519000,JPY,11519,千円,445
132047:2024:revenue:approved:4644882c93381d99,132047,三鷹市,2024,revenue,approved,当初予算,01,一般会計,01一般会計,16,都支出金,16都支出金,02,都補助金,02都補助金,07,土木費都補助金,07土木費都補助金,13,特定緊急輸送道路沿道建築物耐震化促進事業補助金,13特定緊急輸送道路沿道建築物耐震化促進事業補助金,01,特定緊急輸送道路沿道建築物耐震化促進事業補助金,01特定緊急輸送道路沿道建築物耐震化促進事業補助金,0,,0,会計01/款16/項02/目07/節13/細節01/細々節0,13361000,JPY,13361,千円,446
132047:2024:revenue:approved:d436388429298a0c,132047,三鷹市,2024,revenue,approved,当初予算,01,一般会計,01一般会計,16,都支出金,16都支出金,02,都補助金,02都補助金,07,土木費都補助金,07土木費都補助金,14,空き家利活用等区市町村支援事業補助金,14空き家利活用等区市町村支援事業補助金,01,空き家利活用等区市町村支援事業補助金,01空き家利活用等区市町村支援事業補助金,0,,0,会計01/款16/項02/目07/節14/細節01/細々節0,2373000,JPY,2373,千円,447
132047:2024:revenue:approved:ae9f9b24a82ddb00,132047,三鷹市,2024,revenue,approved,当初予算,01,一般会計,01一般会計,16,都支出金,16都支出金,02,都補助金,02都補助金,07,土木費都補助金,07土木費都補助金,15,分譲マンション耐震化助成事業補助金,15分譲マンション耐震化助成事業補助金,01,分譲マンション耐震化助成事業費補助金,01分譲マンション耐震化助成事業費補助金,0,,0,会計01/款16/項02/目07/節15/細節01/細々節0,750000,JPY,750,千円,448
132047:2024:revenue:approved:91abd1ec80766163,132047,三鷹市,2024,revenue,approved,当初予算,01,一般会計,01一般会計,16,都支出金,16都支出金,02,都補助金,02都補助金,07,土木費都補助金,07土木費都補助金,16,居住支援協議会活動支援補助金,16居住支援協議会活動支援補助金,01,居住支援協議会活動支援補助金,01居住支援協議会活動支援補助金,0,,0,会計01/款16/項02/目07/節16/細節01/細々節0,595000,JPY,595,千円,449
132047:2024:revenue:approved:924ce3edcdd1b42f,132047,三鷹市,2024,revenue,approved,当初予算,01,一般会計,01一般会計,16,都支出金,16都支出金,02,都補助金,02都補助金,08,消防費都補助金,08消防費都補助金,01,区市町村災害対応力向上支援事業補助金,01区市町村災害対応力向上支援事業補助金,01,区市町村災害対応力向上支援事業補助金,01区市町村災害対応力向上支援事業補助金,0,,0,会計01/款16/項02/目08/節01/細節01/細々節0,2598000,JPY,2598,千円,450
132047:2024:revenue:approved:8d14607ebd591cb6,132047,三鷹市,2024,revenue,approved,当初予算,01,一般会計,01一般会計,16,都支出金,16都支出金,02,都補助金,02都補助金,08,消防費都補助金,08消防費都補助金,02,高齢社会対策区市町村包括補助金,02高齢社会対策区市町村包括補助金,01,高齢社会対策区市町村包括補助金,01高齢社会対策区市町村包括補助金,0,,0,会計01/款16/項02/目08/節02/細節01/細々節0,279000,JPY,279,千円,451
132047:2024:revenue:approved:e3c183803a98aeaa,132047,三鷹市,2024,revenue,approved,当初予算,01,一般会計,01一般会計,16,都支出金,16都支出金,02,都補助金,02都補助金,09,教育費都補助金,09教育費都補助金,01,公立学校給食費負担軽減事業補助金,01公立学校給食費負担軽減事業補助金,01,公立学校給食費負担軽減事業補助金,01公立学校給食費負担軽減事業補助金,0,,0,会計01/款16/項02/目09/節01/細節01/細々節0,353659000,JPY,353659,千円,452
132047:2024:revenue:approved:cda9fcfdf08a73e0,132047,三鷹市,2024,revenue,approved,当初予算,01,一般会計,01一般会計,16,都支出金,16都支出金,02,都補助金,02都補助金,09,教育費都補助金,09教育費都補助金,02,部活動指導員配置経費補助事業補助金,02部活動指導員配置経費補助事業補助金,01,部活動指導員配置経費補助事業補助金,01部活動指導員配置経費補助事業補助金,0,,0,会計01/款16/項02/目09/節02/細節01/細々節0,18244000,JPY,18244,千円,453
132047:2024:revenue:approved:7d79bd76f3613582,132047,三鷹市,2024,revenue,approved,当初予算,01,一般会計,01一般会計,16,都支出金,16都支出金,02,都補助金,02都補助金,09,教育費都補助金,09教育費都補助金,03,部活動外部指導者配置支援事業補助金,03部活動外部指導者配置支援事業補助金,01,部活動外部指導者配置支援事業補助金,01部活動外部指導者配置支援事業補助金,0,,0,会計01/款16/項02/目09/節03/細節01/細々節0,2210000,JPY,2210,千円,454
132047:2024:revenue:approved:c23755b02ac533aa,132047,三鷹市,2024,revenue,approved,当初予算,01,一般会計,01一般会計,16,都支出金,16都支出金,02,都補助金,02都補助金,09,教育費都補助金,09教育費都補助金,04,コミュニティ・スクール推進体制構築事業補助金,04コミュニティ・スクール推進体制構築事業補助金,01,コミュニティ・スクール推進体制構築事業補助金,01コミュニティ・スクール推進体制構築事業補助金,0,,0,会計01/款16/項02/目09/節04/細節01/細々節0,3360000,JPY,3360,千円,455
132047:2024:revenue:approved:8d93466414ef56cd,132047,三鷹市,2024,revenue,approved,当初予算,01,一般会計,01一般会計,16,都支出金,16都支出金,02,都補助金,02都補助金,09,教育費都補助金,09教育費都補助金,05,地域学校協働活動推進事業費補助金,05地域学校協働活動推進事業費補助金,01,地域学校協働活動推進事業費補助金,01地域学校協働活動推進事業費補助金,0,,0,会計01/款16/項02/目09/節05/細節01/細々節0,12531000,JPY,12531,千円,456
132047:2024:revenue:approved:617d02957607ad05,132047,三鷹市,2024,revenue,approved,当初予算,01,一般会計,01一般会計,16,都支出金,16都支出金,02,都補助金,02都補助金,09,教育費都補助金,09教育費都補助金,06,スクールソーシャルワーカー活用事業補助金,06スクールソーシャルワーカー活用事業補助金,01,スクールソーシャルワーカー活用事業補助金,01スクールソーシャルワーカー活用事業補助金,0,,0,会計01/款16/項02/目09/節06/細節01/細々節0,30898000,JPY,30898,千円,457
132047:2024:revenue:approved:52da47ce4e7caa98,132047,三鷹市,2024,revenue,approved,当初予算,01,一般会計,01一般会計,16,都支出金,16都支出金,02,都補助金,02都補助金,09,教育費都補助金,09教育費都補助金,07,公立小・中学校特別支援教育推進補助金,07公立小・中学校特別支援教育推進補助金,01,公立小・中学校特別支援教育推進補助金,01公立小・中学校特別支援教育推進補助金,0,,0,会計01/款16/項02/目09/節07/細節01/細々節0,6295000,JPY,6295,千円,458
132047:2024:revenue:approved:af2e7643f1bb5d24,132047,三鷹市,2024,revenue,approved,当初予算,01,一般会計,01一般会計,16,都支出金,16都支出金,02,都補助金,02都補助金,09,教育費都補助金,09教育費都補助金,08,学校マネジメント強化事業補助金,08学校マネジメント強化事業補助金,01,学校マネジメント強化事業補助金,01学校マネジメント強化事業補助金,0,,0,会計01/款16/項02/目09/節08/細節01/細々節0,51919000,JPY,51919,千円,459
132047:2024:revenue:approved:c762ad50711939d4,132047,三鷹市,2024,revenue,approved,当初予算,01,一般会計,01一般会計,16,都支出金,16都支出金,02,都補助金,02都補助金,09,教育費都補助金,09教育費都補助金,09,エデュケーション・アシスタント配置支援事業補助金,09エデュケーション・アシスタント配置支援事業補助金,01,エデュケーション・アシスタント配置支援事業補助金,01エデュケーション・アシスタント配置支援事業補助金,0,,0,会計01/款16/項02/目09/節09/細節01/細々節0,106715000,JPY,106715,千円,460
132047:2024:revenue:approved:3d88ef726a2e6a23,132047,三鷹市,2024,revenue,approved,当初予算,01,一般会計,01一般会計,16,都支出金,16都支出金,02,都補助金,02都補助金,09,教育費都補助金,09教育費都補助金,10,スクール・サポート・スタッフ配置支援事業補助金,10スクール・サポート・スタッフ配置支援事業補助金,01,スクール・サポート・スタッフ配置支援事業補助金,01スクール・サポート・スタッフ配置支援事業補助金,0,,0,会計01/款16/項02/目09/節10/細節01/細々節0,36505000,JPY,36505,千円,461
132047:2024:revenue:approved:4be772c2758db917,132047,三鷹市,2024,revenue,approved,当初予算,01,一般会計,01一般会計,16,都支出金,16都支出金,02,都補助金,02都補助金,09,教育費都補助金,09教育費都補助金,11,校内別室指導支援員配置事業補助金,11校内別室指導支援員配置事業補助金,01,校内別室指導支援員配置事業補助金,01校内別室指導支援員配置事業補助金,0,,0,会計01/款16/項02/目09/節11/細節01/細々節0,16901000,JPY,16901,千円,462
132047:2024:revenue:approved:b9470a9bcdd5d555,132047,三鷹市,2024,revenue,approved,当初予算,01,一般会計,01一般会計,16,都支出金,16都支出金,02,都補助金,02都補助金,09,教育費都補助金,09教育費都補助金,12,教育支援センター機能強化補助事業補助金,12教育支援センター機能強化補助事業補助金,01,教育支援センター機能強化補助事業補助金,01教育支援センター機能強化補助事業補助金,0,,0,会計01/款16/項02/目09/節12/細節01/細々節0,1250000,JPY,1250,千円,463
132047:2024:revenue:approved:84de478db7f9e6af,132047,三鷹市,2024,revenue,approved,当初予算,01,一般会計,01一般会計,16,都支出金,16都支出金,02,都補助金,02都補助金,09,教育費都補助金,09教育費都補助金,13,デジタル活用研究校事業補助金,13デジタル活用研究校事業補助金,01,デジタル活用研究校事業補助金,01デジタル活用研究校事業補助金,0,,0,会計01/款16/項02/目09/節13/細節01/細々節0,400000,JPY,400,千円,464
132047:2024:revenue:approved:57ed7d98342ff231,132047,三鷹市,2024,revenue,approved,当初予算,01,一般会計,01一般会計,16,都支出金,16都支出金,02,都補助金,02都補助金,09,教育費都補助金,09教育費都補助金,14,デジタル利活用支援員配置支援事業補助金,14デジタル利活用支援員配置支援事業補助金,01,デジタル利活用支援員配置支援事業補助金,01デジタル利活用支援員配置支援事業補助金,0,,0,会計01/款16/項02/目09/節14/細節01/細々節0,10936000,JPY,10936,千円,465
132047:2024:revenue:approved:9f2f68c3aa190b68,132047,三鷹市,2024,revenue,approved,当初予算,01,一般会計,01一般会計,16,都支出金,16都支出金,02,都補助金,02都補助金,09,教育費都補助金,09教育費都補助金,15,私立幼稚園等園児保護者負担軽減事業費補助金,15私立幼稚園等園児保護者負担軽減事業費補助金,01,私立幼稚園児保護者負担軽減事業費補助金,01私立幼稚園児保護者負担軽減事業費補助金,0,,0,会計01/款16/項02/目09/節15/細節01/細々節0,27549000,JPY,27549,千円,466
132047:2024:revenue:approved:1c9fff67e21fab62,132047,三鷹市,2024,revenue,approved,当初予算,01,一般会計,01一般会計,16,都支出金,16都支出金,02,都補助金,02都補助金,09,教育費都補助金,09教育費都補助金,15,私立幼稚園等園児保護者負担軽減事業費補助金,15私立幼稚園等園児保護者負担軽減事業費補助金,02,幼稚園類似施設児保護者負担軽減事業費補助金,02幼稚園類似施設児保護者負担軽減事業費補助金,0,,0,会計01/款16/項02/目09/節15/細節02/細々節0,1060000,JPY,1060,千円,467
132047:2024:revenue:approved:271615b6728980ed,132047,三鷹市,2024,revenue,approved,当初予算,01,一般会計,01一般会計,16,都支出金,16都支出金,02,都補助金,02都補助金,09,教育費都補助金,09教育費都補助金,15,私立幼稚園等園児保護者負担軽減事業費補助金,15私立幼稚園等園児保護者負担軽減事業費補助金,03,特定教育・保育施設児保護者負担軽減事業費補助金,03特定教育・保育施設児保護者負担軽減事業費補助金,0,,0,会計01/款16/項02/目09/節15/細節03/細々節0,15405000,JPY,15405,千円,468
132047:2024:revenue:approved:9ccc9df62c70071c,132047,三鷹市,2024,revenue,approved,当初予算,01,一般会計,01一般会計,16,都支出金,16都支出金,02,都補助金,02都補助金,09,教育費都補助金,09教育費都補助金,15,私立幼稚園等園児保護者負担軽減事業費補助金,15私立幼稚園等園児保護者負担軽減事業費補助金,04,満３歳児預かり保育利用保護者負担軽減事業費補助金,04満３歳児預かり保育利用保護者負担軽減事業費補助金,0,,0,会計01/款16/項02/目09/節15/細節04/細々節0,7776000,JPY,7776,千円,469
132047:2024:revenue:approved:fafaa29b8375fd5d,132047,三鷹市,2024,revenue,approved,当初予算,01,一般会計,01一般会計,16,都支出金,16都支出金,02,都補助金,02都補助金,09,教育費都補助金,09教育費都補助金,15,私立幼稚園等園児保護者負担軽減事業費補助金,15私立幼稚園等園児保護者負担軽減事業費補助金,05,０歳から２歳児一時預かり利用保護者負担軽減事業費補助金,05０歳から２歳児一時預かり利用保護者負担軽減事業費補助金,0,,0,会計01/款16/項02/目09/節15/細節05/細々節0,4536000,JPY,4536,千円,470
132047:2024:revenue:approved:8d8a96f8dcdf077b,132047,三鷹市,2024,revenue,approved,当初予算,01,一般会計,01一般会計,16,都支出金,16都支出金,02,都補助金,02都補助金,09,教育費都補助金,09教育費都補助金,16,子ども・子育て支援交付金,16子ども・子育て支援交付金,01,実費徴収に係る補足給付事業費交付金,01実費徴収に係る補足給付事業費交付金,0,,0,会計01/款16/項02/目09/節16/細節01/細々節0,1226000,JPY,1226,千円,471
132047:2024:revenue:approved:5ab9d7fe59c24c9b,132047,三鷹市,2024,revenue,approved,当初予算,01,一般会計,01一般会計,16,都支出金,16都支出金,02,都補助金,02都補助金,09,教育費都補助金,09教育費都補助金,16,子ども・子育て支援交付金,16子ども・子育て支援交付金,02,一時預かり事業交付金,02一時預かり事業交付金,0,,0,会計01/款16/項02/目09/節16/細節02/細々節0,22247000,JPY,22247,千円,472
132047:2024:revenue:approved:69ed98c4397fc598,132047,三鷹市,2024,revenue,approved,当初予算,01,一般会計,01一般会計,16,都支出金,16都支出金,02,都補助金,02都補助金,09,教育費都補助金,09教育費都補助金,17,一時預かり事業補助金,17一時預かり事業補助金,01,一時預かり事業補助金,01一時預かり事業補助金,0,,0,会計01/款16/項02/目09/節17/細節01/細々節0,24370000,JPY,24370,千円,473
132047:2024:revenue:approved:c0d07c6001490693,132047,三鷹市,2024,revenue,approved,当初予算,01,一般会計,01一般会計,16,都支出金,16都支出金,02,都補助金,02都補助金,09,教育費都補助金,09教育費都補助金,18,公立学校施設防災機能強化支援事業補助金,18公立学校施設防災機能強化支援事業補助金,01,公立学校施設防災機能強化支援事業補助金,01公立学校施設防災機能強化支援事業補助金,0,,0,会計01/款16/項02/目09/節18/細節01/細々節0,29962000,JPY,29962,千円,474
132047:2024:revenue:approved:754c82310cc2763f,132047,三鷹市,2024,revenue,approved,当初予算,01,一般会計,01一般会計,16,都支出金,16都支出金,02,都補助金,02都補助金,09,教育費都補助金,09教育費都補助金,19,文化財保存事業費補助金,19文化財保存事業費補助金,01,遺跡発掘調査事業費補助金,01遺跡発掘調査事業費補助金,0,,0,会計01/款16/項02/目09/節19/細節01/細々節0,2500000,JPY,2500,千円,475
132047:2024:revenue:approved:96efd1c7278c73c4,132047,三鷹市,2024,revenue,approved,当初予算,01,一般会計,01一般会計,16,都支出金,16都支出金,02,都補助金,02都補助金,09,教育費都補助金,09教育費都補助金,19,文化財保存事業費補助金,19文化財保存事業費補助金,02,遺跡緊急発掘調査事業費補助金,02遺跡緊急発掘調査事業費補助金,0,,0,会計01/款16/項02/目09/節19/細節02/細々節0,4000,JPY,4,千円,476
132047:2024:revenue:approved:5d25d092b10b285f,132047,三鷹市,2024,revenue,approved,当初予算,01,一般会計,01一般会計,16,都支出金,16都支出金,02,都補助金,02都補助金,09,教育費都補助金,09教育費都補助金,20,地域ぐるみの学校安全体制整備推進事業補助金,20地域ぐるみの学校安全体制整備推進事業補助金,01,地域ぐるみの学校安全体制整備推進事業補助金,01地域ぐるみの学校安全体制整備推進事業補助金,0,,0,会計01/款16/項02/目09/節20/細節01/細々節0,440000,JPY,440,千円,477
132047:2024:revenue:approved:75c1463c14a96383,132047,三鷹市,2024,revenue,approved,当初予算,01,一般会計,01一般会計,16,都支出金,16都支出金,02,都補助金,02都補助金,09,教育費都補助金,09教育費都補助金,21,人生１００年時代セカンドライフ応援事業補助金,21人生１００年時代セカンドライフ応援事業補助金,01,人生１００年時代セカンドライフ応援事業補助金,01人生１００年時代セカンドライフ応援事業補助金,0,,0,会計01/款16/項02/目09/節21/細節01/細々節0,1933000,JPY,1933,千円,478
132047:2024:revenue:approved:e7bc30a37ba37dc2,132047,三鷹市,2024,revenue,approved,当初予算,01,一般会計,01一般会計,16,都支出金,16都支出金,02,都補助金,02都補助金,09,教育費都補助金,09教育費都補助金,22,放課後子どもプラン事業費補助金,22放課後子どもプラン事業費補助金,01,放課後子どもプラン事業費補助金,01放課後子どもプラン事業費補助金,0,,0,会計01/款16/項02/目09/節22/細節01/細々節0,37484000,JPY,37484,千円,479
132047:2024:revenue:approved:a68d0462bf3cd6a7,132047,三鷹市,2024,revenue,approved,当初予算,01,一般会計,01一般会計,16,都支出金,16都支出金,02,都補助金,02都補助金,09,教育費都補助金,09教育費都補助金,23,スポーツ空間バージョンアップ補助金,23スポーツ空間バージョンアップ補助金,01,スポーツ空間バージョンアップ補助金,01スポーツ空間バージョンアップ補助金,0,,0,会計01/款16/項02/目09/節23/細節01/細々節0,7174000,JPY,7174,千円,480
132047:2024:revenue:approved:fcd71039b9fb3ccf,132047,三鷹市,2024,revenue,approved,当初予算,01,一般会計,01一般会計,16,都支出金,16都支出金,03,委託金,03委託金,01,総務費委託金,01総務費委託金,01,都税徴収委託金,01都税徴収委託金,01,都税徴収委託金,01都税徴収委託金,0,,0,会計01/款16/項03/目01/節01/細節01/細々節0,337833000,JPY,337833,千円,481
132047:2024:revenue:approved:55da6e8022739800,132047,三鷹市,2024,revenue,approved,当初予算,01,一般会計,01一般会計,16,都支出金,16都支出金,03,委託金,03委託金,01,総務費委託金,01総務費委託金,02,住民基本台帳人口調査費委託金,02住民基本台帳人口調査費委託金,01,住民基本台帳人口調査費委託金,01住民基本台帳人口調査費委託金,0,,0,会計01/款16/項03/目01/節02/細節01/細々節0,363000,JPY,363,千円,482
132047:2024:revenue:approved:7c20e61c19e59caf,132047,三鷹市,2024,revenue,approved,当初予算,01,一般会計,01一般会計,16,都支出金,16都支出金,03,委託金,03委託金,01,総務費委託金,01総務費委託金,03,在外選挙人名簿登録事務委託金,03在外選挙人名簿登録事務委託金,01,在外選挙人名簿登録事務委託金,01在外選挙人名簿登録事務委託金,0,,0,会計01/款16/項03/目01/節03/細節01/細々節0,214000,JPY,214,千円,483
132047:2024:revenue:approved:459f73f5dbedf005,132047,三鷹市,2024,revenue,approved,当初予算,01,一般会計,01一般会計,16,都支出金,16都支出金,03,委託金,03委託金,01,総務費委託金,01総務費委託金,04,東京都知事選挙費委託金,04東京都知事選挙費委託金,01,東京都知事選挙費委託金,01東京都知事選挙費委託金,0,,0,会計01/款16/項03/目01/節04/細節01/細々節0,93235000,JPY,93235,千円,484
132047:2024:revenue:approved:cfd7fe5cb66baa3c,132047,三鷹市,2024,revenue,approved,当初予算,01,一般会計,01一般会計,16,都支出金,16都支出金,03,委託金,03委託金,01,総務費委託金,01総務費委託金,05,統計調査費委託金,05統計調査費委託金,01,人口動態調査委託金,01人口動態調査委託金,0,,0,会計01/款16/項03/目01/節05/細節01/細々節0,160000,JPY,160,千円,485
132047:2024:revenue:approved:97e49cba1e0aba28,132047,三鷹市,2024,revenue,approved,当初予算,01,一般会計,01一般会計,16,都支出金,16都支出金,03,委託金,03委託金,01,総務費委託金,01総務費委託金,05,統計調査費委託金,05統計調査費委託金,02,統計調査員確保対策事業委託金,02統計調査員確保対策事業委託金,0,,0,会計01/款16/項03/目01/節05/細節02/細々節0,48000,JPY,48,千円,486
132047:2024:revenue:approved:5bc0ec7c93bdd7ae,132047,三鷹市,2024,revenue,approved,当初予算,01,一般会計,01一般会計,16,都支出金,16都支出金,03,委託金,03委託金,01,総務費委託金,01総務費委託金,05,統計調査費委託金,05統計調査費委託金,03,建設工事統計調査委託金,03建設工事統計調査委託金,0,,0,会計01/款16/項03/目01/節05/細節03/細々節0,84000,JPY,84,千円,487
132047:2024:revenue:approved:661144c7dd58d73f,132047,三鷹市,2024,revenue,approved,当初予算,01,一般会計,01一般会計,16,都支出金,16都支出金,03,委託金,03委託金,01,総務費委託金,01総務費委託金,05,統計調査費委託金,05統計調査費委託金,04,学校基本調査委託金,04学校基本調査委託金,0,,0,会計01/款16/項03/目01/節05/細節04/細々節0,30000,JPY,30,千円,488
132047:2024:revenue:approved:80babc1b13e7fe74,132047,三鷹市,2024,revenue,approved,当初予算,01,一般会計,01一般会計,16,都支出金,16都支出金,03,委託金,03委託金,01,総務費委託金,01総務費委託金,05,統計調査費委託金,05統計調査費委託金,05,経済センサス調査区管理委託金,05経済センサス調査区管理委託金,0,,0,会計01/款16/項03/目01/節05/細節05/細々節0,20000,JPY,20,千円,489
132047:2024:revenue:approved:6e3d6936d4da28bc,132047,三鷹市,2024,revenue,approved,当初予算,01,一般会計,01一般会計,16,都支出金,16都支出金,03,委託金,03委託金,01,総務費委託金,01総務費委託金,05,統計調査費委託金,05統計調査費委託金,06,国勢調査調査区設定委託金,06国勢調査調査区設定委託金,0,,0,会計01/款16/項03/目01/節05/細節06/細々節0,1663000,JPY,1663,千円,490
132047:2024:revenue:approved:9f2f819d60af0410,132047,三鷹市,2024,revenue,approved,当初予算,01,一般会計,01一般会計,16,都支出金,16都支出金,03,委託金,03委託金,01,総務費委託金,01総務費委託金,05,統計調査費委託金,05統計調査費委託金,07,全国家計構造調査委託金,07全国家計構造調査委託金,0,,0,会計01/款16/項03/目01/節05/細節07/細々節0,6561000,JPY,6561,千円,491
132047:2024:revenue:approved:a96127deb74bc5f3,132047,三鷹市,2024,revenue,approved,当初予算,01,一般会計,01一般会計,16,都支出金,16都支出金,03,委託金,03委託金,01,総務費委託金,01総務費委託金,05,統計調査費委託金,05統計調査費委託金,08,農林業センサス委託金,08農林業センサス委託金,0,,0,会計01/款16/項03/目01/節05/細節08/細々節0,1273000,JPY,1273,千円,492
132047:2024:revenue:approved:ceeaf388fc0ed0c4,132047,三鷹市,2024,revenue,approved,当初予算,01,一般会計,01一般会計,16,都支出金,16都支出金,03,委託金,03委託金,01,総務費委託金,01総務費委託金,06,私立学校指導監督費委託金,06私立学校指導監督費委託金,01,私立学校指導監督費委託金,01私立学校指導監督費委託金,0,,0,会計01/款16/項03/目01/節06/細節01/細々節0,2000000,JPY,2000,千円,493
132047:2024:revenue:approved:932d509e68e827a7,132047,三鷹市,2024,revenue,approved,当初予算,01,一般会計,01一般会計,16,都支出金,16都支出金,03,委託金,03委託金,02,民生費委託金,02民生費委託金,01,東京都福祉のまちづくり条例事務委託金,01東京都福祉のまちづくり条例事務委託金,01,東京都福祉のまちづくり条例事務委託金,01東京都福祉のまちづくり条例事務委託金,0,,0,会計01/款16/項03/目02/節01/細節01/細々節0,35000,JPY,35,千円,494
132047:2024:revenue:approved:48cd31061ba93bd4,132047,三鷹市,2024,revenue,approved,当初予算,01,一般会計,01一般会計,16,都支出金,16都支出金,03,委託金,03委託金,02,民生費委託金,02民生費委託金,02,都営交通機関無料乗車券発行事務費委託金,02都営交通機関無料乗車券発行事務費委託金,01,都営交通機関無料乗車券発行事務費委託金,01都営交通機関無料乗車券発行事務費委託金,0,,0,会計01/款16/項03/目02/節02/細節01/細々節0,54000,JPY,54,千円,495
132047:2024:revenue:approved:ea9e356baa674ad1,132047,三鷹市,2024,revenue,approved,当初予算,01,一般会計,01一般会計,16,都支出金,16都支出金,03,委託金,03委託金,02,民生費委託金,02民生費委託金,03,原子爆弾被爆者等援護事務交付金,03原子爆弾被爆者等援護事務交付金,01,原子爆弾被爆者等援護事務交付金,01原子爆弾被爆者等援護事務交付金,0,,0,会計01/款16/項03/目02/節03/細節01/細々節0,7000,JPY,7,千円,496
132047:2024:revenue:approved:a0ae7caec9b7be44,132047,三鷹市,2024,revenue,approved,当初予算,01,一般会計,01一般会計,16,都支出金,16都支出金,03,委託金,03委託金,02,民生費委託金,02民生費委託金,04,女性福祉資金貸付事務費交付金,04女性福祉資金貸付事務費交付金,01,女性福祉資金貸付事務費交付金,01女性福祉資金貸付事務費交付金,0,,0,会計01/款16/項03/目02/節04/細節01/細々節0,886000,JPY,886,千円,497
132047:2024:revenue:approved:de4a7b0d823edf8a,132047,三鷹市,2024,revenue,approved,当初予算,01,一般会計,01一般会計,16,都支出金,16都支出金,03,委託金,03委託金,02,民生費委託金,02民生費委託金,05,難病等医療費助成事務交付金,05難病等医療費助成事務交付金,01,難病等医療費助成事務交付金,01難病等医療費助成事務交付金,0,,0,会計01/款16/項03/目02/節05/細節01/細々節0,1422000,JPY,1422,千円,498
132047:2024:revenue:approved:d53a6cf3b5ca2f69,132047,三鷹市,2024,revenue,approved,当初予算,01,一般会計,01一般会計,16,都支出金,16都支出金,03,委託金,03委託金,02,民生費委託金,02民生費委託金,06,身体障害者福祉法施行事務費委託金,06身体障害者福祉法施行事務費委託金,01,身体障害者福祉法施行事務費委託金,01身体障害者福祉法施行事務費委託金,0,,0,会計01/款16/項03/目02/節06/細節01/細々節0,210000,JPY,210,千円,499
132047:2024:revenue:approved:843d3e6b996e2871,132047,三鷹市,2024,revenue,approved,当初予算,01,一般会計,01一般会計,16,都支出金,16都支出金,03,委託金,03委託金,02,民生費委託金,02民生費委託金,07,精神障害者医療費助成申請等事務交付金,07精神障害者医療費助成申請等事務交付金,01,精神障害者医療費助成申請等事務交付金,01精神障害者医療費助成申請等事務交付金,0,,0,会計01/款16/項03/目02/節07/細節01/細々節0,3754000,JPY,3754,千円,500
132047:2024:revenue:approved:ed149e9f871b5ec3,132047,三鷹市,2024,revenue,approved,当初予算,01,一般会計,01一般会計,16,都支出金,16都支出金,03,委託金,03委託金,02,民生費委託金,02民生費委託金,08,精神障害者保健福祉事業人件費委託金,08精神障害者保健福祉事業人件費委託金,01,精神障害者保健福祉事業人件費委託金,01精神障害者保健福祉事業人件費委託金,0,,0,会計01/款16/項03/目02/節08/細節01/細々節0,13400000,JPY,13400,千円,501
132047:2024:revenue:approved:ac460accafffa1ca,132047,三鷹市,2024,revenue,approved,当初予算,01,一般会計,01一般会計,16,都支出金,16都支出金,03,委託金,03委託金,02,民生費委託金,02民生費委託金,09,重度心身障害者手当施行事務費委託金,09重度心身障害者手当施行事務費委託金,01,重度心身障害者手当施行事務費委託金,01重度心身障害者手当施行事務費委託金,0,,0,会計01/款16/項03/目02/節09/細節01/細々節0,611000,JPY,611,千円,502
132047:2024:revenue:approved:916f7f6833eeeec2,132047,三鷹市,2024,revenue,approved,当初予算,01,一般会計,01一般会計,16,都支出金,16都支出金,03,委託金,03委託金,02,民生費委託金,02民生費委託金,10,心身障害者医療費助成等事務費委託金,10心身障害者医療費助成等事務費委託金,01,心身障害者医療費助成等事務費委託金,01心身障害者医療費助成等事務費委託金,0,,0,会計01/款16/項03/目02/節10/細節01/細々節0,1625000,JPY,1625,千円,503
132047:2024:revenue:approved:10a29505dd32cae4,132047,三鷹市,2024,revenue,approved,当初予算,01,一般会計,01一般会計,16,都支出金,16都支出金,03,委託金,03委託金,02,民生費委託金,02民生費委託金,11,心身障害者扶養年金等事務費委託金,11心身障害者扶養年金等事務費委託金,01,心身障害者扶養年金事務費委託金,01心身障害者扶養年金事務費委託金,0,,0,会計01/款16/項03/目02/節11/細節01/細々節0,410000,JPY,410,千円,504
132047:2024:revenue:approved:97137f60d482928e,132047,三鷹市,2024,revenue,approved,当初予算,01,一般会計,01一般会計,16,都支出金,16都支出金,03,委託金,03委託金,02,民生費委託金,02民生費委託金,11,心身障害者扶養年金等事務費委託金,11心身障害者扶養年金等事務費委託金,02,心身障害者扶養共済事務費委託金,02心身障害者扶養共済事務費委託金,0,,0,会計01/款16/項03/目02/節11/細節02/細々節0,218000,JPY,218,千円,505
132047:2024:revenue:approved:82d6fb1ece46930c,132047,三鷹市,2024,revenue,approved,当初予算,01,一般会計,01一般会計,16,都支出金,16都支出金,03,委託金,03委託金,02,民生費委託金,02民生費委託金,12,小児慢性特定疾病医療費助成事務交付金,12小児慢性特定疾病医療費助成事務交付金,01,小児慢性特定疾病医療費助成事務交付金,01小児慢性特定疾病医療費助成事務交付金,0,,0,会計01/款16/項03/目02/節12/細節01/細々節0,55000,JPY,55,千円,506
132047:2024:revenue:approved:c52fb3522700f252,132047,三鷹市,2024,revenue,approved,当初予算,01,一般会計,01一般会計,16,都支出金,16都支出金,03,委託金,03委託金,02,民生費委託金,02民生費委託金,13,児童福祉施設設置届等事務費交付金,13児童福祉施設設置届等事務費交付金,01,児童福祉施設設置届等事務費交付金,01児童福祉施設設置届等事務費交付金,0,,0,会計01/款16/項03/目02/節13/細節01/細々節0,785000,JPY,785,千円,507
132047:2024:revenue:approved:84af41a35c450ce2,132047,三鷹市,2024,revenue,approved,当初予算,01,一般会計,01一般会計,16,都支出金,16都支出金,03,委託金,03委託金,02,民生費委託金,02民生費委託金,14,母子及び父子福祉資金貸付事業事務費交付金,14母子及び父子福祉資金貸付事業事務費交付金,01,母子及び父子福祉資金貸付事業事務費交付金,01母子及び父子福祉資金貸付事業事務費交付金,0,,0,会計01/款16/項03/目02/節14/細節01/細々節0,6322000,JPY,6322,千円,508
132047:2024:revenue:approved:cb4694c10511d84d,132047,三鷹市,2024,revenue,approved,当初予算,01,一般会計,01一般会計,16,都支出金,16都支出金,03,委託金,03委託金,03,衛生費委託金,03衛生費委託金,01,大気汚染健康障害者医療費助成事務交付金,01大気汚染健康障害者医療費助成事務交付金,01,大気汚染健康障害者医療費助成事務交付金,01大気汚染健康障害者医療費助成事務交付金,0,,0,会計01/款16/項03/目03/節01/細節01/細々節0,320000,JPY,320,千円,509
132047:2024:revenue:approved:4122dceb27fcc291,132047,三鷹市,2024,revenue,approved,当初予算,01,一般会計,01一般会計,16,都支出金,16都支出金,03,委託金,03委託金,03,衛生費委託金,03衛生費委託金,02,先天性風しん対策抗体検査事務交付金,02先天性風しん対策抗体検査事務交付金,01,先天性風しん対策抗体検査事務交付金,01先天性風しん対策抗体検査事務交付金,0,,0,会計01/款16/項03/目03/節02/細節01/細々節0,2829000,JPY,2829,千円,510
132047:2024:revenue:approved:355f774e1670c090,132047,三鷹市,2024,revenue,approved,当初予算,01,一般会計,01一般会計,16,都支出金,16都支出金,03,委託金,03委託金,03,衛生費委託金,03衛生費委託金,03,公害防止事務費委託金,03公害防止事務費委託金,01,公害防止事務費委託金,01公害防止事務費委託金,0,,0,会計01/款16/項03/目03/節03/細節01/細々節0,27889000,JPY,27889,千円,511
132047:2024:revenue:approved:66c584fba0ee4abb,132047,三鷹市,2024,revenue,approved,当初予算,01,一般会計,01一般会計,16,都支出金,16都支出金,03,委託金,03委託金,03,衛生費委託金,03衛生費委託金,04,犬猫等の公示事務費委託金,04犬猫等の公示事務費委託金,01,犬猫等の公示事務費委託金,01犬猫等の公示事務費委託金,0,,0,会計01/款16/項03/目03/節04/細節01/細々節0,1000,JPY,1,千円,512
132047:2024:revenue:approved:f87d1e7fe9eb43b1,132047,三鷹市,2024,revenue,approved,当初予算,01,一般会計,01一般会計,16,都支出金,16都支出金,03,委託金,03委託金,03,衛生費委託金,03衛生費委託金,05,動物死体処理委託金,05動物死体処理委託金,01,動物死体処理委託金,01動物死体処理委託金,0,,0,会計01/款16/項03/目03/節05/細節01/細々節0,495000,JPY,495,千円,513
132047:2024:revenue:approved:ae04e54d67585d21,132047,三鷹市,2024,revenue,approved,当初予算,01,一般会計,01一般会計,16,都支出金,16都支出金,03,委託金,03委託金,04,土木費委託金,04土木費委託金,01,建物調査委託金,01建物調査委託金,01,建築動態統計調査事務費委託金,01建築動態統計調査事務費委託金,0,,0,会計01/款16/項03/目04/節01/細節01/細々節0,53000,JPY,53,千円,514
132047:2024:revenue:approved:0b876c9f8f9fe37e,132047,三鷹市,2024,revenue,approved,当初予算,01,一般会計,01一般会計,16,都支出金,16都支出金,03,委託金,03委託金,04,土木費委託金,04土木費委託金,02,都条例認定許可事務費委託金,02都条例認定許可事務費委託金,01,都条例認定許可事務費委託金,01都条例認定許可事務費委託金,0,,0,会計01/款16/項03/目04/節02/細節01/細々節0,9000,JPY,9,千円,515
132047:2024:revenue:approved:c941f535c7225851,132047,三鷹市,2024,revenue,approved,当初予算,01,一般会計,01一般会計,16,都支出金,16都支出金,03,委託金,03委託金,04,土木費委託金,04土木費委託金,03,屋外広告物許可事務費委託金,03屋外広告物許可事務費委託金,01,屋外広告物許可事務費委託金,01屋外広告物許可事務費委託金,0,,0,会計01/款16/項03/目04/節03/細節01/細々節0,2270000,JPY,2270,千円,516
132047:2024:revenue:approved:7c3fa4dae6dd8a57,132047,三鷹市,2024,revenue,approved,当初予算,01,一般会計,01一般会計,16,都支出金,16都支出金,03,委託金,03委託金,04,土木費委託金,04土木費委託金,04,第三次みちづくり・まちづくりパートナー事業委託金,04第三次みちづくり・まちづくりパートナー事業委託金,01,第三次みちづくり・まちづくりパートナー事業委託金,01第三次みちづくり・まちづくりパートナー事業委託金,0,,0,会計01/款16/項03/目04/節04/細節01/細々節0,1395000,JPY,1395,千円,517
132047:2024:revenue:approved:69321554658622bd,132047,三鷹市,2024,revenue,approved,当初予算,01,一般会計,01一般会計,16,都支出金,16都支出金,03,委託金,03委託金,04,土木費委託金,04土木費委託金,05,都営住宅申込用紙配布等事務費委託金,05都営住宅申込用紙配布等事務費委託金,01,都営住宅申込用紙配布等事務費委託金,01都営住宅申込用紙配布等事務費委託金,0,,0,会計01/款16/項03/目04/節05/細節01/細々節0,335000,JPY,335,千円,518
132047:2024:revenue:approved:4d09d2a0178fb644,132047,三鷹市,2024,revenue,approved,当初予算,01,一般会計,01一般会計,16,都支出金,16都支出金,03,委託金,03委託金,04,土木費委託金,04土木費委託金,06,東京都耐震化推進条例事務処理特例交付金,06東京都耐震化推進条例事務処理特例交付金,01,耐震化推進条例事務処理特例交付金,01耐震化推進条例事務処理特例交付金,0,,0,会計01/款16/項03/目04/節06/細節01/細々節0,19000,JPY,19,千円,519
132047:2024:revenue:approved:b3e9ee20aa12666f,132047,三鷹市,2024,revenue,approved,当初予算,01,一般会計,01一般会計,16,都支出金,16都支出金,03,委託金,03委託金,04,土木費委託金,04土木費委託金,07,東京都マンション管理条例関係事務費委託金,07東京都マンション管理条例関係事務費委託金,01,マンション管理適正化事業事務処理特例交付金,01マンション管理適正化事業事務処理特例交付金,0,,0,会計01/款16/項03/目04/節07/細節01/細々節0,177000,JPY,177,千円,520
132047:2024:revenue:approved:d61fe8afae5131b9,132047,三鷹市,2024,revenue,approved,当初予算,01,一般会計,01一般会計,16,都支出金,16都支出金,03,委託金,03委託金,05,教育費委託金,05教育費委託金,01,市給与等支給事務処理特例交付金,01市給与等支給事務処理特例交付金,01,市給与等支給事務処理特例交付金,01市給与等支給事務処理特例交付金,0,,0,会計01/款16/項03/目05/節01/細節01/細々節0,5320000,JPY,5320,千円,521
132047:2024:revenue:approved:d446d00f01144c76,132047,三鷹市,2024,revenue,approved,当初予算,01,一般会計,01一般会計,16,都支出金,16都支出金,03,委託金,03委託金,05,教育費委託金,05教育費委託金,02,教職員研修等関係費交付金,02教職員研修等関係費交付金,01,教職員研修等事務費交付金,01教職員研修等事務費交付金,0,,0,会計01/款16/項03/目05/節02/細節01/細々節0,862000,JPY,862,千円,522
132047:2024:revenue:approved:94f043273c2ffa29,132047,三鷹市,2024,revenue,approved,当初予算,01,一般会計,01一般会計,16,都支出金,16都支出金,03,委託金,03委託金,05,教育費委託金,05教育費委託金,02,教職員研修等関係費交付金,02教職員研修等関係費交付金,02,小・中学校会計年度職員賃金等交付金,02小・中学校会計年度職員賃金等交付金,0,,0,会計01/款16/項03/目05/節02/細節02/細々節0,9148000,JPY,9148,千円,523
132047:2024:revenue:approved:fc12b3ea517f55e0,132047,三鷹市,2024,revenue,approved,当初予算,01,一般会計,01一般会計,16,都支出金,16都支出金,03,委託金,03委託金,05,教育費委託金,05教育費委託金,02,教職員研修等関係費交付金,02教職員研修等関係費交付金,03,成績一覧表調査委員会交付金,03成績一覧表調査委員会交付金,0,,0,会計01/款16/項03/目05/節02/細節03/細々節0,16000,JPY,16,千円,524
132047:2024:revenue:approved:158917149b701c90,132047,三鷹市,2024,revenue,approved,当初予算,01,一般会計,01一般会計,16,都支出金,16都支出金,03,委託金,03委託金,05,教育費委託金,05教育費委託金,02,教職員研修等関係費交付金,02教職員研修等関係費交付金,04,初任者研修交付金,04初任者研修交付金,0,,0,会計01/款16/項03/目05/節02/細節04/細々節0,257000,JPY,257,千円,525
132047:2024:revenue:approved:2d19532ec7009bc6,132047,三鷹市,2024,revenue,approved,当初予算,01,一般会計,01一般会計,16,都支出金,16都支出金,03,委託金,03委託金,05,教育費委託金,05教育費委託金,02,教職員研修等関係費交付金,02教職員研修等関係費交付金,05,中堅教諭等資質向上研修交付金,05中堅教諭等資質向上研修交付金,0,,0,会計01/款16/項03/目05/節02/細節05/細々節0,89000,JPY,89,千円,526
132047:2024:revenue:approved:8df4e2069d2ebd70,132047,三鷹市,2024,revenue,approved,当初予算,01,一般会計,01一般会計,16,都支出金,16都支出金,03,委託金,03委託金,05,教育費委託金,05教育費委託金,02,教職員研修等関係費交付金,02教職員研修等関係費交付金,06,主幹研修交付金,06主幹研修交付金,0,,0,会計01/款16/項03/目05/節02/細節06/細々節0,64000,JPY,64,千円,527
132047:2024:revenue:approved:22620b0e15b7ad49,132047,三鷹市,2024,revenue,approved,当初予算,01,一般会計,01一般会計,16,都支出金,16都支出金,03,委託金,03委託金,05,教育費委託金,05教育費委託金,03,人権尊重教育推進校事業委託金,03人権尊重教育推進校事業委託金,01,人権尊重教育推進校事業委託金,01人権尊重教育推進校事業委託金,0,,0,会計01/款16/項03/目05/節03/細節01/細々節0,357000,JPY,357,千円,528
132047:2024:revenue:approved:8a2500a3eca3b877,132047,三鷹市,2024,revenue,approved,当初予算,01,一般会計,01一般会計,16,都支出金,16都支出金,03,委託金,03委託金,05,教育費委託金,05教育費委託金,04,教科書展示会事業費交付金,04教科書展示会事業費交付金,01,教科書展示会事業費交付金,01教科書展示会事業費交付金,0,,0,会計01/款16/項03/目05/節04/細節01/細々節0,272000,JPY,272,千円,529
132047:2024:revenue:approved:79fe79d524135203,132047,三鷹市,2024,revenue,approved,当初予算,01,一般会計,01一般会計,16,都支出金,16都支出金,03,委託金,03委託金,05,教育費委託金,05教育費委託金,05,教育調査統計事務処理特例交付金,05教育調査統計事務処理特例交付金,01,教育調査統計事務処理特例交付金,01教育調査統計事務処理特例交付金,0,,0,会計01/款16/項03/目05/節05/細節01/細々節0,14000,JPY,14,千円,530
132047:2024:revenue:approved:7e95dcd5b47664c9,132047,三鷹市,2024,revenue,approved,当初予算,01,一般会計,01一般会計,16,都支出金,16都支出金,03,委託金,03委託金,05,教育費委託金,05教育費委託金,06,文化財関連事務事業費交付金,06文化財関連事務事業費交付金,01,文化財関連事務事業費交付金,01文化財関連事務事業費交付金,0,,0,会計01/款16/項03/目05/節06/細節01/細々節0,20000,JPY,20,千円,531
132047:2024:revenue:approved:c2fbf732ab2a75d1,132047,三鷹市,2024,revenue,approved,当初予算,01,一般会計,01一般会計,17,財産収入,17財産収入,01,財産運用収入,01財産運用収入,01,財産貸付収入,01財産貸付収入,01,土地建物貸付収入,01土地建物貸付収入,01,用地貸付収入,01用地貸付収入,0,,0,会計01/款17/項01/目01/節01/細節01/細々節0,4614000,JPY,4614,千円,532
132047:2024:revenue:approved:1bfcbb034e690301,132047,三鷹市,2024,revenue,approved,当初予算,01,一般会計,01一般会計,17,財産収入,17財産収入,01,財産運用収入,01財産運用収入,01,財産貸付収入,01財産貸付収入,01,土地建物貸付収入,01土地建物貸付収入,02,駅前商業活性化店舗等貸付収入,02駅前商業活性化店舗等貸付収入,0,,0,会計01/款17/項01/目01/節01/細節02/細々節0,1873000,JPY,1873,千円,533
132047:2024:revenue:approved:4584d421c4f55b93,132047,三鷹市,2024,revenue,approved,当初予算,01,一般会計,01一般会計,17,財産収入,17財産収入,01,財産運用収入,01財産運用収入,01,財産貸付収入,01財産貸付収入,01,土地建物貸付収入,01土地建物貸付収入,03,社会福祉施設貸付収入,03社会福祉施設貸付収入,0,,0,会計01/款17/項01/目01/節01/細節03/細々節0,5324000,JPY,5324,千円,534
132047:2024:revenue:approved:5b0c48c45dc9fa36,132047,三鷹市,2024,revenue,approved,当初予算,01,一般会計,01一般会計,17,財産収入,17財産収入,01,財産運用収入,01財産運用収入,01,財産貸付収入,01財産貸付収入,01,土地建物貸付収入,01土地建物貸付収入,04,建物貸付収入,04建物貸付収入,0,,0,会計01/款17/項01/目01/節01/細節04/細々節0,4656000,JPY,4656,千円,535
132047:2024:revenue:approved:8e02d607b536bf91,132047,三鷹市,2024,revenue,approved,当初予算,01,一般会計,01一般会計,17,財産収入,17財産収入,01,財産運用収入,01財産運用収入,02,利子及び配当金,02利子及び配当金,01,基金運用利子,01基金運用利子,01,財政調整基金積立金利子,01財政調整基金積立金利子,0,,0,会計01/款17/項01/目02/節01/細節01/細々節0,3091000,JPY,3091,千円,536
132047:2024:revenue:approved:318e411372e0abb6,132047,三鷹市,2024,revenue,approved,当初予算,01,一般会計,01一般会計,17,財産収入,17財産収入,01,財産運用収入,01財産運用収入,02,利子及び配当金,02利子及び配当金,01,基金運用利子,01基金運用利子,02,まちづくり施設整備基金積立金利子,02まちづくり施設整備基金積立金利子,0,,0,会計01/款17/項01/目02/節01/細節02/細々節0,2789000,JPY,2789,千円,537
132047:2024:revenue:approved:a93f0f6ca8ea43d8,132047,三鷹市,2024,revenue,approved,当初予算,01,一般会計,01一般会計,17,財産収入,17財産収入,01,財産運用収入,01財産運用収入,02,利子及び配当金,02利子及び配当金,01,基金運用利子,01基金運用利子,03,平和基金積立金利子,03平和基金積立金利子,0,,0,会計01/款17/項01/目02/節01/細節03/細々節0,284000,JPY,284,千円,538
132047:2024:revenue:approved:cf062aaa3743aeed,132047,三鷹市,2024,revenue,approved,当初予算,01,一般会計,01一般会計,17,財産収入,17財産収入,01,財産運用収入,01財産運用収入,02,利子及び配当金,02利子及び配当金,01,基金運用利子,01基金運用利子,04,庁舎等建設基金積立金利子,04庁舎等建設基金積立金利子,0,,0,会計01/款17/項01/目02/節01/細節04/細々節0,418000,JPY,418,千円,539
132047:2024:revenue:approved:bc4ab13442f64884,132047,三鷹市,2024,revenue,approved,当初予算,01,一般会計,01一般会計,17,財産収入,17財産収入,01,財産運用収入,01財産運用収入,02,利子及び配当金,02利子及び配当金,01,基金運用利子,01基金運用利子,05,健康福祉基金積立金利子,05健康福祉基金積立金利子,0,,0,会計01/款17/項01/目02/節01/細節05/細々節0,1294000,JPY,1294,千円,540
132047:2024:revenue:approved:76ce5fea49e111e3,132047,三鷹市,2024,revenue,approved,当初予算,01,一般会計,01一般会計,17,財産収入,17財産収入,01,財産運用収入,01財産運用収入,02,利子及び配当金,02利子及び配当金,01,基金運用利子,01基金運用利子,06,子ども・子育て基金積立金利子,06子ども・子育て基金積立金利子,0,,0,会計01/款17/項01/目02/節01/細節06/細々節0,1268000,JPY,1268,千円,541
132047:2024:revenue:approved:f41973b6c4431c81,132047,三鷹市,2024,revenue,approved,当初予算,01,一般会計,01一般会計,17,財産収入,17財産収入,01,財産運用収入,01財産運用収入,02,利子及び配当金,02利子及び配当金,01,基金運用利子,01基金運用利子,07,環境基金積立金利子,07環境基金積立金利子,0,,0,会計01/款17/項01/目02/節01/細節07/細々節0,11000,JPY,11,千円,542
132047:2024:revenue:approved:8ba1a71b244f117e,132047,三鷹市,2024,revenue,approved,当初予算,01,一般会計,01一般会計,17,財産収入,17財産収入,01,財産運用収入,01財産運用収入,02,利子及び配当金,02利子及び配当金,02,配当金,02配当金,01,株式会社ジェイコム東京配当金,01株式会社ジェイコム東京配当金,0,,0,会計01/款17/項01/目02/節02/細節01/細々節0,1131000,JPY,1131,千円,543
132047:2024:revenue:approved:63bb8283cdb9cc9f,132047,三鷹市,2024,revenue,approved,当初予算,01,一般会計,01一般会計,17,財産収入,17財産収入,02,財産売払収入,02財産売払収入,01,物品売払収入,01物品売払収入,01,不用品売払収入,01不用品売払収入,01,不用品売払収入,01不用品売払収入,0,,0,会計01/款17/項02/目01/節01/細節01/細々節0,5000,JPY,5,千円,544
132047:2024:revenue:approved:9fe94cc55f670cbb,132047,三鷹市,2024,revenue,approved,当初予算,01,一般会計,01一般会計,17,財産収入,17財産収入,02,財産売払収入,02財産売払収入,01,物品売払収入,01物品売払収入,02,電力売払収入,02電力売払収入,01,電力売払収入,01電力売払収入,0,,0,会計01/款17/項02/目01/節02/細節01/細々節0,38000,JPY,38,千円,545
132047:2024:revenue:approved:d12e0ba25e20b24e,132047,三鷹市,2024,revenue,approved,当初予算,01,一般会計,01一般会計,17,財産収入,17財産収入,02,財産売払収入,02財産売払収入,01,物品売払収入,01物品売払収入,03,市刊行物等販売収入,03市刊行物等販売収入,01,市刊行物等販売収入,01市刊行物等販売収入,0,,0,会計01/款17/項02/目01/節03/細節01/細々節0,619000,JPY,619,千円,546
132047:2024:revenue:approved:149681a46de9f5fa,132047,三鷹市,2024,revenue,approved,当初予算,01,一般会計,01一般会計,17,財産収入,17財産収入,02,財産売払収入,02財産売払収入,01,物品売払収入,01物品売払収入,04,特製物品売払収入,04特製物品売払収入,01,特製物品売払収入,01特製物品売払収入,0,,0,会計01/款17/項02/目01/節04/細節01/細々節0,400000,JPY,400,千円,547
132047:2024:revenue:approved:191b3e5f770f0c3d,132047,三鷹市,2024,revenue,approved,当初予算,01,一般会計,01一般会計,17,財産収入,17財産収入,02,財産売払収入,02財産売払収入,02,不動産売払収入,02不動産売払収入,01,土地売払収入,01土地売払収入,01,土地売払収入,01土地売払収入,0,,0,会計01/款17/項02/目02/節01/細節01/細々節0,25000000,JPY,25000,千円,548
132047:2024:revenue:approved:89b9d274bf70e6e3,132047,三鷹市,2024,revenue,approved,当初予算,01,一般会計,01一般会計,18,寄附金,18寄附金,01,寄附金,01寄附金,01,一般寄附金,01一般寄附金,01,一般寄附金,01一般寄附金,01,一般寄附金,01一般寄附金,0,,0,会計01/款18/項01/目01/節01/細節01/細々節0,32000000,JPY,32000,千円,549
132047:2024:revenue:approved:2d6a762981fdeffd,132047,三鷹市,2024,revenue,approved,当初予算,01,一般会計,01一般会計,18,寄附金,18寄附金,01,寄附金,01寄附金,02,総務費寄附金,02総務費寄附金,01,総務費寄附金,01総務費寄附金,01,総務費寄附金,01総務費寄附金,0,,0,会計01/款18/項01/目02/節01/細節01/細々節0,1000,JPY,1,千円,550
132047:2024:revenue:approved:ec521903795296a8,132047,三鷹市,2024,revenue,approved,当初予算,01,一般会計,01一般会計,18,寄附金,18寄附金,01,寄附金,01寄附金,02,総務費寄附金,02総務費寄附金,01,総務費寄附金,01総務費寄附金,02,市内大学応援寄附金,02市内大学応援寄附金,0,,0,会計01/款18/項01/目02/節01/細節02/細々節0,10000000,JPY,10000,千円,551
132047:2024:revenue:approved:23b8199356afca29,132047,三鷹市,2024,revenue,approved,当初予算,01,一般会計,01一般会計,18,寄附金,18寄附金,01,寄附金,01寄附金,03,民生費寄附金,03民生費寄附金,01,民生費寄附金,01民生費寄附金,01,民生費寄附金,01民生費寄附金,0,,0,会計01/款18/項01/目03/節01/細節01/細々節0,1000,JPY,1,千円,552
132047:2024:revenue:approved:18c016f407eb1305,132047,三鷹市,2024,revenue,approved,当初予算,01,一般会計,01一般会計,18,寄附金,18寄附金,01,寄附金,01寄附金,04,衛生費寄附金,04衛生費寄附金,01,衛生費寄附金,01衛生費寄附金,01,衛生費寄附金,01衛生費寄附金,0,,0,会計01/款18/項01/目04/節01/細節01/細々節0,1000,JPY,1,千円,553
132047:2024:revenue:approved:94e35e3642f06c92,132047,三鷹市,2024,revenue,approved,当初予算,01,一般会計,01一般会計,18,寄附金,18寄附金,01,寄附金,01寄附金,05,土木費寄附金,05土木費寄附金,01,土木費寄附金,01土木費寄附金,01,土木費寄附金,01土木費寄附金,0,,0,会計01/款18/項01/目05/節01/細節01/細々節0,1000,JPY,1,千円,554
132047:2024:revenue:approved:e151099909003656,132047,三鷹市,2024,revenue,approved,当初予算,01,一般会計,01一般会計,18,寄附金,18寄附金,01,寄附金,01寄附金,05,土木費寄附金,05土木費寄附金,01,土木費寄附金,01土木費寄附金,02,まちづくり協力金,02まちづくり協力金,0,,0,会計01/款18/項01/目05/節01/細節02/細々節0,1000,JPY,1,千円,555
132047:2024:revenue:approved:18be32affc305b74,132047,三鷹市,2024,revenue,approved,当初予算,01,一般会計,01一般会計,18,寄附金,18寄附金,01,寄附金,01寄附金,05,土木費寄附金,05土木費寄附金,01,土木費寄附金,01土木費寄附金,03,ほっとベンチ寄附金,03ほっとベンチ寄附金,0,,0,会計01/款18/項01/目05/節01/細節03/細々節0,400000,JPY,400,千円,556
132047:2024:revenue:approved:9739f6b46d94e1f0,132047,三鷹市,2024,revenue,approved,当初予算,01,一般会計,01一般会計,18,寄附金,18寄附金,01,寄附金,01寄附金,06,消防費寄附金,06消防費寄附金,01,消防費寄附金,01消防費寄附金,01,消防費寄附金,01消防費寄附金,0,,0,会計01/款18/項01/目06/節01/細節01/細々節0,1000,JPY,1,千円,557
132047:2024:revenue:approved:d4ba886b9406a08c,132047,三鷹市,2024,revenue,approved,当初予算,01,一般会計,01一般会計,18,寄附金,18寄附金,01,寄附金,01寄附金,07,教育費寄附金,07教育費寄附金,01,教育費寄附金,01教育費寄附金,01,教育費寄附金,01教育費寄附金,0,,0,会計01/款18/項01/目07/節01/細節01/細々節0,1000,JPY,1,千円,558
132047:2024:revenue:approved:a904a326a427cf88,132047,三鷹市,2024,revenue,approved,当初予算,01,一般会計,01一般会計,19,繰入金,19繰入金,01,特別会計繰入金,01特別会計繰入金,01,介護保険事業特別会計繰入金,01介護保険事業特別会計繰入金,01,介護保険事業特別会計繰入金,01介護保険事業特別会計繰入金,01,介護保険事業特別会計繰入金,01介護保険事業特別会計繰入金,0,,0,会計01/款19/項01/目01/節01/細節01/細々節0,60303000,JPY,60303,千円,559
132047:2024:revenue:approved:ee2dcd76782f99ea,132047,三鷹市,2024,revenue,approved,当初予算,01,一般会計,01一般会計,19,繰入金,19繰入金,02,基金繰入金,02基金繰入金,01,平和基金繰入金,01平和基金繰入金,01,平和基金繰入金,01平和基金繰入金,01,平和基金とりくずし収入,01平和基金とりくずし収入,0,,0,会計01/款19/項02/目01/節01/細節01/細々節0,6911000,JPY,6911,千円,560
132047:2024:revenue:approved:4aa50081419e4909,132047,三鷹市,2024,revenue,approved,当初予算,01,一般会計,01一般会計,19,繰入金,19繰入金,02,基金繰入金,02基金繰入金,02,環境基金繰入金,02環境基金繰入金,01,環境基金繰入金,01環境基金繰入金,01,環境基金とりくずし収入,01環境基金とりくずし収入,0,,0,会計01/款19/項02/目02/節01/細節01/細々節0,46606000,JPY,46606,千円,561
132047:2024:revenue:approved:c00c884a22e87ff3,132047,三鷹市,2024,revenue,approved,当初予算,01,一般会計,01一般会計,19,繰入金,19繰入金,02,基金繰入金,02基金繰入金,03,まちづくり施設整備基金繰入金,03まちづくり施設整備基金繰入金,01,まちづくり施設整備基金繰入金,01まちづくり施設整備基金繰入金,01,まちづくり施設整備基金とりくずし収入,01まちづくり施設整備基金とりくずし収入,0,,0,会計01/款19/項02/目03/節01/細節01/細々節0,500000000,JPY,500000,千円,562
132047:2024:revenue:approved:e23692b5c97b39ef,132047,三鷹市,2024,revenue,approved,当初予算,01,一般会計,01一般会計,19,繰入金,19繰入金,02,基金繰入金,02基金繰入金,04,財政調整基金繰入金,04財政調整基金繰入金,01,財政調整基金繰入金,01財政調整基金繰入金,01,財政調整基金とりくずし収入,01財政調整基金とりくずし収入,0,,0,会計01/款19/項02/目04/節01/細節01/細々節0,1211152000,JPY,1211152,千円,563
132047:2024:revenue:approved:0847cf948300c0d0,132047,三鷹市,2024,revenue,approved,当初予算,01,一般会計,01一般会計,19,繰入金,19繰入金,02,基金繰入金,02基金繰入金,05,健康福祉基金繰入金,05健康福祉基金繰入金,01,健康福祉基金繰入金,01健康福祉基金繰入金,01,健康福祉基金とりくずし収入,01健康福祉基金とりくずし収入,0,,0,会計01/款19/項02/目05/節01/細節01/細々節0,810000000,JPY,810000,千円,564
132047:2024:revenue:approved:97e3a8349ac0b175,132047,三鷹市,2024,revenue,approved,当初予算,01,一般会計,01一般会計,19,繰入金,19繰入金,02,基金繰入金,02基金繰入金,06,子ども・子育て基金繰入金,06子ども・子育て基金繰入金,01,子ども・子育て基金繰入金,01子ども・子育て基金繰入金,01,子ども・子育て基金とりくずし収入,01子ども・子育て基金とりくずし収入,0,,0,会計01/款19/項02/目06/節01/細節01/細々節0,904000000,JPY,904000,千円,565
132047:2024:revenue:approved:3e8b18b8ddd74cea,132047,三鷹市,2024,revenue,approved,当初予算,01,一般会計,01一般会計,20,繰越金,20繰越金,01,繰越金,01繰越金,01,繰越金,01繰越金,01,前年度繰越金,01前年度繰越金,01,前年度繰越金,01前年度繰越金,0,,0,会計01/款20/項01/目01/節01/細節01/細々節0,1000000000,JPY,1000000,千円,566
132047:2024:revenue:approved:bffccd0ad72dd317,132047,三鷹市,2024,revenue,approved,当初予算,01,一般会計,01一般会計,21,諸収入,21諸収入,01,延滞金、加算金及び過料,01延滞金、加算金及び過料,01,延滞金,01延滞金,01,市税延滞金,01市税延滞金,01,市税延滞金収入,01市税延滞金収入,0,,0,会計01/款21/項01/目01/節01/細節01/細々節0,36249000,JPY,36249,千円,567
132047:2024:revenue:approved:accfb2289981033a,132047,三鷹市,2024,revenue,approved,当初予算,01,一般会計,01一般会計,21,諸収入,21諸収入,01,延滞金、加算金及び過料,01延滞金、加算金及び過料,01,延滞金,01延滞金,02,その他延滞金,02その他延滞金,01,その他延滞金,01その他延滞金,0,,0,会計01/款21/項01/目01/節02/細節01/細々節0,249000,JPY,249,千円,568
132047:2024:revenue:approved:62de9fa314397e6d,132047,三鷹市,2024,revenue,approved,当初予算,01,一般会計,01一般会計,21,諸収入,21諸収入,01,延滞金、加算金及び過料,01延滞金、加算金及び過料,02,加算金,02加算金,01,市税加算金,01市税加算金,01,不申告加算金収入,01不申告加算金収入,0,,0,会計01/款21/項01/目02/節01/細節01/細々節0,1000,JPY,1,千円,569
132047:2024:revenue:approved:efe3f7ad7e9ea09f,132047,三鷹市,2024,revenue,approved,当初予算,01,一般会計,01一般会計,21,諸収入,21諸収入,02,市預金利子,02市預金利子,01,市預金利子,01市預金利子,01,預金利子,01預金利子,01,預金利子収入,01預金利子収入,0,,0,会計01/款21/項02/目01/節01/細節01/細々節0,107000,JPY,107,千円,570
132047:2024:revenue:approved:60ee4c39344acfa3,132047,三鷹市,2024,revenue,approved,当初予算,01,一般会計,01一般会計,21,諸収入,21諸収入,03,受託事業収入,03受託事業収入,01,河川維持業務受託事業収入,01河川維持業務受託事業収入,01,河川維持業務受託事業収入,01河川維持業務受託事業収入,01,河川維持業務受託事業収入,01河川維持業務受託事業収入,0,,0,会計01/款21/項03/目01/節01/細節01/細々節0,3520000,JPY,3520,千円,571
132047:2024:revenue:approved:22acffe08b482bb5,132047,三鷹市,2024,revenue,approved,当初予算,01,一般会計,01一般会計,21,諸収入,21諸収入,04,雑入,04雑入,01,滞納処分費,01滞納処分費,01,滞納処分費,01滞納処分費,01,市税滞納処分費,01市税滞納処分費,0,,0,会計01/款21/項04/目01/節01/細節01/細々節0,999000,JPY,999,千円,572
132047:2024:revenue:approved:988693522d871fa9,132047,三鷹市,2024,revenue,approved,当初予算,01,一般会計,01一般会計,21,諸収入,21諸収入,04,雑入,04雑入,02,弁償金,02弁償金,01,標識弁償金,01標識弁償金,01,原動機付自転車等標識弁償金,01原動機付自転車等標識弁償金,0,,0,会計01/款21/項04/目02/節01/細節01/細々節0,13000,JPY,13,千円,573
132047:2024:revenue:approved:09273085477bb13a,132047,三鷹市,2024,revenue,approved,当初予算,01,一般会計,01一般会計,21,諸収入,21諸収入,04,雑入,04雑入,02,弁償金,02弁償金,02,生活保護費弁償金,02生活保護費弁償金,01,生活保護費弁償金,01生活保護費弁償金,0,,0,会計01/款21/項04/目02/節02/細節01/細々節0,55000000,JPY,55000,千円,574
132047:2024:revenue:approved:bd059104f7eae04c,132047,三鷹市,2024,revenue,approved,当初予算,01,一般会計,01一般会計,21,諸収入,21諸収入,04,雑入,04雑入,03,委託金,03委託金,01,保育所運営費委託金,01保育所運営費委託金,01,市立保育所市外受託児委託金,01市立保育所市外受託児委託金,0,,0,会計01/款21/項04/目03/節01/細節01/細々節0,15000000,JPY,15000,千円,575
132047:2024:revenue:approved:9a721611ec8b41db,132047,三鷹市,2024,revenue,approved,当初予算,01,一般会計,01一般会計,21,諸収入,21諸収入,04,雑入,04雑入,04,障害者自立支援給付費等収入,04障害者自立支援給付費等収入,01,介護給付費等収入,01介護給付費等収入,01,グループホーム・ピアいのかしら共同生活援助給付費収入,01グループホーム・ピアいのかしら共同生活援助給付費収入,0,,0,会計01/款21/項04/目04/節01/細節01/細々節0,12720000,JPY,12720,千円,576
132047:2024:revenue:approved:96906b43df2ff70b,132047,三鷹市,2024,revenue,approved,当初予算,01,一般会計,01一般会計,21,諸収入,21諸収入,04,雑入,04雑入,04,障害者自立支援給付費等収入,04障害者自立支援給付費等収入,01,介護給付費等収入,01介護給付費等収入,02,子ども発達支援センター児童発達支援給付費収入,02子ども発達支援センター児童発達支援給付費収入,0,,0,会計01/款21/項04/目04/節01/細節02/細々節0,70833000,JPY,70833,千円,577
132047:2024:revenue:approved:2e5be3dc95129c9b,132047,三鷹市,2024,revenue,approved,当初予算,01,一般会計,01一般会計,21,諸収入,21諸収入,04,雑入,04雑入,04,障害者自立支援給付費等収入,04障害者自立支援給付費等収入,01,介護給付費等収入,01介護給付費等収入,03,子ども発達支援センター相談支援給付費等収入,03子ども発達支援センター相談支援給付費等収入,0,,0,会計01/款21/項04/目04/節01/細節03/細々節0,1683000,JPY,1683,千円,578
132047:2024:revenue:approved:cb1577a40a485d32,132047,三鷹市,2024,revenue,approved,当初予算,01,一般会計,01一般会計,21,諸収入,21諸収入,04,雑入,04雑入,04,障害者自立支援給付費等収入,04障害者自立支援給付費等収入,01,介護給付費等収入,01介護給付費等収入,04,子ども発達支援センター保育所等訪問支援給付費収入,04子ども発達支援センター保育所等訪問支援給付費収入,0,,0,会計01/款21/項04/目04/節01/細節04/細々節0,1112000,JPY,1112,千円,579
132047:2024:revenue:approved:e2253c6d823bac71,132047,三鷹市,2024,revenue,approved,当初予算,01,一般会計,01一般会計,21,諸収入,21諸収入,04,雑入,04雑入,04,障害者自立支援給付費等収入,04障害者自立支援給付費等収入,02,利用者負担金収入,02利用者負担金収入,01,子ども発達支援センター児童発達支援事業利用者負担金収入,01子ども発達支援センター児童発達支援事業利用者負担金収入,0,,0,会計01/款21/項04/目04/節02/細節01/細々節0,55000,JPY,55,千円,580
132047:2024:revenue:approved:112099e2e883bd23,132047,三鷹市,2024,revenue,approved,当初予算,01,一般会計,01一般会計,21,諸収入,21諸収入,04,雑入,04雑入,04,障害者自立支援給付費等収入,04障害者自立支援給付費等収入,02,利用者負担金収入,02利用者負担金収入,02,子ども発達支援センター保育所等訪問支援事業利用者負担金収入,02子ども発達支援センター保育所等訪問支援事業利用者負担金収入,0,,0,会計01/款21/項04/目04/節02/細節02/細々節0,11000,JPY,11,千円,581
132047:2024:revenue:approved:731d950872230178,132047,三鷹市,2024,revenue,approved,当初予算,01,一般会計,01一般会計,21,諸収入,21諸収入,04,雑入,04雑入,05,雑入,05雑入,01,雑入,01雑入,01,受託公衆電話使用料,01受託公衆電話使用料,0,,0,会計01/款21/項04/目05/節01/細節01/細々節0,13000,JPY,13,千円,582
132047:2024:revenue:approved:8ae8f5c7d61e28b5,132047,三鷹市,2024,revenue,approved,当初予算,01,一般会計,01一般会計,21,諸収入,21諸収入,04,雑入,04雑入,05,雑入,05雑入,01,雑入,01雑入,02,私用電話料,02私用電話料,0,,0,会計01/款21/項04/目05/節01/細節02/細々節0,13000,JPY,13,千円,583
132047:2024:revenue:approved:af4b55c288e4cbe4,132047,三鷹市,2024,revenue,approved,当初予算,01,一般会計,01一般会計,21,諸収入,21諸収入,04,雑入,04雑入,05,雑入,05雑入,01,雑入,01雑入,03,庁舎等維持管理費負担金収入,03庁舎等維持管理費負担金収入,0,,0,会計01/款21/項04/目05/節01/細節03/細々節0,4026000,JPY,4026,千円,584
132047:2024:revenue:approved:fa291c9c0312f807,132047,三鷹市,2024,revenue,approved,当初予算,01,一般会計,01一般会計,21,諸収入,21諸収入,04,雑入,04雑入,05,雑入,05雑入,01,雑入,01雑入,04,公共施設等光熱水費負担金収入,04公共施設等光熱水費負担金収入,0,,0,会計01/款21/項04/目05/節01/細節04/細々節0,4916000,JPY,4916,千円,585
132047:2024:revenue:approved:6611a38a23391682,132047,三鷹市,2024,revenue,approved,当初予算,01,一般会計,01一般会計,21,諸収入,21諸収入,04,雑入,04雑入,05,雑入,05雑入,01,雑入,01雑入,05,事務機械使用料負担金収入,05事務機械使用料負担金収入,0,,0,会計01/款21/項04/目05/節01/細節05/細々節0,157000,JPY,157,千円,586
132047:2024:revenue:approved:cd2ba126994fa52b,132047,三鷹市,2024,revenue,approved,当初予算,01,一般会計,01一般会計,21,諸収入,21諸収入,04,雑入,04雑入,05,雑入,05雑入,01,雑入,01雑入,06,コピーサービス使用料等収入,06コピーサービス使用料等収入,0,,0,会計01/款21/項04/目05/節01/細節06/細々節0,1456000,JPY,1456,千円,587
132047:2024:revenue:approved:18efb82deeb6aac9,132047,三鷹市,2024,revenue,approved,当初予算,01,一般会計,01一般会計,21,諸収入,21諸収入,04,雑入,04雑入,05,雑入,05雑入,01,雑入,01雑入,07,給与計算事務費負担金収入,07給与計算事務費負担金収入,0,,0,会計01/款21/項04/目05/節01/細節07/細々節0,370000,JPY,370,千円,588
132047:2024:revenue:approved:eac8579b8f8324ad,132047,三鷹市,2024,revenue,approved,当初予算,01,一般会計,01一般会計,21,諸収入,21諸収入,04,雑入,04雑入,05,雑入,05雑入,01,雑入,01雑入,08,ハロウィンジャンボ宝くじ区市町村交付金,08ハロウィンジャンボ宝くじ区市町村交付金,0,,0,会計01/款21/項04/目05/節01/細節08/細々節0,23259000,JPY,23259,千円,589
132047:2024:revenue:approved:c5ab6ffa3ed762fe,132047,三鷹市,2024,revenue,approved,当初予算,01,一般会計,01一般会計,21,諸収入,21諸収入,04,雑入,04雑入,05,雑入,05雑入,01,雑入,01雑入,09,雇用保険料個人負担分収入,09雇用保険料個人負担分収入,0,,0,会計01/款21/項04/目05/節01/細節09/細々節0,8383000,JPY,8383,千円,590
132047:2024:revenue:approved:f4a62ff3eb1a679a,132047,三鷹市,2024,revenue,approved,当初予算,01,一般会計,01一般会計,21,諸収入,21諸収入,04,雑入,04雑入,05,雑入,05雑入,01,雑入,01雑入,10,ホームページ広告掲載料収入,10ホームページ広告掲載料収入,0,,0,会計01/款21/項04/目05/節01/細節10/細々節0,2090000,JPY,2090,千円,591
132047:2024:revenue:approved:e54f0d7e2107a8ea,132047,三鷹市,2024,revenue,approved,当初予算,01,一般会計,01一般会計,21,諸収入,21諸収入,04,雑入,04雑入,05,雑入,05雑入,01,雑入,01雑入,11,区市町村観光インフラ整備支援補助金収入,11区市町村観光インフラ整備支援補助金収入,0,,0,会計01/款21/項04/目05/節01/細節11/細々節0,9903000,JPY,9903,千円,592
132047:2024:revenue:approved:314cf2fbb867cd6d,132047,三鷹市,2024,revenue,approved,当初予算,01,一般会計,01一般会計,21,諸収入,21諸収入,04,雑入,04雑入,05,雑入,05雑入,01,雑入,01雑入,12,デジタル基盤改革支援補助金収入,12デジタル基盤改革支援補助金収入,0,,0,会計01/款21/項04/目05/節01/細節12/細々節0,28350000,JPY,28350,千円,593
132047:2024:revenue:approved:426c1fc77ea2fad1,132047,三鷹市,2024,revenue,approved,当初予算,01,一般会計,01一般会計,21,諸収入,21諸収入,04,雑入,04雑入,05,雑入,05雑入,01,雑入,01雑入,13,多摩・島しょ行政手続のオンライン化・事務処理効率化推進事業助成金等収入,13多摩・島しょ行政手続のオンライン化・事務処理効率化推進事業助成金等収入,0,,0,会計01/款21/項04/目05/節01/細節13/細々節0,36440000,JPY,36440,千円,594
132047:2024:revenue:approved:505d7b11c50bbd77,132047,三鷹市,2024,revenue,approved,当初予算,01,一般会計,01一般会計,21,諸収入,21諸収入,04,雑入,04雑入,05,雑入,05雑入,01,雑入,01雑入,14,窓口呼出モニター広告掲載料等収入,14窓口呼出モニター広告掲載料等収入,0,,0,会計01/款21/項04/目05/節01/細節14/細々節0,61000,JPY,61,千円,595
132047:2024:revenue:approved:c7f1fc368467f504,132047,三鷹市,2024,revenue,approved,当初予算,01,一般会計,01一般会計,21,諸収入,21諸収入,04,雑入,04雑入,05,雑入,05雑入,01,雑入,01雑入,15,固定資産資料作成手数料収入,15固定資産資料作成手数料収入,0,,0,会計01/款21/項04/目05/節01/細節15/細々節0,418000,JPY,418,千円,596
132047:2024:revenue:approved:1eff5d22800db174,132047,三鷹市,2024,revenue,approved,当初予算,01,一般会計,01一般会計,21,諸収入,21諸収入,04,雑入,04雑入,05,雑入,05雑入,01,雑入,01雑入,16,権利擁護センター福祉サービス利用料金収入,16権利擁護センター福祉サービス利用料金収入,0,,0,会計01/款21/項04/目05/節01/細節16/細々節0,20000,JPY,20,千円,597
132047:2024:revenue:approved:e9eae4e8861e104f,132047,三鷹市,2024,revenue,approved,当初予算,01,一般会計,01一般会計,21,諸収入,21諸収入,04,雑入,04雑入,05,雑入,05雑入,01,雑入,01雑入,17,成年後見開始審判等請求費用収入,17成年後見開始審判等請求費用収入,0,,0,会計01/款21/項04/目05/節01/細節17/細々節0,388000,JPY,388,千円,598
132047:2024:revenue:approved:a8e9a96fb9ccac0b,132047,三鷹市,2024,revenue,approved,当初予算,01,一般会計,01一般会計,21,諸収入,21諸収入,04,雑入,04雑入,05,雑入,05雑入,01,雑入,01雑入,18,高齢者・障がい者言語機能リハビリテーション事業利用料金収入,18高齢者・障がい者言語機能リハビリテーション事業利用料金収入,0,,0,会計01/款21/項04/目05/節01/細節18/細々節0,208000,JPY,208,千円,599
132047:2024:revenue:approved:3f2fa43ec39ec896,132047,三鷹市,2024,revenue,approved,当初予算,01,一般会計,01一般会計,21,諸収入,21諸収入,04,雑入,04雑入,05,雑入,05雑入,01,雑入,01雑入,19,訪問理美容サービス利用料金収入,19訪問理美容サービス利用料金収入,0,,0,会計01/款21/項04/目05/節01/細節19/細々節0,252000,JPY,252,千円,600
132047:2024:revenue:approved:89f00f92511c724d,132047,三鷹市,2024,revenue,approved,当初予算,01,一般会計,01一般会計,21,諸収入,21諸収入,04,雑入,04雑入,05,雑入,05雑入,01,雑入,01雑入,20,手話講習会事業利用料金収入,20手話講習会事業利用料金収入,0,,0,会計01/款21/項04/目05/節01/細節20/細々節0,300000,JPY,300,千円,601
132047:2024:revenue:approved:a3ec3cc10cd2575e,132047,三鷹市,2024,revenue,approved,当初予算,01,一般会計,01一般会計,21,諸収入,21諸収入,04,雑入,04雑入,05,雑入,05雑入,01,雑入,01雑入,21,重度障がい者訪問入浴サービス利用料金収入,21重度障がい者訪問入浴サービス利用料金収入,0,,0,会計01/款21/項04/目05/節01/細節21/細々節0,286000,JPY,286,千円,602
132047:2024:revenue:approved:cf2450a8be1f1439,132047,三鷹市,2024,revenue,approved,当初予算,01,一般会計,01一般会計,21,諸収入,21諸収入,04,雑入,04雑入,05,雑入,05雑入,01,雑入,01雑入,22,心身障がい者（児）一時保護利用料金収入,22心身障がい者（児）一時保護利用料金収入,0,,0,会計01/款21/項04/目05/節01/細節22/細々節0,253000,JPY,253,千円,603
132047:2024:revenue:approved:128cfeec60766004,132047,三鷹市,2024,revenue,approved,当初予算,01,一般会計,01一般会計,21,諸収入,21諸収入,04,雑入,04雑入,05,雑入,05雑入,01,雑入,01雑入,23,ホームヘルパー等養成事業利用料金収入,23ホームヘルパー等養成事業利用料金収入,0,,0,会計01/款21/項04/目05/節01/細節23/細々節0,30000,JPY,30,千円,604
132047:2024:revenue:approved:2ccc1104c521e36f,132047,三鷹市,2024,revenue,approved,当初予算,01,一般会計,01一般会計,21,諸収入,21諸収入,04,雑入,04雑入,05,雑入,05雑入,01,雑入,01雑入,24,グループホーム・ピアいのかしら住居費等収入,24グループホーム・ピアいのかしら住居費等収入,0,,0,会計01/款21/項04/目05/節01/細節24/細々節0,3434000,JPY,3434,千円,605
132047:2024:revenue:approved:4c22c04eaf239ba8,132047,三鷹市,2024,revenue,approved,当初予算,01,一般会計,01一般会計,21,諸収入,21諸収入,04,雑入,04雑入,05,雑入,05雑入,01,雑入,01雑入,25,重度身体障がい者（児）ショートステイ利用料金収入,25重度身体障がい者（児）ショートステイ利用料金収入,0,,0,会計01/款21/項04/目05/節01/細節25/細々節0,1000,JPY,1,千円,606
132047:2024:revenue:approved:81fbbe7aec3df00a,132047,三鷹市,2024,revenue,approved,当初予算,01,一般会計,01一般会計,21,諸収入,21諸収入,04,雑入,04雑入,05,雑入,05雑入,01,雑入,01雑入,26,社会福祉施設転貸料収入,26社会福祉施設転貸料収入,0,,0,会計01/款21/項04/目05/節01/細節26/細々節0,1452000,JPY,1452,千円,607
132047:2024:revenue:approved:6a61a8f56d7b17da,132047,三鷹市,2024,revenue,approved,当初予算,01,一般会計,01一般会計,21,諸収入,21諸収入,04,雑入,04雑入,05,雑入,05雑入,01,雑入,01雑入,27,調布基地跡地福祉施設負担金収入,27調布基地跡地福祉施設負担金収入,0,,0,会計01/款21/項04/目05/節01/細節27/細々節0,25732000,JPY,25732,千円,608
132047:2024:revenue:approved:b77fe1e071b79e40,132047,三鷹市,2024,revenue,approved,当初予算,01,一般会計,01一般会計,21,諸収入,21諸収入,04,雑入,04雑入,05,雑入,05雑入,01,雑入,01雑入,28,給食サービス利用料金収入,28給食サービス利用料金収入,0,,0,会計01/款21/項04/目05/節01/細節28/細々節0,19568000,JPY,19568,千円,609
132047:2024:revenue:approved:1103eb6ce5414329,132047,三鷹市,2024,revenue,approved,当初予算,01,一般会計,01一般会計,21,諸収入,21諸収入,04,雑入,04雑入,05,雑入,05雑入,01,雑入,01雑入,29,高齢者緊急保護等事業利用料金収入,29高齢者緊急保護等事業利用料金収入,0,,0,会計01/款21/項04/目05/節01/細節29/細々節0,462000,JPY,462,千円,610
132047:2024:revenue:approved:026136e7c1fb0040,132047,三鷹市,2024,revenue,approved,当初予算,01,一般会計,01一般会計,21,諸収入,21諸収入,04,雑入,04雑入,05,雑入,05雑入,01,雑入,01雑入,30,生活リハビリセンター利用料金等収入,30生活リハビリセンター利用料金等収入,0,,0,会計01/款21/項04/目05/節01/細節30/細々節0,3659000,JPY,3659,千円,611
132047:2024:revenue:approved:d846cd407404124d,132047,三鷹市,2024,revenue,approved,当初予算,01,一般会計,01一般会計,21,諸収入,21諸収入,04,雑入,04雑入,05,雑入,05雑入,01,雑入,01雑入,31,介護人財育成センター研修等参加費収入,31介護人財育成センター研修等参加費収入,0,,0,会計01/款21/項04/目05/節01/細節31/細々節0,765000,JPY,765,千円,612
132047:2024:revenue:approved:7c9e9068d0f4c80a,132047,三鷹市,2024,revenue,approved,当初予算,01,一般会計,01一般会計,21,諸収入,21諸収入,04,雑入,04雑入,05,雑入,05雑入,01,雑入,01雑入,32,旧どんぐり山食事代等収入,32旧どんぐり山食事代等収入,0,,0,会計01/款21/項04/目05/節01/細節32/細々節0,1000,JPY,1,千円,613
132047:2024:revenue:approved:7cc420711e159105,132047,三鷹市,2024,revenue,approved,当初予算,01,一般会計,01一般会計,21,諸収入,21諸収入,04,雑入,04雑入,05,雑入,05雑入,01,雑入,01雑入,33,特定一時保育利用料金収入,33特定一時保育利用料金収入,0,,0,会計01/款21/項04/目05/節01/細節33/細々節0,177000,JPY,177,千円,614
132047:2024:revenue:approved:e6a40f623e86b41f,132047,三鷹市,2024,revenue,approved,当初予算,01,一般会計,01一般会計,21,諸収入,21諸収入,04,雑入,04雑入,05,雑入,05雑入,01,雑入,01雑入,34,子どもショートステイ利用料金収入,34子どもショートステイ利用料金収入,0,,0,会計01/款21/項04/目05/節01/細節34/細々節0,48000,JPY,48,千円,615
132047:2024:revenue:approved:a46e048994e99490,132047,三鷹市,2024,revenue,approved,当初予算,01,一般会計,01一般会計,21,諸収入,21諸収入,04,雑入,04雑入,05,雑入,05雑入,01,雑入,01雑入,35,トワイライト施設送迎利用料金収入,35トワイライト施設送迎利用料金収入,0,,0,会計01/款21/項04/目05/節01/細節35/細々節0,67000,JPY,67,千円,616
132047:2024:revenue:approved:7438ab757304161e,132047,三鷹市,2024,revenue,approved,当初予算,01,一般会計,01一般会計,21,諸収入,21諸収入,04,雑入,04雑入,05,雑入,05雑入,01,雑入,01雑入,36,トワイライトステイ利用料金収入,36トワイライトステイ利用料金収入,0,,0,会計01/款21/項04/目05/節01/細節36/細々節0,3500000,JPY,3500,千円,617
132047:2024:revenue:approved:c7e813ffab14467a,132047,三鷹市,2024,revenue,approved,当初予算,01,一般会計,01一般会計,21,諸収入,21諸収入,04,雑入,04雑入,05,雑入,05雑入,01,雑入,01雑入,37,家庭的保育施設給付費代替保育等相当額負担金収入,37家庭的保育施設給付費代替保育等相当額負担金収入,0,,0,会計01/款21/項04/目05/節01/細節37/細々節0,13351000,JPY,13351,千円,618
132047:2024:revenue:approved:6566a5f0ff4843d8,132047,三鷹市,2024,revenue,approved,当初予算,01,一般会計,01一般会計,21,諸収入,21諸収入,04,雑入,04雑入,05,雑入,05雑入,01,雑入,01雑入,38,年末保育利用料金収入,38年末保育利用料金収入,0,,0,会計01/款21/項04/目05/節01/細節38/細々節0,135000,JPY,135,千円,619
132047:2024:revenue:approved:98e165fe2d109346,132047,三鷹市,2024,revenue,approved,当初予算,01,一般会計,01一般会計,21,諸収入,21諸収入,04,雑入,04雑入,05,雑入,05雑入,01,雑入,01雑入,39,延長保育利用料金等収入,39延長保育利用料金等収入,0,,0,会計01/款21/項04/目05/節01/細節39/細々節0,3801000,JPY,3801,千円,620
132047:2024:revenue:approved:2ce7f7fd956ef3db,132047,三鷹市,2024,revenue,approved,当初予算,01,一般会計,01一般会計,21,諸収入,21諸収入,04,雑入,04雑入,05,雑入,05雑入,01,雑入,01雑入,40,保育園給食材料費負担金収入,40保育園給食材料費負担金収入,0,,0,会計01/款21/項04/目05/節01/細節40/細々節0,49001000,JPY,49001,千円,621
132047:2024:revenue:approved:6099101cc1e586d0,132047,三鷹市,2024,revenue,approved,当初予算,01,一般会計,01一般会計,21,諸収入,21諸収入,04,雑入,04雑入,05,雑入,05雑入,01,雑入,01雑入,41,一時保育利用料金収入,41一時保育利用料金収入,0,,0,会計01/款21/項04/目05/節01/細節41/細々節0,2257000,JPY,2257,千円,622
132047:2024:revenue:approved:999bff03108e5687,132047,三鷹市,2024,revenue,approved,当初予算,01,一般会計,01一般会計,21,諸収入,21諸収入,04,雑入,04雑入,05,雑入,05雑入,01,雑入,01雑入,42,民設民営保育園派遣職員人件費相当額負担金収入,42民設民営保育園派遣職員人件費相当額負担金収入,0,,0,会計01/款21/項04/目05/節01/細節42/細々節0,20400000,JPY,20400,千円,623
132047:2024:revenue:approved:ff05941193027c43,132047,三鷹市,2024,revenue,approved,当初予算,01,一般会計,01一般会計,21,諸収入,21諸収入,04,雑入,04雑入,05,雑入,05雑入,01,雑入,01雑入,43,定期利用保育利用料金等収入,43定期利用保育利用料金等収入,0,,0,会計01/款21/項04/目05/節01/細節43/細々節0,4320000,JPY,4320,千円,624
132047:2024:revenue:approved:6bf1d40c5e377550,132047,三鷹市,2024,revenue,approved,当初予算,01,一般会計,01一般会計,21,諸収入,21諸収入,04,雑入,04雑入,05,雑入,05雑入,01,雑入,01雑入,44,クリーンエネルギー自動車導入事業補助金収入,44クリーンエネルギー自動車導入事業補助金収入,0,,0,会計01/款21/項04/目05/節01/細節44/細々節0,1100000,JPY,1100,千円,625
132047:2024:revenue:approved:e001725a6c2a6b9f,132047,三鷹市,2024,revenue,approved,当初予算,01,一般会計,01一般会計,21,諸収入,21諸収入,04,雑入,04雑入,05,雑入,05雑入,01,雑入,01雑入,45,子ども発達支援センター給食利用料金収入,45子ども発達支援センター給食利用料金収入,0,,0,会計01/款21/項04/目05/節01/細節45/細々節0,1653000,JPY,1653,千円,626
132047:2024:revenue:approved:28c8f8c69952b754,132047,三鷹市,2024,revenue,approved,当初予算,01,一般会計,01一般会計,21,諸収入,21諸収入,04,雑入,04雑入,05,雑入,05雑入,01,雑入,01雑入,46,子ども発達支援センター障がい児一時保育利用料金収入,46子ども発達支援センター障がい児一時保育利用料金収入,0,,0,会計01/款21/項04/目05/節01/細節46/細々節0,840000,JPY,840,千円,627
132047:2024:revenue:approved:665638d64620d674,132047,三鷹市,2024,revenue,approved,当初予算,01,一般会計,01一般会計,21,諸収入,21諸収入,04,雑入,04雑入,05,雑入,05雑入,01,雑入,01雑入,47,一時保育利用料金相当額負担金収入,47一時保育利用料金相当額負担金収入,0,,0,会計01/款21/項04/目05/節01/細節47/細々節0,1696000,JPY,1696,千円,628
132047:2024:revenue:approved:ed34e90d70285439,132047,三鷹市,2024,revenue,approved,当初予算,01,一般会計,01一般会計,21,諸収入,21諸収入,04,雑入,04雑入,05,雑入,05雑入,01,雑入,01雑入,48,母子生活支援施設管外入所者措置費負担金収入,48母子生活支援施設管外入所者措置費負担金収入,0,,0,会計01/款21/項04/目05/節01/細節48/細々節0,1133000,JPY,1133,千円,629
132047:2024:revenue:approved:0005448a0e9f2774,132047,三鷹市,2024,revenue,approved,当初予算,01,一般会計,01一般会計,21,諸収入,21諸収入,04,雑入,04雑入,05,雑入,05雑入,01,雑入,01雑入,49,ひとり親家庭ホームヘルプサービス事業利用料金収入,49ひとり親家庭ホームヘルプサービス事業利用料金収入,0,,0,会計01/款21/項04/目05/節01/細節49/細々節0,199000,JPY,199,千円,630
132047:2024:revenue:approved:cb5ba95bd7a58070,132047,三鷹市,2024,revenue,approved,当初予算,01,一般会計,01一般会計,21,諸収入,21諸収入,04,雑入,04雑入,05,雑入,05雑入,01,雑入,01雑入,50,多世代交流センター行事等参加費収入,50多世代交流センター行事等参加費収入,0,,0,会計01/款21/項04/目05/節01/細節50/細々節0,279000,JPY,279,千円,631
132047:2024:revenue:approved:9c1f8b577eb56eda,132047,三鷹市,2024,revenue,approved,当初予算,01,一般会計,01一般会計,21,諸収入,21諸収入,04,雑入,04雑入,05,雑入,05雑入,01,雑入,01雑入,51,公衆衛生看護学実習等負担金収入,51公衆衛生看護学実習等負担金収入,0,,0,会計01/款21/項04/目05/節01/細節51/細々節0,30000,JPY,30,千円,632
132047:2024:revenue:approved:861ce061d0e39dfe,132047,三鷹市,2024,revenue,approved,当初予算,01,一般会計,01一般会計,21,諸収入,21諸収入,04,雑入,04雑入,05,雑入,05雑入,01,雑入,01雑入,52,休日・夜間診療所・薬局転貸料等収入,52休日・夜間診療所・薬局転貸料等収入,0,,0,会計01/款21/項04/目05/節01/細節52/細々節0,4082000,JPY,4082,千円,633
132047:2024:revenue:approved:947aea969be6c4d1,132047,三鷹市,2024,revenue,approved,当初予算,01,一般会計,01一般会計,21,諸収入,21諸収入,04,雑入,04雑入,05,雑入,05雑入,01,雑入,01雑入,53,後期高齢者医療制度事業費補助金収入,53後期高齢者医療制度事業費補助金収入,0,,0,会計01/款21/項04/目05/節01/細節53/細々節0,600000,JPY,600,千円,634
132047:2024:revenue:approved:e5871519b40915e4,132047,三鷹市,2024,revenue,approved,当初予算,01,一般会計,01一般会計,21,諸収入,21諸収入,04,雑入,04雑入,05,雑入,05雑入,01,雑入,01雑入,54,保険者インセンティブ交付金収入,54保険者インセンティブ交付金収入,0,,0,会計01/款21/項04/目05/節01/細節54/細々節0,9451000,JPY,9451,千円,635
132047:2024:revenue:approved:403f0971ac82e4de,132047,三鷹市,2024,revenue,approved,当初予算,01,一般会計,01一般会計,21,諸収入,21諸収入,04,雑入,04雑入,05,雑入,05雑入,01,雑入,01雑入,55,予防接種費負担金収入,55予防接種費負担金収入,0,,0,会計01/款21/項04/目05/節01/細節55/細々節0,47343000,JPY,47343,千円,636
132047:2024:revenue:approved:f6387a7d4f2103ff,132047,三鷹市,2024,revenue,approved,当初予算,01,一般会計,01一般会計,21,諸収入,21諸収入,04,雑入,04雑入,05,雑入,05雑入,01,雑入,01雑入,56,みどり東京・温暖化防止プロジェクト市町村助成金,56みどり東京・温暖化防止プロジェクト市町村助成金,0,,0,会計01/款21/項04/目05/節01/細節56/細々節0,1000000,JPY,1000,千円,637
132047:2024:revenue:approved:52671bdb61c570dd,132047,三鷹市,2024,revenue,approved,当初予算,01,一般会計,01一般会計,21,諸収入,21諸収入,04,雑入,04雑入,05,雑入,05雑入,01,雑入,01雑入,57,リサイクル品販売収入,57リサイクル品販売収入,0,,0,会計01/款21/項04/目05/節01/細節57/細々節0,672000,JPY,672,千円,638
132047:2024:revenue:approved:fc957eb66d62453c,132047,三鷹市,2024,revenue,approved,当初予算,01,一般会計,01一般会計,21,諸収入,21諸収入,04,雑入,04雑入,05,雑入,05雑入,01,雑入,01雑入,58,三多摩は一つなり交流事業補助金収入,58三多摩は一つなり交流事業補助金収入,0,,0,会計01/款21/項04/目05/節01/細節58/細々節0,500000,JPY,500,千円,639
132047:2024:revenue:approved:35513286e086647d,132047,三鷹市,2024,revenue,approved,当初予算,01,一般会計,01一般会計,21,諸収入,21諸収入,04,雑入,04雑入,05,雑入,05雑入,01,雑入,01雑入,59,ごみ減量啓発品販売収入,59ごみ減量啓発品販売収入,0,,0,会計01/款21/項04/目05/節01/細節59/細々節0,60000,JPY,60,千円,640
132047:2024:revenue:approved:b98812ba93c92de9,132047,三鷹市,2024,revenue,approved,当初予算,01,一般会計,01一般会計,21,諸収入,21諸収入,04,雑入,04雑入,05,雑入,05雑入,01,雑入,01雑入,60,家庭系ごみ指定収集袋広告掲載料収入,60家庭系ごみ指定収集袋広告掲載料収入,0,,0,会計01/款21/項04/目05/節01/細節60/細々節0,100000,JPY,100,千円,641
132047:2024:revenue:approved:decb57112b2e2e40,132047,三鷹市,2024,revenue,approved,当初予算,01,一般会計,01一般会計,21,諸収入,21諸収入,04,雑入,04雑入,05,雑入,05雑入,01,雑入,01雑入,61,古紙類等売却代金収入,61古紙類等売却代金収入,0,,0,会計01/款21/項04/目05/節01/細節61/細々節0,23231000,JPY,23231,千円,642
132047:2024:revenue:approved:8f83139679ccdbdd,132047,三鷹市,2024,revenue,approved,当初予算,01,一般会計,01一般会計,21,諸収入,21諸収入,04,雑入,04雑入,05,雑入,05雑入,01,雑入,01雑入,62,使用済小型家電売却代金収入,62使用済小型家電売却代金収入,0,,0,会計01/款21/項04/目05/節01/細節62/細々節0,41000,JPY,41,千円,643
132047:2024:revenue:approved:23204128b5fca3ea,132047,三鷹市,2024,revenue,approved,当初予算,01,一般会計,01一般会計,21,諸収入,21諸収入,04,雑入,04雑入,05,雑入,05雑入,01,雑入,01雑入,63,農業者年金業務委託手数料収入,63農業者年金業務委託手数料収入,0,,0,会計01/款21/項04/目05/節01/細節63/細々節0,75000,JPY,75,千円,644
132047:2024:revenue:approved:07e014b5daca7d18,132047,三鷹市,2024,revenue,approved,当初予算,01,一般会計,01一般会計,21,諸収入,21諸収入,04,雑入,04雑入,05,雑入,05雑入,01,雑入,01雑入,64,援農ボランティア活動保険料収入,64援農ボランティア活動保険料収入,0,,0,会計01/款21/項04/目05/節01/細節64/細々節0,80000,JPY,80,千円,645
132047:2024:revenue:approved:36c2bba8a7ba506c,132047,三鷹市,2024,revenue,approved,当初予算,01,一般会計,01一般会計,21,諸収入,21諸収入,04,雑入,04雑入,05,雑入,05雑入,01,雑入,01雑入,65,都市農業を育てる市民のつどい参加料金収入,65都市農業を育てる市民のつどい参加料金収入,0,,0,会計01/款21/項04/目05/節01/細節65/細々節0,40000,JPY,40,千円,646
132047:2024:revenue:approved:620b8357be7b8261,132047,三鷹市,2024,revenue,approved,当初予算,01,一般会計,01一般会計,21,諸収入,21諸収入,04,雑入,04雑入,05,雑入,05雑入,01,雑入,01雑入,66,市民農園利用料金収入,66市民農園利用料金収入,0,,0,会計01/款21/項04/目05/節01/細節66/細々節0,3584000,JPY,3584,千円,647
132047:2024:revenue:approved:a36ff480c269ca03,132047,三鷹市,2024,revenue,approved,当初予算,01,一般会計,01一般会計,21,諸収入,21諸収入,04,雑入,04雑入,05,雑入,05雑入,01,雑入,01雑入,67,生産緑地買取・活用支援事業補助金収入,67生産緑地買取・活用支援事業補助金収入,0,,0,会計01/款21/項04/目05/節01/細節67/細々節0,981632000,JPY,981632,千円,648
132047:2024:revenue:approved:8e40a3d746dacd06,132047,三鷹市,2024,revenue,approved,当初予算,01,一般会計,01一般会計,21,諸収入,21諸収入,04,雑入,04雑入,05,雑入,05雑入,01,雑入,01雑入,68,さくら通り駐車場用地賃借料相当額負担金収入,68さくら通り駐車場用地賃借料相当額負担金収入,0,,0,会計01/款21/項04/目05/節01/細節68/細々節0,45748000,JPY,45748,千円,649
132047:2024:revenue:approved:4a42560edfe8cda4,132047,三鷹市,2024,revenue,approved,当初予算,01,一般会計,01一般会計,21,諸収入,21諸収入,04,雑入,04雑入,05,雑入,05雑入,01,雑入,01雑入,69,駅前商業活性化店舗等施設負担金収入,69駅前商業活性化店舗等施設負担金収入,0,,0,会計01/款21/項04/目05/節01/細節69/細々節0,2623000,JPY,2623,千円,650
132047:2024:revenue:approved:360ad5508f9ba880,132047,三鷹市,2024,revenue,approved,当初予算,01,一般会計,01一般会計,21,諸収入,21諸収入,04,雑入,04雑入,05,雑入,05雑入,01,雑入,01雑入,70,シティコート下連雀貸店舗施設負担金収入,70シティコート下連雀貸店舗施設負担金収入,0,,0,会計01/款21/項04/目05/節01/細節70/細々節0,467000,JPY,467,千円,651
132047:2024:revenue:approved:dbfd5a57cee6defb,132047,三鷹市,2024,revenue,approved,当初予算,01,一般会計,01一般会計,21,諸収入,21諸収入,04,雑入,04雑入,05,雑入,05雑入,01,雑入,01雑入,71,牟礼研究開発センター修繕費負担金収入,71牟礼研究開発センター修繕費負担金収入,0,,0,会計01/款21/項04/目05/節01/細節71/細々節0,30662000,JPY,30662,千円,652
132047:2024:revenue:approved:5994b65488359101,132047,三鷹市,2024,revenue,approved,当初予算,01,一般会計,01一般会計,21,諸収入,21諸収入,04,雑入,04雑入,05,雑入,05雑入,01,雑入,01雑入,72,三鷹駅南口広場広告掲示板利用料金収入,72三鷹駅南口広場広告掲示板利用料金収入,0,,0,会計01/款21/項04/目05/節01/細節72/細々節0,210000,JPY,210,千円,653
132047:2024:revenue:approved:c4b663ca9729ecba,132047,三鷹市,2024,revenue,approved,当初予算,01,一般会計,01一般会計,21,諸収入,21諸収入,04,雑入,04雑入,05,雑入,05雑入,01,雑入,01雑入,73,東京都市町村民交通災害共済市町村事務交付金,73東京都市町村民交通災害共済市町村事務交付金,0,,0,会計01/款21/項04/目05/節01/細節73/細々節0,127000,JPY,127,千円,654
132047:2024:revenue:approved:237de73309939c3a,132047,三鷹市,2024,revenue,approved,当初予算,01,一般会計,01一般会計,21,諸収入,21諸収入,04,雑入,04雑入,05,雑入,05雑入,01,雑入,01雑入,74,放置自転車等撤去料収入,74放置自転車等撤去料収入,0,,0,会計01/款21/項04/目05/節01/細節74/細々節0,1148000,JPY,1148,千円,655
132047:2024:revenue:approved:5ae19a27ae3a83d4,132047,三鷹市,2024,revenue,approved,当初予算,01,一般会計,01一般会計,21,諸収入,21諸収入,04,雑入,04雑入,05,雑入,05雑入,01,雑入,01雑入,75,放置自転車等売却収入,75放置自転車等売却収入,0,,0,会計01/款21/項04/目05/節01/細節75/細々節0,217000,JPY,217,千円,656
132047:2024:revenue:approved:6758179d4e849893,132047,三鷹市,2024,revenue,approved,当初予算,01,一般会計,01一般会計,21,諸収入,21諸収入,04,雑入,04雑入,05,雑入,05雑入,01,雑入,01雑入,76,自転車等駐車場指定管理者利用料金超過分納入金等収入,76自転車等駐車場指定管理者利用料金超過分納入金等収入,0,,0,会計01/款21/項04/目05/節01/細節76/細々節0,8465000,JPY,8465,千円,657
132047:2024:revenue:approved:2807670f0b255ca3,132047,三鷹市,2024,revenue,approved,当初予算,01,一般会計,01一般会計,21,諸収入,21諸収入,04,雑入,04雑入,05,雑入,05雑入,01,雑入,01雑入,77,美術館周辺指導員等業務負担金収入,77美術館周辺指導員等業務負担金収入,0,,0,会計01/款21/項04/目05/節01/細節77/細々節0,6084000,JPY,6084,千円,658
132047:2024:revenue:approved:753c962ba38c1782,132047,三鷹市,2024,revenue,approved,当初予算,01,一般会計,01一般会計,21,諸収入,21諸収入,04,雑入,04雑入,05,雑入,05雑入,01,雑入,01雑入,78,小型ＥＶバス乗車券地域ポイント収入,78小型ＥＶバス乗車券地域ポイント収入,0,,0,会計01/款21/項04/目05/節01/細節78/細々節0,1000,JPY,1,千円,659
132047:2024:revenue:approved:298e840fdbc83989,132047,三鷹市,2024,revenue,approved,当初予算,01,一般会計,01一般会計,21,諸収入,21諸収入,04,雑入,04雑入,05,雑入,05雑入,01,雑入,01雑入,79,三鷹駅バス降車場賃借料相当額負担金収入,79三鷹駅バス降車場賃借料相当額負担金収入,0,,0,会計01/款21/項04/目05/節01/細節79/細々節0,1187000,JPY,1187,千円,660
132047:2024:revenue:approved:b69eb67221f80eaf,132047,三鷹市,2024,revenue,approved,当初予算,01,一般会計,01一般会計,21,諸収入,21諸収入,04,雑入,04雑入,05,雑入,05雑入,01,雑入,01雑入,80,雨水貯留施設負担金収入,80雨水貯留施設負担金収入,0,,0,会計01/款21/項04/目05/節01/細節80/細々節0,161000,JPY,161,千円,661
132047:2024:revenue:approved:66d090b407ed44c5,132047,三鷹市,2024,revenue,approved,当初予算,01,一般会計,01一般会計,21,諸収入,21諸収入,04,雑入,04雑入,05,雑入,05雑入,01,雑入,01雑入,81,施設命名権収入,81施設命名権収入,0,,0,会計01/款21/項04/目05/節01/細節81/細々節0,8000000,JPY,8000,千円,662
132047:2024:revenue:approved:244466565b4bd3d2,132047,三鷹市,2024,revenue,approved,当初予算,01,一般会計,01一般会計,21,諸収入,21諸収入,04,雑入,04雑入,05,雑入,05雑入,01,雑入,01雑入,82,消防団員等公務災害補償基金受入金,82消防団員等公務災害補償基金受入金,0,,0,会計01/款21/項04/目05/節01/細節82/細々節0,150000,JPY,150,千円,663
132047:2024:revenue:approved:56c90adaf7568e96,132047,三鷹市,2024,revenue,approved,当初予算,01,一般会計,01一般会計,21,諸収入,21諸収入,04,雑入,04雑入,05,雑入,05雑入,01,雑入,01雑入,83,消防団員退職報償金受入金,83消防団員退職報償金受入金,0,,0,会計01/款21/項04/目05/節01/細節83/細々節0,4016000,JPY,4016,千円,664
132047:2024:revenue:approved:76fe1f92ea9fefad,132047,三鷹市,2024,revenue,approved,当初予算,01,一般会計,01一般会計,21,諸収入,21諸収入,04,雑入,04雑入,05,雑入,05雑入,01,雑入,01雑入,84,学校給食費収入,84学校給食費収入,0,,0,会計01/款21/項04/目05/節01/細節84/細々節0,73238000,JPY,73238,千円,665
132047:2024:revenue:approved:15c90de26000e8b7,132047,三鷹市,2024,revenue,approved,当初予算,01,一般会計,01一般会計,21,諸収入,21諸収入,04,雑入,04雑入,05,雑入,05雑入,01,雑入,01雑入,85,学校災害共済給付金等収入,85学校災害共済給付金等収入,0,,0,会計01/款21/項04/目05/節01/細節85/細々節0,7993000,JPY,7993,千円,666
132047:2024:revenue:approved:4b5cf125dbcbdf00,132047,三鷹市,2024,revenue,approved,当初予算,01,一般会計,01一般会計,21,諸収入,21諸収入,04,雑入,04雑入,05,雑入,05雑入,01,雑入,01雑入,86,地域伝統芸能等保存事業助成金収入,86地域伝統芸能等保存事業助成金収入,0,,0,会計01/款21/項04/目05/節01/細節86/細々節0,300000,JPY,300,千円,667
132047:2024:revenue:approved:69b1e40d68bd1fd3,132047,三鷹市,2024,revenue,approved,当初予算,01,一般会計,01一般会計,21,諸収入,21諸収入,04,雑入,04雑入,05,雑入,05雑入,01,雑入,01雑入,87,遺跡緊急発掘調査事業原因者負担金収入,87遺跡緊急発掘調査事業原因者負担金収入,0,,0,会計01/款21/項04/目05/節01/細節87/細々節0,1000,JPY,1,千円,668
132047:2024:revenue:approved:731670435b241a17,132047,三鷹市,2024,revenue,approved,当初予算,01,一般会計,01一般会計,21,諸収入,21諸収入,04,雑入,04雑入,05,雑入,05雑入,01,雑入,01雑入,88,子ども交流会参加料金収入,88子ども交流会参加料金収入,0,,0,会計01/款21/項04/目05/節01/細節88/細々節0,240000,JPY,240,千円,669
132047:2024:revenue:approved:9f871f47e36d1702,132047,三鷹市,2024,revenue,approved,当初予算,01,一般会計,01一般会計,21,諸収入,21諸収入,04,雑入,04雑入,05,雑入,05雑入,01,雑入,01雑入,89,スポーツ振興くじ助成金,89スポーツ振興くじ助成金,0,,0,会計01/款21/項04/目05/節01/細節89/細々節0,11317000,JPY,11317,千円,670
132047:2024:revenue:approved:586d33e9cdf17090,132047,三鷹市,2024,revenue,approved,当初予算,01,一般会計,01一般会計,21,諸収入,21諸収入,04,雑入,04雑入,05,雑入,05雑入,01,雑入,01雑入,90,子ども活動支援金収入,90子ども活動支援金収入,0,,0,会計01/款21/項04/目05/節01/細節90/細々節0,1000000,JPY,1000,千円,671
132047:2024:revenue:approved:5fc2254196e2824e,132047,三鷹市,2024,revenue,approved,当初予算,01,一般会計,01一般会計,21,諸収入,21諸収入,04,雑入,04雑入,05,雑入,05雑入,01,雑入,01雑入,91,スポーツ施設利用料金収入,91スポーツ施設利用料金収入,0,,0,会計01/款21/項04/目05/節01/細節91/細々節0,891000,JPY,891,千円,672
132047:2024:revenue:approved:e5e201d4a6ad8022,132047,三鷹市,2024,revenue,approved,当初予算,01,一般会計,01一般会計,21,諸収入,21諸収入,04,雑入,04雑入,05,雑入,05雑入,01,雑入,01雑入,92,大沢野川グラウンド復旧補償金収入,92大沢野川グラウンド復旧補償金収入,0,,0,会計01/款21/項04/目05/節01/細節92/細々節0,1606000,JPY,1606,千円,673
132047:2024:revenue:approved:d97add33e56cc813,132047,三鷹市,2024,revenue,approved,当初予算,01,一般会計,01一般会計,22,市債,22市債,01,市債,01市債,01,民生債,01民生債,01,社会福祉施設整備債,01社会福祉施設整備債,01,一小学童保育所整備事業債,01一小学童保育所整備事業債,0,,0,会計01/款22/項01/目01/節01/細節01/細々節0,64000000,JPY,64000,千円,674
132047:2024:revenue:approved:57ffe4c2721f9fc8,132047,三鷹市,2024,revenue,approved,当初予算,01,一般会計,01一般会計,22,市債,22市債,01,市債,01市債,02,農林債,02農林債,01,農園整備債,01農園整備債,01,牟礼の里農園（仮称）整備事業債,01牟礼の里農園（仮称）整備事業債,0,,0,会計01/款22/項01/目02/節01/細節01/細々節0,378000000,JPY,378000,千円,675
132047:2024:revenue:approved:5c2920a0f02bce78,132047,三鷹市,2024,revenue,approved,当初予算,01,一般会計,01一般会計,22,市債,22市債,01,市債,01市債,03,土木債,03土木債,01,道路整備債,01道路整備債,01,三鷹駅前デッキ長寿命化改修事業債,01三鷹駅前デッキ長寿命化改修事業債,0,,0,会計01/款22/項01/目03/節01/細節01/細々節0,52000000,JPY,52000,千円,676
132047:2024:revenue:approved:3d010de216bfc736,132047,三鷹市,2024,revenue,approved,当初予算,01,一般会計,01一般会計,22,市債,22市債,01,市債,01市債,03,土木債,03土木債,01,道路整備債,01道路整備債,02,宮下橋架替事業債,02宮下橋架替事業債,0,,0,会計01/款22/項01/目03/節01/細節02/細々節0,196000000,JPY,196000,千円,677
132047:2024:revenue:approved:3d49513909d803ab,132047,三鷹市,2024,revenue,approved,当初予算,01,一般会計,01一般会計,22,市債,22市債,01,市債,01市債,03,土木債,03土木債,02,都市計画債,02都市計画債,01,北野公園用地取得事業債,01北野公園用地取得事業債,0,,0,会計01/款22/項01/目03/節02/細節01/細々節0,102000000,JPY,102000,千円,678
132047:2024:revenue:approved:496b10b4bc25a3f2,132047,三鷹市,2024,revenue,approved,当初予算,01,一般会計,01一般会計,22,市債,22市債,01,市債,01市債,04,教育債,04教育債,01,義務教育施設整備債,01義務教育施設整備債,01,第四小学校大規模改修事業債,01第四小学校大規模改修事業債,0,,0,会計01/款22/項01/目04/節01/細節01/細々節0,68000000,JPY,68000,千円,679
132047:2024:revenue:approved:1efd978190c9f038,132047,三鷹市,2024,revenue,approved,当初予算,01,一般会計,01一般会計,22,市債,22市債,01,市債,01市債,04,教育債,04教育債,01,義務教育施設整備債,01義務教育施設整備債,02,井口小学校大規模改修事業債,02井口小学校大規模改修事業債,0,,0,会計01/款22/項01/目04/節01/細節02/細々節0,144000000,JPY,144000,千円,680
132047:2024:revenue:approved:9f47dee8f748011c,132047,三鷹市,2024,revenue,approved,当初予算,01,一般会計,01一般会計,22,市債,22市債,01,市債,01市債,04,教育債,04教育債,01,義務教育施設整備債,01義務教育施設整備債,03,第五小学校大規模改修事業債,03第五小学校大規模改修事業債,0,,0,会計01/款22/項01/目04/節01/細節03/細々節0,60000000,JPY,60000,千円,681
132047:2024:revenue:approved:5cbf38d7a761a580,132047,三鷹市,2024,revenue,approved,当初予算,01,一般会計,01一般会計,22,市債,22市債,01,市債,01市債,04,教育債,04教育債,01,義務教育施設整備債,01義務教育施設整備債,04,第三中学校大規模改修事業債,04第三中学校大規模改修事業債,0,,0,会計01/款22/項01/目04/節01/細節04/細々節0,77000000,JPY,77000,千円,682
132047:2024:revenue:approved:2454279d385690c6,132047,三鷹市,2024,revenue,approved,当初予算,01,一般会計,01一般会計,22,市債,22市債,01,市債,01市債,04,教育債,04教育債,02,スポーツ施設整備債,02スポーツ施設整備債,01,井口グラウンド（仮称）等整備事業債,01井口グラウンド（仮称）等整備事業債,0,,0,会計01/款22/項01/目04/節02/細節01/細々節0,225000000,JPY,225000,千円,683
132047:2024:revenue:approved:7f1d94a4bd40dbf5,132047,三鷹市,2024,revenue,approved,当初予算,02,国民健康保険事業特別会計,02国民健康保険事業特別会計,01,国民健康保険税,01国民健康保険税,01,国民健康保険税,01国民健康保険税,01,一般被保険者国民健康保険税,01一般被保険者国民健康保険税,01,医療給付費分現年課税分,01医療給付費分現年課税分,01,現年課税分,01現年課税分,0,,0,会計02/款01/項01/目01/節01/細節01/細々節0,2463961000,JPY,2463961,千円,684
132047:2024:revenue:approved:369c16ccff657f65,132047,三鷹市,2024,revenue,approved,当初予算,02,国民健康保険事業特別会計,02国民健康保険事業特別会計,01,国民健康保険税,01国民健康保険税,01,国民健康保険税,01国民健康保険税,01,一般被保険者国民健康保険税,01一般被保険者国民健康保険税,02,介護納付金分現年課税分,02介護納付金分現年課税分,01,現年課税分,01現年課税分,0,,0,会計02/款01/項01/目01/節02/細節01/細々節0,353943000,JPY,353943,千円,685
132047:2024:revenue:approved:6c5260cfb6de86b6,132047,三鷹市,2024,revenue,approved,当初予算,02,国民健康保険事業特別会計,02国民健康保険事業特別会計,01,国民健康保険税,01国民健康保険税,01,国民健康保険税,01国民健康保険税,01,一般被保険者国民健康保険税,01一般被保険者国民健康保険税,03,後期高齢者支援金分現年課税分,03後期高齢者支援金分現年課税分,01,現年課税分,01現年課税分,0,,0,会計02/款01/項01/目01/節03/細節01/細々節0,958044000,JPY,958044,千円,686
132047:2024:revenue:approved:1906515909c1c09f,132047,三鷹市,2024,revenue,approved,当初予算,02,国民健康保険事業特別会計,02国民健康保険事業特別会計,01,国民健康保険税,01国民健康保険税,01,国民健康保険税,01国民健康保険税,01,一般被保険者国民健康保険税,01一般被保険者国民健康保険税,04,医療給付費分滞納繰越分,04医療給付費分滞納繰越分,01,滞納繰越分,01滞納繰越分,0,,0,会計02/款01/項01/目01/節04/細節01/細々節0,89729000,JPY,89729,千円,687
132047:2024:revenue:approved:32a9f1beabd6f4d3,132047,三鷹市,2024,revenue,approved,当初予算,02,国民健康保険事業特別会計,02国民健康保険事業特別会計,01,国民健康保険税,01国民健康保険税,01,国民健康保険税,01国民健康保険税,01,一般被保険者国民健康保険税,01一般被保険者国民健康保険税,05,介護納付金分滞納繰越分,05介護納付金分滞納繰越分,01,滞納繰越分,01滞納繰越分,0,,0,会計02/款01/項01/目01/節05/細節01/細々節0,15611000,JPY,15611,千円,688
132047:2024:revenue:approved:a9492c4b783d4f3e,132047,三鷹市,2024,revenue,approved,当初予算,02,国民健康保険事業特別会計,02国民健康保険事業特別会計,01,国民健康保険税,01国民健康保険税,01,国民健康保険税,01国民健康保険税,01,一般被保険者国民健康保険税,01一般被保険者国民健康保険税,06,後期高齢者支援金分滞納繰越分,06後期高齢者支援金分滞納繰越分,01,滞納繰越分,01滞納繰越分,0,,0,会計02/款01/項01/目01/節06/細節01/細々節0,34017000,JPY,34017,千円,689
132047:2024:revenue:approved:a529710df85e238b,132047,三鷹市,2024,revenue,approved,当初予算,02,国民健康保険事業特別会計,02国民健康保険事業特別会計,01,国民健康保険税,01国民健康保険税,01,国民健康保険税,01国民健康保険税,02,退職被保険者等国民健康保険税,02退職被保険者等国民健康保険税,01,医療給付費分現年課税分,01医療給付費分現年課税分,01,現年課税分,01現年課税分,0,,0,会計02/款01/項01/目02/節01/細節01/細々節0,1000,JPY,1,千円,690
132047:2024:revenue:approved:0b14dfd4cad19121,132047,三鷹市,2024,revenue,approved,当初予算,02,国民健康保険事業特別会計,02国民健康保険事業特別会計,01,国民健康保険税,01国民健康保険税,01,国民健康保険税,01国民健康保険税,02,退職被保険者等国民健康保険税,02退職被保険者等国民健康保険税,02,介護納付金分現年課税分,02介護納付金分現年課税分,01,現年課税分,01現年課税分,0,,0,会計02/款01/項01/目02/節02/細節01/細々節0,1000,JPY,1,千円,691
132047:2024:revenue:approved:c099fff6f7617768,132047,三鷹市,2024,revenue,approved,当初予算,02,国民健康保険事業特別会計,02国民健康保険事業特別会計,01,国民健康保険税,01国民健康保険税,01,国民健康保険税,01国民健康保険税,02,退職被保険者等国民健康保険税,02退職被保険者等国民健康保険税,03,後期高齢者支援金分現年課税分,03後期高齢者支援金分現年課税分,01,現年課税分,01現年課税分,0,,0,会計02/款01/項01/目02/節03/細節01/細々節0,1000,JPY,1,千円,692
132047:2024:revenue:approved:8602f74615136fe4,132047,三鷹市,2024,revenue,approved,当初予算,02,国民健康保険事業特別会計,02国民健康保険事業特別会計,01,国民健康保険税,01国民健康保険税,01,国民健康保険税,01国民健康保険税,02,退職被保険者等国民健康保険税,02退職被保険者等国民健康保険税,04,医療給付費分滞納繰越分,04医療給付費分滞納繰越分,01,滞納繰越分,01滞納繰越分,0,,0,会計02/款01/項01/目02/節04/細節01/細々節0,14000,JPY,14,千円,693
132047:2024:revenue:approved:a08045d4223df93e,132047,三鷹市,2024,revenue,approved,当初予算,02,国民健康保険事業特別会計,02国民健康保険事業特別会計,01,国民健康保険税,01国民健康保険税,01,国民健康保険税,01国民健康保険税,02,退職被保険者等国民健康保険税,02退職被保険者等国民健康保険税,05,介護納付金分滞納繰越分,05介護納付金分滞納繰越分,01,滞納繰越分,01滞納繰越分,0,,0,会計02/款01/項01/目02/節05/細節01/細々節0,4000,JPY,4,千円,694
132047:2024:revenue:approved:99902be47285d5da,132047,三鷹市,2024,revenue,approved,当初予算,02,国民健康保険事業特別会計,02国民健康保険事業特別会計,01,国民健康保険税,01国民健康保険税,01,国民健康保険税,01国民健康保険税,02,退職被保険者等国民健康保険税,02退職被保険者等国民健康保険税,06,後期高齢者支援金分滞納繰越分,06後期高齢者支援金分滞納繰越分,01,滞納繰越分,01滞納繰越分,0,,0,会計02/款01/項01/目02/節06/細節01/細々節0,4000,JPY,4,千円,695
132047:2024:revenue:approved:6367c33f5d6c3e66,132047,三鷹市,2024,revenue,approved,当初予算,02,国民健康保険事業特別会計,02国民健康保険事業特別会計,02,使用料及び手数料,02使用料及び手数料,01,手数料,01手数料,01,総務手数料,01総務手数料,01,税証明交付手数料,01税証明交付手数料,01,税証明交付手数料,01税証明交付手数料,0,,0,会計02/款02/項01/目01/節01/細節01/細々節0,45000,JPY,45,千円,696
132047:2024:revenue:approved:304ce65473db8c8c,132047,三鷹市,2024,revenue,approved,当初予算,02,国民健康保険事業特別会計,02国民健康保険事業特別会計,03,国庫支出金,03国庫支出金,01,国庫補助金,01国庫補助金,01,国民健康保険災害臨時特例補助金,01国民健康保険災害臨時特例補助金,01,国民健康保険災害臨時特例補助金,01国民健康保険災害臨時特例補助金,01,国民健康保険災害臨時特例補助金,01国民健康保険災害臨時特例補助金,0,,0,会計02/款03/項01/目01/節01/細節01/細々節0,1000,JPY,1,千円,697
132047:2024:revenue:approved:8f0d7e27548e6b46,132047,三鷹市,2024,revenue,approved,当初予算,02,国民健康保険事業特別会計,02国民健康保険事業特別会計,04,都支出金,04都支出金,01,都補助金,01都補助金,01,保険給付費等交付金,01保険給付費等交付金,01,保険給付費等交付金（普通交付金）,01保険給付費等交付金（普通交付金）,01,普通交付金分,01普通交付金分,0,,0,会計02/款04/項01/目01/節01/細節01/細々節0,11656328000,JPY,11656328,千円,698
132047:2024:revenue:approved:80be5e6eda24ff6e,132047,三鷹市,2024,revenue,approved,当初予算,02,国民健康保険事業特別会計,02国民健康保険事業特別会計,04,都支出金,04都支出金,01,都補助金,01都補助金,01,保険給付費等交付金,01保険給付費等交付金,02,保険給付費等交付金（特別交付金）,02保険給付費等交付金（特別交付金）,01,保険者努力支援分,01保険者努力支援分,0,,0,会計02/款04/項01/目01/節02/細節01/細々節0,35605000,JPY,35605,千円,699
132047:2024:revenue:approved:16ae17994baf9021,132047,三鷹市,2024,revenue,approved,当初予算,02,国民健康保険事業特別会計,02国民健康保険事業特別会計,04,都支出金,04都支出金,01,都補助金,01都補助金,01,保険給付費等交付金,01保険給付費等交付金,02,保険給付費等交付金（特別交付金）,02保険給付費等交付金（特別交付金）,02,特別調整交付金分,02特別調整交付金分,0,,0,会計02/款04/項01/目01/節02/細節02/細々節0,31944000,JPY,31944,千円,700
132047:2024:revenue:approved:29e3987932c7496f,132047,三鷹市,2024,revenue,approved,当初予算,02,国民健康保険事業特別会計,02国民健康保険事業特別会計,04,都支出金,04都支出金,01,都補助金,01都補助金,01,保険給付費等交付金,01保険給付費等交付金,02,保険給付費等交付金（特別交付金）,02保険給付費等交付金（特別交付金）,03,都繰入金（２号分）,03都繰入金（２号分）,0,,0,会計02/款04/項01/目01/節02/細節03/細々節0,50705000,JPY,50705,千円,701
132047:2024:revenue:approved:173ad28addf91fae,132047,三鷹市,2024,revenue,approved,当初予算,02,国民健康保険事業特別会計,02国民健康保険事業特別会計,04,都支出金,04都支出金,01,都補助金,01都補助金,01,保険給付費等交付金,01保険給付費等交付金,02,保険給付費等交付金（特別交付金）,02保険給付費等交付金（特別交付金）,04,特定健康診査等負担金,04特定健康診査等負担金,0,,0,会計02/款04/項01/目01/節02/細節04/細々節0,48400000,JPY,48400,千円,702
132047:2024:revenue:approved:9686f1f71d245563,132047,三鷹市,2024,revenue,approved,当初予算,02,国民健康保険事業特別会計,02国民健康保険事業特別会計,04,都支出金,04都支出金,01,都補助金,01都補助金,02,療養給付費等補助金,02療養給付費等補助金,01,療養給付費等補助金,01療養給付費等補助金,01,療養給付費等補助金,01療養給付費等補助金,0,,0,会計02/款04/項01/目02/節01/細節01/細々節0,49456000,JPY,49456,千円,703
132047:2024:revenue:approved:ec73bf410a28f26f,132047,三鷹市,2024,revenue,approved,当初予算,02,国民健康保険事業特別会計,02国民健康保険事業特別会計,05,繰入金,05繰入金,01,他会計繰入金,01他会計繰入金,01,一般会計繰入金,01一般会計繰入金,01,保険基盤安定繰入金（保険税軽減分）,01保険基盤安定繰入金（保険税軽減分）,01,保険基盤安定繰入金（保険税軽減分）,01保険基盤安定繰入金（保険税軽減分）,0,,0,会計02/款05/項01/目01/節01/細節01/細々節0,379727000,JPY,379727,千円,704
132047:2024:revenue:approved:7b89604390c30bb0,132047,三鷹市,2024,revenue,approved,当初予算,02,国民健康保険事業特別会計,02国民健康保険事業特別会計,05,繰入金,05繰入金,01,他会計繰入金,01他会計繰入金,01,一般会計繰入金,01一般会計繰入金,02,保険基盤安定繰入金（保険者支援分）,02保険基盤安定繰入金（保険者支援分）,01,保険基盤安定繰入金（保険者支援分）,01保険基盤安定繰入金（保険者支援分）,0,,0,会計02/款05/項01/目01/節02/細節01/細々節0,244254000,JPY,244254,千円,705
132047:2024:revenue:approved:6fccad7b01fced00,132047,三鷹市,2024,revenue,approved,当初予算,02,国民健康保険事業特別会計,02国民健康保険事業特別会計,05,繰入金,05繰入金,01,他会計繰入金,01他会計繰入金,01,一般会計繰入金,01一般会計繰入金,03,未就学児均等割保険税繰入金,03未就学児均等割保険税繰入金,01,未就学児均等割保険税繰入金,01未就学児均等割保険税繰入金,0,,0,会計02/款05/項01/目01/節03/細節01/細々節0,13029000,JPY,13029,千円,706
132047:2024:revenue:approved:b3444e0eee839f42,132047,三鷹市,2024,revenue,approved,当初予算,02,国民健康保険事業特別会計,02国民健康保険事業特別会計,05,繰入金,05繰入金,01,他会計繰入金,01他会計繰入金,01,一般会計繰入金,01一般会計繰入金,04,産前産後保険税繰入金,04産前産後保険税繰入金,01,産前産後保険税繰入金,01産前産後保険税繰入金,0,,0,会計02/款05/項01/目01/節04/細節01/細々節0,3090000,JPY,3090,千円,707
132047:2024:revenue:approved:d2d47762b702e367,132047,三鷹市,2024,revenue,approved,当初予算,02,国民健康保険事業特別会計,02国民健康保険事業特別会計,05,繰入金,05繰入金,01,他会計繰入金,01他会計繰入金,01,一般会計繰入金,01一般会計繰入金,05,職員給与費等繰入金,05職員給与費等繰入金,01,職員給与費等繰入金,01職員給与費等繰入金,0,,0,会計02/款05/項01/目01/節05/細節01/細々節0,166894000,JPY,166894,千円,708
132047:2024:revenue:approved:85b92ec4245d51f9,132047,三鷹市,2024,revenue,approved,当初予算,02,国民健康保険事業特別会計,02国民健康保険事業特別会計,05,繰入金,05繰入金,01,他会計繰入金,01他会計繰入金,01,一般会計繰入金,01一般会計繰入金,06,出産育児一時金繰入金,06出産育児一時金繰入金,01,出産育児一時金繰入金,01出産育児一時金繰入金,0,,0,会計02/款05/項01/目01/節06/細節01/細々節0,40000000,JPY,40000,千円,709
132047:2024:revenue:approved:98531a85f1a8da00,132047,三鷹市,2024,revenue,approved,当初予算,02,国民健康保険事業特別会計,02国民健康保険事業特別会計,05,繰入金,05繰入金,01,他会計繰入金,01他会計繰入金,01,一般会計繰入金,01一般会計繰入金,07,財政安定化支援事業繰入金,07財政安定化支援事業繰入金,01,財政安定化支援事業繰入金,01財政安定化支援事業繰入金,0,,0,会計02/款05/項01/目01/節07/細節01/細々節0,1000,JPY,1,千円,710
132047:2024:revenue:approved:316e16d90f2f03f2,132047,三鷹市,2024,revenue,approved,当初予算,02,国民健康保険事業特別会計,02国民健康保険事業特別会計,05,繰入金,05繰入金,01,他会計繰入金,01他会計繰入金,01,一般会計繰入金,01一般会計繰入金,08,その他一般会計繰入金,08その他一般会計繰入金,01,その他一般会計繰入金,01その他一般会計繰入金,0,,0,会計02/款05/項01/目01/節08/細節01/細々節0,2115429000,JPY,2115429,千円,711
132047:2024:revenue:approved:6f09b496fac81ef3,132047,三鷹市,2024,revenue,approved,当初予算,02,国民健康保険事業特別会計,02国民健康保険事業特別会計,06,繰越金,06繰越金,01,繰越金,01繰越金,01,療養給付費等交付金繰越金,01療養給付費等交付金繰越金,01,前年度繰越金,01前年度繰越金,01,前年度繰越金,01前年度繰越金,0,,0,会計02/款06/項01/目01/節01/細節01/細々節0,1000,JPY,1,千円,712
132047:2024:revenue:approved:1a1102aa92b8e530,132047,三鷹市,2024,revenue,approved,当初予算,02,国民健康保険事業特別会計,02国民健康保険事業特別会計,06,繰越金,06繰越金,01,繰越金,01繰越金,02,その他の繰越金,02その他の繰越金,01,前年度繰越金,01前年度繰越金,01,前年度繰越金,01前年度繰越金,0,,0,会計02/款06/項01/目02/節01/細節01/細々節0,1000,JPY,1,千円,713
132047:2024:revenue:approved:a802c3b36806a87d,132047,三鷹市,2024,revenue,approved,当初予算,02,国民健康保険事業特別会計,02国民健康保険事業特別会計,07,諸収入,07諸収入,01,延滞金、加算金及び過料,01延滞金、加算金及び過料,01,一般被保険者延滞金,01一般被保険者延滞金,01,延滞金,01延滞金,01,国民健康保険税延滞金（医療給付費分）,01国民健康保険税延滞金（医療給付費分）,0,,0,会計02/款07/項01/目01/節01/細節01/細々節0,15756000,JPY,15756,千円,714
132047:2024:revenue:approved:414b6ffb85e25d51,132047,三鷹市,2024,revenue,approved,当初予算,02,国民健康保険事業特別会計,02国民健康保険事業特別会計,07,諸収入,07諸収入,01,延滞金、加算金及び過料,01延滞金、加算金及び過料,01,一般被保険者延滞金,01一般被保険者延滞金,01,延滞金,01延滞金,02,国民健康保険税延滞金（介護納付金分）,02国民健康保険税延滞金（介護納付金分）,0,,0,会計02/款07/項01/目01/節01/細節02/細々節0,2639000,JPY,2639,千円,715
132047:2024:revenue:approved:91bcf607233ae2fc,132047,三鷹市,2024,revenue,approved,当初予算,02,国民健康保険事業特別会計,02国民健康保険事業特別会計,07,諸収入,07諸収入,01,延滞金、加算金及び過料,01延滞金、加算金及び過料,01,一般被保険者延滞金,01一般被保険者延滞金,01,延滞金,01延滞金,03,国民健康保険税延滞金（後期高齢者支援金分）,03国民健康保険税延滞金（後期高齢者支援金分）,0,,0,会計02/款07/項01/目01/節01/細節03/細々節0,4605000,JPY,4605,千円,716
132047:2024:revenue:approved:225ce36e5c1bc4d2,132047,三鷹市,2024,revenue,approved,当初予算,02,国民健康保険事業特別会計,02国民健康保険事業特別会計,07,諸収入,07諸収入,01,延滞金、加算金及び過料,01延滞金、加算金及び過料,02,退職被保険者等延滞金,02退職被保険者等延滞金,01,延滞金,01延滞金,01,国民健康保険税延滞金（医療給付費分）,01国民健康保険税延滞金（医療給付費分）,0,,0,会計02/款07/項01/目02/節01/細節01/細々節0,1000,JPY,1,千円,717
132047:2024:revenue:approved:7b72d63ad8af296f,132047,三鷹市,2024,revenue,approved,当初予算,02,国民健康保険事業特別会計,02国民健康保険事業特別会計,07,諸収入,07諸収入,01,延滞金、加算金及び過料,01延滞金、加算金及び過料,02,退職被保険者等延滞金,02退職被保険者等延滞金,01,延滞金,01延滞金,02,国民健康保険税延滞金（介護納付金分）,02国民健康保険税延滞金（介護納付金分）,0,,0,会計02/款07/項01/目02/節01/細節02/細々節0,1000,JPY,1,千円,718
132047:2024:revenue:approved:ae3bf58cbd8c7002,132047,三鷹市,2024,revenue,approved,当初予算,02,国民健康保険事業特別会計,02国民健康保険事業特別会計,07,諸収入,07諸収入,01,延滞金、加算金及び過料,01延滞金、加算金及び過料,02,退職被保険者等延滞金,02退職被保険者等延滞金,01,延滞金,01延滞金,03,国民健康保険税延滞金（後期高齢者支援金分）,03国民健康保険税延滞金（後期高齢者支援金分）,0,,0,会計02/款07/項01/目02/節01/細節03/細々節0,1000,JPY,1,千円,719
132047:2024:revenue:approved:459f02603962e940,132047,三鷹市,2024,revenue,approved,当初予算,02,国民健康保険事業特別会計,02国民健康保険事業特別会計,07,諸収入,07諸収入,01,延滞金、加算金及び過料,01延滞金、加算金及び過料,03,一般被保険者加算金,03一般被保険者加算金,01,加算金,01加算金,01,不正利得返還金加算金,01不正利得返還金加算金,0,,0,会計02/款07/項01/目03/節01/細節01/細々節0,1000,JPY,1,千円,720
132047:2024:revenue:approved:ffd932ed3c7aea15,132047,三鷹市,2024,revenue,approved,当初予算,02,国民健康保険事業特別会計,02国民健康保険事業特別会計,07,諸収入,07諸収入,01,延滞金、加算金及び過料,01延滞金、加算金及び過料,04,退職被保険者等加算金,04退職被保険者等加算金,01,加算金,01加算金,01,不正利得返還金加算金,01不正利得返還金加算金,0,,0,会計02/款07/項01/目04/節01/細節01/細々節0,1000,JPY,1,千円,721
132047:2024:revenue:approved:79d65a9755cbeadf,132047,三鷹市,2024,revenue,approved,当初予算,02,国民健康保険事業特別会計,02国民健康保険事業特別会計,07,諸収入,07諸収入,01,延滞金、加算金及び過料,01延滞金、加算金及び過料,05,過料,05過料,01,過料,01過料,01,過料,01過料,0,,0,会計02/款07/項01/目05/節01/細節01/細々節0,1000,JPY,1,千円,722
132047:2024:revenue:approved:fa8bfad4f5c39def,132047,三鷹市,2024,revenue,approved,当初予算,02,国民健康保険事業特別会計,02国民健康保険事業特別会計,07,諸収入,07諸収入,02,預金利子,02預金利子,01,預金利子,01預金利子,01,預金利子,01預金利子,01,歳計現金預金利子,01歳計現金預金利子,0,,0,会計02/款07/項02/目01/節01/細節01/細々節0,1000,JPY,1,千円,723
132047:2024:revenue:approved:c733124a472e6445,132047,三鷹市,2024,revenue,approved,当初予算,02,国民健康保険事業特別会計,02国民健康保険事業特別会計,07,諸収入,07諸収入,03,雑入,03雑入,01,一般被保険者第三者納付金,01一般被保険者第三者納付金,01,第三者納付金,01第三者納付金,01,第三者行為による納付金,01第三者行為による納付金,0,,0,会計02/款07/項03/目01/節01/細節01/細々節0,6000000,JPY,6000,千円,724
132047:2024:revenue:approved:b7dc088660090d6b,132047,三鷹市,2024,revenue,approved,当初予算,02,国民健康保険事業特別会計,02国民健康保険事業特別会計,07,諸収入,07諸収入,03,雑入,03雑入,02,一般被保険者返納金,02一般被保険者返納金,01,返納金,01返納金,01,不当利得等による返納金,01不当利得等による返納金,0,,0,会計02/款07/項03/目02/節01/細節01/細々節0,5000000,JPY,5000,千円,725
132047:2024:revenue:approved:918c6ed282ab2bc6,132047,三鷹市,2024,revenue,approved,当初予算,02,国民健康保険事業特別会計,02国民健康保険事業特別会計,07,諸収入,07諸収入,03,雑入,03雑入,03,退職被保険者等返納金,03退職被保険者等返納金,01,返納金,01返納金,01,不当利得等による返納金,01不当利得等による返納金,0,,0,会計02/款07/項03/目03/節01/細節01/細々節0,1000,JPY,1,千円,726
132047:2024:revenue:approved:cb4692f40fe7228d,132047,三鷹市,2024,revenue,approved,当初予算,02,国民健康保険事業特別会計,02国民健康保険事業特別会計,07,諸収入,07諸収入,03,雑入,03雑入,04,雑入,04雑入,01,雑入,01雑入,01,雇用保険料個人負担分収入,01雇用保険料個人負担分収入,0,,0,会計02/款07/項03/目04/節01/細節01/細々節0,85000,JPY,85,千円,727
132047:2024:revenue:approved:18eedf23548d74ce,132047,三鷹市,2024,revenue,approved,当初予算,02,国民健康保険事業特別会計,02国民健康保険事業特別会計,07,諸収入,07諸収入,03,雑入,03雑入,04,雑入,04雑入,01,雑入,01雑入,02,その他の雑入,02その他の雑入,0,,0,会計02/款07/項03/目04/節01/細節02/細々節0,220000,JPY,220,千円,728
132047:2024:revenue:approved:5cb748f6d35d8855,132047,三鷹市,2024,revenue,approved,当初予算,06,介護サービス事業特別会計,06介護サービス事業特別会計,01,介護サービス収入,01介護サービス収入,01,介護給付費収入,01介護給付費収入,01,居宅介護サービス費収入,01居宅介護サービス費収入,01,通所介護費収入,01通所介護費収入,01,高齢者センターけやき苑通所介護費収入,01高齢者センターけやき苑通所介護費収入,0,,0,会計06/款01/項01/目01/節01/細節01/細々節0,85009000,JPY,85009,千円,729
132047:2024:revenue:approved:c7ae495decb36b87,132047,三鷹市,2024,revenue,approved,当初予算,06,介護サービス事業特別会計,06介護サービス事業特別会計,01,介護サービス収入,01介護サービス収入,01,介護給付費収入,01介護給付費収入,01,居宅介護サービス費収入,01居宅介護サービス費収入,02,通所リハビリテーション費収入,02通所リハビリテーション費収入,01,牟礼老人保健施設通所リハビリテーション費収入,01牟礼老人保健施設通所リハビリテーション費収入,0,,0,会計06/款01/項01/目01/節02/細節01/細々節0,56230000,JPY,56230,千円,730
132047:2024:revenue:approved:6da24aa18bfba586,132047,三鷹市,2024,revenue,approved,当初予算,06,介護サービス事業特別会計,06介護サービス事業特別会計,01,介護サービス収入,01介護サービス収入,01,介護給付費収入,01介護給付費収入,01,居宅介護サービス費収入,01居宅介護サービス費収入,03,短期入所療養介護費収入,03短期入所療養介護費収入,01,牟礼老人保健施設短期入所療養介護費収入,01牟礼老人保健施設短期入所療養介護費収入,0,,0,会計06/款01/項01/目01/節03/細節01/細々節0,37860000,JPY,37860,千円,731
132047:2024:revenue:approved:ccced0fa2289aa09,132047,三鷹市,2024,revenue,approved,当初予算,06,介護サービス事業特別会計,06介護サービス事業特別会計,01,介護サービス収入,01介護サービス収入,01,介護給付費収入,01介護給付費収入,01,居宅介護サービス費収入,01居宅介護サービス費収入,03,短期入所療養介護費収入,03短期入所療養介護費収入,02,牟礼老人保健施設短期入所療養介護特定入所者介護サービス費収入,02牟礼老人保健施設短期入所療養介護特定入所者介護サービス費収入,0,,0,会計06/款01/項01/目01/節03/細節02/細々節0,240000,JPY,240,千円,732
132047:2024:revenue:approved:0fb884df74a71415,132047,三鷹市,2024,revenue,approved,当初予算,06,介護サービス事業特別会計,06介護サービス事業特別会計,01,介護サービス収入,01介護サービス収入,01,介護給付費収入,01介護給付費収入,02,施設介護サービス費収入,02施設介護サービス費収入,01,介護老人保健施設介護サービス費収入,01介護老人保健施設介護サービス費収入,01,牟礼老人保健施設介護サービス費収入,01牟礼老人保健施設介護サービス費収入,0,,0,会計06/款01/項01/目02/節01/細節01/細々節0,202060000,JPY,202060,千円,733
132047:2024:revenue:approved:18b80d90b4f7aa48,132047,三鷹市,2024,revenue,approved,当初予算,06,介護サービス事業特別会計,06介護サービス事業特別会計,01,介護サービス収入,01介護サービス収入,01,介護給付費収入,01介護給付費収入,02,施設介護サービス費収入,02施設介護サービス費収入,01,介護老人保健施設介護サービス費収入,01介護老人保健施設介護サービス費収入,02,牟礼老人保健施設特定入所者介護サービス費収入,02牟礼老人保健施設特定入所者介護サービス費収入,0,,0,会計06/款01/項01/目02/節01/細節02/細々節0,6170000,JPY,6170,千円,734
132047:2024:revenue:approved:70c80945bb640230,132047,三鷹市,2024,revenue,approved,当初予算,06,介護サービス事業特別会計,06介護サービス事業特別会計,01,介護サービス収入,01介護サービス収入,02,予防給付費収入,02予防給付費収入,01,介護予防サービス費収入,01介護予防サービス費収入,01,介護予防通所介護費収入,01介護予防通所介護費収入,01,高齢者センターけやき苑介護予防通所介護費収入,01高齢者センターけやき苑介護予防通所介護費収入,0,,0,会計06/款01/項02/目01/節01/細節01/細々節0,1000,JPY,1,千円,735
132047:2024:revenue:approved:683652c26feac2c5,132047,三鷹市,2024,revenue,approved,当初予算,06,介護サービス事業特別会計,06介護サービス事業特別会計,01,介護サービス収入,01介護サービス収入,02,予防給付費収入,02予防給付費収入,01,介護予防サービス費収入,01介護予防サービス費収入,02,介護予防通所リハビリテーション費収入,02介護予防通所リハビリテーション費収入,01,牟礼老人保健施設介護予防通所リハビリテーション費収入,01牟礼老人保健施設介護予防通所リハビリテーション費収入,0,,0,会計06/款01/項02/目01/節02/細節01/細々節0,3940000,JPY,3940,千円,736
132047:2024:revenue:approved:6f59770468a8af11,132047,三鷹市,2024,revenue,approved,当初予算,06,介護サービス事業特別会計,06介護サービス事業特別会計,01,介護サービス収入,01介護サービス収入,02,予防給付費収入,02予防給付費収入,01,介護予防サービス費収入,01介護予防サービス費収入,03,介護予防短期入所療養介護費収入,03介護予防短期入所療養介護費収入,01,牟礼老人保健施設介護予防短期入所療養介護費収入,01牟礼老人保健施設介護予防短期入所療養介護費収入,0,,0,会計06/款01/項02/目01/節03/細節01/細々節0,310000,JPY,310,千円,737
132047:2024:revenue:approved:31f75d9c0de2567e,132047,三鷹市,2024,revenue,approved,当初予算,06,介護サービス事業特別会計,06介護サービス事業特別会計,01,介護サービス収入,01介護サービス収入,02,予防給付費収入,02予防給付費収入,01,介護予防サービス費収入,01介護予防サービス費収入,03,介護予防短期入所療養介護費収入,03介護予防短期入所療養介護費収入,02,牟礼老人保健施設介護予防短期入所療養介護特定入所者介護サービス費収入,02牟礼老人保健施設介護予防短期入所療養介護特定入所者介護サービス費収入,0,,0,会計06/款01/項02/目01/節03/細節02/細々節0,10000,JPY,10,千円,738
132047:2024:revenue:approved:741cba812419f9b9,132047,三鷹市,2024,revenue,approved,当初予算,06,介護サービス事業特別会計,06介護サービス事業特別会計,01,介護サービス収入,01介護サービス収入,03,介護予防・日常生活支援総合事業費収入,03介護予防・日常生活支援総合事業費収入,01,通所型サービス事業費収入,01通所型サービス事業費収入,01,介護予防・日常生活支援総合事業通所型サービス事業費収入,01介護予防・日常生活支援総合事業通所型サービス事業費収入,01,高齢者センターけやき苑介護予防・日常生活支援総合事業通所型サービス事業費収入,01高齢者センターけやき苑介護予防・日常生活支援総合事業通所型サービス事業費収入,0,,0,会計06/款01/項03/目01/節01/細節01/細々節0,8671000,JPY,8671,千円,739
132047:2024:revenue:approved:f351e2f46b23e816,132047,三鷹市,2024,revenue,approved,当初予算,06,介護サービス事業特別会計,06介護サービス事業特別会計,01,介護サービス収入,01介護サービス収入,04,自己負担金収入,04自己負担金収入,01,自己負担金収入,01自己負担金収入,01,通所介護自己負担金収入,01通所介護自己負担金収入,01,高齢者センターけやき苑通所介護自己負担金収入,01高齢者センターけやき苑通所介護自己負担金収入,0,,0,会計06/款01/項04/目01/節01/細節01/細々節0,11452000,JPY,11452,千円,740
132047:2024:revenue:approved:9f25340d0d8f643f,132047,三鷹市,2024,revenue,approved,当初予算,06,介護サービス事業特別会計,06介護サービス事業特別会計,01,介護サービス収入,01介護サービス収入,04,自己負担金収入,04自己負担金収入,01,自己負担金収入,01自己負担金収入,02,通所リハビリテーション自己負担金収入,02通所リハビリテーション自己負担金収入,01,牟礼老人保健施設通所リハビリテーション自己負担金収入,01牟礼老人保健施設通所リハビリテーション自己負担金収入,0,,0,会計06/款01/項04/目01/節02/細節01/細々節0,8370000,JPY,8370,千円,741
132047:2024:revenue:approved:b682fe3445b3a7c0,132047,三鷹市,2024,revenue,approved,当初予算,06,介護サービス事業特別会計,06介護サービス事業特別会計,01,介護サービス収入,01介護サービス収入,04,自己負担金収入,04自己負担金収入,01,自己負担金収入,01自己負担金収入,03,短期入所療養介護自己負担金収入,03短期入所療養介護自己負担金収入,01,牟礼老人保健施設短期入所療養介護自己負担金収入,01牟礼老人保健施設短期入所療養介護自己負担金収入,0,,0,会計06/款01/項04/目01/節03/細節01/細々節0,6840000,JPY,6840,千円,742
132047:2024:revenue:approved:a1f41c4c255dd074,132047,三鷹市,2024,revenue,approved,当初予算,06,介護サービス事業特別会計,06介護サービス事業特別会計,01,介護サービス収入,01介護サービス収入,04,自己負担金収入,04自己負担金収入,01,自己負担金収入,01自己負担金収入,04,介護老人保健施設自己負担金収入,04介護老人保健施設自己負担金収入,01,牟礼老人保健施設自己負担金収入,01牟礼老人保健施設自己負担金収入,0,,0,会計06/款01/項04/目01/節04/細節01/細々節0,21750000,JPY,21750,千円,743
132047:2024:revenue:approved:4097843d27e5ed43,132047,三鷹市,2024,revenue,approved,当初予算,06,介護サービス事業特別会計,06介護サービス事業特別会計,01,介護サービス収入,01介護サービス収入,04,自己負担金収入,04自己負担金収入,01,自己負担金収入,01自己負担金収入,05,介護予防通所介護自己負担金収入,05介護予防通所介護自己負担金収入,01,高齢者センターけやき苑介護予防通所介護自己負担金収入,01高齢者センターけやき苑介護予防通所介護自己負担金収入,0,,0,会計06/款01/項04/目01/節05/細節01/細々節0,1000,JPY,1,千円,744
132047:2024:revenue:approved:51b6ee21b4edc7c9,132047,三鷹市,2024,revenue,approved,当初予算,06,介護サービス事業特別会計,06介護サービス事業特別会計,01,介護サービス収入,01介護サービス収入,04,自己負担金収入,04自己負担金収入,01,自己負担金収入,01自己負担金収入,06,介護予防通所リハビリテーション自己負担金収入,06介護予防通所リハビリテーション自己負担金収入,01,牟礼老人保健施設介護予防通所リハビリテーション自己負担金収入,01牟礼老人保健施設介護予防通所リハビリテーション自己負担金収入,0,,0,会計06/款01/項04/目01/節06/細節01/細々節0,640000,JPY,640,千円,745
132047:2024:revenue:approved:5beaa12db7df292f,132047,三鷹市,2024,revenue,approved,当初予算,06,介護サービス事業特別会計,06介護サービス事業特別会計,01,介護サービス収入,01介護サービス収入,04,自己負担金収入,04自己負担金収入,01,自己負担金収入,01自己負担金収入,07,介護予防短期入所療養介護自己負担金収入,07介護予防短期入所療養介護自己負担金収入,01,牟礼老人保健施設介護予防短期入所療養介護自己負担金収入,01牟礼老人保健施設介護予防短期入所療養介護自己負担金収入,0,,0,会計06/款01/項04/目01/節07/細節01/細々節0,60000,JPY,60,千円,746
132047:2024:revenue:approved:6c58c52551d33e29,132047,三鷹市,2024,revenue,approved,当初予算,06,介護サービス事業特別会計,06介護サービス事業特別会計,01,介護サービス収入,01介護サービス収入,04,自己負担金収入,04自己負担金収入,01,自己負担金収入,01自己負担金収入,08,介護予防・日常生活支援総合事業通所型サービス自己負担金収入,08介護予防・日常生活支援総合事業通所型サービス自己負担金収入,01,高齢者センターけやき苑介護予防・日常生活支援総合事業通所型サービス自己負担金収入,01高齢者センターけやき苑介護予防・日常生活支援総合事業通所型サービス自己負担金収入,0,,0,会計06/款01/項04/目01/節08/細節01/細々節0,1063000,JPY,1063,千円,747
132047:2024:revenue:approved:f9ff7d2aa41bc684,132047,三鷹市,2024,revenue,approved,当初予算,06,介護サービス事業特別会計,06介護サービス事業特別会計,02,使用料及び手数料,02使用料及び手数料,01,使用料,01使用料,01,施設使用料,01施設使用料,01,老人保健施設使用料,01老人保健施設使用料,01,牟礼老人保健施設特別療養室使用料,01牟礼老人保健施設特別療養室使用料,0,,0,会計06/款02/項01/目01/節01/細節01/細々節0,7810000,JPY,7810,千円,748
132047:2024:revenue:approved:b554bdad3512a007,132047,三鷹市,2024,revenue,approved,当初予算,06,介護サービス事業特別会計,06介護サービス事業特別会計,02,使用料及び手数料,02使用料及び手数料,01,使用料,01使用料,01,施設使用料,01施設使用料,01,老人保健施設使用料,01老人保健施設使用料,02,牟礼老人保健施設居室使用料,02牟礼老人保健施設居室使用料,0,,0,会計06/款02/項01/目01/節01/細節02/細々節0,9030000,JPY,9030,千円,749
132047:2024:revenue:approved:6c1da71580576d28,132047,三鷹市,2024,revenue,approved,当初予算,06,介護サービス事業特別会計,06介護サービス事業特別会計,02,使用料及び手数料,02使用料及び手数料,01,使用料,01使用料,01,施設使用料,01施設使用料,02,高齢者センター用地使用料,02高齢者センター用地使用料,01,高齢者センターけやき苑高圧線下土地使用料,01高齢者センターけやき苑高圧線下土地使用料,0,,0,会計06/款02/項01/目01/節02/細節01/細々節0,611000,JPY,611,千円,750
132047:2024:revenue:approved:c9dee2b34cf7aa9c,132047,三鷹市,2024,revenue,approved,当初予算,06,介護サービス事業特別会計,06介護サービス事業特別会計,02,使用料及び手数料,02使用料及び手数料,02,手数料,02手数料,01,手数料,01手数料,01,文書発行手数料,01文書発行手数料,01,文書発行手数料,01文書発行手数料,0,,0,会計06/款02/項02/目01/節01/細節01/細々節0,100000,JPY,100,千円,751
132047:2024:revenue:approved:2d2d265be407b9af,132047,三鷹市,2024,revenue,approved,当初予算,06,介護サービス事業特別会計,06介護サービス事業特別会計,03,繰入金,03繰入金,01,他会計繰入金,01他会計繰入金,01,一般会計繰入金,01一般会計繰入金,01,高齢者センターけやき苑運営事業繰入金,01高齢者センターけやき苑運営事業繰入金,01,高齢者センターけやき苑運営事業繰入金,01高齢者センターけやき苑運営事業繰入金,0,,0,会計06/款03/項01/目01/節01/細節01/細々節0,62240000,JPY,62240,千円,752
132047:2024:revenue:approved:fa018240dbcc8378,132047,三鷹市,2024,revenue,approved,当初予算,06,介護サービス事業特別会計,06介護サービス事業特別会計,03,繰入金,03繰入金,01,他会計繰入金,01他会計繰入金,01,一般会計繰入金,01一般会計繰入金,02,牟礼老人保健施設運営事業繰入金,02牟礼老人保健施設運営事業繰入金,01,無料低額事業繰入金,01無料低額事業繰入金,0,,0,会計06/款03/項01/目01/節02/細節01/細々節0,5200000,JPY,5200,千円,753
132047:2024:revenue:approved:bcc3a47eec26a885,132047,三鷹市,2024,revenue,approved,当初予算,06,介護サービス事業特別会計,06介護サービス事業特別会計,03,繰入金,03繰入金,01,他会計繰入金,01他会計繰入金,01,一般会計繰入金,01一般会計繰入金,02,牟礼老人保健施設運営事業繰入金,02牟礼老人保健施設運営事業繰入金,02,牟礼老人保健施設運営事業繰入金,02牟礼老人保健施設運営事業繰入金,0,,0,会計06/款03/項01/目01/節02/細節02/細々節0,56660000,JPY,56660,千円,754
132047:2024:revenue:approved:a7da7782ead3f282,132047,三鷹市,2024,revenue,approved,当初予算,06,介護サービス事業特別会計,06介護サービス事業特別会計,03,繰入金,03繰入金,01,他会計繰入金,01他会計繰入金,01,一般会計繰入金,01一般会計繰入金,03,その他一般会計繰入金,03その他一般会計繰入金,01,その他一般会計繰入金,01その他一般会計繰入金,0,,0,会計06/款03/項01/目01/節03/細節01/細々節0,54301000,JPY,54301,千円,755
132047:2024:revenue:approved:e73c5d0fe1bed6b5,132047,三鷹市,2024,revenue,approved,当初予算,06,介護サービス事業特別会計,06介護サービス事業特別会計,04,繰越金,04繰越金,01,繰越金,01繰越金,01,繰越金,01繰越金,01,前年度繰越金,01前年度繰越金,01,前年度繰越金,01前年度繰越金,0,,0,会計06/款04/項01/目01/節01/細節01/細々節0,1000,JPY,1,千円,756
132047:2024:revenue:approved:d5b295a7b48f5c9e,132047,三鷹市,2024,revenue,approved,当初予算,06,介護サービス事業特別会計,06介護サービス事業特別会計,05,諸収入,05諸収入,01,預金利子,01預金利子,01,預金利子,01預金利子,01,預金利子,01預金利子,01,歳計現金預金利子,01歳計現金預金利子,0,,0,会計06/款05/項01/目01/節01/細節01/細々節0,1000,JPY,1,千円,757
132047:2024:revenue:approved:2a34a691b4101ec6,132047,三鷹市,2024,revenue,approved,当初予算,06,介護サービス事業特別会計,06介護サービス事業特別会計,05,諸収入,05諸収入,02,雑入,02雑入,01,雑入,01雑入,01,雑入,01雑入,01,高齢者センターけやき苑食事代収入,01高齢者センターけやき苑食事代収入,0,,0,会計06/款05/項02/目01/節01/細節01/細々節0,8937000,JPY,8937,千円,758
132047:2024:revenue:approved:08db88fe3d025b4c,132047,三鷹市,2024,revenue,approved,当初予算,06,介護サービス事業特別会計,06介護サービス事業特別会計,05,諸収入,05諸収入,02,雑入,02雑入,01,雑入,01雑入,01,雑入,01雑入,02,牟礼老人保健施設日用品費等実費収入,02牟礼老人保健施設日用品費等実費収入,0,,0,会計06/款05/項02/目01/節01/細節02/細々節0,36120000,JPY,36120,千円,759
132047:2024:revenue:approved:4886b49c106be57c,132047,三鷹市,2024,revenue,approved,当初予算,07,介護保険事業特別会計,07介護保険事業特別会計,01,保険料,01保険料,01,介護保険料,01介護保険料,01,第１号被保険者保険料,01第１号被保険者保険料,01,現年度分,01現年度分,01,現年度分,01現年度分,0,,0,会計07/款01/項01/目01/節01/細節01/細々節0,3309787000,JPY,3309787,千円,760
132047:2024:revenue:approved:8a738dfb97ba36bd,132047,三鷹市,2024,revenue,approved,当初予算,07,介護保険事業特別会計,07介護保険事業特別会計,01,保険料,01保険料,01,介護保険料,01介護保険料,01,第１号被保険者保険料,01第１号被保険者保険料,02,滞納繰越分,02滞納繰越分,01,滞納繰越分,01滞納繰越分,0,,0,会計07/款01/項01/目01/節02/細節01/細々節0,10204000,JPY,10204,千円,761
132047:2024:revenue:approved:206bbd10d392c8bd,132047,三鷹市,2024,revenue,approved,当初予算,07,介護保険事業特別会計,07介護保険事業特別会計,02,国庫支出金,02国庫支出金,01,国庫負担金,01国庫負担金,01,介護給付費負担金,01介護給付費負担金,01,現年度分,01現年度分,01,介護給付費負担金,01介護給付費負担金,0,,0,会計07/款02/項01/目01/節01/細節01/細々節0,2516292000,JPY,2516292,千円,762
132047:2024:revenue:approved:cd5a8bdb0599f7de,132047,三鷹市,2024,revenue,approved,当初予算,07,介護保険事業特別会計,07介護保険事業特別会計,02,国庫支出金,02国庫支出金,01,国庫負担金,01国庫負担金,01,介護給付費負担金,01介護給付費負担金,02,過年度分,02過年度分,01,介護給付費負担金過年度分,01介護給付費負担金過年度分,0,,0,会計07/款02/項01/目01/節02/細節01/細々節0,1000,JPY,1,千円,763
132047:2024:revenue:approved:098ff2ea94f24bda,132047,三鷹市,2024,revenue,approved,当初予算,07,介護保険事業特別会計,07介護保険事業特別会計,02,国庫支出金,02国庫支出金,02,国庫補助金,02国庫補助金,01,調整交付金,01調整交付金,01,現年度分,01現年度分,01,調整交付金,01調整交付金,0,,0,会計07/款02/項02/目01/節01/細節01/細々節0,484211000,JPY,484211,千円,764
132047:2024:revenue:approved:6fc2ff156172cd9b,132047,三鷹市,2024,revenue,approved,当初予算,07,介護保険事業特別会計,07介護保険事業特別会計,02,国庫支出金,02国庫支出金,02,国庫補助金,02国庫補助金,01,調整交付金,01調整交付金,01,現年度分,01現年度分,02,総合事業調整交付金,02総合事業調整交付金,0,,0,会計07/款02/項02/目01/節01/細節02/細々節0,13110000,JPY,13110,千円,765
132047:2024:revenue:approved:6be15f930d58aaac,132047,三鷹市,2024,revenue,approved,当初予算,07,介護保険事業特別会計,07介護保険事業特別会計,02,国庫支出金,02国庫支出金,02,国庫補助金,02国庫補助金,02,地域支援事業交付金（介護予防・日常生活支援総合事業）,02地域支援事業交付金（介護予防・日常生活支援総合事業）,01,現年度分,01現年度分,01,地域支援事業交付金（介護予防・日常生活支援総合事業）,01地域支援事業交付金（介護予防・日常生活支援総合事業）,0,,0,会計07/款02/項02/目02/節01/細節01/細々節0,76443000,JPY,76443,千円,766
132047:2024:revenue:approved:7d879113213348af,132047,三鷹市,2024,revenue,approved,当初予算,07,介護保険事業特別会計,07介護保険事業特別会計,02,国庫支出金,02国庫支出金,02,国庫補助金,02国庫補助金,03,地域支援事業交付金（包括的支援事業・任意事業）,03地域支援事業交付金（包括的支援事業・任意事業）,01,現年度分,01現年度分,01,地域支援事業交付金（包括的支援事業・任意事業）,01地域支援事業交付金（包括的支援事業・任意事業）,0,,0,会計07/款02/項02/目03/節01/細節01/細々節0,8561000,JPY,8561,千円,767
132047:2024:revenue:approved:c6c0a7a16b1370ca,132047,三鷹市,2024,revenue,approved,当初予算,07,介護保険事業特別会計,07介護保険事業特別会計,02,国庫支出金,02国庫支出金,02,国庫補助金,02国庫補助金,04,保険者機能強化推進交付金,04保険者機能強化推進交付金,01,保険者機能強化推進交付金,01保険者機能強化推進交付金,01,保険者機能強化推進交付金,01保険者機能強化推進交付金,0,,0,会計07/款02/項02/目04/節01/細節01/細々節0,10771000,JPY,10771,千円,768
132047:2024:revenue:approved:292067647770fac0,132047,三鷹市,2024,revenue,approved,当初予算,07,介護保険事業特別会計,07介護保険事業特別会計,02,国庫支出金,02国庫支出金,02,国庫補助金,02国庫補助金,05,介護保険保険者努力支援交付金,05介護保険保険者努力支援交付金,01,介護保険保険者努力支援交付金,01介護保険保険者努力支援交付金,01,介護保険保険者努力支援交付金,01介護保険保険者努力支援交付金,0,,0,会計07/款02/項02/目05/節01/細節01/細々節0,22471000,JPY,22471,千円,769
132047:2024:revenue:approved:4efe2ee833a2c50e,132047,三鷹市,2024,revenue,approved,当初予算,07,介護保険事業特別会計,07介護保険事業特別会計,02,国庫支出金,02国庫支出金,02,国庫補助金,02国庫補助金,06,介護保険災害等臨時特例補助金,06介護保険災害等臨時特例補助金,01,介護保険災害等臨時特例補助金,01介護保険災害等臨時特例補助金,01,介護保険災害臨時特例補助金（東日本大震災分）,01介護保険災害臨時特例補助金（東日本大震災分）,0,,0,会計07/款02/項02/目06/節01/細節01/細々節0,1000,JPY,1,千円,770
132047:2024:revenue:approved:3588ac71c6737208,132047,三鷹市,2024,revenue,approved,当初予算,07,介護保険事業特別会計,07介護保険事業特別会計,03,支払基金交付金,03支払基金交付金,01,支払基金交付金,01支払基金交付金,01,介護給付費交付金,01介護給付費交付金,01,現年度分,01現年度分,01,介護給付費交付金,01介護給付費交付金,0,,0,会計07/款03/項01/目01/節01/細節01/細々節0,3811579000,JPY,3811579,千円,771
132047:2024:revenue:approved:095d44744a9472f9,132047,三鷹市,2024,revenue,approved,当初予算,07,介護保険事業特別会計,07介護保険事業特別会計,03,支払基金交付金,03支払基金交付金,01,支払基金交付金,01支払基金交付金,01,介護給付費交付金,01介護給付費交付金,02,過年度分,02過年度分,01,介護給付費交付金過年度分,01介護給付費交付金過年度分,0,,0,会計07/款03/項01/目01/節02/細節01/細々節0,1000,JPY,1,千円,772
132047:2024:revenue:approved:bd8689b105440f46,132047,三鷹市,2024,revenue,approved,当初予算,07,介護保険事業特別会計,07介護保険事業特別会計,03,支払基金交付金,03支払基金交付金,01,支払基金交付金,01支払基金交付金,02,地域支援事業支援交付金,02地域支援事業支援交付金,01,現年度分,01現年度分,01,地域支援事業支援交付金,01地域支援事業支援交付金,0,,0,会計07/款03/項01/目02/節01/細節01/細々節0,103786000,JPY,103786,千円,773
132047:2024:revenue:approved:c931538fa17d9584,132047,三鷹市,2024,revenue,approved,当初予算,07,介護保険事業特別会計,07介護保険事業特別会計,04,都支出金,04都支出金,01,都負担金,01都負担金,01,介護給付費負担金,01介護給付費負担金,01,現年度分,01現年度分,01,介護給付費負担金,01介護給付費負担金,0,,0,会計07/款04/項01/目01/節01/細節01/細々節0,2071719000,JPY,2071719,千円,774
132047:2024:revenue:approved:107d395f93f6d139,132047,三鷹市,2024,revenue,approved,当初予算,07,介護保険事業特別会計,07介護保険事業特別会計,04,都支出金,04都支出金,01,都負担金,01都負担金,01,介護給付費負担金,01介護給付費負担金,02,過年度分,02過年度分,01,介護給付費負担金過年度分,01介護給付費負担金過年度分,0,,0,会計07/款04/項01/目01/節02/細節01/細々節0,1000,JPY,1,千円,775
132047:2024:revenue:approved:a422e4cbeb575197,132047,三鷹市,2024,revenue,approved,当初予算,07,介護保険事業特別会計,07介護保険事業特別会計,04,都支出金,04都支出金,02,都補助金,02都補助金,01,地域支援事業交付金（介護予防・日常生活支援総合事業）,01地域支援事業交付金（介護予防・日常生活支援総合事業）,01,現年度分,01現年度分,01,地域支援事業交付金（介護予防・日常生活支援事業）,01地域支援事業交付金（介護予防・日常生活支援事業）,0,,0,会計07/款04/項02/目01/節01/細節01/細々節0,47776000,JPY,47776,千円,776
132047:2024:revenue:approved:04e45d8fb2ddd465,132047,三鷹市,2024,revenue,approved,当初予算,07,介護保険事業特別会計,07介護保険事業特別会計,04,都支出金,04都支出金,02,都補助金,02都補助金,02,地域支援事業交付金（包括的支援事業・任意事業）,02地域支援事業交付金（包括的支援事業・任意事業）,01,現年度分,01現年度分,01,地域支援事業交付金（包括的支援事業・任意事業）,01地域支援事業交付金（包括的支援事業・任意事業）,0,,0,会計07/款04/項02/目02/節01/細節01/細々節0,4279000,JPY,4279,千円,777
132047:2024:revenue:approved:7e2624f0913a42ee,132047,三鷹市,2024,revenue,approved,当初予算,07,介護保険事業特別会計,07介護保険事業特別会計,05,財産収入,05財産収入,01,財産運用収入,01財産運用収入,01,利子及び配当金,01利子及び配当金,01,基金運用利子,01基金運用利子,01,介護保険保険給付費準備基金積立金利子,01介護保険保険給付費準備基金積立金利子,0,,0,会計07/款05/項01/目01/節01/細節01/細々節0,61000,JPY,61,千円,778
132047:2024:revenue:approved:89e6225af4f98fb8,132047,三鷹市,2024,revenue,approved,当初予算,07,介護保険事業特別会計,07介護保険事業特別会計,06,繰入金,06繰入金,01,一般会計繰入金,01一般会計繰入金,01,介護給付費繰入金,01介護給付費繰入金,01,介護給付費繰入金,01介護給付費繰入金,01,介護給付費繰入金,01介護給付費繰入金,0,,0,会計07/款06/項01/目01/節01/細節01/細々節0,1764620000,JPY,1764620,千円,779
132047:2024:revenue:approved:5cdd59650e93b213,132047,三鷹市,2024,revenue,approved,当初予算,07,介護保険事業特別会計,07介護保険事業特別会計,06,繰入金,06繰入金,01,一般会計繰入金,01一般会計繰入金,02,地域支援事業繰入金（介護予防・日常生活支援総合事業）,02地域支援事業繰入金（介護予防・日常生活支援総合事業）,01,地域支援事業繰入金（介護予防・日常生活支援総合事業）,01地域支援事業繰入金（介護予防・日常生活支援総合事業）,01,地域支援事業繰入金（介護予防・日常生活支援総合事業）,01地域支援事業繰入金（介護予防・日常生活支援総合事業）,0,,0,会計07/款06/項01/目02/節01/細節01/細々節0,47776000,JPY,47776,千円,780
132047:2024:revenue:approved:ca86794ab9743ed7,132047,三鷹市,2024,revenue,approved,当初予算,07,介護保険事業特別会計,07介護保険事業特別会計,06,繰入金,06繰入金,01,一般会計繰入金,01一般会計繰入金,03,地域支援事業繰入金（包括的支援事業・任意事業）,03地域支援事業繰入金（包括的支援事業・任意事業）,01,地域支援事業繰入金（包括的支援事業・任意事業）,01地域支援事業繰入金（包括的支援事業・任意事業）,01,地域支援事業繰入金（包括的支援事業・任意事業）,01地域支援事業繰入金（包括的支援事業・任意事業）,0,,0,会計07/款06/項01/目03/節01/細節01/細々節0,4279000,JPY,4279,千円,781
132047:2024:revenue:approved:c9b5beb0f27ace87,132047,三鷹市,2024,revenue,approved,当初予算,07,介護保険事業特別会計,07介護保険事業特別会計,06,繰入金,06繰入金,01,一般会計繰入金,01一般会計繰入金,04,低所得者保険料軽減繰入金,04低所得者保険料軽減繰入金,01,低所得者保険料軽減繰入金,01低所得者保険料軽減繰入金,01,低所得者保険料軽減繰入金,01低所得者保険料軽減繰入金,0,,0,会計07/款06/項01/目04/節01/細節01/細々節0,141483000,JPY,141483,千円,782
132047:2024:revenue:approved:8e72f355dd0eaaa9,132047,三鷹市,2024,revenue,approved,当初予算,07,介護保険事業特別会計,07介護保険事業特別会計,06,繰入金,06繰入金,01,一般会計繰入金,01一般会計繰入金,05,その他一般会計繰入金,05その他一般会計繰入金,01,職員給与費等繰入金,01職員給与費等繰入金,01,職員給与費等繰入金,01職員給与費等繰入金,0,,0,会計07/款06/項01/目05/節01/細節01/細々節0,203535000,JPY,203535,千円,783
132047:2024:revenue:approved:0724afae548cf359,132047,三鷹市,2024,revenue,approved,当初予算,07,介護保険事業特別会計,07介護保険事業特別会計,06,繰入金,06繰入金,01,一般会計繰入金,01一般会計繰入金,05,その他一般会計繰入金,05その他一般会計繰入金,02,事務費繰入金,02事務費繰入金,01,事務費繰入金,01事務費繰入金,0,,0,会計07/款06/項01/目05/節02/細節01/細々節0,228056000,JPY,228056,千円,784
132047:2024:revenue:approved:5de94f6f1900acdd,132047,三鷹市,2024,revenue,approved,当初予算,07,介護保険事業特別会計,07介護保険事業特別会計,06,繰入金,06繰入金,02,基金繰入金,02基金繰入金,01,介護保険保険給付費準備基金繰入金,01介護保険保険給付費準備基金繰入金,01,介護保険保険給付費準備基金繰入金,01介護保険保険給付費準備基金繰入金,01,介護保険保険給付費準備基金とりくずし収入,01介護保険保険給付費準備基金とりくずし収入,0,,0,会計07/款06/項02/目01/節01/細節01/細々節0,138558000,JPY,138558,千円,785
132047:2024:revenue:approved:93182056cb0b30c0,132047,三鷹市,2024,revenue,approved,当初予算,07,介護保険事業特別会計,07介護保険事業特別会計,07,繰越金,07繰越金,01,繰越金,01繰越金,01,繰越金,01繰越金,01,前年度繰越金,01前年度繰越金,01,前年度繰越金,01前年度繰越金,0,,0,会計07/款07/項01/目01/節01/細節01/細々節0,1000,JPY,1,千円,786
132047:2024:revenue:approved:f7eda7d2c03ba60d,132047,三鷹市,2024,revenue,approved,当初予算,07,介護保険事業特別会計,07介護保険事業特別会計,08,諸収入,08諸収入,01,延滞金、加算金及び過料,01延滞金、加算金及び過料,01,第１号被保険者延滞金,01第１号被保険者延滞金,01,延滞金,01延滞金,01,介護保険料延滞金,01介護保険料延滞金,0,,0,会計07/款08/項01/目01/節01/細節01/細々節0,350000,JPY,350,千円,787
132047:2024:revenue:approved:376427334debca10,132047,三鷹市,2024,revenue,approved,当初予算,07,介護保険事業特別会計,07介護保険事業特別会計,08,諸収入,08諸収入,01,延滞金、加算金及び過料,01延滞金、加算金及び過料,02,加算金,02加算金,01,加算金,01加算金,01,介護給付費返納による加算金,01介護給付費返納による加算金,0,,0,会計07/款08/項01/目02/節01/細節01/細々節0,1000,JPY,1,千円,788
132047:2024:revenue:approved:299de7e648db2690,132047,三鷹市,2024,revenue,approved,当初予算,07,介護保険事業特別会計,07介護保険事業特別会計,08,諸収入,08諸収入,01,延滞金、加算金及び過料,01延滞金、加算金及び過料,02,加算金,02加算金,01,加算金,01加算金,02,介護保険料返納による加算金,02介護保険料返納による加算金,0,,0,会計07/款08/項01/目02/節01/細節02/細々節0,1000,JPY,1,千円,789
132047:2024:revenue:approved:fbf4b18799d1dd94,132047,三鷹市,2024,revenue,approved,当初予算,07,介護保険事業特別会計,07介護保険事業特別会計,08,諸収入,08諸収入,01,延滞金、加算金及び過料,01延滞金、加算金及び過料,03,過料,03過料,01,過料,01過料,01,過料,01過料,0,,0,会計07/款08/項01/目03/節01/細節01/細々節0,1000,JPY,1,千円,790
132047:2024:revenue:approved:1a6fefcb260b1e03,132047,三鷹市,2024,revenue,approved,当初予算,07,介護保険事業特別会計,07介護保険事業特別会計,08,諸収入,08諸収入,02,預金利子,02預金利子,01,預金利子,01預金利子,01,預金利子,01預金利子,01,歳計現金預金利子,01歳計現金預金利子,0,,0,会計07/款08/項02/目01/節01/細節01/細々節0,1000,JPY,1,千円,791
132047:2024:revenue:approved:0b351aa4ed8e006f,132047,三鷹市,2024,revenue,approved,当初予算,07,介護保険事業特別会計,07介護保険事業特別会計,08,諸収入,08諸収入,03,雑入,03雑入,01,滞納処分費,01滞納処分費,01,滞納処分費,01滞納処分費,01,滞納処分費,01滞納処分費,0,,0,会計07/款08/項03/目01/節01/細節01/細々節0,1000,JPY,1,千円,792
132047:2024:revenue:approved:f135da8085025fef,132047,三鷹市,2024,revenue,approved,当初予算,07,介護保険事業特別会計,07介護保険事業特別会計,08,諸収入,08諸収入,03,雑入,03雑入,02,第三者納付金,02第三者納付金,01,第三者納付金,01第三者納付金,01,第三者行為による納付金,01第三者行為による納付金,0,,0,会計07/款08/項03/目02/節01/細節01/細々節0,1000,JPY,1,千円,793
132047:2024:revenue:approved:8f8d2e8c5093d76e,132047,三鷹市,2024,revenue,approved,当初予算,07,介護保険事業特別会計,07介護保険事業特別会計,08,諸収入,08諸収入,03,雑入,03雑入,03,返納金,03返納金,01,返納金,01返納金,01,介護給付費返納金,01介護給付費返納金,0,,0,会計07/款08/項03/目03/節01/細節01/細々節0,1000,JPY,1,千円,794
132047:2024:revenue:approved:110418e30341908d,132047,三鷹市,2024,revenue,approved,当初予算,07,介護保険事業特別会計,07介護保険事業特別会計,08,諸収入,08諸収入,03,雑入,03雑入,03,返納金,03返納金,01,返納金,01返納金,02,介護保険料返納金,02介護保険料返納金,0,,0,会計07/款08/項03/目03/節01/細節02/細々節0,1000,JPY,1,千円,795
132047:2024:revenue:approved:120bd05372b81848,132047,三鷹市,2024,revenue,approved,当初予算,07,介護保険事業特別会計,07介護保険事業特別会計,08,諸収入,08諸収入,03,雑入,03雑入,04,雑入,04雑入,01,雑入,01雑入,01,雇用保険料個人負担分収入,01雇用保険料個人負担分収入,0,,0,会計07/款08/項03/目04/節01/細節01/細々節0,331000,JPY,331,千円,796
132047:2024:revenue:approved:59598d6b3bc44f19,132047,三鷹市,2024,revenue,approved,当初予算,07,介護保険事業特別会計,07介護保険事業特別会計,08,諸収入,08諸収入,03,雑入,03雑入,04,雑入,04雑入,01,雑入,01雑入,02,高齢者等位置情報確認システム事業利用料金収入,02高齢者等位置情報確認システム事業利用料金収入,0,,0,会計07/款08/項03/目04/節01/細節02/細々節0,79000,JPY,79,千円,797
132047:2024:revenue:approved:52cf8b7c121c947b,132047,三鷹市,2024,revenue,approved,当初予算,07,介護保険事業特別会計,07介護保険事業特別会計,08,諸収入,08諸収入,03,雑入,03雑入,04,雑入,04雑入,01,雑入,01雑入,03,その他の雑入,03その他の雑入,0,,0,会計07/款08/項03/目04/節01/細節03/細々節0,1000,JPY,1,千円,798
132047:2024:revenue:approved:e97fe1cc9ef2a70d,132047,三鷹市,2024,revenue,approved,当初予算,09,後期高齢者医療特別会計,09後期高齢者医療特別会計,01,後期高齢者医療保険料,01後期高齢者医療保険料,01,後期高齢者医療保険料,01後期高齢者医療保険料,01,後期高齢者医療保険料,01後期高齢者医療保険料,01,後期高齢者医療保険料現年度分,01後期高齢者医療保険料現年度分,01,現年度分,01現年度分,0,,0,会計09/款01/項01/目01/節01/細節01/細々節0,2902687000,JPY,2902687,千円,799
132047:2024:revenue:approved:7baa8539b9447ea3,132047,三鷹市,2024,revenue,approved,当初予算,09,後期高齢者医療特別会計,09後期高齢者医療特別会計,01,後期高齢者医療保険料,01後期高齢者医療保険料,01,後期高齢者医療保険料,01後期高齢者医療保険料,01,後期高齢者医療保険料,01後期高齢者医療保険料,02,後期高齢者医療保険料滞納繰越分,02後期高齢者医療保険料滞納繰越分,01,滞納繰越分,01滞納繰越分,0,,0,会計09/款01/項01/目01/節02/細節01/細々節0,10338000,JPY,10338,千円,800
132047:2024:revenue:approved:1be7ff9f47335166,132047,三鷹市,2024,revenue,approved,当初予算,09,後期高齢者医療特別会計,09後期高齢者医療特別会計,02,使用料及び手数料,02使用料及び手数料,01,手数料,01手数料,01,証明手数料,01証明手数料,01,保険料証明交付手数料,01保険料証明交付手数料,01,保険料証明交付手数料,01保険料証明交付手数料,0,,0,会計09/款02/項01/目01/節01/細節01/細々節0,1000,JPY,1,千円,801
132047:2024:revenue:approved:ecba9961cddbd2d4,132047,三鷹市,2024,revenue,approved,当初予算,09,後期高齢者医療特別会計,09後期高齢者医療特別会計,03,繰入金,03繰入金,01,他会計繰入金,01他会計繰入金,01,一般会計繰入金,01一般会計繰入金,01,療養給付費繰入金,01療養給付費繰入金,01,療養給付費繰入金,01療養給付費繰入金,0,,0,会計09/款03/項01/目01/節01/細節01/細々節0,1450913000,JPY,1450913,千円,802
132047:2024:revenue:approved:421ea9797cdf69f0,132047,三鷹市,2024,revenue,approved,当初予算,09,後期高齢者医療特別会計,09後期高齢者医療特別会計,03,繰入金,03繰入金,01,他会計繰入金,01他会計繰入金,01,一般会計繰入金,01一般会計繰入金,02,保険基盤安定繰入金,02保険基盤安定繰入金,01,保険基盤安定繰入金,01保険基盤安定繰入金,0,,0,会計09/款03/項01/目01/節02/細節01/細々節0,343712000,JPY,343712,千円,803
132047:2024:revenue:approved:740452d87a6411d7,132047,三鷹市,2024,revenue,approved,当初予算,09,後期高齢者医療特別会計,09後期高齢者医療特別会計,03,繰入金,03繰入金,01,他会計繰入金,01他会計繰入金,01,一般会計繰入金,01一般会計繰入金,03,広域連合事務費繰入金,03広域連合事務費繰入金,01,広域連合事務費繰入金,01広域連合事務費繰入金,0,,0,会計09/款03/項01/目01/節03/細節01/細々節0,86676000,JPY,86676,千円,804
132047:2024:revenue:approved:35d56180ec2e614b,132047,三鷹市,2024,revenue,approved,当初予算,09,後期高齢者医療特別会計,09後期高齢者医療特別会計,03,繰入金,03繰入金,01,他会計繰入金,01他会計繰入金,01,一般会計繰入金,01一般会計繰入金,04,審査支払手数料繰入金,04審査支払手数料繰入金,01,審査支払手数料繰入金,01審査支払手数料繰入金,0,,0,会計09/款03/項01/目01/節04/細節01/細々節0,51618000,JPY,51618,千円,805
132047:2024:revenue:approved:0872d3fc27cdd13e,132047,三鷹市,2024,revenue,approved,当初予算,09,後期高齢者医療特別会計,09後期高齢者医療特別会計,03,繰入金,03繰入金,01,他会計繰入金,01他会計繰入金,01,一般会計繰入金,01一般会計繰入金,05,保険料未収金補填分繰入金,05保険料未収金補填分繰入金,01,保険料未収金補填分繰入金,01保険料未収金補填分繰入金,0,,0,会計09/款03/項01/目01/節05/細節01/細々節0,29320000,JPY,29320,千円,806
132047:2024:revenue:approved:81e00f543e5f003b,132047,三鷹市,2024,revenue,approved,当初予算,09,後期高齢者医療特別会計,09後期高齢者医療特別会計,03,繰入金,03繰入金,01,他会計繰入金,01他会計繰入金,01,一般会計繰入金,01一般会計繰入金,06,保険料所得割額減額分繰入金,06保険料所得割額減額分繰入金,01,保険料所得割額減額分繰入金,01保険料所得割額減額分繰入金,0,,0,会計09/款03/項01/目01/節06/細節01/細々節0,2843000,JPY,2843,千円,807
132047:2024:revenue:approved:e7da24b42d0c0a11,132047,三鷹市,2024,revenue,approved,当初予算,09,後期高齢者医療特別会計,09後期高齢者医療特別会計,03,繰入金,03繰入金,01,他会計繰入金,01他会計繰入金,01,一般会計繰入金,01一般会計繰入金,07,葬祭費繰入金,07葬祭費繰入金,01,葬祭費繰入金,01葬祭費繰入金,0,,0,会計09/款03/項01/目01/節07/細節01/細々節0,58690000,JPY,58690,千円,808
132047:2024:revenue:approved:c8ef9f3d37159c73,132047,三鷹市,2024,revenue,approved,当初予算,09,後期高齢者医療特別会計,09後期高齢者医療特別会計,03,繰入金,03繰入金,01,他会計繰入金,01他会計繰入金,01,一般会計繰入金,01一般会計繰入金,08,その他一般会計繰入金,08その他一般会計繰入金,01,その他一般会計繰入金,01その他一般会計繰入金,0,,0,会計09/款03/項01/目01/節08/細節01/細々節0,117927000,JPY,117927,千円,809
132047:2024:revenue:approved:367e0358c42ace04,132047,三鷹市,2024,revenue,approved,当初予算,09,後期高齢者医療特別会計,09後期高齢者医療特別会計,04,繰越金,04繰越金,01,繰越金,01繰越金,01,繰越金,01繰越金,01,前年度繰越金,01前年度繰越金,01,前年度繰越金,01前年度繰越金,0,,0,会計09/款04/項01/目01/節01/細節01/細々節0,1000,JPY,1,千円,810
132047:2024:revenue:approved:e708fc2ab3e0f05e,132047,三鷹市,2024,revenue,approved,当初予算,09,後期高齢者医療特別会計,09後期高齢者医療特別会計,05,諸収入,05諸収入,01,延滞金、加算金及び過料,01延滞金、加算金及び過料,01,延滞金,01延滞金,01,延滞金,01延滞金,01,後期高齢者医療保険料延滞金,01後期高齢者医療保険料延滞金,0,,0,会計09/款05/項01/目01/節01/細節01/細々節0,500000,JPY,500,千円,811
132047:2024:revenue:approved:4d01bfbbabfa6e75,132047,三鷹市,2024,revenue,approved,当初予算,09,後期高齢者医療特別会計,09後期高齢者医療特別会計,05,諸収入,05諸収入,01,延滞金、加算金及び過料,01延滞金、加算金及び過料,02,過料,02過料,01,過料,01過料,01,過料,01過料,0,,0,会計09/款05/項01/目02/節01/細節01/細々節0,1000,JPY,1,千円,812
132047:2024:revenue:approved:57a965ec0ee3c9f2,132047,三鷹市,2024,revenue,approved,当初予算,09,後期高齢者医療特別会計,09後期高齢者医療特別会計,05,諸収入,05諸収入,02,償還金及び還付加算金,02償還金及び還付加算金,01,還付金及び還付加算金,01還付金及び還付加算金,01,還付金及び還付加算金,01還付金及び還付加算金,01,還付金及び還付加算金,01還付金及び還付加算金,0,,0,会計09/款05/項02/目01/節01/細節01/細々節0,1000000,JPY,1000,千円,813
132047:2024:revenue:approved:7b15154e89e33313,132047,三鷹市,2024,revenue,approved,当初予算,09,後期高齢者医療特別会計,09後期高齢者医療特別会計,05,諸収入,05諸収入,02,償還金及び還付加算金,02償還金及び還付加算金,02,広域連合償還金,02広域連合償還金,01,広域連合負担金還付金,01広域連合負担金還付金,01,広域連合負担金還付金,01広域連合負担金還付金,0,,0,会計09/款05/項02/目02/節01/細節01/細々節0,1000,JPY,1,千円,814
132047:2024:revenue:approved:e9cb1845958349aa,132047,三鷹市,2024,revenue,approved,当初予算,09,後期高齢者医療特別会計,09後期高齢者医療特別会計,05,諸収入,05諸収入,03,受託事業収入,03受託事業収入,01,受託事業収入,01受託事業収入,01,健康診査事業費受託事業収入,01健康診査事業費受託事業収入,01,健康診査事業費受託事業収入,01健康診査事業費受託事業収入,0,,0,会計09/款05/項03/目01/節01/細節01/細々節0,78860000,JPY,78860,千円,815
132047:2024:revenue:approved:0442d9f5033c87bb,132047,三鷹市,2024,revenue,approved,当初予算,09,後期高齢者医療特別会計,09後期高齢者医療特別会計,05,諸収入,05諸収入,03,受託事業収入,03受託事業収入,01,受託事業収入,01受託事業収入,02,葬祭費受託事業収入,02葬祭費受託事業収入,01,葬祭費受託事業収入,01葬祭費受託事業収入,0,,0,会計09/款05/項03/目01/節02/細節01/細々節0,64900000,JPY,64900,千円,816
132047:2024:revenue:approved:185c40747fce72aa,132047,三鷹市,2024,revenue,approved,当初予算,09,後期高齢者医療特別会計,09後期高齢者医療特別会計,05,諸収入,05諸収入,03,受託事業収入,03受託事業収入,01,受託事業収入,01受託事業収入,03,保健・介護予防連携事業受託事業収入,03保健・介護予防連携事業受託事業収入,01,保健・介護予防連携事業受託事業収入,01保健・介護予防連携事業受託事業収入,0,,0,会計09/款05/項03/目01/節03/細節01/細々節0,12741000,JPY,12741,千円,817
132047:2024:revenue:approved:623d89f90bd11dd9,132047,三鷹市,2024,revenue,approved,当初予算,09,後期高齢者医療特別会計,09後期高齢者医療特別会計,05,諸収入,05諸収入,04,預金利子,04預金利子,01,預金利子,01預金利子,01,預金利子,01預金利子,01,歳計現金預金利子,01歳計現金預金利子,0,,0,会計09/款05/項04/目01/節01/細節01/細々節0,1000,JPY,1,千円,818
132047:2024:revenue:approved:bc783147c9b1520a,132047,三鷹市,2024,revenue,approved,当初予算,09,後期高齢者医療特別会計,09後期高齢者医療特別会計,05,諸収入,05諸収入,05,雑入,05雑入,01,雑入,01雑入,01,雑入,01雑入,01,雇用保険料個人負担分収入,01雇用保険料個人負担分収入,0,,0,会計09/款05/項05/目01/節01/細節01/細々節0,18000,JPY,18,千円,819
132047:2024:revenue:approved:d90695b2b933e702,132047,三鷹市,2024,revenue,approved,当初予算,09,後期高齢者医療特別会計,09後期高齢者医療特別会計,05,諸収入,05諸収入,05,雑入,05雑入,01,雑入,01雑入,01,雑入,01雑入,02,資格確認書交付関係市区町村事務補助金収入,02資格確認書交付関係市区町村事務補助金収入,0,,0,会計09/款05/項05/目01/節01/細節02/細々節0,7843000,JPY,7843,千円,820
132047:2024:revenue:approved:1e1bcb9e6144a7d8,132047,三鷹市,2024,revenue,approved,当初予算,09,後期高齢者医療特別会計,09後期高齢者医療特別会計,05,諸収入,05諸収入,05,雑入,05雑入,01,雑入,01雑入,01,雑入,01雑入,03,後期高齢者医療制度長寿・健康増進等事業補助金収入,03後期高齢者医療制度長寿・健康増進等事業補助金収入,0,,0,会計09/款05/項05/目01/節01/細節03/細々節0,3108000,JPY,3108,千円,821
132047:2024:revenue:approved:062ec9fcb2ec5f0c,132047,三鷹市,2024,revenue,approved,当初予算,09,後期高齢者医療特別会計,09後期高齢者医療特別会計,05,諸収入,05諸収入,05,雑入,05雑入,01,雑入,01雑入,01,雑入,01雑入,04,その他の雑入,04その他の雑入,0,,0,会計09/款05/項05/目01/節01/細節04/細々節0,1000,JPY,1,千円,822
