budget_line_id,fiscal_year,source_row,fund_code,fund_label,kan_code,kan_label,kou_code,kou_label,moku_code,moku_label,setsu_code,setsu_label,saisetsu_code,saisetsu_label,saisaisetsu_code,saisaisetsu_label,value,source_amount
132047:2024:revenue:approved:af9786517ab41db8,2024,2,01,一般会計,01,市税,01,市民税,01,個人,01,現年課税分,01,現年課税分,"",0,18486803000,18486803
132047:2024:revenue:approved:867b04430b38a771,2024,3,01,一般会計,01,市税,01,市民税,01,個人,02,滞納繰越分,01,滞納繰越分,"",0,133487000,133487
132047:2024:revenue:approved:5703dea1cd85a9fc,2024,4,01,一般会計,01,市税,01,市民税,02,法人,01,現年課税分,01,現年課税分,"",0,1607426000,1607426
132047:2024:revenue:approved:d676c8f61ce0ef84,2024,5,01,一般会計,01,市税,01,市民税,02,法人,02,滞納繰越分,01,滞納繰越分,"",0,3669000,3669
132047:2024:revenue:approved:61e888d955482dcb,2024,6,01,一般会計,01,市税,02,固定資産税,01,固定資産税,01,現年課税分,01,現年課税分,"",0,14990424000,14990424
132047:2024:revenue:approved:697d9a6dfb13aebd,2024,7,01,一般会計,01,市税,02,固定資産税,01,固定資産税,02,滞納繰越分,01,滞納繰越分,"",0,36000000,36000
132047:2024:revenue:approved:68fa0397c05e4cf2,2024,8,01,一般会計,01,市税,02,固定資産税,02,国有資産等所在市町村交付金,01,現年課税分,01,交付金,01,都有資産分,248824000,248824
132047:2024:revenue:approved:6672cb3b862bb517,2024,9,01,一般会計,01,市税,02,固定資産税,02,国有資産等所在市町村交付金,01,現年課税分,01,交付金,02,国有資産分,44856000,44856
132047:2024:revenue:approved:320d389420bb07b1,2024,10,01,一般会計,01,市税,03,軽自動車税,01,環境性能割,01,現年課税分,01,環境性能割,"",0,8112000,8112
132047:2024:revenue:approved:e0847d10e162e94f,2024,11,01,一般会計,01,市税,03,軽自動車税,02,種別割,01,現年課税分,01,種別割,"",0,112666000,112666
132047:2024:revenue:approved:3be2afdfce2a1077,2024,12,01,一般会計,01,市税,03,軽自動車税,02,種別割,02,滞納繰越分,01,滞納繰越分,"",0,1066000,1066
132047:2024:revenue:approved:3108b0110eac7ed6,2024,13,01,一般会計,01,市税,04,市たばこ税,01,市たばこ税,01,現年課税分,01,市たばこ税,"",0,835419000,835419
132047:2024:revenue:approved:b207c6dabe54c1a1,2024,14,01,一般会計,01,市税,05,入湯税,01,入湯税,01,現年課税分,01,入湯税,"",0,2000,2
132047:2024:revenue:approved:3a584a2007efff10,2024,15,01,一般会計,01,市税,06,事業所税,01,事業所税,01,現年課税分,01,現年課税分,"",0,419942000,419942
132047:2024:revenue:approved:23226b7f0e0e7496,2024,16,01,一般会計,01,市税,07,都市計画税,01,都市計画税,01,現年課税分,01,現年課税分,"",0,2912917000,2912917
132047:2024:revenue:approved:7b0e80fe70d4552d,2024,17,01,一般会計,01,市税,07,都市計画税,01,都市計画税,02,滞納繰越分,01,滞納繰越分,"",0,7844000,7844
132047:2024:revenue:approved:9f4a7ba8441767af,2024,18,01,一般会計,02,地方譲与税,01,地方揮発油譲与税,01,地方揮発油譲与税,01,地方揮発油譲与税,01,地方揮発油譲与税,"",0,65090000,65090
132047:2024:revenue:approved:67e8cb0d7553277c,2024,19,01,一般会計,02,地方譲与税,02,自動車重量譲与税,01,自動車重量譲与税,01,自動車重量譲与税,01,自動車重量譲与税,"",0,211391000,211391
132047:2024:revenue:approved:7cbd8f21f8e34845,2024,20,01,一般会計,02,地方譲与税,03,森林環境譲与税,01,森林環境譲与税,01,森林環境譲与税,01,森林環境譲与税,"",0,21440000,21440
132047:2024:revenue:approved:96a4b36545c899ab,2024,21,01,一般会計,02,地方譲与税,04,航空機燃料譲与税,01,航空機燃料譲与税,01,航空機燃料譲与税,01,航空機燃料譲与税,"",0,119000,119
132047:2024:revenue:approved:2781c896d779fb9a,2024,22,01,一般会計,03,利子割交付金,01,利子割交付金,01,利子割交付金,01,利子割交付金,01,利子割交付金,"",0,73394000,73394
132047:2024:revenue:approved:328990142268e48a,2024,23,01,一般会計,04,配当割交付金,01,配当割交付金,01,配当割交付金,01,配当割交付金,01,配当割交付金,"",0,435225000,435225
132047:2024:revenue:approved:5223fb3f3d8fd368,2024,24,01,一般会計,05,株式等譲渡所得割交付金,01,株式等譲渡所得割交付金,01,株式等譲渡所得割交付金,01,株式等譲渡所得割交付金,01,株式等譲渡所得割交付金,"",0,448421000,448421
132047:2024:revenue:approved:6f5fa689364445a3,2024,25,01,一般会計,06,法人事業税交付金,01,法人事業税交付金,01,法人事業税交付金,01,法人事業税交付金,01,法人事業税交付金,"",0,653050000,653050
132047:2024:revenue:approved:548a9d97cbaf0764,2024,26,01,一般会計,07,地方消費税交付金,01,地方消費税交付金,01,地方消費税交付金,01,地方消費税交付金,01,地方消費税交付金,"",0,4591671000,4591671
132047:2024:revenue:approved:41c4b4352e5d1c93,2024,27,01,一般会計,08,自動車取得税交付金,01,自動車取得税交付金,01,旧法による自動車取得税交付金,01,旧法による自動車取得税交付金,01,旧法による自動車取得税交付金,"",0,1000,1
132047:2024:revenue:approved:ffbc4159986d40f0,2024,28,01,一般会計,09,環境性能割交付金,01,環境性能割交付金,01,環境性能割交付金,01,環境性能割交付金,01,環境性能割交付金,"",0,83436000,83436
132047:2024:revenue:approved:59145fd54c557d97,2024,29,01,一般会計,10,地方特例交付金,01,地方特例交付金,01,地方特例交付金,01,地方特例交付金,01,住宅借入金等特別税額控除減収補填特例交付金,"",0,162179000,162179
132047:2024:revenue:approved:426a4107d04bb940,2024,30,01,一般会計,10,地方特例交付金,01,地方特例交付金,01,地方特例交付金,01,地方特例交付金,02,定額減税減収補填特例交付金,"",0,924433000,924433
132047:2024:revenue:approved:4ecb0675b652d65a,2024,31,01,一般会計,10,地方特例交付金,02,新型コロナウイルス感染症対策地方税減収補填特別交付金,01,新型コロナウイルス感染症対策地方税減収補填特別交付金,01,新型コロナウイルス感染症対策地方税減収補填特別交付金,01,新型コロナウイルス感染症対策地方税減収補填特別交付金,"",0,386000,386
132047:2024:revenue:approved:fb0a4878a6761350,2024,32,01,一般会計,11,地方交付税,01,地方交付税,01,地方交付税,01,地方交付税,01,特別交付税,"",0,1000,1
132047:2024:revenue:approved:836391f50b955c5e,2024,33,01,一般会計,12,交通安全対策特別交付金,01,交通安全対策特別交付金,01,交通安全対策特別交付金,01,交通安全対策特別交付金,01,交通安全対策特別交付金,"",0,18116000,18116
132047:2024:revenue:approved:10a3531806b12cb0,2024,34,01,一般会計,13,分担金及び負担金,01,負担金,01,民生費負担金,01,高齢者措置費負担金,01,高齢者施設入所措置費負担金,"",0,12000000,12000
132047:2024:revenue:approved:ac16e971cfeb66a3,2024,35,01,一般会計,13,分担金及び負担金,01,負担金,01,民生費負担金,02,保育所保育料負担金,01,市立保育所保育料負担金,01,現年度分,97580000,97580
132047:2024:revenue:approved:09d1bedd1c920abb,2024,36,01,一般会計,13,分担金及び負担金,01,負担金,01,民生費負担金,02,保育所保育料負担金,01,市立保育所保育料負担金,02,過年度分,612000,612
132047:2024:revenue:approved:e3cbe2691d470608,2024,37,01,一般会計,13,分担金及び負担金,01,負担金,01,民生費負担金,02,保育所保育料負担金,02,私立保育所保育料負担金,01,現年度分,307695000,307695
132047:2024:revenue:approved:c2970c5733720a29,2024,38,01,一般会計,13,分担金及び負担金,01,負担金,01,民生費負担金,02,保育所保育料負担金,02,私立保育所保育料負担金,02,過年度分,3304000,3304
132047:2024:revenue:approved:e7f4d3f4790aeede,2024,39,01,一般会計,13,分担金及び負担金,01,負担金,01,民生費負担金,03,母子福祉費負担金,01,母子生活支援施設入所措置費負担金,"",0,285000,285
132047:2024:revenue:approved:507e1d226d592e6e,2024,40,01,一般会計,13,分担金及び負担金,01,負担金,01,民生費負担金,03,母子福祉費負担金,02,入院助産措置費負担金,"",0,48000,48
132047:2024:revenue:approved:cbbf9c3d248b013c,2024,41,01,一般会計,13,分担金及び負担金,01,負担金,02,衛生費負担金,01,未熟児養育医療給付費負担金,01,未熟児養育医療給付費負担金,"",0,4030000,4030
132047:2024:revenue:approved:365b212f8fd887fe,2024,42,01,一般会計,13,分担金及び負担金,01,負担金,03,土木費負担金,01,道路掘削復旧工事監督事務費負担金,01,道路掘削復旧工事監督事務費負担金,"",0,11460000,11460
132047:2024:revenue:approved:a6ba49f32e484eff,2024,43,01,一般会計,14,使用料及び手数料,01,使用料,01,総務使用料,01,三鷹ネットワーク大学使用料,01,三鷹ネットワーク大学使用料,"",0,450000,450
132047:2024:revenue:approved:fa7be8ed21fd76a0,2024,44,01,一般会計,14,使用料及び手数料,01,使用料,01,総務使用料,02,市民センター使用料,01,市民センター事務室等使用料,"",0,814000,814
132047:2024:revenue:approved:8b1671801975c1be,2024,45,01,一般会計,14,使用料及び手数料,01,使用料,01,総務使用料,02,市民センター使用料,02,市民センター駐車場等使用料,"",0,9490000,9490
132047:2024:revenue:approved:905490f485a906f2,2024,46,01,一般会計,14,使用料及び手数料,01,使用料,01,総務使用料,03,地区公会堂使用料,01,地区公会堂使用料,"",0,1000,1
132047:2024:revenue:approved:734b9ced927accaf,2024,47,01,一般会計,14,使用料及び手数料,01,使用料,01,総務使用料,04,地区公会堂用地使用料,01,地区公会堂用地使用料,"",0,11000,11
132047:2024:revenue:approved:a8686df39c2ccf40,2024,48,01,一般会計,14,使用料及び手数料,01,使用料,01,総務使用料,05,コミュニティ・センタープール等使用料,01,コミュニティ・センタープール等使用料,"",0,1743000,1743
132047:2024:revenue:approved:89715c4036cb1455,2024,49,01,一般会計,14,使用料及び手数料,01,使用料,01,総務使用料,06,コミュニティ・センター用地等使用料,01,コミュニティ・センター用地等使用料,"",0,5000,5
132047:2024:revenue:approved:79e3be0185f81db7,2024,50,01,一般会計,14,使用料及び手数料,01,使用料,01,総務使用料,07,市民協働センター使用料,01,市民協働センター使用料,"",0,2750000,2750
132047:2024:revenue:approved:6bb79fda1e65072f,2024,51,01,一般会計,14,使用料及び手数料,01,使用料,01,総務使用料,08,文化施設使用料,01,芸術文化センター使用料,"",0,47900000,47900
132047:2024:revenue:approved:d7455c507fb99f6b,2024,52,01,一般会計,14,使用料及び手数料,01,使用料,01,総務使用料,08,文化施設使用料,02,美術ギャラリー使用料,"",0,2100000,2100
132047:2024:revenue:approved:abd60f922a1fd8d3,2024,53,01,一般会計,14,使用料及び手数料,01,使用料,01,総務使用料,08,文化施設使用料,03,公会堂使用料,"",0,39400000,39400
132047:2024:revenue:approved:056c8abfb72fb987,2024,54,01,一般会計,14,使用料及び手数料,01,使用料,01,総務使用料,08,文化施設使用料,04,みたか井心亭使用料,"",0,2600000,2600
132047:2024:revenue:approved:fd1bcaabf0146f7e,2024,55,01,一般会計,14,使用料及び手数料,01,使用料,01,総務使用料,08,文化施設使用料,05,山本有三記念館使用料,"",0,2000000,2000
132047:2024:revenue:approved:ad2e691d2b805ee9,2024,56,01,一般会計,14,使用料及び手数料,01,使用料,01,総務使用料,08,文化施設使用料,06,桜井浜江記念市民ギャラリー使用料,"",0,450000,450
132047:2024:revenue:approved:b4c3beaf97ec9409,2024,57,01,一般会計,14,使用料及び手数料,01,使用料,01,総務使用料,08,文化施設使用料,07,吉村昭書斎使用料,"",0,500000,500
132047:2024:revenue:approved:34a1d3c2c4f73226,2024,58,01,一般会計,14,使用料及び手数料,01,使用料,01,総務使用料,09,文化施設用地使用料,01,山本有三記念館用地使用料,"",0,4000,4
132047:2024:revenue:approved:cbecf54e2091e329,2024,59,01,一般会計,14,使用料及び手数料,01,使用料,01,総務使用料,10,三鷹市立アニメーション美術館内施設使用料,01,三鷹市立アニメーション美術館内施設使用料,"",0,1915000,1915
132047:2024:revenue:approved:f879c9eceadd2127,2024,60,01,一般会計,14,使用料及び手数料,01,使用料,02,民生使用料,01,福祉センター使用料,01,福祉センター使用料,"",0,750000,750
132047:2024:revenue:approved:e56c393b55edd071,2024,61,01,一般会計,14,使用料及び手数料,01,使用料,02,民生使用料,02,下連雀複合施設使用料,01,下連雀複合施設用地使用料,"",0,1000,1
132047:2024:revenue:approved:4686f050942de8b6,2024,62,01,一般会計,14,使用料及び手数料,01,使用料,02,民生使用料,02,下連雀複合施設使用料,02,下連雀複合施設施設使用料,"",0,1559000,1559
132047:2024:revenue:approved:eb8a809ea625c849,2024,63,01,一般会計,14,使用料及び手数料,01,使用料,02,民生使用料,03,福祉コアかみれん使用料,01,福祉コアかみれん用地使用料,"",0,2000,2
132047:2024:revenue:approved:6e35ba174bdae325,2024,64,01,一般会計,14,使用料及び手数料,01,使用料,02,民生使用料,03,福祉コアかみれん使用料,02,福祉コアかみれん施設使用料,"",0,1089000,1089
132047:2024:revenue:approved:dad7a548c315db84,2024,65,01,一般会計,14,使用料及び手数料,01,使用料,02,民生使用料,04,心身障がい児通所訓練施設なかよし教室使用料,01,心身障がい児通所訓練施設なかよし教室施設使用料,"",0,3359000,3359
132047:2024:revenue:approved:ebf018ef6d5e284e,2024,66,01,一般会計,14,使用料及び手数料,01,使用料,02,民生使用料,05,北野ハピネスセンター用地使用料,01,北野ハピネスセンター用地使用料,"",0,1000,1
132047:2024:revenue:approved:9a58a0e52663491d,2024,67,01,一般会計,14,使用料及び手数料,01,使用料,02,民生使用料,06,福祉住宅使用料,01,福祉住宅使用料,"",0,18739000,18739
132047:2024:revenue:approved:8e32911d0eb1c6c0,2024,68,01,一般会計,14,使用料及び手数料,01,使用料,02,民生使用料,07,生活リハビリセンター居室使用料,01,生活リハビリセンター居室使用料,"",0,2090000,2090
132047:2024:revenue:approved:b70f8d5b000ad912,2024,69,01,一般会計,14,使用料及び手数料,01,使用料,02,民生使用料,08,協働研究推進室等使用料,01,協働研究推進室等使用料,"",0,1147000,1147
132047:2024:revenue:approved:5f9f20d363c7cd2d,2024,70,01,一般会計,14,使用料及び手数料,01,使用料,02,民生使用料,09,旧どんぐり山居室使用料,01,旧どんぐり山居室使用料,"",0,1000,1
132047:2024:revenue:approved:d692b70ce5877dbf,2024,71,01,一般会計,14,使用料及び手数料,01,使用料,02,民生使用料,10,保育園用地使用料,01,保育園用地使用料,"",0,13000,13
132047:2024:revenue:approved:68d1798effcfb2f5,2024,72,01,一般会計,14,使用料及び手数料,01,使用料,02,民生使用料,11,子ども発達支援センター使用料,01,子ども発達支援センター使用料,"",0,184000,184
132047:2024:revenue:approved:ab2c3f7a7b8c853e,2024,73,01,一般会計,14,使用料及び手数料,01,使用料,02,民生使用料,12,多世代交流センター用地使用料,01,多世代交流センター用地使用料,"",0,5000,5
132047:2024:revenue:approved:602786e277f5d4c4,2024,74,01,一般会計,14,使用料及び手数料,01,使用料,02,民生使用料,13,学童保育所使用料,01,学童保育所育成料,"",0,151479000,151479
132047:2024:revenue:approved:d38eeee2e29b72e6,2024,75,01,一般会計,14,使用料及び手数料,01,使用料,02,民生使用料,13,学童保育所使用料,02,学童保育所延長育成料,"",0,7100000,7100
132047:2024:revenue:approved:da084d34dbd59788,2024,76,01,一般会計,14,使用料及び手数料,01,使用料,03,衛生使用料,01,総合保健センター使用料,01,総合保健センター使用料,"",0,28000,28
132047:2024:revenue:approved:3f05bc9495b5ac5c,2024,77,01,一般会計,14,使用料及び手数料,01,使用料,03,衛生使用料,02,リサイクル市民工房用地使用料,01,高圧線下土地使用料,"",0,481000,481
132047:2024:revenue:approved:ef64fe6338f309b6,2024,78,01,一般会計,14,使用料及び手数料,01,使用料,04,農林使用料,01,農業公園用地使用料,01,農業公園用地使用料,"",0,11620000,11620
132047:2024:revenue:approved:c7772fbdb4f0ebc0,2024,79,01,一般会計,14,使用料及び手数料,01,使用料,05,土木使用料,01,道路占用料,01,ガス管、電柱等道路占用料,"",0,226200000,226200
132047:2024:revenue:approved:4654ec089a78ce5d,2024,80,01,一般会計,14,使用料及び手数料,01,使用料,05,土木使用料,02,法定外公共物使用料,01,ガス管、電柱等公共物使用料,"",0,5381000,5381
132047:2024:revenue:approved:9bbc3d74ef9b5e78,2024,81,01,一般会計,14,使用料及び手数料,01,使用料,05,土木使用料,03,交通公園等用地使用料,01,交通公園等用地使用料,"",0,315000,315
132047:2024:revenue:approved:c0a013070f983411,2024,82,01,一般会計,14,使用料及び手数料,01,使用料,05,土木使用料,04,都市公園等用地使用料,01,高圧線下等土地使用料,"",0,1975000,1975
132047:2024:revenue:approved:7640103c0c682557,2024,83,01,一般会計,14,使用料及び手数料,01,使用料,05,土木使用料,05,三鷹中央防災公園使用料,01,三鷹中央防災公園使用料,"",0,1000,1
132047:2024:revenue:approved:187ed1c73d6d71c5,2024,84,01,一般会計,14,使用料及び手数料,01,使用料,05,土木使用料,06,市営住宅等使用料,01,市営大沢住宅等使用料,"",0,32007000,32007
132047:2024:revenue:approved:b12b351484cf771e,2024,85,01,一般会計,14,使用料及び手数料,01,使用料,05,土木使用料,07,下連雀市民住宅使用料,01,下連雀市民住宅使用料,"",0,22104000,22104
132047:2024:revenue:approved:ba0cf2c12c423460,2024,86,01,一般会計,14,使用料及び手数料,01,使用料,06,消防使用料,01,防災用地使用料,01,消防団詰所用地使用料,"",0,3000,3
132047:2024:revenue:approved:f2066e5bd4ba6cad,2024,87,01,一般会計,14,使用料及び手数料,01,使用料,07,教育使用料,01,教育センター用地使用料,01,教育センター用地使用料,"",0,1000,1
132047:2024:revenue:approved:cd7927d4cfcaf506,2024,88,01,一般会計,14,使用料及び手数料,01,使用料,07,教育使用料,02,学校用地使用料,01,学校用地内水源用地等使用料,"",0,1299000,1299
132047:2024:revenue:approved:04804de5389dba8b,2024,89,01,一般会計,14,使用料及び手数料,01,使用料,07,教育使用料,03,大沢の里郷土文化施設使用料,01,大沢の里郷土文化施設使用料,"",0,714000,714
132047:2024:revenue:approved:b9b7dfeb5dacb5c1,2024,90,01,一般会計,14,使用料及び手数料,01,使用料,07,教育使用料,04,学校施設使用料,01,地域交流室使用料,"",0,24000,24
132047:2024:revenue:approved:1d1bfc7bdf098f4e,2024,91,01,一般会計,14,使用料及び手数料,01,使用料,07,教育使用料,04,学校施設使用料,02,体育施設使用料,"",0,1414000,1414
132047:2024:revenue:approved:6c49c8a0219472ce,2024,92,01,一般会計,14,使用料及び手数料,01,使用料,07,教育使用料,04,学校施設使用料,03,夜間照明設備使用料,"",0,1569000,1569
132047:2024:revenue:approved:a4db24a4f6f1561a,2024,93,01,一般会計,14,使用料及び手数料,01,使用料,07,教育使用料,05,生涯学習センター使用料,01,生涯学習センター使用料,"",0,5542000,5542
132047:2024:revenue:approved:cd5b05a1f5f8697d,2024,94,01,一般会計,14,使用料及び手数料,01,使用料,07,教育使用料,06,図書館用地使用料,01,三鷹図書館ケーブルテレビ支柱用地使用料,"",0,1000,1
132047:2024:revenue:approved:975b3c4337c1e455,2024,95,01,一般会計,14,使用料及び手数料,01,使用料,07,教育使用料,06,図書館用地使用料,02,東部図書館ケーブルテレビ支柱用地使用料,"",0,1000,1
132047:2024:revenue:approved:31bb7e4fec27bade,2024,96,01,一般会計,14,使用料及び手数料,01,使用料,07,教育使用料,06,図書館用地使用料,03,西部図書館ケーブルテレビ支柱用地使用料,"",0,1000,1
132047:2024:revenue:approved:d3d30ddbba472c12,2024,97,01,一般会計,14,使用料及び手数料,01,使用料,07,教育使用料,07,スポーツ施設使用料,01,新川テニスコート施設使用料,"",0,2143000,2143
132047:2024:revenue:approved:bf8952610810b3bd,2024,98,01,一般会計,14,使用料及び手数料,01,使用料,07,教育使用料,07,スポーツ施設使用料,02,大沢総合グラウンド施設使用料,"",0,27591000,27591
132047:2024:revenue:approved:ea1017b2c7430b4b,2024,99,01,一般会計,14,使用料及び手数料,01,使用料,07,教育使用料,07,スポーツ施設使用料,03,大沢総合グラウンド夜間照明設備使用料,"",0,5877000,5877
132047:2024:revenue:approved:60c047ac4441d8ad,2024,100,01,一般会計,14,使用料及び手数料,01,使用料,07,教育使用料,07,スポーツ施設使用料,04,大沢野川グラウンド施設使用料,"",0,1974000,1974
132047:2024:revenue:approved:c0abbd64b75d053a,2024,101,01,一般会計,14,使用料及び手数料,01,使用料,07,教育使用料,07,スポーツ施設使用料,05,大沢野川グラウンド駐車場使用料,"",0,3338000,3338
132047:2024:revenue:approved:0907639b8271fb7a,2024,102,01,一般会計,14,使用料及び手数料,01,使用料,07,教育使用料,07,スポーツ施設使用料,06,総合スポーツセンター施設使用料,"",0,75902000,75902
132047:2024:revenue:approved:9985e2b7a2d588fd,2024,103,01,一般会計,14,使用料及び手数料,01,使用料,07,教育使用料,08,井口特設グラウンド用地使用料,01,電柱用地等使用料,"",0,3000,3
132047:2024:revenue:approved:59a542535ff12423,2024,104,01,一般会計,14,使用料及び手数料,02,手数料,01,総務手数料,01,自動車臨時運行許可手数料,01,自動車臨時運行許可手数料,"",0,522000,522
132047:2024:revenue:approved:f95584552b51d812,2024,105,01,一般会計,14,使用料及び手数料,02,手数料,01,総務手数料,02,住居表示台帳閲覧等手数料,01,住居表示台帳閲覧等手数料,"",0,6000,6
132047:2024:revenue:approved:cfeebcf24b64931e,2024,106,01,一般会計,14,使用料及び手数料,02,手数料,01,総務手数料,03,自動交付手数料,01,証明書コンビニ交付手数料,"",0,14950000,14950
132047:2024:revenue:approved:31ebd858b62974bb,2024,107,01,一般会計,14,使用料及び手数料,02,手数料,01,総務手数料,04,税証明交付手数料,01,税証明交付手数料,"",0,9216000,9216
132047:2024:revenue:approved:d77a364537321dce,2024,108,01,一般会計,14,使用料及び手数料,02,手数料,01,総務手数料,05,戸籍住民手数料,01,戸籍証明書交付手数料,"",0,12941000,12941
132047:2024:revenue:approved:8925b75813a2b4b1,2024,109,01,一般会計,14,使用料及び手数料,02,手数料,01,総務手数料,05,戸籍住民手数料,02,住民票写し交付閲覧手数料,"",0,14193000,14193
132047:2024:revenue:approved:1ebdc7c3d1666c27,2024,110,01,一般会計,14,使用料及び手数料,02,手数料,01,総務手数料,05,戸籍住民手数料,03,印鑑登録証明等交付手数料,"",0,4187000,4187
132047:2024:revenue:approved:860ca13fb5449ccb,2024,111,01,一般会計,14,使用料及び手数料,02,手数料,01,総務手数料,06,認可地縁団体証明交付手数料,01,認可地縁団体証明等交付手数料,"",0,1000,1
132047:2024:revenue:approved:1796ebac860aac4d,2024,112,01,一般会計,14,使用料及び手数料,02,手数料,02,民生手数料,01,社会福祉法人理事証明書等交付手数料,01,社会福祉法人理事証明書等交付手数料,"",0,1000,1
132047:2024:revenue:approved:4f11a3826722b232,2024,113,01,一般会計,14,使用料及び手数料,02,手数料,03,衛生手数料,01,工場認可申請手数料,01,工場認可申請手数料,"",0,7000,7
132047:2024:revenue:approved:15502f3441153328,2024,114,01,一般会計,14,使用料及び手数料,02,手数料,03,衛生手数料,02,犬の登録等手数料,01,犬の登録等手数料,"",0,3363000,3363
132047:2024:revenue:approved:1e757847ca0b0912,2024,115,01,一般会計,14,使用料及び手数料,02,手数料,03,衛生手数料,03,塵芥処理手数料,01,ごみ収集処理手数料,"",0,432686000,432686
132047:2024:revenue:approved:18761b096fff77d8,2024,116,01,一般会計,14,使用料及び手数料,02,手数料,03,衛生手数料,03,塵芥処理手数料,02,一般廃棄物処理業許可申請等手数料,"",0,10000,10
132047:2024:revenue:approved:6ff5795427c75758,2024,117,01,一般会計,14,使用料及び手数料,02,手数料,03,衛生手数料,04,し尿処理手数料,01,し尿処理手数料,"",0,6036000,6036
132047:2024:revenue:approved:b3077180a470be7b,2024,118,01,一般会計,14,使用料及び手数料,02,手数料,03,衛生手数料,04,し尿処理手数料,02,浄化槽清掃業許可申請手数料,"",0,10000,10
132047:2024:revenue:approved:12cbe075b1fe71c7,2024,119,01,一般会計,14,使用料及び手数料,02,手数料,04,土木手数料,01,屋外広告物許可手数料,01,屋外広告物許可手数料,"",0,1584000,1584
132047:2024:revenue:approved:0fa506d228ef8ec7,2024,120,01,一般会計,14,使用料及び手数料,02,手数料,04,土木手数料,02,道路証明手数料,01,道路証明手数料,"",0,126000,126
132047:2024:revenue:approved:255fd5fe51ab5262,2024,121,01,一般会計,14,使用料及び手数料,02,手数料,04,土木手数料,03,境界確定図面等写し交付手数料,01,境界確定図面等写し交付手数料,"",0,1872000,1872
132047:2024:revenue:approved:ac4f376eefcc098f,2024,122,01,一般会計,14,使用料及び手数料,02,手数料,04,土木手数料,04,建築指導手数料,01,建築物確認等申請手数料,"",0,791000,791
132047:2024:revenue:approved:6604d580e134500f,2024,123,01,一般会計,14,使用料及び手数料,02,手数料,04,土木手数料,04,建築指導手数料,02,建築許可等申請手数料,"",0,4836000,4836
132047:2024:revenue:approved:b4ab2e92c7ba7ead,2024,124,01,一般会計,14,使用料及び手数料,02,手数料,04,土木手数料,05,建築指導証明手数料,01,建築確認証明等手数料,"",0,1992000,1992
132047:2024:revenue:approved:5197772d39677a6e,2024,125,01,一般会計,14,使用料及び手数料,02,手数料,04,土木手数料,06,都市計画証明等手数料,01,都市計画証明等手数料,"",0,21000,21
132047:2024:revenue:approved:2c287ce64c54ed6f,2024,126,01,一般会計,14,使用料及び手数料,02,手数料,04,土木手数料,07,優良宅地及び優良住宅等認定事務手数料,01,優良宅地及び優良住宅等認定事務手数料,"",0,1000,1
132047:2024:revenue:approved:3dfe622d9c39d18a,2024,127,01,一般会計,14,使用料及び手数料,02,手数料,04,土木手数料,08,マンション建替事業証明書交付手数料,01,マンション建替事業証明書交付手数料,"",0,1000,1
132047:2024:revenue:approved:8f25b2f769dc758d,2024,128,01,一般会計,14,使用料及び手数料,02,手数料,04,土木手数料,09,緑化率適合証明手数料,01,緑化率適合証明手数料,"",0,1000,1
132047:2024:revenue:approved:5444cf78bdba0e0e,2024,129,01,一般会計,15,国庫支出金,01,国庫負担金,01,民生費国庫負担金,01,生活困窮者自立相談支援事業費等負担金,01,生活困窮者住居確保給付金負担金,"",0,11785000,11785
132047:2024:revenue:approved:390bf7647c0b179c,2024,130,01,一般会計,15,国庫支出金,01,国庫負担金,01,民生費国庫負担金,01,生活困窮者自立相談支援事業費等負担金,02,被保護者就労支援事業費負担金,"",0,3931000,3931
132047:2024:revenue:approved:dd525c5c933fd1c7,2024,131,01,一般会計,15,国庫支出金,01,国庫負担金,01,民生費国庫負担金,01,生活困窮者自立相談支援事業費等負担金,03,被保護者健康管理支援事業費負担金,"",0,3836000,3836
132047:2024:revenue:approved:b8bbfdd05211d6f4,2024,132,01,一般会計,15,国庫支出金,01,国庫負担金,01,民生費国庫負担金,02,障害者自立支援介護給付費負担金,01,居宅介護給付費負担金,"",0,341424000,341424
132047:2024:revenue:approved:8ddabe975c86a017,2024,133,01,一般会計,15,国庫支出金,01,国庫負担金,01,民生費国庫負担金,02,障害者自立支援介護給付費負担金,02,療養介護給付費負担金,"",0,39814000,39814
132047:2024:revenue:approved:466bdfac5230cdcf,2024,134,01,一般会計,15,国庫支出金,01,国庫負担金,01,民生費国庫負担金,02,障害者自立支援介護給付費負担金,03,生活介護給付費負担金,"",0,535760000,535760
132047:2024:revenue:approved:4938e3081e35a113,2024,135,01,一般会計,15,国庫支出金,01,国庫負担金,01,民生費国庫負担金,02,障害者自立支援介護給付費負担金,04,短期入所給付費負担金,"",0,35167000,35167
132047:2024:revenue:approved:9ab5f733e7c67bcc,2024,136,01,一般会計,15,国庫支出金,01,国庫負担金,01,民生費国庫負担金,02,障害者自立支援介護給付費負担金,05,施設支援給付費負担金,"",0,139082000,139082
132047:2024:revenue:approved:c9810d5b8baf3b5f,2024,137,01,一般会計,15,国庫支出金,01,国庫負担金,01,民生費国庫負担金,02,障害者自立支援介護給付費負担金,06,サービス利用計画作成費負担金,"",0,46679000,46679
132047:2024:revenue:approved:f51858f6afcd2564,2024,138,01,一般会計,15,国庫支出金,01,国庫負担金,01,民生費国庫負担金,02,障害者自立支援介護給付費負担金,07,自立生活援助給付費負担金,"",0,1638000,1638
132047:2024:revenue:approved:c1e4556d9a78f0fc,2024,139,01,一般会計,15,国庫支出金,01,国庫負担金,01,民生費国庫負担金,03,障害者自立支援訓練等給付費負担金,01,就労移行支援給付費負担金,"",0,89921000,89921
132047:2024:revenue:approved:ca4e67dcd5047d0f,2024,140,01,一般会計,15,国庫支出金,01,国庫負担金,01,民生費国庫負担金,03,障害者自立支援訓練等給付費負担金,02,就労継続支援給付費負担金,"",0,293677000,293677
132047:2024:revenue:approved:15240fb1376393f2,2024,141,01,一般会計,15,国庫支出金,01,国庫負担金,01,民生費国庫負担金,03,障害者自立支援訓練等給付費負担金,03,就労定着支援給付費負担金,"",0,7702000,7702
132047:2024:revenue:approved:cdb7b89a39b7824b,2024,142,01,一般会計,15,国庫支出金,01,国庫負担金,01,民生費国庫負担金,03,障害者自立支援訓練等給付費負担金,04,共同生活援助給付費負担金,"",0,301671000,301671
132047:2024:revenue:approved:c6371d05d6b29c5e,2024,143,01,一般会計,15,国庫支出金,01,国庫負担金,01,民生費国庫負担金,03,障害者自立支援訓練等給付費負担金,05,自立訓練給付費負担金,"",0,29963000,29963
132047:2024:revenue:approved:01f565d005c361a7,2024,144,01,一般会計,15,国庫支出金,01,国庫負担金,01,民生費国庫負担金,04,障害者自立支援医療給付費負担金,01,更生医療給付費負担金,"",0,137500000,137500
132047:2024:revenue:approved:7dd8d6a3228479af,2024,145,01,一般会計,15,国庫支出金,01,国庫負担金,01,民生費国庫負担金,04,障害者自立支援医療給付費負担金,02,育成医療給付費負担金,"",0,193000,193
132047:2024:revenue:approved:202d72171eeb6b78,2024,146,01,一般会計,15,国庫支出金,01,国庫負担金,01,民生費国庫負担金,05,障害者自立支援補装具費支給事業負担金,01,障害者自立支援補装具費支給事業負担金,"",0,17000000,17000
132047:2024:revenue:approved:096d138bbe986613,2024,147,01,一般会計,15,国庫支出金,01,国庫負担金,01,民生費国庫負担金,06,障害児通所支援給付費負担金,01,児童発達支援給付費負担金,"",0,124776000,124776
132047:2024:revenue:approved:8221dfdfea71e099,2024,148,01,一般会計,15,国庫支出金,01,国庫負担金,01,民生費国庫負担金,06,障害児通所支援給付費負担金,02,医療型児童発達支援給付費負担金,"",0,721000,721
132047:2024:revenue:approved:cdf7a616af7f62a8,2024,149,01,一般会計,15,国庫支出金,01,国庫負担金,01,民生費国庫負担金,06,障害児通所支援給付費負担金,03,放課後等デイサービス給付費負担金,"",0,238434000,238434
132047:2024:revenue:approved:d70fa7abdbdbcf22,2024,150,01,一般会計,15,国庫支出金,01,国庫負担金,01,民生費国庫負担金,06,障害児通所支援給付費負担金,04,障がい児相談支援給付費負担金,"",0,8458000,8458
132047:2024:revenue:approved:379d1313f0c3443e,2024,151,01,一般会計,15,国庫支出金,01,国庫負担金,01,民生費国庫負担金,06,障害児通所支援給付費負担金,05,保育所等訪問支援給付費負担金,"",0,2047000,2047
132047:2024:revenue:approved:f25f84bb186e39b6,2024,152,01,一般会計,15,国庫支出金,01,国庫負担金,01,民生費国庫負担金,07,特別障害者手当等負担金,01,特別障害者手当等負担金,"",0,54717000,54717
132047:2024:revenue:approved:e679b205bd13ef2f,2024,153,01,一般会計,15,国庫支出金,01,国庫負担金,01,民生費国庫負担金,08,国民健康保険保険基盤安定負担金,01,保険基盤安定負担金,"",0,122127000,122127
132047:2024:revenue:approved:ec48c2a8a6dbbfb6,2024,154,01,一般会計,15,国庫支出金,01,国庫負担金,01,民生費国庫負担金,09,国民健康保険未就学児均等割保険税負担金,01,未就学児均等割保険税負担金,"",0,6514000,6514
132047:2024:revenue:approved:1a53ade4704cb02c,2024,155,01,一般会計,15,国庫支出金,01,国庫負担金,01,民生費国庫負担金,10,国民健康保険産前産後保険税負担金,01,産前産後保険税負担金,"",0,1545000,1545
132047:2024:revenue:approved:b455e6cd1c4f40ff,2024,156,01,一般会計,15,国庫支出金,01,国庫負担金,01,民生費国庫負担金,11,介護保険低所得者保険料軽減負担金,01,介護保険低所得者保険料軽減負担金,"",0,70741000,70741
132047:2024:revenue:approved:25f0279d0792d8b6,2024,157,01,一般会計,15,国庫支出金,01,国庫負担金,01,民生費国庫負担金,12,児童扶養手当負担金,01,児童扶養手当負担金,"",0,113235000,113235
132047:2024:revenue:approved:33f3fffc37e10127,2024,158,01,一般会計,15,国庫支出金,01,国庫負担金,01,民生費国庫負担金,13,児童手当等負担金,01,３歳未満被用者児童手当負担金,"",0,423339000,423339
132047:2024:revenue:approved:466efd5eba4ff980,2024,159,01,一般会計,15,国庫支出金,01,国庫負担金,01,民生費国庫負担金,13,児童手当等負担金,02,３歳から高校生等被用者児童手当負担金,"",0,1259849000,1259849
132047:2024:revenue:approved:8e39d3c9b0af1d13,2024,160,01,一般会計,15,国庫支出金,01,国庫負担金,01,民生費国庫負担金,13,児童手当等負担金,03,非被用者児童手当負担金,"",0,359512000,359512
132047:2024:revenue:approved:ce63d593d85095f6,2024,161,01,一般会計,15,国庫支出金,01,国庫負担金,01,民生費国庫負担金,13,児童手当等負担金,04,特例給付負担金,"",0,92213000,92213
132047:2024:revenue:approved:5e2ff4ed4735992b,2024,162,01,一般会計,15,国庫支出金,01,国庫負担金,01,民生費国庫負担金,14,施設型給付費負担金,01,私立保育園給付費負担金,"",0,1603583000,1603583
132047:2024:revenue:approved:cd53baafbfc8d368,2024,163,01,一般会計,15,国庫支出金,01,国庫負担金,01,民生費国庫負担金,14,施設型給付費負担金,02,公私連携型保育園給付費負担金,"",0,206733000,206733
132047:2024:revenue:approved:6c88b80970035201,2024,164,01,一般会計,15,国庫支出金,01,国庫負担金,01,民生費国庫負担金,14,施設型給付費負担金,03,認定こども園施設給付費負担金,"",0,78373000,78373
132047:2024:revenue:approved:a84afd327a159be3,2024,165,01,一般会計,15,国庫支出金,01,国庫負担金,01,民生費国庫負担金,15,地域型保育給付費負担金,01,小規模保育施設給付費負担金,"",0,28144000,28144
132047:2024:revenue:approved:48e3b763eb6450cb,2024,166,01,一般会計,15,国庫支出金,01,国庫負担金,01,民生費国庫負担金,15,地域型保育給付費負担金,02,家庭的保育施設給付費負担金,"",0,52290000,52290
132047:2024:revenue:approved:7f8c7b4fcd9656bc,2024,167,01,一般会計,15,国庫支出金,01,国庫負担金,01,民生費国庫負担金,15,地域型保育給付費負担金,03,事業所内保育施設給付費負担金,"",0,22673000,22673
132047:2024:revenue:approved:a7e7280fabd36688,2024,168,01,一般会計,15,国庫支出金,01,国庫負担金,01,民生費国庫負担金,16,子育てのための施設等利用給付費負担金,01,子育てのための施設等利用給付費負担金,"",0,60190000,60190
132047:2024:revenue:approved:e813c9ab50f33f4d,2024,169,01,一般会計,15,国庫支出金,01,国庫負担金,01,民生費国庫負担金,17,児童福祉費負担金,01,母子生活支援施設入所措置費負担金,"",0,17104000,17104
132047:2024:revenue:approved:01cf7b2a9d43311f,2024,170,01,一般会計,15,国庫支出金,01,国庫負担金,01,民生費国庫負担金,17,児童福祉費負担金,02,入院助産措置費負担金,"",0,1070000,1070
132047:2024:revenue:approved:e782019dc4af6b02,2024,171,01,一般会計,15,国庫支出金,01,国庫負担金,01,民生費国庫負担金,18,生活保護費等負担金,01,中国残留邦人等生活支援給付費等負担金,"",0,10837000,10837
132047:2024:revenue:approved:f696a47dc0c28c1d,2024,172,01,一般会計,15,国庫支出金,01,国庫負担金,01,民生費国庫負担金,18,生活保護費等負担金,02,中国残留邦人等介護支援給付費負担金,"",0,900000,900
132047:2024:revenue:approved:152b38a867277909,2024,173,01,一般会計,15,国庫支出金,01,国庫負担金,01,民生費国庫負担金,18,生活保護費等負担金,03,中国残留邦人等医療支援給付費負担金,"",0,12825000,12825
132047:2024:revenue:approved:81db479e977f83df,2024,174,01,一般会計,15,国庫支出金,01,国庫負担金,01,民生費国庫負担金,18,生活保護費等負担金,04,中国残留邦人等配偶者支援金負担金,"",0,530000,530
132047:2024:revenue:approved:3a1c7ba9c328f3b2,2024,175,01,一般会計,15,国庫支出金,01,国庫負担金,01,民生費国庫負担金,18,生活保護費等負担金,05,生活扶助費等負担金,"",0,2282718000,2282718
132047:2024:revenue:approved:66a27f3b67abfec6,2024,176,01,一般会計,15,国庫支出金,01,国庫負担金,01,民生費国庫負担金,18,生活保護費等負担金,06,介護扶助費負担金,"",0,116120000,116120
132047:2024:revenue:approved:62dd39d4e836ed6d,2024,177,01,一般会計,15,国庫支出金,01,国庫負担金,01,民生費国庫負担金,18,生活保護費等負担金,07,医療扶助費負担金,"",0,2308993000,2308993
132047:2024:revenue:approved:201439571e70abe2,2024,178,01,一般会計,15,国庫支出金,01,国庫負担金,02,衛生費国庫負担金,01,母子保健衛生費負担金,01,未熟児養育医療給付費負担金,"",0,4496000,4496
132047:2024:revenue:approved:e7ed17b56d03abce,2024,179,01,一般会計,15,国庫支出金,01,国庫負担金,02,衛生費国庫負担金,02,新型コロナウイルスワクチン接種対策費負担金,01,新型コロナウイルスワクチン接種対策費負担金,"",0,10523000,10523
132047:2024:revenue:approved:ec29d15286c3b64e,2024,180,01,一般会計,15,国庫支出金,01,国庫負担金,03,教育費国庫負担金,01,施設型給付費負担金,01,幼稚園施設給付費負担金,"",0,152584000,152584
132047:2024:revenue:approved:c53b6b69163e7678,2024,181,01,一般会計,15,国庫支出金,01,国庫負担金,03,教育費国庫負担金,01,施設型給付費負担金,02,認定こども園施設給付費負担金,"",0,33353000,33353
132047:2024:revenue:approved:a928b673eee8a3aa,2024,182,01,一般会計,15,国庫支出金,01,国庫負担金,03,教育費国庫負担金,02,子育てのための施設等利用給付費負担金,01,子育てのための施設等利用給付費負担金,"",0,179551000,179551
132047:2024:revenue:approved:90b0b5fdd06c81a5,2024,183,01,一般会計,15,国庫支出金,02,国庫補助金,01,総務費国庫補助金,01,物価高騰対応重点支援地方創生臨時交付金,01,物価高騰対応重点支援地方創生臨時交付金,"",0,1546439000,1546439
132047:2024:revenue:approved:dc0a0f3d60a00c6d,2024,184,01,一般会計,15,国庫支出金,02,国庫補助金,01,総務費国庫補助金,02,社会保障・税番号制度事務費補助金,01,社会保障・税番号制度事務費補助金,"",0,169244000,169244
132047:2024:revenue:approved:076c1055f7c3d81d,2024,185,01,一般会計,15,国庫支出金,02,国庫補助金,01,総務費国庫補助金,03,デジタル田園都市国家構想交付金,01,デジタル田園都市国家構想交付金,"",0,32790000,32790
132047:2024:revenue:approved:f08a95c026b31eb6,2024,186,01,一般会計,15,国庫支出金,02,国庫補助金,01,総務費国庫補助金,04,社会保障・税番号制度システム整備費補助金,01,社会保障・税番号制度システム整備費補助金,"",0,10712000,10712
132047:2024:revenue:approved:e391aa3a5504cdfd,2024,187,01,一般会計,15,国庫支出金,02,国庫補助金,02,民生費国庫補助金,01,重層的支援体制整備事業交付金,01,生活困窮者支援等のための地域づくり事業交付金,"",0,6000000,6000
132047:2024:revenue:approved:bdd46f0ca78065ba,2024,188,01,一般会計,15,国庫支出金,02,国庫補助金,02,民生費国庫補助金,01,重層的支援体制整備事業交付金,02,多機関協働事業等交付金,"",0,21000000,21000
132047:2024:revenue:approved:54a53cf326fe2b4f,2024,189,01,一般会計,15,国庫支出金,02,国庫補助金,02,民生費国庫補助金,01,重層的支援体制整備事業交付金,03,相談支援事業交付金,"",0,5206000,5206
132047:2024:revenue:approved:2905cd3539097ae0,2024,190,01,一般会計,15,国庫支出金,02,国庫補助金,02,民生費国庫補助金,01,重層的支援体制整備事業交付金,04,自立相談支援事業交付金,"",0,28308000,28308
132047:2024:revenue:approved:d61b185164b57eb9,2024,191,01,一般会計,15,国庫支出金,02,国庫補助金,02,民生費国庫補助金,01,重層的支援体制整備事業交付金,05,地域活動支援センター機能強化事業交付金,"",0,4342000,4342
132047:2024:revenue:approved:cddf384692670568,2024,192,01,一般会計,15,国庫支出金,02,国庫補助金,02,民生費国庫補助金,01,重層的支援体制整備事業交付金,06,地域介護予防活動支援事業交付金,"",0,511000,511
132047:2024:revenue:approved:52c11e4533ecbdb1,2024,193,01,一般会計,15,国庫支出金,02,国庫補助金,02,民生費国庫補助金,01,重層的支援体制整備事業交付金,07,地域包括支援センター運営費交付金,"",0,85548000,85548
132047:2024:revenue:approved:b95d05cc029b61ba,2024,194,01,一般会計,15,国庫支出金,02,国庫補助金,02,民生費国庫補助金,01,重層的支援体制整備事業交付金,08,生活支援体制整備事業交付金,"",0,13516000,13516
132047:2024:revenue:approved:494d6003ffa0c283,2024,195,01,一般会計,15,国庫支出金,02,国庫補助金,02,民生費国庫補助金,01,重層的支援体制整備事業交付金,09,利用者支援事業交付金,"",0,24817000,24817
132047:2024:revenue:approved:1724180d1eb95a0e,2024,196,01,一般会計,15,国庫支出金,02,国庫補助金,02,民生費国庫補助金,01,重層的支援体制整備事業交付金,10,地域子育て支援拠点事業交付金,"",0,46987000,46987
132047:2024:revenue:approved:c626b2523eac4fda,2024,197,01,一般会計,15,国庫支出金,02,国庫補助金,02,民生費国庫補助金,02,食品ロス削減総合対策事業補助金,01,フードバンク活動支援事業補助金,"",0,467000,467
132047:2024:revenue:approved:4313ec72bbb1244e,2024,198,01,一般会計,15,国庫支出金,02,国庫補助金,02,民生費国庫補助金,03,地域生活支援事業費等補助金,01,地域生活支援事業費等補助金,"",0,40955000,40955
132047:2024:revenue:approved:9b5cdec86858f858,2024,199,01,一般会計,15,国庫支出金,02,国庫補助金,02,民生費国庫補助金,04,生活困窮者就労準備支援事業費等補助金,01,生活困窮者就労準備支援事業費等補助金,"",0,23668000,23668
132047:2024:revenue:approved:7ab720615e57270c,2024,200,01,一般会計,15,国庫支出金,02,国庫補助金,02,民生費国庫補助金,04,生活困窮者就労準備支援事業費等補助金,02,生活困窮者子どもの学習等支援事業費補助金,"",0,7768000,7768
132047:2024:revenue:approved:09cf0d56df938495,2024,201,01,一般会計,15,国庫支出金,02,国庫補助金,02,民生費国庫補助金,04,生活困窮者就労準備支援事業費等補助金,03,生活保護適正化等事業費補助金,"",0,24572000,24572
132047:2024:revenue:approved:42786669e6015941,2024,202,01,一般会計,15,国庫支出金,02,国庫補助金,02,民生費国庫補助金,05,公的賃貸住宅家賃対策調整補助金,01,公的賃貸住宅家賃対策調整補助金,"",0,25160000,25160
132047:2024:revenue:approved:09393afdb75dde6f,2024,203,01,一般会計,15,国庫支出金,02,国庫補助金,02,民生費国庫補助金,06,年金生活者支援給付金支給事務交付金,01,年金生活者支援給付金支給事務交付金,"",0,157000,157
132047:2024:revenue:approved:d44d589410bdac0b,2024,204,01,一般会計,15,国庫支出金,02,国庫補助金,02,民生費国庫補助金,07,子ども・子育て支援事業費補助金,01,児童手当制度改正準備補助金,"",0,11466000,11466
132047:2024:revenue:approved:25304eb69cca3aee,2024,205,01,一般会計,15,国庫支出金,02,国庫補助金,02,民生費国庫補助金,08,児童虐待防止対策等総合支援事業費補助金,01,支援対象児童等見守り強化事業費補助金,"",0,5000000,5000
132047:2024:revenue:approved:c81bb0d4d4a5eec2,2024,206,01,一般会計,15,国庫支出金,02,国庫補助金,02,民生費国庫補助金,08,児童虐待防止対策等総合支援事業費補助金,02,ヤングケアラー支援体制強化事業補助金,"",0,259000,259
132047:2024:revenue:approved:95d4c00fe8e718de,2024,207,01,一般会計,15,国庫支出金,02,国庫補助金,02,民生費国庫補助金,09,子ども・子育て支援交付金,01,子どもを守る地域ネットワーク機能強化事業交付金,"",0,1494000,1494
132047:2024:revenue:approved:f4bdbf2973243f99,2024,208,01,一般会計,15,国庫支出金,02,国庫補助金,02,民生費国庫補助金,09,子ども・子育て支援交付金,02,子育て援助活動支援事業交付金,"",0,4705000,4705
132047:2024:revenue:approved:597aa0e061644498,2024,209,01,一般会計,15,国庫支出金,02,国庫補助金,02,民生費国庫補助金,09,子ども・子育て支援交付金,03,養育支援訪問事業交付金,"",0,9000,9
132047:2024:revenue:approved:23433af34c9e39e3,2024,210,01,一般会計,15,国庫支出金,02,国庫補助金,02,民生費国庫補助金,09,子ども・子育て支援交付金,04,子育て世帯訪問支援事業交付金,"",0,117000,117
132047:2024:revenue:approved:b2afd8314580cc5e,2024,211,01,一般会計,15,国庫支出金,02,国庫補助金,02,民生費国庫補助金,09,子ども・子育て支援交付金,05,一時預かり事業交付金,"",0,21093000,21093
132047:2024:revenue:approved:1d94e64cdba48724,2024,212,01,一般会計,15,国庫支出金,02,国庫補助金,02,民生費国庫補助金,09,子ども・子育て支援交付金,06,子育て短期支援事業交付金,"",0,480000,480
132047:2024:revenue:approved:6d5f1520f1249220,2024,213,01,一般会計,15,国庫支出金,02,国庫補助金,02,民生費国庫補助金,09,子ども・子育て支援交付金,07,病児保育事業交付金,"",0,8205000,8205
132047:2024:revenue:approved:59aaed380efc7607,2024,214,01,一般会計,15,国庫支出金,02,国庫補助金,02,民生費国庫補助金,09,子ども・子育て支援交付金,08,乳児家庭全戸訪問事業交付金,"",0,1800000,1800
132047:2024:revenue:approved:7d45edf8ade570e5,2024,215,01,一般会計,15,国庫支出金,02,国庫補助金,02,民生費国庫補助金,09,子ども・子育て支援交付金,09,延長保育事業交付金,"",0,6434000,6434
132047:2024:revenue:approved:d1c1186c647b7347,2024,216,01,一般会計,15,国庫支出金,02,国庫補助金,02,民生費国庫補助金,09,子ども・子育て支援交付金,10,多様な事業者の参入促進・能力活用事業交付金,"",0,2000000,2000
132047:2024:revenue:approved:7c9b411d0dc46b69,2024,217,01,一般会計,15,国庫支出金,02,国庫補助金,02,民生費国庫補助金,09,子ども・子育て支援交付金,11,放課後児童健全育成事業交付金,"",0,120369000,120369
132047:2024:revenue:approved:e3e4a18b9571b649,2024,218,01,一般会計,15,国庫支出金,02,国庫補助金,02,民生費国庫補助金,10,保育対策総合支援事業費補助金,01,保育人材交流等就職・交流支援事業費補助金,"",0,1815000,1815
132047:2024:revenue:approved:1f5c1ae3a86b9582,2024,219,01,一般会計,15,国庫支出金,02,国庫補助金,02,民生費国庫補助金,10,保育対策総合支援事業費補助金,02,保育士宿舎借り上げ支援事業費補助金,"",0,90035000,90035
132047:2024:revenue:approved:bc078cbd3386abe5,2024,220,01,一般会計,15,国庫支出金,02,国庫補助金,02,民生費国庫補助金,11,妊娠・出産包括支援事業補助金,01,多胎妊産婦等支援事業補助金,"",0,694000,694
132047:2024:revenue:approved:d4ea74ac7dab136c,2024,221,01,一般会計,15,国庫支出金,02,国庫補助金,02,民生費国庫補助金,12,子ども・子育て支援体制整備総合推進事業費補助金,01,子ども・子育て支援体制整備総合推進事業費補助金,"",0,994000,994
132047:2024:revenue:approved:18df672af213c39d,2024,222,01,一般会計,15,国庫支出金,02,国庫補助金,02,民生費国庫補助金,13,就学前教育・保育施設整備交付金,01,就学前教育・保育施設整備交付金,"",0,17270000,17270
132047:2024:revenue:approved:7457e9797e6d4d84,2024,223,01,一般会計,15,国庫支出金,02,国庫補助金,02,民生費国庫補助金,14,母子家庭等対策総合支援事業費補助金,01,母子家庭等対策総合支援事業費補助金,"",0,6819000,6819
132047:2024:revenue:approved:362369626647e7ea,2024,224,01,一般会計,15,国庫支出金,02,国庫補助金,02,民生費国庫補助金,15,困難な問題を抱える女性支援推進等事業費補助金,01,困難な問題を抱える女性支援推進等事業費補助金,"",0,1949000,1949
132047:2024:revenue:approved:52f0c3e948729e68,2024,225,01,一般会計,15,国庫支出金,02,国庫補助金,03,衛生費国庫補助金,01,重層的支援体制整備事業交付金,01,利用者支援事業交付金,"",0,7277000,7277
132047:2024:revenue:approved:de0b5c4383ebfd46,2024,226,01,一般会計,15,国庫支出金,02,国庫補助金,03,衛生費国庫補助金,02,妊娠・出産包括支援事業補助金,01,初回産科受診料支援事業補助金,"",0,75000,75
132047:2024:revenue:approved:b783f205fef73645,2024,227,01,一般会計,15,国庫支出金,02,国庫補助金,03,衛生費国庫補助金,02,妊娠・出産包括支援事業補助金,02,産後ケア事業補助金,"",0,40611000,40611
132047:2024:revenue:approved:bcb0d6bb0e7ddf6e,2024,228,01,一般会計,15,国庫支出金,02,国庫補助金,03,衛生費国庫補助金,02,妊娠・出産包括支援事業補助金,03,産前・産後サポート事業補助金,"",0,5341000,5341
132047:2024:revenue:approved:e81cb518a3799005,2024,229,01,一般会計,15,国庫支出金,02,国庫補助金,03,衛生費国庫補助金,03,多胎妊婦健康診査支援事業補助金,01,多胎妊婦健康診査支援事業補助金,"",0,25000,25
132047:2024:revenue:approved:913ccb86dee6c3ec,2024,230,01,一般会計,15,国庫支出金,02,国庫補助金,03,衛生費国庫補助金,04,出産・子育て応援交付金,01,出産・子育て応援交付金,"",0,93670000,93670
132047:2024:revenue:approved:fc0a782b98515745,2024,231,01,一般会計,15,国庫支出金,02,国庫補助金,03,衛生費国庫補助金,05,地域自殺対策強化交付金,01,地域自殺対策強化交付金,"",0,395000,395
132047:2024:revenue:approved:89f5642a81f440b2,2024,232,01,一般会計,15,国庫支出金,02,国庫補助金,03,衛生費国庫補助金,06,感染症予防等事業補助金,01,特定感染症検査等事業補助金,"",0,4832000,4832
132047:2024:revenue:approved:2ead0b750b552ea3,2024,233,01,一般会計,15,国庫支出金,02,国庫補助金,03,衛生費国庫補助金,07,新型コロナウイルスワクチン接種体制確保事業費補助金,01,新型コロナウイルスワクチン接種体制確保事業費補助金,"",0,3893000,3893
132047:2024:revenue:approved:60be7923df64889b,2024,234,01,一般会計,15,国庫支出金,02,国庫補助金,03,衛生費国庫補助金,08,母子保健対策強化事業補助金,01,母子保健対策強化事業補助金,"",0,693000,693
132047:2024:revenue:approved:675952be88a56f46,2024,235,01,一般会計,15,国庫支出金,02,国庫補助金,04,土木費国庫補助金,01,社会資本整備総合交付金,01,狭あい道路拡幅整備費交付金,"",0,25000000,25000
132047:2024:revenue:approved:e55b4e93be1ff166,2024,236,01,一般会計,15,国庫支出金,02,国庫補助金,04,土木費国庫補助金,01,社会資本整備総合交付金,02,ブロック塀等安全対策促進事業交付金,"",0,400000,400
132047:2024:revenue:approved:28cd5570f2eb0e0e,2024,237,01,一般会計,15,国庫支出金,02,国庫補助金,04,土木費国庫補助金,01,社会資本整備総合交付金,03,バリアフリー環境整備促進事業交付金,"",0,2000000,2000
132047:2024:revenue:approved:562b2c660659ff56,2024,238,01,一般会計,15,国庫支出金,02,国庫補助金,04,土木費国庫補助金,01,社会資本整備総合交付金,04,北野公園用地取得事業費交付金,"",0,30600000,30600
132047:2024:revenue:approved:37bb414f2ec797ec,2024,239,01,一般会計,15,国庫支出金,02,国庫補助金,04,土木費国庫補助金,01,社会資本整備総合交付金,05,木造住宅耐震診断助成事業費交付金,"",0,675000,675
132047:2024:revenue:approved:ebd3ebea2c51a074,2024,240,01,一般会計,15,国庫支出金,02,国庫補助金,04,土木費国庫補助金,01,社会資本整備総合交付金,06,木造住宅耐震改修助成事業費交付金,"",0,500000,500
132047:2024:revenue:approved:99e882abb3a9ff55,2024,241,01,一般会計,15,国庫支出金,02,国庫補助金,04,土木費国庫補助金,01,社会資本整備総合交付金,07,分譲マンション耐震化助成事業費交付金,"",0,1500000,1500
132047:2024:revenue:approved:5c2f6d14bf7b85cf,2024,242,01,一般会計,15,国庫支出金,02,国庫補助金,04,土木費国庫補助金,01,社会資本整備総合交付金,08,住生活基本計画策定交付金,"",0,2628000,2628
132047:2024:revenue:approved:7706ed3766a418bc,2024,243,01,一般会計,15,国庫支出金,02,国庫補助金,04,土木費国庫補助金,02,道路メンテナンス事業補助金,01,橋梁現況調査事業費補助金,"",0,1100000,1100
132047:2024:revenue:approved:f70c82ebd51ce552,2024,244,01,一般会計,15,国庫支出金,02,国庫補助金,04,土木費国庫補助金,02,道路メンテナンス事業補助金,02,三鷹駅前デッキ長寿命化事業費補助金,"",0,2750000,2750
132047:2024:revenue:approved:af32bf646a00378e,2024,245,01,一般会計,15,国庫支出金,02,国庫補助金,04,土木費国庫補助金,03,コンパクトシティ形成支援事業補助金,01,コンパクトシティ形成支援事業補助金,"",0,1500000,1500
132047:2024:revenue:approved:397acc00acb91f4f,2024,246,01,一般会計,15,国庫支出金,02,国庫補助金,04,土木費国庫補助金,04,無電柱化推進計画事業補助金,01,都市計画道路３・４・１３号（牟礼）整備事業費補助金,"",0,34400000,34400
132047:2024:revenue:approved:1f76d52339fc4487,2024,247,01,一般会計,15,国庫支出金,02,国庫補助金,04,土木費国庫補助金,05,地域防災拠点建築物整備緊急促進事業補助金,01,特定緊急輸送道路沿道建築物耐震化促進事業費補助金,"",0,7635000,7635
132047:2024:revenue:approved:944c6a76ea52c2e2,2024,248,01,一般会計,15,国庫支出金,02,国庫補助金,05,教育費国庫補助金,01,教育支援体制整備事業費補助金,01,教育支援体制整備事業費補助金,"",0,20777000,20777
132047:2024:revenue:approved:7782cf8065feb7e3,2024,249,01,一般会計,15,国庫支出金,02,国庫補助金,05,教育費国庫補助金,02,公立学校情報機器活用支援体制整備費補助金,01,公立学校情報機器活用支援体制整備費補助金,"",0,1276000,1276
132047:2024:revenue:approved:82f0999448d9c76b,2024,250,01,一般会計,15,国庫支出金,02,国庫補助金,05,教育費国庫補助金,03,子ども・子育て支援交付金,01,実費徴収に係る補足給付事業費交付金,"",0,1226000,1226
132047:2024:revenue:approved:dc4bc30e0076dd70,2024,251,01,一般会計,15,国庫支出金,02,国庫補助金,05,教育費国庫補助金,03,子ども・子育て支援交付金,02,一時預かり事業交付金,"",0,22247000,22247
132047:2024:revenue:approved:11ace91e28244a26,2024,252,01,一般会計,15,国庫支出金,02,国庫補助金,05,教育費国庫補助金,04,学校教育設備整備費等補助金,01,理科教育等設備整備費補助金,01,小学校,252000,252
132047:2024:revenue:approved:c7f5463323a5268e,2024,253,01,一般会計,15,国庫支出金,02,国庫補助金,05,教育費国庫補助金,04,学校教育設備整備費等補助金,01,理科教育等設備整備費補助金,02,中学校,252000,252
132047:2024:revenue:approved:85bc6fb1ebac55e5,2024,254,01,一般会計,15,国庫支出金,02,国庫補助金,05,教育費国庫補助金,05,特別支援教育就学奨励費補助金,01,特別支援教育就学奨励費補助金,01,小学校,254000,254
132047:2024:revenue:approved:67f5c7f6dace6868,2024,255,01,一般会計,15,国庫支出金,02,国庫補助金,05,教育費国庫補助金,05,特別支援教育就学奨励費補助金,01,特別支援教育就学奨励費補助金,02,中学校,623000,623
132047:2024:revenue:approved:c94d227e45529c34,2024,256,01,一般会計,15,国庫支出金,02,国庫補助金,05,教育費国庫補助金,05,特別支援教育就学奨励費補助金,02,特別支援教育就学奨励費給食費補助金,01,小学校,183000,183
132047:2024:revenue:approved:10b03b70b667fec5,2024,257,01,一般会計,15,国庫支出金,02,国庫補助金,05,教育費国庫補助金,05,特別支援教育就学奨励費補助金,02,特別支援教育就学奨励費給食費補助金,02,中学校,148000,148
132047:2024:revenue:approved:46b7bb290a2b4560,2024,258,01,一般会計,15,国庫支出金,02,国庫補助金,05,教育費国庫補助金,06,就学援助費補助金,01,要保護生徒修学旅行費補助金,01,中学校,324000,324
132047:2024:revenue:approved:2566cb2bb8b7c870,2024,259,01,一般会計,15,国庫支出金,02,国庫補助金,05,教育費国庫補助金,07,学校施設環境改善交付金,01,大規模改造事業費交付金,01,トイレ改修工事,35460000,35460
132047:2024:revenue:approved:98416403c82f3829,2024,260,01,一般会計,15,国庫支出金,02,国庫補助金,05,教育費国庫補助金,07,学校施設環境改善交付金,01,大規模改造事業費交付金,02,教育内容（内部環境）改造工事,5980000,5980
132047:2024:revenue:approved:9cd443ff2435acc0,2024,261,01,一般会計,15,国庫支出金,02,国庫補助金,05,教育費国庫補助金,07,学校施設環境改善交付金,01,大規模改造事業費交付金,03,法令等適合工事,20000000,20000
132047:2024:revenue:approved:23c53fca2348bbfa,2024,262,01,一般会計,15,国庫支出金,02,国庫補助金,05,教育費国庫補助金,07,学校施設環境改善交付金,01,大規模改造事業費交付金,04,バリアフリー化工事,1161000,1161
132047:2024:revenue:approved:bab3821782cf8e40,2024,263,01,一般会計,15,国庫支出金,02,国庫補助金,05,教育費国庫補助金,07,学校施設環境改善交付金,02,防災機能強化事業費交付金,01,建築非構造部材耐震化工事,10042000,10042
132047:2024:revenue:approved:ef1b8fc9066a9c4c,2024,264,01,一般会計,15,国庫支出金,02,国庫補助金,05,教育費国庫補助金,08,国宝重要文化財等保存整備費補助金,01,遺跡発掘調査事業費補助金,"",0,5000000,5000
132047:2024:revenue:approved:d564086c4a28dc31,2024,265,01,一般会計,15,国庫支出金,02,国庫補助金,05,教育費国庫補助金,08,国宝重要文化財等保存整備費補助金,02,地域の特色ある埋蔵文化財活用事業費補助金,"",0,2500000,2500
132047:2024:revenue:approved:b6b74562a533ec41,2024,266,01,一般会計,15,国庫支出金,03,委託金,01,総務費委託金,01,自衛官募集事務費委託金,01,自衛官募集事務費委託金,"",0,25000,25
132047:2024:revenue:approved:e5fa3a04980df443,2024,267,01,一般会計,15,国庫支出金,03,委託金,01,総務費委託金,02,中長期在留者住居地届出等事務費委託金,01,中長期在留者住居地届出等事務費委託金,"",0,1368000,1368
132047:2024:revenue:approved:c10a2f9a2e6d80a8,2024,268,01,一般会計,15,国庫支出金,03,委託金,02,民生費委託金,01,遺族及び留守家族等援護事務費委託金,01,遺族及び留守家族等援護事務費委託金,"",0,2139000,2139
132047:2024:revenue:approved:69dfdf4bb7cce2d2,2024,269,01,一般会計,15,国庫支出金,03,委託金,02,民生費委託金,02,国民年金事務費委託金,01,国民年金事務費委託金,"",0,39945000,39945
132047:2024:revenue:approved:9ac7bee9a76fb86e,2024,270,01,一般会計,15,国庫支出金,03,委託金,02,民生費委託金,03,特別児童扶養手当事務費委託金,01,特別児童扶養手当事務費委託金,"",0,206000,206
132047:2024:revenue:approved:f1dfc6b749ff48ac,2024,271,01,一般会計,16,都支出金,01,都負担金,01,民生費都負担金,01,民生委員推薦会負担金,01,民生委員推薦会負担金,"",0,328000,328
132047:2024:revenue:approved:a904e90ea2b0cd7d,2024,272,01,一般会計,16,都支出金,01,都負担金,01,民生費都負担金,02,社会福祉費負担金,01,民生委員費負担金,"",0,14001000,14001
132047:2024:revenue:approved:fb01ff93aaae6a90,2024,273,01,一般会計,16,都支出金,01,都負担金,01,民生費都負担金,03,行旅死亡人等取扱費負担金,01,行旅死亡人等取扱費負担金,"",0,1426000,1426
132047:2024:revenue:approved:5652d7c46047df8d,2024,274,01,一般会計,16,都支出金,01,都負担金,01,民生費都負担金,04,障害者自立支援介護給付費負担金,01,居宅介護給付費負担金,"",0,170712000,170712
132047:2024:revenue:approved:49508821e9a3a706,2024,275,01,一般会計,16,都支出金,01,都負担金,01,民生費都負担金,04,障害者自立支援介護給付費負担金,02,療養介護給付費負担金,"",0,19907000,19907
132047:2024:revenue:approved:9dbd219a003cfa1d,2024,276,01,一般会計,16,都支出金,01,都負担金,01,民生費都負担金,04,障害者自立支援介護給付費負担金,03,生活介護給付費負担金,"",0,267880000,267880
132047:2024:revenue:approved:9a6794edee8054a3,2024,277,01,一般会計,16,都支出金,01,都負担金,01,民生費都負担金,04,障害者自立支援介護給付費負担金,04,短期入所給付費負担金,"",0,17583000,17583
132047:2024:revenue:approved:e10539d5a5012643,2024,278,01,一般会計,16,都支出金,01,都負担金,01,民生費都負担金,04,障害者自立支援介護給付費負担金,05,施設支援給付費負担金,"",0,69541000,69541
132047:2024:revenue:approved:f577633e62668a15,2024,279,01,一般会計,16,都支出金,01,都負担金,01,民生費都負担金,04,障害者自立支援介護給付費負担金,06,サービス利用計画作成費負担金,"",0,23339000,23339
132047:2024:revenue:approved:f17e721c9104ad07,2024,280,01,一般会計,16,都支出金,01,都負担金,01,民生費都負担金,04,障害者自立支援介護給付費負担金,07,自立生活援助給付費負担金,"",0,819000,819
132047:2024:revenue:approved:f60fe904b57787b8,2024,281,01,一般会計,16,都支出金,01,都負担金,01,民生費都負担金,05,障害者自立支援訓練等給付費負担金,01,就労移行支援給付費負担金,"",0,44960000,44960
132047:2024:revenue:approved:573da4929068a7ea,2024,282,01,一般会計,16,都支出金,01,都負担金,01,民生費都負担金,05,障害者自立支援訓練等給付費負担金,02,就労継続支援給付費負担金,"",0,146838000,146838
132047:2024:revenue:approved:60e0cbb6a0f89817,2024,283,01,一般会計,16,都支出金,01,都負担金,01,民生費都負担金,05,障害者自立支援訓練等給付費負担金,03,就労定着支援給付費負担金,"",0,3851000,3851
132047:2024:revenue:approved:61f3caf687150fba,2024,284,01,一般会計,16,都支出金,01,都負担金,01,民生費都負担金,05,障害者自立支援訓練等給付費負担金,04,共同生活援助給付費負担金,"",0,150835000,150835
132047:2024:revenue:approved:9186b4b712a3c15e,2024,285,01,一般会計,16,都支出金,01,都負担金,01,民生費都負担金,05,障害者自立支援訓練等給付費負担金,05,自立訓練給付費負担金,"",0,14981000,14981
132047:2024:revenue:approved:a5634b579d4511a6,2024,286,01,一般会計,16,都支出金,01,都負担金,01,民生費都負担金,06,障害者自立支援医療給付費負担金,01,更生医療給付費負担金,"",0,68750000,68750
132047:2024:revenue:approved:d948fc88942dd2bb,2024,287,01,一般会計,16,都支出金,01,都負担金,01,民生費都負担金,06,障害者自立支援医療給付費負担金,02,育成医療給付費負担金,"",0,96000,96
132047:2024:revenue:approved:442ea83c800b05a4,2024,288,01,一般会計,16,都支出金,01,都負担金,01,民生費都負担金,07,障害者自立支援補装具費支給事業負担金,01,障害者自立支援補装具費支給事業負担金,"",0,8500000,8500
132047:2024:revenue:approved:5e4d30545d3a6208,2024,289,01,一般会計,16,都支出金,01,都負担金,01,民生費都負担金,08,障害児通所支援給付費負担金,01,児童発達支援給付費負担金,"",0,62388000,62388
132047:2024:revenue:approved:c409bc6dcaa967f1,2024,290,01,一般会計,16,都支出金,01,都負担金,01,民生費都負担金,08,障害児通所支援給付費負担金,02,医療型児童発達支援給付費負担金,"",0,360000,360
132047:2024:revenue:approved:8e305a0020275797,2024,291,01,一般会計,16,都支出金,01,都負担金,01,民生費都負担金,08,障害児通所支援給付費負担金,03,放課後等デイサービス給付費負担金,"",0,119217000,119217
132047:2024:revenue:approved:6ec873362c609a4e,2024,292,01,一般会計,16,都支出金,01,都負担金,01,民生費都負担金,08,障害児通所支援給付費負担金,04,障がい児相談支援給付費負担金,"",0,4229000,4229
132047:2024:revenue:approved:69e678f057465ba7,2024,293,01,一般会計,16,都支出金,01,都負担金,01,民生費都負担金,08,障害児通所支援給付費負担金,05,保育所等訪問支援給付費負担金,"",0,1023000,1023
132047:2024:revenue:approved:91aa7e5402262ce2,2024,294,01,一般会計,16,都支出金,01,都負担金,01,民生費都負担金,09,心身障害者福祉手当負担金,01,心身障害者福祉手当負担金,"",0,249240000,249240
132047:2024:revenue:approved:759147af70ddf4c0,2024,295,01,一般会計,16,都支出金,01,都負担金,01,民生費都負担金,10,国民健康保険保険基盤安定負担金,01,保険基盤安定負担金,"",0,345858000,345858
132047:2024:revenue:approved:0db7f8a02130024d,2024,296,01,一般会計,16,都支出金,01,都負担金,01,民生費都負担金,11,国民健康保険未就学児均等割保険税負担金,01,未就学児均等割保険税負担金,"",0,3257000,3257
132047:2024:revenue:approved:88536c18db5585d5,2024,297,01,一般会計,16,都支出金,01,都負担金,01,民生費都負担金,12,国民健康保険産前産後保険税負担金,01,産前産後保険税負担金,"",0,772000,772
132047:2024:revenue:approved:451469c997deba6c,2024,298,01,一般会計,16,都支出金,01,都負担金,01,民生費都負担金,13,介護保険低所得者保険料軽減負担金,01,介護保険低所得者保険料軽減負担金,"",0,35370000,35370
132047:2024:revenue:approved:fae167c8dea1f20c,2024,299,01,一般会計,16,都支出金,01,都負担金,01,民生費都負担金,14,後期高齢者医療保険基盤安定負担金,01,保険基盤安定負担金,"",0,257784000,257784
132047:2024:revenue:approved:e7caf88acb8f0f92,2024,300,01,一般会計,16,都支出金,01,都負担金,01,民生費都負担金,15,児童福祉費負担金,01,児童育成手当負担金,"",0,246558000,246558
132047:2024:revenue:approved:35f77b807446578d,2024,301,01,一般会計,16,都支出金,01,都負担金,01,民生費都負担金,15,児童福祉費負担金,02,母子生活支援施設入所措置費負担金,"",0,8552000,8552
132047:2024:revenue:approved:aad09e4fed1ac073,2024,302,01,一般会計,16,都支出金,01,都負担金,01,民生費都負担金,15,児童福祉費負担金,03,入院助産措置費負担金,"",0,535000,535
132047:2024:revenue:approved:20d803c9c278c4fc,2024,303,01,一般会計,16,都支出金,01,都負担金,01,民生費都負担金,16,児童手当等負担金,01,３歳未満被用者児童手当負担金,"",0,25982000,25982
132047:2024:revenue:approved:67097435241b4f12,2024,304,01,一般会計,16,都支出金,01,都負担金,01,民生費都負担金,16,児童手当等負担金,02,３歳から高校生等被用者児童手当負担金,"",0,238482000,238482
132047:2024:revenue:approved:c3453d153f02b179,2024,305,01,一般会計,16,都支出金,01,都負担金,01,民生費都負担金,16,児童手当等負担金,03,非被用者児童手当負担金,"",0,66038000,66038
132047:2024:revenue:approved:588a93a1644d066b,2024,306,01,一般会計,16,都支出金,01,都負担金,01,民生費都負担金,16,児童手当等負担金,04,特例給付負担金,"",0,23053000,23053
132047:2024:revenue:approved:75394ef1d13006b3,2024,307,01,一般会計,16,都支出金,01,都負担金,01,民生費都負担金,17,施設型給付費負担金,01,私立保育園給付費負担金,"",0,669247000,669247
132047:2024:revenue:approved:3f7269147ad0b428,2024,308,01,一般会計,16,都支出金,01,都負担金,01,民生費都負担金,17,施設型給付費負担金,02,公私連携型保育園給付費負担金,"",0,84774000,84774
132047:2024:revenue:approved:ea924e36d6cd7163,2024,309,01,一般会計,16,都支出金,01,都負担金,01,民生費都負担金,17,施設型給付費負担金,03,認定こども園施設給付費負担金,"",0,37113000,37113
132047:2024:revenue:approved:5331b58e28019fa9,2024,310,01,一般会計,16,都支出金,01,都負担金,01,民生費都負担金,18,地域型保育給付費負担金,01,小規模保育施設給付費負担金,"",0,10094000,10094
132047:2024:revenue:approved:9af3007c3c16c287,2024,311,01,一般会計,16,都支出金,01,都負担金,01,民生費都負担金,18,地域型保育給付費負担金,02,家庭的保育施設給付費負担金,"",0,18754000,18754
132047:2024:revenue:approved:5ab62a8920f0b92c,2024,312,01,一般会計,16,都支出金,01,都負担金,01,民生費都負担金,18,地域型保育給付費負担金,03,事業所内保育施設給付費負担金,"",0,8132000,8132
132047:2024:revenue:approved:cce3c9b8a65b4a09,2024,313,01,一般会計,16,都支出金,01,都負担金,01,民生費都負担金,19,子育てのための施設等利用費負担金,01,子育てのための施設等利用費負担金,"",0,30095000,30095
132047:2024:revenue:approved:800265d2e64c244d,2024,314,01,一般会計,16,都支出金,01,都負担金,01,民生費都負担金,20,生活保護費負担金,01,生活保護費負担金,"",0,212371000,212371
132047:2024:revenue:approved:ce0af81d6bdc111f,2024,315,01,一般会計,16,都支出金,01,都負担金,02,衛生費都負担金,01,母子保健衛生費負担金,01,未熟児養育医療給付費負担金,"",0,2248000,2248
132047:2024:revenue:approved:4e4df987a1b377eb,2024,316,01,一般会計,16,都支出金,01,都負担金,02,衛生費都負担金,02,感染症予防費負担金,01,感染症予防費負担金,"",0,121000,121
132047:2024:revenue:approved:c11527ce2a445784,2024,317,01,一般会計,16,都支出金,01,都負担金,03,教育費都負担金,01,施設型給付費負担金,01,幼稚園施設給付費負担金,"",0,128794000,128794
132047:2024:revenue:approved:0245c797265b86e1,2024,318,01,一般会計,16,都支出金,01,都負担金,03,教育費都負担金,01,施設型給付費負担金,02,認定こども園施設給付費負担金,"",0,28152000,28152
132047:2024:revenue:approved:fb38edf475963db9,2024,319,01,一般会計,16,都支出金,01,都負担金,03,教育費都負担金,02,子育てのための施設等利用費負担金,01,子育てのための施設等利用費負担金,"",0,89775000,89775
132047:2024:revenue:approved:a3ca736428da1fe9,2024,320,01,一般会計,16,都支出金,02,都補助金,01,総務費都補助金,01,市町村総合交付金,01,市町村総合交付金,"",0,1317107000,1317107
132047:2024:revenue:approved:49d37ab4f51b1db0,2024,321,01,一般会計,16,都支出金,02,都補助金,01,総務費都補助金,02,国土利用計画法事務費交付金,01,国土利用計画法事務費交付金,"",0,68000,68
132047:2024:revenue:approved:066d32de28cc7ded,2024,322,01,一般会計,16,都支出金,02,都補助金,01,総務費都補助金,03,人権啓発活動区市町村補助金,01,人権啓発活動区市町村補助金,"",0,542000,542
132047:2024:revenue:approved:605caf2d2644a3cd,2024,323,01,一般会計,16,都支出金,02,都補助金,01,総務費都補助金,04,消費者行政強化交付金,01,消費者行政強化交付金,"",0,363000,363
132047:2024:revenue:approved:b92a79b88d7a0d61,2024,324,01,一般会計,16,都支出金,02,都補助金,01,総務費都補助金,05,防犯設備整備費補助金,01,防犯設備整備補助事業費補助金,"",0,4063000,4063
132047:2024:revenue:approved:888d0e6ac9424204,2024,325,01,一般会計,16,都支出金,02,都補助金,01,総務費都補助金,06,防犯設備維持管理費補助金,01,防犯設備維持管理費補助金,"",0,300000,300
132047:2024:revenue:approved:b3ec2586020d424b,2024,326,01,一般会計,16,都支出金,02,都補助金,01,総務費都補助金,06,防犯設備維持管理費補助金,02,防犯設備運用経費補助金,"",0,135000,135
132047:2024:revenue:approved:e2f44f634e063a1c,2024,327,01,一般会計,16,都支出金,02,都補助金,02,民生費都補助金,01,地域福祉推進区市町村包括補助金,01,地域福祉推進区市町村包括補助金,"",0,46826000,46826
132047:2024:revenue:approved:59aea3a76c775905,2024,328,01,一般会計,16,都支出金,02,都補助金,02,民生費都補助金,02,重層的支援体制整備事業交付金,01,多機関協働事業等交付金,"",0,10500000,10500
132047:2024:revenue:approved:8d5089875ab49dbc,2024,329,01,一般会計,16,都支出金,02,都補助金,02,民生費都補助金,02,重層的支援体制整備事業交付金,02,相談支援事業交付金,"",0,2603000,2603
132047:2024:revenue:approved:611bcf1733b398ee,2024,330,01,一般会計,16,都支出金,02,都補助金,02,民生費都補助金,02,重層的支援体制整備事業交付金,03,地域活動支援センター機能強化事業交付金,"",0,2171000,2171
132047:2024:revenue:approved:5d90bc42a06868e6,2024,331,01,一般会計,16,都支出金,02,都補助金,02,民生費都補助金,02,重層的支援体制整備事業交付金,04,地域介護予防活動支援事業交付金,"",0,273000,273
132047:2024:revenue:approved:2593af3e67812f32,2024,332,01,一般会計,16,都支出金,02,都補助金,02,民生費都補助金,02,重層的支援体制整備事業交付金,05,地域包括支援センター運営費交付金,"",0,42775000,42775
132047:2024:revenue:approved:269bb8589b0f07b1,2024,333,01,一般会計,16,都支出金,02,都補助金,02,民生費都補助金,02,重層的支援体制整備事業交付金,06,生活支援体制整備事業交付金,"",0,6759000,6759
132047:2024:revenue:approved:1e84ce2560581249,2024,334,01,一般会計,16,都支出金,02,都補助金,02,民生費都補助金,02,重層的支援体制整備事業交付金,07,利用者支援事業交付金,"",0,6204000,6204
132047:2024:revenue:approved:16ed377c669fc1a2,2024,335,01,一般会計,16,都支出金,02,都補助金,02,民生費都補助金,02,重層的支援体制整備事業交付金,08,地域子育て支援拠点事業交付金,"",0,46987000,46987
132047:2024:revenue:approved:0ab3d5b45430f8db,2024,336,01,一般会計,16,都支出金,02,都補助金,02,民生費都補助金,03,地域福祉推進事業補助金,01,ハンディキャブ助成事業補助金,"",0,2500000,2500
132047:2024:revenue:approved:f3b51f68a713fd03,2024,337,01,一般会計,16,都支出金,02,都補助金,02,民生費都補助金,04,受験生チャレンジ支援貸付窓口の運営事業補助金,01,受験生チャレンジ支援貸付窓口の運営事業補助金,"",0,7500000,7500
132047:2024:revenue:approved:f440c6d3eab56afb,2024,338,01,一般会計,16,都支出金,02,都補助金,02,民生費都補助金,05,地域生活支援事業費等補助金,01,地域生活支援事業費等補助金,"",0,20477000,20477
132047:2024:revenue:approved:8044fe4ee2299dad,2024,339,01,一般会計,16,都支出金,02,都補助金,02,民生費都補助金,06,重度訪問介護等の利用促進に係る市町村支援事業費補助金,01,重度訪問介護等の利用促進に係る市町村支援事業費補助金,"",0,4167000,4167
132047:2024:revenue:approved:2ad0f8ee7aeca867,2024,340,01,一般会計,16,都支出金,02,都補助金,02,民生費都補助金,07,重度障害者に係る区市町村特別支援事業補助金,01,重度障害者に係る区市町村特別支援事業補助金,"",0,1388000,1388
132047:2024:revenue:approved:48f6365e9d7371e7,2024,341,01,一般会計,16,都支出金,02,都補助金,02,民生費都補助金,08,重度脳性マヒ者等介護人派遣事業費補助金,01,重度脳性マヒ者等介護人派遣事業費補助金,"",0,945000,945
132047:2024:revenue:approved:9136044c4fe656c5,2024,342,01,一般会計,16,都支出金,02,都補助金,02,民生費都補助金,09,障害者施策推進区市町村包括補助金,01,障害者施策推進区市町村包括補助金,"",0,193750000,193750
132047:2024:revenue:approved:3d4c88f7d2b86f98,2024,343,01,一般会計,16,都支出金,02,都補助金,02,民生費都補助金,10,区市町村特別支援事業補助金,01,区市町村特別支援事業補助金,"",0,9725000,9725
132047:2024:revenue:approved:5b82a112673f6512,2024,344,01,一般会計,16,都支出金,02,都補助金,02,民生費都補助金,11,区市町村高次脳機能障害者支援促進事業補助金,01,区市町村高次脳機能障害者支援促進事業補助金,"",0,369000,369
132047:2024:revenue:approved:f88d2009dde3dec0,2024,345,01,一般会計,16,都支出金,02,都補助金,02,民生費都補助金,12,在宅レスパイト・就労等支援事業補助金,01,在宅レスパイト・就労等支援事業補助金,"",0,467000,467
132047:2024:revenue:approved:f2cdac1832f2639c,2024,346,01,一般会計,16,都支出金,02,都補助金,02,民生費都補助金,13,障害者日中活動系サービス推進事業補助金,01,障害者日中活動系サービス推進事業補助金,"",0,193389000,193389
132047:2024:revenue:approved:9ca71160a7ea6ba7,2024,347,01,一般会計,16,都支出金,02,都補助金,02,民生費都補助金,14,医療保健政策区市町村包括補助金,01,医療保健政策区市町村包括補助金,"",0,9395000,9395
132047:2024:revenue:approved:a10c76220f8c083d,2024,348,01,一般会計,16,都支出金,02,都補助金,02,民生費都補助金,15,区市町村在宅療養推進事業補助金,01,区市町村在宅療養推進事業補助金,"",0,826000,826
132047:2024:revenue:approved:746afd0a9b997f85,2024,349,01,一般会計,16,都支出金,02,都補助金,02,民生費都補助金,16,人生１００年時代社会参加マッチング事業補助金,01,人生１００年時代社会参加マッチング事業補助金,"",0,7617000,7617
132047:2024:revenue:approved:c74eca8c98e0353d,2024,350,01,一般会計,16,都支出金,02,都補助金,02,民生費都補助金,17,老人クラブ等助成費補助金,01,老人クラブ等助成費補助金,"",0,1063000,1063
132047:2024:revenue:approved:dd48fd12c9f0a841,2024,351,01,一般会計,16,都支出金,02,都補助金,02,民生費都補助金,18,シルバー人材センター運営費補助金,01,シルバー人材センター運営費補助金,"",0,12495000,12495
132047:2024:revenue:approved:fb28cd3ed6c74a33,2024,352,01,一般会計,16,都支出金,02,都補助金,02,民生費都補助金,19,高齢社会対策区市町村包括補助金,01,高齢社会対策区市町村包括補助金,"",0,44908000,44908
132047:2024:revenue:approved:5cccaeb7f14ceab7,2024,353,01,一般会計,16,都支出金,02,都補助金,02,民生費都補助金,20,社会福祉法人等による介護保険サービス利用者負担軽減費補助金,01,社会福祉法人等による介護保険サービス利用者負担軽減費補助金,"",0,1850000,1850
132047:2024:revenue:approved:cd18d3df6e7aeb8f,2024,354,01,一般会計,16,都支出金,02,都補助金,02,民生費都補助金,21,介護保険サービス提供事業者による利用者負担軽減費補助金,01,介護保険サービス提供事業者による利用者負担軽減費補助金,"",0,40000,40
132047:2024:revenue:approved:a61593f9ea9ba854,2024,355,01,一般会計,16,都支出金,02,都補助金,02,民生費都補助金,22,介護予防・フレイル予防推進員配置事業補助金,01,介護予防・フレイル予防推進員配置事業補助金,"",0,11000000,11000
132047:2024:revenue:approved:5c6f19180c2ec4e3,2024,356,01,一般会計,16,都支出金,02,都補助金,02,民生費都補助金,23,区市町村介護人材対策事業費補助金,01,区市町村介護人材対策事業費補助金,"",0,12075000,12075
132047:2024:revenue:approved:051f02a8d9e0f0d2,2024,357,01,一般会計,16,都支出金,02,都補助金,02,民生費都補助金,24,子供・長寿・居場所区市町村包括補助金,01,子供・長寿・居場所区市町村包括補助金,"",0,100000000,100000
132047:2024:revenue:approved:1cb6aaca6296b491,2024,358,01,一般会計,16,都支出金,02,都補助金,02,民生費都補助金,25,子育て推進交付金,01,子育て推進交付金,"",0,1100281000,1100281
132047:2024:revenue:approved:9ba1415153031e15,2024,359,01,一般会計,16,都支出金,02,都補助金,02,民生費都補助金,26,乳幼児医療費助成事業費補助金,01,乳幼児医療費助成事業費補助金,"",0,151821000,151821
132047:2024:revenue:approved:cc26f4ff51a064d8,2024,360,01,一般会計,16,都支出金,02,都補助金,02,民生費都補助金,27,義務教育就学児医療費助成事業費補助金,01,義務教育就学児医療費助成事業費補助金,"",0,152388000,152388
132047:2024:revenue:approved:6d6ff7f699fcd50d,2024,361,01,一般会計,16,都支出金,02,都補助金,02,民生費都補助金,28,高校生等医療費助成事業費補助金,01,高校生等医療費助成事業費補助金,"",0,70625000,70625
132047:2024:revenue:approved:ce79b51e58fdc4a6,2024,362,01,一般会計,16,都支出金,02,都補助金,02,民生費都補助金,29,小児慢性特定疾病児童等日常生活用具給付事業費補助金,01,小児慢性特定疾病児童等日常生活用具給付事業費補助金,"",0,250000,250
132047:2024:revenue:approved:7719c8dc2ecf960e,2024,363,01,一般会計,16,都支出金,02,都補助金,02,民生費都補助金,30,子供食堂推進事業補助金,01,子供食堂推進事業補助金,"",0,2040000,2040
132047:2024:revenue:approved:cf6feb290df7763e,2024,364,01,一般会計,16,都支出金,02,都補助金,02,民生費都補助金,31,保育所等における性被害防止対策に係る設備等支援事業費補助金,01,保育所等における性被害防止対策に係る設備等支援事業費補助金,"",0,5350000,5350
132047:2024:revenue:approved:cda98128372e2e88,2024,365,01,一般会計,16,都支出金,02,都補助金,02,民生費都補助金,32,子ども家庭支援区市町村包括補助金,01,子ども家庭支援区市町村包括補助金,"",0,47748000,47748
132047:2024:revenue:approved:590d85ee68c5b6fa,2024,366,01,一般会計,16,都支出金,02,都補助金,02,民生費都補助金,33,子ども・子育て支援交付金,01,子どもを守る地域ネットワーク機能強化事業交付金,"",0,1494000,1494
132047:2024:revenue:approved:5fa23c136a827f4b,2024,367,01,一般会計,16,都支出金,02,都補助金,02,民生費都補助金,33,子ども・子育て支援交付金,02,子育て援助活動支援事業交付金,"",0,4705000,4705
132047:2024:revenue:approved:51c1c6a6d98a83ae,2024,368,01,一般会計,16,都支出金,02,都補助金,02,民生費都補助金,33,子ども・子育て支援交付金,03,養育支援訪問事業交付金,"",0,9000,9
132047:2024:revenue:approved:f9bd6d28990f7f45,2024,369,01,一般会計,16,都支出金,02,都補助金,02,民生費都補助金,33,子ども・子育て支援交付金,04,子育て世帯訪問支援事業交付金,"",0,117000,117
132047:2024:revenue:approved:6389c7b1d42b2e14,2024,370,01,一般会計,16,都支出金,02,都補助金,02,民生費都補助金,33,子ども・子育て支援交付金,05,一時預かり事業交付金,"",0,21093000,21093
132047:2024:revenue:approved:d8548993ae3e09bd,2024,371,01,一般会計,16,都支出金,02,都補助金,02,民生費都補助金,33,子ども・子育て支援交付金,06,子育て短期支援事業交付金,"",0,480000,480
132047:2024:revenue:approved:266acc91919d1071,2024,372,01,一般会計,16,都支出金,02,都補助金,02,民生費都補助金,33,子ども・子育て支援交付金,07,病児保育事業交付金,"",0,8601000,8601
132047:2024:revenue:approved:37ca7c94c2220d6b,2024,373,01,一般会計,16,都支出金,02,都補助金,02,民生費都補助金,33,子ども・子育て支援交付金,08,乳児家庭全戸訪問事業交付金,"",0,1800000,1800
132047:2024:revenue:approved:afe98cbaa96a760a,2024,374,01,一般会計,16,都支出金,02,都補助金,02,民生費都補助金,33,子ども・子育て支援交付金,09,延長保育事業交付金,"",0,6434000,6434
132047:2024:revenue:approved:b2be397a0f5ad2a8,2024,375,01,一般会計,16,都支出金,02,都補助金,02,民生費都補助金,33,子ども・子育て支援交付金,10,多様な事業者の参入促進・能力活用事業交付金,"",0,2000000,2000
132047:2024:revenue:approved:f64e19bfd34d4be0,2024,376,01,一般会計,16,都支出金,02,都補助金,02,民生費都補助金,33,子ども・子育て支援交付金,11,放課後児童健全育成事業交付金,"",0,125526000,125526
132047:2024:revenue:approved:681d299cf9751e80,2024,377,01,一般会計,16,都支出金,02,都補助金,02,民生費都補助金,34,保育所等の質の確保・向上のための巡回支援指導事業費補助金,01,保育所等の質の確保・向上のための巡回支援指導事業費補助金,"",0,18279000,18279
132047:2024:revenue:approved:7bd1fea38b4d0074,2024,378,01,一般会計,16,都支出金,02,都補助金,02,民生費都補助金,35,とうきょうママパパ応援事業補助金,01,多胎児家庭支援事業補助金,"",0,694000,694
132047:2024:revenue:approved:23968670df71467c,2024,379,01,一般会計,16,都支出金,02,都補助金,02,民生費都補助金,35,とうきょうママパパ応援事業補助金,02,産後家事・育児支援事業補助金,"",0,430000,430
132047:2024:revenue:approved:6c4c05bc761bff8e,2024,380,01,一般会計,16,都支出金,02,都補助金,02,民生費都補助金,35,とうきょうママパパ応援事業補助金,03,人材育成事業補助金,"",0,91000,91
132047:2024:revenue:approved:eab08f95341f61bb,2024,381,01,一般会計,16,都支出金,02,都補助金,02,民生費都補助金,36,保育所等における地域の子育て支援事業費補助金,01,保育所等における地域の子育て支援事業費補助金,"",0,7200000,7200
132047:2024:revenue:approved:75f2dd1c33c9f4e1,2024,382,01,一般会計,16,都支出金,02,都補助金,02,民生費都補助金,37,保育人材確保支援事業補助金,01,保育人材確保支援事業補助金,"",0,907000,907
132047:2024:revenue:approved:0866632f1c87d2e1,2024,383,01,一般会計,16,都支出金,02,都補助金,02,民生費都補助金,38,ベビーシッター利用支援事業（一時預かり利用支援）補助金,01,ベビーシッター利用支援事業（一時預かり利用支援）補助金,"",0,40000000,40000
132047:2024:revenue:approved:571fd2092cb36b2e,2024,384,01,一般会計,16,都支出金,02,都補助金,02,民生費都補助金,39,一時預かり事業・定期利用保育事業費補助金,01,一時預かり事業・定期利用保育事業費補助金,"",0,12943000,12943
132047:2024:revenue:approved:e665b92cf98dc215,2024,385,01,一般会計,16,都支出金,02,都補助金,02,民生費都補助金,40,保育所等利用多子世帯負担軽減事業補助金,01,保育所等利用多子世帯負担軽減事業補助金,"",0,393619000,393619
132047:2024:revenue:approved:197daa00ba621b5e,2024,386,01,一般会計,16,都支出金,02,都補助金,02,民生費都補助金,41,認証保育所運営費補助金,01,認証保育所運営費補助金,"",0,253154000,253154
132047:2024:revenue:approved:7e1f4f755a794fe9,2024,387,01,一般会計,16,都支出金,02,都補助金,02,民生費都補助金,42,認証保育所１歳児受入促進事業補助金,01,認証保育所１歳児受入促進事業補助金,"",0,1691000,1691
132047:2024:revenue:approved:106833ac7c1c1885,2024,388,01,一般会計,16,都支出金,02,都補助金,02,民生費都補助金,43,認可外保育施設利用支援事業補助金,01,認可外保育施設利用支援事業補助金,"",0,125893000,125893
132047:2024:revenue:approved:c4e79b5d6e457530,2024,389,01,一般会計,16,都支出金,02,都補助金,02,民生費都補助金,44,保育士等キャリアアップ補助金,01,保育士等キャリアアップ補助金,"",0,257244000,257244
132047:2024:revenue:approved:53a1ebff4ee6c8a3,2024,390,01,一般会計,16,都支出金,02,都補助金,02,民生費都補助金,45,保育サービス推進事業補助金,01,保育サービス推進事業補助金,"",0,65757000,65757
132047:2024:revenue:approved:f804a595516b0d8b,2024,391,01,一般会計,16,都支出金,02,都補助金,02,民生費都補助金,46,保育力強化事業補助金,01,認証保育所保育力強化事業補助金,"",0,7764000,7764
132047:2024:revenue:approved:18e888f4bdea094a,2024,392,01,一般会計,16,都支出金,02,都補助金,02,民生費都補助金,47,保育従事職員宿舎借り上げ支援事業費補助金,01,保育従事職員宿舎借り上げ支援事業費補助金,"",0,138965000,138965
132047:2024:revenue:approved:558802f04b0a6273,2024,393,01,一般会計,16,都支出金,02,都補助金,02,民生費都補助金,48,保育体制強化事業費補助金,01,保育体制強化事業費補助金,"",0,21766000,21766
132047:2024:revenue:approved:9c6ced0c420d9e7f,2024,394,01,一般会計,16,都支出金,02,都補助金,02,民生費都補助金,49,医療的ケア児保育支援事業費補助金,01,医療的ケア児保育支援事業費補助金,"",0,21353000,21353
132047:2024:revenue:approved:359562d05e46663b,2024,395,01,一般会計,16,都支出金,02,都補助金,02,民生費都補助金,50,児童発達支援センター地域支援体制確保事業補助金,01,児童発達支援センター地域支援体制確保事業補助金,"",0,7301000,7301
132047:2024:revenue:approved:7608f36a209c165c,2024,396,01,一般会計,16,都支出金,02,都補助金,02,民生費都補助金,51,ひとり親家庭等医療費助成事業費補助金,01,ひとり親家庭等医療費助成事業費補助金,"",0,33037000,33037
132047:2024:revenue:approved:16d6b074d01efdab,2024,397,01,一般会計,16,都支出金,02,都補助金,02,民生費都補助金,52,ひとり親家庭ホームヘルプサービス事業補助金,01,ひとり親家庭ホームヘルプサービス事業補助金,"",0,3316000,3316
132047:2024:revenue:approved:963b3a15cec51448,2024,398,01,一般会計,16,都支出金,02,都補助金,02,民生費都補助金,53,養育費確保支援事業補助金,01,養育費確保支援事業補助金,"",0,162000,162
132047:2024:revenue:approved:78787ef7c1d98790,2024,399,01,一般会計,16,都支出金,02,都補助金,02,民生費都補助金,54,都型学童クラブ事業補助金,01,都型学童クラブ事業補助金,"",0,33428000,33428
132047:2024:revenue:approved:d5705b7a6bc2e4dc,2024,400,01,一般会計,16,都支出金,02,都補助金,03,衛生費都補助金,01,重層的支援体制整備事業交付金,01,利用者支援事業交付金,"",0,1819000,1819
132047:2024:revenue:approved:01c18a8b55868ece,2024,401,01,一般会計,16,都支出金,02,都補助金,03,衛生費都補助金,02,とうきょうママパパ応援事業補助金,01,利用者支援事業補助金,"",0,27369000,27369
132047:2024:revenue:approved:156487bf7317f058,2024,402,01,一般会計,16,都支出金,02,都補助金,03,衛生費都補助金,02,とうきょうママパパ応援事業補助金,02,産後ケア事業補助金,"",0,40611000,40611
132047:2024:revenue:approved:4e555c74b62d03f3,2024,403,01,一般会計,16,都支出金,02,都補助金,03,衛生費都補助金,02,とうきょうママパパ応援事業補助金,03,産前・産後サポート事業補助金,"",0,2557000,2557
132047:2024:revenue:approved:be94fd773d51d85f,2024,404,01,一般会計,16,都支出金,02,都補助金,03,衛生費都補助金,02,とうきょうママパパ応援事業補助金,04,多胎児家庭支援事業補助金,"",0,2040000,2040
132047:2024:revenue:approved:b32d690f0b94a1d5,2024,405,01,一般会計,16,都支出金,02,都補助金,03,衛生費都補助金,02,とうきょうママパパ応援事業補助金,05,伴走型・経済的支援事業補助金,"",0,5670000,5670
132047:2024:revenue:approved:d05fc91c64f5d587,2024,406,01,一般会計,16,都支出金,02,都補助金,03,衛生費都補助金,02,とうきょうママパパ応援事業補助金,06,バースデイサポート事業補助金,"",0,86095000,86095
132047:2024:revenue:approved:e35cb37c9842851e,2024,407,01,一般会計,16,都支出金,02,都補助金,03,衛生費都補助金,03,医療保健政策区市町村包括補助金,01,医療保健政策区市町村包括補助金,"",0,41202000,41202
132047:2024:revenue:approved:8f43a57cc8018859,2024,408,01,一般会計,16,都支出金,02,都補助金,03,衛生費都補助金,04,小児初期救急平日夜間診療事業補助金,01,小児初期救急平日夜間診療事業補助金,"",0,3675000,3675
132047:2024:revenue:approved:654628f4a82b664b,2024,409,01,一般会計,16,都支出金,02,都補助金,03,衛生費都補助金,05,子ども家庭支援区市町村包括補助金,01,子ども家庭支援区市町村包括補助金,"",0,5761000,5761
132047:2024:revenue:approved:14209ba6893e0479,2024,410,01,一般会計,16,都支出金,02,都補助金,03,衛生費都補助金,06,妊婦健康診査支援事業補助金,01,妊婦健康診査支援事業補助金,"",0,23057000,23057
132047:2024:revenue:approved:fd25057332cd76cf,2024,411,01,一般会計,16,都支出金,02,都補助金,03,衛生費都補助金,07,初回産科受診料支援事業補助金,01,初回産科受診料支援事業補助金,"",0,37000,37
132047:2024:revenue:approved:83e243d2e64d0660,2024,412,01,一般会計,16,都支出金,02,都補助金,03,衛生費都補助金,08,区市町村食育推進活動支援事業費補助金,01,区市町村食育推進活動支援事業費補助金,"",0,1064000,1064
132047:2024:revenue:approved:2af112bbbcf5c7e1,2024,413,01,一般会計,16,都支出金,02,都補助金,03,衛生費都補助金,09,出産・子育て応援事業補助金,01,出産・子育て応援事業補助金,"",0,44000000,44000
132047:2024:revenue:approved:0ea5263da2461038,2024,414,01,一般会計,16,都支出金,02,都補助金,03,衛生費都補助金,10,健康増進事業費補助金,01,健康増進事業費補助金,"",0,18677000,18677
132047:2024:revenue:approved:0b69dd18dd0c30d4,2024,415,01,一般会計,16,都支出金,02,都補助金,03,衛生費都補助金,11,東京ユースヘルスケア推進事業補助金,01,東京ユースヘルスケア推進事業補助金,"",0,1145000,1145
132047:2024:revenue:approved:ec5ca337069feb8e,2024,416,01,一般会計,16,都支出金,02,都補助金,03,衛生費都補助金,12,高齢者肺炎球菌ワクチン定期接種補助金,01,高齢者肺炎球菌ワクチン定期接種補助金,"",0,2782000,2782
132047:2024:revenue:approved:f098858084f4e0bf,2024,417,01,一般会計,16,都支出金,02,都補助金,03,衛生費都補助金,13,帯状疱疹ワクチン任意接種補助金,01,帯状疱疹ワクチン任意接種補助金,"",0,16837000,16837
132047:2024:revenue:approved:c59cb79a2d756fe5,2024,418,01,一般会計,16,都支出金,02,都補助金,03,衛生費都補助金,14,予防接種事故処理費補助金,01,予防接種事故処理費補助金,"",0,11643000,11643
132047:2024:revenue:approved:b442b218d90f47a3,2024,419,01,一般会計,16,都支出金,02,都補助金,03,衛生費都補助金,15,高齢社会対策区市町村包括補助金,01,高齢社会対策区市町村包括補助金,"",0,3577000,3577
132047:2024:revenue:approved:cfa8c28856fcccb8,2024,420,01,一般会計,16,都支出金,02,都補助金,04,労働費都補助金,01,はつらつ高齢者就業機会創出支援事業補助金,01,はつらつ高齢者就業機会創出支援事業補助金,"",0,8594000,8594
132047:2024:revenue:approved:51f76b2980857504,2024,421,01,一般会計,16,都支出金,02,都補助金,04,労働費都補助金,02,地域人材確保総合支援事業補助金,01,地域人材確保総合支援事業補助金,"",0,4350000,4350
132047:2024:revenue:approved:df241d3398bc7bea,2024,422,01,一般会計,16,都支出金,02,都補助金,05,農林費都補助金,01,農業委員会交付金,01,農業委員会交付金,"",0,1196000,1196
132047:2024:revenue:approved:e0f8248b73792e2e,2024,423,01,一般会計,16,都支出金,02,都補助金,05,農林費都補助金,02,農業経営基盤強化措置特別会計事務費交付金,01,国有農地管理事務費交付金,"",0,37000,37
132047:2024:revenue:approved:3ef89a0b0638e330,2024,424,01,一般会計,16,都支出金,02,都補助金,05,農林費都補助金,03,高齢社会対策区市町村包括補助金,01,高齢社会対策区市町村包括補助金,"",0,2900000,2900
132047:2024:revenue:approved:40fe06c8e14e9cdd,2024,425,01,一般会計,16,都支出金,02,都補助金,05,農林費都補助金,04,未来に残す東京の農地プロジェクト事業補助金,01,未来に残す東京の農地プロジェクト事業補助金,"",0,23343000,23343
132047:2024:revenue:approved:b2dcb24ce1b45c12,2024,426,01,一般会計,16,都支出金,02,都補助金,05,農林費都補助金,05,都市農業振興施設整備事業費補助金,01,都市農業振興施設整備事業費補助金,"",0,6625000,6625
132047:2024:revenue:approved:322c0e98d1be80a1,2024,427,01,一般会計,16,都支出金,02,都補助金,06,商工費都補助金,01,地域産業活力創出支援事業費補助金,01,地域産業活力創出支援事業費補助金,"",0,37610000,37610
132047:2024:revenue:approved:f93af2ef23cd0690,2024,428,01,一般会計,16,都支出金,02,都補助金,06,商工費都補助金,02,商店街チャレンジ戦略支援事業補助金,01,商店街チャレンジ戦略支援事業補助金,"",0,11928000,11928
132047:2024:revenue:approved:d8cd9232f5367176,2024,429,01,一般会計,16,都支出金,02,都補助金,06,商工費都補助金,03,都内ものづくり企業地域共生推進事業補助金,01,都内ものづくり企業地域共生推進事業補助金,"",0,10000000,10000
132047:2024:revenue:approved:e891c0bcf996e47f,2024,430,01,一般会計,16,都支出金,02,都補助金,06,商工費都補助金,04,消費者行政強化交付金,01,消費者行政強化交付金,"",0,412000,412
132047:2024:revenue:approved:53ed7808c20949d4,2024,431,01,一般会計,16,都支出金,02,都補助金,07,土木費都補助金,01,地籍整備推進調査費補助金,01,地籍整備推進調査費補助金,"",0,3649000,3649
132047:2024:revenue:approved:96ff167199c6205f,2024,432,01,一般会計,16,都支出金,02,都補助金,07,土木費都補助金,02,地域福祉推進区市町村包括補助金,01,バリアフリーのまちづくり推進事業費補助金,"",0,1094000,1094
132047:2024:revenue:approved:f0ed4c1d23ee3f9c,2024,433,01,一般会計,16,都支出金,02,都補助金,07,土木費都補助金,03,道路橋梁費補助金,01,市道第１３９号線整備事業費補助金,"",0,3600000,3600
132047:2024:revenue:approved:572e7fcc2413ee92,2024,434,01,一般会計,16,都支出金,02,都補助金,07,土木費都補助金,03,道路橋梁費補助金,02,三鷹駅前デッキ長寿命化事業費補助金,"",0,1125000,1125
132047:2024:revenue:approved:d67ef61f6c0bb816,2024,435,01,一般会計,16,都支出金,02,都補助金,07,土木費都補助金,03,道路橋梁費補助金,03,橋梁現況調査事業費補助金,"",0,450000,450
132047:2024:revenue:approved:1730234e2b73e5e6,2024,436,01,一般会計,16,都支出金,02,都補助金,07,土木費都補助金,03,道路橋梁費補助金,04,宮下橋架替事業費補助金,"",0,40000000,40000
132047:2024:revenue:approved:9abf826cc3ad1c65,2024,437,01,一般会計,16,都支出金,02,都補助金,07,土木費都補助金,04,公共交通事業費補助金,01,公共交通事業費補助金,"",0,13856000,13856
132047:2024:revenue:approved:e0693bc9e946b056,2024,438,01,一般会計,16,都支出金,02,都補助金,07,土木費都補助金,05,自転車安全利用促進事業補助金,01,自転車安全利用促進事業補助金,"",0,3208000,3208
132047:2024:revenue:approved:40771fb9be04fc07,2024,439,01,一般会計,16,都支出金,02,都補助金,07,土木費都補助金,06,集約型の地域構造への再編に向けた計画策定支援事業補助金,01,集約型の地域構造への再編に向けた計画策定支援事業補助金,"",0,759000,759
132047:2024:revenue:approved:4b999d2c36be22b3,2024,440,01,一般会計,16,都支出金,02,都補助金,07,土木費都補助金,07,鉄道駅総合バリアフリー推進事業費補助金,01,バリアフリー基本構想等作成事業補助金,"",0,2000000,2000
132047:2024:revenue:approved:a88d27829a40b44a,2024,441,01,一般会計,16,都支出金,02,都補助金,07,土木費都補助金,08,街路事業費補助金,01,都市計画道路３・４・１３号（牟礼）整備事業費補助金,"",0,17200000,17200
132047:2024:revenue:approved:17cdb687dd866798,2024,442,01,一般会計,16,都支出金,02,都補助金,07,土木費都補助金,09,雨水流出抑制助成事業補助金,01,雨水浸透ます設置費補助金,"",0,368000,368
132047:2024:revenue:approved:8faa896b9bff94fa,2024,443,01,一般会計,16,都支出金,02,都補助金,07,土木費都補助金,10,ブロック塀等安全対策促進事業補助金,01,ブロック塀等安全対策促進事業補助金,"",0,200000,200
132047:2024:revenue:approved:844f941df5326928,2024,444,01,一般会計,16,都支出金,02,都補助金,07,土木費都補助金,11,都市計画公園事業費補助金,01,北野公園用地取得事業費補助金,"",0,30600000,30600
132047:2024:revenue:approved:68722f8c8edeb223,2024,445,01,一般会計,16,都支出金,02,都補助金,07,土木費都補助金,12,だれもが遊べる児童遊具広場事業費補助金,01,だれもが遊べる児童遊具広場事業費補助金,"",0,11519000,11519
132047:2024:revenue:approved:4644882c93381d99,2024,446,01,一般会計,16,都支出金,02,都補助金,07,土木費都補助金,13,特定緊急輸送道路沿道建築物耐震化促進事業補助金,01,特定緊急輸送道路沿道建築物耐震化促進事業補助金,"",0,13361000,13361
132047:2024:revenue:approved:d436388429298a0c,2024,447,01,一般会計,16,都支出金,02,都補助金,07,土木費都補助金,14,空き家利活用等区市町村支援事業補助金,01,空き家利活用等区市町村支援事業補助金,"",0,2373000,2373
132047:2024:revenue:approved:ae9f9b24a82ddb00,2024,448,01,一般会計,16,都支出金,02,都補助金,07,土木費都補助金,15,分譲マンション耐震化助成事業補助金,01,分譲マンション耐震化助成事業費補助金,"",0,750000,750
132047:2024:revenue:approved:91abd1ec80766163,2024,449,01,一般会計,16,都支出金,02,都補助金,07,土木費都補助金,16,居住支援協議会活動支援補助金,01,居住支援協議会活動支援補助金,"",0,595000,595
132047:2024:revenue:approved:924ce3edcdd1b42f,2024,450,01,一般会計,16,都支出金,02,都補助金,08,消防費都補助金,01,区市町村災害対応力向上支援事業補助金,01,区市町村災害対応力向上支援事業補助金,"",0,2598000,2598
132047:2024:revenue:approved:8d14607ebd591cb6,2024,451,01,一般会計,16,都支出金,02,都補助金,08,消防費都補助金,02,高齢社会対策区市町村包括補助金,01,高齢社会対策区市町村包括補助金,"",0,279000,279
132047:2024:revenue:approved:e3c183803a98aeaa,2024,452,01,一般会計,16,都支出金,02,都補助金,09,教育費都補助金,01,公立学校給食費負担軽減事業補助金,01,公立学校給食費負担軽減事業補助金,"",0,353659000,353659
132047:2024:revenue:approved:cda9fcfdf08a73e0,2024,453,01,一般会計,16,都支出金,02,都補助金,09,教育費都補助金,02,部活動指導員配置経費補助事業補助金,01,部活動指導員配置経費補助事業補助金,"",0,18244000,18244
132047:2024:revenue:approved:7d79bd76f3613582,2024,454,01,一般会計,16,都支出金,02,都補助金,09,教育費都補助金,03,部活動外部指導者配置支援事業補助金,01,部活動外部指導者配置支援事業補助金,"",0,2210000,2210
132047:2024:revenue:approved:c23755b02ac533aa,2024,455,01,一般会計,16,都支出金,02,都補助金,09,教育費都補助金,04,コミュニティ・スクール推進体制構築事業補助金,01,コミュニティ・スクール推進体制構築事業補助金,"",0,3360000,3360
132047:2024:revenue:approved:8d93466414ef56cd,2024,456,01,一般会計,16,都支出金,02,都補助金,09,教育費都補助金,05,地域学校協働活動推進事業費補助金,01,地域学校協働活動推進事業費補助金,"",0,12531000,12531
132047:2024:revenue:approved:617d02957607ad05,2024,457,01,一般会計,16,都支出金,02,都補助金,09,教育費都補助金,06,スクールソーシャルワーカー活用事業補助金,01,スクールソーシャルワーカー活用事業補助金,"",0,30898000,30898
132047:2024:revenue:approved:52da47ce4e7caa98,2024,458,01,一般会計,16,都支出金,02,都補助金,09,教育費都補助金,07,公立小・中学校特別支援教育推進補助金,01,公立小・中学校特別支援教育推進補助金,"",0,6295000,6295
132047:2024:revenue:approved:af2e7643f1bb5d24,2024,459,01,一般会計,16,都支出金,02,都補助金,09,教育費都補助金,08,学校マネジメント強化事業補助金,01,学校マネジメント強化事業補助金,"",0,51919000,51919
132047:2024:revenue:approved:c762ad50711939d4,2024,460,01,一般会計,16,都支出金,02,都補助金,09,教育費都補助金,09,エデュケーション・アシスタント配置支援事業補助金,01,エデュケーション・アシスタント配置支援事業補助金,"",0,106715000,106715
132047:2024:revenue:approved:3d88ef726a2e6a23,2024,461,01,一般会計,16,都支出金,02,都補助金,09,教育費都補助金,10,スクール・サポート・スタッフ配置支援事業補助金,01,スクール・サポート・スタッフ配置支援事業補助金,"",0,36505000,36505
132047:2024:revenue:approved:4be772c2758db917,2024,462,01,一般会計,16,都支出金,02,都補助金,09,教育費都補助金,11,校内別室指導支援員配置事業補助金,01,校内別室指導支援員配置事業補助金,"",0,16901000,16901
132047:2024:revenue:approved:b9470a9bcdd5d555,2024,463,01,一般会計,16,都支出金,02,都補助金,09,教育費都補助金,12,教育支援センター機能強化補助事業補助金,01,教育支援センター機能強化補助事業補助金,"",0,1250000,1250
132047:2024:revenue:approved:84de478db7f9e6af,2024,464,01,一般会計,16,都支出金,02,都補助金,09,教育費都補助金,13,デジタル活用研究校事業補助金,01,デジタル活用研究校事業補助金,"",0,400000,400
132047:2024:revenue:approved:57ed7d98342ff231,2024,465,01,一般会計,16,都支出金,02,都補助金,09,教育費都補助金,14,デジタル利活用支援員配置支援事業補助金,01,デジタル利活用支援員配置支援事業補助金,"",0,10936000,10936
132047:2024:revenue:approved:9f2f68c3aa190b68,2024,466,01,一般会計,16,都支出金,02,都補助金,09,教育費都補助金,15,私立幼稚園等園児保護者負担軽減事業費補助金,01,私立幼稚園児保護者負担軽減事業費補助金,"",0,27549000,27549
132047:2024:revenue:approved:1c9fff67e21fab62,2024,467,01,一般会計,16,都支出金,02,都補助金,09,教育費都補助金,15,私立幼稚園等園児保護者負担軽減事業費補助金,02,幼稚園類似施設児保護者負担軽減事業費補助金,"",0,1060000,1060
132047:2024:revenue:approved:271615b6728980ed,2024,468,01,一般会計,16,都支出金,02,都補助金,09,教育費都補助金,15,私立幼稚園等園児保護者負担軽減事業費補助金,03,特定教育・保育施設児保護者負担軽減事業費補助金,"",0,15405000,15405
132047:2024:revenue:approved:9ccc9df62c70071c,2024,469,01,一般会計,16,都支出金,02,都補助金,09,教育費都補助金,15,私立幼稚園等園児保護者負担軽減事業費補助金,04,満３歳児預かり保育利用保護者負担軽減事業費補助金,"",0,7776000,7776
132047:2024:revenue:approved:fafaa29b8375fd5d,2024,470,01,一般会計,16,都支出金,02,都補助金,09,教育費都補助金,15,私立幼稚園等園児保護者負担軽減事業費補助金,05,０歳から２歳児一時預かり利用保護者負担軽減事業費補助金,"",0,4536000,4536
132047:2024:revenue:approved:8d8a96f8dcdf077b,2024,471,01,一般会計,16,都支出金,02,都補助金,09,教育費都補助金,16,子ども・子育て支援交付金,01,実費徴収に係る補足給付事業費交付金,"",0,1226000,1226
132047:2024:revenue:approved:5ab9d7fe59c24c9b,2024,472,01,一般会計,16,都支出金,02,都補助金,09,教育費都補助金,16,子ども・子育て支援交付金,02,一時預かり事業交付金,"",0,22247000,22247
132047:2024:revenue:approved:69ed98c4397fc598,2024,473,01,一般会計,16,都支出金,02,都補助金,09,教育費都補助金,17,一時預かり事業補助金,01,一時預かり事業補助金,"",0,24370000,24370
132047:2024:revenue:approved:c0d07c6001490693,2024,474,01,一般会計,16,都支出金,02,都補助金,09,教育費都補助金,18,公立学校施設防災機能強化支援事業補助金,01,公立学校施設防災機能強化支援事業補助金,"",0,29962000,29962
132047:2024:revenue:approved:754c82310cc2763f,2024,475,01,一般会計,16,都支出金,02,都補助金,09,教育費都補助金,19,文化財保存事業費補助金,01,遺跡発掘調査事業費補助金,"",0,2500000,2500
132047:2024:revenue:approved:96efd1c7278c73c4,2024,476,01,一般会計,16,都支出金,02,都補助金,09,教育費都補助金,19,文化財保存事業費補助金,02,遺跡緊急発掘調査事業費補助金,"",0,4000,4
132047:2024:revenue:approved:5d25d092b10b285f,2024,477,01,一般会計,16,都支出金,02,都補助金,09,教育費都補助金,20,地域ぐるみの学校安全体制整備推進事業補助金,01,地域ぐるみの学校安全体制整備推進事業補助金,"",0,440000,440
132047:2024:revenue:approved:75c1463c14a96383,2024,478,01,一般会計,16,都支出金,02,都補助金,09,教育費都補助金,21,人生１００年時代セカンドライフ応援事業補助金,01,人生１００年時代セカンドライフ応援事業補助金,"",0,1933000,1933
132047:2024:revenue:approved:e7bc30a37ba37dc2,2024,479,01,一般会計,16,都支出金,02,都補助金,09,教育費都補助金,22,放課後子どもプラン事業費補助金,01,放課後子どもプラン事業費補助金,"",0,37484000,37484
132047:2024:revenue:approved:a68d0462bf3cd6a7,2024,480,01,一般会計,16,都支出金,02,都補助金,09,教育費都補助金,23,スポーツ空間バージョンアップ補助金,01,スポーツ空間バージョンアップ補助金,"",0,7174000,7174
132047:2024:revenue:approved:fcd71039b9fb3ccf,2024,481,01,一般会計,16,都支出金,03,委託金,01,総務費委託金,01,都税徴収委託金,01,都税徴収委託金,"",0,337833000,337833
132047:2024:revenue:approved:55da6e8022739800,2024,482,01,一般会計,16,都支出金,03,委託金,01,総務費委託金,02,住民基本台帳人口調査費委託金,01,住民基本台帳人口調査費委託金,"",0,363000,363
132047:2024:revenue:approved:7c20e61c19e59caf,2024,483,01,一般会計,16,都支出金,03,委託金,01,総務費委託金,03,在外選挙人名簿登録事務委託金,01,在外選挙人名簿登録事務委託金,"",0,214000,214
132047:2024:revenue:approved:459f73f5dbedf005,2024,484,01,一般会計,16,都支出金,03,委託金,01,総務費委託金,04,東京都知事選挙費委託金,01,東京都知事選挙費委託金,"",0,93235000,93235
132047:2024:revenue:approved:cfd7fe5cb66baa3c,2024,485,01,一般会計,16,都支出金,03,委託金,01,総務費委託金,05,統計調査費委託金,01,人口動態調査委託金,"",0,160000,160
132047:2024:revenue:approved:97e49cba1e0aba28,2024,486,01,一般会計,16,都支出金,03,委託金,01,総務費委託金,05,統計調査費委託金,02,統計調査員確保対策事業委託金,"",0,48000,48
132047:2024:revenue:approved:5bc0ec7c93bdd7ae,2024,487,01,一般会計,16,都支出金,03,委託金,01,総務費委託金,05,統計調査費委託金,03,建設工事統計調査委託金,"",0,84000,84
132047:2024:revenue:approved:661144c7dd58d73f,2024,488,01,一般会計,16,都支出金,03,委託金,01,総務費委託金,05,統計調査費委託金,04,学校基本調査委託金,"",0,30000,30
132047:2024:revenue:approved:80babc1b13e7fe74,2024,489,01,一般会計,16,都支出金,03,委託金,01,総務費委託金,05,統計調査費委託金,05,経済センサス調査区管理委託金,"",0,20000,20
132047:2024:revenue:approved:6e3d6936d4da28bc,2024,490,01,一般会計,16,都支出金,03,委託金,01,総務費委託金,05,統計調査費委託金,06,国勢調査調査区設定委託金,"",0,1663000,1663
132047:2024:revenue:approved:9f2f819d60af0410,2024,491,01,一般会計,16,都支出金,03,委託金,01,総務費委託金,05,統計調査費委託金,07,全国家計構造調査委託金,"",0,6561000,6561
132047:2024:revenue:approved:a96127deb74bc5f3,2024,492,01,一般会計,16,都支出金,03,委託金,01,総務費委託金,05,統計調査費委託金,08,農林業センサス委託金,"",0,1273000,1273
132047:2024:revenue:approved:ceeaf388fc0ed0c4,2024,493,01,一般会計,16,都支出金,03,委託金,01,総務費委託金,06,私立学校指導監督費委託金,01,私立学校指導監督費委託金,"",0,2000000,2000
132047:2024:revenue:approved:932d509e68e827a7,2024,494,01,一般会計,16,都支出金,03,委託金,02,民生費委託金,01,東京都福祉のまちづくり条例事務委託金,01,東京都福祉のまちづくり条例事務委託金,"",0,35000,35
132047:2024:revenue:approved:48cd31061ba93bd4,2024,495,01,一般会計,16,都支出金,03,委託金,02,民生費委託金,02,都営交通機関無料乗車券発行事務費委託金,01,都営交通機関無料乗車券発行事務費委託金,"",0,54000,54
132047:2024:revenue:approved:ea9e356baa674ad1,2024,496,01,一般会計,16,都支出金,03,委託金,02,民生費委託金,03,原子爆弾被爆者等援護事務交付金,01,原子爆弾被爆者等援護事務交付金,"",0,7000,7
132047:2024:revenue:approved:a0ae7caec9b7be44,2024,497,01,一般会計,16,都支出金,03,委託金,02,民生費委託金,04,女性福祉資金貸付事務費交付金,01,女性福祉資金貸付事務費交付金,"",0,886000,886
132047:2024:revenue:approved:de4a7b0d823edf8a,2024,498,01,一般会計,16,都支出金,03,委託金,02,民生費委託金,05,難病等医療費助成事務交付金,01,難病等医療費助成事務交付金,"",0,1422000,1422
132047:2024:revenue:approved:d53a6cf3b5ca2f69,2024,499,01,一般会計,16,都支出金,03,委託金,02,民生費委託金,06,身体障害者福祉法施行事務費委託金,01,身体障害者福祉法施行事務費委託金,"",0,210000,210
132047:2024:revenue:approved:843d3e6b996e2871,2024,500,01,一般会計,16,都支出金,03,委託金,02,民生費委託金,07,精神障害者医療費助成申請等事務交付金,01,精神障害者医療費助成申請等事務交付金,"",0,3754000,3754
132047:2024:revenue:approved:ed149e9f871b5ec3,2024,501,01,一般会計,16,都支出金,03,委託金,02,民生費委託金,08,精神障害者保健福祉事業人件費委託金,01,精神障害者保健福祉事業人件費委託金,"",0,13400000,13400
132047:2024:revenue:approved:ac460accafffa1ca,2024,502,01,一般会計,16,都支出金,03,委託金,02,民生費委託金,09,重度心身障害者手当施行事務費委託金,01,重度心身障害者手当施行事務費委託金,"",0,611000,611
132047:2024:revenue:approved:916f7f6833eeeec2,2024,503,01,一般会計,16,都支出金,03,委託金,02,民生費委託金,10,心身障害者医療費助成等事務費委託金,01,心身障害者医療費助成等事務費委託金,"",0,1625000,1625
132047:2024:revenue:approved:10a29505dd32cae4,2024,504,01,一般会計,16,都支出金,03,委託金,02,民生費委託金,11,心身障害者扶養年金等事務費委託金,01,心身障害者扶養年金事務費委託金,"",0,410000,410
132047:2024:revenue:approved:97137f60d482928e,2024,505,01,一般会計,16,都支出金,03,委託金,02,民生費委託金,11,心身障害者扶養年金等事務費委託金,02,心身障害者扶養共済事務費委託金,"",0,218000,218
132047:2024:revenue:approved:82d6fb1ece46930c,2024,506,01,一般会計,16,都支出金,03,委託金,02,民生費委託金,12,小児慢性特定疾病医療費助成事務交付金,01,小児慢性特定疾病医療費助成事務交付金,"",0,55000,55
132047:2024:revenue:approved:c52fb3522700f252,2024,507,01,一般会計,16,都支出金,03,委託金,02,民生費委託金,13,児童福祉施設設置届等事務費交付金,01,児童福祉施設設置届等事務費交付金,"",0,785000,785
132047:2024:revenue:approved:84af41a35c450ce2,2024,508,01,一般会計,16,都支出金,03,委託金,02,民生費委託金,14,母子及び父子福祉資金貸付事業事務費交付金,01,母子及び父子福祉資金貸付事業事務費交付金,"",0,6322000,6322
132047:2024:revenue:approved:cb4694c10511d84d,2024,509,01,一般会計,16,都支出金,03,委託金,03,衛生費委託金,01,大気汚染健康障害者医療費助成事務交付金,01,大気汚染健康障害者医療費助成事務交付金,"",0,320000,320
132047:2024:revenue:approved:4122dceb27fcc291,2024,510,01,一般会計,16,都支出金,03,委託金,03,衛生費委託金,02,先天性風しん対策抗体検査事務交付金,01,先天性風しん対策抗体検査事務交付金,"",0,2829000,2829
132047:2024:revenue:approved:355f774e1670c090,2024,511,01,一般会計,16,都支出金,03,委託金,03,衛生費委託金,03,公害防止事務費委託金,01,公害防止事務費委託金,"",0,27889000,27889
132047:2024:revenue:approved:66c584fba0ee4abb,2024,512,01,一般会計,16,都支出金,03,委託金,03,衛生費委託金,04,犬猫等の公示事務費委託金,01,犬猫等の公示事務費委託金,"",0,1000,1
132047:2024:revenue:approved:f87d1e7fe9eb43b1,2024,513,01,一般会計,16,都支出金,03,委託金,03,衛生費委託金,05,動物死体処理委託金,01,動物死体処理委託金,"",0,495000,495
132047:2024:revenue:approved:ae04e54d67585d21,2024,514,01,一般会計,16,都支出金,03,委託金,04,土木費委託金,01,建物調査委託金,01,建築動態統計調査事務費委託金,"",0,53000,53
132047:2024:revenue:approved:0b876c9f8f9fe37e,2024,515,01,一般会計,16,都支出金,03,委託金,04,土木費委託金,02,都条例認定許可事務費委託金,01,都条例認定許可事務費委託金,"",0,9000,9
132047:2024:revenue:approved:c941f535c7225851,2024,516,01,一般会計,16,都支出金,03,委託金,04,土木費委託金,03,屋外広告物許可事務費委託金,01,屋外広告物許可事務費委託金,"",0,2270000,2270
132047:2024:revenue:approved:7c3fa4dae6dd8a57,2024,517,01,一般会計,16,都支出金,03,委託金,04,土木費委託金,04,第三次みちづくり・まちづくりパートナー事業委託金,01,第三次みちづくり・まちづくりパートナー事業委託金,"",0,1395000,1395
132047:2024:revenue:approved:69321554658622bd,2024,518,01,一般会計,16,都支出金,03,委託金,04,土木費委託金,05,都営住宅申込用紙配布等事務費委託金,01,都営住宅申込用紙配布等事務費委託金,"",0,335000,335
132047:2024:revenue:approved:4d09d2a0178fb644,2024,519,01,一般会計,16,都支出金,03,委託金,04,土木費委託金,06,東京都耐震化推進条例事務処理特例交付金,01,耐震化推進条例事務処理特例交付金,"",0,19000,19
132047:2024:revenue:approved:b3e9ee20aa12666f,2024,520,01,一般会計,16,都支出金,03,委託金,04,土木費委託金,07,東京都マンション管理条例関係事務費委託金,01,マンション管理適正化事業事務処理特例交付金,"",0,177000,177
132047:2024:revenue:approved:d61fe8afae5131b9,2024,521,01,一般会計,16,都支出金,03,委託金,05,教育費委託金,01,市給与等支給事務処理特例交付金,01,市給与等支給事務処理特例交付金,"",0,5320000,5320
132047:2024:revenue:approved:d446d00f01144c76,2024,522,01,一般会計,16,都支出金,03,委託金,05,教育費委託金,02,教職員研修等関係費交付金,01,教職員研修等事務費交付金,"",0,862000,862
132047:2024:revenue:approved:94f043273c2ffa29,2024,523,01,一般会計,16,都支出金,03,委託金,05,教育費委託金,02,教職員研修等関係費交付金,02,小・中学校会計年度職員賃金等交付金,"",0,9148000,9148
132047:2024:revenue:approved:fc12b3ea517f55e0,2024,524,01,一般会計,16,都支出金,03,委託金,05,教育費委託金,02,教職員研修等関係費交付金,03,成績一覧表調査委員会交付金,"",0,16000,16
132047:2024:revenue:approved:158917149b701c90,2024,525,01,一般会計,16,都支出金,03,委託金,05,教育費委託金,02,教職員研修等関係費交付金,04,初任者研修交付金,"",0,257000,257
132047:2024:revenue:approved:2d19532ec7009bc6,2024,526,01,一般会計,16,都支出金,03,委託金,05,教育費委託金,02,教職員研修等関係費交付金,05,中堅教諭等資質向上研修交付金,"",0,89000,89
132047:2024:revenue:approved:8df4e2069d2ebd70,2024,527,01,一般会計,16,都支出金,03,委託金,05,教育費委託金,02,教職員研修等関係費交付金,06,主幹研修交付金,"",0,64000,64
132047:2024:revenue:approved:22620b0e15b7ad49,2024,528,01,一般会計,16,都支出金,03,委託金,05,教育費委託金,03,人権尊重教育推進校事業委託金,01,人権尊重教育推進校事業委託金,"",0,357000,357
132047:2024:revenue:approved:8a2500a3eca3b877,2024,529,01,一般会計,16,都支出金,03,委託金,05,教育費委託金,04,教科書展示会事業費交付金,01,教科書展示会事業費交付金,"",0,272000,272
132047:2024:revenue:approved:79fe79d524135203,2024,530,01,一般会計,16,都支出金,03,委託金,05,教育費委託金,05,教育調査統計事務処理特例交付金,01,教育調査統計事務処理特例交付金,"",0,14000,14
132047:2024:revenue:approved:7e95dcd5b47664c9,2024,531,01,一般会計,16,都支出金,03,委託金,05,教育費委託金,06,文化財関連事務事業費交付金,01,文化財関連事務事業費交付金,"",0,20000,20
132047:2024:revenue:approved:c2fbf732ab2a75d1,2024,532,01,一般会計,17,財産収入,01,財産運用収入,01,財産貸付収入,01,土地建物貸付収入,01,用地貸付収入,"",0,4614000,4614
132047:2024:revenue:approved:1bfcbb034e690301,2024,533,01,一般会計,17,財産収入,01,財産運用収入,01,財産貸付収入,01,土地建物貸付収入,02,駅前商業活性化店舗等貸付収入,"",0,1873000,1873
132047:2024:revenue:approved:4584d421c4f55b93,2024,534,01,一般会計,17,財産収入,01,財産運用収入,01,財産貸付収入,01,土地建物貸付収入,03,社会福祉施設貸付収入,"",0,5324000,5324
132047:2024:revenue:approved:5b0c48c45dc9fa36,2024,535,01,一般会計,17,財産収入,01,財産運用収入,01,財産貸付収入,01,土地建物貸付収入,04,建物貸付収入,"",0,4656000,4656
132047:2024:revenue:approved:8e02d607b536bf91,2024,536,01,一般会計,17,財産収入,01,財産運用収入,02,利子及び配当金,01,基金運用利子,01,財政調整基金積立金利子,"",0,3091000,3091
132047:2024:revenue:approved:318e411372e0abb6,2024,537,01,一般会計,17,財産収入,01,財産運用収入,02,利子及び配当金,01,基金運用利子,02,まちづくり施設整備基金積立金利子,"",0,2789000,2789
132047:2024:revenue:approved:a93f0f6ca8ea43d8,2024,538,01,一般会計,17,財産収入,01,財産運用収入,02,利子及び配当金,01,基金運用利子,03,平和基金積立金利子,"",0,284000,284
132047:2024:revenue:approved:cf062aaa3743aeed,2024,539,01,一般会計,17,財産収入,01,財産運用収入,02,利子及び配当金,01,基金運用利子,04,庁舎等建設基金積立金利子,"",0,418000,418
132047:2024:revenue:approved:bc4ab13442f64884,2024,540,01,一般会計,17,財産収入,01,財産運用収入,02,利子及び配当金,01,基金運用利子,05,健康福祉基金積立金利子,"",0,1294000,1294
132047:2024:revenue:approved:76ce5fea49e111e3,2024,541,01,一般会計,17,財産収入,01,財産運用収入,02,利子及び配当金,01,基金運用利子,06,子ども・子育て基金積立金利子,"",0,1268000,1268
132047:2024:revenue:approved:f41973b6c4431c81,2024,542,01,一般会計,17,財産収入,01,財産運用収入,02,利子及び配当金,01,基金運用利子,07,環境基金積立金利子,"",0,11000,11
132047:2024:revenue:approved:8ba1a71b244f117e,2024,543,01,一般会計,17,財産収入,01,財産運用収入,02,利子及び配当金,02,配当金,01,株式会社ジェイコム東京配当金,"",0,1131000,1131
132047:2024:revenue:approved:63bb8283cdb9cc9f,2024,544,01,一般会計,17,財産収入,02,財産売払収入,01,物品売払収入,01,不用品売払収入,01,不用品売払収入,"",0,5000,5
132047:2024:revenue:approved:9fe94cc55f670cbb,2024,545,01,一般会計,17,財産収入,02,財産売払収入,01,物品売払収入,02,電力売払収入,01,電力売払収入,"",0,38000,38
132047:2024:revenue:approved:d12e0ba25e20b24e,2024,546,01,一般会計,17,財産収入,02,財産売払収入,01,物品売払収入,03,市刊行物等販売収入,01,市刊行物等販売収入,"",0,619000,619
132047:2024:revenue:approved:149681a46de9f5fa,2024,547,01,一般会計,17,財産収入,02,財産売払収入,01,物品売払収入,04,特製物品売払収入,01,特製物品売払収入,"",0,400000,400
132047:2024:revenue:approved:191b3e5f770f0c3d,2024,548,01,一般会計,17,財産収入,02,財産売払収入,02,不動産売払収入,01,土地売払収入,01,土地売払収入,"",0,25000000,25000
132047:2024:revenue:approved:89b9d274bf70e6e3,2024,549,01,一般会計,18,寄附金,01,寄附金,01,一般寄附金,01,一般寄附金,01,一般寄附金,"",0,32000000,32000
132047:2024:revenue:approved:2d6a762981fdeffd,2024,550,01,一般会計,18,寄附金,01,寄附金,02,総務費寄附金,01,総務費寄附金,01,総務費寄附金,"",0,1000,1
132047:2024:revenue:approved:ec521903795296a8,2024,551,01,一般会計,18,寄附金,01,寄附金,02,総務費寄附金,01,総務費寄附金,02,市内大学応援寄附金,"",0,10000000,10000
132047:2024:revenue:approved:23b8199356afca29,2024,552,01,一般会計,18,寄附金,01,寄附金,03,民生費寄附金,01,民生費寄附金,01,民生費寄附金,"",0,1000,1
132047:2024:revenue:approved:18c016f407eb1305,2024,553,01,一般会計,18,寄附金,01,寄附金,04,衛生費寄附金,01,衛生費寄附金,01,衛生費寄附金,"",0,1000,1
132047:2024:revenue:approved:94e35e3642f06c92,2024,554,01,一般会計,18,寄附金,01,寄附金,05,土木費寄附金,01,土木費寄附金,01,土木費寄附金,"",0,1000,1
132047:2024:revenue:approved:e151099909003656,2024,555,01,一般会計,18,寄附金,01,寄附金,05,土木費寄附金,01,土木費寄附金,02,まちづくり協力金,"",0,1000,1
132047:2024:revenue:approved:18be32affc305b74,2024,556,01,一般会計,18,寄附金,01,寄附金,05,土木費寄附金,01,土木費寄附金,03,ほっとベンチ寄附金,"",0,400000,400
132047:2024:revenue:approved:9739f6b46d94e1f0,2024,557,01,一般会計,18,寄附金,01,寄附金,06,消防費寄附金,01,消防費寄附金,01,消防費寄附金,"",0,1000,1
132047:2024:revenue:approved:d4ba886b9406a08c,2024,558,01,一般会計,18,寄附金,01,寄附金,07,教育費寄附金,01,教育費寄附金,01,教育費寄附金,"",0,1000,1
132047:2024:revenue:approved:a904a326a427cf88,2024,559,01,一般会計,19,繰入金,01,特別会計繰入金,01,介護保険事業特別会計繰入金,01,介護保険事業特別会計繰入金,01,介護保険事業特別会計繰入金,"",0,60303000,60303
132047:2024:revenue:approved:ee2dcd76782f99ea,2024,560,01,一般会計,19,繰入金,02,基金繰入金,01,平和基金繰入金,01,平和基金繰入金,01,平和基金とりくずし収入,"",0,6911000,6911
132047:2024:revenue:approved:4aa50081419e4909,2024,561,01,一般会計,19,繰入金,02,基金繰入金,02,環境基金繰入金,01,環境基金繰入金,01,環境基金とりくずし収入,"",0,46606000,46606
132047:2024:revenue:approved:c00c884a22e87ff3,2024,562,01,一般会計,19,繰入金,02,基金繰入金,03,まちづくり施設整備基金繰入金,01,まちづくり施設整備基金繰入金,01,まちづくり施設整備基金とりくずし収入,"",0,500000000,500000
132047:2024:revenue:approved:e23692b5c97b39ef,2024,563,01,一般会計,19,繰入金,02,基金繰入金,04,財政調整基金繰入金,01,財政調整基金繰入金,01,財政調整基金とりくずし収入,"",0,1211152000,1211152
132047:2024:revenue:approved:0847cf948300c0d0,2024,564,01,一般会計,19,繰入金,02,基金繰入金,05,健康福祉基金繰入金,01,健康福祉基金繰入金,01,健康福祉基金とりくずし収入,"",0,810000000,810000
132047:2024:revenue:approved:97e3a8349ac0b175,2024,565,01,一般会計,19,繰入金,02,基金繰入金,06,子ども・子育て基金繰入金,01,子ども・子育て基金繰入金,01,子ども・子育て基金とりくずし収入,"",0,904000000,904000
132047:2024:revenue:approved:3e8b18b8ddd74cea,2024,566,01,一般会計,20,繰越金,01,繰越金,01,繰越金,01,前年度繰越金,01,前年度繰越金,"",0,1000000000,1000000
132047:2024:revenue:approved:bffccd0ad72dd317,2024,567,01,一般会計,21,諸収入,01,延滞金、加算金及び過料,01,延滞金,01,市税延滞金,01,市税延滞金収入,"",0,36249000,36249
132047:2024:revenue:approved:accfb2289981033a,2024,568,01,一般会計,21,諸収入,01,延滞金、加算金及び過料,01,延滞金,02,その他延滞金,01,その他延滞金,"",0,249000,249
132047:2024:revenue:approved:62de9fa314397e6d,2024,569,01,一般会計,21,諸収入,01,延滞金、加算金及び過料,02,加算金,01,市税加算金,01,不申告加算金収入,"",0,1000,1
132047:2024:revenue:approved:efe3f7ad7e9ea09f,2024,570,01,一般会計,21,諸収入,02,市預金利子,01,市預金利子,01,預金利子,01,預金利子収入,"",0,107000,107
132047:2024:revenue:approved:60ee4c39344acfa3,2024,571,01,一般会計,21,諸収入,03,受託事業収入,01,河川維持業務受託事業収入,01,河川維持業務受託事業収入,01,河川維持業務受託事業収入,"",0,3520000,3520
132047:2024:revenue:approved:22acffe08b482bb5,2024,572,01,一般会計,21,諸収入,04,雑入,01,滞納処分費,01,滞納処分費,01,市税滞納処分費,"",0,999000,999
132047:2024:revenue:approved:988693522d871fa9,2024,573,01,一般会計,21,諸収入,04,雑入,02,弁償金,01,標識弁償金,01,原動機付自転車等標識弁償金,"",0,13000,13
132047:2024:revenue:approved:09273085477bb13a,2024,574,01,一般会計,21,諸収入,04,雑入,02,弁償金,02,生活保護費弁償金,01,生活保護費弁償金,"",0,55000000,55000
132047:2024:revenue:approved:bd059104f7eae04c,2024,575,01,一般会計,21,諸収入,04,雑入,03,委託金,01,保育所運営費委託金,01,市立保育所市外受託児委託金,"",0,15000000,15000
132047:2024:revenue:approved:9a721611ec8b41db,2024,576,01,一般会計,21,諸収入,04,雑入,04,障害者自立支援給付費等収入,01,介護給付費等収入,01,グループホーム・ピアいのかしら共同生活援助給付費収入,"",0,12720000,12720
132047:2024:revenue:approved:96906b43df2ff70b,2024,577,01,一般会計,21,諸収入,04,雑入,04,障害者自立支援給付費等収入,01,介護給付費等収入,02,子ども発達支援センター児童発達支援給付費収入,"",0,70833000,70833
132047:2024:revenue:approved:2e5be3dc95129c9b,2024,578,01,一般会計,21,諸収入,04,雑入,04,障害者自立支援給付費等収入,01,介護給付費等収入,03,子ども発達支援センター相談支援給付費等収入,"",0,1683000,1683
132047:2024:revenue:approved:cb1577a40a485d32,2024,579,01,一般会計,21,諸収入,04,雑入,04,障害者自立支援給付費等収入,01,介護給付費等収入,04,子ども発達支援センター保育所等訪問支援給付費収入,"",0,1112000,1112
132047:2024:revenue:approved:e2253c6d823bac71,2024,580,01,一般会計,21,諸収入,04,雑入,04,障害者自立支援給付費等収入,02,利用者負担金収入,01,子ども発達支援センター児童発達支援事業利用者負担金収入,"",0,55000,55
132047:2024:revenue:approved:112099e2e883bd23,2024,581,01,一般会計,21,諸収入,04,雑入,04,障害者自立支援給付費等収入,02,利用者負担金収入,02,子ども発達支援センター保育所等訪問支援事業利用者負担金収入,"",0,11000,11
132047:2024:revenue:approved:731d950872230178,2024,582,01,一般会計,21,諸収入,04,雑入,05,雑入,01,雑入,01,受託公衆電話使用料,"",0,13000,13
132047:2024:revenue:approved:8ae8f5c7d61e28b5,2024,583,01,一般会計,21,諸収入,04,雑入,05,雑入,01,雑入,02,私用電話料,"",0,13000,13
132047:2024:revenue:approved:af4b55c288e4cbe4,2024,584,01,一般会計,21,諸収入,04,雑入,05,雑入,01,雑入,03,庁舎等維持管理費負担金収入,"",0,4026000,4026
132047:2024:revenue:approved:fa291c9c0312f807,2024,585,01,一般会計,21,諸収入,04,雑入,05,雑入,01,雑入,04,公共施設等光熱水費負担金収入,"",0,4916000,4916
132047:2024:revenue:approved:6611a38a23391682,2024,586,01,一般会計,21,諸収入,04,雑入,05,雑入,01,雑入,05,事務機械使用料負担金収入,"",0,157000,157
132047:2024:revenue:approved:cd2ba126994fa52b,2024,587,01,一般会計,21,諸収入,04,雑入,05,雑入,01,雑入,06,コピーサービス使用料等収入,"",0,1456000,1456
132047:2024:revenue:approved:18efb82deeb6aac9,2024,588,01,一般会計,21,諸収入,04,雑入,05,雑入,01,雑入,07,給与計算事務費負担金収入,"",0,370000,370
132047:2024:revenue:approved:eac8579b8f8324ad,2024,589,01,一般会計,21,諸収入,04,雑入,05,雑入,01,雑入,08,ハロウィンジャンボ宝くじ区市町村交付金,"",0,23259000,23259
132047:2024:revenue:approved:c5ab6ffa3ed762fe,2024,590,01,一般会計,21,諸収入,04,雑入,05,雑入,01,雑入,09,雇用保険料個人負担分収入,"",0,8383000,8383
132047:2024:revenue:approved:f4a62ff3eb1a679a,2024,591,01,一般会計,21,諸収入,04,雑入,05,雑入,01,雑入,10,ホームページ広告掲載料収入,"",0,2090000,2090
132047:2024:revenue:approved:e54f0d7e2107a8ea,2024,592,01,一般会計,21,諸収入,04,雑入,05,雑入,01,雑入,11,区市町村観光インフラ整備支援補助金収入,"",0,9903000,9903
132047:2024:revenue:approved:314cf2fbb867cd6d,2024,593,01,一般会計,21,諸収入,04,雑入,05,雑入,01,雑入,12,デジタル基盤改革支援補助金収入,"",0,28350000,28350
132047:2024:revenue:approved:426c1fc77ea2fad1,2024,594,01,一般会計,21,諸収入,04,雑入,05,雑入,01,雑入,13,多摩・島しょ行政手続のオンライン化・事務処理効率化推進事業助成金等収入,"",0,36440000,36440
132047:2024:revenue:approved:505d7b11c50bbd77,2024,595,01,一般会計,21,諸収入,04,雑入,05,雑入,01,雑入,14,窓口呼出モニター広告掲載料等収入,"",0,61000,61
132047:2024:revenue:approved:c7f1fc368467f504,2024,596,01,一般会計,21,諸収入,04,雑入,05,雑入,01,雑入,15,固定資産資料作成手数料収入,"",0,418000,418
132047:2024:revenue:approved:1eff5d22800db174,2024,597,01,一般会計,21,諸収入,04,雑入,05,雑入,01,雑入,16,権利擁護センター福祉サービス利用料金収入,"",0,20000,20
132047:2024:revenue:approved:e9eae4e8861e104f,2024,598,01,一般会計,21,諸収入,04,雑入,05,雑入,01,雑入,17,成年後見開始審判等請求費用収入,"",0,388000,388
132047:2024:revenue:approved:a8e9a96fb9ccac0b,2024,599,01,一般会計,21,諸収入,04,雑入,05,雑入,01,雑入,18,高齢者・障がい者言語機能リハビリテーション事業利用料金収入,"",0,208000,208
132047:2024:revenue:approved:3f2fa43ec39ec896,2024,600,01,一般会計,21,諸収入,04,雑入,05,雑入,01,雑入,19,訪問理美容サービス利用料金収入,"",0,252000,252
132047:2024:revenue:approved:89f00f92511c724d,2024,601,01,一般会計,21,諸収入,04,雑入,05,雑入,01,雑入,20,手話講習会事業利用料金収入,"",0,300000,300
132047:2024:revenue:approved:a3ec3cc10cd2575e,2024,602,01,一般会計,21,諸収入,04,雑入,05,雑入,01,雑入,21,重度障がい者訪問入浴サービス利用料金収入,"",0,286000,286
132047:2024:revenue:approved:cf2450a8be1f1439,2024,603,01,一般会計,21,諸収入,04,雑入,05,雑入,01,雑入,22,心身障がい者（児）一時保護利用料金収入,"",0,253000,253
132047:2024:revenue:approved:128cfeec60766004,2024,604,01,一般会計,21,諸収入,04,雑入,05,雑入,01,雑入,23,ホームヘルパー等養成事業利用料金収入,"",0,30000,30
132047:2024:revenue:approved:2ccc1104c521e36f,2024,605,01,一般会計,21,諸収入,04,雑入,05,雑入,01,雑入,24,グループホーム・ピアいのかしら住居費等収入,"",0,3434000,3434
132047:2024:revenue:approved:4c22c04eaf239ba8,2024,606,01,一般会計,21,諸収入,04,雑入,05,雑入,01,雑入,25,重度身体障がい者（児）ショートステイ利用料金収入,"",0,1000,1
132047:2024:revenue:approved:81fbbe7aec3df00a,2024,607,01,一般会計,21,諸収入,04,雑入,05,雑入,01,雑入,26,社会福祉施設転貸料収入,"",0,1452000,1452
132047:2024:revenue:approved:6a61a8f56d7b17da,2024,608,01,一般会計,21,諸収入,04,雑入,05,雑入,01,雑入,27,調布基地跡地福祉施設負担金収入,"",0,25732000,25732
132047:2024:revenue:approved:b77fe1e071b79e40,2024,609,01,一般会計,21,諸収入,04,雑入,05,雑入,01,雑入,28,給食サービス利用料金収入,"",0,19568000,19568
132047:2024:revenue:approved:1103eb6ce5414329,2024,610,01,一般会計,21,諸収入,04,雑入,05,雑入,01,雑入,29,高齢者緊急保護等事業利用料金収入,"",0,462000,462
132047:2024:revenue:approved:026136e7c1fb0040,2024,611,01,一般会計,21,諸収入,04,雑入,05,雑入,01,雑入,30,生活リハビリセンター利用料金等収入,"",0,3659000,3659
132047:2024:revenue:approved:d846cd407404124d,2024,612,01,一般会計,21,諸収入,04,雑入,05,雑入,01,雑入,31,介護人財育成センター研修等参加費収入,"",0,765000,765
132047:2024:revenue:approved:7c9e9068d0f4c80a,2024,613,01,一般会計,21,諸収入,04,雑入,05,雑入,01,雑入,32,旧どんぐり山食事代等収入,"",0,1000,1
132047:2024:revenue:approved:7cc420711e159105,2024,614,01,一般会計,21,諸収入,04,雑入,05,雑入,01,雑入,33,特定一時保育利用料金収入,"",0,177000,177
132047:2024:revenue:approved:e6a40f623e86b41f,2024,615,01,一般会計,21,諸収入,04,雑入,05,雑入,01,雑入,34,子どもショートステイ利用料金収入,"",0,48000,48
132047:2024:revenue:approved:a46e048994e99490,2024,616,01,一般会計,21,諸収入,04,雑入,05,雑入,01,雑入,35,トワイライト施設送迎利用料金収入,"",0,67000,67
132047:2024:revenue:approved:7438ab757304161e,2024,617,01,一般会計,21,諸収入,04,雑入,05,雑入,01,雑入,36,トワイライトステイ利用料金収入,"",0,3500000,3500
132047:2024:revenue:approved:c7e813ffab14467a,2024,618,01,一般会計,21,諸収入,04,雑入,05,雑入,01,雑入,37,家庭的保育施設給付費代替保育等相当額負担金収入,"",0,13351000,13351
132047:2024:revenue:approved:6566a5f0ff4843d8,2024,619,01,一般会計,21,諸収入,04,雑入,05,雑入,01,雑入,38,年末保育利用料金収入,"",0,135000,135
132047:2024:revenue:approved:98e165fe2d109346,2024,620,01,一般会計,21,諸収入,04,雑入,05,雑入,01,雑入,39,延長保育利用料金等収入,"",0,3801000,3801
132047:2024:revenue:approved:2ce7f7fd956ef3db,2024,621,01,一般会計,21,諸収入,04,雑入,05,雑入,01,雑入,40,保育園給食材料費負担金収入,"",0,49001000,49001
132047:2024:revenue:approved:6099101cc1e586d0,2024,622,01,一般会計,21,諸収入,04,雑入,05,雑入,01,雑入,41,一時保育利用料金収入,"",0,2257000,2257
132047:2024:revenue:approved:999bff03108e5687,2024,623,01,一般会計,21,諸収入,04,雑入,05,雑入,01,雑入,42,民設民営保育園派遣職員人件費相当額負担金収入,"",0,20400000,20400
132047:2024:revenue:approved:ff05941193027c43,2024,624,01,一般会計,21,諸収入,04,雑入,05,雑入,01,雑入,43,定期利用保育利用料金等収入,"",0,4320000,4320
132047:2024:revenue:approved:6bf1d40c5e377550,2024,625,01,一般会計,21,諸収入,04,雑入,05,雑入,01,雑入,44,クリーンエネルギー自動車導入事業補助金収入,"",0,1100000,1100
132047:2024:revenue:approved:e001725a6c2a6b9f,2024,626,01,一般会計,21,諸収入,04,雑入,05,雑入,01,雑入,45,子ども発達支援センター給食利用料金収入,"",0,1653000,1653
132047:2024:revenue:approved:28c8f8c69952b754,2024,627,01,一般会計,21,諸収入,04,雑入,05,雑入,01,雑入,46,子ども発達支援センター障がい児一時保育利用料金収入,"",0,840000,840
132047:2024:revenue:approved:665638d64620d674,2024,628,01,一般会計,21,諸収入,04,雑入,05,雑入,01,雑入,47,一時保育利用料金相当額負担金収入,"",0,1696000,1696
132047:2024:revenue:approved:ed34e90d70285439,2024,629,01,一般会計,21,諸収入,04,雑入,05,雑入,01,雑入,48,母子生活支援施設管外入所者措置費負担金収入,"",0,1133000,1133
132047:2024:revenue:approved:0005448a0e9f2774,2024,630,01,一般会計,21,諸収入,04,雑入,05,雑入,01,雑入,49,ひとり親家庭ホームヘルプサービス事業利用料金収入,"",0,199000,199
132047:2024:revenue:approved:cb5ba95bd7a58070,2024,631,01,一般会計,21,諸収入,04,雑入,05,雑入,01,雑入,50,多世代交流センター行事等参加費収入,"",0,279000,279
132047:2024:revenue:approved:9c1f8b577eb56eda,2024,632,01,一般会計,21,諸収入,04,雑入,05,雑入,01,雑入,51,公衆衛生看護学実習等負担金収入,"",0,30000,30
132047:2024:revenue:approved:861ce061d0e39dfe,2024,633,01,一般会計,21,諸収入,04,雑入,05,雑入,01,雑入,52,休日・夜間診療所・薬局転貸料等収入,"",0,4082000,4082
132047:2024:revenue:approved:947aea969be6c4d1,2024,634,01,一般会計,21,諸収入,04,雑入,05,雑入,01,雑入,53,後期高齢者医療制度事業費補助金収入,"",0,600000,600
132047:2024:revenue:approved:e5871519b40915e4,2024,635,01,一般会計,21,諸収入,04,雑入,05,雑入,01,雑入,54,保険者インセンティブ交付金収入,"",0,9451000,9451
132047:2024:revenue:approved:403f0971ac82e4de,2024,636,01,一般会計,21,諸収入,04,雑入,05,雑入,01,雑入,55,予防接種費負担金収入,"",0,47343000,47343
132047:2024:revenue:approved:f6387a7d4f2103ff,2024,637,01,一般会計,21,諸収入,04,雑入,05,雑入,01,雑入,56,みどり東京・温暖化防止プロジェクト市町村助成金,"",0,1000000,1000
132047:2024:revenue:approved:52671bdb61c570dd,2024,638,01,一般会計,21,諸収入,04,雑入,05,雑入,01,雑入,57,リサイクル品販売収入,"",0,672000,672
132047:2024:revenue:approved:fc957eb66d62453c,2024,639,01,一般会計,21,諸収入,04,雑入,05,雑入,01,雑入,58,三多摩は一つなり交流事業補助金収入,"",0,500000,500
132047:2024:revenue:approved:35513286e086647d,2024,640,01,一般会計,21,諸収入,04,雑入,05,雑入,01,雑入,59,ごみ減量啓発品販売収入,"",0,60000,60
132047:2024:revenue:approved:b98812ba93c92de9,2024,641,01,一般会計,21,諸収入,04,雑入,05,雑入,01,雑入,60,家庭系ごみ指定収集袋広告掲載料収入,"",0,100000,100
132047:2024:revenue:approved:decb57112b2e2e40,2024,642,01,一般会計,21,諸収入,04,雑入,05,雑入,01,雑入,61,古紙類等売却代金収入,"",0,23231000,23231
132047:2024:revenue:approved:8f83139679ccdbdd,2024,643,01,一般会計,21,諸収入,04,雑入,05,雑入,01,雑入,62,使用済小型家電売却代金収入,"",0,41000,41
132047:2024:revenue:approved:23204128b5fca3ea,2024,644,01,一般会計,21,諸収入,04,雑入,05,雑入,01,雑入,63,農業者年金業務委託手数料収入,"",0,75000,75
132047:2024:revenue:approved:07e014b5daca7d18,2024,645,01,一般会計,21,諸収入,04,雑入,05,雑入,01,雑入,64,援農ボランティア活動保険料収入,"",0,80000,80
132047:2024:revenue:approved:36c2bba8a7ba506c,2024,646,01,一般会計,21,諸収入,04,雑入,05,雑入,01,雑入,65,都市農業を育てる市民のつどい参加料金収入,"",0,40000,40
132047:2024:revenue:approved:620b8357be7b8261,2024,647,01,一般会計,21,諸収入,04,雑入,05,雑入,01,雑入,66,市民農園利用料金収入,"",0,3584000,3584
132047:2024:revenue:approved:a36ff480c269ca03,2024,648,01,一般会計,21,諸収入,04,雑入,05,雑入,01,雑入,67,生産緑地買取・活用支援事業補助金収入,"",0,981632000,981632
132047:2024:revenue:approved:8e40a3d746dacd06,2024,649,01,一般会計,21,諸収入,04,雑入,05,雑入,01,雑入,68,さくら通り駐車場用地賃借料相当額負担金収入,"",0,45748000,45748
132047:2024:revenue:approved:4a42560edfe8cda4,2024,650,01,一般会計,21,諸収入,04,雑入,05,雑入,01,雑入,69,駅前商業活性化店舗等施設負担金収入,"",0,2623000,2623
132047:2024:revenue:approved:360ad5508f9ba880,2024,651,01,一般会計,21,諸収入,04,雑入,05,雑入,01,雑入,70,シティコート下連雀貸店舗施設負担金収入,"",0,467000,467
132047:2024:revenue:approved:dbfd5a57cee6defb,2024,652,01,一般会計,21,諸収入,04,雑入,05,雑入,01,雑入,71,牟礼研究開発センター修繕費負担金収入,"",0,30662000,30662
132047:2024:revenue:approved:5994b65488359101,2024,653,01,一般会計,21,諸収入,04,雑入,05,雑入,01,雑入,72,三鷹駅南口広場広告掲示板利用料金収入,"",0,210000,210
132047:2024:revenue:approved:c4b663ca9729ecba,2024,654,01,一般会計,21,諸収入,04,雑入,05,雑入,01,雑入,73,東京都市町村民交通災害共済市町村事務交付金,"",0,127000,127
132047:2024:revenue:approved:237de73309939c3a,2024,655,01,一般会計,21,諸収入,04,雑入,05,雑入,01,雑入,74,放置自転車等撤去料収入,"",0,1148000,1148
132047:2024:revenue:approved:5ae19a27ae3a83d4,2024,656,01,一般会計,21,諸収入,04,雑入,05,雑入,01,雑入,75,放置自転車等売却収入,"",0,217000,217
132047:2024:revenue:approved:6758179d4e849893,2024,657,01,一般会計,21,諸収入,04,雑入,05,雑入,01,雑入,76,自転車等駐車場指定管理者利用料金超過分納入金等収入,"",0,8465000,8465
132047:2024:revenue:approved:2807670f0b255ca3,2024,658,01,一般会計,21,諸収入,04,雑入,05,雑入,01,雑入,77,美術館周辺指導員等業務負担金収入,"",0,6084000,6084
132047:2024:revenue:approved:753c962ba38c1782,2024,659,01,一般会計,21,諸収入,04,雑入,05,雑入,01,雑入,78,小型ＥＶバス乗車券地域ポイント収入,"",0,1000,1
132047:2024:revenue:approved:298e840fdbc83989,2024,660,01,一般会計,21,諸収入,04,雑入,05,雑入,01,雑入,79,三鷹駅バス降車場賃借料相当額負担金収入,"",0,1187000,1187
132047:2024:revenue:approved:b69eb67221f80eaf,2024,661,01,一般会計,21,諸収入,04,雑入,05,雑入,01,雑入,80,雨水貯留施設負担金収入,"",0,161000,161
132047:2024:revenue:approved:66d090b407ed44c5,2024,662,01,一般会計,21,諸収入,04,雑入,05,雑入,01,雑入,81,施設命名権収入,"",0,8000000,8000
132047:2024:revenue:approved:244466565b4bd3d2,2024,663,01,一般会計,21,諸収入,04,雑入,05,雑入,01,雑入,82,消防団員等公務災害補償基金受入金,"",0,150000,150
132047:2024:revenue:approved:56c90adaf7568e96,2024,664,01,一般会計,21,諸収入,04,雑入,05,雑入,01,雑入,83,消防団員退職報償金受入金,"",0,4016000,4016
132047:2024:revenue:approved:76fe1f92ea9fefad,2024,665,01,一般会計,21,諸収入,04,雑入,05,雑入,01,雑入,84,学校給食費収入,"",0,73238000,73238
132047:2024:revenue:approved:15c90de26000e8b7,2024,666,01,一般会計,21,諸収入,04,雑入,05,雑入,01,雑入,85,学校災害共済給付金等収入,"",0,7993000,7993
132047:2024:revenue:approved:4b5cf125dbcbdf00,2024,667,01,一般会計,21,諸収入,04,雑入,05,雑入,01,雑入,86,地域伝統芸能等保存事業助成金収入,"",0,300000,300
132047:2024:revenue:approved:69b1e40d68bd1fd3,2024,668,01,一般会計,21,諸収入,04,雑入,05,雑入,01,雑入,87,遺跡緊急発掘調査事業原因者負担金収入,"",0,1000,1
132047:2024:revenue:approved:731670435b241a17,2024,669,01,一般会計,21,諸収入,04,雑入,05,雑入,01,雑入,88,子ども交流会参加料金収入,"",0,240000,240
132047:2024:revenue:approved:9f871f47e36d1702,2024,670,01,一般会計,21,諸収入,04,雑入,05,雑入,01,雑入,89,スポーツ振興くじ助成金,"",0,11317000,11317
132047:2024:revenue:approved:586d33e9cdf17090,2024,671,01,一般会計,21,諸収入,04,雑入,05,雑入,01,雑入,90,子ども活動支援金収入,"",0,1000000,1000
132047:2024:revenue:approved:5fc2254196e2824e,2024,672,01,一般会計,21,諸収入,04,雑入,05,雑入,01,雑入,91,スポーツ施設利用料金収入,"",0,891000,891
132047:2024:revenue:approved:e5e201d4a6ad8022,2024,673,01,一般会計,21,諸収入,04,雑入,05,雑入,01,雑入,92,大沢野川グラウンド復旧補償金収入,"",0,1606000,1606
132047:2024:revenue:approved:d97add33e56cc813,2024,674,01,一般会計,22,市債,01,市債,01,民生債,01,社会福祉施設整備債,01,一小学童保育所整備事業債,"",0,64000000,64000
132047:2024:revenue:approved:57ffe4c2721f9fc8,2024,675,01,一般会計,22,市債,01,市債,02,農林債,01,農園整備債,01,牟礼の里農園（仮称）整備事業債,"",0,378000000,378000
132047:2024:revenue:approved:5c2920a0f02bce78,2024,676,01,一般会計,22,市債,01,市債,03,土木債,01,道路整備債,01,三鷹駅前デッキ長寿命化改修事業債,"",0,52000000,52000
132047:2024:revenue:approved:3d010de216bfc736,2024,677,01,一般会計,22,市債,01,市債,03,土木債,01,道路整備債,02,宮下橋架替事業債,"",0,196000000,196000
132047:2024:revenue:approved:3d49513909d803ab,2024,678,01,一般会計,22,市債,01,市債,03,土木債,02,都市計画債,01,北野公園用地取得事業債,"",0,102000000,102000
132047:2024:revenue:approved:496b10b4bc25a3f2,2024,679,01,一般会計,22,市債,01,市債,04,教育債,01,義務教育施設整備債,01,第四小学校大規模改修事業債,"",0,68000000,68000
132047:2024:revenue:approved:1efd978190c9f038,2024,680,01,一般会計,22,市債,01,市債,04,教育債,01,義務教育施設整備債,02,井口小学校大規模改修事業債,"",0,144000000,144000
132047:2024:revenue:approved:9f47dee8f748011c,2024,681,01,一般会計,22,市債,01,市債,04,教育債,01,義務教育施設整備債,03,第五小学校大規模改修事業債,"",0,60000000,60000
132047:2024:revenue:approved:5cbf38d7a761a580,2024,682,01,一般会計,22,市債,01,市債,04,教育債,01,義務教育施設整備債,04,第三中学校大規模改修事業債,"",0,77000000,77000
132047:2024:revenue:approved:2454279d385690c6,2024,683,01,一般会計,22,市債,01,市債,04,教育債,02,スポーツ施設整備債,01,井口グラウンド（仮称）等整備事業債,"",0,225000000,225000
132047:2024:revenue:approved:7f1d94a4bd40dbf5,2024,684,02,国民健康保険事業特別会計,01,国民健康保険税,01,国民健康保険税,01,一般被保険者国民健康保険税,01,医療給付費分現年課税分,01,現年課税分,"",0,2463961000,2463961
132047:2024:revenue:approved:369c16ccff657f65,2024,685,02,国民健康保険事業特別会計,01,国民健康保険税,01,国民健康保険税,01,一般被保険者国民健康保険税,02,介護納付金分現年課税分,01,現年課税分,"",0,353943000,353943
132047:2024:revenue:approved:6c5260cfb6de86b6,2024,686,02,国民健康保険事業特別会計,01,国民健康保険税,01,国民健康保険税,01,一般被保険者国民健康保険税,03,後期高齢者支援金分現年課税分,01,現年課税分,"",0,958044000,958044
132047:2024:revenue:approved:1906515909c1c09f,2024,687,02,国民健康保険事業特別会計,01,国民健康保険税,01,国民健康保険税,01,一般被保険者国民健康保険税,04,医療給付費分滞納繰越分,01,滞納繰越分,"",0,89729000,89729
132047:2024:revenue:approved:32a9f1beabd6f4d3,2024,688,02,国民健康保険事業特別会計,01,国民健康保険税,01,国民健康保険税,01,一般被保険者国民健康保険税,05,介護納付金分滞納繰越分,01,滞納繰越分,"",0,15611000,15611
132047:2024:revenue:approved:a9492c4b783d4f3e,2024,689,02,国民健康保険事業特別会計,01,国民健康保険税,01,国民健康保険税,01,一般被保険者国民健康保険税,06,後期高齢者支援金分滞納繰越分,01,滞納繰越分,"",0,34017000,34017
132047:2024:revenue:approved:a529710df85e238b,2024,690,02,国民健康保険事業特別会計,01,国民健康保険税,01,国民健康保険税,02,退職被保険者等国民健康保険税,01,医療給付費分現年課税分,01,現年課税分,"",0,1000,1
132047:2024:revenue:approved:0b14dfd4cad19121,2024,691,02,国民健康保険事業特別会計,01,国民健康保険税,01,国民健康保険税,02,退職被保険者等国民健康保険税,02,介護納付金分現年課税分,01,現年課税分,"",0,1000,1
132047:2024:revenue:approved:c099fff6f7617768,2024,692,02,国民健康保険事業特別会計,01,国民健康保険税,01,国民健康保険税,02,退職被保険者等国民健康保険税,03,後期高齢者支援金分現年課税分,01,現年課税分,"",0,1000,1
132047:2024:revenue:approved:8602f74615136fe4,2024,693,02,国民健康保険事業特別会計,01,国民健康保険税,01,国民健康保険税,02,退職被保険者等国民健康保険税,04,医療給付費分滞納繰越分,01,滞納繰越分,"",0,14000,14
132047:2024:revenue:approved:a08045d4223df93e,2024,694,02,国民健康保険事業特別会計,01,国民健康保険税,01,国民健康保険税,02,退職被保険者等国民健康保険税,05,介護納付金分滞納繰越分,01,滞納繰越分,"",0,4000,4
132047:2024:revenue:approved:99902be47285d5da,2024,695,02,国民健康保険事業特別会計,01,国民健康保険税,01,国民健康保険税,02,退職被保険者等国民健康保険税,06,後期高齢者支援金分滞納繰越分,01,滞納繰越分,"",0,4000,4
132047:2024:revenue:approved:6367c33f5d6c3e66,2024,696,02,国民健康保険事業特別会計,02,使用料及び手数料,01,手数料,01,総務手数料,01,税証明交付手数料,01,税証明交付手数料,"",0,45000,45
132047:2024:revenue:approved:304ce65473db8c8c,2024,697,02,国民健康保険事業特別会計,03,国庫支出金,01,国庫補助金,01,国民健康保険災害臨時特例補助金,01,国民健康保険災害臨時特例補助金,01,国民健康保険災害臨時特例補助金,"",0,1000,1
132047:2024:revenue:approved:8f0d7e27548e6b46,2024,698,02,国民健康保険事業特別会計,04,都支出金,01,都補助金,01,保険給付費等交付金,01,保険給付費等交付金（普通交付金）,01,普通交付金分,"",0,11656328000,11656328
132047:2024:revenue:approved:80be5e6eda24ff6e,2024,699,02,国民健康保険事業特別会計,04,都支出金,01,都補助金,01,保険給付費等交付金,02,保険給付費等交付金（特別交付金）,01,保険者努力支援分,"",0,35605000,35605
132047:2024:revenue:approved:16ae17994baf9021,2024,700,02,国民健康保険事業特別会計,04,都支出金,01,都補助金,01,保険給付費等交付金,02,保険給付費等交付金（特別交付金）,02,特別調整交付金分,"",0,31944000,31944
132047:2024:revenue:approved:29e3987932c7496f,2024,701,02,国民健康保険事業特別会計,04,都支出金,01,都補助金,01,保険給付費等交付金,02,保険給付費等交付金（特別交付金）,03,都繰入金（２号分）,"",0,50705000,50705
132047:2024:revenue:approved:173ad28addf91fae,2024,702,02,国民健康保険事業特別会計,04,都支出金,01,都補助金,01,保険給付費等交付金,02,保険給付費等交付金（特別交付金）,04,特定健康診査等負担金,"",0,48400000,48400
132047:2024:revenue:approved:9686f1f71d245563,2024,703,02,国民健康保険事業特別会計,04,都支出金,01,都補助金,02,療養給付費等補助金,01,療養給付費等補助金,01,療養給付費等補助金,"",0,49456000,49456
132047:2024:revenue:approved:ec73bf410a28f26f,2024,704,02,国民健康保険事業特別会計,05,繰入金,01,他会計繰入金,01,一般会計繰入金,01,保険基盤安定繰入金（保険税軽減分）,01,保険基盤安定繰入金（保険税軽減分）,"",0,379727000,379727
132047:2024:revenue:approved:7b89604390c30bb0,2024,705,02,国民健康保険事業特別会計,05,繰入金,01,他会計繰入金,01,一般会計繰入金,02,保険基盤安定繰入金（保険者支援分）,01,保険基盤安定繰入金（保険者支援分）,"",0,244254000,244254
132047:2024:revenue:approved:6fccad7b01fced00,2024,706,02,国民健康保険事業特別会計,05,繰入金,01,他会計繰入金,01,一般会計繰入金,03,未就学児均等割保険税繰入金,01,未就学児均等割保険税繰入金,"",0,13029000,13029
132047:2024:revenue:approved:b3444e0eee839f42,2024,707,02,国民健康保険事業特別会計,05,繰入金,01,他会計繰入金,01,一般会計繰入金,04,産前産後保険税繰入金,01,産前産後保険税繰入金,"",0,3090000,3090
132047:2024:revenue:approved:d2d47762b702e367,2024,708,02,国民健康保険事業特別会計,05,繰入金,01,他会計繰入金,01,一般会計繰入金,05,職員給与費等繰入金,01,職員給与費等繰入金,"",0,166894000,166894
132047:2024:revenue:approved:85b92ec4245d51f9,2024,709,02,国民健康保険事業特別会計,05,繰入金,01,他会計繰入金,01,一般会計繰入金,06,出産育児一時金繰入金,01,出産育児一時金繰入金,"",0,40000000,40000
132047:2024:revenue:approved:98531a85f1a8da00,2024,710,02,国民健康保険事業特別会計,05,繰入金,01,他会計繰入金,01,一般会計繰入金,07,財政安定化支援事業繰入金,01,財政安定化支援事業繰入金,"",0,1000,1
132047:2024:revenue:approved:316e16d90f2f03f2,2024,711,02,国民健康保険事業特別会計,05,繰入金,01,他会計繰入金,01,一般会計繰入金,08,その他一般会計繰入金,01,その他一般会計繰入金,"",0,2115429000,2115429
132047:2024:revenue:approved:6f09b496fac81ef3,2024,712,02,国民健康保険事業特別会計,06,繰越金,01,繰越金,01,療養給付費等交付金繰越金,01,前年度繰越金,01,前年度繰越金,"",0,1000,1
132047:2024:revenue:approved:1a1102aa92b8e530,2024,713,02,国民健康保険事業特別会計,06,繰越金,01,繰越金,02,その他の繰越金,01,前年度繰越金,01,前年度繰越金,"",0,1000,1
132047:2024:revenue:approved:a802c3b36806a87d,2024,714,02,国民健康保険事業特別会計,07,諸収入,01,延滞金、加算金及び過料,01,一般被保険者延滞金,01,延滞金,01,国民健康保険税延滞金（医療給付費分）,"",0,15756000,15756
132047:2024:revenue:approved:414b6ffb85e25d51,2024,715,02,国民健康保険事業特別会計,07,諸収入,01,延滞金、加算金及び過料,01,一般被保険者延滞金,01,延滞金,02,国民健康保険税延滞金（介護納付金分）,"",0,2639000,2639
132047:2024:revenue:approved:91bcf607233ae2fc,2024,716,02,国民健康保険事業特別会計,07,諸収入,01,延滞金、加算金及び過料,01,一般被保険者延滞金,01,延滞金,03,国民健康保険税延滞金（後期高齢者支援金分）,"",0,4605000,4605
132047:2024:revenue:approved:225ce36e5c1bc4d2,2024,717,02,国民健康保険事業特別会計,07,諸収入,01,延滞金、加算金及び過料,02,退職被保険者等延滞金,01,延滞金,01,国民健康保険税延滞金（医療給付費分）,"",0,1000,1
132047:2024:revenue:approved:7b72d63ad8af296f,2024,718,02,国民健康保険事業特別会計,07,諸収入,01,延滞金、加算金及び過料,02,退職被保険者等延滞金,01,延滞金,02,国民健康保険税延滞金（介護納付金分）,"",0,1000,1
132047:2024:revenue:approved:ae3bf58cbd8c7002,2024,719,02,国民健康保険事業特別会計,07,諸収入,01,延滞金、加算金及び過料,02,退職被保険者等延滞金,01,延滞金,03,国民健康保険税延滞金（後期高齢者支援金分）,"",0,1000,1
132047:2024:revenue:approved:459f02603962e940,2024,720,02,国民健康保険事業特別会計,07,諸収入,01,延滞金、加算金及び過料,03,一般被保険者加算金,01,加算金,01,不正利得返還金加算金,"",0,1000,1
132047:2024:revenue:approved:ffd932ed3c7aea15,2024,721,02,国民健康保険事業特別会計,07,諸収入,01,延滞金、加算金及び過料,04,退職被保険者等加算金,01,加算金,01,不正利得返還金加算金,"",0,1000,1
132047:2024:revenue:approved:79d65a9755cbeadf,2024,722,02,国民健康保険事業特別会計,07,諸収入,01,延滞金、加算金及び過料,05,過料,01,過料,01,過料,"",0,1000,1
132047:2024:revenue:approved:fa8bfad4f5c39def,2024,723,02,国民健康保険事業特別会計,07,諸収入,02,預金利子,01,預金利子,01,預金利子,01,歳計現金預金利子,"",0,1000,1
132047:2024:revenue:approved:c733124a472e6445,2024,724,02,国民健康保険事業特別会計,07,諸収入,03,雑入,01,一般被保険者第三者納付金,01,第三者納付金,01,第三者行為による納付金,"",0,6000000,6000
132047:2024:revenue:approved:b7dc088660090d6b,2024,725,02,国民健康保険事業特別会計,07,諸収入,03,雑入,02,一般被保険者返納金,01,返納金,01,不当利得等による返納金,"",0,5000000,5000
132047:2024:revenue:approved:918c6ed282ab2bc6,2024,726,02,国民健康保険事業特別会計,07,諸収入,03,雑入,03,退職被保険者等返納金,01,返納金,01,不当利得等による返納金,"",0,1000,1
132047:2024:revenue:approved:cb4692f40fe7228d,2024,727,02,国民健康保険事業特別会計,07,諸収入,03,雑入,04,雑入,01,雑入,01,雇用保険料個人負担分収入,"",0,85000,85
132047:2024:revenue:approved:18eedf23548d74ce,2024,728,02,国民健康保険事業特別会計,07,諸収入,03,雑入,04,雑入,01,雑入,02,その他の雑入,"",0,220000,220
132047:2024:revenue:approved:5cb748f6d35d8855,2024,729,06,介護サービス事業特別会計,01,介護サービス収入,01,介護給付費収入,01,居宅介護サービス費収入,01,通所介護費収入,01,高齢者センターけやき苑通所介護費収入,"",0,85009000,85009
132047:2024:revenue:approved:c7ae495decb36b87,2024,730,06,介護サービス事業特別会計,01,介護サービス収入,01,介護給付費収入,01,居宅介護サービス費収入,02,通所リハビリテーション費収入,01,牟礼老人保健施設通所リハビリテーション費収入,"",0,56230000,56230
132047:2024:revenue:approved:6da24aa18bfba586,2024,731,06,介護サービス事業特別会計,01,介護サービス収入,01,介護給付費収入,01,居宅介護サービス費収入,03,短期入所療養介護費収入,01,牟礼老人保健施設短期入所療養介護費収入,"",0,37860000,37860
132047:2024:revenue:approved:ccced0fa2289aa09,2024,732,06,介護サービス事業特別会計,01,介護サービス収入,01,介護給付費収入,01,居宅介護サービス費収入,03,短期入所療養介護費収入,02,牟礼老人保健施設短期入所療養介護特定入所者介護サービス費収入,"",0,240000,240
132047:2024:revenue:approved:0fb884df74a71415,2024,733,06,介護サービス事業特別会計,01,介護サービス収入,01,介護給付費収入,02,施設介護サービス費収入,01,介護老人保健施設介護サービス費収入,01,牟礼老人保健施設介護サービス費収入,"",0,202060000,202060
132047:2024:revenue:approved:18b80d90b4f7aa48,2024,734,06,介護サービス事業特別会計,01,介護サービス収入,01,介護給付費収入,02,施設介護サービス費収入,01,介護老人保健施設介護サービス費収入,02,牟礼老人保健施設特定入所者介護サービス費収入,"",0,6170000,6170
132047:2024:revenue:approved:70c80945bb640230,2024,735,06,介護サービス事業特別会計,01,介護サービス収入,02,予防給付費収入,01,介護予防サービス費収入,01,介護予防通所介護費収入,01,高齢者センターけやき苑介護予防通所介護費収入,"",0,1000,1
132047:2024:revenue:approved:683652c26feac2c5,2024,736,06,介護サービス事業特別会計,01,介護サービス収入,02,予防給付費収入,01,介護予防サービス費収入,02,介護予防通所リハビリテーション費収入,01,牟礼老人保健施設介護予防通所リハビリテーション費収入,"",0,3940000,3940
132047:2024:revenue:approved:6f59770468a8af11,2024,737,06,介護サービス事業特別会計,01,介護サービス収入,02,予防給付費収入,01,介護予防サービス費収入,03,介護予防短期入所療養介護費収入,01,牟礼老人保健施設介護予防短期入所療養介護費収入,"",0,310000,310
132047:2024:revenue:approved:31f75d9c0de2567e,2024,738,06,介護サービス事業特別会計,01,介護サービス収入,02,予防給付費収入,01,介護予防サービス費収入,03,介護予防短期入所療養介護費収入,02,牟礼老人保健施設介護予防短期入所療養介護特定入所者介護サービス費収入,"",0,10000,10
132047:2024:revenue:approved:741cba812419f9b9,2024,739,06,介護サービス事業特別会計,01,介護サービス収入,03,介護予防・日常生活支援総合事業費収入,01,通所型サービス事業費収入,01,介護予防・日常生活支援総合事業通所型サービス事業費収入,01,高齢者センターけやき苑介護予防・日常生活支援総合事業通所型サービス事業費収入,"",0,8671000,8671
132047:2024:revenue:approved:f351e2f46b23e816,2024,740,06,介護サービス事業特別会計,01,介護サービス収入,04,自己負担金収入,01,自己負担金収入,01,通所介護自己負担金収入,01,高齢者センターけやき苑通所介護自己負担金収入,"",0,11452000,11452
132047:2024:revenue:approved:9f25340d0d8f643f,2024,741,06,介護サービス事業特別会計,01,介護サービス収入,04,自己負担金収入,01,自己負担金収入,02,通所リハビリテーション自己負担金収入,01,牟礼老人保健施設通所リハビリテーション自己負担金収入,"",0,8370000,8370
132047:2024:revenue:approved:b682fe3445b3a7c0,2024,742,06,介護サービス事業特別会計,01,介護サービス収入,04,自己負担金収入,01,自己負担金収入,03,短期入所療養介護自己負担金収入,01,牟礼老人保健施設短期入所療養介護自己負担金収入,"",0,6840000,6840
132047:2024:revenue:approved:a1f41c4c255dd074,2024,743,06,介護サービス事業特別会計,01,介護サービス収入,04,自己負担金収入,01,自己負担金収入,04,介護老人保健施設自己負担金収入,01,牟礼老人保健施設自己負担金収入,"",0,21750000,21750
132047:2024:revenue:approved:4097843d27e5ed43,2024,744,06,介護サービス事業特別会計,01,介護サービス収入,04,自己負担金収入,01,自己負担金収入,05,介護予防通所介護自己負担金収入,01,高齢者センターけやき苑介護予防通所介護自己負担金収入,"",0,1000,1
132047:2024:revenue:approved:51b6ee21b4edc7c9,2024,745,06,介護サービス事業特別会計,01,介護サービス収入,04,自己負担金収入,01,自己負担金収入,06,介護予防通所リハビリテーション自己負担金収入,01,牟礼老人保健施設介護予防通所リハビリテーション自己負担金収入,"",0,640000,640
132047:2024:revenue:approved:5beaa12db7df292f,2024,746,06,介護サービス事業特別会計,01,介護サービス収入,04,自己負担金収入,01,自己負担金収入,07,介護予防短期入所療養介護自己負担金収入,01,牟礼老人保健施設介護予防短期入所療養介護自己負担金収入,"",0,60000,60
132047:2024:revenue:approved:6c58c52551d33e29,2024,747,06,介護サービス事業特別会計,01,介護サービス収入,04,自己負担金収入,01,自己負担金収入,08,介護予防・日常生活支援総合事業通所型サービス自己負担金収入,01,高齢者センターけやき苑介護予防・日常生活支援総合事業通所型サービス自己負担金収入,"",0,1063000,1063
132047:2024:revenue:approved:f9ff7d2aa41bc684,2024,748,06,介護サービス事業特別会計,02,使用料及び手数料,01,使用料,01,施設使用料,01,老人保健施設使用料,01,牟礼老人保健施設特別療養室使用料,"",0,7810000,7810
132047:2024:revenue:approved:b554bdad3512a007,2024,749,06,介護サービス事業特別会計,02,使用料及び手数料,01,使用料,01,施設使用料,01,老人保健施設使用料,02,牟礼老人保健施設居室使用料,"",0,9030000,9030
132047:2024:revenue:approved:6c1da71580576d28,2024,750,06,介護サービス事業特別会計,02,使用料及び手数料,01,使用料,01,施設使用料,02,高齢者センター用地使用料,01,高齢者センターけやき苑高圧線下土地使用料,"",0,611000,611
132047:2024:revenue:approved:c9dee2b34cf7aa9c,2024,751,06,介護サービス事業特別会計,02,使用料及び手数料,02,手数料,01,手数料,01,文書発行手数料,01,文書発行手数料,"",0,100000,100
132047:2024:revenue:approved:2d2d265be407b9af,2024,752,06,介護サービス事業特別会計,03,繰入金,01,他会計繰入金,01,一般会計繰入金,01,高齢者センターけやき苑運営事業繰入金,01,高齢者センターけやき苑運営事業繰入金,"",0,62240000,62240
132047:2024:revenue:approved:fa018240dbcc8378,2024,753,06,介護サービス事業特別会計,03,繰入金,01,他会計繰入金,01,一般会計繰入金,02,牟礼老人保健施設運営事業繰入金,01,無料低額事業繰入金,"",0,5200000,5200
132047:2024:revenue:approved:bcc3a47eec26a885,2024,754,06,介護サービス事業特別会計,03,繰入金,01,他会計繰入金,01,一般会計繰入金,02,牟礼老人保健施設運営事業繰入金,02,牟礼老人保健施設運営事業繰入金,"",0,56660000,56660
132047:2024:revenue:approved:a7da7782ead3f282,2024,755,06,介護サービス事業特別会計,03,繰入金,01,他会計繰入金,01,一般会計繰入金,03,その他一般会計繰入金,01,その他一般会計繰入金,"",0,54301000,54301
132047:2024:revenue:approved:e73c5d0fe1bed6b5,2024,756,06,介護サービス事業特別会計,04,繰越金,01,繰越金,01,繰越金,01,前年度繰越金,01,前年度繰越金,"",0,1000,1
132047:2024:revenue:approved:d5b295a7b48f5c9e,2024,757,06,介護サービス事業特別会計,05,諸収入,01,預金利子,01,預金利子,01,預金利子,01,歳計現金預金利子,"",0,1000,1
132047:2024:revenue:approved:2a34a691b4101ec6,2024,758,06,介護サービス事業特別会計,05,諸収入,02,雑入,01,雑入,01,雑入,01,高齢者センターけやき苑食事代収入,"",0,8937000,8937
132047:2024:revenue:approved:08db88fe3d025b4c,2024,759,06,介護サービス事業特別会計,05,諸収入,02,雑入,01,雑入,01,雑入,02,牟礼老人保健施設日用品費等実費収入,"",0,36120000,36120
132047:2024:revenue:approved:4886b49c106be57c,2024,760,07,介護保険事業特別会計,01,保険料,01,介護保険料,01,第１号被保険者保険料,01,現年度分,01,現年度分,"",0,3309787000,3309787
132047:2024:revenue:approved:8a738dfb97ba36bd,2024,761,07,介護保険事業特別会計,01,保険料,01,介護保険料,01,第１号被保険者保険料,02,滞納繰越分,01,滞納繰越分,"",0,10204000,10204
132047:2024:revenue:approved:206bbd10d392c8bd,2024,762,07,介護保険事業特別会計,02,国庫支出金,01,国庫負担金,01,介護給付費負担金,01,現年度分,01,介護給付費負担金,"",0,2516292000,2516292
132047:2024:revenue:approved:cd5a8bdb0599f7de,2024,763,07,介護保険事業特別会計,02,国庫支出金,01,国庫負担金,01,介護給付費負担金,02,過年度分,01,介護給付費負担金過年度分,"",0,1000,1
132047:2024:revenue:approved:098ff2ea94f24bda,2024,764,07,介護保険事業特別会計,02,国庫支出金,02,国庫補助金,01,調整交付金,01,現年度分,01,調整交付金,"",0,484211000,484211
132047:2024:revenue:approved:6fc2ff156172cd9b,2024,765,07,介護保険事業特別会計,02,国庫支出金,02,国庫補助金,01,調整交付金,01,現年度分,02,総合事業調整交付金,"",0,13110000,13110
132047:2024:revenue:approved:6be15f930d58aaac,2024,766,07,介護保険事業特別会計,02,国庫支出金,02,国庫補助金,02,地域支援事業交付金（介護予防・日常生活支援総合事業）,01,現年度分,01,地域支援事業交付金（介護予防・日常生活支援総合事業）,"",0,76443000,76443
132047:2024:revenue:approved:7d879113213348af,2024,767,07,介護保険事業特別会計,02,国庫支出金,02,国庫補助金,03,地域支援事業交付金（包括的支援事業・任意事業）,01,現年度分,01,地域支援事業交付金（包括的支援事業・任意事業）,"",0,8561000,8561
132047:2024:revenue:approved:c6c0a7a16b1370ca,2024,768,07,介護保険事業特別会計,02,国庫支出金,02,国庫補助金,04,保険者機能強化推進交付金,01,保険者機能強化推進交付金,01,保険者機能強化推進交付金,"",0,10771000,10771
132047:2024:revenue:approved:292067647770fac0,2024,769,07,介護保険事業特別会計,02,国庫支出金,02,国庫補助金,05,介護保険保険者努力支援交付金,01,介護保険保険者努力支援交付金,01,介護保険保険者努力支援交付金,"",0,22471000,22471
132047:2024:revenue:approved:4efe2ee833a2c50e,2024,770,07,介護保険事業特別会計,02,国庫支出金,02,国庫補助金,06,介護保険災害等臨時特例補助金,01,介護保険災害等臨時特例補助金,01,介護保険災害臨時特例補助金（東日本大震災分）,"",0,1000,1
132047:2024:revenue:approved:3588ac71c6737208,2024,771,07,介護保険事業特別会計,03,支払基金交付金,01,支払基金交付金,01,介護給付費交付金,01,現年度分,01,介護給付費交付金,"",0,3811579000,3811579
132047:2024:revenue:approved:095d44744a9472f9,2024,772,07,介護保険事業特別会計,03,支払基金交付金,01,支払基金交付金,01,介護給付費交付金,02,過年度分,01,介護給付費交付金過年度分,"",0,1000,1
132047:2024:revenue:approved:bd8689b105440f46,2024,773,07,介護保険事業特別会計,03,支払基金交付金,01,支払基金交付金,02,地域支援事業支援交付金,01,現年度分,01,地域支援事業支援交付金,"",0,103786000,103786
132047:2024:revenue:approved:c931538fa17d9584,2024,774,07,介護保険事業特別会計,04,都支出金,01,都負担金,01,介護給付費負担金,01,現年度分,01,介護給付費負担金,"",0,2071719000,2071719
132047:2024:revenue:approved:107d395f93f6d139,2024,775,07,介護保険事業特別会計,04,都支出金,01,都負担金,01,介護給付費負担金,02,過年度分,01,介護給付費負担金過年度分,"",0,1000,1
132047:2024:revenue:approved:a422e4cbeb575197,2024,776,07,介護保険事業特別会計,04,都支出金,02,都補助金,01,地域支援事業交付金（介護予防・日常生活支援総合事業）,01,現年度分,01,地域支援事業交付金（介護予防・日常生活支援事業）,"",0,47776000,47776
132047:2024:revenue:approved:04e45d8fb2ddd465,2024,777,07,介護保険事業特別会計,04,都支出金,02,都補助金,02,地域支援事業交付金（包括的支援事業・任意事業）,01,現年度分,01,地域支援事業交付金（包括的支援事業・任意事業）,"",0,4279000,4279
132047:2024:revenue:approved:7e2624f0913a42ee,2024,778,07,介護保険事業特別会計,05,財産収入,01,財産運用収入,01,利子及び配当金,01,基金運用利子,01,介護保険保険給付費準備基金積立金利子,"",0,61000,61
132047:2024:revenue:approved:89e6225af4f98fb8,2024,779,07,介護保険事業特別会計,06,繰入金,01,一般会計繰入金,01,介護給付費繰入金,01,介護給付費繰入金,01,介護給付費繰入金,"",0,1764620000,1764620
132047:2024:revenue:approved:5cdd59650e93b213,2024,780,07,介護保険事業特別会計,06,繰入金,01,一般会計繰入金,02,地域支援事業繰入金（介護予防・日常生活支援総合事業）,01,地域支援事業繰入金（介護予防・日常生活支援総合事業）,01,地域支援事業繰入金（介護予防・日常生活支援総合事業）,"",0,47776000,47776
132047:2024:revenue:approved:ca86794ab9743ed7,2024,781,07,介護保険事業特別会計,06,繰入金,01,一般会計繰入金,03,地域支援事業繰入金（包括的支援事業・任意事業）,01,地域支援事業繰入金（包括的支援事業・任意事業）,01,地域支援事業繰入金（包括的支援事業・任意事業）,"",0,4279000,4279
132047:2024:revenue:approved:c9b5beb0f27ace87,2024,782,07,介護保険事業特別会計,06,繰入金,01,一般会計繰入金,04,低所得者保険料軽減繰入金,01,低所得者保険料軽減繰入金,01,低所得者保険料軽減繰入金,"",0,141483000,141483
132047:2024:revenue:approved:8e72f355dd0eaaa9,2024,783,07,介護保険事業特別会計,06,繰入金,01,一般会計繰入金,05,その他一般会計繰入金,01,職員給与費等繰入金,01,職員給与費等繰入金,"",0,203535000,203535
132047:2024:revenue:approved:0724afae548cf359,2024,784,07,介護保険事業特別会計,06,繰入金,01,一般会計繰入金,05,その他一般会計繰入金,02,事務費繰入金,01,事務費繰入金,"",0,228056000,228056
132047:2024:revenue:approved:5de94f6f1900acdd,2024,785,07,介護保険事業特別会計,06,繰入金,02,基金繰入金,01,介護保険保険給付費準備基金繰入金,01,介護保険保険給付費準備基金繰入金,01,介護保険保険給付費準備基金とりくずし収入,"",0,138558000,138558
132047:2024:revenue:approved:93182056cb0b30c0,2024,786,07,介護保険事業特別会計,07,繰越金,01,繰越金,01,繰越金,01,前年度繰越金,01,前年度繰越金,"",0,1000,1
132047:2024:revenue:approved:f7eda7d2c03ba60d,2024,787,07,介護保険事業特別会計,08,諸収入,01,延滞金、加算金及び過料,01,第１号被保険者延滞金,01,延滞金,01,介護保険料延滞金,"",0,350000,350
132047:2024:revenue:approved:376427334debca10,2024,788,07,介護保険事業特別会計,08,諸収入,01,延滞金、加算金及び過料,02,加算金,01,加算金,01,介護給付費返納による加算金,"",0,1000,1
132047:2024:revenue:approved:299de7e648db2690,2024,789,07,介護保険事業特別会計,08,諸収入,01,延滞金、加算金及び過料,02,加算金,01,加算金,02,介護保険料返納による加算金,"",0,1000,1
132047:2024:revenue:approved:fbf4b18799d1dd94,2024,790,07,介護保険事業特別会計,08,諸収入,01,延滞金、加算金及び過料,03,過料,01,過料,01,過料,"",0,1000,1
132047:2024:revenue:approved:1a6fefcb260b1e03,2024,791,07,介護保険事業特別会計,08,諸収入,02,預金利子,01,預金利子,01,預金利子,01,歳計現金預金利子,"",0,1000,1
132047:2024:revenue:approved:0b351aa4ed8e006f,2024,792,07,介護保険事業特別会計,08,諸収入,03,雑入,01,滞納処分費,01,滞納処分費,01,滞納処分費,"",0,1000,1
132047:2024:revenue:approved:f135da8085025fef,2024,793,07,介護保険事業特別会計,08,諸収入,03,雑入,02,第三者納付金,01,第三者納付金,01,第三者行為による納付金,"",0,1000,1
132047:2024:revenue:approved:8f8d2e8c5093d76e,2024,794,07,介護保険事業特別会計,08,諸収入,03,雑入,03,返納金,01,返納金,01,介護給付費返納金,"",0,1000,1
132047:2024:revenue:approved:110418e30341908d,2024,795,07,介護保険事業特別会計,08,諸収入,03,雑入,03,返納金,01,返納金,02,介護保険料返納金,"",0,1000,1
132047:2024:revenue:approved:120bd05372b81848,2024,796,07,介護保険事業特別会計,08,諸収入,03,雑入,04,雑入,01,雑入,01,雇用保険料個人負担分収入,"",0,331000,331
132047:2024:revenue:approved:59598d6b3bc44f19,2024,797,07,介護保険事業特別会計,08,諸収入,03,雑入,04,雑入,01,雑入,02,高齢者等位置情報確認システム事業利用料金収入,"",0,79000,79
132047:2024:revenue:approved:52cf8b7c121c947b,2024,798,07,介護保険事業特別会計,08,諸収入,03,雑入,04,雑入,01,雑入,03,その他の雑入,"",0,1000,1
132047:2024:revenue:approved:e97fe1cc9ef2a70d,2024,799,09,後期高齢者医療特別会計,01,後期高齢者医療保険料,01,後期高齢者医療保険料,01,後期高齢者医療保険料,01,後期高齢者医療保険料現年度分,01,現年度分,"",0,2902687000,2902687
132047:2024:revenue:approved:7baa8539b9447ea3,2024,800,09,後期高齢者医療特別会計,01,後期高齢者医療保険料,01,後期高齢者医療保険料,01,後期高齢者医療保険料,02,後期高齢者医療保険料滞納繰越分,01,滞納繰越分,"",0,10338000,10338
132047:2024:revenue:approved:1be7ff9f47335166,2024,801,09,後期高齢者医療特別会計,02,使用料及び手数料,01,手数料,01,証明手数料,01,保険料証明交付手数料,01,保険料証明交付手数料,"",0,1000,1
132047:2024:revenue:approved:ecba9961cddbd2d4,2024,802,09,後期高齢者医療特別会計,03,繰入金,01,他会計繰入金,01,一般会計繰入金,01,療養給付費繰入金,01,療養給付費繰入金,"",0,1450913000,1450913
132047:2024:revenue:approved:421ea9797cdf69f0,2024,803,09,後期高齢者医療特別会計,03,繰入金,01,他会計繰入金,01,一般会計繰入金,02,保険基盤安定繰入金,01,保険基盤安定繰入金,"",0,343712000,343712
132047:2024:revenue:approved:740452d87a6411d7,2024,804,09,後期高齢者医療特別会計,03,繰入金,01,他会計繰入金,01,一般会計繰入金,03,広域連合事務費繰入金,01,広域連合事務費繰入金,"",0,86676000,86676
132047:2024:revenue:approved:35d56180ec2e614b,2024,805,09,後期高齢者医療特別会計,03,繰入金,01,他会計繰入金,01,一般会計繰入金,04,審査支払手数料繰入金,01,審査支払手数料繰入金,"",0,51618000,51618
132047:2024:revenue:approved:0872d3fc27cdd13e,2024,806,09,後期高齢者医療特別会計,03,繰入金,01,他会計繰入金,01,一般会計繰入金,05,保険料未収金補填分繰入金,01,保険料未収金補填分繰入金,"",0,29320000,29320
132047:2024:revenue:approved:81e00f543e5f003b,2024,807,09,後期高齢者医療特別会計,03,繰入金,01,他会計繰入金,01,一般会計繰入金,06,保険料所得割額減額分繰入金,01,保険料所得割額減額分繰入金,"",0,2843000,2843
132047:2024:revenue:approved:e7da24b42d0c0a11,2024,808,09,後期高齢者医療特別会計,03,繰入金,01,他会計繰入金,01,一般会計繰入金,07,葬祭費繰入金,01,葬祭費繰入金,"",0,58690000,58690
132047:2024:revenue:approved:c8ef9f3d37159c73,2024,809,09,後期高齢者医療特別会計,03,繰入金,01,他会計繰入金,01,一般会計繰入金,08,その他一般会計繰入金,01,その他一般会計繰入金,"",0,117927000,117927
132047:2024:revenue:approved:367e0358c42ace04,2024,810,09,後期高齢者医療特別会計,04,繰越金,01,繰越金,01,繰越金,01,前年度繰越金,01,前年度繰越金,"",0,1000,1
132047:2024:revenue:approved:e708fc2ab3e0f05e,2024,811,09,後期高齢者医療特別会計,05,諸収入,01,延滞金、加算金及び過料,01,延滞金,01,延滞金,01,後期高齢者医療保険料延滞金,"",0,500000,500
132047:2024:revenue:approved:4d01bfbbabfa6e75,2024,812,09,後期高齢者医療特別会計,05,諸収入,01,延滞金、加算金及び過料,02,過料,01,過料,01,過料,"",0,1000,1
132047:2024:revenue:approved:57a965ec0ee3c9f2,2024,813,09,後期高齢者医療特別会計,05,諸収入,02,償還金及び還付加算金,01,還付金及び還付加算金,01,還付金及び還付加算金,01,還付金及び還付加算金,"",0,1000000,1000
132047:2024:revenue:approved:7b15154e89e33313,2024,814,09,後期高齢者医療特別会計,05,諸収入,02,償還金及び還付加算金,02,広域連合償還金,01,広域連合負担金還付金,01,広域連合負担金還付金,"",0,1000,1
132047:2024:revenue:approved:e9cb1845958349aa,2024,815,09,後期高齢者医療特別会計,05,諸収入,03,受託事業収入,01,受託事業収入,01,健康診査事業費受託事業収入,01,健康診査事業費受託事業収入,"",0,78860000,78860
132047:2024:revenue:approved:0442d9f5033c87bb,2024,816,09,後期高齢者医療特別会計,05,諸収入,03,受託事業収入,01,受託事業収入,02,葬祭費受託事業収入,01,葬祭費受託事業収入,"",0,64900000,64900
132047:2024:revenue:approved:185c40747fce72aa,2024,817,09,後期高齢者医療特別会計,05,諸収入,03,受託事業収入,01,受託事業収入,03,保健・介護予防連携事業受託事業収入,01,保健・介護予防連携事業受託事業収入,"",0,12741000,12741
132047:2024:revenue:approved:623d89f90bd11dd9,2024,818,09,後期高齢者医療特別会計,05,諸収入,04,預金利子,01,預金利子,01,預金利子,01,歳計現金預金利子,"",0,1000,1
132047:2024:revenue:approved:bc783147c9b1520a,2024,819,09,後期高齢者医療特別会計,05,諸収入,05,雑入,01,雑入,01,雑入,01,雇用保険料個人負担分収入,"",0,18000,18
132047:2024:revenue:approved:d90695b2b933e702,2024,820,09,後期高齢者医療特別会計,05,諸収入,05,雑入,01,雑入,01,雑入,02,資格確認書交付関係市区町村事務補助金収入,"",0,7843000,7843
132047:2024:revenue:approved:1e1bcb9e6144a7d8,2024,821,09,後期高齢者医療特別会計,05,諸収入,05,雑入,01,雑入,01,雑入,03,後期高齢者医療制度長寿・健康増進等事業補助金収入,"",0,3108000,3108
132047:2024:revenue:approved:062ec9fcb2ec5f0c,2024,822,09,後期高齢者医療特別会計,05,諸収入,05,雑入,01,雑入,01,雑入,04,その他の雑入,"",0,1000,1
