fiscal_year,direction,budget_line_id,cofog_status,cofog_division,cofog_consolidation,cofog_decided_at_level,cofog_rule_id,cofog_counterpart_fund
2024,expenditure,132047:2024:expenditure:approved:000bbaa7f951e986,assigned,08,retained,項,kyoiku-sports,
2024,expenditure,132047:2024:expenditure:approved:001498f5f098f6f1,assigned,09,retained,目,shogaigakushu-other,
2024,expenditure,132047:2024:expenditure:approved:0024e37688a925d0,assigned,09,retained,項,kyoiku-somu,
2024,expenditure,132047:2024:expenditure:approved:002539fee342242e,assigned,10,retained,款,minsei,
2024,expenditure,132047:2024:expenditure:approved:00339bd6308a93ba,assigned,01,retained,款,somu,
2024,expenditure,132047:2024:expenditure:approved:00474a48da7edd19,assigned,01,retained,款,somu,
2024,expenditure,132047:2024:expenditure:approved:0052b9dc489f7a4b,assigned,09,retained,目,shogaigakushu-other,
2024,expenditure,132047:2024:expenditure:approved:005e7592caa92fc3,assigned,01,retained,款,somu,
2024,expenditure,132047:2024:expenditure:approved:005e97af5f86776c,assigned,10,retained,款,minsei,
2024,expenditure,132047:2024:expenditure:approved:005f748c98380636,assigned,09,retained,目,shogaigakushu-other,
2024,expenditure,132047:2024:expenditure:approved:006bd419d7313fd5,assigned,06,retained,項,doboku-jutaku,
2024,expenditure,132047:2024:expenditure:approved:006cdbbcb1c8d4d2,assigned,01,retained,款,somu,
2024,expenditure,132047:2024:expenditure:approved:0089f917c2d3940d,assigned,07,retained,項,eisei-hoken,
2024,expenditure,132047:2024:expenditure:approved:008a40bc9f4e3b4d,assigned,04,retained,款,norin,
2024,expenditure,132047:2024:expenditure:approved:00a4e92960cf8b14,assigned,08,retained,項,kyoiku-sports,
2024,expenditure,132047:2024:expenditure:approved:00ad526d0a3b3c97,assigned,01,retained,款,somu,
2024,expenditure,132047:2024:expenditure:approved:00b2e8e88ae52614,assigned,10,retained,款,minsei,
2024,expenditure,132047:2024:expenditure:approved:00bfae72d2b39b9e,assigned,09,retained,項,kyoiku-somu,
2024,expenditure,132047:2024:expenditure:approved:00c2a070fe7c46fc,assigned,10,retained,款,minsei,
2024,expenditure,132047:2024:expenditure:approved:00ca027a3a39330a,assigned,09,retained,目,shogaigakushu-other,
2024,expenditure,132047:2024:expenditure:approved:00cd96a0baaf835a,assigned,01,retained,款,somu,
2024,expenditure,132047:2024:expenditure:approved:00e257a774757815,assigned,09,retained,項,kyoiku-somu,
2024,expenditure,132047:2024:expenditure:approved:00e9475a6e7cc081,assigned,09,retained,項,kyoiku-somu,
2024,expenditure,132047:2024:expenditure:approved:00eb0a05ee9ba4c2,assigned,04,retained,項,doboku-doro,
2024,expenditure,132047:2024:expenditure:approved:00ec499813cd7b5d,assigned,04,retained,項,doboku-kanri,
2024,expenditure,132047:2024:expenditure:approved:00f4d1d261fa0519,assigned,10,retained,款,minsei,
2024,expenditure,132047:2024:expenditure:approved:00f68368467f167f,assigned,09,retained,項,kyoiku-somu,
2024,expenditure,132047:2024:expenditure:approved:010f1396b32e2fd6,assigned,04,retained,款,norin,
2024,expenditure,132047:2024:expenditure:approved:010f6a17ef670a43,assigned,04,retained,項,doboku-kanri,
2024,expenditure,132047:2024:expenditure:approved:0112932163242809,assigned,01,retained,款,somu,
2024,expenditure,132047:2024:expenditure:approved:0146261be4ba907d,assigned,09,retained,目,shogaigakushu-other,
2024,expenditure,132047:2024:expenditure:approved:014bd112874592c9,assigned,06,retained,目,toshikeikaku-somu,
2024,expenditure,132047:2024:expenditure:approved:014bf46b7cdb6c47,assigned,10,retained,款,minsei,
2024,expenditure,132047:2024:expenditure:approved:0159154b3100c0d1,assigned,01,retained,款,somu,
2024,expenditure,132047:2024:expenditure:approved:01718987a8a740fa,assigned,08,retained,項,kyoiku-sports,
2024,expenditure,132047:2024:expenditure:approved:018058d0f03a32cc,assigned,01,retained,款,somu,
2024,expenditure,132047:2024:expenditure:approved:0186c6c3fadb03e1,assigned,10,retained,款,minsei,
2024,expenditure,132047:2024:expenditure:approved:018f114db3f5ca22,assigned,08,retained,項,kyoiku-sports,
2024,expenditure,132047:2024:expenditure:approved:019149fd625a930b,assigned,10,retained,款,minsei,
2024,expenditure,132047:2024:expenditure:approved:01986f7103b90402,assigned,10,retained,款,minsei,
2024,expenditure,132047:2024:expenditure:approved:019c10a34c12450c,assigned,01,retained,款,somu,
2024,expenditure,132047:2024:expenditure:approved:01bc962a2a2dfda7,assigned,10,retained,款,minsei,
2024,expenditure,132047:2024:expenditure:approved:01d0d20e1dee6fa5,assigned,09,retained,項,kyoiku-somu,
2024,expenditure,132047:2024:expenditure:approved:01de16bb359dbd26,assigned,10,retained,款,minsei,
2024,expenditure,132047:2024:expenditure:approved:01df42140ff2f9f4,assigned,01,retained,款,somu,
2024,expenditure,132047:2024:expenditure:approved:020377d3a1c27e01,assigned,07,retained,会計,fund-kokuho,
2024,expenditure,132047:2024:expenditure:approved:020b485ae6a86e9b,assigned,04,retained,款,shoko,
2024,expenditure,132047:2024:expenditure:approved:0210378c2ca2b0e5,assigned,09,retained,項,kyoiku-somu,
2024,expenditure,132047:2024:expenditure:approved:0228506b7401ffdc,assigned,09,retained,項,kyoiku-somu,
2024,expenditure,132047:2024:expenditure:approved:022e6c1139248a6f,assigned,01,retained,款,somu,
2024,expenditure,132047:2024:expenditure:approved:023c108130f7bbcc,assigned,01,retained,款,somu,
2024,expenditure,132047:2024:expenditure:approved:026a173c1df35441,assigned,01,retained,款,somu,
2024,expenditure,132047:2024:expenditure:approved:028610d300b5f98b,assigned,07,retained,会計,fund-kokuho,
2024,expenditure,132047:2024:expenditure:approved:02b8f28d3aac743a,assigned,01,retained,款,somu,
2024,expenditure,132047:2024:expenditure:approved:02bb610dc2fd2376,assigned,10,retained,款,minsei,
2024,expenditure,132047:2024:expenditure:approved:02ca7bc6bed31695,assigned,08,retained,項,kyoiku-sports,
2024,expenditure,132047:2024:expenditure:approved:02ce43db49a56de6,assigned,01,retained,款,somu,
2024,expenditure,132047:2024:expenditure:approved:02ceeddbbfd6c4a3,assigned,07,retained,項,eisei-hoken,
2024,expenditure,132047:2024:expenditure:approved:02d12a7daf2670bf,assigned,10,retained,款,minsei,
2024,expenditure,132047:2024:expenditure:approved:02e4e5b2cf83d36a,assigned,04,retained,款,norin,
2024,expenditure,132047:2024:expenditure:approved:02eaf96e2196a649,assigned,01,retained,款,somu,
2024,expenditure,132047:2024:expenditure:approved:02fb36bd97378f15,assigned,08,retained,目,toshikeikaku-kouen,
2024,expenditure,132047:2024:expenditure:approved:0308a885bae2874c,assigned,01,retained,款,somu,
2024,expenditure,132047:2024:expenditure:approved:030909aa53e05df9,assigned,05,retained,項,eisei-seiso,
2024,expenditure,132047:2024:expenditure:approved:03149e09ef34bc64,assigned,09,retained,目,shogaigakushu-other,
2024,expenditure,132047:2024:expenditure:approved:0329fc3bcb81caf0,assigned,10,retained,款,minsei,
2024,expenditure,132047:2024:expenditure:approved:0333068cd477c799,assigned,01,retained,款,somu,
2024,expenditure,132047:2024:expenditure:approved:03408d22a1731351,assigned,07,retained,項,eisei-hoken,
2024,expenditure,132047:2024:expenditure:approved:03451b71a2cb6b74,assigned,01,retained,款,somu,
2024,expenditure,132047:2024:expenditure:approved:034bd0533683de39,assigned,01,retained,款,somu,
2024,expenditure,132047:2024:expenditure:approved:0361298f6072e100,assigned,01,retained,款,somu,
2024,expenditure,132047:2024:expenditure:approved:036144011e47a5b9,assigned,10,retained,款,minsei,
2024,expenditure,132047:2024:expenditure:approved:0368a29fd6e707aa,assigned,01,retained,款,somu,
2024,expenditure,132047:2024:expenditure:approved:036c6b6178870d46,assigned,10,retained,款,minsei,
2024,expenditure,132047:2024:expenditure:approved:03832e2ad108e6db,assigned,09,retained,項,kyoiku-somu,
2024,expenditure,132047:2024:expenditure:approved:03ac232a56cc0d39,assigned,09,retained,目,shogaigakushu-other,
2024,expenditure,132047:2024:expenditure:approved:03b96619a3dec2bf,assigned,04,retained,項,doboku-doro,
2024,expenditure,132047:2024:expenditure:approved:03c30ef348c121db,assigned,07,retained,項,eisei-hoken,
2024,expenditure,132047:2024:expenditure:approved:03d58fd7f970167b,assigned,10,retained,款,minsei,
2024,expenditure,132047:2024:expenditure:approved:03e4d0163a2f9924,assigned,01,retained,款,somu,
2024,expenditure,132047:2024:expenditure:approved:03eb9ed4055b97ea,assigned,01,retained,款,somu,
2024,expenditure,132047:2024:expenditure:approved:03ed40a97bb20860,assigned,01,retained,款,somu,
2024,expenditure,132047:2024:expenditure:approved:03f8291f3fd4012d,assigned,09,retained,項,kyoiku-somu,
2024,expenditure,132047:2024:expenditure:approved:0404ff6d89fc8b49,assigned,04,retained,項,doboku-kanri,
2024,expenditure,132047:2024:expenditure:approved:040649617bae00f2,assigned,01,retained,款,somu,
2024,expenditure,132047:2024:expenditure:approved:0408315b86a7b0f1,assigned,01,retained,款,somu,
2024,expenditure,132047:2024:expenditure:approved:04132716759b96e5,assigned,01,retained,款,somu,
2024,expenditure,132047:2024:expenditure:approved:041b71cadf0faa8a,assigned,10,retained,款,minsei,
2024,expenditure,132047:2024:expenditure:approved:041d35b278136e84,assigned,01,retained,款,somu,
2024,expenditure,132047:2024:expenditure:approved:041f26a9236b1c51,assigned,07,retained,項,eisei-hoken,
2024,expenditure,132047:2024:expenditure:approved:0426e239f16ec38f,assigned,10,retained,款,minsei,
2024,expenditure,132047:2024:expenditure:approved:0433e6c51eecccb5,assigned,01,retained,款,somu,
2024,expenditure,132047:2024:expenditure:approved:043b732585374099,assigned,10,retained,款,minsei,
2024,expenditure,132047:2024:expenditure:approved:0443aff62cd7c5b7,assigned,04,retained,款,shoko,
2024,expenditure,132047:2024:expenditure:approved:0445e692bfe887b8,assigned,01,retained,款,somu,
2024,expenditure,132047:2024:expenditure:approved:044a4fc57aee5cba,assigned,09,retained,項,kyoiku-somu,
2024,expenditure,132047:2024:expenditure:approved:045cd245c0122ae6,assigned,06,retained,目,toshikeikaku-somu,
2024,expenditure,132047:2024:expenditure:approved:0474504ff10d125c,assigned,10,retained,款,minsei,
2024,expenditure,132047:2024:expenditure:approved:0474fb61c89fb6be,assigned,01,retained,款,somu,
2024,expenditure,132047:2024:expenditure:approved:0476e78adc4b3138,assigned,07,retained,項,eisei-hoken,
2024,expenditure,132047:2024:expenditure:approved:04901b6e98b8d4e1,assigned,01,retained,款,somu,
2024,expenditure,132047:2024:expenditure:approved:04a0175d1589d2dc,assigned,08,retained,目,toshikeikaku-kouen,
2024,expenditure,132047:2024:expenditure:approved:04a4b43c03525129,assigned,01,retained,款,somu,
2024,expenditure,132047:2024:expenditure:approved:04b364219cda9808,assigned,01,retained,款,somu,
2024,expenditure,132047:2024:expenditure:approved:04b8b52a50538f77,assigned,01,retained,款,somu,
2024,expenditure,132047:2024:expenditure:approved:04c42834ab9f8a4e,assigned,07,retained,項,eisei-hoken,
2024,expenditure,132047:2024:expenditure:approved:04de5815f762652e,assigned,10,retained,款,minsei,
2024,expenditure,132047:2024:expenditure:approved:04deb9af83191c88,assigned,01,retained,款,somu,
2024,expenditure,132047:2024:expenditure:approved:04eaacc1801b3ee3,assigned,08,retained,項,kyoiku-sports,
2024,expenditure,132047:2024:expenditure:approved:04ecd1817cb62192,assigned,08,retained,目,shogaigakushu-toshokan,
2024,expenditure,132047:2024:expenditure:approved:04f4237a082bba0c,assigned,05,retained,項,eisei-seiso,
2024,expenditure,132047:2024:expenditure:approved:04fe457b1afb96f3,assigned,08,retained,目,toshikeikaku-kouen,
2024,expenditure,132047:2024:expenditure:approved:050392e8f3562271,assigned,04,retained,款,rodo,
2024,expenditure,132047:2024:expenditure:approved:0508c176b38a5693,assigned,10,retained,款,minsei,
2024,expenditure,132047:2024:expenditure:approved:050f4e7ae0735405,assigned,01,retained,款,gikai,
2024,expenditure,132047:2024:expenditure:approved:05263c47af85a38a,assigned,01,retained,款,somu,
2024,expenditure,132047:2024:expenditure:approved:053609789089aea2,assigned,04,retained,項,doboku-kanri,
2024,expenditure,132047:2024:expenditure:approved:0546199a044699ab,assigned,10,retained,款,minsei,
2024,expenditure,132047:2024:expenditure:approved:0548d1114edddbc4,assigned,05,retained,項,eisei-seiso,
2024,expenditure,132047:2024:expenditure:approved:054e1d8c483fda34,assigned,01,retained,款,somu,
2024,expenditure,132047:2024:expenditure:approved:056a3fe459210e21,assigned,10,retained,款,minsei,
2024,expenditure,132047:2024:expenditure:approved:0582e097e5210b44,assigned,09,retained,項,kyoiku-somu,
2024,expenditure,132047:2024:expenditure:approved:0588c2ca1f15d966,assigned,05,retained,項,eisei-seiso,
2024,expenditure,132047:2024:expenditure:approved:05a539fc96141038,assigned,01,retained,款,somu,
2024,expenditure,132047:2024:expenditure:approved:05c4fe2ee93b03e4,assigned,09,retained,項,kyoiku-somu,
2024,expenditure,132047:2024:expenditure:approved:05d82924cdf810bb,assigned,04,retained,項,doboku-kanri,
2024,expenditure,132047:2024:expenditure:approved:05d8a8002f90d4f8,assigned,10,retained,款,minsei,
2024,expenditure,132047:2024:expenditure:approved:05e6c594c9db1cdc,assigned,04,retained,款,shoko,
2024,expenditure,132047:2024:expenditure:approved:05e9a3df3a5a8e5d,assigned,01,retained,款,somu,
2024,expenditure,132047:2024:expenditure:approved:06112e296fe87534,assigned,10,retained,款,minsei,
2024,expenditure,132047:2024:expenditure:approved:061723660061c534,assigned,10,retained,款,minsei,
2024,expenditure,132047:2024:expenditure:approved:062a10cf522c5eec,out-of-scope,"",retained,項,refund,
2024,expenditure,132047:2024:expenditure:approved:063b51158010c36b,assigned,09,retained,目,shogaigakushu-other,
2024,expenditure,132047:2024:expenditure:approved:0655370302310ad8,assigned,09,retained,項,kyoiku-somu,
2024,expenditure,132047:2024:expenditure:approved:0658cb6aa87973d9,assigned,07,retained,項,eisei-hoken,
2024,expenditure,132047:2024:expenditure:approved:0665570536bf78ea,assigned,10,retained,款,minsei,
2024,expenditure,132047:2024:expenditure:approved:066ba364e1572659,assigned,05,retained,項,eisei-seiso,
2024,expenditure,132047:2024:expenditure:approved:066df4b77ed845fd,assigned,09,retained,項,kyoiku-somu,
2024,expenditure,132047:2024:expenditure:approved:06794be543347aba,assigned,09,retained,項,kyoiku-somu,
2024,expenditure,132047:2024:expenditure:approved:0679e50965cd793f,assigned,03,retained,款,shobo,
2024,expenditure,132047:2024:expenditure:approved:0684294f49310022,assigned,01,retained,款,somu,
2024,expenditure,132047:2024:expenditure:approved:0684fdfd165727c3,assigned,08,retained,項,kyoiku-sports,
2024,expenditure,132047:2024:expenditure:approved:06b8637320ded3dc,assigned,10,retained,会計,fund-kaigo-service,
2024,expenditure,132047:2024:expenditure:approved:06bac20cf17ddd90,assigned,09,retained,項,kyoiku-somu,
2024,expenditure,132047:2024:expenditure:approved:06be1f01d3a01927,assigned,04,retained,款,shoko,
2024,expenditure,132047:2024:expenditure:approved:06caf2b4ce90a73b,assigned,08,retained,目,shogaigakushu-toshokan,
2024,expenditure,132047:2024:expenditure:approved:06e0e1ef5588eeed,assigned,01,retained,款,somu,
2024,expenditure,132047:2024:expenditure:approved:06e312981801ad93,assigned,01,retained,款,somu,
2024,expenditure,132047:2024:expenditure:approved:06e9886f88a197bd,assigned,01,retained,款,somu,
2024,expenditure,132047:2024:expenditure:approved:06fc0ae05b11ce59,assigned,01,retained,款,somu,
2024,expenditure,132047:2024:expenditure:approved:0707df4fcbf44bbf,assigned,01,retained,款,somu,
2024,expenditure,132047:2024:expenditure:approved:07081f74ed7878ee,assigned,07,retained,項,eisei-hoken,
2024,expenditure,132047:2024:expenditure:approved:071fd26e4ad687a1,assigned,03,retained,款,shobo,
2024,expenditure,132047:2024:expenditure:approved:0725f1f1d4e1d737,assigned,10,retained,款,minsei,
2024,expenditure,132047:2024:expenditure:approved:07281bfd50b339ba,assigned,10,retained,款,minsei,
2024,expenditure,132047:2024:expenditure:approved:072cdaf54c97583c,assigned,10,retained,会計,fund-kaigo-hoken,
2024,expenditure,132047:2024:expenditure:approved:072df6549a929460,assigned,09,retained,目,shogaigakushu-other,
2024,expenditure,132047:2024:expenditure:approved:073505428f915dee,assigned,08,retained,目,toshikeikaku-kouen,
2024,expenditure,132047:2024:expenditure:approved:0746eab2b0063b4a,assigned,01,retained,款,somu,
2024,expenditure,132047:2024:expenditure:approved:0764cefd1fd1eed2,assigned,01,retained,款,somu,
2024,expenditure,132047:2024:expenditure:approved:0771d25e73428dc6,assigned,07,retained,項,eisei-hoken,
2024,expenditure,132047:2024:expenditure:approved:077e270b96eca328,assigned,01,retained,款,somu,
2024,expenditure,132047:2024:expenditure:approved:07850bea70e03833,assigned,07,retained,項,eisei-hoken,
2024,expenditure,132047:2024:expenditure:approved:078baee6787cac20,assigned,05,retained,項,eisei-seiso,
2024,expenditure,132047:2024:expenditure:approved:079248cc4a1abcb4,assigned,10,retained,款,minsei,
2024,expenditure,132047:2024:expenditure:approved:07975911280756b7,assigned,10,retained,会計,fund-kaigo-hoken,
2024,expenditure,132047:2024:expenditure:approved:07a2c3d654e6629a,assigned,01,retained,款,somu,
2024,expenditure,132047:2024:expenditure:approved:07aa9fbfbfd3fa17,assigned,10,retained,款,minsei,
2024,expenditure,132047:2024:expenditure:approved:07d8d65929e6ac57,assigned,01,retained,款,somu,
2024,expenditure,132047:2024:expenditure:approved:07e47862e9a232dd,assigned,07,retained,項,eisei-hoken,
2024,expenditure,132047:2024:expenditure:approved:07e592f94a222981,assigned,01,retained,款,somu,
2024,expenditure,132047:2024:expenditure:approved:07e8ece0b1fd7e14,assigned,10,retained,款,minsei,
2024,expenditure,132047:2024:expenditure:approved:07f1f0b2abeedaf2,assigned,10,retained,款,minsei,
2024,expenditure,132047:2024:expenditure:approved:07fe79b27da56e35,assigned,08,retained,目,shogaigakushu-toshokan,
2024,expenditure,132047:2024:expenditure:approved:080f44309cafbb9d,assigned,09,retained,項,kyoiku-somu,
2024,expenditure,132047:2024:expenditure:approved:081d3c7b14df45c5,assigned,04,retained,款,shoko,
2024,expenditure,132047:2024:expenditure:approved:0826c5cd1f6d4098,assigned,09,retained,項,kyoiku-somu,
2024,expenditure,132047:2024:expenditure:approved:0831058f9ca4fae6,assigned,04,retained,項,doboku-doro,
2024,expenditure,132047:2024:expenditure:approved:083aecc62249d993,assigned,01,retained,款,somu,
2024,expenditure,132047:2024:expenditure:approved:08474146708a1dce,assigned,06,retained,目,toshikeikaku-somu,
2024,expenditure,132047:2024:expenditure:approved:084e62f9efb41f2f,assigned,03,retained,款,shobo,
2024,expenditure,132047:2024:expenditure:approved:084fc2c4b5f239e0,assigned,10,retained,款,minsei,
2024,expenditure,132047:2024:expenditure:approved:08601ffb79e189d6,assigned,10,retained,款,minsei,
2024,expenditure,132047:2024:expenditure:approved:0877216948465f24,assigned,10,retained,款,minsei,
2024,expenditure,132047:2024:expenditure:approved:087967c7ffeb00d7,assigned,09,retained,目,shogaigakushu-other,
2024,expenditure,132047:2024:expenditure:approved:087a11bdea7017cc,assigned,07,retained,項,eisei-hoken,
2024,expenditure,132047:2024:expenditure:approved:088db94eb2c1e84e,assigned,01,retained,款,somu,
2024,expenditure,132047:2024:expenditure:approved:0897383ed6ef690f,assigned,04,retained,項,doboku-doro,
2024,expenditure,132047:2024:expenditure:approved:08a03462b0db052a,assigned,01,retained,款,somu,
2024,expenditure,132047:2024:expenditure:approved:08a13455c7d4159c,assigned,07,retained,項,eisei-hoken,
2024,expenditure,132047:2024:expenditure:approved:08a145f6aea6e7ca,assigned,07,retained,項,eisei-hoken,
2024,expenditure,132047:2024:expenditure:approved:08a954ff611fb111,assigned,07,retained,項,eisei-hoken,
2024,expenditure,132047:2024:expenditure:approved:08ce2563d86b9744,assigned,10,retained,款,minsei,
2024,expenditure,132047:2024:expenditure:approved:08d1fc5a46f8a6fa,assigned,09,retained,項,kyoiku-somu,
2024,expenditure,132047:2024:expenditure:approved:08da18e71a31b092,assigned,04,retained,項,doboku-kanri,
2024,expenditure,132047:2024:expenditure:approved:08de94ddb256b419,assigned,10,retained,款,minsei,
2024,expenditure,132047:2024:expenditure:approved:08e5b734c003f6bd,assigned,01,retained,款,somu,
2024,expenditure,132047:2024:expenditure:approved:08fd161bdd31add3,assigned,01,retained,款,somu,
2024,expenditure,132047:2024:expenditure:approved:08fd17645f4bef4c,assigned,01,retained,款,somu,
2024,expenditure,132047:2024:expenditure:approved:0902d9d0b80f1aab,assigned,10,retained,款,minsei,
2024,expenditure,132047:2024:expenditure:approved:090698a2c7e9747a,assigned,01,retained,款,somu,
2024,expenditure,132047:2024:expenditure:approved:092e0c758a7258e7,assigned,09,retained,項,kyoiku-somu,
2024,expenditure,132047:2024:expenditure:approved:094ce83cbfafb1f4,assigned,06,retained,目,toshikeikaku-somu,
2024,expenditure,132047:2024:expenditure:approved:0959b14aca5e6c10,assigned,08,retained,項,kyoiku-sports,
2024,expenditure,132047:2024:expenditure:approved:097c0c6fce17b571,assigned,09,retained,項,kyoiku-somu,
2024,expenditure,132047:2024:expenditure:approved:0984c787d08e5d69,assigned,01,retained,款,somu,
2024,expenditure,132047:2024:expenditure:approved:09853e44bd28cb15,assigned,06,retained,項,doboku-jutaku,
2024,expenditure,132047:2024:expenditure:approved:0986b239d5d3a93e,assigned,01,retained,款,somu,
2024,expenditure,132047:2024:expenditure:approved:098d71564a8da818,assigned,09,retained,項,kyoiku-somu,
2024,expenditure,132047:2024:expenditure:approved:09cae3bb085d6204,assigned,01,retained,款,somu,
2024,expenditure,132047:2024:expenditure:approved:09cfc3d89569569c,assigned,09,retained,目,shogaigakushu-other,
2024,expenditure,132047:2024:expenditure:approved:09e237936fddde53,assigned,08,retained,目,toshikeikaku-kouen,
2024,expenditure,132047:2024:expenditure:approved:09e59349688f192c,assigned,04,retained,項,doboku-doro,
2024,expenditure,132047:2024:expenditure:approved:09ec09060197f70d,assigned,10,retained,款,minsei,
2024,expenditure,132047:2024:expenditure:approved:09f133d1a2c6d1ab,assigned,05,retained,項,eisei-seiso,
2024,expenditure,132047:2024:expenditure:approved:09f7435f971f1d66,assigned,07,retained,項,eisei-hoken,
2024,expenditure,132047:2024:expenditure:approved:09f8210b7f6eb523,assigned,01,retained,款,somu,
2024,expenditure,132047:2024:expenditure:approved:0a0ef236f71094d0,assigned,09,retained,項,kyoiku-somu,
2024,expenditure,132047:2024:expenditure:approved:0a10ca76539e59d5,assigned,01,retained,款,somu,
2024,expenditure,132047:2024:expenditure:approved:0a3af3685e1a0467,assigned,01,retained,款,somu,
2024,expenditure,132047:2024:expenditure:approved:0a6ce2f00608ab25,assigned,01,retained,款,somu,
2024,expenditure,132047:2024:expenditure:approved:0a6e32ca1ab8a24e,assigned,01,retained,款,somu,
2024,expenditure,132047:2024:expenditure:approved:0a7b04fd04cead77,assigned,04,retained,款,norin,
2024,expenditure,132047:2024:expenditure:approved:0a8a090f96ebd92b,assigned,09,retained,項,kyoiku-somu,
2024,expenditure,132047:2024:expenditure:approved:0ab6d61ba0790e6d,assigned,05,retained,項,eisei-seiso,
2024,expenditure,132047:2024:expenditure:approved:0abe27674151351d,assigned,10,retained,款,minsei,
2024,expenditure,132047:2024:expenditure:approved:0af2547919910b53,assigned,10,retained,款,minsei,
2024,expenditure,132047:2024:expenditure:approved:0af6dee527e12e23,assigned,07,retained,項,eisei-hoken,
2024,expenditure,132047:2024:expenditure:approved:0b020f9d049225a2,assigned,08,retained,目,toshikeikaku-kouen,
2024,expenditure,132047:2024:expenditure:approved:0b0a55e06ca1ef19,assigned,09,retained,項,kyoiku-somu,
2024,expenditure,132047:2024:expenditure:approved:0b237a78684124c1,assigned,01,retained,款,somu,
2024,expenditure,132047:2024:expenditure:approved:0b23abda7804cc48,assigned,06,retained,項,doboku-jutaku,
2024,expenditure,132047:2024:expenditure:approved:0b305d27858cb1cd,assigned,06,retained,目,toshikeikaku-somu,
2024,expenditure,132047:2024:expenditure:approved:0b4ec301c0eb62ca,assigned,10,retained,款,minsei,
2024,expenditure,132047:2024:expenditure:approved:0b5f4d809615d340,assigned,01,retained,款,somu,
2024,expenditure,132047:2024:expenditure:approved:0b71e2a4c26fa297,assigned,01,retained,款,somu,
2024,expenditure,132047:2024:expenditure:approved:0b83af3b95520ab8,assigned,10,retained,款,minsei,
2024,expenditure,132047:2024:expenditure:approved:0b8840f51d0cfdce,assigned,07,retained,項,eisei-hoken,
2024,expenditure,132047:2024:expenditure:approved:0ba8a06340b6f441,assigned,04,retained,項,doboku-doro,
2024,expenditure,132047:2024:expenditure:approved:0ba9ac2e64dd66ef,assigned,09,retained,項,kyoiku-somu,
2024,expenditure,132047:2024:expenditure:approved:0bab44bf38b8a36b,assigned,10,retained,款,minsei,
2024,expenditure,132047:2024:expenditure:approved:0bb234e354ade7d4,assigned,04,retained,款,shoko,
2024,expenditure,132047:2024:expenditure:approved:0bcc9532073e6d53,assigned,10,retained,款,minsei,
2024,expenditure,132047:2024:expenditure:approved:0bcfd234cbc6d26c,assigned,06,retained,目,toshikeikaku-somu,
2024,expenditure,132047:2024:expenditure:approved:0bf871df300efb0b,assigned,05,retained,項,eisei-seiso,
2024,expenditure,132047:2024:expenditure:approved:0c01d6b9716ee415,assigned,01,retained,款,somu,
2024,expenditure,132047:2024:expenditure:approved:0c071daa4c9fb62e,assigned,08,retained,目,shogaigakushu-toshokan,
2024,expenditure,132047:2024:expenditure:approved:0c24d3f0c6ff5723,assigned,10,retained,款,minsei,
2024,expenditure,132047:2024:expenditure:approved:0c2be2f03cf11a7e,assigned,04,retained,款,norin,
2024,expenditure,132047:2024:expenditure:approved:0c377a6115750740,assigned,10,retained,会計,fund-kaigo-hoken,
2024,expenditure,132047:2024:expenditure:approved:0c3b91607621b23c,assigned,01,retained,款,somu,
2024,expenditure,132047:2024:expenditure:approved:0c4b743b3203b8cd,assigned,09,retained,項,kyoiku-somu,
2024,expenditure,132047:2024:expenditure:approved:0c5a90bf84bc4fc2,assigned,01,retained,款,somu,
2024,expenditure,132047:2024:expenditure:approved:0c5f760ebcf303e4,assigned,09,retained,項,kyoiku-somu,
2024,expenditure,132047:2024:expenditure:approved:0c6929726f9b8622,assigned,10,retained,款,minsei,
2024,expenditure,132047:2024:expenditure:approved:0c8ee82d7287e19c,assigned,01,retained,款,somu,
2024,expenditure,132047:2024:expenditure:approved:0c90280e914da938,assigned,10,retained,款,minsei,
2024,expenditure,132047:2024:expenditure:approved:0c9216fad17741c4,assigned,09,retained,目,shogaigakushu-other,
2024,expenditure,132047:2024:expenditure:approved:0c972b4f5f6047e8,assigned,09,retained,項,kyoiku-somu,
2024,expenditure,132047:2024:expenditure:approved:0ca01b3aa277b39f,assigned,10,retained,款,minsei,
2024,expenditure,132047:2024:expenditure:approved:0cb1bcbb3c63671c,assigned,10,retained,款,minsei,
2024,expenditure,132047:2024:expenditure:approved:0cb89ac295081a4d,assigned,04,retained,項,doboku-doro,
2024,expenditure,132047:2024:expenditure:approved:0cbf7dcf02cbc080,assigned,01,retained,款,somu,
2024,expenditure,132047:2024:expenditure:approved:0ce62d9a9d6afb9d,assigned,08,retained,項,kyoiku-sports,
2024,expenditure,132047:2024:expenditure:approved:0ce68219bd977fe1,assigned,04,retained,款,norin,
2024,expenditure,132047:2024:expenditure:approved:0cf0aacb955088ac,assigned,04,retained,項,doboku-kanri,
2024,expenditure,132047:2024:expenditure:approved:0cf3d9a13a1ed944,assigned,08,retained,項,kyoiku-sports,
2024,expenditure,132047:2024:expenditure:approved:0cf813a97e8e0f1b,assigned,09,retained,項,kyoiku-somu,
2024,expenditure,132047:2024:expenditure:approved:0cfac2587081937e,assigned,01,retained,款,somu,
2024,expenditure,132047:2024:expenditure:approved:0d1acc00f6354784,assigned,10,retained,款,minsei,
2024,expenditure,132047:2024:expenditure:approved:0d34fa82635e3fa6,assigned,10,retained,款,minsei,
2024,expenditure,132047:2024:expenditure:approved:0d363bd9af2bde3f,assigned,03,retained,款,shobo,
2024,expenditure,132047:2024:expenditure:approved:0d4595e141ac5c2b,assigned,04,retained,項,doboku-doro,
2024,expenditure,132047:2024:expenditure:approved:0d4e536f898ae91f,assigned,01,retained,款,somu,
2024,expenditure,132047:2024:expenditure:approved:0d6a802000a322c0,assigned,09,retained,目,shogaigakushu-other,
2024,expenditure,132047:2024:expenditure:approved:0d75220aa45568d0,assigned,07,retained,項,eisei-hoken,
2024,expenditure,132047:2024:expenditure:approved:0d7805cd7cef1999,assigned,01,retained,款,somu,
2024,expenditure,132047:2024:expenditure:approved:0dc3b8891fabc528,assigned,09,retained,項,kyoiku-somu,
2024,expenditure,132047:2024:expenditure:approved:0dd70ca1a2071538,assigned,09,retained,項,kyoiku-somu,
2024,expenditure,132047:2024:expenditure:approved:0df29a0cc86effab,assigned,04,retained,項,doboku-kanri,
2024,expenditure,132047:2024:expenditure:approved:0df66b6573e9b7b4,assigned,07,retained,項,eisei-hoken,
2024,expenditure,132047:2024:expenditure:approved:0df939dfc146ee59,assigned,09,retained,項,kyoiku-somu,
2024,expenditure,132047:2024:expenditure:approved:0dfa1ac4acaa5d15,assigned,10,retained,款,minsei,
2024,expenditure,132047:2024:expenditure:approved:0dfe112305317b10,assigned,04,retained,項,doboku-doro,
2024,expenditure,132047:2024:expenditure:approved:0e04f0af525c46d3,assigned,08,retained,目,toshikeikaku-kouen,
2024,expenditure,132047:2024:expenditure:approved:0e10c09499a21ca0,assigned,09,retained,目,shogaigakushu-other,
2024,expenditure,132047:2024:expenditure:approved:0e1f3a5df1c647ed,assigned,04,retained,項,doboku-kanri,
2024,expenditure,132047:2024:expenditure:approved:0e35fb3fa8817f91,assigned,08,retained,目,shogaigakushu-toshokan,
2024,expenditure,132047:2024:expenditure:approved:0e5e2fb4c65c0838,assigned,10,retained,款,minsei,
2024,expenditure,132047:2024:expenditure:approved:0e7c41eb2a3a8298,assigned,04,retained,款,norin,
2024,expenditure,132047:2024:expenditure:approved:0e8eac890a6d3099,assigned,04,retained,款,shoko,
2024,expenditure,132047:2024:expenditure:approved:0e9be611ab777259,assigned,03,retained,款,shobo,
2024,expenditure,132047:2024:expenditure:approved:0e9c54dedc9d582d,assigned,03,retained,款,shobo,
2024,expenditure,132047:2024:expenditure:approved:0ecbcc3f9c3f5d83,assigned,01,retained,款,somu,
2024,expenditure,132047:2024:expenditure:approved:0ed29a4fd4541249,assigned,09,retained,項,kyoiku-somu,
2024,expenditure,132047:2024:expenditure:approved:0eda9daabde03fc6,assigned,09,retained,項,kyoiku-somu,
2024,expenditure,132047:2024:expenditure:approved:0eed3f52c8b8ccf6,assigned,06,retained,目,toshikeikaku-somu,
2024,expenditure,132047:2024:expenditure:approved:0ef7e98d526847da,assigned,10,retained,款,minsei,
2024,expenditure,132047:2024:expenditure:approved:0f2de784a7b209ae,assigned,04,retained,款,shoko,
2024,expenditure,132047:2024:expenditure:approved:0f3635c65cf2011f,assigned,01,retained,款,somu,
2024,expenditure,132047:2024:expenditure:approved:0f4fdd2523a069d6,assigned,01,retained,款,somu,
2024,expenditure,132047:2024:expenditure:approved:0f61f0abc6d1e305,assigned,01,retained,款,somu,
2024,expenditure,132047:2024:expenditure:approved:0f62a2cc8b29bea2,assigned,01,retained,款,somu,
2024,expenditure,132047:2024:expenditure:approved:0f6e386c800fc385,assigned,08,retained,項,kyoiku-sports,
2024,expenditure,132047:2024:expenditure:approved:0f80055b696e6ff7,assigned,06,retained,項,doboku-jutaku,
2024,expenditure,132047:2024:expenditure:approved:0f86762dce6d0d97,assigned,01,retained,款,somu,
2024,expenditure,132047:2024:expenditure:approved:0fa5d58641400e37,assigned,08,retained,項,kyoiku-sports,
2024,expenditure,132047:2024:expenditure:approved:0fa9572ad7fbf2e2,assigned,06,retained,項,doboku-jutaku,
2024,expenditure,132047:2024:expenditure:approved:0faf27c89739a8bb,assigned,01,retained,款,somu,
2024,expenditure,132047:2024:expenditure:approved:0fb5e0326e43431e,assigned,10,retained,款,minsei,
2024,expenditure,132047:2024:expenditure:approved:0fc0c0157d464606,assigned,07,retained,項,eisei-hoken,
2024,expenditure,132047:2024:expenditure:approved:0fcef26ed3c6e6dc,assigned,06,retained,目,toshikeikaku-somu,
2024,expenditure,132047:2024:expenditure:approved:0fd8d48ece47f92a,assigned,05,retained,項,eisei-seiso,
2024,expenditure,132047:2024:expenditure:approved:0ff083d12d1a84eb,assigned,04,retained,款,shoko,
2024,expenditure,132047:2024:expenditure:approved:0ff5b994143dc298,assigned,04,retained,項,doboku-doro,
2024,expenditure,132047:2024:expenditure:approved:0ff7ea01fe999e1a,assigned,08,retained,目,toshikeikaku-kouen,
2024,expenditure,132047:2024:expenditure:approved:0ffcda8a68ab0ef4,assigned,01,retained,款,somu,
2024,expenditure,132047:2024:expenditure:approved:1017583c1418af9e,assigned,06,retained,目,toshikeikaku-somu,
2024,expenditure,132047:2024:expenditure:approved:101bba2c497f7cc1,assigned,01,retained,款,somu,
2024,expenditure,132047:2024:expenditure:approved:102161e0b977003a,assigned,07,retained,項,eisei-hoken,
2024,expenditure,132047:2024:expenditure:approved:1038c1943de36888,assigned,08,retained,目,shogaigakushu-toshokan,
2024,expenditure,132047:2024:expenditure:approved:1038e23f9930ca9c,assigned,01,retained,款,somu,
2024,expenditure,132047:2024:expenditure:approved:103b27872504a3f2,assigned,10,retained,款,minsei,
2024,expenditure,132047:2024:expenditure:approved:104d861d16afe42b,assigned,01,retained,款,gikai,
2024,expenditure,132047:2024:expenditure:approved:1071de932b302bdd,assigned,09,retained,目,shogaigakushu-other,
2024,expenditure,132047:2024:expenditure:approved:107b833e02ea6cf1,assigned,10,retained,款,minsei,
2024,expenditure,132047:2024:expenditure:approved:10886e72d0d747d6,assigned,09,retained,目,shogaigakushu-other,
2024,expenditure,132047:2024:expenditure:approved:1090439f00d32fe5,assigned,10,retained,款,minsei,
2024,expenditure,132047:2024:expenditure:approved:10a373468c29d8d9,assigned,04,retained,項,doboku-doro,
2024,expenditure,132047:2024:expenditure:approved:10aa8fe9168e4007,assigned,05,retained,項,eisei-seiso,
2024,expenditure,132047:2024:expenditure:approved:10af99aa2da83a37,assigned,07,retained,項,eisei-hoken,
2024,expenditure,132047:2024:expenditure:approved:10b358d5468f763e,assigned,09,retained,項,kyoiku-somu,
2024,expenditure,132047:2024:expenditure:approved:10b6de3268151844,assigned,01,retained,款,somu,
2024,expenditure,132047:2024:expenditure:approved:10b94a508a7aa1dd,assigned,10,retained,款,minsei,
2024,expenditure,132047:2024:expenditure:approved:10baec3c6be10e95,assigned,10,retained,款,minsei,
2024,expenditure,132047:2024:expenditure:approved:10c2018af10382b7,assigned,05,retained,項,eisei-seiso,
2024,expenditure,132047:2024:expenditure:approved:10c492f3ba1810ec,assigned,08,retained,目,toshikeikaku-kouen,
2024,expenditure,132047:2024:expenditure:approved:10d760f07b280d87,assigned,04,retained,款,shoko,
2024,expenditure,132047:2024:expenditure:approved:10dcd9329d72bcc6,assigned,10,retained,款,minsei,
2024,expenditure,132047:2024:expenditure:approved:10e61228f8c6075b,assigned,01,retained,款,somu,
2024,expenditure,132047:2024:expenditure:approved:10f54d5903a61e6b,assigned,01,retained,款,somu,
2024,expenditure,132047:2024:expenditure:approved:10f87022d43bba58,assigned,01,retained,款,somu,
2024,expenditure,132047:2024:expenditure:approved:10fda1b2708de38c,assigned,01,retained,款,somu,
2024,expenditure,132047:2024:expenditure:approved:1104c4d5fe87abc8,assigned,10,retained,款,minsei,
2024,expenditure,132047:2024:expenditure:approved:11352f68250f5ad2,assigned,01,retained,款,somu,
2024,expenditure,132047:2024:expenditure:approved:1165c285c995a6a2,assigned,10,retained,款,minsei,
2024,expenditure,132047:2024:expenditure:approved:1172e49dd62fe8ed,assigned,01,retained,款,somu,
2024,expenditure,132047:2024:expenditure:approved:117869b712278e79,assigned,10,retained,款,minsei,
2024,expenditure,132047:2024:expenditure:approved:118c7b6382d79273,assigned,01,retained,款,somu,
2024,expenditure,132047:2024:expenditure:approved:1195c9c56fd8b65d,assigned,10,retained,款,minsei,
2024,expenditure,132047:2024:expenditure:approved:11b5bfdbc088c41f,assigned,03,retained,款,shobo,
2024,expenditure,132047:2024:expenditure:approved:11b9eeaaae5061d9,assigned,10,retained,款,minsei,
2024,expenditure,132047:2024:expenditure:approved:11c5719990b84733,assigned,03,retained,款,shobo,
2024,expenditure,132047:2024:expenditure:approved:11d7fc1456da359e,assigned,10,retained,款,minsei,
2024,expenditure,132047:2024:expenditure:approved:11d9461ea58db1b6,assigned,09,retained,項,kyoiku-somu,
2024,expenditure,132047:2024:expenditure:approved:11d9da8808306f94,assigned,10,retained,会計,fund-kaigo-hoken,
2024,expenditure,132047:2024:expenditure:approved:11eb1bf4c2bceb5f,assigned,09,retained,項,kyoiku-somu,
2024,expenditure,132047:2024:expenditure:approved:11f858a77cb827b2,assigned,01,retained,款,somu,
2024,expenditure,132047:2024:expenditure:approved:120b3918c4430013,assigned,09,retained,項,kyoiku-somu,
2024,expenditure,132047:2024:expenditure:approved:120d46e1b0088c02,assigned,04,retained,項,doboku-doro,
2024,expenditure,132047:2024:expenditure:approved:120e478adc2d50a3,assigned,01,retained,款,somu,
2024,expenditure,132047:2024:expenditure:approved:121aabcc8742702e,assigned,08,retained,項,kyoiku-sports,
2024,expenditure,132047:2024:expenditure:approved:122491dfa991192a,assigned,07,retained,項,eisei-hoken,
2024,expenditure,132047:2024:expenditure:approved:122a341623b52f43,assigned,10,retained,款,minsei,
2024,expenditure,132047:2024:expenditure:approved:12434b3189235a39,assigned,06,retained,項,doboku-jutaku,
2024,expenditure,132047:2024:expenditure:approved:1243ea435189fbf2,assigned,10,retained,款,minsei,
2024,expenditure,132047:2024:expenditure:approved:1249d0ee7ee5fdc9,assigned,09,retained,項,kyoiku-somu,
2024,expenditure,132047:2024:expenditure:approved:124dddada80a3984,assigned,09,retained,項,kyoiku-somu,
2024,expenditure,132047:2024:expenditure:approved:125675e287a6ded9,assigned,10,retained,款,minsei,
2024,expenditure,132047:2024:expenditure:approved:1274d6a3bbc9397e,assigned,01,retained,款,somu,
2024,expenditure,132047:2024:expenditure:approved:1291fa1d01cc1d3f,assigned,10,retained,款,minsei,
2024,expenditure,132047:2024:expenditure:approved:129717c324c2147d,assigned,06,retained,目,toshikeikaku-somu,
2024,expenditure,132047:2024:expenditure:approved:129e222678fb8d42,assigned,10,retained,款,minsei,
2024,expenditure,132047:2024:expenditure:approved:12a1bd8c4ed18111,assigned,03,retained,款,shobo,
2024,expenditure,132047:2024:expenditure:approved:12b7653076bb6b70,assigned,08,retained,項,kyoiku-sports,
2024,expenditure,132047:2024:expenditure:approved:12c35b0c8c432cd5,assigned,01,retained,款,somu,
2024,expenditure,132047:2024:expenditure:approved:12c6ae41c0e870cc,assigned,01,retained,款,somu,
2024,expenditure,132047:2024:expenditure:approved:12c8dfaa7f9ca751,assigned,10,retained,款,minsei,
2024,expenditure,132047:2024:expenditure:approved:12e4ba85d9f85a2c,assigned,10,retained,款,minsei,
2024,expenditure,132047:2024:expenditure:approved:12f9e89f0a9fe654,assigned,08,retained,項,kyoiku-sports,
2024,expenditure,132047:2024:expenditure:approved:12ff05294359e963,assigned,06,retained,項,doboku-jutaku,
2024,expenditure,132047:2024:expenditure:approved:1300358173ab25b5,assigned,01,retained,款,somu,
2024,expenditure,132047:2024:expenditure:approved:1305edfceff71d73,assigned,09,retained,項,kyoiku-somu,
2024,expenditure,132047:2024:expenditure:approved:130aef7e5a705df6,assigned,01,retained,款,somu,
2024,expenditure,132047:2024:expenditure:approved:13246b8ba35e0c1a,assigned,10,retained,款,minsei,
2024,expenditure,132047:2024:expenditure:approved:132f6fa16c849bbb,assigned,08,retained,目,toshikeikaku-kouen,
2024,expenditure,132047:2024:expenditure:approved:134fb03cf452a92a,assigned,08,retained,項,kyoiku-sports,
2024,expenditure,132047:2024:expenditure:approved:13596d72f394a8a0,assigned,07,retained,項,eisei-hoken,
2024,expenditure,132047:2024:expenditure:approved:1364e2d7ed5e37a7,assigned,09,retained,目,shogaigakushu-other,
2024,expenditure,132047:2024:expenditure:approved:13784266776a13c1,assigned,01,retained,款,somu,
2024,expenditure,132047:2024:expenditure:approved:137fedf4dce55d23,assigned,08,retained,目,toshikeikaku-kouen,
2024,expenditure,132047:2024:expenditure:approved:13805bab9fc3a0f9,assigned,09,retained,項,kyoiku-somu,
2024,expenditure,132047:2024:expenditure:approved:1386fa31bf94b1ad,assigned,10,retained,款,minsei,
2024,expenditure,132047:2024:expenditure:approved:13985908bbc14b52,assigned,06,retained,項,doboku-jutaku,
2024,expenditure,132047:2024:expenditure:approved:13ab7eb47d6eaada,assigned,09,retained,項,kyoiku-somu,
2024,expenditure,132047:2024:expenditure:approved:13b80b93944a69d3,assigned,04,retained,項,doboku-kanri,
2024,expenditure,132047:2024:expenditure:approved:13bff4913694bedf,assigned,03,retained,款,shobo,
2024,expenditure,132047:2024:expenditure:approved:13c09fbd7ad8f273,assigned,10,retained,款,minsei,
2024,expenditure,132047:2024:expenditure:approved:13c1cd1a58bf9730,assigned,09,retained,項,kyoiku-somu,
2024,expenditure,132047:2024:expenditure:approved:13c91101c592670e,assigned,10,retained,款,minsei,
2024,expenditure,132047:2024:expenditure:approved:13d21b002f8b43ad,assigned,01,retained,款,somu,
2024,expenditure,132047:2024:expenditure:approved:13e4bc1f948a7fda,assigned,08,retained,項,kyoiku-sports,
2024,expenditure,132047:2024:expenditure:approved:13e7d55c2432bc71,assigned,08,retained,目,toshikeikaku-kouen,
2024,expenditure,132047:2024:expenditure:approved:13ff4f9270c41c4e,assigned,03,retained,款,shobo,
2024,expenditure,132047:2024:expenditure:approved:1402fa360557dcf9,assigned,10,retained,款,minsei,
2024,expenditure,132047:2024:expenditure:approved:140a5e1a1eecd572,assigned,01,retained,款,somu,
2024,expenditure,132047:2024:expenditure:approved:141087c9696c3955,assigned,09,retained,項,kyoiku-somu,
2024,expenditure,132047:2024:expenditure:approved:14174956f04e5e13,assigned,01,retained,款,somu,
2024,expenditure,132047:2024:expenditure:approved:141e8173b2cba8f6,assigned,09,retained,項,kyoiku-somu,
2024,expenditure,132047:2024:expenditure:approved:142dab703329a287,assigned,08,retained,項,kyoiku-sports,
2024,expenditure,132047:2024:expenditure:approved:1431bd14a5620470,assigned,01,retained,款,somu,
2024,expenditure,132047:2024:expenditure:approved:1436c5ee70b2ed68,assigned,04,retained,款,norin,
2024,expenditure,132047:2024:expenditure:approved:144009741b7a950c,assigned,01,retained,款,gikai,
2024,expenditure,132047:2024:expenditure:approved:14521bca988a96b9,assigned,08,retained,目,toshikeikaku-kouen,
2024,expenditure,132047:2024:expenditure:approved:145386b9aff1686d,assigned,08,retained,項,kyoiku-sports,
2024,expenditure,132047:2024:expenditure:approved:145e761f67787f07,assigned,09,retained,項,kyoiku-somu,
2024,expenditure,132047:2024:expenditure:approved:147ab3c59c524d90,assigned,04,retained,項,doboku-doro,
2024,expenditure,132047:2024:expenditure:approved:147e977ec3c69be0,assigned,10,retained,款,minsei,
2024,expenditure,132047:2024:expenditure:approved:14a1fc2c9529b984,assigned,01,retained,款,somu,
2024,expenditure,132047:2024:expenditure:approved:14baf6fa1e8e71ca,assigned,01,retained,款,somu,
2024,expenditure,132047:2024:expenditure:approved:14bdb5c8a74e44e8,assigned,01,retained,款,somu,
2024,expenditure,132047:2024:expenditure:approved:14e33361271e7c76,assigned,01,retained,款,somu,
2024,expenditure,132047:2024:expenditure:approved:14f442f07da41901,assigned,01,retained,款,somu,
2024,expenditure,132047:2024:expenditure:approved:14f4b9fb90a8986c,assigned,07,retained,項,eisei-hoken,
2024,expenditure,132047:2024:expenditure:approved:1504739d27be0a55,assigned,10,retained,款,minsei,
2024,expenditure,132047:2024:expenditure:approved:151c87fde547e5df,assigned,08,retained,目,toshikeikaku-kouen,
2024,expenditure,132047:2024:expenditure:approved:152b5a64d908d463,assigned,06,retained,目,toshikeikaku-somu,
2024,expenditure,132047:2024:expenditure:approved:1539131fdbc56fdd,assigned,10,retained,款,minsei,
2024,expenditure,132047:2024:expenditure:approved:15489c9e261b8e40,assigned,01,retained,款,somu,
2024,expenditure,132047:2024:expenditure:approved:1550e12e63a229f6,assigned,08,retained,項,kyoiku-sports,
2024,expenditure,132047:2024:expenditure:approved:1555956722847486,assigned,01,retained,款,somu,
2024,expenditure,132047:2024:expenditure:approved:156adcacfe2f2236,assigned,05,retained,項,eisei-seiso,
2024,expenditure,132047:2024:expenditure:approved:156b2d6008408fcc,assigned,07,retained,項,eisei-hoken,
2024,expenditure,132047:2024:expenditure:approved:156d81600735cf8b,assigned,07,retained,会計,fund-kokuho,
2024,expenditure,132047:2024:expenditure:approved:157205c3d84aab2a,assigned,09,retained,項,kyoiku-somu,
2024,expenditure,132047:2024:expenditure:approved:15745bf3f1221f25,assigned,03,retained,款,shobo,
2024,expenditure,132047:2024:expenditure:approved:157531da78e36ef8,assigned,08,retained,項,kyoiku-sports,
2024,expenditure,132047:2024:expenditure:approved:15755e080eb3f91c,assigned,04,retained,項,doboku-doro,
2024,expenditure,132047:2024:expenditure:approved:1577550df87228b1,assigned,01,retained,款,somu,
2024,expenditure,132047:2024:expenditure:approved:158e5f6c824da6e9,assigned,09,retained,目,shogaigakushu-other,
2024,expenditure,132047:2024:expenditure:approved:159bf78145e2e4d2,assigned,01,retained,款,somu,
2024,expenditure,132047:2024:expenditure:approved:15a7aaf68db04b61,assigned,09,retained,項,kyoiku-somu,
2024,expenditure,132047:2024:expenditure:approved:15adfb78c3b5c010,assigned,08,retained,目,toshikeikaku-kouen,
2024,expenditure,132047:2024:expenditure:approved:15b2aa438932101b,assigned,01,retained,款,somu,
2024,expenditure,132047:2024:expenditure:approved:15cc5520ce699589,assigned,01,retained,款,somu,
2024,expenditure,132047:2024:expenditure:approved:15d6918185176065,assigned,10,eliminated,目,transfer-kaigo-hoken,介護保険事業特別会計
2024,expenditure,132047:2024:expenditure:approved:15f3872367263f56,assigned,10,retained,款,minsei,
2024,expenditure,132047:2024:expenditure:approved:15f3ccfa2d14dea9,assigned,09,retained,項,kyoiku-somu,
2024,expenditure,132047:2024:expenditure:approved:15f82b571f12af2c,assigned,10,retained,款,minsei,
2024,expenditure,132047:2024:expenditure:approved:15fcc737bd0a33e0,assigned,10,retained,款,minsei,
2024,expenditure,132047:2024:expenditure:approved:16003925fbce3d37,assigned,03,retained,款,shobo,
2024,expenditure,132047:2024:expenditure:approved:1611bc24194ed5c2,assigned,10,retained,款,minsei,
2024,expenditure,132047:2024:expenditure:approved:161e407a2b240123,assigned,01,retained,款,somu,
2024,expenditure,132047:2024:expenditure:approved:1646dd33ef37c934,assigned,07,retained,項,eisei-hoken,
2024,expenditure,132047:2024:expenditure:approved:1656cbe1e3861940,assigned,01,retained,款,somu,
2024,expenditure,132047:2024:expenditure:approved:165cb2767b14b75f,assigned,10,retained,款,minsei,
2024,expenditure,132047:2024:expenditure:approved:167224552bd34a26,assigned,10,retained,款,minsei,
2024,expenditure,132047:2024:expenditure:approved:16800906db4ca54f,assigned,10,retained,款,minsei,
2024,expenditure,132047:2024:expenditure:approved:168446c189bc09d2,assigned,09,retained,目,shogaigakushu-other,
2024,expenditure,132047:2024:expenditure:approved:1684ab96bb751fa0,assigned,01,retained,款,somu,
2024,expenditure,132047:2024:expenditure:approved:1689c675f39c78b4,assigned,04,retained,款,shoko,
2024,expenditure,132047:2024:expenditure:approved:168d35627292a711,assigned,10,retained,款,minsei,
2024,expenditure,132047:2024:expenditure:approved:1690d824c7d7ec32,assigned,01,retained,款,somu,
2024,expenditure,132047:2024:expenditure:approved:16a1e7100e3282d1,assigned,09,retained,項,kyoiku-somu,
2024,expenditure,132047:2024:expenditure:approved:16dbf768737d7ab8,assigned,09,retained,項,kyoiku-somu,
2024,expenditure,132047:2024:expenditure:approved:16f12672ac3a90ab,assigned,09,retained,目,shogaigakushu-other,
2024,expenditure,132047:2024:expenditure:approved:16f7a47957782a83,assigned,01,retained,款,somu,
2024,expenditure,132047:2024:expenditure:approved:16f89c775ce1eb29,assigned,09,retained,項,kyoiku-somu,
2024,expenditure,132047:2024:expenditure:approved:16fbf1430e32c256,assigned,09,retained,項,kyoiku-somu,
2024,expenditure,132047:2024:expenditure:approved:16fd0414fedcdca7,assigned,01,retained,款,gikai,
2024,expenditure,132047:2024:expenditure:approved:1700ea16cfb39183,assigned,06,retained,項,doboku-jutaku,
2024,expenditure,132047:2024:expenditure:approved:170e4dee7f67b365,assigned,01,retained,款,somu,
2024,expenditure,132047:2024:expenditure:approved:17106e25595473c1,assigned,01,retained,款,somu,
2024,expenditure,132047:2024:expenditure:approved:171d121dc00ff1fd,assigned,04,retained,項,doboku-doro,
2024,expenditure,132047:2024:expenditure:approved:1742292c5eb7565d,assigned,07,retained,項,eisei-hoken,
2024,expenditure,132047:2024:expenditure:approved:17424c89431c7413,assigned,01,retained,款,somu,
2024,expenditure,132047:2024:expenditure:approved:174ae2dac4d5d02a,assigned,01,retained,款,somu,
2024,expenditure,132047:2024:expenditure:approved:1757209913afe106,assigned,05,retained,項,eisei-seiso,
2024,expenditure,132047:2024:expenditure:approved:1761a1e790eb9a96,assigned,10,retained,款,minsei,
2024,expenditure,132047:2024:expenditure:approved:17841afdd960e3e5,assigned,06,retained,目,toshikeikaku-somu,
2024,expenditure,132047:2024:expenditure:approved:178d07014a169c9f,assigned,01,retained,款,somu,
2024,expenditure,132047:2024:expenditure:approved:17925622494ab4ea,assigned,09,retained,項,kyoiku-somu,
2024,expenditure,132047:2024:expenditure:approved:1798315a9b157e7a,assigned,01,retained,款,somu,
2024,expenditure,132047:2024:expenditure:approved:17a2d302401ca7f3,assigned,08,retained,目,shogaigakushu-toshokan,
2024,expenditure,132047:2024:expenditure:approved:17a6377d7b74417b,assigned,09,retained,目,shogaigakushu-other,
2024,expenditure,132047:2024:expenditure:approved:17a86603723b70c3,assigned,06,retained,項,doboku-jutaku,
2024,expenditure,132047:2024:expenditure:approved:17cf4abd6e15553a,assigned,09,retained,項,kyoiku-somu,
2024,expenditure,132047:2024:expenditure:approved:17e0bbdb6130d57b,assigned,10,retained,款,minsei,
2024,expenditure,132047:2024:expenditure:approved:17e9e805e06195d9,assigned,01,retained,款,somu,
2024,expenditure,132047:2024:expenditure:approved:17ed7c4f467a8c60,assigned,03,retained,款,shobo,
2024,expenditure,132047:2024:expenditure:approved:17ee5a196dfbc3eb,assigned,10,retained,款,minsei,
2024,expenditure,132047:2024:expenditure:approved:17f68282334fc1db,assigned,04,retained,款,shoko,
2024,expenditure,132047:2024:expenditure:approved:17f8ff72d2893cf7,assigned,03,retained,款,shobo,
2024,expenditure,132047:2024:expenditure:approved:17fc55d1ec2e8660,assigned,10,retained,款,minsei,
2024,expenditure,132047:2024:expenditure:approved:180d8bcadfc4c120,assigned,10,retained,款,minsei,
2024,expenditure,132047:2024:expenditure:approved:1821ae99d08bcafd,assigned,10,retained,款,minsei,
2024,expenditure,132047:2024:expenditure:approved:18250dcbb945a2b5,assigned,01,retained,款,somu,
2024,expenditure,132047:2024:expenditure:approved:182b7520c62cb342,assigned,10,retained,款,minsei,
2024,expenditure,132047:2024:expenditure:approved:182cbaae0efd1a40,assigned,01,retained,款,somu,
2024,expenditure,132047:2024:expenditure:approved:1851b4f20fcd52e4,assigned,01,retained,目,debt-interest,
2024,expenditure,132047:2024:expenditure:approved:185650258cde0102,assigned,01,retained,款,somu,
2024,expenditure,132047:2024:expenditure:approved:18700f5d6df03321,assigned,09,retained,項,kyoiku-somu,
2024,expenditure,132047:2024:expenditure:approved:18760081888ff32c,assigned,10,retained,会計,fund-kaigo-hoken,
2024,expenditure,132047:2024:expenditure:approved:187b06c003d18d2f,assigned,09,retained,項,kyoiku-somu,
2024,expenditure,132047:2024:expenditure:approved:18905e914777c5b7,assigned,01,retained,款,somu,
2024,expenditure,132047:2024:expenditure:approved:18952419e1677981,assigned,01,retained,款,somu,
2024,expenditure,132047:2024:expenditure:approved:18aa253157fa844d,assigned,01,retained,款,somu,
2024,expenditure,132047:2024:expenditure:approved:18ad2d21ad20f342,assigned,05,retained,項,eisei-seiso,
2024,expenditure,132047:2024:expenditure:approved:18d472d93ea686d7,assigned,07,retained,項,eisei-hoken,
2024,expenditure,132047:2024:expenditure:approved:18e0747780439532,assigned,08,retained,項,kyoiku-sports,
2024,expenditure,132047:2024:expenditure:approved:18e2d95bd610adfb,assigned,04,retained,項,doboku-doro,
2024,expenditure,132047:2024:expenditure:approved:18e31141196cc87c,assigned,07,retained,項,eisei-hoken,
2024,expenditure,132047:2024:expenditure:approved:18e5ac3676f55bad,assigned,07,retained,項,eisei-hoken,
2024,expenditure,132047:2024:expenditure:approved:18e8dda009352fb1,assigned,09,retained,項,kyoiku-somu,
2024,expenditure,132047:2024:expenditure:approved:190e8edbc76d752f,out-of-scope,"",retained,節,fund-accumulation,
2024,expenditure,132047:2024:expenditure:approved:19148f1032db42c0,assigned,09,retained,項,kyoiku-somu,
2024,expenditure,132047:2024:expenditure:approved:191d97055c8ab469,assigned,09,retained,項,kyoiku-somu,
2024,expenditure,132047:2024:expenditure:approved:19376188c0599ab1,assigned,10,retained,款,minsei,
2024,expenditure,132047:2024:expenditure:approved:193844b951eeb68f,assigned,01,retained,款,somu,
2024,expenditure,132047:2024:expenditure:approved:1938d0e23af8eec5,assigned,10,retained,款,minsei,
2024,expenditure,132047:2024:expenditure:approved:193a8202f116b0f8,assigned,06,retained,項,doboku-jutaku,
2024,expenditure,132047:2024:expenditure:approved:1944149c9355bf9f,assigned,10,retained,款,minsei,
2024,expenditure,132047:2024:expenditure:approved:1963a1bb6676993f,assigned,10,retained,款,minsei,
2024,expenditure,132047:2024:expenditure:approved:1966c0496dacb391,assigned,01,retained,款,somu,
2024,expenditure,132047:2024:expenditure:approved:197db8d7049e85cd,assigned,10,retained,款,minsei,
2024,expenditure,132047:2024:expenditure:approved:198b69c23a4600a3,assigned,01,retained,款,somu,
2024,expenditure,132047:2024:expenditure:approved:19953047b53a7398,assigned,10,eliminated,目,transfer-kaigo-service,介護サービス事業特別会計
2024,expenditure,132047:2024:expenditure:approved:19960101e77441dd,assigned,10,retained,款,minsei,
2024,expenditure,132047:2024:expenditure:approved:199745ee35659f3c,assigned,10,retained,款,minsei,
2024,expenditure,132047:2024:expenditure:approved:19b2233733726231,assigned,10,retained,款,minsei,
2024,expenditure,132047:2024:expenditure:approved:19b2a10d0913542c,assigned,01,retained,款,somu,
2024,expenditure,132047:2024:expenditure:approved:19b3e03df016a3da,assigned,09,retained,項,kyoiku-somu,
2024,expenditure,132047:2024:expenditure:approved:19b8e4d96ebebe7e,assigned,04,retained,款,norin,
2024,expenditure,132047:2024:expenditure:approved:19c5faa9c4063f85,assigned,07,retained,会計,fund-kouki,
2024,expenditure,132047:2024:expenditure:approved:19caad5eb5823484,assigned,06,retained,目,toshikeikaku-somu,
2024,expenditure,132047:2024:expenditure:approved:19d9d06b4faa622d,assigned,09,retained,目,shogaigakushu-other,
2024,expenditure,132047:2024:expenditure:approved:19f0f39af17cd162,assigned,07,retained,会計,fund-kouki,
2024,expenditure,132047:2024:expenditure:approved:19f4c6d2dc4451e1,assigned,10,retained,款,minsei,
2024,expenditure,132047:2024:expenditure:approved:19f8cbf82b0e425e,assigned,03,retained,款,shobo,
2024,expenditure,132047:2024:expenditure:approved:19fe160350c785b2,assigned,10,retained,款,minsei,
2024,expenditure,132047:2024:expenditure:approved:1a1a393b414e6636,assigned,09,retained,項,kyoiku-somu,
2024,expenditure,132047:2024:expenditure:approved:1a1a5158ec081d62,assigned,04,retained,項,doboku-kanri,
2024,expenditure,132047:2024:expenditure:approved:1a1edc6165731095,assigned,09,retained,項,kyoiku-somu,
2024,expenditure,132047:2024:expenditure:approved:1a227b108a0423bd,assigned,01,retained,款,somu,
2024,expenditure,132047:2024:expenditure:approved:1a28387ca6ec8e5d,assigned,10,retained,款,minsei,
2024,expenditure,132047:2024:expenditure:approved:1a350e37fa6443c3,assigned,01,retained,款,somu,
2024,expenditure,132047:2024:expenditure:approved:1a35e648700e8f35,assigned,03,retained,款,shobo,
2024,expenditure,132047:2024:expenditure:approved:1a37bacdeb5a9244,assigned,10,retained,款,minsei,
2024,expenditure,132047:2024:expenditure:approved:1a38fbdce915a359,assigned,01,retained,款,somu,
2024,expenditure,132047:2024:expenditure:approved:1a48bce25aa4aa95,assigned,01,retained,款,somu,
2024,expenditure,132047:2024:expenditure:approved:1a5abdc65fd26d09,assigned,10,retained,款,minsei,
2024,expenditure,132047:2024:expenditure:approved:1a5d86a494da2dcf,assigned,09,retained,項,kyoiku-somu,
2024,expenditure,132047:2024:expenditure:approved:1a5fbc7756cacbc7,assigned,09,retained,目,shogaigakushu-other,
2024,expenditure,132047:2024:expenditure:approved:1a64deb610969bff,assigned,09,retained,項,kyoiku-somu,
2024,expenditure,132047:2024:expenditure:approved:1a6654c8614acdc4,assigned,09,retained,項,kyoiku-somu,
2024,expenditure,132047:2024:expenditure:approved:1a6ff7f3fd34999b,assigned,10,retained,款,minsei,
2024,expenditure,132047:2024:expenditure:approved:1a86212e1d68cf3e,assigned,07,retained,項,eisei-hoken,
2024,expenditure,132047:2024:expenditure:approved:1aa2dbde8f3ece8a,assigned,07,retained,項,eisei-hoken,
2024,expenditure,132047:2024:expenditure:approved:1aae30f994499523,assigned,09,retained,項,kyoiku-somu,
2024,expenditure,132047:2024:expenditure:approved:1ab7c308542cac5b,assigned,10,retained,款,minsei,
2024,expenditure,132047:2024:expenditure:approved:1abad024b130ec50,assigned,01,retained,款,gikai,
2024,expenditure,132047:2024:expenditure:approved:1ac4527f4bd951b9,assigned,01,retained,款,gikai,
2024,expenditure,132047:2024:expenditure:approved:1aed08f2f0755cf3,assigned,10,retained,款,minsei,
2024,expenditure,132047:2024:expenditure:approved:1af81470f07fe802,assigned,04,retained,項,doboku-kanri,
2024,expenditure,132047:2024:expenditure:approved:1b0102ca8173fb7d,assigned,06,retained,目,toshikeikaku-somu,
2024,expenditure,132047:2024:expenditure:approved:1b050a1522d6495c,assigned,01,retained,款,somu,
2024,expenditure,132047:2024:expenditure:approved:1b0bdbaa0f387201,assigned,09,retained,目,shogaigakushu-other,
2024,expenditure,132047:2024:expenditure:approved:1b0de5842cb6e52b,assigned,01,retained,款,somu,
2024,expenditure,132047:2024:expenditure:approved:1b1974d6021dfbdc,assigned,01,retained,款,gikai,
2024,expenditure,132047:2024:expenditure:approved:1b1f23c74a995c39,assigned,10,retained,款,minsei,
2024,expenditure,132047:2024:expenditure:approved:1b2812559d8b8bc4,assigned,09,retained,項,kyoiku-somu,
2024,expenditure,132047:2024:expenditure:approved:1b3782915f81335c,assigned,01,retained,款,somu,
2024,expenditure,132047:2024:expenditure:approved:1b3b3c81480ab8f9,assigned,09,retained,目,shogaigakushu-other,
2024,expenditure,132047:2024:expenditure:approved:1b5e69785da8646e,assigned,09,retained,目,shogaigakushu-other,
2024,expenditure,132047:2024:expenditure:approved:1b693a1c8ab4a4ab,assigned,09,retained,項,kyoiku-somu,
2024,expenditure,132047:2024:expenditure:approved:1b695f0823379065,assigned,09,retained,目,shogaigakushu-other,
2024,expenditure,132047:2024:expenditure:approved:1b6ec9f7629cef32,assigned,01,retained,款,somu,
2024,expenditure,132047:2024:expenditure:approved:1b8916b16fd41f6c,assigned,10,retained,款,minsei,
2024,expenditure,132047:2024:expenditure:approved:1b8bf24890330852,assigned,04,retained,款,shoko,
2024,expenditure,132047:2024:expenditure:approved:1baad81f70967b2d,assigned,09,retained,項,kyoiku-somu,
2024,expenditure,132047:2024:expenditure:approved:1bb7957397f4b660,assigned,01,retained,款,gikai,
2024,expenditure,132047:2024:expenditure:approved:1bc68d3e337c0d43,assigned,01,retained,款,somu,
2024,expenditure,132047:2024:expenditure:approved:1bc77bca417a28fc,assigned,08,retained,目,shogaigakushu-toshokan,
2024,expenditure,132047:2024:expenditure:approved:1bc79475d479ec4f,assigned,01,retained,款,somu,
2024,expenditure,132047:2024:expenditure:approved:1bd0612505e0917f,assigned,10,retained,款,minsei,
2024,expenditure,132047:2024:expenditure:approved:1bf41ade08f9f94d,assigned,01,retained,款,somu,
2024,expenditure,132047:2024:expenditure:approved:1bf7cf14bd797562,assigned,01,retained,款,somu,
2024,expenditure,132047:2024:expenditure:approved:1c33f37daff836a3,assigned,01,retained,款,somu,
2024,expenditure,132047:2024:expenditure:approved:1c3a99ac8962d6d5,assigned,10,retained,会計,fund-kaigo-hoken,
2024,expenditure,132047:2024:expenditure:approved:1c5c75f171187704,assigned,10,retained,款,minsei,
2024,expenditure,132047:2024:expenditure:approved:1c6b8ab5252e3ecb,assigned,10,retained,款,minsei,
2024,expenditure,132047:2024:expenditure:approved:1c6cc0041e4e52ba,assigned,01,retained,款,somu,
2024,expenditure,132047:2024:expenditure:approved:1c6f45319fd10907,assigned,06,retained,目,toshikeikaku-somu,
2024,expenditure,132047:2024:expenditure:approved:1c7295c9c6875c86,assigned,01,retained,款,somu,
2024,expenditure,132047:2024:expenditure:approved:1c80b241dc70b400,assigned,01,retained,款,somu,
2024,expenditure,132047:2024:expenditure:approved:1c8ed995a069dbf0,assigned,01,retained,款,somu,
2024,expenditure,132047:2024:expenditure:approved:1c982bf9741a2138,assigned,10,retained,款,minsei,
2024,expenditure,132047:2024:expenditure:approved:1caf29c08e92922f,assigned,01,retained,款,somu,
2024,expenditure,132047:2024:expenditure:approved:1cbd9836445b3be8,assigned,05,retained,項,eisei-seiso,
2024,expenditure,132047:2024:expenditure:approved:1cc2600ccee793fc,assigned,07,retained,会計,fund-kouki,
2024,expenditure,132047:2024:expenditure:approved:1ccfd004d898d919,assigned,03,retained,款,shobo,
2024,expenditure,132047:2024:expenditure:approved:1cdb928fbc140dca,assigned,10,retained,款,minsei,
2024,expenditure,132047:2024:expenditure:approved:1d0cb6b0fb1ff8f3,assigned,08,retained,目,toshikeikaku-kouen,
2024,expenditure,132047:2024:expenditure:approved:1d1546adeae6d6c4,assigned,07,retained,会計,fund-kokuho,
2024,expenditure,132047:2024:expenditure:approved:1d1af3b00a4b9f16,assigned,10,retained,会計,fund-kaigo-service,
2024,expenditure,132047:2024:expenditure:approved:1d1c4802c3b833b2,assigned,06,retained,項,doboku-jutaku,
2024,expenditure,132047:2024:expenditure:approved:1d2f04a53c0c5199,assigned,01,retained,款,somu,
2024,expenditure,132047:2024:expenditure:approved:1d315fe7a9c19ec7,assigned,03,retained,款,shobo,
2024,expenditure,132047:2024:expenditure:approved:1d37b6ad9b372f9e,assigned,10,retained,款,minsei,
2024,expenditure,132047:2024:expenditure:approved:1d3f02840a829d8d,assigned,04,retained,款,shoko,
2024,expenditure,132047:2024:expenditure:approved:1d4ddd382d511cf7,assigned,10,retained,款,minsei,
2024,expenditure,132047:2024:expenditure:approved:1d565b8c44e0dce5,assigned,10,retained,款,minsei,
2024,expenditure,132047:2024:expenditure:approved:1d693014b29bd371,assigned,04,retained,項,doboku-doro,
2024,expenditure,132047:2024:expenditure:approved:1d882485b5f20360,assigned,01,retained,款,somu,
2024,expenditure,132047:2024:expenditure:approved:1d8e6f1df51e4a38,assigned,01,retained,款,somu,
2024,expenditure,132047:2024:expenditure:approved:1d90ba1ca7f8c9e2,assigned,07,retained,項,eisei-hoken,
2024,expenditure,132047:2024:expenditure:approved:1d9351b3f62ff119,assigned,03,retained,款,shobo,
2024,expenditure,132047:2024:expenditure:approved:1da175f6d9042289,assigned,06,retained,目,toshikeikaku-somu,
2024,expenditure,132047:2024:expenditure:approved:1da5bd8a2928c0c3,assigned,08,retained,目,toshikeikaku-kouen,
2024,expenditure,132047:2024:expenditure:approved:1dc88acd0cd9e37d,assigned,04,retained,項,doboku-doro,
2024,expenditure,132047:2024:expenditure:approved:1de1097992669c89,assigned,10,retained,款,minsei,
2024,expenditure,132047:2024:expenditure:approved:1df406c7f5bf4d7b,assigned,06,retained,目,toshikeikaku-somu,
2024,expenditure,132047:2024:expenditure:approved:1e036bacb10b52f6,assigned,07,retained,項,eisei-hoken,
2024,expenditure,132047:2024:expenditure:approved:1e2c42e0c5aa1fa0,assigned,01,retained,款,somu,
2024,expenditure,132047:2024:expenditure:approved:1e2f52d0d8b2fe12,assigned,07,retained,項,eisei-hoken,
2024,expenditure,132047:2024:expenditure:approved:1e370da40b2fe12a,assigned,06,retained,項,doboku-jutaku,
2024,expenditure,132047:2024:expenditure:approved:1e37ec80bfdcaf01,assigned,10,retained,款,minsei,
2024,expenditure,132047:2024:expenditure:approved:1e43bd01db59e684,assigned,09,retained,項,kyoiku-somu,
2024,expenditure,132047:2024:expenditure:approved:1e44c20c86b14502,assigned,10,retained,款,minsei,
2024,expenditure,132047:2024:expenditure:approved:1e4f0b52915446f3,assigned,07,retained,項,eisei-hoken,
2024,expenditure,132047:2024:expenditure:approved:1e557a72b38a5584,assigned,10,retained,款,minsei,
2024,expenditure,132047:2024:expenditure:approved:1e5dff5eccbba261,assigned,01,retained,款,somu,
2024,expenditure,132047:2024:expenditure:approved:1e5e8ad99ad2559c,assigned,01,retained,款,somu,
2024,expenditure,132047:2024:expenditure:approved:1e5f5ad6452f2a7e,assigned,10,retained,款,minsei,
2024,expenditure,132047:2024:expenditure:approved:1e60696155764956,assigned,01,retained,款,somu,
2024,expenditure,132047:2024:expenditure:approved:1e61af7e137eadde,assigned,01,retained,款,somu,
2024,expenditure,132047:2024:expenditure:approved:1e7c65d4f43df719,assigned,09,retained,項,kyoiku-somu,
2024,expenditure,132047:2024:expenditure:approved:1e89e2f5ff1a0490,assigned,01,retained,款,somu,
2024,expenditure,132047:2024:expenditure:approved:1e8b8f4dc027362f,assigned,10,retained,款,minsei,
2024,expenditure,132047:2024:expenditure:approved:1e9388b7ea9d329b,assigned,08,retained,目,shogaigakushu-toshokan,
2024,expenditure,132047:2024:expenditure:approved:1e963bd251df549f,assigned,09,retained,項,kyoiku-somu,
2024,expenditure,132047:2024:expenditure:approved:1ead067d31008353,assigned,04,retained,款,shoko,
2024,expenditure,132047:2024:expenditure:approved:1ead3049d0ca3cb9,assigned,03,retained,款,shobo,
2024,expenditure,132047:2024:expenditure:approved:1ebc4459429a6533,assigned,04,retained,項,doboku-kanri,
2024,expenditure,132047:2024:expenditure:approved:1ec48d8eb75ea98a,assigned,09,retained,目,shogaigakushu-other,
2024,expenditure,132047:2024:expenditure:approved:1ec8a5b33881d3c3,assigned,07,eliminated,目,transfer-kokuho,国民健康保険事業特別会計
2024,expenditure,132047:2024:expenditure:approved:1ed46447a3144eaf,assigned,09,retained,項,kyoiku-somu,
2024,expenditure,132047:2024:expenditure:approved:1ed5c1ee372b177c,assigned,01,retained,款,somu,
2024,expenditure,132047:2024:expenditure:approved:1ededee22b06590c,assigned,10,retained,款,minsei,
2024,expenditure,132047:2024:expenditure:approved:1ef108c88565bd5b,assigned,09,retained,目,shogaigakushu-other,
2024,expenditure,132047:2024:expenditure:approved:1ef542a3046f1e9b,assigned,01,retained,款,somu,
2024,expenditure,132047:2024:expenditure:approved:1f02accaf4e719aa,assigned,06,retained,項,doboku-jutaku,
2024,expenditure,132047:2024:expenditure:approved:1f109fd540896c48,assigned,07,retained,項,eisei-hoken,
2024,expenditure,132047:2024:expenditure:approved:1f1390e72e52913a,assigned,09,retained,目,shogaigakushu-other,
2024,expenditure,132047:2024:expenditure:approved:1f1a4164696e98fe,assigned,04,retained,款,norin,
2024,expenditure,132047:2024:expenditure:approved:1f1a9a4faab840e4,assigned,01,retained,款,somu,
2024,expenditure,132047:2024:expenditure:approved:1f2164a6d13730c2,assigned,01,retained,款,somu,
2024,expenditure,132047:2024:expenditure:approved:1f283f5cec798454,assigned,10,retained,款,minsei,
2024,expenditure,132047:2024:expenditure:approved:1f30c65c9f4a3574,assigned,07,retained,項,eisei-hoken,
2024,expenditure,132047:2024:expenditure:approved:1f359959b1bbf515,assigned,04,retained,項,doboku-doro,
2024,expenditure,132047:2024:expenditure:approved:1f371b651a3ca433,assigned,10,retained,款,minsei,
2024,expenditure,132047:2024:expenditure:approved:1f3bbb4b47d3ca99,assigned,01,retained,款,somu,
2024,expenditure,132047:2024:expenditure:approved:1f3ccca4f6e1f398,assigned,07,retained,項,eisei-hoken,
2024,expenditure,132047:2024:expenditure:approved:1f62fc96ba76e9ee,assigned,01,retained,款,somu,
2024,expenditure,132047:2024:expenditure:approved:1f7615d0c4c8e581,assigned,03,retained,款,shobo,
2024,expenditure,132047:2024:expenditure:approved:1f7d27c295343059,assigned,10,retained,款,minsei,
2024,expenditure,132047:2024:expenditure:approved:1f882cefe6685231,assigned,09,retained,目,shogaigakushu-other,
2024,expenditure,132047:2024:expenditure:approved:1f9843d735b5676b,assigned,09,retained,項,kyoiku-somu,
2024,expenditure,132047:2024:expenditure:approved:1fa20a18ec8dacc4,assigned,10,retained,款,minsei,
2024,expenditure,132047:2024:expenditure:approved:1fb7f3113e0c6a2e,assigned,06,retained,項,doboku-jutaku,
2024,expenditure,132047:2024:expenditure:approved:1fba0209b647fa14,assigned,09,retained,項,kyoiku-somu,
2024,expenditure,132047:2024:expenditure:approved:1fc2c435e5f06121,assigned,10,retained,款,minsei,
2024,expenditure,132047:2024:expenditure:approved:1fcd7efa7c3061b1,assigned,08,retained,目,shogaigakushu-toshokan,
2024,expenditure,132047:2024:expenditure:approved:1fceb91c7c673c00,assigned,01,retained,款,somu,
2024,expenditure,132047:2024:expenditure:approved:1fdaabf1c9ccbe74,assigned,01,retained,款,somu,
2024,expenditure,132047:2024:expenditure:approved:1fe541aef783d052,assigned,09,retained,項,kyoiku-somu,
2024,expenditure,132047:2024:expenditure:approved:1ff7015dc1f336a9,assigned,10,retained,款,minsei,
2024,expenditure,132047:2024:expenditure:approved:20010034e9b7217f,assigned,01,retained,款,somu,
2024,expenditure,132047:2024:expenditure:approved:2004049c59fce69d,assigned,01,retained,款,somu,
2024,expenditure,132047:2024:expenditure:approved:2009bf21adabaa47,assigned,08,retained,目,toshikeikaku-kouen,
2024,expenditure,132047:2024:expenditure:approved:201020a5186cde87,assigned,10,retained,款,minsei,
2024,expenditure,132047:2024:expenditure:approved:2037058a37782f54,assigned,01,retained,款,somu,
2024,expenditure,132047:2024:expenditure:approved:2037930bef3b986a,assigned,10,retained,款,minsei,
2024,expenditure,132047:2024:expenditure:approved:2043438556f91630,assigned,08,retained,目,toshikeikaku-kouen,
2024,expenditure,132047:2024:expenditure:approved:2052e532c6e355f6,assigned,01,retained,款,somu,
2024,expenditure,132047:2024:expenditure:approved:20565540d5699ebe,assigned,01,retained,款,somu,
2024,expenditure,132047:2024:expenditure:approved:206726a5e51cb779,assigned,09,retained,目,shogaigakushu-other,
2024,expenditure,132047:2024:expenditure:approved:2074b46f386369d5,assigned,10,retained,款,minsei,
2024,expenditure,132047:2024:expenditure:approved:2078b05af4cbd3f4,assigned,10,retained,款,minsei,
2024,expenditure,132047:2024:expenditure:approved:207ba787c08ddf8e,assigned,01,retained,款,somu,
2024,expenditure,132047:2024:expenditure:approved:207be1c0799e7764,assigned,06,retained,目,toshikeikaku-somu,
2024,expenditure,132047:2024:expenditure:approved:20b743cef454126b,assigned,10,retained,款,minsei,
2024,expenditure,132047:2024:expenditure:approved:20be1f37a8b426a5,assigned,01,retained,款,somu,
2024,expenditure,132047:2024:expenditure:approved:20ce040024bc5c1b,assigned,01,retained,款,somu,
2024,expenditure,132047:2024:expenditure:approved:20dc3ee68d1fb894,assigned,01,retained,款,somu,
2024,expenditure,132047:2024:expenditure:approved:20e2f2d7be6b9af3,assigned,01,retained,款,somu,
2024,expenditure,132047:2024:expenditure:approved:20ea7872346e363a,assigned,10,retained,款,minsei,
2024,expenditure,132047:2024:expenditure:approved:20f8ccc510cd268e,assigned,10,retained,款,minsei,
2024,expenditure,132047:2024:expenditure:approved:210f69d72dc10a7e,assigned,01,retained,款,somu,
2024,expenditure,132047:2024:expenditure:approved:212e25601bc42ab9,assigned,07,retained,項,eisei-hoken,
2024,expenditure,132047:2024:expenditure:approved:214903e5989d28bd,assigned,04,retained,款,shoko,
2024,expenditure,132047:2024:expenditure:approved:2150a523009b6d07,assigned,10,retained,款,minsei,
2024,expenditure,132047:2024:expenditure:approved:2157c0ad58a03a32,assigned,09,retained,項,kyoiku-somu,
2024,expenditure,132047:2024:expenditure:approved:2160d7d2badaafe3,assigned,04,retained,款,shoko,
2024,expenditure,132047:2024:expenditure:approved:21935cf7ab1f61c4,assigned,01,retained,款,somu,
2024,expenditure,132047:2024:expenditure:approved:21aa834935828e61,assigned,10,retained,款,minsei,
2024,expenditure,132047:2024:expenditure:approved:21c53dd05d66302f,assigned,10,retained,款,minsei,
2024,expenditure,132047:2024:expenditure:approved:21d963d819734be9,assigned,10,retained,款,minsei,
2024,expenditure,132047:2024:expenditure:approved:21de9d29444b3c4b,assigned,10,retained,款,minsei,
2024,expenditure,132047:2024:expenditure:approved:21e209011bdb3a25,assigned,08,retained,目,toshikeikaku-kouen,
2024,expenditure,132047:2024:expenditure:approved:21e4ee671cc0042f,assigned,04,retained,款,norin,
2024,expenditure,132047:2024:expenditure:approved:21ff5b7ca73ef918,assigned,01,retained,款,somu,
2024,expenditure,132047:2024:expenditure:approved:220a585a1a5baa18,assigned,07,retained,項,eisei-hoken,
2024,expenditure,132047:2024:expenditure:approved:220a620e1d5c4521,assigned,01,retained,款,somu,
2024,expenditure,132047:2024:expenditure:approved:222142e5e77dfaa8,assigned,08,retained,目,shogaigakushu-toshokan,
2024,expenditure,132047:2024:expenditure:approved:22240543799db331,assigned,10,retained,会計,fund-kaigo-hoken,
2024,expenditure,132047:2024:expenditure:approved:2237a652ac35cef3,assigned,10,retained,款,minsei,
2024,expenditure,132047:2024:expenditure:approved:2244192151b67b2d,assigned,10,retained,款,minsei,
2024,expenditure,132047:2024:expenditure:approved:22461c4208bdc002,assigned,08,retained,目,shogaigakushu-toshokan,
2024,expenditure,132047:2024:expenditure:approved:225237ba5ad2a598,assigned,07,retained,項,eisei-hoken,
2024,expenditure,132047:2024:expenditure:approved:22550609660d61de,assigned,06,retained,目,toshikeikaku-somu,
2024,expenditure,132047:2024:expenditure:approved:2259d7f49f5bfccf,assigned,07,eliminated,目,transfer-kokuho,国民健康保険事業特別会計
2024,expenditure,132047:2024:expenditure:approved:225c186ee95650ec,assigned,10,retained,款,minsei,
2024,expenditure,132047:2024:expenditure:approved:225d7e2a594fe9bd,assigned,07,retained,項,eisei-hoken,
2024,expenditure,132047:2024:expenditure:approved:225e3b4df654e90e,assigned,06,retained,項,doboku-jutaku,
2024,expenditure,132047:2024:expenditure:approved:22654ade27de7f59,assigned,06,retained,目,toshikeikaku-somu,
2024,expenditure,132047:2024:expenditure:approved:226bb61b25771fa1,assigned,06,retained,目,toshikeikaku-somu,
2024,expenditure,132047:2024:expenditure:approved:22914574f7c88ce3,assigned,09,retained,項,kyoiku-somu,
2024,expenditure,132047:2024:expenditure:approved:2291f66d0804ac17,assigned,10,retained,款,minsei,
2024,expenditure,132047:2024:expenditure:approved:2292ecacceca7a9e,assigned,08,retained,目,toshikeikaku-kouen,
2024,expenditure,132047:2024:expenditure:approved:2293aa2201f800ee,assigned,07,retained,項,eisei-hoken,
2024,expenditure,132047:2024:expenditure:approved:22b3bf4a11260e6e,assigned,09,retained,目,shogaigakushu-other,
2024,expenditure,132047:2024:expenditure:approved:22be2d21be1eaee4,assigned,05,retained,項,eisei-seiso,
2024,expenditure,132047:2024:expenditure:approved:22c9995d22672779,assigned,09,retained,項,kyoiku-somu,
2024,expenditure,132047:2024:expenditure:approved:22d0190ece7b0e9d,assigned,09,retained,項,kyoiku-somu,
2024,expenditure,132047:2024:expenditure:approved:22e414caf522c2f1,assigned,09,retained,目,shogaigakushu-other,
2024,expenditure,132047:2024:expenditure:approved:22e5fd5ee96be602,assigned,09,retained,項,kyoiku-somu,
2024,expenditure,132047:2024:expenditure:approved:230697634300a62b,assigned,10,retained,款,minsei,
2024,expenditure,132047:2024:expenditure:approved:231400ac882aeda4,assigned,10,retained,款,minsei,
2024,expenditure,132047:2024:expenditure:approved:23159d1939dfb9a9,assigned,01,retained,款,somu,
2024,expenditure,132047:2024:expenditure:approved:234ce6869e92fbfb,assigned,08,retained,目,shogaigakushu-toshokan,
2024,expenditure,132047:2024:expenditure:approved:234e278635f488bf,assigned,04,retained,款,norin,
2024,expenditure,132047:2024:expenditure:approved:23607011343f8c3c,assigned,04,retained,款,shoko,
2024,expenditure,132047:2024:expenditure:approved:2365472122e16f27,assigned,01,retained,款,somu,
2024,expenditure,132047:2024:expenditure:approved:237547a9f0602511,assigned,04,retained,項,doboku-doro,
2024,expenditure,132047:2024:expenditure:approved:2377f1fc278222f5,assigned,10,retained,款,minsei,
2024,expenditure,132047:2024:expenditure:approved:237b6d37ecf96254,assigned,09,retained,目,shogaigakushu-other,
2024,expenditure,132047:2024:expenditure:approved:2388e3a0f14dc8d3,assigned,01,retained,款,somu,
2024,expenditure,132047:2024:expenditure:approved:238bf72bdf284607,assigned,01,retained,款,somu,
2024,expenditure,132047:2024:expenditure:approved:238c86968dfc6cf4,assigned,08,retained,目,toshikeikaku-kouen,
2024,expenditure,132047:2024:expenditure:approved:238faaddd8f07eaa,assigned,09,retained,項,kyoiku-somu,
2024,expenditure,132047:2024:expenditure:approved:23a07cfda0ff9dd5,assigned,01,retained,款,somu,
2024,expenditure,132047:2024:expenditure:approved:23a4c031bab58974,assigned,06,retained,目,toshikeikaku-somu,
2024,expenditure,132047:2024:expenditure:approved:23a93b391bb7d00a,assigned,09,retained,項,kyoiku-somu,
2024,expenditure,132047:2024:expenditure:approved:23ae1fc7e2c49b60,assigned,01,retained,款,somu,
2024,expenditure,132047:2024:expenditure:approved:23bfb4b65b07b59b,assigned,01,retained,款,somu,
2024,expenditure,132047:2024:expenditure:approved:23c05d0a706ba034,assigned,10,retained,款,minsei,
2024,expenditure,132047:2024:expenditure:approved:23d49fa2387040ef,assigned,10,retained,款,minsei,
2024,expenditure,132047:2024:expenditure:approved:23dcad6e48f2196d,assigned,10,retained,款,minsei,
2024,expenditure,132047:2024:expenditure:approved:23dd31b4f1d9bcea,assigned,09,retained,項,kyoiku-somu,
2024,expenditure,132047:2024:expenditure:approved:23e67b229b5c353a,assigned,01,retained,款,somu,
2024,expenditure,132047:2024:expenditure:approved:23efd12f390ad99b,assigned,04,retained,款,norin,
2024,expenditure,132047:2024:expenditure:approved:23fcc495532c6c0e,assigned,09,retained,項,kyoiku-somu,
2024,expenditure,132047:2024:expenditure:approved:23fdcb8ecfcd5c7d,assigned,04,retained,項,doboku-doro,
2024,expenditure,132047:2024:expenditure:approved:240687114f66d355,assigned,01,retained,款,somu,
2024,expenditure,132047:2024:expenditure:approved:24078cf020fda6d8,assigned,08,retained,目,toshikeikaku-kouen,
2024,expenditure,132047:2024:expenditure:approved:241ddc6e3bf393c6,assigned,01,retained,款,somu,
2024,expenditure,132047:2024:expenditure:approved:243c32309cccfb27,assigned,01,retained,款,somu,
2024,expenditure,132047:2024:expenditure:approved:2445e77fe893808d,assigned,01,retained,款,somu,
2024,expenditure,132047:2024:expenditure:approved:244db13c9692f609,assigned,04,retained,款,norin,
2024,expenditure,132047:2024:expenditure:approved:246d6f58d631d578,assigned,09,retained,項,kyoiku-somu,
2024,expenditure,132047:2024:expenditure:approved:248565e88f565262,assigned,10,retained,会計,fund-kaigo-hoken,
2024,expenditure,132047:2024:expenditure:approved:24895faecbe25be2,assigned,09,retained,項,kyoiku-somu,
2024,expenditure,132047:2024:expenditure:approved:248c868704a1e0e4,assigned,01,retained,款,somu,
2024,expenditure,132047:2024:expenditure:approved:2493bd86d0cc5ce1,assigned,09,retained,項,kyoiku-somu,
2024,expenditure,132047:2024:expenditure:approved:24a113f5297ce1d6,assigned,07,retained,項,eisei-hoken,
2024,expenditure,132047:2024:expenditure:approved:24a9a1d858af817f,assigned,03,retained,款,shobo,
2024,expenditure,132047:2024:expenditure:approved:24ae167c38596f70,assigned,06,retained,目,toshikeikaku-somu,
2024,expenditure,132047:2024:expenditure:approved:24c3283bb2f0afe3,assigned,01,retained,款,gikai,
2024,expenditure,132047:2024:expenditure:approved:24c5ce3182fb7ab6,assigned,01,retained,款,somu,
2024,expenditure,132047:2024:expenditure:approved:24db9cd53e705689,assigned,10,retained,款,minsei,
2024,expenditure,132047:2024:expenditure:approved:24df544d1961b6e6,assigned,01,retained,款,somu,
2024,expenditure,132047:2024:expenditure:approved:24e2118c8844767c,assigned,07,retained,会計,fund-kokuho,
2024,expenditure,132047:2024:expenditure:approved:24f5283e25c7903f,assigned,07,retained,項,eisei-hoken,
2024,expenditure,132047:2024:expenditure:approved:24f6110f7915e55d,assigned,10,retained,款,minsei,
2024,expenditure,132047:2024:expenditure:approved:24fbfc83e057a1e0,assigned,06,retained,項,doboku-jutaku,
2024,expenditure,132047:2024:expenditure:approved:250d2696d2428450,assigned,06,retained,項,doboku-jutaku,
2024,expenditure,132047:2024:expenditure:approved:250ec42beb0b1847,assigned,10,retained,款,minsei,
2024,expenditure,132047:2024:expenditure:approved:251a33b1e27a2a78,assigned,04,retained,款,shoko,
2024,expenditure,132047:2024:expenditure:approved:251c5dba58cf038d,assigned,04,retained,項,doboku-kanri,
2024,expenditure,132047:2024:expenditure:approved:251e43fda52b6e03,assigned,10,retained,款,minsei,
2024,expenditure,132047:2024:expenditure:approved:25216e2a78ae0028,assigned,10,retained,款,minsei,
2024,expenditure,132047:2024:expenditure:approved:252c0194c0701b42,assigned,06,retained,目,toshikeikaku-somu,
2024,expenditure,132047:2024:expenditure:approved:253658c93a116924,assigned,10,retained,款,minsei,
2024,expenditure,132047:2024:expenditure:approved:25397d63fa5bbd2b,assigned,03,retained,款,shobo,
2024,expenditure,132047:2024:expenditure:approved:253aa15e1f8defe1,assigned,01,retained,款,somu,
2024,expenditure,132047:2024:expenditure:approved:253db316fa98d204,assigned,01,retained,款,somu,
2024,expenditure,132047:2024:expenditure:approved:2544913324c544e8,assigned,09,retained,項,kyoiku-somu,
2024,expenditure,132047:2024:expenditure:approved:25487f716e72665b,assigned,01,retained,款,somu,
2024,expenditure,132047:2024:expenditure:approved:25504111bd11b607,assigned,07,retained,項,eisei-hoken,
2024,expenditure,132047:2024:expenditure:approved:25598c9df4920e25,assigned,09,retained,項,kyoiku-somu,
2024,expenditure,132047:2024:expenditure:approved:2567796a45d510ec,assigned,10,retained,款,minsei,
2024,expenditure,132047:2024:expenditure:approved:25715c9850074ac2,assigned,01,retained,款,somu,
2024,expenditure,132047:2024:expenditure:approved:257b05c411810b30,assigned,09,retained,項,kyoiku-somu,
2024,expenditure,132047:2024:expenditure:approved:25914dd9c4222d72,assigned,04,retained,項,doboku-doro,
2024,expenditure,132047:2024:expenditure:approved:259ad786c7cacf9d,assigned,07,retained,項,eisei-hoken,
2024,expenditure,132047:2024:expenditure:approved:25a43485e9d31ba0,assigned,01,retained,款,somu,
2024,expenditure,132047:2024:expenditure:approved:25a94df40dd265fb,assigned,07,retained,項,eisei-hoken,
2024,expenditure,132047:2024:expenditure:approved:25abaf8426529b10,assigned,07,retained,項,eisei-hoken,
2024,expenditure,132047:2024:expenditure:approved:25d0f24f48e82714,assigned,01,retained,款,somu,
2024,expenditure,132047:2024:expenditure:approved:25d4f71af2dcbe18,assigned,09,retained,項,kyoiku-somu,
2024,expenditure,132047:2024:expenditure:approved:25dfcf4ebf7aea71,assigned,09,retained,目,shogaigakushu-other,
2024,expenditure,132047:2024:expenditure:approved:25e1e014365c79bf,assigned,03,retained,款,shobo,
2024,expenditure,132047:2024:expenditure:approved:25ecbe30c3def2cc,assigned,01,retained,款,somu,
2024,expenditure,132047:2024:expenditure:approved:2601524602a0ab5a,assigned,04,retained,項,doboku-kanri,
2024,expenditure,132047:2024:expenditure:approved:2603a3979e2e5f81,assigned,01,retained,款,somu,
2024,expenditure,132047:2024:expenditure:approved:2641f9dfc88c659f,assigned,07,retained,項,eisei-hoken,
2024,expenditure,132047:2024:expenditure:approved:26494df9ea005f05,assigned,09,retained,項,kyoiku-somu,
2024,expenditure,132047:2024:expenditure:approved:26507650af038dc5,assigned,07,retained,項,eisei-hoken,
2024,expenditure,132047:2024:expenditure:approved:26727c5e00a68fc5,assigned,10,retained,款,minsei,
2024,expenditure,132047:2024:expenditure:approved:2672dbc33f145e30,assigned,07,retained,項,eisei-hoken,
2024,expenditure,132047:2024:expenditure:approved:267a4c5e30cf500b,assigned,03,retained,款,shobo,
2024,expenditure,132047:2024:expenditure:approved:267f9a615009de06,assigned,10,retained,款,minsei,
2024,expenditure,132047:2024:expenditure:approved:268cc445ee0d2bc7,assigned,06,retained,目,toshikeikaku-somu,
2024,expenditure,132047:2024:expenditure:approved:269bc5dc87ace910,assigned,10,retained,款,minsei,
2024,expenditure,132047:2024:expenditure:approved:26a8c23c41d272ba,out-of-scope,"",retained,節,fund-accumulation,
2024,expenditure,132047:2024:expenditure:approved:26b426153774d06d,assigned,06,retained,項,doboku-jutaku,
2024,expenditure,132047:2024:expenditure:approved:26b62c6751244991,assigned,06,retained,目,toshikeikaku-somu,
2024,expenditure,132047:2024:expenditure:approved:26b91c412d3a9d71,assigned,01,retained,款,somu,
2024,expenditure,132047:2024:expenditure:approved:26c2983e51325cc5,assigned,10,retained,款,minsei,
2024,expenditure,132047:2024:expenditure:approved:26c75fced45ece50,assigned,03,retained,款,shobo,
2024,expenditure,132047:2024:expenditure:approved:26e0ea2d5239eebe,assigned,05,retained,項,eisei-seiso,
2024,expenditure,132047:2024:expenditure:approved:26e54d5065641f7a,assigned,04,retained,項,doboku-kanri,
2024,expenditure,132047:2024:expenditure:approved:26e7e0b61c84d28a,assigned,06,retained,目,toshikeikaku-somu,
2024,expenditure,132047:2024:expenditure:approved:26f3df1ad8646e19,assigned,07,retained,項,eisei-hoken,
2024,expenditure,132047:2024:expenditure:approved:26f994507ed7d2cc,assigned,01,retained,款,somu,
2024,expenditure,132047:2024:expenditure:approved:270329b33d61fcf4,assigned,04,retained,款,rodo,
2024,expenditure,132047:2024:expenditure:approved:270458937b9abff7,assigned,10,retained,款,minsei,
2024,expenditure,132047:2024:expenditure:approved:270809cbcd1d8139,assigned,10,retained,款,minsei,
2024,expenditure,132047:2024:expenditure:approved:271e64192d98cadb,assigned,09,retained,項,kyoiku-somu,
2024,expenditure,132047:2024:expenditure:approved:272078309cf8e00f,assigned,07,retained,項,eisei-hoken,
2024,expenditure,132047:2024:expenditure:approved:272b1eaa239c5e07,assigned,10,retained,款,minsei,
2024,expenditure,132047:2024:expenditure:approved:274831c2ba976399,assigned,04,retained,項,doboku-doro,
2024,expenditure,132047:2024:expenditure:approved:274c4bbe0eefd35d,assigned,03,retained,款,shobo,
2024,expenditure,132047:2024:expenditure:approved:27500648b40b0a2d,assigned,07,retained,項,eisei-hoken,
2024,expenditure,132047:2024:expenditure:approved:275bf2c6fe330f8f,assigned,06,retained,目,toshikeikaku-somu,
2024,expenditure,132047:2024:expenditure:approved:27643cbfcde2bef2,assigned,05,retained,項,eisei-seiso,
2024,expenditure,132047:2024:expenditure:approved:2772dfd5b7d72977,assigned,10,retained,款,minsei,
2024,expenditure,132047:2024:expenditure:approved:27740f3c4d35a6f5,assigned,01,retained,款,somu,
2024,expenditure,132047:2024:expenditure:approved:2781dbc19b63457a,assigned,07,retained,項,eisei-hoken,
2024,expenditure,132047:2024:expenditure:approved:27a0aec878f5378b,assigned,09,retained,項,kyoiku-somu,
2024,expenditure,132047:2024:expenditure:approved:27b90544ed455652,assigned,09,retained,項,kyoiku-somu,
2024,expenditure,132047:2024:expenditure:approved:27d9eb56e54d0b8b,assigned,01,retained,款,somu,
2024,expenditure,132047:2024:expenditure:approved:27ecb75368f1cdf2,assigned,10,retained,款,minsei,
2024,expenditure,132047:2024:expenditure:approved:27eccc374c1c9b7a,assigned,01,retained,款,somu,
2024,expenditure,132047:2024:expenditure:approved:27f3365e2d3b81e1,assigned,09,retained,目,shogaigakushu-other,
2024,expenditure,132047:2024:expenditure:approved:27f8dcc2bd5f9b83,assigned,09,retained,目,shogaigakushu-other,
2024,expenditure,132047:2024:expenditure:approved:2819303c62d589fe,assigned,01,retained,款,gikai,
2024,expenditure,132047:2024:expenditure:approved:281ec508a46e7bea,assigned,01,retained,款,somu,
2024,expenditure,132047:2024:expenditure:approved:283bd32e62c83e2d,assigned,10,retained,款,minsei,
2024,expenditure,132047:2024:expenditure:approved:284d428acde8bbb4,assigned,01,retained,款,somu,
2024,expenditure,132047:2024:expenditure:approved:284e29886584cefd,assigned,01,retained,款,somu,
2024,expenditure,132047:2024:expenditure:approved:284f3b7f184497c9,assigned,09,retained,目,shogaigakushu-other,
2024,expenditure,132047:2024:expenditure:approved:28542ce9e7b8a108,assigned,04,retained,款,shoko,
2024,expenditure,132047:2024:expenditure:approved:285ad13a621f369c,assigned,04,retained,項,doboku-kanri,
2024,expenditure,132047:2024:expenditure:approved:285e3f28517352ff,assigned,08,retained,目,toshikeikaku-kouen,
2024,expenditure,132047:2024:expenditure:approved:28770d85ef5d806a,assigned,09,retained,項,kyoiku-somu,
2024,expenditure,132047:2024:expenditure:approved:288a23bc78ed511a,assigned,07,retained,項,eisei-hoken,
2024,expenditure,132047:2024:expenditure:approved:288e3b629caa2011,assigned,07,retained,項,eisei-hoken,
2024,expenditure,132047:2024:expenditure:approved:288e7e3e7ac0c345,assigned,09,retained,項,kyoiku-somu,
2024,expenditure,132047:2024:expenditure:approved:28991bd2e8064e49,assigned,01,retained,款,somu,
2024,expenditure,132047:2024:expenditure:approved:289b1c14f3e306e4,assigned,01,retained,款,somu,
2024,expenditure,132047:2024:expenditure:approved:28c93f60e54381af,assigned,05,retained,項,eisei-seiso,
2024,expenditure,132047:2024:expenditure:approved:28cffee8d82328eb,assigned,09,retained,項,kyoiku-somu,
2024,expenditure,132047:2024:expenditure:approved:28d396b1781f71fc,assigned,07,retained,項,eisei-hoken,
2024,expenditure,132047:2024:expenditure:approved:28dda47553e3b088,assigned,10,retained,会計,fund-kaigo-hoken,
2024,expenditure,132047:2024:expenditure:approved:28e0d623e3949a01,assigned,10,retained,款,minsei,
2024,expenditure,132047:2024:expenditure:approved:28e58c2ba0353b37,assigned,04,retained,項,doboku-doro,
2024,expenditure,132047:2024:expenditure:approved:28eb8273ae0a24ee,assigned,01,retained,款,somu,
2024,expenditure,132047:2024:expenditure:approved:28f60e39a18dd6c2,assigned,07,retained,項,eisei-hoken,
2024,expenditure,132047:2024:expenditure:approved:28f6c98e8106b491,assigned,01,retained,款,somu,
2024,expenditure,132047:2024:expenditure:approved:2903a08672a6bad5,assigned,01,retained,款,somu,
2024,expenditure,132047:2024:expenditure:approved:29045347cf934e5b,assigned,10,retained,款,minsei,
2024,expenditure,132047:2024:expenditure:approved:290755bf5274f800,assigned,09,retained,目,shogaigakushu-other,
2024,expenditure,132047:2024:expenditure:approved:2908f5a383fe2089,assigned,10,retained,款,minsei,
2024,expenditure,132047:2024:expenditure:approved:290fa33c56ddf229,assigned,08,retained,目,toshikeikaku-kouen,
2024,expenditure,132047:2024:expenditure:approved:291af028d13398cd,assigned,10,retained,款,minsei,
2024,expenditure,132047:2024:expenditure:approved:291df65226672394,assigned,01,retained,款,somu,
2024,expenditure,132047:2024:expenditure:approved:291ffe0deff3c828,assigned,09,retained,項,kyoiku-somu,
2024,expenditure,132047:2024:expenditure:approved:29292e40f3d66dac,assigned,07,retained,項,eisei-hoken,
2024,expenditure,132047:2024:expenditure:approved:29348e15da268cd8,assigned,09,retained,項,kyoiku-somu,
2024,expenditure,132047:2024:expenditure:approved:293f44e9f4aac5e5,assigned,01,retained,款,somu,
2024,expenditure,132047:2024:expenditure:approved:2943d2a687ba762b,assigned,05,retained,項,eisei-seiso,
2024,expenditure,132047:2024:expenditure:approved:2953b7234decd8f5,assigned,01,retained,款,somu,
2024,expenditure,132047:2024:expenditure:approved:2957377da1d6e42c,assigned,08,retained,目,toshikeikaku-kouen,
2024,expenditure,132047:2024:expenditure:approved:295c4bf22cc09b7f,assigned,07,retained,項,eisei-hoken,
2024,expenditure,132047:2024:expenditure:approved:2961c8ca79850f1a,assigned,01,retained,款,somu,
2024,expenditure,132047:2024:expenditure:approved:2962df60cf196013,assigned,04,retained,項,doboku-kanri,
2024,expenditure,132047:2024:expenditure:approved:2973f0aa4e88fb2c,assigned,09,retained,目,shogaigakushu-other,
2024,expenditure,132047:2024:expenditure:approved:2977ab4b7f944d6b,assigned,04,retained,項,doboku-doro,
2024,expenditure,132047:2024:expenditure:approved:2979bed43d870988,assigned,01,retained,款,somu,
2024,expenditure,132047:2024:expenditure:approved:297bf5cd8c4f8cea,assigned,06,retained,目,toshikeikaku-somu,
2024,expenditure,132047:2024:expenditure:approved:297f51fb31237544,assigned,01,retained,款,somu,
2024,expenditure,132047:2024:expenditure:approved:2985094e66be6455,assigned,01,retained,款,somu,
2024,expenditure,132047:2024:expenditure:approved:298808d8c5f6dc62,assigned,09,retained,項,kyoiku-somu,
2024,expenditure,132047:2024:expenditure:approved:29990fb06ca32f60,assigned,09,retained,目,shogaigakushu-other,
2024,expenditure,132047:2024:expenditure:approved:299b2651be037062,assigned,03,retained,款,shobo,
2024,expenditure,132047:2024:expenditure:approved:29aebf6abb2b1547,assigned,10,retained,款,minsei,
2024,expenditure,132047:2024:expenditure:approved:29b7b46d109ed029,assigned,01,retained,款,somu,
2024,expenditure,132047:2024:expenditure:approved:29b9904a7445650f,assigned,07,retained,項,eisei-hoken,
2024,expenditure,132047:2024:expenditure:approved:29bad9f3fc5c715b,assigned,10,retained,款,minsei,
2024,expenditure,132047:2024:expenditure:approved:29c8373507d4b8b3,assigned,10,retained,款,minsei,
2024,expenditure,132047:2024:expenditure:approved:29cba2fbe3bddd8f,assigned,10,retained,款,minsei,
2024,expenditure,132047:2024:expenditure:approved:29d7299531f754bb,assigned,09,retained,項,kyoiku-somu,
2024,expenditure,132047:2024:expenditure:approved:29e1ab6311deb800,assigned,05,retained,項,eisei-seiso,
2024,expenditure,132047:2024:expenditure:approved:29e82749d4e063c1,assigned,04,retained,項,doboku-doro,
2024,expenditure,132047:2024:expenditure:approved:29e93883884dd0af,assigned,01,retained,款,somu,
2024,expenditure,132047:2024:expenditure:approved:29ea94d1b49281d3,assigned,10,retained,会計,fund-kaigo-hoken,
2024,expenditure,132047:2024:expenditure:approved:29ec92b7d694f21d,assigned,10,retained,款,minsei,
2024,expenditure,132047:2024:expenditure:approved:29ee45ae5660609c,assigned,09,retained,項,kyoiku-somu,
2024,expenditure,132047:2024:expenditure:approved:29feb24f0229b83c,assigned,01,retained,款,somu,
2024,expenditure,132047:2024:expenditure:approved:2a009aafe3a0a681,assigned,04,retained,項,doboku-kanri,
2024,expenditure,132047:2024:expenditure:approved:2a059770d4870a09,assigned,10,retained,款,minsei,
2024,expenditure,132047:2024:expenditure:approved:2a11425afc705136,assigned,09,retained,目,shogaigakushu-other,
2024,expenditure,132047:2024:expenditure:approved:2a32757a3b2dbc16,assigned,04,retained,款,shoko,
2024,expenditure,132047:2024:expenditure:approved:2a3af512daf50ee2,assigned,10,retained,款,minsei,
2024,expenditure,132047:2024:expenditure:approved:2a41074fcba80e8b,assigned,05,retained,項,eisei-seiso,
2024,expenditure,132047:2024:expenditure:approved:2a4a8216f59e6e18,assigned,10,retained,款,minsei,
2024,expenditure,132047:2024:expenditure:approved:2a5c931cf99ea3cb,assigned,06,retained,項,doboku-jutaku,
2024,expenditure,132047:2024:expenditure:approved:2a6f8af29fdc58ef,assigned,05,retained,項,eisei-seiso,
2024,expenditure,132047:2024:expenditure:approved:2a816d1ad850270e,assigned,09,retained,項,kyoiku-somu,
2024,expenditure,132047:2024:expenditure:approved:2a9bffef771c17c7,assigned,10,retained,款,minsei,
2024,expenditure,132047:2024:expenditure:approved:2aab59a6c84f215e,assigned,10,retained,款,minsei,
2024,expenditure,132047:2024:expenditure:approved:2ab841cc62e7fd96,assigned,09,retained,項,kyoiku-somu,
2024,expenditure,132047:2024:expenditure:approved:2acb03c6c7660238,assigned,08,retained,目,toshikeikaku-kouen,
2024,expenditure,132047:2024:expenditure:approved:2acd1ec93f78319d,assigned,07,retained,項,eisei-hoken,
2024,expenditure,132047:2024:expenditure:approved:2adc88d4e686e283,assigned,05,retained,項,eisei-seiso,
2024,expenditure,132047:2024:expenditure:approved:2ae2d8501ef05000,assigned,07,retained,項,eisei-hoken,
2024,expenditure,132047:2024:expenditure:approved:2ae64f22c4d1bb2a,assigned,10,retained,款,minsei,
2024,expenditure,132047:2024:expenditure:approved:2ae8acb482bd04db,assigned,08,retained,目,shogaigakushu-toshokan,
2024,expenditure,132047:2024:expenditure:approved:2ae9a356a4585f4a,assigned,09,retained,項,kyoiku-somu,
2024,expenditure,132047:2024:expenditure:approved:2af3e383405513bb,assigned,10,retained,款,minsei,
2024,expenditure,132047:2024:expenditure:approved:2b07a2ea6eb3efa4,assigned,03,retained,款,shobo,
2024,expenditure,132047:2024:expenditure:approved:2b0d5003fa7e87b9,assigned,07,retained,項,eisei-hoken,
2024,expenditure,132047:2024:expenditure:approved:2b18e75b675d3d9c,assigned,01,retained,款,somu,
2024,expenditure,132047:2024:expenditure:approved:2b28c1b844bd6f6b,assigned,10,retained,款,minsei,
2024,expenditure,132047:2024:expenditure:approved:2b2ac6aefb3690bd,assigned,10,retained,款,minsei,
2024,expenditure,132047:2024:expenditure:approved:2b6ed4a8bf28e6e7,assigned,07,retained,項,eisei-hoken,
2024,expenditure,132047:2024:expenditure:approved:2b70736089ead1ee,assigned,10,retained,款,minsei,
2024,expenditure,132047:2024:expenditure:approved:2b70bb9cb9341acb,assigned,10,retained,款,minsei,
2024,expenditure,132047:2024:expenditure:approved:2b724b2887069f63,assigned,07,retained,項,eisei-hoken,
2024,expenditure,132047:2024:expenditure:approved:2b8054f45f3bfc03,assigned,09,retained,目,shogaigakushu-other,
2024,expenditure,132047:2024:expenditure:approved:2b82f6cc98dc1ad0,assigned,10,retained,款,minsei,
2024,expenditure,132047:2024:expenditure:approved:2b88687565c4d6dc,assigned,01,retained,款,somu,
2024,expenditure,132047:2024:expenditure:approved:2b8ad86c2997ca87,assigned,09,retained,項,kyoiku-somu,
2024,expenditure,132047:2024:expenditure:approved:2b9e3e174f9f2040,assigned,10,retained,款,minsei,
2024,expenditure,132047:2024:expenditure:approved:2bb3b0a71cbe1269,assigned,01,retained,款,somu,
2024,expenditure,132047:2024:expenditure:approved:2bb3f7d8ac54b40b,assigned,06,retained,目,toshikeikaku-somu,
2024,expenditure,132047:2024:expenditure:approved:2bb4ebfb61efeed3,assigned,10,retained,款,minsei,
2024,expenditure,132047:2024:expenditure:approved:2bc3bbbe547f41b8,assigned,01,retained,款,somu,
2024,expenditure,132047:2024:expenditure:approved:2bc3c82944aa0223,assigned,09,retained,項,kyoiku-somu,
2024,expenditure,132047:2024:expenditure:approved:2be36b2f0dad21e7,assigned,05,retained,項,eisei-seiso,
2024,expenditure,132047:2024:expenditure:approved:2becb871538e16d4,assigned,10,retained,款,minsei,
2024,expenditure,132047:2024:expenditure:approved:2bed324a782bf2f2,assigned,01,retained,款,somu,
2024,expenditure,132047:2024:expenditure:approved:2bf0380df010893c,assigned,07,retained,項,eisei-hoken,
2024,expenditure,132047:2024:expenditure:approved:2bf076e998f0a009,assigned,01,retained,款,somu,
2024,expenditure,132047:2024:expenditure:approved:2c02d67b77015e27,assigned,01,retained,款,somu,
2024,expenditure,132047:2024:expenditure:approved:2c05e848fe6ca88e,assigned,01,retained,款,somu,
2024,expenditure,132047:2024:expenditure:approved:2c07794f17f7d0c4,assigned,10,retained,款,minsei,
2024,expenditure,132047:2024:expenditure:approved:2c32b6034d04a167,assigned,10,retained,款,minsei,
2024,expenditure,132047:2024:expenditure:approved:2c333701805f4b66,assigned,07,retained,項,eisei-hoken,
2024,expenditure,132047:2024:expenditure:approved:2c435696c4de1c54,assigned,01,retained,款,somu,
2024,expenditure,132047:2024:expenditure:approved:2c4beefde991b768,assigned,01,retained,款,somu,
2024,expenditure,132047:2024:expenditure:approved:2c63cfad3fbafdd1,assigned,09,retained,項,kyoiku-somu,
2024,expenditure,132047:2024:expenditure:approved:2c68da04d8f0988c,assigned,09,retained,項,kyoiku-somu,
2024,expenditure,132047:2024:expenditure:approved:2c854d1d26228533,assigned,04,retained,項,doboku-doro,
2024,expenditure,132047:2024:expenditure:approved:2c978c6c40aa4ad2,assigned,04,retained,項,doboku-doro,
2024,expenditure,132047:2024:expenditure:approved:2c9f9ad77dd1feb0,assigned,01,retained,款,somu,
2024,expenditure,132047:2024:expenditure:approved:2ca06da22fd476a5,assigned,09,retained,項,kyoiku-somu,
2024,expenditure,132047:2024:expenditure:approved:2ca732401dbb02ad,assigned,07,retained,項,eisei-hoken,
2024,expenditure,132047:2024:expenditure:approved:2cc47817f008a69b,assigned,08,retained,目,toshikeikaku-kouen,
2024,expenditure,132047:2024:expenditure:approved:2cc69309b1f30ea0,assigned,03,retained,款,shobo,
2024,expenditure,132047:2024:expenditure:approved:2cd6445022c7767d,assigned,01,retained,款,somu,
2024,expenditure,132047:2024:expenditure:approved:2cd8cffc0c4131da,assigned,10,retained,款,minsei,
2024,expenditure,132047:2024:expenditure:approved:2cda2915a01fa0f5,assigned,01,retained,款,somu,
2024,expenditure,132047:2024:expenditure:approved:2cdadc60c8e13376,assigned,01,retained,款,somu,
2024,expenditure,132047:2024:expenditure:approved:2ce8e55d7e5618f0,assigned,01,retained,款,somu,
2024,expenditure,132047:2024:expenditure:approved:2d00a84d14579163,assigned,06,retained,目,toshikeikaku-somu,
2024,expenditure,132047:2024:expenditure:approved:2d0376c39c2585aa,assigned,10,retained,款,minsei,
2024,expenditure,132047:2024:expenditure:approved:2d09861b26c71d81,assigned,06,retained,項,doboku-jutaku,
2024,expenditure,132047:2024:expenditure:approved:2d1062a89caa3ccd,assigned,01,retained,款,somu,
2024,expenditure,132047:2024:expenditure:approved:2d17a7512c735031,assigned,03,retained,款,shobo,
2024,expenditure,132047:2024:expenditure:approved:2d255737488a559f,assigned,07,retained,項,eisei-hoken,
2024,expenditure,132047:2024:expenditure:approved:2d39de125f0a959f,assigned,09,retained,項,kyoiku-somu,
2024,expenditure,132047:2024:expenditure:approved:2d4b70932284484a,assigned,09,retained,項,kyoiku-somu,
2024,expenditure,132047:2024:expenditure:approved:2d4d14862461710f,assigned,10,retained,款,minsei,
2024,expenditure,132047:2024:expenditure:approved:2d5149efce0c7421,assigned,09,retained,目,shogaigakushu-other,
2024,expenditure,132047:2024:expenditure:approved:2d6b0eff0dec3f75,assigned,01,retained,款,somu,
2024,expenditure,132047:2024:expenditure:approved:2d9171870cb3d941,assigned,01,retained,款,somu,
2024,expenditure,132047:2024:expenditure:approved:2d91b2c7c1958a67,assigned,09,retained,項,kyoiku-somu,
2024,expenditure,132047:2024:expenditure:approved:2d93f3a6ade0940c,assigned,09,retained,項,kyoiku-somu,
2024,expenditure,132047:2024:expenditure:approved:2da6038493463d34,assigned,10,retained,款,minsei,
2024,expenditure,132047:2024:expenditure:approved:2dcd64d05ea3469e,assigned,08,retained,項,kyoiku-sports,
2024,expenditure,132047:2024:expenditure:approved:2dd2b1ba0eb5dc14,assigned,08,retained,項,kyoiku-sports,
2024,expenditure,132047:2024:expenditure:approved:2dd9b8cff3995fb8,assigned,04,retained,項,doboku-doro,
2024,expenditure,132047:2024:expenditure:approved:2dda500d9e10790d,assigned,01,retained,款,somu,
2024,expenditure,132047:2024:expenditure:approved:2de033b102085c19,assigned,07,retained,項,eisei-hoken,
2024,expenditure,132047:2024:expenditure:approved:2de32911b7f72ad9,assigned,01,retained,款,somu,
2024,expenditure,132047:2024:expenditure:approved:2def7cdb9000f579,assigned,07,retained,項,eisei-hoken,
2024,expenditure,132047:2024:expenditure:approved:2e13c9a0c60dc75b,assigned,01,retained,款,somu,
2024,expenditure,132047:2024:expenditure:approved:2e19c64a99a154dd,assigned,01,retained,款,somu,
2024,expenditure,132047:2024:expenditure:approved:2e1b05066aaba503,assigned,09,retained,項,kyoiku-somu,
2024,expenditure,132047:2024:expenditure:approved:2e2d97bb83797781,assigned,10,retained,款,minsei,
2024,expenditure,132047:2024:expenditure:approved:2e2fd3e578a0cc31,assigned,01,retained,款,somu,
2024,expenditure,132047:2024:expenditure:approved:2e33f0554fe722f4,assigned,01,retained,款,somu,
2024,expenditure,132047:2024:expenditure:approved:2e41eb9f4da30ecb,assigned,01,retained,款,somu,
2024,expenditure,132047:2024:expenditure:approved:2e499712d237cbc4,assigned,07,retained,項,eisei-hoken,
2024,expenditure,132047:2024:expenditure:approved:2e63580a312c5af9,assigned,10,retained,款,minsei,
2024,expenditure,132047:2024:expenditure:approved:2e6539ea50c3a867,assigned,07,retained,項,eisei-hoken,
2024,expenditure,132047:2024:expenditure:approved:2e6bb44fa9608e85,assigned,10,retained,款,minsei,
2024,expenditure,132047:2024:expenditure:approved:2e6eb7241e2bfd45,assigned,10,retained,款,minsei,
2024,expenditure,132047:2024:expenditure:approved:2e72c1f5a73ae81f,assigned,01,retained,款,somu,
2024,expenditure,132047:2024:expenditure:approved:2e75d5a2e225a4e3,assigned,10,retained,款,minsei,
2024,expenditure,132047:2024:expenditure:approved:2e8479a0b76bfa8a,assigned,10,retained,款,minsei,
2024,expenditure,132047:2024:expenditure:approved:2ea18cfc49f8c93e,assigned,07,retained,項,eisei-hoken,
2024,expenditure,132047:2024:expenditure:approved:2ea19c7322f6e039,assigned,01,retained,款,somu,
2024,expenditure,132047:2024:expenditure:approved:2ea565fbb32397cd,assigned,08,retained,項,kyoiku-sports,
2024,expenditure,132047:2024:expenditure:approved:2eb6f597a2a3f2f5,assigned,07,retained,項,eisei-hoken,
2024,expenditure,132047:2024:expenditure:approved:2ec1512d86d6aea0,assigned,09,retained,項,kyoiku-somu,
2024,expenditure,132047:2024:expenditure:approved:2ed92855d67b7e9f,assigned,09,retained,項,kyoiku-somu,
2024,expenditure,132047:2024:expenditure:approved:2ede2973dee71c4c,assigned,09,retained,項,kyoiku-somu,
2024,expenditure,132047:2024:expenditure:approved:2ee60932440c6afe,assigned,10,retained,款,minsei,
2024,expenditure,132047:2024:expenditure:approved:2ef3bccf475c60fd,assigned,01,retained,款,somu,
2024,expenditure,132047:2024:expenditure:approved:2efae8b3100cfd02,assigned,09,retained,項,kyoiku-somu,
2024,expenditure,132047:2024:expenditure:approved:2f05b55079806c44,assigned,10,retained,款,minsei,
2024,expenditure,132047:2024:expenditure:approved:2f1393a3b03eb91c,assigned,10,retained,款,minsei,
2024,expenditure,132047:2024:expenditure:approved:2f28119af68a2703,assigned,04,retained,項,doboku-kanri,
2024,expenditure,132047:2024:expenditure:approved:2f297c2ab5095569,assigned,05,retained,項,eisei-seiso,
2024,expenditure,132047:2024:expenditure:approved:2f2b401306630cc8,assigned,01,retained,款,somu,
2024,expenditure,132047:2024:expenditure:approved:2f2fc51c1adce5b1,assigned,01,retained,款,somu,
2024,expenditure,132047:2024:expenditure:approved:2f4643ad503e730b,assigned,06,retained,項,doboku-jutaku,
2024,expenditure,132047:2024:expenditure:approved:2f509caf8300d6c6,assigned,10,retained,款,minsei,
2024,expenditure,132047:2024:expenditure:approved:2f518709d10f626e,assigned,01,retained,款,somu,
2024,expenditure,132047:2024:expenditure:approved:2f543bc81fe0baf2,assigned,04,retained,款,rodo,
2024,expenditure,132047:2024:expenditure:approved:2f5513e6c753529a,assigned,10,retained,会計,fund-kaigo-hoken,
2024,expenditure,132047:2024:expenditure:approved:2f7ba331509b5ebd,assigned,03,retained,款,shobo,
2024,expenditure,132047:2024:expenditure:approved:2f81ce37fdeca3e1,assigned,10,retained,款,minsei,
2024,expenditure,132047:2024:expenditure:approved:2f84471eaa37f380,assigned,06,retained,目,toshikeikaku-somu,
2024,expenditure,132047:2024:expenditure:approved:2f8ab32974aa7fa5,assigned,01,retained,款,somu,
2024,expenditure,132047:2024:expenditure:approved:2f9daf444c14f7c1,assigned,06,retained,項,doboku-jutaku,
2024,expenditure,132047:2024:expenditure:approved:2fb0c07f41b5b08c,assigned,07,retained,項,eisei-hoken,
2024,expenditure,132047:2024:expenditure:approved:2fcd89dfe2b9c77b,assigned,08,retained,目,shogaigakushu-toshokan,
2024,expenditure,132047:2024:expenditure:approved:2fd0c40349b020a0,assigned,08,retained,目,toshikeikaku-kouen,
2024,expenditure,132047:2024:expenditure:approved:2fd1a6ff6d4675c2,assigned,10,retained,款,minsei,
2024,expenditure,132047:2024:expenditure:approved:2fd9d03621067d57,assigned,10,retained,款,minsei,
2024,expenditure,132047:2024:expenditure:approved:2fe0d76398b10d05,assigned,10,retained,款,minsei,
2024,expenditure,132047:2024:expenditure:approved:2ff3eabd3d8bd106,assigned,10,retained,款,minsei,
2024,expenditure,132047:2024:expenditure:approved:2ffa52a59b71ccfd,assigned,09,retained,項,kyoiku-somu,
2024,expenditure,132047:2024:expenditure:approved:2ffef965ad21ef2d,assigned,10,retained,款,minsei,
2024,expenditure,132047:2024:expenditure:approved:30015fe8d2a8346f,assigned,08,retained,目,shogaigakushu-toshokan,
2024,expenditure,132047:2024:expenditure:approved:30142b75e12c51c9,assigned,08,retained,目,toshikeikaku-kouen,
2024,expenditure,132047:2024:expenditure:approved:303d362c570a09ef,assigned,10,retained,款,minsei,
2024,expenditure,132047:2024:expenditure:approved:3041a0295b905c68,assigned,01,retained,款,somu,
2024,expenditure,132047:2024:expenditure:approved:30449b5a7a2d59a0,assigned,09,retained,項,kyoiku-somu,
2024,expenditure,132047:2024:expenditure:approved:304ae423561d307d,assigned,07,retained,項,eisei-hoken,
2024,expenditure,132047:2024:expenditure:approved:3050cffa60d0dad2,assigned,04,retained,款,shoko,
2024,expenditure,132047:2024:expenditure:approved:305ab024ffd7ca7e,assigned,10,retained,款,minsei,
2024,expenditure,132047:2024:expenditure:approved:305ca44a2c21e9ed,assigned,01,retained,款,somu,
2024,expenditure,132047:2024:expenditure:approved:305e5e882c78a3e4,assigned,08,retained,目,shogaigakushu-toshokan,
2024,expenditure,132047:2024:expenditure:approved:306075371a5650c4,assigned,04,retained,款,shoko,
2024,expenditure,132047:2024:expenditure:approved:30613157f37f5bd6,assigned,01,retained,款,somu,
2024,expenditure,132047:2024:expenditure:approved:3090dff92c6226c5,assigned,09,retained,項,kyoiku-somu,
2024,expenditure,132047:2024:expenditure:approved:309afeb326aba55e,assigned,10,retained,款,minsei,
2024,expenditure,132047:2024:expenditure:approved:30a10c777a2bb823,assigned,07,retained,項,eisei-hoken,
2024,expenditure,132047:2024:expenditure:approved:30bb0591b3c3fbba,assigned,08,retained,項,kyoiku-sports,
2024,expenditure,132047:2024:expenditure:approved:30c813a7549ac3ef,assigned,10,retained,款,minsei,
2024,expenditure,132047:2024:expenditure:approved:30dd149d1dfb4f64,assigned,01,retained,款,somu,
2024,expenditure,132047:2024:expenditure:approved:30ecadc26739ffd3,assigned,10,retained,款,minsei,
2024,expenditure,132047:2024:expenditure:approved:30f2df8985a486ad,assigned,01,retained,款,somu,
2024,expenditure,132047:2024:expenditure:approved:30fb58f3ee49af66,assigned,06,retained,目,toshikeikaku-somu,
2024,expenditure,132047:2024:expenditure:approved:310cd556a9d8dce1,assigned,10,retained,款,minsei,
2024,expenditure,132047:2024:expenditure:approved:31370d65234e71a3,assigned,09,retained,目,shogaigakushu-other,
2024,expenditure,132047:2024:expenditure:approved:314e80cc660cb3b0,assigned,10,retained,款,minsei,
2024,expenditure,132047:2024:expenditure:approved:315518b693aca8fc,assigned,09,retained,項,kyoiku-somu,
2024,expenditure,132047:2024:expenditure:approved:31611e80f1096af7,assigned,01,retained,款,somu,
2024,expenditure,132047:2024:expenditure:approved:317300af6ddb88a3,assigned,10,retained,款,minsei,
2024,expenditure,132047:2024:expenditure:approved:3181822b7031e2b4,assigned,07,retained,項,eisei-hoken,
2024,expenditure,132047:2024:expenditure:approved:318e37e752f25a4a,assigned,09,retained,項,kyoiku-somu,
2024,expenditure,132047:2024:expenditure:approved:3199e35f7ac76b32,assigned,01,retained,款,somu,
2024,expenditure,132047:2024:expenditure:approved:319cfdb5623bc574,assigned,07,retained,項,eisei-hoken,
2024,expenditure,132047:2024:expenditure:approved:31c9cfc6500e4cdb,assigned,09,retained,項,kyoiku-somu,
2024,expenditure,132047:2024:expenditure:approved:31dc50085d604d1d,assigned,03,retained,款,shobo,
2024,expenditure,132047:2024:expenditure:approved:31e0b012b132dc4e,assigned,10,retained,款,minsei,
2024,expenditure,132047:2024:expenditure:approved:31ece2432d0f28e2,assigned,10,retained,会計,fund-kaigo-hoken,
2024,expenditure,132047:2024:expenditure:approved:31f06de7668ca55d,assigned,01,retained,款,somu,
2024,expenditure,132047:2024:expenditure:approved:320902f21bf5ad93,assigned,09,retained,項,kyoiku-somu,
2024,expenditure,132047:2024:expenditure:approved:321e140e90569202,assigned,09,retained,目,shogaigakushu-other,
2024,expenditure,132047:2024:expenditure:approved:323308260c4e6b91,assigned,08,retained,目,toshikeikaku-kouen,
2024,expenditure,132047:2024:expenditure:approved:32481d5331a9f363,assigned,05,retained,項,eisei-seiso,
2024,expenditure,132047:2024:expenditure:approved:3260cc717425000c,assigned,10,retained,款,minsei,
2024,expenditure,132047:2024:expenditure:approved:327bbb60fb6da651,assigned,09,retained,項,kyoiku-somu,
2024,expenditure,132047:2024:expenditure:approved:327c637ea0cb0c9b,assigned,07,retained,会計,fund-kouki,
2024,expenditure,132047:2024:expenditure:approved:32cf98f090945e3f,assigned,10,retained,款,minsei,
2024,expenditure,132047:2024:expenditure:approved:32d00f83807b10bc,assigned,01,retained,款,somu,
2024,expenditure,132047:2024:expenditure:approved:32da5d1f4e940ed9,assigned,08,retained,目,shogaigakushu-toshokan,
2024,expenditure,132047:2024:expenditure:approved:32fad6c3dbc3faad,assigned,01,retained,款,somu,
2024,expenditure,132047:2024:expenditure:approved:3303ecbcb4793155,assigned,05,retained,項,eisei-seiso,
2024,expenditure,132047:2024:expenditure:approved:332dc27066d6a8e9,assigned,01,retained,款,gikai,
2024,expenditure,132047:2024:expenditure:approved:3331d680c4550434,assigned,09,retained,項,kyoiku-somu,
2024,expenditure,132047:2024:expenditure:approved:333cfc90781639e0,out-of-scope,"",retained,節,fund-accumulation,
2024,expenditure,132047:2024:expenditure:approved:334708e9e8b57590,assigned,07,retained,項,eisei-hoken,
2024,expenditure,132047:2024:expenditure:approved:334f738a2e2bfe9a,assigned,10,retained,款,minsei,
2024,expenditure,132047:2024:expenditure:approved:335dbd79af25007d,assigned,07,retained,項,eisei-hoken,
2024,expenditure,132047:2024:expenditure:approved:335f89a688eff937,assigned,06,retained,目,toshikeikaku-somu,
2024,expenditure,132047:2024:expenditure:approved:33607d0864be0cd9,assigned,10,retained,款,minsei,
2024,expenditure,132047:2024:expenditure:approved:336611515356ce3f,assigned,07,eliminated,目,transfer-kouki,後期高齢者医療特別会計
2024,expenditure,132047:2024:expenditure:approved:3394ccd6cac9ef5e,assigned,03,retained,款,shobo,
2024,expenditure,132047:2024:expenditure:approved:33b2e434806525d5,assigned,10,retained,款,minsei,
2024,expenditure,132047:2024:expenditure:approved:33b6fbdfa53420a2,unclassifiable,"",retained,款,contingency,
2024,expenditure,132047:2024:expenditure:approved:33b9e80ffbdefd29,assigned,01,retained,款,somu,
2024,expenditure,132047:2024:expenditure:approved:33bfa48405bfa035,assigned,10,retained,款,minsei,
2024,expenditure,132047:2024:expenditure:approved:33ec4e4172bc9d85,assigned,04,retained,目,toshikeikaku-gairo,
2024,expenditure,132047:2024:expenditure:approved:3407b2b2162db234,assigned,01,retained,款,somu,
2024,expenditure,132047:2024:expenditure:approved:3437c4c35f2a3602,assigned,10,retained,款,minsei,
2024,expenditure,132047:2024:expenditure:approved:3447869341a9adab,assigned,10,retained,款,minsei,
2024,expenditure,132047:2024:expenditure:approved:3448d5137f00de68,assigned,10,retained,款,minsei,
2024,expenditure,132047:2024:expenditure:approved:344a4c1221304c57,assigned,05,retained,項,eisei-seiso,
2024,expenditure,132047:2024:expenditure:approved:344ec7f4bd179877,assigned,03,retained,款,shobo,
2024,expenditure,132047:2024:expenditure:approved:3450e5aba82c16e4,assigned,03,retained,款,shobo,
2024,expenditure,132047:2024:expenditure:approved:3453fefdc063c9fc,assigned,04,retained,款,shoko,
2024,expenditure,132047:2024:expenditure:approved:345d9af7dfc01bf6,assigned,08,retained,項,kyoiku-sports,
2024,expenditure,132047:2024:expenditure:approved:347b5a15bf2d86ef,assigned,01,retained,款,somu,
2024,expenditure,132047:2024:expenditure:approved:34802dd84804597c,assigned,01,retained,款,somu,
2024,expenditure,132047:2024:expenditure:approved:3480ef8a162dccce,assigned,01,retained,款,somu,
2024,expenditure,132047:2024:expenditure:approved:348104af1d9d37a5,assigned,09,retained,項,kyoiku-somu,
2024,expenditure,132047:2024:expenditure:approved:349781caa6529205,assigned,10,retained,款,minsei,
2024,expenditure,132047:2024:expenditure:approved:34a481c8fb9102c2,assigned,10,retained,款,minsei,
2024,expenditure,132047:2024:expenditure:approved:34ab84eccaba458c,assigned,04,retained,款,shoko,
2024,expenditure,132047:2024:expenditure:approved:34af923df29acff1,assigned,09,retained,目,shogaigakushu-other,
2024,expenditure,132047:2024:expenditure:approved:34afccd2e53ea87f,assigned,01,retained,款,somu,
2024,expenditure,132047:2024:expenditure:approved:34b603135d18f7a7,assigned,06,retained,目,toshikeikaku-somu,
2024,expenditure,132047:2024:expenditure:approved:34b6e95bbc4d1d97,assigned,01,retained,款,somu,
2024,expenditure,132047:2024:expenditure:approved:34be00f3800f11c9,assigned,10,retained,款,minsei,
2024,expenditure,132047:2024:expenditure:approved:34c18ad5cdf590da,assigned,01,retained,款,somu,
2024,expenditure,132047:2024:expenditure:approved:34c79aa00cf2bca3,assigned,05,retained,項,eisei-seiso,
2024,expenditure,132047:2024:expenditure:approved:34e0566aa2030734,assigned,09,retained,項,kyoiku-somu,
2024,expenditure,132047:2024:expenditure:approved:34f71587f100d937,assigned,10,retained,款,minsei,
2024,expenditure,132047:2024:expenditure:approved:34fe22ce6f06bdfd,assigned,04,retained,項,doboku-doro,
2024,expenditure,132047:2024:expenditure:approved:35001b05673da133,assigned,09,retained,目,shogaigakushu-other,
2024,expenditure,132047:2024:expenditure:approved:35021c054436571a,assigned,07,retained,項,eisei-hoken,
2024,expenditure,132047:2024:expenditure:approved:35210aa3b1234f2c,assigned,01,retained,款,somu,
2024,expenditure,132047:2024:expenditure:approved:35235f261b0dacea,assigned,10,retained,款,minsei,
2024,expenditure,132047:2024:expenditure:approved:352ab5f9bc7b2c5a,assigned,01,retained,款,somu,
2024,expenditure,132047:2024:expenditure:approved:352c41355c513ee8,assigned,01,retained,款,somu,
2024,expenditure,132047:2024:expenditure:approved:35428e35113055da,assigned,05,retained,項,eisei-seiso,
2024,expenditure,132047:2024:expenditure:approved:3543774356737008,assigned,09,retained,目,shogaigakushu-other,
2024,expenditure,132047:2024:expenditure:approved:354f7864a78b9d07,assigned,06,retained,項,doboku-jutaku,
2024,expenditure,132047:2024:expenditure:approved:35507d63071fe12d,assigned,10,retained,款,minsei,
2024,expenditure,132047:2024:expenditure:approved:3556f360a783b30b,assigned,10,retained,款,minsei,
2024,expenditure,132047:2024:expenditure:approved:355e8c5a36cad881,assigned,10,retained,会計,fund-kaigo-hoken,
2024,expenditure,132047:2024:expenditure:approved:357aceac90cd3571,assigned,03,retained,款,shobo,
2024,expenditure,132047:2024:expenditure:approved:3597d39f7ab39d4f,assigned,07,retained,項,eisei-hoken,
2024,expenditure,132047:2024:expenditure:approved:359994ca350363d7,assigned,01,retained,款,somu,
2024,expenditure,132047:2024:expenditure:approved:359ede0190da34a2,assigned,09,retained,目,shogaigakushu-other,
2024,expenditure,132047:2024:expenditure:approved:35a4331ec21aafea,assigned,07,retained,項,eisei-hoken,
2024,expenditure,132047:2024:expenditure:approved:35b0510a2ab5d807,assigned,09,retained,項,kyoiku-somu,
2024,expenditure,132047:2024:expenditure:approved:35c7917c499cb58a,assigned,08,retained,項,kyoiku-sports,
2024,expenditure,132047:2024:expenditure:approved:35d0119e7263bc23,assigned,07,retained,項,eisei-hoken,
2024,expenditure,132047:2024:expenditure:approved:35d53a53dca231af,assigned,05,retained,項,eisei-seiso,
2024,expenditure,132047:2024:expenditure:approved:35da74f51bad335d,assigned,10,retained,款,minsei,
2024,expenditure,132047:2024:expenditure:approved:35ec4a91d56971c7,assigned,09,retained,目,shogaigakushu-other,
2024,expenditure,132047:2024:expenditure:approved:35fb58ecac23ed77,assigned,04,retained,項,doboku-kanri,
2024,expenditure,132047:2024:expenditure:approved:3600e0ce1dec7c79,assigned,10,retained,款,minsei,
2024,expenditure,132047:2024:expenditure:approved:361a6f368a58d1d0,assigned,04,retained,項,doboku-doro,
2024,expenditure,132047:2024:expenditure:approved:3626984db09474bd,assigned,01,retained,款,somu,
2024,expenditure,132047:2024:expenditure:approved:36449431f108e20e,assigned,03,retained,款,shobo,
2024,expenditure,132047:2024:expenditure:approved:364b36e561f85684,assigned,09,retained,目,shogaigakushu-other,
2024,expenditure,132047:2024:expenditure:approved:366c4339aa486d4f,assigned,10,retained,款,minsei,
2024,expenditure,132047:2024:expenditure:approved:367a7cf6fb7e07ca,assigned,07,retained,項,eisei-hoken,
2024,expenditure,132047:2024:expenditure:approved:367d0c6e9dae2b0b,assigned,09,retained,目,shogaigakushu-other,
2024,expenditure,132047:2024:expenditure:approved:368623160cb8c014,assigned,08,retained,目,toshikeikaku-kouen,
2024,expenditure,132047:2024:expenditure:approved:36a9bab42a6415c6,assigned,01,retained,款,somu,
2024,expenditure,132047:2024:expenditure:approved:36abd08d0074660d,assigned,10,retained,款,minsei,
2024,expenditure,132047:2024:expenditure:approved:36afbd1cf31b3acd,assigned,01,retained,款,somu,
2024,expenditure,132047:2024:expenditure:approved:36b11183a8362300,assigned,09,retained,項,kyoiku-somu,
2024,expenditure,132047:2024:expenditure:approved:36b3dd848f8ecf18,assigned,01,retained,款,somu,
2024,expenditure,132047:2024:expenditure:approved:36bbdc919e9da260,assigned,04,retained,項,doboku-doro,
2024,expenditure,132047:2024:expenditure:approved:36d06f4d253d4a7d,assigned,01,retained,款,somu,
2024,expenditure,132047:2024:expenditure:approved:36d49cae08d24637,assigned,09,retained,項,kyoiku-somu,
2024,expenditure,132047:2024:expenditure:approved:36e7d052506352bc,assigned,07,eliminated,目,transfer-kokuho,国民健康保険事業特別会計
2024,expenditure,132047:2024:expenditure:approved:36e819950f94edd6,assigned,09,retained,項,kyoiku-somu,
2024,expenditure,132047:2024:expenditure:approved:36f8d2a7b6aabbf6,assigned,09,retained,項,kyoiku-somu,
2024,expenditure,132047:2024:expenditure:approved:3705bad3241ee084,assigned,01,retained,款,somu,
2024,expenditure,132047:2024:expenditure:approved:3719618a4ef1b030,assigned,07,retained,項,eisei-hoken,
2024,expenditure,132047:2024:expenditure:approved:3726da8b6dfe14d6,assigned,07,retained,項,eisei-hoken,
2024,expenditure,132047:2024:expenditure:approved:372ddde389936207,assigned,09,retained,目,shogaigakushu-other,
2024,expenditure,132047:2024:expenditure:approved:37320e7da496b537,assigned,04,retained,款,norin,
2024,expenditure,132047:2024:expenditure:approved:3732f6a923bcd02f,assigned,09,retained,項,kyoiku-somu,
2024,expenditure,132047:2024:expenditure:approved:37400a6b76fcb3f4,assigned,09,retained,項,kyoiku-somu,
2024,expenditure,132047:2024:expenditure:approved:37508034c6ef2657,assigned,08,retained,項,kyoiku-sports,
2024,expenditure,132047:2024:expenditure:approved:376b858fb8a0bb35,assigned,01,retained,款,somu,
2024,expenditure,132047:2024:expenditure:approved:376ed9a7e8facdc5,assigned,10,retained,款,minsei,
2024,expenditure,132047:2024:expenditure:approved:3770051db7627c8e,assigned,01,retained,款,somu,
2024,expenditure,132047:2024:expenditure:approved:3771f1382db95c66,assigned,01,retained,款,somu,
2024,expenditure,132047:2024:expenditure:approved:37781c767a4dddcf,assigned,04,retained,項,doboku-doro,
2024,expenditure,132047:2024:expenditure:approved:3793464332ab9674,assigned,07,retained,項,eisei-hoken,
2024,expenditure,132047:2024:expenditure:approved:3798f9d269955992,assigned,01,retained,款,somu,
2024,expenditure,132047:2024:expenditure:approved:379b7ae368f599de,assigned,04,retained,款,norin,
2024,expenditure,132047:2024:expenditure:approved:37a819586df9ba3c,assigned,08,retained,目,shogaigakushu-toshokan,
2024,expenditure,132047:2024:expenditure:approved:37c013ba566e9768,assigned,08,retained,目,shogaigakushu-toshokan,
2024,expenditure,132047:2024:expenditure:approved:37c61cdc37d9c477,assigned,10,retained,款,minsei,
2024,expenditure,132047:2024:expenditure:approved:37da7d41c2d418a7,assigned,06,retained,項,doboku-jutaku,
2024,expenditure,132047:2024:expenditure:approved:37eb591fa97a0518,assigned,07,retained,項,eisei-hoken,
2024,expenditure,132047:2024:expenditure:approved:37eef7aa6705692f,assigned,01,retained,款,somu,
2024,expenditure,132047:2024:expenditure:approved:37f0a16956663928,assigned,10,retained,款,minsei,
2024,expenditure,132047:2024:expenditure:approved:37f0e88c2741f4e8,assigned,10,retained,款,minsei,
2024,expenditure,132047:2024:expenditure:approved:37fcd39706e57bd3,assigned,04,retained,款,shoko,
2024,expenditure,132047:2024:expenditure:approved:380a190fa92ef89b,assigned,07,retained,項,eisei-hoken,
2024,expenditure,132047:2024:expenditure:approved:38107230a042aa01,assigned,01,retained,款,somu,
2024,expenditure,132047:2024:expenditure:approved:38179e225c17398f,assigned,10,retained,款,minsei,
2024,expenditure,132047:2024:expenditure:approved:3817aef89b89ebf0,assigned,08,retained,目,toshikeikaku-kouen,
2024,expenditure,132047:2024:expenditure:approved:381c636bad632c3e,assigned,04,retained,項,doboku-kanri,
2024,expenditure,132047:2024:expenditure:approved:3827b8a7d78a1865,assigned,04,retained,項,doboku-doro,
2024,expenditure,132047:2024:expenditure:approved:3836d2497abd6e7b,assigned,08,retained,項,kyoiku-sports,
2024,expenditure,132047:2024:expenditure:approved:38483f25e7a90b73,assigned,10,retained,款,minsei,
2024,expenditure,132047:2024:expenditure:approved:384c5b3104b92074,assigned,09,retained,項,kyoiku-somu,
2024,expenditure,132047:2024:expenditure:approved:385504c86951cf84,assigned,01,retained,款,somu,
2024,expenditure,132047:2024:expenditure:approved:385c1bd1d789b391,assigned,07,retained,項,eisei-hoken,
2024,expenditure,132047:2024:expenditure:approved:38702994820ffc18,assigned,01,retained,款,somu,
2024,expenditure,132047:2024:expenditure:approved:387cf98e372dd723,assigned,01,retained,款,somu,
2024,expenditure,132047:2024:expenditure:approved:387d9f848b7ed0df,assigned,06,retained,項,doboku-jutaku,
2024,expenditure,132047:2024:expenditure:approved:3881501ccadac039,assigned,01,retained,款,somu,
2024,expenditure,132047:2024:expenditure:approved:3885161d8ae1fc65,assigned,10,retained,款,minsei,
2024,expenditure,132047:2024:expenditure:approved:3886b297563f8766,assigned,01,retained,款,somu,
2024,expenditure,132047:2024:expenditure:approved:38895a7922842326,assigned,01,retained,款,somu,
2024,expenditure,132047:2024:expenditure:approved:388a9d804d3210e2,assigned,01,retained,款,somu,
2024,expenditure,132047:2024:expenditure:approved:3890494c7a5f2a35,assigned,01,retained,款,gikai,
2024,expenditure,132047:2024:expenditure:approved:38a010886b062ba1,assigned,10,retained,款,minsei,
2024,expenditure,132047:2024:expenditure:approved:38a3aeea66641a7a,assigned,08,retained,目,shogaigakushu-toshokan,
2024,expenditure,132047:2024:expenditure:approved:39049a5a9f1d7e0b,assigned,01,retained,款,somu,
2024,expenditure,132047:2024:expenditure:approved:390b680595f5c267,assigned,01,retained,款,somu,
2024,expenditure,132047:2024:expenditure:approved:390ddd6af7fdba74,assigned,07,retained,項,eisei-hoken,
2024,expenditure,132047:2024:expenditure:approved:391c8b83227fdbe1,assigned,01,retained,款,somu,
2024,expenditure,132047:2024:expenditure:approved:393a2b1c85abaff1,assigned,10,retained,款,minsei,
2024,expenditure,132047:2024:expenditure:approved:393e4980e902758b,assigned,06,retained,目,toshikeikaku-somu,
2024,expenditure,132047:2024:expenditure:approved:39573c8382b13626,assigned,08,retained,項,kyoiku-sports,
2024,expenditure,132047:2024:expenditure:approved:395b2b6a9563d17e,assigned,01,retained,款,somu,
2024,expenditure,132047:2024:expenditure:approved:395d2a27f9675bc8,assigned,01,retained,款,gikai,
2024,expenditure,132047:2024:expenditure:approved:398460579b0357f2,assigned,07,retained,項,eisei-hoken,
2024,expenditure,132047:2024:expenditure:approved:3988e5a86649f1e8,assigned,08,retained,目,toshikeikaku-kouen,
2024,expenditure,132047:2024:expenditure:approved:39ae6ca2afaddcbe,assigned,03,retained,款,shobo,
2024,expenditure,132047:2024:expenditure:approved:39b15318ba46caf0,assigned,04,retained,項,doboku-kanri,
2024,expenditure,132047:2024:expenditure:approved:39b69bf90be8db08,assigned,01,retained,款,somu,
2024,expenditure,132047:2024:expenditure:approved:39cc476bade67ce6,assigned,09,retained,項,kyoiku-somu,
2024,expenditure,132047:2024:expenditure:approved:39ce244afdb33913,assigned,09,retained,項,kyoiku-somu,
2024,expenditure,132047:2024:expenditure:approved:39d6a809e390e3c9,assigned,10,retained,款,minsei,
2024,expenditure,132047:2024:expenditure:approved:39ec6cd5af9f68e8,assigned,10,retained,款,minsei,
2024,expenditure,132047:2024:expenditure:approved:39ed6e03b9297d0d,assigned,04,retained,項,doboku-doro,
2024,expenditure,132047:2024:expenditure:approved:39ee9b4c60bb1d4a,assigned,06,retained,目,toshikeikaku-somu,
2024,expenditure,132047:2024:expenditure:approved:39ef11770f006fdb,assigned,09,retained,項,kyoiku-somu,
2024,expenditure,132047:2024:expenditure:approved:39f399f496b2c2c6,assigned,10,retained,会計,fund-kaigo-service,
2024,expenditure,132047:2024:expenditure:approved:39f5b8b2502186c7,assigned,06,retained,目,toshikeikaku-somu,
2024,expenditure,132047:2024:expenditure:approved:39faf42ea057f60b,assigned,01,retained,款,somu,
2024,expenditure,132047:2024:expenditure:approved:39fcd97c2ff68433,assigned,01,retained,款,somu,
2024,expenditure,132047:2024:expenditure:approved:3a02b277ee0a039d,assigned,10,retained,款,minsei,
2024,expenditure,132047:2024:expenditure:approved:3a03486b9bf0b4a0,assigned,01,retained,款,gikai,
2024,expenditure,132047:2024:expenditure:approved:3a07a8ef707a4827,assigned,09,retained,項,kyoiku-somu,
2024,expenditure,132047:2024:expenditure:approved:3a088ac202501bc1,assigned,01,retained,款,somu,
2024,expenditure,132047:2024:expenditure:approved:3a1bef9e41d06b34,assigned,09,retained,項,kyoiku-somu,
2024,expenditure,132047:2024:expenditure:approved:3a27ad3b9a913e8a,assigned,09,retained,目,shogaigakushu-other,
2024,expenditure,132047:2024:expenditure:approved:3a37bb112c5edfd9,assigned,09,retained,項,kyoiku-somu,
2024,expenditure,132047:2024:expenditure:approved:3a443f78a418f33c,assigned,09,retained,項,kyoiku-somu,
2024,expenditure,132047:2024:expenditure:approved:3a4d95aca74f25ff,assigned,09,retained,項,kyoiku-somu,
2024,expenditure,132047:2024:expenditure:approved:3a5ef8ea02f379b2,assigned,07,retained,項,eisei-hoken,
2024,expenditure,132047:2024:expenditure:approved:3a60d7242b7d24b5,assigned,04,retained,款,shoko,
2024,expenditure,132047:2024:expenditure:approved:3a65e712f2ec0f1c,assigned,10,retained,款,minsei,
2024,expenditure,132047:2024:expenditure:approved:3a6dfb2f1a7f260e,assigned,01,retained,款,somu,
2024,expenditure,132047:2024:expenditure:approved:3a71c145c484e13a,assigned,01,retained,款,somu,
2024,expenditure,132047:2024:expenditure:approved:3a7aef0271544120,assigned,05,retained,項,eisei-seiso,
2024,expenditure,132047:2024:expenditure:approved:3a80b140d806e9ff,assigned,09,retained,項,kyoiku-somu,
2024,expenditure,132047:2024:expenditure:approved:3a9123d96a0e3329,assigned,01,retained,款,somu,
2024,expenditure,132047:2024:expenditure:approved:3a91bd9e84b79b99,assigned,04,retained,項,doboku-doro,
2024,expenditure,132047:2024:expenditure:approved:3a92cfe7dff8ae01,assigned,09,retained,項,kyoiku-somu,
2024,expenditure,132047:2024:expenditure:approved:3a92fb220b781b19,assigned,07,retained,項,eisei-hoken,
2024,expenditure,132047:2024:expenditure:approved:3a96b53fcc9288b7,assigned,04,retained,款,shoko,
2024,expenditure,132047:2024:expenditure:approved:3a9b1284ec1b26a4,assigned,10,retained,款,minsei,
2024,expenditure,132047:2024:expenditure:approved:3aa77b0456c6171b,assigned,01,retained,款,somu,
2024,expenditure,132047:2024:expenditure:approved:3ab0246960d4e170,assigned,03,retained,款,shobo,
2024,expenditure,132047:2024:expenditure:approved:3ab632ed27329774,assigned,06,retained,目,toshikeikaku-somu,
2024,expenditure,132047:2024:expenditure:approved:3ad85c58671592a8,assigned,01,retained,款,somu,
2024,expenditure,132047:2024:expenditure:approved:3ad8966fe1cbd838,assigned,01,retained,款,somu,
2024,expenditure,132047:2024:expenditure:approved:3adc91019a4070c5,assigned,01,retained,款,somu,
2024,expenditure,132047:2024:expenditure:approved:3ae13949ce7a0df0,assigned,01,retained,款,somu,
2024,expenditure,132047:2024:expenditure:approved:3ae17a9931569689,assigned,07,retained,項,eisei-hoken,
2024,expenditure,132047:2024:expenditure:approved:3ae7a8cd4118bed5,assigned,01,retained,款,somu,
2024,expenditure,132047:2024:expenditure:approved:3ae889f0e778152a,assigned,09,retained,項,kyoiku-somu,
2024,expenditure,132047:2024:expenditure:approved:3b05af07c5ec51db,assigned,01,retained,款,somu,
2024,expenditure,132047:2024:expenditure:approved:3b08cea9d0efa61e,assigned,10,retained,款,minsei,
2024,expenditure,132047:2024:expenditure:approved:3b150c24f2c014d8,assigned,10,retained,款,minsei,
2024,expenditure,132047:2024:expenditure:approved:3b1ebf32dfddeff6,assigned,10,retained,款,minsei,
2024,expenditure,132047:2024:expenditure:approved:3b220862efc85396,assigned,10,retained,款,minsei,
2024,expenditure,132047:2024:expenditure:approved:3b3d8674d3451bf7,assigned,09,retained,目,shogaigakushu-other,
2024,expenditure,132047:2024:expenditure:approved:3b3f9e698daa92cd,assigned,04,retained,款,shoko,
2024,expenditure,132047:2024:expenditure:approved:3b45710269539dc1,assigned,09,retained,項,kyoiku-somu,
2024,expenditure,132047:2024:expenditure:approved:3b5a9ed367767e94,assigned,09,retained,項,kyoiku-somu,
2024,expenditure,132047:2024:expenditure:approved:3b69955dbe655eb5,assigned,01,retained,款,somu,
2024,expenditure,132047:2024:expenditure:approved:3b71007879c3630c,assigned,05,retained,項,eisei-seiso,
2024,expenditure,132047:2024:expenditure:approved:3b803b9c044d09f6,assigned,06,retained,目,toshikeikaku-somu,
2024,expenditure,132047:2024:expenditure:approved:3b908878aa1998a9,assigned,01,retained,款,somu,
2024,expenditure,132047:2024:expenditure:approved:3ba081ee05284156,assigned,08,retained,目,shogaigakushu-toshokan,
2024,expenditure,132047:2024:expenditure:approved:3ba9c04927b1e80a,assigned,10,retained,款,minsei,
2024,expenditure,132047:2024:expenditure:approved:3baeba20770e9cca,assigned,01,retained,款,somu,
2024,expenditure,132047:2024:expenditure:approved:3bb1fe8c5f8a58e2,assigned,09,retained,項,kyoiku-somu,
2024,expenditure,132047:2024:expenditure:approved:3bb202c920962bf3,assigned,08,retained,項,kyoiku-sports,
2024,expenditure,132047:2024:expenditure:approved:3bb841bab929198e,assigned,10,retained,款,minsei,
2024,expenditure,132047:2024:expenditure:approved:3bccb3cc087b0a11,assigned,10,retained,款,minsei,
2024,expenditure,132047:2024:expenditure:approved:3be4360dfcfa45fa,assigned,06,retained,目,toshikeikaku-somu,
2024,expenditure,132047:2024:expenditure:approved:3be57ca8462c26d3,assigned,08,retained,目,shogaigakushu-toshokan,
2024,expenditure,132047:2024:expenditure:approved:3be72f13ebc7c847,assigned,01,retained,款,somu,
2024,expenditure,132047:2024:expenditure:approved:3beb0b2f9b8c39d1,assigned,09,retained,目,shogaigakushu-other,
2024,expenditure,132047:2024:expenditure:approved:3bef80d8be587452,assigned,07,eliminated,目,transfer-kokuho,国民健康保険事業特別会計
2024,expenditure,132047:2024:expenditure:approved:3c1ed1c44b051729,assigned,01,retained,款,somu,
2024,expenditure,132047:2024:expenditure:approved:3c40d5aeed030600,assigned,05,retained,項,eisei-seiso,
2024,expenditure,132047:2024:expenditure:approved:3c44f62586060064,assigned,01,retained,款,somu,
2024,expenditure,132047:2024:expenditure:approved:3c480b459468e30b,assigned,10,retained,款,minsei,
2024,expenditure,132047:2024:expenditure:approved:3c5a9132ef53ad3b,assigned,09,retained,目,shogaigakushu-other,
2024,expenditure,132047:2024:expenditure:approved:3c696dd28c93527a,assigned,07,retained,項,eisei-hoken,
2024,expenditure,132047:2024:expenditure:approved:3c75f74d844b102e,assigned,04,retained,款,shoko,
2024,expenditure,132047:2024:expenditure:approved:3c7bfb8d03edc67e,assigned,10,retained,款,minsei,
2024,expenditure,132047:2024:expenditure:approved:3c91b0735701f9e8,assigned,01,retained,款,somu,
2024,expenditure,132047:2024:expenditure:approved:3c91f8ec0d6d3798,assigned,01,retained,款,somu,
2024,expenditure,132047:2024:expenditure:approved:3cac8626448f4077,assigned,01,retained,款,gikai,
2024,expenditure,132047:2024:expenditure:approved:3cbb0419b969db2c,assigned,07,retained,会計,fund-kokuho,
2024,expenditure,132047:2024:expenditure:approved:3cbb5596f43ca302,assigned,01,retained,款,somu,
2024,expenditure,132047:2024:expenditure:approved:3cc1afbee89c877d,assigned,01,retained,款,somu,
2024,expenditure,132047:2024:expenditure:approved:3ccc45655ff2f8ad,assigned,04,retained,項,doboku-doro,
2024,expenditure,132047:2024:expenditure:approved:3cd2ea668a3ece22,assigned,10,retained,款,minsei,
2024,expenditure,132047:2024:expenditure:approved:3cd6573d67f0e75a,assigned,01,retained,款,somu,
2024,expenditure,132047:2024:expenditure:approved:3cd7477fc080cfe2,assigned,09,retained,目,shogaigakushu-other,
2024,expenditure,132047:2024:expenditure:approved:3cd954d87b437c7c,assigned,01,retained,款,somu,
2024,expenditure,132047:2024:expenditure:approved:3d06fbf13b0a0b53,assigned,03,retained,款,shobo,
2024,expenditure,132047:2024:expenditure:approved:3d0c492deb2569e7,assigned,03,retained,款,shobo,
2024,expenditure,132047:2024:expenditure:approved:3d174fc4f36cc800,assigned,09,retained,項,kyoiku-somu,
2024,expenditure,132047:2024:expenditure:approved:3d1e8bb163626586,assigned,08,retained,目,toshikeikaku-kouen,
2024,expenditure,132047:2024:expenditure:approved:3d1f1068918512c3,assigned,10,retained,款,minsei,
2024,expenditure,132047:2024:expenditure:approved:3d38eec575e3c961,assigned,01,retained,款,somu,
2024,expenditure,132047:2024:expenditure:approved:3d40a7424b955e3b,assigned,09,retained,目,shogaigakushu-other,
2024,expenditure,132047:2024:expenditure:approved:3d53ef80b49631a5,assigned,10,retained,款,minsei,
2024,expenditure,132047:2024:expenditure:approved:3d5fd5cb1514b641,assigned,07,retained,項,eisei-hoken,
2024,expenditure,132047:2024:expenditure:approved:3d82f8afe345e42b,assigned,10,retained,款,minsei,
2024,expenditure,132047:2024:expenditure:approved:3d8f0196f17d37d1,assigned,09,retained,目,shogaigakushu-other,
2024,expenditure,132047:2024:expenditure:approved:3d9aea8a66a2daba,assigned,07,eliminated,目,transfer-kokuho,国民健康保険事業特別会計
2024,expenditure,132047:2024:expenditure:approved:3da9b67ffc2c0531,assigned,01,retained,款,somu,
2024,expenditure,132047:2024:expenditure:approved:3dab97e70c519795,assigned,01,retained,款,somu,
2024,expenditure,132047:2024:expenditure:approved:3db4c03bfb9ec573,assigned,10,retained,款,minsei,
2024,expenditure,132047:2024:expenditure:approved:3dc123f7b0382732,assigned,09,retained,項,kyoiku-somu,
2024,expenditure,132047:2024:expenditure:approved:3dc2d950e8204dba,assigned,10,retained,款,minsei,
2024,expenditure,132047:2024:expenditure:approved:3dd38d7be8edd98e,assigned,10,retained,款,minsei,
2024,expenditure,132047:2024:expenditure:approved:3ddaff2ba1d097be,assigned,01,retained,款,somu,
2024,expenditure,132047:2024:expenditure:approved:3dfe81ada219eed7,assigned,10,retained,款,minsei,
2024,expenditure,132047:2024:expenditure:approved:3e07099f8c46e7a0,assigned,05,retained,項,eisei-seiso,
2024,expenditure,132047:2024:expenditure:approved:3e0b92862939419b,assigned,01,retained,款,somu,
2024,expenditure,132047:2024:expenditure:approved:3e3080653f1fa5f3,assigned,07,retained,項,eisei-hoken,
2024,expenditure,132047:2024:expenditure:approved:3e392096fdf45ddd,assigned,01,retained,款,somu,
2024,expenditure,132047:2024:expenditure:approved:3e40ca28a97491db,assigned,08,retained,目,toshikeikaku-kouen,
2024,expenditure,132047:2024:expenditure:approved:3e4754745213d024,assigned,09,retained,項,kyoiku-somu,
2024,expenditure,132047:2024:expenditure:approved:3e49069a78126794,assigned,01,retained,款,somu,
2024,expenditure,132047:2024:expenditure:approved:3e4fcccb93fe384c,assigned,09,retained,項,kyoiku-somu,
2024,expenditure,132047:2024:expenditure:approved:3e584a3f2d1c56b6,assigned,10,retained,款,minsei,
2024,expenditure,132047:2024:expenditure:approved:3e604b54fd494ba1,assigned,09,retained,項,kyoiku-somu,
2024,expenditure,132047:2024:expenditure:approved:3e60b374a14a13c4,assigned,01,retained,款,somu,
2024,expenditure,132047:2024:expenditure:approved:3e685baefa87bcc0,assigned,04,retained,項,doboku-doro,
2024,expenditure,132047:2024:expenditure:approved:3e6f300b19eb9072,assigned,04,retained,款,shoko,
2024,expenditure,132047:2024:expenditure:approved:3e7325cc99cea6a8,assigned,03,retained,款,shobo,
2024,expenditure,132047:2024:expenditure:approved:3e7470b905093230,assigned,03,retained,款,shobo,
2024,expenditure,132047:2024:expenditure:approved:3e7772f7ff910348,assigned,07,retained,項,eisei-hoken,
2024,expenditure,132047:2024:expenditure:approved:3e80567e9b15fa85,assigned,04,retained,款,shoko,
2024,expenditure,132047:2024:expenditure:approved:3e88ef82d017498c,assigned,06,retained,目,toshikeikaku-somu,
2024,expenditure,132047:2024:expenditure:approved:3e8adbe91403f7be,assigned,04,retained,款,shoko,
2024,expenditure,132047:2024:expenditure:approved:3e8e77895c363251,assigned,09,retained,項,kyoiku-somu,
2024,expenditure,132047:2024:expenditure:approved:3e8ec5c640c34a10,assigned,10,retained,会計,fund-kaigo-hoken,
2024,expenditure,132047:2024:expenditure:approved:3eb14e1826c1eca5,assigned,01,retained,款,somu,
2024,expenditure,132047:2024:expenditure:approved:3ebb9c3c68cc7d65,assigned,10,retained,款,minsei,
2024,expenditure,132047:2024:expenditure:approved:3ec73df482bc7bb8,assigned,09,retained,目,shogaigakushu-other,
2024,expenditure,132047:2024:expenditure:approved:3ecad781e914776a,assigned,10,retained,款,minsei,
2024,expenditure,132047:2024:expenditure:approved:3ecf2128be571949,assigned,10,retained,款,minsei,
2024,expenditure,132047:2024:expenditure:approved:3ed2ff0b7c68f3c9,assigned,09,retained,目,shogaigakushu-other,
2024,expenditure,132047:2024:expenditure:approved:3ed4b74f950f0b33,assigned,10,retained,款,minsei,
2024,expenditure,132047:2024:expenditure:approved:3ed50ba958b5ae06,assigned,10,retained,款,minsei,
2024,expenditure,132047:2024:expenditure:approved:3ed64f280c27f701,assigned,01,retained,款,somu,
2024,expenditure,132047:2024:expenditure:approved:3ed73c69907dc32f,assigned,01,retained,款,somu,
2024,expenditure,132047:2024:expenditure:approved:3edfec8c433d76da,assigned,01,retained,款,somu,
2024,expenditure,132047:2024:expenditure:approved:3ee2f060c1ae51a0,assigned,06,retained,項,doboku-jutaku,
2024,expenditure,132047:2024:expenditure:approved:3ee4ed2dd25a0136,assigned,07,retained,項,eisei-hoken,
2024,expenditure,132047:2024:expenditure:approved:3ee6978d1f0285a3,assigned,04,retained,項,doboku-doro,
2024,expenditure,132047:2024:expenditure:approved:3f14838e5d3172cc,assigned,01,retained,款,somu,
2024,expenditure,132047:2024:expenditure:approved:3f2313e619aa182d,assigned,10,retained,会計,fund-kaigo-hoken,
2024,expenditure,132047:2024:expenditure:approved:3f2a21243f76bce8,assigned,01,retained,款,somu,
2024,expenditure,132047:2024:expenditure:approved:3f47083cbd5a1bac,assigned,09,retained,項,kyoiku-somu,
2024,expenditure,132047:2024:expenditure:approved:3f5344d1335b459e,assigned,10,retained,款,minsei,
2024,expenditure,132047:2024:expenditure:approved:3f5ae206583b333d,assigned,03,retained,款,shobo,
2024,expenditure,132047:2024:expenditure:approved:3f6649b4ace373d6,assigned,06,retained,項,doboku-jutaku,
2024,expenditure,132047:2024:expenditure:approved:3f6967d5fb0397b5,assigned,01,retained,款,somu,
2024,expenditure,132047:2024:expenditure:approved:3f6ad2098b0c5ad2,assigned,10,retained,款,minsei,
2024,expenditure,132047:2024:expenditure:approved:3f834b3e90dd5d5f,assigned,01,retained,款,somu,
2024,expenditure,132047:2024:expenditure:approved:3fab2c8da6f69018,assigned,07,retained,項,eisei-hoken,
2024,expenditure,132047:2024:expenditure:approved:3fabb1ce5c9d8dbb,assigned,09,retained,項,kyoiku-somu,
2024,expenditure,132047:2024:expenditure:approved:3fbd2516ba180a76,assigned,06,retained,目,toshikeikaku-somu,
2024,expenditure,132047:2024:expenditure:approved:3fbe963851281bd2,assigned,09,retained,項,kyoiku-somu,
2024,expenditure,132047:2024:expenditure:approved:3fd443102110bea3,assigned,10,retained,款,minsei,
2024,expenditure,132047:2024:expenditure:approved:3fd6ff5f9b7a7571,assigned,10,retained,款,minsei,
2024,expenditure,132047:2024:expenditure:approved:3fd72ea5c4657b60,assigned,04,retained,目,toshikeikaku-gairo,
2024,expenditure,132047:2024:expenditure:approved:3fdab50cc006de3e,assigned,01,retained,款,somu,
2024,expenditure,132047:2024:expenditure:approved:3fe1552e6d27f099,assigned,10,retained,款,minsei,
2024,expenditure,132047:2024:expenditure:approved:3fe4b0b6145128e6,assigned,10,retained,款,minsei,
2024,expenditure,132047:2024:expenditure:approved:3fea8af6dc89d7a3,assigned,09,retained,目,shogaigakushu-other,
2024,expenditure,132047:2024:expenditure:approved:3fec7e48a12b205d,assigned,09,retained,目,shogaigakushu-other,
2024,expenditure,132047:2024:expenditure:approved:4001212b0ccd9a4b,assigned,10,retained,款,minsei,
2024,expenditure,132047:2024:expenditure:approved:40020f247559e528,assigned,10,retained,款,minsei,
2024,expenditure,132047:2024:expenditure:approved:40129a67fe48563b,assigned,05,retained,項,eisei-seiso,
2024,expenditure,132047:2024:expenditure:approved:4043402b69d5fe4a,assigned,04,retained,項,doboku-doro,
2024,expenditure,132047:2024:expenditure:approved:4052f42faa8cc452,assigned,03,retained,款,shobo,
2024,expenditure,132047:2024:expenditure:approved:407f0361dfcdd474,assigned,07,retained,項,eisei-hoken,
2024,expenditure,132047:2024:expenditure:approved:409696e6f95327f2,assigned,01,retained,款,somu,
2024,expenditure,132047:2024:expenditure:approved:40a40a71ff129819,assigned,10,retained,会計,fund-kaigo-hoken,
2024,expenditure,132047:2024:expenditure:approved:40a6847cb6f98982,assigned,10,retained,款,minsei,
2024,expenditure,132047:2024:expenditure:approved:40a7b51e66bb7e21,assigned,01,retained,款,somu,
2024,expenditure,132047:2024:expenditure:approved:40ab8283d541d34e,assigned,08,retained,目,toshikeikaku-kouen,
2024,expenditure,132047:2024:expenditure:approved:40aca0072db6b47f,assigned,10,retained,款,minsei,
2024,expenditure,132047:2024:expenditure:approved:40aeb3b315a86583,assigned,08,retained,項,kyoiku-sports,
2024,expenditure,132047:2024:expenditure:approved:40b27622b1363686,assigned,01,retained,款,somu,
2024,expenditure,132047:2024:expenditure:approved:40be31b32cbd700a,assigned,10,retained,款,minsei,
2024,expenditure,132047:2024:expenditure:approved:40cce699a50bf95d,assigned,10,retained,款,minsei,
2024,expenditure,132047:2024:expenditure:approved:40d464b57cb93889,assigned,10,retained,款,minsei,
2024,expenditure,132047:2024:expenditure:approved:40d5d8d753df1216,assigned,10,retained,款,minsei,
2024,expenditure,132047:2024:expenditure:approved:40d61d92def1093d,assigned,05,retained,項,eisei-seiso,
2024,expenditure,132047:2024:expenditure:approved:40da6f834ea3e911,assigned,10,retained,款,minsei,
2024,expenditure,132047:2024:expenditure:approved:40dcd7c91021aab7,assigned,07,retained,項,eisei-hoken,
2024,expenditure,132047:2024:expenditure:approved:40e72789f40a07aa,assigned,03,retained,款,shobo,
2024,expenditure,132047:2024:expenditure:approved:40fdf1e85d735f9d,assigned,03,retained,款,shobo,
2024,expenditure,132047:2024:expenditure:approved:4103508e48dafee0,assigned,10,retained,款,minsei,
2024,expenditure,132047:2024:expenditure:approved:4104b3f10157819b,assigned,08,retained,項,kyoiku-sports,
2024,expenditure,132047:2024:expenditure:approved:41083b8419b67541,assigned,08,retained,項,kyoiku-sports,
2024,expenditure,132047:2024:expenditure:approved:4111b9259796843e,assigned,01,retained,款,somu,
2024,expenditure,132047:2024:expenditure:approved:411fb80dd1c978bc,assigned,07,retained,項,eisei-hoken,
2024,expenditure,132047:2024:expenditure:approved:4128fa6ba94932e6,assigned,05,retained,項,eisei-seiso,
2024,expenditure,132047:2024:expenditure:approved:41292c9fc173abe6,assigned,01,retained,款,somu,
2024,expenditure,132047:2024:expenditure:approved:412eba1688283784,assigned,05,retained,項,eisei-seiso,
2024,expenditure,132047:2024:expenditure:approved:41342e3663d093fa,assigned,08,retained,項,kyoiku-sports,
2024,expenditure,132047:2024:expenditure:approved:413bbe735629a7fd,assigned,09,retained,項,kyoiku-somu,
2024,expenditure,132047:2024:expenditure:approved:41425c1ff16e1631,assigned,10,retained,款,minsei,
2024,expenditure,132047:2024:expenditure:approved:414c258df300e98d,assigned,10,retained,款,minsei,
2024,expenditure,132047:2024:expenditure:approved:414dbda21613a18f,assigned,10,retained,款,minsei,
2024,expenditure,132047:2024:expenditure:approved:416099183b53c9f6,assigned,10,retained,款,minsei,
2024,expenditure,132047:2024:expenditure:approved:4164c2aaa5616077,assigned,10,retained,款,minsei,
2024,expenditure,132047:2024:expenditure:approved:41705085a1039fc5,assigned,01,retained,款,somu,
2024,expenditure,132047:2024:expenditure:approved:418cf9766deae148,assigned,10,retained,会計,fund-kaigo-service,
2024,expenditure,132047:2024:expenditure:approved:41b7739c14e49692,assigned,10,retained,款,minsei,
2024,expenditure,132047:2024:expenditure:approved:41bd4e2c902095cf,assigned,07,retained,項,eisei-hoken,
2024,expenditure,132047:2024:expenditure:approved:41d8977f4386febb,assigned,05,retained,項,doboku-kasen,
2024,expenditure,132047:2024:expenditure:approved:41dfb7ced365f655,assigned,10,retained,款,minsei,
2024,expenditure,132047:2024:expenditure:approved:41e089b2e626da0f,assigned,01,retained,款,somu,
2024,expenditure,132047:2024:expenditure:approved:4201aef5c40021f8,assigned,07,retained,項,eisei-hoken,
2024,expenditure,132047:2024:expenditure:approved:42030f024f6cd67a,assigned,09,retained,項,kyoiku-somu,
2024,expenditure,132047:2024:expenditure:approved:420c633b9e5001db,assigned,01,retained,款,somu,
2024,expenditure,132047:2024:expenditure:approved:421139ad0a7e64ee,assigned,04,retained,款,rodo,
2024,expenditure,132047:2024:expenditure:approved:4212683176e0b2c9,assigned,07,retained,項,eisei-hoken,
2024,expenditure,132047:2024:expenditure:approved:4230ccfbd60cdee8,assigned,01,retained,款,somu,
2024,expenditure,132047:2024:expenditure:approved:42417c20d8afc485,assigned,01,retained,款,somu,
2024,expenditure,132047:2024:expenditure:approved:4247a0c7d297323f,assigned,09,retained,目,shogaigakushu-other,
2024,expenditure,132047:2024:expenditure:approved:4257f1ea83f3d5e9,assigned,01,retained,款,somu,
2024,expenditure,132047:2024:expenditure:approved:425f0142c327827a,assigned,07,retained,項,eisei-hoken,
2024,expenditure,132047:2024:expenditure:approved:42616140dba23723,assigned,10,retained,款,minsei,
2024,expenditure,132047:2024:expenditure:approved:42790ba46a71269f,assigned,01,retained,款,somu,
2024,expenditure,132047:2024:expenditure:approved:428a5b71d650dfd4,assigned,10,retained,款,minsei,
2024,expenditure,132047:2024:expenditure:approved:428e3628bcf1d9be,assigned,10,retained,款,minsei,
2024,expenditure,132047:2024:expenditure:approved:428edf1b8f8455cf,assigned,01,retained,款,somu,
2024,expenditure,132047:2024:expenditure:approved:4291aa4c493157d7,assigned,10,retained,款,minsei,
2024,expenditure,132047:2024:expenditure:approved:4293504e32c5a061,assigned,09,retained,項,kyoiku-somu,
2024,expenditure,132047:2024:expenditure:approved:4298ddb4a14bf297,assigned,09,retained,項,kyoiku-somu,
2024,expenditure,132047:2024:expenditure:approved:42a7e69afe549407,assigned,10,retained,款,minsei,
2024,expenditure,132047:2024:expenditure:approved:42a854c2e3408d2a,assigned,04,retained,項,doboku-kanri,
2024,expenditure,132047:2024:expenditure:approved:42a88eb46070118f,assigned,10,retained,款,minsei,
2024,expenditure,132047:2024:expenditure:approved:42aad499a5212b5e,assigned,10,retained,会計,fund-kaigo-service,
2024,expenditure,132047:2024:expenditure:approved:42b2be70be908773,assigned,01,retained,款,somu,
2024,expenditure,132047:2024:expenditure:approved:42b7f8f4338cfcfb,assigned,01,retained,款,somu,
2024,expenditure,132047:2024:expenditure:approved:42cacc0d0f82901f,assigned,01,retained,款,somu,
2024,expenditure,132047:2024:expenditure:approved:42da7d856039beae,assigned,10,retained,款,minsei,
2024,expenditure,132047:2024:expenditure:approved:42ec6025145c4048,assigned,01,retained,款,somu,
2024,expenditure,132047:2024:expenditure:approved:42f470f2d8ed8c96,assigned,07,retained,会計,fund-kokuho,
2024,expenditure,132047:2024:expenditure:approved:42f7c0baa54b174a,assigned,04,retained,項,doboku-doro,
2024,expenditure,132047:2024:expenditure:approved:42fbb9f00bd5cc04,assigned,10,retained,款,minsei,
2024,expenditure,132047:2024:expenditure:approved:43001077748ef6c1,assigned,01,retained,款,somu,
2024,expenditure,132047:2024:expenditure:approved:4300e418336101af,assigned,01,retained,款,somu,
2024,expenditure,132047:2024:expenditure:approved:43095e63751032fd,assigned,04,retained,項,doboku-doro,
2024,expenditure,132047:2024:expenditure:approved:430f422491df0c6d,assigned,04,retained,款,norin,
2024,expenditure,132047:2024:expenditure:approved:431257d13fad1aff,assigned,10,retained,款,minsei,
2024,expenditure,132047:2024:expenditure:approved:431d4ab4210db4e4,assigned,10,retained,款,minsei,
2024,expenditure,132047:2024:expenditure:approved:432939727a9b5507,assigned,10,retained,款,minsei,
2024,expenditure,132047:2024:expenditure:approved:43414f873818bc09,assigned,10,retained,款,minsei,
2024,expenditure,132047:2024:expenditure:approved:4349dd4c49bed4f1,assigned,10,retained,款,minsei,
2024,expenditure,132047:2024:expenditure:approved:43678d88b0c1898e,assigned,09,retained,項,kyoiku-somu,
2024,expenditure,132047:2024:expenditure:approved:437cdd2f9723389d,assigned,04,retained,項,doboku-doro,
2024,expenditure,132047:2024:expenditure:approved:437e41f4ac1f4d84,assigned,01,retained,款,somu,
2024,expenditure,132047:2024:expenditure:approved:438268737184eed5,assigned,04,retained,項,doboku-kanri,
2024,expenditure,132047:2024:expenditure:approved:438c6e63d79a237f,assigned,01,retained,款,somu,
2024,expenditure,132047:2024:expenditure:approved:438cdd46de5ba11c,assigned,10,retained,款,minsei,
2024,expenditure,132047:2024:expenditure:approved:439375d107d0e6e6,assigned,09,retained,項,kyoiku-somu,
2024,expenditure,132047:2024:expenditure:approved:4393bf73d1a4b375,assigned,09,retained,目,shogaigakushu-other,
2024,expenditure,132047:2024:expenditure:approved:43a3461abc85d4ae,assigned,04,retained,項,doboku-doro,
2024,expenditure,132047:2024:expenditure:approved:43b87536b42d8f98,assigned,07,retained,項,eisei-hoken,
2024,expenditure,132047:2024:expenditure:approved:43c18edf1f042597,assigned,07,retained,項,eisei-hoken,
2024,expenditure,132047:2024:expenditure:approved:43c31781c2573721,assigned,09,retained,目,shogaigakushu-other,
2024,expenditure,132047:2024:expenditure:approved:43ceb6c66f7d0cfd,assigned,01,retained,款,somu,
2024,expenditure,132047:2024:expenditure:approved:43d143f5def3fa1a,assigned,07,retained,項,eisei-hoken,
2024,expenditure,132047:2024:expenditure:approved:43f5b3140b8df06f,assigned,01,retained,款,somu,
2024,expenditure,132047:2024:expenditure:approved:440905e7b6a6f792,assigned,04,retained,項,doboku-kanri,
2024,expenditure,132047:2024:expenditure:approved:441590f2b15f4af1,assigned,10,retained,款,minsei,
2024,expenditure,132047:2024:expenditure:approved:4418f677dd597c9f,assigned,01,retained,款,somu,
2024,expenditure,132047:2024:expenditure:approved:444106d1b0c3c94c,assigned,10,retained,款,minsei,
2024,expenditure,132047:2024:expenditure:approved:444169366f9a1157,assigned,04,retained,項,doboku-doro,
2024,expenditure,132047:2024:expenditure:approved:444b132b300bc6fc,assigned,04,retained,款,norin,
2024,expenditure,132047:2024:expenditure:approved:444b60179d794571,assigned,10,retained,款,minsei,
2024,expenditure,132047:2024:expenditure:approved:444d33f126643a16,assigned,04,retained,款,norin,
2024,expenditure,132047:2024:expenditure:approved:4462b72a1a8367a7,assigned,01,retained,款,somu,
2024,expenditure,132047:2024:expenditure:approved:4465d9cf1a65882d,assigned,09,retained,目,shogaigakushu-other,
2024,expenditure,132047:2024:expenditure:approved:448b1ea5859c7699,assigned,10,retained,款,minsei,
2024,expenditure,132047:2024:expenditure:approved:448d48b060d6c0b0,assigned,03,retained,款,shobo,
2024,expenditure,132047:2024:expenditure:approved:449f18a7ea767e8a,assigned,07,retained,項,eisei-hoken,
2024,expenditure,132047:2024:expenditure:approved:44b7aa87c61c66ec,assigned,01,retained,款,somu,
2024,expenditure,132047:2024:expenditure:approved:44c09b28d2f4af8c,assigned,10,retained,款,minsei,
2024,expenditure,132047:2024:expenditure:approved:44ca1c14ef21ba42,assigned,09,retained,項,kyoiku-somu,
2024,expenditure,132047:2024:expenditure:approved:44d6ecf354cf912c,assigned,09,retained,項,kyoiku-somu,
2024,expenditure,132047:2024:expenditure:approved:44f4ec79c31610c9,assigned,09,retained,項,kyoiku-somu,
2024,expenditure,132047:2024:expenditure:approved:44f5a1e564dc4b49,assigned,04,retained,項,doboku-doro,
2024,expenditure,132047:2024:expenditure:approved:44faa520018eeff6,assigned,06,retained,項,doboku-jutaku,
2024,expenditure,132047:2024:expenditure:approved:450dd2d5fc2c506d,assigned,09,retained,項,kyoiku-somu,
2024,expenditure,132047:2024:expenditure:approved:45160a14813ce5b1,assigned,07,retained,項,eisei-hoken,
2024,expenditure,132047:2024:expenditure:approved:45193387d363f1da,assigned,07,retained,項,eisei-hoken,
2024,expenditure,132047:2024:expenditure:approved:451a9e206fe8ac7c,assigned,01,retained,款,somu,
2024,expenditure,132047:2024:expenditure:approved:4528fefbb66c0e19,assigned,09,retained,目,shogaigakushu-other,
2024,expenditure,132047:2024:expenditure:approved:452d4ece3f6d887a,assigned,09,retained,目,shogaigakushu-other,
2024,expenditure,132047:2024:expenditure:approved:452e46197827057e,assigned,08,retained,項,kyoiku-sports,
2024,expenditure,132047:2024:expenditure:approved:45381bb2603fc383,assigned,05,retained,項,eisei-seiso,
2024,expenditure,132047:2024:expenditure:approved:453ef493cde3d351,assigned,01,retained,款,somu,
2024,expenditure,132047:2024:expenditure:approved:4581fd9db3d10f80,assigned,07,retained,項,eisei-hoken,
2024,expenditure,132047:2024:expenditure:approved:4589623d6011d20d,assigned,10,retained,款,minsei,
2024,expenditure,132047:2024:expenditure:approved:45a157eeda01c1c1,assigned,07,retained,会計,fund-kokuho,
2024,expenditure,132047:2024:expenditure:approved:45a2723d2febb145,assigned,10,retained,款,minsei,
2024,expenditure,132047:2024:expenditure:approved:45a4ed039611deff,assigned,04,retained,目,toshikeikaku-gairo,
2024,expenditure,132047:2024:expenditure:approved:45a612f1fdd8a82b,assigned,10,retained,款,minsei,
2024,expenditure,132047:2024:expenditure:approved:45af200bafcdedfd,assigned,10,retained,款,minsei,
2024,expenditure,132047:2024:expenditure:approved:45b09896fcaf1307,assigned,10,retained,款,minsei,
2024,expenditure,132047:2024:expenditure:approved:45b61403945b4d53,assigned,10,retained,款,minsei,
2024,expenditure,132047:2024:expenditure:approved:45bec5b7f0bf3d45,assigned,01,retained,款,somu,
2024,expenditure,132047:2024:expenditure:approved:45bf98d7c5fb5f87,assigned,10,retained,款,minsei,
2024,expenditure,132047:2024:expenditure:approved:45c2712a49a16ebb,assigned,04,retained,款,norin,
2024,expenditure,132047:2024:expenditure:approved:45eadc520b8e7f4e,assigned,10,retained,款,minsei,
2024,expenditure,132047:2024:expenditure:approved:45eb4fdae7542c1c,assigned,04,retained,項,doboku-doro,
2024,expenditure,132047:2024:expenditure:approved:45ef8792f98b7150,assigned,01,retained,款,somu,
2024,expenditure,132047:2024:expenditure:approved:45f04246e9f28072,assigned,10,retained,款,minsei,
2024,expenditure,132047:2024:expenditure:approved:45fe4058f27fb92f,assigned,08,retained,項,kyoiku-sports,
2024,expenditure,132047:2024:expenditure:approved:4604c6183e74a1d8,assigned,09,retained,項,kyoiku-somu,
2024,expenditure,132047:2024:expenditure:approved:460d4f4f951deabf,assigned,01,retained,款,somu,
2024,expenditure,132047:2024:expenditure:approved:46113ccf79b87f5e,assigned,01,retained,款,somu,
2024,expenditure,132047:2024:expenditure:approved:46123066c4d857a0,assigned,04,retained,項,doboku-doro,
2024,expenditure,132047:2024:expenditure:approved:4622e7a51c6caa30,assigned,01,retained,款,somu,
2024,expenditure,132047:2024:expenditure:approved:4624e805aca5593a,assigned,08,retained,目,toshikeikaku-kouen,
2024,expenditure,132047:2024:expenditure:approved:46282fdb75c33866,assigned,01,retained,款,somu,
2024,expenditure,132047:2024:expenditure:approved:463aa6883df13487,assigned,01,retained,款,somu,
2024,expenditure,132047:2024:expenditure:approved:463fced8f94a263c,assigned,10,retained,款,minsei,
2024,expenditure,132047:2024:expenditure:approved:464355fa0472a519,out-of-scope,"",retained,項,refund,
2024,expenditure,132047:2024:expenditure:approved:464a491cb5922cbd,assigned,10,retained,款,minsei,
2024,expenditure,132047:2024:expenditure:approved:464f79758419256e,assigned,10,retained,款,minsei,
2024,expenditure,132047:2024:expenditure:approved:46687f9f7d0bbd3c,assigned,10,retained,款,minsei,
2024,expenditure,132047:2024:expenditure:approved:466b62802dceb81d,assigned,10,retained,款,minsei,
2024,expenditure,132047:2024:expenditure:approved:4676ce46b33242b9,assigned,06,retained,目,toshikeikaku-somu,
2024,expenditure,132047:2024:expenditure:approved:469695fdbd6ad5da,assigned,01,retained,款,somu,
2024,expenditure,132047:2024:expenditure:approved:469aa63968412ff2,assigned,10,retained,款,minsei,
2024,expenditure,132047:2024:expenditure:approved:46af09d20d6c4cc4,assigned,01,retained,款,somu,
2024,expenditure,132047:2024:expenditure:approved:46c3fdde6bb8e482,assigned,09,retained,項,kyoiku-somu,
2024,expenditure,132047:2024:expenditure:approved:46e8560c3c9e22b7,assigned,04,retained,項,doboku-doro,
2024,expenditure,132047:2024:expenditure:approved:46ebea297f9597c6,assigned,01,retained,款,somu,
2024,expenditure,132047:2024:expenditure:approved:46f3e75e81c5c552,assigned,07,retained,会計,fund-kokuho,
2024,expenditure,132047:2024:expenditure:approved:46f47a525788831f,assigned,01,retained,款,somu,
2024,expenditure,132047:2024:expenditure:approved:46f491d6de9ab75d,assigned,01,retained,款,somu,
2024,expenditure,132047:2024:expenditure:approved:46f62eea7895fc24,assigned,10,retained,款,minsei,
2024,expenditure,132047:2024:expenditure:approved:4700597a4a337f46,assigned,01,retained,款,somu,
2024,expenditure,132047:2024:expenditure:approved:47060a3ffaf38676,assigned,10,retained,款,minsei,
2024,expenditure,132047:2024:expenditure:approved:470d402851ce30c1,assigned,01,retained,款,somu,
2024,expenditure,132047:2024:expenditure:approved:47219054770697b8,assigned,04,retained,款,shoko,
2024,expenditure,132047:2024:expenditure:approved:47257af33ceaf4b7,assigned,09,retained,項,kyoiku-somu,
2024,expenditure,132047:2024:expenditure:approved:473a0413048dc4e2,assigned,09,retained,目,shogaigakushu-other,
2024,expenditure,132047:2024:expenditure:approved:47493ebb7c31cb37,assigned,01,retained,款,somu,
2024,expenditure,132047:2024:expenditure:approved:47577d9af4a317dd,assigned,01,retained,款,somu,
2024,expenditure,132047:2024:expenditure:approved:4760d5a8dd480290,assigned,07,retained,項,eisei-hoken,
2024,expenditure,132047:2024:expenditure:approved:477bef199d065c59,assigned,01,retained,款,somu,
2024,expenditure,132047:2024:expenditure:approved:47804f9e0d3863f5,assigned,09,retained,項,kyoiku-somu,
2024,expenditure,132047:2024:expenditure:approved:47badf778a9b7d4f,assigned,01,retained,款,somu,
2024,expenditure,132047:2024:expenditure:approved:47c10c2d319492d2,assigned,09,retained,目,shogaigakushu-other,
2024,expenditure,132047:2024:expenditure:approved:47d422fb7da86977,assigned,01,retained,款,somu,
2024,expenditure,132047:2024:expenditure:approved:47d749e038421448,assigned,10,retained,款,minsei,
2024,expenditure,132047:2024:expenditure:approved:47ed079a1efa6f18,assigned,09,retained,項,kyoiku-somu,
2024,expenditure,132047:2024:expenditure:approved:47f24bd174273a20,assigned,06,retained,目,toshikeikaku-somu,
2024,expenditure,132047:2024:expenditure:approved:48086f634e9a01be,assigned,10,retained,款,minsei,
2024,expenditure,132047:2024:expenditure:approved:4815711e51af5e72,assigned,01,retained,款,somu,
2024,expenditure,132047:2024:expenditure:approved:48211b7d23a3fe56,assigned,10,retained,款,minsei,
2024,expenditure,132047:2024:expenditure:approved:48233a8b517041da,assigned,08,retained,項,kyoiku-sports,
2024,expenditure,132047:2024:expenditure:approved:482dafd9f7e1a050,assigned,09,retained,目,shogaigakushu-other,
2024,expenditure,132047:2024:expenditure:approved:483efb2e75c0f557,assigned,04,retained,款,shoko,
2024,expenditure,132047:2024:expenditure:approved:48438b91993e49ec,assigned,06,retained,項,doboku-jutaku,
2024,expenditure,132047:2024:expenditure:approved:484c8c5f573e335f,assigned,06,retained,目,toshikeikaku-somu,
2024,expenditure,132047:2024:expenditure:approved:485a1435f0103917,assigned,03,retained,款,shobo,
2024,expenditure,132047:2024:expenditure:approved:486607b5d14ec255,assigned,09,retained,目,shogaigakushu-other,
2024,expenditure,132047:2024:expenditure:approved:4867a7e6ad69be36,assigned,10,retained,款,minsei,
2024,expenditure,132047:2024:expenditure:approved:487d20686292d960,assigned,08,retained,項,kyoiku-sports,
2024,expenditure,132047:2024:expenditure:approved:488545f4b6b80d9b,assigned,10,retained,款,minsei,
2024,expenditure,132047:2024:expenditure:approved:4896cbb6c19cf3c4,assigned,05,retained,項,eisei-seiso,
2024,expenditure,132047:2024:expenditure:approved:48a3afa716e13f62,assigned,05,retained,項,eisei-seiso,
2024,expenditure,132047:2024:expenditure:approved:48c8cfe170d485df,assigned,01,retained,款,somu,
2024,expenditure,132047:2024:expenditure:approved:48cfd18d8c6fe3b1,assigned,04,retained,項,doboku-kanri,
2024,expenditure,132047:2024:expenditure:approved:4904669d5b2bff9c,assigned,09,retained,項,kyoiku-somu,
2024,expenditure,132047:2024:expenditure:approved:490557d13906f4a1,assigned,04,retained,項,doboku-doro,
2024,expenditure,132047:2024:expenditure:approved:49064d47e12fad24,assigned,10,retained,款,minsei,
2024,expenditure,132047:2024:expenditure:approved:4907dbd94169391a,assigned,09,retained,項,kyoiku-somu,
2024,expenditure,132047:2024:expenditure:approved:490f1e31097794bf,assigned,10,retained,款,minsei,
2024,expenditure,132047:2024:expenditure:approved:4912d3c2f23ec795,assigned,09,retained,項,kyoiku-somu,
2024,expenditure,132047:2024:expenditure:approved:492827c5bc155863,assigned,10,retained,款,minsei,
2024,expenditure,132047:2024:expenditure:approved:493222b78b2b4aef,assigned,10,retained,款,minsei,
2024,expenditure,132047:2024:expenditure:approved:493e1a14570db064,assigned,01,retained,款,somu,
2024,expenditure,132047:2024:expenditure:approved:495397bc309ae8d4,assigned,01,retained,款,somu,
2024,expenditure,132047:2024:expenditure:approved:4954595fb3a12d02,assigned,10,retained,款,minsei,
2024,expenditure,132047:2024:expenditure:approved:49640177191c9ec7,assigned,04,retained,款,rodo,
2024,expenditure,132047:2024:expenditure:approved:496b266b005d22e8,assigned,09,retained,目,shogaigakushu-other,
2024,expenditure,132047:2024:expenditure:approved:4974e0161424a1d9,assigned,07,retained,項,eisei-hoken,
2024,expenditure,132047:2024:expenditure:approved:4974f2d120a24f5d,assigned,01,retained,款,somu,
2024,expenditure,132047:2024:expenditure:approved:499dbf0f80dcef75,assigned,03,retained,款,shobo,
2024,expenditure,132047:2024:expenditure:approved:49b13673589cbf27,assigned,07,retained,項,eisei-hoken,
2024,expenditure,132047:2024:expenditure:approved:49b3614b2e934c3b,assigned,09,retained,目,shogaigakushu-other,
2024,expenditure,132047:2024:expenditure:approved:49ba408effe9ac0a,assigned,01,retained,款,somu,
2024,expenditure,132047:2024:expenditure:approved:49bec10296099be1,assigned,06,retained,目,toshikeikaku-somu,
2024,expenditure,132047:2024:expenditure:approved:49c651fd22b6c68f,assigned,08,retained,目,shogaigakushu-toshokan,
2024,expenditure,132047:2024:expenditure:approved:49cfb318cffc07bc,assigned,09,retained,項,kyoiku-somu,
2024,expenditure,132047:2024:expenditure:approved:49e171452b96c374,assigned,06,retained,目,toshikeikaku-somu,
2024,expenditure,132047:2024:expenditure:approved:49ee048c7bcd4790,assigned,10,retained,款,minsei,
2024,expenditure,132047:2024:expenditure:approved:49f23070b1542a28,assigned,07,retained,会計,fund-kouki,
2024,expenditure,132047:2024:expenditure:approved:4a08001b89d0dc1b,assigned,04,retained,項,doboku-doro,
2024,expenditure,132047:2024:expenditure:approved:4a0ae62a3afd6710,assigned,04,retained,項,doboku-doro,
2024,expenditure,132047:2024:expenditure:approved:4a11230e17039c36,assigned,01,retained,款,somu,
2024,expenditure,132047:2024:expenditure:approved:4a243163105fa504,assigned,06,retained,項,doboku-jutaku,
2024,expenditure,132047:2024:expenditure:approved:4a3ca3da6dd02688,assigned,10,retained,款,minsei,
2024,expenditure,132047:2024:expenditure:approved:4a5bab3f15b22c19,assigned,01,retained,款,somu,
2024,expenditure,132047:2024:expenditure:approved:4a750c8d267fa657,assigned,07,retained,項,eisei-hoken,
2024,expenditure,132047:2024:expenditure:approved:4a80cbee11337c4f,assigned,06,retained,項,doboku-jutaku,
2024,expenditure,132047:2024:expenditure:approved:4a94e3cea5ef66ca,assigned,07,retained,項,eisei-hoken,
2024,expenditure,132047:2024:expenditure:approved:4aa42627807681d9,assigned,04,retained,款,shoko,
2024,expenditure,132047:2024:expenditure:approved:4aa687367b518829,assigned,04,retained,款,shoko,
2024,expenditure,132047:2024:expenditure:approved:4aa6add2d3fa9128,assigned,10,retained,款,minsei,
2024,expenditure,132047:2024:expenditure:approved:4adafa88b55675c5,assigned,10,retained,款,minsei,
2024,expenditure,132047:2024:expenditure:approved:4ae5c9bf5d82cf77,assigned,10,retained,款,minsei,
2024,expenditure,132047:2024:expenditure:approved:4ae752fce51beebe,assigned,10,retained,款,minsei,
2024,expenditure,132047:2024:expenditure:approved:4aee99b416ff816a,assigned,04,retained,項,doboku-doro,
2024,expenditure,132047:2024:expenditure:approved:4b00b900df8bf4ab,assigned,10,retained,款,minsei,
2024,expenditure,132047:2024:expenditure:approved:4b0d6d632a5f407b,assigned,10,retained,会計,fund-kaigo-hoken,
2024,expenditure,132047:2024:expenditure:approved:4b23edaee3ccdfce,assigned,05,retained,項,eisei-seiso,
2024,expenditure,132047:2024:expenditure:approved:4b3efb641b40b377,assigned,04,retained,項,doboku-doro,
2024,expenditure,132047:2024:expenditure:approved:4b3f1aefb46fde40,assigned,01,retained,款,somu,
2024,expenditure,132047:2024:expenditure:approved:4b4021f27bd1c66d,assigned,09,retained,項,kyoiku-somu,
2024,expenditure,132047:2024:expenditure:approved:4b4e00d20fe5cf83,assigned,01,retained,款,somu,
2024,expenditure,132047:2024:expenditure:approved:4b4ecc916cff5fdd,assigned,03,retained,款,shobo,
2024,expenditure,132047:2024:expenditure:approved:4b529354c30c0b88,assigned,04,retained,項,doboku-doro,
2024,expenditure,132047:2024:expenditure:approved:4b52dc375db58d34,assigned,10,retained,会計,fund-kaigo-hoken,
2024,expenditure,132047:2024:expenditure:approved:4b54b684e877ebe4,assigned,01,retained,款,gikai,
2024,expenditure,132047:2024:expenditure:approved:4b57066b3c3d7e3d,assigned,01,retained,款,somu,
2024,expenditure,132047:2024:expenditure:approved:4b6305a8caaec7d9,assigned,01,retained,款,somu,
2024,expenditure,132047:2024:expenditure:approved:4b6383d3c4fecae9,assigned,01,retained,款,somu,
2024,expenditure,132047:2024:expenditure:approved:4b645c9ee795e4a0,assigned,10,retained,款,minsei,
2024,expenditure,132047:2024:expenditure:approved:4b6878562e761836,assigned,10,retained,款,minsei,
2024,expenditure,132047:2024:expenditure:approved:4b726dc685cceac7,assigned,09,retained,目,shogaigakushu-other,
2024,expenditure,132047:2024:expenditure:approved:4b7390a4fba0b771,assigned,09,retained,項,kyoiku-somu,
2024,expenditure,132047:2024:expenditure:approved:4b813eabee4ff91b,assigned,07,retained,項,eisei-hoken,
2024,expenditure,132047:2024:expenditure:approved:4b852180452ea029,assigned,10,retained,款,minsei,
2024,expenditure,132047:2024:expenditure:approved:4ba977c0cae176af,assigned,10,retained,款,minsei,
2024,expenditure,132047:2024:expenditure:approved:4bb7a09fb55ace34,assigned,01,retained,款,somu,
2024,expenditure,132047:2024:expenditure:approved:4beb52246d8b3a60,assigned,10,retained,款,minsei,
2024,expenditure,132047:2024:expenditure:approved:4bf3d69f3c48321e,assigned,10,retained,款,minsei,
2024,expenditure,132047:2024:expenditure:approved:4bfc3c69487d5a69,assigned,01,retained,款,somu,
2024,expenditure,132047:2024:expenditure:approved:4c126b8d27eee331,assigned,08,retained,目,toshikeikaku-kouen,
2024,expenditure,132047:2024:expenditure:approved:4c12b705ac51aa6e,assigned,01,retained,款,somu,
2024,expenditure,132047:2024:expenditure:approved:4c1974fb3348d15b,assigned,01,retained,款,somu,
2024,expenditure,132047:2024:expenditure:approved:4c1b0965107d4810,assigned,08,retained,目,toshikeikaku-kouen,
2024,expenditure,132047:2024:expenditure:approved:4c1cc707c43737d1,assigned,09,retained,項,kyoiku-somu,
2024,expenditure,132047:2024:expenditure:approved:4c291d786fe6f190,assigned,09,retained,項,kyoiku-somu,
2024,expenditure,132047:2024:expenditure:approved:4c3965441129c760,assigned,09,retained,項,kyoiku-somu,
2024,expenditure,132047:2024:expenditure:approved:4c49c962ff8127ae,assigned,10,retained,款,minsei,
2024,expenditure,132047:2024:expenditure:approved:4c66bf1db9ca7215,assigned,01,retained,款,somu,
2024,expenditure,132047:2024:expenditure:approved:4c69e7de2da48013,assigned,09,retained,目,shogaigakushu-other,
2024,expenditure,132047:2024:expenditure:approved:4c7f23eb3a731441,assigned,10,retained,款,minsei,
2024,expenditure,132047:2024:expenditure:approved:4c819090a5924b0d,assigned,01,retained,款,somu,
2024,expenditure,132047:2024:expenditure:approved:4c8590948e50a807,assigned,01,retained,款,somu,
2024,expenditure,132047:2024:expenditure:approved:4c8ee2b3d591d03e,assigned,01,retained,款,somu,
2024,expenditure,132047:2024:expenditure:approved:4c8f083308a9f5b4,assigned,06,retained,目,toshikeikaku-somu,
2024,expenditure,132047:2024:expenditure:approved:4c924cd959f22377,out-of-scope,"",retained,項,refund,
2024,expenditure,132047:2024:expenditure:approved:4c9ce52eecc72d5d,assigned,01,retained,款,somu,
2024,expenditure,132047:2024:expenditure:approved:4cabd39a30b7ec9c,assigned,04,retained,款,shoko,
2024,expenditure,132047:2024:expenditure:approved:4cc03f11937f2909,assigned,07,retained,項,eisei-hoken,
2024,expenditure,132047:2024:expenditure:approved:4cc29a62d3fbe0ac,assigned,10,eliminated,目,transfer-kaigo-hoken,介護保険事業特別会計
2024,expenditure,132047:2024:expenditure:approved:4cc2f99666da6809,assigned,10,retained,款,minsei,
2024,expenditure,132047:2024:expenditure:approved:4cd56403d3af13ec,assigned,07,retained,項,eisei-hoken,
2024,expenditure,132047:2024:expenditure:approved:4d144016fb5c7293,assigned,07,retained,項,eisei-hoken,
2024,expenditure,132047:2024:expenditure:approved:4d29c19eeb515378,assigned,04,retained,項,doboku-doro,
2024,expenditure,132047:2024:expenditure:approved:4d41c1a25f3bbf1e,assigned,10,retained,款,minsei,
2024,expenditure,132047:2024:expenditure:approved:4d4800736c8f97fd,assigned,10,retained,款,minsei,
2024,expenditure,132047:2024:expenditure:approved:4d4839d3b53db76a,assigned,10,retained,会計,fund-kaigo-hoken,
2024,expenditure,132047:2024:expenditure:approved:4d485c9b54a63f46,assigned,08,retained,目,shogaigakushu-toshokan,
2024,expenditure,132047:2024:expenditure:approved:4d4f9ad6a2434a4a,assigned,08,retained,目,shogaigakushu-toshokan,
2024,expenditure,132047:2024:expenditure:approved:4d64752bb8e02c49,assigned,01,retained,款,somu,
2024,expenditure,132047:2024:expenditure:approved:4d660fb5e6166a81,assigned,10,retained,款,minsei,
2024,expenditure,132047:2024:expenditure:approved:4d678761db72086c,assigned,08,retained,項,kyoiku-sports,
2024,expenditure,132047:2024:expenditure:approved:4d6855c00f572c1d,assigned,01,retained,款,somu,
2024,expenditure,132047:2024:expenditure:approved:4d6bae0fb032c625,assigned,04,retained,項,doboku-kanri,
2024,expenditure,132047:2024:expenditure:approved:4d74013abcc796c6,assigned,07,retained,項,eisei-hoken,
2024,expenditure,132047:2024:expenditure:approved:4d83f2cff1ea3c63,assigned,10,retained,款,minsei,
2024,expenditure,132047:2024:expenditure:approved:4d8b137a19cc38ed,assigned,09,retained,項,kyoiku-somu,
2024,expenditure,132047:2024:expenditure:approved:4d972ca8a25ca5a6,assigned,09,retained,項,kyoiku-somu,
2024,expenditure,132047:2024:expenditure:approved:4d9b156e4c64c67f,assigned,09,retained,項,kyoiku-somu,
2024,expenditure,132047:2024:expenditure:approved:4da2a51a395b2891,assigned,10,retained,款,minsei,
2024,expenditure,132047:2024:expenditure:approved:4daa72663b2514f6,assigned,10,retained,款,minsei,
2024,expenditure,132047:2024:expenditure:approved:4db494b4029d87f7,assigned,09,retained,項,kyoiku-somu,
2024,expenditure,132047:2024:expenditure:approved:4dd7ce5fb36937fc,assigned,10,retained,款,minsei,
2024,expenditure,132047:2024:expenditure:approved:4deb2a6ab6614232,assigned,04,retained,項,doboku-doro,
2024,expenditure,132047:2024:expenditure:approved:4df15b87e6e856ae,assigned,10,retained,款,minsei,
2024,expenditure,132047:2024:expenditure:approved:4df6fd83d8486275,assigned,01,retained,款,somu,
2024,expenditure,132047:2024:expenditure:approved:4e11103dcfef9a01,assigned,01,retained,款,somu,
2024,expenditure,132047:2024:expenditure:approved:4e1c340923cc1067,assigned,01,retained,款,somu,
2024,expenditure,132047:2024:expenditure:approved:4e1c9c49e2700e29,assigned,04,retained,款,norin,
2024,expenditure,132047:2024:expenditure:approved:4e34f47131fd7b1c,assigned,01,retained,款,somu,
2024,expenditure,132047:2024:expenditure:approved:4e379fbe9a964be8,assigned,09,retained,項,kyoiku-somu,
2024,expenditure,132047:2024:expenditure:approved:4e4090f889390a76,assigned,09,retained,目,shogaigakushu-other,
2024,expenditure,132047:2024:expenditure:approved:4e411d776c599adb,assigned,03,retained,款,shobo,
2024,expenditure,132047:2024:expenditure:approved:4e8b4d1550baf020,assigned,09,retained,目,shogaigakushu-other,
2024,expenditure,132047:2024:expenditure:approved:4e8c596b4eac6ba7,assigned,04,retained,款,shoko,
2024,expenditure,132047:2024:expenditure:approved:4e8d78fefc917594,assigned,09,retained,項,kyoiku-somu,
2024,expenditure,132047:2024:expenditure:approved:4e9efcde065d5e89,assigned,04,retained,項,doboku-doro,
2024,expenditure,132047:2024:expenditure:approved:4ebae087f09b948f,assigned,09,retained,項,kyoiku-somu,
2024,expenditure,132047:2024:expenditure:approved:4ec4437feaadb714,assigned,10,retained,会計,fund-kaigo-hoken,
2024,expenditure,132047:2024:expenditure:approved:4ecad5f2238a0fc0,assigned,10,retained,款,minsei,
2024,expenditure,132047:2024:expenditure:approved:4ed14d32ba68182e,assigned,07,retained,会計,fund-kouki,
2024,expenditure,132047:2024:expenditure:approved:4ed15c18b16978a7,assigned,10,retained,款,minsei,
2024,expenditure,132047:2024:expenditure:approved:4edd3038f40d4f0c,assigned,10,retained,款,minsei,
2024,expenditure,132047:2024:expenditure:approved:4efabcd9c0f817b6,assigned,09,retained,項,kyoiku-somu,
2024,expenditure,132047:2024:expenditure:approved:4f0b97bd66f231b6,assigned,10,retained,款,minsei,
2024,expenditure,132047:2024:expenditure:approved:4f0fddc10172fcb3,assigned,08,retained,項,kyoiku-sports,
2024,expenditure,132047:2024:expenditure:approved:4f271beb6494b971,assigned,04,retained,項,doboku-doro,
2024,expenditure,132047:2024:expenditure:approved:4f2caf143fba441d,assigned,09,retained,項,kyoiku-somu,
2024,expenditure,132047:2024:expenditure:approved:4f2d63cc26f0b8e7,assigned,09,retained,項,kyoiku-somu,
2024,expenditure,132047:2024:expenditure:approved:4f492262c4b7efad,assigned,07,retained,会計,fund-kouki,
2024,expenditure,132047:2024:expenditure:approved:4f4ec7de7237934d,assigned,09,retained,項,kyoiku-somu,
2024,expenditure,132047:2024:expenditure:approved:4f80ee1bd4e3d242,assigned,10,retained,款,minsei,
2024,expenditure,132047:2024:expenditure:approved:4f815c00a3a93e38,assigned,01,retained,款,somu,
2024,expenditure,132047:2024:expenditure:approved:4f92cee7d57d981b,assigned,09,retained,項,kyoiku-somu,
2024,expenditure,132047:2024:expenditure:approved:4f938d01f30503f9,assigned,08,retained,項,kyoiku-sports,
2024,expenditure,132047:2024:expenditure:approved:4fadb2a396e3ed8d,assigned,08,retained,目,toshikeikaku-kouen,
2024,expenditure,132047:2024:expenditure:approved:4fbd750eb6e79c81,assigned,01,retained,款,somu,
2024,expenditure,132047:2024:expenditure:approved:4fbfd46a6fa281d0,assigned,06,retained,項,doboku-jutaku,
2024,expenditure,132047:2024:expenditure:approved:4fcb2ca28569325b,assigned,10,retained,款,minsei,
2024,expenditure,132047:2024:expenditure:approved:4fd5ab38191d3436,assigned,05,retained,項,eisei-seiso,
2024,expenditure,132047:2024:expenditure:approved:4fef6cc3fea570f5,assigned,10,retained,会計,fund-kaigo-hoken,
2024,expenditure,132047:2024:expenditure:approved:4ff45cc4ea1a770e,assigned,10,retained,款,minsei,
2024,expenditure,132047:2024:expenditure:approved:4ff77c6e745345df,assigned,01,retained,款,somu,
2024,expenditure,132047:2024:expenditure:approved:4ffc3f86b0b302c3,assigned,10,retained,款,minsei,
2024,expenditure,132047:2024:expenditure:approved:5018fd9d8041b08b,assigned,08,retained,目,toshikeikaku-kouen,
2024,expenditure,132047:2024:expenditure:approved:502746b0c2ee706c,assigned,10,retained,款,minsei,
2024,expenditure,132047:2024:expenditure:approved:5032b3fc4dcc4dae,assigned,01,retained,款,somu,
2024,expenditure,132047:2024:expenditure:approved:50386fb4defc0341,assigned,10,retained,款,minsei,
2024,expenditure,132047:2024:expenditure:approved:50450014e4978459,assigned,01,retained,款,somu,
2024,expenditure,132047:2024:expenditure:approved:5047f2fd76392ede,assigned,06,retained,項,doboku-jutaku,
2024,expenditure,132047:2024:expenditure:approved:50665512d4d3223e,assigned,07,retained,項,eisei-hoken,
2024,expenditure,132047:2024:expenditure:approved:507294c29324df17,assigned,04,retained,項,doboku-kanri,
2024,expenditure,132047:2024:expenditure:approved:50785754536fa402,assigned,08,retained,目,shogaigakushu-toshokan,
2024,expenditure,132047:2024:expenditure:approved:507c2d6fdd42a245,assigned,01,retained,款,somu,
2024,expenditure,132047:2024:expenditure:approved:507f940d17d675ad,assigned,01,retained,款,somu,
2024,expenditure,132047:2024:expenditure:approved:50932e73abffeea4,assigned,01,retained,款,somu,
2024,expenditure,132047:2024:expenditure:approved:50939d7a84ee1a04,assigned,10,retained,款,minsei,
2024,expenditure,132047:2024:expenditure:approved:50a2bf53e384e820,assigned,01,retained,款,somu,
2024,expenditure,132047:2024:expenditure:approved:50bcae16e6209e6e,assigned,09,retained,項,kyoiku-somu,
2024,expenditure,132047:2024:expenditure:approved:50bccad90dfbc58e,assigned,07,retained,項,eisei-hoken,
2024,expenditure,132047:2024:expenditure:approved:50c23563e175f74d,assigned,08,retained,項,kyoiku-sports,
2024,expenditure,132047:2024:expenditure:approved:50dd1c3bb0433033,assigned,10,retained,款,minsei,
2024,expenditure,132047:2024:expenditure:approved:50e043ea5ce0c6a0,assigned,10,eliminated,目,transfer-kaigo-hoken,介護保険事業特別会計
2024,expenditure,132047:2024:expenditure:approved:5106d241711efe9e,assigned,06,retained,項,doboku-jutaku,
2024,expenditure,132047:2024:expenditure:approved:5118563357b8cb0b,assigned,01,retained,款,somu,
2024,expenditure,132047:2024:expenditure:approved:511d6304dad08205,assigned,09,retained,目,shogaigakushu-other,
2024,expenditure,132047:2024:expenditure:approved:512051f39377cd95,assigned,04,retained,款,norin,
2024,expenditure,132047:2024:expenditure:approved:513ec480acc33059,assigned,10,retained,款,minsei,
2024,expenditure,132047:2024:expenditure:approved:514d0ae8ca93c010,assigned,07,retained,会計,fund-kokuho,
2024,expenditure,132047:2024:expenditure:approved:516ccdf6cd38e8f4,assigned,10,retained,款,minsei,
2024,expenditure,132047:2024:expenditure:approved:518836899171463a,out-of-scope,"",eliminated,目,transfer-to-general,一般会計
2024,expenditure,132047:2024:expenditure:approved:518c0164d2feb584,assigned,05,retained,項,eisei-seiso,
2024,expenditure,132047:2024:expenditure:approved:518fcae660736fdc,assigned,07,retained,項,eisei-hoken,
2024,expenditure,132047:2024:expenditure:approved:5192336c115b6187,assigned,01,retained,款,somu,
2024,expenditure,132047:2024:expenditure:approved:51a6ce30e9f67f2e,assigned,01,retained,款,somu,
2024,expenditure,132047:2024:expenditure:approved:51a915dd37eb37c4,assigned,01,retained,款,somu,
2024,expenditure,132047:2024:expenditure:approved:51ae898f8f4be3d2,assigned,10,retained,会計,fund-kaigo-service,
2024,expenditure,132047:2024:expenditure:approved:51b47ccad596f973,assigned,10,retained,款,minsei,
2024,expenditure,132047:2024:expenditure:approved:51b7714306f63dcf,assigned,01,retained,款,somu,
2024,expenditure,132047:2024:expenditure:approved:51d5f3f78e8f43b4,assigned,01,retained,款,somu,
2024,expenditure,132047:2024:expenditure:approved:51da80601a2da531,assigned,10,retained,款,minsei,
2024,expenditure,132047:2024:expenditure:approved:51deab45ad683bd4,assigned,10,retained,款,minsei,
2024,expenditure,132047:2024:expenditure:approved:51f0e37aee245415,assigned,10,retained,款,minsei,
2024,expenditure,132047:2024:expenditure:approved:51fbe83cfb3ba526,assigned,08,retained,項,kyoiku-sports,
2024,expenditure,132047:2024:expenditure:approved:5212be7b620c8163,assigned,01,retained,款,somu,
2024,expenditure,132047:2024:expenditure:approved:5234532e2a9294b7,assigned,09,retained,項,kyoiku-somu,
2024,expenditure,132047:2024:expenditure:approved:5238e7944d455181,assigned,07,retained,会計,fund-kouki,
2024,expenditure,132047:2024:expenditure:approved:524dc8a9819b7048,assigned,09,retained,項,kyoiku-somu,
2024,expenditure,132047:2024:expenditure:approved:524f2f58ccf464d5,assigned,10,retained,款,minsei,
2024,expenditure,132047:2024:expenditure:approved:5251c5d5d931e005,assigned,01,retained,款,somu,
2024,expenditure,132047:2024:expenditure:approved:526b9ff5a73d3376,assigned,05,retained,項,eisei-seiso,
2024,expenditure,132047:2024:expenditure:approved:5282e9e8f88d530e,assigned,01,retained,款,somu,
2024,expenditure,132047:2024:expenditure:approved:528811e792361e6d,assigned,06,retained,項,doboku-jutaku,
2024,expenditure,132047:2024:expenditure:approved:528d06f78f8c8a95,assigned,09,retained,項,kyoiku-somu,
2024,expenditure,132047:2024:expenditure:approved:5299e02ecc74a6d8,assigned,10,retained,款,minsei,
2024,expenditure,132047:2024:expenditure:approved:52aa279b95a6eeff,assigned,07,retained,会計,fund-kokuho,
2024,expenditure,132047:2024:expenditure:approved:52ac989d5acf3ec2,assigned,06,retained,目,toshikeikaku-somu,
2024,expenditure,132047:2024:expenditure:approved:52b7dac9a4679844,assigned,09,retained,項,kyoiku-somu,
2024,expenditure,132047:2024:expenditure:approved:52c377d42257c617,assigned,04,retained,款,shoko,
2024,expenditure,132047:2024:expenditure:approved:52dec885f2377cfe,assigned,01,retained,款,somu,
2024,expenditure,132047:2024:expenditure:approved:52eb9746465dda0a,assigned,05,retained,項,eisei-seiso,
2024,expenditure,132047:2024:expenditure:approved:52fcfa661e116c96,assigned,08,retained,目,shogaigakushu-toshokan,
2024,expenditure,132047:2024:expenditure:approved:52ffbb34bc9f7a65,assigned,01,retained,款,somu,
2024,expenditure,132047:2024:expenditure:approved:5317b34919fbe76a,assigned,10,retained,款,minsei,
2024,expenditure,132047:2024:expenditure:approved:5320aea31fe7cc5f,assigned,09,retained,項,kyoiku-somu,
2024,expenditure,132047:2024:expenditure:approved:532673b6f1945d6c,assigned,09,retained,目,shogaigakushu-other,
2024,expenditure,132047:2024:expenditure:approved:5346422bb84c2183,assigned,01,retained,款,somu,
2024,expenditure,132047:2024:expenditure:approved:534fa99b869539eb,assigned,06,retained,項,doboku-jutaku,
2024,expenditure,132047:2024:expenditure:approved:535ab3fd2466bdf5,assigned,08,retained,項,kyoiku-sports,
2024,expenditure,132047:2024:expenditure:approved:536694a18168696d,assigned,07,retained,項,eisei-hoken,
2024,expenditure,132047:2024:expenditure:approved:5368a2fe1887fed9,assigned,01,retained,款,somu,
2024,expenditure,132047:2024:expenditure:approved:5369a073ae885d59,assigned,10,retained,款,minsei,
2024,expenditure,132047:2024:expenditure:approved:536d3956a9a9bb5b,assigned,04,retained,項,doboku-doro,
2024,expenditure,132047:2024:expenditure:approved:537125204176826f,assigned,01,retained,款,somu,
2024,expenditure,132047:2024:expenditure:approved:537a6037074bcf8b,assigned,10,retained,款,minsei,
2024,expenditure,132047:2024:expenditure:approved:538a7b56572991d5,assigned,01,retained,款,somu,
2024,expenditure,132047:2024:expenditure:approved:53b13a429c2d430a,assigned,10,retained,款,minsei,
2024,expenditure,132047:2024:expenditure:approved:53b573b448eb7793,assigned,03,retained,款,shobo,
2024,expenditure,132047:2024:expenditure:approved:53c163f923c27477,assigned,10,retained,款,minsei,
2024,expenditure,132047:2024:expenditure:approved:53f801a426b9e668,assigned,08,retained,目,shogaigakushu-toshokan,
2024,expenditure,132047:2024:expenditure:approved:54162a330ae31abd,assigned,10,retained,会計,fund-kaigo-hoken,
2024,expenditure,132047:2024:expenditure:approved:5422bd13d618645c,assigned,01,retained,款,gikai,
2024,expenditure,132047:2024:expenditure:approved:5427173534e77014,assigned,04,retained,款,rodo,
2024,expenditure,132047:2024:expenditure:approved:5427600233edb46b,assigned,10,retained,款,minsei,
2024,expenditure,132047:2024:expenditure:approved:542bf06adb0eb142,assigned,09,retained,項,kyoiku-somu,
2024,expenditure,132047:2024:expenditure:approved:5431e6c272408769,assigned,01,retained,目,debt-interest,
2024,expenditure,132047:2024:expenditure:approved:5432477b10597312,assigned,09,retained,項,kyoiku-somu,
2024,expenditure,132047:2024:expenditure:approved:543c4ed7b9076204,assigned,09,retained,目,shogaigakushu-other,
2024,expenditure,132047:2024:expenditure:approved:543ccee5ba34c07b,assigned,07,retained,項,eisei-hoken,
2024,expenditure,132047:2024:expenditure:approved:5447673f18485409,assigned,01,retained,款,somu,
2024,expenditure,132047:2024:expenditure:approved:5458d50461540b20,assigned,10,retained,款,minsei,
2024,expenditure,132047:2024:expenditure:approved:546164e5fc17707c,assigned,10,retained,款,minsei,
2024,expenditure,132047:2024:expenditure:approved:546c6902d9fe6ff8,assigned,01,retained,款,somu,
2024,expenditure,132047:2024:expenditure:approved:547f04f9649a63ea,assigned,07,retained,項,eisei-hoken,
2024,expenditure,132047:2024:expenditure:approved:54889a3bb955d4fd,assigned,05,retained,項,eisei-seiso,
2024,expenditure,132047:2024:expenditure:approved:5489ea10749c0306,assigned,01,retained,款,somu,
2024,expenditure,132047:2024:expenditure:approved:549045d23e5e2762,assigned,09,retained,項,kyoiku-somu,
2024,expenditure,132047:2024:expenditure:approved:54ab80d1b9c2e7b6,assigned,06,retained,目,toshikeikaku-somu,
2024,expenditure,132047:2024:expenditure:approved:54abee83421d3201,assigned,10,retained,款,minsei,
2024,expenditure,132047:2024:expenditure:approved:54c2d5c0778c0d46,assigned,01,retained,款,somu,
2024,expenditure,132047:2024:expenditure:approved:54c817efa1c3bd65,assigned,10,retained,款,minsei,
2024,expenditure,132047:2024:expenditure:approved:54d1b0853ec4f6d2,assigned,07,retained,項,eisei-hoken,
2024,expenditure,132047:2024:expenditure:approved:54e80f0975f4cafa,assigned,01,retained,款,somu,
2024,expenditure,132047:2024:expenditure:approved:54f2d1541a6e15cd,assigned,01,retained,款,somu,
2024,expenditure,132047:2024:expenditure:approved:54f2fa0b7e3921c4,assigned,09,retained,項,kyoiku-somu,
2024,expenditure,132047:2024:expenditure:approved:54f8843088101922,assigned,09,retained,項,kyoiku-somu,
2024,expenditure,132047:2024:expenditure:approved:550065a2f7c9ebf8,assigned,01,retained,款,somu,
2024,expenditure,132047:2024:expenditure:approved:550f33b5fc089d8e,assigned,05,retained,項,eisei-seiso,
2024,expenditure,132047:2024:expenditure:approved:551ab28f318f7a8e,assigned,10,retained,款,minsei,
2024,expenditure,132047:2024:expenditure:approved:5520c61692fa3424,assigned,01,retained,款,somu,
2024,expenditure,132047:2024:expenditure:approved:5522b351b98df06d,assigned,01,retained,款,somu,
2024,expenditure,132047:2024:expenditure:approved:553c4906d743ca2b,assigned,05,retained,項,eisei-seiso,
2024,expenditure,132047:2024:expenditure:approved:554128a872800775,assigned,04,retained,項,doboku-doro,
2024,expenditure,132047:2024:expenditure:approved:554f2399f51cebd2,assigned,08,retained,目,toshikeikaku-kouen,
2024,expenditure,132047:2024:expenditure:approved:5556619e5c3c43f3,assigned,01,retained,款,somu,
2024,expenditure,132047:2024:expenditure:approved:55612ed44ab2624c,assigned,08,retained,項,kyoiku-sports,
2024,expenditure,132047:2024:expenditure:approved:55642685f464bda9,assigned,09,retained,目,shogaigakushu-other,
2024,expenditure,132047:2024:expenditure:approved:55726f8d0e4cb938,assigned,06,retained,項,doboku-jutaku,
2024,expenditure,132047:2024:expenditure:approved:5575f9ae99549c8f,assigned,01,retained,款,somu,
2024,expenditure,132047:2024:expenditure:approved:55930c5c868d190f,assigned,10,retained,款,minsei,
2024,expenditure,132047:2024:expenditure:approved:55a2984f8aa22608,assigned,07,retained,項,eisei-hoken,
2024,expenditure,132047:2024:expenditure:approved:55aaf19168b4eee8,assigned,01,retained,款,gikai,
2024,expenditure,132047:2024:expenditure:approved:55aeb1a4cd2a3b98,assigned,09,retained,項,kyoiku-somu,
2024,expenditure,132047:2024:expenditure:approved:55be5937726f5545,assigned,01,retained,款,somu,
2024,expenditure,132047:2024:expenditure:approved:55e3d3344c2a6984,assigned,07,retained,項,eisei-hoken,
2024,expenditure,132047:2024:expenditure:approved:55ed7892fad802f1,assigned,07,retained,項,eisei-hoken,
2024,expenditure,132047:2024:expenditure:approved:55edb407d216b00e,assigned,09,retained,目,shogaigakushu-other,
2024,expenditure,132047:2024:expenditure:approved:55f4b45ff1cd6b2a,assigned,01,retained,款,somu,
2024,expenditure,132047:2024:expenditure:approved:55f5072cd65bad78,assigned,01,retained,款,somu,
2024,expenditure,132047:2024:expenditure:approved:55ff079085b0f114,assigned,10,retained,款,minsei,
2024,expenditure,132047:2024:expenditure:approved:560d3c6d7b5d4618,assigned,01,retained,款,somu,
2024,expenditure,132047:2024:expenditure:approved:56554060aa9e08af,assigned,04,retained,項,doboku-doro,
2024,expenditure,132047:2024:expenditure:approved:566837d3b9a1923f,assigned,10,retained,款,minsei,
2024,expenditure,132047:2024:expenditure:approved:566dd0426809c9d3,assigned,10,retained,款,minsei,
2024,expenditure,132047:2024:expenditure:approved:566e6908f2644cdf,assigned,01,retained,款,somu,
2024,expenditure,132047:2024:expenditure:approved:5671a7852b15ca43,assigned,07,retained,会計,fund-kokuho,
2024,expenditure,132047:2024:expenditure:approved:567223312a840710,assigned,06,retained,目,toshikeikaku-somu,
2024,expenditure,132047:2024:expenditure:approved:56765ed8edd8b458,assigned,09,retained,項,kyoiku-somu,
2024,expenditure,132047:2024:expenditure:approved:567d5e99fd31ef4f,assigned,01,retained,款,somu,
2024,expenditure,132047:2024:expenditure:approved:5680b4921bb11f76,assigned,04,retained,款,shoko,
2024,expenditure,132047:2024:expenditure:approved:56a0801f6410f322,assigned,10,retained,款,minsei,
2024,expenditure,132047:2024:expenditure:approved:56a2e8ad4db12076,assigned,01,retained,款,somu,
2024,expenditure,132047:2024:expenditure:approved:56b045488ef70553,assigned,04,retained,項,doboku-doro,
2024,expenditure,132047:2024:expenditure:approved:56b923bd10115112,assigned,10,retained,款,minsei,
2024,expenditure,132047:2024:expenditure:approved:56d6935874045385,assigned,09,retained,項,kyoiku-somu,
2024,expenditure,132047:2024:expenditure:approved:56d9395cda448d6f,assigned,10,retained,款,minsei,
2024,expenditure,132047:2024:expenditure:approved:56e1d4c8864beb3c,assigned,01,retained,款,somu,
2024,expenditure,132047:2024:expenditure:approved:570b1fe735bc43a5,assigned,07,retained,項,eisei-hoken,
2024,expenditure,132047:2024:expenditure:approved:5712e6763b841196,assigned,04,retained,款,shoko,
2024,expenditure,132047:2024:expenditure:approved:57196a1124595f9d,assigned,09,retained,項,kyoiku-somu,
2024,expenditure,132047:2024:expenditure:approved:5719ffa6dc2ac593,assigned,10,retained,会計,fund-kaigo-hoken,
2024,expenditure,132047:2024:expenditure:approved:571a086e2a8ae97e,assigned,10,retained,款,minsei,
2024,expenditure,132047:2024:expenditure:approved:571b52f331232a72,assigned,10,retained,款,minsei,
2024,expenditure,132047:2024:expenditure:approved:571bbd842663f5d6,assigned,09,retained,項,kyoiku-somu,
2024,expenditure,132047:2024:expenditure:approved:571c2f8943c9ca09,assigned,10,retained,款,minsei,
2024,expenditure,132047:2024:expenditure:approved:5724e978515e85b6,assigned,08,retained,項,kyoiku-sports,
2024,expenditure,132047:2024:expenditure:approved:572b38c752da7851,assigned,01,retained,款,somu,
2024,expenditure,132047:2024:expenditure:approved:5735607b63af5530,assigned,04,retained,項,doboku-doro,
2024,expenditure,132047:2024:expenditure:approved:5740685de73e87b5,assigned,01,retained,款,somu,
2024,expenditure,132047:2024:expenditure:approved:57561e5a7e3d4f73,assigned,10,retained,款,minsei,
2024,expenditure,132047:2024:expenditure:approved:575655caccf68ba2,assigned,01,retained,款,somu,
2024,expenditure,132047:2024:expenditure:approved:5756c846acadbc65,assigned,01,retained,款,somu,
2024,expenditure,132047:2024:expenditure:approved:577aa3a49786e8c6,assigned,01,retained,款,somu,
2024,expenditure,132047:2024:expenditure:approved:5789b980ffa029ab,assigned,10,retained,款,minsei,
2024,expenditure,132047:2024:expenditure:approved:579069cbcc611414,assigned,01,retained,款,somu,
2024,expenditure,132047:2024:expenditure:approved:57a272df1c930806,assigned,10,retained,款,minsei,
2024,expenditure,132047:2024:expenditure:approved:57a7fa0e57803c0e,assigned,01,retained,款,somu,
2024,expenditure,132047:2024:expenditure:approved:57b19cf37b8fceb8,assigned,04,retained,項,doboku-doro,
2024,expenditure,132047:2024:expenditure:approved:57c9794a50e026d4,assigned,05,retained,項,eisei-seiso,
2024,expenditure,132047:2024:expenditure:approved:57ced528f9177351,assigned,10,retained,款,minsei,
2024,expenditure,132047:2024:expenditure:approved:57dd59a5de97d5f6,assigned,09,retained,項,kyoiku-somu,
2024,expenditure,132047:2024:expenditure:approved:57e55eecaa830502,assigned,01,retained,款,somu,
2024,expenditure,132047:2024:expenditure:approved:57e57d7b24aaaba1,assigned,09,retained,項,kyoiku-somu,
2024,expenditure,132047:2024:expenditure:approved:57fddff56cdafaf6,assigned,07,retained,項,eisei-hoken,
2024,expenditure,132047:2024:expenditure:approved:57fe40cf844e712e,assigned,07,retained,項,eisei-hoken,
2024,expenditure,132047:2024:expenditure:approved:580837e251394d58,assigned,04,retained,項,doboku-doro,
2024,expenditure,132047:2024:expenditure:approved:580d42229f141164,assigned,10,retained,款,minsei,
2024,expenditure,132047:2024:expenditure:approved:581df9ce38681cc4,assigned,01,retained,款,somu,
2024,expenditure,132047:2024:expenditure:approved:581f480daa287afe,assigned,01,retained,款,somu,
2024,expenditure,132047:2024:expenditure:approved:583724d13042aaea,assigned,01,retained,款,somu,
2024,expenditure,132047:2024:expenditure:approved:5840760487da1995,assigned,08,retained,項,kyoiku-sports,
2024,expenditure,132047:2024:expenditure:approved:58434e4c0e4b1a68,assigned,10,retained,会計,fund-kaigo-hoken,
2024,expenditure,132047:2024:expenditure:approved:58456b4345ecb091,assigned,08,retained,項,kyoiku-sports,
2024,expenditure,132047:2024:expenditure:approved:58476eeb323890c9,assigned,01,retained,款,somu,
2024,expenditure,132047:2024:expenditure:approved:5857bf4aca52352d,assigned,06,retained,項,doboku-jutaku,
2024,expenditure,132047:2024:expenditure:approved:586a58d0a8b90214,unclassifiable,"",retained,款,contingency,
2024,expenditure,132047:2024:expenditure:approved:58803d1e9728be52,assigned,01,retained,款,somu,
2024,expenditure,132047:2024:expenditure:approved:588282f822a2410f,assigned,07,retained,項,eisei-hoken,
2024,expenditure,132047:2024:expenditure:approved:588c2ee29b0b6b71,assigned,01,retained,款,somu,
2024,expenditure,132047:2024:expenditure:approved:5894950f9c01d5d5,assigned,01,retained,款,somu,
2024,expenditure,132047:2024:expenditure:approved:589e9c4c90873cdb,assigned,01,retained,款,somu,
2024,expenditure,132047:2024:expenditure:approved:58a3003302646100,assigned,07,retained,項,eisei-hoken,
2024,expenditure,132047:2024:expenditure:approved:58adf86abf101209,assigned,01,retained,款,somu,
2024,expenditure,132047:2024:expenditure:approved:58f08bd069f3e479,assigned,10,retained,款,minsei,
2024,expenditure,132047:2024:expenditure:approved:58f190adaae9832b,assigned,09,retained,項,kyoiku-somu,
2024,expenditure,132047:2024:expenditure:approved:58f49c7c7a3e5160,assigned,10,retained,款,minsei,
2024,expenditure,132047:2024:expenditure:approved:58f975a3ea20c674,assigned,10,retained,会計,fund-kaigo-hoken,
2024,expenditure,132047:2024:expenditure:approved:590c4f821b5da8f7,assigned,10,retained,款,minsei,
2024,expenditure,132047:2024:expenditure:approved:591936dde97171a6,assigned,10,retained,款,minsei,
2024,expenditure,132047:2024:expenditure:approved:5944c3deaa4e2972,assigned,10,retained,款,minsei,
2024,expenditure,132047:2024:expenditure:approved:5946d64195304f21,assigned,10,retained,款,minsei,
2024,expenditure,132047:2024:expenditure:approved:595393618934abb6,assigned,10,eliminated,目,transfer-kaigo-service,介護サービス事業特別会計
2024,expenditure,132047:2024:expenditure:approved:5953f45d9de7a9ce,assigned,10,retained,款,minsei,
2024,expenditure,132047:2024:expenditure:approved:595f52218abde136,assigned,01,retained,款,somu,
2024,expenditure,132047:2024:expenditure:approved:59602e9ddc620bdf,assigned,01,retained,款,somu,
2024,expenditure,132047:2024:expenditure:approved:5974601fdb285148,assigned,01,retained,款,somu,
2024,expenditure,132047:2024:expenditure:approved:5974d5303970415b,assigned,01,retained,款,somu,
2024,expenditure,132047:2024:expenditure:approved:597be35b39b7d399,assigned,03,retained,款,shobo,
2024,expenditure,132047:2024:expenditure:approved:5987162035d8a66f,assigned,07,retained,項,eisei-hoken,
2024,expenditure,132047:2024:expenditure:approved:598872d11838254e,assigned,10,retained,款,minsei,
2024,expenditure,132047:2024:expenditure:approved:599692e7ae1d1bbe,assigned,07,retained,項,eisei-hoken,
2024,expenditure,132047:2024:expenditure:approved:599d2a568151c02e,assigned,08,retained,項,kyoiku-sports,
2024,expenditure,132047:2024:expenditure:approved:59a4efc67bb4bdef,assigned,10,retained,款,minsei,
2024,expenditure,132047:2024:expenditure:approved:59a9d3381a34e412,assigned,01,retained,款,somu,
2024,expenditure,132047:2024:expenditure:approved:59ac9c01b754693b,assigned,01,retained,款,somu,
2024,expenditure,132047:2024:expenditure:approved:59aca69a95bbbeec,assigned,09,retained,項,kyoiku-somu,
2024,expenditure,132047:2024:expenditure:approved:59b135641aa952ce,assigned,10,retained,款,minsei,
2024,expenditure,132047:2024:expenditure:approved:59c94e3a5f32ff14,assigned,08,retained,項,kyoiku-sports,
2024,expenditure,132047:2024:expenditure:approved:59cdffff8fad5f5f,assigned,10,retained,款,minsei,
2024,expenditure,132047:2024:expenditure:approved:59dd413bf7cac56b,assigned,01,retained,款,somu,
2024,expenditure,132047:2024:expenditure:approved:59e6d1ebc6aa3ee0,assigned,01,retained,款,somu,
2024,expenditure,132047:2024:expenditure:approved:59eddea5c08b6ffc,assigned,09,retained,項,kyoiku-somu,
2024,expenditure,132047:2024:expenditure:approved:59f98ae41bff2227,assigned,10,retained,会計,fund-kaigo-hoken,
2024,expenditure,132047:2024:expenditure:approved:59fd2ae0aacdca52,assigned,09,retained,目,shogaigakushu-other,
2024,expenditure,132047:2024:expenditure:approved:5a23fefeeae990c9,assigned,09,retained,項,kyoiku-somu,
2024,expenditure,132047:2024:expenditure:approved:5a358bafd58145f5,assigned,01,retained,款,somu,
2024,expenditure,132047:2024:expenditure:approved:5a3d8ec63cf4cf7b,assigned,01,retained,款,somu,
2024,expenditure,132047:2024:expenditure:approved:5a4afb57d1304b50,assigned,07,retained,項,eisei-hoken,
2024,expenditure,132047:2024:expenditure:approved:5a5497c760ca0165,assigned,10,retained,款,minsei,
2024,expenditure,132047:2024:expenditure:approved:5a67d82893830932,assigned,09,retained,目,shogaigakushu-other,
2024,expenditure,132047:2024:expenditure:approved:5a6be0da961bf1c3,assigned,08,retained,項,kyoiku-sports,
2024,expenditure,132047:2024:expenditure:approved:5a6f7bc1a51d7285,assigned,01,retained,款,gikai,
2024,expenditure,132047:2024:expenditure:approved:5a76313ad6c5e735,assigned,07,retained,項,eisei-hoken,
2024,expenditure,132047:2024:expenditure:approved:5a7d1d672c3dcfbc,assigned,07,retained,項,eisei-hoken,
2024,expenditure,132047:2024:expenditure:approved:5a9f9c3787f7e9bb,assigned,10,retained,款,minsei,
2024,expenditure,132047:2024:expenditure:approved:5aa2dc315224b9c9,assigned,01,retained,款,somu,
2024,expenditure,132047:2024:expenditure:approved:5aadb4797e81fb8c,assigned,01,retained,目,debt-interest,
2024,expenditure,132047:2024:expenditure:approved:5ab49a6246904c78,assigned,07,retained,項,eisei-hoken,
2024,expenditure,132047:2024:expenditure:approved:5ac2f5c00fc2835e,assigned,10,retained,款,minsei,
2024,expenditure,132047:2024:expenditure:approved:5ac3be2c2f938636,assigned,10,retained,款,minsei,
2024,expenditure,132047:2024:expenditure:approved:5acafb3c128417b6,assigned,06,retained,目,toshikeikaku-somu,
2024,expenditure,132047:2024:expenditure:approved:5acbcd7afc05cf50,assigned,01,retained,款,somu,
2024,expenditure,132047:2024:expenditure:approved:5ad69a00079f050f,assigned,04,retained,款,shoko,
2024,expenditure,132047:2024:expenditure:approved:5add813e63536d44,assigned,04,retained,款,shoko,
2024,expenditure,132047:2024:expenditure:approved:5b0358d27f5a2588,assigned,08,retained,項,kyoiku-sports,
2024,expenditure,132047:2024:expenditure:approved:5b2d7d413d456094,assigned,07,retained,項,eisei-hoken,
2024,expenditure,132047:2024:expenditure:approved:5b3d4ddc0d97bb67,assigned,01,retained,款,somu,
2024,expenditure,132047:2024:expenditure:approved:5b452fb7c256171b,assigned,04,retained,項,doboku-doro,
2024,expenditure,132047:2024:expenditure:approved:5b468ba6382dda22,assigned,01,retained,款,somu,
2024,expenditure,132047:2024:expenditure:approved:5b48b62871082a24,assigned,10,retained,款,minsei,
2024,expenditure,132047:2024:expenditure:approved:5b4b1a2f19d6ffa8,assigned,09,retained,項,kyoiku-somu,
2024,expenditure,132047:2024:expenditure:approved:5b6c5218253e02ed,assigned,07,retained,項,eisei-hoken,
2024,expenditure,132047:2024:expenditure:approved:5b79c5b31d44fd49,assigned,10,retained,款,minsei,
2024,expenditure,132047:2024:expenditure:approved:5b8fc3e964eb708b,assigned,09,retained,項,kyoiku-somu,
2024,expenditure,132047:2024:expenditure:approved:5b90105f47a54731,assigned,09,retained,目,shogaigakushu-other,
2024,expenditure,132047:2024:expenditure:approved:5b926f26631d404d,assigned,01,retained,款,somu,
2024,expenditure,132047:2024:expenditure:approved:5ba521a7d236b496,assigned,01,retained,款,somu,
2024,expenditure,132047:2024:expenditure:approved:5ba6e2e5361897b9,assigned,08,retained,項,kyoiku-sports,
2024,expenditure,132047:2024:expenditure:approved:5baced394ca67f35,assigned,10,retained,会計,fund-kaigo-hoken,
2024,expenditure,132047:2024:expenditure:approved:5c036553aea4393f,assigned,08,retained,項,kyoiku-sports,
2024,expenditure,132047:2024:expenditure:approved:5c09f4ea3ee87ce0,assigned,10,retained,款,minsei,
2024,expenditure,132047:2024:expenditure:approved:5c11ede998b172b3,assigned,04,retained,項,doboku-doro,
2024,expenditure,132047:2024:expenditure:approved:5c18095404516b5c,assigned,10,retained,款,minsei,
2024,expenditure,132047:2024:expenditure:approved:5c1df685ecf9e13a,assigned,04,retained,款,norin,
2024,expenditure,132047:2024:expenditure:approved:5c3b2a1526af61e5,assigned,07,retained,項,eisei-hoken,
2024,expenditure,132047:2024:expenditure:approved:5c3de027b546666b,assigned,01,retained,款,somu,
2024,expenditure,132047:2024:expenditure:approved:5c4a44cc12beb0c4,assigned,04,retained,項,doboku-doro,
2024,expenditure,132047:2024:expenditure:approved:5c4ea626a4521025,assigned,04,retained,項,doboku-doro,
2024,expenditure,132047:2024:expenditure:approved:5c5f5d4e473a77a3,assigned,10,retained,款,minsei,
2024,expenditure,132047:2024:expenditure:approved:5c75de2d47143f1f,assigned,05,retained,項,eisei-seiso,
2024,expenditure,132047:2024:expenditure:approved:5ca18a8f42c17c90,assigned,01,retained,款,somu,
2024,expenditure,132047:2024:expenditure:approved:5ca35c3ad9c1d839,assigned,07,retained,項,eisei-hoken,
2024,expenditure,132047:2024:expenditure:approved:5ca521cbe4a41848,assigned,07,retained,項,eisei-hoken,
2024,expenditure,132047:2024:expenditure:approved:5ca58bd7c54769e4,assigned,10,retained,款,minsei,
2024,expenditure,132047:2024:expenditure:approved:5cb09b78316ec2e7,assigned,09,retained,目,shogaigakushu-other,
2024,expenditure,132047:2024:expenditure:approved:5cc152d4091ee63e,assigned,04,retained,項,doboku-kanri,
2024,expenditure,132047:2024:expenditure:approved:5cc583632876712a,assigned,07,retained,項,eisei-hoken,
2024,expenditure,132047:2024:expenditure:approved:5cdb2719d5df9759,assigned,08,retained,項,kyoiku-sports,
2024,expenditure,132047:2024:expenditure:approved:5cf2425a3ae5a245,assigned,10,retained,款,minsei,
2024,expenditure,132047:2024:expenditure:approved:5d198854f7deba8d,assigned,08,retained,項,kyoiku-sports,
2024,expenditure,132047:2024:expenditure:approved:5d2138047f739ca6,assigned,10,retained,款,minsei,
2024,expenditure,132047:2024:expenditure:approved:5d3f73e5ddfd1fd8,assigned,10,retained,款,minsei,
2024,expenditure,132047:2024:expenditure:approved:5d409e9ade05704d,assigned,07,retained,項,eisei-hoken,
2024,expenditure,132047:2024:expenditure:approved:5d50ad07ec5c9897,assigned,10,retained,款,minsei,
2024,expenditure,132047:2024:expenditure:approved:5d6583002a568ad4,assigned,05,retained,項,eisei-seiso,
2024,expenditure,132047:2024:expenditure:approved:5d68098c9c4d2eb7,assigned,10,retained,款,minsei,
2024,expenditure,132047:2024:expenditure:approved:5d79390e63a4e24b,assigned,06,retained,項,doboku-jutaku,
2024,expenditure,132047:2024:expenditure:approved:5d7f052824070981,assigned,10,retained,款,minsei,
2024,expenditure,132047:2024:expenditure:approved:5d8d1c1e33ec3587,assigned,09,retained,項,kyoiku-somu,
2024,expenditure,132047:2024:expenditure:approved:5d8f57b8c444bef3,assigned,10,retained,款,minsei,
2024,expenditure,132047:2024:expenditure:approved:5d95d9982366f1fd,assigned,09,retained,項,kyoiku-somu,
2024,expenditure,132047:2024:expenditure:approved:5da30914655cece0,assigned,01,retained,款,somu,
2024,expenditure,132047:2024:expenditure:approved:5dad3e34f1453667,assigned,01,retained,款,somu,
2024,expenditure,132047:2024:expenditure:approved:5dca3d6f2e494d65,assigned,01,retained,款,somu,
2024,expenditure,132047:2024:expenditure:approved:5ddbfe3ead429c0e,assigned,09,retained,項,kyoiku-somu,
2024,expenditure,132047:2024:expenditure:approved:5ded40d36bfbcc0c,assigned,10,retained,款,minsei,
2024,expenditure,132047:2024:expenditure:approved:5dedbe1c02808f2d,assigned,01,retained,款,somu,
2024,expenditure,132047:2024:expenditure:approved:5df0547d6917eb20,assigned,03,retained,款,shobo,
2024,expenditure,132047:2024:expenditure:approved:5df7530e0df6610e,assigned,08,retained,目,toshikeikaku-kouen,
2024,expenditure,132047:2024:expenditure:approved:5e0c5f859d9f4210,assigned,10,retained,款,minsei,
2024,expenditure,132047:2024:expenditure:approved:5e237d1588d87dcc,assigned,01,retained,款,somu,
2024,expenditure,132047:2024:expenditure:approved:5e2a90f21c572305,assigned,10,retained,款,minsei,
2024,expenditure,132047:2024:expenditure:approved:5e365b80d3355ec3,assigned,01,retained,款,somu,
2024,expenditure,132047:2024:expenditure:approved:5e37de1129c898d7,assigned,09,retained,項,kyoiku-somu,
2024,expenditure,132047:2024:expenditure:approved:5e5e9d65ff1a537d,assigned,08,retained,目,shogaigakushu-toshokan,
2024,expenditure,132047:2024:expenditure:approved:5e60c1e8c10a890b,assigned,09,retained,目,shogaigakushu-other,
2024,expenditure,132047:2024:expenditure:approved:5e6c22e6b7f717b6,assigned,09,retained,目,shogaigakushu-other,
2024,expenditure,132047:2024:expenditure:approved:5e7806c0120dc4eb,assigned,08,retained,目,toshikeikaku-kouen,
2024,expenditure,132047:2024:expenditure:approved:5e898a676e6babf4,assigned,09,retained,項,kyoiku-somu,
2024,expenditure,132047:2024:expenditure:approved:5e8a0f564e97e02e,assigned,09,retained,項,kyoiku-somu,
2024,expenditure,132047:2024:expenditure:approved:5e92059836aff361,assigned,10,retained,款,minsei,
2024,expenditure,132047:2024:expenditure:approved:5eb0ec51757980d8,assigned,01,retained,款,somu,
2024,expenditure,132047:2024:expenditure:approved:5ebded0efdf61eb5,assigned,10,retained,款,minsei,
2024,expenditure,132047:2024:expenditure:approved:5ee5909919a54dd4,assigned,10,retained,款,minsei,
2024,expenditure,132047:2024:expenditure:approved:5ef0e2c5e6f070b6,assigned,09,retained,項,kyoiku-somu,
2024,expenditure,132047:2024:expenditure:approved:5efb8cb07265a5d1,assigned,07,retained,項,eisei-hoken,
2024,expenditure,132047:2024:expenditure:approved:5f10dc0ee33e3c82,assigned,03,retained,款,shobo,
2024,expenditure,132047:2024:expenditure:approved:5f2bc5b54713f08b,assigned,01,retained,款,somu,
2024,expenditure,132047:2024:expenditure:approved:5f308c4dc078f872,assigned,03,retained,款,shobo,
2024,expenditure,132047:2024:expenditure:approved:5f4380083cfd6001,assigned,01,retained,款,somu,
2024,expenditure,132047:2024:expenditure:approved:5f504e7a4312d1cb,assigned,07,retained,項,eisei-hoken,
2024,expenditure,132047:2024:expenditure:approved:5f5b110f70a852c7,assigned,07,retained,会計,fund-kouki,
2024,expenditure,132047:2024:expenditure:approved:5f6195300c80664f,assigned,10,retained,款,minsei,
2024,expenditure,132047:2024:expenditure:approved:5f64c386d1d35b8e,assigned,07,retained,項,eisei-hoken,
2024,expenditure,132047:2024:expenditure:approved:5f67c4222500edd3,assigned,09,retained,目,shogaigakushu-other,
2024,expenditure,132047:2024:expenditure:approved:5f77e1d60996fba1,assigned,10,retained,款,minsei,
2024,expenditure,132047:2024:expenditure:approved:5f8455f40e328f75,assigned,08,retained,目,shogaigakushu-toshokan,
2024,expenditure,132047:2024:expenditure:approved:5f84a502dfae4bbf,assigned,09,retained,項,kyoiku-somu,
2024,expenditure,132047:2024:expenditure:approved:5f8c347c2698f031,assigned,10,retained,款,minsei,
2024,expenditure,132047:2024:expenditure:approved:5fae3d2d781d97b8,assigned,10,retained,款,minsei,
2024,expenditure,132047:2024:expenditure:approved:5fb294b95597057e,assigned,10,retained,款,minsei,
2024,expenditure,132047:2024:expenditure:approved:5fba79afc50c1981,assigned,04,retained,款,norin,
2024,expenditure,132047:2024:expenditure:approved:5fc24655bf20a7c5,assigned,01,retained,款,gikai,
2024,expenditure,132047:2024:expenditure:approved:5fce6dcc45ee87b6,assigned,07,retained,項,eisei-hoken,
2024,expenditure,132047:2024:expenditure:approved:5fde2eed2c15e350,assigned,10,retained,款,minsei,
2024,expenditure,132047:2024:expenditure:approved:5fe075d18f61e0ad,assigned,04,retained,項,doboku-doro,
2024,expenditure,132047:2024:expenditure:approved:5fe9e5e68c004771,assigned,10,retained,款,minsei,
2024,expenditure,132047:2024:expenditure:approved:5ffa693cd64e6e21,assigned,07,retained,項,eisei-hoken,
2024,expenditure,132047:2024:expenditure:approved:5ffabaa5932d9471,assigned,10,retained,款,minsei,
2024,expenditure,132047:2024:expenditure:approved:600c0f3cdca91b85,assigned,07,retained,会計,fund-kokuho,
2024,expenditure,132047:2024:expenditure:approved:602124e96816998f,assigned,10,retained,款,minsei,
2024,expenditure,132047:2024:expenditure:approved:60463d682bb776f0,assigned,01,retained,款,somu,
2024,expenditure,132047:2024:expenditure:approved:606b6fec37cc0c7f,assigned,10,retained,款,minsei,
2024,expenditure,132047:2024:expenditure:approved:608fe3e8284263fd,assigned,10,retained,款,minsei,
2024,expenditure,132047:2024:expenditure:approved:609166916b7bf1bd,assigned,01,retained,款,somu,
2024,expenditure,132047:2024:expenditure:approved:6096f7a57a9b5ade,assigned,09,retained,項,kyoiku-somu,
2024,expenditure,132047:2024:expenditure:approved:60a08114616187ca,assigned,01,retained,款,somu,
2024,expenditure,132047:2024:expenditure:approved:60ab6994e3e20692,assigned,01,retained,款,somu,
2024,expenditure,132047:2024:expenditure:approved:60c26bc58e721eb9,assigned,09,retained,項,kyoiku-somu,
2024,expenditure,132047:2024:expenditure:approved:60c84489f1298ed3,assigned,09,retained,項,kyoiku-somu,
2024,expenditure,132047:2024:expenditure:approved:60d6376639f58a60,assigned,10,retained,款,minsei,
2024,expenditure,132047:2024:expenditure:approved:60dcf060437aa7dc,assigned,06,retained,目,toshikeikaku-somu,
2024,expenditure,132047:2024:expenditure:approved:60dd6b08f0b7323e,assigned,09,retained,項,kyoiku-somu,
2024,expenditure,132047:2024:expenditure:approved:60f0907488c0e115,assigned,01,retained,款,somu,
2024,expenditure,132047:2024:expenditure:approved:60f3da47517cc746,assigned,08,retained,目,shogaigakushu-toshokan,
2024,expenditure,132047:2024:expenditure:approved:60f4347c95b05c8b,assigned,01,retained,款,somu,
2024,expenditure,132047:2024:expenditure:approved:60f8fac2fcf3133f,assigned,08,retained,目,toshikeikaku-kouen,
2024,expenditure,132047:2024:expenditure:approved:60fc1d2e75dd462b,assigned,04,retained,項,doboku-doro,
2024,expenditure,132047:2024:expenditure:approved:60fdce2dd0926bcc,assigned,09,retained,目,shogaigakushu-other,
2024,expenditure,132047:2024:expenditure:approved:610b993acd6c66bf,assigned,04,retained,項,doboku-doro,
2024,expenditure,132047:2024:expenditure:approved:61118747cdc912d2,assigned,09,retained,項,kyoiku-somu,
2024,expenditure,132047:2024:expenditure:approved:6117a585430bc35d,assigned,03,retained,款,shobo,
2024,expenditure,132047:2024:expenditure:approved:6117ca8dc6733b4a,assigned,09,retained,項,kyoiku-somu,
2024,expenditure,132047:2024:expenditure:approved:611b9f98a6bce25e,assigned,09,retained,項,kyoiku-somu,
2024,expenditure,132047:2024:expenditure:approved:61256c8674f0a499,assigned,04,retained,項,doboku-kanri,
2024,expenditure,132047:2024:expenditure:approved:613cc162a9120696,assigned,07,retained,項,eisei-hoken,
2024,expenditure,132047:2024:expenditure:approved:6144d26733b2a0d2,assigned,03,retained,款,shobo,
2024,expenditure,132047:2024:expenditure:approved:614c494f123601d8,assigned,09,retained,項,kyoiku-somu,
2024,expenditure,132047:2024:expenditure:approved:615270e5196a93e7,assigned,10,retained,款,minsei,
2024,expenditure,132047:2024:expenditure:approved:615587acc06c5d73,assigned,01,retained,款,somu,
2024,expenditure,132047:2024:expenditure:approved:616df1f3c5a6fe3f,assigned,01,retained,款,somu,
2024,expenditure,132047:2024:expenditure:approved:617dc9516907e208,assigned,04,retained,款,shoko,
2024,expenditure,132047:2024:expenditure:approved:618c9ea56ece45c7,assigned,01,retained,款,somu,
2024,expenditure,132047:2024:expenditure:approved:6192f7f775ba2fdb,assigned,01,retained,款,somu,
2024,expenditure,132047:2024:expenditure:approved:619790f6fbcdf247,assigned,04,retained,款,shoko,
2024,expenditure,132047:2024:expenditure:approved:61aab7e1ab0c49dc,assigned,10,retained,款,minsei,
2024,expenditure,132047:2024:expenditure:approved:61aaca169e5499f5,assigned,01,retained,款,somu,
2024,expenditure,132047:2024:expenditure:approved:61b99ac05a33f590,assigned,10,retained,款,minsei,
2024,expenditure,132047:2024:expenditure:approved:61caceaa735ac15a,assigned,01,retained,款,somu,
2024,expenditure,132047:2024:expenditure:approved:61dec7a7e2b13dcb,assigned,01,retained,款,somu,
2024,expenditure,132047:2024:expenditure:approved:61e19f8c11e76fc9,assigned,07,retained,項,eisei-hoken,
2024,expenditure,132047:2024:expenditure:approved:61e1fe82e63138b9,assigned,09,retained,項,kyoiku-somu,
2024,expenditure,132047:2024:expenditure:approved:61eae2273a5ae7c9,assigned,10,retained,款,minsei,
2024,expenditure,132047:2024:expenditure:approved:61f1b73dd33713c4,assigned,09,retained,項,kyoiku-somu,
2024,expenditure,132047:2024:expenditure:approved:6204561e6863392c,assigned,10,retained,会計,fund-kaigo-hoken,
2024,expenditure,132047:2024:expenditure:approved:6204c862fa842e49,assigned,03,retained,款,shobo,
2024,expenditure,132047:2024:expenditure:approved:620aec6eee261da4,assigned,10,retained,会計,fund-kaigo-hoken,
2024,expenditure,132047:2024:expenditure:approved:621fffc4763d2f02,assigned,01,retained,款,somu,
2024,expenditure,132047:2024:expenditure:approved:622d1fa4cb0229ec,assigned,01,retained,款,somu,
2024,expenditure,132047:2024:expenditure:approved:622e7b7983869636,assigned,10,retained,款,minsei,
2024,expenditure,132047:2024:expenditure:approved:623be6f9d760e10b,assigned,08,retained,項,kyoiku-sports,
2024,expenditure,132047:2024:expenditure:approved:62402358fd8f5dbc,assigned,05,retained,項,eisei-seiso,
2024,expenditure,132047:2024:expenditure:approved:625651bedeeca675,assigned,08,retained,目,shogaigakushu-toshokan,
2024,expenditure,132047:2024:expenditure:approved:62630fa0df7a840f,assigned,01,retained,款,somu,
2024,expenditure,132047:2024:expenditure:approved:6266a4e7992fb6d1,assigned,10,retained,款,minsei,
2024,expenditure,132047:2024:expenditure:approved:6272fdd9c060cf70,assigned,07,retained,項,eisei-hoken,
2024,expenditure,132047:2024:expenditure:approved:627603f77d2092cd,assigned,04,retained,款,shoko,
2024,expenditure,132047:2024:expenditure:approved:627a33153b97f94e,assigned,01,retained,款,somu,
2024,expenditure,132047:2024:expenditure:approved:627adec9411856bd,assigned,09,retained,項,kyoiku-somu,
2024,expenditure,132047:2024:expenditure:approved:627af23e1cc07bfb,assigned,10,retained,款,minsei,
2024,expenditure,132047:2024:expenditure:approved:628b63680f2c3228,assigned,01,retained,款,somu,
2024,expenditure,132047:2024:expenditure:approved:6290e915b6fd9348,assigned,10,retained,款,minsei,
2024,expenditure,132047:2024:expenditure:approved:6298e266e6a5d6cb,assigned,04,retained,款,shoko,
2024,expenditure,132047:2024:expenditure:approved:62990b187ad5d7dd,assigned,10,retained,款,minsei,
2024,expenditure,132047:2024:expenditure:approved:62abffb792226493,assigned,01,retained,款,somu,
2024,expenditure,132047:2024:expenditure:approved:62c2079078ce902c,assigned,09,retained,目,shogaigakushu-other,
2024,expenditure,132047:2024:expenditure:approved:62c3ea1278d0743b,assigned,07,retained,項,eisei-hoken,
2024,expenditure,132047:2024:expenditure:approved:62d3aa06cedd49d0,assigned,01,retained,款,somu,
2024,expenditure,132047:2024:expenditure:approved:62e5fc82efa79a0b,assigned,04,retained,項,doboku-kanri,
2024,expenditure,132047:2024:expenditure:approved:62f0374a454008ee,assigned,07,eliminated,目,transfer-kouki,後期高齢者医療特別会計
2024,expenditure,132047:2024:expenditure:approved:62f5e3fbb43cf517,assigned,07,retained,会計,fund-kouki,
2024,expenditure,132047:2024:expenditure:approved:62f771d40f08a4ce,assigned,07,retained,項,eisei-hoken,
2024,expenditure,132047:2024:expenditure:approved:62ffbe8665eba982,assigned,01,retained,款,somu,
2024,expenditure,132047:2024:expenditure:approved:630103434f1258b0,assigned,10,retained,款,minsei,
2024,expenditure,132047:2024:expenditure:approved:630eb9a392beb5c4,assigned,01,retained,款,somu,
2024,expenditure,132047:2024:expenditure:approved:63142fcb9b5411c8,assigned,01,retained,款,somu,
2024,expenditure,132047:2024:expenditure:approved:6319a4b548707b23,assigned,04,retained,項,doboku-doro,
2024,expenditure,132047:2024:expenditure:approved:631dad4c7648029c,assigned,07,retained,項,eisei-hoken,
2024,expenditure,132047:2024:expenditure:approved:631e57ec2bda5e76,assigned,07,retained,項,eisei-hoken,
2024,expenditure,132047:2024:expenditure:approved:63231d00bf0771cc,assigned,04,retained,項,doboku-kanri,
2024,expenditure,132047:2024:expenditure:approved:633f30f575cc39e1,assigned,10,retained,款,minsei,
2024,expenditure,132047:2024:expenditure:approved:6341b61871944435,assigned,07,retained,項,eisei-hoken,
2024,expenditure,132047:2024:expenditure:approved:63426ea550026214,assigned,07,retained,項,eisei-hoken,
2024,expenditure,132047:2024:expenditure:approved:634bdc3afeb8f0ca,assigned,05,retained,項,eisei-seiso,
2024,expenditure,132047:2024:expenditure:approved:634d031d7a2f8bed,assigned,04,retained,款,norin,
2024,expenditure,132047:2024:expenditure:approved:6351e9e4b674f110,assigned,08,retained,項,kyoiku-sports,
2024,expenditure,132047:2024:expenditure:approved:635d2b6776326dca,assigned,10,retained,款,minsei,
2024,expenditure,132047:2024:expenditure:approved:636730359b6ef8aa,assigned,04,retained,項,doboku-doro,
2024,expenditure,132047:2024:expenditure:approved:637699ccab265a67,assigned,08,retained,項,kyoiku-sports,
2024,expenditure,132047:2024:expenditure:approved:6384a903052c2355,assigned,01,retained,款,somu,
2024,expenditure,132047:2024:expenditure:approved:6390c163506dfde2,assigned,10,retained,款,minsei,
2024,expenditure,132047:2024:expenditure:approved:63979a4d44d34f72,assigned,01,retained,款,somu,
2024,expenditure,132047:2024:expenditure:approved:63a3216b5430683d,assigned,07,retained,項,eisei-hoken,
2024,expenditure,132047:2024:expenditure:approved:63a5b2f1558ddaba,assigned,05,retained,項,eisei-seiso,
2024,expenditure,132047:2024:expenditure:approved:63b2a27b44d8085a,assigned,09,retained,項,kyoiku-somu,
2024,expenditure,132047:2024:expenditure:approved:63d3635d3c0e0156,assigned,01,retained,款,somu,
2024,expenditure,132047:2024:expenditure:approved:63e4c52f996fe84a,assigned,10,retained,款,minsei,
2024,expenditure,132047:2024:expenditure:approved:63f5eb6101082ffd,assigned,01,retained,款,somu,
2024,expenditure,132047:2024:expenditure:approved:64136d4e86a7e764,assigned,09,retained,項,kyoiku-somu,
2024,expenditure,132047:2024:expenditure:approved:6418fc20868ad2f2,assigned,10,retained,款,minsei,
2024,expenditure,132047:2024:expenditure:approved:64286add2a4f875a,assigned,09,retained,目,shogaigakushu-other,
2024,expenditure,132047:2024:expenditure:approved:6429af8cc3e89a98,assigned,09,retained,項,kyoiku-somu,
2024,expenditure,132047:2024:expenditure:approved:642a3112bb48a8f5,assigned,01,retained,款,somu,
2024,expenditure,132047:2024:expenditure:approved:643105e028c2583b,assigned,01,retained,款,somu,
2024,expenditure,132047:2024:expenditure:approved:645326fb59537a3a,assigned,01,retained,款,somu,
2024,expenditure,132047:2024:expenditure:approved:6455a6e90df1e94a,assigned,04,retained,款,shoko,
2024,expenditure,132047:2024:expenditure:approved:645cfbf83b132c25,assigned,04,retained,款,shoko,
2024,expenditure,132047:2024:expenditure:approved:645dbef60c275071,assigned,10,retained,款,minsei,
2024,expenditure,132047:2024:expenditure:approved:64604dbab6840f5e,assigned,10,retained,款,minsei,
2024,expenditure,132047:2024:expenditure:approved:6464c3bec021cc31,assigned,09,retained,項,kyoiku-somu,
2024,expenditure,132047:2024:expenditure:approved:646c7d31f4517131,assigned,08,retained,項,kyoiku-sports,
2024,expenditure,132047:2024:expenditure:approved:646f17cab0d36230,assigned,04,retained,項,doboku-doro,
2024,expenditure,132047:2024:expenditure:approved:647b5b4a95208623,assigned,10,retained,款,minsei,
2024,expenditure,132047:2024:expenditure:approved:64832765e3243990,assigned,01,retained,款,somu,
2024,expenditure,132047:2024:expenditure:approved:648542a705c8bfb2,assigned,10,retained,款,minsei,
2024,expenditure,132047:2024:expenditure:approved:649eeb54f5ca4d17,assigned,03,retained,款,shobo,
2024,expenditure,132047:2024:expenditure:approved:64a07cd8c18ba297,assigned,09,retained,項,kyoiku-somu,
2024,expenditure,132047:2024:expenditure:approved:64a5f588513a38e5,assigned,01,retained,款,gikai,
2024,expenditure,132047:2024:expenditure:approved:64af5ae397172692,assigned,10,retained,款,minsei,
2024,expenditure,132047:2024:expenditure:approved:64b8a394bdfc9010,assigned,09,retained,項,kyoiku-somu,
2024,expenditure,132047:2024:expenditure:approved:64dd0a9371fd6993,assigned,04,retained,款,norin,
2024,expenditure,132047:2024:expenditure:approved:64ee6af68c6a2f88,assigned,01,retained,款,somu,
2024,expenditure,132047:2024:expenditure:approved:650bf66589949312,assigned,01,retained,款,somu,
2024,expenditure,132047:2024:expenditure:approved:6513a7d3128b28fe,assigned,01,retained,款,somu,
2024,expenditure,132047:2024:expenditure:approved:6523df2183925155,assigned,01,retained,款,somu,
2024,expenditure,132047:2024:expenditure:approved:65456027cc1856c9,assigned,10,retained,款,minsei,
2024,expenditure,132047:2024:expenditure:approved:654e29a4ca101317,assigned,01,retained,款,somu,
2024,expenditure,132047:2024:expenditure:approved:65516d30ef85f1ee,assigned,09,retained,項,kyoiku-somu,
2024,expenditure,132047:2024:expenditure:approved:655a65c6dd3dd4be,assigned,09,retained,項,kyoiku-somu,
2024,expenditure,132047:2024:expenditure:approved:6566259e49c5c756,assigned,08,retained,目,shogaigakushu-toshokan,
2024,expenditure,132047:2024:expenditure:approved:6571417e94f81f53,assigned,07,retained,会計,fund-kokuho,
2024,expenditure,132047:2024:expenditure:approved:657f2b16f43f07b4,assigned,07,retained,会計,fund-kouki,
2024,expenditure,132047:2024:expenditure:approved:657fac6d25e542b5,assigned,04,retained,項,doboku-doro,
2024,expenditure,132047:2024:expenditure:approved:65820dde1691e45a,assigned,10,retained,款,minsei,
2024,expenditure,132047:2024:expenditure:approved:6589f70d4fb88a7a,assigned,04,retained,款,shoko,
2024,expenditure,132047:2024:expenditure:approved:658a350f661d4835,assigned,10,retained,款,minsei,
2024,expenditure,132047:2024:expenditure:approved:6597cec487573ca8,assigned,08,retained,目,toshikeikaku-kouen,
2024,expenditure,132047:2024:expenditure:approved:65a1cb00d50f795a,assigned,10,retained,款,minsei,
2024,expenditure,132047:2024:expenditure:approved:65c3fb0615c606e2,assigned,10,retained,款,minsei,
2024,expenditure,132047:2024:expenditure:approved:65c75e2d82355574,assigned,10,retained,款,minsei,
2024,expenditure,132047:2024:expenditure:approved:65e673d5c8799c92,assigned,01,retained,款,somu,
2024,expenditure,132047:2024:expenditure:approved:65e92b9368ce5311,assigned,10,retained,款,minsei,
2024,expenditure,132047:2024:expenditure:approved:65ef4f10f876d293,assigned,03,retained,款,shobo,
2024,expenditure,132047:2024:expenditure:approved:65ef658230635444,assigned,01,retained,款,somu,
2024,expenditure,132047:2024:expenditure:approved:65f7519babb0e783,assigned,04,retained,項,doboku-doro,
2024,expenditure,132047:2024:expenditure:approved:660861f86b109dc4,assigned,09,retained,目,shogaigakushu-other,
2024,expenditure,132047:2024:expenditure:approved:660a250e5d856e0a,assigned,10,retained,款,minsei,
2024,expenditure,132047:2024:expenditure:approved:66103500107d7659,assigned,09,retained,目,shogaigakushu-other,
2024,expenditure,132047:2024:expenditure:approved:66149649ed31d8a1,assigned,01,retained,款,somu,
2024,expenditure,132047:2024:expenditure:approved:661a21a946d050ee,assigned,10,retained,款,minsei,
2024,expenditure,132047:2024:expenditure:approved:66247e23b35cc68e,assigned,06,retained,目,toshikeikaku-somu,
2024,expenditure,132047:2024:expenditure:approved:6626078193adc1ba,assigned,01,retained,款,somu,
2024,expenditure,132047:2024:expenditure:approved:6628841ffd1c261b,assigned,01,retained,款,somu,
2024,expenditure,132047:2024:expenditure:approved:6640900d045adec5,assigned,10,retained,款,minsei,
2024,expenditure,132047:2024:expenditure:approved:66473541f8877496,assigned,08,retained,目,toshikeikaku-kouen,
2024,expenditure,132047:2024:expenditure:approved:6648c5190a96870c,assigned,10,retained,款,minsei,
2024,expenditure,132047:2024:expenditure:approved:665195543e70df32,assigned,10,retained,款,minsei,
2024,expenditure,132047:2024:expenditure:approved:66563bad8267ae2d,assigned,01,retained,款,somu,
2024,expenditure,132047:2024:expenditure:approved:6659b9bd0cef4b30,assigned,10,retained,款,minsei,
2024,expenditure,132047:2024:expenditure:approved:665c97f5e88674ba,assigned,01,retained,款,somu,
2024,expenditure,132047:2024:expenditure:approved:6661d9a7b0d889d9,assigned,07,retained,項,eisei-hoken,
2024,expenditure,132047:2024:expenditure:approved:66806f4da95fb562,assigned,10,retained,款,minsei,
2024,expenditure,132047:2024:expenditure:approved:668153045cba7579,assigned,10,retained,款,minsei,
2024,expenditure,132047:2024:expenditure:approved:668b7b345d5756c9,assigned,09,retained,項,kyoiku-somu,
2024,expenditure,132047:2024:expenditure:approved:668cfe20d64fcd26,assigned,10,retained,款,minsei,
2024,expenditure,132047:2024:expenditure:approved:6695f8bba3fcfccf,assigned,01,retained,款,somu,
2024,expenditure,132047:2024:expenditure:approved:66a9922e97337b44,assigned,04,retained,款,shoko,
2024,expenditure,132047:2024:expenditure:approved:66ac5cb17182538a,assigned,01,retained,款,somu,
2024,expenditure,132047:2024:expenditure:approved:66b8c8d3d3a19baf,assigned,10,retained,款,minsei,
2024,expenditure,132047:2024:expenditure:approved:66b8fd16d574af39,assigned,10,retained,会計,fund-kaigo-hoken,
2024,expenditure,132047:2024:expenditure:approved:66be5903bf0360ce,assigned,10,retained,会計,fund-kaigo-hoken,
2024,expenditure,132047:2024:expenditure:approved:66f1e35644faf6f5,assigned,09,retained,項,kyoiku-somu,
2024,expenditure,132047:2024:expenditure:approved:66f2cac05be84d75,assigned,10,retained,款,minsei,
2024,expenditure,132047:2024:expenditure:approved:66f83145b2223037,assigned,07,eliminated,目,transfer-kokuho,国民健康保険事業特別会計
2024,expenditure,132047:2024:expenditure:approved:6701ff4323257c62,assigned,10,retained,款,minsei,
2024,expenditure,132047:2024:expenditure:approved:6710f24e68a6a079,assigned,01,retained,款,somu,
2024,expenditure,132047:2024:expenditure:approved:671615be33cb97f6,assigned,01,retained,款,somu,
2024,expenditure,132047:2024:expenditure:approved:672beb1f3332d54c,assigned,10,retained,款,minsei,
2024,expenditure,132047:2024:expenditure:approved:673abb2191df28f8,assigned,01,retained,款,somu,
2024,expenditure,132047:2024:expenditure:approved:6746840660c7bce6,assigned,04,retained,項,doboku-kanri,
2024,expenditure,132047:2024:expenditure:approved:675e3ca23b5c21ca,assigned,09,retained,項,kyoiku-somu,
2024,expenditure,132047:2024:expenditure:approved:6768ce29ee0b1ba4,assigned,10,retained,款,minsei,
2024,expenditure,132047:2024:expenditure:approved:678cea1fe7fc087b,assigned,09,retained,項,kyoiku-somu,
2024,expenditure,132047:2024:expenditure:approved:6792416b7808c337,assigned,01,retained,款,somu,
2024,expenditure,132047:2024:expenditure:approved:67a25da08d836672,assigned,09,retained,項,kyoiku-somu,
2024,expenditure,132047:2024:expenditure:approved:67a48755ebe6a6df,assigned,10,retained,款,minsei,
2024,expenditure,132047:2024:expenditure:approved:67ccb0f5410003b0,assigned,09,retained,項,kyoiku-somu,
2024,expenditure,132047:2024:expenditure:approved:67d2a2593ad45cad,assigned,09,retained,項,kyoiku-somu,
2024,expenditure,132047:2024:expenditure:approved:67e15d3f49bf118d,assigned,01,retained,款,gikai,
2024,expenditure,132047:2024:expenditure:approved:67f4f203b546d056,assigned,09,retained,項,kyoiku-somu,
2024,expenditure,132047:2024:expenditure:approved:6806d11135e92aa1,assigned,07,retained,項,eisei-hoken,
2024,expenditure,132047:2024:expenditure:approved:68308cc060a49bf4,assigned,10,retained,款,minsei,
2024,expenditure,132047:2024:expenditure:approved:6835222eacd06658,assigned,09,retained,項,kyoiku-somu,
2024,expenditure,132047:2024:expenditure:approved:684349bda829c473,assigned,07,retained,項,eisei-hoken,
2024,expenditure,132047:2024:expenditure:approved:685e4c4341e035e5,assigned,01,retained,款,somu,
2024,expenditure,132047:2024:expenditure:approved:685f17205cabf51c,assigned,01,retained,款,gikai,
2024,expenditure,132047:2024:expenditure:approved:686131c03bb3a2bb,assigned,04,retained,項,doboku-doro,
2024,expenditure,132047:2024:expenditure:approved:6869a6f731fd8da0,assigned,09,retained,項,kyoiku-somu,
2024,expenditure,132047:2024:expenditure:approved:68969f83fe44cb9f,assigned,10,retained,款,minsei,
2024,expenditure,132047:2024:expenditure:approved:689ffe5130a3475f,assigned,01,retained,款,somu,
2024,expenditure,132047:2024:expenditure:approved:68b55a96e339352c,assigned,01,retained,款,somu,
2024,expenditure,132047:2024:expenditure:approved:68b56e8a2c35e85d,assigned,09,retained,項,kyoiku-somu,
2024,expenditure,132047:2024:expenditure:approved:68be45282723a142,assigned,01,retained,款,somu,
2024,expenditure,132047:2024:expenditure:approved:68ec0f43984667b2,assigned,01,retained,款,somu,
2024,expenditure,132047:2024:expenditure:approved:6900caf7e7d9dd12,assigned,10,retained,款,minsei,
2024,expenditure,132047:2024:expenditure:approved:6916e0c0c743f459,assigned,10,retained,款,minsei,
2024,expenditure,132047:2024:expenditure:approved:69173b011ec2fd9d,assigned,04,retained,項,doboku-doro,
2024,expenditure,132047:2024:expenditure:approved:6918ce60eace0e4e,assigned,07,retained,項,eisei-hoken,
2024,expenditure,132047:2024:expenditure:approved:69198c846412bae3,assigned,01,retained,款,somu,
2024,expenditure,132047:2024:expenditure:approved:692b462845404478,assigned,10,retained,款,minsei,
2024,expenditure,132047:2024:expenditure:approved:692d8f5fd67c34be,assigned,10,retained,款,minsei,
2024,expenditure,132047:2024:expenditure:approved:692f760f8cad4e2b,assigned,10,retained,款,minsei,
2024,expenditure,132047:2024:expenditure:approved:69349a9fa6a2a70f,assigned,01,retained,款,somu,
2024,expenditure,132047:2024:expenditure:approved:694ff618e1b80aa5,assigned,09,retained,項,kyoiku-somu,
2024,expenditure,132047:2024:expenditure:approved:695707eba17c0d68,assigned,06,retained,目,toshikeikaku-somu,
2024,expenditure,132047:2024:expenditure:approved:695a768ada961723,assigned,01,retained,款,somu,
2024,expenditure,132047:2024:expenditure:approved:695fc6c27c87cc84,assigned,01,retained,款,somu,
2024,expenditure,132047:2024:expenditure:approved:6963ca60301af8f7,assigned,10,retained,款,minsei,
2024,expenditure,132047:2024:expenditure:approved:6972ff64712aa2e8,assigned,01,retained,款,somu,
2024,expenditure,132047:2024:expenditure:approved:6982931743c48164,assigned,04,retained,款,shoko,
2024,expenditure,132047:2024:expenditure:approved:69901758768e32c5,assigned,04,retained,項,doboku-kanri,
2024,expenditure,132047:2024:expenditure:approved:6991eda3c5d3e95a,out-of-scope,"",retained,節,fund-accumulation,
2024,expenditure,132047:2024:expenditure:approved:699253b13dba11e7,assigned,01,retained,款,somu,
2024,expenditure,132047:2024:expenditure:approved:6992f72781a8c165,assigned,10,retained,款,minsei,
2024,expenditure,132047:2024:expenditure:approved:699a09f3c9e38a0e,assigned,10,retained,款,minsei,
2024,expenditure,132047:2024:expenditure:approved:699ea30339684c34,assigned,01,retained,款,somu,
2024,expenditure,132047:2024:expenditure:approved:69a99168451b8604,assigned,07,retained,項,eisei-hoken,
2024,expenditure,132047:2024:expenditure:approved:69aa9a46ec63307a,assigned,07,retained,会計,fund-kouki,
2024,expenditure,132047:2024:expenditure:approved:69abf1dda084f1c0,assigned,10,retained,款,minsei,
2024,expenditure,132047:2024:expenditure:approved:69bacc9eb308f037,assigned,01,retained,款,somu,
2024,expenditure,132047:2024:expenditure:approved:69c858004ca6a722,assigned,10,retained,款,minsei,
2024,expenditure,132047:2024:expenditure:approved:69d13d992bbe4ab2,assigned,05,retained,項,eisei-seiso,
2024,expenditure,132047:2024:expenditure:approved:69d50439148ac3e4,assigned,10,retained,款,minsei,
2024,expenditure,132047:2024:expenditure:approved:69d53e081ffe93f9,assigned,01,retained,款,somu,
2024,expenditure,132047:2024:expenditure:approved:69dcee9d4e89024f,assigned,04,retained,項,doboku-kanri,
2024,expenditure,132047:2024:expenditure:approved:69dd5f3f3887fdaf,assigned,04,retained,款,norin,
2024,expenditure,132047:2024:expenditure:approved:6a01dc88f39cf45b,assigned,01,retained,款,somu,
2024,expenditure,132047:2024:expenditure:approved:6a027c01e2a9f477,assigned,07,retained,項,eisei-hoken,
2024,expenditure,132047:2024:expenditure:approved:6a2e9f9ff7bf50cc,assigned,06,retained,目,toshikeikaku-somu,
2024,expenditure,132047:2024:expenditure:approved:6a3a26cf993a965b,assigned,01,retained,款,somu,
2024,expenditure,132047:2024:expenditure:approved:6a3d509f76b65ed3,assigned,10,retained,款,minsei,
2024,expenditure,132047:2024:expenditure:approved:6a58eab69ad02802,assigned,01,retained,款,somu,
2024,expenditure,132047:2024:expenditure:approved:6a59ab74a3c50889,assigned,10,retained,款,minsei,
2024,expenditure,132047:2024:expenditure:approved:6a5ebe9c72a65aca,assigned,01,retained,款,somu,
2024,expenditure,132047:2024:expenditure:approved:6a6247941e933d91,assigned,09,retained,目,shogaigakushu-other,
2024,expenditure,132047:2024:expenditure:approved:6a6e45dad0cf20c9,assigned,10,retained,款,minsei,
2024,expenditure,132047:2024:expenditure:approved:6a7274292a4cdc64,assigned,01,retained,款,somu,
2024,expenditure,132047:2024:expenditure:approved:6a75e893b7630bc8,assigned,06,retained,目,toshikeikaku-somu,
2024,expenditure,132047:2024:expenditure:approved:6a807a9f9b31e455,assigned,01,retained,款,somu,
2024,expenditure,132047:2024:expenditure:approved:6aa9d80a06212b7a,assigned,10,retained,会計,fund-kaigo-hoken,
2024,expenditure,132047:2024:expenditure:approved:6aac0c8db90ca7fc,assigned,07,retained,項,eisei-hoken,
2024,expenditure,132047:2024:expenditure:approved:6ab3d9eeb446148c,assigned,01,retained,款,somu,
2024,expenditure,132047:2024:expenditure:approved:6ac69cd3b63f327b,assigned,05,retained,項,doboku-kasen,
2024,expenditure,132047:2024:expenditure:approved:6ae0a5f263ee1d49,assigned,04,retained,款,norin,
2024,expenditure,132047:2024:expenditure:approved:6ae33402feda4204,assigned,03,retained,款,shobo,
2024,expenditure,132047:2024:expenditure:approved:6af4c7484976478e,assigned,04,retained,款,shoko,
2024,expenditure,132047:2024:expenditure:approved:6af64dfb1bd3a379,assigned,10,retained,款,minsei,
2024,expenditure,132047:2024:expenditure:approved:6b18b217dd797b08,assigned,06,retained,目,toshikeikaku-somu,
2024,expenditure,132047:2024:expenditure:approved:6b2ba40366300dbb,assigned,09,retained,目,shogaigakushu-other,
2024,expenditure,132047:2024:expenditure:approved:6b2e3a7cf44e307c,assigned,05,retained,項,eisei-seiso,
2024,expenditure,132047:2024:expenditure:approved:6b2f271865fab0b8,assigned,04,retained,項,doboku-kanri,
2024,expenditure,132047:2024:expenditure:approved:6b5418b0e8a93f61,assigned,01,retained,款,somu,
2024,expenditure,132047:2024:expenditure:approved:6b5d2f220868a969,assigned,01,retained,款,somu,
2024,expenditure,132047:2024:expenditure:approved:6b86b73098af56d9,assigned,10,retained,款,minsei,
2024,expenditure,132047:2024:expenditure:approved:6b9028f06dfa28c1,assigned,01,retained,款,somu,
2024,expenditure,132047:2024:expenditure:approved:6b925d6afcb94cc0,assigned,01,retained,款,somu,
2024,expenditure,132047:2024:expenditure:approved:6bb18b634ac3ad1d,assigned,01,retained,款,somu,
2024,expenditure,132047:2024:expenditure:approved:6bb417341c545ba1,assigned,09,retained,項,kyoiku-somu,
2024,expenditure,132047:2024:expenditure:approved:6bdddabbda17db9a,assigned,08,retained,目,toshikeikaku-kouen,
2024,expenditure,132047:2024:expenditure:approved:6bdfb875c83d5536,assigned,04,retained,款,norin,
2024,expenditure,132047:2024:expenditure:approved:6be61c9ce8a555f3,assigned,04,retained,項,doboku-kanri,
2024,expenditure,132047:2024:expenditure:approved:6bec5bdd2acef1c3,assigned,10,retained,款,minsei,
2024,expenditure,132047:2024:expenditure:approved:6bf219a2a97c6529,assigned,09,retained,項,kyoiku-somu,
2024,expenditure,132047:2024:expenditure:approved:6bfefcb6cbe29c48,assigned,10,retained,款,minsei,
2024,expenditure,132047:2024:expenditure:approved:6c08fec2f29ba919,assigned,01,retained,款,somu,
2024,expenditure,132047:2024:expenditure:approved:6c3685859f9b0047,assigned,06,retained,目,toshikeikaku-somu,
2024,expenditure,132047:2024:expenditure:approved:6c3f18f1bd71ff41,assigned,01,retained,款,somu,
2024,expenditure,132047:2024:expenditure:approved:6c53664598c2c19c,assigned,06,retained,項,doboku-jutaku,
2024,expenditure,132047:2024:expenditure:approved:6c624c87adcefb8b,assigned,01,retained,款,somu,
2024,expenditure,132047:2024:expenditure:approved:6c77dc2144a348a9,assigned,01,retained,款,somu,
2024,expenditure,132047:2024:expenditure:approved:6c8f6ff28a56bd4a,assigned,10,retained,款,minsei,
2024,expenditure,132047:2024:expenditure:approved:6cce9060f1c87d2a,assigned,10,retained,款,minsei,
2024,expenditure,132047:2024:expenditure:approved:6ce05c5f3032c264,assigned,08,retained,項,kyoiku-sports,
2024,expenditure,132047:2024:expenditure:approved:6ce89289b4bda016,assigned,10,retained,款,minsei,
2024,expenditure,132047:2024:expenditure:approved:6cf94b8ee56568b4,assigned,10,retained,款,minsei,
2024,expenditure,132047:2024:expenditure:approved:6d017b3c76e9053d,assigned,01,retained,款,somu,
2024,expenditure,132047:2024:expenditure:approved:6d14b0a60c6380da,assigned,10,retained,款,minsei,
2024,expenditure,132047:2024:expenditure:approved:6d16a755b14bece7,assigned,10,retained,款,minsei,
2024,expenditure,132047:2024:expenditure:approved:6d276de45688ab25,assigned,10,retained,款,minsei,
2024,expenditure,132047:2024:expenditure:approved:6d2d86871d2b5607,assigned,03,retained,款,shobo,
2024,expenditure,132047:2024:expenditure:approved:6d2e065fbf89cea9,assigned,10,retained,款,minsei,
2024,expenditure,132047:2024:expenditure:approved:6d32a011310277e5,assigned,10,retained,款,minsei,
2024,expenditure,132047:2024:expenditure:approved:6d33d4bf367a8f50,assigned,09,retained,項,kyoiku-somu,
2024,expenditure,132047:2024:expenditure:approved:6d3942b79cdd79d9,assigned,01,retained,款,somu,
2024,expenditure,132047:2024:expenditure:approved:6d4c06b738d0356c,assigned,10,retained,款,minsei,
2024,expenditure,132047:2024:expenditure:approved:6d5c9bd8e83dd7f7,assigned,06,retained,目,toshikeikaku-somu,
2024,expenditure,132047:2024:expenditure:approved:6d6d2287100817f6,assigned,08,retained,目,toshikeikaku-kouen,
2024,expenditure,132047:2024:expenditure:approved:6d6da33ea1cdd3a4,assigned,10,retained,款,minsei,
2024,expenditure,132047:2024:expenditure:approved:6d705b32d8fe1be5,assigned,07,retained,項,eisei-hoken,
2024,expenditure,132047:2024:expenditure:approved:6d8d1ca6a8fb7d99,assigned,10,retained,款,minsei,
2024,expenditure,132047:2024:expenditure:approved:6d97ca8a53907fa2,assigned,09,retained,目,shogaigakushu-other,
2024,expenditure,132047:2024:expenditure:approved:6da93aab24bedc35,assigned,06,retained,目,toshikeikaku-somu,
2024,expenditure,132047:2024:expenditure:approved:6db094034ed75baa,assigned,10,retained,款,minsei,
2024,expenditure,132047:2024:expenditure:approved:6dbac2c478cdfb82,assigned,03,retained,款,shobo,
2024,expenditure,132047:2024:expenditure:approved:6dc7045836894ebf,assigned,04,retained,項,doboku-doro,
2024,expenditure,132047:2024:expenditure:approved:6dcc292955cbdc46,assigned,10,retained,款,minsei,
2024,expenditure,132047:2024:expenditure:approved:6dd007e33b84f40f,assigned,01,retained,款,somu,
2024,expenditure,132047:2024:expenditure:approved:6ddc4831f1047021,assigned,09,retained,項,kyoiku-somu,
2024,expenditure,132047:2024:expenditure:approved:6ddfbaa5e0a9113a,assigned,10,retained,款,minsei,
2024,expenditure,132047:2024:expenditure:approved:6de5fdac961c28ef,assigned,08,retained,目,toshikeikaku-kouen,
2024,expenditure,132047:2024:expenditure:approved:6deb7af1cc0ad554,assigned,01,retained,款,gikai,
2024,expenditure,132047:2024:expenditure:approved:6df2aea54fdf03c8,assigned,10,retained,会計,fund-kaigo-hoken,
2024,expenditure,132047:2024:expenditure:approved:6e2203aa4ca49213,assigned,08,retained,項,kyoiku-sports,
2024,expenditure,132047:2024:expenditure:approved:6e2233ab9b2d51e0,assigned,10,retained,款,minsei,
2024,expenditure,132047:2024:expenditure:approved:6e24a30fd0a4b226,assigned,09,retained,目,shogaigakushu-other,
2024,expenditure,132047:2024:expenditure:approved:6e44af4ce50216e6,assigned,01,retained,款,somu,
2024,expenditure,132047:2024:expenditure:approved:6e45a3b6d05f0679,assigned,01,retained,款,somu,
2024,expenditure,132047:2024:expenditure:approved:6e48571b266bfbde,assigned,10,retained,款,minsei,
2024,expenditure,132047:2024:expenditure:approved:6e4f4bedbf9da788,assigned,04,retained,項,doboku-doro,
2024,expenditure,132047:2024:expenditure:approved:6e550f5cd15afc31,assigned,09,retained,目,shogaigakushu-other,
2024,expenditure,132047:2024:expenditure:approved:6e713f2d86020733,assigned,03,retained,款,shobo,
2024,expenditure,132047:2024:expenditure:approved:6e7a54d959e67c42,assigned,01,retained,款,somu,
2024,expenditure,132047:2024:expenditure:approved:6e856bdf917fd686,assigned,07,retained,項,eisei-hoken,
2024,expenditure,132047:2024:expenditure:approved:6e8aa0c064195913,assigned,01,retained,款,somu,
2024,expenditure,132047:2024:expenditure:approved:6e915db2aa78bf66,assigned,01,retained,款,somu,
2024,expenditure,132047:2024:expenditure:approved:6eaa9241d3f2e985,assigned,07,retained,項,eisei-hoken,
2024,expenditure,132047:2024:expenditure:approved:6eab6b69603c73b4,assigned,10,retained,款,minsei,
2024,expenditure,132047:2024:expenditure:approved:6ec7e4004f1b7121,assigned,07,retained,項,eisei-hoken,
2024,expenditure,132047:2024:expenditure:approved:6ec871d83c93f66b,assigned,10,retained,款,minsei,
2024,expenditure,132047:2024:expenditure:approved:6ece9d58bf0f0f16,assigned,10,retained,款,minsei,
2024,expenditure,132047:2024:expenditure:approved:6ee280577ea37147,assigned,07,retained,項,eisei-hoken,
2024,expenditure,132047:2024:expenditure:approved:6f130895c86658f6,assigned,04,retained,款,norin,
2024,expenditure,132047:2024:expenditure:approved:6f14f925fa02946b,assigned,04,retained,款,shoko,
2024,expenditure,132047:2024:expenditure:approved:6f1c411435b8e104,assigned,01,retained,款,somu,
2024,expenditure,132047:2024:expenditure:approved:6f24ed9f739aca71,assigned,10,retained,款,minsei,
2024,expenditure,132047:2024:expenditure:approved:6f2818953b6952b5,assigned,01,retained,款,somu,
2024,expenditure,132047:2024:expenditure:approved:6f33adff881f5161,assigned,07,retained,項,eisei-hoken,
2024,expenditure,132047:2024:expenditure:approved:6f3eaa49ef6a8e13,assigned,01,retained,款,somu,
2024,expenditure,132047:2024:expenditure:approved:6f4c88b992fd3378,assigned,09,retained,目,shogaigakushu-other,
2024,expenditure,132047:2024:expenditure:approved:6f5363f742d1b2dc,assigned,07,retained,会計,fund-kouki,
2024,expenditure,132047:2024:expenditure:approved:6f8094ee4f81440d,assigned,01,retained,款,somu,
2024,expenditure,132047:2024:expenditure:approved:6f86bf0abf9c39ed,assigned,10,retained,款,minsei,
2024,expenditure,132047:2024:expenditure:approved:6fee62384e7782e3,assigned,07,retained,項,eisei-hoken,
2024,expenditure,132047:2024:expenditure:approved:6ff73c2b10575c39,assigned,04,retained,項,doboku-kanri,
2024,expenditure,132047:2024:expenditure:approved:6ff8eeb260006058,assigned,10,retained,款,minsei,
2024,expenditure,132047:2024:expenditure:approved:6ffd7c2bc3b0eac8,assigned,07,retained,項,eisei-hoken,
2024,expenditure,132047:2024:expenditure:approved:700b66a3ea3f1605,assigned,07,retained,項,eisei-hoken,
2024,expenditure,132047:2024:expenditure:approved:700db42ebc06dbd7,assigned,01,retained,款,somu,
2024,expenditure,132047:2024:expenditure:approved:70153c01324540cd,assigned,01,retained,款,somu,
2024,expenditure,132047:2024:expenditure:approved:70178531c59665e2,assigned,04,retained,項,doboku-doro,
2024,expenditure,132047:2024:expenditure:approved:702389b537902f06,assigned,01,retained,款,somu,
2024,expenditure,132047:2024:expenditure:approved:703984ecb555c34d,assigned,07,retained,項,eisei-hoken,
2024,expenditure,132047:2024:expenditure:approved:703ee9469477d027,assigned,04,retained,項,doboku-kanri,
2024,expenditure,132047:2024:expenditure:approved:7053bd4e873cb339,assigned,04,retained,款,shoko,
2024,expenditure,132047:2024:expenditure:approved:705ad7894d73621d,assigned,05,retained,項,eisei-seiso,
2024,expenditure,132047:2024:expenditure:approved:705d1daa708a76fc,assigned,08,retained,項,kyoiku-sports,
2024,expenditure,132047:2024:expenditure:approved:705e7e3d2cb2e78f,assigned,09,retained,項,kyoiku-somu,
2024,expenditure,132047:2024:expenditure:approved:7065355de3f115bd,assigned,08,retained,項,kyoiku-sports,
2024,expenditure,132047:2024:expenditure:approved:70683848dd1ede1a,assigned,01,retained,款,somu,
2024,expenditure,132047:2024:expenditure:approved:706a4a4bf660b86c,assigned,10,retained,款,minsei,
2024,expenditure,132047:2024:expenditure:approved:707348cb54ffd184,assigned,01,retained,款,somu,
2024,expenditure,132047:2024:expenditure:approved:7073ed7fc88bf1ed,assigned,07,retained,項,eisei-hoken,
2024,expenditure,132047:2024:expenditure:approved:7081f882c3d0cbd4,assigned,01,retained,款,somu,
2024,expenditure,132047:2024:expenditure:approved:708f308bdbc43ee1,assigned,01,retained,款,somu,
2024,expenditure,132047:2024:expenditure:approved:7092ed09873ca4f1,assigned,10,retained,款,minsei,
2024,expenditure,132047:2024:expenditure:approved:709499823a209ac8,assigned,10,retained,款,minsei,
2024,expenditure,132047:2024:expenditure:approved:70ae3b62aef5e233,assigned,04,retained,項,doboku-doro,
2024,expenditure,132047:2024:expenditure:approved:70b050affeb243b0,assigned,01,retained,款,somu,
2024,expenditure,132047:2024:expenditure:approved:70b3271ede4baad0,assigned,10,retained,款,minsei,
2024,expenditure,132047:2024:expenditure:approved:70dbff0d01773bc9,assigned,08,retained,項,kyoiku-sports,
2024,expenditure,132047:2024:expenditure:approved:70f0dafb1c65083e,assigned,10,retained,款,minsei,
2024,expenditure,132047:2024:expenditure:approved:71038dd363f8d70b,assigned,10,retained,会計,fund-kaigo-hoken,
2024,expenditure,132047:2024:expenditure:approved:71160220448a492b,assigned,10,retained,款,minsei,
2024,expenditure,132047:2024:expenditure:approved:713cc6cdb4b45134,assigned,10,retained,款,minsei,
2024,expenditure,132047:2024:expenditure:approved:7147a8f4b46a80d3,assigned,01,retained,款,somu,
2024,expenditure,132047:2024:expenditure:approved:714e63d046a406cf,assigned,09,retained,目,shogaigakushu-other,
2024,expenditure,132047:2024:expenditure:approved:71515bf5cd9944a2,assigned,04,retained,項,doboku-doro,
2024,expenditure,132047:2024:expenditure:approved:715d1a5670f21200,assigned,10,retained,款,minsei,
2024,expenditure,132047:2024:expenditure:approved:7160c709afdc09dd,assigned,01,retained,款,somu,
2024,expenditure,132047:2024:expenditure:approved:7172a7ca9f93821a,assigned,09,retained,項,kyoiku-somu,
2024,expenditure,132047:2024:expenditure:approved:71749433dba61e63,assigned,01,retained,款,somu,
2024,expenditure,132047:2024:expenditure:approved:717eea40435df438,assigned,09,retained,項,kyoiku-somu,
2024,expenditure,132047:2024:expenditure:approved:7183cbdf3e634f6d,assigned,03,retained,款,shobo,
2024,expenditure,132047:2024:expenditure:approved:7184baab920bf782,assigned,04,retained,款,rodo,
2024,expenditure,132047:2024:expenditure:approved:71982bd2a3cf3370,assigned,04,retained,款,norin,
2024,expenditure,132047:2024:expenditure:approved:719c2224f4188b3c,assigned,10,retained,款,minsei,
2024,expenditure,132047:2024:expenditure:approved:71aa6bd13ab68f29,assigned,09,retained,項,kyoiku-somu,
2024,expenditure,132047:2024:expenditure:approved:71b3203266d43e1f,assigned,09,retained,項,kyoiku-somu,
2024,expenditure,132047:2024:expenditure:approved:71ba9701cbb890ee,assigned,07,retained,項,eisei-hoken,
2024,expenditure,132047:2024:expenditure:approved:71bc0a2ac86e59e2,assigned,01,retained,款,somu,
2024,expenditure,132047:2024:expenditure:approved:71bc0f1e2411d9e5,assigned,08,retained,項,kyoiku-sports,
2024,expenditure,132047:2024:expenditure:approved:71bd6ef2432e7a5a,assigned,01,retained,款,somu,
2024,expenditure,132047:2024:expenditure:approved:71be62fcda281088,assigned,08,retained,目,toshikeikaku-kouen,
2024,expenditure,132047:2024:expenditure:approved:71ceaeab0e0fc133,assigned,10,retained,款,minsei,
2024,expenditure,132047:2024:expenditure:approved:71d6e02f4a0499d0,assigned,04,retained,款,norin,
2024,expenditure,132047:2024:expenditure:approved:71d84da6fca15c27,assigned,10,retained,款,minsei,
2024,expenditure,132047:2024:expenditure:approved:71de83357f5b7523,assigned,08,retained,目,shogaigakushu-toshokan,
2024,expenditure,132047:2024:expenditure:approved:71e21ba87a365cce,assigned,04,retained,項,doboku-doro,
2024,expenditure,132047:2024:expenditure:approved:71eaf8ec40423459,assigned,10,retained,款,minsei,
2024,expenditure,132047:2024:expenditure:approved:720e17f2424d051a,assigned,04,retained,項,doboku-kanri,
2024,expenditure,132047:2024:expenditure:approved:72127ac607326dc6,assigned,08,retained,目,shogaigakushu-toshokan,
2024,expenditure,132047:2024:expenditure:approved:722c70b953ea9486,assigned,09,retained,項,kyoiku-somu,
2024,expenditure,132047:2024:expenditure:approved:722e1ff6635fbdd4,assigned,09,retained,項,kyoiku-somu,
2024,expenditure,132047:2024:expenditure:approved:7243256ba7a8bb33,assigned,10,retained,款,minsei,
2024,expenditure,132047:2024:expenditure:approved:7252e86cdabb7b0c,assigned,07,retained,項,eisei-hoken,
2024,expenditure,132047:2024:expenditure:approved:7274c0518c174879,assigned,01,retained,款,somu,
2024,expenditure,132047:2024:expenditure:approved:727e47b30f25d3f8,assigned,10,retained,款,minsei,
2024,expenditure,132047:2024:expenditure:approved:7296658ffc3a22c0,assigned,01,retained,款,somu,
2024,expenditure,132047:2024:expenditure:approved:729962944d1b15b2,assigned,01,retained,款,somu,
2024,expenditure,132047:2024:expenditure:approved:72ad80eef0d9e58a,assigned,06,retained,目,toshikeikaku-somu,
2024,expenditure,132047:2024:expenditure:approved:72b363dc0f1660f8,assigned,01,retained,款,somu,
2024,expenditure,132047:2024:expenditure:approved:72bc9c57ac3c7611,assigned,01,retained,款,somu,
2024,expenditure,132047:2024:expenditure:approved:72d5fe9f4fd10f43,assigned,04,retained,款,shoko,
2024,expenditure,132047:2024:expenditure:approved:72d6f716ead9951b,assigned,07,retained,項,eisei-hoken,
2024,expenditure,132047:2024:expenditure:approved:72dd9675bca1feb0,assigned,01,retained,款,somu,
2024,expenditure,132047:2024:expenditure:approved:72f5965448e1485e,assigned,04,retained,款,norin,
2024,expenditure,132047:2024:expenditure:approved:72fcd281d678f395,assigned,10,retained,款,minsei,
2024,expenditure,132047:2024:expenditure:approved:73031f36ff433278,assigned,03,retained,款,shobo,
2024,expenditure,132047:2024:expenditure:approved:73092ccf9340560d,assigned,10,retained,款,minsei,
2024,expenditure,132047:2024:expenditure:approved:731226c5c8130487,assigned,08,retained,項,kyoiku-sports,
2024,expenditure,132047:2024:expenditure:approved:7312fe3ad5f386e4,assigned,01,retained,款,somu,
2024,expenditure,132047:2024:expenditure:approved:732a7632271c82cf,assigned,10,retained,款,minsei,
2024,expenditure,132047:2024:expenditure:approved:732bfde6759e628a,assigned,10,retained,款,minsei,
2024,expenditure,132047:2024:expenditure:approved:732ebab8a1c41049,assigned,09,retained,項,kyoiku-somu,
2024,expenditure,132047:2024:expenditure:approved:7330bd30d8061646,assigned,07,retained,項,eisei-hoken,
2024,expenditure,132047:2024:expenditure:approved:7338b84dfd8d62b2,assigned,09,retained,項,kyoiku-somu,
2024,expenditure,132047:2024:expenditure:approved:733bbd43202813a3,assigned,04,retained,項,doboku-doro,
2024,expenditure,132047:2024:expenditure:approved:73447a4963f43035,assigned,10,retained,款,minsei,
2024,expenditure,132047:2024:expenditure:approved:734f645261a1812d,assigned,10,retained,款,minsei,
2024,expenditure,132047:2024:expenditure:approved:7351b1030a1cbb42,assigned,01,retained,款,somu,
2024,expenditure,132047:2024:expenditure:approved:7366f8ed80312efd,assigned,01,retained,款,somu,
2024,expenditure,132047:2024:expenditure:approved:736cb52eaa8fa350,assigned,01,retained,款,somu,
2024,expenditure,132047:2024:expenditure:approved:737039e960117214,assigned,01,retained,款,somu,
2024,expenditure,132047:2024:expenditure:approved:738f54ca6e120b2b,assigned,07,retained,項,eisei-hoken,
2024,expenditure,132047:2024:expenditure:approved:7397b2fc04dbf6f7,assigned,10,retained,款,minsei,
2024,expenditure,132047:2024:expenditure:approved:73a03bcd3635778f,assigned,10,retained,款,minsei,
2024,expenditure,132047:2024:expenditure:approved:73ad3138ddba3d63,assigned,04,retained,款,shoko,
2024,expenditure,132047:2024:expenditure:approved:73b32c4866488906,assigned,10,retained,款,minsei,
2024,expenditure,132047:2024:expenditure:approved:73bbb570b68b7033,assigned,10,retained,款,minsei,
2024,expenditure,132047:2024:expenditure:approved:73c084664437cdf2,assigned,01,retained,款,somu,
2024,expenditure,132047:2024:expenditure:approved:73cac1d2ba4066f1,assigned,07,retained,項,eisei-hoken,
2024,expenditure,132047:2024:expenditure:approved:73d9e6b348a3db9d,assigned,07,retained,項,eisei-hoken,
2024,expenditure,132047:2024:expenditure:approved:73ea672c4a3c1046,assigned,08,retained,項,kyoiku-sports,
2024,expenditure,132047:2024:expenditure:approved:73fa477f2a7adec3,assigned,10,retained,款,minsei,
2024,expenditure,132047:2024:expenditure:approved:74222922fc7c9b45,assigned,06,retained,目,toshikeikaku-somu,
2024,expenditure,132047:2024:expenditure:approved:7422ba1e95e6f3e3,assigned,07,retained,項,eisei-hoken,
2024,expenditure,132047:2024:expenditure:approved:74304a06b0d8a0e7,assigned,04,retained,項,doboku-kanri,
2024,expenditure,132047:2024:expenditure:approved:745b1db664e10a6a,assigned,04,retained,項,doboku-doro,
2024,expenditure,132047:2024:expenditure:approved:7467a400f5e2a939,assigned,10,retained,款,minsei,
2024,expenditure,132047:2024:expenditure:approved:746af9edec31da82,assigned,10,retained,款,minsei,
2024,expenditure,132047:2024:expenditure:approved:7472f8963ff78e2f,assigned,08,retained,目,shogaigakushu-toshokan,
2024,expenditure,132047:2024:expenditure:approved:7477e9290fab6398,assigned,09,retained,項,kyoiku-somu,
2024,expenditure,132047:2024:expenditure:approved:747922152734f13d,assigned,10,retained,款,minsei,
2024,expenditure,132047:2024:expenditure:approved:748bffad75c36ae9,assigned,03,retained,款,shobo,
2024,expenditure,132047:2024:expenditure:approved:748fb8421908a038,assigned,07,eliminated,目,transfer-kokuho,国民健康保険事業特別会計
2024,expenditure,132047:2024:expenditure:approved:749bf2abfc02d049,assigned,01,retained,款,somu,
2024,expenditure,132047:2024:expenditure:approved:749f5770dc8b7d2e,assigned,01,retained,款,somu,
2024,expenditure,132047:2024:expenditure:approved:74ae2dd8302451f0,assigned,10,retained,款,minsei,
2024,expenditure,132047:2024:expenditure:approved:74b5c260d72255a2,assigned,10,retained,款,minsei,
2024,expenditure,132047:2024:expenditure:approved:74b5dec2656bf9f5,assigned,04,retained,項,doboku-kanri,
2024,expenditure,132047:2024:expenditure:approved:74b648daa9f55b9c,assigned,09,retained,目,shogaigakushu-other,
2024,expenditure,132047:2024:expenditure:approved:74d5bb5be89b4833,assigned,09,retained,目,shogaigakushu-other,
2024,expenditure,132047:2024:expenditure:approved:74e7c43b3f1d90ad,assigned,01,retained,款,gikai,
2024,expenditure,132047:2024:expenditure:approved:7522d6e4e4b24995,assigned,06,retained,項,doboku-jutaku,
2024,expenditure,132047:2024:expenditure:approved:7522f6aaed266934,assigned,09,retained,項,kyoiku-somu,
2024,expenditure,132047:2024:expenditure:approved:75293ab19920ee59,assigned,09,retained,項,kyoiku-somu,
2024,expenditure,132047:2024:expenditure:approved:752f6300ba23e562,assigned,07,retained,項,eisei-hoken,
2024,expenditure,132047:2024:expenditure:approved:753beff7ee0c8531,assigned,10,retained,款,minsei,
2024,expenditure,132047:2024:expenditure:approved:75518ce6fdc4df9a,assigned,09,retained,項,kyoiku-somu,
2024,expenditure,132047:2024:expenditure:approved:755ae3ccdc254fb0,assigned,10,retained,款,minsei,
2024,expenditure,132047:2024:expenditure:approved:756778366a5e8b80,assigned,01,retained,款,somu,
2024,expenditure,132047:2024:expenditure:approved:756b506b172239a8,assigned,07,retained,項,eisei-hoken,
2024,expenditure,132047:2024:expenditure:approved:756bde9e246c0c60,assigned,09,retained,目,shogaigakushu-other,
2024,expenditure,132047:2024:expenditure:approved:75739f8660e9dca2,assigned,10,retained,款,minsei,
2024,expenditure,132047:2024:expenditure:approved:758016e18cf4013d,assigned,09,retained,項,kyoiku-somu,
2024,expenditure,132047:2024:expenditure:approved:75acbeb63aba5cde,assigned,04,retained,款,norin,
2024,expenditure,132047:2024:expenditure:approved:75affb30e9e0896a,assigned,04,retained,款,shoko,
2024,expenditure,132047:2024:expenditure:approved:75c235c1e616855c,assigned,01,retained,款,somu,
2024,expenditure,132047:2024:expenditure:approved:75d058c94fb7a62b,assigned,09,retained,目,shogaigakushu-other,
2024,expenditure,132047:2024:expenditure:approved:75dc7bfeb4aa4bb1,assigned,10,retained,款,minsei,
2024,expenditure,132047:2024:expenditure:approved:75eb1bc4aecf03e2,assigned,01,retained,款,somu,
2024,expenditure,132047:2024:expenditure:approved:75f2c91a5a153091,assigned,01,retained,款,somu,
2024,expenditure,132047:2024:expenditure:approved:75f88e8a627e246c,assigned,10,retained,款,minsei,
2024,expenditure,132047:2024:expenditure:approved:75f959a1242f7323,assigned,04,retained,項,doboku-doro,
2024,expenditure,132047:2024:expenditure:approved:75fbc4cb1010b4ca,assigned,07,retained,項,eisei-hoken,
2024,expenditure,132047:2024:expenditure:approved:76016ba8e3acb4ae,assigned,05,retained,項,eisei-seiso,
2024,expenditure,132047:2024:expenditure:approved:7624710178fd62f2,assigned,01,retained,款,somu,
2024,expenditure,132047:2024:expenditure:approved:7628d5d56edc6afe,assigned,10,retained,款,minsei,
2024,expenditure,132047:2024:expenditure:approved:762ee6241feefafd,assigned,07,retained,項,eisei-hoken,
2024,expenditure,132047:2024:expenditure:approved:7643bddf3d455b02,assigned,04,retained,項,doboku-kanri,
2024,expenditure,132047:2024:expenditure:approved:764551905ff46f2e,assigned,01,retained,款,somu,
2024,expenditure,132047:2024:expenditure:approved:764aa2b7be30f870,assigned,09,retained,目,shogaigakushu-other,
2024,expenditure,132047:2024:expenditure:approved:7675742ce5494e91,assigned,08,retained,項,kyoiku-sports,
2024,expenditure,132047:2024:expenditure:approved:767880d3b1899c17,assigned,10,retained,款,minsei,
2024,expenditure,132047:2024:expenditure:approved:767b12bcda67f61b,assigned,03,retained,款,shobo,
2024,expenditure,132047:2024:expenditure:approved:767be078b733a39d,assigned,05,retained,項,eisei-seiso,
2024,expenditure,132047:2024:expenditure:approved:76803a2441643d6d,assigned,01,retained,款,somu,
2024,expenditure,132047:2024:expenditure:approved:76961741bd920747,assigned,06,retained,目,toshikeikaku-somu,
2024,expenditure,132047:2024:expenditure:approved:769b1c6a3cfa4eb7,assigned,04,retained,項,doboku-doro,
2024,expenditure,132047:2024:expenditure:approved:76abecdb11ddd935,assigned,05,retained,項,eisei-seiso,
2024,expenditure,132047:2024:expenditure:approved:76b12be218c5514c,assigned,10,retained,款,minsei,
2024,expenditure,132047:2024:expenditure:approved:76b23d16f17acfa6,assigned,01,retained,款,somu,
2024,expenditure,132047:2024:expenditure:approved:76b4834f26863375,assigned,04,retained,項,doboku-doro,
2024,expenditure,132047:2024:expenditure:approved:76b981dc915bd9d2,assigned,10,retained,款,minsei,
2024,expenditure,132047:2024:expenditure:approved:76ba921940da42f3,assigned,03,retained,款,shobo,
2024,expenditure,132047:2024:expenditure:approved:76cb51984e5c8afe,assigned,10,retained,款,minsei,
2024,expenditure,132047:2024:expenditure:approved:76ccc28fa8fc6fda,assigned,01,retained,款,somu,
2024,expenditure,132047:2024:expenditure:approved:76d71abf96fd0524,assigned,07,eliminated,目,transfer-kouki,後期高齢者医療特別会計
2024,expenditure,132047:2024:expenditure:approved:76e1f09af16d5e37,assigned,04,retained,項,doboku-doro,
2024,expenditure,132047:2024:expenditure:approved:76ecb0d6b7a70048,assigned,01,retained,款,somu,
2024,expenditure,132047:2024:expenditure:approved:7706a8cab589e223,assigned,09,retained,項,kyoiku-somu,
2024,expenditure,132047:2024:expenditure:approved:7707a84ebd3d02c2,assigned,01,retained,款,gikai,
2024,expenditure,132047:2024:expenditure:approved:77131f4666815fce,assigned,01,retained,款,somu,
2024,expenditure,132047:2024:expenditure:approved:77224517e212e78e,assigned,09,retained,項,kyoiku-somu,
2024,expenditure,132047:2024:expenditure:approved:7726521a25f19a7c,assigned,08,retained,項,kyoiku-sports,
2024,expenditure,132047:2024:expenditure:approved:772d13cd52f767b6,assigned,10,retained,款,minsei,
2024,expenditure,132047:2024:expenditure:approved:77322c5e1707c791,assigned,09,retained,項,kyoiku-somu,
2024,expenditure,132047:2024:expenditure:approved:7732393441f2e30c,assigned,10,retained,款,minsei,
2024,expenditure,132047:2024:expenditure:approved:7732a04b489390f7,assigned,04,retained,款,shoko,
2024,expenditure,132047:2024:expenditure:approved:7733077dfdbe0dfe,assigned,01,retained,款,somu,
2024,expenditure,132047:2024:expenditure:approved:77465e32da622e36,assigned,09,retained,項,kyoiku-somu,
2024,expenditure,132047:2024:expenditure:approved:774a2df3907043b4,assigned,04,retained,款,shoko,
2024,expenditure,132047:2024:expenditure:approved:776e4ef84a9b9782,assigned,08,retained,項,kyoiku-sports,
2024,expenditure,132047:2024:expenditure:approved:7778b92f1ef4558c,assigned,07,retained,会計,fund-kouki,
2024,expenditure,132047:2024:expenditure:approved:779c716db6d7b261,assigned,07,retained,項,eisei-hoken,
2024,expenditure,132047:2024:expenditure:approved:779c8275fd80a18f,assigned,03,retained,款,shobo,
2024,expenditure,132047:2024:expenditure:approved:77a87bfbd2ad1470,assigned,04,retained,項,doboku-doro,
2024,expenditure,132047:2024:expenditure:approved:77b8bb9e3158fa93,assigned,09,retained,項,kyoiku-somu,
2024,expenditure,132047:2024:expenditure:approved:77bf39c74b7ceb52,assigned,10,retained,款,minsei,
2024,expenditure,132047:2024:expenditure:approved:77d6ad65b1a7e200,assigned,07,retained,項,eisei-hoken,
2024,expenditure,132047:2024:expenditure:approved:77d82f928ed15a24,assigned,01,retained,款,somu,
2024,expenditure,132047:2024:expenditure:approved:77ddf89ce78083f3,assigned,07,retained,項,eisei-hoken,
2024,expenditure,132047:2024:expenditure:approved:77df2316231faa6b,assigned,01,retained,款,somu,
2024,expenditure,132047:2024:expenditure:approved:77e2c48b4df227ca,assigned,04,retained,項,doboku-kanri,
2024,expenditure,132047:2024:expenditure:approved:77e36af4c530eeef,assigned,04,retained,款,shoko,
2024,expenditure,132047:2024:expenditure:approved:77ead43f9fb53b21,assigned,09,retained,目,shogaigakushu-other,
2024,expenditure,132047:2024:expenditure:approved:77f371eb38567bb0,assigned,09,retained,目,shogaigakushu-other,
2024,expenditure,132047:2024:expenditure:approved:77ff25ff3182b9cc,assigned,01,retained,款,somu,
2024,expenditure,132047:2024:expenditure:approved:780284daf555e624,assigned,09,retained,目,shogaigakushu-other,
2024,expenditure,132047:2024:expenditure:approved:7814b0f0a123d42c,assigned,06,retained,目,toshikeikaku-somu,
2024,expenditure,132047:2024:expenditure:approved:7819487b059da5c2,assigned,09,retained,目,shogaigakushu-other,
2024,expenditure,132047:2024:expenditure:approved:781a0f61a4a0e895,assigned,01,retained,款,somu,
2024,expenditure,132047:2024:expenditure:approved:782ac2457d013623,assigned,01,retained,款,somu,
2024,expenditure,132047:2024:expenditure:approved:782c3f74d49a1e08,assigned,10,retained,款,minsei,
2024,expenditure,132047:2024:expenditure:approved:783ce74384c20222,assigned,01,retained,款,somu,
2024,expenditure,132047:2024:expenditure:approved:7843d1dfe94b210c,assigned,08,retained,項,kyoiku-sports,
2024,expenditure,132047:2024:expenditure:approved:78595fd950817b15,assigned,08,retained,項,kyoiku-sports,
2024,expenditure,132047:2024:expenditure:approved:7861bea37c57f14e,assigned,09,retained,項,kyoiku-somu,
2024,expenditure,132047:2024:expenditure:approved:786bdf96721fb0ce,assigned,09,retained,項,kyoiku-somu,
2024,expenditure,132047:2024:expenditure:approved:786f5cc87659a1ac,assigned,05,retained,項,eisei-seiso,
2024,expenditure,132047:2024:expenditure:approved:787c73318297b815,assigned,06,retained,目,toshikeikaku-somu,
2024,expenditure,132047:2024:expenditure:approved:78a65af45717a049,assigned,10,retained,会計,fund-kaigo-hoken,
2024,expenditure,132047:2024:expenditure:approved:78a8e7281f13fb3d,assigned,01,retained,款,somu,
2024,expenditure,132047:2024:expenditure:approved:78bd5b87693b1c3b,assigned,01,retained,款,somu,
2024,expenditure,132047:2024:expenditure:approved:78c0eff9959c02a5,assigned,04,retained,項,doboku-doro,
2024,expenditure,132047:2024:expenditure:approved:78d1e84c004374d3,assigned,04,retained,款,shoko,
2024,expenditure,132047:2024:expenditure:approved:78e01ed3fa912716,assigned,01,retained,款,somu,
2024,expenditure,132047:2024:expenditure:approved:78e6727a1ddc7f29,assigned,05,retained,項,eisei-seiso,
2024,expenditure,132047:2024:expenditure:approved:78f3e354842f3794,assigned,06,retained,目,toshikeikaku-somu,
2024,expenditure,132047:2024:expenditure:approved:78f7e86c8a9ef377,assigned,04,retained,項,doboku-kanri,
2024,expenditure,132047:2024:expenditure:approved:78fd2cd171b9cec7,assigned,10,retained,款,minsei,
2024,expenditure,132047:2024:expenditure:approved:7902f5a6c297431c,assigned,07,retained,項,eisei-hoken,
2024,expenditure,132047:2024:expenditure:approved:791ebc365a3d5a93,assigned,01,retained,款,somu,
2024,expenditure,132047:2024:expenditure:approved:79206dc0933a7cab,assigned,01,retained,款,somu,
2024,expenditure,132047:2024:expenditure:approved:7942681db8fbcf6c,assigned,03,retained,款,shobo,
2024,expenditure,132047:2024:expenditure:approved:79469739528649e5,assigned,10,retained,款,minsei,
2024,expenditure,132047:2024:expenditure:approved:7960582fb96ddb83,assigned,01,retained,款,somu,
2024,expenditure,132047:2024:expenditure:approved:7987a276e487acab,assigned,01,retained,款,somu,
2024,expenditure,132047:2024:expenditure:approved:798e008adfa1d1af,assigned,09,retained,目,shogaigakushu-other,
2024,expenditure,132047:2024:expenditure:approved:798e730874cd81e5,assigned,09,retained,項,kyoiku-somu,
2024,expenditure,132047:2024:expenditure:approved:79ed0e863d2fc3d5,assigned,07,retained,項,eisei-hoken,
2024,expenditure,132047:2024:expenditure:approved:7a04bdccf8f77934,assigned,10,retained,款,minsei,
2024,expenditure,132047:2024:expenditure:approved:7a073b0514c949ac,assigned,08,retained,目,toshikeikaku-kouen,
2024,expenditure,132047:2024:expenditure:approved:7a0a022443786f16,assigned,08,retained,項,kyoiku-sports,
2024,expenditure,132047:2024:expenditure:approved:7a21d7632ce854e9,assigned,09,retained,項,kyoiku-somu,
2024,expenditure,132047:2024:expenditure:approved:7a2309d368d0614a,assigned,10,retained,款,minsei,
2024,expenditure,132047:2024:expenditure:approved:7a271bde1bb3719f,assigned,01,retained,款,somu,
2024,expenditure,132047:2024:expenditure:approved:7a5bdf668898fa7d,assigned,04,retained,項,doboku-kanri,
2024,expenditure,132047:2024:expenditure:approved:7a5f923693622358,assigned,08,retained,項,kyoiku-sports,
2024,expenditure,132047:2024:expenditure:approved:7a73d37244137733,assigned,01,retained,款,somu,
2024,expenditure,132047:2024:expenditure:approved:7a7474bc025c0e52,assigned,04,retained,款,shoko,
2024,expenditure,132047:2024:expenditure:approved:7a9c97eff654d1d2,assigned,04,retained,項,doboku-doro,
2024,expenditure,132047:2024:expenditure:approved:7aa07d1c066e0c5e,assigned,01,retained,款,somu,
2024,expenditure,132047:2024:expenditure:approved:7aca6d603fbebb73,assigned,08,retained,項,kyoiku-sports,
2024,expenditure,132047:2024:expenditure:approved:7ad7462d4b2f9ccf,assigned,10,retained,款,minsei,
2024,expenditure,132047:2024:expenditure:approved:7adb4095f6e19993,assigned,09,retained,項,kyoiku-somu,
2024,expenditure,132047:2024:expenditure:approved:7adc9107f4cd3810,assigned,08,retained,項,kyoiku-sports,
2024,expenditure,132047:2024:expenditure:approved:7b107121b8b0b1ad,assigned,04,retained,款,shoko,
2024,expenditure,132047:2024:expenditure:approved:7b11ff0a082abc0d,assigned,10,retained,款,minsei,
2024,expenditure,132047:2024:expenditure:approved:7b26aff127a713d4,assigned,01,retained,款,somu,
2024,expenditure,132047:2024:expenditure:approved:7b333530770b200b,assigned,01,retained,款,somu,
2024,expenditure,132047:2024:expenditure:approved:7b3605fec32f4160,assigned,04,retained,款,shoko,
2024,expenditure,132047:2024:expenditure:approved:7b3afd10385030f2,assigned,08,retained,目,toshikeikaku-kouen,
2024,expenditure,132047:2024:expenditure:approved:7b3e58eeeb8aecd9,assigned,10,retained,款,minsei,
2024,expenditure,132047:2024:expenditure:approved:7b473665937c0641,assigned,10,retained,会計,fund-kaigo-hoken,
2024,expenditure,132047:2024:expenditure:approved:7b4b4f0b0720728e,assigned,09,retained,項,kyoiku-somu,
2024,expenditure,132047:2024:expenditure:approved:7b50b705e2a01d10,assigned,04,retained,款,shoko,
2024,expenditure,132047:2024:expenditure:approved:7b5b78dbec9e1e44,out-of-scope,"",retained,節,fund-accumulation,
2024,expenditure,132047:2024:expenditure:approved:7b5ec2fcf5fc62b4,assigned,10,retained,款,minsei,
2024,expenditure,132047:2024:expenditure:approved:7b6c953e6b17a6da,assigned,08,retained,項,kyoiku-sports,
2024,expenditure,132047:2024:expenditure:approved:7b842c28459ad413,assigned,04,retained,款,rodo,
2024,expenditure,132047:2024:expenditure:approved:7b8a1c33d69eeeb9,assigned,10,retained,款,minsei,
2024,expenditure,132047:2024:expenditure:approved:7b90b58899c388a2,assigned,10,retained,款,minsei,
2024,expenditure,132047:2024:expenditure:approved:7b97817aa7ec6e62,assigned,07,retained,会計,fund-kouki,
2024,expenditure,132047:2024:expenditure:approved:7bbabb129cbfce5b,assigned,10,retained,款,minsei,
2024,expenditure,132047:2024:expenditure:approved:7bcb4ce651910dae,assigned,10,retained,款,minsei,
2024,expenditure,132047:2024:expenditure:approved:7bd0007972f897cd,assigned,01,retained,款,somu,
2024,expenditure,132047:2024:expenditure:approved:7bd41956c25c7680,assigned,10,retained,款,minsei,
2024,expenditure,132047:2024:expenditure:approved:7be15bf02cab4c86,assigned,10,retained,款,minsei,
2024,expenditure,132047:2024:expenditure:approved:7bee46c1793ae081,assigned,01,retained,款,somu,
2024,expenditure,132047:2024:expenditure:approved:7bf1c7b1713ac4fd,assigned,01,retained,款,somu,
2024,expenditure,132047:2024:expenditure:approved:7bf5d64cc54763ce,assigned,08,retained,項,kyoiku-sports,
2024,expenditure,132047:2024:expenditure:approved:7c073d3fcef905fd,assigned,01,retained,款,somu,
2024,expenditure,132047:2024:expenditure:approved:7c1a6b922ae0be0a,assigned,10,retained,款,minsei,
2024,expenditure,132047:2024:expenditure:approved:7c24e452b7ce62c7,assigned,01,retained,款,somu,
2024,expenditure,132047:2024:expenditure:approved:7c2801d589679029,assigned,05,retained,項,eisei-seiso,
2024,expenditure,132047:2024:expenditure:approved:7c3afc02afd32458,assigned,03,retained,款,shobo,
2024,expenditure,132047:2024:expenditure:approved:7c3d3efd87502d5f,assigned,10,retained,款,minsei,
2024,expenditure,132047:2024:expenditure:approved:7c52b286a649bc13,assigned,01,retained,款,somu,
2024,expenditure,132047:2024:expenditure:approved:7c63a668e789dcbc,assigned,07,retained,項,eisei-hoken,
2024,expenditure,132047:2024:expenditure:approved:7c6731f4dffd0af8,assigned,10,retained,款,minsei,
2024,expenditure,132047:2024:expenditure:approved:7c6eabaf268625b2,assigned,07,retained,会計,fund-kokuho,
2024,expenditure,132047:2024:expenditure:approved:7c717d145b2c9ef1,assigned,10,retained,款,minsei,
2024,expenditure,132047:2024:expenditure:approved:7c733e55b36d6af3,assigned,05,retained,項,doboku-kasen,
2024,expenditure,132047:2024:expenditure:approved:7c8f419a60e2b440,assigned,10,retained,款,minsei,
2024,expenditure,132047:2024:expenditure:approved:7ca44b9d746ccab7,assigned,10,retained,款,minsei,
2024,expenditure,132047:2024:expenditure:approved:7cb5e51641b0168e,assigned,10,retained,款,minsei,
2024,expenditure,132047:2024:expenditure:approved:7cbe884f80661fa1,assigned,04,retained,項,doboku-kanri,
2024,expenditure,132047:2024:expenditure:approved:7cbf17df00750895,assigned,10,retained,款,minsei,
2024,expenditure,132047:2024:expenditure:approved:7cbff2d46cd1c291,assigned,10,retained,款,minsei,
2024,expenditure,132047:2024:expenditure:approved:7cc80ec4097fa922,assigned,04,retained,款,rodo,
2024,expenditure,132047:2024:expenditure:approved:7cccb5d6dec16145,assigned,01,retained,款,somu,
2024,expenditure,132047:2024:expenditure:approved:7ce422197ee57c57,assigned,01,retained,款,somu,
2024,expenditure,132047:2024:expenditure:approved:7ce7cd605fcb83bf,assigned,09,retained,目,shogaigakushu-other,
2024,expenditure,132047:2024:expenditure:approved:7cf0b1c6b0b5576c,assigned,10,retained,款,minsei,
2024,expenditure,132047:2024:expenditure:approved:7d0daf858df12102,assigned,04,retained,項,doboku-doro,
2024,expenditure,132047:2024:expenditure:approved:7d1ae3714ebf2b8a,assigned,04,retained,項,doboku-doro,
2024,expenditure,132047:2024:expenditure:approved:7d2e1457e517c4ea,assigned,04,retained,款,shoko,
2024,expenditure,132047:2024:expenditure:approved:7d32e25d232c419f,assigned,10,retained,款,minsei,
2024,expenditure,132047:2024:expenditure:approved:7d455648005fcf0c,assigned,04,retained,項,doboku-doro,
2024,expenditure,132047:2024:expenditure:approved:7d4a35c81c0da7ff,out-of-scope,"",retained,目,debt-principal,
2024,expenditure,132047:2024:expenditure:approved:7d4e58387eacf322,assigned,01,retained,款,somu,
2024,expenditure,132047:2024:expenditure:approved:7d57a0d7599870d1,assigned,07,retained,項,eisei-hoken,
2024,expenditure,132047:2024:expenditure:approved:7d5929d73017b9d6,assigned,09,retained,項,kyoiku-somu,
2024,expenditure,132047:2024:expenditure:approved:7d5fc52175a6cba5,assigned,01,retained,款,gikai,
2024,expenditure,132047:2024:expenditure:approved:7d60a001549b222e,assigned,05,retained,項,eisei-seiso,
2024,expenditure,132047:2024:expenditure:approved:7d67ebb8711b278d,assigned,10,retained,款,minsei,
2024,expenditure,132047:2024:expenditure:approved:7d75cfc4e44a7031,assigned,09,retained,項,kyoiku-somu,
2024,expenditure,132047:2024:expenditure:approved:7d85c5ab65bba69c,assigned,01,retained,款,somu,
2024,expenditure,132047:2024:expenditure:approved:7d9486ba88ee15ee,assigned,04,retained,款,shoko,
2024,expenditure,132047:2024:expenditure:approved:7d97533d832c67df,assigned,10,retained,款,minsei,
2024,expenditure,132047:2024:expenditure:approved:7da1a8d26822cbfe,assigned,03,retained,款,shobo,
2024,expenditure,132047:2024:expenditure:approved:7da9ca4658061847,assigned,10,retained,款,minsei,
2024,expenditure,132047:2024:expenditure:approved:7db8a3b2f6bed400,assigned,01,retained,款,somu,
2024,expenditure,132047:2024:expenditure:approved:7dcb97c28f8ec96e,assigned,10,retained,款,minsei,
2024,expenditure,132047:2024:expenditure:approved:7dcbdd520f1bfcbe,assigned,10,retained,款,minsei,
2024,expenditure,132047:2024:expenditure:approved:7dd07293fcf0ac18,assigned,10,retained,款,minsei,
2024,expenditure,132047:2024:expenditure:approved:7dd1c558264e6ccc,assigned,10,retained,款,minsei,
2024,expenditure,132047:2024:expenditure:approved:7dd1e933b4d0c55c,assigned,07,retained,項,eisei-hoken,
2024,expenditure,132047:2024:expenditure:approved:7dd8b7fda3c0ae99,assigned,09,retained,項,kyoiku-somu,
2024,expenditure,132047:2024:expenditure:approved:7de341b97e98a8fb,assigned,09,retained,目,shogaigakushu-other,
2024,expenditure,132047:2024:expenditure:approved:7de562bb34c1f36a,assigned,09,retained,項,kyoiku-somu,
2024,expenditure,132047:2024:expenditure:approved:7de7127120db037c,assigned,01,retained,款,somu,
2024,expenditure,132047:2024:expenditure:approved:7dfbdfa4ec64df2e,assigned,10,retained,款,minsei,
2024,expenditure,132047:2024:expenditure:approved:7e01b7ec645b8b3c,assigned,01,retained,款,somu,
2024,expenditure,132047:2024:expenditure:approved:7e01c690e7a4a242,assigned,10,retained,款,minsei,
2024,expenditure,132047:2024:expenditure:approved:7e0cb4c546de958f,assigned,10,retained,款,minsei,
2024,expenditure,132047:2024:expenditure:approved:7e0d21b459cf61cb,assigned,10,retained,款,minsei,
2024,expenditure,132047:2024:expenditure:approved:7e1460ea1bb3fab0,assigned,04,retained,項,doboku-doro,
2024,expenditure,132047:2024:expenditure:approved:7e180bdf671f0841,assigned,10,retained,款,minsei,
2024,expenditure,132047:2024:expenditure:approved:7e51f7fae541638a,assigned,01,retained,款,somu,
2024,expenditure,132047:2024:expenditure:approved:7e5cba5b08d602a0,assigned,08,retained,目,toshikeikaku-kouen,
2024,expenditure,132047:2024:expenditure:approved:7e71a83cd7a3c354,assigned,07,retained,項,eisei-hoken,
2024,expenditure,132047:2024:expenditure:approved:7e758778c83cb6c8,assigned,10,retained,款,minsei,
2024,expenditure,132047:2024:expenditure:approved:7e7ef00b39bfe786,assigned,10,retained,款,minsei,
2024,expenditure,132047:2024:expenditure:approved:7e84eb877f355546,assigned,06,retained,目,toshikeikaku-somu,
2024,expenditure,132047:2024:expenditure:approved:7e88cd9182c97241,assigned,01,retained,款,somu,
2024,expenditure,132047:2024:expenditure:approved:7e9649bf76fd0293,assigned,07,retained,会計,fund-kokuho,
2024,expenditure,132047:2024:expenditure:approved:7ea4d2855f4aa362,assigned,10,retained,款,minsei,
2024,expenditure,132047:2024:expenditure:approved:7ea51cc0099f9a41,assigned,09,retained,項,kyoiku-somu,
2024,expenditure,132047:2024:expenditure:approved:7ea768e3c5091104,assigned,03,retained,款,shobo,
2024,expenditure,132047:2024:expenditure:approved:7ead6729f3b816da,assigned,09,retained,項,kyoiku-somu,
2024,expenditure,132047:2024:expenditure:approved:7ebd4ac746825093,assigned,09,retained,項,kyoiku-somu,
2024,expenditure,132047:2024:expenditure:approved:7ec4b7e59a112797,assigned,04,retained,款,shoko,
2024,expenditure,132047:2024:expenditure:approved:7edecb478f29fb7d,assigned,04,retained,項,doboku-doro,
2024,expenditure,132047:2024:expenditure:approved:7ee0721a42abd936,assigned,03,retained,款,shobo,
2024,expenditure,132047:2024:expenditure:approved:7ee22442bf109abe,assigned,10,retained,款,minsei,
2024,expenditure,132047:2024:expenditure:approved:7ee5d9da6ad58b31,assigned,10,retained,款,minsei,
2024,expenditure,132047:2024:expenditure:approved:7ef32fd0097d1427,assigned,07,retained,項,eisei-hoken,
2024,expenditure,132047:2024:expenditure:approved:7eff0fa6ae9366e4,assigned,10,retained,款,minsei,
2024,expenditure,132047:2024:expenditure:approved:7f1e6b1f59701649,assigned,01,retained,款,somu,
2024,expenditure,132047:2024:expenditure:approved:7f290d5ccef54e6a,assigned,05,retained,項,eisei-seiso,
2024,expenditure,132047:2024:expenditure:approved:7f2b0fc0dd099772,assigned,09,retained,項,kyoiku-somu,
2024,expenditure,132047:2024:expenditure:approved:7f306c254cb01ef3,assigned,10,retained,款,minsei,
2024,expenditure,132047:2024:expenditure:approved:7f35b9031d997e91,assigned,06,retained,目,toshikeikaku-somu,
2024,expenditure,132047:2024:expenditure:approved:7f3be9d9cce083aa,assigned,01,retained,款,gikai,
2024,expenditure,132047:2024:expenditure:approved:7f785478123b7b46,assigned,10,retained,款,minsei,
2024,expenditure,132047:2024:expenditure:approved:7fb251e19b4e3887,assigned,04,retained,款,shoko,
2024,expenditure,132047:2024:expenditure:approved:7fbea7926b457b04,assigned,09,retained,項,kyoiku-somu,
2024,expenditure,132047:2024:expenditure:approved:7fc1f96c7685179a,assigned,01,retained,款,somu,
2024,expenditure,132047:2024:expenditure:approved:7fcc24b84b939746,assigned,07,retained,項,eisei-hoken,
2024,expenditure,132047:2024:expenditure:approved:7fcd0dc3ee2f1776,assigned,10,retained,款,minsei,
2024,expenditure,132047:2024:expenditure:approved:7fd47b0bca1f24fb,assigned,10,retained,款,minsei,
2024,expenditure,132047:2024:expenditure:approved:7fd6cc697c6c8345,assigned,09,retained,項,kyoiku-somu,
2024,expenditure,132047:2024:expenditure:approved:7fdd82ff9e637d42,assigned,07,retained,項,eisei-hoken,
2024,expenditure,132047:2024:expenditure:approved:7fe68d8a4bb36c44,assigned,10,retained,款,minsei,
2024,expenditure,132047:2024:expenditure:approved:7fee860d3356ede9,assigned,06,retained,目,toshikeikaku-somu,
2024,expenditure,132047:2024:expenditure:approved:801596e4db0f32a1,assigned,01,retained,款,somu,
2024,expenditure,132047:2024:expenditure:approved:801d9348ba742009,assigned,10,retained,会計,fund-kaigo-hoken,
2024,expenditure,132047:2024:expenditure:approved:80214e2d365c265c,assigned,07,retained,会計,fund-kokuho,
2024,expenditure,132047:2024:expenditure:approved:802e07fd36f1c61d,assigned,10,retained,款,minsei,
2024,expenditure,132047:2024:expenditure:approved:8030e15c12d67f0f,assigned,01,retained,款,somu,
2024,expenditure,132047:2024:expenditure:approved:8041a987919d2e7e,assigned,09,retained,項,kyoiku-somu,
2024,expenditure,132047:2024:expenditure:approved:80468eff931fc3ae,out-of-scope,"",retained,節,fund-accumulation,
2024,expenditure,132047:2024:expenditure:approved:805c02e92ad3e7b2,assigned,09,retained,目,shogaigakushu-other,
2024,expenditure,132047:2024:expenditure:approved:8066039312e3390b,assigned,10,retained,款,minsei,
2024,expenditure,132047:2024:expenditure:approved:80702bdc24be00ae,assigned,03,retained,款,shobo,
2024,expenditure,132047:2024:expenditure:approved:8072b21aeb50c7b0,assigned,01,retained,款,somu,
2024,expenditure,132047:2024:expenditure:approved:807bc8cefef3ac0b,assigned,01,retained,款,somu,
2024,expenditure,132047:2024:expenditure:approved:8085a185ac30581c,assigned,04,retained,款,norin,
2024,expenditure,132047:2024:expenditure:approved:8087985ce389bc86,assigned,01,retained,款,gikai,
2024,expenditure,132047:2024:expenditure:approved:8089c834ca9bd558,assigned,10,retained,会計,fund-kaigo-service,
2024,expenditure,132047:2024:expenditure:approved:8090543133ac2636,assigned,09,retained,目,shogaigakushu-other,
2024,expenditure,132047:2024:expenditure:approved:8093c12ca482c94b,assigned,06,retained,項,doboku-jutaku,
2024,expenditure,132047:2024:expenditure:approved:809a9e1cb7dbec22,assigned,01,retained,款,somu,
2024,expenditure,132047:2024:expenditure:approved:809b192fe36b85bf,assigned,04,retained,款,norin,
2024,expenditure,132047:2024:expenditure:approved:809bd1c02c7bad66,assigned,01,retained,款,somu,
2024,expenditure,132047:2024:expenditure:approved:80b63b09b60df0f9,assigned,10,retained,款,minsei,
2024,expenditure,132047:2024:expenditure:approved:80b79e567e4c133f,assigned,01,retained,款,somu,
2024,expenditure,132047:2024:expenditure:approved:80c213a5915fd12b,assigned,04,retained,項,doboku-kanri,
2024,expenditure,132047:2024:expenditure:approved:80d92282a0a2e54e,assigned,04,retained,款,shoko,
2024,expenditure,132047:2024:expenditure:approved:80dcee986d5b63e1,assigned,01,retained,款,somu,
2024,expenditure,132047:2024:expenditure:approved:80ef6a96c3ea1b01,assigned,01,retained,款,somu,
2024,expenditure,132047:2024:expenditure:approved:80f2d3b5ced95a6c,assigned,09,retained,目,shogaigakushu-other,
2024,expenditure,132047:2024:expenditure:approved:80fce9e0d20e252b,assigned,09,retained,項,kyoiku-somu,
2024,expenditure,132047:2024:expenditure:approved:8102cf0faf7f6026,assigned,01,retained,款,somu,
2024,expenditure,132047:2024:expenditure:approved:810be57666ae2f8b,assigned,01,retained,款,gikai,
2024,expenditure,132047:2024:expenditure:approved:810d8b770e34f9cf,assigned,10,retained,款,minsei,
2024,expenditure,132047:2024:expenditure:approved:8124b404674544d1,assigned,10,retained,款,minsei,
2024,expenditure,132047:2024:expenditure:approved:812c5459152b04d7,assigned,01,retained,款,somu,
2024,expenditure,132047:2024:expenditure:approved:8136916199d4cac0,assigned,08,retained,目,toshikeikaku-kouen,
2024,expenditure,132047:2024:expenditure:approved:81370314b47a14bc,assigned,10,retained,款,minsei,
2024,expenditure,132047:2024:expenditure:approved:814569fbe57f5d67,assigned,10,retained,款,minsei,
2024,expenditure,132047:2024:expenditure:approved:81468ebf422e2c20,assigned,01,retained,款,somu,
2024,expenditure,132047:2024:expenditure:approved:815501359dc751f0,assigned,01,retained,款,somu,
2024,expenditure,132047:2024:expenditure:approved:8155670b66c8f9d6,assigned,10,retained,款,minsei,
2024,expenditure,132047:2024:expenditure:approved:815aca11a781011c,assigned,01,retained,款,somu,
2024,expenditure,132047:2024:expenditure:approved:8183e99e7628939f,assigned,07,retained,項,eisei-hoken,
2024,expenditure,132047:2024:expenditure:approved:8188072d770d87a3,assigned,10,retained,款,minsei,
2024,expenditure,132047:2024:expenditure:approved:818978af76bf37a0,assigned,10,retained,款,minsei,
2024,expenditure,132047:2024:expenditure:approved:818b25044ff84e2d,assigned,08,retained,目,shogaigakushu-toshokan,
2024,expenditure,132047:2024:expenditure:approved:8193a7be7b1925bb,assigned,09,retained,項,kyoiku-somu,
2024,expenditure,132047:2024:expenditure:approved:81a596052d5763ef,assigned,10,retained,款,minsei,
2024,expenditure,132047:2024:expenditure:approved:81a840bd7cc715a8,assigned,09,retained,項,kyoiku-somu,
2024,expenditure,132047:2024:expenditure:approved:81ac165ba85beb90,assigned,10,retained,款,minsei,
2024,expenditure,132047:2024:expenditure:approved:81bc7ef4e1ae8c2c,assigned,10,retained,款,minsei,
2024,expenditure,132047:2024:expenditure:approved:81c9536abeb9d252,assigned,01,retained,款,somu,
2024,expenditure,132047:2024:expenditure:approved:81d381f8e132b996,assigned,09,retained,目,shogaigakushu-other,
2024,expenditure,132047:2024:expenditure:approved:81deef4340c4bfa5,assigned,06,retained,項,doboku-jutaku,
2024,expenditure,132047:2024:expenditure:approved:81f4267a8c6ff4ed,assigned,10,retained,款,minsei,
2024,expenditure,132047:2024:expenditure:approved:81ffc59bf717474b,assigned,07,retained,項,eisei-hoken,
2024,expenditure,132047:2024:expenditure:approved:820b6f1f918c685d,assigned,10,retained,款,minsei,
2024,expenditure,132047:2024:expenditure:approved:821647334fbd4c58,assigned,07,retained,項,eisei-hoken,
2024,expenditure,132047:2024:expenditure:approved:8227765a110503ad,assigned,10,retained,款,minsei,
2024,expenditure,132047:2024:expenditure:approved:822af2d28be93ff8,assigned,10,retained,款,minsei,
2024,expenditure,132047:2024:expenditure:approved:824efcba59318dc6,assigned,07,retained,項,eisei-hoken,
2024,expenditure,132047:2024:expenditure:approved:825013d6cb27eafb,assigned,07,retained,項,eisei-hoken,
2024,expenditure,132047:2024:expenditure:approved:82565446db9612db,assigned,01,retained,款,somu,
2024,expenditure,132047:2024:expenditure:approved:82610f9c3cf8bf83,assigned,10,retained,款,minsei,
2024,expenditure,132047:2024:expenditure:approved:82675cf4a4d87d9e,assigned,01,retained,款,somu,
2024,expenditure,132047:2024:expenditure:approved:82679dc74442b73f,assigned,10,retained,款,minsei,
2024,expenditure,132047:2024:expenditure:approved:82730e3c5bc081ff,assigned,01,retained,款,somu,
2024,expenditure,132047:2024:expenditure:approved:827e8991dbd60c2b,assigned,09,retained,項,kyoiku-somu,
2024,expenditure,132047:2024:expenditure:approved:82b33a10c190d791,assigned,07,retained,会計,fund-kouki,
2024,expenditure,132047:2024:expenditure:approved:82b47181b4c51977,assigned,01,retained,款,somu,
2024,expenditure,132047:2024:expenditure:approved:82d0a37e786c6075,assigned,01,retained,款,somu,
2024,expenditure,132047:2024:expenditure:approved:82d7a44709b0037a,assigned,09,retained,項,kyoiku-somu,
2024,expenditure,132047:2024:expenditure:approved:82e11363d9505bd2,assigned,09,retained,目,shogaigakushu-other,
2024,expenditure,132047:2024:expenditure:approved:82ecca89393460a5,assigned,06,retained,目,toshikeikaku-somu,
2024,expenditure,132047:2024:expenditure:approved:82f1a9cc1b8e1df1,assigned,07,retained,会計,fund-kokuho,
2024,expenditure,132047:2024:expenditure:approved:82f6bae6147babeb,assigned,09,retained,項,kyoiku-somu,
2024,expenditure,132047:2024:expenditure:approved:82f7cf84dc00763e,assigned,01,retained,款,somu,
2024,expenditure,132047:2024:expenditure:approved:82f8d70c8a3612b8,assigned,07,retained,項,eisei-hoken,
2024,expenditure,132047:2024:expenditure:approved:82f8e3b0ff2e5791,assigned,10,retained,款,minsei,
2024,expenditure,132047:2024:expenditure:approved:82ff4baa69fcc49c,assigned,08,retained,目,shogaigakushu-toshokan,
2024,expenditure,132047:2024:expenditure:approved:830be785fe888b1b,assigned,07,retained,項,eisei-hoken,
2024,expenditure,132047:2024:expenditure:approved:8321e5e426fedd45,assigned,06,retained,項,doboku-jutaku,
2024,expenditure,132047:2024:expenditure:approved:8334f2410fb64465,assigned,01,retained,款,somu,
2024,expenditure,132047:2024:expenditure:approved:833e73e91af264ac,assigned,10,retained,款,minsei,
2024,expenditure,132047:2024:expenditure:approved:8351fbfd1adaf59c,assigned,10,retained,款,minsei,
2024,expenditure,132047:2024:expenditure:approved:8358aca361bcd516,assigned,05,retained,項,eisei-seiso,
2024,expenditure,132047:2024:expenditure:approved:835b2fcd49ac2584,assigned,08,retained,項,kyoiku-sports,
2024,expenditure,132047:2024:expenditure:approved:835f47f83d3c137a,assigned,01,retained,款,gikai,
2024,expenditure,132047:2024:expenditure:approved:83626c992d3a9f75,assigned,09,retained,項,kyoiku-somu,
2024,expenditure,132047:2024:expenditure:approved:83635968c37ac6c4,assigned,04,retained,項,doboku-doro,
2024,expenditure,132047:2024:expenditure:approved:83695fe9034946c0,assigned,10,retained,款,minsei,
2024,expenditure,132047:2024:expenditure:approved:836f2f8587bf9dc9,assigned,03,retained,款,shobo,
2024,expenditure,132047:2024:expenditure:approved:83be701721c4ac7f,assigned,09,retained,項,kyoiku-somu,
2024,expenditure,132047:2024:expenditure:approved:83da6fdc15f7b1b3,assigned,10,retained,款,minsei,
2024,expenditure,132047:2024:expenditure:approved:83e7c08aac020416,assigned,10,retained,款,minsei,
2024,expenditure,132047:2024:expenditure:approved:83eb360cfb5a656a,assigned,10,retained,款,minsei,
2024,expenditure,132047:2024:expenditure:approved:83fe88b5d78ac826,assigned,09,retained,項,kyoiku-somu,
2024,expenditure,132047:2024:expenditure:approved:8408168abe8d9e17,assigned,09,retained,項,kyoiku-somu,
2024,expenditure,132047:2024:expenditure:approved:840893d5b770cd31,assigned,10,retained,款,minsei,
2024,expenditure,132047:2024:expenditure:approved:84148ffae31b6057,assigned,10,retained,款,minsei,
2024,expenditure,132047:2024:expenditure:approved:841cf00716324b4b,assigned,07,eliminated,目,transfer-kouki,後期高齢者医療特別会計
2024,expenditure,132047:2024:expenditure:approved:841fa5291662c80f,assigned,01,retained,款,somu,
2024,expenditure,132047:2024:expenditure:approved:842b6bbd31b3c6e0,assigned,07,retained,項,eisei-hoken,
2024,expenditure,132047:2024:expenditure:approved:842fb26a2a4a7bed,assigned,10,retained,款,minsei,
2024,expenditure,132047:2024:expenditure:approved:84363b86077a54e7,assigned,10,retained,款,minsei,
2024,expenditure,132047:2024:expenditure:approved:844f843468ced549,assigned,09,retained,目,shogaigakushu-other,
2024,expenditure,132047:2024:expenditure:approved:8461483192088b0d,assigned,08,retained,目,toshikeikaku-kouen,
2024,expenditure,132047:2024:expenditure:approved:8461d706018fc13b,assigned,09,retained,項,kyoiku-somu,
2024,expenditure,132047:2024:expenditure:approved:849231859905c54d,assigned,07,retained,項,eisei-hoken,
2024,expenditure,132047:2024:expenditure:approved:849bab9ca9d4b2e5,assigned,04,retained,款,shoko,
2024,expenditure,132047:2024:expenditure:approved:849ccf5563db8916,assigned,10,retained,会計,fund-kaigo-hoken,
2024,expenditure,132047:2024:expenditure:approved:84b034e99a4f8798,assigned,07,retained,項,eisei-hoken,
2024,expenditure,132047:2024:expenditure:approved:84b1e61be3dafe55,assigned,08,retained,項,kyoiku-sports,
2024,expenditure,132047:2024:expenditure:approved:84b23826fdf8484c,assigned,09,retained,項,kyoiku-somu,
2024,expenditure,132047:2024:expenditure:approved:84d860424dea3543,assigned,05,retained,項,eisei-seiso,
2024,expenditure,132047:2024:expenditure:approved:84e2afba77e911a6,assigned,10,retained,款,minsei,
2024,expenditure,132047:2024:expenditure:approved:84f9d5169cdacb6b,assigned,10,retained,款,minsei,
2024,expenditure,132047:2024:expenditure:approved:8504c2470352f8ed,assigned,01,retained,款,somu,
2024,expenditure,132047:2024:expenditure:approved:8508efd9f3088183,assigned,06,retained,目,toshikeikaku-somu,
2024,expenditure,132047:2024:expenditure:approved:8528a86381667e10,assigned,04,retained,項,doboku-doro,
2024,expenditure,132047:2024:expenditure:approved:8536e4c471c7b120,assigned,10,retained,款,minsei,
2024,expenditure,132047:2024:expenditure:approved:85425685b254a127,assigned,10,retained,款,minsei,
2024,expenditure,132047:2024:expenditure:approved:854726e69cdc221f,assigned,07,retained,会計,fund-kouki,
2024,expenditure,132047:2024:expenditure:approved:854bff083d15d921,assigned,04,retained,款,shoko,
2024,expenditure,132047:2024:expenditure:approved:854fac774f64f834,assigned,06,retained,目,toshikeikaku-somu,
2024,expenditure,132047:2024:expenditure:approved:8554a352b2f2e688,assigned,09,retained,項,kyoiku-somu,
2024,expenditure,132047:2024:expenditure:approved:8554ce3256f26379,assigned,09,retained,項,kyoiku-somu,
2024,expenditure,132047:2024:expenditure:approved:85647286576b6e6e,assigned,10,retained,款,minsei,
2024,expenditure,132047:2024:expenditure:approved:85762cd4bb200a0d,assigned,10,retained,款,minsei,
2024,expenditure,132047:2024:expenditure:approved:857927d2cd3ef971,assigned,10,retained,款,minsei,
2024,expenditure,132047:2024:expenditure:approved:85813df8c6f4e8cc,assigned,09,retained,項,kyoiku-somu,
2024,expenditure,132047:2024:expenditure:approved:858adaafb30615da,assigned,04,retained,款,shoko,
2024,expenditure,132047:2024:expenditure:approved:859e640366d2b03c,assigned,03,retained,款,shobo,
2024,expenditure,132047:2024:expenditure:approved:85a5ea9ae5e9f6fc,assigned,10,retained,款,minsei,
2024,expenditure,132047:2024:expenditure:approved:85b2d0e31fcbf7be,assigned,04,retained,項,doboku-doro,
2024,expenditure,132047:2024:expenditure:approved:85b707e5dc886844,assigned,07,eliminated,目,transfer-kouki,後期高齢者医療特別会計
2024,expenditure,132047:2024:expenditure:approved:85ba4947c216021f,assigned,07,retained,項,eisei-hoken,
2024,expenditure,132047:2024:expenditure:approved:85c408360968f8e9,assigned,09,retained,項,kyoiku-somu,
2024,expenditure,132047:2024:expenditure:approved:85c9b914e9c760b6,assigned,09,retained,目,shogaigakushu-other,
2024,expenditure,132047:2024:expenditure:approved:85cb301a03d98f33,assigned,01,retained,款,somu,
2024,expenditure,132047:2024:expenditure:approved:85cc53b30bbfef17,assigned,08,retained,項,kyoiku-sports,
2024,expenditure,132047:2024:expenditure:approved:85f027f8ad331d28,assigned,10,retained,款,minsei,
2024,expenditure,132047:2024:expenditure:approved:85fb94fc824f9692,assigned,01,retained,款,somu,
2024,expenditure,132047:2024:expenditure:approved:85fd76f5d0c5fcbf,assigned,01,retained,款,somu,
2024,expenditure,132047:2024:expenditure:approved:86001c43afcece86,assigned,04,retained,項,doboku-doro,
2024,expenditure,132047:2024:expenditure:approved:8613da0bd2a297a0,assigned,09,retained,項,kyoiku-somu,
2024,expenditure,132047:2024:expenditure:approved:8616d63487a3572e,assigned,01,retained,款,somu,
2024,expenditure,132047:2024:expenditure:approved:8618bfed182e49c1,assigned,09,retained,項,kyoiku-somu,
2024,expenditure,132047:2024:expenditure:approved:8625522c65202838,assigned,09,retained,項,kyoiku-somu,
2024,expenditure,132047:2024:expenditure:approved:862b1f9dd96e8c25,assigned,07,retained,項,eisei-hoken,
2024,expenditure,132047:2024:expenditure:approved:863893961eb40dcd,assigned,09,retained,項,kyoiku-somu,
2024,expenditure,132047:2024:expenditure:approved:863cb73b921bb8e0,assigned,08,retained,項,kyoiku-sports,
2024,expenditure,132047:2024:expenditure:approved:8648ab3be098f859,assigned,01,retained,款,somu,
2024,expenditure,132047:2024:expenditure:approved:8650f43aa409cd3c,assigned,04,retained,目,toshikeikaku-gairo,
2024,expenditure,132047:2024:expenditure:approved:8654a08fa9a4707b,assigned,01,retained,款,somu,
2024,expenditure,132047:2024:expenditure:approved:86565817fefc145d,assigned,09,retained,項,kyoiku-somu,
2024,expenditure,132047:2024:expenditure:approved:8657118525a4cd8b,assigned,01,retained,款,somu,
2024,expenditure,132047:2024:expenditure:approved:865ea3441d8bdd3c,assigned,10,retained,款,minsei,
2024,expenditure,132047:2024:expenditure:approved:866c04e9462bac48,assigned,01,retained,款,somu,
2024,expenditure,132047:2024:expenditure:approved:8684e5ce0b397d20,assigned,01,retained,款,somu,
2024,expenditure,132047:2024:expenditure:approved:8693adaf69a911e7,assigned,10,retained,款,minsei,
2024,expenditure,132047:2024:expenditure:approved:8695648f1ee4bdc6,assigned,01,retained,款,somu,
2024,expenditure,132047:2024:expenditure:approved:86a211f7916e98da,assigned,10,retained,会計,fund-kaigo-service,
2024,expenditure,132047:2024:expenditure:approved:86afe8c719b7fc54,assigned,10,retained,款,minsei,
2024,expenditure,132047:2024:expenditure:approved:86b1bef9fdbb90b2,assigned,09,retained,項,kyoiku-somu,
2024,expenditure,132047:2024:expenditure:approved:86beacfbe0fc0a32,assigned,10,retained,款,minsei,
2024,expenditure,132047:2024:expenditure:approved:86bf02048998b88d,assigned,01,retained,款,somu,
2024,expenditure,132047:2024:expenditure:approved:86d29e18e26c92f0,assigned,07,retained,項,eisei-hoken,
2024,expenditure,132047:2024:expenditure:approved:86d55b8c752052f0,assigned,07,retained,項,eisei-hoken,
2024,expenditure,132047:2024:expenditure:approved:86d5e874072f9546,assigned,01,retained,款,somu,
2024,expenditure,132047:2024:expenditure:approved:86eab24d283d20f9,assigned,01,retained,款,somu,
2024,expenditure,132047:2024:expenditure:approved:86f4d5e7d4b67e59,assigned,10,retained,款,minsei,
2024,expenditure,132047:2024:expenditure:approved:870a6070b5e93a39,assigned,04,retained,項,doboku-doro,
2024,expenditure,132047:2024:expenditure:approved:8717872a7498a0ac,assigned,01,retained,款,somu,
2024,expenditure,132047:2024:expenditure:approved:8719c9b67bd3f51f,assigned,08,retained,目,toshikeikaku-kouen,
2024,expenditure,132047:2024:expenditure:approved:8720a8d7426ed202,assigned,01,retained,款,somu,
2024,expenditure,132047:2024:expenditure:approved:87217695f9bd0415,assigned,01,retained,款,somu,
2024,expenditure,132047:2024:expenditure:approved:8729582a8e6a1db9,assigned,06,retained,目,toshikeikaku-somu,
2024,expenditure,132047:2024:expenditure:approved:874ac9e97912d4c8,assigned,10,retained,款,minsei,
2024,expenditure,132047:2024:expenditure:approved:875d4cfecba83f81,assigned,10,retained,款,minsei,
2024,expenditure,132047:2024:expenditure:approved:875d5fff057eed60,assigned,09,retained,目,shogaigakushu-other,
2024,expenditure,132047:2024:expenditure:approved:876424151eee218f,assigned,07,retained,項,eisei-hoken,
2024,expenditure,132047:2024:expenditure:approved:8765128b2601b637,assigned,09,retained,項,kyoiku-somu,
2024,expenditure,132047:2024:expenditure:approved:8769f6463eba13c3,assigned,09,retained,項,kyoiku-somu,
2024,expenditure,132047:2024:expenditure:approved:876fe16e37016af1,assigned,09,retained,目,shogaigakushu-other,
2024,expenditure,132047:2024:expenditure:approved:87785df9f56fc845,assigned,08,retained,項,kyoiku-sports,
2024,expenditure,132047:2024:expenditure:approved:8784e7610d8beb7d,assigned,01,retained,款,somu,
2024,expenditure,132047:2024:expenditure:approved:878e7a60aa6687cb,assigned,01,retained,款,gikai,
2024,expenditure,132047:2024:expenditure:approved:8792b9be3b752448,assigned,09,retained,項,kyoiku-somu,
2024,expenditure,132047:2024:expenditure:approved:879ae9a2e10f51b8,assigned,07,retained,項,eisei-hoken,
2024,expenditure,132047:2024:expenditure:approved:879dd37c361e5b19,assigned,01,retained,款,somu,
2024,expenditure,132047:2024:expenditure:approved:87a8b56351be700e,assigned,07,eliminated,目,transfer-kouki,後期高齢者医療特別会計
2024,expenditure,132047:2024:expenditure:approved:87afa9da132601f2,assigned,01,retained,款,somu,
2024,expenditure,132047:2024:expenditure:approved:87b79f86d1c6cdb0,assigned,01,retained,款,somu,
2024,expenditure,132047:2024:expenditure:approved:87c11bf3c4198bdb,assigned,10,retained,款,minsei,
2024,expenditure,132047:2024:expenditure:approved:87d0c1fff448c81e,assigned,10,retained,款,minsei,
2024,expenditure,132047:2024:expenditure:approved:87d73d10f123360b,assigned,06,retained,項,doboku-jutaku,
2024,expenditure,132047:2024:expenditure:approved:87e2dfebde888aea,assigned,01,retained,款,somu,
2024,expenditure,132047:2024:expenditure:approved:87e6272630f97dd7,assigned,10,retained,款,minsei,
2024,expenditure,132047:2024:expenditure:approved:87f687aa8ab5062c,assigned,05,retained,項,eisei-seiso,
2024,expenditure,132047:2024:expenditure:approved:87f792704b4f3866,assigned,09,retained,項,kyoiku-somu,
2024,expenditure,132047:2024:expenditure:approved:87fee798593ba53d,assigned,01,retained,款,somu,
2024,expenditure,132047:2024:expenditure:approved:87ffbc55d1db827c,assigned,10,retained,款,minsei,
2024,expenditure,132047:2024:expenditure:approved:881888629e2cda1f,out-of-scope,"",retained,節,fund-accumulation,
2024,expenditure,132047:2024:expenditure:approved:881cd40be93fd37b,assigned,01,retained,款,somu,
2024,expenditure,132047:2024:expenditure:approved:881ff12f2cbcaa9c,assigned,01,retained,款,somu,
2024,expenditure,132047:2024:expenditure:approved:8820d441a081545d,assigned,03,retained,款,shobo,
2024,expenditure,132047:2024:expenditure:approved:88282bd96923985d,assigned,10,retained,款,minsei,
2024,expenditure,132047:2024:expenditure:approved:8838c453ae7485f3,assigned,10,retained,款,minsei,
2024,expenditure,132047:2024:expenditure:approved:8842b3d4e8c4b652,assigned,09,retained,項,kyoiku-somu,
2024,expenditure,132047:2024:expenditure:approved:8843dd81dc8a4f0d,assigned,04,retained,項,doboku-doro,
2024,expenditure,132047:2024:expenditure:approved:8864baf363670b12,assigned,08,retained,目,toshikeikaku-kouen,
2024,expenditure,132047:2024:expenditure:approved:887739fb367c6238,assigned,05,retained,項,eisei-seiso,
2024,expenditure,132047:2024:expenditure:approved:88800ef4a80fdac8,assigned,10,retained,款,minsei,
2024,expenditure,132047:2024:expenditure:approved:888134d76d8cee04,assigned,04,retained,項,doboku-doro,
2024,expenditure,132047:2024:expenditure:approved:8886a96d1248ba18,assigned,09,retained,目,shogaigakushu-other,
2024,expenditure,132047:2024:expenditure:approved:8890482b423bc2e4,assigned,08,retained,項,kyoiku-sports,
2024,expenditure,132047:2024:expenditure:approved:88975e66bc7060e0,assigned,05,retained,項,eisei-seiso,
2024,expenditure,132047:2024:expenditure:approved:8898c38da4d9daa2,assigned,09,retained,項,kyoiku-somu,
2024,expenditure,132047:2024:expenditure:approved:889ff4ed0a437e61,assigned,10,retained,款,minsei,
2024,expenditure,132047:2024:expenditure:approved:88a2c93f9c8abe20,assigned,09,retained,目,shogaigakushu-other,
2024,expenditure,132047:2024:expenditure:approved:88d2ae6146b1eef2,assigned,10,retained,款,minsei,
2024,expenditure,132047:2024:expenditure:approved:88e427d75ff13c1c,assigned,07,eliminated,目,transfer-kouki,後期高齢者医療特別会計
2024,expenditure,132047:2024:expenditure:approved:8906d0555dcca2e8,assigned,10,retained,款,minsei,
2024,expenditure,132047:2024:expenditure:approved:89076e7a74ae50bd,assigned,07,retained,項,eisei-hoken,
2024,expenditure,132047:2024:expenditure:approved:892a40db30070ee9,assigned,10,retained,款,minsei,
2024,expenditure,132047:2024:expenditure:approved:892f54b9c4bddec4,assigned,04,retained,項,doboku-kanri,
2024,expenditure,132047:2024:expenditure:approved:893a2160593c5182,assigned,07,retained,項,eisei-hoken,
2024,expenditure,132047:2024:expenditure:approved:893a77e569ea0577,assigned,01,retained,款,somu,
2024,expenditure,132047:2024:expenditure:approved:893bb15e453cbe49,assigned,01,retained,款,somu,
2024,expenditure,132047:2024:expenditure:approved:895a1cb2f6182265,assigned,09,retained,項,kyoiku-somu,
2024,expenditure,132047:2024:expenditure:approved:896ad509882aa2db,assigned,10,retained,款,minsei,
2024,expenditure,132047:2024:expenditure:approved:897e9edbb79e471d,assigned,06,retained,目,toshikeikaku-somu,
2024,expenditure,132047:2024:expenditure:approved:8990164902b74154,assigned,06,retained,目,toshikeikaku-somu,
2024,expenditure,132047:2024:expenditure:approved:8990e6514a222dbd,assigned,10,retained,款,minsei,
2024,expenditure,132047:2024:expenditure:approved:89996aa8a219c076,assigned,01,retained,款,somu,
2024,expenditure,132047:2024:expenditure:approved:89a1cb86d1db0d1e,assigned,09,retained,項,kyoiku-somu,
2024,expenditure,132047:2024:expenditure:approved:89a401517537b476,assigned,09,retained,項,kyoiku-somu,
2024,expenditure,132047:2024:expenditure:approved:89a4ac63d71cb7b1,assigned,07,retained,項,eisei-hoken,
2024,expenditure,132047:2024:expenditure:approved:89a9e18e0cc5e62b,assigned,07,retained,項,eisei-hoken,
2024,expenditure,132047:2024:expenditure:approved:89b2fcf50749e2a7,assigned,07,retained,項,eisei-hoken,
2024,expenditure,132047:2024:expenditure:approved:89b5b0e9c3c1d451,assigned,10,retained,款,minsei,
2024,expenditure,132047:2024:expenditure:approved:89b910844761ce80,assigned,04,retained,款,rodo,
2024,expenditure,132047:2024:expenditure:approved:89bcdf6547ad5369,assigned,01,retained,款,somu,
2024,expenditure,132047:2024:expenditure:approved:89c8773d2a184b22,assigned,04,retained,款,norin,
2024,expenditure,132047:2024:expenditure:approved:89cf53af8972f56c,assigned,09,retained,項,kyoiku-somu,
2024,expenditure,132047:2024:expenditure:approved:89d93037a95567d3,assigned,10,retained,款,minsei,
2024,expenditure,132047:2024:expenditure:approved:89dec7dd354bbf86,assigned,09,retained,目,shogaigakushu-other,
2024,expenditure,132047:2024:expenditure:approved:89e362b0b7c1492d,assigned,01,retained,款,somu,
2024,expenditure,132047:2024:expenditure:approved:89f807c0e6a77a28,assigned,04,retained,款,shoko,
2024,expenditure,132047:2024:expenditure:approved:8a46637ec8273c6e,assigned,01,retained,款,somu,
2024,expenditure,132047:2024:expenditure:approved:8a5686269ee6bacb,assigned,04,retained,項,doboku-kanri,
2024,expenditure,132047:2024:expenditure:approved:8a5f5a34e211d712,assigned,01,retained,款,somu,
2024,expenditure,132047:2024:expenditure:approved:8a638af8a3fed89d,assigned,08,retained,目,toshikeikaku-kouen,
2024,expenditure,132047:2024:expenditure:approved:8a664bf4b43a033e,assigned,10,retained,款,minsei,
2024,expenditure,132047:2024:expenditure:approved:8a6c9549bfdceeaf,assigned,10,retained,款,minsei,
2024,expenditure,132047:2024:expenditure:approved:8a713a1e8848c669,assigned,09,retained,目,shogaigakushu-other,
2024,expenditure,132047:2024:expenditure:approved:8a8df05423baa2f4,assigned,05,retained,項,eisei-seiso,
2024,expenditure,132047:2024:expenditure:approved:8a944dc1937f8070,assigned,10,retained,款,minsei,
2024,expenditure,132047:2024:expenditure:approved:8a9c1f04cdbc81c6,assigned,05,retained,項,eisei-seiso,
2024,expenditure,132047:2024:expenditure:approved:8a9d486f056a3b39,assigned,04,retained,項,doboku-doro,
2024,expenditure,132047:2024:expenditure:approved:8aa74800522a5f3a,assigned,01,retained,款,somu,
2024,expenditure,132047:2024:expenditure:approved:8ab3b7214ab88f1a,assigned,09,retained,項,kyoiku-somu,
2024,expenditure,132047:2024:expenditure:approved:8ab9871165d07990,assigned,05,retained,項,eisei-seiso,
2024,expenditure,132047:2024:expenditure:approved:8ac1cdfc9a0642e5,assigned,05,retained,目,toshikeikaku-gesui,
2024,expenditure,132047:2024:expenditure:approved:8ad46082e8a7bec0,assigned,10,retained,款,minsei,
2024,expenditure,132047:2024:expenditure:approved:8adaa2858636888e,assigned,07,retained,項,eisei-hoken,
2024,expenditure,132047:2024:expenditure:approved:8af44d6d4b51d102,assigned,04,retained,項,doboku-kanri,
2024,expenditure,132047:2024:expenditure:approved:8afdb789d4305c87,assigned,01,retained,款,somu,
2024,expenditure,132047:2024:expenditure:approved:8b0081c3e36b3cb3,assigned,01,retained,款,somu,
2024,expenditure,132047:2024:expenditure:approved:8b1a63a8fdf7b46b,assigned,05,retained,項,eisei-seiso,
2024,expenditure,132047:2024:expenditure:approved:8b1ae2a0e8901a46,assigned,03,retained,款,shobo,
2024,expenditure,132047:2024:expenditure:approved:8b1d3a3ba471ff7f,assigned,07,retained,項,eisei-hoken,
2024,expenditure,132047:2024:expenditure:approved:8b1f00a69cce200e,assigned,01,retained,款,somu,
2024,expenditure,132047:2024:expenditure:approved:8b273e34ddbe6486,assigned,01,retained,款,somu,
2024,expenditure,132047:2024:expenditure:approved:8b2753a3e493d4a1,assigned,01,retained,款,somu,
2024,expenditure,132047:2024:expenditure:approved:8b3ff99d80a4defb,assigned,10,retained,款,minsei,
2024,expenditure,132047:2024:expenditure:approved:8b4c4944c58fdcbe,assigned,01,retained,款,somu,
2024,expenditure,132047:2024:expenditure:approved:8b55ecc01847418b,assigned,01,retained,款,somu,
2024,expenditure,132047:2024:expenditure:approved:8b5e149efb805242,assigned,08,retained,目,shogaigakushu-toshokan,
2024,expenditure,132047:2024:expenditure:approved:8b6b36a199f19391,assigned,06,retained,項,doboku-jutaku,
2024,expenditure,132047:2024:expenditure:approved:8b713014c3a80809,assigned,10,retained,款,minsei,
2024,expenditure,132047:2024:expenditure:approved:8b716b6e63bba266,assigned,01,retained,款,somu,
2024,expenditure,132047:2024:expenditure:approved:8b7e834fc771662d,assigned,04,retained,款,shoko,
2024,expenditure,132047:2024:expenditure:approved:8b7f8836c7bb593e,assigned,01,retained,款,somu,
2024,expenditure,132047:2024:expenditure:approved:8b90bb521b593a9e,assigned,04,retained,項,doboku-kanri,
2024,expenditure,132047:2024:expenditure:approved:8b90cb6114795a64,assigned,08,retained,目,toshikeikaku-kouen,
2024,expenditure,132047:2024:expenditure:approved:8b959a87e412479e,assigned,01,retained,款,somu,
2024,expenditure,132047:2024:expenditure:approved:8b9633e5172cb7b6,assigned,05,retained,項,eisei-seiso,
2024,expenditure,132047:2024:expenditure:approved:8bc8fd6e463075e5,assigned,01,retained,款,somu,
2024,expenditure,132047:2024:expenditure:approved:8bcaaf7f58d94d08,assigned,07,retained,項,eisei-hoken,
2024,expenditure,132047:2024:expenditure:approved:8bd02a593916522a,assigned,01,retained,款,somu,
2024,expenditure,132047:2024:expenditure:approved:8becc94fd98e4830,assigned,07,retained,項,eisei-hoken,
2024,expenditure,132047:2024:expenditure:approved:8bf6d02aa90dec8e,assigned,09,retained,項,kyoiku-somu,
2024,expenditure,132047:2024:expenditure:approved:8bff295941da2e31,assigned,09,retained,項,kyoiku-somu,
2024,expenditure,132047:2024:expenditure:approved:8c0c7950abdb3c43,assigned,08,retained,項,kyoiku-sports,
2024,expenditure,132047:2024:expenditure:approved:8c135b4c5874848c,assigned,06,retained,目,toshikeikaku-somu,
2024,expenditure,132047:2024:expenditure:approved:8c190f30a1bf97d5,assigned,03,retained,款,shobo,
2024,expenditure,132047:2024:expenditure:approved:8c206e03420a0223,assigned,10,retained,会計,fund-kaigo-hoken,
2024,expenditure,132047:2024:expenditure:approved:8c33225f69508086,assigned,04,retained,款,rodo,
2024,expenditure,132047:2024:expenditure:approved:8c337a20a25cb8cb,assigned,09,retained,目,shogaigakushu-other,
2024,expenditure,132047:2024:expenditure:approved:8c3d836cd9eb6999,assigned,04,retained,項,doboku-doro,
2024,expenditure,132047:2024:expenditure:approved:8c4d4725593beada,assigned,01,retained,款,somu,
2024,expenditure,132047:2024:expenditure:approved:8c6ce0d7d9e3a660,assigned,10,retained,款,minsei,
2024,expenditure,132047:2024:expenditure:approved:8c6e219179babbc2,assigned,05,retained,項,eisei-seiso,
2024,expenditure,132047:2024:expenditure:approved:8c8304b5f88ce95e,assigned,01,retained,款,somu,
2024,expenditure,132047:2024:expenditure:approved:8caffe49e306e761,assigned,10,retained,款,minsei,
2024,expenditure,132047:2024:expenditure:approved:8cb5b97699f18c69,assigned,01,retained,款,somu,
2024,expenditure,132047:2024:expenditure:approved:8cb78664431c24dc,assigned,01,retained,款,somu,
2024,expenditure,132047:2024:expenditure:approved:8cbbcc15605c02e2,assigned,10,retained,款,minsei,
2024,expenditure,132047:2024:expenditure:approved:8cc29a14b3b215c3,assigned,09,retained,目,shogaigakushu-other,
2024,expenditure,132047:2024:expenditure:approved:8cce15acd23df37a,assigned,09,retained,項,kyoiku-somu,
2024,expenditure,132047:2024:expenditure:approved:8cce4539fab874e4,assigned,01,retained,款,somu,
2024,expenditure,132047:2024:expenditure:approved:8cd7a9fee593225e,assigned,10,retained,款,minsei,
2024,expenditure,132047:2024:expenditure:approved:8ce6d9bb8e220881,assigned,03,retained,款,shobo,
2024,expenditure,132047:2024:expenditure:approved:8ceb58ba2488d969,assigned,01,retained,款,somu,
2024,expenditure,132047:2024:expenditure:approved:8cef725f764bbb00,assigned,04,retained,項,doboku-doro,
2024,expenditure,132047:2024:expenditure:approved:8cf81d09846e1f0f,assigned,09,retained,項,kyoiku-somu,
2024,expenditure,132047:2024:expenditure:approved:8cfeda12349b6e9a,assigned,04,retained,款,norin,
2024,expenditure,132047:2024:expenditure:approved:8d0f5249a94fe235,assigned,09,retained,項,kyoiku-somu,
2024,expenditure,132047:2024:expenditure:approved:8d131e336927bf04,assigned,10,retained,款,minsei,
2024,expenditure,132047:2024:expenditure:approved:8d1d6f79ed6d7412,assigned,07,retained,項,eisei-hoken,
2024,expenditure,132047:2024:expenditure:approved:8d2013a9fd294b65,assigned,09,retained,項,kyoiku-somu,
2024,expenditure,132047:2024:expenditure:approved:8d36ddb79f3f934d,assigned,04,retained,項,doboku-doro,
2024,expenditure,132047:2024:expenditure:approved:8d4b508befba00c0,assigned,01,retained,款,gikai,
2024,expenditure,132047:2024:expenditure:approved:8d5753d327eed87f,assigned,07,retained,項,eisei-hoken,
2024,expenditure,132047:2024:expenditure:approved:8d63df63d4e6b3d4,assigned,01,retained,款,somu,
2024,expenditure,132047:2024:expenditure:approved:8d679e9c210781e2,assigned,10,retained,款,minsei,
2024,expenditure,132047:2024:expenditure:approved:8d67ae391f4e9ff8,assigned,10,retained,款,minsei,
2024,expenditure,132047:2024:expenditure:approved:8d6e7717d675086d,assigned,01,retained,款,somu,
2024,expenditure,132047:2024:expenditure:approved:8d71c1a137387f09,assigned,08,retained,項,kyoiku-sports,
2024,expenditure,132047:2024:expenditure:approved:8d71d453e0ae4317,assigned,10,retained,款,minsei,
2024,expenditure,132047:2024:expenditure:approved:8d71eb9c7b0b0ddb,assigned,03,retained,款,shobo,
2024,expenditure,132047:2024:expenditure:approved:8d84f8428e4167e3,assigned,04,retained,項,doboku-doro,
2024,expenditure,132047:2024:expenditure:approved:8d8d8d210eb6bdfd,assigned,07,retained,項,eisei-hoken,
2024,expenditure,132047:2024:expenditure:approved:8db5b1cb76cfc65d,assigned,06,retained,目,toshikeikaku-somu,
2024,expenditure,132047:2024:expenditure:approved:8de1f9faca43cb2a,assigned,01,retained,款,somu,
2024,expenditure,132047:2024:expenditure:approved:8dee6aa8e4f06750,assigned,10,retained,款,minsei,
2024,expenditure,132047:2024:expenditure:approved:8df2281be0eab13c,assigned,10,retained,款,minsei,
2024,expenditure,132047:2024:expenditure:approved:8df5a285eef9d85f,assigned,01,retained,款,somu,
2024,expenditure,132047:2024:expenditure:approved:8e0b20e48d84b212,assigned,04,retained,項,doboku-doro,
2024,expenditure,132047:2024:expenditure:approved:8e0b3c25a6e7df4e,assigned,10,retained,款,minsei,
2024,expenditure,132047:2024:expenditure:approved:8e0dc3296aa6e9dd,assigned,10,retained,款,minsei,
2024,expenditure,132047:2024:expenditure:approved:8e1575b34125ba31,assigned,10,retained,款,minsei,
2024,expenditure,132047:2024:expenditure:approved:8e18b3d5116eef1d,assigned,01,retained,款,somu,
2024,expenditure,132047:2024:expenditure:approved:8e1ce41d26b1aa3d,assigned,04,retained,項,doboku-kanri,
2024,expenditure,132047:2024:expenditure:approved:8e1d26eca0bfe9fb,assigned,09,retained,項,kyoiku-somu,
2024,expenditure,132047:2024:expenditure:approved:8e25fe96d74cb463,assigned,10,retained,会計,fund-kaigo-hoken,
2024,expenditure,132047:2024:expenditure:approved:8e3c4c408d3c7352,assigned,04,retained,項,doboku-doro,
2024,expenditure,132047:2024:expenditure:approved:8e3e51c24b078348,assigned,09,retained,項,kyoiku-somu,
2024,expenditure,132047:2024:expenditure:approved:8e4e5bf2a6049ef4,assigned,04,retained,項,doboku-doro,
2024,expenditure,132047:2024:expenditure:approved:8e6c616a51457866,assigned,05,retained,項,eisei-seiso,
2024,expenditure,132047:2024:expenditure:approved:8e70b8673c29d747,assigned,01,retained,款,somu,
2024,expenditure,132047:2024:expenditure:approved:8e7a1cdaefc6f635,assigned,01,retained,款,somu,
2024,expenditure,132047:2024:expenditure:approved:8e87afb65d57f2e1,assigned,09,retained,目,shogaigakushu-other,
2024,expenditure,132047:2024:expenditure:approved:8e916659dc5e500a,assigned,09,retained,項,kyoiku-somu,
2024,expenditure,132047:2024:expenditure:approved:8e91743b95c50ffb,assigned,08,retained,項,kyoiku-sports,
2024,expenditure,132047:2024:expenditure:approved:8e92be819a259b6d,assigned,09,retained,目,shogaigakushu-other,
2024,expenditure,132047:2024:expenditure:approved:8e938e4d562303ac,assigned,04,retained,款,norin,
2024,expenditure,132047:2024:expenditure:approved:8e96b1744fbd46d8,assigned,10,retained,款,minsei,
2024,expenditure,132047:2024:expenditure:approved:8ea356ded1001189,assigned,09,retained,項,kyoiku-somu,
2024,expenditure,132047:2024:expenditure:approved:8ebdf74c63a6526d,assigned,10,retained,款,minsei,
2024,expenditure,132047:2024:expenditure:approved:8ecddd9ba045b11b,assigned,10,retained,款,minsei,
2024,expenditure,132047:2024:expenditure:approved:8edcea431f4cdcd0,assigned,08,retained,目,toshikeikaku-kouen,
2024,expenditure,132047:2024:expenditure:approved:8edeaefe032ed237,assigned,10,retained,款,minsei,
2024,expenditure,132047:2024:expenditure:approved:8ee3a458e07c4b51,assigned,09,retained,項,kyoiku-somu,
2024,expenditure,132047:2024:expenditure:approved:8eeab2febb605302,assigned,01,retained,款,somu,
2024,expenditure,132047:2024:expenditure:approved:8ef39dbfdb8b597d,assigned,01,retained,款,somu,
2024,expenditure,132047:2024:expenditure:approved:8efcab58360f6711,assigned,01,retained,款,somu,
2024,expenditure,132047:2024:expenditure:approved:8f12515a8b86be8b,assigned,01,retained,款,somu,
2024,expenditure,132047:2024:expenditure:approved:8f1a7c4480e9bd5d,assigned,04,retained,項,doboku-doro,
2024,expenditure,132047:2024:expenditure:approved:8f2fde904efde910,assigned,01,retained,款,somu,
2024,expenditure,132047:2024:expenditure:approved:8f3b076c5e7c64db,assigned,05,retained,項,eisei-seiso,
2024,expenditure,132047:2024:expenditure:approved:8f605ca38cfd55f3,assigned,01,retained,款,somu,
2024,expenditure,132047:2024:expenditure:approved:8f645712c5a9de21,assigned,05,retained,項,eisei-seiso,
2024,expenditure,132047:2024:expenditure:approved:8f6db5475a08ec9f,assigned,01,retained,款,somu,
2024,expenditure,132047:2024:expenditure:approved:8f74493506538340,assigned,01,retained,款,somu,
2024,expenditure,132047:2024:expenditure:approved:8f7bd1db94ac0824,assigned,05,retained,項,eisei-seiso,
2024,expenditure,132047:2024:expenditure:approved:8f8bf2815dbd4b68,assigned,04,retained,項,doboku-doro,
2024,expenditure,132047:2024:expenditure:approved:8f992f755f1cf20e,assigned,07,retained,項,eisei-hoken,
2024,expenditure,132047:2024:expenditure:approved:8fb0730c1a9be4d2,assigned,09,retained,項,kyoiku-somu,
2024,expenditure,132047:2024:expenditure:approved:8fb8aadf9cc0c8b7,assigned,01,retained,款,somu,
2024,expenditure,132047:2024:expenditure:approved:8fbb380b38a484f8,assigned,08,retained,項,kyoiku-sports,
2024,expenditure,132047:2024:expenditure:approved:8fbff17824d044eb,assigned,03,retained,款,shobo,
2024,expenditure,132047:2024:expenditure:approved:8fcb5c622721f212,assigned,10,retained,款,minsei,
2024,expenditure,132047:2024:expenditure:approved:900bfa56e7369ff6,assigned,05,retained,項,eisei-seiso,
2024,expenditure,132047:2024:expenditure:approved:900faf8b2476a218,assigned,08,retained,目,toshikeikaku-kouen,
2024,expenditure,132047:2024:expenditure:approved:90170a3fca91fef4,assigned,10,retained,款,minsei,
2024,expenditure,132047:2024:expenditure:approved:9021cd9dd854f053,assigned,09,retained,項,kyoiku-somu,
2024,expenditure,132047:2024:expenditure:approved:902f227ffd77940d,assigned,08,retained,項,kyoiku-sports,
2024,expenditure,132047:2024:expenditure:approved:903a49d36d45ee1b,assigned,01,retained,款,somu,
2024,expenditure,132047:2024:expenditure:approved:903fe2ab59475520,assigned,08,retained,項,kyoiku-sports,
2024,expenditure,132047:2024:expenditure:approved:9047c9c4099edb6e,assigned,07,retained,項,eisei-hoken,
2024,expenditure,132047:2024:expenditure:approved:905c96ec74b9449a,assigned,10,retained,款,minsei,
2024,expenditure,132047:2024:expenditure:approved:90621b9ea0f8c27c,assigned,01,retained,款,somu,
2024,expenditure,132047:2024:expenditure:approved:906314f7164b5ea1,assigned,10,retained,款,minsei,
2024,expenditure,132047:2024:expenditure:approved:906604d3683fe064,assigned,10,retained,款,minsei,
2024,expenditure,132047:2024:expenditure:approved:907646ac923a9eee,assigned,10,retained,款,minsei,
2024,expenditure,132047:2024:expenditure:approved:9076ed00d4041cc8,assigned,08,retained,目,toshikeikaku-kouen,
2024,expenditure,132047:2024:expenditure:approved:9079889c2972a23f,assigned,01,retained,款,somu,
2024,expenditure,132047:2024:expenditure:approved:907c586a6e49d104,assigned,08,retained,目,toshikeikaku-kouen,
2024,expenditure,132047:2024:expenditure:approved:90a17a46272ce65e,assigned,01,retained,款,somu,
2024,expenditure,132047:2024:expenditure:approved:90aa3265dda688d8,assigned,10,retained,款,minsei,
2024,expenditure,132047:2024:expenditure:approved:90b80d27b4cfb643,assigned,08,retained,項,kyoiku-sports,
2024,expenditure,132047:2024:expenditure:approved:90bb8f3b743e1994,assigned,10,retained,款,minsei,
2024,expenditure,132047:2024:expenditure:approved:90d7b6a7be7ba100,assigned,07,eliminated,目,transfer-kokuho,国民健康保険事業特別会計
2024,expenditure,132047:2024:expenditure:approved:90e0326bd16f24ce,assigned,07,retained,項,eisei-hoken,
2024,expenditure,132047:2024:expenditure:approved:90fc8cb6ad9fb745,assigned,01,retained,款,somu,
2024,expenditure,132047:2024:expenditure:approved:9130fe6d31f3ab94,assigned,03,retained,款,shobo,
2024,expenditure,132047:2024:expenditure:approved:91428f44771a4dca,assigned,10,retained,款,minsei,
2024,expenditure,132047:2024:expenditure:approved:9148223074f5bf11,assigned,09,retained,項,kyoiku-somu,
2024,expenditure,132047:2024:expenditure:approved:915488fe30a3426f,assigned,01,retained,款,somu,
2024,expenditure,132047:2024:expenditure:approved:9155c2676f2b539d,assigned,01,retained,款,somu,
2024,expenditure,132047:2024:expenditure:approved:915b11fe4f1177bc,assigned,09,retained,項,kyoiku-somu,
2024,expenditure,132047:2024:expenditure:approved:915dc4739cfbd899,assigned,10,retained,款,minsei,
2024,expenditure,132047:2024:expenditure:approved:916c2aba763a82a8,assigned,07,retained,項,eisei-hoken,
2024,expenditure,132047:2024:expenditure:approved:916e80965834cf0b,assigned,06,retained,項,doboku-jutaku,
2024,expenditure,132047:2024:expenditure:approved:91718549159d6aea,assigned,10,retained,款,minsei,
2024,expenditure,132047:2024:expenditure:approved:9174728cf131a3d8,assigned,03,retained,款,shobo,
2024,expenditure,132047:2024:expenditure:approved:9179c5534224e012,assigned,01,retained,款,somu,
2024,expenditure,132047:2024:expenditure:approved:9193a703c2957b72,assigned,10,retained,款,minsei,
2024,expenditure,132047:2024:expenditure:approved:91a49ce6e6bd20ec,assigned,10,retained,款,minsei,
2024,expenditure,132047:2024:expenditure:approved:91abc44b5b333b6f,assigned,10,retained,款,minsei,
2024,expenditure,132047:2024:expenditure:approved:91adaeecaa5805c3,assigned,09,retained,項,kyoiku-somu,
2024,expenditure,132047:2024:expenditure:approved:91af11cb37de0683,assigned,07,retained,項,eisei-hoken,
2024,expenditure,132047:2024:expenditure:approved:91bb91edc4e533af,assigned,10,retained,款,minsei,
2024,expenditure,132047:2024:expenditure:approved:91c3a874aafdd6a8,assigned,10,retained,款,minsei,
2024,expenditure,132047:2024:expenditure:approved:91e079d333c64504,assigned,10,retained,款,minsei,
2024,expenditure,132047:2024:expenditure:approved:91f1340cbe42f47b,assigned,10,retained,款,minsei,
2024,expenditure,132047:2024:expenditure:approved:91f5223c9248c93f,assigned,10,retained,款,minsei,
2024,expenditure,132047:2024:expenditure:approved:91ff839cc2235088,assigned,07,retained,項,eisei-hoken,
2024,expenditure,132047:2024:expenditure:approved:9207a52256c8d73c,assigned,08,retained,項,kyoiku-sports,
2024,expenditure,132047:2024:expenditure:approved:920ba1bd6d59ec01,assigned,08,retained,目,shogaigakushu-toshokan,
2024,expenditure,132047:2024:expenditure:approved:920e5280faba052b,assigned,09,retained,項,kyoiku-somu,
2024,expenditure,132047:2024:expenditure:approved:9212de46df9d4805,assigned,10,retained,款,minsei,
2024,expenditure,132047:2024:expenditure:approved:922103d3c148b376,assigned,01,retained,款,somu,
2024,expenditure,132047:2024:expenditure:approved:9222f7b91c9de9ed,assigned,10,eliminated,目,transfer-kaigo-hoken,介護保険事業特別会計
2024,expenditure,132047:2024:expenditure:approved:9224d964b0bfe317,assigned,04,retained,項,doboku-doro,
2024,expenditure,132047:2024:expenditure:approved:92340204143e12cf,assigned,08,retained,項,kyoiku-sports,
2024,expenditure,132047:2024:expenditure:approved:9235cd99fa23b207,assigned,01,retained,款,somu,
2024,expenditure,132047:2024:expenditure:approved:924394f1c3cb070c,assigned,04,retained,款,norin,
2024,expenditure,132047:2024:expenditure:approved:924b90192450e134,assigned,01,retained,款,somu,
2024,expenditure,132047:2024:expenditure:approved:9252459f853e6020,assigned,09,retained,項,kyoiku-somu,
2024,expenditure,132047:2024:expenditure:approved:9257e653c9d5d75f,assigned,01,retained,款,somu,
2024,expenditure,132047:2024:expenditure:approved:9276fa4b003197cf,assigned,09,retained,項,kyoiku-somu,
2024,expenditure,132047:2024:expenditure:approved:9278bbdb47cee9fa,assigned,10,retained,款,minsei,
2024,expenditure,132047:2024:expenditure:approved:927bbada3efd1d43,assigned,07,retained,項,eisei-hoken,
2024,expenditure,132047:2024:expenditure:approved:928cf5b368203f66,assigned,03,retained,款,shobo,
2024,expenditure,132047:2024:expenditure:approved:92b0b8f62589ec75,assigned,01,retained,款,somu,
2024,expenditure,132047:2024:expenditure:approved:92bdec025d55193b,assigned,03,retained,款,shobo,
2024,expenditure,132047:2024:expenditure:approved:92d787aa5ed14822,assigned,10,retained,款,minsei,
2024,expenditure,132047:2024:expenditure:approved:92d9100884c89984,assigned,01,retained,款,somu,
2024,expenditure,132047:2024:expenditure:approved:92dcdb311bd30ce2,assigned,10,retained,款,minsei,
2024,expenditure,132047:2024:expenditure:approved:92e57a92f305ecfb,assigned,10,retained,款,minsei,
2024,expenditure,132047:2024:expenditure:approved:92f67a0944fb5bda,assigned,10,retained,款,minsei,
2024,expenditure,132047:2024:expenditure:approved:930438ba3aaa9e17,assigned,09,retained,項,kyoiku-somu,
2024,expenditure,132047:2024:expenditure:approved:931188c43f0d9897,assigned,10,retained,款,minsei,
2024,expenditure,132047:2024:expenditure:approved:932557f516c7fdd7,assigned,10,retained,款,minsei,
2024,expenditure,132047:2024:expenditure:approved:933cf4a3c15f4ff2,assigned,01,retained,款,somu,
2024,expenditure,132047:2024:expenditure:approved:933eb97ca5ba8b4c,assigned,10,retained,款,minsei,
2024,expenditure,132047:2024:expenditure:approved:9379d62337c739c3,assigned,01,retained,款,somu,
2024,expenditure,132047:2024:expenditure:approved:939514798bb1a7c0,assigned,08,retained,目,toshikeikaku-kouen,
2024,expenditure,132047:2024:expenditure:approved:93a3a426433f1cf5,assigned,09,retained,目,shogaigakushu-other,
2024,expenditure,132047:2024:expenditure:approved:93ad25c3cf4a4b2d,assigned,09,retained,項,kyoiku-somu,
2024,expenditure,132047:2024:expenditure:approved:93b4cb761fd3bbbb,assigned,09,retained,項,kyoiku-somu,
2024,expenditure,132047:2024:expenditure:approved:93c4c3178849a443,assigned,01,retained,款,somu,
2024,expenditure,132047:2024:expenditure:approved:93cb5bbb49e753a6,assigned,01,retained,款,somu,
2024,expenditure,132047:2024:expenditure:approved:93de13bab5c9a3c6,assigned,07,retained,項,eisei-hoken,
2024,expenditure,132047:2024:expenditure:approved:93e32c4d5a1f592a,assigned,01,retained,款,somu,
2024,expenditure,132047:2024:expenditure:approved:93edbb4776ec9fb0,assigned,01,retained,款,somu,
2024,expenditure,132047:2024:expenditure:approved:93ee92309d506c31,assigned,09,retained,項,kyoiku-somu,
2024,expenditure,132047:2024:expenditure:approved:93f2b28ad7afe6fa,assigned,01,retained,款,somu,
2024,expenditure,132047:2024:expenditure:approved:93f567f5fb1d9705,assigned,10,retained,款,minsei,
2024,expenditure,132047:2024:expenditure:approved:93f9b76becac8185,assigned,04,retained,項,doboku-doro,
2024,expenditure,132047:2024:expenditure:approved:943495cc6b9f3162,assigned,07,retained,項,eisei-hoken,
2024,expenditure,132047:2024:expenditure:approved:9444dde531690242,assigned,07,retained,項,eisei-hoken,
2024,expenditure,132047:2024:expenditure:approved:944c9223b58a2ba3,assigned,10,retained,款,minsei,
2024,expenditure,132047:2024:expenditure:approved:945525bb31a06aaa,assigned,01,retained,款,somu,
2024,expenditure,132047:2024:expenditure:approved:945ca23a1d7b1430,assigned,10,retained,款,minsei,
2024,expenditure,132047:2024:expenditure:approved:9472d3252db016d7,assigned,09,retained,項,kyoiku-somu,
2024,expenditure,132047:2024:expenditure:approved:949575aab2685f58,assigned,04,retained,款,shoko,
2024,expenditure,132047:2024:expenditure:approved:949d327d3e48a900,assigned,01,retained,款,somu,
2024,expenditure,132047:2024:expenditure:approved:94a031a389c034e1,assigned,10,retained,会計,fund-kaigo-hoken,
2024,expenditure,132047:2024:expenditure:approved:94a6701721c27dc9,assigned,01,retained,款,somu,
2024,expenditure,132047:2024:expenditure:approved:94b702a1af2099d8,assigned,10,retained,款,minsei,
2024,expenditure,132047:2024:expenditure:approved:94db42db0fdf52aa,assigned,07,retained,会計,fund-kouki,
2024,expenditure,132047:2024:expenditure:approved:94e870eaee7e7a70,assigned,10,retained,款,minsei,
2024,expenditure,132047:2024:expenditure:approved:94f1bf679e781ade,assigned,01,retained,款,somu,
2024,expenditure,132047:2024:expenditure:approved:9501d335a526f9a5,assigned,07,retained,項,eisei-hoken,
2024,expenditure,132047:2024:expenditure:approved:952e04ecade27b3b,assigned,08,retained,目,shogaigakushu-toshokan,
2024,expenditure,132047:2024:expenditure:approved:953deb4f073d76a2,assigned,08,retained,目,shogaigakushu-toshokan,
2024,expenditure,132047:2024:expenditure:approved:954b64fcd3f9d93e,assigned,07,retained,項,eisei-hoken,
2024,expenditure,132047:2024:expenditure:approved:954c46f490e9dbf3,assigned,09,retained,項,kyoiku-somu,
2024,expenditure,132047:2024:expenditure:approved:955296b9ae2123d1,assigned,01,retained,款,gikai,
2024,expenditure,132047:2024:expenditure:approved:955efea50a735bb6,assigned,01,retained,款,somu,
2024,expenditure,132047:2024:expenditure:approved:955f5048ecf53d35,assigned,01,retained,款,somu,
2024,expenditure,132047:2024:expenditure:approved:956010356b5b49bb,assigned,01,retained,款,somu,
2024,expenditure,132047:2024:expenditure:approved:9563ff32495cfb77,assigned,04,retained,款,shoko,
2024,expenditure,132047:2024:expenditure:approved:95655044099d9f6c,assigned,10,retained,款,minsei,
2024,expenditure,132047:2024:expenditure:approved:956859892d4648ab,assigned,04,retained,款,norin,
2024,expenditure,132047:2024:expenditure:approved:9569cb48b06cfc9c,assigned,06,retained,目,toshikeikaku-somu,
2024,expenditure,132047:2024:expenditure:approved:9578be0a08aa962e,assigned,08,retained,項,kyoiku-sports,
2024,expenditure,132047:2024:expenditure:approved:9579914b71ec0fbc,assigned,04,retained,項,doboku-doro,
2024,expenditure,132047:2024:expenditure:approved:957ab5efcccbc082,assigned,10,retained,款,minsei,
2024,expenditure,132047:2024:expenditure:approved:9585d251240593c4,assigned,05,retained,項,eisei-seiso,
2024,expenditure,132047:2024:expenditure:approved:958b7c86fdaa8ac1,assigned,01,retained,款,somu,
2024,expenditure,132047:2024:expenditure:approved:959959a04e10615d,assigned,09,retained,目,shogaigakushu-other,
2024,expenditure,132047:2024:expenditure:approved:95a673faf7612495,assigned,08,retained,目,toshikeikaku-kouen,
2024,expenditure,132047:2024:expenditure:approved:95aa4e61b4148aa4,assigned,10,retained,款,minsei,
2024,expenditure,132047:2024:expenditure:approved:95acb77824fc3a2a,assigned,10,retained,款,minsei,
2024,expenditure,132047:2024:expenditure:approved:95bb0acf1b5a5997,assigned,07,retained,項,eisei-hoken,
2024,expenditure,132047:2024:expenditure:approved:95d566d08dba1345,assigned,10,retained,款,minsei,
2024,expenditure,132047:2024:expenditure:approved:95d6da642ea4141b,assigned,01,retained,款,somu,
2024,expenditure,132047:2024:expenditure:approved:95e09873d5c1f78a,assigned,01,retained,款,somu,
2024,expenditure,132047:2024:expenditure:approved:95ea1eb3c60a112d,assigned,10,retained,款,minsei,
2024,expenditure,132047:2024:expenditure:approved:95f302fe1b69ed9e,assigned,07,retained,会計,fund-kokuho,
2024,expenditure,132047:2024:expenditure:approved:960b4012d89bc29b,assigned,06,retained,項,doboku-jutaku,
2024,expenditure,132047:2024:expenditure:approved:9615a58396c57937,assigned,01,retained,款,somu,
2024,expenditure,132047:2024:expenditure:approved:962fa7de53677499,assigned,09,retained,項,kyoiku-somu,
2024,expenditure,132047:2024:expenditure:approved:9630f02539e0a188,assigned,01,retained,款,somu,
2024,expenditure,132047:2024:expenditure:approved:963b64b3bde669d0,assigned,04,retained,項,doboku-doro,
2024,expenditure,132047:2024:expenditure:approved:9644e2fbcc0ee426,assigned,09,retained,目,shogaigakushu-other,
2024,expenditure,132047:2024:expenditure:approved:965ad2b1a53e6288,assigned,01,retained,款,somu,
2024,expenditure,132047:2024:expenditure:approved:96619cca4a4619d7,assigned,01,retained,款,somu,
2024,expenditure,132047:2024:expenditure:approved:966983788ec43da7,assigned,08,retained,目,toshikeikaku-kouen,
2024,expenditure,132047:2024:expenditure:approved:9683963485f0bf80,assigned,04,retained,項,doboku-doro,
2024,expenditure,132047:2024:expenditure:approved:96853744d8f3b70c,assigned,01,retained,款,somu,
2024,expenditure,132047:2024:expenditure:approved:96ab525045893585,assigned,01,retained,款,somu,
2024,expenditure,132047:2024:expenditure:approved:96b463aab24295bf,assigned,01,retained,款,somu,
2024,expenditure,132047:2024:expenditure:approved:96bd0308d09c481c,assigned,01,retained,款,somu,
2024,expenditure,132047:2024:expenditure:approved:96bd6cc1e770f5ea,assigned,08,retained,目,toshikeikaku-kouen,
2024,expenditure,132047:2024:expenditure:approved:96c1a45ed76fb047,assigned,10,retained,款,minsei,
2024,expenditure,132047:2024:expenditure:approved:96c417276c41e0f7,assigned,10,retained,款,minsei,
2024,expenditure,132047:2024:expenditure:approved:96c861b6a628f4fc,out-of-scope,"",retained,項,refund,
2024,expenditure,132047:2024:expenditure:approved:96ca474f7c697b5d,assigned,04,retained,款,shoko,
2024,expenditure,132047:2024:expenditure:approved:96d977397f60805e,assigned,07,retained,項,eisei-hoken,
2024,expenditure,132047:2024:expenditure:approved:96eea8c312c22361,assigned,07,retained,項,eisei-hoken,
2024,expenditure,132047:2024:expenditure:approved:96f10a14dddf3ae1,assigned,09,retained,項,kyoiku-somu,
2024,expenditure,132047:2024:expenditure:approved:96f5fd8a367899b5,assigned,09,retained,項,kyoiku-somu,
2024,expenditure,132047:2024:expenditure:approved:96f604289c646890,assigned,09,retained,項,kyoiku-somu,
2024,expenditure,132047:2024:expenditure:approved:96ffd5cc1a415eec,assigned,10,retained,款,minsei,
2024,expenditure,132047:2024:expenditure:approved:9725116cd4d00b6d,assigned,04,retained,項,doboku-doro,
2024,expenditure,132047:2024:expenditure:approved:97333de8c1bcf844,assigned,01,retained,款,somu,
2024,expenditure,132047:2024:expenditure:approved:973ebe4aff7956f3,assigned,03,retained,款,shobo,
2024,expenditure,132047:2024:expenditure:approved:97401ff6688e60da,assigned,10,retained,款,minsei,
2024,expenditure,132047:2024:expenditure:approved:975442e58adbb351,assigned,01,retained,款,somu,
2024,expenditure,132047:2024:expenditure:approved:97576b0c3b8d2780,assigned,04,retained,款,shoko,
2024,expenditure,132047:2024:expenditure:approved:975be58b91fac9a7,assigned,09,retained,目,shogaigakushu-other,
2024,expenditure,132047:2024:expenditure:approved:975c1996aecaaf88,assigned,09,retained,項,kyoiku-somu,
2024,expenditure,132047:2024:expenditure:approved:977e20aa4753c1d8,assigned,01,retained,款,somu,
2024,expenditure,132047:2024:expenditure:approved:9780556d00b43066,assigned,01,retained,款,somu,
2024,expenditure,132047:2024:expenditure:approved:978198cfbafe118a,assigned,06,retained,項,doboku-jutaku,
2024,expenditure,132047:2024:expenditure:approved:9786484e33ec37af,assigned,07,retained,項,eisei-hoken,
2024,expenditure,132047:2024:expenditure:approved:9786706c9261c704,assigned,07,retained,項,eisei-hoken,
2024,expenditure,132047:2024:expenditure:approved:978ec0739eed0721,assigned,09,retained,項,kyoiku-somu,
2024,expenditure,132047:2024:expenditure:approved:97940a9f27950fe9,assigned,10,retained,款,minsei,
2024,expenditure,132047:2024:expenditure:approved:9797fb701be4fe38,assigned,10,retained,款,minsei,
2024,expenditure,132047:2024:expenditure:approved:97a6ca52c17cd6c6,assigned,07,retained,項,eisei-hoken,
2024,expenditure,132047:2024:expenditure:approved:97ba0bf8b934229e,assigned,03,retained,款,shobo,
2024,expenditure,132047:2024:expenditure:approved:97c326e2438a81d3,assigned,01,retained,款,somu,
2024,expenditure,132047:2024:expenditure:approved:97dba8afb66ee615,assigned,01,retained,款,somu,
2024,expenditure,132047:2024:expenditure:approved:97e4a8b2d5ad1edd,assigned,07,retained,項,eisei-hoken,
2024,expenditure,132047:2024:expenditure:approved:97e8166c40f6e4c0,assigned,07,retained,項,eisei-hoken,
2024,expenditure,132047:2024:expenditure:approved:97f44686cefa341f,assigned,10,retained,款,minsei,
2024,expenditure,132047:2024:expenditure:approved:97faabc091339386,assigned,09,retained,項,kyoiku-somu,
2024,expenditure,132047:2024:expenditure:approved:98117c142dfc38c5,assigned,10,retained,款,minsei,
2024,expenditure,132047:2024:expenditure:approved:9815a20c820bd032,assigned,09,retained,目,shogaigakushu-other,
2024,expenditure,132047:2024:expenditure:approved:982898b13f4667eb,assigned,01,retained,款,somu,
2024,expenditure,132047:2024:expenditure:approved:984a54f609ee2078,assigned,07,retained,項,eisei-hoken,
2024,expenditure,132047:2024:expenditure:approved:984da5e9fb45d8ea,assigned,09,retained,目,shogaigakushu-other,
2024,expenditure,132047:2024:expenditure:approved:984fc00afcf6f641,assigned,01,retained,款,somu,
2024,expenditure,132047:2024:expenditure:approved:9855dee495ce80fd,assigned,06,retained,項,doboku-jutaku,
2024,expenditure,132047:2024:expenditure:approved:9860e741606e55a6,assigned,04,retained,項,doboku-kanri,
2024,expenditure,132047:2024:expenditure:approved:9865994fd8a55ea5,assigned,08,retained,目,toshikeikaku-kouen,
2024,expenditure,132047:2024:expenditure:approved:986b71e5304a0253,assigned,10,retained,款,minsei,
2024,expenditure,132047:2024:expenditure:approved:9872a32c4b81677f,assigned,10,retained,款,minsei,
2024,expenditure,132047:2024:expenditure:approved:9873c68076e8995c,assigned,01,retained,款,somu,
2024,expenditure,132047:2024:expenditure:approved:988086faf4276d6d,assigned,06,retained,目,toshikeikaku-somu,
2024,expenditure,132047:2024:expenditure:approved:98969d7a837e7930,assigned,09,retained,目,shogaigakushu-other,
2024,expenditure,132047:2024:expenditure:approved:98a8496fffee0c64,assigned,10,retained,款,minsei,
2024,expenditure,132047:2024:expenditure:approved:98ba8f838d20e598,out-of-scope,"",retained,目,debt-principal,
2024,expenditure,132047:2024:expenditure:approved:98c0f50cfa0627ca,assigned,06,retained,項,doboku-jutaku,
2024,expenditure,132047:2024:expenditure:approved:98e9649f9021d679,assigned,10,retained,款,minsei,
2024,expenditure,132047:2024:expenditure:approved:98ed5ea7f1e8aac2,assigned,09,retained,項,kyoiku-somu,
2024,expenditure,132047:2024:expenditure:approved:990fde4c4e9016d7,assigned,07,retained,項,eisei-hoken,
2024,expenditure,132047:2024:expenditure:approved:991714751ff16c1f,assigned,01,retained,款,somu,
2024,expenditure,132047:2024:expenditure:approved:994dd7b8a4907f26,assigned,09,retained,項,kyoiku-somu,
2024,expenditure,132047:2024:expenditure:approved:995054c0344dda63,assigned,07,retained,項,eisei-hoken,
2024,expenditure,132047:2024:expenditure:approved:99698ceb08dea972,assigned,01,retained,款,somu,
2024,expenditure,132047:2024:expenditure:approved:996eb5c282f4b22e,assigned,10,retained,款,minsei,
2024,expenditure,132047:2024:expenditure:approved:9975ea8729770e5a,assigned,04,retained,款,shoko,
2024,expenditure,132047:2024:expenditure:approved:9988b3b1b70f692a,assigned,06,retained,目,toshikeikaku-somu,
2024,expenditure,132047:2024:expenditure:approved:99a7b71245b04e18,assigned,10,retained,款,minsei,
2024,expenditure,132047:2024:expenditure:approved:99cac47577c744d2,assigned,07,retained,項,eisei-hoken,
2024,expenditure,132047:2024:expenditure:approved:99d60fc4db8a67de,assigned,03,retained,款,shobo,
2024,expenditure,132047:2024:expenditure:approved:99eb1141d1d3ac34,assigned,01,retained,款,somu,
2024,expenditure,132047:2024:expenditure:approved:99edd5443237b3e0,assigned,09,retained,項,kyoiku-somu,
2024,expenditure,132047:2024:expenditure:approved:9a11bebd8b42f1de,assigned,07,retained,項,eisei-hoken,
2024,expenditure,132047:2024:expenditure:approved:9a14e14f31df66e5,assigned,10,retained,款,minsei,
2024,expenditure,132047:2024:expenditure:approved:9a15a528519405db,assigned,04,retained,項,doboku-kanri,
2024,expenditure,132047:2024:expenditure:approved:9a1797f243761a3b,assigned,10,retained,款,minsei,
2024,expenditure,132047:2024:expenditure:approved:9a1ced918af4da23,assigned,09,retained,項,kyoiku-somu,
2024,expenditure,132047:2024:expenditure:approved:9a3bdfbc36b9662c,assigned,10,retained,款,minsei,
2024,expenditure,132047:2024:expenditure:approved:9a3d645337593304,assigned,10,retained,款,minsei,
2024,expenditure,132047:2024:expenditure:approved:9a54eae26d0951a4,assigned,04,retained,項,doboku-doro,
2024,expenditure,132047:2024:expenditure:approved:9a8efb4144cebfa4,assigned,07,retained,項,eisei-hoken,
2024,expenditure,132047:2024:expenditure:approved:9aaa30900b106800,assigned,10,retained,款,minsei,
2024,expenditure,132047:2024:expenditure:approved:9aac87e8a0a110c2,assigned,10,retained,款,minsei,
2024,expenditure,132047:2024:expenditure:approved:9ad2fe791cf78d56,assigned,09,retained,項,kyoiku-somu,
2024,expenditure,132047:2024:expenditure:approved:9adc79498a3db7f9,assigned,07,retained,会計,fund-kokuho,
2024,expenditure,132047:2024:expenditure:approved:9b032bd53a83ef77,assigned,08,retained,項,kyoiku-sports,
2024,expenditure,132047:2024:expenditure:approved:9b09a6a4f5d8441d,assigned,10,retained,款,minsei,
2024,expenditure,132047:2024:expenditure:approved:9b0d4fec4c1d5033,assigned,07,retained,項,eisei-hoken,
2024,expenditure,132047:2024:expenditure:approved:9b1c4ae0e305246a,assigned,05,retained,項,eisei-seiso,
2024,expenditure,132047:2024:expenditure:approved:9b1ed3080c53db33,assigned,01,retained,款,somu,
2024,expenditure,132047:2024:expenditure:approved:9b2d5d1185563a6c,assigned,01,retained,款,somu,
2024,expenditure,132047:2024:expenditure:approved:9b376957af1677ff,assigned,10,retained,款,minsei,
2024,expenditure,132047:2024:expenditure:approved:9b41f9fafefb1455,assigned,08,retained,目,toshikeikaku-kouen,
2024,expenditure,132047:2024:expenditure:approved:9b4674daffc34a42,assigned,03,retained,款,shobo,
2024,expenditure,132047:2024:expenditure:approved:9b626c94a1df3bca,assigned,01,retained,款,somu,
2024,expenditure,132047:2024:expenditure:approved:9b6bd98f7ddb0189,assigned,06,retained,目,toshikeikaku-somu,
2024,expenditure,132047:2024:expenditure:approved:9b74d24cdb4cf7c2,assigned,07,retained,項,eisei-hoken,
2024,expenditure,132047:2024:expenditure:approved:9b77ccf75d3ac0d3,assigned,01,retained,款,somu,
2024,expenditure,132047:2024:expenditure:approved:9b7cf113122a9474,assigned,01,retained,款,somu,
2024,expenditure,132047:2024:expenditure:approved:9b81d902ad3f3354,assigned,01,retained,款,somu,
2024,expenditure,132047:2024:expenditure:approved:9b8739d8d5672dd8,assigned,04,retained,項,doboku-kanri,
2024,expenditure,132047:2024:expenditure:approved:9b87d179e84ba86a,assigned,01,retained,款,somu,
2024,expenditure,132047:2024:expenditure:approved:9b8bad3545ed47e8,assigned,06,retained,目,toshikeikaku-somu,
2024,expenditure,132047:2024:expenditure:approved:9b9885323e6d0381,assigned,07,retained,項,eisei-hoken,
2024,expenditure,132047:2024:expenditure:approved:9ba5c48d0340cca7,assigned,10,retained,会計,fund-kaigo-hoken,
2024,expenditure,132047:2024:expenditure:approved:9ba8917ab2eaff6c,assigned,10,retained,款,minsei,
2024,expenditure,132047:2024:expenditure:approved:9bab9aa340077330,assigned,01,retained,款,somu,
2024,expenditure,132047:2024:expenditure:approved:9bad9848de885af0,assigned,04,retained,款,norin,
2024,expenditure,132047:2024:expenditure:approved:9bb6308ad586b058,assigned,08,retained,目,toshikeikaku-kouen,
2024,expenditure,132047:2024:expenditure:approved:9bcdb5901008a988,assigned,01,retained,款,somu,
2024,expenditure,132047:2024:expenditure:approved:9bcdf083051effb9,assigned,10,retained,款,minsei,
2024,expenditure,132047:2024:expenditure:approved:9bd5e6fb4770d0b3,assigned,09,retained,目,shogaigakushu-other,
2024,expenditure,132047:2024:expenditure:approved:9c02290320cc9fee,assigned,10,retained,款,minsei,
2024,expenditure,132047:2024:expenditure:approved:9c0aae4f301b0950,assigned,09,retained,項,kyoiku-somu,
2024,expenditure,132047:2024:expenditure:approved:9c30f3b37cf4ec88,assigned,10,retained,款,minsei,
2024,expenditure,132047:2024:expenditure:approved:9c310ad666387dae,assigned,10,retained,款,minsei,
2024,expenditure,132047:2024:expenditure:approved:9c31733f45d83399,assigned,01,retained,款,somu,
2024,expenditure,132047:2024:expenditure:approved:9c461136967d3866,assigned,01,retained,款,somu,
2024,expenditure,132047:2024:expenditure:approved:9c49f9fd6353a220,assigned,01,retained,款,somu,
2024,expenditure,132047:2024:expenditure:approved:9c5609707cf724dc,assigned,01,retained,款,somu,
2024,expenditure,132047:2024:expenditure:approved:9c579c185b59c4ff,assigned,01,retained,款,somu,
2024,expenditure,132047:2024:expenditure:approved:9c593e1e7f75e9b5,assigned,09,retained,目,shogaigakushu-other,
2024,expenditure,132047:2024:expenditure:approved:9c61e9b267b3cf6e,assigned,01,retained,款,somu,
2024,expenditure,132047:2024:expenditure:approved:9c62f84577975448,assigned,09,retained,目,shogaigakushu-other,
2024,expenditure,132047:2024:expenditure:approved:9c63bd927dae8e32,assigned,09,retained,項,kyoiku-somu,
2024,expenditure,132047:2024:expenditure:approved:9c9591a6942f415d,assigned,07,retained,項,eisei-hoken,
2024,expenditure,132047:2024:expenditure:approved:9ca05e78b57018ca,assigned,05,retained,項,eisei-seiso,
2024,expenditure,132047:2024:expenditure:approved:9cb7356b2488280f,assigned,09,retained,項,kyoiku-somu,
2024,expenditure,132047:2024:expenditure:approved:9cbd9277305d0cfe,assigned,04,retained,項,doboku-doro,
2024,expenditure,132047:2024:expenditure:approved:9cee6fbdf396b86e,assigned,04,retained,款,norin,
2024,expenditure,132047:2024:expenditure:approved:9ceee798bf287a34,assigned,04,retained,款,norin,
2024,expenditure,132047:2024:expenditure:approved:9cf1b398605f41aa,assigned,01,retained,款,somu,
2024,expenditure,132047:2024:expenditure:approved:9cfabfa37a845688,assigned,06,retained,目,toshikeikaku-somu,
2024,expenditure,132047:2024:expenditure:approved:9d0a0e635fd8be47,assigned,09,retained,目,shogaigakushu-other,
2024,expenditure,132047:2024:expenditure:approved:9d0c5e1fdb881c7d,assigned,01,retained,款,somu,
2024,expenditure,132047:2024:expenditure:approved:9d0fcea17e8f6b59,assigned,06,retained,目,toshikeikaku-somu,
2024,expenditure,132047:2024:expenditure:approved:9d34c5c7a0bd55e0,assigned,01,retained,款,somu,
2024,expenditure,132047:2024:expenditure:approved:9d3dad8ba900869e,assigned,06,retained,目,toshikeikaku-somu,
2024,expenditure,132047:2024:expenditure:approved:9d4b414f6070b802,assigned,10,retained,款,minsei,
2024,expenditure,132047:2024:expenditure:approved:9d4d6327b6a82401,assigned,08,retained,目,toshikeikaku-kouen,
2024,expenditure,132047:2024:expenditure:approved:9d5151f5bc0a86a2,assigned,10,retained,款,minsei,
2024,expenditure,132047:2024:expenditure:approved:9d5e7ce6556975e6,assigned,10,retained,款,minsei,
2024,expenditure,132047:2024:expenditure:approved:9d633d49259bf793,assigned,09,retained,項,kyoiku-somu,
2024,expenditure,132047:2024:expenditure:approved:9d73addc5a32b287,assigned,10,retained,款,minsei,
2024,expenditure,132047:2024:expenditure:approved:9d7d1cd9f2f33ea4,assigned,07,retained,項,eisei-hoken,
2024,expenditure,132047:2024:expenditure:approved:9d82293812fcc6bf,assigned,07,retained,項,eisei-hoken,
2024,expenditure,132047:2024:expenditure:approved:9d97722732a004af,assigned,09,retained,項,kyoiku-somu,
2024,expenditure,132047:2024:expenditure:approved:9d9cbcda25c03465,assigned,09,retained,項,kyoiku-somu,
2024,expenditure,132047:2024:expenditure:approved:9d9e8912d40acd09,assigned,01,retained,款,somu,
2024,expenditure,132047:2024:expenditure:approved:9db15f3a0afcb486,assigned,06,retained,目,toshikeikaku-somu,
2024,expenditure,132047:2024:expenditure:approved:9dbd3364d86824f1,assigned,10,retained,款,minsei,
2024,expenditure,132047:2024:expenditure:approved:9dcd80e84ec029fd,assigned,10,retained,款,minsei,
2024,expenditure,132047:2024:expenditure:approved:9ddca39334cdd55a,assigned,10,retained,款,minsei,
2024,expenditure,132047:2024:expenditure:approved:9e04b0f1d4e57a95,assigned,01,retained,款,somu,
2024,expenditure,132047:2024:expenditure:approved:9e06d6cb333ff88d,assigned,10,retained,款,minsei,
2024,expenditure,132047:2024:expenditure:approved:9e10f471b8ed8eba,assigned,01,retained,款,somu,
2024,expenditure,132047:2024:expenditure:approved:9e158b000896c5e1,assigned,08,retained,項,kyoiku-sports,
2024,expenditure,132047:2024:expenditure:approved:9e1c41708205817b,assigned,08,retained,項,kyoiku-sports,
2024,expenditure,132047:2024:expenditure:approved:9e27869bdfddd69d,assigned,10,retained,款,minsei,
2024,expenditure,132047:2024:expenditure:approved:9e2dc3252731f36d,assigned,10,retained,款,minsei,
2024,expenditure,132047:2024:expenditure:approved:9e32ac60a4d9cf56,assigned,10,retained,款,minsei,
2024,expenditure,132047:2024:expenditure:approved:9e52b7cf0ede55b5,assigned,01,retained,款,somu,
2024,expenditure,132047:2024:expenditure:approved:9e5ff6ae0c4113b0,assigned,10,retained,款,minsei,
2024,expenditure,132047:2024:expenditure:approved:9e6583d4e1f524ee,assigned,01,retained,款,somu,
2024,expenditure,132047:2024:expenditure:approved:9e701dcf4e2301ae,assigned,07,retained,項,eisei-hoken,
2024,expenditure,132047:2024:expenditure:approved:9e75bd1124a39af4,assigned,01,retained,款,somu,
2024,expenditure,132047:2024:expenditure:approved:9e832c332471e9b2,assigned,07,retained,項,eisei-hoken,
2024,expenditure,132047:2024:expenditure:approved:9eafe9e7f30216b8,assigned,01,retained,款,somu,
2024,expenditure,132047:2024:expenditure:approved:9eb5dfe7cdb36f27,assigned,10,retained,款,minsei,
2024,expenditure,132047:2024:expenditure:approved:9ebd988f14d9c0a5,assigned,09,retained,項,kyoiku-somu,
2024,expenditure,132047:2024:expenditure:approved:9ec5ce2aa1663c3f,assigned,01,retained,款,somu,
2024,expenditure,132047:2024:expenditure:approved:9ee16d97d024be3d,assigned,09,retained,項,kyoiku-somu,
2024,expenditure,132047:2024:expenditure:approved:9ee4d5f32d219002,assigned,09,retained,項,kyoiku-somu,
2024,expenditure,132047:2024:expenditure:approved:9efc67250f02e51a,assigned,03,retained,款,shobo,
2024,expenditure,132047:2024:expenditure:approved:9f0d8d993f9dc2ba,assigned,09,retained,目,shogaigakushu-other,
2024,expenditure,132047:2024:expenditure:approved:9f0f7848d957c8a5,assigned,09,retained,項,kyoiku-somu,
2024,expenditure,132047:2024:expenditure:approved:9f14904ca0b5c457,assigned,10,retained,款,minsei,
2024,expenditure,132047:2024:expenditure:approved:9f1909f8c5848a41,assigned,07,retained,項,eisei-hoken,
2024,expenditure,132047:2024:expenditure:approved:9f2c54af690d5d19,assigned,10,retained,款,minsei,
2024,expenditure,132047:2024:expenditure:approved:9f2d91501f0dc5bb,assigned,01,retained,款,somu,
2024,expenditure,132047:2024:expenditure:approved:9f4acfba7af8afa4,assigned,10,retained,款,minsei,
2024,expenditure,132047:2024:expenditure:approved:9f510d39d2f3ea9b,assigned,09,retained,項,kyoiku-somu,
2024,expenditure,132047:2024:expenditure:approved:9f68e2d951087114,assigned,10,retained,款,minsei,
2024,expenditure,132047:2024:expenditure:approved:9f74af3a9d09c9a5,assigned,10,retained,款,minsei,
2024,expenditure,132047:2024:expenditure:approved:9f797c856186e724,assigned,09,retained,項,kyoiku-somu,
2024,expenditure,132047:2024:expenditure:approved:9f7af99b5dd394b7,assigned,10,retained,会計,fund-kaigo-service,
2024,expenditure,132047:2024:expenditure:approved:9f839a991620cd68,assigned,10,retained,款,minsei,
2024,expenditure,132047:2024:expenditure:approved:9f8fc738fffd4ef5,assigned,09,retained,項,kyoiku-somu,
2024,expenditure,132047:2024:expenditure:approved:9fa0032448828b32,assigned,01,retained,款,somu,
2024,expenditure,132047:2024:expenditure:approved:9fa8cfdd9826ed4a,assigned,08,retained,項,kyoiku-sports,
2024,expenditure,132047:2024:expenditure:approved:9fb2b3631f7647fd,assigned,05,retained,項,eisei-seiso,
2024,expenditure,132047:2024:expenditure:approved:9fcc5ff43db5914c,assigned,09,retained,項,kyoiku-somu,
2024,expenditure,132047:2024:expenditure:approved:9fd1911ee12d5b56,assigned,10,retained,款,minsei,
2024,expenditure,132047:2024:expenditure:approved:9fd56c4415c22ca1,assigned,01,retained,款,somu,
2024,expenditure,132047:2024:expenditure:approved:9fe62d8c009df816,assigned,09,retained,項,kyoiku-somu,
2024,expenditure,132047:2024:expenditure:approved:9ffd704ab2b3be90,assigned,10,retained,款,minsei,
2024,expenditure,132047:2024:expenditure:approved:a00094dc8e3d0e05,assigned,04,retained,款,shoko,
2024,expenditure,132047:2024:expenditure:approved:a00cf591d97b3310,assigned,01,retained,款,somu,
2024,expenditure,132047:2024:expenditure:approved:a00e41c5a3db8844,assigned,07,retained,項,eisei-hoken,
2024,expenditure,132047:2024:expenditure:approved:a01475dd7d29b135,assigned,01,retained,款,somu,
2024,expenditure,132047:2024:expenditure:approved:a01cf0a009499f62,assigned,10,retained,款,minsei,
2024,expenditure,132047:2024:expenditure:approved:a01eb9246abc59ab,assigned,06,retained,目,toshikeikaku-somu,
2024,expenditure,132047:2024:expenditure:approved:a0239ba1534123a3,assigned,09,retained,項,kyoiku-somu,
2024,expenditure,132047:2024:expenditure:approved:a0422cfa96f8a318,assigned,07,retained,項,eisei-hoken,
2024,expenditure,132047:2024:expenditure:approved:a04fd0a4558c9d4b,assigned,09,retained,項,kyoiku-somu,
2024,expenditure,132047:2024:expenditure:approved:a0571fb598b5072a,assigned,01,retained,款,somu,
2024,expenditure,132047:2024:expenditure:approved:a05a739d5efd892b,assigned,01,retained,款,somu,
2024,expenditure,132047:2024:expenditure:approved:a06bebc343c0c62a,assigned,07,retained,項,eisei-hoken,
2024,expenditure,132047:2024:expenditure:approved:a07230c2c3da0631,assigned,03,retained,款,shobo,
2024,expenditure,132047:2024:expenditure:approved:a0788101c46d86a8,assigned,06,retained,目,toshikeikaku-somu,
2024,expenditure,132047:2024:expenditure:approved:a07c885253284076,assigned,10,retained,款,minsei,
2024,expenditure,132047:2024:expenditure:approved:a084e656e0ccc955,assigned,10,retained,款,minsei,
2024,expenditure,132047:2024:expenditure:approved:a09456f306706275,assigned,10,retained,款,minsei,
2024,expenditure,132047:2024:expenditure:approved:a0997cce040d7ca7,assigned,03,retained,款,shobo,
2024,expenditure,132047:2024:expenditure:approved:a0a30c07c33a4d22,assigned,09,retained,項,kyoiku-somu,
2024,expenditure,132047:2024:expenditure:approved:a0b4acc9af05081f,assigned,04,retained,款,shoko,
2024,expenditure,132047:2024:expenditure:approved:a0b895c5d66b2933,assigned,10,retained,会計,fund-kaigo-service,
2024,expenditure,132047:2024:expenditure:approved:a0d424935b71d8f2,assigned,09,retained,項,kyoiku-somu,
2024,expenditure,132047:2024:expenditure:approved:a0d9895ccf241abe,assigned,07,retained,項,eisei-hoken,
2024,expenditure,132047:2024:expenditure:approved:a0db57ae64b9c839,assigned,08,retained,目,shogaigakushu-toshokan,
2024,expenditure,132047:2024:expenditure:approved:a0de082b19b2afb8,assigned,09,retained,目,shogaigakushu-other,
2024,expenditure,132047:2024:expenditure:approved:a0f6075466292742,assigned,10,retained,款,minsei,
2024,expenditure,132047:2024:expenditure:approved:a1014cd00664d29c,assigned,09,retained,項,kyoiku-somu,
2024,expenditure,132047:2024:expenditure:approved:a123c36749a121c9,assigned,01,retained,款,somu,
2024,expenditure,132047:2024:expenditure:approved:a131f2fcea756083,assigned,06,retained,目,toshikeikaku-somu,
2024,expenditure,132047:2024:expenditure:approved:a13e1d69f536b375,assigned,09,retained,目,shogaigakushu-other,
2024,expenditure,132047:2024:expenditure:approved:a14023288a318510,assigned,10,retained,款,minsei,
2024,expenditure,132047:2024:expenditure:approved:a1500b3d0e7e7fc4,assigned,06,retained,項,doboku-jutaku,
2024,expenditure,132047:2024:expenditure:approved:a150706f0640a102,assigned,07,retained,項,eisei-hoken,
2024,expenditure,132047:2024:expenditure:approved:a155a06bff1a39db,assigned,08,retained,項,kyoiku-sports,
2024,expenditure,132047:2024:expenditure:approved:a164c520a79fb68d,assigned,01,retained,款,somu,
2024,expenditure,132047:2024:expenditure:approved:a170eb48a2541890,assigned,08,retained,項,kyoiku-sports,
2024,expenditure,132047:2024:expenditure:approved:a17101672807ba3e,assigned,01,retained,款,somu,
2024,expenditure,132047:2024:expenditure:approved:a1755bd2eced3c7c,assigned,10,retained,款,minsei,
2024,expenditure,132047:2024:expenditure:approved:a1829c75f7791ef8,assigned,04,retained,項,doboku-kanri,
2024,expenditure,132047:2024:expenditure:approved:a1859e5e805f7781,assigned,10,retained,款,minsei,
2024,expenditure,132047:2024:expenditure:approved:a18ceae9c0b9a8d8,assigned,01,retained,款,somu,
2024,expenditure,132047:2024:expenditure:approved:a18d57b52431b829,assigned,01,retained,款,somu,
2024,expenditure,132047:2024:expenditure:approved:a197ba029a0ad249,assigned,10,retained,款,minsei,
2024,expenditure,132047:2024:expenditure:approved:a19f48d6464ef107,assigned,04,retained,項,doboku-kanri,
2024,expenditure,132047:2024:expenditure:approved:a1aff88898723f29,assigned,07,retained,項,eisei-hoken,
2024,expenditure,132047:2024:expenditure:approved:a1b023ba4b817f73,assigned,06,retained,目,toshikeikaku-somu,
2024,expenditure,132047:2024:expenditure:approved:a1b15d8beec412e6,assigned,10,retained,款,minsei,
2024,expenditure,132047:2024:expenditure:approved:a1b4fa17010a0dfd,assigned,09,retained,目,shogaigakushu-other,
2024,expenditure,132047:2024:expenditure:approved:a1bbf3dbba42ddad,assigned,01,retained,款,somu,
2024,expenditure,132047:2024:expenditure:approved:a1bc3f5c2bd954b7,assigned,07,retained,会計,fund-kouki,
2024,expenditure,132047:2024:expenditure:approved:a1c5cd6410b27ba7,assigned,09,retained,項,kyoiku-somu,
2024,expenditure,132047:2024:expenditure:approved:a1c83d8e72994f6c,assigned,01,retained,款,somu,
2024,expenditure,132047:2024:expenditure:approved:a1cf71ed9afe6590,assigned,08,retained,目,toshikeikaku-kouen,
2024,expenditure,132047:2024:expenditure:approved:a1e09df1a3c3e8a8,assigned,10,retained,款,minsei,
2024,expenditure,132047:2024:expenditure:approved:a1e931c66887be47,assigned,09,retained,目,shogaigakushu-other,
2024,expenditure,132047:2024:expenditure:approved:a2060c4079fae301,assigned,09,retained,項,kyoiku-somu,
2024,expenditure,132047:2024:expenditure:approved:a2106a4acbb671db,assigned,10,retained,款,minsei,
2024,expenditure,132047:2024:expenditure:approved:a2134f673b999417,assigned,01,retained,款,somu,
2024,expenditure,132047:2024:expenditure:approved:a22b5ca4649f4105,assigned,09,retained,項,kyoiku-somu,
2024,expenditure,132047:2024:expenditure:approved:a23223517e12c0f8,assigned,07,retained,項,eisei-hoken,
2024,expenditure,132047:2024:expenditure:approved:a23491afa24747ae,assigned,08,retained,目,toshikeikaku-kouen,
2024,expenditure,132047:2024:expenditure:approved:a2453aa1ed68e4e6,assigned,04,retained,項,doboku-doro,
2024,expenditure,132047:2024:expenditure:approved:a25d1101d12397f4,assigned,04,retained,款,shoko,
2024,expenditure,132047:2024:expenditure:approved:a26e219ceaa70a8b,assigned,04,retained,項,doboku-doro,
2024,expenditure,132047:2024:expenditure:approved:a2709a49126835e2,assigned,01,retained,款,somu,
2024,expenditure,132047:2024:expenditure:approved:a27661ff10de0b06,assigned,10,retained,款,minsei,
2024,expenditure,132047:2024:expenditure:approved:a28cb616cecaa9b9,assigned,04,retained,款,norin,
2024,expenditure,132047:2024:expenditure:approved:a295d4268fd9a065,assigned,10,retained,款,minsei,
2024,expenditure,132047:2024:expenditure:approved:a2bba9405ef9e8fb,assigned,10,retained,款,minsei,
2024,expenditure,132047:2024:expenditure:approved:a2da2563313bf0aa,assigned,09,retained,項,kyoiku-somu,
2024,expenditure,132047:2024:expenditure:approved:a2edb980bec07fe6,assigned,01,retained,款,somu,
2024,expenditure,132047:2024:expenditure:approved:a2f003f5a67504a2,assigned,01,retained,款,somu,
2024,expenditure,132047:2024:expenditure:approved:a2f5315451b4fdf9,assigned,10,retained,款,minsei,
2024,expenditure,132047:2024:expenditure:approved:a3074fe1f7e974bf,assigned,01,retained,款,gikai,
2024,expenditure,132047:2024:expenditure:approved:a31c37bd4e3141c6,assigned,01,retained,款,somu,
2024,expenditure,132047:2024:expenditure:approved:a32a1e1f76a1e32d,assigned,10,retained,款,minsei,
2024,expenditure,132047:2024:expenditure:approved:a33cac55590629d9,assigned,08,retained,目,shogaigakushu-toshokan,
2024,expenditure,132047:2024:expenditure:approved:a33f2c82b9653567,assigned,01,retained,款,gikai,
2024,expenditure,132047:2024:expenditure:approved:a34c1a7a0871b3b6,assigned,09,retained,項,kyoiku-somu,
2024,expenditure,132047:2024:expenditure:approved:a35b1465372112ef,assigned,06,retained,目,toshikeikaku-somu,
2024,expenditure,132047:2024:expenditure:approved:a35f8d05aa920b90,assigned,05,retained,項,eisei-seiso,
2024,expenditure,132047:2024:expenditure:approved:a373d279480456fb,assigned,10,retained,款,minsei,
2024,expenditure,132047:2024:expenditure:approved:a38e11e4eb1749b8,assigned,01,retained,款,somu,
2024,expenditure,132047:2024:expenditure:approved:a38f2ebc9c4a759a,assigned,07,retained,項,eisei-hoken,
2024,expenditure,132047:2024:expenditure:approved:a39ed787b2c86d65,assigned,09,retained,項,kyoiku-somu,
2024,expenditure,132047:2024:expenditure:approved:a3e1ba5ac83a58e3,assigned,10,retained,款,minsei,
2024,expenditure,132047:2024:expenditure:approved:a3f32b771fc9094c,assigned,01,retained,款,somu,
2024,expenditure,132047:2024:expenditure:approved:a3f33e7d1fd89832,assigned,10,retained,款,minsei,
2024,expenditure,132047:2024:expenditure:approved:a3f36b7389159d23,assigned,08,retained,目,toshikeikaku-kouen,
2024,expenditure,132047:2024:expenditure:approved:a3fc5ed0be0b183e,assigned,10,retained,款,minsei,
2024,expenditure,132047:2024:expenditure:approved:a4005e230ed1f6b8,assigned,10,retained,会計,fund-kaigo-hoken,
2024,expenditure,132047:2024:expenditure:approved:a401b148af24a7ee,assigned,09,retained,項,kyoiku-somu,
2024,expenditure,132047:2024:expenditure:approved:a40838a603f062ab,assigned,09,retained,項,kyoiku-somu,
2024,expenditure,132047:2024:expenditure:approved:a416fac15871d21e,assigned,10,retained,款,minsei,
2024,expenditure,132047:2024:expenditure:approved:a41754139251759a,assigned,04,retained,目,toshikeikaku-gairo,
2024,expenditure,132047:2024:expenditure:approved:a41c0269f6c5453d,assigned,01,retained,款,gikai,
2024,expenditure,132047:2024:expenditure:approved:a41df462e863e16d,assigned,04,retained,項,doboku-doro,
2024,expenditure,132047:2024:expenditure:approved:a42d2d1edb5c2ef6,assigned,09,retained,項,kyoiku-somu,
2024,expenditure,132047:2024:expenditure:approved:a43e800713fd47bb,assigned,04,retained,款,shoko,
2024,expenditure,132047:2024:expenditure:approved:a440e42b68cd89f2,assigned,01,retained,款,somu,
2024,expenditure,132047:2024:expenditure:approved:a4477be375f42543,assigned,10,retained,款,minsei,
2024,expenditure,132047:2024:expenditure:approved:a4558b8931d41da7,assigned,07,retained,項,eisei-hoken,
2024,expenditure,132047:2024:expenditure:approved:a4560e89e8e68341,assigned,10,retained,款,minsei,
2024,expenditure,132047:2024:expenditure:approved:a45dcd185acb719d,assigned,05,retained,項,eisei-seiso,
2024,expenditure,132047:2024:expenditure:approved:a4636038a513446c,assigned,04,retained,項,doboku-doro,
2024,expenditure,132047:2024:expenditure:approved:a464d7bd8a046a7b,assigned,01,retained,款,somu,
2024,expenditure,132047:2024:expenditure:approved:a46be05300d840e0,assigned,01,retained,款,somu,
2024,expenditure,132047:2024:expenditure:approved:a482c765d917b0c2,assigned,08,retained,目,shogaigakushu-toshokan,
2024,expenditure,132047:2024:expenditure:approved:a48319a1f3765a2f,assigned,10,retained,款,minsei,
2024,expenditure,132047:2024:expenditure:approved:a487738beec5bee9,assigned,01,retained,款,somu,
2024,expenditure,132047:2024:expenditure:approved:a48aea607a919054,assigned,10,retained,款,minsei,
2024,expenditure,132047:2024:expenditure:approved:a498054cfe2023e6,assigned,09,retained,項,kyoiku-somu,
2024,expenditure,132047:2024:expenditure:approved:a49f6d97dfafeeed,assigned,10,retained,款,minsei,
2024,expenditure,132047:2024:expenditure:approved:a4a71070d2fb75a7,assigned,10,retained,款,minsei,
2024,expenditure,132047:2024:expenditure:approved:a4b1a9c53a44fd58,assigned,10,retained,款,minsei,
2024,expenditure,132047:2024:expenditure:approved:a4cee16ef1514bcc,assigned,01,retained,款,somu,
2024,expenditure,132047:2024:expenditure:approved:a4d419ae07f8310d,assigned,04,retained,款,shoko,
2024,expenditure,132047:2024:expenditure:approved:a4eb84022b98f4ff,assigned,08,retained,項,kyoiku-sports,
2024,expenditure,132047:2024:expenditure:approved:a4f4dbc33752c131,assigned,09,retained,目,shogaigakushu-other,
2024,expenditure,132047:2024:expenditure:approved:a4f5a141c2242afd,out-of-scope,"",retained,項,refund,
2024,expenditure,132047:2024:expenditure:approved:a500143f3516be84,assigned,07,retained,項,eisei-hoken,
2024,expenditure,132047:2024:expenditure:approved:a51d624d49fa3161,assigned,09,retained,目,shogaigakushu-other,
2024,expenditure,132047:2024:expenditure:approved:a5253b8e38bb3f41,assigned,10,retained,款,minsei,
2024,expenditure,132047:2024:expenditure:approved:a52eb949e659cd9b,assigned,07,retained,項,eisei-hoken,
2024,expenditure,132047:2024:expenditure:approved:a560cea6acba9354,assigned,09,retained,目,shogaigakushu-other,
2024,expenditure,132047:2024:expenditure:approved:a56cc23026253d99,assigned,09,retained,項,kyoiku-somu,
2024,expenditure,132047:2024:expenditure:approved:a5776268f6b616ab,assigned,09,retained,項,kyoiku-somu,
2024,expenditure,132047:2024:expenditure:approved:a589bd2cfd4d0a06,assigned,04,retained,項,doboku-doro,
2024,expenditure,132047:2024:expenditure:approved:a598072c5be42e7c,assigned,10,retained,款,minsei,
2024,expenditure,132047:2024:expenditure:approved:a59bf3336ae30e78,assigned,10,retained,款,minsei,
2024,expenditure,132047:2024:expenditure:approved:a5a222f41220e27d,assigned,09,retained,目,shogaigakushu-other,
2024,expenditure,132047:2024:expenditure:approved:a5a2c46bf95bf274,assigned,01,retained,款,somu,
2024,expenditure,132047:2024:expenditure:approved:a5b91da876a4ffbd,assigned,06,retained,項,doboku-jutaku,
2024,expenditure,132047:2024:expenditure:approved:a5bbff4988829b22,assigned,07,retained,項,eisei-hoken,
2024,expenditure,132047:2024:expenditure:approved:a5c8adf4a1768d66,assigned,09,retained,目,shogaigakushu-other,
2024,expenditure,132047:2024:expenditure:approved:a5cb3cd748bfe767,assigned,07,retained,項,eisei-hoken,
2024,expenditure,132047:2024:expenditure:approved:a5cec73b7b06436c,assigned,07,retained,項,eisei-hoken,
2024,expenditure,132047:2024:expenditure:approved:a5d7bd38c377cf29,assigned,09,retained,項,kyoiku-somu,
2024,expenditure,132047:2024:expenditure:approved:a5da4a217136f0b4,assigned,07,retained,項,eisei-hoken,
2024,expenditure,132047:2024:expenditure:approved:a5dee829ddfa58a8,assigned,01,retained,款,somu,
2024,expenditure,132047:2024:expenditure:approved:a5e3de1cb50ef202,assigned,01,retained,款,somu,
2024,expenditure,132047:2024:expenditure:approved:a5e60e77260ae010,assigned,07,retained,項,eisei-hoken,
2024,expenditure,132047:2024:expenditure:approved:a5f147fddfbf176c,assigned,07,retained,項,eisei-hoken,
2024,expenditure,132047:2024:expenditure:approved:a5f530c79f3128ea,assigned,10,retained,款,minsei,
2024,expenditure,132047:2024:expenditure:approved:a5f9b218d71c790d,assigned,04,retained,項,doboku-kanri,
2024,expenditure,132047:2024:expenditure:approved:a5fea3cb6bd782ab,assigned,10,retained,会計,fund-kaigo-service,
2024,expenditure,132047:2024:expenditure:approved:a609c4a0c0b63d44,assigned,03,retained,款,shobo,
2024,expenditure,132047:2024:expenditure:approved:a60d5905d01742b3,assigned,01,retained,款,somu,
2024,expenditure,132047:2024:expenditure:approved:a61af04469b7f45c,assigned,06,retained,目,toshikeikaku-somu,
2024,expenditure,132047:2024:expenditure:approved:a637c3052a3b0de6,assigned,10,retained,款,minsei,
2024,expenditure,132047:2024:expenditure:approved:a63dec518bee37d7,assigned,07,retained,項,eisei-hoken,
2024,expenditure,132047:2024:expenditure:approved:a64d9749ec971321,assigned,01,retained,款,gikai,
2024,expenditure,132047:2024:expenditure:approved:a6531ada8c5bbab0,assigned,01,retained,款,somu,
2024,expenditure,132047:2024:expenditure:approved:a6555760266f849d,assigned,01,retained,款,somu,
2024,expenditure,132047:2024:expenditure:approved:a65d7adc0c621e93,assigned,08,retained,目,shogaigakushu-toshokan,
2024,expenditure,132047:2024:expenditure:approved:a65dc4571f5b65fa,assigned,10,retained,款,minsei,
2024,expenditure,132047:2024:expenditure:approved:a6710b428018d2f1,assigned,07,retained,項,eisei-hoken,
2024,expenditure,132047:2024:expenditure:approved:a678fd6cb665ec91,assigned,09,retained,項,kyoiku-somu,
2024,expenditure,132047:2024:expenditure:approved:a68be61cf05bed58,assigned,09,retained,項,kyoiku-somu,
2024,expenditure,132047:2024:expenditure:approved:a696e4af622e0a6d,assigned,01,retained,款,somu,
2024,expenditure,132047:2024:expenditure:approved:a6ade6884d514be7,assigned,08,retained,目,shogaigakushu-toshokan,
2024,expenditure,132047:2024:expenditure:approved:a6b182a2f2729919,assigned,10,retained,款,minsei,
2024,expenditure,132047:2024:expenditure:approved:a6b251e5ce4325fe,assigned,10,retained,款,minsei,
2024,expenditure,132047:2024:expenditure:approved:a6c426c97c9ee1d3,assigned,07,retained,項,eisei-hoken,
2024,expenditure,132047:2024:expenditure:approved:a6eebdc96156f9c6,assigned,10,retained,款,minsei,
2024,expenditure,132047:2024:expenditure:approved:a6fb23d552d4b3b1,assigned,07,retained,項,eisei-hoken,
2024,expenditure,132047:2024:expenditure:approved:a7135043e224f0ba,assigned,09,retained,目,shogaigakushu-other,
2024,expenditure,132047:2024:expenditure:approved:a71d242ae265df0f,assigned,04,retained,款,shoko,
2024,expenditure,132047:2024:expenditure:approved:a73573b1700a1958,assigned,01,retained,款,somu,
2024,expenditure,132047:2024:expenditure:approved:a7440c8cb6c53675,assigned,10,retained,款,minsei,
2024,expenditure,132047:2024:expenditure:approved:a746ef209402a467,assigned,04,retained,款,shoko,
2024,expenditure,132047:2024:expenditure:approved:a7470aed5e027f70,assigned,04,retained,項,doboku-doro,
2024,expenditure,132047:2024:expenditure:approved:a75163a6d0bd3bbe,assigned,09,retained,項,kyoiku-somu,
2024,expenditure,132047:2024:expenditure:approved:a7667d4caa14271d,assigned,10,retained,款,minsei,
2024,expenditure,132047:2024:expenditure:approved:a76732c5a0ecb192,assigned,10,retained,款,minsei,
2024,expenditure,132047:2024:expenditure:approved:a76d06462a69072c,assigned,10,eliminated,目,transfer-kaigo-service,介護サービス事業特別会計
2024,expenditure,132047:2024:expenditure:approved:a7725cd7de640316,assigned,08,retained,項,kyoiku-sports,
2024,expenditure,132047:2024:expenditure:approved:a7798854603371fc,assigned,10,retained,款,minsei,
2024,expenditure,132047:2024:expenditure:approved:a77d8cb5d56f463b,assigned,04,retained,項,doboku-doro,
2024,expenditure,132047:2024:expenditure:approved:a77ecb5e37c1745a,assigned,04,retained,項,doboku-doro,
2024,expenditure,132047:2024:expenditure:approved:a796d8732c84d7d5,assigned,09,retained,項,kyoiku-somu,
2024,expenditure,132047:2024:expenditure:approved:a79c4dcfedafaad9,assigned,01,retained,款,somu,
2024,expenditure,132047:2024:expenditure:approved:a7bc496d3fc9b825,assigned,07,retained,項,eisei-hoken,
2024,expenditure,132047:2024:expenditure:approved:a7c69c913c2f3923,assigned,10,retained,款,minsei,
2024,expenditure,132047:2024:expenditure:approved:a7cf545b0a67a4f8,assigned,09,retained,項,kyoiku-somu,
2024,expenditure,132047:2024:expenditure:approved:a7d9cc3ff3e67737,assigned,10,retained,款,minsei,
2024,expenditure,132047:2024:expenditure:approved:a7ee408f0ce8e365,assigned,10,retained,款,minsei,
2024,expenditure,132047:2024:expenditure:approved:a7f1ed163a670f7d,assigned,08,retained,目,shogaigakushu-toshokan,
2024,expenditure,132047:2024:expenditure:approved:a7f3ffd72f0c73cc,assigned,09,retained,項,kyoiku-somu,
2024,expenditure,132047:2024:expenditure:approved:a81453767352555c,assigned,08,retained,項,kyoiku-sports,
2024,expenditure,132047:2024:expenditure:approved:a8167c351b13fe80,assigned,05,retained,項,eisei-seiso,
2024,expenditure,132047:2024:expenditure:approved:a81a1c6aa9450552,assigned,01,retained,款,somu,
2024,expenditure,132047:2024:expenditure:approved:a81bba74f08e3190,assigned,10,retained,款,minsei,
2024,expenditure,132047:2024:expenditure:approved:a81f55dfadeae499,assigned,10,retained,款,minsei,
2024,expenditure,132047:2024:expenditure:approved:a820b49dde58809e,assigned,09,retained,目,shogaigakushu-other,
2024,expenditure,132047:2024:expenditure:approved:a825d14d527c3825,assigned,09,retained,項,kyoiku-somu,
2024,expenditure,132047:2024:expenditure:approved:a832fcdebb28c664,assigned,08,retained,項,kyoiku-sports,
2024,expenditure,132047:2024:expenditure:approved:a83a9e2ef0c75632,assigned,10,retained,款,minsei,
2024,expenditure,132047:2024:expenditure:approved:a83c5c6eb763912b,assigned,04,retained,項,doboku-kanri,
2024,expenditure,132047:2024:expenditure:approved:a83def861c84ed27,assigned,08,retained,目,shogaigakushu-toshokan,
2024,expenditure,132047:2024:expenditure:approved:a8439868f6c2c1c5,assigned,04,retained,款,norin,
2024,expenditure,132047:2024:expenditure:approved:a84646da73440ee1,assigned,01,retained,款,somu,
2024,expenditure,132047:2024:expenditure:approved:a84b3e281eb65ff3,assigned,07,retained,項,eisei-hoken,
2024,expenditure,132047:2024:expenditure:approved:a84b83df1abac440,assigned,05,retained,項,eisei-seiso,
2024,expenditure,132047:2024:expenditure:approved:a856a95843e2bf28,assigned,09,retained,項,kyoiku-somu,
2024,expenditure,132047:2024:expenditure:approved:a858cc17678d1430,assigned,01,retained,款,gikai,
2024,expenditure,132047:2024:expenditure:approved:a85cb25679050744,assigned,09,retained,項,kyoiku-somu,
2024,expenditure,132047:2024:expenditure:approved:a867f8260287055f,assigned,10,retained,款,minsei,
2024,expenditure,132047:2024:expenditure:approved:a87e53f0008cdfb3,assigned,05,retained,項,eisei-seiso,
2024,expenditure,132047:2024:expenditure:approved:a87ffab2fd16d8ce,assigned,01,retained,款,somu,
2024,expenditure,132047:2024:expenditure:approved:a8a6f37c91427d6c,assigned,09,retained,項,kyoiku-somu,
2024,expenditure,132047:2024:expenditure:approved:a8a95c2af95f5bbf,assigned,01,retained,款,somu,
2024,expenditure,132047:2024:expenditure:approved:a8c37f850e341b86,assigned,10,retained,款,minsei,
2024,expenditure,132047:2024:expenditure:approved:a8dd6d74711d9845,assigned,01,retained,款,somu,
2024,expenditure,132047:2024:expenditure:approved:a8f1865d7f102610,assigned,09,retained,項,kyoiku-somu,
2024,expenditure,132047:2024:expenditure:approved:a8f6f49133c4fb16,assigned,05,retained,項,eisei-seiso,
2024,expenditure,132047:2024:expenditure:approved:a8fd068ad2a3bff5,assigned,06,retained,目,toshikeikaku-somu,
2024,expenditure,132047:2024:expenditure:approved:a9017ab2aaefa05c,assigned,10,retained,款,minsei,
2024,expenditure,132047:2024:expenditure:approved:a904f570a2c46d36,assigned,10,retained,款,minsei,
2024,expenditure,132047:2024:expenditure:approved:a907a224109bad0b,assigned,10,retained,款,minsei,
2024,expenditure,132047:2024:expenditure:approved:a91d4baeca320983,assigned,09,retained,項,kyoiku-somu,
2024,expenditure,132047:2024:expenditure:approved:a91f2f86f109c8ab,assigned,09,retained,目,shogaigakushu-other,
2024,expenditure,132047:2024:expenditure:approved:a928982d97bf4f61,assigned,10,retained,款,minsei,
2024,expenditure,132047:2024:expenditure:approved:a932c50dc721d7ab,assigned,10,retained,款,minsei,
2024,expenditure,132047:2024:expenditure:approved:a93a02d37150c085,assigned,01,retained,款,somu,
2024,expenditure,132047:2024:expenditure:approved:a944ea684eb7fb79,assigned,08,retained,目,shogaigakushu-toshokan,
2024,expenditure,132047:2024:expenditure:approved:a9506f42c137c2fd,assigned,10,retained,款,minsei,
2024,expenditure,132047:2024:expenditure:approved:a95aab2db61cf463,assigned,10,retained,款,minsei,
2024,expenditure,132047:2024:expenditure:approved:a9607ab6084ca66b,assigned,01,retained,款,somu,
2024,expenditure,132047:2024:expenditure:approved:a968bc96e5d50e7a,assigned,09,retained,項,kyoiku-somu,
2024,expenditure,132047:2024:expenditure:approved:a993a6f8c1a6673b,assigned,09,retained,項,kyoiku-somu,
2024,expenditure,132047:2024:expenditure:approved:a99fb221c89d461b,assigned,07,retained,項,eisei-hoken,
2024,expenditure,132047:2024:expenditure:approved:a9a856a383f82e62,out-of-scope,"",retained,節,fund-accumulation,
2024,expenditure,132047:2024:expenditure:approved:a9ccd8972ca2b264,assigned,01,retained,款,somu,
2024,expenditure,132047:2024:expenditure:approved:a9cd8a9b9ff350cd,assigned,10,retained,款,minsei,
2024,expenditure,132047:2024:expenditure:approved:a9ce517b8bd3a7eb,assigned,03,retained,款,shobo,
2024,expenditure,132047:2024:expenditure:approved:a9ef344679fbb916,assigned,10,retained,款,minsei,
2024,expenditure,132047:2024:expenditure:approved:a9f645fdae1d3aad,assigned,01,retained,款,somu,
2024,expenditure,132047:2024:expenditure:approved:aa103bed5ea378e9,assigned,01,retained,款,somu,
2024,expenditure,132047:2024:expenditure:approved:aa10710a65b18817,assigned,10,retained,款,minsei,
2024,expenditure,132047:2024:expenditure:approved:aa11b394f9453978,assigned,09,retained,項,kyoiku-somu,
2024,expenditure,132047:2024:expenditure:approved:aa17e4d3d3cd7617,assigned,03,retained,款,shobo,
2024,expenditure,132047:2024:expenditure:approved:aa2505adefce1bdc,assigned,07,retained,項,eisei-hoken,
2024,expenditure,132047:2024:expenditure:approved:aa41fdeb889e0bc5,assigned,10,retained,款,minsei,
2024,expenditure,132047:2024:expenditure:approved:aa45508ed5d9260a,assigned,10,retained,款,minsei,
2024,expenditure,132047:2024:expenditure:approved:aa8a908f9bb9efb2,assigned,09,retained,項,kyoiku-somu,
2024,expenditure,132047:2024:expenditure:approved:aa8aeb00296b9243,assigned,10,retained,款,minsei,
2024,expenditure,132047:2024:expenditure:approved:aa95b27f8472eaa3,assigned,01,retained,款,somu,
2024,expenditure,132047:2024:expenditure:approved:aaa3894a9f51d167,assigned,01,retained,款,somu,
2024,expenditure,132047:2024:expenditure:approved:aaa756e537f40011,assigned,04,retained,項,doboku-doro,
2024,expenditure,132047:2024:expenditure:approved:aab5053139667eea,assigned,09,retained,目,shogaigakushu-other,
2024,expenditure,132047:2024:expenditure:approved:aabea2d1e7b32106,assigned,10,eliminated,目,transfer-kaigo-hoken,介護保険事業特別会計
2024,expenditure,132047:2024:expenditure:approved:aac6b6211f821191,assigned,10,retained,款,minsei,
2024,expenditure,132047:2024:expenditure:approved:aac7de7cca4985e2,assigned,08,retained,目,toshikeikaku-kouen,
2024,expenditure,132047:2024:expenditure:approved:aad7d14a0058b18c,assigned,06,retained,目,toshikeikaku-somu,
2024,expenditure,132047:2024:expenditure:approved:aadbdc1b84d01f4c,assigned,03,retained,款,shobo,
2024,expenditure,132047:2024:expenditure:approved:aae910e255d806fe,assigned,10,retained,款,minsei,
2024,expenditure,132047:2024:expenditure:approved:ab0a48f1841b3853,assigned,10,retained,款,minsei,
2024,expenditure,132047:2024:expenditure:approved:ab0b08eb614bf188,assigned,10,retained,款,minsei,
2024,expenditure,132047:2024:expenditure:approved:ab0b446a2b12afc4,assigned,10,retained,款,minsei,
2024,expenditure,132047:2024:expenditure:approved:ab0e34a3e97b76b8,assigned,09,retained,目,shogaigakushu-other,
2024,expenditure,132047:2024:expenditure:approved:ab12b84413e0bce5,assigned,01,retained,款,somu,
2024,expenditure,132047:2024:expenditure:approved:ab1f7a6a6db12a01,assigned,08,retained,目,shogaigakushu-toshokan,
2024,expenditure,132047:2024:expenditure:approved:ab33afcc48a07562,assigned,08,retained,目,toshikeikaku-kouen,
2024,expenditure,132047:2024:expenditure:approved:ab34e949a7f8b15e,assigned,09,retained,項,kyoiku-somu,
2024,expenditure,132047:2024:expenditure:approved:ab3aaa16b96cab3a,assigned,10,retained,款,minsei,
2024,expenditure,132047:2024:expenditure:approved:ab4acb8426de9e5c,assigned,01,retained,款,somu,
2024,expenditure,132047:2024:expenditure:approved:ab5044eaae847e8b,assigned,04,retained,項,doboku-kanri,
2024,expenditure,132047:2024:expenditure:approved:ab5c6ceea1826b2a,assigned,09,retained,項,kyoiku-somu,
2024,expenditure,132047:2024:expenditure:approved:ab61669d1f0ae76d,assigned,10,retained,款,minsei,
2024,expenditure,132047:2024:expenditure:approved:ab6e38490ef4a885,assigned,07,retained,項,eisei-hoken,
2024,expenditure,132047:2024:expenditure:approved:ab79d926f7d593f0,assigned,07,eliminated,目,transfer-kokuho,国民健康保険事業特別会計
2024,expenditure,132047:2024:expenditure:approved:ab7bb5db54601ee0,assigned,10,retained,款,minsei,
2024,expenditure,132047:2024:expenditure:approved:ab82d09085fec119,assigned,07,retained,項,eisei-hoken,
2024,expenditure,132047:2024:expenditure:approved:ab82fb1a22fe4784,assigned,09,retained,項,kyoiku-somu,
2024,expenditure,132047:2024:expenditure:approved:ab86f05d9d970f00,assigned,10,retained,款,minsei,
2024,expenditure,132047:2024:expenditure:approved:ab8efa93fe4020ca,assigned,04,retained,款,shoko,
2024,expenditure,132047:2024:expenditure:approved:ab9179267bfdfeac,assigned,07,retained,項,eisei-hoken,
2024,expenditure,132047:2024:expenditure:approved:aba6c6b14a06f091,assigned,10,retained,款,minsei,
2024,expenditure,132047:2024:expenditure:approved:abc0eb935a0027ec,assigned,04,retained,款,shoko,
2024,expenditure,132047:2024:expenditure:approved:abce50905757b6e9,assigned,10,retained,款,minsei,
2024,expenditure,132047:2024:expenditure:approved:abcf76976d3a649c,assigned,08,retained,目,toshikeikaku-kouen,
2024,expenditure,132047:2024:expenditure:approved:abd9a090631e424d,assigned,03,retained,款,shobo,
2024,expenditure,132047:2024:expenditure:approved:abde749bc2dcedcc,assigned,01,retained,款,somu,
2024,expenditure,132047:2024:expenditure:approved:abf8d2a8db655882,assigned,08,retained,目,toshikeikaku-kouen,
2024,expenditure,132047:2024:expenditure:approved:abf9137eeb334684,assigned,01,retained,款,somu,
2024,expenditure,132047:2024:expenditure:approved:abfa97869fdf02d8,assigned,09,retained,項,kyoiku-somu,
2024,expenditure,132047:2024:expenditure:approved:abfd055ce543749d,assigned,08,retained,項,kyoiku-sports,
2024,expenditure,132047:2024:expenditure:approved:ac0bcc223b50ce0e,assigned,10,retained,款,minsei,
2024,expenditure,132047:2024:expenditure:approved:ac418dc1166c484f,assigned,01,retained,款,somu,
2024,expenditure,132047:2024:expenditure:approved:ac4a9d6f7d65b6a8,assigned,10,retained,款,minsei,
2024,expenditure,132047:2024:expenditure:approved:ac4d0e5af100d274,assigned,01,retained,款,gikai,
2024,expenditure,132047:2024:expenditure:approved:ac56b0ac93db029b,assigned,01,retained,款,somu,
2024,expenditure,132047:2024:expenditure:approved:ac5f56ee7618dd6d,assigned,09,retained,項,kyoiku-somu,
2024,expenditure,132047:2024:expenditure:approved:ac5f614324ea54bc,assigned,04,retained,項,doboku-doro,
2024,expenditure,132047:2024:expenditure:approved:ac6685d30842770a,assigned,09,retained,項,kyoiku-somu,
2024,expenditure,132047:2024:expenditure:approved:ac669b39efd474ca,assigned,10,retained,款,minsei,
2024,expenditure,132047:2024:expenditure:approved:ac67d2a05ea61f40,assigned,07,retained,項,eisei-hoken,
2024,expenditure,132047:2024:expenditure:approved:ac67eebf78d2c2ca,assigned,08,retained,目,shogaigakushu-toshokan,
2024,expenditure,132047:2024:expenditure:approved:ac68b5efddafd6df,assigned,01,retained,款,somu,
2024,expenditure,132047:2024:expenditure:approved:ac7af7798eebae5d,assigned,06,retained,目,toshikeikaku-somu,
2024,expenditure,132047:2024:expenditure:approved:ac9430336ec916bf,assigned,09,retained,項,kyoiku-somu,
2024,expenditure,132047:2024:expenditure:approved:ac9d0d8bee239f97,assigned,04,retained,項,doboku-kanri,
2024,expenditure,132047:2024:expenditure:approved:aca6ac40941d5a3a,assigned,10,retained,款,minsei,
2024,expenditure,132047:2024:expenditure:approved:acc4b47421294efe,assigned,01,retained,款,somu,
2024,expenditure,132047:2024:expenditure:approved:acc6efabd5891274,assigned,09,retained,目,shogaigakushu-other,
2024,expenditure,132047:2024:expenditure:approved:acd0c4f8f89e4c63,assigned,07,retained,項,eisei-hoken,
2024,expenditure,132047:2024:expenditure:approved:acd297fde1eae8ec,assigned,09,retained,項,kyoiku-somu,
2024,expenditure,132047:2024:expenditure:approved:acd6cdbbdb2cf4f8,assigned,10,retained,款,minsei,
2024,expenditure,132047:2024:expenditure:approved:acdb9c8d957f9251,assigned,01,retained,款,gikai,
2024,expenditure,132047:2024:expenditure:approved:acfd0d83be8e687c,assigned,01,retained,款,somu,
2024,expenditure,132047:2024:expenditure:approved:ad0c70e49b00a104,assigned,01,retained,款,somu,
2024,expenditure,132047:2024:expenditure:approved:ad24cfc1bb8f59f4,assigned,09,retained,項,kyoiku-somu,
2024,expenditure,132047:2024:expenditure:approved:ad2d1abc7283ac82,assigned,01,retained,款,somu,
2024,expenditure,132047:2024:expenditure:approved:ad3d729540b3dc63,assigned,09,retained,項,kyoiku-somu,
2024,expenditure,132047:2024:expenditure:approved:ad58a84b82216655,assigned,01,retained,款,somu,
2024,expenditure,132047:2024:expenditure:approved:ad66e8201fcad134,assigned,01,retained,款,somu,
2024,expenditure,132047:2024:expenditure:approved:ad676b64cf1ea8e2,assigned,05,retained,項,eisei-seiso,
2024,expenditure,132047:2024:expenditure:approved:ad6952bda82ec5ed,assigned,01,retained,款,somu,
2024,expenditure,132047:2024:expenditure:approved:ad83bc3622f5620a,assigned,09,retained,項,kyoiku-somu,
2024,expenditure,132047:2024:expenditure:approved:ad8470ce413bc51a,assigned,09,retained,項,kyoiku-somu,
2024,expenditure,132047:2024:expenditure:approved:ad8ba1cc6a5b1231,assigned,06,retained,目,toshikeikaku-somu,
2024,expenditure,132047:2024:expenditure:approved:ad904ee8b0d3e19b,assigned,05,retained,項,eisei-seiso,
2024,expenditure,132047:2024:expenditure:approved:ad96ca8d6eac8b8c,assigned,01,retained,款,somu,
2024,expenditure,132047:2024:expenditure:approved:ad99510754f801c0,assigned,05,retained,目,toshikeikaku-gesui,
2024,expenditure,132047:2024:expenditure:approved:ada9c52a187cab45,assigned,01,retained,款,somu,
2024,expenditure,132047:2024:expenditure:approved:adc26ba2da43598a,assigned,10,retained,款,minsei,
2024,expenditure,132047:2024:expenditure:approved:adc43377869ba3b2,assigned,10,retained,款,minsei,
2024,expenditure,132047:2024:expenditure:approved:add2d4c81dfd5b19,assigned,01,retained,款,somu,
2024,expenditure,132047:2024:expenditure:approved:add6d654aad88ddc,assigned,05,retained,項,eisei-seiso,
2024,expenditure,132047:2024:expenditure:approved:adf1a9069c4e56ea,assigned,09,retained,項,kyoiku-somu,
2024,expenditure,132047:2024:expenditure:approved:adf205bb88f622cb,assigned,08,retained,項,kyoiku-sports,
2024,expenditure,132047:2024:expenditure:approved:adf68d23e242fd5d,assigned,01,retained,款,somu,
2024,expenditure,132047:2024:expenditure:approved:ae02bc53bbe62933,assigned,06,retained,目,toshikeikaku-somu,
2024,expenditure,132047:2024:expenditure:approved:ae033afe648939e6,assigned,07,retained,項,eisei-hoken,
2024,expenditure,132047:2024:expenditure:approved:ae0bee28aaeb3cc7,assigned,07,retained,会計,fund-kouki,
2024,expenditure,132047:2024:expenditure:approved:ae1a3a2b08b8235a,assigned,10,retained,款,minsei,
2024,expenditure,132047:2024:expenditure:approved:ae28ead0b08ca287,assigned,10,retained,款,minsei,
2024,expenditure,132047:2024:expenditure:approved:ae4e34a79c25aabe,assigned,10,retained,款,minsei,
2024,expenditure,132047:2024:expenditure:approved:ae6094ba1a171c57,assigned,10,retained,款,minsei,
2024,expenditure,132047:2024:expenditure:approved:ae660b6c66535ed4,assigned,04,retained,款,shoko,
2024,expenditure,132047:2024:expenditure:approved:ae6db652cadb931e,assigned,01,retained,款,somu,
2024,expenditure,132047:2024:expenditure:approved:ae71f900f6e1702a,assigned,09,retained,項,kyoiku-somu,
2024,expenditure,132047:2024:expenditure:approved:ae77a7c1e74981f9,assigned,07,retained,項,eisei-hoken,
2024,expenditure,132047:2024:expenditure:approved:ae95aae7b7320d39,assigned,10,retained,款,minsei,
2024,expenditure,132047:2024:expenditure:approved:ae964d872bdb9353,assigned,10,retained,款,minsei,
2024,expenditure,132047:2024:expenditure:approved:ae99e81303761ec3,assigned,07,retained,項,eisei-hoken,
2024,expenditure,132047:2024:expenditure:approved:aecddd9b8e9ce0bf,assigned,01,retained,款,somu,
2024,expenditure,132047:2024:expenditure:approved:aef1e5b759cfb32a,assigned,01,retained,款,somu,
2024,expenditure,132047:2024:expenditure:approved:aef5d0fafc2b72c4,assigned,10,retained,款,minsei,
2024,expenditure,132047:2024:expenditure:approved:aef90ea75ec1d0e8,assigned,01,retained,款,somu,
2024,expenditure,132047:2024:expenditure:approved:af054a6696a71666,assigned,01,retained,款,somu,
2024,expenditure,132047:2024:expenditure:approved:af0ceaed1ca618d3,assigned,04,retained,款,norin,
2024,expenditure,132047:2024:expenditure:approved:af1430394c3ecd05,assigned,01,retained,款,somu,
2024,expenditure,132047:2024:expenditure:approved:af21b2daa0373644,assigned,10,eliminated,目,transfer-kaigo-hoken,介護保険事業特別会計
2024,expenditure,132047:2024:expenditure:approved:af2c6170175a3b9c,assigned,01,retained,款,somu,
2024,expenditure,132047:2024:expenditure:approved:af57b4daf5d3bb81,assigned,01,retained,款,somu,
2024,expenditure,132047:2024:expenditure:approved:af5b32eac8fe488b,assigned,01,retained,款,somu,
2024,expenditure,132047:2024:expenditure:approved:af6125e6440044ae,assigned,05,retained,項,eisei-seiso,
2024,expenditure,132047:2024:expenditure:approved:af69a91781cdea02,assigned,01,retained,款,somu,
2024,expenditure,132047:2024:expenditure:approved:af6fe606adb2f5f6,assigned,01,retained,款,somu,
2024,expenditure,132047:2024:expenditure:approved:af849df0fa9692b2,assigned,04,retained,款,shoko,
2024,expenditure,132047:2024:expenditure:approved:af8c5fc0c544274c,assigned,05,retained,項,eisei-seiso,
2024,expenditure,132047:2024:expenditure:approved:af9caf288b1bcc77,assigned,01,retained,款,somu,
2024,expenditure,132047:2024:expenditure:approved:afa275f43edfd970,assigned,05,retained,項,eisei-seiso,
2024,expenditure,132047:2024:expenditure:approved:afaeb28e51352f00,assigned,08,retained,目,toshikeikaku-kouen,
2024,expenditure,132047:2024:expenditure:approved:afc82974a774926b,assigned,01,retained,款,somu,
2024,expenditure,132047:2024:expenditure:approved:afcded27267329bb,assigned,04,retained,款,shoko,
2024,expenditure,132047:2024:expenditure:approved:afd78535338bcd95,assigned,09,retained,目,shogaigakushu-other,
2024,expenditure,132047:2024:expenditure:approved:afdaaf4e675f8ba7,assigned,01,retained,款,somu,
2024,expenditure,132047:2024:expenditure:approved:afe12f708f9f52d0,assigned,08,retained,項,kyoiku-sports,
2024,expenditure,132047:2024:expenditure:approved:afe1882b8301eda9,assigned,09,retained,項,kyoiku-somu,
2024,expenditure,132047:2024:expenditure:approved:afeea394ec75e7af,assigned,01,retained,款,somu,
2024,expenditure,132047:2024:expenditure:approved:aff0f4df1ea81c54,assigned,09,retained,項,kyoiku-somu,
2024,expenditure,132047:2024:expenditure:approved:aff7d58d181519f5,assigned,10,retained,款,minsei,
2024,expenditure,132047:2024:expenditure:approved:aff8b0fa389e25ca,assigned,05,retained,項,eisei-seiso,
2024,expenditure,132047:2024:expenditure:approved:b04af6ec63499f02,assigned,09,retained,目,shogaigakushu-other,
2024,expenditure,132047:2024:expenditure:approved:b064210343c3741f,assigned,10,retained,款,minsei,
2024,expenditure,132047:2024:expenditure:approved:b06d1ee6d67016b9,assigned,01,retained,款,somu,
2024,expenditure,132047:2024:expenditure:approved:b06ec84d03b4531c,assigned,09,retained,項,kyoiku-somu,
2024,expenditure,132047:2024:expenditure:approved:b0a1172864ab8947,assigned,01,retained,款,somu,
2024,expenditure,132047:2024:expenditure:approved:b0a82fad22e3091a,assigned,08,retained,項,kyoiku-sports,
2024,expenditure,132047:2024:expenditure:approved:b0ad926cb4cdb039,assigned,04,retained,款,norin,
2024,expenditure,132047:2024:expenditure:approved:b0db6a48bf80d707,assigned,09,retained,項,kyoiku-somu,
2024,expenditure,132047:2024:expenditure:approved:b0ed9ddc4aa88874,assigned,01,retained,款,somu,
2024,expenditure,132047:2024:expenditure:approved:b0efaf82f63324c4,assigned,07,retained,項,eisei-hoken,
2024,expenditure,132047:2024:expenditure:approved:b1066b74dcda49c4,assigned,01,retained,款,somu,
2024,expenditure,132047:2024:expenditure:approved:b10a383c23e73385,assigned,01,retained,款,somu,
2024,expenditure,132047:2024:expenditure:approved:b1186d1b334e02a6,assigned,06,retained,項,doboku-jutaku,
2024,expenditure,132047:2024:expenditure:approved:b121ac9372a09a51,assigned,10,retained,款,minsei,
2024,expenditure,132047:2024:expenditure:approved:b12538385eb6bd38,assigned,10,retained,会計,fund-kaigo-hoken,
2024,expenditure,132047:2024:expenditure:approved:b13565d5174b6688,assigned,04,retained,款,shoko,
2024,expenditure,132047:2024:expenditure:approved:b1525290fe524378,assigned,01,retained,款,somu,
2024,expenditure,132047:2024:expenditure:approved:b1540c11804490eb,assigned,10,retained,款,minsei,
2024,expenditure,132047:2024:expenditure:approved:b15e707257d97fed,assigned,04,retained,款,shoko,
2024,expenditure,132047:2024:expenditure:approved:b162e6b4f62e04d9,assigned,10,retained,款,minsei,
2024,expenditure,132047:2024:expenditure:approved:b18cdf425b16fcc0,assigned,10,retained,款,minsei,
2024,expenditure,132047:2024:expenditure:approved:b195578e316f8581,assigned,04,retained,款,rodo,
2024,expenditure,132047:2024:expenditure:approved:b19c130289a87304,assigned,10,retained,款,minsei,
2024,expenditure,132047:2024:expenditure:approved:b19efde406aed42f,assigned,01,retained,款,somu,
2024,expenditure,132047:2024:expenditure:approved:b1a903a9715b5c7a,assigned,10,retained,款,minsei,
2024,expenditure,132047:2024:expenditure:approved:b1b4bbf4c80768dd,assigned,01,retained,款,somu,
2024,expenditure,132047:2024:expenditure:approved:b1b8def2e8050dea,assigned,01,retained,款,somu,
2024,expenditure,132047:2024:expenditure:approved:b1bfdedbe8e3e394,assigned,09,retained,項,kyoiku-somu,
2024,expenditure,132047:2024:expenditure:approved:b1ccabafa1cf2e54,assigned,03,retained,款,shobo,
2024,expenditure,132047:2024:expenditure:approved:b1dbd8839683ac62,assigned,01,retained,款,somu,
2024,expenditure,132047:2024:expenditure:approved:b1ea42e810e91a1a,assigned,09,retained,項,kyoiku-somu,
2024,expenditure,132047:2024:expenditure:approved:b1ee44323917276e,assigned,08,retained,項,kyoiku-sports,
2024,expenditure,132047:2024:expenditure:approved:b1f85bf87b73cc68,assigned,10,retained,款,minsei,
2024,expenditure,132047:2024:expenditure:approved:b1ffccba0522971e,assigned,08,retained,項,kyoiku-sports,
2024,expenditure,132047:2024:expenditure:approved:b202aff4330d40a9,assigned,01,retained,款,somu,
2024,expenditure,132047:2024:expenditure:approved:b2069a109499836a,assigned,01,retained,款,somu,
2024,expenditure,132047:2024:expenditure:approved:b21f2a35076f52e7,assigned,01,retained,款,somu,
2024,expenditure,132047:2024:expenditure:approved:b22ee7673b0be6f8,assigned,01,retained,款,somu,
2024,expenditure,132047:2024:expenditure:approved:b250112aaa5b4842,assigned,01,retained,款,somu,
2024,expenditure,132047:2024:expenditure:approved:b25d38a4129920ca,assigned,10,retained,款,minsei,
2024,expenditure,132047:2024:expenditure:approved:b26b2fcbbf51ce0d,assigned,10,retained,款,minsei,
2024,expenditure,132047:2024:expenditure:approved:b279288cf1bc6f51,assigned,06,retained,目,toshikeikaku-somu,
2024,expenditure,132047:2024:expenditure:approved:b299371524126721,assigned,10,retained,款,minsei,
2024,expenditure,132047:2024:expenditure:approved:b2a15a27d6ca83b9,assigned,01,retained,款,somu,
2024,expenditure,132047:2024:expenditure:approved:b2b7ba8cb4a9211f,assigned,10,retained,款,minsei,
2024,expenditure,132047:2024:expenditure:approved:b2bc869f2bb84704,assigned,07,retained,項,eisei-hoken,
2024,expenditure,132047:2024:expenditure:approved:b2caf61e791b0458,assigned,10,retained,款,minsei,
2024,expenditure,132047:2024:expenditure:approved:b2d754a23486b6b3,assigned,04,retained,項,doboku-kanri,
2024,expenditure,132047:2024:expenditure:approved:b2db0dd459d895c0,assigned,01,retained,款,somu,
2024,expenditure,132047:2024:expenditure:approved:b2db7099385fd2b6,assigned,10,retained,款,minsei,
2024,expenditure,132047:2024:expenditure:approved:b2dde46b3f57d630,assigned,04,retained,項,doboku-doro,
2024,expenditure,132047:2024:expenditure:approved:b2ebabdddb84fcbf,assigned,10,retained,款,minsei,
2024,expenditure,132047:2024:expenditure:approved:b2fb3971b04570f3,assigned,10,retained,款,minsei,
2024,expenditure,132047:2024:expenditure:approved:b318e90ccd0c7f9a,assigned,09,retained,項,kyoiku-somu,
2024,expenditure,132047:2024:expenditure:approved:b324eade18cc3324,assigned,07,retained,項,eisei-hoken,
2024,expenditure,132047:2024:expenditure:approved:b32942d1df28a996,assigned,10,retained,款,minsei,
2024,expenditure,132047:2024:expenditure:approved:b3621f631701baf0,assigned,04,retained,款,shoko,
2024,expenditure,132047:2024:expenditure:approved:b36cc0252953f155,assigned,09,retained,項,kyoiku-somu,
2024,expenditure,132047:2024:expenditure:approved:b37a03901ae13eea,assigned,01,retained,款,somu,
2024,expenditure,132047:2024:expenditure:approved:b37cc7b3d074233e,assigned,05,retained,項,eisei-seiso,
2024,expenditure,132047:2024:expenditure:approved:b390de0c4cbad352,assigned,10,retained,款,minsei,
2024,expenditure,132047:2024:expenditure:approved:b393d6fb5c63200f,assigned,10,retained,款,minsei,
2024,expenditure,132047:2024:expenditure:approved:b39c107443bf83e3,assigned,10,retained,款,minsei,
2024,expenditure,132047:2024:expenditure:approved:b3a0555ac3351bbd,assigned,10,retained,款,minsei,
2024,expenditure,132047:2024:expenditure:approved:b3b4d3940b1754bd,assigned,10,retained,款,minsei,
2024,expenditure,132047:2024:expenditure:approved:b3cb3f2b0edfe9ba,assigned,01,retained,款,somu,
2024,expenditure,132047:2024:expenditure:approved:b3ded5c007be6d15,assigned,08,retained,目,shogaigakushu-toshokan,
2024,expenditure,132047:2024:expenditure:approved:b3df3ce6630afd71,assigned,05,retained,項,eisei-seiso,
2024,expenditure,132047:2024:expenditure:approved:b3e275941ac3b2b2,assigned,10,retained,款,minsei,
2024,expenditure,132047:2024:expenditure:approved:b3e2f5ff8bdbf787,assigned,09,retained,目,shogaigakushu-other,
2024,expenditure,132047:2024:expenditure:approved:b403c3edb47efe1c,assigned,07,retained,項,eisei-hoken,
2024,expenditure,132047:2024:expenditure:approved:b4108d3ee5ae06cc,assigned,01,retained,款,somu,
2024,expenditure,132047:2024:expenditure:approved:b410e7df87b7729a,assigned,10,retained,款,minsei,
2024,expenditure,132047:2024:expenditure:approved:b421f935b0e909f3,assigned,01,retained,款,somu,
2024,expenditure,132047:2024:expenditure:approved:b4289e8210d1df03,assigned,01,retained,款,somu,
2024,expenditure,132047:2024:expenditure:approved:b428f2c7d6f31cf8,assigned,10,retained,款,minsei,
2024,expenditure,132047:2024:expenditure:approved:b43f24475a012e72,unclassifiable,"",retained,款,contingency,
2024,expenditure,132047:2024:expenditure:approved:b44c6f92393bc8de,assigned,01,retained,款,somu,
2024,expenditure,132047:2024:expenditure:approved:b4530f57a507851e,assigned,04,retained,項,doboku-doro,
2024,expenditure,132047:2024:expenditure:approved:b473a56e93b8908d,assigned,10,retained,款,minsei,
2024,expenditure,132047:2024:expenditure:approved:b47d9c82d2f2fc93,assigned,10,retained,款,minsei,
2024,expenditure,132047:2024:expenditure:approved:b49ca57b41e26d9a,assigned,01,retained,款,somu,
2024,expenditure,132047:2024:expenditure:approved:b4a40ef48482bc24,assigned,01,retained,款,somu,
2024,expenditure,132047:2024:expenditure:approved:b4a41482868d425e,assigned,07,retained,項,eisei-hoken,
2024,expenditure,132047:2024:expenditure:approved:b4b91880767eff2d,assigned,01,retained,款,somu,
2024,expenditure,132047:2024:expenditure:approved:b4c9aece7eb7e516,assigned,04,retained,款,shoko,
2024,expenditure,132047:2024:expenditure:approved:b4ca2429166ec3e5,assigned,09,retained,項,kyoiku-somu,
2024,expenditure,132047:2024:expenditure:approved:b4cb10211c0069d6,assigned,10,retained,款,minsei,
2024,expenditure,132047:2024:expenditure:approved:b4d43a3dca55307d,assigned,01,retained,款,somu,
2024,expenditure,132047:2024:expenditure:approved:b4de6a7fc3798fdf,assigned,09,retained,項,kyoiku-somu,
2024,expenditure,132047:2024:expenditure:approved:b4df63f5e9bba55b,assigned,10,retained,款,minsei,
2024,expenditure,132047:2024:expenditure:approved:b4eaae8d45b1a771,assigned,01,retained,款,somu,
2024,expenditure,132047:2024:expenditure:approved:b4f055187bc31093,assigned,10,retained,款,minsei,
2024,expenditure,132047:2024:expenditure:approved:b4f8228e18667cc5,assigned,10,retained,款,minsei,
2024,expenditure,132047:2024:expenditure:approved:b51728e18d2395c7,assigned,01,retained,款,somu,
2024,expenditure,132047:2024:expenditure:approved:b51a9319e43bf103,assigned,09,retained,項,kyoiku-somu,
2024,expenditure,132047:2024:expenditure:approved:b51fab627bfdc635,assigned,10,retained,款,minsei,
2024,expenditure,132047:2024:expenditure:approved:b52b45fe7aa4bae0,assigned,10,retained,款,minsei,
2024,expenditure,132047:2024:expenditure:approved:b53e049f3c8347f8,assigned,01,retained,款,somu,
2024,expenditure,132047:2024:expenditure:approved:b53e54fd79d7c58e,assigned,04,retained,款,norin,
2024,expenditure,132047:2024:expenditure:approved:b53e6b458abdeed9,assigned,10,retained,款,minsei,
2024,expenditure,132047:2024:expenditure:approved:b5429f55efadbd07,assigned,04,retained,項,doboku-doro,
2024,expenditure,132047:2024:expenditure:approved:b555dce629e0e7c1,assigned,01,retained,款,somu,
2024,expenditure,132047:2024:expenditure:approved:b56fbe304b2e34c9,assigned,08,retained,項,kyoiku-sports,
2024,expenditure,132047:2024:expenditure:approved:b57817553190483d,assigned,10,retained,款,minsei,
2024,expenditure,132047:2024:expenditure:approved:b580df9a60a9ab29,assigned,10,retained,款,minsei,
2024,expenditure,132047:2024:expenditure:approved:b587ce8878170d85,assigned,04,retained,項,doboku-doro,
2024,expenditure,132047:2024:expenditure:approved:b58b8d8c63e1ab91,assigned,07,retained,会計,fund-kokuho,
2024,expenditure,132047:2024:expenditure:approved:b5aaf4c37767c147,assigned,01,retained,款,somu,
2024,expenditure,132047:2024:expenditure:approved:b5b120d30ed8d48c,assigned,04,retained,款,rodo,
2024,expenditure,132047:2024:expenditure:approved:b5bcd9b61c30017c,assigned,10,retained,款,minsei,
2024,expenditure,132047:2024:expenditure:approved:b5c6b906786398e2,assigned,10,retained,款,minsei,
2024,expenditure,132047:2024:expenditure:approved:b5cc9c1a30cb1de4,assigned,07,retained,項,eisei-hoken,
2024,expenditure,132047:2024:expenditure:approved:b5e248aa79cd8b27,assigned,01,retained,款,somu,
2024,expenditure,132047:2024:expenditure:approved:b5fa7fcbfdc69a4b,assigned,01,retained,款,somu,
2024,expenditure,132047:2024:expenditure:approved:b5fc0731a60deeb7,assigned,03,retained,款,shobo,
2024,expenditure,132047:2024:expenditure:approved:b60523637ea08223,assigned,04,retained,款,shoko,
2024,expenditure,132047:2024:expenditure:approved:b6151dda05d6a0ab,assigned,09,retained,項,kyoiku-somu,
2024,expenditure,132047:2024:expenditure:approved:b6202f731afd49c8,assigned,10,retained,款,minsei,
2024,expenditure,132047:2024:expenditure:approved:b628f1ae371373be,assigned,06,retained,項,doboku-jutaku,
2024,expenditure,132047:2024:expenditure:approved:b62c50cce1295a78,assigned,06,retained,目,toshikeikaku-somu,
2024,expenditure,132047:2024:expenditure:approved:b634e2a5ad072130,assigned,08,retained,項,kyoiku-sports,
2024,expenditure,132047:2024:expenditure:approved:b63da61db477ec85,assigned,09,retained,項,kyoiku-somu,
2024,expenditure,132047:2024:expenditure:approved:b644bfee6c488051,assigned,10,retained,款,minsei,
2024,expenditure,132047:2024:expenditure:approved:b6480a022b66cbc4,assigned,09,retained,目,shogaigakushu-other,
2024,expenditure,132047:2024:expenditure:approved:b655160bb0a206fe,assigned,09,retained,項,kyoiku-somu,
2024,expenditure,132047:2024:expenditure:approved:b65610e55b4afaba,assigned,01,retained,款,somu,
2024,expenditure,132047:2024:expenditure:approved:b66b7615fc7fd4e0,assigned,01,retained,款,somu,
2024,expenditure,132047:2024:expenditure:approved:b67010cb7af47d5c,assigned,08,retained,項,kyoiku-sports,
2024,expenditure,132047:2024:expenditure:approved:b671e93824ae112c,assigned,01,retained,款,somu,
2024,expenditure,132047:2024:expenditure:approved:b672edf60c2a9046,assigned,04,retained,項,doboku-doro,
2024,expenditure,132047:2024:expenditure:approved:b675987e43c3d54e,assigned,08,retained,目,toshikeikaku-kouen,
2024,expenditure,132047:2024:expenditure:approved:b6834ab8ce7f192e,assigned,10,retained,款,minsei,
2024,expenditure,132047:2024:expenditure:approved:b68c43312f2e9f33,assigned,10,retained,款,minsei,
2024,expenditure,132047:2024:expenditure:approved:b6ac363f4205f52c,assigned,10,retained,款,minsei,
2024,expenditure,132047:2024:expenditure:approved:b6b29f58c529439b,assigned,07,retained,項,eisei-hoken,
2024,expenditure,132047:2024:expenditure:approved:b6c74679c13d51f6,assigned,10,retained,款,minsei,
2024,expenditure,132047:2024:expenditure:approved:b6c9487582d0b944,assigned,01,retained,款,somu,
2024,expenditure,132047:2024:expenditure:approved:b6e47113ecdc11ae,assigned,09,retained,目,shogaigakushu-other,
2024,expenditure,132047:2024:expenditure:approved:b6e6d6bb1ca433d1,assigned,10,retained,款,minsei,
2024,expenditure,132047:2024:expenditure:approved:b7046251194dadca,assigned,04,retained,項,doboku-kanri,
2024,expenditure,132047:2024:expenditure:approved:b706b946d9f70574,assigned,09,retained,項,kyoiku-somu,
2024,expenditure,132047:2024:expenditure:approved:b70feee676d8dfd9,assigned,01,retained,款,somu,
2024,expenditure,132047:2024:expenditure:approved:b71b640297874e13,assigned,04,retained,目,toshikeikaku-gairo,
2024,expenditure,132047:2024:expenditure:approved:b7297b463a344c2c,assigned,10,retained,款,minsei,
2024,expenditure,132047:2024:expenditure:approved:b72bee9305f47eae,assigned,04,retained,款,norin,
2024,expenditure,132047:2024:expenditure:approved:b730f7bec6757f27,assigned,01,retained,款,somu,
2024,expenditure,132047:2024:expenditure:approved:b7333626d6b14720,assigned,09,retained,項,kyoiku-somu,
2024,expenditure,132047:2024:expenditure:approved:b73c7b589bc8d26a,assigned,01,retained,款,gikai,
2024,expenditure,132047:2024:expenditure:approved:b744ddd9e4c58db3,assigned,01,retained,款,somu,
2024,expenditure,132047:2024:expenditure:approved:b74decea88361711,assigned,07,retained,項,eisei-hoken,
2024,expenditure,132047:2024:expenditure:approved:b74f577a93aefffb,assigned,10,retained,款,minsei,
2024,expenditure,132047:2024:expenditure:approved:b75a2ebd8c41b04b,assigned,06,retained,目,toshikeikaku-somu,
2024,expenditure,132047:2024:expenditure:approved:b75fb90865b16ea1,assigned,05,retained,項,eisei-seiso,
2024,expenditure,132047:2024:expenditure:approved:b76beb627c234083,assigned,04,retained,款,shoko,
2024,expenditure,132047:2024:expenditure:approved:b7815f7be3e3d596,assigned,07,retained,項,eisei-hoken,
2024,expenditure,132047:2024:expenditure:approved:b78cf894118438f4,assigned,01,retained,款,somu,
2024,expenditure,132047:2024:expenditure:approved:b78da01cf0d0664c,assigned,07,eliminated,目,transfer-kouki,後期高齢者医療特別会計
2024,expenditure,132047:2024:expenditure:approved:b7918e02d6e9309b,assigned,09,retained,項,kyoiku-somu,
2024,expenditure,132047:2024:expenditure:approved:b7bb51ef64fafd31,assigned,01,retained,款,somu,
2024,expenditure,132047:2024:expenditure:approved:b7c5a4f1f65354dc,assigned,10,retained,款,minsei,
2024,expenditure,132047:2024:expenditure:approved:b7f62de627c21ef7,assigned,01,retained,款,somu,
2024,expenditure,132047:2024:expenditure:approved:b7ff699f57fbbccc,assigned,01,retained,款,somu,
2024,expenditure,132047:2024:expenditure:approved:b811f5d81a4e8839,assigned,07,retained,項,eisei-hoken,
2024,expenditure,132047:2024:expenditure:approved:b8161b5e6d35b67e,assigned,07,retained,項,eisei-hoken,
2024,expenditure,132047:2024:expenditure:approved:b81af33beef0cd6c,assigned,10,retained,款,minsei,
2024,expenditure,132047:2024:expenditure:approved:b81e70658a642613,assigned,10,retained,款,minsei,
2024,expenditure,132047:2024:expenditure:approved:b82a0cb4c7a7ca0d,assigned,07,retained,項,eisei-hoken,
2024,expenditure,132047:2024:expenditure:approved:b830b88c229cf208,assigned,07,retained,項,eisei-hoken,
2024,expenditure,132047:2024:expenditure:approved:b831cc5e2564b2f0,assigned,09,retained,項,kyoiku-somu,
2024,expenditure,132047:2024:expenditure:approved:b83a1e9202eec1f5,assigned,09,retained,項,kyoiku-somu,
2024,expenditure,132047:2024:expenditure:approved:b83a8a345838c156,assigned,08,retained,項,kyoiku-sports,
2024,expenditure,132047:2024:expenditure:approved:b851574083cf0ecf,assigned,08,retained,項,kyoiku-sports,
2024,expenditure,132047:2024:expenditure:approved:b8546fa3153d0872,assigned,04,retained,項,doboku-doro,
2024,expenditure,132047:2024:expenditure:approved:b860012e37e38caa,assigned,09,retained,項,kyoiku-somu,
2024,expenditure,132047:2024:expenditure:approved:b888981c382dc98f,assigned,01,retained,款,somu,
2024,expenditure,132047:2024:expenditure:approved:b88cd448267a19a0,assigned,10,retained,款,minsei,
2024,expenditure,132047:2024:expenditure:approved:b8adfc8543a771bc,assigned,10,retained,款,minsei,
2024,expenditure,132047:2024:expenditure:approved:b8afea2b366d7e2e,assigned,01,retained,款,somu,
2024,expenditure,132047:2024:expenditure:approved:b8b782f6acc8afe4,assigned,09,retained,項,kyoiku-somu,
2024,expenditure,132047:2024:expenditure:approved:b8be607fc876da9b,assigned,01,retained,款,somu,
2024,expenditure,132047:2024:expenditure:approved:b8c681f1281cc506,assigned,07,retained,項,eisei-hoken,
2024,expenditure,132047:2024:expenditure:approved:b8c941a502110954,assigned,01,retained,款,somu,
2024,expenditure,132047:2024:expenditure:approved:b8cfa806231bdce7,assigned,07,retained,項,eisei-hoken,
2024,expenditure,132047:2024:expenditure:approved:b8d6cdbacb05801d,assigned,09,retained,項,kyoiku-somu,
2024,expenditure,132047:2024:expenditure:approved:b8faae850a276b79,assigned,07,retained,項,eisei-hoken,
2024,expenditure,132047:2024:expenditure:approved:b8fec7e240ff81fb,assigned,09,retained,項,kyoiku-somu,
2024,expenditure,132047:2024:expenditure:approved:b904edfb6f615d27,assigned,09,retained,項,kyoiku-somu,
2024,expenditure,132047:2024:expenditure:approved:b911fa42bda929fc,assigned,09,retained,項,kyoiku-somu,
2024,expenditure,132047:2024:expenditure:approved:b929f674d0d0d4ab,unclassifiable,"",retained,款,contingency,
2024,expenditure,132047:2024:expenditure:approved:b935729037b169ad,assigned,09,retained,項,kyoiku-somu,
2024,expenditure,132047:2024:expenditure:approved:b945e0e52ada9692,assigned,04,retained,項,doboku-doro,
2024,expenditure,132047:2024:expenditure:approved:b95cdd3b94644f12,out-of-scope,"",retained,節,fund-accumulation,
2024,expenditure,132047:2024:expenditure:approved:b96300d5ddc8866e,assigned,09,retained,項,kyoiku-somu,
2024,expenditure,132047:2024:expenditure:approved:b963934f0b54e910,assigned,05,retained,項,eisei-seiso,
2024,expenditure,132047:2024:expenditure:approved:b9700ed1dd4d304b,assigned,04,retained,項,doboku-kanri,
2024,expenditure,132047:2024:expenditure:approved:b9817add94fa5f33,assigned,10,retained,款,minsei,
2024,expenditure,132047:2024:expenditure:approved:b988076ff5519236,assigned,06,retained,目,toshikeikaku-somu,
2024,expenditure,132047:2024:expenditure:approved:b9919abfa2d1e819,assigned,01,retained,款,somu,
2024,expenditure,132047:2024:expenditure:approved:b9a3545c28d04827,assigned,01,retained,款,somu,
2024,expenditure,132047:2024:expenditure:approved:b9bb6189defa179d,assigned,10,retained,款,minsei,
2024,expenditure,132047:2024:expenditure:approved:b9d50fbd61392bf3,assigned,04,retained,項,doboku-kanri,
2024,expenditure,132047:2024:expenditure:approved:b9d8a1f025386bb7,assigned,09,retained,項,kyoiku-somu,
2024,expenditure,132047:2024:expenditure:approved:b9e1b93a3ea8da68,assigned,10,retained,款,minsei,
2024,expenditure,132047:2024:expenditure:approved:b9e991fc53d6bd2c,assigned,09,retained,項,kyoiku-somu,
2024,expenditure,132047:2024:expenditure:approved:ba0d21bf1be67514,assigned,10,retained,款,minsei,
2024,expenditure,132047:2024:expenditure:approved:ba0e451de7189280,assigned,09,retained,項,kyoiku-somu,
2024,expenditure,132047:2024:expenditure:approved:ba1823a930c937bb,assigned,08,retained,目,toshikeikaku-kouen,
2024,expenditure,132047:2024:expenditure:approved:ba1c4625c078fe09,assigned,09,retained,項,kyoiku-somu,
2024,expenditure,132047:2024:expenditure:approved:ba279a098a8ae0b8,assigned,07,retained,項,eisei-hoken,
2024,expenditure,132047:2024:expenditure:approved:ba481995f4251935,assigned,09,retained,項,kyoiku-somu,
2024,expenditure,132047:2024:expenditure:approved:ba484056dd402300,assigned,10,retained,款,minsei,
2024,expenditure,132047:2024:expenditure:approved:ba4e5daad33fa2a6,assigned,10,retained,款,minsei,
2024,expenditure,132047:2024:expenditure:approved:ba5876c9cb44607f,assigned,09,retained,項,kyoiku-somu,
2024,expenditure,132047:2024:expenditure:approved:ba5c73becfe43695,assigned,10,retained,款,minsei,
2024,expenditure,132047:2024:expenditure:approved:ba64eabf14339107,assigned,04,retained,項,doboku-doro,
2024,expenditure,132047:2024:expenditure:approved:ba6c71d1625c5b63,assigned,07,retained,項,eisei-hoken,
2024,expenditure,132047:2024:expenditure:approved:ba744fabc38dcb2e,assigned,10,retained,款,minsei,
2024,expenditure,132047:2024:expenditure:approved:ba7d6f35e39f4e7c,assigned,01,retained,款,somu,
2024,expenditure,132047:2024:expenditure:approved:ba988b9e66886670,assigned,08,retained,項,kyoiku-sports,
2024,expenditure,132047:2024:expenditure:approved:ba9c778a78c48c34,assigned,07,retained,項,eisei-hoken,
2024,expenditure,132047:2024:expenditure:approved:baa0da9f9e3a8269,assigned,01,retained,款,somu,
2024,expenditure,132047:2024:expenditure:approved:baac389a92e26dc0,assigned,01,retained,款,somu,
2024,expenditure,132047:2024:expenditure:approved:baaf47b1bd0c63cb,assigned,07,retained,項,eisei-hoken,
2024,expenditure,132047:2024:expenditure:approved:bab46b4a14c921bf,assigned,10,retained,款,minsei,
2024,expenditure,132047:2024:expenditure:approved:bab75f8acd8d843b,assigned,03,retained,款,shobo,
2024,expenditure,132047:2024:expenditure:approved:bab8ee942b82bb20,assigned,07,retained,項,eisei-hoken,
2024,expenditure,132047:2024:expenditure:approved:bac319595622f130,assigned,04,retained,項,doboku-doro,
2024,expenditure,132047:2024:expenditure:approved:bad8f5daa33d9c89,assigned,01,retained,款,somu,
2024,expenditure,132047:2024:expenditure:approved:bad9cb69c53b947e,assigned,01,retained,款,gikai,
2024,expenditure,132047:2024:expenditure:approved:bad9cc668aeb5e0d,assigned,05,retained,項,eisei-seiso,
2024,expenditure,132047:2024:expenditure:approved:baf294423f53e909,assigned,09,retained,項,kyoiku-somu,
2024,expenditure,132047:2024:expenditure:approved:baf79be24417fa57,assigned,01,retained,款,somu,
2024,expenditure,132047:2024:expenditure:approved:bb03328bef0b419a,assigned,08,retained,項,kyoiku-sports,
2024,expenditure,132047:2024:expenditure:approved:bb21172c1bd14b0c,assigned,09,retained,項,kyoiku-somu,
2024,expenditure,132047:2024:expenditure:approved:bb2f132228cce80d,assigned,07,retained,項,eisei-hoken,
2024,expenditure,132047:2024:expenditure:approved:bb337bccbdaac071,assigned,07,retained,項,eisei-hoken,
2024,expenditure,132047:2024:expenditure:approved:bb421a00095000f7,assigned,10,retained,款,minsei,
2024,expenditure,132047:2024:expenditure:approved:bb42f19ea54e03c1,assigned,05,retained,項,eisei-seiso,
2024,expenditure,132047:2024:expenditure:approved:bb47db272efab063,assigned,01,retained,款,somu,
2024,expenditure,132047:2024:expenditure:approved:bb54090ce1008d4e,assigned,01,retained,款,somu,
2024,expenditure,132047:2024:expenditure:approved:bb5bb7fa69898c5a,assigned,09,retained,目,shogaigakushu-other,
2024,expenditure,132047:2024:expenditure:approved:bb76208d3b12deb7,assigned,01,retained,款,somu,
2024,expenditure,132047:2024:expenditure:approved:bb7a958bd6b4e0db,assigned,08,retained,項,kyoiku-sports,
2024,expenditure,132047:2024:expenditure:approved:bb8cbae0113e0aca,assigned,03,retained,款,shobo,
2024,expenditure,132047:2024:expenditure:approved:bbacde985ae03291,assigned,01,retained,款,somu,
2024,expenditure,132047:2024:expenditure:approved:bbb8a326470f086e,assigned,01,retained,款,somu,
2024,expenditure,132047:2024:expenditure:approved:bbca06c17aedabc2,assigned,09,retained,目,shogaigakushu-other,
2024,expenditure,132047:2024:expenditure:approved:bbca7d4c9a3cb80e,assigned,04,retained,項,doboku-doro,
2024,expenditure,132047:2024:expenditure:approved:bbcbe5c0144df084,assigned,01,retained,款,somu,
2024,expenditure,132047:2024:expenditure:approved:bbda5d5675e6f935,assigned,05,retained,項,eisei-seiso,
2024,expenditure,132047:2024:expenditure:approved:bbdb596756b4bd24,assigned,10,retained,款,minsei,
2024,expenditure,132047:2024:expenditure:approved:bbe107eb55581e2e,assigned,01,retained,款,somu,
2024,expenditure,132047:2024:expenditure:approved:bbe8489c1fd1c312,assigned,01,retained,款,somu,
2024,expenditure,132047:2024:expenditure:approved:bbef9df9cc3da83a,assigned,10,retained,款,minsei,
2024,expenditure,132047:2024:expenditure:approved:bc181c2fee2bec37,assigned,01,retained,款,somu,
2024,expenditure,132047:2024:expenditure:approved:bc2014fb16c66a0c,assigned,01,retained,款,gikai,
2024,expenditure,132047:2024:expenditure:approved:bc2537d6d92db0c4,assigned,08,retained,項,kyoiku-sports,
2024,expenditure,132047:2024:expenditure:approved:bc4af1120a568fa6,assigned,01,retained,款,gikai,
2024,expenditure,132047:2024:expenditure:approved:bc4d5253c99098dd,assigned,10,retained,款,minsei,
2024,expenditure,132047:2024:expenditure:approved:bc6d35dd35068081,assigned,01,retained,款,somu,
2024,expenditure,132047:2024:expenditure:approved:bc75809acbe60252,assigned,10,retained,款,minsei,
2024,expenditure,132047:2024:expenditure:approved:bc7ce9217a20718b,assigned,01,retained,款,somu,
2024,expenditure,132047:2024:expenditure:approved:bc87c424c934ebf7,assigned,09,retained,項,kyoiku-somu,
2024,expenditure,132047:2024:expenditure:approved:bcbec7b7180c6fc7,assigned,01,retained,款,somu,
2024,expenditure,132047:2024:expenditure:approved:bce1cfc03e5ec02f,assigned,01,retained,款,somu,
2024,expenditure,132047:2024:expenditure:approved:bce3de96e37edc8b,assigned,09,retained,目,shogaigakushu-other,
2024,expenditure,132047:2024:expenditure:approved:bce5937b6b13b656,assigned,09,retained,目,shogaigakushu-other,
2024,expenditure,132047:2024:expenditure:approved:bceed778d3f63fdc,assigned,10,retained,款,minsei,
2024,expenditure,132047:2024:expenditure:approved:bcf073a218c3af1d,assigned,08,retained,目,toshikeikaku-kouen,
2024,expenditure,132047:2024:expenditure:approved:bd0437adffd802d8,assigned,04,retained,項,doboku-doro,
2024,expenditure,132047:2024:expenditure:approved:bd070d51b020c948,assigned,03,retained,款,shobo,
2024,expenditure,132047:2024:expenditure:approved:bd0be65255b1b7c6,assigned,10,retained,款,minsei,
2024,expenditure,132047:2024:expenditure:approved:bd0e573b5a9e2bae,assigned,08,retained,項,kyoiku-sports,
2024,expenditure,132047:2024:expenditure:approved:bd20d5acd7bd6f74,assigned,10,retained,款,minsei,
2024,expenditure,132047:2024:expenditure:approved:bd28a56b6d25a0e6,assigned,01,retained,款,somu,
2024,expenditure,132047:2024:expenditure:approved:bd2e38c4da94aec4,assigned,10,retained,款,minsei,
2024,expenditure,132047:2024:expenditure:approved:bd31da709d33ea63,assigned,01,retained,款,somu,
2024,expenditure,132047:2024:expenditure:approved:bd5af923c565d863,assigned,10,retained,款,minsei,
2024,expenditure,132047:2024:expenditure:approved:bd6e55169372921e,assigned,10,retained,款,minsei,
2024,expenditure,132047:2024:expenditure:approved:bd791b438d784975,assigned,08,retained,目,shogaigakushu-toshokan,
2024,expenditure,132047:2024:expenditure:approved:bd852156b78e46e7,assigned,04,retained,項,doboku-doro,
2024,expenditure,132047:2024:expenditure:approved:bd98e7e44bf8751c,assigned,05,retained,項,doboku-kasen,
2024,expenditure,132047:2024:expenditure:approved:bdb0ca5382c36b63,assigned,06,retained,目,toshikeikaku-somu,
2024,expenditure,132047:2024:expenditure:approved:bdbb9688a4250c4d,assigned,10,retained,款,minsei,
2024,expenditure,132047:2024:expenditure:approved:bde009055d9ce57e,assigned,10,retained,款,minsei,
2024,expenditure,132047:2024:expenditure:approved:bdfe2a5bbbb414be,assigned,08,retained,項,kyoiku-sports,
2024,expenditure,132047:2024:expenditure:approved:be023d6f2e776081,assigned,01,retained,款,somu,
2024,expenditure,132047:2024:expenditure:approved:be1604cc33564c96,assigned,09,retained,項,kyoiku-somu,
2024,expenditure,132047:2024:expenditure:approved:be21eee47f2335e9,assigned,09,retained,目,shogaigakushu-other,
2024,expenditure,132047:2024:expenditure:approved:be26091d12600119,assigned,01,retained,款,somu,
2024,expenditure,132047:2024:expenditure:approved:be280a90291ea44c,assigned,04,retained,項,doboku-kanri,
2024,expenditure,132047:2024:expenditure:approved:be29b98018769d82,assigned,01,retained,款,somu,
2024,expenditure,132047:2024:expenditure:approved:be371094f137697f,assigned,09,retained,項,kyoiku-somu,
2024,expenditure,132047:2024:expenditure:approved:be3e0f8d1f5219e5,assigned,07,retained,項,eisei-hoken,
2024,expenditure,132047:2024:expenditure:approved:be5174f164ddd26d,assigned,09,retained,項,kyoiku-somu,
2024,expenditure,132047:2024:expenditure:approved:be64b0eb5a26d395,assigned,08,retained,項,kyoiku-sports,
2024,expenditure,132047:2024:expenditure:approved:be710d29a412937d,assigned,10,retained,款,minsei,
2024,expenditure,132047:2024:expenditure:approved:be79de91858c71de,assigned,06,retained,目,toshikeikaku-somu,
2024,expenditure,132047:2024:expenditure:approved:be7a0e2430862ef1,assigned,06,retained,項,doboku-jutaku,
2024,expenditure,132047:2024:expenditure:approved:be7ff1ebf1da3231,assigned,01,retained,款,somu,
2024,expenditure,132047:2024:expenditure:approved:be8401e1b4698dc9,assigned,10,retained,款,minsei,
2024,expenditure,132047:2024:expenditure:approved:be850fff37b6e44b,assigned,05,retained,項,eisei-seiso,
2024,expenditure,132047:2024:expenditure:approved:be8562bdadb95947,assigned,10,retained,款,minsei,
2024,expenditure,132047:2024:expenditure:approved:be86094f6f3030f4,assigned,03,retained,款,shobo,
2024,expenditure,132047:2024:expenditure:approved:bea56b013f4ef7ec,assigned,09,retained,項,kyoiku-somu,
2024,expenditure,132047:2024:expenditure:approved:bec968e59a33fcf2,assigned,01,retained,款,somu,
2024,expenditure,132047:2024:expenditure:approved:bed40d41848513b9,assigned,07,retained,項,eisei-hoken,
2024,expenditure,132047:2024:expenditure:approved:bed9c21912a4a0b6,assigned,01,retained,款,somu,
2024,expenditure,132047:2024:expenditure:approved:bedfe9d879e82d75,assigned,10,retained,款,minsei,
2024,expenditure,132047:2024:expenditure:approved:bf045fd507bfc18f,assigned,04,retained,項,doboku-doro,
2024,expenditure,132047:2024:expenditure:approved:bf0780d4be112b65,assigned,08,retained,項,kyoiku-sports,
2024,expenditure,132047:2024:expenditure:approved:bf0b05814eafba43,assigned,09,retained,目,shogaigakushu-other,
2024,expenditure,132047:2024:expenditure:approved:bf0cbee7f107aac2,assigned,09,retained,項,kyoiku-somu,
2024,expenditure,132047:2024:expenditure:approved:bf2b76a330a67f40,assigned,01,retained,款,somu,
2024,expenditure,132047:2024:expenditure:approved:bf32dd954cd75561,assigned,08,retained,目,toshikeikaku-kouen,
2024,expenditure,132047:2024:expenditure:approved:bf3ac1ef018291ca,assigned,09,retained,項,kyoiku-somu,
2024,expenditure,132047:2024:expenditure:approved:bf4024901d56c4ed,assigned,04,retained,項,doboku-doro,
2024,expenditure,132047:2024:expenditure:approved:bf43c614c8efba2e,assigned,04,retained,項,doboku-doro,
2024,expenditure,132047:2024:expenditure:approved:bf4eb00631fa0dbd,assigned,01,retained,款,somu,
2024,expenditure,132047:2024:expenditure:approved:bf4f2f0e3d6ee4a9,assigned,07,retained,項,eisei-hoken,
2024,expenditure,132047:2024:expenditure:approved:bf5066098ce95659,assigned,09,retained,項,kyoiku-somu,
2024,expenditure,132047:2024:expenditure:approved:bf55280875d529ab,assigned,05,retained,項,eisei-seiso,
2024,expenditure,132047:2024:expenditure:approved:bf608ed02f5b81df,assigned,07,retained,項,eisei-hoken,
2024,expenditure,132047:2024:expenditure:approved:bf70281d4d50cebc,assigned,04,retained,款,shoko,
2024,expenditure,132047:2024:expenditure:approved:bf7fe9a00d05b256,assigned,01,retained,款,gikai,
2024,expenditure,132047:2024:expenditure:approved:bf83ede92183fc31,assigned,08,retained,目,shogaigakushu-toshokan,
2024,expenditure,132047:2024:expenditure:approved:bfaa9d411d1a349f,assigned,09,retained,目,shogaigakushu-other,
2024,expenditure,132047:2024:expenditure:approved:bfd34f09153afb25,assigned,09,retained,項,kyoiku-somu,
2024,expenditure,132047:2024:expenditure:approved:bfe10e97a3f211a1,assigned,01,retained,款,somu,
2024,expenditure,132047:2024:expenditure:approved:bfe1f2954da31d5b,assigned,09,retained,項,kyoiku-somu,
2024,expenditure,132047:2024:expenditure:approved:bff53933464db1cc,assigned,01,retained,款,somu,
2024,expenditure,132047:2024:expenditure:approved:c006b0ced3aa95b4,out-of-scope,"",retained,節,fund-accumulation,
2024,expenditure,132047:2024:expenditure:approved:c00ba2a965c5361d,assigned,08,retained,項,kyoiku-sports,
2024,expenditure,132047:2024:expenditure:approved:c01719a39481272c,assigned,04,retained,項,doboku-doro,
2024,expenditure,132047:2024:expenditure:approved:c01d74b826fe35b4,assigned,10,retained,款,minsei,
2024,expenditure,132047:2024:expenditure:approved:c02637ee89ee9f70,assigned,03,retained,款,shobo,
2024,expenditure,132047:2024:expenditure:approved:c029b7d6efb1c256,assigned,09,retained,目,shogaigakushu-other,
2024,expenditure,132047:2024:expenditure:approved:c03245b8d40d6c68,assigned,10,retained,款,minsei,
2024,expenditure,132047:2024:expenditure:approved:c0343b5217984660,assigned,04,retained,項,doboku-doro,
2024,expenditure,132047:2024:expenditure:approved:c0423e954bc904ba,assigned,07,retained,項,eisei-hoken,
2024,expenditure,132047:2024:expenditure:approved:c04af498ede88d44,assigned,10,retained,款,minsei,
2024,expenditure,132047:2024:expenditure:approved:c04c2f2fc0850bb2,assigned,07,retained,項,eisei-hoken,
2024,expenditure,132047:2024:expenditure:approved:c051b080bfa785a3,assigned,01,retained,款,somu,
2024,expenditure,132047:2024:expenditure:approved:c05da752bd02f431,assigned,01,retained,款,somu,
2024,expenditure,132047:2024:expenditure:approved:c06708fe03adc2fb,assigned,10,retained,款,minsei,
2024,expenditure,132047:2024:expenditure:approved:c06cbe4b5379c872,assigned,09,retained,目,shogaigakushu-other,
2024,expenditure,132047:2024:expenditure:approved:c073b1c412a8c5b4,assigned,01,retained,款,somu,
2024,expenditure,132047:2024:expenditure:approved:c07d09b45bd080cf,assigned,01,retained,款,somu,
2024,expenditure,132047:2024:expenditure:approved:c08e8dc2fc147d91,assigned,09,retained,項,kyoiku-somu,
2024,expenditure,132047:2024:expenditure:approved:c08ec33b8ceb7ac2,assigned,10,retained,款,minsei,
2024,expenditure,132047:2024:expenditure:approved:c099b1e60c769c91,assigned,06,retained,項,doboku-jutaku,
2024,expenditure,132047:2024:expenditure:approved:c0a09cf8702a5647,assigned,08,retained,目,toshikeikaku-kouen,
2024,expenditure,132047:2024:expenditure:approved:c0a2c8b6af5f2b8f,assigned,07,retained,項,eisei-hoken,
2024,expenditure,132047:2024:expenditure:approved:c0a3e631c3d0c5da,assigned,10,retained,款,minsei,
2024,expenditure,132047:2024:expenditure:approved:c0a48ea0100cfeb0,assigned,10,retained,款,minsei,
2024,expenditure,132047:2024:expenditure:approved:c0a73d6af1e2b027,assigned,01,retained,款,somu,
2024,expenditure,132047:2024:expenditure:approved:c0d5fa1c9c4b7616,assigned,07,retained,項,eisei-hoken,
2024,expenditure,132047:2024:expenditure:approved:c0d9e3e80da14d1d,assigned,09,retained,項,kyoiku-somu,
2024,expenditure,132047:2024:expenditure:approved:c0df2d0fc29e4b98,out-of-scope,"",retained,項,refund,
2024,expenditure,132047:2024:expenditure:approved:c0e23ec39fcf9bc1,assigned,09,retained,目,shogaigakushu-other,
2024,expenditure,132047:2024:expenditure:approved:c0efcf0ae4701877,assigned,09,retained,項,kyoiku-somu,
2024,expenditure,132047:2024:expenditure:approved:c0f12a385ed90c67,assigned,06,retained,目,toshikeikaku-somu,
2024,expenditure,132047:2024:expenditure:approved:c1234944caa62e98,assigned,01,retained,款,somu,
2024,expenditure,132047:2024:expenditure:approved:c123e4a7e6edd7c5,assigned,01,retained,款,somu,
2024,expenditure,132047:2024:expenditure:approved:c135823dc40c23d6,assigned,01,retained,款,somu,
2024,expenditure,132047:2024:expenditure:approved:c135efc12c986027,assigned,09,retained,目,shogaigakushu-other,
2024,expenditure,132047:2024:expenditure:approved:c144ba06914b5ddc,assigned,08,retained,項,kyoiku-sports,
2024,expenditure,132047:2024:expenditure:approved:c147754d87667a03,assigned,07,retained,項,eisei-hoken,
2024,expenditure,132047:2024:expenditure:approved:c1577c51c174b286,assigned,04,retained,項,doboku-kanri,
2024,expenditure,132047:2024:expenditure:approved:c18d118fa426dbe9,assigned,10,retained,款,minsei,
2024,expenditure,132047:2024:expenditure:approved:c18e9afbef3977c3,assigned,01,retained,款,somu,
2024,expenditure,132047:2024:expenditure:approved:c190be102f18becb,assigned,01,retained,款,somu,
2024,expenditure,132047:2024:expenditure:approved:c195c0d5d2b87edb,assigned,09,retained,目,shogaigakushu-other,
2024,expenditure,132047:2024:expenditure:approved:c198e72ce56c992a,assigned,10,retained,款,minsei,
2024,expenditure,132047:2024:expenditure:approved:c199f2d2a574c896,assigned,01,retained,款,somu,
2024,expenditure,132047:2024:expenditure:approved:c1a4c9212cbc1075,assigned,07,retained,項,eisei-hoken,
2024,expenditure,132047:2024:expenditure:approved:c1a72d58b8331fea,assigned,10,retained,款,minsei,
2024,expenditure,132047:2024:expenditure:approved:c1b507ef9fca1e90,assigned,04,retained,款,norin,
2024,expenditure,132047:2024:expenditure:approved:c1bda8dbb5972272,assigned,01,retained,款,somu,
2024,expenditure,132047:2024:expenditure:approved:c1c54cf5f1f4418f,assigned,01,retained,款,somu,
2024,expenditure,132047:2024:expenditure:approved:c1d3148258f56797,assigned,07,retained,項,eisei-hoken,
2024,expenditure,132047:2024:expenditure:approved:c1d8040a42e0aa9b,assigned,07,retained,項,eisei-hoken,
2024,expenditure,132047:2024:expenditure:approved:c1ddf6e85b524fd1,assigned,01,retained,款,somu,
2024,expenditure,132047:2024:expenditure:approved:c1e8abe6a586002b,assigned,08,retained,目,shogaigakushu-toshokan,
2024,expenditure,132047:2024:expenditure:approved:c1ea2dd568be9d39,assigned,06,retained,目,toshikeikaku-somu,
2024,expenditure,132047:2024:expenditure:approved:c1f60ba413e9be0c,assigned,09,retained,目,shogaigakushu-other,
2024,expenditure,132047:2024:expenditure:approved:c2060cb1b061ce10,assigned,09,retained,項,kyoiku-somu,
2024,expenditure,132047:2024:expenditure:approved:c2132ae86593f512,assigned,10,retained,款,minsei,
2024,expenditure,132047:2024:expenditure:approved:c2189f0ab939a7e7,assigned,01,retained,款,somu,
2024,expenditure,132047:2024:expenditure:approved:c221167d9d06168f,assigned,05,retained,項,eisei-seiso,
2024,expenditure,132047:2024:expenditure:approved:c228da9277f6304f,assigned,01,retained,款,somu,
2024,expenditure,132047:2024:expenditure:approved:c23e7cc87ab92899,assigned,01,retained,款,somu,
2024,expenditure,132047:2024:expenditure:approved:c24240675bc8e782,assigned,08,retained,目,toshikeikaku-kouen,
2024,expenditure,132047:2024:expenditure:approved:c25e4d2115f9e1c1,assigned,01,retained,款,somu,
2024,expenditure,132047:2024:expenditure:approved:c260c151050e8738,assigned,04,retained,項,doboku-doro,
2024,expenditure,132047:2024:expenditure:approved:c27177822efed6e7,assigned,01,retained,款,somu,
2024,expenditure,132047:2024:expenditure:approved:c276f2aa319bd364,assigned,04,retained,項,doboku-doro,
2024,expenditure,132047:2024:expenditure:approved:c28a056859411a85,assigned,01,retained,款,somu,
2024,expenditure,132047:2024:expenditure:approved:c2929fb6a1edb69b,assigned,01,retained,款,somu,
2024,expenditure,132047:2024:expenditure:approved:c2978d0b9acc6939,assigned,10,retained,款,minsei,
2024,expenditure,132047:2024:expenditure:approved:c29c482a58c80319,assigned,01,retained,款,somu,
2024,expenditure,132047:2024:expenditure:approved:c2af6ef997de45ea,assigned,01,retained,款,somu,
2024,expenditure,132047:2024:expenditure:approved:c2b59cb9fbf9087c,assigned,09,retained,項,kyoiku-somu,
2024,expenditure,132047:2024:expenditure:approved:c2bbe36a79401ec6,assigned,10,retained,款,minsei,
2024,expenditure,132047:2024:expenditure:approved:c2c7ec704790bc85,assigned,04,retained,款,norin,
2024,expenditure,132047:2024:expenditure:approved:c2dd66e4c24796d3,assigned,05,retained,項,eisei-seiso,
2024,expenditure,132047:2024:expenditure:approved:c2ffb9c4e2846963,assigned,09,retained,項,kyoiku-somu,
2024,expenditure,132047:2024:expenditure:approved:c306fdd5f13443a4,assigned,09,retained,目,shogaigakushu-other,
2024,expenditure,132047:2024:expenditure:approved:c322efe0e965c91b,assigned,10,retained,款,minsei,
2024,expenditure,132047:2024:expenditure:approved:c32a6abfd2137255,assigned,09,retained,項,kyoiku-somu,
2024,expenditure,132047:2024:expenditure:approved:c32a8c1604e791fc,assigned,09,retained,目,shogaigakushu-other,
2024,expenditure,132047:2024:expenditure:approved:c33219dade044b43,assigned,01,retained,款,somu,
2024,expenditure,132047:2024:expenditure:approved:c338808ad2b153d0,assigned,01,retained,款,somu,
2024,expenditure,132047:2024:expenditure:approved:c33b3759980890ce,assigned,09,retained,項,kyoiku-somu,
2024,expenditure,132047:2024:expenditure:approved:c33f00f858315b12,assigned,07,retained,会計,fund-kouki,
2024,expenditure,132047:2024:expenditure:approved:c358b5d138397d0e,assigned,10,retained,款,minsei,
2024,expenditure,132047:2024:expenditure:approved:c3635052f46efece,assigned,01,retained,款,somu,
2024,expenditure,132047:2024:expenditure:approved:c36bc716f6632461,assigned,01,retained,款,somu,
2024,expenditure,132047:2024:expenditure:approved:c36d233c2957d8f5,assigned,10,retained,款,minsei,
2024,expenditure,132047:2024:expenditure:approved:c3779372fda7611f,assigned,01,retained,款,somu,
2024,expenditure,132047:2024:expenditure:approved:c3815ab61ef13bb0,assigned,01,retained,款,somu,
2024,expenditure,132047:2024:expenditure:approved:c38eafce10615ccd,assigned,10,retained,款,minsei,
2024,expenditure,132047:2024:expenditure:approved:c3a308394e650519,assigned,10,eliminated,目,transfer-kaigo-service,介護サービス事業特別会計
2024,expenditure,132047:2024:expenditure:approved:c3b1df9f9e5620bd,assigned,10,retained,款,minsei,
2024,expenditure,132047:2024:expenditure:approved:c3bf2999311defb0,assigned,01,retained,款,somu,
2024,expenditure,132047:2024:expenditure:approved:c3c36cca109d3d86,assigned,10,retained,款,minsei,
2024,expenditure,132047:2024:expenditure:approved:c3c38c8b28b0f464,assigned,01,retained,款,somu,
2024,expenditure,132047:2024:expenditure:approved:c3cb025b5ecb3470,assigned,01,retained,款,somu,
2024,expenditure,132047:2024:expenditure:approved:c3d116148de24630,assigned,10,retained,会計,fund-kaigo-hoken,
2024,expenditure,132047:2024:expenditure:approved:c3dca46d8a49aa2c,assigned,09,retained,項,kyoiku-somu,
2024,expenditure,132047:2024:expenditure:approved:c3e9749fb8009fa1,assigned,08,retained,目,toshikeikaku-kouen,
2024,expenditure,132047:2024:expenditure:approved:c3f03b2821159d4b,assigned,10,retained,款,minsei,
2024,expenditure,132047:2024:expenditure:approved:c4027319cd0a480d,assigned,07,retained,項,eisei-hoken,
2024,expenditure,132047:2024:expenditure:approved:c40a9a799281fe8a,assigned,10,retained,会計,fund-kaigo-hoken,
2024,expenditure,132047:2024:expenditure:approved:c40d2a48076dd014,assigned,10,retained,款,minsei,
2024,expenditure,132047:2024:expenditure:approved:c42b223aedb3f6ab,assigned,01,retained,款,somu,
2024,expenditure,132047:2024:expenditure:approved:c42ce1a6550f383c,assigned,10,retained,款,minsei,
2024,expenditure,132047:2024:expenditure:approved:c44e99f06c162205,assigned,01,retained,款,somu,
2024,expenditure,132047:2024:expenditure:approved:c461a7e4b12926b7,assigned,08,retained,項,kyoiku-sports,
2024,expenditure,132047:2024:expenditure:approved:c474b1f3b221d853,assigned,01,retained,款,somu,
2024,expenditure,132047:2024:expenditure:approved:c4755dadc14c5221,assigned,10,retained,款,minsei,
2024,expenditure,132047:2024:expenditure:approved:c48881165aa2c144,assigned,08,retained,目,toshikeikaku-kouen,
2024,expenditure,132047:2024:expenditure:approved:c49ba8c0755df99e,assigned,10,retained,款,minsei,
2024,expenditure,132047:2024:expenditure:approved:c4a76a57f000897f,assigned,09,retained,目,shogaigakushu-other,
2024,expenditure,132047:2024:expenditure:approved:c4abbd19228b3ec7,assigned,07,retained,項,eisei-hoken,
2024,expenditure,132047:2024:expenditure:approved:c4dbe8851caa1a66,assigned,07,retained,項,eisei-hoken,
2024,expenditure,132047:2024:expenditure:approved:c4f3ec1916829322,assigned,01,retained,款,somu,
2024,expenditure,132047:2024:expenditure:approved:c502dc4594b8d382,assigned,04,retained,款,norin,
2024,expenditure,132047:2024:expenditure:approved:c51036de84f76fce,assigned,08,retained,項,kyoiku-sports,
2024,expenditure,132047:2024:expenditure:approved:c51b1e452f855c78,assigned,07,retained,項,eisei-hoken,
2024,expenditure,132047:2024:expenditure:approved:c52379b7296c4a08,assigned,01,retained,款,somu,
2024,expenditure,132047:2024:expenditure:approved:c5349478c64bb9fd,assigned,05,retained,項,eisei-seiso,
2024,expenditure,132047:2024:expenditure:approved:c5503913899b419b,assigned,01,retained,款,somu,
2024,expenditure,132047:2024:expenditure:approved:c557ce49e534514f,assigned,09,retained,目,shogaigakushu-other,
2024,expenditure,132047:2024:expenditure:approved:c55bbbc81069cdbf,assigned,01,retained,款,somu,
2024,expenditure,132047:2024:expenditure:approved:c55f9241c72b0cf0,assigned,01,retained,款,somu,
2024,expenditure,132047:2024:expenditure:approved:c571377a56ac8800,assigned,09,retained,項,kyoiku-somu,
2024,expenditure,132047:2024:expenditure:approved:c59846769cee7c1f,assigned,09,retained,項,kyoiku-somu,
2024,expenditure,132047:2024:expenditure:approved:c5b04f9d99c8652d,assigned,09,retained,項,kyoiku-somu,
2024,expenditure,132047:2024:expenditure:approved:c5d2ba6203dfeb91,assigned,10,retained,款,minsei,
2024,expenditure,132047:2024:expenditure:approved:c5d41d26bcbd522f,assigned,08,retained,目,shogaigakushu-toshokan,
2024,expenditure,132047:2024:expenditure:approved:c5d88631d0d312f4,assigned,06,retained,目,toshikeikaku-somu,
2024,expenditure,132047:2024:expenditure:approved:c5f623fdbc26a1c9,assigned,10,retained,款,minsei,
2024,expenditure,132047:2024:expenditure:approved:c5f8db6ab81c8a30,assigned,07,retained,会計,fund-kokuho,
2024,expenditure,132047:2024:expenditure:approved:c5fcfc3c016cfb72,assigned,10,retained,款,minsei,
2024,expenditure,132047:2024:expenditure:approved:c60302c7385e4424,assigned,04,retained,項,doboku-doro,
2024,expenditure,132047:2024:expenditure:approved:c6179823e5805144,assigned,08,retained,項,kyoiku-sports,
2024,expenditure,132047:2024:expenditure:approved:c61d8ff4fed4375d,assigned,10,retained,款,minsei,
2024,expenditure,132047:2024:expenditure:approved:c64f3a98aceabcd8,assigned,01,retained,款,somu,
2024,expenditure,132047:2024:expenditure:approved:c661953ca2934359,assigned,01,retained,款,somu,
2024,expenditure,132047:2024:expenditure:approved:c662d1152a5a590c,assigned,07,retained,項,eisei-hoken,
2024,expenditure,132047:2024:expenditure:approved:c666bc180d11f9a0,assigned,04,retained,款,norin,
2024,expenditure,132047:2024:expenditure:approved:c668dfc09ad9006f,assigned,09,retained,項,kyoiku-somu,
2024,expenditure,132047:2024:expenditure:approved:c6820c83ed62f96b,assigned,09,retained,項,kyoiku-somu,
2024,expenditure,132047:2024:expenditure:approved:c690700d1e94868a,assigned,10,retained,款,minsei,
2024,expenditure,132047:2024:expenditure:approved:c69b318431180e5b,assigned,10,retained,款,minsei,
2024,expenditure,132047:2024:expenditure:approved:c69ce79701002225,assigned,10,retained,款,minsei,
2024,expenditure,132047:2024:expenditure:approved:c6a6d8ecc1363268,assigned,09,retained,項,kyoiku-somu,
2024,expenditure,132047:2024:expenditure:approved:c6ae9ac4cb8a3a3c,assigned,01,retained,款,somu,
2024,expenditure,132047:2024:expenditure:approved:c6aed770a4d2642a,assigned,08,retained,目,toshikeikaku-kouen,
2024,expenditure,132047:2024:expenditure:approved:c6b23e4bacf06713,assigned,01,retained,款,somu,
2024,expenditure,132047:2024:expenditure:approved:c6bb639eab31a1f6,assigned,07,retained,項,eisei-hoken,
2024,expenditure,132047:2024:expenditure:approved:c6cc10aafcc8a6aa,assigned,01,retained,款,somu,
2024,expenditure,132047:2024:expenditure:approved:c6d5f3527ed9863e,assigned,01,retained,款,somu,
2024,expenditure,132047:2024:expenditure:approved:c6de456c30239004,assigned,01,retained,款,gikai,
2024,expenditure,132047:2024:expenditure:approved:c6eb09a6d98467f4,assigned,08,retained,目,toshikeikaku-kouen,
2024,expenditure,132047:2024:expenditure:approved:c75198125c3feaee,assigned,04,retained,項,doboku-doro,
2024,expenditure,132047:2024:expenditure:approved:c75780577f17b992,assigned,04,retained,項,doboku-doro,
2024,expenditure,132047:2024:expenditure:approved:c75cab5e8f9a76b1,assigned,09,retained,項,kyoiku-somu,
2024,expenditure,132047:2024:expenditure:approved:c7680c5b80450f9d,assigned,01,retained,款,somu,
2024,expenditure,132047:2024:expenditure:approved:c779f37048bdd480,assigned,07,retained,項,eisei-hoken,
2024,expenditure,132047:2024:expenditure:approved:c7902c5c9e5e6493,assigned,01,retained,款,somu,
2024,expenditure,132047:2024:expenditure:approved:c79d2b8022cfa2cb,assigned,04,retained,款,shoko,
2024,expenditure,132047:2024:expenditure:approved:c7ba5eac4d578ae8,assigned,04,retained,項,doboku-doro,
2024,expenditure,132047:2024:expenditure:approved:c7c554b3717cd0bc,assigned,01,retained,款,somu,
2024,expenditure,132047:2024:expenditure:approved:c7dc0d54120e51da,assigned,10,retained,款,minsei,
2024,expenditure,132047:2024:expenditure:approved:c7e2633e9a75b95e,assigned,09,retained,目,shogaigakushu-other,
2024,expenditure,132047:2024:expenditure:approved:c7f83da6c0993dca,assigned,04,retained,項,doboku-doro,
2024,expenditure,132047:2024:expenditure:approved:c7fb736099af07ab,assigned,10,retained,款,minsei,
2024,expenditure,132047:2024:expenditure:approved:c7fc64a7bb2267b5,assigned,10,retained,款,minsei,
2024,expenditure,132047:2024:expenditure:approved:c816cdaf23cef815,assigned,04,retained,款,shoko,
2024,expenditure,132047:2024:expenditure:approved:c8245be4f3e5207d,assigned,09,retained,目,shogaigakushu-other,
2024,expenditure,132047:2024:expenditure:approved:c825dd923b8dc3bb,assigned,01,retained,款,somu,
2024,expenditure,132047:2024:expenditure:approved:c83a5804826429c4,assigned,10,retained,款,minsei,
2024,expenditure,132047:2024:expenditure:approved:c83fb940a38d1d94,assigned,07,retained,項,eisei-hoken,
2024,expenditure,132047:2024:expenditure:approved:c847837b960bd08b,assigned,04,retained,款,shoko,
2024,expenditure,132047:2024:expenditure:approved:c85dbbb1de85820a,assigned,07,retained,会計,fund-kokuho,
2024,expenditure,132047:2024:expenditure:approved:c86fde7533045c7f,assigned,08,retained,目,shogaigakushu-toshokan,
2024,expenditure,132047:2024:expenditure:approved:c8a9f74ee1d1b06c,assigned,08,retained,目,toshikeikaku-kouen,
2024,expenditure,132047:2024:expenditure:approved:c8afc2c60a3c9dd2,assigned,04,retained,款,norin,
2024,expenditure,132047:2024:expenditure:approved:c8b009dc06c14294,assigned,10,retained,款,minsei,
2024,expenditure,132047:2024:expenditure:approved:c8c4976daeea627c,assigned,03,retained,款,shobo,
2024,expenditure,132047:2024:expenditure:approved:c8ed325f512abcc8,assigned,03,retained,款,shobo,
2024,expenditure,132047:2024:expenditure:approved:c8f43c31057f1d8e,assigned,04,retained,款,norin,
2024,expenditure,132047:2024:expenditure:approved:c8f973eeacf2e958,assigned,01,retained,款,somu,
2024,expenditure,132047:2024:expenditure:approved:c91a49a9672d98f5,assigned,10,retained,款,minsei,
2024,expenditure,132047:2024:expenditure:approved:c9247175deb23e1c,assigned,10,retained,款,minsei,
2024,expenditure,132047:2024:expenditure:approved:c93a2ea16c3e03b9,assigned,01,retained,款,somu,
2024,expenditure,132047:2024:expenditure:approved:c93f68362606d661,assigned,04,retained,項,doboku-doro,
2024,expenditure,132047:2024:expenditure:approved:c97b051acb1823b7,assigned,01,retained,款,somu,
2024,expenditure,132047:2024:expenditure:approved:c98c8e15b26716ce,assigned,01,retained,款,somu,
2024,expenditure,132047:2024:expenditure:approved:c99fec2c10b16244,assigned,10,retained,款,minsei,
2024,expenditure,132047:2024:expenditure:approved:c9af3ac8271a0f22,assigned,10,retained,款,minsei,
2024,expenditure,132047:2024:expenditure:approved:c9b4ae2d1d786712,assigned,08,retained,目,toshikeikaku-kouen,
2024,expenditure,132047:2024:expenditure:approved:c9bdce15a415e9a3,assigned,07,retained,項,eisei-hoken,
2024,expenditure,132047:2024:expenditure:approved:c9c73b9451f6506f,assigned,01,retained,款,somu,
2024,expenditure,132047:2024:expenditure:approved:c9d14a0187cd588f,assigned,09,retained,目,shogaigakushu-other,
2024,expenditure,132047:2024:expenditure:approved:c9d9226540caca71,assigned,01,retained,款,gikai,
2024,expenditure,132047:2024:expenditure:approved:c9eb3a545d3634ea,assigned,01,retained,款,somu,
2024,expenditure,132047:2024:expenditure:approved:c9ef735935be8807,assigned,09,retained,項,kyoiku-somu,
2024,expenditure,132047:2024:expenditure:approved:c9ef7bd5d1ea80da,assigned,04,retained,項,doboku-doro,
2024,expenditure,132047:2024:expenditure:approved:c9f8f05c02955deb,assigned,04,retained,項,doboku-doro,
2024,expenditure,132047:2024:expenditure:approved:ca22a273c64314f1,assigned,05,retained,項,eisei-seiso,
2024,expenditure,132047:2024:expenditure:approved:ca30cf670c4cc2f6,assigned,07,retained,項,eisei-hoken,
2024,expenditure,132047:2024:expenditure:approved:ca46db4218e2dae1,assigned,07,retained,項,eisei-hoken,
2024,expenditure,132047:2024:expenditure:approved:ca4b0cb89597d613,assigned,01,retained,款,gikai,
2024,expenditure,132047:2024:expenditure:approved:ca50cf563f180ee2,assigned,09,retained,項,kyoiku-somu,
2024,expenditure,132047:2024:expenditure:approved:ca60d7587723d569,assigned,01,retained,款,somu,
2024,expenditure,132047:2024:expenditure:approved:ca610796fab26ea2,assigned,01,retained,款,somu,
2024,expenditure,132047:2024:expenditure:approved:ca6686e16d29969d,assigned,09,retained,目,shogaigakushu-other,
2024,expenditure,132047:2024:expenditure:approved:ca6ad956427370af,assigned,01,retained,款,somu,
2024,expenditure,132047:2024:expenditure:approved:ca74f730ca09d1e3,assigned,07,retained,項,eisei-hoken,
2024,expenditure,132047:2024:expenditure:approved:ca7a301a91bd26df,assigned,09,retained,項,kyoiku-somu,
2024,expenditure,132047:2024:expenditure:approved:ca8126b675b464a7,assigned,10,retained,款,minsei,
2024,expenditure,132047:2024:expenditure:approved:ca8868f4f86b8131,assigned,04,retained,款,norin,
2024,expenditure,132047:2024:expenditure:approved:caa42932f88d2ab0,assigned,10,retained,款,minsei,
2024,expenditure,132047:2024:expenditure:approved:cabe44e8fe7c9e9b,assigned,07,retained,会計,fund-kokuho,
2024,expenditure,132047:2024:expenditure:approved:cac0d578d8ce60e7,assigned,04,retained,項,doboku-doro,
2024,expenditure,132047:2024:expenditure:approved:cac5488e1e36a69b,assigned,10,retained,款,minsei,
2024,expenditure,132047:2024:expenditure:approved:cac56848f3263097,assigned,01,retained,款,somu,
2024,expenditure,132047:2024:expenditure:approved:cac671fb28bbc286,assigned,03,retained,款,shobo,
2024,expenditure,132047:2024:expenditure:approved:cae2c8bd795544ac,assigned,09,retained,項,kyoiku-somu,
2024,expenditure,132047:2024:expenditure:approved:caf956daf38ba02d,assigned,10,retained,款,minsei,
2024,expenditure,132047:2024:expenditure:approved:cb047befa96fcc35,assigned,09,retained,項,kyoiku-somu,
2024,expenditure,132047:2024:expenditure:approved:cb11bcd2a19bf24d,assigned,01,retained,款,somu,
2024,expenditure,132047:2024:expenditure:approved:cb18168f7ac5db4a,assigned,01,retained,款,somu,
2024,expenditure,132047:2024:expenditure:approved:cb1f26cae80dc42d,assigned,06,retained,項,doboku-jutaku,
2024,expenditure,132047:2024:expenditure:approved:cb27a602f9c92d94,assigned,07,retained,項,eisei-hoken,
2024,expenditure,132047:2024:expenditure:approved:cb2d5fc5aeb919b2,assigned,09,retained,項,kyoiku-somu,
2024,expenditure,132047:2024:expenditure:approved:cb3787f89862442b,assigned,10,retained,款,minsei,
2024,expenditure,132047:2024:expenditure:approved:cb4a9debfc0b123b,assigned,07,retained,会計,fund-kokuho,
2024,expenditure,132047:2024:expenditure:approved:cb4db74519e3cc98,assigned,04,retained,項,doboku-doro,
2024,expenditure,132047:2024:expenditure:approved:cb6a667f56b44e9d,assigned,10,retained,款,minsei,
2024,expenditure,132047:2024:expenditure:approved:cb83fb0e664484de,assigned,01,retained,款,somu,
2024,expenditure,132047:2024:expenditure:approved:cb96b6b67a594310,assigned,08,retained,目,shogaigakushu-toshokan,
2024,expenditure,132047:2024:expenditure:approved:cb9b0bcce2fdc473,assigned,04,retained,款,norin,
2024,expenditure,132047:2024:expenditure:approved:cb9cf032f3999bcd,assigned,05,retained,項,eisei-seiso,
2024,expenditure,132047:2024:expenditure:approved:cba1132d54c4a27c,assigned,10,retained,款,minsei,
2024,expenditure,132047:2024:expenditure:approved:cba82afb7e8566ef,assigned,01,retained,款,somu,
2024,expenditure,132047:2024:expenditure:approved:cbad7651aeb0bfec,assigned,09,retained,項,kyoiku-somu,
2024,expenditure,132047:2024:expenditure:approved:cbaff99103b29f05,assigned,05,retained,項,eisei-seiso,
2024,expenditure,132047:2024:expenditure:approved:cbb60b1ece2bb64e,assigned,10,retained,款,minsei,
2024,expenditure,132047:2024:expenditure:approved:cbc72c89af247197,assigned,04,retained,款,shoko,
2024,expenditure,132047:2024:expenditure:approved:cbcc8633de7d75d7,assigned,07,retained,項,eisei-hoken,
2024,expenditure,132047:2024:expenditure:approved:cbe2ba2bdb5cda3f,assigned,10,retained,款,minsei,
2024,expenditure,132047:2024:expenditure:approved:cbf8b1f185168f30,assigned,04,retained,款,norin,
2024,expenditure,132047:2024:expenditure:approved:cc0ed71d5ba85ad2,assigned,10,retained,款,minsei,
2024,expenditure,132047:2024:expenditure:approved:cc161b2ff7c35454,assigned,04,retained,項,doboku-kanri,
2024,expenditure,132047:2024:expenditure:approved:cc1836e44a2d4409,assigned,09,retained,項,kyoiku-somu,
2024,expenditure,132047:2024:expenditure:approved:cc24df373997faf0,assigned,09,retained,項,kyoiku-somu,
2024,expenditure,132047:2024:expenditure:approved:cc27717a3cc9226f,assigned,09,retained,項,kyoiku-somu,
2024,expenditure,132047:2024:expenditure:approved:cc2ecdb758462cab,assigned,07,retained,項,eisei-hoken,
2024,expenditure,132047:2024:expenditure:approved:cc31509fbc84df01,assigned,10,retained,款,minsei,
2024,expenditure,132047:2024:expenditure:approved:cc389705ee60e882,assigned,01,retained,款,somu,
2024,expenditure,132047:2024:expenditure:approved:cc3c6a336c007544,assigned,09,retained,項,kyoiku-somu,
2024,expenditure,132047:2024:expenditure:approved:cc4aac8ff6108626,assigned,04,retained,項,doboku-kanri,
2024,expenditure,132047:2024:expenditure:approved:cc5031b80f431f85,assigned,10,retained,款,minsei,
2024,expenditure,132047:2024:expenditure:approved:cc5e65aebca7ad42,assigned,10,retained,款,minsei,
2024,expenditure,132047:2024:expenditure:approved:cc6a72497d9945bd,assigned,04,retained,款,shoko,
2024,expenditure,132047:2024:expenditure:approved:cc6a94928d6a313d,assigned,09,retained,項,kyoiku-somu,
2024,expenditure,132047:2024:expenditure:approved:cc6d28245f92740a,assigned,04,retained,款,shoko,
2024,expenditure,132047:2024:expenditure:approved:cc802317849a0620,assigned,09,retained,項,kyoiku-somu,
2024,expenditure,132047:2024:expenditure:approved:cc83a25481a2c471,assigned,04,retained,款,shoko,
2024,expenditure,132047:2024:expenditure:approved:cc9233aad5c0ca90,assigned,01,retained,款,somu,
2024,expenditure,132047:2024:expenditure:approved:cc979ff37973e833,assigned,07,retained,項,eisei-hoken,
2024,expenditure,132047:2024:expenditure:approved:cca91a4074b56992,assigned,08,retained,項,kyoiku-sports,
2024,expenditure,132047:2024:expenditure:approved:ccbad214758db758,assigned,09,retained,項,kyoiku-somu,
2024,expenditure,132047:2024:expenditure:approved:ccc024aa20c0139c,assigned,10,retained,款,minsei,
2024,expenditure,132047:2024:expenditure:approved:ccd6ed36cbc0b8fe,assigned,06,retained,目,toshikeikaku-somu,
2024,expenditure,132047:2024:expenditure:approved:ccd87703cf022d6a,assigned,07,retained,会計,fund-kouki,
2024,expenditure,132047:2024:expenditure:approved:ccd961861cd61b09,assigned,09,retained,項,kyoiku-somu,
2024,expenditure,132047:2024:expenditure:approved:ccdd87f1e426ce06,assigned,07,retained,項,eisei-hoken,
2024,expenditure,132047:2024:expenditure:approved:cceb9b1e422b91d8,assigned,01,retained,款,somu,
2024,expenditure,132047:2024:expenditure:approved:ccec826d9053b61b,assigned,07,retained,項,eisei-hoken,
2024,expenditure,132047:2024:expenditure:approved:cceea561ef1f1842,assigned,10,retained,款,minsei,
2024,expenditure,132047:2024:expenditure:approved:cd09c2fceceaa013,assigned,07,retained,項,eisei-hoken,
2024,expenditure,132047:2024:expenditure:approved:cd0cacc655c26cd4,assigned,04,retained,款,norin,
2024,expenditure,132047:2024:expenditure:approved:cd26d119458924cd,assigned,04,retained,項,doboku-doro,
2024,expenditure,132047:2024:expenditure:approved:cd29711eceff13b7,assigned,10,retained,款,minsei,
2024,expenditure,132047:2024:expenditure:approved:cd3d3d3a54ab6d30,assigned,09,retained,項,kyoiku-somu,
2024,expenditure,132047:2024:expenditure:approved:cd5a7a5bf13c69cc,assigned,07,retained,項,eisei-hoken,
2024,expenditure,132047:2024:expenditure:approved:cd5c585c322b9537,assigned,04,retained,款,norin,
2024,expenditure,132047:2024:expenditure:approved:cd5e13b24b05ef22,assigned,04,retained,項,doboku-kanri,
2024,expenditure,132047:2024:expenditure:approved:cd6040c53ad72390,assigned,01,retained,款,somu,
2024,expenditure,132047:2024:expenditure:approved:cd7423cc3467d2a9,assigned,10,retained,会計,fund-kaigo-hoken,
2024,expenditure,132047:2024:expenditure:approved:cd837d1e57790fe3,assigned,05,retained,項,eisei-seiso,
2024,expenditure,132047:2024:expenditure:approved:cd8573981df131ad,assigned,10,retained,款,minsei,
2024,expenditure,132047:2024:expenditure:approved:cda1ef1071423a22,assigned,04,retained,款,rodo,
2024,expenditure,132047:2024:expenditure:approved:cdb095890b8ca85d,assigned,01,retained,款,somu,
2024,expenditure,132047:2024:expenditure:approved:cdb428d8483766cd,assigned,05,retained,項,eisei-seiso,
2024,expenditure,132047:2024:expenditure:approved:cdc32d8837150839,assigned,01,retained,款,somu,
2024,expenditure,132047:2024:expenditure:approved:cdcec21bf9b33f67,assigned,04,retained,款,shoko,
2024,expenditure,132047:2024:expenditure:approved:cdd9a823452da20a,assigned,01,retained,款,somu,
2024,expenditure,132047:2024:expenditure:approved:cde09d684c4be18a,assigned,08,retained,項,kyoiku-sports,
2024,expenditure,132047:2024:expenditure:approved:cdefdbe64a1f2ca0,assigned,01,retained,款,somu,
2024,expenditure,132047:2024:expenditure:approved:cdfcda2833fe95e9,assigned,01,retained,款,somu,
2024,expenditure,132047:2024:expenditure:approved:ce088ea3f5d1aa8a,assigned,09,retained,項,kyoiku-somu,
2024,expenditure,132047:2024:expenditure:approved:ce0badeef7cbe858,assigned,04,retained,款,shoko,
2024,expenditure,132047:2024:expenditure:approved:ce22fdff9a9fa572,assigned,01,retained,款,somu,
2024,expenditure,132047:2024:expenditure:approved:ce4162dca4577343,assigned,01,retained,款,somu,
2024,expenditure,132047:2024:expenditure:approved:ce4fd97f30fe0d52,assigned,09,retained,項,kyoiku-somu,
2024,expenditure,132047:2024:expenditure:approved:ce5d4671b090b160,assigned,10,retained,款,minsei,
2024,expenditure,132047:2024:expenditure:approved:ce71e984b6a7551f,assigned,10,retained,款,minsei,
2024,expenditure,132047:2024:expenditure:approved:ce7d425c5f172b7c,assigned,01,retained,款,somu,
2024,expenditure,132047:2024:expenditure:approved:ce85502264591bd5,assigned,07,retained,項,eisei-hoken,
2024,expenditure,132047:2024:expenditure:approved:ce8abb86ea235078,assigned,01,retained,款,somu,
2024,expenditure,132047:2024:expenditure:approved:ce955cb3c6811959,assigned,10,retained,款,minsei,
2024,expenditure,132047:2024:expenditure:approved:ce9ca5568a06ff1c,assigned,01,retained,款,somu,
2024,expenditure,132047:2024:expenditure:approved:cea59389b5d5b481,assigned,01,retained,款,somu,
2024,expenditure,132047:2024:expenditure:approved:ceabe465d8e1e19b,assigned,08,retained,項,kyoiku-sports,
2024,expenditure,132047:2024:expenditure:approved:ceb8f722170e04aa,assigned,10,retained,款,minsei,
2024,expenditure,132047:2024:expenditure:approved:cec312ec5ba4cdb2,assigned,10,retained,会計,fund-kaigo-hoken,
2024,expenditure,132047:2024:expenditure:approved:cee69256ecb6ae21,assigned,10,retained,款,minsei,
2024,expenditure,132047:2024:expenditure:approved:cf09418c6dcde604,assigned,01,retained,款,somu,
2024,expenditure,132047:2024:expenditure:approved:cf0bc4529344ffe9,assigned,09,retained,項,kyoiku-somu,
2024,expenditure,132047:2024:expenditure:approved:cf1b89ba06fc8bf1,assigned,09,retained,項,kyoiku-somu,
2024,expenditure,132047:2024:expenditure:approved:cf1ff03754dd58f6,assigned,10,retained,款,minsei,
2024,expenditure,132047:2024:expenditure:approved:cf2aa312910f143c,assigned,10,retained,款,minsei,
2024,expenditure,132047:2024:expenditure:approved:cf349ed9a63a3d54,assigned,10,retained,款,minsei,
2024,expenditure,132047:2024:expenditure:approved:cf3a0de60d06807d,assigned,10,retained,款,minsei,
2024,expenditure,132047:2024:expenditure:approved:cf40292757502db7,assigned,07,retained,項,eisei-hoken,
2024,expenditure,132047:2024:expenditure:approved:cf427dfa70e3d01b,assigned,01,retained,款,somu,
2024,expenditure,132047:2024:expenditure:approved:cf4b88ec5ec01b7f,assigned,01,retained,款,somu,
2024,expenditure,132047:2024:expenditure:approved:cf55d41e218cd44d,assigned,04,retained,項,doboku-doro,
2024,expenditure,132047:2024:expenditure:approved:cf617601b9f13675,assigned,01,retained,款,gikai,
2024,expenditure,132047:2024:expenditure:approved:cf6e0689ada2e213,assigned,06,retained,項,doboku-jutaku,
2024,expenditure,132047:2024:expenditure:approved:cf766333b9d855d0,assigned,07,retained,項,eisei-hoken,
2024,expenditure,132047:2024:expenditure:approved:cf8bb0c771796798,assigned,10,retained,款,minsei,
2024,expenditure,132047:2024:expenditure:approved:cfa55330b9100a4d,assigned,01,retained,款,somu,
2024,expenditure,132047:2024:expenditure:approved:cfacac63109be100,assigned,08,retained,目,toshikeikaku-kouen,
2024,expenditure,132047:2024:expenditure:approved:cfb97cf1698907c5,assigned,01,retained,款,somu,
2024,expenditure,132047:2024:expenditure:approved:cfbcdeda4e6d90bd,assigned,04,retained,款,rodo,
2024,expenditure,132047:2024:expenditure:approved:cfbed9bd286edf8a,assigned,05,retained,項,eisei-seiso,
2024,expenditure,132047:2024:expenditure:approved:cfc267bc5373f10d,assigned,01,retained,款,somu,
2024,expenditure,132047:2024:expenditure:approved:cfd038566c0c50d3,assigned,10,retained,款,minsei,
2024,expenditure,132047:2024:expenditure:approved:cfd38575044bdae0,assigned,10,retained,款,minsei,
2024,expenditure,132047:2024:expenditure:approved:cfddb2cf411a19aa,assigned,01,retained,款,somu,
2024,expenditure,132047:2024:expenditure:approved:cff820312aeeca0f,assigned,07,retained,会計,fund-kokuho,
2024,expenditure,132047:2024:expenditure:approved:d010d6ee1714443f,assigned,01,retained,款,somu,
2024,expenditure,132047:2024:expenditure:approved:d01552e0a6c0cc69,assigned,01,retained,款,somu,
2024,expenditure,132047:2024:expenditure:approved:d03ae15e86c56d4b,assigned,09,retained,項,kyoiku-somu,
2024,expenditure,132047:2024:expenditure:approved:d03f8eace41d34e8,assigned,10,retained,款,minsei,
2024,expenditure,132047:2024:expenditure:approved:d0485d108d34be42,assigned,01,retained,款,somu,
2024,expenditure,132047:2024:expenditure:approved:d04a4fbb5b081cea,assigned,01,retained,款,somu,
2024,expenditure,132047:2024:expenditure:approved:d04d77f8e62e8879,assigned,10,retained,款,minsei,
2024,expenditure,132047:2024:expenditure:approved:d051670d4b340089,assigned,07,retained,項,eisei-hoken,
2024,expenditure,132047:2024:expenditure:approved:d06405e9b1041402,assigned,07,retained,会計,fund-kouki,
2024,expenditure,132047:2024:expenditure:approved:d0684dc253a8b77d,assigned,09,retained,目,shogaigakushu-other,
2024,expenditure,132047:2024:expenditure:approved:d06fe2c0456b3fa4,assigned,01,retained,款,somu,
2024,expenditure,132047:2024:expenditure:approved:d07b41f70577e855,assigned,10,retained,款,minsei,
2024,expenditure,132047:2024:expenditure:approved:d082ec5e17857257,assigned,07,retained,項,eisei-hoken,
2024,expenditure,132047:2024:expenditure:approved:d088ac858ae1ab4d,assigned,08,retained,項,kyoiku-sports,
2024,expenditure,132047:2024:expenditure:approved:d091cc86904b3de8,assigned,01,retained,款,somu,
2024,expenditure,132047:2024:expenditure:approved:d09a129aba4f5530,assigned,01,retained,款,somu,
2024,expenditure,132047:2024:expenditure:approved:d09cf012aeb64e1b,assigned,01,retained,款,somu,
2024,expenditure,132047:2024:expenditure:approved:d0b185b867e682a4,assigned,10,retained,款,minsei,
2024,expenditure,132047:2024:expenditure:approved:d0de93953df80569,assigned,09,retained,項,kyoiku-somu,
2024,expenditure,132047:2024:expenditure:approved:d0e7de5a01246b2d,assigned,10,retained,款,minsei,
2024,expenditure,132047:2024:expenditure:approved:d0e916de9c962872,assigned,10,retained,款,minsei,
2024,expenditure,132047:2024:expenditure:approved:d0f9a4af45cef18d,assigned,10,retained,款,minsei,
2024,expenditure,132047:2024:expenditure:approved:d109a0a2e6d119e9,assigned,01,retained,款,somu,
2024,expenditure,132047:2024:expenditure:approved:d113913b125f52bb,assigned,01,retained,款,somu,
2024,expenditure,132047:2024:expenditure:approved:d120253b200c574f,assigned,07,retained,項,eisei-hoken,
2024,expenditure,132047:2024:expenditure:approved:d123d7285bd6c492,assigned,01,retained,款,somu,
2024,expenditure,132047:2024:expenditure:approved:d129124d48d43185,assigned,09,retained,目,shogaigakushu-other,
2024,expenditure,132047:2024:expenditure:approved:d129fc6f523759a0,assigned,05,retained,項,eisei-seiso,
2024,expenditure,132047:2024:expenditure:approved:d14253ae2f67aad6,assigned,01,retained,款,somu,
2024,expenditure,132047:2024:expenditure:approved:d14372345aeb3b9c,assigned,10,retained,款,minsei,
2024,expenditure,132047:2024:expenditure:approved:d14b1cf0ee535006,assigned,10,retained,款,minsei,
2024,expenditure,132047:2024:expenditure:approved:d151f956bc40ffa7,assigned,10,retained,款,minsei,
2024,expenditure,132047:2024:expenditure:approved:d15583ff3c1775bb,assigned,01,retained,款,somu,
2024,expenditure,132047:2024:expenditure:approved:d15e3e8c8e358576,assigned,04,retained,項,doboku-doro,
2024,expenditure,132047:2024:expenditure:approved:d16e9661261d3caf,assigned,07,retained,項,eisei-hoken,
2024,expenditure,132047:2024:expenditure:approved:d17b0b0c8ab26c63,assigned,10,retained,款,minsei,
2024,expenditure,132047:2024:expenditure:approved:d183c5a98e544446,assigned,01,retained,款,somu,
2024,expenditure,132047:2024:expenditure:approved:d184c69a30470156,assigned,07,retained,項,eisei-hoken,
2024,expenditure,132047:2024:expenditure:approved:d19c3c526ab44d75,assigned,09,retained,項,kyoiku-somu,
2024,expenditure,132047:2024:expenditure:approved:d19d477fe7d3ce58,assigned,09,retained,項,kyoiku-somu,
2024,expenditure,132047:2024:expenditure:approved:d1a1fb2cecd19bff,assigned,04,retained,項,doboku-doro,
2024,expenditure,132047:2024:expenditure:approved:d1a303b65b4887a1,assigned,08,retained,項,kyoiku-sports,
2024,expenditure,132047:2024:expenditure:approved:d1b0d68073e4acde,assigned,06,retained,目,toshikeikaku-somu,
2024,expenditure,132047:2024:expenditure:approved:d1bc9e8dbb6e018c,assigned,09,retained,項,kyoiku-somu,
2024,expenditure,132047:2024:expenditure:approved:d1c60a753b7daf68,assigned,09,retained,項,kyoiku-somu,
2024,expenditure,132047:2024:expenditure:approved:d1d9754979b6bf25,assigned,01,retained,款,somu,
2024,expenditure,132047:2024:expenditure:approved:d1e2c2f29291edca,assigned,10,retained,款,minsei,
2024,expenditure,132047:2024:expenditure:approved:d1e3d29a00492db5,assigned,01,retained,款,somu,
2024,expenditure,132047:2024:expenditure:approved:d1e548a96d85f3d1,assigned,09,retained,項,kyoiku-somu,
2024,expenditure,132047:2024:expenditure:approved:d1ee738c2d372f2b,assigned,01,retained,款,somu,
2024,expenditure,132047:2024:expenditure:approved:d1f00a20a84b4067,assigned,03,retained,款,shobo,
2024,expenditure,132047:2024:expenditure:approved:d1f2048f2b686b64,assigned,09,retained,目,shogaigakushu-other,
2024,expenditure,132047:2024:expenditure:approved:d1f9d5ece92b55f9,assigned,03,retained,款,shobo,
2024,expenditure,132047:2024:expenditure:approved:d20dc822823dedd0,assigned,07,retained,項,eisei-hoken,
2024,expenditure,132047:2024:expenditure:approved:d219ae4a75e3e2bc,assigned,04,retained,項,doboku-doro,
2024,expenditure,132047:2024:expenditure:approved:d21f3906a30edc78,assigned,08,retained,目,shogaigakushu-toshokan,
2024,expenditure,132047:2024:expenditure:approved:d222186c5464449b,assigned,10,retained,款,minsei,
2024,expenditure,132047:2024:expenditure:approved:d2233d343d7b0412,assigned,04,retained,項,doboku-doro,
2024,expenditure,132047:2024:expenditure:approved:d223c5d0367e0f4d,assigned,07,retained,項,eisei-hoken,
2024,expenditure,132047:2024:expenditure:approved:d229661657ed34fe,assigned,08,retained,項,kyoiku-sports,
2024,expenditure,132047:2024:expenditure:approved:d238a11219d33bd2,assigned,10,retained,款,minsei,
2024,expenditure,132047:2024:expenditure:approved:d2509fbc24c0fb66,assigned,03,retained,款,shobo,
2024,expenditure,132047:2024:expenditure:approved:d255a4cbe91ad4fe,assigned,01,retained,款,somu,
2024,expenditure,132047:2024:expenditure:approved:d257b7f0ee4a05ba,assigned,01,retained,款,somu,
2024,expenditure,132047:2024:expenditure:approved:d275dc167dc958aa,assigned,10,retained,款,minsei,
2024,expenditure,132047:2024:expenditure:approved:d27fc0c96d414983,assigned,10,retained,款,minsei,
2024,expenditure,132047:2024:expenditure:approved:d2a3109e06956e91,assigned,10,retained,款,minsei,
2024,expenditure,132047:2024:expenditure:approved:d2a437e06c232d23,assigned,01,retained,款,somu,
2024,expenditure,132047:2024:expenditure:approved:d2a53b81c429d11d,assigned,10,retained,款,minsei,
2024,expenditure,132047:2024:expenditure:approved:d2a933bdf2b4f5e7,assigned,09,retained,目,shogaigakushu-other,
2024,expenditure,132047:2024:expenditure:approved:d2bff77ac716178e,assigned,07,retained,項,eisei-hoken,
2024,expenditure,132047:2024:expenditure:approved:d2c253708fc62fca,assigned,07,retained,項,eisei-hoken,
2024,expenditure,132047:2024:expenditure:approved:d2ce10c44199f737,assigned,10,retained,款,minsei,
2024,expenditure,132047:2024:expenditure:approved:d2da356c48c51b1e,assigned,01,retained,款,somu,
2024,expenditure,132047:2024:expenditure:approved:d2f5b0d5e3c73500,assigned,01,retained,款,somu,
2024,expenditure,132047:2024:expenditure:approved:d326998ba20b0e55,assigned,04,retained,項,doboku-doro,
2024,expenditure,132047:2024:expenditure:approved:d32a6fc383f5780e,assigned,01,retained,款,somu,
2024,expenditure,132047:2024:expenditure:approved:d3315fde67189d9d,assigned,08,retained,目,shogaigakushu-toshokan,
2024,expenditure,132047:2024:expenditure:approved:d343384e5c6d2b47,assigned,04,retained,款,shoko,
2024,expenditure,132047:2024:expenditure:approved:d345152744b2dba3,assigned,10,retained,款,minsei,
2024,expenditure,132047:2024:expenditure:approved:d356c819c2c399ba,assigned,01,retained,款,somu,
2024,expenditure,132047:2024:expenditure:approved:d3589fd59bfb53b7,assigned,09,retained,項,kyoiku-somu,
2024,expenditure,132047:2024:expenditure:approved:d39d747adfa6cc6f,assigned,04,retained,項,doboku-doro,
2024,expenditure,132047:2024:expenditure:approved:d3a0341452d93e7c,assigned,01,retained,款,gikai,
2024,expenditure,132047:2024:expenditure:approved:d3a06c9b0c7e8073,assigned,04,retained,款,norin,
2024,expenditure,132047:2024:expenditure:approved:d3ae407309bd3d25,assigned,04,retained,項,doboku-kanri,
2024,expenditure,132047:2024:expenditure:approved:d3cdb3079f8295cc,assigned,04,retained,款,norin,
2024,expenditure,132047:2024:expenditure:approved:d3d0e2ade11a6e65,assigned,04,retained,款,norin,
2024,expenditure,132047:2024:expenditure:approved:d3d1387f7b39b687,assigned,01,retained,款,somu,
2024,expenditure,132047:2024:expenditure:approved:d3eb53af0dd3eb67,assigned,09,retained,項,kyoiku-somu,
2024,expenditure,132047:2024:expenditure:approved:d3ee72a2cd286fb9,assigned,10,retained,款,minsei,
2024,expenditure,132047:2024:expenditure:approved:d402cf5a7fd65679,assigned,10,retained,款,minsei,
2024,expenditure,132047:2024:expenditure:approved:d403380571a012af,assigned,10,retained,款,minsei,
2024,expenditure,132047:2024:expenditure:approved:d40ea0679f7ac46e,assigned,10,retained,款,minsei,
2024,expenditure,132047:2024:expenditure:approved:d4148a33a88dbbfd,assigned,10,retained,款,minsei,
2024,expenditure,132047:2024:expenditure:approved:d42123b996cd0a3b,assigned,01,retained,款,gikai,
2024,expenditure,132047:2024:expenditure:approved:d422dddd1400a0b2,assigned,04,retained,項,doboku-doro,
2024,expenditure,132047:2024:expenditure:approved:d4260894dcf53f82,assigned,05,retained,項,eisei-seiso,
2024,expenditure,132047:2024:expenditure:approved:d4294ac894c7351e,assigned,10,retained,款,minsei,
2024,expenditure,132047:2024:expenditure:approved:d42ed3b2d0909a46,assigned,03,retained,款,shobo,
2024,expenditure,132047:2024:expenditure:approved:d43536f53c2d7670,assigned,04,retained,款,rodo,
2024,expenditure,132047:2024:expenditure:approved:d43751ea05343206,assigned,09,retained,目,shogaigakushu-other,
2024,expenditure,132047:2024:expenditure:approved:d44a4da3dd8d61de,assigned,10,retained,款,minsei,
2024,expenditure,132047:2024:expenditure:approved:d47ed9349958406f,assigned,10,retained,款,minsei,
2024,expenditure,132047:2024:expenditure:approved:d490d307c3b9506f,assigned,06,retained,目,toshikeikaku-somu,
2024,expenditure,132047:2024:expenditure:approved:d4aa62162c1db661,assigned,01,retained,款,somu,
2024,expenditure,132047:2024:expenditure:approved:d4ac371df926a388,assigned,10,retained,款,minsei,
2024,expenditure,132047:2024:expenditure:approved:d4c1c02318175c64,assigned,01,retained,款,somu,
2024,expenditure,132047:2024:expenditure:approved:d4c79179d22f3f09,assigned,03,retained,款,shobo,
2024,expenditure,132047:2024:expenditure:approved:d4d13fffbf8f687e,assigned,10,retained,会計,fund-kaigo-hoken,
2024,expenditure,132047:2024:expenditure:approved:d4e68b0cacf10bc9,assigned,01,retained,款,somu,
2024,expenditure,132047:2024:expenditure:approved:d4e8ff7370edd4fd,assigned,09,retained,項,kyoiku-somu,
2024,expenditure,132047:2024:expenditure:approved:d4ecd750a4d98b45,assigned,09,retained,項,kyoiku-somu,
2024,expenditure,132047:2024:expenditure:approved:d4eff9a424ba4d2c,assigned,09,retained,項,kyoiku-somu,
2024,expenditure,132047:2024:expenditure:approved:d4f3b79a4391ed4d,assigned,04,retained,款,shoko,
2024,expenditure,132047:2024:expenditure:approved:d5033b6a4069d84f,assigned,05,retained,項,eisei-seiso,
2024,expenditure,132047:2024:expenditure:approved:d506521cce014fc1,assigned,10,retained,款,minsei,
2024,expenditure,132047:2024:expenditure:approved:d52251396e2e7c8d,assigned,10,retained,款,minsei,
2024,expenditure,132047:2024:expenditure:approved:d52503dd660fb19c,assigned,01,retained,款,somu,
2024,expenditure,132047:2024:expenditure:approved:d52ec496868abe31,assigned,10,retained,款,minsei,
2024,expenditure,132047:2024:expenditure:approved:d533f3c8218587a8,assigned,01,retained,款,somu,
2024,expenditure,132047:2024:expenditure:approved:d55655ef8f5bf3f0,assigned,07,retained,項,eisei-hoken,
2024,expenditure,132047:2024:expenditure:approved:d56807dae4d5df1d,assigned,08,retained,目,shogaigakushu-toshokan,
2024,expenditure,132047:2024:expenditure:approved:d57a964c2e463d6d,assigned,10,retained,款,minsei,
2024,expenditure,132047:2024:expenditure:approved:d57bd6f084f88f19,assigned,10,retained,款,minsei,
2024,expenditure,132047:2024:expenditure:approved:d57ce48e52dd4266,assigned,08,retained,項,kyoiku-sports,
2024,expenditure,132047:2024:expenditure:approved:d5809168a8520d31,assigned,01,retained,款,somu,
2024,expenditure,132047:2024:expenditure:approved:d59c7883db285a97,assigned,04,retained,項,doboku-doro,
2024,expenditure,132047:2024:expenditure:approved:d5ac03cefb4d4a63,assigned,07,retained,項,eisei-hoken,
2024,expenditure,132047:2024:expenditure:approved:d5b9dc4e7efa6644,assigned,01,retained,款,somu,
2024,expenditure,132047:2024:expenditure:approved:d5c49a3484f54d7c,assigned,10,retained,款,minsei,
2024,expenditure,132047:2024:expenditure:approved:d5c904ab77b47e97,assigned,09,retained,項,kyoiku-somu,
2024,expenditure,132047:2024:expenditure:approved:d5ccc9032f98ee43,assigned,10,retained,款,minsei,
2024,expenditure,132047:2024:expenditure:approved:d5e5b8cb26ed0bda,assigned,01,retained,款,somu,
2024,expenditure,132047:2024:expenditure:approved:d5e8fa1466df183b,assigned,08,retained,目,shogaigakushu-toshokan,
2024,expenditure,132047:2024:expenditure:approved:d5ea5cb3d51f4a23,assigned,10,retained,会計,fund-kaigo-hoken,
2024,expenditure,132047:2024:expenditure:approved:d5ea6a81cb9473a1,assigned,01,retained,款,somu,
2024,expenditure,132047:2024:expenditure:approved:d5ebe3a4e39acd72,assigned,09,retained,項,kyoiku-somu,
2024,expenditure,132047:2024:expenditure:approved:d5f4bde579460c0f,assigned,08,retained,項,kyoiku-sports,
2024,expenditure,132047:2024:expenditure:approved:d5f4c74b55de3bd6,assigned,07,retained,項,eisei-hoken,
2024,expenditure,132047:2024:expenditure:approved:d5f720f5f3cdefe8,assigned,10,retained,款,minsei,
2024,expenditure,132047:2024:expenditure:approved:d6009ee062b0ebff,assigned,10,retained,款,minsei,
2024,expenditure,132047:2024:expenditure:approved:d603143ac1a8124b,assigned,07,retained,項,eisei-hoken,
2024,expenditure,132047:2024:expenditure:approved:d608e61bb562d017,assigned,01,retained,款,somu,
2024,expenditure,132047:2024:expenditure:approved:d60aab9bd9b9665e,assigned,04,retained,項,doboku-kanri,
2024,expenditure,132047:2024:expenditure:approved:d61953dff8fe3d5a,assigned,10,retained,款,minsei,
2024,expenditure,132047:2024:expenditure:approved:d6301c33566345a6,assigned,01,retained,款,somu,
2024,expenditure,132047:2024:expenditure:approved:d641a2bf05a3a67c,assigned,08,retained,目,toshikeikaku-kouen,
2024,expenditure,132047:2024:expenditure:approved:d6512885bb130628,assigned,10,retained,款,minsei,
2024,expenditure,132047:2024:expenditure:approved:d65d7a76ed6c7bbe,assigned,01,retained,款,somu,
2024,expenditure,132047:2024:expenditure:approved:d66c7ebbf7cf30f1,assigned,01,retained,款,somu,
2024,expenditure,132047:2024:expenditure:approved:d688c095a6443ca5,assigned,01,retained,款,somu,
2024,expenditure,132047:2024:expenditure:approved:d69cf2daa2934490,assigned,10,retained,款,minsei,
2024,expenditure,132047:2024:expenditure:approved:d6b0dc1cf13663e1,assigned,10,retained,款,minsei,
2024,expenditure,132047:2024:expenditure:approved:d6b47c9bd9a37879,assigned,01,retained,款,somu,
2024,expenditure,132047:2024:expenditure:approved:d6c3cd192ea9cce7,assigned,07,retained,項,eisei-hoken,
2024,expenditure,132047:2024:expenditure:approved:d6cf4662f581d8ca,assigned,01,retained,款,somu,
2024,expenditure,132047:2024:expenditure:approved:d6d2ed4f226cc1f9,assigned,08,retained,項,kyoiku-sports,
2024,expenditure,132047:2024:expenditure:approved:d6d9602309b66d26,assigned,01,retained,款,somu,
2024,expenditure,132047:2024:expenditure:approved:d6dc8cf1a6270524,assigned,10,retained,款,minsei,
2024,expenditure,132047:2024:expenditure:approved:d70764ce32497b46,assigned,07,retained,項,eisei-hoken,
2024,expenditure,132047:2024:expenditure:approved:d70d9db3b7d0edc2,assigned,01,retained,款,somu,
2024,expenditure,132047:2024:expenditure:approved:d70e13fd090584cc,out-of-scope,"",retained,項,refund,
2024,expenditure,132047:2024:expenditure:approved:d744fc36f2dd0426,assigned,05,retained,項,eisei-seiso,
2024,expenditure,132047:2024:expenditure:approved:d7535ae20f057940,assigned,08,retained,項,kyoiku-sports,
2024,expenditure,132047:2024:expenditure:approved:d7557c87751d0df0,assigned,07,retained,項,eisei-hoken,
2024,expenditure,132047:2024:expenditure:approved:d7585fc046d6031e,assigned,04,retained,目,toshikeikaku-gairo,
2024,expenditure,132047:2024:expenditure:approved:d75cddd8743425d7,assigned,10,retained,款,minsei,
2024,expenditure,132047:2024:expenditure:approved:d76214fa2113602b,assigned,10,retained,款,minsei,
2024,expenditure,132047:2024:expenditure:approved:d78c5b8cc048dff5,assigned,10,retained,款,minsei,
2024,expenditure,132047:2024:expenditure:approved:d79e00874d1b3285,assigned,08,retained,目,shogaigakushu-toshokan,
2024,expenditure,132047:2024:expenditure:approved:d7ac8fbae262c665,assigned,01,retained,款,somu,
2024,expenditure,132047:2024:expenditure:approved:d7c098ceeb5aa3e1,assigned,01,retained,款,somu,
2024,expenditure,132047:2024:expenditure:approved:d7c9b6ee653efbd8,assigned,01,retained,款,gikai,
2024,expenditure,132047:2024:expenditure:approved:d7d291e260873498,assigned,09,retained,項,kyoiku-somu,
2024,expenditure,132047:2024:expenditure:approved:d7e7060e4ff7e02c,assigned,10,retained,款,minsei,
2024,expenditure,132047:2024:expenditure:approved:d7ff0f5498516372,assigned,07,retained,項,eisei-hoken,
2024,expenditure,132047:2024:expenditure:approved:d7ffc7f6f33c050b,assigned,10,retained,款,minsei,
2024,expenditure,132047:2024:expenditure:approved:d81d734cee7b4632,assigned,04,retained,款,shoko,
2024,expenditure,132047:2024:expenditure:approved:d832be3612229574,assigned,09,retained,目,shogaigakushu-other,
2024,expenditure,132047:2024:expenditure:approved:d838e1034240faa3,assigned,09,retained,項,kyoiku-somu,
2024,expenditure,132047:2024:expenditure:approved:d848541788985b75,assigned,01,retained,款,somu,
2024,expenditure,132047:2024:expenditure:approved:d852c471d27cad31,assigned,01,retained,款,somu,
2024,expenditure,132047:2024:expenditure:approved:d85b30f9a54627fa,assigned,01,retained,款,somu,
2024,expenditure,132047:2024:expenditure:approved:d8643d9a675143ba,assigned,01,retained,款,somu,
2024,expenditure,132047:2024:expenditure:approved:d87707993882c756,assigned,10,retained,款,minsei,
2024,expenditure,132047:2024:expenditure:approved:d879195a649a4526,assigned,09,retained,項,kyoiku-somu,
2024,expenditure,132047:2024:expenditure:approved:d8883ad25ee3c44f,assigned,09,retained,項,kyoiku-somu,
2024,expenditure,132047:2024:expenditure:approved:d88dab2ccabc53ce,assigned,03,retained,款,shobo,
2024,expenditure,132047:2024:expenditure:approved:d88fe5756e6c4d46,assigned,10,retained,款,minsei,
2024,expenditure,132047:2024:expenditure:approved:d8907a35bb5f40f6,assigned,01,retained,款,somu,
2024,expenditure,132047:2024:expenditure:approved:d893a183188f5a1f,assigned,01,retained,款,somu,
2024,expenditure,132047:2024:expenditure:approved:d89e608957e17867,assigned,10,retained,款,minsei,
2024,expenditure,132047:2024:expenditure:approved:d8a307b888b3b47f,assigned,10,retained,款,minsei,
2024,expenditure,132047:2024:expenditure:approved:d8a5543570241be2,assigned,03,retained,款,shobo,
2024,expenditure,132047:2024:expenditure:approved:d8c2ab33ada9b6e3,assigned,01,retained,款,somu,
2024,expenditure,132047:2024:expenditure:approved:d8ca760f66767901,assigned,01,retained,款,somu,
2024,expenditure,132047:2024:expenditure:approved:d8cc7a5da9dfdfe7,assigned,01,retained,款,somu,
2024,expenditure,132047:2024:expenditure:approved:d8db61d67df248d0,assigned,01,retained,款,somu,
2024,expenditure,132047:2024:expenditure:approved:d8e8b64a9e7a6622,assigned,07,retained,項,eisei-hoken,
2024,expenditure,132047:2024:expenditure:approved:d8ff7242aadca0a2,assigned,10,retained,款,minsei,
2024,expenditure,132047:2024:expenditure:approved:d90e5ebff7ba4d15,assigned,10,retained,款,minsei,
2024,expenditure,132047:2024:expenditure:approved:d929824bcf71a1a2,assigned,09,retained,目,shogaigakushu-other,
2024,expenditure,132047:2024:expenditure:approved:d92a388d269d6071,assigned,03,retained,款,shobo,
2024,expenditure,132047:2024:expenditure:approved:d92df3616cb2ea31,assigned,09,retained,項,kyoiku-somu,
2024,expenditure,132047:2024:expenditure:approved:d9321f0239274b25,assigned,09,retained,項,kyoiku-somu,
2024,expenditure,132047:2024:expenditure:approved:d93669016425f39c,assigned,07,retained,項,eisei-hoken,
2024,expenditure,132047:2024:expenditure:approved:d93f003f5db01bcf,assigned,09,retained,項,kyoiku-somu,
2024,expenditure,132047:2024:expenditure:approved:d97c80a29c51a7d1,assigned,01,retained,款,somu,
2024,expenditure,132047:2024:expenditure:approved:d97f0f3a8c2601ff,assigned,09,retained,目,shogaigakushu-other,
2024,expenditure,132047:2024:expenditure:approved:d9834046e110ec76,assigned,01,retained,款,somu,
2024,expenditure,132047:2024:expenditure:approved:d992b31e79800b6f,assigned,09,retained,目,shogaigakushu-other,
2024,expenditure,132047:2024:expenditure:approved:d997257564362914,assigned,01,retained,款,somu,
2024,expenditure,132047:2024:expenditure:approved:d9a02dde1cca84e3,assigned,09,retained,項,kyoiku-somu,
2024,expenditure,132047:2024:expenditure:approved:d9b7f4fb0e34a0ea,assigned,10,retained,款,minsei,
2024,expenditure,132047:2024:expenditure:approved:d9e8a1e63e16a314,assigned,01,retained,款,somu,
2024,expenditure,132047:2024:expenditure:approved:d9f51957c311a992,assigned,06,retained,目,toshikeikaku-somu,
2024,expenditure,132047:2024:expenditure:approved:da0705f68140cc3d,assigned,01,retained,款,somu,
2024,expenditure,132047:2024:expenditure:approved:da0e762af6c46720,assigned,10,retained,款,minsei,
2024,expenditure,132047:2024:expenditure:approved:da2249440395f00d,assigned,01,retained,款,somu,
2024,expenditure,132047:2024:expenditure:approved:da2880f1747af798,assigned,01,retained,款,somu,
2024,expenditure,132047:2024:expenditure:approved:da335a55517bdb30,assigned,01,retained,款,somu,
2024,expenditure,132047:2024:expenditure:approved:da3483f7cd3b0794,assigned,06,retained,目,toshikeikaku-somu,
2024,expenditure,132047:2024:expenditure:approved:da3b94b186ee5cdd,assigned,10,retained,款,minsei,
2024,expenditure,132047:2024:expenditure:approved:da445be115c327cf,assigned,09,retained,項,kyoiku-somu,
2024,expenditure,132047:2024:expenditure:approved:da479ba648fd8d5c,assigned,01,retained,款,somu,
2024,expenditure,132047:2024:expenditure:approved:da48f425a31d75a1,assigned,07,retained,項,eisei-hoken,
2024,expenditure,132047:2024:expenditure:approved:da4d335bb5ac82ba,assigned,07,retained,項,eisei-hoken,
2024,expenditure,132047:2024:expenditure:approved:da522afd3bc3f4ed,assigned,10,retained,款,minsei,
2024,expenditure,132047:2024:expenditure:approved:da573c1504f407d2,assigned,05,retained,項,eisei-seiso,
2024,expenditure,132047:2024:expenditure:approved:da596c9bbce2ad52,assigned,01,retained,款,somu,
2024,expenditure,132047:2024:expenditure:approved:da5efc1c1bfdfa31,assigned,10,retained,款,minsei,
2024,expenditure,132047:2024:expenditure:approved:da6064d92836a537,assigned,04,retained,款,shoko,
2024,expenditure,132047:2024:expenditure:approved:da731928f9134368,assigned,08,retained,目,toshikeikaku-kouen,
2024,expenditure,132047:2024:expenditure:approved:da75725c4afc718c,assigned,10,retained,款,minsei,
2024,expenditure,132047:2024:expenditure:approved:da7849c728d61082,assigned,01,retained,款,somu,
2024,expenditure,132047:2024:expenditure:approved:da92109be33b9bf2,assigned,09,retained,目,shogaigakushu-other,
2024,expenditure,132047:2024:expenditure:approved:da9e2c484cff8eba,assigned,09,retained,目,shogaigakushu-other,
2024,expenditure,132047:2024:expenditure:approved:dab3a5790b05fb12,assigned,10,retained,款,minsei,
2024,expenditure,132047:2024:expenditure:approved:dabcec8724be372b,assigned,04,retained,款,shoko,
2024,expenditure,132047:2024:expenditure:approved:dac9f4a100563e43,assigned,01,retained,款,somu,
2024,expenditure,132047:2024:expenditure:approved:dad92be385546641,assigned,10,retained,款,minsei,
2024,expenditure,132047:2024:expenditure:approved:dadd5c414cdfe05d,assigned,09,retained,目,shogaigakushu-other,
2024,expenditure,132047:2024:expenditure:approved:daf716e21f991c8b,assigned,01,retained,款,somu,
2024,expenditure,132047:2024:expenditure:approved:dafd31c910765f00,assigned,05,retained,項,eisei-seiso,
2024,expenditure,132047:2024:expenditure:approved:db004b417f6d0bd6,assigned,07,retained,項,eisei-hoken,
2024,expenditure,132047:2024:expenditure:approved:db07a94cd47114d3,assigned,09,retained,目,shogaigakushu-other,
2024,expenditure,132047:2024:expenditure:approved:db08f921946ba535,assigned,01,retained,款,somu,
2024,expenditure,132047:2024:expenditure:approved:db0de8efe36bc3eb,assigned,04,retained,款,rodo,
2024,expenditure,132047:2024:expenditure:approved:db11cb94872e8e45,assigned,08,retained,目,shogaigakushu-toshokan,
2024,expenditure,132047:2024:expenditure:approved:db196425f08bfe2c,assigned,10,retained,款,minsei,
2024,expenditure,132047:2024:expenditure:approved:db23338a13029873,assigned,01,retained,款,somu,
2024,expenditure,132047:2024:expenditure:approved:db2a9d0f6c6dd8c2,assigned,09,retained,項,kyoiku-somu,
2024,expenditure,132047:2024:expenditure:approved:db4a68bdc2a23029,assigned,10,retained,款,minsei,
2024,expenditure,132047:2024:expenditure:approved:db4b4919e813cf0c,assigned,01,retained,款,somu,
2024,expenditure,132047:2024:expenditure:approved:db4f33fbdd7e1f76,assigned,01,retained,款,somu,
2024,expenditure,132047:2024:expenditure:approved:db5febd0bab33bb3,assigned,01,retained,款,somu,
2024,expenditure,132047:2024:expenditure:approved:db6fbf84b2ee54a8,assigned,10,retained,款,minsei,
2024,expenditure,132047:2024:expenditure:approved:db6ffc6d8841883c,assigned,01,retained,款,somu,
2024,expenditure,132047:2024:expenditure:approved:db743a95af6c9db3,assigned,10,retained,款,minsei,
2024,expenditure,132047:2024:expenditure:approved:db82121697ded039,assigned,10,retained,款,minsei,
2024,expenditure,132047:2024:expenditure:approved:db83ca1e76b9d843,assigned,01,retained,款,somu,
2024,expenditure,132047:2024:expenditure:approved:db83f9e2ec8e99bc,assigned,04,retained,款,rodo,
2024,expenditure,132047:2024:expenditure:approved:db87f109c6a6e25d,assigned,01,retained,款,gikai,
2024,expenditure,132047:2024:expenditure:approved:db8fc162fb996d41,assigned,04,retained,款,norin,
2024,expenditure,132047:2024:expenditure:approved:dbbae0dfd64208e3,assigned,04,retained,款,shoko,
2024,expenditure,132047:2024:expenditure:approved:dbbc556d0e7f6e45,assigned,05,retained,項,eisei-seiso,
2024,expenditure,132047:2024:expenditure:approved:dbbe6a9f9a1607dd,assigned,01,retained,款,somu,
2024,expenditure,132047:2024:expenditure:approved:dbc381738419f972,assigned,04,retained,項,doboku-doro,
2024,expenditure,132047:2024:expenditure:approved:dbd6f45e828525f1,assigned,01,retained,款,somu,
2024,expenditure,132047:2024:expenditure:approved:dbdbdc6fc707806f,assigned,01,retained,款,somu,
2024,expenditure,132047:2024:expenditure:approved:dbe57ec67704dbe8,assigned,01,retained,款,somu,
2024,expenditure,132047:2024:expenditure:approved:dbfc960f0d61f2bf,assigned,01,retained,款,somu,
2024,expenditure,132047:2024:expenditure:approved:dc025669a5427d5b,assigned,04,retained,項,doboku-doro,
2024,expenditure,132047:2024:expenditure:approved:dc0892a8e2cfcf4f,assigned,10,retained,款,minsei,
2024,expenditure,132047:2024:expenditure:approved:dc0eec0d1ca88a4b,assigned,10,retained,款,minsei,
2024,expenditure,132047:2024:expenditure:approved:dc1039af1fc8a218,assigned,09,retained,項,kyoiku-somu,
2024,expenditure,132047:2024:expenditure:approved:dc11370d6fee0f7b,assigned,09,retained,項,kyoiku-somu,
2024,expenditure,132047:2024:expenditure:approved:dc1205c44072b2c2,assigned,03,retained,款,shobo,
2024,expenditure,132047:2024:expenditure:approved:dc1653ad6ba4951b,assigned,05,retained,項,eisei-seiso,
2024,expenditure,132047:2024:expenditure:approved:dc17ce4d9904ba03,assigned,08,retained,項,kyoiku-sports,
2024,expenditure,132047:2024:expenditure:approved:dc1c029c2ba98576,assigned,10,retained,款,minsei,
2024,expenditure,132047:2024:expenditure:approved:dc28e2f6fab5c7a8,assigned,10,retained,款,minsei,
2024,expenditure,132047:2024:expenditure:approved:dc2fb32ce5eb12c0,assigned,09,retained,目,shogaigakushu-other,
2024,expenditure,132047:2024:expenditure:approved:dc3428f9a6d7f6a0,assigned,09,retained,項,kyoiku-somu,
2024,expenditure,132047:2024:expenditure:approved:dc3bf78ac6eae84d,assigned,10,retained,款,minsei,
2024,expenditure,132047:2024:expenditure:approved:dc49af60fd518eb3,assigned,10,retained,款,minsei,
2024,expenditure,132047:2024:expenditure:approved:dc55758602631d01,assigned,10,retained,款,minsei,
2024,expenditure,132047:2024:expenditure:approved:dc5ad2985514b13c,assigned,01,retained,款,somu,
2024,expenditure,132047:2024:expenditure:approved:dc7560c61f8d60c9,assigned,01,retained,款,somu,
2024,expenditure,132047:2024:expenditure:approved:dc75a76c052a8f91,assigned,07,retained,項,eisei-hoken,
2024,expenditure,132047:2024:expenditure:approved:dc7af75ed9777b9a,assigned,07,retained,項,eisei-hoken,
2024,expenditure,132047:2024:expenditure:approved:dc8aca88a1fd9960,assigned,08,retained,項,kyoiku-sports,
2024,expenditure,132047:2024:expenditure:approved:dc8c23382a7a6835,assigned,01,retained,款,somu,
2024,expenditure,132047:2024:expenditure:approved:dc9244df179daa3c,assigned,01,retained,款,somu,
2024,expenditure,132047:2024:expenditure:approved:dc9b6edaca4fda88,assigned,01,retained,款,somu,
2024,expenditure,132047:2024:expenditure:approved:dca1815a98253641,assigned,09,retained,目,shogaigakushu-other,
2024,expenditure,132047:2024:expenditure:approved:dca351ad4769d0da,assigned,07,retained,項,eisei-hoken,
2024,expenditure,132047:2024:expenditure:approved:dcb90c6a752b0b3f,assigned,01,retained,款,somu,
2024,expenditure,132047:2024:expenditure:approved:dce032e726642ac6,assigned,10,retained,会計,fund-kaigo-hoken,
2024,expenditure,132047:2024:expenditure:approved:dce2b02890b78190,assigned,07,retained,項,eisei-hoken,
2024,expenditure,132047:2024:expenditure:approved:dcee0c81d8f7b592,assigned,10,retained,款,minsei,
2024,expenditure,132047:2024:expenditure:approved:dd0f001dbcf200a7,assigned,09,retained,項,kyoiku-somu,
2024,expenditure,132047:2024:expenditure:approved:dd1c159f0726ed03,assigned,10,retained,款,minsei,
2024,expenditure,132047:2024:expenditure:approved:dd2380a44775019f,assigned,01,retained,款,somu,
2024,expenditure,132047:2024:expenditure:approved:dd24f23230189a9c,assigned,01,retained,款,somu,
2024,expenditure,132047:2024:expenditure:approved:dd283c120596beca,assigned,04,retained,項,doboku-doro,
2024,expenditure,132047:2024:expenditure:approved:dd2f8d12918c5ea7,assigned,09,retained,目,shogaigakushu-other,
2024,expenditure,132047:2024:expenditure:approved:dd41f9f75bd39f5d,assigned,10,retained,款,minsei,
2024,expenditure,132047:2024:expenditure:approved:dd5d907e032ad371,assigned,10,retained,款,minsei,
2024,expenditure,132047:2024:expenditure:approved:dd7164f8bf648ce9,assigned,10,retained,款,minsei,
2024,expenditure,132047:2024:expenditure:approved:dd9cefa85c7ed08f,assigned,01,retained,款,somu,
2024,expenditure,132047:2024:expenditure:approved:dda4b9bc41ca1380,assigned,01,retained,款,somu,
2024,expenditure,132047:2024:expenditure:approved:ddaecba885306a86,assigned,01,retained,款,somu,
2024,expenditure,132047:2024:expenditure:approved:ddb653cc6bb39737,assigned,07,retained,項,eisei-hoken,
2024,expenditure,132047:2024:expenditure:approved:ddb686075d440c1c,assigned,01,retained,款,somu,
2024,expenditure,132047:2024:expenditure:approved:ddbb75c290a8118a,assigned,01,retained,款,somu,
2024,expenditure,132047:2024:expenditure:approved:ddbde89567190ff2,assigned,07,retained,項,eisei-hoken,
2024,expenditure,132047:2024:expenditure:approved:ddcb5b64c3cf2dca,assigned,05,retained,項,eisei-seiso,
2024,expenditure,132047:2024:expenditure:approved:ddd12e3e66788ed4,assigned,10,retained,款,minsei,
2024,expenditure,132047:2024:expenditure:approved:ddd93cc269db6fdb,assigned,01,retained,款,somu,
2024,expenditure,132047:2024:expenditure:approved:ddeab1d7d229d2ce,assigned,10,retained,款,minsei,
2024,expenditure,132047:2024:expenditure:approved:ddefff0a25bfac4a,assigned,10,retained,款,minsei,
2024,expenditure,132047:2024:expenditure:approved:ddfcbcd307b1cfcd,assigned,04,retained,項,doboku-kanri,
2024,expenditure,132047:2024:expenditure:approved:de04c5cc1138d3ba,assigned,10,retained,款,minsei,
2024,expenditure,132047:2024:expenditure:approved:de19362e1fcf1704,assigned,01,retained,款,somu,
2024,expenditure,132047:2024:expenditure:approved:de1bfe0c3ba35494,assigned,09,retained,項,kyoiku-somu,
2024,expenditure,132047:2024:expenditure:approved:de32c7d402dc9c35,assigned,04,retained,款,norin,
2024,expenditure,132047:2024:expenditure:approved:de5230b706ea9dfb,assigned,01,retained,款,somu,
2024,expenditure,132047:2024:expenditure:approved:de5710e73c92cf16,assigned,10,retained,款,minsei,
2024,expenditure,132047:2024:expenditure:approved:de6bc8a4d5dc0cee,assigned,09,retained,項,kyoiku-somu,
2024,expenditure,132047:2024:expenditure:approved:de73c5a57e5f40fc,assigned,01,retained,款,somu,
2024,expenditure,132047:2024:expenditure:approved:de7d0c5f962c6b39,assigned,01,retained,款,somu,
2024,expenditure,132047:2024:expenditure:approved:de7dbf5d0d851fc1,assigned,01,retained,款,somu,
2024,expenditure,132047:2024:expenditure:approved:de800a06c7c84cbc,assigned,03,retained,款,shobo,
2024,expenditure,132047:2024:expenditure:approved:de9d3db9c5e27edd,assigned,04,retained,項,doboku-kanri,
2024,expenditure,132047:2024:expenditure:approved:dea3e67d6870234e,assigned,08,retained,目,toshikeikaku-kouen,
2024,expenditure,132047:2024:expenditure:approved:deb226335d2fb788,assigned,10,retained,款,minsei,
2024,expenditure,132047:2024:expenditure:approved:deb5eecf7139157a,assigned,09,retained,項,kyoiku-somu,
2024,expenditure,132047:2024:expenditure:approved:deb9841e9bddb8e9,assigned,10,retained,款,minsei,
2024,expenditure,132047:2024:expenditure:approved:decc6aafd5e39e7f,assigned,01,retained,款,somu,
2024,expenditure,132047:2024:expenditure:approved:df0cf583e9c38858,assigned,10,retained,款,minsei,
2024,expenditure,132047:2024:expenditure:approved:df1033cd26136acf,assigned,01,retained,款,somu,
2024,expenditure,132047:2024:expenditure:approved:df13edd9bc92208b,assigned,10,retained,款,minsei,
2024,expenditure,132047:2024:expenditure:approved:df1c90b5ba5542d7,assigned,01,retained,款,somu,
2024,expenditure,132047:2024:expenditure:approved:df20b021268a3685,assigned,10,retained,会計,fund-kaigo-hoken,
2024,expenditure,132047:2024:expenditure:approved:df2977e064071753,assigned,10,retained,款,minsei,
2024,expenditure,132047:2024:expenditure:approved:df31311a61a0bc11,assigned,01,retained,款,somu,
2024,expenditure,132047:2024:expenditure:approved:df41c741365b5dba,assigned,07,retained,項,eisei-hoken,
2024,expenditure,132047:2024:expenditure:approved:df41fa22d2e5d777,assigned,07,retained,項,eisei-hoken,
2024,expenditure,132047:2024:expenditure:approved:df442be295a64cc7,assigned,09,retained,目,shogaigakushu-other,
2024,expenditure,132047:2024:expenditure:approved:df45ddd3deb1bc06,assigned,09,retained,項,kyoiku-somu,
2024,expenditure,132047:2024:expenditure:approved:df486651c9a698ba,assigned,09,retained,目,shogaigakushu-other,
2024,expenditure,132047:2024:expenditure:approved:df4874685c257cbd,assigned,07,retained,項,eisei-hoken,
2024,expenditure,132047:2024:expenditure:approved:df4c84ca70310d9f,assigned,06,retained,目,toshikeikaku-somu,
2024,expenditure,132047:2024:expenditure:approved:df60b3b780940a77,assigned,08,retained,目,toshikeikaku-kouen,
2024,expenditure,132047:2024:expenditure:approved:df65252b5f514188,assigned,10,retained,款,minsei,
2024,expenditure,132047:2024:expenditure:approved:df659ec4ff8d454a,assigned,04,retained,款,shoko,
2024,expenditure,132047:2024:expenditure:approved:df6e228a76b3dbb3,assigned,01,retained,款,somu,
2024,expenditure,132047:2024:expenditure:approved:df9645062bd0d790,assigned,04,retained,項,doboku-doro,
2024,expenditure,132047:2024:expenditure:approved:df9d1bdfca1194f4,assigned,04,retained,款,shoko,
2024,expenditure,132047:2024:expenditure:approved:dfbc2f91cf94f63f,assigned,10,retained,款,minsei,
2024,expenditure,132047:2024:expenditure:approved:dfd2f6eceb91c809,assigned,09,retained,目,shogaigakushu-other,
2024,expenditure,132047:2024:expenditure:approved:dfe9145f510a0d29,assigned,10,retained,款,minsei,
2024,expenditure,132047:2024:expenditure:approved:dfee236243bbc788,assigned,01,retained,款,somu,
2024,expenditure,132047:2024:expenditure:approved:dfefb62a42927d6e,assigned,07,retained,項,eisei-hoken,
2024,expenditure,132047:2024:expenditure:approved:dff94508cfc2b187,assigned,10,retained,会計,fund-kaigo-hoken,
2024,expenditure,132047:2024:expenditure:approved:dffa91df373657c0,assigned,04,retained,款,shoko,
2024,expenditure,132047:2024:expenditure:approved:e008d16c7813f945,assigned,10,retained,款,minsei,
2024,expenditure,132047:2024:expenditure:approved:e009c8c1d003c9d9,assigned,01,retained,款,somu,
2024,expenditure,132047:2024:expenditure:approved:e011a1a34307a900,assigned,10,retained,款,minsei,
2024,expenditure,132047:2024:expenditure:approved:e027e8976675dfac,assigned,10,retained,款,minsei,
2024,expenditure,132047:2024:expenditure:approved:e03a4116e2c44feb,assigned,10,retained,款,minsei,
2024,expenditure,132047:2024:expenditure:approved:e04dd1bbfd38ba97,assigned,09,retained,目,shogaigakushu-other,
2024,expenditure,132047:2024:expenditure:approved:e054341316f7e974,assigned,06,retained,項,doboku-jutaku,
2024,expenditure,132047:2024:expenditure:approved:e0637e1cdda954da,assigned,01,retained,款,somu,
2024,expenditure,132047:2024:expenditure:approved:e06786b5a98c3efb,assigned,09,retained,項,kyoiku-somu,
2024,expenditure,132047:2024:expenditure:approved:e06db10a5f26b0ed,assigned,09,retained,目,shogaigakushu-other,
2024,expenditure,132047:2024:expenditure:approved:e0760ac2af4b8cb6,assigned,03,retained,款,shobo,
2024,expenditure,132047:2024:expenditure:approved:e07edf326092333c,assigned,10,retained,款,minsei,
2024,expenditure,132047:2024:expenditure:approved:e07f5790aaf29424,assigned,01,retained,款,somu,
2024,expenditure,132047:2024:expenditure:approved:e09b3ad94a37fc8b,assigned,04,retained,項,doboku-doro,
2024,expenditure,132047:2024:expenditure:approved:e0b1a7420cc8bd48,assigned,07,retained,会計,fund-kouki,
2024,expenditure,132047:2024:expenditure:approved:e0b8c3fd227c0e15,assigned,01,retained,款,somu,
2024,expenditure,132047:2024:expenditure:approved:e0b974f840e2eb37,assigned,06,retained,目,toshikeikaku-somu,
2024,expenditure,132047:2024:expenditure:approved:e0bc9f633eac5bac,assigned,06,retained,目,toshikeikaku-somu,
2024,expenditure,132047:2024:expenditure:approved:e0cd4aabdda128e5,assigned,10,retained,会計,fund-kaigo-hoken,
2024,expenditure,132047:2024:expenditure:approved:e0d0a3266c6a975d,assigned,08,retained,目,shogaigakushu-toshokan,
2024,expenditure,132047:2024:expenditure:approved:e0d5d6b8b6c1ac6d,assigned,10,retained,款,minsei,
2024,expenditure,132047:2024:expenditure:approved:e0dab84d280332db,assigned,06,retained,目,toshikeikaku-somu,
2024,expenditure,132047:2024:expenditure:approved:e0e0c21a8de495e4,assigned,10,retained,款,minsei,
2024,expenditure,132047:2024:expenditure:approved:e0e24ecf8ada8025,assigned,09,retained,項,kyoiku-somu,
2024,expenditure,132047:2024:expenditure:approved:e0ea8c2c810bb697,assigned,04,retained,目,toshikeikaku-gairo,
2024,expenditure,132047:2024:expenditure:approved:e0f6afefa3e24cdb,assigned,08,retained,目,shogaigakushu-toshokan,
2024,expenditure,132047:2024:expenditure:approved:e0f99fc1e05a34ca,assigned,10,retained,款,minsei,
2024,expenditure,132047:2024:expenditure:approved:e11de3fefc5ad793,assigned,01,retained,款,somu,
2024,expenditure,132047:2024:expenditure:approved:e126c7131ace474c,assigned,04,retained,項,doboku-kanri,
2024,expenditure,132047:2024:expenditure:approved:e128353c41677447,assigned,06,retained,目,toshikeikaku-somu,
2024,expenditure,132047:2024:expenditure:approved:e12cc8d8d85a35e6,assigned,01,retained,款,somu,
2024,expenditure,132047:2024:expenditure:approved:e146da71b65cca85,assigned,04,retained,項,doboku-doro,
2024,expenditure,132047:2024:expenditure:approved:e14f401b9bd1ef5f,assigned,10,retained,款,minsei,
2024,expenditure,132047:2024:expenditure:approved:e152ae71f8cefd1b,assigned,05,retained,項,doboku-kasen,
2024,expenditure,132047:2024:expenditure:approved:e15dbdaf1792fbd9,assigned,09,retained,目,shogaigakushu-other,
2024,expenditure,132047:2024:expenditure:approved:e17667dede093e30,assigned,06,retained,目,toshikeikaku-somu,
2024,expenditure,132047:2024:expenditure:approved:e177902d419b53e4,assigned,07,retained,項,eisei-hoken,
2024,expenditure,132047:2024:expenditure:approved:e1892feb170627fb,assigned,09,retained,項,kyoiku-somu,
2024,expenditure,132047:2024:expenditure:approved:e1897a10eb302f7d,assigned,09,retained,項,kyoiku-somu,
2024,expenditure,132047:2024:expenditure:approved:e18c2a1fb16cb2a9,assigned,10,retained,款,minsei,
2024,expenditure,132047:2024:expenditure:approved:e1975d0727cca7e1,assigned,07,retained,項,eisei-hoken,
2024,expenditure,132047:2024:expenditure:approved:e19ea95780446edf,assigned,07,retained,項,eisei-hoken,
2024,expenditure,132047:2024:expenditure:approved:e19fb4a68bd57b9b,assigned,04,retained,項,doboku-doro,
2024,expenditure,132047:2024:expenditure:approved:e1a68358a559f402,assigned,10,retained,款,minsei,
2024,expenditure,132047:2024:expenditure:approved:e1a6d6dabcfcbffc,assigned,09,retained,目,shogaigakushu-other,
2024,expenditure,132047:2024:expenditure:approved:e1a858ed3940cf99,assigned,04,retained,項,doboku-doro,
2024,expenditure,132047:2024:expenditure:approved:e1af98b02c0afc93,assigned,08,retained,項,kyoiku-sports,
2024,expenditure,132047:2024:expenditure:approved:e1b52ac3227f48c7,assigned,05,retained,項,eisei-seiso,
2024,expenditure,132047:2024:expenditure:approved:e1bb2c329988af51,assigned,09,retained,項,kyoiku-somu,
2024,expenditure,132047:2024:expenditure:approved:e1c2a5fcd4fb2ea0,assigned,01,retained,款,somu,
2024,expenditure,132047:2024:expenditure:approved:e1fcded9bc4c2af1,assigned,10,retained,款,minsei,
2024,expenditure,132047:2024:expenditure:approved:e200959998d1fefe,assigned,01,retained,款,somu,
2024,expenditure,132047:2024:expenditure:approved:e208b37447742e32,assigned,01,retained,款,somu,
2024,expenditure,132047:2024:expenditure:approved:e21c2fb16b4e4354,assigned,10,retained,会計,fund-kaigo-hoken,
2024,expenditure,132047:2024:expenditure:approved:e21d777a9399e718,assigned,03,retained,款,shobo,
2024,expenditure,132047:2024:expenditure:approved:e2202ea972ad66d0,assigned,01,retained,款,somu,
2024,expenditure,132047:2024:expenditure:approved:e222085bfab65aee,assigned,01,retained,款,somu,
2024,expenditure,132047:2024:expenditure:approved:e23882545aea245e,assigned,01,retained,款,somu,
2024,expenditure,132047:2024:expenditure:approved:e23ee102ad92424a,assigned,07,retained,項,eisei-hoken,
2024,expenditure,132047:2024:expenditure:approved:e2529eb2a0f7d8eb,assigned,10,retained,款,minsei,
2024,expenditure,132047:2024:expenditure:approved:e2545c78735df890,assigned,01,retained,款,somu,
2024,expenditure,132047:2024:expenditure:approved:e2558b429d70a9d5,assigned,09,retained,項,kyoiku-somu,
2024,expenditure,132047:2024:expenditure:approved:e26478fb05959e99,assigned,01,retained,款,somu,
2024,expenditure,132047:2024:expenditure:approved:e2650753d261e247,assigned,01,retained,款,somu,
2024,expenditure,132047:2024:expenditure:approved:e26a89585f7a4d57,assigned,10,retained,款,minsei,
2024,expenditure,132047:2024:expenditure:approved:e273427b0df46a99,assigned,01,retained,款,somu,
2024,expenditure,132047:2024:expenditure:approved:e27393f4e72bede6,assigned,01,retained,目,debt-interest,
2024,expenditure,132047:2024:expenditure:approved:e278c8783429e93f,assigned,10,retained,款,minsei,
2024,expenditure,132047:2024:expenditure:approved:e27fbae9c42d1d99,assigned,10,retained,款,minsei,
2024,expenditure,132047:2024:expenditure:approved:e288a61bca4d36c4,assigned,10,retained,款,minsei,
2024,expenditure,132047:2024:expenditure:approved:e289d155704c4e1c,assigned,01,retained,款,somu,
2024,expenditure,132047:2024:expenditure:approved:e29a4c8378277d87,assigned,01,retained,款,somu,
2024,expenditure,132047:2024:expenditure:approved:e2be7f99bec96a46,assigned,10,retained,款,minsei,
2024,expenditure,132047:2024:expenditure:approved:e2c5eb2d431cf779,assigned,04,retained,款,shoko,
2024,expenditure,132047:2024:expenditure:approved:e2d2d63709411ff1,assigned,04,retained,項,doboku-doro,
2024,expenditure,132047:2024:expenditure:approved:e2eafd1cef8a7ef5,assigned,04,retained,項,doboku-doro,
2024,expenditure,132047:2024:expenditure:approved:e2f99e4488de047e,assigned,01,retained,款,somu,
2024,expenditure,132047:2024:expenditure:approved:e2fab1b9b56e8748,assigned,10,retained,款,minsei,
2024,expenditure,132047:2024:expenditure:approved:e2fe100756fa10f7,assigned,08,retained,目,shogaigakushu-toshokan,
2024,expenditure,132047:2024:expenditure:approved:e30d1bf58672d95b,assigned,10,retained,款,minsei,
2024,expenditure,132047:2024:expenditure:approved:e33ad9de6e84b1ff,assigned,04,retained,項,doboku-kanri,
2024,expenditure,132047:2024:expenditure:approved:e33e201306547cce,assigned,04,retained,款,shoko,
2024,expenditure,132047:2024:expenditure:approved:e358d4f4fe86c337,assigned,01,retained,款,gikai,
2024,expenditure,132047:2024:expenditure:approved:e35ce3e1cf4321a6,assigned,09,retained,項,kyoiku-somu,
2024,expenditure,132047:2024:expenditure:approved:e361119bbc4f4a68,assigned,01,retained,款,somu,
2024,expenditure,132047:2024:expenditure:approved:e36611b2128ff3b7,assigned,10,retained,款,minsei,
2024,expenditure,132047:2024:expenditure:approved:e3758e06fed260df,assigned,09,retained,目,shogaigakushu-other,
2024,expenditure,132047:2024:expenditure:approved:e38b56263dbcf033,assigned,08,retained,目,toshikeikaku-kouen,
2024,expenditure,132047:2024:expenditure:approved:e3a681b81a90b717,assigned,10,retained,款,minsei,
2024,expenditure,132047:2024:expenditure:approved:e3ae4a784eb83299,assigned,09,retained,項,kyoiku-somu,
2024,expenditure,132047:2024:expenditure:approved:e3af38adfc2bc1ca,assigned,05,retained,項,doboku-kasen,
2024,expenditure,132047:2024:expenditure:approved:e3b29640b972d069,assigned,09,retained,項,kyoiku-somu,
2024,expenditure,132047:2024:expenditure:approved:e3b9588d473badf2,assigned,10,retained,款,minsei,
2024,expenditure,132047:2024:expenditure:approved:e3c51dbbba6e7b77,assigned,10,retained,款,minsei,
2024,expenditure,132047:2024:expenditure:approved:e3c8a3131bf90daf,assigned,01,retained,款,somu,
2024,expenditure,132047:2024:expenditure:approved:e3cc09a84b71cb0b,assigned,10,retained,款,minsei,
2024,expenditure,132047:2024:expenditure:approved:e3f17b4bc16bc7a1,assigned,01,retained,款,somu,
2024,expenditure,132047:2024:expenditure:approved:e3f25da2b8330a08,assigned,10,retained,款,minsei,
2024,expenditure,132047:2024:expenditure:approved:e413cf97851c747d,assigned,10,retained,款,minsei,
2024,expenditure,132047:2024:expenditure:approved:e41897f49bb61c9f,assigned,01,retained,款,somu,
2024,expenditure,132047:2024:expenditure:approved:e430d95255414e0b,assigned,10,retained,款,minsei,
2024,expenditure,132047:2024:expenditure:approved:e43b19c779f2662a,assigned,06,retained,項,doboku-jutaku,
2024,expenditure,132047:2024:expenditure:approved:e43bb333bb219e73,assigned,01,retained,款,somu,
2024,expenditure,132047:2024:expenditure:approved:e4407d82e9644f11,assigned,01,retained,款,somu,
2024,expenditure,132047:2024:expenditure:approved:e4452bc28675bfe2,assigned,04,retained,款,rodo,
2024,expenditure,132047:2024:expenditure:approved:e4463858bf73d859,assigned,09,retained,項,kyoiku-somu,
2024,expenditure,132047:2024:expenditure:approved:e475503ea2a4b613,assigned,01,retained,款,somu,
2024,expenditure,132047:2024:expenditure:approved:e478189b6910d6a6,assigned,10,retained,款,minsei,
2024,expenditure,132047:2024:expenditure:approved:e47abaeab32afcd3,assigned,08,retained,項,kyoiku-sports,
2024,expenditure,132047:2024:expenditure:approved:e48eebfbea74440e,assigned,01,retained,款,somu,
2024,expenditure,132047:2024:expenditure:approved:e4904bd6b101ee5d,assigned,10,retained,款,minsei,
2024,expenditure,132047:2024:expenditure:approved:e495b36fb25daebd,assigned,01,retained,款,somu,
2024,expenditure,132047:2024:expenditure:approved:e49c871184d21911,assigned,03,retained,款,shobo,
2024,expenditure,132047:2024:expenditure:approved:e4c4e160bc8e13aa,assigned,04,retained,項,doboku-doro,
2024,expenditure,132047:2024:expenditure:approved:e4c6bdf7089c4cc7,assigned,01,retained,款,somu,
2024,expenditure,132047:2024:expenditure:approved:e4c7725a4918e002,assigned,09,retained,項,kyoiku-somu,
2024,expenditure,132047:2024:expenditure:approved:e4cb46ab98389f59,assigned,04,retained,項,doboku-doro,
2024,expenditure,132047:2024:expenditure:approved:e4cf58c9a1389271,assigned,07,retained,項,eisei-hoken,
2024,expenditure,132047:2024:expenditure:approved:e4d04e31e64bff13,assigned,04,retained,款,shoko,
2024,expenditure,132047:2024:expenditure:approved:e4deae3a5c670422,assigned,04,retained,款,shoko,
2024,expenditure,132047:2024:expenditure:approved:e4e3a3304e22638b,assigned,01,retained,款,somu,
2024,expenditure,132047:2024:expenditure:approved:e4e72f8f2d9f5319,assigned,10,retained,款,minsei,
2024,expenditure,132047:2024:expenditure:approved:e4f06ac5a1b4894b,assigned,10,retained,款,minsei,
2024,expenditure,132047:2024:expenditure:approved:e4ff628e28a2ea51,assigned,01,retained,款,somu,
2024,expenditure,132047:2024:expenditure:approved:e51b47cdc87f6576,assigned,10,retained,款,minsei,
2024,expenditure,132047:2024:expenditure:approved:e527b7b6784afb4b,assigned,05,retained,項,eisei-seiso,
2024,expenditure,132047:2024:expenditure:approved:e52910282d86bb60,assigned,10,retained,款,minsei,
2024,expenditure,132047:2024:expenditure:approved:e54a1f94dae7ac8b,assigned,01,retained,款,somu,
2024,expenditure,132047:2024:expenditure:approved:e55007d9f0bc1e3f,assigned,10,retained,款,minsei,
2024,expenditure,132047:2024:expenditure:approved:e5639066547481fe,assigned,01,retained,款,somu,
2024,expenditure,132047:2024:expenditure:approved:e569e4b080cc204f,assigned,10,retained,款,minsei,
2024,expenditure,132047:2024:expenditure:approved:e5911158fae18f2f,assigned,09,retained,項,kyoiku-somu,
2024,expenditure,132047:2024:expenditure:approved:e59396c384595cba,assigned,06,retained,目,toshikeikaku-somu,
2024,expenditure,132047:2024:expenditure:approved:e5a2a20057576d1f,assigned,01,retained,款,somu,
2024,expenditure,132047:2024:expenditure:approved:e5b401843a684adc,assigned,09,retained,項,kyoiku-somu,
2024,expenditure,132047:2024:expenditure:approved:e5bf09996fe13401,assigned,01,retained,款,somu,
2024,expenditure,132047:2024:expenditure:approved:e5c23a546c56028f,assigned,08,retained,項,kyoiku-sports,
2024,expenditure,132047:2024:expenditure:approved:e5c6e72ff310a1d1,assigned,05,retained,項,eisei-seiso,
2024,expenditure,132047:2024:expenditure:approved:e5e7f52a90a05345,assigned,01,retained,款,somu,
2024,expenditure,132047:2024:expenditure:approved:e5ff212be9155c87,assigned,08,retained,目,shogaigakushu-toshokan,
2024,expenditure,132047:2024:expenditure:approved:e60046506ede6e0b,assigned,01,retained,款,somu,
2024,expenditure,132047:2024:expenditure:approved:e60408b1c0f59c5e,assigned,04,retained,款,norin,
2024,expenditure,132047:2024:expenditure:approved:e60b097b180e9989,assigned,10,retained,款,minsei,
2024,expenditure,132047:2024:expenditure:approved:e61f227db9aecf1a,assigned,08,retained,項,kyoiku-sports,
2024,expenditure,132047:2024:expenditure:approved:e62a6e851918844b,assigned,03,retained,款,shobo,
2024,expenditure,132047:2024:expenditure:approved:e6342828a5882826,assigned,07,retained,会計,fund-kouki,
2024,expenditure,132047:2024:expenditure:approved:e63ec98ef036a9bd,assigned,10,retained,款,minsei,
2024,expenditure,132047:2024:expenditure:approved:e652807f30f30081,assigned,04,retained,項,doboku-doro,
2024,expenditure,132047:2024:expenditure:approved:e66b15ea8ef2b8f6,assigned,01,retained,款,somu,
2024,expenditure,132047:2024:expenditure:approved:e6713e000ad6faa6,assigned,09,retained,項,kyoiku-somu,
2024,expenditure,132047:2024:expenditure:approved:e672da681abc27bd,assigned,07,retained,項,eisei-hoken,
2024,expenditure,132047:2024:expenditure:approved:e6747ddfa3ef7cbd,assigned,09,retained,項,kyoiku-somu,
2024,expenditure,132047:2024:expenditure:approved:e680f2a840625afc,assigned,01,retained,款,somu,
2024,expenditure,132047:2024:expenditure:approved:e6851469dc00360e,assigned,10,retained,款,minsei,
2024,expenditure,132047:2024:expenditure:approved:e698fedcb295a2ef,assigned,01,retained,款,somu,
2024,expenditure,132047:2024:expenditure:approved:e6a641f6d4b887ff,assigned,09,retained,項,kyoiku-somu,
2024,expenditure,132047:2024:expenditure:approved:e6a9a7a3bdf12f31,assigned,09,retained,目,shogaigakushu-other,
2024,expenditure,132047:2024:expenditure:approved:e6ab03c83b1739b7,assigned,09,retained,項,kyoiku-somu,
2024,expenditure,132047:2024:expenditure:approved:e6b1eb4111a69176,assigned,09,retained,項,kyoiku-somu,
2024,expenditure,132047:2024:expenditure:approved:e6ce0ac766a29828,assigned,10,retained,款,minsei,
2024,expenditure,132047:2024:expenditure:approved:e6dcc68f0a99566f,assigned,04,retained,款,shoko,
2024,expenditure,132047:2024:expenditure:approved:e6ea31dab8eedb1f,assigned,10,retained,款,minsei,
2024,expenditure,132047:2024:expenditure:approved:e6ea86388334b263,assigned,01,retained,款,somu,
2024,expenditure,132047:2024:expenditure:approved:e7068af4ad018f97,assigned,01,retained,款,somu,
2024,expenditure,132047:2024:expenditure:approved:e7188e003d8b9438,assigned,10,retained,款,minsei,
2024,expenditure,132047:2024:expenditure:approved:e71ad9737360f9a9,assigned,03,retained,款,shobo,
2024,expenditure,132047:2024:expenditure:approved:e73857a21d15b38b,assigned,01,retained,款,somu,
2024,expenditure,132047:2024:expenditure:approved:e74634bd9e166e6b,assigned,07,retained,項,eisei-hoken,
2024,expenditure,132047:2024:expenditure:approved:e74e2244d3b76893,assigned,10,retained,款,minsei,
2024,expenditure,132047:2024:expenditure:approved:e7608703c993c25b,assigned,01,retained,款,somu,
2024,expenditure,132047:2024:expenditure:approved:e7717543d9263868,assigned,04,retained,款,shoko,
2024,expenditure,132047:2024:expenditure:approved:e798cb5d9ad7afee,assigned,09,retained,項,kyoiku-somu,
2024,expenditure,132047:2024:expenditure:approved:e7a1a6b5bc64e369,assigned,07,retained,項,eisei-hoken,
2024,expenditure,132047:2024:expenditure:approved:e7bba7a3587f30cd,assigned,01,retained,款,somu,
2024,expenditure,132047:2024:expenditure:approved:e7c11326f25ab703,assigned,07,eliminated,目,transfer-kouki,後期高齢者医療特別会計
2024,expenditure,132047:2024:expenditure:approved:e7c96bbea5f05cfb,assigned,10,retained,款,minsei,
2024,expenditure,132047:2024:expenditure:approved:e7cf72ebe8533e3c,assigned,10,retained,款,minsei,
2024,expenditure,132047:2024:expenditure:approved:e7d090341fe91fb9,assigned,07,retained,項,eisei-hoken,
2024,expenditure,132047:2024:expenditure:approved:e7d3934d8b039521,assigned,01,retained,款,somu,
2024,expenditure,132047:2024:expenditure:approved:e7d65ac6e6576042,assigned,01,retained,款,somu,
2024,expenditure,132047:2024:expenditure:approved:e7e6009e316157c7,assigned,09,retained,目,shogaigakushu-other,
2024,expenditure,132047:2024:expenditure:approved:e7eeb3d99861fc99,assigned,01,retained,款,somu,
2024,expenditure,132047:2024:expenditure:approved:e7f1fd9ec084db09,assigned,04,retained,項,doboku-doro,
2024,expenditure,132047:2024:expenditure:approved:e7fd13211f68eb9c,assigned,09,retained,目,shogaigakushu-other,
2024,expenditure,132047:2024:expenditure:approved:e7fda4cda2cc7ad1,assigned,10,retained,款,minsei,
2024,expenditure,132047:2024:expenditure:approved:e81bbfe40034cf30,assigned,10,retained,款,minsei,
2024,expenditure,132047:2024:expenditure:approved:e81eaa4d147678a9,assigned,01,retained,款,somu,
2024,expenditure,132047:2024:expenditure:approved:e81fcc178fcb4747,assigned,10,retained,款,minsei,
2024,expenditure,132047:2024:expenditure:approved:e8279645d15a0936,assigned,01,retained,款,somu,
2024,expenditure,132047:2024:expenditure:approved:e838bc973619f1f5,assigned,01,retained,款,somu,
2024,expenditure,132047:2024:expenditure:approved:e84ce3bee87db1a8,assigned,10,retained,款,minsei,
2024,expenditure,132047:2024:expenditure:approved:e85096143600181c,assigned,09,retained,目,shogaigakushu-other,
2024,expenditure,132047:2024:expenditure:approved:e863b5344ff30a51,assigned,01,retained,款,somu,
2024,expenditure,132047:2024:expenditure:approved:e866bec3c3136bdf,assigned,01,retained,款,somu,
2024,expenditure,132047:2024:expenditure:approved:e86ecaf34007f6b0,assigned,04,retained,項,doboku-doro,
2024,expenditure,132047:2024:expenditure:approved:e86fa7b8c8d1b6bd,assigned,08,retained,目,toshikeikaku-kouen,
2024,expenditure,132047:2024:expenditure:approved:e87165d5f4452181,assigned,03,retained,款,shobo,
2024,expenditure,132047:2024:expenditure:approved:e887b14d826dcd69,assigned,09,retained,項,kyoiku-somu,
2024,expenditure,132047:2024:expenditure:approved:e8b34f11385a5337,assigned,07,retained,項,eisei-hoken,
2024,expenditure,132047:2024:expenditure:approved:e8b647a7aad67abc,assigned,07,retained,会計,fund-kokuho,
2024,expenditure,132047:2024:expenditure:approved:e8d074c74cea1361,assigned,01,retained,款,somu,
2024,expenditure,132047:2024:expenditure:approved:e8e69f6bfca5b1d9,assigned,01,retained,款,somu,
2024,expenditure,132047:2024:expenditure:approved:e8e8921996ac5559,assigned,08,retained,項,kyoiku-sports,
2024,expenditure,132047:2024:expenditure:approved:e8f0d6c89787a99b,assigned,09,retained,項,kyoiku-somu,
2024,expenditure,132047:2024:expenditure:approved:e8f2caa7996578b5,assigned,09,retained,項,kyoiku-somu,
2024,expenditure,132047:2024:expenditure:approved:e9046f240d88b954,assigned,08,retained,項,kyoiku-sports,
2024,expenditure,132047:2024:expenditure:approved:e94ec93df0471540,assigned,10,retained,款,minsei,
2024,expenditure,132047:2024:expenditure:approved:e96eb99cf7ec856f,assigned,09,retained,項,kyoiku-somu,
2024,expenditure,132047:2024:expenditure:approved:e980d1b27afcc9ea,assigned,09,retained,項,kyoiku-somu,
2024,expenditure,132047:2024:expenditure:approved:e99c0a34ed0ef6a2,assigned,01,retained,款,somu,
2024,expenditure,132047:2024:expenditure:approved:e9b3b0bd310d0ac0,assigned,04,retained,項,doboku-kanri,
2024,expenditure,132047:2024:expenditure:approved:e9d3754cc36ebf5a,assigned,01,retained,款,somu,
2024,expenditure,132047:2024:expenditure:approved:e9f2211e19294feb,assigned,10,retained,款,minsei,
2024,expenditure,132047:2024:expenditure:approved:e9f38eb8d1a1b084,assigned,01,retained,款,somu,
2024,expenditure,132047:2024:expenditure:approved:ea024c88c889f408,assigned,06,retained,目,toshikeikaku-somu,
2024,expenditure,132047:2024:expenditure:approved:ea044c93389cfc39,assigned,04,retained,款,shoko,
2024,expenditure,132047:2024:expenditure:approved:ea05806b296fa57c,assigned,08,retained,目,toshikeikaku-kouen,
2024,expenditure,132047:2024:expenditure:approved:ea0b3292e0fe5b74,assigned,09,retained,項,kyoiku-somu,
2024,expenditure,132047:2024:expenditure:approved:ea0d692d9979a386,out-of-scope,"",retained,節,fund-accumulation,
2024,expenditure,132047:2024:expenditure:approved:ea106d7d83962bde,assigned,04,retained,項,doboku-doro,
2024,expenditure,132047:2024:expenditure:approved:ea153dc1c387aba7,assigned,10,retained,款,minsei,
2024,expenditure,132047:2024:expenditure:approved:ea36670caf4b3a09,assigned,04,retained,款,shoko,
2024,expenditure,132047:2024:expenditure:approved:ea55fa6a29a8e36c,assigned,01,retained,款,somu,
2024,expenditure,132047:2024:expenditure:approved:ea593c853f7fc938,assigned,01,retained,款,somu,
2024,expenditure,132047:2024:expenditure:approved:ea678266c9a56cf2,assigned,07,retained,項,eisei-hoken,
2024,expenditure,132047:2024:expenditure:approved:ea69f4a9124418ac,assigned,07,retained,項,eisei-hoken,
2024,expenditure,132047:2024:expenditure:approved:ea712b234914a827,assigned,10,retained,款,minsei,
2024,expenditure,132047:2024:expenditure:approved:ea76cb4d8fe29eb1,assigned,09,retained,項,kyoiku-somu,
2024,expenditure,132047:2024:expenditure:approved:ea7a5d1a1dc87adc,assigned,03,retained,款,shobo,
2024,expenditure,132047:2024:expenditure:approved:eaa548fd158d98dc,assigned,03,retained,款,shobo,
2024,expenditure,132047:2024:expenditure:approved:eaab4d8ab1f9d7c0,assigned,04,retained,目,toshikeikaku-gairo,
2024,expenditure,132047:2024:expenditure:approved:eab17cf6ef436000,assigned,05,retained,項,eisei-seiso,
2024,expenditure,132047:2024:expenditure:approved:eac813ae941c73eb,assigned,04,retained,款,shoko,
2024,expenditure,132047:2024:expenditure:approved:eadec6a5df85df64,assigned,10,retained,款,minsei,
2024,expenditure,132047:2024:expenditure:approved:eae47f13fad90db2,assigned,06,retained,目,toshikeikaku-somu,
2024,expenditure,132047:2024:expenditure:approved:eaf027c8fe511110,assigned,10,retained,款,minsei,
2024,expenditure,132047:2024:expenditure:approved:eb030a951b25545f,assigned,10,retained,款,minsei,
2024,expenditure,132047:2024:expenditure:approved:eb04d625a6fcaf38,assigned,07,retained,項,eisei-hoken,
2024,expenditure,132047:2024:expenditure:approved:eb16a8684cac023f,assigned,09,retained,項,kyoiku-somu,
2024,expenditure,132047:2024:expenditure:approved:eb1a188d50d5857f,assigned,10,retained,款,minsei,
2024,expenditure,132047:2024:expenditure:approved:eb293454dceacf6a,assigned,09,retained,目,shogaigakushu-other,
2024,expenditure,132047:2024:expenditure:approved:eb310620e843358c,assigned,09,retained,項,kyoiku-somu,
2024,expenditure,132047:2024:expenditure:approved:eb3d3e0352d524ca,assigned,10,retained,款,minsei,
2024,expenditure,132047:2024:expenditure:approved:eb4be173f93803bd,assigned,01,retained,款,somu,
2024,expenditure,132047:2024:expenditure:approved:eb4bea0ae1cdb6ba,assigned,08,retained,目,toshikeikaku-kouen,
2024,expenditure,132047:2024:expenditure:approved:eb58369937f6c13b,assigned,05,retained,項,doboku-kasen,
2024,expenditure,132047:2024:expenditure:approved:eb5ec75ada9dd5f5,assigned,05,retained,項,eisei-seiso,
2024,expenditure,132047:2024:expenditure:approved:eb95315180f06257,assigned,01,retained,款,somu,
2024,expenditure,132047:2024:expenditure:approved:eb986af6d9751db1,assigned,10,retained,款,minsei,
2024,expenditure,132047:2024:expenditure:approved:eb9a381137687a02,assigned,10,retained,款,minsei,
2024,expenditure,132047:2024:expenditure:approved:ebad78387e1fdc1f,assigned,09,retained,項,kyoiku-somu,
2024,expenditure,132047:2024:expenditure:approved:ebb7b0797a0fa914,assigned,08,retained,項,kyoiku-sports,
2024,expenditure,132047:2024:expenditure:approved:ebb85b11bda08113,assigned,09,retained,項,kyoiku-somu,
2024,expenditure,132047:2024:expenditure:approved:ebbf36f2b2adf698,assigned,07,retained,会計,fund-kokuho,
2024,expenditure,132047:2024:expenditure:approved:ebc9871337535ffc,assigned,09,retained,目,shogaigakushu-other,
2024,expenditure,132047:2024:expenditure:approved:ebd1ccee171b6036,assigned,10,retained,款,minsei,
2024,expenditure,132047:2024:expenditure:approved:ebd632d7ff5bc78e,assigned,09,retained,項,kyoiku-somu,
2024,expenditure,132047:2024:expenditure:approved:ebd901791eef06df,assigned,10,retained,款,minsei,
2024,expenditure,132047:2024:expenditure:approved:ebf9ad0b37cb9585,assigned,10,retained,款,minsei,
2024,expenditure,132047:2024:expenditure:approved:ebfadadfdd346277,assigned,09,retained,項,kyoiku-somu,
2024,expenditure,132047:2024:expenditure:approved:ebfe9f1be1dcb843,assigned,10,retained,款,minsei,
2024,expenditure,132047:2024:expenditure:approved:ec1f731dfb31b7f5,assigned,09,retained,項,kyoiku-somu,
2024,expenditure,132047:2024:expenditure:approved:ec29d8c376659b18,assigned,04,retained,款,shoko,
2024,expenditure,132047:2024:expenditure:approved:ec2e788e29b4fe5f,assigned,10,retained,款,minsei,
2024,expenditure,132047:2024:expenditure:approved:ec3a971ac97220dc,assigned,03,retained,款,shobo,
2024,expenditure,132047:2024:expenditure:approved:ec4a660180abdde6,assigned,04,retained,項,doboku-kanri,
2024,expenditure,132047:2024:expenditure:approved:ec5b1f0f226af873,assigned,07,retained,会計,fund-kokuho,
2024,expenditure,132047:2024:expenditure:approved:ec6cf9b61735673a,assigned,07,retained,項,eisei-hoken,
2024,expenditure,132047:2024:expenditure:approved:ec6e2eb45b659b24,assigned,04,retained,款,shoko,
2024,expenditure,132047:2024:expenditure:approved:ec7346319fb0799c,assigned,09,retained,目,shogaigakushu-other,
2024,expenditure,132047:2024:expenditure:approved:ec74a1c7e096242f,assigned,07,retained,会計,fund-kokuho,
2024,expenditure,132047:2024:expenditure:approved:ec79834f249dda96,assigned,10,retained,款,minsei,
2024,expenditure,132047:2024:expenditure:approved:ec8f06aea2d502ba,assigned,01,retained,款,somu,
2024,expenditure,132047:2024:expenditure:approved:ec9dbd9ff85dfd54,assigned,01,retained,款,somu,
2024,expenditure,132047:2024:expenditure:approved:ecf23fc75e07d8a1,assigned,10,retained,款,minsei,
2024,expenditure,132047:2024:expenditure:approved:ecfe4213c0bcb215,assigned,10,retained,款,minsei,
2024,expenditure,132047:2024:expenditure:approved:ed08f8b973e6dc39,assigned,01,retained,款,somu,
2024,expenditure,132047:2024:expenditure:approved:ed15dd6ca92180ea,assigned,07,retained,項,eisei-hoken,
2024,expenditure,132047:2024:expenditure:approved:ed16987a8768c42e,assigned,01,retained,款,gikai,
2024,expenditure,132047:2024:expenditure:approved:ed1816f4699c3599,assigned,07,retained,項,eisei-hoken,
2024,expenditure,132047:2024:expenditure:approved:ed436ca8ffb0ad33,assigned,10,retained,款,minsei,
2024,expenditure,132047:2024:expenditure:approved:ed52357c1fbe3bf7,assigned,09,retained,項,kyoiku-somu,
2024,expenditure,132047:2024:expenditure:approved:ed584e0444312914,assigned,10,retained,款,minsei,
2024,expenditure,132047:2024:expenditure:approved:ed5fd17fb9cd7684,assigned,10,retained,款,minsei,
2024,expenditure,132047:2024:expenditure:approved:ed662e3173b6cf80,assigned,08,retained,目,toshikeikaku-kouen,
2024,expenditure,132047:2024:expenditure:approved:ed742e95ce000eaa,assigned,10,retained,款,minsei,
2024,expenditure,132047:2024:expenditure:approved:edb2aa77e76e6afd,assigned,08,retained,目,shogaigakushu-toshokan,
2024,expenditure,132047:2024:expenditure:approved:edb72234aec4e793,assigned,04,retained,款,norin,
2024,expenditure,132047:2024:expenditure:approved:edbaf443b798a22d,assigned,06,retained,目,toshikeikaku-somu,
2024,expenditure,132047:2024:expenditure:approved:edc9e16086480a4f,assigned,06,retained,目,toshikeikaku-somu,
2024,expenditure,132047:2024:expenditure:approved:edeaa03c8c91a798,assigned,08,retained,目,shogaigakushu-toshokan,
2024,expenditure,132047:2024:expenditure:approved:ee00a9c339c9c1ee,assigned,10,retained,款,minsei,
2024,expenditure,132047:2024:expenditure:approved:ee0822ad44c5c5c0,assigned,01,retained,款,somu,
2024,expenditure,132047:2024:expenditure:approved:ee0c4dda2dc76479,assigned,01,retained,款,somu,
2024,expenditure,132047:2024:expenditure:approved:ee157cb8a111c3e6,assigned,01,retained,款,somu,
2024,expenditure,132047:2024:expenditure:approved:ee2cf80e3d8e7f16,assigned,04,retained,款,norin,
2024,expenditure,132047:2024:expenditure:approved:ee34bb8131bc6b1a,assigned,07,retained,項,eisei-hoken,
2024,expenditure,132047:2024:expenditure:approved:ee54887f911bdc73,assigned,10,retained,款,minsei,
2024,expenditure,132047:2024:expenditure:approved:ee55f45619176629,assigned,10,retained,款,minsei,
2024,expenditure,132047:2024:expenditure:approved:ee7059dc57490175,assigned,01,retained,款,somu,
2024,expenditure,132047:2024:expenditure:approved:ee71433420b70fe1,assigned,05,retained,項,eisei-seiso,
2024,expenditure,132047:2024:expenditure:approved:ee7e3e87aace0d6b,assigned,04,retained,項,doboku-doro,
2024,expenditure,132047:2024:expenditure:approved:ee81fa46b8989ab3,assigned,01,retained,款,gikai,
2024,expenditure,132047:2024:expenditure:approved:ee8353ee4cb3ee36,assigned,01,retained,款,somu,
2024,expenditure,132047:2024:expenditure:approved:ee8b5850a54ff322,assigned,10,retained,会計,fund-kaigo-hoken,
2024,expenditure,132047:2024:expenditure:approved:ee9b375e9ec28b16,assigned,07,retained,項,eisei-hoken,
2024,expenditure,132047:2024:expenditure:approved:ee9db8f533d470dd,assigned,08,retained,目,shogaigakushu-toshokan,
2024,expenditure,132047:2024:expenditure:approved:eea35c381007f336,assigned,01,retained,款,somu,
2024,expenditure,132047:2024:expenditure:approved:eea59fb3b41b7835,assigned,07,retained,項,eisei-hoken,
2024,expenditure,132047:2024:expenditure:approved:eeabb2228709f629,assigned,09,retained,項,kyoiku-somu,
2024,expenditure,132047:2024:expenditure:approved:eeb50cedd7c1fd6b,assigned,10,retained,款,minsei,
2024,expenditure,132047:2024:expenditure:approved:eeca8cfdd13f72f3,assigned,04,retained,款,shoko,
2024,expenditure,132047:2024:expenditure:approved:eee4fbd7e74ee5df,assigned,10,retained,款,minsei,
2024,expenditure,132047:2024:expenditure:approved:eef070d2438a320e,assigned,07,retained,項,eisei-hoken,
2024,expenditure,132047:2024:expenditure:approved:eef4e61d3f985272,assigned,08,retained,目,shogaigakushu-toshokan,
2024,expenditure,132047:2024:expenditure:approved:eeff1c0ddca8d43e,assigned,04,retained,項,doboku-doro,
2024,expenditure,132047:2024:expenditure:approved:ef0e88234f88301d,assigned,08,retained,目,shogaigakushu-toshokan,
2024,expenditure,132047:2024:expenditure:approved:ef18979618b2444f,assigned,01,retained,款,somu,
2024,expenditure,132047:2024:expenditure:approved:ef506b48ccd874d9,assigned,04,retained,項,doboku-kanri,
2024,expenditure,132047:2024:expenditure:approved:ef579af8e3a7daa8,assigned,01,retained,款,somu,
2024,expenditure,132047:2024:expenditure:approved:ef5f001212b7095f,assigned,05,retained,項,doboku-kasen,
2024,expenditure,132047:2024:expenditure:approved:ef78e918cc136c90,assigned,01,retained,款,somu,
2024,expenditure,132047:2024:expenditure:approved:ef88cf0475b42d54,assigned,08,retained,目,shogaigakushu-toshokan,
2024,expenditure,132047:2024:expenditure:approved:ef8e1b416c75f438,assigned,09,retained,項,kyoiku-somu,
2024,expenditure,132047:2024:expenditure:approved:ef99a9cd7c17d824,assigned,10,retained,款,minsei,
2024,expenditure,132047:2024:expenditure:approved:efa37c657bb92a1f,assigned,01,retained,款,somu,
2024,expenditure,132047:2024:expenditure:approved:efdc6231dce5020e,assigned,07,retained,項,eisei-hoken,
2024,expenditure,132047:2024:expenditure:approved:efe431e22aad72b2,assigned,07,retained,項,eisei-hoken,
2024,expenditure,132047:2024:expenditure:approved:efed55b8b66f1631,assigned,10,retained,款,minsei,
2024,expenditure,132047:2024:expenditure:approved:efedc776aa9697df,assigned,01,retained,款,somu,
2024,expenditure,132047:2024:expenditure:approved:eff45ccef908ce68,assigned,06,retained,目,toshikeikaku-somu,
2024,expenditure,132047:2024:expenditure:approved:f0062e271492cccd,assigned,10,retained,款,minsei,
2024,expenditure,132047:2024:expenditure:approved:f0169eb8c427d232,assigned,01,retained,款,somu,
2024,expenditure,132047:2024:expenditure:approved:f03203254cc54753,assigned,07,retained,項,eisei-hoken,
2024,expenditure,132047:2024:expenditure:approved:f0324c8bd62fff8c,assigned,04,retained,款,shoko,
2024,expenditure,132047:2024:expenditure:approved:f03335ce61acaa6f,assigned,10,retained,款,minsei,
2024,expenditure,132047:2024:expenditure:approved:f038e962ac50f452,assigned,04,retained,項,doboku-kanri,
2024,expenditure,132047:2024:expenditure:approved:f03da13b5f1204bd,assigned,08,retained,項,kyoiku-sports,
2024,expenditure,132047:2024:expenditure:approved:f043ef491e0154ad,assigned,09,retained,目,shogaigakushu-other,
2024,expenditure,132047:2024:expenditure:approved:f04642b31ae3410c,assigned,10,retained,款,minsei,
2024,expenditure,132047:2024:expenditure:approved:f04a176311336a26,assigned,01,retained,款,somu,
2024,expenditure,132047:2024:expenditure:approved:f04ae757a22708b9,assigned,09,retained,項,kyoiku-somu,
2024,expenditure,132047:2024:expenditure:approved:f050658d73eb83d9,assigned,10,retained,款,minsei,
2024,expenditure,132047:2024:expenditure:approved:f0544b8ac818a3c9,assigned,10,retained,款,minsei,
2024,expenditure,132047:2024:expenditure:approved:f065614d65de0922,assigned,09,retained,目,shogaigakushu-other,
2024,expenditure,132047:2024:expenditure:approved:f071f3307c84a7e6,assigned,08,retained,目,toshikeikaku-kouen,
2024,expenditure,132047:2024:expenditure:approved:f07ee3f34671488f,assigned,08,retained,目,toshikeikaku-kouen,
2024,expenditure,132047:2024:expenditure:approved:f085d322c64da092,assigned,04,retained,項,doboku-doro,
2024,expenditure,132047:2024:expenditure:approved:f08adf7a51bd5600,assigned,01,retained,款,somu,
2024,expenditure,132047:2024:expenditure:approved:f096c3f3ba74bfa4,assigned,10,retained,款,minsei,
2024,expenditure,132047:2024:expenditure:approved:f0bb96a772c8c600,assigned,01,retained,款,somu,
2024,expenditure,132047:2024:expenditure:approved:f0bda3d3e9809037,assigned,01,retained,款,somu,
2024,expenditure,132047:2024:expenditure:approved:f0d90028fc0a7953,assigned,07,retained,会計,fund-kokuho,
2024,expenditure,132047:2024:expenditure:approved:f0df7ce5ca7c3f55,assigned,01,retained,款,somu,
2024,expenditure,132047:2024:expenditure:approved:f0e8589c9e048537,assigned,01,retained,款,somu,
2024,expenditure,132047:2024:expenditure:approved:f0ec5e53aeed8302,assigned,04,retained,項,doboku-doro,
2024,expenditure,132047:2024:expenditure:approved:f0f4204a472d56ff,assigned,10,retained,款,minsei,
2024,expenditure,132047:2024:expenditure:approved:f0f88960156e3d15,assigned,01,retained,款,somu,
2024,expenditure,132047:2024:expenditure:approved:f0ff8899b8343f03,assigned,04,retained,款,norin,
2024,expenditure,132047:2024:expenditure:approved:f1204dcfc82147de,assigned,01,retained,款,somu,
2024,expenditure,132047:2024:expenditure:approved:f12d2f089d6e2e6b,assigned,04,retained,款,norin,
2024,expenditure,132047:2024:expenditure:approved:f1386e937a4bc3e1,assigned,10,retained,款,minsei,
2024,expenditure,132047:2024:expenditure:approved:f13c225382f3e48d,assigned,09,retained,項,kyoiku-somu,
2024,expenditure,132047:2024:expenditure:approved:f143893ea69d1d10,assigned,09,retained,項,kyoiku-somu,
2024,expenditure,132047:2024:expenditure:approved:f14bb0e17c986968,assigned,08,retained,目,toshikeikaku-kouen,
2024,expenditure,132047:2024:expenditure:approved:f14bbce5710d14a0,assigned,01,retained,款,somu,
2024,expenditure,132047:2024:expenditure:approved:f14f697539833dc9,assigned,04,retained,款,shoko,
2024,expenditure,132047:2024:expenditure:approved:f160c55242d7ffb9,assigned,10,retained,款,minsei,
2024,expenditure,132047:2024:expenditure:approved:f162068f41f7334f,assigned,10,retained,款,minsei,
2024,expenditure,132047:2024:expenditure:approved:f16b5d1bb4c865ba,assigned,01,retained,款,somu,
2024,expenditure,132047:2024:expenditure:approved:f17172ed39e2e2c2,assigned,08,retained,項,kyoiku-sports,
2024,expenditure,132047:2024:expenditure:approved:f18c89f81967d29a,assigned,10,retained,款,minsei,
2024,expenditure,132047:2024:expenditure:approved:f1a682beb7832abd,assigned,10,retained,款,minsei,
2024,expenditure,132047:2024:expenditure:approved:f1bc95bc0ec219b9,assigned,10,retained,款,minsei,
2024,expenditure,132047:2024:expenditure:approved:f1cd09112c2c2de3,assigned,01,retained,款,somu,
2024,expenditure,132047:2024:expenditure:approved:f1d8279251ba6a5d,assigned,10,retained,款,minsei,
2024,expenditure,132047:2024:expenditure:approved:f1e24ce3d7ff9fde,assigned,10,retained,款,minsei,
2024,expenditure,132047:2024:expenditure:approved:f1f138b3eb7d1751,assigned,04,retained,款,shoko,
2024,expenditure,132047:2024:expenditure:approved:f1f73b49adae3417,assigned,01,retained,款,somu,
2024,expenditure,132047:2024:expenditure:approved:f20102ac759a39cb,assigned,09,retained,項,kyoiku-somu,
2024,expenditure,132047:2024:expenditure:approved:f20c1de2799d8d9b,assigned,01,retained,款,somu,
2024,expenditure,132047:2024:expenditure:approved:f20fa58442fb35fb,assigned,01,retained,款,somu,
2024,expenditure,132047:2024:expenditure:approved:f216bb0ea4f7c7f9,assigned,07,retained,項,eisei-hoken,
2024,expenditure,132047:2024:expenditure:approved:f21c875e48cdcca5,assigned,07,retained,項,eisei-hoken,
2024,expenditure,132047:2024:expenditure:approved:f22cea913205fa6b,assigned,04,retained,項,doboku-doro,
2024,expenditure,132047:2024:expenditure:approved:f2302292b643f4a7,assigned,10,retained,款,minsei,
2024,expenditure,132047:2024:expenditure:approved:f23d500759355083,assigned,05,retained,項,eisei-seiso,
2024,expenditure,132047:2024:expenditure:approved:f243048a2078c593,assigned,10,retained,款,minsei,
2024,expenditure,132047:2024:expenditure:approved:f246099bbb084678,assigned,05,retained,項,eisei-seiso,
2024,expenditure,132047:2024:expenditure:approved:f250576d169d2fea,assigned,10,retained,款,minsei,
2024,expenditure,132047:2024:expenditure:approved:f251c1bd18f3075c,assigned,10,retained,款,minsei,
2024,expenditure,132047:2024:expenditure:approved:f259f019a76bc29d,assigned,01,retained,款,somu,
2024,expenditure,132047:2024:expenditure:approved:f2828d1ee0c8e406,assigned,06,retained,目,toshikeikaku-somu,
2024,expenditure,132047:2024:expenditure:approved:f294a2fee56321ad,assigned,07,retained,項,eisei-hoken,
2024,expenditure,132047:2024:expenditure:approved:f2a1320c8d42f05e,assigned,05,retained,項,eisei-seiso,
2024,expenditure,132047:2024:expenditure:approved:f2a5de39a014219b,assigned,09,retained,項,kyoiku-somu,
2024,expenditure,132047:2024:expenditure:approved:f2b5a01b8a54707c,assigned,01,retained,款,somu,
2024,expenditure,132047:2024:expenditure:approved:f2b6d2d61877e337,assigned,04,retained,項,doboku-doro,
2024,expenditure,132047:2024:expenditure:approved:f2cac07636d5d541,assigned,05,retained,項,eisei-seiso,
2024,expenditure,132047:2024:expenditure:approved:f2d142ed34f8b47b,assigned,06,retained,項,doboku-jutaku,
2024,expenditure,132047:2024:expenditure:approved:f2d3da9aef95fa5c,assigned,01,retained,款,somu,
2024,expenditure,132047:2024:expenditure:approved:f2d5bd3de82f84f0,assigned,01,retained,款,somu,
2024,expenditure,132047:2024:expenditure:approved:f2e4ecf6a496e034,assigned,10,retained,款,minsei,
2024,expenditure,132047:2024:expenditure:approved:f2e7f6bf8720971a,assigned,07,retained,項,eisei-hoken,
2024,expenditure,132047:2024:expenditure:approved:f2f5df0a3a89c0cf,assigned,05,retained,項,eisei-seiso,
2024,expenditure,132047:2024:expenditure:approved:f31e61f32a0ca037,assigned,10,retained,款,minsei,
2024,expenditure,132047:2024:expenditure:approved:f331d000e3700d5e,assigned,10,retained,款,minsei,
2024,expenditure,132047:2024:expenditure:approved:f33b79d866c32240,assigned,01,retained,款,somu,
2024,expenditure,132047:2024:expenditure:approved:f33dd9048523de29,assigned,10,retained,款,minsei,
2024,expenditure,132047:2024:expenditure:approved:f34504eabe89c777,assigned,07,retained,項,eisei-hoken,
2024,expenditure,132047:2024:expenditure:approved:f348dfdcda95aa45,assigned,01,retained,款,somu,
2024,expenditure,132047:2024:expenditure:approved:f34c022a56ad9d67,assigned,08,retained,目,toshikeikaku-kouen,
2024,expenditure,132047:2024:expenditure:approved:f35c595bbd165227,assigned,08,retained,項,kyoiku-sports,
2024,expenditure,132047:2024:expenditure:approved:f374e4352d7b092e,assigned,06,retained,目,toshikeikaku-somu,
2024,expenditure,132047:2024:expenditure:approved:f38d59471759424a,assigned,04,retained,款,shoko,
2024,expenditure,132047:2024:expenditure:approved:f39065ed879962e2,assigned,08,retained,項,kyoiku-sports,
2024,expenditure,132047:2024:expenditure:approved:f39ce77cf88e313f,assigned,09,retained,項,kyoiku-somu,
2024,expenditure,132047:2024:expenditure:approved:f3aaca83fc350c12,assigned,05,retained,項,eisei-seiso,
2024,expenditure,132047:2024:expenditure:approved:f3c289be9fcfa6e1,assigned,04,retained,款,shoko,
2024,expenditure,132047:2024:expenditure:approved:f3d16e5fc3126ea2,out-of-scope,"",retained,項,refund,
2024,expenditure,132047:2024:expenditure:approved:f3d2c644a42edc42,assigned,09,retained,項,kyoiku-somu,
2024,expenditure,132047:2024:expenditure:approved:f3de11575759ba46,assigned,09,retained,項,kyoiku-somu,
2024,expenditure,132047:2024:expenditure:approved:f3e3b51866ec74c8,assigned,09,retained,項,kyoiku-somu,
2024,expenditure,132047:2024:expenditure:approved:f3ee3c96c8c83b4b,assigned,01,retained,款,somu,
2024,expenditure,132047:2024:expenditure:approved:f411be3afaab25c4,assigned,09,retained,目,shogaigakushu-other,
2024,expenditure,132047:2024:expenditure:approved:f416d1860f7d7ca3,assigned,10,retained,款,minsei,
2024,expenditure,132047:2024:expenditure:approved:f4243841dc8ddaa3,assigned,04,retained,項,doboku-doro,
2024,expenditure,132047:2024:expenditure:approved:f4428e610f55e1fd,assigned,08,retained,項,kyoiku-sports,
2024,expenditure,132047:2024:expenditure:approved:f44ca97189203c39,assigned,01,retained,款,somu,
2024,expenditure,132047:2024:expenditure:approved:f450f251a0e07a93,assigned,01,retained,款,somu,
2024,expenditure,132047:2024:expenditure:approved:f465ef331b6b4180,assigned,10,retained,款,minsei,
2024,expenditure,132047:2024:expenditure:approved:f473bdaa315613c8,assigned,08,retained,目,shogaigakushu-toshokan,
2024,expenditure,132047:2024:expenditure:approved:f477409265e8fd64,assigned,01,retained,款,somu,
2024,expenditure,132047:2024:expenditure:approved:f47a05043e5e02ab,assigned,04,retained,項,doboku-doro,
2024,expenditure,132047:2024:expenditure:approved:f47faccf1c439a16,assigned,04,retained,項,doboku-kanri,
2024,expenditure,132047:2024:expenditure:approved:f490f10c427c3c44,assigned,10,retained,款,minsei,
2024,expenditure,132047:2024:expenditure:approved:f491d960193a0b6a,assigned,04,retained,項,doboku-doro,
2024,expenditure,132047:2024:expenditure:approved:f4a2ded5cacaaadc,assigned,04,retained,項,doboku-doro,
2024,expenditure,132047:2024:expenditure:approved:f4b7f193120b3cd1,assigned,01,retained,款,somu,
2024,expenditure,132047:2024:expenditure:approved:f4bc08223063e762,assigned,08,retained,目,shogaigakushu-toshokan,
2024,expenditure,132047:2024:expenditure:approved:f4ca11193b1af934,assigned,01,retained,款,somu,
2024,expenditure,132047:2024:expenditure:approved:f4cb3f6cfbe15b01,assigned,01,retained,款,somu,
2024,expenditure,132047:2024:expenditure:approved:f4d0f29e5d5c9808,assigned,08,retained,項,kyoiku-sports,
2024,expenditure,132047:2024:expenditure:approved:f4de156b5ca71859,assigned,07,retained,項,eisei-hoken,
2024,expenditure,132047:2024:expenditure:approved:f4f1c0eef91a2960,assigned,01,retained,款,somu,
2024,expenditure,132047:2024:expenditure:approved:f505fc9ce7b0e566,assigned,09,retained,項,kyoiku-somu,
2024,expenditure,132047:2024:expenditure:approved:f50a7064e601146f,assigned,03,retained,款,shobo,
2024,expenditure,132047:2024:expenditure:approved:f50f9ea59b810433,assigned,10,retained,款,minsei,
2024,expenditure,132047:2024:expenditure:approved:f519866ba57c9afc,assigned,06,retained,目,toshikeikaku-somu,
2024,expenditure,132047:2024:expenditure:approved:f51dde6b0dc819f4,assigned,04,retained,項,doboku-kanri,
2024,expenditure,132047:2024:expenditure:approved:f52035d296884163,assigned,01,retained,款,somu,
2024,expenditure,132047:2024:expenditure:approved:f5268145fd19d8e8,assigned,10,retained,款,minsei,
2024,expenditure,132047:2024:expenditure:approved:f529c17f6cb7e13f,assigned,04,retained,項,doboku-doro,
2024,expenditure,132047:2024:expenditure:approved:f52d5348879f6479,assigned,10,retained,款,minsei,
2024,expenditure,132047:2024:expenditure:approved:f532a655de1a0daf,assigned,01,retained,款,somu,
2024,expenditure,132047:2024:expenditure:approved:f53ba91d52db9edf,assigned,07,retained,項,eisei-hoken,
2024,expenditure,132047:2024:expenditure:approved:f54f8d47ca239ba4,assigned,01,retained,款,somu,
2024,expenditure,132047:2024:expenditure:approved:f55a43520267ddf7,assigned,07,retained,項,eisei-hoken,
2024,expenditure,132047:2024:expenditure:approved:f55b66b006a646b2,assigned,01,retained,款,somu,
2024,expenditure,132047:2024:expenditure:approved:f5654fb776b1e416,assigned,08,retained,項,kyoiku-sports,
2024,expenditure,132047:2024:expenditure:approved:f56ca9833dc00c9f,assigned,10,retained,款,minsei,
2024,expenditure,132047:2024:expenditure:approved:f5749f4a9546bae0,assigned,01,retained,款,somu,
2024,expenditure,132047:2024:expenditure:approved:f588944eefda5eb8,assigned,09,retained,項,kyoiku-somu,
2024,expenditure,132047:2024:expenditure:approved:f59d82b4fddb5e4f,assigned,10,retained,款,minsei,
2024,expenditure,132047:2024:expenditure:approved:f5a471de3644aa05,assigned,01,retained,款,somu,
2024,expenditure,132047:2024:expenditure:approved:f5d48d6c8cf1eaee,assigned,09,retained,目,shogaigakushu-other,
2024,expenditure,132047:2024:expenditure:approved:f5da3e88506898a1,assigned,01,retained,款,somu,
2024,expenditure,132047:2024:expenditure:approved:f5dd08444760dd0a,assigned,01,retained,款,somu,
2024,expenditure,132047:2024:expenditure:approved:f5e8932d0d2f4e88,assigned,10,retained,款,minsei,
2024,expenditure,132047:2024:expenditure:approved:f5eaa7c300ca84ae,assigned,08,retained,目,toshikeikaku-kouen,
2024,expenditure,132047:2024:expenditure:approved:f6128646fcafe345,assigned,08,retained,項,kyoiku-sports,
2024,expenditure,132047:2024:expenditure:approved:f6137ff7e42c276e,assigned,01,retained,款,somu,
2024,expenditure,132047:2024:expenditure:approved:f616772c39b86bc9,assigned,10,retained,款,minsei,
2024,expenditure,132047:2024:expenditure:approved:f6256989a3d42137,assigned,10,retained,款,minsei,
2024,expenditure,132047:2024:expenditure:approved:f629727616550c97,assigned,09,retained,項,kyoiku-somu,
2024,expenditure,132047:2024:expenditure:approved:f62a37997f773d01,assigned,09,retained,項,kyoiku-somu,
2024,expenditure,132047:2024:expenditure:approved:f651a876090b8ba6,assigned,08,retained,項,kyoiku-sports,
2024,expenditure,132047:2024:expenditure:approved:f65b5f6a5f438326,assigned,10,retained,款,minsei,
2024,expenditure,132047:2024:expenditure:approved:f65b936dd2009f5a,assigned,01,retained,款,somu,
2024,expenditure,132047:2024:expenditure:approved:f65f6f32e92ffd91,assigned,09,retained,項,kyoiku-somu,
2024,expenditure,132047:2024:expenditure:approved:f65fc98672f80243,assigned,10,retained,款,minsei,
2024,expenditure,132047:2024:expenditure:approved:f661ba739461d99c,assigned,09,retained,項,kyoiku-somu,
2024,expenditure,132047:2024:expenditure:approved:f67370613e09c147,assigned,09,retained,項,kyoiku-somu,
2024,expenditure,132047:2024:expenditure:approved:f67681b0357899f6,assigned,10,retained,款,minsei,
2024,expenditure,132047:2024:expenditure:approved:f6894cebc77ba7ab,assigned,10,retained,款,minsei,
2024,expenditure,132047:2024:expenditure:approved:f6900b7052a886d8,assigned,04,retained,款,shoko,
2024,expenditure,132047:2024:expenditure:approved:f693a3398330167a,assigned,07,retained,項,eisei-hoken,
2024,expenditure,132047:2024:expenditure:approved:f6a3a845d74d1b97,assigned,10,retained,款,minsei,
2024,expenditure,132047:2024:expenditure:approved:f6a910e50b0c560a,assigned,09,retained,項,kyoiku-somu,
2024,expenditure,132047:2024:expenditure:approved:f6ad08443123b86b,assigned,07,retained,項,eisei-hoken,
2024,expenditure,132047:2024:expenditure:approved:f6b5dc65814133b6,assigned,01,retained,款,somu,
2024,expenditure,132047:2024:expenditure:approved:f6b66d7e0e4ea714,assigned,07,retained,会計,fund-kokuho,
2024,expenditure,132047:2024:expenditure:approved:f6c237bae49cc58d,assigned,01,retained,款,somu,
2024,expenditure,132047:2024:expenditure:approved:f6d5d11e79dc5784,assigned,10,retained,款,minsei,
2024,expenditure,132047:2024:expenditure:approved:f6e28ad269a7f73f,assigned,01,retained,款,somu,
2024,expenditure,132047:2024:expenditure:approved:f6e530d7f1898424,assigned,09,retained,目,shogaigakushu-other,
2024,expenditure,132047:2024:expenditure:approved:f70abac1bfc01e74,assigned,10,retained,款,minsei,
2024,expenditure,132047:2024:expenditure:approved:f71f797299b65136,assigned,08,retained,目,toshikeikaku-kouen,
2024,expenditure,132047:2024:expenditure:approved:f73a554df8f406d4,assigned,01,retained,款,somu,
2024,expenditure,132047:2024:expenditure:approved:f75a9d20d4d2104c,assigned,01,retained,款,somu,
2024,expenditure,132047:2024:expenditure:approved:f7901cb1bd62c766,assigned,08,retained,項,kyoiku-sports,
2024,expenditure,132047:2024:expenditure:approved:f79857531147ea70,assigned,09,retained,項,kyoiku-somu,
2024,expenditure,132047:2024:expenditure:approved:f7afd4998c706807,assigned,07,retained,会計,fund-kokuho,
2024,expenditure,132047:2024:expenditure:approved:f7bb8151c5d5bfce,assigned,05,retained,項,eisei-seiso,
2024,expenditure,132047:2024:expenditure:approved:f7d600fa182ca869,assigned,01,retained,款,somu,
2024,expenditure,132047:2024:expenditure:approved:f7d9189ff97f3812,assigned,07,retained,項,eisei-hoken,
2024,expenditure,132047:2024:expenditure:approved:f7db839cc2d9a15a,assigned,01,retained,款,somu,
2024,expenditure,132047:2024:expenditure:approved:f8106c7327a18242,assigned,01,retained,款,somu,
2024,expenditure,132047:2024:expenditure:approved:f815f04dd109ee64,assigned,07,retained,項,eisei-hoken,
2024,expenditure,132047:2024:expenditure:approved:f846bceeca08582e,assigned,06,retained,目,toshikeikaku-somu,
2024,expenditure,132047:2024:expenditure:approved:f853a8e85de62421,assigned,09,retained,項,kyoiku-somu,
2024,expenditure,132047:2024:expenditure:approved:f86551216be2101d,assigned,05,retained,項,eisei-seiso,
2024,expenditure,132047:2024:expenditure:approved:f867cd156f744315,assigned,09,retained,項,kyoiku-somu,
2024,expenditure,132047:2024:expenditure:approved:f86ea50effd42a7d,assigned,01,retained,款,somu,
2024,expenditure,132047:2024:expenditure:approved:f8813b5da6867ecd,assigned,09,retained,項,kyoiku-somu,
2024,expenditure,132047:2024:expenditure:approved:f8893e033e8554c5,assigned,01,retained,款,somu,
2024,expenditure,132047:2024:expenditure:approved:f897e814fe44fabe,assigned,04,retained,項,doboku-doro,
2024,expenditure,132047:2024:expenditure:approved:f89c9b97602e5863,assigned,01,retained,款,somu,
2024,expenditure,132047:2024:expenditure:approved:f8a16a4ad47addde,assigned,10,retained,款,minsei,
2024,expenditure,132047:2024:expenditure:approved:f8a40243c69fdd76,assigned,01,retained,款,somu,
2024,expenditure,132047:2024:expenditure:approved:f8a431b73052fe2a,assigned,09,retained,項,kyoiku-somu,
2024,expenditure,132047:2024:expenditure:approved:f8aa203354d668a9,assigned,09,retained,項,kyoiku-somu,
2024,expenditure,132047:2024:expenditure:approved:f8bc37687e7d3e38,assigned,01,retained,款,somu,
2024,expenditure,132047:2024:expenditure:approved:f8bf7ba5f25d38d2,assigned,07,retained,項,eisei-hoken,
2024,expenditure,132047:2024:expenditure:approved:f8d1e134acf959ee,assigned,09,retained,項,kyoiku-somu,
2024,expenditure,132047:2024:expenditure:approved:f8d8ec2ec0934eaa,assigned,01,retained,款,somu,
2024,expenditure,132047:2024:expenditure:approved:f8e84f2d611d8dcc,assigned,01,retained,款,somu,
2024,expenditure,132047:2024:expenditure:approved:f8f7e393c9a09e38,assigned,01,retained,款,somu,
2024,expenditure,132047:2024:expenditure:approved:f90129691109e6d4,assigned,08,retained,目,toshikeikaku-kouen,
2024,expenditure,132047:2024:expenditure:approved:f90a9435fae615a8,assigned,05,retained,項,doboku-kasen,
2024,expenditure,132047:2024:expenditure:approved:f90cc5f12300c349,assigned,01,retained,款,somu,
2024,expenditure,132047:2024:expenditure:approved:f91bb3330e650c7a,assigned,07,retained,項,eisei-hoken,
2024,expenditure,132047:2024:expenditure:approved:f92a9bfbb9ee1066,unclassifiable,"",retained,款,contingency,
2024,expenditure,132047:2024:expenditure:approved:f939b1f8f62c65a1,assigned,01,retained,款,somu,
2024,expenditure,132047:2024:expenditure:approved:f93a22a2f8fdf56c,assigned,07,retained,項,eisei-hoken,
2024,expenditure,132047:2024:expenditure:approved:f94ff2bcbc0c2587,assigned,03,retained,款,shobo,
2024,expenditure,132047:2024:expenditure:approved:f9585cb2e18bd9de,assigned,01,retained,款,somu,
2024,expenditure,132047:2024:expenditure:approved:f95e7329d3a820fa,assigned,04,retained,項,doboku-doro,
2024,expenditure,132047:2024:expenditure:approved:f973a9932dcb2603,assigned,03,retained,款,shobo,
2024,expenditure,132047:2024:expenditure:approved:f975964cb71ed4b2,assigned,09,retained,目,shogaigakushu-other,
2024,expenditure,132047:2024:expenditure:approved:f981ee5b4f5cfdc1,assigned,03,retained,款,shobo,
2024,expenditure,132047:2024:expenditure:approved:f99236fd407b4936,assigned,06,retained,目,toshikeikaku-somu,
2024,expenditure,132047:2024:expenditure:approved:f99b778ae4f238a2,assigned,07,retained,項,eisei-hoken,
2024,expenditure,132047:2024:expenditure:approved:f9b9b38c138be118,assigned,06,retained,目,toshikeikaku-somu,
2024,expenditure,132047:2024:expenditure:approved:f9f0b0c99823233c,assigned,09,retained,項,kyoiku-somu,
2024,expenditure,132047:2024:expenditure:approved:fa20291e9130c066,assigned,10,retained,款,minsei,
2024,expenditure,132047:2024:expenditure:approved:fa28cf07d7f409c9,assigned,09,retained,項,kyoiku-somu,
2024,expenditure,132047:2024:expenditure:approved:fa2a05ab09208a95,assigned,01,retained,款,somu,
2024,expenditure,132047:2024:expenditure:approved:fa3fa94736f5ffde,assigned,10,retained,款,minsei,
2024,expenditure,132047:2024:expenditure:approved:fa4372eafbc3119f,assigned,06,retained,項,doboku-jutaku,
2024,expenditure,132047:2024:expenditure:approved:fa4ab8d8f3d8aebb,assigned,01,retained,款,somu,
2024,expenditure,132047:2024:expenditure:approved:fa55d282f16f112e,assigned,04,retained,款,shoko,
2024,expenditure,132047:2024:expenditure:approved:fa6493c5895d238b,assigned,07,retained,項,eisei-hoken,
2024,expenditure,132047:2024:expenditure:approved:fa66b9236503ec99,assigned,09,retained,項,kyoiku-somu,
2024,expenditure,132047:2024:expenditure:approved:fa773face1bcc3f4,assigned,07,retained,項,eisei-hoken,
2024,expenditure,132047:2024:expenditure:approved:fa822ca695be6e71,assigned,07,retained,項,eisei-hoken,
2024,expenditure,132047:2024:expenditure:approved:fa929599009b7fb3,assigned,04,retained,項,doboku-doro,
2024,expenditure,132047:2024:expenditure:approved:fa9ab494fbe3ad63,assigned,06,retained,目,toshikeikaku-somu,
2024,expenditure,132047:2024:expenditure:approved:fa9b46b38ce75660,assigned,01,retained,款,somu,
2024,expenditure,132047:2024:expenditure:approved:fa9edda298a29f09,assigned,01,retained,款,somu,
2024,expenditure,132047:2024:expenditure:approved:faa3897801f5477d,assigned,10,retained,款,minsei,
2024,expenditure,132047:2024:expenditure:approved:faa9b83be81daeba,assigned,10,retained,款,minsei,
2024,expenditure,132047:2024:expenditure:approved:fab0821fbaf5ef08,assigned,04,retained,項,doboku-kanri,
2024,expenditure,132047:2024:expenditure:approved:fab88b94469d0fa7,assigned,06,retained,目,toshikeikaku-somu,
2024,expenditure,132047:2024:expenditure:approved:faba6747d2702867,assigned,06,retained,項,doboku-jutaku,
2024,expenditure,132047:2024:expenditure:approved:fabe780e5ded9b08,assigned,09,retained,目,shogaigakushu-other,
2024,expenditure,132047:2024:expenditure:approved:fad58668256f5bf0,assigned,06,retained,目,toshikeikaku-somu,
2024,expenditure,132047:2024:expenditure:approved:fae49fad09ade4c7,assigned,09,retained,項,kyoiku-somu,
2024,expenditure,132047:2024:expenditure:approved:fae6e867a573991d,assigned,07,retained,項,eisei-hoken,
2024,expenditure,132047:2024:expenditure:approved:fb1c735be4c04d8c,assigned,01,retained,款,somu,
2024,expenditure,132047:2024:expenditure:approved:fb21d4fa6a5a5e24,assigned,10,retained,款,minsei,
2024,expenditure,132047:2024:expenditure:approved:fb2cf7fbaaf3b838,assigned,10,retained,款,minsei,
2024,expenditure,132047:2024:expenditure:approved:fb3b2d021a320b37,assigned,09,retained,項,kyoiku-somu,
2024,expenditure,132047:2024:expenditure:approved:fb4c8952e6fceeda,assigned,01,retained,款,somu,
2024,expenditure,132047:2024:expenditure:approved:fb4c901856745d5e,assigned,07,retained,項,eisei-hoken,
2024,expenditure,132047:2024:expenditure:approved:fb668ab25649aa22,assigned,10,retained,款,minsei,
2024,expenditure,132047:2024:expenditure:approved:fb673ef089e0993b,assigned,10,retained,款,minsei,
2024,expenditure,132047:2024:expenditure:approved:fb7fd15965168c39,assigned,10,retained,款,minsei,
2024,expenditure,132047:2024:expenditure:approved:fb846d82ca383f0e,assigned,10,retained,款,minsei,
2024,expenditure,132047:2024:expenditure:approved:fba1f6b89f4c42af,assigned,10,retained,款,minsei,
2024,expenditure,132047:2024:expenditure:approved:fbada642ed44ba9b,assigned,10,retained,款,minsei,
2024,expenditure,132047:2024:expenditure:approved:fbc67da748c7d349,assigned,08,retained,目,toshikeikaku-kouen,
2024,expenditure,132047:2024:expenditure:approved:fbd77812c1268be2,assigned,09,retained,項,kyoiku-somu,
2024,expenditure,132047:2024:expenditure:approved:fbe5d640fe33d443,assigned,04,retained,項,doboku-doro,
2024,expenditure,132047:2024:expenditure:approved:fbe75ef9ba2dc2fd,assigned,10,retained,款,minsei,
2024,expenditure,132047:2024:expenditure:approved:fbf83101f87606b8,assigned,01,retained,款,somu,
2024,expenditure,132047:2024:expenditure:approved:fc0cfcc023cb30cf,assigned,08,retained,項,kyoiku-sports,
2024,expenditure,132047:2024:expenditure:approved:fc11bc1209609d4d,assigned,10,retained,款,minsei,
2024,expenditure,132047:2024:expenditure:approved:fc1afa1b52f311c1,assigned,01,retained,款,somu,
2024,expenditure,132047:2024:expenditure:approved:fc1b63782b3bac7c,assigned,07,retained,項,eisei-hoken,
2024,expenditure,132047:2024:expenditure:approved:fc31e4290ef01f14,assigned,10,retained,款,minsei,
2024,expenditure,132047:2024:expenditure:approved:fc327f4ecfacb2e1,assigned,01,retained,款,somu,
2024,expenditure,132047:2024:expenditure:approved:fc402fc22f01bf3f,assigned,01,retained,款,somu,
2024,expenditure,132047:2024:expenditure:approved:fc5fc6f68b5f99eb,assigned,10,retained,款,minsei,
2024,expenditure,132047:2024:expenditure:approved:fc69cce67e859528,assigned,01,retained,款,somu,
2024,expenditure,132047:2024:expenditure:approved:fc6c539e4eb15726,assigned,10,retained,款,minsei,
2024,expenditure,132047:2024:expenditure:approved:fc6f15b936c095da,assigned,06,retained,目,toshikeikaku-somu,
2024,expenditure,132047:2024:expenditure:approved:fc83e7bc02d2dc58,assigned,03,retained,款,shobo,
2024,expenditure,132047:2024:expenditure:approved:fc8616ac7d4acc08,assigned,06,retained,目,toshikeikaku-somu,
2024,expenditure,132047:2024:expenditure:approved:fc87609ee15d8759,assigned,10,retained,款,minsei,
2024,expenditure,132047:2024:expenditure:approved:fc88eb6f4295c9dd,assigned,01,retained,款,somu,
2024,expenditure,132047:2024:expenditure:approved:fc9e49bf14958790,assigned,10,retained,款,minsei,
2024,expenditure,132047:2024:expenditure:approved:fca0d1025ed629c4,assigned,10,retained,款,minsei,
2024,expenditure,132047:2024:expenditure:approved:fcae2d54b9e2197d,assigned,09,retained,項,kyoiku-somu,
2024,expenditure,132047:2024:expenditure:approved:fcc45570a9ed04c9,assigned,04,retained,項,doboku-doro,
2024,expenditure,132047:2024:expenditure:approved:fce3bc501e102930,assigned,10,retained,款,minsei,
2024,expenditure,132047:2024:expenditure:approved:fce41775e4655613,assigned,03,retained,款,shobo,
2024,expenditure,132047:2024:expenditure:approved:fcee42bb75408548,assigned,09,retained,目,shogaigakushu-other,
2024,expenditure,132047:2024:expenditure:approved:fcf55006c1d0df0d,assigned,09,retained,項,kyoiku-somu,
2024,expenditure,132047:2024:expenditure:approved:fcf7357ccc222a44,assigned,09,retained,目,shogaigakushu-other,
2024,expenditure,132047:2024:expenditure:approved:fcf9ad9afc244d8c,assigned,08,retained,目,toshikeikaku-kouen,
2024,expenditure,132047:2024:expenditure:approved:fd10e2a5c885d756,assigned,10,retained,款,minsei,
2024,expenditure,132047:2024:expenditure:approved:fd1805a5a5d6e872,assigned,04,retained,款,shoko,
2024,expenditure,132047:2024:expenditure:approved:fd1c667e0f7c77bd,assigned,07,retained,項,eisei-hoken,
2024,expenditure,132047:2024:expenditure:approved:fd22f65a701dc91c,assigned,01,retained,款,somu,
2024,expenditure,132047:2024:expenditure:approved:fd2f95c56e5b1b92,assigned,10,retained,款,minsei,
2024,expenditure,132047:2024:expenditure:approved:fd30cb0711cb272b,assigned,10,retained,款,minsei,
2024,expenditure,132047:2024:expenditure:approved:fd425f12fb27af05,assigned,10,retained,款,minsei,
2024,expenditure,132047:2024:expenditure:approved:fd44668fb7d74d04,assigned,10,retained,款,minsei,
2024,expenditure,132047:2024:expenditure:approved:fd515ec6ca4f7817,assigned,09,retained,目,shogaigakushu-other,
2024,expenditure,132047:2024:expenditure:approved:fd570d823813e596,assigned,10,retained,款,minsei,
2024,expenditure,132047:2024:expenditure:approved:fd5f24a97bde8c88,assigned,10,retained,款,minsei,
2024,expenditure,132047:2024:expenditure:approved:fd611c4284cb3786,assigned,01,retained,款,somu,
2024,expenditure,132047:2024:expenditure:approved:fd67ca7bcd480949,assigned,07,retained,項,eisei-hoken,
2024,expenditure,132047:2024:expenditure:approved:fd7991f7526f54fa,assigned,10,retained,款,minsei,
2024,expenditure,132047:2024:expenditure:approved:fd7fe11d80bdadeb,assigned,10,retained,款,minsei,
2024,expenditure,132047:2024:expenditure:approved:fd89e42deabd30f1,assigned,01,retained,款,somu,
2024,expenditure,132047:2024:expenditure:approved:fd9d5554fe7b7f71,assigned,10,retained,款,minsei,
2024,expenditure,132047:2024:expenditure:approved:fda1f412fd08e150,assigned,07,retained,項,eisei-hoken,
2024,expenditure,132047:2024:expenditure:approved:fda3129d1612a1a7,assigned,04,retained,款,norin,
2024,expenditure,132047:2024:expenditure:approved:fdccc4244d136617,assigned,10,retained,款,minsei,
2024,expenditure,132047:2024:expenditure:approved:fde3de7bf13f5612,assigned,04,retained,款,norin,
2024,expenditure,132047:2024:expenditure:approved:fdf03867bd1e7d79,assigned,08,retained,項,kyoiku-sports,
2024,expenditure,132047:2024:expenditure:approved:fe24854c41efcc29,assigned,01,retained,款,somu,
2024,expenditure,132047:2024:expenditure:approved:fe29485f34d78d9b,assigned,01,retained,款,somu,
2024,expenditure,132047:2024:expenditure:approved:fe2a06923fc6021a,assigned,04,retained,款,shoko,
2024,expenditure,132047:2024:expenditure:approved:fe31e6b4f946321b,assigned,01,retained,款,somu,
2024,expenditure,132047:2024:expenditure:approved:fe6271fbb74366d8,assigned,01,retained,款,somu,
2024,expenditure,132047:2024:expenditure:approved:fe63e158c880e866,assigned,10,retained,会計,fund-kaigo-hoken,
2024,expenditure,132047:2024:expenditure:approved:fe6a4734292493f7,assigned,10,retained,款,minsei,
2024,expenditure,132047:2024:expenditure:approved:fe834c809938ba79,assigned,04,retained,項,doboku-doro,
2024,expenditure,132047:2024:expenditure:approved:fec595d7830d68b6,assigned,09,retained,目,shogaigakushu-other,
2024,expenditure,132047:2024:expenditure:approved:fee3dee8e78d84e9,assigned,01,retained,款,somu,
2024,expenditure,132047:2024:expenditure:approved:feeef28f354894cf,assigned,10,retained,款,minsei,
2024,expenditure,132047:2024:expenditure:approved:fef09fba030f3893,assigned,09,retained,目,shogaigakushu-other,
2024,expenditure,132047:2024:expenditure:approved:fef9689176f9ded9,assigned,10,retained,款,minsei,
2024,expenditure,132047:2024:expenditure:approved:fefa5d862a132d98,assigned,05,retained,項,eisei-seiso,
2024,expenditure,132047:2024:expenditure:approved:feff64b08e57e84b,assigned,10,retained,款,minsei,
2024,expenditure,132047:2024:expenditure:approved:ff150d537fc634ea,assigned,06,retained,目,toshikeikaku-somu,
2024,expenditure,132047:2024:expenditure:approved:ff1d150a67f1e6b3,assigned,10,retained,款,minsei,
2024,expenditure,132047:2024:expenditure:approved:ff263911e787af90,assigned,06,retained,目,toshikeikaku-somu,
2024,expenditure,132047:2024:expenditure:approved:ff2bf8be1eeadfd9,assigned,10,retained,款,minsei,
2024,expenditure,132047:2024:expenditure:approved:ff2f73e8baa00a99,assigned,10,retained,款,minsei,
2024,expenditure,132047:2024:expenditure:approved:ff385696b5f2a25b,assigned,09,retained,項,kyoiku-somu,
2024,expenditure,132047:2024:expenditure:approved:ff50fef286a24618,assigned,01,retained,款,gikai,
2024,expenditure,132047:2024:expenditure:approved:ff6e83dfdfe7cff4,assigned,03,retained,款,shobo,
2024,expenditure,132047:2024:expenditure:approved:ff84684e1dd12386,assigned,07,retained,項,eisei-hoken,
2024,expenditure,132047:2024:expenditure:approved:ff870b99f5f9b8cd,assigned,01,retained,款,gikai,
2024,expenditure,132047:2024:expenditure:approved:ff91b72446750d94,assigned,10,retained,款,minsei,
2024,expenditure,132047:2024:expenditure:approved:ff9ec15e0b361a31,assigned,10,retained,款,minsei,
2024,expenditure,132047:2024:expenditure:approved:ffb39abdd5a7b7b8,assigned,10,retained,款,minsei,
2024,expenditure,132047:2024:expenditure:approved:ffb71d67ab9eb29d,assigned,04,retained,項,doboku-doro,
2024,expenditure,132047:2024:expenditure:approved:ffbe5f9aa31b28a7,assigned,08,retained,目,shogaigakushu-toshokan,
2024,expenditure,132047:2024:expenditure:approved:ffd6f505e7f25657,assigned,07,retained,項,eisei-hoken,
2024,expenditure,132047:2024:expenditure:approved:ffdcdf66e538ce49,assigned,01,retained,款,somu,
2024,expenditure,132047:2024:expenditure:approved:ffedfd48f4ee1c45,assigned,10,retained,款,minsei,
2024,expenditure,132047:2024:expenditure:approved:fff722be447eb905,assigned,04,retained,款,shoko,
2024,revenue,132047:2024:revenue:approved:0005448a0e9f2774,not-applicable,"",retained,（規則なし）,,
2024,revenue,132047:2024:revenue:approved:01c18a8b55868ece,not-applicable,"",retained,（規則なし）,,
2024,revenue,132047:2024:revenue:approved:01cf7b2a9d43311f,not-applicable,"",retained,（規則なし）,,
2024,revenue,132047:2024:revenue:approved:01f565d005c361a7,not-applicable,"",retained,（規則なし）,,
2024,revenue,132047:2024:revenue:approved:0245c797265b86e1,not-applicable,"",retained,（規則なし）,,
2024,revenue,132047:2024:revenue:approved:026136e7c1fb0040,not-applicable,"",retained,（規則なし）,,
2024,revenue,132047:2024:revenue:approved:0442d9f5033c87bb,not-applicable,"",retained,（規則なし）,,
2024,revenue,132047:2024:revenue:approved:04804de5389dba8b,not-applicable,"",retained,（規則なし）,,
2024,revenue,132047:2024:revenue:approved:04e45d8fb2ddd465,not-applicable,"",retained,（規則なし）,,
2024,revenue,132047:2024:revenue:approved:051f02a8d9e0f0d2,not-applicable,"",retained,（規則なし）,,
2024,revenue,132047:2024:revenue:approved:056c8abfb72fb987,not-applicable,"",retained,（規則なし）,,
2024,revenue,132047:2024:revenue:approved:062ec9fcb2ec5f0c,not-applicable,"",retained,（規則なし）,,
2024,revenue,132047:2024:revenue:approved:066d32de28cc7ded,not-applicable,"",retained,（規則なし）,,
2024,revenue,132047:2024:revenue:approved:0724afae548cf359,not-applicable,"",eliminated,項,revenue-interfund,一般会計
2024,revenue,132047:2024:revenue:approved:076c1055f7c3d81d,not-applicable,"",retained,（規則なし）,,
2024,revenue,132047:2024:revenue:approved:07e014b5daca7d18,not-applicable,"",retained,（規則なし）,,
2024,revenue,132047:2024:revenue:approved:0847cf948300c0d0,not-applicable,"",retained,（規則なし）,,
2024,revenue,132047:2024:revenue:approved:0866632f1c87d2e1,not-applicable,"",retained,（規則なし）,,
2024,revenue,132047:2024:revenue:approved:0872d3fc27cdd13e,not-applicable,"",eliminated,項,revenue-interfund,一般会計
2024,revenue,132047:2024:revenue:approved:08db88fe3d025b4c,not-applicable,"",retained,（規則なし）,,
2024,revenue,132047:2024:revenue:approved:0907639b8271fb7a,not-applicable,"",retained,（規則なし）,,
2024,revenue,132047:2024:revenue:approved:09273085477bb13a,not-applicable,"",retained,（規則なし）,,
2024,revenue,132047:2024:revenue:approved:09393afdb75dde6f,not-applicable,"",retained,（規則なし）,,
2024,revenue,132047:2024:revenue:approved:095d44744a9472f9,not-applicable,"",retained,（規則なし）,,
2024,revenue,132047:2024:revenue:approved:096d138bbe986613,not-applicable,"",retained,（規則なし）,,
2024,revenue,132047:2024:revenue:approved:098ff2ea94f24bda,not-applicable,"",retained,（規則なし）,,
2024,revenue,132047:2024:revenue:approved:09cf0d56df938495,not-applicable,"",retained,（規則なし）,,
2024,revenue,132047:2024:revenue:approved:09d1bedd1c920abb,not-applicable,"",retained,（規則なし）,,
2024,revenue,132047:2024:revenue:approved:0ab3d5b45430f8db,not-applicable,"",retained,（規則なし）,,
2024,revenue,132047:2024:revenue:approved:0b14dfd4cad19121,not-applicable,"",retained,（規則なし）,,
2024,revenue,132047:2024:revenue:approved:0b351aa4ed8e006f,not-applicable,"",retained,（規則なし）,,
2024,revenue,132047:2024:revenue:approved:0b69dd18dd0c30d4,not-applicable,"",retained,（規則なし）,,
2024,revenue,132047:2024:revenue:approved:0b876c9f8f9fe37e,not-applicable,"",retained,（規則なし）,,
2024,revenue,132047:2024:revenue:approved:0db7f8a02130024d,not-applicable,"",retained,（規則なし）,,
2024,revenue,132047:2024:revenue:approved:0ea5263da2461038,not-applicable,"",retained,（規則なし）,,
2024,revenue,132047:2024:revenue:approved:0fa506d228ef8ec7,not-applicable,"",retained,（規則なし）,,
2024,revenue,132047:2024:revenue:approved:0fb884df74a71415,not-applicable,"",retained,（規則なし）,,
2024,revenue,132047:2024:revenue:approved:106833ac7c1c1885,not-applicable,"",retained,（規則なし）,,
2024,revenue,132047:2024:revenue:approved:107d395f93f6d139,not-applicable,"",retained,（規則なし）,,
2024,revenue,132047:2024:revenue:approved:10a29505dd32cae4,not-applicable,"",retained,（規則なし）,,
2024,revenue,132047:2024:revenue:approved:10a3531806b12cb0,not-applicable,"",retained,（規則なし）,,
2024,revenue,132047:2024:revenue:approved:10b03b70b667fec5,not-applicable,"",retained,（規則なし）,,
2024,revenue,132047:2024:revenue:approved:1103eb6ce5414329,not-applicable,"",retained,（規則なし）,,
2024,revenue,132047:2024:revenue:approved:110418e30341908d,not-applicable,"",retained,（規則なし）,,
2024,revenue,132047:2024:revenue:approved:112099e2e883bd23,not-applicable,"",retained,（規則なし）,,
2024,revenue,132047:2024:revenue:approved:11ace91e28244a26,not-applicable,"",retained,（規則なし）,,
2024,revenue,132047:2024:revenue:approved:120bd05372b81848,not-applicable,"",retained,（規則なし）,,
2024,revenue,132047:2024:revenue:approved:128cfeec60766004,not-applicable,"",retained,（規則なし）,,
2024,revenue,132047:2024:revenue:approved:12cbe075b1fe71c7,not-applicable,"",retained,（規則なし）,,
2024,revenue,132047:2024:revenue:approved:14209ba6893e0479,not-applicable,"",retained,（規則なし）,,
2024,revenue,132047:2024:revenue:approved:149681a46de9f5fa,not-applicable,"",retained,（規則なし）,,
2024,revenue,132047:2024:revenue:approved:15240fb1376393f2,not-applicable,"",retained,（規則なし）,,
2024,revenue,132047:2024:revenue:approved:152b38a867277909,not-applicable,"",retained,（規則なし）,,
2024,revenue,132047:2024:revenue:approved:15502f3441153328,not-applicable,"",retained,（規則なし）,,
2024,revenue,132047:2024:revenue:approved:156487bf7317f058,not-applicable,"",retained,（規則なし）,,
2024,revenue,132047:2024:revenue:approved:158917149b701c90,not-applicable,"",retained,（規則なし）,,
2024,revenue,132047:2024:revenue:approved:15c90de26000e8b7,not-applicable,"",retained,（規則なし）,,
2024,revenue,132047:2024:revenue:approved:16ae17994baf9021,not-applicable,"",retained,（規則なし）,,
2024,revenue,132047:2024:revenue:approved:16d6b074d01efdab,not-applicable,"",retained,（規則なし）,,
2024,revenue,132047:2024:revenue:approved:16ed377c669fc1a2,not-applicable,"",retained,（規則なし）,,
2024,revenue,132047:2024:revenue:approved:1724180d1eb95a0e,not-applicable,"",retained,（規則なし）,,
2024,revenue,132047:2024:revenue:approved:1730234e2b73e5e6,not-applicable,"",retained,（規則なし）,,
2024,revenue,132047:2024:revenue:approved:173ad28addf91fae,not-applicable,"",retained,（規則なし）,,
2024,revenue,132047:2024:revenue:approved:1796ebac860aac4d,not-applicable,"",retained,（規則なし）,,
2024,revenue,132047:2024:revenue:approved:17cdb687dd866798,not-applicable,"",retained,（規則なし）,,
2024,revenue,132047:2024:revenue:approved:185c40747fce72aa,not-applicable,"",retained,（規則なし）,,
2024,revenue,132047:2024:revenue:approved:18761b096fff77d8,not-applicable,"",retained,（規則なし）,,
2024,revenue,132047:2024:revenue:approved:187ed1c73d6d71c5,not-applicable,"",retained,（規則なし）,,
2024,revenue,132047:2024:revenue:approved:18b80d90b4f7aa48,not-applicable,"",retained,（規則なし）,,
2024,revenue,132047:2024:revenue:approved:18be32affc305b74,not-applicable,"",retained,（規則なし）,,
2024,revenue,132047:2024:revenue:approved:18c016f407eb1305,not-applicable,"",retained,（規則なし）,,
2024,revenue,132047:2024:revenue:approved:18df672af213c39d,not-applicable,"",retained,（規則なし）,,
2024,revenue,132047:2024:revenue:approved:18e888f4bdea094a,not-applicable,"",retained,（規則なし）,,
2024,revenue,132047:2024:revenue:approved:18eedf23548d74ce,not-applicable,"",retained,（規則なし）,,
2024,revenue,132047:2024:revenue:approved:18efb82deeb6aac9,not-applicable,"",retained,（規則なし）,,
2024,revenue,132047:2024:revenue:approved:1906515909c1c09f,not-applicable,"",retained,（規則なし）,,
2024,revenue,132047:2024:revenue:approved:191b3e5f770f0c3d,not-applicable,"",retained,（規則なし）,,
2024,revenue,132047:2024:revenue:approved:197daa00ba621b5e,not-applicable,"",retained,（規則なし）,,
2024,revenue,132047:2024:revenue:approved:1a1102aa92b8e530,not-applicable,"",retained,（規則なし）,,
2024,revenue,132047:2024:revenue:approved:1a53ade4704cb02c,not-applicable,"",retained,（規則なし）,,
2024,revenue,132047:2024:revenue:approved:1a6fefcb260b1e03,not-applicable,"",retained,（規則なし）,,
2024,revenue,132047:2024:revenue:approved:1be7ff9f47335166,not-applicable,"",retained,（規則なし）,,
2024,revenue,132047:2024:revenue:approved:1bfcbb034e690301,not-applicable,"",retained,（規則なし）,,
2024,revenue,132047:2024:revenue:approved:1c9fff67e21fab62,not-applicable,"",retained,（規則なし）,,
2024,revenue,132047:2024:revenue:approved:1cb6aaca6296b491,not-applicable,"",retained,（規則なし）,,
2024,revenue,132047:2024:revenue:approved:1d1bfc7bdf098f4e,not-applicable,"",retained,（規則なし）,,
2024,revenue,132047:2024:revenue:approved:1d94e64cdba48724,not-applicable,"",retained,（規則なし）,,
2024,revenue,132047:2024:revenue:approved:1e1bcb9e6144a7d8,not-applicable,"",retained,（規則なし）,,
2024,revenue,132047:2024:revenue:approved:1e757847ca0b0912,not-applicable,"",retained,（規則なし）,,
2024,revenue,132047:2024:revenue:approved:1e84ce2560581249,not-applicable,"",retained,（規則なし）,,
2024,revenue,132047:2024:revenue:approved:1ebdc7c3d1666c27,not-applicable,"",retained,（規則なし）,,
2024,revenue,132047:2024:revenue:approved:1efd978190c9f038,not-applicable,"",retained,（規則なし）,,
2024,revenue,132047:2024:revenue:approved:1eff5d22800db174,not-applicable,"",retained,（規則なし）,,
2024,revenue,132047:2024:revenue:approved:1f5c1ae3a86b9582,not-applicable,"",retained,（規則なし）,,
2024,revenue,132047:2024:revenue:approved:1f76d52339fc4487,not-applicable,"",retained,（規則なし）,,
2024,revenue,132047:2024:revenue:approved:201439571e70abe2,not-applicable,"",retained,（規則なし）,,
2024,revenue,132047:2024:revenue:approved:202d72171eeb6b78,not-applicable,"",retained,（規則なし）,,
2024,revenue,132047:2024:revenue:approved:206bbd10d392c8bd,not-applicable,"",retained,（規則なし）,,
2024,revenue,132047:2024:revenue:approved:20d803c9c278c4fc,not-applicable,"",retained,（規則なし）,,
2024,revenue,132047:2024:revenue:approved:225ce36e5c1bc4d2,not-applicable,"",retained,（規則なし）,,
2024,revenue,132047:2024:revenue:approved:22620b0e15b7ad49,not-applicable,"",retained,（規則なし）,,
2024,revenue,132047:2024:revenue:approved:22acffe08b482bb5,not-applicable,"",retained,（規則なし）,,
2024,revenue,132047:2024:revenue:approved:23204128b5fca3ea,not-applicable,"",retained,（規則なし）,,
2024,revenue,132047:2024:revenue:approved:23226b7f0e0e7496,not-applicable,"",retained,（規則なし）,,
2024,revenue,132047:2024:revenue:approved:23433af34c9e39e3,not-applicable,"",retained,（規則なし）,,
2024,revenue,132047:2024:revenue:approved:237de73309939c3a,not-applicable,"",retained,（規則なし）,,
2024,revenue,132047:2024:revenue:approved:23968670df71467c,not-applicable,"",retained,（規則なし）,,
2024,revenue,132047:2024:revenue:approved:23b8199356afca29,not-applicable,"",retained,（規則なし）,,
2024,revenue,132047:2024:revenue:approved:23c53fca2348bbfa,not-applicable,"",retained,（規則なし）,,
2024,revenue,132047:2024:revenue:approved:244466565b4bd3d2,not-applicable,"",retained,（規則なし）,,
2024,revenue,132047:2024:revenue:approved:2454279d385690c6,not-applicable,"",retained,（規則なし）,,
2024,revenue,132047:2024:revenue:approved:25304eb69cca3aee,not-applicable,"",retained,（規則なし）,,
2024,revenue,132047:2024:revenue:approved:255fd5fe51ab5262,not-applicable,"",retained,（規則なし）,,
2024,revenue,132047:2024:revenue:approved:2566cb2bb8b7c870,not-applicable,"",retained,（規則なし）,,
2024,revenue,132047:2024:revenue:approved:2593af3e67812f32,not-applicable,"",retained,（規則なし）,,
2024,revenue,132047:2024:revenue:approved:25f0279d0792d8b6,not-applicable,"",retained,（規則なし）,,
2024,revenue,132047:2024:revenue:approved:266acc91919d1071,not-applicable,"",retained,（規則なし）,,
2024,revenue,132047:2024:revenue:approved:269bb8589b0f07b1,not-applicable,"",retained,（規則なし）,,
2024,revenue,132047:2024:revenue:approved:271615b6728980ed,not-applicable,"",retained,（規則なし）,,
2024,revenue,132047:2024:revenue:approved:2781c896d779fb9a,not-applicable,"",retained,（規則なし）,,
2024,revenue,132047:2024:revenue:approved:2807670f0b255ca3,not-applicable,"",retained,（規則なし）,,
2024,revenue,132047:2024:revenue:approved:28c8f8c69952b754,not-applicable,"",retained,（規則なし）,,
2024,revenue,132047:2024:revenue:approved:28cd5570f2eb0e0e,not-applicable,"",retained,（規則なし）,,
2024,revenue,132047:2024:revenue:approved:2905cd3539097ae0,not-applicable,"",retained,（規則なし）,,
2024,revenue,132047:2024:revenue:approved:292067647770fac0,not-applicable,"",retained,（規則なし）,,
2024,revenue,132047:2024:revenue:approved:298e840fdbc83989,not-applicable,"",retained,（規則なし）,,
2024,revenue,132047:2024:revenue:approved:299de7e648db2690,not-applicable,"",retained,（規則なし）,,
2024,revenue,132047:2024:revenue:approved:29e3987932c7496f,not-applicable,"",retained,（規則なし）,,
2024,revenue,132047:2024:revenue:approved:2a34a691b4101ec6,not-applicable,"",retained,（規則なし）,,
2024,revenue,132047:2024:revenue:approved:2ad0f8ee7aeca867,not-applicable,"",retained,（規則なし）,,
2024,revenue,132047:2024:revenue:approved:2af112bbbcf5c7e1,not-applicable,"",retained,（規則なし）,,
2024,revenue,132047:2024:revenue:approved:2c287ce64c54ed6f,not-applicable,"",retained,（規則なし）,,
2024,revenue,132047:2024:revenue:approved:2ccc1104c521e36f,not-applicable,"",retained,（規則なし）,,
2024,revenue,132047:2024:revenue:approved:2ce7f7fd956ef3db,not-applicable,"",retained,（規則なし）,,
2024,revenue,132047:2024:revenue:approved:2d19532ec7009bc6,not-applicable,"",retained,（規則なし）,,
2024,revenue,132047:2024:revenue:approved:2d2d265be407b9af,not-applicable,"",eliminated,項,revenue-interfund,一般会計
2024,revenue,132047:2024:revenue:approved:2d6a762981fdeffd,not-applicable,"",retained,（規則なし）,,
2024,revenue,132047:2024:revenue:approved:2e5be3dc95129c9b,not-applicable,"",retained,（規則なし）,,
2024,revenue,132047:2024:revenue:approved:2ead0b750b552ea3,not-applicable,"",retained,（規則なし）,,
2024,revenue,132047:2024:revenue:approved:304ce65473db8c8c,not-applicable,"",retained,（規則なし）,,
2024,revenue,132047:2024:revenue:approved:3108b0110eac7ed6,not-applicable,"",retained,（規則なし）,,
2024,revenue,132047:2024:revenue:approved:314cf2fbb867cd6d,not-applicable,"",retained,（規則なし）,,
2024,revenue,132047:2024:revenue:approved:316e16d90f2f03f2,not-applicable,"",eliminated,項,revenue-interfund,一般会計
2024,revenue,132047:2024:revenue:approved:318e411372e0abb6,not-applicable,"",retained,（規則なし）,,
2024,revenue,132047:2024:revenue:approved:31bb7e4fec27bade,not-applicable,"",retained,（規則なし）,,
2024,revenue,132047:2024:revenue:approved:31ebd858b62974bb,not-applicable,"",retained,（規則なし）,,
2024,revenue,132047:2024:revenue:approved:31f75d9c0de2567e,not-applicable,"",retained,（規則なし）,,
2024,revenue,132047:2024:revenue:approved:320d389420bb07b1,not-applicable,"",retained,（規則なし）,,
2024,revenue,132047:2024:revenue:approved:322c0e98d1be80a1,not-applicable,"",retained,（規則なし）,,
2024,revenue,132047:2024:revenue:approved:328990142268e48a,not-applicable,"",retained,（規則なし）,,
2024,revenue,132047:2024:revenue:approved:32a9f1beabd6f4d3,not-applicable,"",retained,（規則なし）,,
2024,revenue,132047:2024:revenue:approved:33f3fffc37e10127,not-applicable,"",retained,（規則なし）,,
2024,revenue,132047:2024:revenue:approved:34a1d3c2c4f73226,not-applicable,"",retained,（規則なし）,,
2024,revenue,132047:2024:revenue:approved:35513286e086647d,not-applicable,"",retained,（規則なし）,,
2024,revenue,132047:2024:revenue:approved:355f774e1670c090,not-applicable,"",retained,（規則なし）,,
2024,revenue,132047:2024:revenue:approved:3588ac71c6737208,not-applicable,"",retained,（規則なし）,,
2024,revenue,132047:2024:revenue:approved:359562d05e46663b,not-applicable,"",retained,（規則なし）,,
2024,revenue,132047:2024:revenue:approved:35d56180ec2e614b,not-applicable,"",eliminated,項,revenue-interfund,一般会計
2024,revenue,132047:2024:revenue:approved:35f77b807446578d,not-applicable,"",retained,（規則なし）,,
2024,revenue,132047:2024:revenue:approved:360ad5508f9ba880,not-applicable,"",retained,（規則なし）,,
2024,revenue,132047:2024:revenue:approved:362369626647e7ea,not-applicable,"",retained,（規則なし）,,
2024,revenue,132047:2024:revenue:approved:365b212f8fd887fe,not-applicable,"",retained,（規則なし）,,
2024,revenue,132047:2024:revenue:approved:367e0358c42ace04,not-applicable,"",retained,（規則なし）,,
2024,revenue,132047:2024:revenue:approved:369c16ccff657f65,not-applicable,"",retained,（規則なし）,,
2024,revenue,132047:2024:revenue:approved:36c2bba8a7ba506c,not-applicable,"",retained,（規則なし）,,
2024,revenue,132047:2024:revenue:approved:376427334debca10,not-applicable,"",retained,（規則なし）,,
2024,revenue,132047:2024:revenue:approved:379d1313f0c3443e,not-applicable,"",retained,（規則なし）,,
2024,revenue,132047:2024:revenue:approved:37bb414f2ec797ec,not-applicable,"",retained,（規則なし）,,
2024,revenue,132047:2024:revenue:approved:37ca7c94c2220d6b,not-applicable,"",retained,（規則なし）,,
2024,revenue,132047:2024:revenue:approved:390bf7647c0b179c,not-applicable,"",retained,（規則なし）,,
2024,revenue,132047:2024:revenue:approved:397acc00acb91f4f,not-applicable,"",retained,（規則なし）,,
2024,revenue,132047:2024:revenue:approved:3a1c7ba9c328f3b2,not-applicable,"",retained,（規則なし）,,
2024,revenue,132047:2024:revenue:approved:3a584a2007efff10,not-applicable,"",retained,（規則なし）,,
2024,revenue,132047:2024:revenue:approved:3be2afdfce2a1077,not-applicable,"",retained,（規則なし）,,
2024,revenue,132047:2024:revenue:approved:3d010de216bfc736,not-applicable,"",retained,（規則なし）,,
2024,revenue,132047:2024:revenue:approved:3d49513909d803ab,not-applicable,"",retained,（規則なし）,,
2024,revenue,132047:2024:revenue:approved:3d4c88f7d2b86f98,not-applicable,"",retained,（規則なし）,,
2024,revenue,132047:2024:revenue:approved:3d88ef726a2e6a23,not-applicable,"",retained,（規則なし）,,
2024,revenue,132047:2024:revenue:approved:3dfe622d9c39d18a,not-applicable,"",retained,（規則なし）,,
2024,revenue,132047:2024:revenue:approved:3e8b18b8ddd74cea,not-applicable,"",retained,（規則なし）,,
2024,revenue,132047:2024:revenue:approved:3ef89a0b0638e330,not-applicable,"",retained,（規則なし）,,
2024,revenue,132047:2024:revenue:approved:3f05bc9495b5ac5c,not-applicable,"",retained,（規則なし）,,
2024,revenue,132047:2024:revenue:approved:3f2fa43ec39ec896,not-applicable,"",retained,（規則なし）,,
2024,revenue,132047:2024:revenue:approved:3f7269147ad0b428,not-applicable,"",retained,（規則なし）,,
2024,revenue,132047:2024:revenue:approved:403f0971ac82e4de,not-applicable,"",retained,（規則なし）,,
2024,revenue,132047:2024:revenue:approved:40771fb9be04fc07,not-applicable,"",retained,（規則なし）,,
2024,revenue,132047:2024:revenue:approved:4097843d27e5ed43,not-applicable,"",retained,（規則なし）,,
2024,revenue,132047:2024:revenue:approved:40fe06c8e14e9cdd,not-applicable,"",retained,（規則なし）,,
2024,revenue,132047:2024:revenue:approved:4122dceb27fcc291,not-applicable,"",retained,（規則なし）,,
2024,revenue,132047:2024:revenue:approved:414b6ffb85e25d51,not-applicable,"",retained,（規則なし）,,
2024,revenue,132047:2024:revenue:approved:41c4b4352e5d1c93,not-applicable,"",retained,（規則なし）,,
2024,revenue,132047:2024:revenue:approved:421ea9797cdf69f0,not-applicable,"",eliminated,項,revenue-interfund,一般会計
2024,revenue,132047:2024:revenue:approved:426a4107d04bb940,not-applicable,"",retained,（規則なし）,,
2024,revenue,132047:2024:revenue:approved:426c1fc77ea2fad1,not-applicable,"",retained,（規則なし）,,
2024,revenue,132047:2024:revenue:approved:42786669e6015941,not-applicable,"",retained,（規則なし）,,
2024,revenue,132047:2024:revenue:approved:4313ec72bbb1244e,not-applicable,"",retained,（規則なし）,,
2024,revenue,132047:2024:revenue:approved:442ea83c800b05a4,not-applicable,"",retained,（規則なし）,,
2024,revenue,132047:2024:revenue:approved:451469c997deba6c,not-applicable,"",retained,（規則なし）,,
2024,revenue,132047:2024:revenue:approved:4584d421c4f55b93,not-applicable,"",retained,（規則なし）,,
2024,revenue,132047:2024:revenue:approved:459f02603962e940,not-applicable,"",retained,（規則なし）,,
2024,revenue,132047:2024:revenue:approved:459f73f5dbedf005,not-applicable,"",retained,（規則なし）,,
2024,revenue,132047:2024:revenue:approved:4644882c93381d99,not-applicable,"",retained,（規則なし）,,
2024,revenue,132047:2024:revenue:approved:4654ec089a78ce5d,not-applicable,"",retained,（規則なし）,,
2024,revenue,132047:2024:revenue:approved:466bdfac5230cdcf,not-applicable,"",retained,（規則なし）,,
2024,revenue,132047:2024:revenue:approved:466efd5eba4ff980,not-applicable,"",retained,（規則なし）,,
2024,revenue,132047:2024:revenue:approved:4686f050942de8b6,not-applicable,"",retained,（規則なし）,,
2024,revenue,132047:2024:revenue:approved:46b7bb290a2b4560,not-applicable,"",retained,（規則なし）,,
2024,revenue,132047:2024:revenue:approved:4886b49c106be57c,not-applicable,"",retained,（規則なし）,,
2024,revenue,132047:2024:revenue:approved:48cd31061ba93bd4,not-applicable,"",retained,（規則なし）,,
2024,revenue,132047:2024:revenue:approved:48e3b763eb6450cb,not-applicable,"",retained,（規則なし）,,
2024,revenue,132047:2024:revenue:approved:48f6365e9d7371e7,not-applicable,"",retained,（規則なし）,,
2024,revenue,132047:2024:revenue:approved:4938e3081e35a113,not-applicable,"",retained,（規則なし）,,
2024,revenue,132047:2024:revenue:approved:494d6003ffa0c283,not-applicable,"",retained,（規則なし）,,
2024,revenue,132047:2024:revenue:approved:49508821e9a3a706,not-applicable,"",retained,（規則なし）,,
2024,revenue,132047:2024:revenue:approved:496b10b4bc25a3f2,not-applicable,"",retained,（規則なし）,,
2024,revenue,132047:2024:revenue:approved:49d37ab4f51b1db0,not-applicable,"",retained,（規則なし）,,
2024,revenue,132047:2024:revenue:approved:4a42560edfe8cda4,not-applicable,"",retained,（規則なし）,,
2024,revenue,132047:2024:revenue:approved:4aa50081419e4909,not-applicable,"",retained,（規則なし）,,
2024,revenue,132047:2024:revenue:approved:4b5cf125dbcbdf00,not-applicable,"",retained,（規則なし）,,
2024,revenue,132047:2024:revenue:approved:4b999d2c36be22b3,not-applicable,"",retained,（規則なし）,,
2024,revenue,132047:2024:revenue:approved:4be772c2758db917,not-applicable,"",retained,（規則なし）,,
2024,revenue,132047:2024:revenue:approved:4c22c04eaf239ba8,not-applicable,"",retained,（規則なし）,,
2024,revenue,132047:2024:revenue:approved:4d01bfbbabfa6e75,not-applicable,"",retained,（規則なし）,,
2024,revenue,132047:2024:revenue:approved:4d09d2a0178fb644,not-applicable,"",retained,（規則なし）,,
2024,revenue,132047:2024:revenue:approved:4e4df987a1b377eb,not-applicable,"",retained,（規則なし）,,
2024,revenue,132047:2024:revenue:approved:4e555c74b62d03f3,not-applicable,"",retained,（規則なし）,,
2024,revenue,132047:2024:revenue:approved:4ecb0675b652d65a,not-applicable,"",retained,（規則なし）,,
2024,revenue,132047:2024:revenue:approved:4efe2ee833a2c50e,not-applicable,"",retained,（規則なし）,,
2024,revenue,132047:2024:revenue:approved:4f11a3826722b232,not-applicable,"",retained,（規則なし）,,
2024,revenue,132047:2024:revenue:approved:505d7b11c50bbd77,not-applicable,"",retained,（規則なし）,,
2024,revenue,132047:2024:revenue:approved:507e1d226d592e6e,not-applicable,"",retained,（規則なし）,,
2024,revenue,132047:2024:revenue:approved:5197772d39677a6e,not-applicable,"",retained,（規則なし）,,
2024,revenue,132047:2024:revenue:approved:51b6ee21b4edc7c9,not-applicable,"",retained,（規則なし）,,
2024,revenue,132047:2024:revenue:approved:51c1c6a6d98a83ae,not-applicable,"",retained,（規則なし）,,
2024,revenue,132047:2024:revenue:approved:51f76b2980857504,not-applicable,"",retained,（規則なし）,,
2024,revenue,132047:2024:revenue:approved:5223fb3f3d8fd368,not-applicable,"",retained,（規則なし）,,
2024,revenue,132047:2024:revenue:approved:52671bdb61c570dd,not-applicable,"",retained,（規則なし）,,
2024,revenue,132047:2024:revenue:approved:52c11e4533ecbdb1,not-applicable,"",retained,（規則なし）,,
2024,revenue,132047:2024:revenue:approved:52cf8b7c121c947b,not-applicable,"",retained,（規則なし）,,
2024,revenue,132047:2024:revenue:approved:52da47ce4e7caa98,not-applicable,"",retained,（規則なし）,,
2024,revenue,132047:2024:revenue:approved:52f0c3e948729e68,not-applicable,"",retained,（規則なし）,,
2024,revenue,132047:2024:revenue:approved:5331b58e28019fa9,not-applicable,"",retained,（規則なし）,,
2024,revenue,132047:2024:revenue:approved:53a1ebff4ee6c8a3,not-applicable,"",retained,（規則なし）,,
2024,revenue,132047:2024:revenue:approved:53ed7808c20949d4,not-applicable,"",retained,（規則なし）,,
2024,revenue,132047:2024:revenue:approved:5444cf78bdba0e0e,not-applicable,"",retained,（規則なし）,,
2024,revenue,132047:2024:revenue:approved:548a9d97cbaf0764,not-applicable,"",retained,（規則なし）,,
2024,revenue,132047:2024:revenue:approved:54a53cf326fe2b4f,not-applicable,"",retained,（規則なし）,,
2024,revenue,132047:2024:revenue:approved:558802f04b0a6273,not-applicable,"",retained,（規則なし）,,
2024,revenue,132047:2024:revenue:approved:55da6e8022739800,not-applicable,"",retained,（規則なし）,,
2024,revenue,132047:2024:revenue:approved:562b2c660659ff56,not-applicable,"",retained,（規則なし）,,
2024,revenue,132047:2024:revenue:approved:5652d7c46047df8d,not-applicable,"",retained,（規則なし）,,
2024,revenue,132047:2024:revenue:approved:56c90adaf7568e96,not-applicable,"",retained,（規則なし）,,
2024,revenue,132047:2024:revenue:approved:5703dea1cd85a9fc,not-applicable,"",retained,（規則なし）,,
2024,revenue,132047:2024:revenue:approved:571fd2092cb36b2e,not-applicable,"",retained,（規則なし）,,
2024,revenue,132047:2024:revenue:approved:572e7fcc2413ee92,not-applicable,"",retained,（規則なし）,,
2024,revenue,132047:2024:revenue:approved:573da4929068a7ea,not-applicable,"",retained,（規則なし）,,
2024,revenue,132047:2024:revenue:approved:57a965ec0ee3c9f2,not-applicable,"",retained,（規則なし）,,
2024,revenue,132047:2024:revenue:approved:57ed7d98342ff231,not-applicable,"",retained,（規則なし）,,
2024,revenue,132047:2024:revenue:approved:57ffe4c2721f9fc8,not-applicable,"",retained,（規則なし）,,
2024,revenue,132047:2024:revenue:approved:586d33e9cdf17090,not-applicable,"",retained,（規則なし）,,
2024,revenue,132047:2024:revenue:approved:588a93a1644d066b,not-applicable,"",retained,（規則なし）,,
2024,revenue,132047:2024:revenue:approved:590d85ee68c5b6fa,not-applicable,"",retained,（規則なし）,,
2024,revenue,132047:2024:revenue:approved:59145fd54c557d97,not-applicable,"",retained,（規則なし）,,
2024,revenue,132047:2024:revenue:approved:59598d6b3bc44f19,not-applicable,"",retained,（規則なし）,,
2024,revenue,132047:2024:revenue:approved:597aa0e061644498,not-applicable,"",retained,（規則なし）,,
2024,revenue,132047:2024:revenue:approved:5994b65488359101,not-applicable,"",retained,（規則なし）,,
2024,revenue,132047:2024:revenue:approved:59a542535ff12423,not-applicable,"",retained,（規則なし）,,
2024,revenue,132047:2024:revenue:approved:59aaed380efc7607,not-applicable,"",retained,（規則なし）,,
2024,revenue,132047:2024:revenue:approved:59aea3a76c775905,not-applicable,"",retained,（規則なし）,,
2024,revenue,132047:2024:revenue:approved:5ab62a8920f0b92c,not-applicable,"",retained,（規則なし）,,
2024,revenue,132047:2024:revenue:approved:5ab9d7fe59c24c9b,not-applicable,"",retained,（規則なし）,,
2024,revenue,132047:2024:revenue:approved:5ae19a27ae3a83d4,not-applicable,"",retained,（規則なし）,,
2024,revenue,132047:2024:revenue:approved:5b0c48c45dc9fa36,not-applicable,"",retained,（規則なし）,,
2024,revenue,132047:2024:revenue:approved:5b82a112673f6512,not-applicable,"",retained,（規則なし）,,
2024,revenue,132047:2024:revenue:approved:5bc0ec7c93bdd7ae,not-applicable,"",retained,（規則なし）,,
2024,revenue,132047:2024:revenue:approved:5beaa12db7df292f,not-applicable,"",retained,（規則なし）,,
2024,revenue,132047:2024:revenue:approved:5c2920a0f02bce78,not-applicable,"",retained,（規則なし）,,
2024,revenue,132047:2024:revenue:approved:5c2f6d14bf7b85cf,not-applicable,"",retained,（規則なし）,,
2024,revenue,132047:2024:revenue:approved:5c6f19180c2ec4e3,not-applicable,"",retained,（規則なし）,,
2024,revenue,132047:2024:revenue:approved:5cb748f6d35d8855,not-applicable,"",retained,（規則なし）,,
2024,revenue,132047:2024:revenue:approved:5cbf38d7a761a580,not-applicable,"",retained,（規則なし）,,
2024,revenue,132047:2024:revenue:approved:5cccaeb7f14ceab7,not-applicable,"",retained,（規則なし）,,
2024,revenue,132047:2024:revenue:approved:5cdd59650e93b213,not-applicable,"",eliminated,項,revenue-interfund,一般会計
2024,revenue,132047:2024:revenue:approved:5d25d092b10b285f,not-applicable,"",retained,（規則なし）,,
2024,revenue,132047:2024:revenue:approved:5d90bc42a06868e6,not-applicable,"",retained,（規則なし）,,
2024,revenue,132047:2024:revenue:approved:5de94f6f1900acdd,not-applicable,"",retained,（規則なし）,,
2024,revenue,132047:2024:revenue:approved:5e2ff4ed4735992b,not-applicable,"",retained,（規則なし）,,
2024,revenue,132047:2024:revenue:approved:5e4d30545d3a6208,not-applicable,"",retained,（規則なし）,,
2024,revenue,132047:2024:revenue:approved:5f9f20d363c7cd2d,not-applicable,"",retained,（規則なし）,,
2024,revenue,132047:2024:revenue:approved:5fa23c136a827f4b,not-applicable,"",retained,（規則なし）,,
2024,revenue,132047:2024:revenue:approved:5fc2254196e2824e,not-applicable,"",retained,（規則なし）,,
2024,revenue,132047:2024:revenue:approved:602786e277f5d4c4,not-applicable,"",retained,（規則なし）,,
2024,revenue,132047:2024:revenue:approved:605caf2d2644a3cd,not-applicable,"",retained,（規則なし）,,
2024,revenue,132047:2024:revenue:approved:6099101cc1e586d0,not-applicable,"",retained,（規則なし）,,
2024,revenue,132047:2024:revenue:approved:60be7923df64889b,not-applicable,"",retained,（規則なし）,,
2024,revenue,132047:2024:revenue:approved:60c047ac4441d8ad,not-applicable,"",retained,（規則なし）,,
2024,revenue,132047:2024:revenue:approved:60e0cbb6a0f89817,not-applicable,"",retained,（規則なし）,,
2024,revenue,132047:2024:revenue:approved:60ee4c39344acfa3,not-applicable,"",retained,（規則なし）,,
2024,revenue,132047:2024:revenue:approved:611bcf1733b398ee,not-applicable,"",retained,（規則なし）,,
2024,revenue,132047:2024:revenue:approved:617d02957607ad05,not-applicable,"",retained,（規則なし）,,
2024,revenue,132047:2024:revenue:approved:61e888d955482dcb,not-applicable,"",retained,（規則なし）,,
2024,revenue,132047:2024:revenue:approved:61f3caf687150fba,not-applicable,"",retained,（規則なし）,,
2024,revenue,132047:2024:revenue:approved:620b8357be7b8261,not-applicable,"",retained,（規則なし）,,
2024,revenue,132047:2024:revenue:approved:623d89f90bd11dd9,not-applicable,"",retained,（規則なし）,,
2024,revenue,132047:2024:revenue:approved:62dd39d4e836ed6d,not-applicable,"",retained,（規則なし）,,
2024,revenue,132047:2024:revenue:approved:62de9fa314397e6d,not-applicable,"",retained,（規則なし）,,
2024,revenue,132047:2024:revenue:approved:6367c33f5d6c3e66,not-applicable,"",retained,（規則なし）,,
2024,revenue,132047:2024:revenue:approved:6389c7b1d42b2e14,not-applicable,"",retained,（規則なし）,,
2024,revenue,132047:2024:revenue:approved:63bb8283cdb9cc9f,not-applicable,"",retained,（規則なし）,,
2024,revenue,132047:2024:revenue:approved:654628f4a82b664b,not-applicable,"",retained,（規則なし）,,
2024,revenue,132047:2024:revenue:approved:6566a5f0ff4843d8,not-applicable,"",retained,（規則なし）,,
2024,revenue,132047:2024:revenue:approved:6604d580e134500f,not-applicable,"",retained,（規則なし）,,
2024,revenue,132047:2024:revenue:approved:661144c7dd58d73f,not-applicable,"",retained,（規則なし）,,
2024,revenue,132047:2024:revenue:approved:6611a38a23391682,not-applicable,"",retained,（規則なし）,,
2024,revenue,132047:2024:revenue:approved:665638d64620d674,not-applicable,"",retained,（規則なし）,,
2024,revenue,132047:2024:revenue:approved:6672cb3b862bb517,not-applicable,"",retained,（規則なし）,,
2024,revenue,132047:2024:revenue:approved:66a27f3b67abfec6,not-applicable,"",retained,（規則なし）,,
2024,revenue,132047:2024:revenue:approved:66c584fba0ee4abb,not-applicable,"",retained,（規則なし）,,
2024,revenue,132047:2024:revenue:approved:66d090b407ed44c5,not-applicable,"",retained,（規則なし）,,
2024,revenue,132047:2024:revenue:approved:67097435241b4f12,not-applicable,"",retained,（規則なし）,,
2024,revenue,132047:2024:revenue:approved:6758179d4e849893,not-applicable,"",retained,（規則なし）,,
2024,revenue,132047:2024:revenue:approved:675952be88a56f46,not-applicable,"",retained,（規則なし）,,
2024,revenue,132047:2024:revenue:approved:67e8cb0d7553277c,not-applicable,"",retained,（規則なし）,,
2024,revenue,132047:2024:revenue:approved:67f5c7f6dace6868,not-applicable,"",retained,（規則なし）,,
2024,revenue,132047:2024:revenue:approved:681d299cf9751e80,not-applicable,"",retained,（規則なし）,,
2024,revenue,132047:2024:revenue:approved:683652c26feac2c5,not-applicable,"",retained,（規則なし）,,
2024,revenue,132047:2024:revenue:approved:68722f8c8edeb223,not-applicable,"",retained,（規則なし）,,
2024,revenue,132047:2024:revenue:approved:68d1798effcfb2f5,not-applicable,"",retained,（規則なし）,,
2024,revenue,132047:2024:revenue:approved:68fa0397c05e4cf2,not-applicable,"",retained,（規則なし）,,
2024,revenue,132047:2024:revenue:approved:69321554658622bd,not-applicable,"",retained,（規則なし）,,
2024,revenue,132047:2024:revenue:approved:697d9a6dfb13aebd,not-applicable,"",retained,（規則なし）,,
2024,revenue,132047:2024:revenue:approved:69b1e40d68bd1fd3,not-applicable,"",retained,（規則なし）,,
2024,revenue,132047:2024:revenue:approved:69dfdf4bb7cce2d2,not-applicable,"",retained,（規則なし）,,
2024,revenue,132047:2024:revenue:approved:69e678f057465ba7,not-applicable,"",retained,（規則なし）,,
2024,revenue,132047:2024:revenue:approved:69ed98c4397fc598,not-applicable,"",retained,（規則なし）,,
2024,revenue,132047:2024:revenue:approved:6a61a8f56d7b17da,not-applicable,"",retained,（規則なし）,,
2024,revenue,132047:2024:revenue:approved:6bb79fda1e65072f,not-applicable,"",retained,（規則なし）,,
2024,revenue,132047:2024:revenue:approved:6be15f930d58aaac,not-applicable,"",retained,（規則なし）,,
2024,revenue,132047:2024:revenue:approved:6bf1d40c5e377550,not-applicable,"",retained,（規則なし）,,
2024,revenue,132047:2024:revenue:approved:6c1da71580576d28,not-applicable,"",retained,（規則なし）,,
2024,revenue,132047:2024:revenue:approved:6c49c8a0219472ce,not-applicable,"",retained,（規則なし）,,
2024,revenue,132047:2024:revenue:approved:6c4c05bc761bff8e,not-applicable,"",retained,（規則なし）,,
2024,revenue,132047:2024:revenue:approved:6c5260cfb6de86b6,not-applicable,"",retained,（規則なし）,,
2024,revenue,132047:2024:revenue:approved:6c58c52551d33e29,not-applicable,"",retained,（規則なし）,,
2024,revenue,132047:2024:revenue:approved:6c88b80970035201,not-applicable,"",retained,（規則なし）,,
2024,revenue,132047:2024:revenue:approved:6d5f1520f1249220,not-applicable,"",retained,（規則なし）,,
2024,revenue,132047:2024:revenue:approved:6d6ff7f699fcd50d,not-applicable,"",retained,（規則なし）,,
2024,revenue,132047:2024:revenue:approved:6da24aa18bfba586,not-applicable,"",retained,（規則なし）,,
2024,revenue,132047:2024:revenue:approved:6e35ba174bdae325,not-applicable,"",retained,（規則なし）,,
2024,revenue,132047:2024:revenue:approved:6e3d6936d4da28bc,not-applicable,"",retained,（規則なし）,,
2024,revenue,132047:2024:revenue:approved:6ec873362c609a4e,not-applicable,"",retained,（規則なし）,,
2024,revenue,132047:2024:revenue:approved:6f09b496fac81ef3,not-applicable,"",retained,（規則なし）,,
2024,revenue,132047:2024:revenue:approved:6f59770468a8af11,not-applicable,"",retained,（規則なし）,,
2024,revenue,132047:2024:revenue:approved:6f5fa689364445a3,not-applicable,"",retained,（規則なし）,,
2024,revenue,132047:2024:revenue:approved:6fc2ff156172cd9b,not-applicable,"",retained,（規則なし）,,
2024,revenue,132047:2024:revenue:approved:6fccad7b01fced00,not-applicable,"",eliminated,項,revenue-interfund,一般会計
2024,revenue,132047:2024:revenue:approved:6ff5795427c75758,not-applicable,"",retained,（規則なし）,,
2024,revenue,132047:2024:revenue:approved:70c80945bb640230,not-applicable,"",retained,（規則なし）,,
2024,revenue,132047:2024:revenue:approved:731670435b241a17,not-applicable,"",retained,（規則なし）,,
2024,revenue,132047:2024:revenue:approved:731d950872230178,not-applicable,"",retained,（規則なし）,,
2024,revenue,132047:2024:revenue:approved:734b9ced927accaf,not-applicable,"",retained,（規則なし）,,
2024,revenue,132047:2024:revenue:approved:740452d87a6411d7,not-applicable,"",eliminated,項,revenue-interfund,一般会計
2024,revenue,132047:2024:revenue:approved:741cba812419f9b9,not-applicable,"",retained,（規則なし）,,
2024,revenue,132047:2024:revenue:approved:7438ab757304161e,not-applicable,"",retained,（規則なし）,,
2024,revenue,132047:2024:revenue:approved:7457e9797e6d4d84,not-applicable,"",retained,（規則なし）,,
2024,revenue,132047:2024:revenue:approved:746afd0a9b997f85,not-applicable,"",retained,（規則なし）,,
2024,revenue,132047:2024:revenue:approved:75394ef1d13006b3,not-applicable,"",retained,（規則なし）,,
2024,revenue,132047:2024:revenue:approved:753c962ba38c1782,not-applicable,"",retained,（規則なし）,,
2024,revenue,132047:2024:revenue:approved:754c82310cc2763f,not-applicable,"",retained,（規則なし）,,
2024,revenue,132047:2024:revenue:approved:759147af70ddf4c0,not-applicable,"",retained,（規則なし）,,
2024,revenue,132047:2024:revenue:approved:75c1463c14a96383,not-applicable,"",retained,（規則なし）,,
2024,revenue,132047:2024:revenue:approved:75f2dd1c33c9f4e1,not-applicable,"",retained,（規則なし）,,
2024,revenue,132047:2024:revenue:approved:7608f36a209c165c,not-applicable,"",retained,（規則なし）,,
2024,revenue,132047:2024:revenue:approved:7640103c0c682557,not-applicable,"",retained,（規則なし）,,
2024,revenue,132047:2024:revenue:approved:76ce5fea49e111e3,not-applicable,"",retained,（規則なし）,,
2024,revenue,132047:2024:revenue:approved:76fe1f92ea9fefad,not-applicable,"",retained,（規則なし）,,
2024,revenue,132047:2024:revenue:approved:7706ed3766a418bc,not-applicable,"",retained,（規則なし）,,
2024,revenue,132047:2024:revenue:approved:7719c8dc2ecf960e,not-applicable,"",retained,（規則なし）,,
2024,revenue,132047:2024:revenue:approved:7782cf8065feb7e3,not-applicable,"",retained,（規則なし）,,
2024,revenue,132047:2024:revenue:approved:78787ef7c1d98790,not-applicable,"",retained,（規則なし）,,
2024,revenue,132047:2024:revenue:approved:79d65a9755cbeadf,not-applicable,"",retained,（規則なし）,,
2024,revenue,132047:2024:revenue:approved:79e3be0185f81db7,not-applicable,"",retained,（規則なし）,,
2024,revenue,132047:2024:revenue:approved:79fe79d524135203,not-applicable,"",retained,（規則なし）,,
2024,revenue,132047:2024:revenue:approved:7ab720615e57270c,not-applicable,"",retained,（規則なし）,,
2024,revenue,132047:2024:revenue:approved:7b0e80fe70d4552d,not-applicable,"",retained,（規則なし）,,
2024,revenue,132047:2024:revenue:approved:7b15154e89e33313,not-applicable,"",retained,（規則なし）,,
2024,revenue,132047:2024:revenue:approved:7b72d63ad8af296f,not-applicable,"",retained,（規則なし）,,
2024,revenue,132047:2024:revenue:approved:7b89604390c30bb0,not-applicable,"",eliminated,項,revenue-interfund,一般会計
2024,revenue,132047:2024:revenue:approved:7baa8539b9447ea3,not-applicable,"",retained,（規則なし）,,
2024,revenue,132047:2024:revenue:approved:7bd1fea38b4d0074,not-applicable,"",retained,（規則なし）,,
2024,revenue,132047:2024:revenue:approved:7c20e61c19e59caf,not-applicable,"",retained,（規則なし）,,
2024,revenue,132047:2024:revenue:approved:7c3fa4dae6dd8a57,not-applicable,"",retained,（規則なし）,,
2024,revenue,132047:2024:revenue:approved:7c9b411d0dc46b69,not-applicable,"",retained,（規則なし）,,
2024,revenue,132047:2024:revenue:approved:7c9e9068d0f4c80a,not-applicable,"",retained,（規則なし）,,
2024,revenue,132047:2024:revenue:approved:7cbd8f21f8e34845,not-applicable,"",retained,（規則なし）,,
2024,revenue,132047:2024:revenue:approved:7cc420711e159105,not-applicable,"",retained,（規則なし）,,
2024,revenue,132047:2024:revenue:approved:7d45edf8ade570e5,not-applicable,"",retained,（規則なし）,,
2024,revenue,132047:2024:revenue:approved:7d79bd76f3613582,not-applicable,"",retained,（規則なし）,,
2024,revenue,132047:2024:revenue:approved:7d879113213348af,not-applicable,"",retained,（規則なし）,,
2024,revenue,132047:2024:revenue:approved:7dd8d6a3228479af,not-applicable,"",retained,（規則なし）,,
2024,revenue,132047:2024:revenue:approved:7e1f4f755a794fe9,not-applicable,"",retained,（規則なし）,,
2024,revenue,132047:2024:revenue:approved:7e2624f0913a42ee,not-applicable,"",retained,（規則なし）,,
2024,revenue,132047:2024:revenue:approved:7e95dcd5b47664c9,not-applicable,"",retained,（規則なし）,,
2024,revenue,132047:2024:revenue:approved:7f1d94a4bd40dbf5,not-applicable,"",retained,（規則なし）,,
2024,revenue,132047:2024:revenue:approved:7f8c7b4fcd9656bc,not-applicable,"",retained,（規則なし）,,
2024,revenue,132047:2024:revenue:approved:800265d2e64c244d,not-applicable,"",retained,（規則なし）,,
2024,revenue,132047:2024:revenue:approved:8044fe4ee2299dad,not-applicable,"",retained,（規則なし）,,
2024,revenue,132047:2024:revenue:approved:80babc1b13e7fe74,not-applicable,"",retained,（規則なし）,,
2024,revenue,132047:2024:revenue:approved:80be5e6eda24ff6e,not-applicable,"",retained,（規則なし）,,
2024,revenue,132047:2024:revenue:approved:81db479e977f83df,not-applicable,"",retained,（規則なし）,,
2024,revenue,132047:2024:revenue:approved:81e00f543e5f003b,not-applicable,"",eliminated,項,revenue-interfund,一般会計
2024,revenue,132047:2024:revenue:approved:81fbbe7aec3df00a,not-applicable,"",retained,（規則なし）,,
2024,revenue,132047:2024:revenue:approved:8221dfdfea71e099,not-applicable,"",retained,（規則なし）,,
2024,revenue,132047:2024:revenue:approved:82d6fb1ece46930c,not-applicable,"",retained,（規則なし）,,
2024,revenue,132047:2024:revenue:approved:82f0999448d9c76b,not-applicable,"",retained,（規則なし）,,
2024,revenue,132047:2024:revenue:approved:836391f50b955c5e,not-applicable,"",retained,（規則なし）,,
2024,revenue,132047:2024:revenue:approved:83e243d2e64d0660,not-applicable,"",retained,（規則なし）,,
2024,revenue,132047:2024:revenue:approved:843d3e6b996e2871,not-applicable,"",retained,（規則なし）,,
2024,revenue,132047:2024:revenue:approved:844f941df5326928,not-applicable,"",retained,（規則なし）,,
2024,revenue,132047:2024:revenue:approved:84af41a35c450ce2,not-applicable,"",retained,（規則なし）,,
2024,revenue,132047:2024:revenue:approved:84de478db7f9e6af,not-applicable,"",retained,（規則なし）,,
2024,revenue,132047:2024:revenue:approved:85b92ec4245d51f9,not-applicable,"",eliminated,項,revenue-interfund,一般会計
2024,revenue,132047:2024:revenue:approved:85bc6fb1ebac55e5,not-applicable,"",retained,（規則なし）,,
2024,revenue,132047:2024:revenue:approved:8602f74615136fe4,not-applicable,"",retained,（規則なし）,,
2024,revenue,132047:2024:revenue:approved:860ca13fb5449ccb,not-applicable,"",retained,（規則なし）,,
2024,revenue,132047:2024:revenue:approved:861ce061d0e39dfe,not-applicable,"",retained,（規則なし）,,
2024,revenue,132047:2024:revenue:approved:867b04430b38a771,not-applicable,"",retained,（規則なし）,,
2024,revenue,132047:2024:revenue:approved:88536c18db5585d5,not-applicable,"",retained,（規則なし）,,
2024,revenue,132047:2024:revenue:approved:888d0e6ac9424204,not-applicable,"",retained,（規則なし）,,
2024,revenue,132047:2024:revenue:approved:8925b75813a2b4b1,not-applicable,"",retained,（規則なし）,,
2024,revenue,132047:2024:revenue:approved:89715c4036cb1455,not-applicable,"",retained,（規則なし）,,
2024,revenue,132047:2024:revenue:approved:89b9d274bf70e6e3,not-applicable,"",retained,（規則なし）,,
2024,revenue,132047:2024:revenue:approved:89e6225af4f98fb8,not-applicable,"",eliminated,項,revenue-interfund,一般会計
2024,revenue,132047:2024:revenue:approved:89f00f92511c724d,not-applicable,"",retained,（規則なし）,,
2024,revenue,132047:2024:revenue:approved:89f5642a81f440b2,not-applicable,"",retained,（規則なし）,,
2024,revenue,132047:2024:revenue:approved:8a2500a3eca3b877,not-applicable,"",retained,（規則なし）,,
2024,revenue,132047:2024:revenue:approved:8a738dfb97ba36bd,not-applicable,"",retained,（規則なし）,,
2024,revenue,132047:2024:revenue:approved:8ae8f5c7d61e28b5,not-applicable,"",retained,（規則なし）,,
2024,revenue,132047:2024:revenue:approved:8b1671801975c1be,not-applicable,"",retained,（規則なし）,,
2024,revenue,132047:2024:revenue:approved:8ba1a71b244f117e,not-applicable,"",retained,（規則なし）,,
2024,revenue,132047:2024:revenue:approved:8d14607ebd591cb6,not-applicable,"",retained,（規則なし）,,
2024,revenue,132047:2024:revenue:approved:8d5089875ab49dbc,not-applicable,"",retained,（規則なし）,,
2024,revenue,132047:2024:revenue:approved:8d8a96f8dcdf077b,not-applicable,"",retained,（規則なし）,,
2024,revenue,132047:2024:revenue:approved:8d93466414ef56cd,not-applicable,"",retained,（規則なし）,,
2024,revenue,132047:2024:revenue:approved:8ddabe975c86a017,not-applicable,"",retained,（規則なし）,,
2024,revenue,132047:2024:revenue:approved:8df4e2069d2ebd70,not-applicable,"",retained,（規則なし）,,
2024,revenue,132047:2024:revenue:approved:8e02d607b536bf91,not-applicable,"",retained,（規則なし）,,
2024,revenue,132047:2024:revenue:approved:8e305a0020275797,not-applicable,"",retained,（規則なし）,,
2024,revenue,132047:2024:revenue:approved:8e32911d0eb1c6c0,not-applicable,"",retained,（規則なし）,,
2024,revenue,132047:2024:revenue:approved:8e39d3c9b0af1d13,not-applicable,"",retained,（規則なし）,,
2024,revenue,132047:2024:revenue:approved:8e40a3d746dacd06,not-applicable,"",retained,（規則なし）,,
2024,revenue,132047:2024:revenue:approved:8e72f355dd0eaaa9,not-applicable,"",eliminated,項,revenue-interfund,一般会計
2024,revenue,132047:2024:revenue:approved:8f0d7e27548e6b46,not-applicable,"",retained,（規則なし）,,
2024,revenue,132047:2024:revenue:approved:8f25b2f769dc758d,not-applicable,"",retained,（規則なし）,,
2024,revenue,132047:2024:revenue:approved:8f43a57cc8018859,not-applicable,"",retained,（規則なし）,,
2024,revenue,132047:2024:revenue:approved:8f83139679ccdbdd,not-applicable,"",retained,（規則なし）,,
2024,revenue,132047:2024:revenue:approved:8f8d2e8c5093d76e,not-applicable,"",retained,（規則なし）,,
2024,revenue,132047:2024:revenue:approved:8faa896b9bff94fa,not-applicable,"",retained,（規則なし）,,
2024,revenue,132047:2024:revenue:approved:905490f485a906f2,not-applicable,"",retained,（規則なし）,,
2024,revenue,132047:2024:revenue:approved:90b0b5fdd06c81a5,not-applicable,"",retained,（規則なし）,,
2024,revenue,132047:2024:revenue:approved:9136044c4fe656c5,not-applicable,"",retained,（規則なし）,,
2024,revenue,132047:2024:revenue:approved:913ccb86dee6c3ec,not-applicable,"",retained,（規則なし）,,
2024,revenue,132047:2024:revenue:approved:916f7f6833eeeec2,not-applicable,"",retained,（規則なし）,,
2024,revenue,132047:2024:revenue:approved:9186b4b712a3c15e,not-applicable,"",retained,（規則なし）,,
2024,revenue,132047:2024:revenue:approved:918c6ed282ab2bc6,not-applicable,"",retained,（規則なし）,,
2024,revenue,132047:2024:revenue:approved:91aa7e5402262ce2,not-applicable,"",retained,（規則なし）,,
2024,revenue,132047:2024:revenue:approved:91abd1ec80766163,not-applicable,"",retained,（規則なし）,,
2024,revenue,132047:2024:revenue:approved:91bcf607233ae2fc,not-applicable,"",retained,（規則なし）,,
2024,revenue,132047:2024:revenue:approved:924ce3edcdd1b42f,not-applicable,"",retained,（規則なし）,,
2024,revenue,132047:2024:revenue:approved:93182056cb0b30c0,not-applicable,"",retained,（規則なし）,,
2024,revenue,132047:2024:revenue:approved:932d509e68e827a7,not-applicable,"",retained,（規則なし）,,
2024,revenue,132047:2024:revenue:approved:944c6a76ea52c2e2,not-applicable,"",retained,（規則なし）,,
2024,revenue,132047:2024:revenue:approved:947aea969be6c4d1,not-applicable,"",retained,（規則なし）,,
2024,revenue,132047:2024:revenue:approved:94e35e3642f06c92,not-applicable,"",retained,（規則なし）,,
2024,revenue,132047:2024:revenue:approved:94f043273c2ffa29,not-applicable,"",retained,（規則なし）,,
2024,revenue,132047:2024:revenue:approved:95d4c00fe8e718de,not-applicable,"",retained,（規則なし）,,
2024,revenue,132047:2024:revenue:approved:963b3a15cec51448,not-applicable,"",retained,（規則なし）,,
2024,revenue,132047:2024:revenue:approved:9686f1f71d245563,not-applicable,"",retained,（規則なし）,,
2024,revenue,132047:2024:revenue:approved:96906b43df2ff70b,not-applicable,"",retained,（規則なし）,,
2024,revenue,132047:2024:revenue:approved:96a4b36545c899ab,not-applicable,"",retained,（規則なし）,,
2024,revenue,132047:2024:revenue:approved:96efd1c7278c73c4,not-applicable,"",retained,（規則なし）,,
2024,revenue,132047:2024:revenue:approved:96ff167199c6205f,not-applicable,"",retained,（規則なし）,,
2024,revenue,132047:2024:revenue:approved:97137f60d482928e,not-applicable,"",retained,（規則なし）,,
2024,revenue,132047:2024:revenue:approved:9739f6b46d94e1f0,not-applicable,"",retained,（規則なし）,,
2024,revenue,132047:2024:revenue:approved:975b3c4337c1e455,not-applicable,"",retained,（規則なし）,,
2024,revenue,132047:2024:revenue:approved:97e3a8349ac0b175,not-applicable,"",retained,（規則なし）,,
2024,revenue,132047:2024:revenue:approved:97e49cba1e0aba28,not-applicable,"",retained,（規則なし）,,
2024,revenue,132047:2024:revenue:approved:98416403c82f3829,not-applicable,"",retained,（規則なし）,,
2024,revenue,132047:2024:revenue:approved:98531a85f1a8da00,not-applicable,"",eliminated,項,revenue-interfund,一般会計
2024,revenue,132047:2024:revenue:approved:988693522d871fa9,not-applicable,"",retained,（規則なし）,,
2024,revenue,132047:2024:revenue:approved:98e165fe2d109346,not-applicable,"",retained,（規則なし）,,
2024,revenue,132047:2024:revenue:approved:9985e2b7a2d588fd,not-applicable,"",retained,（規則なし）,,
2024,revenue,132047:2024:revenue:approved:99902be47285d5da,not-applicable,"",retained,（規則なし）,,
2024,revenue,132047:2024:revenue:approved:999bff03108e5687,not-applicable,"",retained,（規則なし）,,
2024,revenue,132047:2024:revenue:approved:99e882abb3a9ff55,not-applicable,"",retained,（規則なし）,,
2024,revenue,132047:2024:revenue:approved:9a58a0e52663491d,not-applicable,"",retained,（規則なし）,,
2024,revenue,132047:2024:revenue:approved:9a6794edee8054a3,not-applicable,"",retained,（規則なし）,,
2024,revenue,132047:2024:revenue:approved:9a721611ec8b41db,not-applicable,"",retained,（規則なし）,,
2024,revenue,132047:2024:revenue:approved:9ab5f733e7c67bcc,not-applicable,"",retained,（規則なし）,,
2024,revenue,132047:2024:revenue:approved:9abf826cc3ad1c65,not-applicable,"",retained,（規則なし）,,
2024,revenue,132047:2024:revenue:approved:9ac7bee9a76fb86e,not-applicable,"",retained,（規則なし）,,
2024,revenue,132047:2024:revenue:approved:9af3007c3c16c287,not-applicable,"",retained,（規則なし）,,
2024,revenue,132047:2024:revenue:approved:9b5cdec86858f858,not-applicable,"",retained,（規則なし）,,
2024,revenue,132047:2024:revenue:approved:9ba1415153031e15,not-applicable,"",retained,（規則なし）,,
2024,revenue,132047:2024:revenue:approved:9bbc3d74ef9b5e78,not-applicable,"",retained,（規則なし）,,
2024,revenue,132047:2024:revenue:approved:9c1f8b577eb56eda,not-applicable,"",retained,（規則なし）,,
2024,revenue,132047:2024:revenue:approved:9c6ced0c420d9e7f,not-applicable,"",retained,（規則なし）,,
2024,revenue,132047:2024:revenue:approved:9ca71160a7ea6ba7,not-applicable,"",retained,（規則なし）,,
2024,revenue,132047:2024:revenue:approved:9ccc9df62c70071c,not-applicable,"",retained,（規則なし）,,
2024,revenue,132047:2024:revenue:approved:9cd443ff2435acc0,not-applicable,"",retained,（規則なし）,,
2024,revenue,132047:2024:revenue:approved:9dbd219a003cfa1d,not-applicable,"",retained,（規則なし）,,
2024,revenue,132047:2024:revenue:approved:9f25340d0d8f643f,not-applicable,"",retained,（規則なし）,,
2024,revenue,132047:2024:revenue:approved:9f2f68c3aa190b68,not-applicable,"",retained,（規則なし）,,
2024,revenue,132047:2024:revenue:approved:9f2f819d60af0410,not-applicable,"",retained,（規則なし）,,
2024,revenue,132047:2024:revenue:approved:9f47dee8f748011c,not-applicable,"",retained,（規則なし）,,
2024,revenue,132047:2024:revenue:approved:9f4a7ba8441767af,not-applicable,"",retained,（規則なし）,,
2024,revenue,132047:2024:revenue:approved:9f871f47e36d1702,not-applicable,"",retained,（規則なし）,,
2024,revenue,132047:2024:revenue:approved:9fe94cc55f670cbb,not-applicable,"",retained,（規則なし）,,
2024,revenue,132047:2024:revenue:approved:a08045d4223df93e,not-applicable,"",retained,（規則なし）,,
2024,revenue,132047:2024:revenue:approved:a0ae7caec9b7be44,not-applicable,"",retained,（規則なし）,,
2024,revenue,132047:2024:revenue:approved:a10c76220f8c083d,not-applicable,"",retained,（規則なし）,,
2024,revenue,132047:2024:revenue:approved:a1f41c4c255dd074,not-applicable,"",retained,（規則なし）,,
2024,revenue,132047:2024:revenue:approved:a36ff480c269ca03,not-applicable,"",retained,（規則なし）,,
2024,revenue,132047:2024:revenue:approved:a3ca736428da1fe9,not-applicable,"",retained,（規則なし）,,
2024,revenue,132047:2024:revenue:approved:a3ec3cc10cd2575e,not-applicable,"",retained,（規則なし）,,
2024,revenue,132047:2024:revenue:approved:a422e4cbeb575197,not-applicable,"",retained,（規則なし）,,
2024,revenue,132047:2024:revenue:approved:a46e048994e99490,not-applicable,"",retained,（規則なし）,,
2024,revenue,132047:2024:revenue:approved:a4db24a4f6f1561a,not-applicable,"",retained,（規則なし）,,
2024,revenue,132047:2024:revenue:approved:a529710df85e238b,not-applicable,"",retained,（規則なし）,,
2024,revenue,132047:2024:revenue:approved:a5634b579d4511a6,not-applicable,"",retained,（規則なし）,,
2024,revenue,132047:2024:revenue:approved:a61593f9ea9ba854,not-applicable,"",retained,（規則なし）,,
2024,revenue,132047:2024:revenue:approved:a68d0462bf3cd6a7,not-applicable,"",retained,（規則なし）,,
2024,revenue,132047:2024:revenue:approved:a6ba49f32e484eff,not-applicable,"",retained,（規則なし）,,
2024,revenue,132047:2024:revenue:approved:a7da7782ead3f282,not-applicable,"",eliminated,項,revenue-interfund,一般会計
2024,revenue,132047:2024:revenue:approved:a7e7280fabd36688,not-applicable,"",retained,（規則なし）,,
2024,revenue,132047:2024:revenue:approved:a802c3b36806a87d,not-applicable,"",retained,（規則なし）,,
2024,revenue,132047:2024:revenue:approved:a84afd327a159be3,not-applicable,"",retained,（規則なし）,,
2024,revenue,132047:2024:revenue:approved:a8686df39c2ccf40,not-applicable,"",retained,（規則なし）,,
2024,revenue,132047:2024:revenue:approved:a88d27829a40b44a,not-applicable,"",retained,（規則なし）,,
2024,revenue,132047:2024:revenue:approved:a8e9a96fb9ccac0b,not-applicable,"",retained,（規則なし）,,
2024,revenue,132047:2024:revenue:approved:a904a326a427cf88,not-applicable,"",eliminated,項,revenue-interfund,介護保険事業特別会計
2024,revenue,132047:2024:revenue:approved:a904e90ea2b0cd7d,not-applicable,"",retained,（規則なし）,,
2024,revenue,132047:2024:revenue:approved:a928b673eee8a3aa,not-applicable,"",retained,（規則なし）,,
2024,revenue,132047:2024:revenue:approved:a93f0f6ca8ea43d8,not-applicable,"",retained,（規則なし）,,
2024,revenue,132047:2024:revenue:approved:a9492c4b783d4f3e,not-applicable,"",retained,（規則なし）,,
2024,revenue,132047:2024:revenue:approved:a96127deb74bc5f3,not-applicable,"",retained,（規則なし）,,
2024,revenue,132047:2024:revenue:approved:aad09e4fed1ac073,not-applicable,"",retained,（規則なし）,,
2024,revenue,132047:2024:revenue:approved:ab2c3f7a7b8c853e,not-applicable,"",retained,（規則なし）,,
2024,revenue,132047:2024:revenue:approved:abd60f922a1fd8d3,not-applicable,"",retained,（規則なし）,,
2024,revenue,132047:2024:revenue:approved:ac16e971cfeb66a3,not-applicable,"",retained,（規則なし）,,
2024,revenue,132047:2024:revenue:approved:ac460accafffa1ca,not-applicable,"",retained,（規則なし）,,
2024,revenue,132047:2024:revenue:approved:ac4f376eefcc098f,not-applicable,"",retained,（規則なし）,,
2024,revenue,132047:2024:revenue:approved:accfb2289981033a,not-applicable,"",retained,（規則なし）,,
2024,revenue,132047:2024:revenue:approved:ad2e691d2b805ee9,not-applicable,"",retained,（規則なし）,,
2024,revenue,132047:2024:revenue:approved:ae04e54d67585d21,not-applicable,"",retained,（規則なし）,,
2024,revenue,132047:2024:revenue:approved:ae3bf58cbd8c7002,not-applicable,"",retained,（規則なし）,,
2024,revenue,132047:2024:revenue:approved:ae9f9b24a82ddb00,not-applicable,"",retained,（規則なし）,,
2024,revenue,132047:2024:revenue:approved:af2e7643f1bb5d24,not-applicable,"",retained,（規則なし）,,
2024,revenue,132047:2024:revenue:approved:af32bf646a00378e,not-applicable,"",retained,（規則なし）,,
2024,revenue,132047:2024:revenue:approved:af4b55c288e4cbe4,not-applicable,"",retained,（規則なし）,,
2024,revenue,132047:2024:revenue:approved:af9786517ab41db8,not-applicable,"",retained,（規則なし）,,
2024,revenue,132047:2024:revenue:approved:afe98cbaa96a760a,not-applicable,"",retained,（規則なし）,,
2024,revenue,132047:2024:revenue:approved:b12b351484cf771e,not-applicable,"",retained,（規則なし）,,
2024,revenue,132047:2024:revenue:approved:b207c6dabe54c1a1,not-applicable,"",retained,（規則なし）,,
2024,revenue,132047:2024:revenue:approved:b2afd8314580cc5e,not-applicable,"",retained,（規則なし）,,
2024,revenue,132047:2024:revenue:approved:b2be397a0f5ad2a8,not-applicable,"",retained,（規則なし）,,
2024,revenue,132047:2024:revenue:approved:b2dcb24ce1b45c12,not-applicable,"",retained,（規則なし）,,
2024,revenue,132047:2024:revenue:approved:b3077180a470be7b,not-applicable,"",retained,（規則なし）,,
2024,revenue,132047:2024:revenue:approved:b32d690f0b94a1d5,not-applicable,"",retained,（規則なし）,,
2024,revenue,132047:2024:revenue:approved:b3444e0eee839f42,not-applicable,"",eliminated,項,revenue-interfund,一般会計
2024,revenue,132047:2024:revenue:approved:b3e9ee20aa12666f,not-applicable,"",retained,（規則なし）,,
2024,revenue,132047:2024:revenue:approved:b3ec2586020d424b,not-applicable,"",retained,（規則なし）,,
2024,revenue,132047:2024:revenue:approved:b442b218d90f47a3,not-applicable,"",retained,（規則なし）,,
2024,revenue,132047:2024:revenue:approved:b455e6cd1c4f40ff,not-applicable,"",retained,（規則なし）,,
2024,revenue,132047:2024:revenue:approved:b4ab2e92c7ba7ead,not-applicable,"",retained,（規則なし）,,
2024,revenue,132047:2024:revenue:approved:b4c3beaf97ec9409,not-applicable,"",retained,（規則なし）,,
2024,revenue,132047:2024:revenue:approved:b554bdad3512a007,not-applicable,"",retained,（規則なし）,,
2024,revenue,132047:2024:revenue:approved:b682fe3445b3a7c0,not-applicable,"",retained,（規則なし）,,
2024,revenue,132047:2024:revenue:approved:b69eb67221f80eaf,not-applicable,"",retained,（規則なし）,,
2024,revenue,132047:2024:revenue:approved:b6b74562a533ec41,not-applicable,"",retained,（規則なし）,,
2024,revenue,132047:2024:revenue:approved:b70f8d5b000ad912,not-applicable,"",retained,（規則なし）,,
2024,revenue,132047:2024:revenue:approved:b77fe1e071b79e40,not-applicable,"",retained,（規則なし）,,
2024,revenue,132047:2024:revenue:approved:b783f205fef73645,not-applicable,"",retained,（規則なし）,,
2024,revenue,132047:2024:revenue:approved:b7dc088660090d6b,not-applicable,"",retained,（規則なし）,,
2024,revenue,132047:2024:revenue:approved:b8bbfdd05211d6f4,not-applicable,"",retained,（規則なし）,,
2024,revenue,132047:2024:revenue:approved:b92a79b88d7a0d61,not-applicable,"",retained,（規則なし）,,
2024,revenue,132047:2024:revenue:approved:b9470a9bcdd5d555,not-applicable,"",retained,（規則なし）,,
2024,revenue,132047:2024:revenue:approved:b95d05cc029b61ba,not-applicable,"",retained,（規則なし）,,
2024,revenue,132047:2024:revenue:approved:b98812ba93c92de9,not-applicable,"",retained,（規則なし）,,
2024,revenue,132047:2024:revenue:approved:b9b7dfeb5dacb5c1,not-applicable,"",retained,（規則なし）,,
2024,revenue,132047:2024:revenue:approved:ba0cf2c12c423460,not-applicable,"",retained,（規則なし）,,
2024,revenue,132047:2024:revenue:approved:bab3821782cf8e40,not-applicable,"",retained,（規則なし）,,
2024,revenue,132047:2024:revenue:approved:bc078cbd3386abe5,not-applicable,"",retained,（規則なし）,,
2024,revenue,132047:2024:revenue:approved:bc4ab13442f64884,not-applicable,"",retained,（規則なし）,,
2024,revenue,132047:2024:revenue:approved:bc783147c9b1520a,not-applicable,"",retained,（規則なし）,,
2024,revenue,132047:2024:revenue:approved:bcb0d6bb0e7ddf6e,not-applicable,"",retained,（規則なし）,,
2024,revenue,132047:2024:revenue:approved:bcc3a47eec26a885,not-applicable,"",eliminated,項,revenue-interfund,一般会計
2024,revenue,132047:2024:revenue:approved:bd059104f7eae04c,not-applicable,"",retained,（規則なし）,,
2024,revenue,132047:2024:revenue:approved:bd8689b105440f46,not-applicable,"",retained,（規則なし）,,
2024,revenue,132047:2024:revenue:approved:bdd46f0ca78065ba,not-applicable,"",retained,（規則なし）,,
2024,revenue,132047:2024:revenue:approved:be94fd773d51d85f,not-applicable,"",retained,（規則なし）,,
2024,revenue,132047:2024:revenue:approved:bf8952610810b3bd,not-applicable,"",retained,（規則なし）,,
2024,revenue,132047:2024:revenue:approved:bffccd0ad72dd317,not-applicable,"",retained,（規則なし）,,
2024,revenue,132047:2024:revenue:approved:c00c884a22e87ff3,not-applicable,"",retained,（規則なし）,,
2024,revenue,132047:2024:revenue:approved:c099fff6f7617768,not-applicable,"",retained,（規則なし）,,
2024,revenue,132047:2024:revenue:approved:c0a013070f983411,not-applicable,"",retained,（規則なし）,,
2024,revenue,132047:2024:revenue:approved:c0abbd64b75d053a,not-applicable,"",retained,（規則なし）,,
2024,revenue,132047:2024:revenue:approved:c0d07c6001490693,not-applicable,"",retained,（規則なし）,,
2024,revenue,132047:2024:revenue:approved:c10a2f9a2e6d80a8,not-applicable,"",retained,（規則なし）,,
2024,revenue,132047:2024:revenue:approved:c11527ce2a445784,not-applicable,"",retained,（規則なし）,,
2024,revenue,132047:2024:revenue:approved:c1e4556d9a78f0fc,not-applicable,"",retained,（規則なし）,,
2024,revenue,132047:2024:revenue:approved:c23755b02ac533aa,not-applicable,"",retained,（規則なし）,,
2024,revenue,132047:2024:revenue:approved:c2970c5733720a29,not-applicable,"",retained,（規則なし）,,
2024,revenue,132047:2024:revenue:approved:c2fbf732ab2a75d1,not-applicable,"",retained,（規則なし）,,
2024,revenue,132047:2024:revenue:approved:c3453d153f02b179,not-applicable,"",retained,（規則なし）,,
2024,revenue,132047:2024:revenue:approved:c409bc6dcaa967f1,not-applicable,"",retained,（規則なし）,,
2024,revenue,132047:2024:revenue:approved:c4b663ca9729ecba,not-applicable,"",retained,（規則なし）,,
2024,revenue,132047:2024:revenue:approved:c4e79b5d6e457530,not-applicable,"",retained,（規則なし）,,
2024,revenue,132047:2024:revenue:approved:c52fb3522700f252,not-applicable,"",retained,（規則なし）,,
2024,revenue,132047:2024:revenue:approved:c53b6b69163e7678,not-applicable,"",retained,（規則なし）,,
2024,revenue,132047:2024:revenue:approved:c59cb79a2d756fe5,not-applicable,"",retained,（規則なし）,,
2024,revenue,132047:2024:revenue:approved:c5ab6ffa3ed762fe,not-applicable,"",retained,（規則なし）,,
2024,revenue,132047:2024:revenue:approved:c626b2523eac4fda,not-applicable,"",retained,（規則なし）,,
2024,revenue,132047:2024:revenue:approved:c6371d05d6b29c5e,not-applicable,"",retained,（規則なし）,,
2024,revenue,132047:2024:revenue:approved:c6c0a7a16b1370ca,not-applicable,"",retained,（規則なし）,,
2024,revenue,132047:2024:revenue:approved:c733124a472e6445,not-applicable,"",retained,（規則なし）,,
2024,revenue,132047:2024:revenue:approved:c74eca8c98e0353d,not-applicable,"",retained,（規則なし）,,
2024,revenue,132047:2024:revenue:approved:c762ad50711939d4,not-applicable,"",retained,（規則なし）,,
2024,revenue,132047:2024:revenue:approved:c7772fbdb4f0ebc0,not-applicable,"",retained,（規則なし）,,
2024,revenue,132047:2024:revenue:approved:c7ae495decb36b87,not-applicable,"",retained,（規則なし）,,
2024,revenue,132047:2024:revenue:approved:c7e813ffab14467a,not-applicable,"",retained,（規則なし）,,
2024,revenue,132047:2024:revenue:approved:c7f1fc368467f504,not-applicable,"",retained,（規則なし）,,
2024,revenue,132047:2024:revenue:approved:c7f5463323a5268e,not-applicable,"",retained,（規則なし）,,
2024,revenue,132047:2024:revenue:approved:c81bb0d4d4a5eec2,not-applicable,"",retained,（規則なし）,,
2024,revenue,132047:2024:revenue:approved:c8ef9f3d37159c73,not-applicable,"",eliminated,項,revenue-interfund,一般会計
2024,revenue,132047:2024:revenue:approved:c931538fa17d9584,not-applicable,"",retained,（規則なし）,,
2024,revenue,132047:2024:revenue:approved:c941f535c7225851,not-applicable,"",retained,（規則なし）,,
2024,revenue,132047:2024:revenue:approved:c94d227e45529c34,not-applicable,"",retained,（規則なし）,,
2024,revenue,132047:2024:revenue:approved:c9810d5b8baf3b5f,not-applicable,"",retained,（規則なし）,,
2024,revenue,132047:2024:revenue:approved:c9b5beb0f27ace87,not-applicable,"",eliminated,項,revenue-interfund,一般会計
2024,revenue,132047:2024:revenue:approved:c9dee2b34cf7aa9c,not-applicable,"",retained,（規則なし）,,
2024,revenue,132047:2024:revenue:approved:ca4e67dcd5047d0f,not-applicable,"",retained,（規則なし）,,
2024,revenue,132047:2024:revenue:approved:ca86794ab9743ed7,not-applicable,"",eliminated,項,revenue-interfund,一般会計
2024,revenue,132047:2024:revenue:approved:cb1577a40a485d32,not-applicable,"",retained,（規則なし）,,
2024,revenue,132047:2024:revenue:approved:cb4692f40fe7228d,not-applicable,"",retained,（規則なし）,,
2024,revenue,132047:2024:revenue:approved:cb4694c10511d84d,not-applicable,"",retained,（規則なし）,,
2024,revenue,132047:2024:revenue:approved:cb5ba95bd7a58070,not-applicable,"",retained,（規則なし）,,
2024,revenue,132047:2024:revenue:approved:cbbf9c3d248b013c,not-applicable,"",retained,（規則なし）,,
2024,revenue,132047:2024:revenue:approved:cbecf54e2091e329,not-applicable,"",retained,（規則なし）,,
2024,revenue,132047:2024:revenue:approved:cc26f4ff51a064d8,not-applicable,"",retained,（規則なし）,,
2024,revenue,132047:2024:revenue:approved:ccced0fa2289aa09,not-applicable,"",retained,（規則なし）,,
2024,revenue,132047:2024:revenue:approved:cce3c9b8a65b4a09,not-applicable,"",retained,（規則なし）,,
2024,revenue,132047:2024:revenue:approved:cd18d3df6e7aeb8f,not-applicable,"",retained,（規則なし）,,
2024,revenue,132047:2024:revenue:approved:cd2ba126994fa52b,not-applicable,"",retained,（規則なし）,,
2024,revenue,132047:2024:revenue:approved:cd53baafbfc8d368,not-applicable,"",retained,（規則なし）,,
2024,revenue,132047:2024:revenue:approved:cd5a8bdb0599f7de,not-applicable,"",retained,（規則なし）,,
2024,revenue,132047:2024:revenue:approved:cd5b05a1f5f8697d,not-applicable,"",retained,（規則なし）,,
2024,revenue,132047:2024:revenue:approved:cd7927d4cfcaf506,not-applicable,"",retained,（規則なし）,,
2024,revenue,132047:2024:revenue:approved:cda98128372e2e88,not-applicable,"",retained,（規則なし）,,
2024,revenue,132047:2024:revenue:approved:cda9fcfdf08a73e0,not-applicable,"",retained,（規則なし）,,
2024,revenue,132047:2024:revenue:approved:cdb7b89a39b7824b,not-applicable,"",retained,（規則なし）,,
2024,revenue,132047:2024:revenue:approved:cddf384692670568,not-applicable,"",retained,（規則なし）,,
2024,revenue,132047:2024:revenue:approved:cdf7a616af7f62a8,not-applicable,"",retained,（規則なし）,,
2024,revenue,132047:2024:revenue:approved:ce0af81d6bdc111f,not-applicable,"",retained,（規則なし）,,
2024,revenue,132047:2024:revenue:approved:ce63d593d85095f6,not-applicable,"",retained,（規則なし）,,
2024,revenue,132047:2024:revenue:approved:ce79b51e58fdc4a6,not-applicable,"",retained,（規則なし）,,
2024,revenue,132047:2024:revenue:approved:ceeaf388fc0ed0c4,not-applicable,"",retained,（規則なし）,,
2024,revenue,132047:2024:revenue:approved:cf062aaa3743aeed,not-applicable,"",retained,（規則なし）,,
2024,revenue,132047:2024:revenue:approved:cf2450a8be1f1439,not-applicable,"",retained,（規則なし）,,
2024,revenue,132047:2024:revenue:approved:cf6feb290df7763e,not-applicable,"",retained,（規則なし）,,
2024,revenue,132047:2024:revenue:approved:cfa8c28856fcccb8,not-applicable,"",retained,（規則なし）,,
2024,revenue,132047:2024:revenue:approved:cfd7fe5cb66baa3c,not-applicable,"",retained,（規則なし）,,
2024,revenue,132047:2024:revenue:approved:cfeebcf24b64931e,not-applicable,"",retained,（規則なし）,,
2024,revenue,132047:2024:revenue:approved:d05fc91c64f5d587,not-applicable,"",retained,（規則なし）,,
2024,revenue,132047:2024:revenue:approved:d12e0ba25e20b24e,not-applicable,"",retained,（規則なし）,,
2024,revenue,132047:2024:revenue:approved:d1c1186c647b7347,not-applicable,"",retained,（規則なし）,,
2024,revenue,132047:2024:revenue:approved:d2d47762b702e367,not-applicable,"",eliminated,項,revenue-interfund,一般会計
2024,revenue,132047:2024:revenue:approved:d38eeee2e29b72e6,not-applicable,"",retained,（規則なし）,,
2024,revenue,132047:2024:revenue:approved:d3d30ddbba472c12,not-applicable,"",retained,（規則なし）,,
2024,revenue,132047:2024:revenue:approved:d436388429298a0c,not-applicable,"",retained,（規則なし）,,
2024,revenue,132047:2024:revenue:approved:d446d00f01144c76,not-applicable,"",retained,（規則なし）,,
2024,revenue,132047:2024:revenue:approved:d44d589410bdac0b,not-applicable,"",retained,（規則なし）,,
2024,revenue,132047:2024:revenue:approved:d4ba886b9406a08c,not-applicable,"",retained,（規則なし）,,
2024,revenue,132047:2024:revenue:approved:d4ea74ac7dab136c,not-applicable,"",retained,（規則なし）,,
2024,revenue,132047:2024:revenue:approved:d53a6cf3b5ca2f69,not-applicable,"",retained,（規則なし）,,
2024,revenue,132047:2024:revenue:approved:d564086c4a28dc31,not-applicable,"",retained,（規則なし）,,
2024,revenue,132047:2024:revenue:approved:d5705b7a6bc2e4dc,not-applicable,"",retained,（規則なし）,,
2024,revenue,132047:2024:revenue:approved:d5b295a7b48f5c9e,not-applicable,"",retained,（規則なし）,,
2024,revenue,132047:2024:revenue:approved:d61b185164b57eb9,not-applicable,"",retained,（規則なし）,,
2024,revenue,132047:2024:revenue:approved:d61fe8afae5131b9,not-applicable,"",retained,（規則なし）,,
2024,revenue,132047:2024:revenue:approved:d676c8f61ce0ef84,not-applicable,"",retained,（規則なし）,,
2024,revenue,132047:2024:revenue:approved:d67ef61f6c0bb816,not-applicable,"",retained,（規則なし）,,
2024,revenue,132047:2024:revenue:approved:d692b70ce5877dbf,not-applicable,"",retained,（規則なし）,,
2024,revenue,132047:2024:revenue:approved:d70fa7abdbdbcf22,not-applicable,"",retained,（規則なし）,,
2024,revenue,132047:2024:revenue:approved:d7455c507fb99f6b,not-applicable,"",retained,（規則なし）,,
2024,revenue,132047:2024:revenue:approved:d77a364537321dce,not-applicable,"",retained,（規則なし）,,
2024,revenue,132047:2024:revenue:approved:d846cd407404124d,not-applicable,"",retained,（規則なし）,,
2024,revenue,132047:2024:revenue:approved:d8548993ae3e09bd,not-applicable,"",retained,（規則なし）,,
2024,revenue,132047:2024:revenue:approved:d8cd9232f5367176,not-applicable,"",retained,（規則なし）,,
2024,revenue,132047:2024:revenue:approved:d90695b2b933e702,not-applicable,"",retained,（規則なし）,,
2024,revenue,132047:2024:revenue:approved:d948fc88942dd2bb,not-applicable,"",retained,（規則なし）,,
2024,revenue,132047:2024:revenue:approved:d97add33e56cc813,not-applicable,"",retained,（規則なし）,,
2024,revenue,132047:2024:revenue:approved:da084d34dbd59788,not-applicable,"",retained,（規則なし）,,
2024,revenue,132047:2024:revenue:approved:dad7a548c315db84,not-applicable,"",retained,（規則なし）,,
2024,revenue,132047:2024:revenue:approved:dbfd5a57cee6defb,not-applicable,"",retained,（規則なし）,,
2024,revenue,132047:2024:revenue:approved:dc0a0f3d60a00c6d,not-applicable,"",retained,（規則なし）,,
2024,revenue,132047:2024:revenue:approved:dc4bc30e0076dd70,not-applicable,"",retained,（規則なし）,,
2024,revenue,132047:2024:revenue:approved:dd48fd12c9f0a841,not-applicable,"",retained,（規則なし）,,
2024,revenue,132047:2024:revenue:approved:dd525c5c933fd1c7,not-applicable,"",retained,（規則なし）,,
2024,revenue,132047:2024:revenue:approved:de0b5c4383ebfd46,not-applicable,"",retained,（規則なし）,,
2024,revenue,132047:2024:revenue:approved:de4a7b0d823edf8a,not-applicable,"",retained,（規則なし）,,
2024,revenue,132047:2024:revenue:approved:decb57112b2e2e40,not-applicable,"",retained,（規則なし）,,
2024,revenue,132047:2024:revenue:approved:df241d3398bc7bea,not-applicable,"",retained,（規則なし）,,
2024,revenue,132047:2024:revenue:approved:e001725a6c2a6b9f,not-applicable,"",retained,（規則なし）,,
2024,revenue,132047:2024:revenue:approved:e0693bc9e946b056,not-applicable,"",retained,（規則なし）,,
2024,revenue,132047:2024:revenue:approved:e0847d10e162e94f,not-applicable,"",retained,（規則なし）,,
2024,revenue,132047:2024:revenue:approved:e0f8248b73792e2e,not-applicable,"",retained,（規則なし）,,
2024,revenue,132047:2024:revenue:approved:e10539d5a5012643,not-applicable,"",retained,（規則なし）,,
2024,revenue,132047:2024:revenue:approved:e151099909003656,not-applicable,"",retained,（規則なし）,,
2024,revenue,132047:2024:revenue:approved:e2253c6d823bac71,not-applicable,"",retained,（規則なし）,,
2024,revenue,132047:2024:revenue:approved:e23692b5c97b39ef,not-applicable,"",retained,（規則なし）,,
2024,revenue,132047:2024:revenue:approved:e2f44f634e063a1c,not-applicable,"",retained,（規則なし）,,
2024,revenue,132047:2024:revenue:approved:e35cb37c9842851e,not-applicable,"",retained,（規則なし）,,
2024,revenue,132047:2024:revenue:approved:e391aa3a5504cdfd,not-applicable,"",retained,（規則なし）,,
2024,revenue,132047:2024:revenue:approved:e3c183803a98aeaa,not-applicable,"",retained,（規則なし）,,
2024,revenue,132047:2024:revenue:approved:e3cbe2691d470608,not-applicable,"",retained,（規則なし）,,
2024,revenue,132047:2024:revenue:approved:e3e4a18b9571b649,not-applicable,"",retained,（規則なし）,,
2024,revenue,132047:2024:revenue:approved:e54f0d7e2107a8ea,not-applicable,"",retained,（規則なし）,,
2024,revenue,132047:2024:revenue:approved:e55b4e93be1ff166,not-applicable,"",retained,（規則なし）,,
2024,revenue,132047:2024:revenue:approved:e56c393b55edd071,not-applicable,"",retained,（規則なし）,,
2024,revenue,132047:2024:revenue:approved:e5871519b40915e4,not-applicable,"",retained,（規則なし）,,
2024,revenue,132047:2024:revenue:approved:e5e201d4a6ad8022,not-applicable,"",retained,（規則なし）,,
2024,revenue,132047:2024:revenue:approved:e5fa3a04980df443,not-applicable,"",retained,（規則なし）,,
2024,revenue,132047:2024:revenue:approved:e665b92cf98dc215,not-applicable,"",retained,（規則なし）,,
2024,revenue,132047:2024:revenue:approved:e679b205bd13ef2f,not-applicable,"",retained,（規則なし）,,
2024,revenue,132047:2024:revenue:approved:e6a40f623e86b41f,not-applicable,"",retained,（規則なし）,,
2024,revenue,132047:2024:revenue:approved:e708fc2ab3e0f05e,not-applicable,"",retained,（規則なし）,,
2024,revenue,132047:2024:revenue:approved:e73c5d0fe1bed6b5,not-applicable,"",retained,（規則なし）,,
2024,revenue,132047:2024:revenue:approved:e782019dc4af6b02,not-applicable,"",retained,（規則なし）,,
2024,revenue,132047:2024:revenue:approved:e7bc30a37ba37dc2,not-applicable,"",retained,（規則なし）,,
2024,revenue,132047:2024:revenue:approved:e7caf88acb8f0f92,not-applicable,"",retained,（規則なし）,,
2024,revenue,132047:2024:revenue:approved:e7da24b42d0c0a11,not-applicable,"",eliminated,項,revenue-interfund,一般会計
2024,revenue,132047:2024:revenue:approved:e7ed17b56d03abce,not-applicable,"",retained,（規則なし）,,
2024,revenue,132047:2024:revenue:approved:e7f4d3f4790aeede,not-applicable,"",retained,（規則なし）,,
2024,revenue,132047:2024:revenue:approved:e813c9ab50f33f4d,not-applicable,"",retained,（規則なし）,,
2024,revenue,132047:2024:revenue:approved:e81cb518a3799005,not-applicable,"",retained,（規則なし）,,
2024,revenue,132047:2024:revenue:approved:e891c0bcf996e47f,not-applicable,"",retained,（規則なし）,,
2024,revenue,132047:2024:revenue:approved:e97fe1cc9ef2a70d,not-applicable,"",retained,（規則なし）,,
2024,revenue,132047:2024:revenue:approved:e9cb1845958349aa,not-applicable,"",retained,（規則なし）,,
2024,revenue,132047:2024:revenue:approved:e9eae4e8861e104f,not-applicable,"",retained,（規則なし）,,
2024,revenue,132047:2024:revenue:approved:ea1017b2c7430b4b,not-applicable,"",retained,（規則なし）,,
2024,revenue,132047:2024:revenue:approved:ea924e36d6cd7163,not-applicable,"",retained,（規則なし）,,
2024,revenue,132047:2024:revenue:approved:ea9e356baa674ad1,not-applicable,"",retained,（規則なし）,,
2024,revenue,132047:2024:revenue:approved:eab08f95341f61bb,not-applicable,"",retained,（規則なし）,,
2024,revenue,132047:2024:revenue:approved:eac8579b8f8324ad,not-applicable,"",retained,（規則なし）,,
2024,revenue,132047:2024:revenue:approved:eb8a809ea625c849,not-applicable,"",retained,（規則なし）,,
2024,revenue,132047:2024:revenue:approved:ebd3ebea2c51a074,not-applicable,"",retained,（規則なし）,,
2024,revenue,132047:2024:revenue:approved:ebf018ef6d5e284e,not-applicable,"",retained,（規則なし）,,
2024,revenue,132047:2024:revenue:approved:ec29d15286c3b64e,not-applicable,"",retained,（規則なし）,,
2024,revenue,132047:2024:revenue:approved:ec48c2a8a6dbbfb6,not-applicable,"",retained,（規則なし）,,
2024,revenue,132047:2024:revenue:approved:ec521903795296a8,not-applicable,"",retained,（規則なし）,,
2024,revenue,132047:2024:revenue:approved:ec5ca337069feb8e,not-applicable,"",retained,（規則なし）,,
2024,revenue,132047:2024:revenue:approved:ec73bf410a28f26f,not-applicable,"",eliminated,項,revenue-interfund,一般会計
2024,revenue,132047:2024:revenue:approved:ecba9961cddbd2d4,not-applicable,"",eliminated,項,revenue-interfund,一般会計
2024,revenue,132047:2024:revenue:approved:ed149e9f871b5ec3,not-applicable,"",retained,（規則なし）,,
2024,revenue,132047:2024:revenue:approved:ed34e90d70285439,not-applicable,"",retained,（規則なし）,,
2024,revenue,132047:2024:revenue:approved:ee2dcd76782f99ea,not-applicable,"",retained,（規則なし）,,
2024,revenue,132047:2024:revenue:approved:ef1b8fc9066a9c4c,not-applicable,"",retained,（規則なし）,,
2024,revenue,132047:2024:revenue:approved:ef64fe6338f309b6,not-applicable,"",retained,（規則なし）,,
2024,revenue,132047:2024:revenue:approved:efe3f7ad7e9ea09f,not-applicable,"",retained,（規則なし）,,
2024,revenue,132047:2024:revenue:approved:f08a95c026b31eb6,not-applicable,"",retained,（規則なし）,,
2024,revenue,132047:2024:revenue:approved:f098858084f4e0bf,not-applicable,"",retained,（規則なし）,,
2024,revenue,132047:2024:revenue:approved:f0ed4c1d23ee3f9c,not-applicable,"",retained,（規則なし）,,
2024,revenue,132047:2024:revenue:approved:f135da8085025fef,not-applicable,"",retained,（規則なし）,,
2024,revenue,132047:2024:revenue:approved:f17e721c9104ad07,not-applicable,"",retained,（規則なし）,,
2024,revenue,132047:2024:revenue:approved:f1dfc6b749ff48ac,not-applicable,"",retained,（規則なし）,,
2024,revenue,132047:2024:revenue:approved:f2066e5bd4ba6cad,not-applicable,"",retained,（規則なし）,,
2024,revenue,132047:2024:revenue:approved:f25f84bb186e39b6,not-applicable,"",retained,（規則なし）,,
2024,revenue,132047:2024:revenue:approved:f2cdac1832f2639c,not-applicable,"",retained,（規則なし）,,
2024,revenue,132047:2024:revenue:approved:f351e2f46b23e816,not-applicable,"",retained,（規則なし）,,
2024,revenue,132047:2024:revenue:approved:f3b51f68a713fd03,not-applicable,"",retained,（規則なし）,,
2024,revenue,132047:2024:revenue:approved:f41973b6c4431c81,not-applicable,"",retained,（規則なし）,,
2024,revenue,132047:2024:revenue:approved:f440c6d3eab56afb,not-applicable,"",retained,（規則なし）,,
2024,revenue,132047:2024:revenue:approved:f4a62ff3eb1a679a,not-applicable,"",retained,（規則なし）,,
2024,revenue,132047:2024:revenue:approved:f4bdbf2973243f99,not-applicable,"",retained,（規則なし）,,
2024,revenue,132047:2024:revenue:approved:f51858f6afcd2564,not-applicable,"",retained,（規則なし）,,
2024,revenue,132047:2024:revenue:approved:f577633e62668a15,not-applicable,"",retained,（規則なし）,,
2024,revenue,132047:2024:revenue:approved:f60fe904b57787b8,not-applicable,"",retained,（規則なし）,,
2024,revenue,132047:2024:revenue:approved:f6387a7d4f2103ff,not-applicable,"",retained,（規則なし）,,
2024,revenue,132047:2024:revenue:approved:f64e19bfd34d4be0,not-applicable,"",retained,（規則なし）,,
2024,revenue,132047:2024:revenue:approved:f696a47dc0c28c1d,not-applicable,"",retained,（規則なし）,,
2024,revenue,132047:2024:revenue:approved:f70c82ebd51ce552,not-applicable,"",retained,（規則なし）,,
2024,revenue,132047:2024:revenue:approved:f7eda7d2c03ba60d,not-applicable,"",retained,（規則なし）,,
2024,revenue,132047:2024:revenue:approved:f804a595516b0d8b,not-applicable,"",retained,（規則なし）,,
2024,revenue,132047:2024:revenue:approved:f879c9eceadd2127,not-applicable,"",retained,（規則なし）,,
2024,revenue,132047:2024:revenue:approved:f87d1e7fe9eb43b1,not-applicable,"",retained,（規則なし）,,
2024,revenue,132047:2024:revenue:approved:f88d2009dde3dec0,not-applicable,"",retained,（規則なし）,,
2024,revenue,132047:2024:revenue:approved:f93af2ef23cd0690,not-applicable,"",retained,（規則なし）,,
2024,revenue,132047:2024:revenue:approved:f95584552b51d812,not-applicable,"",retained,（規則なし）,,
2024,revenue,132047:2024:revenue:approved:f9bd6d28990f7f45,not-applicable,"",retained,（規則なし）,,
2024,revenue,132047:2024:revenue:approved:f9ff7d2aa41bc684,not-applicable,"",retained,（規則なし）,,
2024,revenue,132047:2024:revenue:approved:fa018240dbcc8378,not-applicable,"",eliminated,項,revenue-interfund,一般会計
2024,revenue,132047:2024:revenue:approved:fa291c9c0312f807,not-applicable,"",retained,（規則なし）,,
2024,revenue,132047:2024:revenue:approved:fa7be8ed21fd76a0,not-applicable,"",retained,（規則なし）,,
2024,revenue,132047:2024:revenue:approved:fa8bfad4f5c39def,not-applicable,"",retained,（規則なし）,,
2024,revenue,132047:2024:revenue:approved:fae167c8dea1f20c,not-applicable,"",retained,（規則なし）,,
2024,revenue,132047:2024:revenue:approved:fafaa29b8375fd5d,not-applicable,"",retained,（規則なし）,,
2024,revenue,132047:2024:revenue:approved:fb01ff93aaae6a90,not-applicable,"",retained,（規則なし）,,
2024,revenue,132047:2024:revenue:approved:fb0a4878a6761350,not-applicable,"",retained,（規則なし）,,
2024,revenue,132047:2024:revenue:approved:fb28cd3ed6c74a33,not-applicable,"",retained,（規則なし）,,
2024,revenue,132047:2024:revenue:approved:fb38edf475963db9,not-applicable,"",retained,（規則なし）,,
2024,revenue,132047:2024:revenue:approved:fbf4b18799d1dd94,not-applicable,"",retained,（規則なし）,,
2024,revenue,132047:2024:revenue:approved:fc0a782b98515745,not-applicable,"",retained,（規則なし）,,
2024,revenue,132047:2024:revenue:approved:fc12b3ea517f55e0,not-applicable,"",retained,（規則なし）,,
2024,revenue,132047:2024:revenue:approved:fc957eb66d62453c,not-applicable,"",retained,（規則なし）,,
2024,revenue,132047:2024:revenue:approved:fcd71039b9fb3ccf,not-applicable,"",retained,（規則なし）,,
2024,revenue,132047:2024:revenue:approved:fd1bcaabf0146f7e,not-applicable,"",retained,（規則なし）,,
2024,revenue,132047:2024:revenue:approved:fd25057332cd76cf,not-applicable,"",retained,（規則なし）,,
2024,revenue,132047:2024:revenue:approved:ff05941193027c43,not-applicable,"",retained,（規則なし）,,
2024,revenue,132047:2024:revenue:approved:ffbc4159986d40f0,not-applicable,"",retained,（規則なし）,,
2024,revenue,132047:2024:revenue:approved:ffd932ed3c7aea15,not-applicable,"",retained,（規則なし）,,
