fiscal_year,direction,budget_line_id,cofog_status,cofog_division,cofog_group,cofog_class,cofog_consolidation,cofog_decided_at_level,cofog_rule_id,cofog_counterpart_fund
2026,expenditure,131016:2026:expenditure:approved:000f8d6c092ccdbf,assigned,10,10.2,"",retained,目,chiyoda-koreisha,
2026,expenditure,131016:2026:expenditure:approved:001312f5dcb56d51,assigned,01,"","",retained,項,chiyoda-chiiki-other,
2026,expenditure,131016:2026:expenditure:approved:00389e3dfefd19ac,assigned,09,09.5,"",retained,項,chiyoda-bunka-other,
2026,expenditure,131016:2026:expenditure:approved:006a3c3df7200ff3,assigned,06,06.1,"",retained,目,chiyoda-jutaku,
2026,expenditure,131016:2026:expenditure:approved:006e80af8879bc88,assigned,01,"","",retained,款,somu,
2026,expenditure,131016:2026:expenditure:approved:00d3dd9d3cf026fc,assigned,10,"","",retained,項,chiyoda-fukushi-kanri,
2026,expenditure,131016:2026:expenditure:approved:01ae91440f9219ae,assigned,10,10.4,"",retained,項,chiyoda-kodomo-katei,
2026,expenditure,131016:2026:expenditure:approved:01ea15cd1289857e,assigned,07,"","",retained,項,chiyoda-kenko,
2026,expenditure,131016:2026:expenditure:approved:02cd577e6b2ed262,assigned,10,10.4,"",retained,項,chiyoda-kodomo-katei,
2026,expenditure,131016:2026:expenditure:approved:039c66f1298a2869,assigned,06,06.1,"",retained,目,chiyoda-jutaku,
2026,expenditure,131016:2026:expenditure:approved:03cda66eb9c509f6,assigned,09,09.2,"",retained,目,chiyoda-gakko-chuto,
2026,expenditure,131016:2026:expenditure:approved:03f38216ba7e6759,assigned,10,10.1,"",retained,目,chiyoda-shogaisha,
2026,expenditure,131016:2026:expenditure:approved:03faf277fcaac974,assigned,01,"","",retained,項,chiyoda-chiiki-other,
2026,expenditure,131016:2026:expenditure:approved:040757119e94f345,assigned,08,08.1,"",retained,目,chiyoda-kouen,
2026,expenditure,131016:2026:expenditure:approved:052e3fa9eba1d9f7,assigned,09,09.2,"",retained,目,chiyoda-gakko-chuto,
2026,expenditure,131016:2026:expenditure:approved:057f44de6d654fb0,assigned,08,08.1,"",retained,目,chiyoda-kouen,
2026,expenditure,131016:2026:expenditure:approved:05d22465c1e8b1d3,assigned,10,10.1,"",retained,目,chiyoda-shogaisha,
2026,expenditure,131016:2026:expenditure:approved:0648aa3949585ed6,assigned,10,10.4,"",retained,項,chiyoda-kodomo-katei,
2026,expenditure,131016:2026:expenditure:approved:06ba78e2c0ba3099,assigned,01,"","",retained,項,chiyoda-chiiki-other,
2026,expenditure,131016:2026:expenditure:approved:0737ce0432fdf732,assigned,04,04.5,04.5.1,retained,項,chiyoda-doro,
2026,expenditure,131016:2026:expenditure:approved:073c62c4d605fa06,assigned,01,"","",retained,項,chiyoda-chiiki-other,
2026,expenditure,131016:2026:expenditure:approved:074bad3d8051ff3c,assigned,09,09.5,"",retained,項,chiyoda-bunka-other,
2026,expenditure,131016:2026:expenditure:approved:077f4159050ae0cc,assigned,07,"","",retained,項,chiyoda-kenko,
2026,expenditure,131016:2026:expenditure:approved:0781ecd2a24c6d22,assigned,06,06.2,"",retained,目,chiyoda-chiiki-shisetsu,
2026,expenditure,131016:2026:expenditure:approved:07fe121b031853e6,assigned,01,"","",retained,項,chiyoda-chiiki-other,
2026,expenditure,131016:2026:expenditure:approved:084b9bcedf488f18,assigned,08,08.2,"",retained,目,chiyoda-bunka-toshokan,
2026,expenditure,131016:2026:expenditure:approved:087ce2eea978601c,out-of-scope,"","","",retained,項,chiyoda-tsumitate,
2026,expenditure,131016:2026:expenditure:approved:08f41c25315460b7,assigned,07,"","",retained,項,chiyoda-kenko,
2026,expenditure,131016:2026:expenditure:approved:0929830b40c2d6c5,assigned,08,08.2,"",retained,目,chiyoda-bunka-toshokan,
2026,expenditure,131016:2026:expenditure:approved:09ac7585fe509343,assigned,09,09.1,"",retained,目,chiyoda-gakko-shoto,
2026,expenditure,131016:2026:expenditure:approved:09ed9a716fa77a10,assigned,01,"","",retained,項,chiyoda-zeimu,
2026,expenditure,131016:2026:expenditure:approved:09fafa1e68f51622,assigned,09,09.8,"",retained,項,chiyoda-kodomo-kanri,
2026,expenditure,131016:2026:expenditure:approved:0a1ab15bda571945,assigned,01,"","",retained,款,somu,
2026,expenditure,131016:2026:expenditure:approved:0a33d650a3985fbe,assigned,10,10.2,"",retained,目,chiyoda-koreisha,
2026,expenditure,131016:2026:expenditure:approved:0aaf28098fcd0fcb,assigned,07,"","",retained,項,chiyoda-kenko,
2026,expenditure,131016:2026:expenditure:approved:0adfbccea627522f,assigned,06,06.2,"",retained,項,chiyoda-toshi-other,
2026,expenditure,131016:2026:expenditure:approved:0b15a4eee12bde3f,assigned,01,"","",retained,項,chiyoda-zeimu,
2026,expenditure,131016:2026:expenditure:approved:0b2150f10d09f747,assigned,10,10.4,"",retained,項,chiyoda-kodomo-katei,
2026,expenditure,131016:2026:expenditure:approved:0b6d5fd4bbdea459,assigned,09,09.5,"",retained,項,chiyoda-bunka-other,
2026,expenditure,131016:2026:expenditure:approved:0bf02fcd59d3c6bc,assigned,06,06.1,"",retained,目,chiyoda-jutaku,
2026,expenditure,131016:2026:expenditure:approved:0bfc57ca8d2f58e1,assigned,09,09.2,"",retained,目,chiyoda-gakko-chuto,
2026,expenditure,131016:2026:expenditure:approved:0c1af7bc03097b2d,assigned,09,09.5,"",retained,項,chiyoda-bunka-other,
2026,expenditure,131016:2026:expenditure:approved:0c9385559a01aaec,assigned,01,"","",retained,項,chiyoda-chiiki-other,
2026,expenditure,131016:2026:expenditure:approved:0cc37ec7778ddff5,assigned,01,"","",retained,款,somu,
2026,expenditure,131016:2026:expenditure:approved:0cdd289afe7fb03f,assigned,05,05.1,"",retained,項,chiyoda-seiso,
2026,expenditure,131016:2026:expenditure:approved:0cf618c0a2e8c3fb,assigned,04,04.7,"",retained,目,chiyoda-chiiki-shoko,
2026,expenditure,131016:2026:expenditure:approved:0d44304c93e443e1,assigned,06,"","",retained,項,chiyoda-kankyo-other,
2026,expenditure,131016:2026:expenditure:approved:0d5ddacb30f07749,assigned,06,06.2,"",retained,目,chiyoda-chiiki-shisetsu,
2026,expenditure,131016:2026:expenditure:approved:0d6b7ccbc64e9992,assigned,04,04.7,"",retained,目,chiyoda-chiiki-shoko,
2026,expenditure,131016:2026:expenditure:approved:0d6e2c97fd498506,assigned,06,06.1,"",retained,目,chiyoda-jutaku,
2026,expenditure,131016:2026:expenditure:approved:0e4e99dfd708372e,assigned,10,10.2,"",retained,目,chiyoda-koreisha,
2026,expenditure,131016:2026:expenditure:approved:0e7562fca3ec37a3,assigned,01,01.7,"",retained,目,debt-interest,
2026,expenditure,131016:2026:expenditure:approved:0fd22477dca41a15,assigned,01,"","",retained,款,somu,
2026,expenditure,131016:2026:expenditure:approved:1025a3c6c5bfba39,assigned,07,"","",retained,項,chiyoda-kenko,
2026,expenditure,131016:2026:expenditure:approved:107dc69dd276305d,assigned,10,10.2,"",retained,目,chiyoda-koreisha,
2026,expenditure,131016:2026:expenditure:approved:10910a3cefe5858a,assigned,10,10.1,"",retained,目,chiyoda-shogaisha,
2026,expenditure,131016:2026:expenditure:approved:11952ef32c4d89a2,assigned,10,10.4,"",retained,項,chiyoda-kodomo-katei,
2026,expenditure,131016:2026:expenditure:approved:12175f6c83ee7a53,assigned,09,09.1,"",retained,目,chiyoda-gakko-shoto,
2026,expenditure,131016:2026:expenditure:approved:1231a577475b9c58,assigned,09,09.5,"",retained,項,chiyoda-bunka-other,
2026,expenditure,131016:2026:expenditure:approved:12f4d217c485b44b,assigned,01,"","",retained,項,chiyoda-shokuin-other,
2026,expenditure,131016:2026:expenditure:approved:12fc8f08158dad7b,assigned,08,08.1,"",retained,目,chiyoda-bunka-sports,
2026,expenditure,131016:2026:expenditure:approved:1317af0f838a988f,assigned,01,"","",retained,款,somu,
2026,expenditure,131016:2026:expenditure:approved:13359a6b9fcd829f,assigned,09,09.8,"",retained,項,chiyoda-kodomo-kanri,
2026,expenditure,131016:2026:expenditure:approved:1336c5b742150e55,assigned,09,09.2,"",retained,目,chiyoda-gakko-chuto,
2026,expenditure,131016:2026:expenditure:approved:142ea4f6541df27e,assigned,04,04.5,04.5.1,retained,項,chiyoda-doro,
2026,expenditure,131016:2026:expenditure:approved:14a077dbd2f013d9,assigned,04,04.7,"",retained,目,chiyoda-chiiki-shoko,
2026,expenditure,131016:2026:expenditure:approved:14d0b89d06017e98,assigned,04,04.7,"",retained,目,chiyoda-chiiki-shoko,
2026,expenditure,131016:2026:expenditure:approved:154a2f499bae2c21,assigned,04,04.5,04.5.1,retained,項,chiyoda-doro,
2026,expenditure,131016:2026:expenditure:approved:15814d4027aabc1d,assigned,10,10.4,"",retained,項,chiyoda-kodomo-katei,
2026,expenditure,131016:2026:expenditure:approved:15ca17a289701cac,assigned,01,"","",retained,款,somu,
2026,expenditure,131016:2026:expenditure:approved:15d4a22c6982269e,assigned,10,10.1,"",retained,目,chiyoda-shogaisha,
2026,expenditure,131016:2026:expenditure:approved:15dd7456d13a5ef0,assigned,10,10.7,"",retained,項,chiyoda-seikatsuhogo,
2026,expenditure,131016:2026:expenditure:approved:1695b798a006528d,assigned,09,09.8,"",retained,項,chiyoda-kodomo-kanri,
2026,expenditure,131016:2026:expenditure:approved:179a5ca04803396d,assigned,10,10.2,"",retained,目,chiyoda-koreisha,
2026,expenditure,131016:2026:expenditure:approved:17cf56eaf6c8a0b7,assigned,01,"","",retained,款,somu,
2026,expenditure,131016:2026:expenditure:approved:183dd12f542e79b4,assigned,01,"","",retained,款,somu,
2026,expenditure,131016:2026:expenditure:approved:1874607ec93402cb,assigned,06,06.2,"",retained,目,chiyoda-chiiki-shisetsu,
2026,expenditure,131016:2026:expenditure:approved:18e965e81c7d4004,assigned,10,10.4,"",retained,項,chiyoda-kodomo-katei,
2026,expenditure,131016:2026:expenditure:approved:18eeb9e5702b8092,assigned,06,06.2,"",retained,目,chiyoda-chiiki-shisetsu,
2026,expenditure,131016:2026:expenditure:approved:19692b707f23f6ec,assigned,01,01.3,"",retained,項,chiyoda-madoguchi,
2026,expenditure,131016:2026:expenditure:approved:1a16db6af51bf5b1,assigned,10,"","",retained,項,chiyoda-fukushi-kanri,
2026,expenditure,131016:2026:expenditure:approved:1aceac487e7b84b7,assigned,05,05.1,"",retained,項,chiyoda-seiso,
2026,expenditure,131016:2026:expenditure:approved:1b29e2529e452b25,assigned,10,10.1,"",retained,目,chiyoda-shogaisha,
2026,expenditure,131016:2026:expenditure:approved:1b323f61b376d5b2,assigned,06,06.2,"",retained,項,chiyoda-toshi-other,
2026,expenditure,131016:2026:expenditure:approved:1b33b274f146a4a1,assigned,01,"","",retained,款,somu,
2026,expenditure,131016:2026:expenditure:approved:1b5ee7a544041b38,assigned,09,09.2,"",retained,目,chiyoda-gakko-chuto,
2026,expenditure,131016:2026:expenditure:approved:1bb71be683a0f106,assigned,06,"","",retained,項,chiyoda-kankyo-other,
2026,expenditure,131016:2026:expenditure:approved:1c3ffeeca59a102d,assigned,10,10.4,"",retained,項,chiyoda-kodomo-katei,
2026,expenditure,131016:2026:expenditure:approved:1c4cd27febb155a2,assigned,01,"","",retained,款,somu,
2026,expenditure,131016:2026:expenditure:approved:1cdc60260f8f6ec7,assigned,10,10.1,"",retained,目,chiyoda-shogaisha,
2026,expenditure,131016:2026:expenditure:approved:1cf218cb171169a8,assigned,01,"","",retained,款,somu,
2026,expenditure,131016:2026:expenditure:approved:1d0edb992b23ccaa,assigned,01,"","",retained,款,somu,
2026,expenditure,131016:2026:expenditure:approved:1d5106addeb754a8,assigned,01,"","",retained,款,somu,
2026,expenditure,131016:2026:expenditure:approved:1d72d24de2b81034,assigned,01,"","",retained,款,somu,
2026,expenditure,131016:2026:expenditure:approved:1d9555c5c9ececb9,assigned,10,10.2,"",retained,目,chiyoda-koreisha,
2026,expenditure,131016:2026:expenditure:approved:1db2aa82f862ff1f,assigned,08,08.2,"",retained,目,chiyoda-bunka-toshokan,
2026,expenditure,131016:2026:expenditure:approved:1dcb72418cbb9904,assigned,10,10.2,"",retained,目,chiyoda-koreisha,
2026,expenditure,131016:2026:expenditure:approved:1dda1659e5b2421c,assigned,09,09.5,"",retained,項,chiyoda-bunka-other,
2026,expenditure,131016:2026:expenditure:approved:1e3b4785ede23efb,assigned,04,04.7,"",retained,目,chiyoda-chiiki-shoko,
2026,expenditure,131016:2026:expenditure:approved:1f06e1f8dc31c697,assigned,10,10.2,"",retained,目,chiyoda-koreisha,
2026,expenditure,131016:2026:expenditure:approved:1f1b8ab703956e0f,assigned,04,04.7,"",retained,目,chiyoda-chiiki-shoko,
2026,expenditure,131016:2026:expenditure:approved:1f3ba1bb02269e1f,assigned,08,08.2,"",retained,目,chiyoda-bunka-toshokan,
2026,expenditure,131016:2026:expenditure:approved:1f75bcaed1142d67,out-of-scope,"","","",retained,項,chiyoda-tsumitate,
2026,expenditure,131016:2026:expenditure:approved:1fa769048eb2db8b,assigned,10,10.4,"",retained,項,chiyoda-kodomo-katei,
2026,expenditure,131016:2026:expenditure:approved:1fc0152acbc9e63a,assigned,01,"","",retained,項,chiyoda-chiiki-other,
2026,expenditure,131016:2026:expenditure:approved:20aeb3d86565b77f,assigned,01,"","",retained,款,somu,
2026,expenditure,131016:2026:expenditure:approved:20b23450e92c5cfd,assigned,10,10.4,"",retained,項,chiyoda-kodomo-katei,
2026,expenditure,131016:2026:expenditure:approved:20e0678d5c175fd2,assigned,10,10.1,"",retained,目,chiyoda-shogaisha,
2026,expenditure,131016:2026:expenditure:approved:2132a2453645e7a0,assigned,07,"","",retained,項,chiyoda-kenko,
2026,expenditure,131016:2026:expenditure:approved:2173acbc0270a733,assigned,09,09.8,"",retained,項,chiyoda-kodomo-kanri,
2026,expenditure,131016:2026:expenditure:approved:21811172cb3a9113,assigned,07,"","",retained,項,chiyoda-kenko,
2026,expenditure,131016:2026:expenditure:approved:219d42670e2b85d3,assigned,04,04.5,04.5.1,retained,項,chiyoda-doro,
2026,expenditure,131016:2026:expenditure:approved:2200dacf2cdf5e8c,assigned,01,"","",retained,款,somu,
2026,expenditure,131016:2026:expenditure:approved:220482073108426e,assigned,10,10.2,"",retained,目,chiyoda-koreisha,
2026,expenditure,131016:2026:expenditure:approved:22a5bfef8e0db177,assigned,09,09.8,"",retained,項,chiyoda-kodomo-kanri,
2026,expenditure,131016:2026:expenditure:approved:23e9767c33a0be1a,assigned,10,10.1,"",retained,目,chiyoda-shogaisha,
2026,expenditure,131016:2026:expenditure:approved:24342126237a3b4a,assigned,10,10.4,"",retained,項,chiyoda-kodomo-katei,
2026,expenditure,131016:2026:expenditure:approved:24d688e1590500ab,assigned,07,"","",retained,項,chiyoda-kenko,
2026,expenditure,131016:2026:expenditure:approved:24f11509fe7d319a,assigned,06,06.2,"",retained,目,chiyoda-chiiki-shisetsu,
2026,expenditure,131016:2026:expenditure:approved:2523a8dac5fff10c,assigned,09,09.2,"",retained,目,chiyoda-gakko-chuto,
2026,expenditure,131016:2026:expenditure:approved:2568adde1174d95a,assigned,06,06.2,"",retained,目,chiyoda-chiiki-shisetsu,
2026,expenditure,131016:2026:expenditure:approved:256ebdcbda406d8e,assigned,10,10.2,"",retained,目,chiyoda-koreisha,
2026,expenditure,131016:2026:expenditure:approved:258229714f1adfa2,assigned,01,"","",retained,項,chiyoda-chiiki-other,
2026,expenditure,131016:2026:expenditure:approved:25e7dd32e6e1b39c,assigned,10,"","",retained,項,chiyoda-fukushi-kanri,
2026,expenditure,131016:2026:expenditure:approved:2672067eab5bb4da,assigned,10,10.1,"",retained,目,chiyoda-shogaisha,
2026,expenditure,131016:2026:expenditure:approved:27e275e70d2986e6,assigned,04,04.7,"",retained,目,chiyoda-chiiki-shoko,
2026,expenditure,131016:2026:expenditure:approved:27e657bf53d88878,assigned,10,"","",retained,項,chiyoda-fukushi-kanri,
2026,expenditure,131016:2026:expenditure:approved:2800dc3c889a8654,assigned,01,"","",retained,款,somu,
2026,expenditure,131016:2026:expenditure:approved:28f88554b148dfee,assigned,10,10.2,"",retained,目,chiyoda-koreisha,
2026,expenditure,131016:2026:expenditure:approved:2945513994757848,assigned,01,"","",retained,款,somu,
2026,expenditure,131016:2026:expenditure:approved:29475896b0d1051d,assigned,07,"","",retained,項,chiyoda-kenko,
2026,expenditure,131016:2026:expenditure:approved:2b509784873fa876,assigned,10,"","",retained,項,chiyoda-fukushi-kanri,
2026,expenditure,131016:2026:expenditure:approved:2b52c9394ebd8cae,assigned,08,08.1,"",retained,目,chiyoda-kouen,
2026,expenditure,131016:2026:expenditure:approved:2c23ab2193adb9ec,assigned,09,09.2,"",retained,目,chiyoda-gakko-chuto,
2026,expenditure,131016:2026:expenditure:approved:2c30216028e7337a,assigned,09,09.8,"",retained,項,chiyoda-kodomo-kanri,
2026,expenditure,131016:2026:expenditure:approved:2c56e772a8e31a14,assigned,10,10.1,"",retained,目,chiyoda-shogaisha,
2026,expenditure,131016:2026:expenditure:approved:2cc5f089c37073e2,assigned,06,06.2,"",retained,項,chiyoda-toshi-other,
2026,expenditure,131016:2026:expenditure:approved:2d0032e1d934a2bb,assigned,10,10.4,"",retained,項,chiyoda-kodomo-katei,
2026,expenditure,131016:2026:expenditure:approved:2ddbf9cfff5ac2ad,assigned,09,09.8,"",retained,項,chiyoda-kodomo-kanri,
2026,expenditure,131016:2026:expenditure:approved:2ded45d8e987b5cb,assigned,05,05.1,"",retained,項,chiyoda-seiso,
2026,expenditure,131016:2026:expenditure:approved:2e85db5a87c70b40,assigned,06,06.2,"",retained,目,chiyoda-chiiki-shisetsu,
2026,expenditure,131016:2026:expenditure:approved:2eb62eab3928b7ee,assigned,10,"","",retained,項,chiyoda-fukushi-kanri,
2026,expenditure,131016:2026:expenditure:approved:2ec1f33cf8313607,assigned,04,04.7,"",retained,目,chiyoda-chiiki-shoko,
2026,expenditure,131016:2026:expenditure:approved:2ef30210ccae9dbc,assigned,10,10.1,"",retained,目,chiyoda-shogaisha,
2026,expenditure,131016:2026:expenditure:approved:2f5664fe3ff862d1,assigned,10,10.4,"",retained,項,chiyoda-kodomo-katei,
2026,expenditure,131016:2026:expenditure:approved:2f726c0c3daf5082,assigned,10,"","",retained,項,chiyoda-fukushi-kanri,
2026,expenditure,131016:2026:expenditure:approved:2f941fd332ca4aa2,assigned,10,10.2,"",retained,目,chiyoda-koreisha,
2026,expenditure,131016:2026:expenditure:approved:2fe1aa1bd60a973f,assigned,10,10.4,"",retained,項,chiyoda-kodomo-katei,
2026,expenditure,131016:2026:expenditure:approved:3040d2445042781c,assigned,06,06.2,"",retained,目,chiyoda-chiiki-shisetsu,
2026,expenditure,131016:2026:expenditure:approved:304823d975d0ec3e,assigned,09,09.8,"",retained,項,chiyoda-kodomo-kanri,
2026,expenditure,131016:2026:expenditure:approved:306256f7bdc14e6d,assigned,01,"","",retained,款,somu,
2026,expenditure,131016:2026:expenditure:approved:306678bace5d5fe5,assigned,09,09.5,"",retained,項,chiyoda-gakko-other,
2026,expenditure,131016:2026:expenditure:approved:307c28815a1d253f,assigned,10,10.4,"",retained,項,chiyoda-kodomo-katei,
2026,expenditure,131016:2026:expenditure:approved:3097cb5dc21b37d0,assigned,10,10.2,"",retained,目,chiyoda-koreisha,
2026,expenditure,131016:2026:expenditure:approved:30e2cf5a7a3c9f47,assigned,10,"","",retained,項,chiyoda-fukushi-kanri,
2026,expenditure,131016:2026:expenditure:approved:311a7f735fef62e3,assigned,01,"","",retained,款,somu,
2026,expenditure,131016:2026:expenditure:approved:31356ab50a148558,assigned,06,06.2,"",retained,目,chiyoda-chiiki-shisetsu,
2026,expenditure,131016:2026:expenditure:approved:313c316203c28d12,assigned,01,"","",retained,款,somu,
2026,expenditure,131016:2026:expenditure:approved:3147073b04412639,assigned,10,10.4,"",retained,項,chiyoda-kodomo-katei,
2026,expenditure,131016:2026:expenditure:approved:325b95389295b400,assigned,01,"","",retained,項,chiyoda-shokuin-other,
2026,expenditure,131016:2026:expenditure:approved:329b5254e3c2eb87,assigned,09,09.8,"",retained,項,chiyoda-kodomo-kanri,
2026,expenditure,131016:2026:expenditure:approved:32b9019048d2fc48,assigned,10,10.1,"",retained,目,chiyoda-shogaisha,
2026,expenditure,131016:2026:expenditure:approved:333b778e9432b8fd,assigned,09,09.8,"",retained,項,chiyoda-kodomo-kanri,
2026,expenditure,131016:2026:expenditure:approved:336d35c3cae0b556,assigned,07,"","",retained,目,chiyoda-kurikoshi-kokuho,
2026,expenditure,131016:2026:expenditure:approved:3385d94842345d16,assigned,06,06.2,"",retained,目,chiyoda-chiiki-shisetsu,
2026,expenditure,131016:2026:expenditure:approved:338d95bd5d2992d3,assigned,01,"","",retained,項,chiyoda-chiiki-other,
2026,expenditure,131016:2026:expenditure:approved:33a298bc13971fa4,assigned,06,06.1,"",retained,目,chiyoda-jutaku,
2026,expenditure,131016:2026:expenditure:approved:33a4cfa935c0786c,assigned,07,"","",retained,項,chiyoda-kenko,
2026,expenditure,131016:2026:expenditure:approved:33a921fc15ae531d,assigned,08,08.1,"",retained,目,chiyoda-bunka-sports,
2026,expenditure,131016:2026:expenditure:approved:33bd8123f19b9d5f,assigned,10,"","",retained,項,chiyoda-fukushi-kanri,
2026,expenditure,131016:2026:expenditure:approved:33c5301938d211a1,assigned,10,10.1,"",retained,目,chiyoda-shogaisha,
2026,expenditure,131016:2026:expenditure:approved:343e6520c8ed8d7f,assigned,07,"","",retained,目,chiyoda-kurikoshi-kokuho,
2026,expenditure,131016:2026:expenditure:approved:3517719bb8209cd3,assigned,05,05.1,"",retained,項,chiyoda-seiso,
2026,expenditure,131016:2026:expenditure:approved:3529892baf2318f6,assigned,10,10.2,"",retained,目,chiyoda-koreisha,
2026,expenditure,131016:2026:expenditure:approved:352d16beb42d4b39,assigned,07,"","",retained,項,chiyoda-kenko,
2026,expenditure,131016:2026:expenditure:approved:359202ed28beb53c,assigned,07,"","",retained,項,chiyoda-kenko,
2026,expenditure,131016:2026:expenditure:approved:35dc5053e784211f,assigned,01,"","",retained,款,somu,
2026,expenditure,131016:2026:expenditure:approved:363727341837a5bb,assigned,10,10.1,"",retained,目,chiyoda-shogaisha,
2026,expenditure,131016:2026:expenditure:approved:3730fb1c80a5d122,assigned,10,10.2,"",retained,目,chiyoda-koreisha,
2026,expenditure,131016:2026:expenditure:approved:38b7d9e5947863b5,assigned,09,09.1,"",retained,目,chiyoda-gakko-shoto,
2026,expenditure,131016:2026:expenditure:approved:38bf218ad233f9b0,assigned,07,"","",retained,項,chiyoda-kenko,
2026,expenditure,131016:2026:expenditure:approved:3910d80e540411ab,assigned,10,"","",retained,項,chiyoda-fukushi-kanri,
2026,expenditure,131016:2026:expenditure:approved:39200fada857e296,assigned,08,08.1,"",retained,目,chiyoda-bunka-sports,
2026,expenditure,131016:2026:expenditure:approved:3984bbed32913772,assigned,07,"","",retained,項,chiyoda-kenko,
2026,expenditure,131016:2026:expenditure:approved:39c4261c23fc9234,assigned,01,"","",retained,款,somu,
2026,expenditure,131016:2026:expenditure:approved:39f4a0c32dc714eb,assigned,09,09.8,"",retained,項,chiyoda-kodomo-kanri,
2026,expenditure,131016:2026:expenditure:approved:3a14f659cb8eb504,assigned,07,"","",retained,項,chiyoda-kenko,
2026,expenditure,131016:2026:expenditure:approved:3a2c1ebaa07ffb1e,assigned,10,10.2,"",retained,目,chiyoda-koreisha,
2026,expenditure,131016:2026:expenditure:approved:3a459c527dc0969e,assigned,01,"","",retained,款,somu,
2026,expenditure,131016:2026:expenditure:approved:3a4fd023c549feee,assigned,10,10.2,"",retained,目,chiyoda-koreisha,
2026,expenditure,131016:2026:expenditure:approved:3a7b92cac908f035,assigned,01,"","",retained,款,somu,
2026,expenditure,131016:2026:expenditure:approved:3abe68c2761bbe64,assigned,06,06.2,"",retained,目,chiyoda-chiiki-shisetsu,
2026,expenditure,131016:2026:expenditure:approved:3ae64cb8e7d0b689,assigned,10,"","",retained,項,chiyoda-fukushi-kanri,
2026,expenditure,131016:2026:expenditure:approved:3b02dcb66b64ac40,assigned,06,06.2,"",retained,目,chiyoda-chiiki-shisetsu,
2026,expenditure,131016:2026:expenditure:approved:3b15d64a2cb1c0da,assigned,10,10.1,"",retained,目,chiyoda-shogaisha,
2026,expenditure,131016:2026:expenditure:approved:3b5098dcd20a92d5,assigned,09,09.8,"",retained,項,chiyoda-kodomo-kanri,
2026,expenditure,131016:2026:expenditure:approved:3b7f3653e6a88e2c,assigned,10,10.4,"",retained,項,chiyoda-kodomo-katei,
2026,expenditure,131016:2026:expenditure:approved:3bf42d08da7a7609,assigned,01,"","",retained,款,somu,
2026,expenditure,131016:2026:expenditure:approved:3c49dca3aa110d44,assigned,09,09.6,"",retained,目,chiyoda-gakko-hoken,
2026,expenditure,131016:2026:expenditure:approved:3cd90c5a81e0d9f4,assigned,10,10.4,"",retained,項,chiyoda-kodomo-katei,
2026,expenditure,131016:2026:expenditure:approved:3d32862e81ec5bd0,assigned,01,"","",retained,款,somu,
2026,expenditure,131016:2026:expenditure:approved:3d6f0b69ab280dab,assigned,09,09.8,"",retained,項,chiyoda-kodomo-kanri,
2026,expenditure,131016:2026:expenditure:approved:3daeb6808bd61fe7,assigned,06,06.2,"",retained,目,chiyoda-chiiki-shisetsu,
2026,expenditure,131016:2026:expenditure:approved:3e631d9cfebe7460,assigned,01,"","",retained,款,somu,
2026,expenditure,131016:2026:expenditure:approved:3ebf7bcf20673104,assigned,09,09.1,"",retained,目,chiyoda-gakko-shoto,
2026,expenditure,131016:2026:expenditure:approved:40336935381b3f92,assigned,10,10.2,"",retained,目,chiyoda-koreisha,
2026,expenditure,131016:2026:expenditure:approved:415025c38e9a573a,assigned,09,09.8,"",retained,項,chiyoda-kodomo-kanri,
2026,expenditure,131016:2026:expenditure:approved:417d50b0fec6c92e,assigned,10,10.4,"",retained,項,chiyoda-kodomo-katei,
2026,expenditure,131016:2026:expenditure:approved:421fa6365a508a10,assigned,01,"","",retained,款,somu,
2026,expenditure,131016:2026:expenditure:approved:422e3e77b2719bf7,assigned,06,06.2,"",retained,目,chiyoda-chiiki-shisetsu,
2026,expenditure,131016:2026:expenditure:approved:42dd77ed0aa77ecf,assigned,01,"","",retained,款,somu,
2026,expenditure,131016:2026:expenditure:approved:4367a6a26047c05e,assigned,05,05.1,"",retained,項,chiyoda-seiso,
2026,expenditure,131016:2026:expenditure:approved:4375c45959485555,assigned,09,09.5,"",retained,項,chiyoda-bunka-other,
2026,expenditure,131016:2026:expenditure:approved:43a29a9d0004b0ff,assigned,10,10.4,"",retained,項,chiyoda-kodomo-katei,
2026,expenditure,131016:2026:expenditure:approved:43cfa0498c4158d5,assigned,07,"","",retained,項,chiyoda-kenko,
2026,expenditure,131016:2026:expenditure:approved:43d856d16373d795,assigned,10,10.4,"",retained,項,chiyoda-kodomo-katei,
2026,expenditure,131016:2026:expenditure:approved:4412491fb2d9d157,assigned,10,"","",retained,項,chiyoda-fukushi-kanri,
2026,expenditure,131016:2026:expenditure:approved:4513841202e5c039,assigned,08,08.1,"",retained,目,chiyoda-bunka-sports,
2026,expenditure,131016:2026:expenditure:approved:4554afbe86107800,assigned,06,06.2,"",retained,目,chiyoda-chiiki-shisetsu,
2026,expenditure,131016:2026:expenditure:approved:45a6784febbe80be,assigned,06,06.2,"",retained,目,chiyoda-chiiki-shisetsu,
2026,expenditure,131016:2026:expenditure:approved:45ab5162c8a23632,assigned,09,09.5,"",retained,項,chiyoda-bunka-other,
2026,expenditure,131016:2026:expenditure:approved:45c4521179f07ff6,assigned,09,09.8,"",retained,項,chiyoda-kodomo-kanri,
2026,expenditure,131016:2026:expenditure:approved:45e54c67b7e65a0f,assigned,01,"","",retained,款,somu,
2026,expenditure,131016:2026:expenditure:approved:46299736bdd13366,assigned,10,10.2,"",retained,目,chiyoda-koreisha,
2026,expenditure,131016:2026:expenditure:approved:466e895eeddb9446,assigned,01,"","",retained,款,somu,
2026,expenditure,131016:2026:expenditure:approved:4729033f3da84f9f,assigned,01,"","",retained,款,somu,
2026,expenditure,131016:2026:expenditure:approved:472d6630c0a6dce5,assigned,09,09.2,"",retained,目,chiyoda-gakko-chuto,
2026,expenditure,131016:2026:expenditure:approved:473a3b927958711e,assigned,10,10.4,"",retained,項,chiyoda-kodomo-katei,
2026,expenditure,131016:2026:expenditure:approved:475d0f5b54856615,assigned,09,09.5,"",retained,項,chiyoda-bunka-other,
2026,expenditure,131016:2026:expenditure:approved:478079ffe824fc22,assigned,01,"","",retained,款,somu,
2026,expenditure,131016:2026:expenditure:approved:47ce795e32bc7921,assigned,01,01.1,"",retained,款,gikai,
2026,expenditure,131016:2026:expenditure:approved:4887af12055ffd3d,assigned,01,"","",retained,項,chiyoda-chiiki-other,
2026,expenditure,131016:2026:expenditure:approved:48c61baac876592f,assigned,01,"","",retained,項,chiyoda-chiiki-other,
2026,expenditure,131016:2026:expenditure:approved:49179b993e4fc89c,assigned,09,09.8,"",retained,項,chiyoda-kodomo-kanri,
2026,expenditure,131016:2026:expenditure:approved:4942dd5278514ca6,assigned,10,10.4,"",retained,項,chiyoda-kodomo-katei,
2026,expenditure,131016:2026:expenditure:approved:49741c95a4af7ed7,assigned,05,05.1,"",retained,項,chiyoda-seiso,
2026,expenditure,131016:2026:expenditure:approved:49eb971e8ecf94a5,assigned,08,08.1,"",retained,目,chiyoda-bunka-sports,
2026,expenditure,131016:2026:expenditure:approved:4a3bb258e3acd190,assigned,06,06.2,"",retained,目,chiyoda-chiiki-shisetsu,
2026,expenditure,131016:2026:expenditure:approved:4a8cbd7119c3cf1d,assigned,04,04.5,04.5.1,retained,項,chiyoda-doro,
2026,expenditure,131016:2026:expenditure:approved:4a9d6121e2c234a9,assigned,07,"","",retained,項,chiyoda-kenko,
2026,expenditure,131016:2026:expenditure:approved:4b063cf412de9c95,assigned,06,06.1,"",retained,目,chiyoda-jutaku,
2026,expenditure,131016:2026:expenditure:approved:4b74dfb548957cfa,assigned,10,10.2,"",retained,目,chiyoda-koreisha,
2026,expenditure,131016:2026:expenditure:approved:4be7095c9c8c046d,assigned,08,08.1,"",retained,目,chiyoda-bunka-sports,
2026,expenditure,131016:2026:expenditure:approved:4c73ebd56f7af45f,assigned,10,10.1,"",retained,目,chiyoda-shogaisha,
2026,expenditure,131016:2026:expenditure:approved:4c776e0b476495a4,assigned,06,06.2,"",retained,目,chiyoda-chiiki-shisetsu,
2026,expenditure,131016:2026:expenditure:approved:4c8b315ab8becba9,assigned,10,10.2,"",retained,目,chiyoda-koreisha,
2026,expenditure,131016:2026:expenditure:approved:4d0324f51f12d6c9,assigned,07,"","",retained,項,chiyoda-kenko,
2026,expenditure,131016:2026:expenditure:approved:4d16cc1bf0997bb0,assigned,10,"","",retained,項,chiyoda-fukushi-kanri,
2026,expenditure,131016:2026:expenditure:approved:4d761a5acc60126e,assigned,10,10.2,"",retained,目,chiyoda-koreisha,
2026,expenditure,131016:2026:expenditure:approved:4da044a3df364e8f,assigned,05,05.1,"",retained,項,chiyoda-seiso,
2026,expenditure,131016:2026:expenditure:approved:4dbcab9ce66677cc,assigned,10,10.4,"",retained,項,chiyoda-kodomo-katei,
2026,expenditure,131016:2026:expenditure:approved:4f6000e6f6ce1bf7,assigned,07,"","",retained,項,chiyoda-kenko,
2026,expenditure,131016:2026:expenditure:approved:4f63db814932b624,assigned,01,"","",retained,款,somu,
2026,expenditure,131016:2026:expenditure:approved:4f6cd5aaf3c0fd75,assigned,05,05.1,"",retained,項,chiyoda-seiso,
2026,expenditure,131016:2026:expenditure:approved:4f6f93f8936cba7f,assigned,04,04.5,04.5.1,retained,項,chiyoda-doro,
2026,expenditure,131016:2026:expenditure:approved:4fb0850844166f6e,assigned,10,10.7,"",retained,項,chiyoda-seikatsuhogo,
2026,expenditure,131016:2026:expenditure:approved:4feb95245bfa1f49,assigned,04,04.5,04.5.1,retained,項,chiyoda-doro,
2026,expenditure,131016:2026:expenditure:approved:4ff4e9b681f9e077,assigned,10,10.1,"",retained,目,chiyoda-shogaisha,
2026,expenditure,131016:2026:expenditure:approved:504aea56cae528b9,assigned,01,"","",retained,項,chiyoda-chiiki-other,
2026,expenditure,131016:2026:expenditure:approved:50669dc8251914c1,assigned,09,09.8,"",retained,項,chiyoda-kodomo-kanri,
2026,expenditure,131016:2026:expenditure:approved:50c014fc22e48824,assigned,09,09.1,"",retained,目,chiyoda-gakko-shoto,
2026,expenditure,131016:2026:expenditure:approved:50ea0714b3c4534d,assigned,06,"","",retained,項,chiyoda-kankyo-other,
2026,expenditure,131016:2026:expenditure:approved:519abaaa9615afee,assigned,10,10.4,"",retained,項,chiyoda-kodomo-katei,
2026,expenditure,131016:2026:expenditure:approved:523d7a27aa581206,assigned,09,09.8,"",retained,項,chiyoda-kodomo-kanri,
2026,expenditure,131016:2026:expenditure:approved:52737d79325a481e,assigned,10,10.4,"",retained,項,chiyoda-kodomo-katei,
2026,expenditure,131016:2026:expenditure:approved:5287e4bb338cf07c,assigned,10,10.1,"",retained,目,chiyoda-shogaisha,
2026,expenditure,131016:2026:expenditure:approved:528f885f6197cc8a,assigned,04,04.5,04.5.1,retained,項,chiyoda-doro,
2026,expenditure,131016:2026:expenditure:approved:532415be61f87d5f,assigned,06,"","",retained,目,chiyoda-shokuin-machi,
2026,expenditure,131016:2026:expenditure:approved:53d16e450f3c0126,assigned,10,10.4,"",retained,項,chiyoda-kodomo-katei,
2026,expenditure,131016:2026:expenditure:approved:540f1e1d73283527,assigned,09,09.8,"",retained,項,chiyoda-kodomo-kanri,
2026,expenditure,131016:2026:expenditure:approved:541b0ac6dab7cf6f,assigned,10,10.4,"",retained,項,chiyoda-kodomo-katei,
2026,expenditure,131016:2026:expenditure:approved:54430efa3169fe3a,assigned,09,09.5,"",retained,項,chiyoda-gakko-other,
2026,expenditure,131016:2026:expenditure:approved:54562f3b598a49c7,assigned,10,"","",retained,項,chiyoda-fukushi-kanri,
2026,expenditure,131016:2026:expenditure:approved:54989b0094fc09ac,assigned,10,"","",retained,項,chiyoda-fukushi-kanri,
2026,expenditure,131016:2026:expenditure:approved:54cbb8808820e916,assigned,06,06.2,"",retained,目,chiyoda-chiiki-shisetsu,
2026,expenditure,131016:2026:expenditure:approved:55484775d361bea0,assigned,05,"","",retained,目,chiyoda-kankyo-hozen,
2026,expenditure,131016:2026:expenditure:approved:55847178a5cabe42,assigned,08,08.1,"",retained,目,chiyoda-bunka-sports,
2026,expenditure,131016:2026:expenditure:approved:5585a11d57a2f7fc,assigned,09,09.8,"",retained,項,chiyoda-kodomo-kanri,
2026,expenditure,131016:2026:expenditure:approved:56dbb4d3ec6e1276,assigned,06,06.2,"",retained,項,chiyoda-toshi-other,
2026,expenditure,131016:2026:expenditure:approved:57000b0217f4187b,assigned,10,10.2,"",retained,目,chiyoda-koreisha,
2026,expenditure,131016:2026:expenditure:approved:571333de882b6610,assigned,01,"","",retained,項,chiyoda-chiiki-other,
2026,expenditure,131016:2026:expenditure:approved:5713365f7967f8aa,assigned,05,05.1,"",retained,項,chiyoda-seiso,
2026,expenditure,131016:2026:expenditure:approved:57714f655069592f,assigned,06,06.2,"",retained,項,chiyoda-toshi-other,
2026,expenditure,131016:2026:expenditure:approved:5775d4fadafc425b,assigned,01,"","",retained,款,somu,
2026,expenditure,131016:2026:expenditure:approved:58c63920f1746dea,assigned,01,"","",retained,款,somu,
2026,expenditure,131016:2026:expenditure:approved:58cdf5bf0b7d561a,assigned,07,"","",retained,項,chiyoda-kenko,
2026,expenditure,131016:2026:expenditure:approved:58d086b1214f431c,assigned,10,10.4,"",retained,項,chiyoda-kodomo-katei,
2026,expenditure,131016:2026:expenditure:approved:592bda414186a1d1,assigned,01,"","",retained,款,somu,
2026,expenditure,131016:2026:expenditure:approved:59ce62bb9e5caf74,assigned,10,10.4,"",retained,項,chiyoda-kodomo-katei,
2026,expenditure,131016:2026:expenditure:approved:5a23b938d27010bd,assigned,05,"","",retained,目,chiyoda-kankyo-hozen,
2026,expenditure,131016:2026:expenditure:approved:5af4a288414b58bc,assigned,08,08.1,"",retained,目,chiyoda-bunka-sports,
2026,expenditure,131016:2026:expenditure:approved:5afa49e68d544ef1,assigned,10,10.2,"",retained,目,chiyoda-koreisha,
2026,expenditure,131016:2026:expenditure:approved:5b1b7a3d34dddb8a,assigned,10,10.4,"",retained,項,chiyoda-kodomo-katei,
2026,expenditure,131016:2026:expenditure:approved:5b71d56bbb7c383c,assigned,01,01.1,"",retained,款,gikai,
2026,expenditure,131016:2026:expenditure:approved:5ba556169b20d5fb,assigned,01,"","",retained,項,chiyoda-zeimu,
2026,expenditure,131016:2026:expenditure:approved:5c13b5c3f656af93,assigned,01,"","",retained,項,chiyoda-chiiki-other,
2026,expenditure,131016:2026:expenditure:approved:5c38f148a8435f0c,assigned,10,10.4,"",retained,項,chiyoda-kodomo-katei,
2026,expenditure,131016:2026:expenditure:approved:5d24ab30ed2c20ec,assigned,09,09.8,"",retained,項,chiyoda-kodomo-kanri,
2026,expenditure,131016:2026:expenditure:approved:5d2983f0cc43430d,assigned,07,"","",retained,項,chiyoda-kenko,
2026,expenditure,131016:2026:expenditure:approved:5d41b88e4fde7b34,assigned,01,"","",retained,款,somu,
2026,expenditure,131016:2026:expenditure:approved:5d7ea45171246ae2,assigned,01,"","",retained,項,chiyoda-chiiki-other,
2026,expenditure,131016:2026:expenditure:approved:5de0b69fb216696d,assigned,09,09.8,"",retained,項,chiyoda-kodomo-kanri,
2026,expenditure,131016:2026:expenditure:approved:5e680d88fbaec596,assigned,01,"","",retained,款,somu,
2026,expenditure,131016:2026:expenditure:approved:5e692f1879cdec15,assigned,01,"","",retained,款,somu,
2026,expenditure,131016:2026:expenditure:approved:5efbe6ab958260e9,assigned,08,08.1,"",retained,目,chiyoda-bunka-sports,
2026,expenditure,131016:2026:expenditure:approved:5f0d7cf7188f847f,assigned,01,"","",retained,款,somu,
2026,expenditure,131016:2026:expenditure:approved:5f58e46088553e91,assigned,01,01.1,"",retained,款,gikai,
2026,expenditure,131016:2026:expenditure:approved:60471bd7cb261bd0,assigned,06,"","",retained,項,chiyoda-kankyo-other,
2026,expenditure,131016:2026:expenditure:approved:61272e8515d92c2a,assigned,01,"","",retained,款,somu,
2026,expenditure,131016:2026:expenditure:approved:61c4d05e17cfc332,assigned,10,10.2,"",retained,目,chiyoda-koreisha,
2026,expenditure,131016:2026:expenditure:approved:62488837309e9d15,assigned,09,09.2,"",retained,目,chiyoda-gakko-chuto,
2026,expenditure,131016:2026:expenditure:approved:624b0dc1e53452c5,assigned,01,"","",retained,款,somu,
2026,expenditure,131016:2026:expenditure:approved:627a4c2d22eb21f2,assigned,01,01.1,"",retained,款,gikai,
2026,expenditure,131016:2026:expenditure:approved:629c1d128dc57c56,assigned,10,10.4,"",retained,項,chiyoda-kodomo-katei,
2026,expenditure,131016:2026:expenditure:approved:62b2f8a82ea78050,assigned,01,"","",retained,款,somu,
2026,expenditure,131016:2026:expenditure:approved:6363e26a17ca3f68,assigned,01,"","",retained,款,somu,
2026,expenditure,131016:2026:expenditure:approved:63690f0e06251899,assigned,10,10.4,"",retained,項,chiyoda-kodomo-katei,
2026,expenditure,131016:2026:expenditure:approved:637377439859255f,assigned,09,09.5,"",retained,項,chiyoda-bunka-other,
2026,expenditure,131016:2026:expenditure:approved:642b94c93d226702,assigned,05,05.4,"",retained,目,chiyoda-kasen,
2026,expenditure,131016:2026:expenditure:approved:643f99bfcb325422,assigned,10,10.4,"",retained,項,chiyoda-kodomo-katei,
2026,expenditure,131016:2026:expenditure:approved:6442bd02735e5d70,assigned,10,"","",retained,項,chiyoda-fukushi-kanri,
2026,expenditure,131016:2026:expenditure:approved:64b8633c16530df5,assigned,10,10.4,"",retained,項,chiyoda-kodomo-katei,
2026,expenditure,131016:2026:expenditure:approved:6571542441faf3a9,assigned,09,09.1,"",retained,目,chiyoda-gakko-shoto,
2026,expenditure,131016:2026:expenditure:approved:65a9a5e1c23aa21c,assigned,09,09.8,"",retained,項,chiyoda-kodomo-kanri,
2026,expenditure,131016:2026:expenditure:approved:65d3b4fb8e44f8d6,assigned,09,09.2,"",retained,目,chiyoda-gakko-chuto,
2026,expenditure,131016:2026:expenditure:approved:66298a289ceed090,assigned,06,06.2,"",retained,目,chiyoda-chiiki-shisetsu,
2026,expenditure,131016:2026:expenditure:approved:6638e6c3032ae613,assigned,09,09.8,"",retained,項,chiyoda-kodomo-kanri,
2026,expenditure,131016:2026:expenditure:approved:66600999a67ff73a,assigned,01,01.1,"",retained,款,gikai,
2026,expenditure,131016:2026:expenditure:approved:666f5fd23ebf0674,assigned,09,09.6,"",retained,目,chiyoda-gakko-hoken,
2026,expenditure,131016:2026:expenditure:approved:66a07e91f0c4cee2,assigned,08,08.2,"",retained,目,chiyoda-bunka-toshokan,
2026,expenditure,131016:2026:expenditure:approved:66a77da703d4aa5c,assigned,01,01.1,"",retained,款,gikai,
2026,expenditure,131016:2026:expenditure:approved:66bb0379522594b0,assigned,10,10.2,"",retained,目,chiyoda-kurikoshi-kaigo,
2026,expenditure,131016:2026:expenditure:approved:672c95e5a8ef980f,assigned,06,06.2,"",retained,目,chiyoda-chiiki-shisetsu,
2026,expenditure,131016:2026:expenditure:approved:674d338fcc0e294a,assigned,01,"","",retained,款,somu,
2026,expenditure,131016:2026:expenditure:approved:677647d4d3c76968,assigned,10,10.4,"",retained,項,chiyoda-kodomo-katei,
2026,expenditure,131016:2026:expenditure:approved:68444578ff946cf3,assigned,07,"","",retained,項,chiyoda-kenko,
2026,expenditure,131016:2026:expenditure:approved:684a01285447ee0b,out-of-scope,"","","",retained,項,chiyoda-tsumitate,
2026,expenditure,131016:2026:expenditure:approved:686f8c2fa46fc0ad,assigned,10,10.1,"",retained,目,chiyoda-shogaisha,
2026,expenditure,131016:2026:expenditure:approved:68de7f78a390362b,assigned,06,06.1,"",retained,目,chiyoda-jutaku,
2026,expenditure,131016:2026:expenditure:approved:68e5bc06890952c3,assigned,10,10.1,"",retained,目,chiyoda-shogaisha,
2026,expenditure,131016:2026:expenditure:approved:690e2c61e9955cde,assigned,04,04.7,"",retained,目,chiyoda-chiiki-shoko,
2026,expenditure,131016:2026:expenditure:approved:691c062b6d36ddb5,assigned,01,"","",retained,項,chiyoda-chiiki-other,
2026,expenditure,131016:2026:expenditure:approved:69cbea9960b14cfe,assigned,09,09.8,"",retained,項,chiyoda-kodomo-kanri,
2026,expenditure,131016:2026:expenditure:approved:69e9b48f493d6082,assigned,01,"","",retained,款,somu,
2026,expenditure,131016:2026:expenditure:approved:69f788aca30dfb16,assigned,09,09.5,"",retained,項,chiyoda-bunka-other,
2026,expenditure,131016:2026:expenditure:approved:6a9954b5759c6231,assigned,01,"","",retained,項,chiyoda-chiiki-other,
2026,expenditure,131016:2026:expenditure:approved:6ad137c2fc234ae1,assigned,06,06.1,"",retained,目,chiyoda-jutaku,
2026,expenditure,131016:2026:expenditure:approved:6aeac9618737f44c,assigned,06,06.2,"",retained,項,chiyoda-toshi-other,
2026,expenditure,131016:2026:expenditure:approved:6b046caac6352f16,assigned,10,10.4,"",retained,項,chiyoda-kodomo-katei,
2026,expenditure,131016:2026:expenditure:approved:6b5ee60498083578,assigned,06,"","",retained,項,chiyoda-kankyo-other,
2026,expenditure,131016:2026:expenditure:approved:6b5ff6b2369a14ce,assigned,10,10.4,"",retained,項,chiyoda-kodomo-katei,
2026,expenditure,131016:2026:expenditure:approved:6be11f81edbba1ef,assigned,10,10.2,"",retained,目,chiyoda-koreisha,
2026,expenditure,131016:2026:expenditure:approved:6c1338f51972b6fe,assigned,05,"","",retained,目,chiyoda-kankyo-hozen,
2026,expenditure,131016:2026:expenditure:approved:6c61427bc15633dc,assigned,01,01.1,"",retained,款,gikai,
2026,expenditure,131016:2026:expenditure:approved:6c730bd9869bc1ab,assigned,01,"","",retained,款,somu,
2026,expenditure,131016:2026:expenditure:approved:6ce6756c4d37613b,assigned,09,09.8,"",retained,項,chiyoda-kodomo-kanri,
2026,expenditure,131016:2026:expenditure:approved:6cee5952bfc35410,assigned,10,10.4,"",retained,項,chiyoda-kodomo-katei,
2026,expenditure,131016:2026:expenditure:approved:6cfb8592b2acf97f,assigned,10,"","",retained,項,chiyoda-fukushi-kanri,
2026,expenditure,131016:2026:expenditure:approved:6d13c4f2e870559b,assigned,09,09.8,"",retained,項,chiyoda-kodomo-kanri,
2026,expenditure,131016:2026:expenditure:approved:6d141e185153b801,assigned,01,"","",retained,項,chiyoda-chiiki-other,
2026,expenditure,131016:2026:expenditure:approved:6d52a3c659360281,assigned,10,10.2,"",retained,目,chiyoda-koreisha,
2026,expenditure,131016:2026:expenditure:approved:6d678d9e1792419f,assigned,09,09.8,"",retained,目,chiyoda-shokuin-kodomo,
2026,expenditure,131016:2026:expenditure:approved:6d6d34b70797e288,assigned,09,09.2,"",retained,目,chiyoda-gakko-chuto,
2026,expenditure,131016:2026:expenditure:approved:6dc762f93ebf2cad,assigned,06,06.2,"",retained,項,chiyoda-toshi-other,
2026,expenditure,131016:2026:expenditure:approved:6ea58c3f53b24475,assigned,10,10.2,"",retained,目,chiyoda-koreisha,
2026,expenditure,131016:2026:expenditure:approved:6ea7635ac577881f,assigned,01,"","",retained,項,chiyoda-chiiki-other,
2026,expenditure,131016:2026:expenditure:approved:6ec46f8e3cd46d58,assigned,01,"","",retained,項,chiyoda-chiiki-other,
2026,expenditure,131016:2026:expenditure:approved:6f29e7838840dad1,assigned,10,10.7,"",retained,項,chiyoda-seikatsuhogo,
2026,expenditure,131016:2026:expenditure:approved:6f2fc2662a1fc978,assigned,09,09.8,"",retained,項,chiyoda-kodomo-kanri,
2026,expenditure,131016:2026:expenditure:approved:6fee150492ed1f4d,assigned,09,09.1,"",retained,目,chiyoda-gakko-shoto,
2026,expenditure,131016:2026:expenditure:approved:707e918f02dcf130,assigned,08,08.1,"",retained,目,chiyoda-kouen,
2026,expenditure,131016:2026:expenditure:approved:70f7a213139a29fc,assigned,01,"","",retained,款,somu,
2026,expenditure,131016:2026:expenditure:approved:713323264bbc2cb3,assigned,01,"","",retained,項,chiyoda-chiiki-other,
2026,expenditure,131016:2026:expenditure:approved:71b121eb57f70912,assigned,09,09.2,"",retained,目,chiyoda-gakko-chuto,
2026,expenditure,131016:2026:expenditure:approved:726fb57def639487,assigned,09,09.5,"",retained,項,chiyoda-gakko-other,
2026,expenditure,131016:2026:expenditure:approved:729d17291154c659,assigned,06,"","",retained,目,chiyoda-shokuin-machi,
2026,expenditure,131016:2026:expenditure:approved:72be9f5d2107108e,assigned,10,"","",retained,項,chiyoda-fukushi-kanri,
2026,expenditure,131016:2026:expenditure:approved:7377441d02e3998b,assigned,04,04.7,"",retained,目,chiyoda-chiiki-shoko,
2026,expenditure,131016:2026:expenditure:approved:7493063ddb78a730,assigned,10,10.4,"",retained,項,chiyoda-kodomo-katei,
2026,expenditure,131016:2026:expenditure:approved:751a691ab2b0fc10,assigned,10,10.2,"",retained,目,chiyoda-koreisha,
2026,expenditure,131016:2026:expenditure:approved:7559b1b57ab5e503,assigned,10,10.1,"",retained,目,chiyoda-shogaisha,
2026,expenditure,131016:2026:expenditure:approved:757099fe2eeb9ed7,assigned,06,06.2,"",retained,目,chiyoda-chiiki-shisetsu,
2026,expenditure,131016:2026:expenditure:approved:75cb17174f89ac66,assigned,06,06.1,"",retained,目,chiyoda-jutaku,
2026,expenditure,131016:2026:expenditure:approved:75f156a2d1c11e92,assigned,10,10.1,"",retained,目,chiyoda-shogaisha,
2026,expenditure,131016:2026:expenditure:approved:76339676f7c8db31,assigned,04,04.5,04.5.1,retained,項,chiyoda-doro,
2026,expenditure,131016:2026:expenditure:approved:7663f55ca5ecf63b,assigned,01,01.3,"",retained,項,chiyoda-madoguchi,
2026,expenditure,131016:2026:expenditure:approved:769a607729b6f974,assigned,10,10.4,"",retained,項,chiyoda-kodomo-katei,
2026,expenditure,131016:2026:expenditure:approved:76a78adf4d210024,assigned,10,10.1,"",retained,目,chiyoda-shogaisha,
2026,expenditure,131016:2026:expenditure:approved:76aed3d642f1736d,assigned,10,10.2,"",retained,目,chiyoda-koreisha,
2026,expenditure,131016:2026:expenditure:approved:76ed212b39e14d62,out-of-scope,"","","",retained,項,chiyoda-tsumitate,
2026,expenditure,131016:2026:expenditure:approved:773ef50cafc7f491,assigned,06,06.2,"",retained,目,chiyoda-chiiki-shisetsu,
2026,expenditure,131016:2026:expenditure:approved:774c0dc9d0e6b7c2,assigned,10,10.4,"",retained,項,chiyoda-kodomo-katei,
2026,expenditure,131016:2026:expenditure:approved:77516127d83611e9,assigned,10,10.1,"",retained,目,chiyoda-shogaisha,
2026,expenditure,131016:2026:expenditure:approved:775dbc300ef8f1ef,assigned,06,06.1,"",retained,目,chiyoda-jutaku,
2026,expenditure,131016:2026:expenditure:approved:7776f33a42502fa4,assigned,10,10.4,"",retained,項,chiyoda-kodomo-katei,
2026,expenditure,131016:2026:expenditure:approved:77afcc16b988e839,assigned,06,06.1,"",retained,目,chiyoda-jutaku,
2026,expenditure,131016:2026:expenditure:approved:79037059b8b9a7ba,assigned,09,09.1,"",retained,目,chiyoda-gakko-shoto,
2026,expenditure,131016:2026:expenditure:approved:7928f536c4005b6e,assigned,09,09.8,"",retained,項,chiyoda-kodomo-kanri,
2026,expenditure,131016:2026:expenditure:approved:7a04dd9588995a31,assigned,10,10.4,"",retained,項,chiyoda-kodomo-katei,
2026,expenditure,131016:2026:expenditure:approved:7b398105f1d788e0,assigned,01,"","",retained,款,somu,
2026,expenditure,131016:2026:expenditure:approved:7bb7db443b2efaea,assigned,10,10.1,"",retained,目,chiyoda-shogaisha,
2026,expenditure,131016:2026:expenditure:approved:7c2e67f8785a8474,assigned,10,10.1,"",retained,目,chiyoda-shogaisha,
2026,expenditure,131016:2026:expenditure:approved:7c50120c9f85a35d,assigned,09,09.8,"",retained,項,chiyoda-kodomo-kanri,
2026,expenditure,131016:2026:expenditure:approved:7c90cce7bac53409,assigned,09,09.5,"",retained,項,chiyoda-bunka-other,
2026,expenditure,131016:2026:expenditure:approved:7ce205fe4261f2d4,assigned,09,09.5,"",retained,項,chiyoda-bunka-other,
2026,expenditure,131016:2026:expenditure:approved:7ce8de8df42af8bd,assigned,10,10.2,"",retained,目,chiyoda-koreisha,
2026,expenditure,131016:2026:expenditure:approved:7d34e90e71c896a6,assigned,01,01.1,"",retained,款,gikai,
2026,expenditure,131016:2026:expenditure:approved:7d444fe2e90d20a1,assigned,10,10.1,"",retained,目,chiyoda-shogaisha,
2026,expenditure,131016:2026:expenditure:approved:7dd9924ed1411b98,assigned,10,10.7,"",retained,項,chiyoda-seikatsuhogo,
2026,expenditure,131016:2026:expenditure:approved:7df89699e4b2d96e,assigned,01,"","",retained,款,somu,
2026,expenditure,131016:2026:expenditure:approved:7e4b2e8db7909247,assigned,10,10.4,"",retained,項,chiyoda-kodomo-katei,
2026,expenditure,131016:2026:expenditure:approved:7e69a7cf4337e850,assigned,09,09.8,"",retained,項,chiyoda-kodomo-kanri,
2026,expenditure,131016:2026:expenditure:approved:7e89055c11a67c57,assigned,09,09.2,"",retained,目,chiyoda-gakko-chuto,
2026,expenditure,131016:2026:expenditure:approved:7e98bf635549fa39,assigned,01,"","",retained,款,somu,
2026,expenditure,131016:2026:expenditure:approved:7ed4d7f867985212,assigned,08,08.2,"",retained,目,chiyoda-bunka-toshokan,
2026,expenditure,131016:2026:expenditure:approved:7efb10512bccfdc7,assigned,10,10.2,"",retained,目,chiyoda-koreisha,
2026,expenditure,131016:2026:expenditure:approved:7f177b68aefdf678,assigned,10,"","",retained,項,chiyoda-fukushi-kanri,
2026,expenditure,131016:2026:expenditure:approved:7f283e38290536b3,assigned,10,10.7,"",retained,項,chiyoda-seikatsuhogo,
2026,expenditure,131016:2026:expenditure:approved:7f5fd72f5dcca977,assigned,09,09.2,"",retained,目,chiyoda-gakko-chuto,
2026,expenditure,131016:2026:expenditure:approved:804607fdd642cf19,assigned,10,"","",retained,項,chiyoda-fukushi-kanri,
2026,expenditure,131016:2026:expenditure:approved:806a7629adf311ea,assigned,01,"","",retained,款,somu,
2026,expenditure,131016:2026:expenditure:approved:809b705cd8d5075b,assigned,05,05.3,"",retained,目,chiyoda-kogai,
2026,expenditure,131016:2026:expenditure:approved:80ce2cf456eea8ac,assigned,09,09.2,"",retained,目,chiyoda-gakko-chuto,
2026,expenditure,131016:2026:expenditure:approved:80fc4730c33f5db5,assigned,01,"","",retained,款,somu,
2026,expenditure,131016:2026:expenditure:approved:81034fcbfe4e7968,assigned,01,"","",retained,款,somu,
2026,expenditure,131016:2026:expenditure:approved:81181aa96b1d113f,assigned,10,10.4,"",retained,項,chiyoda-kodomo-katei,
2026,expenditure,131016:2026:expenditure:approved:81d584905907bf25,assigned,06,06.2,"",retained,目,chiyoda-chiiki-shisetsu,
2026,expenditure,131016:2026:expenditure:approved:81fb8152b183d290,assigned,09,09.8,"",retained,項,chiyoda-kodomo-kanri,
2026,expenditure,131016:2026:expenditure:approved:8217c5252cd5b547,assigned,09,09.2,"",retained,目,chiyoda-gakko-chuto,
2026,expenditure,131016:2026:expenditure:approved:8246e51a5277dbb7,out-of-scope,"","","",retained,項,chiyoda-tsumitate,
2026,expenditure,131016:2026:expenditure:approved:8253bb03d573e089,assigned,09,09.8,"",retained,項,chiyoda-kodomo-kanri,
2026,expenditure,131016:2026:expenditure:approved:83677536d24c3ca2,assigned,08,08.2,"",retained,目,chiyoda-bunka-toshokan,
2026,expenditure,131016:2026:expenditure:approved:8381cb9f8d13202b,assigned,10,10.2,"",retained,目,chiyoda-koreisha,
2026,expenditure,131016:2026:expenditure:approved:83cf25fa3a82bd80,assigned,01,01.1,"",retained,目,chiyoda-shokuin-gikai,
2026,expenditure,131016:2026:expenditure:approved:84aa40062ac976ef,assigned,04,04.5,04.5.1,retained,項,chiyoda-doro,
2026,expenditure,131016:2026:expenditure:approved:85376a1c5bca0872,assigned,10,10.4,"",retained,項,chiyoda-kodomo-katei,
2026,expenditure,131016:2026:expenditure:approved:858d264f599c1baa,assigned,10,10.4,"",retained,項,chiyoda-kodomo-katei,
2026,expenditure,131016:2026:expenditure:approved:858e6c0d2caa96ad,assigned,05,05.3,"",retained,目,chiyoda-kogai,
2026,expenditure,131016:2026:expenditure:approved:86196506c1b446b6,assigned,05,05.1,"",retained,項,chiyoda-seiso,
2026,expenditure,131016:2026:expenditure:approved:86295c555b0d28c1,assigned,10,10.2,"",retained,目,chiyoda-koreisha,
2026,expenditure,131016:2026:expenditure:approved:8680272640e5420a,assigned,10,10.2,"",retained,目,chiyoda-koreisha,
2026,expenditure,131016:2026:expenditure:approved:86ad145f3de44713,assigned,01,"","",retained,款,somu,
2026,expenditure,131016:2026:expenditure:approved:86ad6a1d0f994d73,assigned,06,06.2,"",retained,項,chiyoda-toshi-other,
2026,expenditure,131016:2026:expenditure:approved:874d94af1327ca86,assigned,08,08.1,"",retained,目,chiyoda-kouen,
2026,expenditure,131016:2026:expenditure:approved:87538b0f7dd4f024,assigned,10,10.4,"",retained,項,chiyoda-kodomo-katei,
2026,expenditure,131016:2026:expenditure:approved:87679cc14338c82b,assigned,05,"","",retained,目,chiyoda-kankyo-hozen,
2026,expenditure,131016:2026:expenditure:approved:87a039395c3599fe,assigned,05,05.4,"",retained,目,chiyoda-kasen,
2026,expenditure,131016:2026:expenditure:approved:87bc43125bc524d9,assigned,01,"","",retained,項,chiyoda-chiiki-other,
2026,expenditure,131016:2026:expenditure:approved:87f14170a9e760cf,assigned,06,06.2,"",retained,目,chiyoda-chiiki-shisetsu,
2026,expenditure,131016:2026:expenditure:approved:885fbb51800c1b03,assigned,10,10.2,"",retained,目,chiyoda-koreisha,
2026,expenditure,131016:2026:expenditure:approved:88f3606426ebf98d,assigned,07,"","",retained,目,chiyoda-kurikoshi-kokuho,
2026,expenditure,131016:2026:expenditure:approved:8936ee54ad6a6566,assigned,08,08.2,"",retained,目,chiyoda-bunka-toshokan,
2026,expenditure,131016:2026:expenditure:approved:89635115fad8e996,assigned,01,"","",retained,款,somu,
2026,expenditure,131016:2026:expenditure:approved:89f974d14796254d,assigned,10,10.4,"",retained,項,chiyoda-kodomo-katei,
2026,expenditure,131016:2026:expenditure:approved:8ab8f2c20204d1c8,assigned,10,10.2,"",retained,目,chiyoda-koreisha,
2026,expenditure,131016:2026:expenditure:approved:8ad6262e158f4d54,assigned,10,"","",retained,項,chiyoda-fukushi-kanri,
2026,expenditure,131016:2026:expenditure:approved:8d1282e0ec36aacf,assigned,10,10.2,"",retained,目,chiyoda-koreisha,
2026,expenditure,131016:2026:expenditure:approved:8d676695d5e84fbd,assigned,04,04.7,"",retained,目,chiyoda-chiiki-shoko,
2026,expenditure,131016:2026:expenditure:approved:8d92b0beeb3d3886,assigned,06,06.1,"",retained,目,chiyoda-jutaku,
2026,expenditure,131016:2026:expenditure:approved:8da721a31ba323e8,out-of-scope,"","","",retained,項,chiyoda-tsumitate,
2026,expenditure,131016:2026:expenditure:approved:8db72ae4e49cd4bd,assigned,09,09.5,"",retained,項,chiyoda-bunka-other,
2026,expenditure,131016:2026:expenditure:approved:8dcc687f18279c56,assigned,06,06.2,"",retained,項,chiyoda-toshi-other,
2026,expenditure,131016:2026:expenditure:approved:8e1db582a08c5ffe,assigned,09,09.1,"",retained,目,chiyoda-gakko-shoto,
2026,expenditure,131016:2026:expenditure:approved:8ebefdf5a47bdf10,assigned,01,"","",retained,款,somu,
2026,expenditure,131016:2026:expenditure:approved:8f5d5b9cdb41c974,assigned,10,"","",retained,項,chiyoda-fukushi-kanri,
2026,expenditure,131016:2026:expenditure:approved:8f5e56cbbdc55682,assigned,07,"","",retained,項,chiyoda-kenko,
2026,expenditure,131016:2026:expenditure:approved:90c70e88dba35532,assigned,06,06.2,"",retained,目,chiyoda-chiiki-shisetsu,
2026,expenditure,131016:2026:expenditure:approved:9146655ef8cebcd9,assigned,01,"","",retained,款,somu,
2026,expenditure,131016:2026:expenditure:approved:918466dd961081cc,assigned,10,10.4,"",retained,項,chiyoda-kodomo-katei,
2026,expenditure,131016:2026:expenditure:approved:9269e7313a8de569,assigned,07,"","",retained,項,chiyoda-kenko,
2026,expenditure,131016:2026:expenditure:approved:92aab5ccf4d85895,assigned,01,"","",retained,款,somu,
2026,expenditure,131016:2026:expenditure:approved:9377749103f64918,assigned,09,09.5,"",retained,項,chiyoda-bunka-other,
2026,expenditure,131016:2026:expenditure:approved:9380acb727111c90,assigned,04,04.5,04.5.1,retained,項,chiyoda-doro,
2026,expenditure,131016:2026:expenditure:approved:9451a6a73ff1d534,assigned,09,09.8,"",retained,項,chiyoda-kodomo-kanri,
2026,expenditure,131016:2026:expenditure:approved:94afda196355ae63,assigned,09,09.8,"",retained,項,chiyoda-kodomo-kanri,
2026,expenditure,131016:2026:expenditure:approved:94c08de297e12eb1,assigned,01,01.1,"",retained,款,gikai,
2026,expenditure,131016:2026:expenditure:approved:94db0f19f6eec66c,assigned,10,"","",retained,項,chiyoda-fukushi-kanri,
2026,expenditure,131016:2026:expenditure:approved:94df5bbe9e01f962,assigned,04,04.7,"",retained,目,chiyoda-chiiki-shoko,
2026,expenditure,131016:2026:expenditure:approved:951df21f6f94a0b4,assigned,09,09.8,"",retained,項,chiyoda-kodomo-kanri,
2026,expenditure,131016:2026:expenditure:approved:953e959a0da41be1,assigned,10,10.4,"",retained,項,chiyoda-kodomo-katei,
2026,expenditure,131016:2026:expenditure:approved:9598d033cdc2ba94,assigned,10,10.2,"",retained,目,chiyoda-koreisha,
2026,expenditure,131016:2026:expenditure:approved:95d30027c1ad0f51,assigned,04,04.5,04.5.1,retained,項,chiyoda-doro,
2026,expenditure,131016:2026:expenditure:approved:96503d56fa91e34a,assigned,01,01.1,"",retained,目,chiyoda-shokuin-gikai,
2026,expenditure,131016:2026:expenditure:approved:971545d9c80e834a,assigned,01,"","",retained,項,chiyoda-chiiki-other,
2026,expenditure,131016:2026:expenditure:approved:9743f3cc1dfbb1dc,assigned,07,"","",retained,項,chiyoda-kenko,
2026,expenditure,131016:2026:expenditure:approved:9750fd966aa7e309,assigned,10,10.4,"",retained,項,chiyoda-kodomo-katei,
2026,expenditure,131016:2026:expenditure:approved:975677b132e2f7ec,assigned,08,08.2,"",retained,目,chiyoda-bunka-toshokan,
2026,expenditure,131016:2026:expenditure:approved:975afa781822cc46,assigned,09,09.8,"",retained,項,chiyoda-kodomo-kanri,
2026,expenditure,131016:2026:expenditure:approved:97621c5b508aa33b,assigned,01,"","",retained,款,somu,
2026,expenditure,131016:2026:expenditure:approved:97b5ec8d688d36fe,assigned,07,"","",retained,項,chiyoda-kenko,
2026,expenditure,131016:2026:expenditure:approved:98f0d080827ad975,assigned,08,08.1,"",retained,目,chiyoda-bunka-sports,
2026,expenditure,131016:2026:expenditure:approved:9971bdef49939855,assigned,10,10.1,"",retained,目,chiyoda-shogaisha,
2026,expenditure,131016:2026:expenditure:approved:99e52595601d8f28,out-of-scope,"","","",retained,項,chiyoda-tsumitate,
2026,expenditure,131016:2026:expenditure:approved:9abfd5c09b9d2d8e,assigned,05,05.3,"",retained,目,chiyoda-kogai,
2026,expenditure,131016:2026:expenditure:approved:9b208a1a802ea04b,assigned,06,06.2,"",retained,項,chiyoda-toshi-other,
2026,expenditure,131016:2026:expenditure:approved:9b6fed3dd13579e5,assigned,07,"","",retained,項,chiyoda-kenko,
2026,expenditure,131016:2026:expenditure:approved:9bc43247295a684a,assigned,10,"","",retained,項,chiyoda-fukushi-kanri,
2026,expenditure,131016:2026:expenditure:approved:9c550db8028326f4,assigned,10,10.4,"",retained,項,chiyoda-kodomo-katei,
2026,expenditure,131016:2026:expenditure:approved:9cacc70e349e299a,assigned,05,05.1,"",retained,項,chiyoda-seiso,
2026,expenditure,131016:2026:expenditure:approved:9dd83757dfb6baf4,assigned,10,10.4,"",retained,項,chiyoda-kodomo-katei,
2026,expenditure,131016:2026:expenditure:approved:9e31a91b0c4e645e,assigned,01,"","",retained,款,somu,
2026,expenditure,131016:2026:expenditure:approved:9e650dfebacecc9a,assigned,09,09.1,"",retained,目,chiyoda-gakko-shoto,
2026,expenditure,131016:2026:expenditure:approved:9e8193d55ae0b400,assigned,10,10.1,"",retained,目,chiyoda-shogaisha,
2026,expenditure,131016:2026:expenditure:approved:9e9aad9d1be73906,assigned,09,09.8,"",retained,項,chiyoda-kodomo-kanri,
2026,expenditure,131016:2026:expenditure:approved:9ea01e2f826d29b9,assigned,01,"","",retained,款,somu,
2026,expenditure,131016:2026:expenditure:approved:9ea3483788370d66,assigned,01,"","",retained,款,somu,
2026,expenditure,131016:2026:expenditure:approved:9ecc53d6c6c0bfa4,assigned,07,"","",retained,項,chiyoda-kenko,
2026,expenditure,131016:2026:expenditure:approved:9ed927bc7a3a6b9a,out-of-scope,"","","",retained,項,chiyoda-tsumitate,
2026,expenditure,131016:2026:expenditure:approved:9f060f04f4ad871c,assigned,10,10.1,"",retained,目,chiyoda-shogaisha,
2026,expenditure,131016:2026:expenditure:approved:9f1a130c2cabc39a,assigned,01,"","",retained,款,somu,
2026,expenditure,131016:2026:expenditure:approved:9f5ae00d8ec0f179,assigned,10,10.4,"",retained,項,chiyoda-kodomo-katei,
2026,expenditure,131016:2026:expenditure:approved:9fbf8396d7dd3807,assigned,10,10.7,"",retained,項,chiyoda-seikatsuhogo,
2026,expenditure,131016:2026:expenditure:approved:9fc26ecdb295737b,assigned,07,"","",retained,項,chiyoda-kenko,
2026,expenditure,131016:2026:expenditure:approved:9fdabe7897f72501,assigned,05,"","",retained,目,chiyoda-kankyo-hozen,
2026,expenditure,131016:2026:expenditure:approved:9ff39bfcefb7b0aa,assigned,10,10.4,"",retained,項,chiyoda-kodomo-katei,
2026,expenditure,131016:2026:expenditure:approved:a039d443f339e829,assigned,01,"","",retained,項,chiyoda-shokuin-other,
2026,expenditure,131016:2026:expenditure:approved:a0b9f3dc13f9dfd4,assigned,10,10.1,"",retained,目,chiyoda-shogaisha,
2026,expenditure,131016:2026:expenditure:approved:a11e41ecc1af401f,assigned,01,"","",retained,款,somu,
2026,expenditure,131016:2026:expenditure:approved:a1481293bd95c78f,assigned,09,09.8,"",retained,項,chiyoda-kodomo-kanri,
2026,expenditure,131016:2026:expenditure:approved:a1a8ba74bfb17591,assigned,09,09.6,"",retained,目,chiyoda-gakko-hoken,
2026,expenditure,131016:2026:expenditure:approved:a1e61a593ac61864,assigned,10,10.1,"",retained,目,chiyoda-shogaisha,
2026,expenditure,131016:2026:expenditure:approved:a22eac8294e38c69,assigned,01,"","",retained,款,somu,
2026,expenditure,131016:2026:expenditure:approved:a24a6b0227eb550b,assigned,09,09.1,"",retained,目,chiyoda-gakko-shoto,
2026,expenditure,131016:2026:expenditure:approved:a2605ee6b6634d39,assigned,09,09.6,"",retained,目,chiyoda-gakko-hoken,
2026,expenditure,131016:2026:expenditure:approved:a281c6ac96de7c55,assigned,06,06.2,"",retained,目,chiyoda-chiiki-shisetsu,
2026,expenditure,131016:2026:expenditure:approved:a32d7e638d401a2e,assigned,09,09.2,"",retained,目,chiyoda-gakko-chuto,
2026,expenditure,131016:2026:expenditure:approved:a3335df94b197ff6,assigned,01,"","",retained,項,chiyoda-chiiki-other,
2026,expenditure,131016:2026:expenditure:approved:a350f91d871cc8cf,assigned,04,04.5,04.5.1,retained,項,chiyoda-doro,
2026,expenditure,131016:2026:expenditure:approved:a44b4ea5459ea829,assigned,04,04.5,04.5.1,retained,項,chiyoda-doro,
2026,expenditure,131016:2026:expenditure:approved:a47c079eaef6c385,assigned,10,10.1,"",retained,目,chiyoda-shogaisha,
2026,expenditure,131016:2026:expenditure:approved:a4cfcf67e6ffaeed,assigned,10,10.4,"",retained,項,chiyoda-kodomo-katei,
2026,expenditure,131016:2026:expenditure:approved:a4ea141803d45a21,assigned,04,04.7,"",retained,目,chiyoda-chiiki-shoko,
2026,expenditure,131016:2026:expenditure:approved:a669afd69566b49a,assigned,09,09.5,"",retained,項,chiyoda-bunka-other,
2026,expenditure,131016:2026:expenditure:approved:a6988f73cc8e181b,assigned,09,09.1,"",retained,目,chiyoda-gakko-shoto,
2026,expenditure,131016:2026:expenditure:approved:a6a6b1514ec315de,assigned,07,"","",retained,項,chiyoda-kenko,
2026,expenditure,131016:2026:expenditure:approved:a6ee710f5b79257d,assigned,05,05.3,"",retained,目,chiyoda-kogai,
2026,expenditure,131016:2026:expenditure:approved:a6f4c220e64030d9,assigned,10,10.1,"",retained,目,chiyoda-shogaisha,
2026,expenditure,131016:2026:expenditure:approved:a73627db24c85f66,assigned,08,08.1,"",retained,目,chiyoda-bunka-sports,
2026,expenditure,131016:2026:expenditure:approved:a75ef8ae5cee5299,assigned,05,05.1,"",retained,項,chiyoda-seiso,
2026,expenditure,131016:2026:expenditure:approved:a76378721aca5445,assigned,10,10.1,"",retained,目,chiyoda-shogaisha,
2026,expenditure,131016:2026:expenditure:approved:a8d7a2004873fe6c,assigned,06,06.2,"",retained,項,chiyoda-toshi-other,
2026,expenditure,131016:2026:expenditure:approved:a8fdcf8191dc3be8,assigned,10,"","",retained,項,chiyoda-fukushi-kanri,
2026,expenditure,131016:2026:expenditure:approved:a8fde3c142d649fb,assigned,06,06.2,"",retained,目,chiyoda-chiiki-shisetsu,
2026,expenditure,131016:2026:expenditure:approved:a90b9520e3785cb7,assigned,10,10.4,"",retained,項,chiyoda-kodomo-katei,
2026,expenditure,131016:2026:expenditure:approved:a91ad1720d4c0a53,assigned,10,10.7,"",retained,項,chiyoda-seikatsuhogo,
2026,expenditure,131016:2026:expenditure:approved:a92a81d066a6ec75,assigned,10,10.4,"",retained,項,chiyoda-kodomo-katei,
2026,expenditure,131016:2026:expenditure:approved:a937bda494522125,assigned,07,"","",retained,項,chiyoda-kenko,
2026,expenditure,131016:2026:expenditure:approved:aa60524549c589df,assigned,04,04.5,04.5.1,retained,項,chiyoda-doro,
2026,expenditure,131016:2026:expenditure:approved:aab3dc00bd0ebe5a,assigned,10,"","",retained,目,chiyoda-shokuin-fukushi,
2026,expenditure,131016:2026:expenditure:approved:aacc0b32e8ef1f85,assigned,01,"","",retained,款,somu,
2026,expenditure,131016:2026:expenditure:approved:ab3d0f07ed831fa4,assigned,09,09.1,"",retained,目,chiyoda-gakko-shoto,
2026,expenditure,131016:2026:expenditure:approved:ab54d501ed700ed2,assigned,06,06.2,"",retained,目,chiyoda-chiiki-shisetsu,
2026,expenditure,131016:2026:expenditure:approved:ac62645bd829b2d5,assigned,04,04.5,04.5.1,retained,項,chiyoda-doro,
2026,expenditure,131016:2026:expenditure:approved:acab01417bb569a1,assigned,10,"","",retained,項,chiyoda-fukushi-kanri,
2026,expenditure,131016:2026:expenditure:approved:acc31e3aea850d46,assigned,10,10.4,"",retained,項,chiyoda-kodomo-katei,
2026,expenditure,131016:2026:expenditure:approved:acd9c85a544c1395,assigned,01,01.3,"",retained,項,chiyoda-madoguchi,
2026,expenditure,131016:2026:expenditure:approved:ad0ee811c807ab05,assigned,09,09.8,"",retained,項,chiyoda-kodomo-kanri,
2026,expenditure,131016:2026:expenditure:approved:ad7d5f44189222e5,assigned,01,"","",retained,款,somu,
2026,expenditure,131016:2026:expenditure:approved:ade55ba106c44f70,assigned,07,"","",retained,項,chiyoda-kenko,
2026,expenditure,131016:2026:expenditure:approved:ae69f9d9db834eb7,assigned,05,05.1,"",retained,項,chiyoda-seiso,
2026,expenditure,131016:2026:expenditure:approved:aeadcdb9965c8d1f,assigned,10,10.4,"",retained,項,chiyoda-kodomo-katei,
2026,expenditure,131016:2026:expenditure:approved:aee4f49923652a21,assigned,04,04.5,04.5.1,retained,項,chiyoda-doro,
2026,expenditure,131016:2026:expenditure:approved:af393e31e69c977f,assigned,04,04.5,04.5.1,retained,項,chiyoda-doro,
2026,expenditure,131016:2026:expenditure:approved:af5a77fc78b8a7ad,assigned,01,01.1,"",retained,款,gikai,
2026,expenditure,131016:2026:expenditure:approved:af6199ca1f1502ba,assigned,06,06.1,"",retained,目,chiyoda-jutaku,
2026,expenditure,131016:2026:expenditure:approved:af9196840c7da13e,assigned,08,08.1,"",retained,目,chiyoda-bunka-sports,
2026,expenditure,131016:2026:expenditure:approved:afcabb9fb43b4258,assigned,01,01.1,"",retained,款,gikai,
2026,expenditure,131016:2026:expenditure:approved:b019b6866a819878,assigned,06,06.2,"",retained,目,chiyoda-chiiki-shisetsu,
2026,expenditure,131016:2026:expenditure:approved:b0983d38149067c0,assigned,01,"","",retained,項,chiyoda-chiiki-other,
2026,expenditure,131016:2026:expenditure:approved:b0fc33f689c5c1eb,assigned,04,04.7,"",retained,目,chiyoda-chiiki-shoko,
2026,expenditure,131016:2026:expenditure:approved:b16ffe0f5b5f2d6a,assigned,06,06.2,"",retained,項,chiyoda-toshi-other,
2026,expenditure,131016:2026:expenditure:approved:b16ffee781ef4826,assigned,01,"","",retained,款,somu,
2026,expenditure,131016:2026:expenditure:approved:b1ae24ed5300d14b,assigned,10,10.4,"",retained,項,chiyoda-kodomo-katei,
2026,expenditure,131016:2026:expenditure:approved:b2e0b2651e661d06,assigned,01,"","",retained,款,somu,
2026,expenditure,131016:2026:expenditure:approved:b40abc54193f1e6c,assigned,08,08.2,"",retained,目,chiyoda-bunka-toshokan,
2026,expenditure,131016:2026:expenditure:approved:b41414f371c59064,assigned,04,04.5,04.5.1,retained,項,chiyoda-doro,
2026,expenditure,131016:2026:expenditure:approved:b416bbed7cae90e4,assigned,10,10.1,"",retained,目,chiyoda-shogaisha,
2026,expenditure,131016:2026:expenditure:approved:b42dd23faa1889ec,assigned,06,06.2,"",retained,目,chiyoda-chiiki-shisetsu,
2026,expenditure,131016:2026:expenditure:approved:b48b3b204d0fb312,assigned,01,"","",retained,款,somu,
2026,expenditure,131016:2026:expenditure:approved:b53a1c9155de5434,assigned,10,10.1,"",retained,目,chiyoda-shogaisha,
2026,expenditure,131016:2026:expenditure:approved:b58ff1b5f97c552e,assigned,10,10.4,"",retained,項,chiyoda-kodomo-katei,
2026,expenditure,131016:2026:expenditure:approved:b5b816d4c13e2818,assigned,10,10.2,"",retained,目,chiyoda-koreisha,
2026,expenditure,131016:2026:expenditure:approved:b6226852195e4d8b,assigned,09,09.8,"",retained,項,chiyoda-kodomo-kanri,
2026,expenditure,131016:2026:expenditure:approved:b624b814b823f211,assigned,10,10.2,"",retained,目,chiyoda-koreisha,
2026,expenditure,131016:2026:expenditure:approved:b6b978cd877fcd42,assigned,01,"","",retained,項,chiyoda-chiiki-other,
2026,expenditure,131016:2026:expenditure:approved:b6fc59ef9baf7fe0,assigned,07,"","",retained,項,chiyoda-kenko,
2026,expenditure,131016:2026:expenditure:approved:b7235ece16744822,out-of-scope,"","","",retained,項,chiyoda-tsumitate,
2026,expenditure,131016:2026:expenditure:approved:b76368f2887256e2,assigned,01,01.1,"",retained,款,gikai,
2026,expenditure,131016:2026:expenditure:approved:b8746eb60ac70dea,assigned,10,10.4,"",retained,項,chiyoda-kodomo-katei,
2026,expenditure,131016:2026:expenditure:approved:b8ce4ea88fa23d16,assigned,01,"","",retained,項,chiyoda-chiiki-other,
2026,expenditure,131016:2026:expenditure:approved:b8d9498b0e18a1a4,assigned,01,01.1,"",retained,款,gikai,
2026,expenditure,131016:2026:expenditure:approved:b919879c07a3cd3c,assigned,01,"","",retained,項,chiyoda-chiiki-other,
2026,expenditure,131016:2026:expenditure:approved:b922d19971bca382,assigned,07,"","",retained,項,chiyoda-kenko,
2026,expenditure,131016:2026:expenditure:approved:b97d5a3cfd3c42c2,assigned,10,10.4,"",retained,項,chiyoda-kodomo-katei,
2026,expenditure,131016:2026:expenditure:approved:ba78dd19898dd4af,assigned,04,04.5,04.5.1,retained,項,chiyoda-doro,
2026,expenditure,131016:2026:expenditure:approved:bad7405d0db0a36b,assigned,06,06.2,"",retained,目,chiyoda-chiiki-shisetsu,
2026,expenditure,131016:2026:expenditure:approved:bb855d5f8b2e45bb,assigned,10,10.7,"",retained,項,chiyoda-seikatsuhogo,
2026,expenditure,131016:2026:expenditure:approved:bbbab0f112ef38f6,assigned,06,06.2,"",retained,項,chiyoda-toshi-other,
2026,expenditure,131016:2026:expenditure:approved:bbd3b067d59b0558,assigned,06,06.1,"",retained,目,chiyoda-jutaku,
2026,expenditure,131016:2026:expenditure:approved:bc05a5bce2cf601f,assigned,09,09.2,"",retained,目,chiyoda-gakko-chuto,
2026,expenditure,131016:2026:expenditure:approved:bc20ea59efde0ecd,assigned,10,10.1,"",retained,目,chiyoda-shogaisha,
2026,expenditure,131016:2026:expenditure:approved:bc49bc896c0f06c6,assigned,10,10.1,"",retained,目,chiyoda-shogaisha,
2026,expenditure,131016:2026:expenditure:approved:bc9e1978cd625721,assigned,08,08.2,"",retained,目,chiyoda-bunka-toshokan,
2026,expenditure,131016:2026:expenditure:approved:bd7b1a17f851e2b8,out-of-scope,"","","",retained,項,chiyoda-tsumitate,
2026,expenditure,131016:2026:expenditure:approved:bd911cab1e28dd8c,assigned,09,09.8,"",retained,項,chiyoda-kodomo-kanri,
2026,expenditure,131016:2026:expenditure:approved:bda60a51885b3662,assigned,09,09.8,"",retained,項,chiyoda-kodomo-kanri,
2026,expenditure,131016:2026:expenditure:approved:bdb665d617bf3475,assigned,01,"","",retained,項,chiyoda-chiiki-other,
2026,expenditure,131016:2026:expenditure:approved:bdced590c81e92c9,assigned,10,10.4,"",retained,項,chiyoda-kodomo-katei,
2026,expenditure,131016:2026:expenditure:approved:bdfdd2849af6ead4,assigned,08,08.1,"",retained,目,chiyoda-kouen,
2026,expenditure,131016:2026:expenditure:approved:be4aef71cf9557b9,assigned,10,10.2,"",retained,目,chiyoda-koreisha,
2026,expenditure,131016:2026:expenditure:approved:be889af5c8f17f9e,assigned,09,09.8,"",retained,項,chiyoda-kodomo-kanri,
2026,expenditure,131016:2026:expenditure:approved:bf9eb2b24da59d9d,assigned,10,10.2,"",retained,目,chiyoda-koreisha,
2026,expenditure,131016:2026:expenditure:approved:c00fb8d6e255f52c,assigned,10,10.4,"",retained,項,chiyoda-kodomo-katei,
2026,expenditure,131016:2026:expenditure:approved:c054c6616f41e035,assigned,04,04.5,04.5.1,retained,項,chiyoda-doro,
2026,expenditure,131016:2026:expenditure:approved:c0da144433956db6,assigned,01,"","",retained,款,somu,
2026,expenditure,131016:2026:expenditure:approved:c1553260bca29e54,assigned,10,10.4,"",retained,項,chiyoda-kodomo-katei,
2026,expenditure,131016:2026:expenditure:approved:c1c4c7833fb53beb,assigned,09,09.1,"",retained,目,chiyoda-gakko-shoto,
2026,expenditure,131016:2026:expenditure:approved:c1e6e299cf1a40f0,assigned,09,09.6,"",retained,目,chiyoda-gakko-hoken,
2026,expenditure,131016:2026:expenditure:approved:c2269a81a45dc573,assigned,10,10.2,"",retained,目,chiyoda-koreisha,
2026,expenditure,131016:2026:expenditure:approved:c227fad643f63420,assigned,10,10.4,"",retained,項,chiyoda-kodomo-katei,
2026,expenditure,131016:2026:expenditure:approved:c2629e014592f500,assigned,01,"","",retained,款,somu,
2026,expenditure,131016:2026:expenditure:approved:c317c756ea1e16c6,assigned,10,"","",retained,項,chiyoda-fukushi-kanri,
2026,expenditure,131016:2026:expenditure:approved:c3e2dcad141ae78c,assigned,07,"","",retained,項,chiyoda-kenko,
2026,expenditure,131016:2026:expenditure:approved:c42886d94b151dae,assigned,06,"","",retained,項,chiyoda-kankyo-other,
2026,expenditure,131016:2026:expenditure:approved:c44c89485b2389e2,assigned,07,"","",retained,項,chiyoda-kenko,
2026,expenditure,131016:2026:expenditure:approved:c50c709f8299ad68,assigned,06,06.2,"",retained,目,chiyoda-chiiki-shisetsu,
2026,expenditure,131016:2026:expenditure:approved:c554e21a3202e0ae,assigned,01,"","",retained,款,somu,
2026,expenditure,131016:2026:expenditure:approved:c59d7f3b7579f79b,assigned,10,10.2,"",retained,目,chiyoda-koreisha,
2026,expenditure,131016:2026:expenditure:approved:c5d9d7f26fad58bf,assigned,01,"","",retained,項,chiyoda-chiiki-other,
2026,expenditure,131016:2026:expenditure:approved:c632a8a9c1a7bac3,assigned,10,10.1,"",retained,目,chiyoda-shogaisha,
2026,expenditure,131016:2026:expenditure:approved:c718568e12c3b520,assigned,06,"","",retained,項,chiyoda-kankyo-other,
2026,expenditure,131016:2026:expenditure:approved:c73094d39a9639ee,assigned,10,10.2,"",retained,目,chiyoda-koreisha,
2026,expenditure,131016:2026:expenditure:approved:c7a049acf70e7311,assigned,07,"","",retained,項,chiyoda-kenko,
2026,expenditure,131016:2026:expenditure:approved:c7c7aac3673d85c5,assigned,10,"","",retained,項,chiyoda-fukushi-kanri,
2026,expenditure,131016:2026:expenditure:approved:c7dc9f36584e3ba6,assigned,06,"","",retained,項,chiyoda-kankyo-other,
2026,expenditure,131016:2026:expenditure:approved:c81f4c149dda1ee0,assigned,09,09.2,"",retained,目,chiyoda-gakko-chuto,
2026,expenditure,131016:2026:expenditure:approved:c84b448e7a1c3943,assigned,05,"","",retained,目,chiyoda-kankyo-hozen,
2026,expenditure,131016:2026:expenditure:approved:c86fa21cc1ad5eb0,assigned,09,09.2,"",retained,目,chiyoda-gakko-chuto,
2026,expenditure,131016:2026:expenditure:approved:c8d9a3a96ce66c62,assigned,10,10.4,"",retained,項,chiyoda-kodomo-katei,
2026,expenditure,131016:2026:expenditure:approved:c9a0ba940ba70bec,assigned,05,05.1,"",retained,項,chiyoda-seiso,
2026,expenditure,131016:2026:expenditure:approved:ca5bc79cffe8f906,assigned,10,10.4,"",retained,項,chiyoda-kodomo-katei,
2026,expenditure,131016:2026:expenditure:approved:ca6b6b17672a9bbc,assigned,05,05.1,"",retained,項,chiyoda-seiso,
2026,expenditure,131016:2026:expenditure:approved:cb0a0c59b81d0070,assigned,09,09.5,"",retained,項,chiyoda-bunka-other,
2026,expenditure,131016:2026:expenditure:approved:cb982a3a8933c0fc,assigned,10,10.4,"",retained,項,chiyoda-kodomo-katei,
2026,expenditure,131016:2026:expenditure:approved:cbc2f90af2948131,assigned,06,06.2,"",retained,目,chiyoda-chiiki-shisetsu,
2026,expenditure,131016:2026:expenditure:approved:cbf641a62ab0ddee,assigned,07,"","",retained,項,chiyoda-kenko,
2026,expenditure,131016:2026:expenditure:approved:cc4c7f146ce61109,assigned,10,10.4,"",retained,項,chiyoda-kodomo-katei,
2026,expenditure,131016:2026:expenditure:approved:ccb14f016b0377f4,assigned,08,08.1,"",retained,目,chiyoda-bunka-sports,
2026,expenditure,131016:2026:expenditure:approved:cccca8a75fee0358,assigned,09,09.2,"",retained,目,chiyoda-gakko-chuto,
2026,expenditure,131016:2026:expenditure:approved:ccf733d46326d735,assigned,07,"","",retained,項,chiyoda-kenko,
2026,expenditure,131016:2026:expenditure:approved:cd32f960835da09f,assigned,10,10.4,"",retained,項,chiyoda-kodomo-katei,
2026,expenditure,131016:2026:expenditure:approved:cd63fb94a5101306,assigned,01,"","",retained,款,somu,
2026,expenditure,131016:2026:expenditure:approved:cde319f6360c5d76,assigned,09,09.2,"",retained,目,chiyoda-gakko-chuto,
2026,expenditure,131016:2026:expenditure:approved:cde8e1365a287ff8,assigned,10,10.4,"",retained,項,chiyoda-kodomo-katei,
2026,expenditure,131016:2026:expenditure:approved:cdf22fda47974634,assigned,01,"","",retained,項,chiyoda-chiiki-other,
2026,expenditure,131016:2026:expenditure:approved:ce2ddbdbca08cc5b,assigned,10,10.4,"",retained,項,chiyoda-kodomo-katei,
2026,expenditure,131016:2026:expenditure:approved:ce8664fbefb30354,assigned,01,01.1,"",retained,款,gikai,
2026,expenditure,131016:2026:expenditure:approved:cea94c05a664c5b5,assigned,10,10.2,"",retained,目,chiyoda-koreisha,
2026,expenditure,131016:2026:expenditure:approved:cf030d2cc29bc035,assigned,01,"","",retained,款,somu,
2026,expenditure,131016:2026:expenditure:approved:cf340c4057967850,assigned,07,"","",retained,項,chiyoda-kenko,
2026,expenditure,131016:2026:expenditure:approved:cf46cd98cbe9c364,assigned,10,10.4,"",retained,項,chiyoda-kodomo-katei,
2026,expenditure,131016:2026:expenditure:approved:cf6319559d02ddff,assigned,01,"","",retained,款,somu,
2026,expenditure,131016:2026:expenditure:approved:cf649fa6714f1ef7,assigned,09,09.8,"",retained,目,chiyoda-shokuin-kodomo,
2026,expenditure,131016:2026:expenditure:approved:cf9370d0fa125595,assigned,01,"","",retained,款,somu,
2026,expenditure,131016:2026:expenditure:approved:d0793e96368139ca,assigned,07,"","",retained,項,chiyoda-kenko,
2026,expenditure,131016:2026:expenditure:approved:d0845b08a2b37565,assigned,01,"","",retained,項,chiyoda-chiiki-other,
2026,expenditure,131016:2026:expenditure:approved:d08b4847dda7ae7e,assigned,10,10.2,"",retained,目,chiyoda-koreisha,
2026,expenditure,131016:2026:expenditure:approved:d0be619c2e201914,assigned,09,09.2,"",retained,目,chiyoda-gakko-chuto,
2026,expenditure,131016:2026:expenditure:approved:d0bf2e541aecb6f5,assigned,09,09.1,"",retained,目,chiyoda-gakko-shoto,
2026,expenditure,131016:2026:expenditure:approved:d0ccd797dea31233,assigned,06,06.2,"",retained,目,chiyoda-chiiki-shisetsu,
2026,expenditure,131016:2026:expenditure:approved:d0e6d39cde2e02fc,assigned,06,06.2,"",retained,項,chiyoda-toshi-other,
2026,expenditure,131016:2026:expenditure:approved:d20fcc95c92c51a3,assigned,08,08.1,"",retained,目,chiyoda-bunka-sports,
2026,expenditure,131016:2026:expenditure:approved:d2e25f05aac77c39,assigned,09,09.2,"",retained,目,chiyoda-gakko-chuto,
2026,expenditure,131016:2026:expenditure:approved:d3130b4a5866cac7,assigned,10,10.2,"",retained,目,chiyoda-koreisha,
2026,expenditure,131016:2026:expenditure:approved:d4c38c60529166db,assigned,10,10.1,"",retained,目,chiyoda-shogaisha,
2026,expenditure,131016:2026:expenditure:approved:d4f6877e575e06a2,assigned,10,10.2,"",retained,目,chiyoda-koreisha,
2026,expenditure,131016:2026:expenditure:approved:d510f4e19e341ce9,assigned,10,"","",retained,項,chiyoda-fukushi-kanri,
2026,expenditure,131016:2026:expenditure:approved:d612688ae587ab4e,assigned,09,09.8,"",retained,項,chiyoda-kodomo-kanri,
2026,expenditure,131016:2026:expenditure:approved:d6a43c37b4231e95,assigned,07,"","",retained,項,chiyoda-kenko,
2026,expenditure,131016:2026:expenditure:approved:d6ba3abf8bfb6b2e,assigned,01,"","",retained,項,chiyoda-zeimu,
2026,expenditure,131016:2026:expenditure:approved:d6c586a1e6a8d3fa,assigned,05,05.3,"",retained,目,chiyoda-kogai,
2026,expenditure,131016:2026:expenditure:approved:d6d80fd7148c0957,assigned,09,09.8,"",retained,項,chiyoda-kodomo-kanri,
2026,expenditure,131016:2026:expenditure:approved:d6e0fe59290e6623,assigned,10,10.4,"",retained,項,chiyoda-kodomo-katei,
2026,expenditure,131016:2026:expenditure:approved:d6e7e7e9524371d9,assigned,06,06.2,"",retained,目,chiyoda-chiiki-shisetsu,
2026,expenditure,131016:2026:expenditure:approved:d7357545a18468fc,assigned,10,10.4,"",retained,項,chiyoda-kodomo-katei,
2026,expenditure,131016:2026:expenditure:approved:d7f58c5adbd56c89,assigned,09,09.2,"",retained,目,chiyoda-gakko-chuto,
2026,expenditure,131016:2026:expenditure:approved:d7fd61b81f2fd4e4,assigned,10,"","",retained,項,chiyoda-fukushi-kanri,
2026,expenditure,131016:2026:expenditure:approved:d836bdf04e0dc936,assigned,01,"","",retained,項,chiyoda-chiiki-other,
2026,expenditure,131016:2026:expenditure:approved:d8cacd5ad0c3bc67,assigned,01,"","",retained,款,somu,
2026,expenditure,131016:2026:expenditure:approved:d8ff6420914d49cf,assigned,10,10.4,"",retained,項,chiyoda-kodomo-katei,
2026,expenditure,131016:2026:expenditure:approved:d933d210e2d079b8,assigned,10,10.4,"",retained,項,chiyoda-kodomo-katei,
2026,expenditure,131016:2026:expenditure:approved:d957414cfed88a9a,assigned,07,"","",retained,項,chiyoda-kenko,
2026,expenditure,131016:2026:expenditure:approved:da0cf0692cdb6a46,assigned,10,10.2,"",retained,目,chiyoda-koreisha,
2026,expenditure,131016:2026:expenditure:approved:da474a5b90b03fde,assigned,06,06.2,"",retained,目,chiyoda-chiiki-shisetsu,
2026,expenditure,131016:2026:expenditure:approved:da76299c48eead61,assigned,01,"","",retained,項,chiyoda-shokuin-other,
2026,expenditure,131016:2026:expenditure:approved:da7f82dd970798d3,assigned,01,"","",retained,項,chiyoda-chiiki-other,
2026,expenditure,131016:2026:expenditure:approved:dae3e35a0e196f6d,assigned,01,"","",retained,款,somu,
2026,expenditure,131016:2026:expenditure:approved:dafa9a3e24f16dbc,assigned,01,"","",retained,項,chiyoda-chiiki-other,
2026,expenditure,131016:2026:expenditure:approved:db04ee6d0a0b80f1,assigned,10,"","",retained,項,chiyoda-fukushi-kanri,
2026,expenditure,131016:2026:expenditure:approved:db192bc642894a36,assigned,06,06.2,"",retained,項,chiyoda-toshi-other,
2026,expenditure,131016:2026:expenditure:approved:dbabcfff510bfdac,assigned,07,"","",retained,項,chiyoda-kenko,
2026,expenditure,131016:2026:expenditure:approved:dbeba3b3c886138c,assigned,01,"","",retained,款,somu,
2026,expenditure,131016:2026:expenditure:approved:dbfad7492867e971,assigned,10,10.7,"",retained,項,chiyoda-seikatsuhogo,
2026,expenditure,131016:2026:expenditure:approved:dc30ace1225d9c94,assigned,08,08.1,"",retained,目,chiyoda-bunka-sports,
2026,expenditure,131016:2026:expenditure:approved:dcad5b4db0b8aa92,assigned,09,09.1,"",retained,目,chiyoda-gakko-shoto,
2026,expenditure,131016:2026:expenditure:approved:dd0e12adba1db973,assigned,10,10.4,"",retained,項,chiyoda-kodomo-katei,
2026,expenditure,131016:2026:expenditure:approved:de011395b57f0509,assigned,09,09.1,"",retained,目,chiyoda-gakko-shoto,
2026,expenditure,131016:2026:expenditure:approved:de029b35aaa224ef,assigned,01,"","",retained,項,chiyoda-chiiki-other,
2026,expenditure,131016:2026:expenditure:approved:de0937bef9d0fdd5,assigned,04,04.7,"",retained,目,chiyoda-chiiki-shoko,
2026,expenditure,131016:2026:expenditure:approved:deaf511b315dfff9,assigned,10,10.2,"",retained,目,chiyoda-koreisha,
2026,expenditure,131016:2026:expenditure:approved:dee1f8dc131a2c91,unclassifiable,"","","",retained,款,contingency,
2026,expenditure,131016:2026:expenditure:approved:df835df852d0b2d7,assigned,09,09.2,"",retained,目,chiyoda-gakko-chuto,
2026,expenditure,131016:2026:expenditure:approved:df986cceb71cbcd3,assigned,06,06.2,"",retained,目,chiyoda-chiiki-shisetsu,
2026,expenditure,131016:2026:expenditure:approved:dfddfab9fae0cbb9,assigned,10,10.2,"",retained,目,chiyoda-koreisha,
2026,expenditure,131016:2026:expenditure:approved:e1099666a4c791d2,assigned,07,"","",retained,項,chiyoda-kenko,
2026,expenditure,131016:2026:expenditure:approved:e151ba7d1d3cf6e4,assigned,07,"","",retained,項,chiyoda-kenko,
2026,expenditure,131016:2026:expenditure:approved:e1606c227c2b7f71,assigned,10,10.4,"",retained,項,chiyoda-kodomo-katei,
2026,expenditure,131016:2026:expenditure:approved:e314494876d60e26,assigned,01,"","",retained,款,somu,
2026,expenditure,131016:2026:expenditure:approved:e34c257b19e630f4,assigned,04,04.7,"",retained,目,chiyoda-chiiki-shoko,
2026,expenditure,131016:2026:expenditure:approved:e381a06f921616a9,assigned,08,08.1,"",retained,目,chiyoda-bunka-sports,
2026,expenditure,131016:2026:expenditure:approved:e38c6d8bff9ebb10,assigned,08,08.2,"",retained,目,chiyoda-bunka-toshokan,
2026,expenditure,131016:2026:expenditure:approved:e3d97895b054aa94,assigned,10,10.2,"",retained,目,chiyoda-koreisha,
2026,expenditure,131016:2026:expenditure:approved:e3f68d85a2cfe6a9,assigned,10,10.2,"",retained,目,chiyoda-koreisha,
2026,expenditure,131016:2026:expenditure:approved:e40d784d124e4538,assigned,10,10.4,"",retained,項,chiyoda-kodomo-katei,
2026,expenditure,131016:2026:expenditure:approved:e416d7da5ec9ae97,assigned,10,"","",retained,項,chiyoda-fukushi-kanri,
2026,expenditure,131016:2026:expenditure:approved:e42f8785b2ceae54,assigned,06,06.1,"",retained,目,chiyoda-jutaku,
2026,expenditure,131016:2026:expenditure:approved:e5288139db5b0956,assigned,10,10.2,"",retained,目,chiyoda-koreisha,
2026,expenditure,131016:2026:expenditure:approved:e5378fb5b2de1b04,assigned,06,06.2,"",retained,目,chiyoda-chiiki-shisetsu,
2026,expenditure,131016:2026:expenditure:approved:e5aa69c922177da3,assigned,10,10.2,"",retained,目,chiyoda-koreisha,
2026,expenditure,131016:2026:expenditure:approved:e5bceedfeb99bcc2,assigned,09,09.8,"",retained,項,chiyoda-kodomo-kanri,
2026,expenditure,131016:2026:expenditure:approved:e5bdfd81ba78e948,assigned,07,"","",retained,項,chiyoda-kenko,
2026,expenditure,131016:2026:expenditure:approved:e5cfb96a2d4ad920,assigned,06,"","",retained,項,chiyoda-kankyo-other,
2026,expenditure,131016:2026:expenditure:approved:e670ca906ee1bf98,assigned,08,08.1,"",retained,目,chiyoda-bunka-sports,
2026,expenditure,131016:2026:expenditure:approved:e73666431f822586,assigned,09,09.8,"",retained,項,chiyoda-kodomo-kanri,
2026,expenditure,131016:2026:expenditure:approved:e7ab77ae231ea2a3,assigned,05,"","",retained,目,chiyoda-kankyo-hozen,
2026,expenditure,131016:2026:expenditure:approved:e7b792559a8d4b7a,assigned,04,04.5,04.5.1,retained,項,chiyoda-doro,
2026,expenditure,131016:2026:expenditure:approved:e807aebace4adf7f,assigned,06,"","",retained,項,chiyoda-kankyo-other,
2026,expenditure,131016:2026:expenditure:approved:e8128948faf0ab94,assigned,08,08.1,"",retained,目,chiyoda-bunka-sports,
2026,expenditure,131016:2026:expenditure:approved:e82c1e3a4a205099,assigned,05,05.4,"",retained,目,chiyoda-kasen,
2026,expenditure,131016:2026:expenditure:approved:e84255fa06985e64,assigned,01,"","",retained,款,somu,
2026,expenditure,131016:2026:expenditure:approved:e9e9c3f826655ac6,assigned,01,"","",retained,款,somu,
2026,expenditure,131016:2026:expenditure:approved:ea070c9841afec7f,assigned,07,"","",retained,項,chiyoda-kenko,
2026,expenditure,131016:2026:expenditure:approved:ea412623977c254e,assigned,10,10.2,"",retained,目,chiyoda-koreisha,
2026,expenditure,131016:2026:expenditure:approved:ea4327558d0ad77d,assigned,01,"","",retained,款,somu,
2026,expenditure,131016:2026:expenditure:approved:ea4563d47611c79a,assigned,01,"","",retained,款,somu,
2026,expenditure,131016:2026:expenditure:approved:eafcc5700aafa6c1,assigned,01,"","",retained,款,somu,
2026,expenditure,131016:2026:expenditure:approved:eb04f8163a71b934,assigned,07,"","",retained,項,chiyoda-kenko,
2026,expenditure,131016:2026:expenditure:approved:ebf5820b7b39c24f,assigned,10,10.4,"",retained,項,chiyoda-kodomo-katei,
2026,expenditure,131016:2026:expenditure:approved:ec0bbe0755449247,assigned,10,10.4,"",retained,項,chiyoda-kodomo-katei,
2026,expenditure,131016:2026:expenditure:approved:ec9505e3e019873a,assigned,09,09.8,"",retained,項,chiyoda-kodomo-kanri,
2026,expenditure,131016:2026:expenditure:approved:ecf4ef8a810dd7aa,assigned,07,"","",retained,項,chiyoda-kenko,
2026,expenditure,131016:2026:expenditure:approved:ecf7d523c36b9abc,assigned,10,10.2,"",retained,目,chiyoda-koreisha,
2026,expenditure,131016:2026:expenditure:approved:ee24f87cfa8f5c0a,assigned,10,10.1,"",retained,目,chiyoda-shogaisha,
2026,expenditure,131016:2026:expenditure:approved:ee2d92b7cd1c28cb,assigned,10,10.2,"",retained,目,chiyoda-koreisha,
2026,expenditure,131016:2026:expenditure:approved:ee39e7c784083dcb,assigned,10,10.4,"",retained,項,chiyoda-kodomo-katei,
2026,expenditure,131016:2026:expenditure:approved:ee4310cecca7189f,assigned,09,09.2,"",retained,目,chiyoda-gakko-chuto,
2026,expenditure,131016:2026:expenditure:approved:eee492416878f885,assigned,01,"","",retained,款,somu,
2026,expenditure,131016:2026:expenditure:approved:eefb2014c034ec08,assigned,06,06.2,"",retained,目,chiyoda-chiiki-shisetsu,
2026,expenditure,131016:2026:expenditure:approved:ef152f1b101fa785,assigned,10,10.2,"",retained,目,chiyoda-koreisha,
2026,expenditure,131016:2026:expenditure:approved:ef741990c1b0612d,assigned,07,"","",retained,項,chiyoda-kenko,
2026,expenditure,131016:2026:expenditure:approved:efcd605f5107e58b,assigned,06,"","",retained,項,chiyoda-kankyo-other,
2026,expenditure,131016:2026:expenditure:approved:efcfe29c9df065ef,assigned,10,10.4,"",retained,項,chiyoda-kodomo-katei,
2026,expenditure,131016:2026:expenditure:approved:efdb6987d76d17d8,assigned,10,10.4,"",retained,項,chiyoda-kodomo-katei,
2026,expenditure,131016:2026:expenditure:approved:efe500ef5437d263,assigned,10,10.2,"",retained,目,chiyoda-koreisha,
2026,expenditure,131016:2026:expenditure:approved:f0120481ec63c536,assigned,09,09.8,"",retained,項,chiyoda-kodomo-kanri,
2026,expenditure,131016:2026:expenditure:approved:f04231eaf5360b83,assigned,06,06.2,"",retained,目,chiyoda-chiiki-shisetsu,
2026,expenditure,131016:2026:expenditure:approved:f0d5f8b2b49af58b,assigned,10,10.4,"",retained,項,chiyoda-kodomo-katei,
2026,expenditure,131016:2026:expenditure:approved:f0e416d867224165,assigned,10,10.4,"",retained,項,chiyoda-kodomo-katei,
2026,expenditure,131016:2026:expenditure:approved:f11ae0a4a503a98d,assigned,09,09.1,"",retained,目,chiyoda-gakko-shoto,
2026,expenditure,131016:2026:expenditure:approved:f16d4717fe13a8a0,assigned,09,09.5,"",retained,項,chiyoda-bunka-other,
2026,expenditure,131016:2026:expenditure:approved:f17f1199b8de0ed5,assigned,04,04.7,"",retained,目,chiyoda-chiiki-shoko,
2026,expenditure,131016:2026:expenditure:approved:f20927b2aba73b42,assigned,09,09.8,"",retained,項,chiyoda-kodomo-kanri,
2026,expenditure,131016:2026:expenditure:approved:f20a024478583b55,assigned,07,"","",retained,項,chiyoda-kenko,
2026,expenditure,131016:2026:expenditure:approved:f2191b40f0d343f1,assigned,04,04.7,"",retained,目,chiyoda-chiiki-shoko,
2026,expenditure,131016:2026:expenditure:approved:f21c06a90e15722a,assigned,01,"","",retained,款,somu,
2026,expenditure,131016:2026:expenditure:approved:f22dcc1f4f646a23,assigned,07,"","",retained,項,chiyoda-kenko,
2026,expenditure,131016:2026:expenditure:approved:f242803d3b8d2731,assigned,05,05.1,"",retained,項,chiyoda-seiso,
2026,expenditure,131016:2026:expenditure:approved:f2a7fdcae832ee4d,assigned,01,"","",retained,款,somu,
2026,expenditure,131016:2026:expenditure:approved:f32b7f23daac4fdd,assigned,10,"","",retained,項,chiyoda-fukushi-kanri,
2026,expenditure,131016:2026:expenditure:approved:f39f679822a42544,assigned,09,09.2,"",retained,目,chiyoda-gakko-chuto,
2026,expenditure,131016:2026:expenditure:approved:f418879e651cc115,assigned,10,"","",retained,項,chiyoda-fukushi-kanri,
2026,expenditure,131016:2026:expenditure:approved:f5103cd7f3dad42f,assigned,01,01.3,"",retained,項,chiyoda-madoguchi,
2026,expenditure,131016:2026:expenditure:approved:f6233740f8119d83,assigned,07,"","",retained,項,chiyoda-kenko,
2026,expenditure,131016:2026:expenditure:approved:f6a0009412f5967b,assigned,01,"","",retained,項,chiyoda-zeimu,
2026,expenditure,131016:2026:expenditure:approved:f6b95598300e82fa,assigned,10,10.4,"",retained,項,chiyoda-kodomo-katei,
2026,expenditure,131016:2026:expenditure:approved:f728b45f0a6fa45e,assigned,07,"","",retained,項,chiyoda-kenko,
2026,expenditure,131016:2026:expenditure:approved:f75d811391d98a22,assigned,04,04.5,04.5.1,retained,項,chiyoda-doro,
2026,expenditure,131016:2026:expenditure:approved:f7c804c4d4a7dd65,assigned,06,06.2,"",retained,目,chiyoda-chiiki-shisetsu,
2026,expenditure,131016:2026:expenditure:approved:f7cbbc6583d6e308,assigned,10,"","",retained,項,chiyoda-fukushi-kanri,
2026,expenditure,131016:2026:expenditure:approved:f8ec890719628fb5,assigned,01,"","",retained,款,somu,
2026,expenditure,131016:2026:expenditure:approved:f93a1a88e4a16d14,assigned,10,10.4,"",retained,項,chiyoda-kodomo-katei,
2026,expenditure,131016:2026:expenditure:approved:f9e57096a0322318,assigned,01,"","",retained,項,chiyoda-chiiki-other,
2026,expenditure,131016:2026:expenditure:approved:fa551458633a92f4,assigned,09,09.5,"",retained,項,chiyoda-bunka-other,
2026,expenditure,131016:2026:expenditure:approved:fa6499bc6db6426a,assigned,04,04.5,04.5.1,retained,項,chiyoda-doro,
2026,expenditure,131016:2026:expenditure:approved:fa84da42b1059a1d,assigned,10,"","",retained,項,chiyoda-fukushi-kanri,
2026,expenditure,131016:2026:expenditure:approved:faa4cffb07b01b6b,assigned,01,"","",retained,款,somu,
2026,expenditure,131016:2026:expenditure:approved:fab8dfe02a2072de,assigned,06,06.1,"",retained,目,chiyoda-jutaku,
2026,expenditure,131016:2026:expenditure:approved:fadacce6f9682a0b,assigned,01,"","",retained,款,somu,
2026,expenditure,131016:2026:expenditure:approved:fb33e4d21f264bbe,assigned,01,"","",retained,款,somu,
2026,expenditure,131016:2026:expenditure:approved:fb77e3e1ca1bdad8,assigned,07,"","",retained,項,chiyoda-kenko,
2026,expenditure,131016:2026:expenditure:approved:fbb09a82e2d4db8d,assigned,10,"","",retained,目,chiyoda-shokuin-fukushi,
2026,expenditure,131016:2026:expenditure:approved:fc2e891285249e65,assigned,10,10.4,"",retained,項,chiyoda-kodomo-katei,
2026,expenditure,131016:2026:expenditure:approved:fd25e6169c1a51f1,assigned,06,06.2,"",retained,項,chiyoda-toshi-other,
2026,expenditure,131016:2026:expenditure:approved:fde09222b646c041,assigned,01,"","",retained,款,somu,
2026,expenditure,131016:2026:expenditure:approved:fdff1ae04b8a995e,assigned,09,09.8,"",retained,項,chiyoda-kodomo-kanri,
2026,expenditure,131016:2026:expenditure:approved:fe9df57e41eac53b,assigned,07,"","",retained,項,chiyoda-kenko,
2026,expenditure,131016:2026:expenditure:approved:fea2ed4fd2af837d,assigned,06,06.2,"",retained,目,chiyoda-chiiki-shisetsu,
2026,expenditure,131016:2026:expenditure:approved:fec38e2275bd72be,assigned,01,"","",retained,款,somu,
2026,expenditure,131016:2026:expenditure:approved:fed6861232880ba9,assigned,09,09.8,"",retained,項,chiyoda-kodomo-kanri,
2026,expenditure,131016:2026:expenditure:approved:ff19ea0c79fd1314,assigned,07,"","",retained,項,chiyoda-kenko,
2026,revenue,131016:2026:revenue:approved:015c281f13f0b90d,not-applicable,"","","",retained,（規則なし）,,
2026,revenue,131016:2026:revenue:approved:0290097f9dee47c8,not-applicable,"","","",retained,（規則なし）,,
2026,revenue,131016:2026:revenue:approved:02acdfc33643146b,not-applicable,"","","",retained,（規則なし）,,
2026,revenue,131016:2026:revenue:approved:03bf21f0f184bed7,not-applicable,"","","",retained,（規則なし）,,
2026,revenue,131016:2026:revenue:approved:0479b893b82056ad,not-applicable,"","","",retained,（規則なし）,,
2026,revenue,131016:2026:revenue:approved:04b4b510baaf4265,not-applicable,"","","",retained,（規則なし）,,
2026,revenue,131016:2026:revenue:approved:05e8d1ede0ea5d80,not-applicable,"","","",retained,（規則なし）,,
2026,revenue,131016:2026:revenue:approved:067e2a6d37c72db8,not-applicable,"","","",retained,（規則なし）,,
2026,revenue,131016:2026:revenue:approved:072b3fe777d480fd,not-applicable,"","","",retained,（規則なし）,,
2026,revenue,131016:2026:revenue:approved:0759406deca9ff94,not-applicable,"","","",retained,（規則なし）,,
2026,revenue,131016:2026:revenue:approved:076f8591ef379e16,not-applicable,"","","",retained,（規則なし）,,
2026,revenue,131016:2026:revenue:approved:0795f104ffd1c471,not-applicable,"","","",retained,（規則なし）,,
2026,revenue,131016:2026:revenue:approved:07d387589b7bb5e1,not-applicable,"","","",retained,（規則なし）,,
2026,revenue,131016:2026:revenue:approved:0854f51c4b98573d,not-applicable,"","","",retained,（規則なし）,,
2026,revenue,131016:2026:revenue:approved:08a30c61885a03ec,not-applicable,"","","",retained,（規則なし）,,
2026,revenue,131016:2026:revenue:approved:09097753510f6811,not-applicable,"","","",retained,（規則なし）,,
2026,revenue,131016:2026:revenue:approved:0922ad8709e95d6a,not-applicable,"","","",retained,（規則なし）,,
2026,revenue,131016:2026:revenue:approved:099693cae38de573,not-applicable,"","","",retained,（規則なし）,,
2026,revenue,131016:2026:revenue:approved:0a83cfb8f20e9e8c,not-applicable,"","","",retained,（規則なし）,,
2026,revenue,131016:2026:revenue:approved:0b84a7d30aa657df,not-applicable,"","","",retained,（規則なし）,,
2026,revenue,131016:2026:revenue:approved:0b93c2f9cc4ca217,not-applicable,"","","",retained,（規則なし）,,
2026,revenue,131016:2026:revenue:approved:0bcd43f008afdd50,not-applicable,"","","",retained,（規則なし）,,
2026,revenue,131016:2026:revenue:approved:0c58213c1bbf7494,not-applicable,"","","",retained,（規則なし）,,
2026,revenue,131016:2026:revenue:approved:0c8876ef0ed2a395,not-applicable,"","","",retained,（規則なし）,,
2026,revenue,131016:2026:revenue:approved:0edc81dd03cd6858,not-applicable,"","","",retained,（規則なし）,,
2026,revenue,131016:2026:revenue:approved:0f6392f3b439e5c3,not-applicable,"","","",retained,（規則なし）,,
2026,revenue,131016:2026:revenue:approved:108aaa78ac7367ed,not-applicable,"","","",retained,（規則なし）,,
2026,revenue,131016:2026:revenue:approved:10f2415e72c8aa43,not-applicable,"","","",retained,（規則なし）,,
2026,revenue,131016:2026:revenue:approved:132cc53d64deb1a2,not-applicable,"","","",retained,（規則なし）,,
2026,revenue,131016:2026:revenue:approved:13f9b2c7f9e294bf,not-applicable,"","","",retained,（規則なし）,,
2026,revenue,131016:2026:revenue:approved:140687982d2e90d8,not-applicable,"","","",retained,（規則なし）,,
2026,revenue,131016:2026:revenue:approved:140fd5c93ce36e9e,not-applicable,"","","",retained,（規則なし）,,
2026,revenue,131016:2026:revenue:approved:14359aa16c529ead,not-applicable,"","","",retained,（規則なし）,,
2026,revenue,131016:2026:revenue:approved:1490d0e467dd5cc5,not-applicable,"","","",retained,（規則なし）,,
2026,revenue,131016:2026:revenue:approved:14db9827dd9890c3,not-applicable,"","","",retained,（規則なし）,,
2026,revenue,131016:2026:revenue:approved:1572d3adb58ecfae,not-applicable,"","","",retained,（規則なし）,,
2026,revenue,131016:2026:revenue:approved:1720469cc14eea03,not-applicable,"","","",retained,（規則なし）,,
2026,revenue,131016:2026:revenue:approved:173703ca707876d0,not-applicable,"","","",retained,（規則なし）,,
2026,revenue,131016:2026:revenue:approved:1770880dc2fa5670,not-applicable,"","","",retained,（規則なし）,,
2026,revenue,131016:2026:revenue:approved:182e6512bfe58ef7,not-applicable,"","","",retained,（規則なし）,,
2026,revenue,131016:2026:revenue:approved:187ceb3af9481b3b,not-applicable,"","","",retained,（規則なし）,,
2026,revenue,131016:2026:revenue:approved:19408de474a4a0c6,not-applicable,"","","",retained,（規則なし）,,
2026,revenue,131016:2026:revenue:approved:19a68e844565b923,not-applicable,"","","",retained,（規則なし）,,
2026,revenue,131016:2026:revenue:approved:1a41c93411019db5,not-applicable,"","","",retained,（規則なし）,,
2026,revenue,131016:2026:revenue:approved:1a437f849c4aa9fb,not-applicable,"","","",retained,（規則なし）,,
2026,revenue,131016:2026:revenue:approved:1ae8c28a2e427a34,not-applicable,"","","",retained,（規則なし）,,
2026,revenue,131016:2026:revenue:approved:1b13be737f9b5087,not-applicable,"","","",retained,（規則なし）,,
2026,revenue,131016:2026:revenue:approved:1bae83e6cb82567b,not-applicable,"","","",retained,（規則なし）,,
2026,revenue,131016:2026:revenue:approved:1c05a01d686c4b75,not-applicable,"","","",retained,（規則なし）,,
2026,revenue,131016:2026:revenue:approved:1d6979b91231287a,not-applicable,"","","",retained,（規則なし）,,
2026,revenue,131016:2026:revenue:approved:1d9d69f76f1b0312,not-applicable,"","","",retained,（規則なし）,,
2026,revenue,131016:2026:revenue:approved:1db5c6da7583db7e,not-applicable,"","","",retained,（規則なし）,,
2026,revenue,131016:2026:revenue:approved:20cf1282fc4c453b,not-applicable,"","","",retained,（規則なし）,,
2026,revenue,131016:2026:revenue:approved:2147a71401ad5d74,not-applicable,"","","",retained,（規則なし）,,
2026,revenue,131016:2026:revenue:approved:2283371a2749f180,not-applicable,"","","",retained,（規則なし）,,
2026,revenue,131016:2026:revenue:approved:22c92612ad7a7997,not-applicable,"","","",retained,（規則なし）,,
2026,revenue,131016:2026:revenue:approved:22f356c9e594d2f0,not-applicable,"","","",retained,（規則なし）,,
2026,revenue,131016:2026:revenue:approved:2487e529caf7f0ab,not-applicable,"","","",retained,（規則なし）,,
2026,revenue,131016:2026:revenue:approved:24f8ccbdc45ee972,not-applicable,"","","",retained,（規則なし）,,
2026,revenue,131016:2026:revenue:approved:25bd1a4a4f1cd341,not-applicable,"","","",retained,（規則なし）,,
2026,revenue,131016:2026:revenue:approved:25e8cef6fee19e32,not-applicable,"","","",retained,（規則なし）,,
2026,revenue,131016:2026:revenue:approved:25f544c864e04be3,not-applicable,"","","",retained,（規則なし）,,
2026,revenue,131016:2026:revenue:approved:2712faa8f0c2f9e5,not-applicable,"","","",retained,（規則なし）,,
2026,revenue,131016:2026:revenue:approved:276277fe3e62696f,not-applicable,"","","",retained,（規則なし）,,
2026,revenue,131016:2026:revenue:approved:2784177cf4eb710d,not-applicable,"","","",retained,（規則なし）,,
2026,revenue,131016:2026:revenue:approved:279634dff73b1d7b,not-applicable,"","","",retained,（規則なし）,,
2026,revenue,131016:2026:revenue:approved:29cdd8aa6573f465,not-applicable,"","","",retained,（規則なし）,,
2026,revenue,131016:2026:revenue:approved:2ae112beeb62cb0b,not-applicable,"","","",retained,（規則なし）,,
2026,revenue,131016:2026:revenue:approved:2b14162469cc9229,not-applicable,"","","",retained,（規則なし）,,
2026,revenue,131016:2026:revenue:approved:2b2a0cf24a63c224,not-applicable,"","","",retained,（規則なし）,,
2026,revenue,131016:2026:revenue:approved:2beddbaf6f139185,not-applicable,"","","",retained,（規則なし）,,
2026,revenue,131016:2026:revenue:approved:2c9e518b6a0e8aae,not-applicable,"","","",retained,（規則なし）,,
2026,revenue,131016:2026:revenue:approved:2d4623e2928e6d29,not-applicable,"","","",retained,（規則なし）,,
2026,revenue,131016:2026:revenue:approved:2d9ea73c6c0aca14,not-applicable,"","","",retained,（規則なし）,,
2026,revenue,131016:2026:revenue:approved:2df5f5d181371b30,not-applicable,"","","",retained,（規則なし）,,
2026,revenue,131016:2026:revenue:approved:2edb8ae4083ad141,not-applicable,"","","",retained,（規則なし）,,
2026,revenue,131016:2026:revenue:approved:2eef428ec5f38129,not-applicable,"","","",retained,（規則なし）,,
2026,revenue,131016:2026:revenue:approved:2ff0c0ee401eae95,not-applicable,"","","",retained,（規則なし）,,
2026,revenue,131016:2026:revenue:approved:32b16668a5f6e9b8,not-applicable,"","","",retained,（規則なし）,,
2026,revenue,131016:2026:revenue:approved:32c978e8b5ce35ac,not-applicable,"","","",retained,（規則なし）,,
2026,revenue,131016:2026:revenue:approved:32dd5e604cb02f32,not-applicable,"","","",retained,（規則なし）,,
2026,revenue,131016:2026:revenue:approved:33608831471b9890,not-applicable,"","","",retained,（規則なし）,,
2026,revenue,131016:2026:revenue:approved:3497535567b2f10c,not-applicable,"","","",retained,（規則なし）,,
2026,revenue,131016:2026:revenue:approved:34deebc84eaa6b9e,not-applicable,"","","",retained,（規則なし）,,
2026,revenue,131016:2026:revenue:approved:35c0c9663ecbc8b5,not-applicable,"","","",retained,（規則なし）,,
2026,revenue,131016:2026:revenue:approved:35f296ab50d89745,not-applicable,"","","",retained,（規則なし）,,
2026,revenue,131016:2026:revenue:approved:36412f46ca2771b9,not-applicable,"","","",retained,（規則なし）,,
2026,revenue,131016:2026:revenue:approved:3690dcfa19973895,not-applicable,"","","",retained,（規則なし）,,
2026,revenue,131016:2026:revenue:approved:3754ee4534798b2e,not-applicable,"","","",retained,（規則なし）,,
2026,revenue,131016:2026:revenue:approved:37901f2c9f54e338,not-applicable,"","","",retained,（規則なし）,,
2026,revenue,131016:2026:revenue:approved:379a5b47f59e4fa4,not-applicable,"","","",retained,（規則なし）,,
2026,revenue,131016:2026:revenue:approved:37f3191f327d6d3d,not-applicable,"","","",retained,（規則なし）,,
2026,revenue,131016:2026:revenue:approved:38d9ba6b4051ab6f,not-applicable,"","","",retained,（規則なし）,,
2026,revenue,131016:2026:revenue:approved:39636e3ef9bc057a,not-applicable,"","","",retained,（規則なし）,,
2026,revenue,131016:2026:revenue:approved:396b29349541f206,not-applicable,"","","",retained,（規則なし）,,
2026,revenue,131016:2026:revenue:approved:39fcc9a975013369,not-applicable,"","","",retained,（規則なし）,,
2026,revenue,131016:2026:revenue:approved:3a676f42e40a1b0b,not-applicable,"","","",retained,（規則なし）,,
2026,revenue,131016:2026:revenue:approved:3a9f074dbdd9935b,not-applicable,"","","",retained,（規則なし）,,
2026,revenue,131016:2026:revenue:approved:3b0072b9defcf613,not-applicable,"","","",retained,（規則なし）,,
2026,revenue,131016:2026:revenue:approved:3b3b265f37fa5b16,not-applicable,"","","",retained,（規則なし）,,
2026,revenue,131016:2026:revenue:approved:3c37f927a6862275,not-applicable,"","","",retained,（規則なし）,,
2026,revenue,131016:2026:revenue:approved:3d99542cb29e4573,not-applicable,"","","",retained,（規則なし）,,
2026,revenue,131016:2026:revenue:approved:3ef8dd8d9ef966b1,not-applicable,"","","",retained,（規則なし）,,
2026,revenue,131016:2026:revenue:approved:3fbd483687ca681a,not-applicable,"","","",retained,（規則なし）,,
2026,revenue,131016:2026:revenue:approved:4168580df4c9f8af,not-applicable,"","","",retained,（規則なし）,,
2026,revenue,131016:2026:revenue:approved:41cca65b8ec457d5,not-applicable,"","","",retained,（規則なし）,,
2026,revenue,131016:2026:revenue:approved:425e6ddbcc0283f1,not-applicable,"","","",retained,（規則なし）,,
2026,revenue,131016:2026:revenue:approved:447fa6bbb845f032,not-applicable,"","","",retained,（規則なし）,,
2026,revenue,131016:2026:revenue:approved:45417471cb2ead7a,not-applicable,"","","",retained,（規則なし）,,
2026,revenue,131016:2026:revenue:approved:45a34f5994c282b4,not-applicable,"","","",retained,（規則なし）,,
2026,revenue,131016:2026:revenue:approved:45d7b5cb3f44d3e7,not-applicable,"","","",retained,（規則なし）,,
2026,revenue,131016:2026:revenue:approved:4602e11a720944df,not-applicable,"","","",retained,（規則なし）,,
2026,revenue,131016:2026:revenue:approved:4639ddae29bb5f3a,not-applicable,"","","",retained,（規則なし）,,
2026,revenue,131016:2026:revenue:approved:468ee8cfada2a6ef,not-applicable,"","","",retained,（規則なし）,,
2026,revenue,131016:2026:revenue:approved:46a4ecea2dd1421c,not-applicable,"","","",retained,（規則なし）,,
2026,revenue,131016:2026:revenue:approved:46af21a9726a5566,not-applicable,"","","",retained,（規則なし）,,
2026,revenue,131016:2026:revenue:approved:46bfdf93168d9a6d,not-applicable,"","","",retained,（規則なし）,,
2026,revenue,131016:2026:revenue:approved:47218ae1671100b2,not-applicable,"","","",retained,（規則なし）,,
2026,revenue,131016:2026:revenue:approved:48372d7082c5eb55,not-applicable,"","","",retained,（規則なし）,,
2026,revenue,131016:2026:revenue:approved:483943af63d10dab,not-applicable,"","","",retained,（規則なし）,,
2026,revenue,131016:2026:revenue:approved:4b4723036bdcce41,not-applicable,"","","",retained,（規則なし）,,
2026,revenue,131016:2026:revenue:approved:4bdc1a0b212b2a11,not-applicable,"","","",retained,（規則なし）,,
2026,revenue,131016:2026:revenue:approved:4bddda7a7964adbe,not-applicable,"","","",retained,（規則なし）,,
2026,revenue,131016:2026:revenue:approved:4c968b3eac00fe50,not-applicable,"","","",retained,（規則なし）,,
2026,revenue,131016:2026:revenue:approved:4ca8607cf250305e,not-applicable,"","","",retained,（規則なし）,,
2026,revenue,131016:2026:revenue:approved:4cc9c55883aba1f3,not-applicable,"","","",retained,（規則なし）,,
2026,revenue,131016:2026:revenue:approved:4d39dedd9d8e987c,not-applicable,"","","",retained,（規則なし）,,
2026,revenue,131016:2026:revenue:approved:501fd8ee30111c33,not-applicable,"","","",retained,（規則なし）,,
2026,revenue,131016:2026:revenue:approved:502af13e5784f8c5,not-applicable,"","","",retained,（規則なし）,,
2026,revenue,131016:2026:revenue:approved:5043c67d80c9a22d,not-applicable,"","","",retained,（規則なし）,,
2026,revenue,131016:2026:revenue:approved:519b2cd971b0e759,not-applicable,"","","",retained,（規則なし）,,
2026,revenue,131016:2026:revenue:approved:52faa3790aacfdb0,not-applicable,"","","",retained,（規則なし）,,
2026,revenue,131016:2026:revenue:approved:53cee4476ee1d282,not-applicable,"","","",retained,（規則なし）,,
2026,revenue,131016:2026:revenue:approved:55885229743edd4d,not-applicable,"","","",retained,（規則なし）,,
2026,revenue,131016:2026:revenue:approved:5612d754afe93e2f,not-applicable,"","","",retained,（規則なし）,,
2026,revenue,131016:2026:revenue:approved:5648a5e98406c325,not-applicable,"","","",retained,（規則なし）,,
2026,revenue,131016:2026:revenue:approved:56d3670cc21b4d9e,not-applicable,"","","",retained,（規則なし）,,
2026,revenue,131016:2026:revenue:approved:580aaeb26e4e536f,not-applicable,"","","",retained,（規則なし）,,
2026,revenue,131016:2026:revenue:approved:59267a4262f51cec,not-applicable,"","","",retained,（規則なし）,,
2026,revenue,131016:2026:revenue:approved:5b6ea2633ff75639,not-applicable,"","","",retained,（規則なし）,,
2026,revenue,131016:2026:revenue:approved:5bce563f29171944,not-applicable,"","","",retained,（規則なし）,,
2026,revenue,131016:2026:revenue:approved:5bee30f8e9652254,not-applicable,"","","",retained,（規則なし）,,
2026,revenue,131016:2026:revenue:approved:5dd6fdbce0ceb168,not-applicable,"","","",retained,（規則なし）,,
2026,revenue,131016:2026:revenue:approved:5e0a9a51d002f5f4,not-applicable,"","","",retained,（規則なし）,,
2026,revenue,131016:2026:revenue:approved:5edff99d58838bd7,not-applicable,"","","",retained,（規則なし）,,
2026,revenue,131016:2026:revenue:approved:5f4644bb19ca5ba3,not-applicable,"","","",retained,（規則なし）,,
2026,revenue,131016:2026:revenue:approved:5fd3109c3d839d69,not-applicable,"","","",retained,（規則なし）,,
2026,revenue,131016:2026:revenue:approved:5ff16a27ca449df0,not-applicable,"","","",retained,（規則なし）,,
2026,revenue,131016:2026:revenue:approved:61433c99c3f4f858,not-applicable,"","","",retained,（規則なし）,,
2026,revenue,131016:2026:revenue:approved:615cbee83afc41d3,not-applicable,"","","",retained,（規則なし）,,
2026,revenue,131016:2026:revenue:approved:62496c476b39c1a3,not-applicable,"","","",retained,（規則なし）,,
2026,revenue,131016:2026:revenue:approved:629aceb38793479f,not-applicable,"","","",retained,（規則なし）,,
2026,revenue,131016:2026:revenue:approved:62d698e16b155ffc,not-applicable,"","","",retained,（規則なし）,,
2026,revenue,131016:2026:revenue:approved:637d0e602a889ea8,not-applicable,"","","",retained,（規則なし）,,
2026,revenue,131016:2026:revenue:approved:63bfdb24e0b6179e,not-applicable,"","","",retained,（規則なし）,,
2026,revenue,131016:2026:revenue:approved:648678b6d1712d68,not-applicable,"","","",retained,（規則なし）,,
2026,revenue,131016:2026:revenue:approved:64ccc528c01072a8,not-applicable,"","","",retained,（規則なし）,,
2026,revenue,131016:2026:revenue:approved:6507173a6eabee2e,not-applicable,"","","",retained,（規則なし）,,
2026,revenue,131016:2026:revenue:approved:660f342c7722497c,not-applicable,"","","",retained,（規則なし）,,
2026,revenue,131016:2026:revenue:approved:661f5ea492928367,not-applicable,"","","",retained,（規則なし）,,
2026,revenue,131016:2026:revenue:approved:66d57f99143ebe03,not-applicable,"","","",retained,（規則なし）,,
2026,revenue,131016:2026:revenue:approved:6709f338f65c91a0,not-applicable,"","","",retained,（規則なし）,,
2026,revenue,131016:2026:revenue:approved:6789d6cdce4333cf,not-applicable,"","","",retained,（規則なし）,,
2026,revenue,131016:2026:revenue:approved:68dc672b13a60aae,not-applicable,"","","",retained,（規則なし）,,
2026,revenue,131016:2026:revenue:approved:6933aa9b67efd8ce,not-applicable,"","","",retained,（規則なし）,,
2026,revenue,131016:2026:revenue:approved:694e38f29c5502d0,not-applicable,"","","",retained,（規則なし）,,
2026,revenue,131016:2026:revenue:approved:6a801713811df60e,not-applicable,"","","",retained,（規則なし）,,
2026,revenue,131016:2026:revenue:approved:6b907aae6d5cef5c,not-applicable,"","","",retained,（規則なし）,,
2026,revenue,131016:2026:revenue:approved:6ba0ac7e1e7e749d,not-applicable,"","","",retained,（規則なし）,,
2026,revenue,131016:2026:revenue:approved:6c87603bdc5dec2d,not-applicable,"","","",retained,（規則なし）,,
2026,revenue,131016:2026:revenue:approved:6cc7c8e3b916e084,not-applicable,"","","",retained,（規則なし）,,
2026,revenue,131016:2026:revenue:approved:6faac5d5b3fb48e8,not-applicable,"","","",retained,（規則なし）,,
2026,revenue,131016:2026:revenue:approved:6fc02b6fa3fe52b5,not-applicable,"","","",retained,（規則なし）,,
2026,revenue,131016:2026:revenue:approved:7065ce3e4cce967a,not-applicable,"","","",retained,（規則なし）,,
2026,revenue,131016:2026:revenue:approved:7090ff480214241d,not-applicable,"","","",retained,（規則なし）,,
2026,revenue,131016:2026:revenue:approved:712adad4203dd6da,not-applicable,"","","",retained,（規則なし）,,
2026,revenue,131016:2026:revenue:approved:712e75fea9cdee7e,not-applicable,"","","",retained,（規則なし）,,
2026,revenue,131016:2026:revenue:approved:71d05151e77f5983,not-applicable,"","","",retained,（規則なし）,,
2026,revenue,131016:2026:revenue:approved:71d427cd1824c6e9,not-applicable,"","","",retained,（規則なし）,,
2026,revenue,131016:2026:revenue:approved:73257813ac9c1efd,not-applicable,"","","",retained,（規則なし）,,
2026,revenue,131016:2026:revenue:approved:7344d11656964904,not-applicable,"","","",retained,（規則なし）,,
2026,revenue,131016:2026:revenue:approved:74775e2b25f15b8c,not-applicable,"","","",retained,（規則なし）,,
2026,revenue,131016:2026:revenue:approved:76570b49b2dc38b8,not-applicable,"","","",retained,（規則なし）,,
2026,revenue,131016:2026:revenue:approved:76816279a7233cee,not-applicable,"","","",retained,（規則なし）,,
2026,revenue,131016:2026:revenue:approved:76905a358e03ba21,not-applicable,"","","",retained,（規則なし）,,
2026,revenue,131016:2026:revenue:approved:76a45294f7988976,not-applicable,"","","",retained,（規則なし）,,
2026,revenue,131016:2026:revenue:approved:76ddffac761665d9,not-applicable,"","","",retained,（規則なし）,,
2026,revenue,131016:2026:revenue:approved:77a7951a657c75b0,not-applicable,"","","",retained,（規則なし）,,
2026,revenue,131016:2026:revenue:approved:7920b7ad25db6b78,not-applicable,"","","",retained,（規則なし）,,
2026,revenue,131016:2026:revenue:approved:79828a9519cbec87,not-applicable,"","","",retained,（規則なし）,,
2026,revenue,131016:2026:revenue:approved:7b5414be9fe559b8,not-applicable,"","","",retained,（規則なし）,,
2026,revenue,131016:2026:revenue:approved:7e4911703bb40eec,not-applicable,"","","",retained,（規則なし）,,
2026,revenue,131016:2026:revenue:approved:811a5a9fc8ee75e1,not-applicable,"","","",retained,（規則なし）,,
2026,revenue,131016:2026:revenue:approved:82e9f1028d6afe62,not-applicable,"","","",retained,（規則なし）,,
2026,revenue,131016:2026:revenue:approved:83404c064f04b5ee,not-applicable,"","","",retained,（規則なし）,,
2026,revenue,131016:2026:revenue:approved:836dafdc5b979cf3,not-applicable,"","","",retained,（規則なし）,,
2026,revenue,131016:2026:revenue:approved:843308076b7b59c9,not-applicable,"","","",retained,（規則なし）,,
2026,revenue,131016:2026:revenue:approved:846ead30e87222af,not-applicable,"","","",retained,（規則なし）,,
2026,revenue,131016:2026:revenue:approved:84776ea679afb071,not-applicable,"","","",retained,（規則なし）,,
2026,revenue,131016:2026:revenue:approved:8666dceb54bedff8,not-applicable,"","","",retained,（規則なし）,,
2026,revenue,131016:2026:revenue:approved:8675f1c7994bb53d,not-applicable,"","","",retained,（規則なし）,,
2026,revenue,131016:2026:revenue:approved:86c9fbc1fbbfa9bc,not-applicable,"","","",retained,（規則なし）,,
2026,revenue,131016:2026:revenue:approved:87dec2eabf67588d,not-applicable,"","","",retained,（規則なし）,,
2026,revenue,131016:2026:revenue:approved:8807bd2c5d2df658,not-applicable,"","","",retained,（規則なし）,,
2026,revenue,131016:2026:revenue:approved:88781ca7a99dfc93,not-applicable,"","","",retained,（規則なし）,,
2026,revenue,131016:2026:revenue:approved:8911c1239e5c1743,not-applicable,"","","",retained,（規則なし）,,
2026,revenue,131016:2026:revenue:approved:89e1613030b04a8f,not-applicable,"","","",retained,（規則なし）,,
2026,revenue,131016:2026:revenue:approved:8a1a31d52c3090c1,not-applicable,"","","",retained,（規則なし）,,
2026,revenue,131016:2026:revenue:approved:8a59b948570d7723,not-applicable,"","","",retained,（規則なし）,,
2026,revenue,131016:2026:revenue:approved:8a7d475bd5676e91,not-applicable,"","","",retained,（規則なし）,,
2026,revenue,131016:2026:revenue:approved:8af137e10840f667,not-applicable,"","","",retained,（規則なし）,,
2026,revenue,131016:2026:revenue:approved:8bff9ef558327889,not-applicable,"","","",retained,（規則なし）,,
2026,revenue,131016:2026:revenue:approved:8c1a588a16e5a269,not-applicable,"","","",retained,（規則なし）,,
2026,revenue,131016:2026:revenue:approved:8ded4c1efcad8480,not-applicable,"","","",retained,（規則なし）,,
2026,revenue,131016:2026:revenue:approved:8f3aa6c6d899602a,not-applicable,"","","",retained,（規則なし）,,
2026,revenue,131016:2026:revenue:approved:8fa37bf7fc68fdf8,not-applicable,"","","",retained,（規則なし）,,
2026,revenue,131016:2026:revenue:approved:8fc8ed93ab7bc37d,not-applicable,"","","",retained,（規則なし）,,
2026,revenue,131016:2026:revenue:approved:8fd3f45eccc90312,not-applicable,"","","",retained,（規則なし）,,
2026,revenue,131016:2026:revenue:approved:8fe6c59ab1f1dd0a,not-applicable,"","","",retained,（規則なし）,,
2026,revenue,131016:2026:revenue:approved:9158430878b42a7d,not-applicable,"","","",retained,（規則なし）,,
2026,revenue,131016:2026:revenue:approved:925eb21fe6ecbf5c,not-applicable,"","","",retained,（規則なし）,,
2026,revenue,131016:2026:revenue:approved:9334b8cb31c3b130,not-applicable,"","","",retained,（規則なし）,,
2026,revenue,131016:2026:revenue:approved:94c68b56bda9b3c7,not-applicable,"","","",retained,（規則なし）,,
2026,revenue,131016:2026:revenue:approved:95478b9c460daf5d,not-applicable,"","","",retained,（規則なし）,,
2026,revenue,131016:2026:revenue:approved:9604b1c31652d563,not-applicable,"","","",retained,（規則なし）,,
2026,revenue,131016:2026:revenue:approved:9785c9de55fd1fe0,not-applicable,"","","",retained,（規則なし）,,
2026,revenue,131016:2026:revenue:approved:97b88b40d81965a4,not-applicable,"","","",retained,（規則なし）,,
2026,revenue,131016:2026:revenue:approved:9839829d1d34b512,not-applicable,"","","",retained,（規則なし）,,
2026,revenue,131016:2026:revenue:approved:98611cff178a39ef,not-applicable,"","","",retained,（規則なし）,,
2026,revenue,131016:2026:revenue:approved:98630e8b669e1d19,not-applicable,"","","",retained,（規則なし）,,
2026,revenue,131016:2026:revenue:approved:991a67379094c1a8,not-applicable,"","","",retained,（規則なし）,,
2026,revenue,131016:2026:revenue:approved:9932a2bc959fdba3,not-applicable,"","","",retained,（規則なし）,,
2026,revenue,131016:2026:revenue:approved:99f828c19727ef16,not-applicable,"","","",retained,（規則なし）,,
2026,revenue,131016:2026:revenue:approved:9b27775b2fcbb718,not-applicable,"","","",retained,（規則なし）,,
2026,revenue,131016:2026:revenue:approved:9b790ba3686e0c9a,not-applicable,"","","",retained,（規則なし）,,
2026,revenue,131016:2026:revenue:approved:9c98ddac4c2dfb0c,not-applicable,"","","",retained,（規則なし）,,
2026,revenue,131016:2026:revenue:approved:9f3fb2cd0b1360d4,not-applicable,"","","",retained,（規則なし）,,
2026,revenue,131016:2026:revenue:approved:a02ef7a9143cef62,not-applicable,"","","",retained,（規則なし）,,
2026,revenue,131016:2026:revenue:approved:a04190c8fd34cbd1,not-applicable,"","","",retained,（規則なし）,,
2026,revenue,131016:2026:revenue:approved:a0c48c2963a87f88,not-applicable,"","","",retained,（規則なし）,,
2026,revenue,131016:2026:revenue:approved:a0eeb8d0688d713d,not-applicable,"","","",retained,（規則なし）,,
2026,revenue,131016:2026:revenue:approved:a14ce318f1512cce,not-applicable,"","","",retained,（規則なし）,,
2026,revenue,131016:2026:revenue:approved:a1d80f86d00d90eb,not-applicable,"","","",retained,（規則なし）,,
2026,revenue,131016:2026:revenue:approved:a216bfe6d6a24570,not-applicable,"","","",retained,（規則なし）,,
2026,revenue,131016:2026:revenue:approved:a292c3608bb4aa8e,not-applicable,"","","",retained,（規則なし）,,
2026,revenue,131016:2026:revenue:approved:a2dbb80c2e3c2c04,not-applicable,"","","",retained,（規則なし）,,
2026,revenue,131016:2026:revenue:approved:a2e96c0ff27ea21c,not-applicable,"","","",retained,（規則なし）,,
2026,revenue,131016:2026:revenue:approved:a315cc7e2cbb42ec,not-applicable,"","","",retained,（規則なし）,,
2026,revenue,131016:2026:revenue:approved:a419862b3d3bee7e,not-applicable,"","","",retained,（規則なし）,,
2026,revenue,131016:2026:revenue:approved:a4395d79e23aa81e,not-applicable,"","","",retained,（規則なし）,,
2026,revenue,131016:2026:revenue:approved:a46b217ff7eab39e,not-applicable,"","","",retained,（規則なし）,,
2026,revenue,131016:2026:revenue:approved:a482593d71b9f263,not-applicable,"","","",retained,（規則なし）,,
2026,revenue,131016:2026:revenue:approved:a563a9931acfdd25,not-applicable,"","","",retained,（規則なし）,,
2026,revenue,131016:2026:revenue:approved:a640ec793be6f667,not-applicable,"","","",retained,（規則なし）,,
2026,revenue,131016:2026:revenue:approved:a6a70fefeacfffbc,not-applicable,"","","",retained,（規則なし）,,
2026,revenue,131016:2026:revenue:approved:a75346151a172d8e,not-applicable,"","","",retained,（規則なし）,,
2026,revenue,131016:2026:revenue:approved:a96c3b8e481eba78,not-applicable,"","","",retained,（規則なし）,,
2026,revenue,131016:2026:revenue:approved:a9d73d5395d0d67d,not-applicable,"","","",retained,（規則なし）,,
2026,revenue,131016:2026:revenue:approved:aa2c17571b2bf15a,not-applicable,"","","",retained,（規則なし）,,
2026,revenue,131016:2026:revenue:approved:ac676a54f8c3e1ac,not-applicable,"","","",retained,（規則なし）,,
2026,revenue,131016:2026:revenue:approved:acac4c763874c4d0,not-applicable,"","","",retained,（規則なし）,,
2026,revenue,131016:2026:revenue:approved:ace0ee2609265acd,not-applicable,"","","",retained,（規則なし）,,
2026,revenue,131016:2026:revenue:approved:ad0c65f4f09e3af7,not-applicable,"","","",retained,（規則なし）,,
2026,revenue,131016:2026:revenue:approved:ad155e38f6b1cf53,not-applicable,"","","",retained,（規則なし）,,
2026,revenue,131016:2026:revenue:approved:ad75b637c5bd5e7b,not-applicable,"","","",retained,（規則なし）,,
2026,revenue,131016:2026:revenue:approved:ad8353292b91287c,not-applicable,"","","",retained,（規則なし）,,
2026,revenue,131016:2026:revenue:approved:ae3c1a3c3c5555a6,not-applicable,"","","",retained,（規則なし）,,
2026,revenue,131016:2026:revenue:approved:ae442128a58d47cd,not-applicable,"","","",retained,（規則なし）,,
2026,revenue,131016:2026:revenue:approved:af38601ab35431a3,not-applicable,"","","",retained,（規則なし）,,
2026,revenue,131016:2026:revenue:approved:b020876c672c2935,not-applicable,"","","",retained,（規則なし）,,
2026,revenue,131016:2026:revenue:approved:b03e595b7225efce,not-applicable,"","","",retained,（規則なし）,,
2026,revenue,131016:2026:revenue:approved:b07a04b5dc481b21,not-applicable,"","","",retained,（規則なし）,,
2026,revenue,131016:2026:revenue:approved:b0872a5b031aa028,not-applicable,"","","",retained,（規則なし）,,
2026,revenue,131016:2026:revenue:approved:b24ecf338f3a85fd,not-applicable,"","","",retained,（規則なし）,,
2026,revenue,131016:2026:revenue:approved:b2c7cd2c4e4285ac,not-applicable,"","","",retained,（規則なし）,,
2026,revenue,131016:2026:revenue:approved:b2cea4693869e722,not-applicable,"","","",retained,（規則なし）,,
2026,revenue,131016:2026:revenue:approved:b395ea40d4f1d831,not-applicable,"","","",retained,（規則なし）,,
2026,revenue,131016:2026:revenue:approved:b3bd7a4e782ebe59,not-applicable,"","","",retained,（規則なし）,,
2026,revenue,131016:2026:revenue:approved:b46f895bcf4a2f0c,not-applicable,"","","",retained,（規則なし）,,
2026,revenue,131016:2026:revenue:approved:b499a97963aff362,not-applicable,"","","",retained,（規則なし）,,
2026,revenue,131016:2026:revenue:approved:b52e610f87caffe3,not-applicable,"","","",retained,（規則なし）,,
2026,revenue,131016:2026:revenue:approved:b558fc459bb82d22,not-applicable,"","","",retained,（規則なし）,,
2026,revenue,131016:2026:revenue:approved:b5dcf89bd8012d57,not-applicable,"","","",retained,（規則なし）,,
2026,revenue,131016:2026:revenue:approved:b6c2a32023601798,not-applicable,"","","",retained,（規則なし）,,
2026,revenue,131016:2026:revenue:approved:b756eb88799d6d73,not-applicable,"","","",retained,（規則なし）,,
2026,revenue,131016:2026:revenue:approved:b7f713a6f9212e1b,not-applicable,"","","",retained,（規則なし）,,
2026,revenue,131016:2026:revenue:approved:b9635b5628c6a679,not-applicable,"","","",retained,（規則なし）,,
2026,revenue,131016:2026:revenue:approved:b98e1b50bf924a16,not-applicable,"","","",retained,（規則なし）,,
2026,revenue,131016:2026:revenue:approved:b9fa140b647cb1c2,not-applicable,"","","",retained,（規則なし）,,
2026,revenue,131016:2026:revenue:approved:bc47e95cac2e3446,not-applicable,"","","",retained,（規則なし）,,
2026,revenue,131016:2026:revenue:approved:bc49d20112e12d0a,not-applicable,"","","",retained,（規則なし）,,
2026,revenue,131016:2026:revenue:approved:bda94d693dd987ae,not-applicable,"","","",retained,（規則なし）,,
2026,revenue,131016:2026:revenue:approved:bde186e5c6f2d587,not-applicable,"","","",retained,（規則なし）,,
2026,revenue,131016:2026:revenue:approved:be52e309cecc51f0,not-applicable,"","","",retained,（規則なし）,,
2026,revenue,131016:2026:revenue:approved:bf1ec8c381c21611,not-applicable,"","","",retained,（規則なし）,,
2026,revenue,131016:2026:revenue:approved:bf5ea958dad5b02d,not-applicable,"","","",retained,（規則なし）,,
2026,revenue,131016:2026:revenue:approved:bfaa8b8ada462120,not-applicable,"","","",retained,（規則なし）,,
2026,revenue,131016:2026:revenue:approved:c03dd0a1b82a0af0,not-applicable,"","","",retained,（規則なし）,,
2026,revenue,131016:2026:revenue:approved:c0db66545b92ef59,not-applicable,"","","",retained,（規則なし）,,
2026,revenue,131016:2026:revenue:approved:c0fa6877cdadd360,not-applicable,"","","",retained,（規則なし）,,
2026,revenue,131016:2026:revenue:approved:c1012828a091841f,not-applicable,"","","",retained,（規則なし）,,
2026,revenue,131016:2026:revenue:approved:c13e7b9f7a78e5b9,not-applicable,"","","",retained,（規則なし）,,
2026,revenue,131016:2026:revenue:approved:c21e62d9c8846747,not-applicable,"","","",retained,（規則なし）,,
2026,revenue,131016:2026:revenue:approved:c2a98219c0315479,not-applicable,"","","",retained,（規則なし）,,
2026,revenue,131016:2026:revenue:approved:c2c8198d1f4550ea,not-applicable,"","","",retained,（規則なし）,,
2026,revenue,131016:2026:revenue:approved:c2e385a7443e8744,not-applicable,"","","",retained,（規則なし）,,
2026,revenue,131016:2026:revenue:approved:c36187d4f0591a8e,not-applicable,"","","",retained,（規則なし）,,
2026,revenue,131016:2026:revenue:approved:c3e8bb6ce2f9aa79,not-applicable,"","","",retained,（規則なし）,,
2026,revenue,131016:2026:revenue:approved:c46463b1c095845f,not-applicable,"","","",retained,（規則なし）,,
2026,revenue,131016:2026:revenue:approved:c4de8c68d02ca1ec,not-applicable,"","","",retained,（規則なし）,,
2026,revenue,131016:2026:revenue:approved:c4e28d343deffa4a,not-applicable,"","","",retained,（規則なし）,,
2026,revenue,131016:2026:revenue:approved:c50ea3f0bf3fa8ff,not-applicable,"","","",retained,（規則なし）,,
2026,revenue,131016:2026:revenue:approved:c6b8c2dfde2c91d0,not-applicable,"","","",retained,（規則なし）,,
2026,revenue,131016:2026:revenue:approved:c6bed73505637962,not-applicable,"","","",retained,（規則なし）,,
2026,revenue,131016:2026:revenue:approved:c74fc58143de1d61,not-applicable,"","","",retained,（規則なし）,,
2026,revenue,131016:2026:revenue:approved:c7bdd777ebe56d6a,not-applicable,"","","",retained,（規則なし）,,
2026,revenue,131016:2026:revenue:approved:c7ea286acb421642,not-applicable,"","","",retained,（規則なし）,,
2026,revenue,131016:2026:revenue:approved:c84e56cb39fe8c01,not-applicable,"","","",retained,（規則なし）,,
2026,revenue,131016:2026:revenue:approved:c8841fa9db863580,not-applicable,"","","",retained,（規則なし）,,
2026,revenue,131016:2026:revenue:approved:c8ac570aa2702b09,not-applicable,"","","",retained,（規則なし）,,
2026,revenue,131016:2026:revenue:approved:c8cdb6658b40bf69,not-applicable,"","","",retained,（規則なし）,,
2026,revenue,131016:2026:revenue:approved:c9b112a06330f5da,not-applicable,"","","",retained,（規則なし）,,
2026,revenue,131016:2026:revenue:approved:c9bb29a45611a46d,not-applicable,"","","",retained,（規則なし）,,
2026,revenue,131016:2026:revenue:approved:c9d1e944e16ca4ed,not-applicable,"","","",retained,（規則なし）,,
2026,revenue,131016:2026:revenue:approved:ca2cfb1662a79db2,not-applicable,"","","",retained,（規則なし）,,
2026,revenue,131016:2026:revenue:approved:ca777f6d743dbcd3,not-applicable,"","","",retained,（規則なし）,,
2026,revenue,131016:2026:revenue:approved:ca9d4711538bcecc,not-applicable,"","","",retained,（規則なし）,,
2026,revenue,131016:2026:revenue:approved:caf6439461de72d4,not-applicable,"","","",retained,（規則なし）,,
2026,revenue,131016:2026:revenue:approved:cb7c3b69c9db8ab9,not-applicable,"","","",retained,（規則なし）,,
2026,revenue,131016:2026:revenue:approved:cc6e1a5e2b8d7906,not-applicable,"","","",retained,（規則なし）,,
2026,revenue,131016:2026:revenue:approved:ce1df8fd9d2e776a,not-applicable,"","","",retained,（規則なし）,,
2026,revenue,131016:2026:revenue:approved:cecd6c7228c84244,not-applicable,"","","",retained,（規則なし）,,
2026,revenue,131016:2026:revenue:approved:cf45e64743f50f11,not-applicable,"","","",retained,（規則なし）,,
2026,revenue,131016:2026:revenue:approved:cf53c0b991db870e,not-applicable,"","","",retained,（規則なし）,,
2026,revenue,131016:2026:revenue:approved:cf53db555252619a,not-applicable,"","","",retained,（規則なし）,,
2026,revenue,131016:2026:revenue:approved:d0141ba0b98604e4,not-applicable,"","","",retained,（規則なし）,,
2026,revenue,131016:2026:revenue:approved:d1189ff2fd32cc99,not-applicable,"","","",retained,（規則なし）,,
2026,revenue,131016:2026:revenue:approved:d11c79a327f64468,not-applicable,"","","",retained,（規則なし）,,
2026,revenue,131016:2026:revenue:approved:d1aa8beefc910e80,not-applicable,"","","",retained,（規則なし）,,
2026,revenue,131016:2026:revenue:approved:d23089130ac6dac5,not-applicable,"","","",retained,（規則なし）,,
2026,revenue,131016:2026:revenue:approved:d24809698964a6c3,not-applicable,"","","",retained,（規則なし）,,
2026,revenue,131016:2026:revenue:approved:d2632e188d960476,not-applicable,"","","",retained,（規則なし）,,
2026,revenue,131016:2026:revenue:approved:d2b050cb31a6e9c1,not-applicable,"","","",retained,（規則なし）,,
2026,revenue,131016:2026:revenue:approved:d2b777dd823ed9af,not-applicable,"","","",retained,（規則なし）,,
2026,revenue,131016:2026:revenue:approved:d34667a8208a4839,not-applicable,"","","",retained,（規則なし）,,
2026,revenue,131016:2026:revenue:approved:d34748910db0c27c,not-applicable,"","","",retained,（規則なし）,,
2026,revenue,131016:2026:revenue:approved:d3c88dd09461e494,not-applicable,"","","",retained,（規則なし）,,
2026,revenue,131016:2026:revenue:approved:d4148a981ec99d85,not-applicable,"","","",retained,（規則なし）,,
2026,revenue,131016:2026:revenue:approved:d49e7078e6b6794a,not-applicable,"","","",retained,（規則なし）,,
2026,revenue,131016:2026:revenue:approved:d4d8148d66571b3b,not-applicable,"","","",retained,（規則なし）,,
2026,revenue,131016:2026:revenue:approved:d4e66c1a9175f9d5,not-applicable,"","","",retained,（規則なし）,,
2026,revenue,131016:2026:revenue:approved:d5df760617a5c4e2,not-applicable,"","","",retained,（規則なし）,,
2026,revenue,131016:2026:revenue:approved:d656acb8025e1d94,not-applicable,"","","",retained,（規則なし）,,
2026,revenue,131016:2026:revenue:approved:d665b59a9962e5fa,not-applicable,"","","",retained,（規則なし）,,
2026,revenue,131016:2026:revenue:approved:d66c1d49a325186d,not-applicable,"","","",retained,（規則なし）,,
2026,revenue,131016:2026:revenue:approved:d7403e3fb9aac556,not-applicable,"","","",retained,（規則なし）,,
2026,revenue,131016:2026:revenue:approved:d8062e876e14efc5,not-applicable,"","","",retained,（規則なし）,,
2026,revenue,131016:2026:revenue:approved:da26b698d37dff6d,not-applicable,"","","",retained,（規則なし）,,
2026,revenue,131016:2026:revenue:approved:dbc209d6d5bca787,not-applicable,"","","",retained,（規則なし）,,
2026,revenue,131016:2026:revenue:approved:dbdaa97af1c84871,not-applicable,"","","",retained,（規則なし）,,
2026,revenue,131016:2026:revenue:approved:dbfe25fb812d3303,not-applicable,"","","",retained,（規則なし）,,
2026,revenue,131016:2026:revenue:approved:dc60a5e37a7373d2,not-applicable,"","","",retained,（規則なし）,,
2026,revenue,131016:2026:revenue:approved:dd33e78e6b219fd4,not-applicable,"","","",retained,（規則なし）,,
2026,revenue,131016:2026:revenue:approved:ddeb5ef10069fb04,not-applicable,"","","",retained,（規則なし）,,
2026,revenue,131016:2026:revenue:approved:de118b3a0c3b355d,not-applicable,"","","",retained,（規則なし）,,
2026,revenue,131016:2026:revenue:approved:de60f451cf92651b,not-applicable,"","","",retained,（規則なし）,,
2026,revenue,131016:2026:revenue:approved:de70502b844c62a8,not-applicable,"","","",retained,（規則なし）,,
2026,revenue,131016:2026:revenue:approved:de8491ff3f4cb9fd,not-applicable,"","","",retained,（規則なし）,,
2026,revenue,131016:2026:revenue:approved:df1245466f7a3323,not-applicable,"","","",retained,（規則なし）,,
2026,revenue,131016:2026:revenue:approved:dfd460864fca63e4,not-applicable,"","","",retained,（規則なし）,,
2026,revenue,131016:2026:revenue:approved:dfd8df1ec22a93ff,not-applicable,"","","",retained,（規則なし）,,
2026,revenue,131016:2026:revenue:approved:e006ec51f0211ace,not-applicable,"","","",retained,（規則なし）,,
2026,revenue,131016:2026:revenue:approved:e0414c931bfd9af9,not-applicable,"","","",retained,（規則なし）,,
2026,revenue,131016:2026:revenue:approved:e04a4a4068667daf,not-applicable,"","","",retained,（規則なし）,,
2026,revenue,131016:2026:revenue:approved:e1a06aa2e0bfe8d9,not-applicable,"","","",retained,（規則なし）,,
2026,revenue,131016:2026:revenue:approved:e29bdbef5ced0b6e,not-applicable,"","","",retained,（規則なし）,,
2026,revenue,131016:2026:revenue:approved:e341182d85a8e1d8,not-applicable,"","","",retained,（規則なし）,,
2026,revenue,131016:2026:revenue:approved:e38f93cf45ff218c,not-applicable,"","","",retained,（規則なし）,,
2026,revenue,131016:2026:revenue:approved:e4351e69c4038100,not-applicable,"","","",retained,（規則なし）,,
2026,revenue,131016:2026:revenue:approved:e44bf909b0f0a04c,not-applicable,"","","",retained,（規則なし）,,
2026,revenue,131016:2026:revenue:approved:e491a1f210721387,not-applicable,"","","",retained,（規則なし）,,
2026,revenue,131016:2026:revenue:approved:e5c9023f91e4f4bc,not-applicable,"","","",retained,（規則なし）,,
2026,revenue,131016:2026:revenue:approved:e668bc96b229d896,not-applicable,"","","",retained,（規則なし）,,
2026,revenue,131016:2026:revenue:approved:e6f9af62d50ff118,not-applicable,"","","",retained,（規則なし）,,
2026,revenue,131016:2026:revenue:approved:e83c5f6e3e342f4a,not-applicable,"","","",retained,（規則なし）,,
2026,revenue,131016:2026:revenue:approved:e84227fc2849e585,not-applicable,"","","",retained,（規則なし）,,
2026,revenue,131016:2026:revenue:approved:e84ff974c96e6153,not-applicable,"","","",retained,（規則なし）,,
2026,revenue,131016:2026:revenue:approved:e8d098bfd2044a28,not-applicable,"","","",retained,（規則なし）,,
2026,revenue,131016:2026:revenue:approved:e919c27f1fc0f359,not-applicable,"","","",retained,（規則なし）,,
2026,revenue,131016:2026:revenue:approved:e95a6b82188f2f8b,not-applicable,"","","",retained,（規則なし）,,
2026,revenue,131016:2026:revenue:approved:eaafc656bf81edd0,not-applicable,"","","",retained,（規則なし）,,
2026,revenue,131016:2026:revenue:approved:eb40f0405acfe2bb,not-applicable,"","","",retained,（規則なし）,,
2026,revenue,131016:2026:revenue:approved:ebea9d3a4d86e218,not-applicable,"","","",retained,（規則なし）,,
2026,revenue,131016:2026:revenue:approved:ec8b000cbb476d68,not-applicable,"","","",retained,（規則なし）,,
2026,revenue,131016:2026:revenue:approved:ed7bce97fe6f2965,not-applicable,"","","",retained,（規則なし）,,
2026,revenue,131016:2026:revenue:approved:eda8c0942228d900,not-applicable,"","","",retained,（規則なし）,,
2026,revenue,131016:2026:revenue:approved:ee09e7983eb50004,not-applicable,"","","",retained,（規則なし）,,
2026,revenue,131016:2026:revenue:approved:eecc22b5f673d744,not-applicable,"","","",retained,（規則なし）,,
2026,revenue,131016:2026:revenue:approved:eedeb4fb27525826,not-applicable,"","","",retained,（規則なし）,,
2026,revenue,131016:2026:revenue:approved:eee9e41830e3b95e,not-applicable,"","","",retained,（規則なし）,,
2026,revenue,131016:2026:revenue:approved:ef0b732a7c285bc7,not-applicable,"","","",retained,（規則なし）,,
2026,revenue,131016:2026:revenue:approved:ef92d5cda2ee84da,not-applicable,"","","",retained,（規則なし）,,
2026,revenue,131016:2026:revenue:approved:efa9c279484018f2,not-applicable,"","","",retained,（規則なし）,,
2026,revenue,131016:2026:revenue:approved:f066ce1c2ad37f17,not-applicable,"","","",retained,（規則なし）,,
2026,revenue,131016:2026:revenue:approved:f168ee5aee3a5660,not-applicable,"","","",retained,（規則なし）,,
2026,revenue,131016:2026:revenue:approved:f43ed847fa6e8289,not-applicable,"","","",retained,（規則なし）,,
2026,revenue,131016:2026:revenue:approved:f4df3bce5b9e3fc2,not-applicable,"","","",retained,（規則なし）,,
2026,revenue,131016:2026:revenue:approved:f4ef803806724d5c,not-applicable,"","","",retained,（規則なし）,,
2026,revenue,131016:2026:revenue:approved:f761bc0fc85adac2,not-applicable,"","","",retained,（規則なし）,,
2026,revenue,131016:2026:revenue:approved:f89b65702e01d5ac,not-applicable,"","","",retained,（規則なし）,,
2026,revenue,131016:2026:revenue:approved:f9be320ab0c0a6b4,not-applicable,"","","",retained,（規則なし）,,
2026,revenue,131016:2026:revenue:approved:f9d097141b415509,not-applicable,"","","",retained,（規則なし）,,
2026,revenue,131016:2026:revenue:approved:f9f0660bf7f3da8e,not-applicable,"","","",retained,（規則なし）,,
2026,revenue,131016:2026:revenue:approved:fa4e24bc810032e4,not-applicable,"","","",retained,（規則なし）,,
2026,revenue,131016:2026:revenue:approved:fb0397ba82554c2d,not-applicable,"","","",retained,（規則なし）,,
2026,revenue,131016:2026:revenue:approved:fb2b6f257dd17f8b,not-applicable,"","","",retained,（規則なし）,,
2026,revenue,131016:2026:revenue:approved:fb5d0781ae1183fc,not-applicable,"","","",retained,（規則なし）,,
2026,revenue,131016:2026:revenue:approved:fc5c7892ae79b422,not-applicable,"","","",retained,（規則なし）,,
2026,revenue,131016:2026:revenue:approved:fcc40074530393a4,not-applicable,"","","",retained,（規則なし）,,
2026,revenue,131016:2026:revenue:approved:fd0040e5f259c352,not-applicable,"","","",retained,（規則なし）,,
2026,revenue,131016:2026:revenue:approved:fd196bceaa28cfec,not-applicable,"","","",retained,（規則なし）,,
2026,revenue,131016:2026:revenue:approved:fd997b6362f8acb7,not-applicable,"","","",retained,（規則なし）,,
2026,revenue,131016:2026:revenue:approved:fdf0bb2ca6b209fc,not-applicable,"","","",retained,（規則なし）,,
2026,revenue,131016:2026:revenue:approved:fe0111b13af82d07,not-applicable,"","","",retained,（規則なし）,,
2026,revenue,131016:2026:revenue:approved:ffc15d5eccd27477,not-applicable,"","","",retained,（規則なし）,,
