fiscal_year,direction,fund_code,fund_label,canonical_fund,kan_code,kan_name,kou_code,kou_name,moku_code,moku_name,name_source,master_kan_code,master_kan_name,master_kou_code,master_kou_name,master_kind,master_basis
2018,expenditure,1,一般会計,一般会計,1,,1,,1,,,1,議会費,,,map,款名「議会費」（決算書 PDF の見出しから解決）がマスタと一致
2018,expenditure,1,一般会計,一般会計,2,,1,,1,,,2,総務費,,,map,款名「総務費」がマスタと一致
2018,expenditure,1,一般会計,一般会計,2,,1,,2,,,2,総務費,,,map,款名「総務費」がマスタと一致
2018,expenditure,1,一般会計,一般会計,2,,1,,3,,,2,総務費,,,map,款名「総務費」がマスタと一致
2018,expenditure,1,一般会計,一般会計,2,,1,,4,,,2,総務費,,,map,款名「総務費」がマスタと一致
2018,expenditure,1,一般会計,一般会計,2,,1,,5,,,2,総務費,,,map,款名「総務費」がマスタと一致
2018,expenditure,1,一般会計,一般会計,2,,1,,6,,,2,総務費,,,map,款名「総務費」がマスタと一致
2018,expenditure,1,一般会計,一般会計,2,,1,,7,,,2,総務費,,,map,款名「総務費」がマスタと一致
2018,expenditure,1,一般会計,一般会計,2,,1,,8,,,2,総務費,,,map,款名「総務費」がマスタと一致
2018,expenditure,1,一般会計,一般会計,2,,1,,9,,,2,総務費,,,map,款名「総務費」がマスタと一致
2018,expenditure,1,一般会計,一般会計,2,,1,,10,,,2,総務費,,,map,款名「総務費」がマスタと一致
2018,expenditure,1,一般会計,一般会計,2,,1,,11,,,2,総務費,,,map,款名「総務費」がマスタと一致
2018,expenditure,1,一般会計,一般会計,2,,2,,1,,,2,総務費,,,map,款名「総務費」がマスタと一致
2018,expenditure,1,一般会計,一般会計,2,,2,,2,,,2,総務費,,,map,款名「総務費」がマスタと一致
2018,expenditure,1,一般会計,一般会計,2,,2,,3,,,2,総務費,,,map,款名「総務費」がマスタと一致
2018,expenditure,1,一般会計,一般会計,2,,3,,1,,,2,総務費,,,map,款名「総務費」がマスタと一致
2018,expenditure,1,一般会計,一般会計,2,,3,,2,,,2,総務費,,,map,款名「総務費」がマスタと一致
2018,expenditure,1,一般会計,一般会計,2,,4,,1,,,2,総務費,,,map,款名「総務費」がマスタと一致
2018,expenditure,1,一般会計,一般会計,2,,4,,2,,,2,総務費,,,map,款名「総務費」がマスタと一致
2018,expenditure,1,一般会計,一般会計,2,,4,,3,,,2,総務費,,,map,款名「総務費」がマスタと一致
2018,expenditure,1,一般会計,一般会計,2,,4,,4,,,2,総務費,,,map,款名「総務費」がマスタと一致
2018,expenditure,1,一般会計,一般会計,2,,5,,1,,,2,総務費,,,map,款名「総務費」がマスタと一致
2018,expenditure,1,一般会計,一般会計,2,,5,,2,,,2,総務費,,,map,款名「総務費」がマスタと一致
2018,expenditure,1,一般会計,一般会計,2,,6,,1,,,2,総務費,,,map,款名「総務費」がマスタと一致
2018,expenditure,1,一般会計,一般会計,3,,1,,1,,,3,民生費,,,map,款名「民生費」がマスタと一致
2018,expenditure,1,一般会計,一般会計,3,,1,,2,,,3,民生費,,,map,款名「民生費」がマスタと一致
2018,expenditure,1,一般会計,一般会計,3,,1,,3,,,3,民生費,,,map,款名「民生費」がマスタと一致
2018,expenditure,1,一般会計,一般会計,3,,1,,4,,,3,民生費,,,map,款名「民生費」がマスタと一致
2018,expenditure,1,一般会計,一般会計,3,,1,,5,,,3,民生費,,,map,款名「民生費」がマスタと一致
2018,expenditure,1,一般会計,一般会計,3,,1,,6,,,3,民生費,,,map,款名「民生費」がマスタと一致
2018,expenditure,1,一般会計,一般会計,3,,1,,7,,,3,民生費,,,map,款名「民生費」がマスタと一致
2018,expenditure,1,一般会計,一般会計,3,,1,,8,,,3,民生費,,,map,款名「民生費」がマスタと一致
2018,expenditure,1,一般会計,一般会計,3,,2,,1,,,3,民生費,,,map,款名「民生費」がマスタと一致
2018,expenditure,1,一般会計,一般会計,3,,2,,2,,,3,民生費,,,map,款名「民生費」がマスタと一致
2018,expenditure,1,一般会計,一般会計,3,,2,,3,,,3,民生費,,,map,款名「民生費」がマスタと一致
2018,expenditure,1,一般会計,一般会計,3,,2,,4,,,3,民生費,,,map,款名「民生費」がマスタと一致
2018,expenditure,1,一般会計,一般会計,3,,2,,5,,,3,民生費,,,map,款名「民生費」がマスタと一致
2018,expenditure,1,一般会計,一般会計,3,,2,,6,,,3,民生費,,,map,款名「民生費」がマスタと一致
2018,expenditure,1,一般会計,一般会計,3,,3,,1,,,3,民生費,,,map,款名「民生費」がマスタと一致
2018,expenditure,1,一般会計,一般会計,3,,3,,2,,,3,民生費,,,map,款名「民生費」がマスタと一致
2018,expenditure,1,一般会計,一般会計,4,,1,,1,,,4,衛生費,,,map,款名「衛生費」がマスタと一致
2018,expenditure,1,一般会計,一般会計,4,,1,,2,,,4,衛生費,,,map,款名「衛生費」がマスタと一致
2018,expenditure,1,一般会計,一般会計,4,,1,,3,,,4,衛生費,,,map,款名「衛生費」がマスタと一致
2018,expenditure,1,一般会計,一般会計,4,,1,,4,,,4,衛生費,,,map,款名「衛生費」がマスタと一致
2018,expenditure,1,一般会計,一般会計,4,,1,,5,,,4,衛生費,,,map,款名「衛生費」がマスタと一致
2018,expenditure,1,一般会計,一般会計,4,,2,,1,,,4,衛生費,,,map,款名「衛生費」がマスタと一致
2018,expenditure,1,一般会計,一般会計,4,,2,,2,,,4,衛生費,,,map,款名「衛生費」がマスタと一致
2018,expenditure,1,一般会計,一般会計,4,,2,,3,,,4,衛生費,,,map,款名「衛生費」がマスタと一致
2018,expenditure,1,一般会計,一般会計,4,,2,,4,,,4,衛生費,,,map,款名「衛生費」がマスタと一致
2018,expenditure,1,一般会計,一般会計,5,,1,,1,,,5,労働費,,,map,款名「労働費」がマスタと一致
2018,expenditure,1,一般会計,一般会計,5,,2,,1,,,5,労働費,,,map,款名「労働費」がマスタと一致
2018,expenditure,1,一般会計,一般会計,6,,1,,1,,,6,農林水産業費,,,map,PDF の款名は「農業費」。マスタは「農林水産業費」。林業費・水産業費の項を持たない市の略称と読む。項「農業費」がマスタの款6の項と一致することが裏づけ
2018,expenditure,1,一般会計,一般会計,6,,1,,2,,,6,農林水産業費,,,map,PDF の款名は「農業費」。マスタは「農林水産業費」。林業費・水産業費の項を持たない市の略称と読む。項「農業費」がマスタの款6の項と一致することが裏づけ
2018,expenditure,1,一般会計,一般会計,6,,1,,3,,,6,農林水産業費,,,map,PDF の款名は「農業費」。マスタは「農林水産業費」。林業費・水産業費の項を持たない市の略称と読む。項「農業費」がマスタの款6の項と一致することが裏づけ
2018,expenditure,1,一般会計,一般会計,6,,1,,4,,,6,農林水産業費,,,map,PDF の款名は「農業費」。マスタは「農林水産業費」。林業費・水産業費の項を持たない市の略称と読む。項「農業費」がマスタの款6の項と一致することが裏づけ
2018,expenditure,1,一般会計,一般会計,7,,1,,1,,,7,商工費,,,map,款名「商工費」がマスタと一致
2018,expenditure,1,一般会計,一般会計,7,,1,,2,,,7,商工費,,,map,款名「商工費」がマスタと一致
2018,expenditure,1,一般会計,一般会計,7,,1,,3,,,7,商工費,,,map,款名「商工費」がマスタと一致
2018,expenditure,1,一般会計,一般会計,7,,1,,4,,,7,商工費,,,map,款名「商工費」がマスタと一致
2018,expenditure,1,一般会計,一般会計,8,,1,,1,,,8,土木費,,,map,款名「土木費」がマスタと一致
2018,expenditure,1,一般会計,一般会計,8,,2,,1,,,8,土木費,,,map,款名「土木費」がマスタと一致
2018,expenditure,1,一般会計,一般会計,8,,2,,2,,,8,土木費,,,map,款名「土木費」がマスタと一致
2018,expenditure,1,一般会計,一般会計,8,,2,,3,,,8,土木費,,,map,款名「土木費」がマスタと一致
2018,expenditure,1,一般会計,一般会計,8,,2,,4,,,8,土木費,,,map,款名「土木費」がマスタと一致
2018,expenditure,1,一般会計,一般会計,8,,2,,5,,,8,土木費,,,map,款名「土木費」がマスタと一致
2018,expenditure,1,一般会計,一般会計,8,,3,,1,,,8,土木費,,,map,款名「土木費」がマスタと一致
2018,expenditure,1,一般会計,一般会計,8,,4,,1,,,8,土木費,,,map,款名「土木費」がマスタと一致
2018,expenditure,1,一般会計,一般会計,8,,4,,2,,,8,土木費,,,map,款名「土木費」がマスタと一致
2018,expenditure,1,一般会計,一般会計,8,,4,,3,,,8,土木費,,,map,款名「土木費」がマスタと一致
2018,expenditure,1,一般会計,一般会計,8,,4,,4,,,8,土木費,,,map,款名「土木費」がマスタと一致
2018,expenditure,1,一般会計,一般会計,8,,4,,5,,,8,土木費,,,map,款名「土木費」がマスタと一致
2018,expenditure,1,一般会計,一般会計,9,,1,,1,,,9,消防費,,,map,款名「消防費」がマスタと一致
2018,expenditure,1,一般会計,一般会計,9,,1,,2,,,9,消防費,,,map,款名「消防費」がマスタと一致
2018,expenditure,1,一般会計,一般会計,9,,1,,3,,,9,消防費,,,map,款名「消防費」がマスタと一致
2018,expenditure,1,一般会計,一般会計,9,,1,,4,,,9,消防費,,,map,款名「消防費」がマスタと一致
2018,expenditure,1,一般会計,一般会計,10,,1,,1,,,10,教育費,,,map,款名「教育費」がマスタと一致
2018,expenditure,1,一般会計,一般会計,10,,1,,2,,,10,教育費,,,map,款名「教育費」がマスタと一致
2018,expenditure,1,一般会計,一般会計,10,,1,,3,,,10,教育費,,,map,款名「教育費」がマスタと一致
2018,expenditure,1,一般会計,一般会計,10,,2,,1,,,10,教育費,,,map,款名「教育費」がマスタと一致
2018,expenditure,1,一般会計,一般会計,10,,2,,2,,,10,教育費,,,map,款名「教育費」がマスタと一致
2018,expenditure,1,一般会計,一般会計,10,,2,,3,,,10,教育費,,,map,款名「教育費」がマスタと一致
2018,expenditure,1,一般会計,一般会計,10,,2,,4,,,10,教育費,,,map,款名「教育費」がマスタと一致
2018,expenditure,1,一般会計,一般会計,10,,2,,5,,,10,教育費,,,map,款名「教育費」がマスタと一致
2018,expenditure,1,一般会計,一般会計,10,,2,,6,,,10,教育費,,,map,款名「教育費」がマスタと一致
2018,expenditure,1,一般会計,一般会計,10,,3,,1,,,10,教育費,,,map,款名「教育費」がマスタと一致
2018,expenditure,1,一般会計,一般会計,10,,3,,2,,,10,教育費,,,map,款名「教育費」がマスタと一致
2018,expenditure,1,一般会計,一般会計,10,,3,,3,,,10,教育費,,,map,款名「教育費」がマスタと一致
2018,expenditure,1,一般会計,一般会計,10,,3,,4,,,10,教育費,,,map,款名「教育費」がマスタと一致
2018,expenditure,1,一般会計,一般会計,10,,3,,5,,,10,教育費,,,map,款名「教育費」がマスタと一致
2018,expenditure,1,一般会計,一般会計,10,,3,,6,,,10,教育費,,,map,款名「教育費」がマスタと一致
2018,expenditure,1,一般会計,一般会計,10,,4,,1,,,10,教育費,,,map,款名「教育費」がマスタと一致
2018,expenditure,1,一般会計,一般会計,10,,5,,1,,,10,教育費,,,map,款名「教育費」がマスタと一致
2018,expenditure,1,一般会計,一般会計,10,,5,,2,,,10,教育費,,,map,款名「教育費」がマスタと一致
2018,expenditure,1,一般会計,一般会計,10,,5,,3,,,10,教育費,,,map,款名「教育費」がマスタと一致
2018,expenditure,1,一般会計,一般会計,10,,5,,4,,,10,教育費,,,map,款名「教育費」がマスタと一致
2018,expenditure,1,一般会計,一般会計,10,,5,,5,,,10,教育費,,,map,款名「教育費」がマスタと一致
2018,expenditure,1,一般会計,一般会計,10,,6,,1,,,10,教育費,,,map,款名「教育費」がマスタと一致
2018,expenditure,1,一般会計,一般会計,10,,6,,2,,,10,教育費,,,map,款名「教育費」がマスタと一致
2018,expenditure,1,一般会計,一般会計,11,,1,,1,,,12,公債費,,,map,款名「公債費」。**コードは法定とずれる** — 法定の款11は災害復旧費で、災害復旧費を持たないため以降が詰まっている
2018,expenditure,1,一般会計,一般会計,11,,1,,2,,,12,公債費,,,map,款名「公債費」。**コードは法定とずれる** — 法定の款11は災害復旧費で、災害復旧費を持たないため以降が詰まっている
2018,expenditure,1,一般会計,一般会計,12,,1,,1,,,13,諸支出金,,,map,款名「諸支出金」。法定の款13
2018,expenditure,1,一般会計,一般会計,12,,1,,2,,,13,諸支出金,,,map,款名「諸支出金」。法定の款13
2018,expenditure,1,一般会計,一般会計,13,,1,,1,,,14,予備費,,,map,款名「予備費」。法定の款14
2018,expenditure,11,国民健康保険特別会計,国民健康保険,1,,1,,1,,,1,総務費,,,map,狛江市国保会計の款1。決算額は届かないが科目構成（委託料・役務費等の経費科目）で総務費と同定。63表的な給付・納付金ではない
2018,expenditure,11,国民健康保険特別会計,国民健康保険,1,,1,,2,,,1,総務費,,,map,狛江市国保会計の款1。決算額は届かないが科目構成（委託料・役務費等の経費科目）で総務費と同定。63表的な給付・納付金ではない
2018,expenditure,11,国民健康保険特別会計,国民健康保険,1,,1,,3,,,1,総務費,,,map,狛江市国保会計の款1。決算額は届かないが科目構成（委託料・役務費等の経費科目）で総務費と同定。63表的な給付・納付金ではない
2018,expenditure,11,国民健康保険特別会計,国民健康保険,1,,2,,1,,,1,総務費,,,map,狛江市国保会計の款1。決算額は届かないが科目構成（委託料・役務費等の経費科目）で総務費と同定。63表的な給付・納付金ではない
2018,expenditure,11,国民健康保険特別会計,国民健康保険,2,,1,,1,,,2,保険給付費,,,map,"狛江市国保会計の款2。執行累計4,679,332,397円が52表の保険給付費（令和5年度決算）と一致"
2018,expenditure,11,国民健康保険特別会計,国民健康保険,2,,1,,2,,,2,保険給付費,,,map,"狛江市国保会計の款2。執行累計4,679,332,397円が52表の保険給付費（令和5年度決算）と一致"
2018,expenditure,11,国民健康保険特別会計,国民健康保険,2,,1,,3,,,2,保険給付費,,,map,"狛江市国保会計の款2。執行累計4,679,332,397円が52表の保険給付費（令和5年度決算）と一致"
2018,expenditure,11,国民健康保険特別会計,国民健康保険,2,,1,,4,,,2,保険給付費,,,map,"狛江市国保会計の款2。執行累計4,679,332,397円が52表の保険給付費（令和5年度決算）と一致"
2018,expenditure,11,国民健康保険特別会計,国民健康保険,2,,1,,5,,,2,保険給付費,,,map,"狛江市国保会計の款2。執行累計4,679,332,397円が52表の保険給付費（令和5年度決算）と一致"
2018,expenditure,11,国民健康保険特別会計,国民健康保険,2,,2,,1,,,2,保険給付費,,,map,"狛江市国保会計の款2。執行累計4,679,332,397円が52表の保険給付費（令和5年度決算）と一致"
2018,expenditure,11,国民健康保険特別会計,国民健康保険,2,,2,,2,,,2,保険給付費,,,map,"狛江市国保会計の款2。執行累計4,679,332,397円が52表の保険給付費（令和5年度決算）と一致"
2018,expenditure,11,国民健康保険特別会計,国民健康保険,2,,2,,3,,,2,保険給付費,,,map,"狛江市国保会計の款2。執行累計4,679,332,397円が52表の保険給付費（令和5年度決算）と一致"
2018,expenditure,11,国民健康保険特別会計,国民健康保険,2,,2,,4,,,2,保険給付費,,,map,"狛江市国保会計の款2。執行累計4,679,332,397円が52表の保険給付費（令和5年度決算）と一致"
2018,expenditure,11,国民健康保険特別会計,国民健康保険,2,,3,,1,,,2,保険給付費,,,map,"狛江市国保会計の款2。執行累計4,679,332,397円が52表の保険給付費（令和5年度決算）と一致"
2018,expenditure,11,国民健康保険特別会計,国民健康保険,2,,3,,2,,,2,保険給付費,,,map,"狛江市国保会計の款2。執行累計4,679,332,397円が52表の保険給付費（令和5年度決算）と一致"
2018,expenditure,11,国民健康保険特別会計,国民健康保険,2,,4,,1,,,2,保険給付費,,,map,"狛江市国保会計の款2。執行累計4,679,332,397円が52表の保険給付費（令和5年度決算）と一致"
2018,expenditure,11,国民健康保険特別会計,国民健康保険,2,,5,,1,,,2,保険給付費,,,map,"狛江市国保会計の款2。執行累計4,679,332,397円が52表の保険給付費（令和5年度決算）と一致"
2018,expenditure,11,国民健康保険特別会計,国民健康保険,2,,6,,1,,,2,保険給付費,,,map,"狛江市国保会計の款2。執行累計4,679,332,397円が52表の保険給付費（令和5年度決算）と一致"
2018,expenditure,11,国民健康保険特別会計,国民健康保険,2,,6,,2,,,2,保険給付費,,,map,"狛江市国保会計の款2。執行累計4,679,332,397円が52表の保険給付費（令和5年度決算）と一致"
2018,expenditure,11,国民健康保険特別会計,国民健康保険,3,,1,,1,,,3,国民健康保険事業費納付金,,,map,"狛江市国保会計の款3。執行累計2,790,525,757円が52表の国民健康保険事業費納付金と一致"
2018,expenditure,11,国民健康保険特別会計,国民健康保険,3,,1,,2,,,3,国民健康保険事業費納付金,,,map,"狛江市国保会計の款3。執行累計2,790,525,757円が52表の国民健康保険事業費納付金と一致"
2018,expenditure,11,国民健康保険特別会計,国民健康保険,3,,2,,1,,,3,国民健康保険事業費納付金,,,map,"狛江市国保会計の款3。執行累計2,790,525,757円が52表の国民健康保険事業費納付金と一致"
2018,expenditure,11,国民健康保険特別会計,国民健康保険,3,,2,,2,,,3,国民健康保険事業費納付金,,,map,"狛江市国保会計の款3。執行累計2,790,525,757円が52表の国民健康保険事業費納付金と一致"
2018,expenditure,11,国民健康保険特別会計,国民健康保険,3,,3,,1,,,3,国民健康保険事業費納付金,,,map,"狛江市国保会計の款3。執行累計2,790,525,757円が52表の国民健康保険事業費納付金と一致"
2018,expenditure,11,国民健康保険特別会計,国民健康保険,4,,1,,1,,,4,保健事業費,,,map,"狛江市国保会計の款4。執行累計114,234,835円が52表の保健事業費と一致"
2018,expenditure,11,国民健康保険特別会計,国民健康保険,5,,1,,1,,,5,基金積立金,,,map,狛江市国保会計の款5（執行0・予算計500千円）。位置と構造から基金積立金
2018,expenditure,11,国民健康保険特別会計,国民健康保険,6,,1,,1,,,6,公債費,,,map,狛江市国保会計の款6（2018年度のみ・執行0）。款5基金積立金と款7その他の支出の間の繰越・公債系の款
2018,expenditure,11,国民健康保険特別会計,国民健康保険,7,,1,,1,,,9,その他の支出,,,map,狛江市国保会計の款7（2018年度のみ）。繰出金（項2）と償還金系を内包するその他の支出
2018,expenditure,11,国民健康保険特別会計,国民健康保険,7,,1,,2,,,9,その他の支出,,,map,狛江市国保会計の款7（2018年度のみ）。繰出金（項2）と償還金系を内包するその他の支出
2018,expenditure,11,国民健康保険特別会計,国民健康保険,7,,1,,3,,,9,その他の支出,,,map,狛江市国保会計の款7（2018年度のみ）。繰出金（項2）と償還金系を内包するその他の支出
2018,expenditure,11,国民健康保険特別会計,国民健康保険,7,,2,,1,,,9,その他の支出,,,map,狛江市国保会計の款7（2018年度のみ）。繰出金（項2）と償還金系を内包するその他の支出
2018,expenditure,11,国民健康保険特別会計,国民健康保険,8,,1,,1,,,10,予備費,,,map,狛江市国保会計の款8（2018年度のみ・執行0）。最後尾の予備費
2018,expenditure,14,介護保険特別会計,介護保険,1,,1,,1,,,1,総務費,,,map,狛江市介護保険会計の款1。総務費相当（経費科目の集合）
2018,expenditure,14,介護保険特別会計,介護保険,1,,1,,2,,,1,総務費,,,map,狛江市介護保険会計の款1。総務費相当（経費科目の集合）
2018,expenditure,14,介護保険特別会計,介護保険,1,,1,,3,,,1,総務費,,,map,狛江市介護保険会計の款1。総務費相当（経費科目の集合）
2018,expenditure,14,介護保険特別会計,介護保険,2,,1,,1,,,2,保険給付費,,,map,"狛江市介護保険会計の款2。執行累計6,927,245,614円が63表の保険給付費（令和5年度決算）と一致"
2018,expenditure,14,介護保険特別会計,介護保険,2,,1,,2,,,2,保険給付費,,,map,"狛江市介護保険会計の款2。執行累計6,927,245,614円が63表の保険給付費（令和5年度決算）と一致"
2018,expenditure,14,介護保険特別会計,介護保険,2,,1,,3,,,2,保険給付費,,,map,"狛江市介護保険会計の款2。執行累計6,927,245,614円が63表の保険給付費（令和5年度決算）と一致"
2018,expenditure,14,介護保険特別会計,介護保険,2,,1,,4,,,2,保険給付費,,,map,"狛江市介護保険会計の款2。執行累計6,927,245,614円が63表の保険給付費（令和5年度決算）と一致"
2018,expenditure,14,介護保険特別会計,介護保険,2,,1,,5,,,2,保険給付費,,,map,"狛江市介護保険会計の款2。執行累計6,927,245,614円が63表の保険給付費（令和5年度決算）と一致"
2018,expenditure,14,介護保険特別会計,介護保険,2,,1,,6,,,2,保険給付費,,,map,"狛江市介護保険会計の款2。執行累計6,927,245,614円が63表の保険給付費（令和5年度決算）と一致"
2018,expenditure,14,介護保険特別会計,介護保険,2,,1,,7,,,2,保険給付費,,,map,"狛江市介護保険会計の款2。執行累計6,927,245,614円が63表の保険給付費（令和5年度決算）と一致"
2018,expenditure,14,介護保険特別会計,介護保険,3,,1,,1,,,3,地域支援事業費,,,map,"狛江市介護保険会計の款3。執行累計193,722,723円が63表の地域支援事業と一致"
2018,expenditure,14,介護保険特別会計,介護保険,3,,1,,2,,,3,地域支援事業費,,,map,"狛江市介護保険会計の款3。執行累計193,722,723円が63表の地域支援事業と一致"
2018,expenditure,14,介護保険特別会計,介護保険,3,,1,,3,,,3,地域支援事業費,,,map,"狛江市介護保険会計の款3。執行累計193,722,723円が63表の地域支援事業と一致"
2018,expenditure,14,介護保険特別会計,介護保険,3,,1,,4,,,3,地域支援事業費,,,map,"狛江市介護保険会計の款3。執行累計193,722,723円が63表の地域支援事業と一致"
2018,expenditure,14,介護保険特別会計,介護保険,4,,1,,1,,,,,,,,
2018,expenditure,14,介護保険特別会計,介護保険,5,,1,,1,,,6,基金積立金,,,map,"狛江市介護保険会計の款5。執行累計106,187,401円が63表の基金積立金と一致"
2018,expenditure,14,介護保険特別会計,介護保険,6,,1,,1,,,8,公債費,,,map,狛江市介護保険会計の款6（償還金利子の科目のみ・執行0）。償還債務は公債費相当
2018,expenditure,14,介護保険特別会計,介護保険,7,,1,,1,,,7,繰出金,,,map,"狛江市介護保険会計の款7。執行累計25,892,000円が63表の繰出金と一致"
2018,expenditure,14,介護保険特別会計,介護保険,8,,1,,1,,,10,その他の支出,,,map,"狛江市介護保険会計の款8。執行累計16,283,063円が63表のその他の支出と一致"
2018,expenditure,14,介護保険特別会計,介護保険,8,,1,,2,,,10,その他の支出,,,map,"狛江市介護保険会計の款8。執行累計16,283,063円が63表のその他の支出と一致"
2018,expenditure,14,介護保険特別会計,介護保険,8,,2,,1,,,10,その他の支出,,,map,"狛江市介護保険会計の款8。執行累計16,283,063円が63表のその他の支出と一致"
2018,expenditure,14,介護保険特別会計,介護保険,9,,1,,1,,,11,予備費,,,map,狛江市介護保険会計の款9（予備費の科目のみ・執行0）
2018,expenditure,21,公共下水道特別会計,下水道事業,1,,1,,1,,,,,,,,
2018,expenditure,21,公共下水道特別会計,下水道事業,2,,1,,1,,,,,,,,
2018,expenditure,21,公共下水道特別会計,下水道事業,2,,2,,1,,,,,,,,
2018,expenditure,21,公共下水道特別会計,下水道事業,3,,1,,1,,,,,,,,
2018,expenditure,21,公共下水道特別会計,下水道事業,3,,1,,2,,,,,,,,
2018,expenditure,21,公共下水道特別会計,下水道事業,4,,1,,1,,,,,,,,
2018,expenditure,22,駐車場事業特別会計,駐車場事業,1,,1,,1,,,,,,,,
2018,expenditure,22,駐車場事業特別会計,駐車場事業,2,,1,,1,,,,,,,,
2018,expenditure,34,後期高齢者医療特別会計,後期高齢者医療,1,,1,,1,,,1,総務費,,,map,狛江市後期高齢者医療会計の款1。総務費相当（経費科目の集合）
2018,expenditure,34,後期高齢者医療特別会計,後期高齢者医療,1,,2,,1,,,1,総務費,,,map,狛江市後期高齢者医療会計の款1。総務費相当（経費科目の集合）
2018,expenditure,34,後期高齢者医療特別会計,後期高齢者医療,1,,2,,2,,,1,総務費,,,map,狛江市後期高齢者医療会計の款1。総務費相当（経費科目の集合）
2018,expenditure,34,後期高齢者医療特別会計,後期高齢者医療,2,,1,,1,,,2,後期高齢者医療広域連合納付金,,,map,"狛江市後期高齢者医療会計の款2。負担金、補助及び交付金の単一科目で広域連合納付金相当（ただし市の帳簿額2,188,750,528円と94表の納付金1,355,124千円は大きくずれる）"
2018,expenditure,34,後期高齢者医療特別会計,後期高齢者医療,3,,1,,1,,,3,保健事業費,,,map,狛江市後期高齢者医療会計の款3。委託料主体（健診等の保健事業相当）
2018,expenditure,34,後期高齢者医療特別会計,後期高齢者医療,4,,1,,1,,,6,その他の支出,,,map,狛江市後期高齢者医療会計の款4。償還金系と繰出金（項2目1、一般会計への繰出）を内包するその他の支出相当
2018,expenditure,34,後期高齢者医療特別会計,後期高齢者医療,4,,1,,2,,,6,その他の支出,,,map,狛江市後期高齢者医療会計の款4。償還金系と繰出金（項2目1、一般会計への繰出）を内包するその他の支出相当
2018,expenditure,34,後期高齢者医療特別会計,後期高齢者医療,4,,1,,3,,,6,その他の支出,,,map,狛江市後期高齢者医療会計の款4。償還金系と繰出金（項2目1、一般会計への繰出）を内包するその他の支出相当
2018,expenditure,34,後期高齢者医療特別会計,後期高齢者医療,4,,2,,1,,,6,その他の支出,,,map,狛江市後期高齢者医療会計の款4。償還金系と繰出金（項2目1、一般会計への繰出）を内包するその他の支出相当
2018,expenditure,34,後期高齢者医療特別会計,後期高齢者医療,5,,1,,1,,,7,予備費,,,map,狛江市後期高齢者医療会計の款5（予備費の科目のみ・執行0）
2018,revenue,1,一般会計,一般会計,1,,1,,1,,,,,,,,
2018,revenue,1,一般会計,一般会計,1,,1,,2,,,,,,,,
2018,revenue,1,一般会計,一般会計,1,,2,,1,,,,,,,,
2018,revenue,1,一般会計,一般会計,1,,2,,2,,,,,,,,
2018,revenue,1,一般会計,一般会計,1,,3,,1,,,,,,,,
2018,revenue,1,一般会計,一般会計,1,,4,,1,,,,,,,,
2018,revenue,1,一般会計,一般会計,1,,5,,1,,,,,,,,
2018,revenue,1,一般会計,一般会計,1,,6,,1,,,,,,,,
2018,revenue,1,一般会計,一般会計,2,,1,,1,,,,,,,,
2018,revenue,1,一般会計,一般会計,2,,2,,1,,,,,,,,
2018,revenue,1,一般会計,一般会計,3,,1,,1,,,,,,,,
2018,revenue,1,一般会計,一般会計,4,,1,,1,,,,,,,,
2018,revenue,1,一般会計,一般会計,5,,1,,1,,,,,,,,
2018,revenue,1,一般会計,一般会計,6,,1,,1,,,,,,,,
2018,revenue,1,一般会計,一般会計,7,,1,,1,,,,,,,,
2018,revenue,1,一般会計,一般会計,8,,1,,1,,,,,,,,
2018,revenue,1,一般会計,一般会計,9,,1,,1,,,,,,,,
2018,revenue,1,一般会計,一般会計,10,,1,,1,,,,,,,,
2018,revenue,1,一般会計,一般会計,11,,1,,1,,,,,,,,
2018,revenue,1,一般会計,一般会計,11,,1,,2,,,,,,,,
2018,revenue,1,一般会計,一般会計,11,,1,,3,,,,,,,,
2018,revenue,1,一般会計,一般会計,11,,1,,4,,,,,,,,
2018,revenue,1,一般会計,一般会計,12,,1,,1,,,,,,,,
2018,revenue,1,一般会計,一般会計,12,,1,,2,,,,,,,,
2018,revenue,1,一般会計,一般会計,12,,1,,3,,,,,,,,
2018,revenue,1,一般会計,一般会計,12,,1,,4,,,,,,,,
2018,revenue,1,一般会計,一般会計,12,,1,,5,,,,,,,,
2018,revenue,1,一般会計,一般会計,12,,2,,1,,,,,,,,
2018,revenue,1,一般会計,一般会計,12,,2,,2,,,,,,,,
2018,revenue,1,一般会計,一般会計,12,,2,,3,,,,,,,,
2018,revenue,1,一般会計,一般会計,13,,1,,1,,,,,,,,
2018,revenue,1,一般会計,一般会計,13,,1,,2,,,,,,,,
2018,revenue,1,一般会計,一般会計,13,,1,,3,,,,,,,,
2018,revenue,1,一般会計,一般会計,13,,2,,1,,,,,,,,
2018,revenue,1,一般会計,一般会計,13,,2,,2,,,,,,,,
2018,revenue,1,一般会計,一般会計,13,,2,,3,,,,,,,,
2018,revenue,1,一般会計,一般会計,13,,2,,4,,,,,,,,
2018,revenue,1,一般会計,一般会計,13,,2,,5,,,,,,,,
2018,revenue,1,一般会計,一般会計,13,,3,,1,,,,,,,,
2018,revenue,1,一般会計,一般会計,13,,3,,2,,,,,,,,
2018,revenue,1,一般会計,一般会計,13,,3,,3,,,,,,,,
2018,revenue,1,一般会計,一般会計,13,,3,,4,,,,,,,,
2018,revenue,1,一般会計,一般会計,14,,1,,1,,,,,,,,
2018,revenue,1,一般会計,一般会計,14,,1,,2,,,,,,,,
2018,revenue,1,一般会計,一般会計,14,,1,,3,,,,,,,,
2018,revenue,1,一般会計,一般会計,14,,1,,4,,,,,,,,
2018,revenue,1,一般会計,一般会計,14,,2,,1,,,,,,,,
2018,revenue,1,一般会計,一般会計,14,,2,,2,,,,,,,,
2018,revenue,1,一般会計,一般会計,14,,2,,3,,,,,,,,
2018,revenue,1,一般会計,一般会計,14,,2,,4,,,,,,,,
2018,revenue,1,一般会計,一般会計,14,,2,,5,,,,,,,,
2018,revenue,1,一般会計,一般会計,14,,2,,6,,,,,,,,
2018,revenue,1,一般会計,一般会計,14,,2,,7,,,,,,,,
2018,revenue,1,一般会計,一般会計,14,,3,,1,,,,,,,,
2018,revenue,1,一般会計,一般会計,14,,3,,2,,,,,,,,
2018,revenue,1,一般会計,一般会計,14,,3,,3,,,,,,,,
2018,revenue,1,一般会計,一般会計,14,,3,,4,,,,,,,,
2018,revenue,1,一般会計,一般会計,14,,3,,5,,,,,,,,
2018,revenue,1,一般会計,一般会計,15,,1,,1,,,,,,,,
2018,revenue,1,一般会計,一般会計,15,,1,,2,,,,,,,,
2018,revenue,1,一般会計,一般会計,15,,2,,1,,,,,,,,
2018,revenue,1,一般会計,一般会計,15,,2,,2,,,,,,,,
2018,revenue,1,一般会計,一般会計,16,,1,,1,,,,,,,,
2018,revenue,1,一般会計,一般会計,16,,1,,2,,,,,,,,
2018,revenue,1,一般会計,一般会計,17,,1,,1,,,,,,,,
2018,revenue,1,一般会計,一般会計,17,,1,,2,,,,,,,,
2018,revenue,1,一般会計,一般会計,18,,1,,1,,,,,,,,
2018,revenue,1,一般会計,一般会計,19,,1,,1,,,,,,,,
2018,revenue,1,一般会計,一般会計,19,,1,,2,,,,,,,,
2018,revenue,1,一般会計,一般会計,19,,2,,1,,,,,,,,
2018,revenue,1,一般会計,一般会計,19,,3,,1,,,,,,,,
2018,revenue,1,一般会計,一般会計,19,,4,,1,,,,,,,,
2018,revenue,1,一般会計,一般会計,19,,5,,1,,,,,,,,
2018,revenue,1,一般会計,一般会計,19,,6,,1,,,,,,,,
2018,revenue,1,一般会計,一般会計,20,,1,,1,,,,,,,,
2018,revenue,1,一般会計,一般会計,20,,1,,2,,,,,,,,
2018,revenue,1,一般会計,一般会計,20,,1,,3,,,,,,,,
2018,revenue,1,一般会計,一般会計,20,,1,,4,,,,,,,,
2018,revenue,1,一般会計,一般会計,20,,1,,5,,,,,,,,
2018,revenue,11,国民健康保険特別会計,国民健康保険,1,,1,,1,,,1,保険税（料）,,,map,狛江市国保会計の歳入款1。保険料の徴収科目のみを収める。52表 歳入001列「保険税（料）」
2018,revenue,11,国民健康保険特別会計,国民健康保険,1,,1,,2,,,1,保険税（料）,,,map,狛江市国保会計の歳入款1。保険料の徴収科目のみを収める。52表 歳入001列「保険税（料）」
2018,revenue,11,国民健康保険特別会計,国民健康保険,2,,1,,1,,,3,国庫支出金,,,map,狛江市国保会計の歳入款2（2018年度）。災害臨時特例補助金・過年度分療養給付費等負担金。52表 歳入005列
2018,revenue,11,国民健康保険特別会計,国民健康保険,2,,2,,1,,,3,国庫支出金,,,map,狛江市国保会計の歳入款2（2018年度）。災害臨時特例補助金・過年度分療養給付費等負担金。52表 歳入005列
2018,revenue,11,国民健康保険特別会計,国民健康保険,3,,1,,1,,,4,都道府県支出金,,,map,狛江市国保会計の歳入款3（2018年度）。過年度分療養給付費交付金。52表 歳入007列を含む都道府県支出金相当
2018,revenue,11,国民健康保険特別会計,国民健康保険,4,,1,,1,,,4,都道府県支出金,,,map,狛江市国保会計の歳入款4（2018年度）。都補助金・給付費等交付金・財政安定化基金交付金・都繰入金を収める。52表 歳入006・014列相当（他会計繰入の都繰入金を内包）
2018,revenue,11,国民健康保険特別会計,国民健康保険,4,,1,,2,,,4,都道府県支出金,,,map,狛江市国保会計の歳入款4（2018年度）。都補助金・給付費等交付金・財政安定化基金交付金・都繰入金を収める。52表 歳入006・014列相当（他会計繰入の都繰入金を内包）
2018,revenue,11,国民健康保険特別会計,国民健康保険,4,,2,,1,,,4,都道府県支出金,,,map,狛江市国保会計の歳入款4（2018年度）。都補助金・給付費等交付金・財政安定化基金交付金・都繰入金を収める。52表 歳入006・014列相当（他会計繰入の都繰入金を内包）
2018,revenue,11,国民健康保険特別会計,国民健康保険,5,,1,,1,,,11,その他の収入,,,map,狛江市国保会計の歳入款5（2018年度）。国民健康保険事業運営基金預金利子。52表 歳入027列相当
2018,revenue,11,国民健康保険特別会計,国民健康保険,6,,1,,1,,,7,他会計繰入金,,,map,狛江市国保会計の歳入款6（2018年度）。一般会計繰入金の科目と国民健康保険事業運営基金繰入金（目2）を収める。52表 歳入017列相当
2018,revenue,11,国民健康保険特別会計,国民健康保険,6,,1,,2,,,7,他会計繰入金,,,map,狛江市国保会計の歳入款6（2018年度）。一般会計繰入金の科目と国民健康保険事業運営基金繰入金（目2）を収める。52表 歳入017列相当
2018,revenue,11,国民健康保険特別会計,国民健康保険,7,,1,,1,,,9,繰越金,,,map,狛江市国保会計の歳入款7（2018年度）。前年度繰越金。52表 歳入024列
2018,revenue,11,国民健康保険特別会計,国民健康保険,7,,1,,2,,,9,繰越金,,,map,狛江市国保会計の歳入款7（2018年度）。前年度繰越金。52表 歳入024列
2018,revenue,11,国民健康保険特別会計,国民健康保険,8,,1,,1,,,11,その他の収入,,,map,狛江市国保会計の歳入款8（2018年度）。雑入・延滞金・利子等。52表 歳入027列
2018,revenue,11,国民健康保険特別会計,国民健康保険,8,,1,,2,,,11,その他の収入,,,map,狛江市国保会計の歳入款8（2018年度）。雑入・延滞金・利子等。52表 歳入027列
2018,revenue,11,国民健康保険特別会計,国民健康保険,8,,2,,1,,,11,その他の収入,,,map,狛江市国保会計の歳入款8（2018年度）。雑入・延滞金・利子等。52表 歳入027列
2018,revenue,11,国民健康保険特別会計,国民健康保険,8,,3,,1,,,11,その他の収入,,,map,狛江市国保会計の歳入款8（2018年度）。雑入・延滞金・利子等。52表 歳入027列
2018,revenue,11,国民健康保険特別会計,国民健康保険,8,,3,,2,,,11,その他の収入,,,map,狛江市国保会計の歳入款8（2018年度）。雑入・延滞金・利子等。52表 歳入027列
2018,revenue,11,国民健康保険特別会計,国民健康保険,8,,3,,3,,,11,その他の収入,,,map,狛江市国保会計の歳入款8（2018年度）。雑入・延滞金・利子等。52表 歳入027列
2018,revenue,11,国民健康保険特別会計,国民健康保険,8,,3,,4,,,11,その他の収入,,,map,狛江市国保会計の歳入款8（2018年度）。雑入・延滞金・利子等。52表 歳入027列
2018,revenue,11,国民健康保険特別会計,国民健康保険,8,,3,,5,,,11,その他の収入,,,map,狛江市国保会計の歳入款8（2018年度）。雑入・延滞金・利子等。52表 歳入027列
2018,revenue,14,介護保険特別会計,介護保険,1,,1,,1,,,1,保険料,,,map,狛江市介護保険会計の歳入款1。保険料の科目のみ。63表 歳入001列
2018,revenue,14,介護保険特別会計,介護保険,2,,1,,1,,,10,その他の収入,,,map,狛江市介護保険会計の歳入款2。証明手数料のみ。63表 歳入029列相当
2018,revenue,14,介護保険特別会計,介護保険,3,,1,,1,,,2,国庫支出金,,,map,狛江市介護保険会計の歳入款3。国庫の補助金・負担金・交付金を収める。63表 歳入002列相当
2018,revenue,14,介護保険特別会計,介護保険,3,,2,,1,,,2,国庫支出金,,,map,狛江市介護保険会計の歳入款3。国庫の補助金・負担金・交付金を収める。63表 歳入002列相当
2018,revenue,14,介護保険特別会計,介護保険,3,,2,,2,,,2,国庫支出金,,,map,狛江市介護保険会計の歳入款3。国庫の補助金・負担金・交付金を収める。63表 歳入002列相当
2018,revenue,14,介護保険特別会計,介護保険,3,,2,,3,,,2,国庫支出金,,,map,狛江市介護保険会計の歳入款3。国庫の補助金・負担金・交付金を収める。63表 歳入002列相当
2018,revenue,14,介護保険特別会計,介護保険,3,,2,,4,,,2,国庫支出金,,,map,狛江市介護保険会計の歳入款3。国庫の補助金・負担金・交付金を収める。63表 歳入002列相当
2018,revenue,14,介護保険特別会計,介護保険,3,,2,,5,,,2,国庫支出金,,,map,狛江市介護保険会計の歳入款3。国庫の補助金・負担金・交付金を収める。63表 歳入002列相当
2018,revenue,14,介護保険特別会計,介護保険,3,,2,,6,,,2,国庫支出金,,,map,狛江市介護保険会計の歳入款3。国庫の補助金・負担金・交付金を収める。63表 歳入002列相当
2018,revenue,14,介護保険特別会計,介護保険,4,,1,,1,,,3,支払基金交付金,,,map,狛江市介護保険会計の歳入款4。介護給付費交付金・地域支援事業支援交付金を収める。63表 歳入008列相当
2018,revenue,14,介護保険特別会計,介護保険,4,,1,,2,,,3,支払基金交付金,,,map,狛江市介護保険会計の歳入款4。介護給付費交付金・地域支援事業支援交付金を収める。63表 歳入008列相当
2018,revenue,14,介護保険特別会計,介護保険,5,,1,,1,,,4,都道府県支出金,,,map,狛江市介護保険会計の歳入款5。都の負担金・交付金を収める。63表 歳入011列相当
2018,revenue,14,介護保険特別会計,介護保険,5,,2,,1,,,4,都道府県支出金,,,map,狛江市介護保険会計の歳入款5。都の負担金・交付金を収める。63表 歳入011列相当
2018,revenue,14,介護保険特別会計,介護保険,5,,2,,2,,,4,都道府県支出金,,,map,狛江市介護保険会計の歳入款5。都の負担金・交付金を収める。63表 歳入011列相当
2018,revenue,14,介護保険特別会計,介護保険,6,,1,,1,,,10,その他の収入,,,map,狛江市介護保険会計の歳入款6。介護保険給付費準備基金預金利子。63表 歳入029列相当
2018,revenue,14,介護保険特別会計,介護保険,7,,1,,1,,,10,その他の収入,,,map,狛江市介護保険会計の歳入款7。一般寄附金。63表 歳入029列相当
2018,revenue,14,介護保険特別会計,介護保険,8,,1,,1,,,6,他会計繰入金,,,map,狛江市介護保険会計の歳入款8。一般会計繰入金（項1）と介護保険給付費準備基金繰入金（項2）を収める。63表 歳入018列相当
2018,revenue,14,介護保険特別会計,介護保険,8,,1,,2,,,6,他会計繰入金,,,map,狛江市介護保険会計の歳入款8。一般会計繰入金（項1）と介護保険給付費準備基金繰入金（項2）を収める。63表 歳入018列相当
2018,revenue,14,介護保険特別会計,介護保険,8,,1,,3,,,6,他会計繰入金,,,map,狛江市介護保険会計の歳入款8。一般会計繰入金（項1）と介護保険給付費準備基金繰入金（項2）を収める。63表 歳入018列相当
2018,revenue,14,介護保険特別会計,介護保険,8,,1,,4,,,6,他会計繰入金,,,map,狛江市介護保険会計の歳入款8。一般会計繰入金（項1）と介護保険給付費準備基金繰入金（項2）を収める。63表 歳入018列相当
2018,revenue,14,介護保険特別会計,介護保険,8,,1,,5,,,6,他会計繰入金,,,map,狛江市介護保険会計の歳入款8。一般会計繰入金（項1）と介護保険給付費準備基金繰入金（項2）を収める。63表 歳入018列相当
2018,revenue,14,介護保険特別会計,介護保険,8,,2,,1,,,6,他会計繰入金,,,map,狛江市介護保険会計の歳入款8。一般会計繰入金（項1）と介護保険給付費準備基金繰入金（項2）を収める。63表 歳入018列相当
2018,revenue,14,介護保険特別会計,介護保険,9,,1,,1,,,8,繰越金,,,map,狛江市介護保険会計の歳入款9。前年度繰越金。63表 歳入026列
2018,revenue,14,介護保険特別会計,介護保険,10,,1,,1,,,10,その他の収入,,,map,狛江市介護保険会計の歳入款10。雑入・延滞金・利用者負担金等。63表 歳入029列
2018,revenue,14,介護保険特別会計,介護保険,10,,2,,1,,,10,その他の収入,,,map,狛江市介護保険会計の歳入款10。雑入・延滞金・利用者負担金等。63表 歳入029列
2018,revenue,14,介護保険特別会計,介護保険,10,,3,,1,,,10,その他の収入,,,map,狛江市介護保険会計の歳入款10。雑入・延滞金・利用者負担金等。63表 歳入029列
2018,revenue,14,介護保険特別会計,介護保険,10,,3,,2,,,10,その他の収入,,,map,狛江市介護保険会計の歳入款10。雑入・延滞金・利用者負担金等。63表 歳入029列
2018,revenue,21,公共下水道特別会計,下水道事業,1,,1,,1,,,,,,,,
2018,revenue,21,公共下水道特別会計,下水道事業,1,,1,,2,,,,,,,,
2018,revenue,21,公共下水道特別会計,下水道事業,2,,1,,1,,,,,,,,
2018,revenue,21,公共下水道特別会計,下水道事業,2,,1,,2,,,,,,,,
2018,revenue,21,公共下水道特別会計,下水道事業,2,,2,,1,,,,,,,,
2018,revenue,21,公共下水道特別会計,下水道事業,3,,1,,1,,,,,,,,
2018,revenue,21,公共下水道特別会計,下水道事業,4,,1,,1,,,,,,,,
2018,revenue,21,公共下水道特別会計,下水道事業,5,,1,,1,,,,,,,,
2018,revenue,21,公共下水道特別会計,下水道事業,6,,1,,1,,,,,,,,
2018,revenue,21,公共下水道特別会計,下水道事業,7,,1,,1,,,,,,,,
2018,revenue,21,公共下水道特別会計,下水道事業,8,,1,,1,,,,,,,,
2018,revenue,21,公共下水道特別会計,下水道事業,9,,1,,1,,,,,,,,
2018,revenue,21,公共下水道特別会計,下水道事業,9,,2,,1,,,,,,,,
2018,revenue,21,公共下水道特別会計,下水道事業,10,,1,,1,,,,,,,,
2018,revenue,22,駐車場事業特別会計,駐車場事業,1,,1,,1,,,,,,,,
2018,revenue,22,駐車場事業特別会計,駐車場事業,2,,1,,1,,,,,,,,
2018,revenue,22,駐車場事業特別会計,駐車場事業,2,,2,,1,,,,,,,,
2018,revenue,22,駐車場事業特別会計,駐車場事業,3,,1,,1,,,,,,,,
2018,revenue,34,後期高齢者医療特別会計,後期高齢者医療,1,,1,,1,,,1,保険料,,,map,狛江市後期高齢者医療会計の歳入款1。保険料の科目のみ。94表 歳入001列
2018,revenue,34,後期高齢者医療特別会計,後期高齢者医療,1,,1,,2,,,1,保険料,,,map,狛江市後期高齢者医療会計の歳入款1。保険料の科目のみ。94表 歳入001列
2018,revenue,34,後期高齢者医療特別会計,後期高齢者医療,2,,1,,1,,,4,その他の収入,,,map,狛江市後期高齢者医療会計の歳入款2。証明手数料のみ。94表 歳入007列相当
2018,revenue,34,後期高齢者医療特別会計,後期高齢者医療,3,,1,,1,,,2,繰入金,,,map,狛江市後期高齢者医療会計の歳入款3。一般会計からの繰入金の科目のみ。94表 歳入003・004列相当
2018,revenue,34,後期高齢者医療特別会計,後期高齢者医療,4,,1,,1,,,3,繰越金,,,map,狛江市後期高齢者医療会計の歳入款4。前年度繰越金。94表 歳入006列
2018,revenue,34,後期高齢者医療特別会計,後期高齢者医療,5,,1,,1,,,4,その他の収入,,,map,狛江市後期高齢者医療会計の歳入款5。雑入・延滞金・受託事業収入等。94表 歳入007列相当
2018,revenue,34,後期高齢者医療特別会計,後期高齢者医療,5,,2,,1,,,4,その他の収入,,,map,狛江市後期高齢者医療会計の歳入款5。雑入・延滞金・受託事業収入等。94表 歳入007列相当
2018,revenue,34,後期高齢者医療特別会計,後期高齢者医療,5,,2,,2,,,4,その他の収入,,,map,狛江市後期高齢者医療会計の歳入款5。雑入・延滞金・受託事業収入等。94表 歳入007列相当
2018,revenue,34,後期高齢者医療特別会計,後期高齢者医療,5,,3,,1,,,4,その他の収入,,,map,狛江市後期高齢者医療会計の歳入款5。雑入・延滞金・受託事業収入等。94表 歳入007列相当
2018,revenue,34,後期高齢者医療特別会計,後期高齢者医療,5,,4,,1,,,4,その他の収入,,,map,狛江市後期高齢者医療会計の歳入款5。雑入・延滞金・受託事業収入等。94表 歳入007列相当
2018,revenue,34,後期高齢者医療特別会計,後期高齢者医療,5,,5,,1,,,4,その他の収入,,,map,狛江市後期高齢者医療会計の歳入款5。雑入・延滞金・受託事業収入等。94表 歳入007列相当
2018,revenue,34,後期高齢者医療特別会計,後期高齢者医療,6,,1,,1,,,4,その他の収入,,,map,狛江市後期高齢者医療会計の歳入款6（2018年度のみ）。高齢者医療制度円滑運営事業費補助金。94表 歳入007列相当
2019,expenditure,1,一般会計,一般会計,1,,1,,1,,,1,議会費,,,map,款名「議会費」（決算書 PDF の見出しから解決）がマスタと一致
2019,expenditure,1,一般会計,一般会計,2,,1,,1,,,2,総務費,,,map,款名「総務費」がマスタと一致
2019,expenditure,1,一般会計,一般会計,2,,1,,2,,,2,総務費,,,map,款名「総務費」がマスタと一致
2019,expenditure,1,一般会計,一般会計,2,,1,,3,,,2,総務費,,,map,款名「総務費」がマスタと一致
2019,expenditure,1,一般会計,一般会計,2,,1,,4,,,2,総務費,,,map,款名「総務費」がマスタと一致
2019,expenditure,1,一般会計,一般会計,2,,1,,5,,,2,総務費,,,map,款名「総務費」がマスタと一致
2019,expenditure,1,一般会計,一般会計,2,,1,,6,,,2,総務費,,,map,款名「総務費」がマスタと一致
2019,expenditure,1,一般会計,一般会計,2,,1,,7,,,2,総務費,,,map,款名「総務費」がマスタと一致
2019,expenditure,1,一般会計,一般会計,2,,1,,8,,,2,総務費,,,map,款名「総務費」がマスタと一致
2019,expenditure,1,一般会計,一般会計,2,,1,,9,,,2,総務費,,,map,款名「総務費」がマスタと一致
2019,expenditure,1,一般会計,一般会計,2,,1,,10,,,2,総務費,,,map,款名「総務費」がマスタと一致
2019,expenditure,1,一般会計,一般会計,2,,1,,11,,,2,総務費,,,map,款名「総務費」がマスタと一致
2019,expenditure,1,一般会計,一般会計,2,,2,,1,,,2,総務費,,,map,款名「総務費」がマスタと一致
2019,expenditure,1,一般会計,一般会計,2,,2,,2,,,2,総務費,,,map,款名「総務費」がマスタと一致
2019,expenditure,1,一般会計,一般会計,2,,2,,3,,,2,総務費,,,map,款名「総務費」がマスタと一致
2019,expenditure,1,一般会計,一般会計,2,,3,,1,,,2,総務費,,,map,款名「総務費」がマスタと一致
2019,expenditure,1,一般会計,一般会計,2,,3,,2,,,2,総務費,,,map,款名「総務費」がマスタと一致
2019,expenditure,1,一般会計,一般会計,2,,4,,1,,,2,総務費,,,map,款名「総務費」がマスタと一致
2019,expenditure,1,一般会計,一般会計,2,,4,,2,,,2,総務費,,,map,款名「総務費」がマスタと一致
2019,expenditure,1,一般会計,一般会計,2,,4,,3,,,2,総務費,,,map,款名「総務費」がマスタと一致
2019,expenditure,1,一般会計,一般会計,2,,4,,4,,,2,総務費,,,map,款名「総務費」がマスタと一致
2019,expenditure,1,一般会計,一般会計,2,,5,,1,,,2,総務費,,,map,款名「総務費」がマスタと一致
2019,expenditure,1,一般会計,一般会計,2,,5,,2,,,2,総務費,,,map,款名「総務費」がマスタと一致
2019,expenditure,1,一般会計,一般会計,2,,6,,1,,,2,総務費,,,map,款名「総務費」がマスタと一致
2019,expenditure,1,一般会計,一般会計,3,,1,,1,,,3,民生費,,,map,款名「民生費」がマスタと一致
2019,expenditure,1,一般会計,一般会計,3,,1,,2,,,3,民生費,,,map,款名「民生費」がマスタと一致
2019,expenditure,1,一般会計,一般会計,3,,1,,3,,,3,民生費,,,map,款名「民生費」がマスタと一致
2019,expenditure,1,一般会計,一般会計,3,,1,,4,,,3,民生費,,,map,款名「民生費」がマスタと一致
2019,expenditure,1,一般会計,一般会計,3,,1,,5,,,3,民生費,,,map,款名「民生費」がマスタと一致
2019,expenditure,1,一般会計,一般会計,3,,1,,6,,,3,民生費,,,map,款名「民生費」がマスタと一致
2019,expenditure,1,一般会計,一般会計,3,,1,,7,,,3,民生費,,,map,款名「民生費」がマスタと一致
2019,expenditure,1,一般会計,一般会計,3,,1,,8,,,3,民生費,,,map,款名「民生費」がマスタと一致
2019,expenditure,1,一般会計,一般会計,3,,2,,1,,,3,民生費,,,map,款名「民生費」がマスタと一致
2019,expenditure,1,一般会計,一般会計,3,,2,,2,,,3,民生費,,,map,款名「民生費」がマスタと一致
2019,expenditure,1,一般会計,一般会計,3,,2,,3,,,3,民生費,,,map,款名「民生費」がマスタと一致
2019,expenditure,1,一般会計,一般会計,3,,2,,4,,,3,民生費,,,map,款名「民生費」がマスタと一致
2019,expenditure,1,一般会計,一般会計,3,,2,,5,,,3,民生費,,,map,款名「民生費」がマスタと一致
2019,expenditure,1,一般会計,一般会計,3,,2,,6,,,3,民生費,,,map,款名「民生費」がマスタと一致
2019,expenditure,1,一般会計,一般会計,3,,3,,1,,,3,民生費,,,map,款名「民生費」がマスタと一致
2019,expenditure,1,一般会計,一般会計,3,,3,,2,,,3,民生費,,,map,款名「民生費」がマスタと一致
2019,expenditure,1,一般会計,一般会計,3,,4,,1,,,3,民生費,,,map,款名「民生費」がマスタと一致
2019,expenditure,1,一般会計,一般会計,4,,1,,1,,,4,衛生費,,,map,款名「衛生費」がマスタと一致
2019,expenditure,1,一般会計,一般会計,4,,1,,2,,,4,衛生費,,,map,款名「衛生費」がマスタと一致
2019,expenditure,1,一般会計,一般会計,4,,1,,3,,,4,衛生費,,,map,款名「衛生費」がマスタと一致
2019,expenditure,1,一般会計,一般会計,4,,1,,4,,,4,衛生費,,,map,款名「衛生費」がマスタと一致
2019,expenditure,1,一般会計,一般会計,4,,1,,5,,,4,衛生費,,,map,款名「衛生費」がマスタと一致
2019,expenditure,1,一般会計,一般会計,4,,2,,1,,,4,衛生費,,,map,款名「衛生費」がマスタと一致
2019,expenditure,1,一般会計,一般会計,4,,2,,2,,,4,衛生費,,,map,款名「衛生費」がマスタと一致
2019,expenditure,1,一般会計,一般会計,4,,2,,3,,,4,衛生費,,,map,款名「衛生費」がマスタと一致
2019,expenditure,1,一般会計,一般会計,4,,2,,4,,,4,衛生費,,,map,款名「衛生費」がマスタと一致
2019,expenditure,1,一般会計,一般会計,5,,1,,1,,,5,労働費,,,map,款名「労働費」がマスタと一致
2019,expenditure,1,一般会計,一般会計,5,,2,,1,,,5,労働費,,,map,款名「労働費」がマスタと一致
2019,expenditure,1,一般会計,一般会計,6,,1,,1,,,6,農林水産業費,,,map,PDF の款名は「農業費」。マスタは「農林水産業費」。林業費・水産業費の項を持たない市の略称と読む。項「農業費」がマスタの款6の項と一致することが裏づけ
2019,expenditure,1,一般会計,一般会計,6,,1,,2,,,6,農林水産業費,,,map,PDF の款名は「農業費」。マスタは「農林水産業費」。林業費・水産業費の項を持たない市の略称と読む。項「農業費」がマスタの款6の項と一致することが裏づけ
2019,expenditure,1,一般会計,一般会計,6,,1,,3,,,6,農林水産業費,,,map,PDF の款名は「農業費」。マスタは「農林水産業費」。林業費・水産業費の項を持たない市の略称と読む。項「農業費」がマスタの款6の項と一致することが裏づけ
2019,expenditure,1,一般会計,一般会計,6,,1,,4,,,6,農林水産業費,,,map,PDF の款名は「農業費」。マスタは「農林水産業費」。林業費・水産業費の項を持たない市の略称と読む。項「農業費」がマスタの款6の項と一致することが裏づけ
2019,expenditure,1,一般会計,一般会計,7,,1,,1,,,7,商工費,,,map,款名「商工費」がマスタと一致
2019,expenditure,1,一般会計,一般会計,7,,1,,2,,,7,商工費,,,map,款名「商工費」がマスタと一致
2019,expenditure,1,一般会計,一般会計,7,,1,,3,,,7,商工費,,,map,款名「商工費」がマスタと一致
2019,expenditure,1,一般会計,一般会計,7,,1,,4,,,7,商工費,,,map,款名「商工費」がマスタと一致
2019,expenditure,1,一般会計,一般会計,8,,1,,1,,,8,土木費,,,map,款名「土木費」がマスタと一致
2019,expenditure,1,一般会計,一般会計,8,,2,,1,,,8,土木費,,,map,款名「土木費」がマスタと一致
2019,expenditure,1,一般会計,一般会計,8,,2,,2,,,8,土木費,,,map,款名「土木費」がマスタと一致
2019,expenditure,1,一般会計,一般会計,8,,2,,3,,,8,土木費,,,map,款名「土木費」がマスタと一致
2019,expenditure,1,一般会計,一般会計,8,,2,,4,,,8,土木費,,,map,款名「土木費」がマスタと一致
2019,expenditure,1,一般会計,一般会計,8,,2,,5,,,8,土木費,,,map,款名「土木費」がマスタと一致
2019,expenditure,1,一般会計,一般会計,8,,3,,1,,,8,土木費,,,map,款名「土木費」がマスタと一致
2019,expenditure,1,一般会計,一般会計,8,,4,,1,,,8,土木費,,,map,款名「土木費」がマスタと一致
2019,expenditure,1,一般会計,一般会計,8,,4,,2,,,8,土木費,,,map,款名「土木費」がマスタと一致
2019,expenditure,1,一般会計,一般会計,8,,4,,3,,,8,土木費,,,map,款名「土木費」がマスタと一致
2019,expenditure,1,一般会計,一般会計,8,,4,,4,,,8,土木費,,,map,款名「土木費」がマスタと一致
2019,expenditure,1,一般会計,一般会計,8,,4,,5,,,8,土木費,,,map,款名「土木費」がマスタと一致
2019,expenditure,1,一般会計,一般会計,9,,1,,1,,,9,消防費,,,map,款名「消防費」がマスタと一致
2019,expenditure,1,一般会計,一般会計,9,,1,,2,,,9,消防費,,,map,款名「消防費」がマスタと一致
2019,expenditure,1,一般会計,一般会計,9,,1,,3,,,9,消防費,,,map,款名「消防費」がマスタと一致
2019,expenditure,1,一般会計,一般会計,9,,1,,4,,,9,消防費,,,map,款名「消防費」がマスタと一致
2019,expenditure,1,一般会計,一般会計,10,,1,,1,,,10,教育費,,,map,款名「教育費」がマスタと一致
2019,expenditure,1,一般会計,一般会計,10,,1,,2,,,10,教育費,,,map,款名「教育費」がマスタと一致
2019,expenditure,1,一般会計,一般会計,10,,1,,3,,,10,教育費,,,map,款名「教育費」がマスタと一致
2019,expenditure,1,一般会計,一般会計,10,,2,,1,,,10,教育費,,,map,款名「教育費」がマスタと一致
2019,expenditure,1,一般会計,一般会計,10,,2,,2,,,10,教育費,,,map,款名「教育費」がマスタと一致
2019,expenditure,1,一般会計,一般会計,10,,2,,3,,,10,教育費,,,map,款名「教育費」がマスタと一致
2019,expenditure,1,一般会計,一般会計,10,,2,,4,,,10,教育費,,,map,款名「教育費」がマスタと一致
2019,expenditure,1,一般会計,一般会計,10,,2,,5,,,10,教育費,,,map,款名「教育費」がマスタと一致
2019,expenditure,1,一般会計,一般会計,10,,2,,6,,,10,教育費,,,map,款名「教育費」がマスタと一致
2019,expenditure,1,一般会計,一般会計,10,,3,,1,,,10,教育費,,,map,款名「教育費」がマスタと一致
2019,expenditure,1,一般会計,一般会計,10,,3,,2,,,10,教育費,,,map,款名「教育費」がマスタと一致
2019,expenditure,1,一般会計,一般会計,10,,3,,3,,,10,教育費,,,map,款名「教育費」がマスタと一致
2019,expenditure,1,一般会計,一般会計,10,,3,,4,,,10,教育費,,,map,款名「教育費」がマスタと一致
2019,expenditure,1,一般会計,一般会計,10,,3,,5,,,10,教育費,,,map,款名「教育費」がマスタと一致
2019,expenditure,1,一般会計,一般会計,10,,3,,6,,,10,教育費,,,map,款名「教育費」がマスタと一致
2019,expenditure,1,一般会計,一般会計,10,,4,,1,,,10,教育費,,,map,款名「教育費」がマスタと一致
2019,expenditure,1,一般会計,一般会計,10,,5,,1,,,10,教育費,,,map,款名「教育費」がマスタと一致
2019,expenditure,1,一般会計,一般会計,10,,5,,2,,,10,教育費,,,map,款名「教育費」がマスタと一致
2019,expenditure,1,一般会計,一般会計,10,,5,,3,,,10,教育費,,,map,款名「教育費」がマスタと一致
2019,expenditure,1,一般会計,一般会計,10,,5,,4,,,10,教育費,,,map,款名「教育費」がマスタと一致
2019,expenditure,1,一般会計,一般会計,10,,5,,5,,,10,教育費,,,map,款名「教育費」がマスタと一致
2019,expenditure,1,一般会計,一般会計,10,,6,,1,,,10,教育費,,,map,款名「教育費」がマスタと一致
2019,expenditure,1,一般会計,一般会計,10,,6,,2,,,10,教育費,,,map,款名「教育費」がマスタと一致
2019,expenditure,1,一般会計,一般会計,11,,1,,1,,,12,公債費,,,map,款名「公債費」。**コードは法定とずれる** — 法定の款11は災害復旧費で、災害復旧費を持たないため以降が詰まっている
2019,expenditure,1,一般会計,一般会計,11,,1,,2,,,12,公債費,,,map,款名「公債費」。**コードは法定とずれる** — 法定の款11は災害復旧費で、災害復旧費を持たないため以降が詰まっている
2019,expenditure,1,一般会計,一般会計,12,,1,,1,,,13,諸支出金,,,map,款名「諸支出金」。法定の款13
2019,expenditure,1,一般会計,一般会計,12,,1,,2,,,13,諸支出金,,,map,款名「諸支出金」。法定の款13
2019,expenditure,1,一般会計,一般会計,12,,1,,3,,,13,諸支出金,,,map,款名「諸支出金」。法定の款13
2019,expenditure,1,一般会計,一般会計,13,,1,,1,,,14,予備費,,,map,款名「予備費」。法定の款14
2019,expenditure,11,国民健康保険特別会計,国民健康保険,1,,1,,1,,,1,総務費,,,map,狛江市国保会計の款1。決算額は届かないが科目構成（委託料・役務費等の経費科目）で総務費と同定。63表的な給付・納付金ではない
2019,expenditure,11,国民健康保険特別会計,国民健康保険,1,,1,,2,,,1,総務費,,,map,狛江市国保会計の款1。決算額は届かないが科目構成（委託料・役務費等の経費科目）で総務費と同定。63表的な給付・納付金ではない
2019,expenditure,11,国民健康保険特別会計,国民健康保険,1,,1,,3,,,1,総務費,,,map,狛江市国保会計の款1。決算額は届かないが科目構成（委託料・役務費等の経費科目）で総務費と同定。63表的な給付・納付金ではない
2019,expenditure,11,国民健康保険特別会計,国民健康保険,1,,2,,1,,,1,総務費,,,map,狛江市国保会計の款1。決算額は届かないが科目構成（委託料・役務費等の経費科目）で総務費と同定。63表的な給付・納付金ではない
2019,expenditure,11,国民健康保険特別会計,国民健康保険,2,,1,,1,,,2,保険給付費,,,map,"狛江市国保会計の款2。執行累計4,679,332,397円が52表の保険給付費（令和5年度決算）と一致"
2019,expenditure,11,国民健康保険特別会計,国民健康保険,2,,1,,2,,,2,保険給付費,,,map,"狛江市国保会計の款2。執行累計4,679,332,397円が52表の保険給付費（令和5年度決算）と一致"
2019,expenditure,11,国民健康保険特別会計,国民健康保険,2,,1,,3,,,2,保険給付費,,,map,"狛江市国保会計の款2。執行累計4,679,332,397円が52表の保険給付費（令和5年度決算）と一致"
2019,expenditure,11,国民健康保険特別会計,国民健康保険,2,,1,,4,,,2,保険給付費,,,map,"狛江市国保会計の款2。執行累計4,679,332,397円が52表の保険給付費（令和5年度決算）と一致"
2019,expenditure,11,国民健康保険特別会計,国民健康保険,2,,1,,5,,,2,保険給付費,,,map,"狛江市国保会計の款2。執行累計4,679,332,397円が52表の保険給付費（令和5年度決算）と一致"
2019,expenditure,11,国民健康保険特別会計,国民健康保険,2,,2,,1,,,2,保険給付費,,,map,"狛江市国保会計の款2。執行累計4,679,332,397円が52表の保険給付費（令和5年度決算）と一致"
2019,expenditure,11,国民健康保険特別会計,国民健康保険,2,,2,,2,,,2,保険給付費,,,map,"狛江市国保会計の款2。執行累計4,679,332,397円が52表の保険給付費（令和5年度決算）と一致"
2019,expenditure,11,国民健康保険特別会計,国民健康保険,2,,2,,3,,,2,保険給付費,,,map,"狛江市国保会計の款2。執行累計4,679,332,397円が52表の保険給付費（令和5年度決算）と一致"
2019,expenditure,11,国民健康保険特別会計,国民健康保険,2,,2,,4,,,2,保険給付費,,,map,"狛江市国保会計の款2。執行累計4,679,332,397円が52表の保険給付費（令和5年度決算）と一致"
2019,expenditure,11,国民健康保険特別会計,国民健康保険,2,,3,,1,,,2,保険給付費,,,map,"狛江市国保会計の款2。執行累計4,679,332,397円が52表の保険給付費（令和5年度決算）と一致"
2019,expenditure,11,国民健康保険特別会計,国民健康保険,2,,3,,2,,,2,保険給付費,,,map,"狛江市国保会計の款2。執行累計4,679,332,397円が52表の保険給付費（令和5年度決算）と一致"
2019,expenditure,11,国民健康保険特別会計,国民健康保険,2,,4,,1,,,2,保険給付費,,,map,"狛江市国保会計の款2。執行累計4,679,332,397円が52表の保険給付費（令和5年度決算）と一致"
2019,expenditure,11,国民健康保険特別会計,国民健康保険,2,,5,,1,,,2,保険給付費,,,map,"狛江市国保会計の款2。執行累計4,679,332,397円が52表の保険給付費（令和5年度決算）と一致"
2019,expenditure,11,国民健康保険特別会計,国民健康保険,2,,6,,1,,,2,保険給付費,,,map,"狛江市国保会計の款2。執行累計4,679,332,397円が52表の保険給付費（令和5年度決算）と一致"
2019,expenditure,11,国民健康保険特別会計,国民健康保険,2,,6,,2,,,2,保険給付費,,,map,"狛江市国保会計の款2。執行累計4,679,332,397円が52表の保険給付費（令和5年度決算）と一致"
2019,expenditure,11,国民健康保険特別会計,国民健康保険,3,,1,,1,,,3,国民健康保険事業費納付金,,,map,"狛江市国保会計の款3。執行累計2,790,525,757円が52表の国民健康保険事業費納付金と一致"
2019,expenditure,11,国民健康保険特別会計,国民健康保険,3,,1,,2,,,3,国民健康保険事業費納付金,,,map,"狛江市国保会計の款3。執行累計2,790,525,757円が52表の国民健康保険事業費納付金と一致"
2019,expenditure,11,国民健康保険特別会計,国民健康保険,3,,2,,1,,,3,国民健康保険事業費納付金,,,map,"狛江市国保会計の款3。執行累計2,790,525,757円が52表の国民健康保険事業費納付金と一致"
2019,expenditure,11,国民健康保険特別会計,国民健康保険,3,,2,,2,,,3,国民健康保険事業費納付金,,,map,"狛江市国保会計の款3。執行累計2,790,525,757円が52表の国民健康保険事業費納付金と一致"
2019,expenditure,11,国民健康保険特別会計,国民健康保険,3,,3,,1,,,3,国民健康保険事業費納付金,,,map,"狛江市国保会計の款3。執行累計2,790,525,757円が52表の国民健康保険事業費納付金と一致"
2019,expenditure,11,国民健康保険特別会計,国民健康保険,4,,1,,1,,,4,保健事業費,,,map,"狛江市国保会計の款4。執行累計114,234,835円が52表の保健事業費と一致"
2019,expenditure,11,国民健康保険特別会計,国民健康保険,5,,1,,1,,,5,基金積立金,,,map,狛江市国保会計の款5（執行0・予算計500千円）。位置と構造から基金積立金
2019,expenditure,11,国民健康保険特別会計,国民健康保険,6,,1,,1,,,9,その他の支出,,,map,"狛江市国保会計の款6（2019年度以降）。執行累計119,963,088円が52表のその他の支出と一致（繰出金の項を内包）"
2019,expenditure,11,国民健康保険特別会計,国民健康保険,6,,1,,2,,,9,その他の支出,,,map,"狛江市国保会計の款6（2019年度以降）。執行累計119,963,088円が52表のその他の支出と一致（繰出金の項を内包）"
2019,expenditure,11,国民健康保険特別会計,国民健康保険,6,,1,,3,,,9,その他の支出,,,map,"狛江市国保会計の款6（2019年度以降）。執行累計119,963,088円が52表のその他の支出と一致（繰出金の項を内包）"
2019,expenditure,11,国民健康保険特別会計,国民健康保険,6,,2,,1,,,9,その他の支出,,,map,"狛江市国保会計の款6（2019年度以降）。執行累計119,963,088円が52表のその他の支出と一致（繰出金の項を内包）"
2019,expenditure,11,国民健康保険特別会計,国民健康保険,7,,1,,1,,,10,予備費,,,map,狛江市国保会計の款7（2019年度以降・執行0・予備費の科目のみ）
2019,expenditure,14,介護保険特別会計,介護保険,1,,1,,1,,,1,総務費,,,map,狛江市介護保険会計の款1。総務費相当（経費科目の集合）
2019,expenditure,14,介護保険特別会計,介護保険,1,,1,,2,,,1,総務費,,,map,狛江市介護保険会計の款1。総務費相当（経費科目の集合）
2019,expenditure,14,介護保険特別会計,介護保険,1,,1,,3,,,1,総務費,,,map,狛江市介護保険会計の款1。総務費相当（経費科目の集合）
2019,expenditure,14,介護保険特別会計,介護保険,2,,1,,1,,,2,保険給付費,,,map,"狛江市介護保険会計の款2。執行累計6,927,245,614円が63表の保険給付費（令和5年度決算）と一致"
2019,expenditure,14,介護保険特別会計,介護保険,2,,1,,2,,,2,保険給付費,,,map,"狛江市介護保険会計の款2。執行累計6,927,245,614円が63表の保険給付費（令和5年度決算）と一致"
2019,expenditure,14,介護保険特別会計,介護保険,2,,1,,3,,,2,保険給付費,,,map,"狛江市介護保険会計の款2。執行累計6,927,245,614円が63表の保険給付費（令和5年度決算）と一致"
2019,expenditure,14,介護保険特別会計,介護保険,2,,1,,4,,,2,保険給付費,,,map,"狛江市介護保険会計の款2。執行累計6,927,245,614円が63表の保険給付費（令和5年度決算）と一致"
2019,expenditure,14,介護保険特別会計,介護保険,2,,1,,5,,,2,保険給付費,,,map,"狛江市介護保険会計の款2。執行累計6,927,245,614円が63表の保険給付費（令和5年度決算）と一致"
2019,expenditure,14,介護保険特別会計,介護保険,2,,1,,6,,,2,保険給付費,,,map,"狛江市介護保険会計の款2。執行累計6,927,245,614円が63表の保険給付費（令和5年度決算）と一致"
2019,expenditure,14,介護保険特別会計,介護保険,3,,1,,1,,,3,地域支援事業費,,,map,"狛江市介護保険会計の款3。執行累計193,722,723円が63表の地域支援事業と一致"
2019,expenditure,14,介護保険特別会計,介護保険,3,,1,,2,,,3,地域支援事業費,,,map,"狛江市介護保険会計の款3。執行累計193,722,723円が63表の地域支援事業と一致"
2019,expenditure,14,介護保険特別会計,介護保険,3,,1,,3,,,3,地域支援事業費,,,map,"狛江市介護保険会計の款3。執行累計193,722,723円が63表の地域支援事業と一致"
2019,expenditure,14,介護保険特別会計,介護保険,3,,1,,4,,,3,地域支援事業費,,,map,"狛江市介護保険会計の款3。執行累計193,722,723円が63表の地域支援事業と一致"
2019,expenditure,14,介護保険特別会計,介護保険,4,,1,,1,,,,,,,,
2019,expenditure,14,介護保険特別会計,介護保険,5,,1,,1,,,6,基金積立金,,,map,"狛江市介護保険会計の款5。執行累計106,187,401円が63表の基金積立金と一致"
2019,expenditure,14,介護保険特別会計,介護保険,6,,1,,1,,,8,公債費,,,map,狛江市介護保険会計の款6（償還金利子の科目のみ・執行0）。償還債務は公債費相当
2019,expenditure,14,介護保険特別会計,介護保険,7,,1,,1,,,7,繰出金,,,map,"狛江市介護保険会計の款7。執行累計25,892,000円が63表の繰出金と一致"
2019,expenditure,14,介護保険特別会計,介護保険,8,,1,,1,,,10,その他の支出,,,map,"狛江市介護保険会計の款8。執行累計16,283,063円が63表のその他の支出と一致"
2019,expenditure,14,介護保険特別会計,介護保険,8,,1,,2,,,10,その他の支出,,,map,"狛江市介護保険会計の款8。執行累計16,283,063円が63表のその他の支出と一致"
2019,expenditure,14,介護保険特別会計,介護保険,8,,2,,1,,,10,その他の支出,,,map,"狛江市介護保険会計の款8。執行累計16,283,063円が63表のその他の支出と一致"
2019,expenditure,14,介護保険特別会計,介護保険,9,,1,,1,,,11,予備費,,,map,狛江市介護保険会計の款9（予備費の科目のみ・執行0）
2019,expenditure,21,公共下水道特別会計,下水道事業,1,,1,,1,,,,,,,,
2019,expenditure,21,公共下水道特別会計,下水道事業,2,,1,,1,,,,,,,,
2019,expenditure,21,公共下水道特別会計,下水道事業,2,,2,,1,,,,,,,,
2019,expenditure,21,公共下水道特別会計,下水道事業,3,,1,,1,,,,,,,,
2019,expenditure,21,公共下水道特別会計,下水道事業,3,,1,,2,,,,,,,,
2019,expenditure,21,公共下水道特別会計,下水道事業,4,,1,,1,,,,,,,,
2019,expenditure,22,駐車場事業特別会計,駐車場事業,1,,1,,1,,,,,,,,
2019,expenditure,22,駐車場事業特別会計,駐車場事業,2,,1,,1,,,,,,,,
2019,expenditure,34,後期高齢者医療特別会計,後期高齢者医療,1,,1,,1,,,1,総務費,,,map,狛江市後期高齢者医療会計の款1。総務費相当（経費科目の集合）
2019,expenditure,34,後期高齢者医療特別会計,後期高齢者医療,1,,2,,1,,,1,総務費,,,map,狛江市後期高齢者医療会計の款1。総務費相当（経費科目の集合）
2019,expenditure,34,後期高齢者医療特別会計,後期高齢者医療,1,,2,,2,,,1,総務費,,,map,狛江市後期高齢者医療会計の款1。総務費相当（経費科目の集合）
2019,expenditure,34,後期高齢者医療特別会計,後期高齢者医療,2,,1,,1,,,2,後期高齢者医療広域連合納付金,,,map,"狛江市後期高齢者医療会計の款2。負担金、補助及び交付金の単一科目で広域連合納付金相当（ただし市の帳簿額2,188,750,528円と94表の納付金1,355,124千円は大きくずれる）"
2019,expenditure,34,後期高齢者医療特別会計,後期高齢者医療,3,,1,,1,,,3,保健事業費,,,map,狛江市後期高齢者医療会計の款3。委託料主体（健診等の保健事業相当）
2019,expenditure,34,後期高齢者医療特別会計,後期高齢者医療,4,,1,,1,,,6,その他の支出,,,map,狛江市後期高齢者医療会計の款4。償還金系と繰出金（項2目1、一般会計への繰出）を内包するその他の支出相当
2019,expenditure,34,後期高齢者医療特別会計,後期高齢者医療,4,,1,,2,,,6,その他の支出,,,map,狛江市後期高齢者医療会計の款4。償還金系と繰出金（項2目1、一般会計への繰出）を内包するその他の支出相当
2019,expenditure,34,後期高齢者医療特別会計,後期高齢者医療,4,,1,,3,,,6,その他の支出,,,map,狛江市後期高齢者医療会計の款4。償還金系と繰出金（項2目1、一般会計への繰出）を内包するその他の支出相当
2019,expenditure,34,後期高齢者医療特別会計,後期高齢者医療,4,,2,,1,,,6,その他の支出,,,map,狛江市後期高齢者医療会計の款4。償還金系と繰出金（項2目1、一般会計への繰出）を内包するその他の支出相当
2019,expenditure,34,後期高齢者医療特別会計,後期高齢者医療,5,,1,,1,,,7,予備費,,,map,狛江市後期高齢者医療会計の款5（予備費の科目のみ・執行0）
2019,revenue,1,一般会計,一般会計,1,,1,,1,,,,,,,,
2019,revenue,1,一般会計,一般会計,1,,1,,2,,,,,,,,
2019,revenue,1,一般会計,一般会計,1,,2,,1,,,,,,,,
2019,revenue,1,一般会計,一般会計,1,,2,,2,,,,,,,,
2019,revenue,1,一般会計,一般会計,1,,3,,1,,,,,,,,
2019,revenue,1,一般会計,一般会計,1,,3,,2,,,,,,,,
2019,revenue,1,一般会計,一般会計,1,,4,,1,,,,,,,,
2019,revenue,1,一般会計,一般会計,1,,5,,1,,,,,,,,
2019,revenue,1,一般会計,一般会計,1,,6,,1,,,,,,,,
2019,revenue,1,一般会計,一般会計,2,,1,,1,,,,,,,,
2019,revenue,1,一般会計,一般会計,2,,2,,1,,,,,,,,
2019,revenue,1,一般会計,一般会計,2,,3,,1,,,,,,,,
2019,revenue,1,一般会計,一般会計,2,,4,,1,,,,,,,,
2019,revenue,1,一般会計,一般会計,3,,1,,1,,,,,,,,
2019,revenue,1,一般会計,一般会計,4,,1,,1,,,,,,,,
2019,revenue,1,一般会計,一般会計,5,,1,,1,,,,,,,,
2019,revenue,1,一般会計,一般会計,6,,1,,1,,,,,,,,
2019,revenue,1,一般会計,一般会計,7,,1,,1,,,,,,,,
2019,revenue,1,一般会計,一般会計,8,,1,,1,,,,,,,,
2019,revenue,1,一般会計,一般会計,9,,1,,1,,,,,,,,
2019,revenue,1,一般会計,一般会計,9,,2,,1,,,,,,,,
2019,revenue,1,一般会計,一般会計,10,,1,,1,,,,,,,,
2019,revenue,1,一般会計,一般会計,11,,1,,1,,,,,,,,
2019,revenue,1,一般会計,一般会計,12,,1,,1,,,,,,,,
2019,revenue,1,一般会計,一般会計,12,,1,,2,,,,,,,,
2019,revenue,1,一般会計,一般会計,12,,1,,3,,,,,,,,
2019,revenue,1,一般会計,一般会計,12,,1,,4,,,,,,,,
2019,revenue,1,一般会計,一般会計,13,,1,,1,,,,,,,,
2019,revenue,1,一般会計,一般会計,13,,1,,2,,,,,,,,
2019,revenue,1,一般会計,一般会計,13,,1,,3,,,,,,,,
2019,revenue,1,一般会計,一般会計,13,,1,,4,,,,,,,,
2019,revenue,1,一般会計,一般会計,13,,1,,5,,,,,,,,
2019,revenue,1,一般会計,一般会計,13,,2,,1,,,,,,,,
2019,revenue,1,一般会計,一般会計,13,,2,,2,,,,,,,,
2019,revenue,1,一般会計,一般会計,13,,2,,3,,,,,,,,
2019,revenue,1,一般会計,一般会計,14,,1,,1,,,,,,,,
2019,revenue,1,一般会計,一般会計,14,,1,,2,,,,,,,,
2019,revenue,1,一般会計,一般会計,14,,1,,3,,,,,,,,
2019,revenue,1,一般会計,一般会計,14,,2,,1,,,,,,,,
2019,revenue,1,一般会計,一般会計,14,,2,,2,,,,,,,,
2019,revenue,1,一般会計,一般会計,14,,2,,3,,,,,,,,
2019,revenue,1,一般会計,一般会計,14,,2,,4,,,,,,,,
2019,revenue,1,一般会計,一般会計,14,,2,,5,,,,,,,,
2019,revenue,1,一般会計,一般会計,14,,2,,6,,,,,,,,
2019,revenue,1,一般会計,一般会計,14,,3,,1,,,,,,,,
2019,revenue,1,一般会計,一般会計,14,,3,,2,,,,,,,,
2019,revenue,1,一般会計,一般会計,14,,3,,3,,,,,,,,
2019,revenue,1,一般会計,一般会計,14,,3,,4,,,,,,,,
2019,revenue,1,一般会計,一般会計,15,,1,,1,,,,,,,,
2019,revenue,1,一般会計,一般会計,15,,1,,2,,,,,,,,
2019,revenue,1,一般会計,一般会計,15,,1,,3,,,,,,,,
2019,revenue,1,一般会計,一般会計,15,,2,,1,,,,,,,,
2019,revenue,1,一般会計,一般会計,15,,2,,2,,,,,,,,
2019,revenue,1,一般会計,一般会計,15,,2,,3,,,,,,,,
2019,revenue,1,一般会計,一般会計,15,,2,,4,,,,,,,,
2019,revenue,1,一般会計,一般会計,15,,2,,5,,,,,,,,
2019,revenue,1,一般会計,一般会計,15,,2,,6,,,,,,,,
2019,revenue,1,一般会計,一般会計,15,,2,,7,,,,,,,,
2019,revenue,1,一般会計,一般会計,15,,3,,1,,,,,,,,
2019,revenue,1,一般会計,一般会計,15,,3,,2,,,,,,,,
2019,revenue,1,一般会計,一般会計,15,,3,,3,,,,,,,,
2019,revenue,1,一般会計,一般会計,15,,3,,4,,,,,,,,
2019,revenue,1,一般会計,一般会計,15,,3,,5,,,,,,,,
2019,revenue,1,一般会計,一般会計,16,,1,,1,,,,,,,,
2019,revenue,1,一般会計,一般会計,16,,1,,2,,,,,,,,
2019,revenue,1,一般会計,一般会計,16,,2,,1,,,,,,,,
2019,revenue,1,一般会計,一般会計,16,,2,,2,,,,,,,,
2019,revenue,1,一般会計,一般会計,17,,1,,1,,,,,,,,
2019,revenue,1,一般会計,一般会計,17,,1,,2,,,,,,,,
2019,revenue,1,一般会計,一般会計,18,,1,,1,,,,,,,,
2019,revenue,1,一般会計,一般会計,18,,1,,2,,,,,,,,
2019,revenue,1,一般会計,一般会計,19,,1,,1,,,,,,,,
2019,revenue,1,一般会計,一般会計,20,,1,,1,,,,,,,,
2019,revenue,1,一般会計,一般会計,20,,1,,2,,,,,,,,
2019,revenue,1,一般会計,一般会計,20,,2,,1,,,,,,,,
2019,revenue,1,一般会計,一般会計,20,,3,,1,,,,,,,,
2019,revenue,1,一般会計,一般会計,20,,4,,1,,,,,,,,
2019,revenue,1,一般会計,一般会計,20,,5,,1,,,,,,,,
2019,revenue,1,一般会計,一般会計,20,,6,,1,,,,,,,,
2019,revenue,1,一般会計,一般会計,21,,1,,1,,,,,,,,
2019,revenue,1,一般会計,一般会計,21,,1,,2,,,,,,,,
2019,revenue,1,一般会計,一般会計,21,,1,,3,,,,,,,,
2019,revenue,1,一般会計,一般会計,21,,1,,4,,,,,,,,
2019,revenue,1,一般会計,一般会計,21,,1,,5,,,,,,,,
2019,revenue,11,国民健康保険特別会計,国民健康保険,1,,1,,1,,,1,保険税（料）,,,map,狛江市国保会計の歳入款1。保険料の徴収科目のみを収める。52表 歳入001列「保険税（料）」
2019,revenue,11,国民健康保険特別会計,国民健康保険,1,,1,,2,,,1,保険税（料）,,,map,狛江市国保会計の歳入款1。保険料の徴収科目のみを収める。52表 歳入001列「保険税（料）」
2019,revenue,11,国民健康保険特別会計,国民健康保険,2,,1,,1,,,3,国庫支出金,,,map,狛江市国保会計の歳入款2（2019年度以降）。国庫補助金・負担金の科目を収める。52表 歳入005列
2019,revenue,11,国民健康保険特別会計,国民健康保険,2,,1,,2,,,3,国庫支出金,,,map,狛江市国保会計の歳入款2（2019年度以降）。国庫補助金・負担金の科目を収める。52表 歳入005列
2019,revenue,11,国民健康保険特別会計,国民健康保険,2,,1,,3,,,3,国庫支出金,,,map,狛江市国保会計の歳入款2（2019年度以降）。国庫補助金・負担金の科目を収める。52表 歳入005列
2019,revenue,11,国民健康保険特別会計,国民健康保険,2,,1,,4,,,3,国庫支出金,,,map,狛江市国保会計の歳入款2（2019年度以降）。国庫補助金・負担金の科目を収める。52表 歳入005列
2019,revenue,11,国民健康保険特別会計,国民健康保険,3,,1,,1,,,4,都道府県支出金,,,map,狛江市国保会計の歳入款3（2019年度以降）。都支出金・給付費等交付金・都繰入金を収める。52表 歳入006列（他会計からの繰入である都繰入金を内包）
2019,revenue,11,国民健康保険特別会計,国民健康保険,3,,1,,2,,,4,都道府県支出金,,,map,狛江市国保会計の歳入款3（2019年度以降）。都支出金・給付費等交付金・都繰入金を収める。52表 歳入006列（他会計からの繰入である都繰入金を内包）
2019,revenue,11,国民健康保険特別会計,国民健康保険,3,,2,,1,,,4,都道府県支出金,,,map,狛江市国保会計の歳入款3（2019年度以降）。都支出金・給付費等交付金・都繰入金を収める。52表 歳入006列（他会計からの繰入である都繰入金を内包）
2019,revenue,11,国民健康保険特別会計,国民健康保険,4,,1,,1,,,7,他会計繰入金,,,map,狛江市国保会計の歳入款4（2019年度以降）。一般会計繰入金の科目を収める。52表 歳入017列
2019,revenue,11,国民健康保険特別会計,国民健康保険,5,,1,,1,,,9,繰越金,,,map,狛江市国保会計の歳入款5（2019年度以降）。繰越金の科目を収める。52表 歳入024列
2019,revenue,11,国民健康保険特別会計,国民健康保険,6,,1,,1,,,11,その他の収入,,,map,狛江市国保会計の歳入款6（2019年度以降）。延滞金・雑入・受託事業収入等。52表 歳入027列
2019,revenue,11,国民健康保険特別会計,国民健康保険,6,,1,,2,,,11,その他の収入,,,map,狛江市国保会計の歳入款6（2019年度以降）。延滞金・雑入・受託事業収入等。52表 歳入027列
2019,revenue,11,国民健康保険特別会計,国民健康保険,6,,2,,1,,,11,その他の収入,,,map,狛江市国保会計の歳入款6（2019年度以降）。延滞金・雑入・受託事業収入等。52表 歳入027列
2019,revenue,11,国民健康保険特別会計,国民健康保険,6,,3,,1,,,11,その他の収入,,,map,狛江市国保会計の歳入款6（2019年度以降）。延滞金・雑入・受託事業収入等。52表 歳入027列
2019,revenue,11,国民健康保険特別会計,国民健康保険,6,,3,,2,,,11,その他の収入,,,map,狛江市国保会計の歳入款6（2019年度以降）。延滞金・雑入・受託事業収入等。52表 歳入027列
2019,revenue,11,国民健康保険特別会計,国民健康保険,6,,3,,3,,,11,その他の収入,,,map,狛江市国保会計の歳入款6（2019年度以降）。延滞金・雑入・受託事業収入等。52表 歳入027列
2019,revenue,11,国民健康保険特別会計,国民健康保険,6,,3,,4,,,11,その他の収入,,,map,狛江市国保会計の歳入款6（2019年度以降）。延滞金・雑入・受託事業収入等。52表 歳入027列
2019,revenue,11,国民健康保険特別会計,国民健康保険,6,,3,,5,,,11,その他の収入,,,map,狛江市国保会計の歳入款6（2019年度以降）。延滞金・雑入・受託事業収入等。52表 歳入027列
2019,revenue,14,介護保険特別会計,介護保険,1,,1,,1,,,1,保険料,,,map,狛江市介護保険会計の歳入款1。保険料の科目のみ。63表 歳入001列
2019,revenue,14,介護保険特別会計,介護保険,2,,1,,1,,,10,その他の収入,,,map,狛江市介護保険会計の歳入款2。証明手数料のみ。63表 歳入029列相当
2019,revenue,14,介護保険特別会計,介護保険,3,,1,,1,,,2,国庫支出金,,,map,狛江市介護保険会計の歳入款3。国庫の補助金・負担金・交付金を収める。63表 歳入002列相当
2019,revenue,14,介護保険特別会計,介護保険,3,,2,,1,,,2,国庫支出金,,,map,狛江市介護保険会計の歳入款3。国庫の補助金・負担金・交付金を収める。63表 歳入002列相当
2019,revenue,14,介護保険特別会計,介護保険,3,,2,,2,,,2,国庫支出金,,,map,狛江市介護保険会計の歳入款3。国庫の補助金・負担金・交付金を収める。63表 歳入002列相当
2019,revenue,14,介護保険特別会計,介護保険,3,,2,,3,,,2,国庫支出金,,,map,狛江市介護保険会計の歳入款3。国庫の補助金・負担金・交付金を収める。63表 歳入002列相当
2019,revenue,14,介護保険特別会計,介護保険,3,,2,,4,,,2,国庫支出金,,,map,狛江市介護保険会計の歳入款3。国庫の補助金・負担金・交付金を収める。63表 歳入002列相当
2019,revenue,14,介護保険特別会計,介護保険,3,,2,,5,,,2,国庫支出金,,,map,狛江市介護保険会計の歳入款3。国庫の補助金・負担金・交付金を収める。63表 歳入002列相当
2019,revenue,14,介護保険特別会計,介護保険,3,,2,,6,,,2,国庫支出金,,,map,狛江市介護保険会計の歳入款3。国庫の補助金・負担金・交付金を収める。63表 歳入002列相当
2019,revenue,14,介護保険特別会計,介護保険,4,,1,,1,,,3,支払基金交付金,,,map,狛江市介護保険会計の歳入款4。介護給付費交付金・地域支援事業支援交付金を収める。63表 歳入008列相当
2019,revenue,14,介護保険特別会計,介護保険,4,,1,,2,,,3,支払基金交付金,,,map,狛江市介護保険会計の歳入款4。介護給付費交付金・地域支援事業支援交付金を収める。63表 歳入008列相当
2019,revenue,14,介護保険特別会計,介護保険,5,,1,,1,,,4,都道府県支出金,,,map,狛江市介護保険会計の歳入款5。都の負担金・交付金を収める。63表 歳入011列相当
2019,revenue,14,介護保険特別会計,介護保険,5,,2,,1,,,4,都道府県支出金,,,map,狛江市介護保険会計の歳入款5。都の負担金・交付金を収める。63表 歳入011列相当
2019,revenue,14,介護保険特別会計,介護保険,5,,2,,2,,,4,都道府県支出金,,,map,狛江市介護保険会計の歳入款5。都の負担金・交付金を収める。63表 歳入011列相当
2019,revenue,14,介護保険特別会計,介護保険,6,,1,,1,,,10,その他の収入,,,map,狛江市介護保険会計の歳入款6。介護保険給付費準備基金預金利子。63表 歳入029列相当
2019,revenue,14,介護保険特別会計,介護保険,7,,1,,1,,,10,その他の収入,,,map,狛江市介護保険会計の歳入款7。一般寄附金。63表 歳入029列相当
2019,revenue,14,介護保険特別会計,介護保険,8,,1,,1,,,6,他会計繰入金,,,map,狛江市介護保険会計の歳入款8。一般会計繰入金（項1）と介護保険給付費準備基金繰入金（項2）を収める。63表 歳入018列相当
2019,revenue,14,介護保険特別会計,介護保険,8,,1,,2,,,6,他会計繰入金,,,map,狛江市介護保険会計の歳入款8。一般会計繰入金（項1）と介護保険給付費準備基金繰入金（項2）を収める。63表 歳入018列相当
2019,revenue,14,介護保険特別会計,介護保険,8,,1,,3,,,6,他会計繰入金,,,map,狛江市介護保険会計の歳入款8。一般会計繰入金（項1）と介護保険給付費準備基金繰入金（項2）を収める。63表 歳入018列相当
2019,revenue,14,介護保険特別会計,介護保険,8,,1,,4,,,6,他会計繰入金,,,map,狛江市介護保険会計の歳入款8。一般会計繰入金（項1）と介護保険給付費準備基金繰入金（項2）を収める。63表 歳入018列相当
2019,revenue,14,介護保険特別会計,介護保険,8,,1,,5,,,6,他会計繰入金,,,map,狛江市介護保険会計の歳入款8。一般会計繰入金（項1）と介護保険給付費準備基金繰入金（項2）を収める。63表 歳入018列相当
2019,revenue,14,介護保険特別会計,介護保険,8,,2,,1,,,6,他会計繰入金,,,map,狛江市介護保険会計の歳入款8。一般会計繰入金（項1）と介護保険給付費準備基金繰入金（項2）を収める。63表 歳入018列相当
2019,revenue,14,介護保険特別会計,介護保険,9,,1,,1,,,8,繰越金,,,map,狛江市介護保険会計の歳入款9。前年度繰越金。63表 歳入026列
2019,revenue,14,介護保険特別会計,介護保険,10,,1,,1,,,10,その他の収入,,,map,狛江市介護保険会計の歳入款10。雑入・延滞金・利用者負担金等。63表 歳入029列
2019,revenue,14,介護保険特別会計,介護保険,10,,2,,1,,,10,その他の収入,,,map,狛江市介護保険会計の歳入款10。雑入・延滞金・利用者負担金等。63表 歳入029列
2019,revenue,14,介護保険特別会計,介護保険,10,,3,,1,,,10,その他の収入,,,map,狛江市介護保険会計の歳入款10。雑入・延滞金・利用者負担金等。63表 歳入029列
2019,revenue,14,介護保険特別会計,介護保険,10,,3,,2,,,10,その他の収入,,,map,狛江市介護保険会計の歳入款10。雑入・延滞金・利用者負担金等。63表 歳入029列
2019,revenue,14,介護保険特別会計,介護保険,10,,3,,3,,,10,その他の収入,,,map,狛江市介護保険会計の歳入款10。雑入・延滞金・利用者負担金等。63表 歳入029列
2019,revenue,21,公共下水道特別会計,下水道事業,1,,1,,1,,,,,,,,
2019,revenue,21,公共下水道特別会計,下水道事業,1,,1,,2,,,,,,,,
2019,revenue,21,公共下水道特別会計,下水道事業,2,,1,,1,,,,,,,,
2019,revenue,21,公共下水道特別会計,下水道事業,2,,1,,2,,,,,,,,
2019,revenue,21,公共下水道特別会計,下水道事業,2,,2,,1,,,,,,,,
2019,revenue,21,公共下水道特別会計,下水道事業,3,,1,,1,,,,,,,,
2019,revenue,21,公共下水道特別会計,下水道事業,4,,1,,1,,,,,,,,
2019,revenue,21,公共下水道特別会計,下水道事業,5,,1,,1,,,,,,,,
2019,revenue,21,公共下水道特別会計,下水道事業,6,,1,,1,,,,,,,,
2019,revenue,21,公共下水道特別会計,下水道事業,7,,1,,1,,,,,,,,
2019,revenue,21,公共下水道特別会計,下水道事業,8,,1,,1,,,,,,,,
2019,revenue,21,公共下水道特別会計,下水道事業,9,,1,,1,,,,,,,,
2019,revenue,21,公共下水道特別会計,下水道事業,9,,2,,1,,,,,,,,
2019,revenue,21,公共下水道特別会計,下水道事業,10,,1,,1,,,,,,,,
2019,revenue,22,駐車場事業特別会計,駐車場事業,1,,1,,1,,,,,,,,
2019,revenue,22,駐車場事業特別会計,駐車場事業,2,,1,,1,,,,,,,,
2019,revenue,22,駐車場事業特別会計,駐車場事業,3,,1,,1,,,,,,,,
2019,revenue,22,駐車場事業特別会計,駐車場事業,3,,2,,1,,,,,,,,
2019,revenue,34,後期高齢者医療特別会計,後期高齢者医療,1,,1,,1,,,1,保険料,,,map,狛江市後期高齢者医療会計の歳入款1。保険料の科目のみ。94表 歳入001列
2019,revenue,34,後期高齢者医療特別会計,後期高齢者医療,1,,1,,2,,,1,保険料,,,map,狛江市後期高齢者医療会計の歳入款1。保険料の科目のみ。94表 歳入001列
2019,revenue,34,後期高齢者医療特別会計,後期高齢者医療,2,,1,,1,,,4,その他の収入,,,map,狛江市後期高齢者医療会計の歳入款2。証明手数料のみ。94表 歳入007列相当
2019,revenue,34,後期高齢者医療特別会計,後期高齢者医療,3,,1,,1,,,2,繰入金,,,map,狛江市後期高齢者医療会計の歳入款3。一般会計からの繰入金の科目のみ。94表 歳入003・004列相当
2019,revenue,34,後期高齢者医療特別会計,後期高齢者医療,4,,1,,1,,,3,繰越金,,,map,狛江市後期高齢者医療会計の歳入款4。前年度繰越金。94表 歳入006列
2019,revenue,34,後期高齢者医療特別会計,後期高齢者医療,5,,1,,1,,,4,その他の収入,,,map,狛江市後期高齢者医療会計の歳入款5。雑入・延滞金・受託事業収入等。94表 歳入007列相当
2019,revenue,34,後期高齢者医療特別会計,後期高齢者医療,5,,2,,1,,,4,その他の収入,,,map,狛江市後期高齢者医療会計の歳入款5。雑入・延滞金・受託事業収入等。94表 歳入007列相当
2019,revenue,34,後期高齢者医療特別会計,後期高齢者医療,5,,2,,2,,,4,その他の収入,,,map,狛江市後期高齢者医療会計の歳入款5。雑入・延滞金・受託事業収入等。94表 歳入007列相当
2019,revenue,34,後期高齢者医療特別会計,後期高齢者医療,5,,3,,1,,,4,その他の収入,,,map,狛江市後期高齢者医療会計の歳入款5。雑入・延滞金・受託事業収入等。94表 歳入007列相当
2019,revenue,34,後期高齢者医療特別会計,後期高齢者医療,5,,4,,1,,,4,その他の収入,,,map,狛江市後期高齢者医療会計の歳入款5。雑入・延滞金・受託事業収入等。94表 歳入007列相当
2019,revenue,34,後期高齢者医療特別会計,後期高齢者医療,5,,5,,1,,,4,その他の収入,,,map,狛江市後期高齢者医療会計の歳入款5。雑入・延滞金・受託事業収入等。94表 歳入007列相当
2020,expenditure,1,一般会計,一般会計,1,議会費,1,議会費,1,議会費,settlement-pdf,1,議会費,1,議会費,map,項の名称がマスタと完全一致（款は account_map の対応を介す）
2020,expenditure,1,一般会計,一般会計,2,総務費,1,総務管理費,1,一般管理費,settlement-pdf,2,総務費,1,総務管理費,map,項の名称がマスタと完全一致（款は account_map の対応を介す）
2020,expenditure,1,一般会計,一般会計,2,総務費,1,総務管理費,2,文書管理費,settlement-pdf,2,総務費,1,総務管理費,map,項の名称がマスタと完全一致（款は account_map の対応を介す）
2020,expenditure,1,一般会計,一般会計,2,総務費,1,総務管理費,3,広報費,settlement-pdf,2,総務費,1,総務管理費,map,項の名称がマスタと完全一致（款は account_map の対応を介す）
2020,expenditure,1,一般会計,一般会計,2,総務費,1,総務管理費,4,財政管理費,settlement-pdf,2,総務費,1,総務管理費,map,項の名称がマスタと完全一致（款は account_map の対応を介す）
2020,expenditure,1,一般会計,一般会計,2,総務費,1,総務管理費,5,会計管理費,settlement-pdf,2,総務費,1,総務管理費,map,項の名称がマスタと完全一致（款は account_map の対応を介す）
2020,expenditure,1,一般会計,一般会計,2,総務費,1,総務管理費,6,財産管理費,settlement-pdf,2,総務費,1,総務管理費,map,項の名称がマスタと完全一致（款は account_map の対応を介す）
2020,expenditure,1,一般会計,一般会計,2,総務費,1,総務管理費,7,企画費,settlement-pdf,2,総務費,1,総務管理費,map,項の名称がマスタと完全一致（款は account_map の対応を介す）
2020,expenditure,1,一般会計,一般会計,2,総務費,1,総務管理費,8,計算事務費,settlement-pdf,2,総務費,1,総務管理費,map,項の名称がマスタと完全一致（款は account_map の対応を介す）
2020,expenditure,1,一般会計,一般会計,2,総務費,1,総務管理費,9,コミュニティ推進費,settlement-pdf,2,総務費,1,総務管理費,map,項の名称がマスタと完全一致（款は account_map の対応を介す）
2020,expenditure,1,一般会計,一般会計,2,総務費,1,総務管理費,10,訴訟費,settlement-pdf,2,総務費,1,総務管理費,map,項の名称がマスタと完全一致（款は account_map の対応を介す）
2020,expenditure,1,一般会計,一般会計,2,総務費,1,総務管理費,11,諸費,settlement-pdf,2,総務費,1,総務管理費,map,項の名称がマスタと完全一致（款は account_map の対応を介す）
2020,expenditure,1,一般会計,一般会計,2,総務費,2,徴税費,1,税務総務費,settlement-pdf,2,総務費,2,徴税費,map,項の名称がマスタと完全一致（款は account_map の対応を介す）
2020,expenditure,1,一般会計,一般会計,2,総務費,2,徴税費,2,賦課徴収費,settlement-pdf,2,総務費,2,徴税費,map,項の名称がマスタと完全一致（款は account_map の対応を介す）
2020,expenditure,1,一般会計,一般会計,2,総務費,2,徴税費,3,固定資産評価審査委員会費,settlement-pdf,2,総務費,2,徴税費,map,項の名称がマスタと完全一致（款は account_map の対応を介す）
2020,expenditure,1,一般会計,一般会計,2,総務費,3,戸籍住民基本台帳費,1,戸籍住民基本台帳費,settlement-pdf,2,総務費,3,戸籍住民基本台帳費,map,項の名称がマスタと完全一致（款は account_map の対応を介す）
2020,expenditure,1,一般会計,一般会計,2,総務費,3,戸籍住民基本台帳費,2,住居表示費,settlement-pdf,2,総務費,3,戸籍住民基本台帳費,map,項の名称がマスタと完全一致（款は account_map の対応を介す）
2020,expenditure,1,一般会計,一般会計,2,総務費,4,選挙費,1,選挙管理委員会費,settlement-pdf,2,総務費,4,選挙費,map,項の名称がマスタと完全一致（款は account_map の対応を介す）
2020,expenditure,1,一般会計,一般会計,2,総務費,4,選挙費,2,選挙啓発費,settlement-pdf,2,総務費,4,選挙費,map,項の名称がマスタと完全一致（款は account_map の対応を介す）
2020,expenditure,1,一般会計,一般会計,2,総務費,4,選挙費,3,東京都知事選挙費,settlement-pdf,2,総務費,4,選挙費,map,項の名称がマスタと完全一致（款は account_map の対応を介す）
2020,expenditure,1,一般会計,一般会計,2,総務費,4,選挙費,4,東京都議会議員選挙費,settlement-pdf,2,総務費,4,選挙費,map,項の名称がマスタと完全一致（款は account_map の対応を介す）
2020,expenditure,1,一般会計,一般会計,2,総務費,5,統計調査費,1,統計調査総務費,settlement-pdf,2,総務費,5,統計調査費,map,項の名称がマスタと完全一致（款は account_map の対応を介す）
2020,expenditure,1,一般会計,一般会計,2,総務費,5,統計調査費,2,統計調査事業費,settlement-pdf,2,総務費,5,統計調査費,map,項の名称がマスタと完全一致（款は account_map の対応を介す）
2020,expenditure,1,一般会計,一般会計,2,総務費,6,監査委員費,1,監査委員費,settlement-pdf,2,総務費,6,監査委員費,map,項の名称がマスタと完全一致（款は account_map の対応を介す）
2020,expenditure,1,一般会計,一般会計,3,民生費,1,社会福祉費,1,社会福祉総務費,settlement-pdf,3,民生費,1,社会福祉費,map,項の名称がマスタと完全一致（款は account_map の対応を介す）
2020,expenditure,1,一般会計,一般会計,3,民生費,1,社会福祉費,2,身体障がい者福祉費,settlement-pdf,3,民生費,1,社会福祉費,map,項の名称がマスタと完全一致（款は account_map の対応を介す）
2020,expenditure,1,一般会計,一般会計,3,民生費,1,社会福祉費,3,知的障がい者福祉費,settlement-pdf,3,民生費,1,社会福祉費,map,項の名称がマスタと完全一致（款は account_map の対応を介す）
2020,expenditure,1,一般会計,一般会計,3,民生費,1,社会福祉費,4,老人福祉費,settlement-pdf,3,民生費,1,社会福祉費,map,項の名称がマスタと完全一致（款は account_map の対応を介す）
2020,expenditure,1,一般会計,一般会計,3,民生費,1,社会福祉費,5,国民年金費,settlement-pdf,3,民生費,1,社会福祉費,map,項の名称がマスタと完全一致（款は account_map の対応を介す）
2020,expenditure,1,一般会計,一般会計,3,民生費,1,社会福祉費,6,社会福祉施設費,settlement-pdf,3,民生費,1,社会福祉費,map,項の名称がマスタと完全一致（款は account_map の対応を介す）
2020,expenditure,1,一般会計,一般会計,3,民生費,1,社会福祉費,7,住宅関係費,settlement-pdf,3,民生費,1,社会福祉費,map,項の名称がマスタと完全一致（款は account_map の対応を介す）
2020,expenditure,1,一般会計,一般会計,3,民生費,1,社会福祉費,8,障がいサービス費,settlement-pdf,3,民生費,1,社会福祉費,map,項の名称がマスタと完全一致（款は account_map の対応を介す）
2020,expenditure,1,一般会計,一般会計,3,民生費,2,児童福祉費,1,児童福祉総務費,settlement-pdf,3,民生費,2,児童福祉費,map,項の名称がマスタと完全一致（款は account_map の対応を介す）
2020,expenditure,1,一般会計,一般会計,3,民生費,2,児童福祉費,2,児童措置費,settlement-pdf,3,民生費,2,児童福祉費,map,項の名称がマスタと完全一致（款は account_map の対応を介す）
2020,expenditure,1,一般会計,一般会計,3,民生費,2,児童福祉費,3,児童福祉施設費,settlement-pdf,3,民生費,2,児童福祉費,map,項の名称がマスタと完全一致（款は account_map の対応を介す）
2020,expenditure,1,一般会計,一般会計,3,民生費,2,児童福祉費,4,保育園費,settlement-pdf,3,民生費,2,児童福祉費,map,項の名称がマスタと完全一致（款は account_map の対応を介す）
2020,expenditure,1,一般会計,一般会計,3,民生費,2,児童福祉費,5,学童保育費,settlement-pdf,3,民生費,2,児童福祉費,map,項の名称がマスタと完全一致（款は account_map の対応を介す）
2020,expenditure,1,一般会計,一般会計,3,民生費,2,児童福祉費,6,児童館費,settlement-pdf,3,民生費,2,児童福祉費,map,項の名称がマスタと完全一致（款は account_map の対応を介す）
2020,expenditure,1,一般会計,一般会計,3,民生費,3,生活保護費,1,生活保護総務費,settlement-pdf,3,民生費,3,生活保護費,map,項の名称がマスタと完全一致（款は account_map の対応を介す）
2020,expenditure,1,一般会計,一般会計,3,民生費,3,生活保護費,2,扶助費,settlement-pdf,3,民生費,3,生活保護費,map,項の名称がマスタと完全一致（款は account_map の対応を介す）
2020,expenditure,1,一般会計,一般会計,3,民生費,4,災害救助費,1,災害救助費,settlement-pdf,3,民生費,4,災害救助費,map,項の名称がマスタと完全一致（款は account_map の対応を介す）
2020,expenditure,1,一般会計,一般会計,4,衛生費,1,保健衛生費,1,保健衛生総務費,settlement-pdf,4,衛生費,1,保健衛生費,map,項の名称がマスタと完全一致（款は account_map の対応を介す）
2020,expenditure,1,一般会計,一般会計,4,衛生費,1,保健衛生費,2,予防費,settlement-pdf,4,衛生費,1,保健衛生費,map,項の名称がマスタと完全一致（款は account_map の対応を介す）
2020,expenditure,1,一般会計,一般会計,4,衛生費,1,保健衛生費,3,環境衛生費,settlement-pdf,4,衛生費,1,保健衛生費,map,項の名称がマスタと完全一致（款は account_map の対応を介す）
2020,expenditure,1,一般会計,一般会計,4,衛生費,1,保健衛生費,4,公害対策費,settlement-pdf,4,衛生費,1,保健衛生費,map,項の名称がマスタと完全一致（款は account_map の対応を介す）
2020,expenditure,1,一般会計,一般会計,4,衛生費,1,保健衛生費,5,自然保護費,settlement-pdf,4,衛生費,1,保健衛生費,map,項の名称がマスタと完全一致（款は account_map の対応を介す）
2020,expenditure,1,一般会計,一般会計,4,衛生費,2,清掃費,1,清掃総務費,settlement-pdf,4,衛生費,2,清掃費,map,項の名称がマスタと完全一致（款は account_map の対応を介す）
2020,expenditure,1,一般会計,一般会計,4,衛生費,2,清掃費,2,塵芥処理費,settlement-pdf,4,衛生費,2,清掃費,map,項の名称がマスタと完全一致（款は account_map の対応を介す）
2020,expenditure,1,一般会計,一般会計,4,衛生費,2,清掃費,3,し尿処理費,settlement-pdf,4,衛生費,2,清掃費,map,項の名称がマスタと完全一致（款は account_map の対応を介す）
2020,expenditure,1,一般会計,一般会計,4,衛生費,2,清掃費,4,清掃施設費,settlement-pdf,4,衛生費,2,清掃費,map,項の名称がマスタと完全一致（款は account_map の対応を介す）
2020,expenditure,1,一般会計,一般会計,5,,1,,1,,,5,労働費,,,map,款名「労働費」がマスタと一致
2020,expenditure,1,一般会計,一般会計,5,労働費,2,労働諸費,1,労働諸費,settlement-pdf,5,労働費,2,労働諸費,map,項の名称がマスタと完全一致（款は account_map の対応を介す）
2020,expenditure,1,一般会計,一般会計,6,農業費,1,農業費,1,農業委員会費,settlement-pdf,6,農林水産業費,1,農業費,map,項の名称がマスタと完全一致（款は account_map の対応を介す）
2020,expenditure,1,一般会計,一般会計,6,農業費,1,農業費,2,農業総務費,settlement-pdf,6,農林水産業費,1,農業費,map,項の名称がマスタと完全一致（款は account_map の対応を介す）
2020,expenditure,1,一般会計,一般会計,6,農業費,1,農業費,3,農業振興費,settlement-pdf,6,農林水産業費,1,農業費,map,項の名称がマスタと完全一致（款は account_map の対応を介す）
2020,expenditure,1,一般会計,一般会計,6,農業費,1,農業費,4,土地利用対策費,settlement-pdf,6,農林水産業費,1,農業費,map,項の名称がマスタと完全一致（款は account_map の対応を介す）
2020,expenditure,1,一般会計,一般会計,7,商工費,1,商工費,1,商工総務費,settlement-pdf,7,商工費,1,商工費,map,項の名称がマスタと完全一致（款は account_map の対応を介す）
2020,expenditure,1,一般会計,一般会計,7,商工費,1,商工費,2,商工業振興費,settlement-pdf,7,商工費,1,商工費,map,項の名称がマスタと完全一致（款は account_map の対応を介す）
2020,expenditure,1,一般会計,一般会計,7,商工費,1,商工費,3,消費経済対策費,settlement-pdf,7,商工費,1,商工費,map,項の名称がマスタと完全一致（款は account_map の対応を介す）
2020,expenditure,1,一般会計,一般会計,7,商工費,1,商工費,4,観光費,settlement-pdf,7,商工費,1,商工費,map,項の名称がマスタと完全一致（款は account_map の対応を介す）
2020,expenditure,1,一般会計,一般会計,8,土木費,1,土木管理費,1,土木総務費,settlement-pdf,8,土木費,1,土木管理費,map,項の名称がマスタと完全一致（款は account_map の対応を介す）
2020,expenditure,1,一般会計,一般会計,8,土木費,2,道路橋りょう費,1,道路橋りょう総務費,settlement-pdf,8,土木費,2,道路橋りよう費,map,マスタの表記は「道路橋りよう費」。拗音の大小の表記差で同じ項
2020,expenditure,1,一般会計,一般会計,8,土木費,2,道路橋りょう費,2,道路維持費,settlement-pdf,8,土木費,2,道路橋りよう費,map,マスタの表記は「道路橋りよう費」。拗音の大小の表記差で同じ項
2020,expenditure,1,一般会計,一般会計,8,土木費,2,道路橋りょう費,3,道路新設改良費,settlement-pdf,8,土木費,2,道路橋りよう費,map,マスタの表記は「道路橋りよう費」。拗音の大小の表記差で同じ項
2020,expenditure,1,一般会計,一般会計,8,土木費,2,道路橋りょう費,4,道路照明費,settlement-pdf,8,土木費,2,道路橋りよう費,map,マスタの表記は「道路橋りよう費」。拗音の大小の表記差で同じ項
2020,expenditure,1,一般会計,一般会計,8,土木費,2,道路橋りょう費,5,交通安全対策費,settlement-pdf,8,土木費,2,道路橋りよう費,map,マスタの表記は「道路橋りよう費」。拗音の大小の表記差で同じ項
2020,expenditure,1,一般会計,一般会計,8,土木費,3,河川費,1,河川総務費,settlement-pdf,8,土木費,3,河川費,map,項の名称がマスタと完全一致（款は account_map の対応を介す）
2020,expenditure,1,一般会計,一般会計,8,土木費,4,都市計画費,1,都市計画総務費,settlement-pdf,8,土木費,5,都市計画費,map,項の名称がマスタと完全一致（款は account_map の対応を介す）
2020,expenditure,1,一般会計,一般会計,8,土木費,4,都市計画費,2,再開発費,settlement-pdf,8,土木費,5,都市計画費,map,項の名称がマスタと完全一致（款は account_map の対応を介す）
2020,expenditure,1,一般会計,一般会計,8,土木費,4,都市計画費,3,街路事業費,settlement-pdf,8,土木費,5,都市計画費,map,項の名称がマスタと完全一致（款は account_map の対応を介す）
2020,expenditure,1,一般会計,一般会計,8,土木費,4,都市計画費,4,公園緑地費,settlement-pdf,8,土木費,5,都市計画費,map,項の名称がマスタと完全一致（款は account_map の対応を介す）
2020,expenditure,1,一般会計,一般会計,8,土木費,4,都市計画費,5,下水道費,settlement-pdf,8,土木費,5,都市計画費,map,項の名称がマスタと完全一致（款は account_map の対応を介す）
2020,expenditure,1,一般会計,一般会計,9,消防費,1,消防費,1,常備消防費,settlement-pdf,9,消防費,1,消防費,map,項の名称がマスタと完全一致（款は account_map の対応を介す）
2020,expenditure,1,一般会計,一般会計,9,消防費,1,消防費,2,非常備消防費,settlement-pdf,9,消防費,1,消防費,map,項の名称がマスタと完全一致（款は account_map の対応を介す）
2020,expenditure,1,一般会計,一般会計,9,消防費,1,消防費,3,消防施設費,settlement-pdf,9,消防費,1,消防費,map,項の名称がマスタと完全一致（款は account_map の対応を介す）
2020,expenditure,1,一般会計,一般会計,9,消防費,1,消防費,4,災害対策費,settlement-pdf,9,消防費,1,消防費,map,項の名称がマスタと完全一致（款は account_map の対応を介す）
2020,expenditure,1,一般会計,一般会計,10,教育費,1,教育総務費,1,教育委員会費,settlement-pdf,10,教育費,1,教育総務費,map,項の名称がマスタと完全一致（款は account_map の対応を介す）
2020,expenditure,1,一般会計,一般会計,10,教育費,1,教育総務費,2,事務局費,settlement-pdf,10,教育費,1,教育総務費,map,項の名称がマスタと完全一致（款は account_map の対応を介す）
2020,expenditure,1,一般会計,一般会計,10,教育費,1,教育総務費,3,教育指導費,settlement-pdf,10,教育費,1,教育総務費,map,項の名称がマスタと完全一致（款は account_map の対応を介す）
2020,expenditure,1,一般会計,一般会計,10,教育費,2,小学校費,1,学校管理費,settlement-pdf,10,教育費,2,小学校費,map,項の名称がマスタと完全一致（款は account_map の対応を介す）
2020,expenditure,1,一般会計,一般会計,10,教育費,2,小学校費,2,教育振興費,settlement-pdf,10,教育費,2,小学校費,map,項の名称がマスタと完全一致（款は account_map の対応を介す）
2020,expenditure,1,一般会計,一般会計,10,教育費,2,小学校費,3,特別支援学級費,settlement-pdf,10,教育費,2,小学校費,map,項の名称がマスタと完全一致（款は account_map の対応を介す）
2020,expenditure,1,一般会計,一般会計,10,教育費,2,小学校費,4,学校保健衛生費,settlement-pdf,10,教育費,2,小学校費,map,項の名称がマスタと完全一致（款は account_map の対応を介す）
2020,expenditure,1,一般会計,一般会計,10,教育費,2,小学校費,5,学校給食費,settlement-pdf,10,教育費,2,小学校費,map,項の名称がマスタと完全一致（款は account_map の対応を介す）
2020,expenditure,1,一般会計,一般会計,10,教育費,2,小学校費,6,学校建設費,settlement-pdf,10,教育費,2,小学校費,map,項の名称がマスタと完全一致（款は account_map の対応を介す）
2020,expenditure,1,一般会計,一般会計,10,教育費,3,中学校費,1,学校管理費,settlement-pdf,10,教育費,3,中学校費,map,項の名称がマスタと完全一致（款は account_map の対応を介す）
2020,expenditure,1,一般会計,一般会計,10,教育費,3,中学校費,2,教育振興費,settlement-pdf,10,教育費,3,中学校費,map,項の名称がマスタと完全一致（款は account_map の対応を介す）
2020,expenditure,1,一般会計,一般会計,10,教育費,3,中学校費,3,特別支援学級費,settlement-pdf,10,教育費,3,中学校費,map,項の名称がマスタと完全一致（款は account_map の対応を介す）
2020,expenditure,1,一般会計,一般会計,10,教育費,3,中学校費,4,学校保健衛生費,settlement-pdf,10,教育費,3,中学校費,map,項の名称がマスタと完全一致（款は account_map の対応を介す）
2020,expenditure,1,一般会計,一般会計,10,教育費,3,中学校費,5,学校給食費,settlement-pdf,10,教育費,3,中学校費,map,項の名称がマスタと完全一致（款は account_map の対応を介す）
2020,expenditure,1,一般会計,一般会計,10,教育費,3,中学校費,6,学校建設費,settlement-pdf,10,教育費,3,中学校費,map,項の名称がマスタと完全一致（款は account_map の対応を介す）
2020,expenditure,1,一般会計,一般会計,10,教育費,4,幼児教育費,1,幼児教育振興費,settlement-pdf,10,教育費,,,addition,法定の項に無い。市の追加区分として登録する
2020,expenditure,1,一般会計,一般会計,10,教育費,5,社会教育費,1,社会教育総務費,settlement-pdf,10,教育費,6,社会教育費,map,項の名称がマスタと完全一致（款は account_map の対応を介す）
2020,expenditure,1,一般会計,一般会計,10,教育費,5,社会教育費,2,市民センター費,settlement-pdf,10,教育費,6,社会教育費,map,項の名称がマスタと完全一致（款は account_map の対応を介す）
2020,expenditure,1,一般会計,一般会計,10,教育費,5,社会教育費,3,公民館費,settlement-pdf,10,教育費,6,社会教育費,map,項の名称がマスタと完全一致（款は account_map の対応を介す）
2020,expenditure,1,一般会計,一般会計,10,教育費,5,社会教育費,4,図書館費,settlement-pdf,10,教育費,6,社会教育費,map,項の名称がマスタと完全一致（款は account_map の対応を介す）
2020,expenditure,1,一般会計,一般会計,10,教育費,5,社会教育費,5,市民ホール費,settlement-pdf,10,教育費,6,社会教育費,map,項の名称がマスタと完全一致（款は account_map の対応を介す）
2020,expenditure,1,一般会計,一般会計,10,教育費,6,保健体育費,1,保健体育総務費,settlement-pdf,10,教育費,7,保健体育費,map,項の名称がマスタと完全一致（款は account_map の対応を介す）
2020,expenditure,1,一般会計,一般会計,10,教育費,6,保健体育費,2,体育施設費,settlement-pdf,10,教育費,7,保健体育費,map,項の名称がマスタと完全一致（款は account_map の対応を介す）
2020,expenditure,1,一般会計,一般会計,11,公債費,1,公債費,1,元金,settlement-pdf,12,公債費,1,公債費,map,項の名称がマスタと完全一致（款は account_map の対応を介す）
2020,expenditure,1,一般会計,一般会計,11,公債費,1,公債費,2,利子,settlement-pdf,12,公債費,1,公債費,map,項の名称がマスタと完全一致（款は account_map の対応を介す）
2020,expenditure,1,一般会計,一般会計,12,諸支出金,1,基金費,1,財政調整基金費,settlement-pdf,13,諸支出金,,,addition,法定の諸支出金の項（普通財産取得費・公営企業貸付金）に無い。市の追加区分として登録する
2020,expenditure,1,一般会計,一般会計,12,諸支出金,1,基金費,2,減債基金費,settlement-pdf,13,諸支出金,,,addition,法定の諸支出金の項（普通財産取得費・公営企業貸付金）に無い。市の追加区分として登録する
2020,expenditure,1,一般会計,一般会計,12,諸支出金,1,基金費,3,災害復旧・復興特別交付金積立基金費,settlement-pdf,13,諸支出金,,,addition,法定の諸支出金の項（普通財産取得費・公営企業貸付金）に無い。市の追加区分として登録する
2020,expenditure,1,一般会計,一般会計,13,,1,,1,,,14,予備費,,,map,款名「予備費」。法定の款14
2020,expenditure,11,国民健康保険特別会計,国民健康保険,1,,1,,1,,,1,総務費,,,map,狛江市国保会計の款1。決算額は届かないが科目構成（委託料・役務費等の経費科目）で総務費と同定。63表的な給付・納付金ではない
2020,expenditure,11,国民健康保険特別会計,国民健康保険,1,,1,,2,,,1,総務費,,,map,狛江市国保会計の款1。決算額は届かないが科目構成（委託料・役務費等の経費科目）で総務費と同定。63表的な給付・納付金ではない
2020,expenditure,11,国民健康保険特別会計,国民健康保険,1,,1,,3,,,1,総務費,,,map,狛江市国保会計の款1。決算額は届かないが科目構成（委託料・役務費等の経費科目）で総務費と同定。63表的な給付・納付金ではない
2020,expenditure,11,国民健康保険特別会計,国民健康保険,1,,2,,1,,,1,総務費,,,map,狛江市国保会計の款1。決算額は届かないが科目構成（委託料・役務費等の経費科目）で総務費と同定。63表的な給付・納付金ではない
2020,expenditure,11,国民健康保険特別会計,国民健康保険,2,,1,,1,,,2,保険給付費,,,map,"狛江市国保会計の款2。執行累計4,679,332,397円が52表の保険給付費（令和5年度決算）と一致"
2020,expenditure,11,国民健康保険特別会計,国民健康保険,2,,1,,2,,,2,保険給付費,,,map,"狛江市国保会計の款2。執行累計4,679,332,397円が52表の保険給付費（令和5年度決算）と一致"
2020,expenditure,11,国民健康保険特別会計,国民健康保険,2,,1,,3,,,2,保険給付費,,,map,"狛江市国保会計の款2。執行累計4,679,332,397円が52表の保険給付費（令和5年度決算）と一致"
2020,expenditure,11,国民健康保険特別会計,国民健康保険,2,,1,,4,,,2,保険給付費,,,map,"狛江市国保会計の款2。執行累計4,679,332,397円が52表の保険給付費（令和5年度決算）と一致"
2020,expenditure,11,国民健康保険特別会計,国民健康保険,2,,1,,5,,,2,保険給付費,,,map,"狛江市国保会計の款2。執行累計4,679,332,397円が52表の保険給付費（令和5年度決算）と一致"
2020,expenditure,11,国民健康保険特別会計,国民健康保険,2,,2,,1,,,2,保険給付費,,,map,"狛江市国保会計の款2。執行累計4,679,332,397円が52表の保険給付費（令和5年度決算）と一致"
2020,expenditure,11,国民健康保険特別会計,国民健康保険,2,,2,,2,,,2,保険給付費,,,map,"狛江市国保会計の款2。執行累計4,679,332,397円が52表の保険給付費（令和5年度決算）と一致"
2020,expenditure,11,国民健康保険特別会計,国民健康保険,2,,2,,3,,,2,保険給付費,,,map,"狛江市国保会計の款2。執行累計4,679,332,397円が52表の保険給付費（令和5年度決算）と一致"
2020,expenditure,11,国民健康保険特別会計,国民健康保険,2,,2,,4,,,2,保険給付費,,,map,"狛江市国保会計の款2。執行累計4,679,332,397円が52表の保険給付費（令和5年度決算）と一致"
2020,expenditure,11,国民健康保険特別会計,国民健康保険,2,,3,,1,,,2,保険給付費,,,map,"狛江市国保会計の款2。執行累計4,679,332,397円が52表の保険給付費（令和5年度決算）と一致"
2020,expenditure,11,国民健康保険特別会計,国民健康保険,2,,3,,2,,,2,保険給付費,,,map,"狛江市国保会計の款2。執行累計4,679,332,397円が52表の保険給付費（令和5年度決算）と一致"
2020,expenditure,11,国民健康保険特別会計,国民健康保険,2,,4,,1,,,2,保険給付費,,,map,"狛江市国保会計の款2。執行累計4,679,332,397円が52表の保険給付費（令和5年度決算）と一致"
2020,expenditure,11,国民健康保険特別会計,国民健康保険,2,,5,,1,,,2,保険給付費,,,map,"狛江市国保会計の款2。執行累計4,679,332,397円が52表の保険給付費（令和5年度決算）と一致"
2020,expenditure,11,国民健康保険特別会計,国民健康保険,2,,6,,1,,,2,保険給付費,,,map,"狛江市国保会計の款2。執行累計4,679,332,397円が52表の保険給付費（令和5年度決算）と一致"
2020,expenditure,11,国民健康保険特別会計,国民健康保険,2,,6,,2,,,2,保険給付費,,,map,"狛江市国保会計の款2。執行累計4,679,332,397円が52表の保険給付費（令和5年度決算）と一致"
2020,expenditure,11,国民健康保険特別会計,国民健康保険,2,,7,,1,,,2,保険給付費,,,map,"狛江市国保会計の款2。執行累計4,679,332,397円が52表の保険給付費（令和5年度決算）と一致"
2020,expenditure,11,国民健康保険特別会計,国民健康保険,3,,1,,1,,,3,国民健康保険事業費納付金,,,map,"狛江市国保会計の款3。執行累計2,790,525,757円が52表の国民健康保険事業費納付金と一致"
2020,expenditure,11,国民健康保険特別会計,国民健康保険,3,,1,,2,,,3,国民健康保険事業費納付金,,,map,"狛江市国保会計の款3。執行累計2,790,525,757円が52表の国民健康保険事業費納付金と一致"
2020,expenditure,11,国民健康保険特別会計,国民健康保険,3,,2,,1,,,3,国民健康保険事業費納付金,,,map,"狛江市国保会計の款3。執行累計2,790,525,757円が52表の国民健康保険事業費納付金と一致"
2020,expenditure,11,国民健康保険特別会計,国民健康保険,3,,3,,1,,,3,国民健康保険事業費納付金,,,map,"狛江市国保会計の款3。執行累計2,790,525,757円が52表の国民健康保険事業費納付金と一致"
2020,expenditure,11,国民健康保険特別会計,国民健康保険,4,,1,,1,,,4,保健事業費,,,map,"狛江市国保会計の款4。執行累計114,234,835円が52表の保健事業費と一致"
2020,expenditure,11,国民健康保険特別会計,国民健康保険,5,,1,,1,,,5,基金積立金,,,map,狛江市国保会計の款5（執行0・予算計500千円）。位置と構造から基金積立金
2020,expenditure,11,国民健康保険特別会計,国民健康保険,6,,1,,1,,,9,その他の支出,,,map,"狛江市国保会計の款6（2019年度以降）。執行累計119,963,088円が52表のその他の支出と一致（繰出金の項を内包）"
2020,expenditure,11,国民健康保険特別会計,国民健康保険,6,,1,,2,,,9,その他の支出,,,map,"狛江市国保会計の款6（2019年度以降）。執行累計119,963,088円が52表のその他の支出と一致（繰出金の項を内包）"
2020,expenditure,11,国民健康保険特別会計,国民健康保険,6,,1,,3,,,9,その他の支出,,,map,"狛江市国保会計の款6（2019年度以降）。執行累計119,963,088円が52表のその他の支出と一致（繰出金の項を内包）"
2020,expenditure,11,国民健康保険特別会計,国民健康保険,7,,1,,1,,,10,予備費,,,map,狛江市国保会計の款7（2019年度以降・執行0・予備費の科目のみ）
2020,expenditure,14,介護保険特別会計,介護保険,1,,1,,1,,,1,総務費,,,map,狛江市介護保険会計の款1。総務費相当（経費科目の集合）
2020,expenditure,14,介護保険特別会計,介護保険,1,,1,,2,,,1,総務費,,,map,狛江市介護保険会計の款1。総務費相当（経費科目の集合）
2020,expenditure,14,介護保険特別会計,介護保険,1,,1,,3,,,1,総務費,,,map,狛江市介護保険会計の款1。総務費相当（経費科目の集合）
2020,expenditure,14,介護保険特別会計,介護保険,2,,1,,1,,,2,保険給付費,,,map,"狛江市介護保険会計の款2。執行累計6,927,245,614円が63表の保険給付費（令和5年度決算）と一致"
2020,expenditure,14,介護保険特別会計,介護保険,2,,1,,2,,,2,保険給付費,,,map,"狛江市介護保険会計の款2。執行累計6,927,245,614円が63表の保険給付費（令和5年度決算）と一致"
2020,expenditure,14,介護保険特別会計,介護保険,2,,1,,3,,,2,保険給付費,,,map,"狛江市介護保険会計の款2。執行累計6,927,245,614円が63表の保険給付費（令和5年度決算）と一致"
2020,expenditure,14,介護保険特別会計,介護保険,2,,1,,4,,,2,保険給付費,,,map,"狛江市介護保険会計の款2。執行累計6,927,245,614円が63表の保険給付費（令和5年度決算）と一致"
2020,expenditure,14,介護保険特別会計,介護保険,2,,1,,5,,,2,保険給付費,,,map,"狛江市介護保険会計の款2。執行累計6,927,245,614円が63表の保険給付費（令和5年度決算）と一致"
2020,expenditure,14,介護保険特別会計,介護保険,2,,1,,6,,,2,保険給付費,,,map,"狛江市介護保険会計の款2。執行累計6,927,245,614円が63表の保険給付費（令和5年度決算）と一致"
2020,expenditure,14,介護保険特別会計,介護保険,3,,1,,1,,,3,地域支援事業費,,,map,"狛江市介護保険会計の款3。執行累計193,722,723円が63表の地域支援事業と一致"
2020,expenditure,14,介護保険特別会計,介護保険,3,,1,,2,,,3,地域支援事業費,,,map,"狛江市介護保険会計の款3。執行累計193,722,723円が63表の地域支援事業と一致"
2020,expenditure,14,介護保険特別会計,介護保険,3,,1,,3,,,3,地域支援事業費,,,map,"狛江市介護保険会計の款3。執行累計193,722,723円が63表の地域支援事業と一致"
2020,expenditure,14,介護保険特別会計,介護保険,3,,1,,4,,,3,地域支援事業費,,,map,"狛江市介護保険会計の款3。執行累計193,722,723円が63表の地域支援事業と一致"
2020,expenditure,14,介護保険特別会計,介護保険,4,,1,,1,,,,,,,,
2020,expenditure,14,介護保険特別会計,介護保険,5,,1,,1,,,6,基金積立金,,,map,"狛江市介護保険会計の款5。執行累計106,187,401円が63表の基金積立金と一致"
2020,expenditure,14,介護保険特別会計,介護保険,6,,1,,1,,,8,公債費,,,map,狛江市介護保険会計の款6（償還金利子の科目のみ・執行0）。償還債務は公債費相当
2020,expenditure,14,介護保険特別会計,介護保険,7,,1,,1,,,7,繰出金,,,map,"狛江市介護保険会計の款7。執行累計25,892,000円が63表の繰出金と一致"
2020,expenditure,14,介護保険特別会計,介護保険,8,,1,,1,,,10,その他の支出,,,map,"狛江市介護保険会計の款8。執行累計16,283,063円が63表のその他の支出と一致"
2020,expenditure,14,介護保険特別会計,介護保険,8,,1,,2,,,10,その他の支出,,,map,"狛江市介護保険会計の款8。執行累計16,283,063円が63表のその他の支出と一致"
2020,expenditure,14,介護保険特別会計,介護保険,8,,2,,1,,,10,その他の支出,,,map,"狛江市介護保険会計の款8。執行累計16,283,063円が63表のその他の支出と一致"
2020,expenditure,14,介護保険特別会計,介護保険,9,,1,,1,,,11,予備費,,,map,狛江市介護保険会計の款9（予備費の科目のみ・執行0）
2020,expenditure,22,駐車場事業特別会計,駐車場事業,1,,1,,1,,,,,,,,
2020,expenditure,22,駐車場事業特別会計,駐車場事業,2,,1,,1,,,,,,,,
2020,expenditure,34,後期高齢者医療特別会計,後期高齢者医療,1,,1,,1,,,1,総務費,,,map,狛江市後期高齢者医療会計の款1。総務費相当（経費科目の集合）
2020,expenditure,34,後期高齢者医療特別会計,後期高齢者医療,1,,2,,1,,,1,総務費,,,map,狛江市後期高齢者医療会計の款1。総務費相当（経費科目の集合）
2020,expenditure,34,後期高齢者医療特別会計,後期高齢者医療,1,,2,,2,,,1,総務費,,,map,狛江市後期高齢者医療会計の款1。総務費相当（経費科目の集合）
2020,expenditure,34,後期高齢者医療特別会計,後期高齢者医療,2,,1,,1,,,2,後期高齢者医療広域連合納付金,,,map,"狛江市後期高齢者医療会計の款2。負担金、補助及び交付金の単一科目で広域連合納付金相当（ただし市の帳簿額2,188,750,528円と94表の納付金1,355,124千円は大きくずれる）"
2020,expenditure,34,後期高齢者医療特別会計,後期高齢者医療,3,,1,,1,,,3,保健事業費,,,map,狛江市後期高齢者医療会計の款3。委託料主体（健診等の保健事業相当）
2020,expenditure,34,後期高齢者医療特別会計,後期高齢者医療,4,,1,,1,,,6,その他の支出,,,map,狛江市後期高齢者医療会計の款4。償還金系と繰出金（項2目1、一般会計への繰出）を内包するその他の支出相当
2020,expenditure,34,後期高齢者医療特別会計,後期高齢者医療,4,,1,,2,,,6,その他の支出,,,map,狛江市後期高齢者医療会計の款4。償還金系と繰出金（項2目1、一般会計への繰出）を内包するその他の支出相当
2020,expenditure,34,後期高齢者医療特別会計,後期高齢者医療,4,,1,,3,,,6,その他の支出,,,map,狛江市後期高齢者医療会計の款4。償還金系と繰出金（項2目1、一般会計への繰出）を内包するその他の支出相当
2020,expenditure,34,後期高齢者医療特別会計,後期高齢者医療,4,,2,,1,,,6,その他の支出,,,map,狛江市後期高齢者医療会計の款4。償還金系と繰出金（項2目1、一般会計への繰出）を内包するその他の支出相当
2020,expenditure,34,後期高齢者医療特別会計,後期高齢者医療,5,,1,,1,,,7,予備費,,,map,狛江市後期高齢者医療会計の款5（予備費の科目のみ・執行0）
2020,revenue,1,一般会計,一般会計,1,,1,,1,,,1,市(町村)税,,,map,款名「市税」。マスタの表記は「市(町村)税」。名称の根拠は 2023年度の歳入事項別明細（決算資料 PDF、テキスト抽出・調定額79/79一致）。⚠️ **2020年度以降に限る** — 2018〜2019年度は歳入の款体系が別（20〜21款構成で款コードの意味が違う）で、名称を確認できる資料も無い。款の意味が2020〜2023で同じことは、款ごとの節名称の集合が全22款で2023と重なることで裏づけた（2026-08-24 実測）
2020,revenue,1,一般会計,一般会計,1,,1,,2,,,1,市(町村)税,,,map,款名「市税」。マスタの表記は「市(町村)税」。名称の根拠は 2023年度の歳入事項別明細（決算資料 PDF、テキスト抽出・調定額79/79一致）。⚠️ **2020年度以降に限る** — 2018〜2019年度は歳入の款体系が別（20〜21款構成で款コードの意味が違う）で、名称を確認できる資料も無い。款の意味が2020〜2023で同じことは、款ごとの節名称の集合が全22款で2023と重なることで裏づけた（2026-08-24 実測）
2020,revenue,1,一般会計,一般会計,1,,2,,1,,,1,市(町村)税,,,map,款名「市税」。マスタの表記は「市(町村)税」。名称の根拠は 2023年度の歳入事項別明細（決算資料 PDF、テキスト抽出・調定額79/79一致）。⚠️ **2020年度以降に限る** — 2018〜2019年度は歳入の款体系が別（20〜21款構成で款コードの意味が違う）で、名称を確認できる資料も無い。款の意味が2020〜2023で同じことは、款ごとの節名称の集合が全22款で2023と重なることで裏づけた（2026-08-24 実測）
2020,revenue,1,一般会計,一般会計,1,,2,,2,,,1,市(町村)税,,,map,款名「市税」。マスタの表記は「市(町村)税」。名称の根拠は 2023年度の歳入事項別明細（決算資料 PDF、テキスト抽出・調定額79/79一致）。⚠️ **2020年度以降に限る** — 2018〜2019年度は歳入の款体系が別（20〜21款構成で款コードの意味が違う）で、名称を確認できる資料も無い。款の意味が2020〜2023で同じことは、款ごとの節名称の集合が全22款で2023と重なることで裏づけた（2026-08-24 実測）
2020,revenue,1,一般会計,一般会計,1,,3,,1,,,1,市(町村)税,,,map,款名「市税」。マスタの表記は「市(町村)税」。名称の根拠は 2023年度の歳入事項別明細（決算資料 PDF、テキスト抽出・調定額79/79一致）。⚠️ **2020年度以降に限る** — 2018〜2019年度は歳入の款体系が別（20〜21款構成で款コードの意味が違う）で、名称を確認できる資料も無い。款の意味が2020〜2023で同じことは、款ごとの節名称の集合が全22款で2023と重なることで裏づけた（2026-08-24 実測）
2020,revenue,1,一般会計,一般会計,1,,3,,2,,,1,市(町村)税,,,map,款名「市税」。マスタの表記は「市(町村)税」。名称の根拠は 2023年度の歳入事項別明細（決算資料 PDF、テキスト抽出・調定額79/79一致）。⚠️ **2020年度以降に限る** — 2018〜2019年度は歳入の款体系が別（20〜21款構成で款コードの意味が違う）で、名称を確認できる資料も無い。款の意味が2020〜2023で同じことは、款ごとの節名称の集合が全22款で2023と重なることで裏づけた（2026-08-24 実測）
2020,revenue,1,一般会計,一般会計,1,,4,,1,,,1,市(町村)税,,,map,款名「市税」。マスタの表記は「市(町村)税」。名称の根拠は 2023年度の歳入事項別明細（決算資料 PDF、テキスト抽出・調定額79/79一致）。⚠️ **2020年度以降に限る** — 2018〜2019年度は歳入の款体系が別（20〜21款構成で款コードの意味が違う）で、名称を確認できる資料も無い。款の意味が2020〜2023で同じことは、款ごとの節名称の集合が全22款で2023と重なることで裏づけた（2026-08-24 実測）
2020,revenue,1,一般会計,一般会計,1,,5,,1,,,1,市(町村)税,,,map,款名「市税」。マスタの表記は「市(町村)税」。名称の根拠は 2023年度の歳入事項別明細（決算資料 PDF、テキスト抽出・調定額79/79一致）。⚠️ **2020年度以降に限る** — 2018〜2019年度は歳入の款体系が別（20〜21款構成で款コードの意味が違う）で、名称を確認できる資料も無い。款の意味が2020〜2023で同じことは、款ごとの節名称の集合が全22款で2023と重なることで裏づけた（2026-08-24 実測）
2020,revenue,1,一般会計,一般会計,1,,6,,1,,,1,市(町村)税,,,map,款名「市税」。マスタの表記は「市(町村)税」。名称の根拠は 2023年度の歳入事項別明細（決算資料 PDF、テキスト抽出・調定額79/79一致）。⚠️ **2020年度以降に限る** — 2018〜2019年度は歳入の款体系が別（20〜21款構成で款コードの意味が違う）で、名称を確認できる資料も無い。款の意味が2020〜2023で同じことは、款ごとの節名称の集合が全22款で2023と重なることで裏づけた（2026-08-24 実測）
2020,revenue,1,一般会計,一般会計,2,,1,,1,,,2,地方譲与税,,,map,款名「地方譲与税」がマスタと一致。名称の根拠は 2023年度の歳入事項別明細（決算資料 PDF、テキスト抽出・調定額79/79一致）。⚠️ **2020年度以降に限る** — 2018〜2019年度は歳入の款体系が別（20〜21款構成で款コードの意味が違う）で、名称を確認できる資料も無い。款の意味が2020〜2023で同じことは、款ごとの節名称の集合が全22款で2023と重なることで裏づけた（2026-08-24 実測）
2020,revenue,1,一般会計,一般会計,2,,2,,1,,,2,地方譲与税,,,map,款名「地方譲与税」がマスタと一致。名称の根拠は 2023年度の歳入事項別明細（決算資料 PDF、テキスト抽出・調定額79/79一致）。⚠️ **2020年度以降に限る** — 2018〜2019年度は歳入の款体系が別（20〜21款構成で款コードの意味が違う）で、名称を確認できる資料も無い。款の意味が2020〜2023で同じことは、款ごとの節名称の集合が全22款で2023と重なることで裏づけた（2026-08-24 実測）
2020,revenue,1,一般会計,一般会計,2,,3,,1,,,2,地方譲与税,,,map,款名「地方譲与税」がマスタと一致。名称の根拠は 2023年度の歳入事項別明細（決算資料 PDF、テキスト抽出・調定額79/79一致）。⚠️ **2020年度以降に限る** — 2018〜2019年度は歳入の款体系が別（20〜21款構成で款コードの意味が違う）で、名称を確認できる資料も無い。款の意味が2020〜2023で同じことは、款ごとの節名称の集合が全22款で2023と重なることで裏づけた（2026-08-24 実測）
2020,revenue,1,一般会計,一般会計,3,,1,,1,,,3,利子割交付金,,,map,款名「利子割交付金」がマスタと一致。名称の根拠は 2023年度の歳入事項別明細（決算資料 PDF、テキスト抽出・調定額79/79一致）。⚠️ **2020年度以降に限る** — 2018〜2019年度は歳入の款体系が別（20〜21款構成で款コードの意味が違う）で、名称を確認できる資料も無い。款の意味が2020〜2023で同じことは、款ごとの節名称の集合が全22款で2023と重なることで裏づけた（2026-08-24 実測）
2020,revenue,1,一般会計,一般会計,4,,1,,1,,,4,配当割交付金,,,map,款名「配当割交付金」がマスタと一致。名称の根拠は 2023年度の歳入事項別明細（決算資料 PDF、テキスト抽出・調定額79/79一致）。⚠️ **2020年度以降に限る** — 2018〜2019年度は歳入の款体系が別（20〜21款構成で款コードの意味が違う）で、名称を確認できる資料も無い。款の意味が2020〜2023で同じことは、款ごとの節名称の集合が全22款で2023と重なることで裏づけた（2026-08-24 実測）
2020,revenue,1,一般会計,一般会計,5,,1,,1,,,5,株式等譲渡所得割交付金,,,map,款名「株式等譲渡所得割交付金」がマスタと一致。名称の根拠は 2023年度の歳入事項別明細（決算資料 PDF、テキスト抽出・調定額79/79一致）。⚠️ **2020年度以降に限る** — 2018〜2019年度は歳入の款体系が別（20〜21款構成で款コードの意味が違う）で、名称を確認できる資料も無い。款の意味が2020〜2023で同じことは、款ごとの節名称の集合が全22款で2023と重なることで裏づけた（2026-08-24 実測）
2020,revenue,1,一般会計,一般会計,6,,1,,1,,,6,法人事業税交付金,,,map,款名「法人事業税交付金」がマスタと一致。名称の根拠は 2023年度の歳入事項別明細（決算資料 PDF、テキスト抽出・調定額79/79一致）。⚠️ **2020年度以降に限る** — 2018〜2019年度は歳入の款体系が別（20〜21款構成で款コードの意味が違う）で、名称を確認できる資料も無い。款の意味が2020〜2023で同じことは、款ごとの節名称の集合が全22款で2023と重なることで裏づけた（2026-08-24 実測）
2020,revenue,1,一般会計,一般会計,7,,1,,1,,,7,地方消費税交付金,,,map,款名「地方消費税交付金」がマスタと一致。名称の根拠は 2023年度の歳入事項別明細（決算資料 PDF、テキスト抽出・調定額79/79一致）。⚠️ **2020年度以降に限る** — 2018〜2019年度は歳入の款体系が別（20〜21款構成で款コードの意味が違う）で、名称を確認できる資料も無い。款の意味が2020〜2023で同じことは、款ごとの節名称の集合が全22款で2023と重なることで裏づけた（2026-08-24 実測）
2020,revenue,1,一般会計,一般会計,8,,1,,1,,,,,,,historical,款名「旧法による自動車取得税交付金」（2023年度の歳入事項別明細で確認）。2019年廃止の旧法定区分の経過措置で、現行の法定様式に無い
2020,revenue,1,一般会計,一般会計,9,,1,,1,,,8,環境性能割交付金,,,map,款名「環境性能割交付金」がマスタと一致。名称の根拠は 2023年度の歳入事項別明細（決算資料 PDF、テキスト抽出・調定額79/79一致）。⚠️ **2020年度以降に限る** — 2018〜2019年度は歳入の款体系が別（20〜21款構成で款コードの意味が違う）で、名称を確認できる資料も無い。款の意味が2020〜2023で同じことは、款ごとの節名称の集合が全22款で2023と重なることで裏づけた（2026-08-24 実測）
2020,revenue,1,一般会計,一般会計,10,,1,,1,,,9,地方特例交付金,,,map,款名「地方特例交付金」がマスタと一致。名称の根拠は 2023年度の歳入事項別明細（決算資料 PDF、テキスト抽出・調定額79/79一致）。⚠️ **2020年度以降に限る** — 2018〜2019年度は歳入の款体系が別（20〜21款構成で款コードの意味が違う）で、名称を確認できる資料も無い。款の意味が2020〜2023で同じことは、款ごとの節名称の集合が全22款で2023と重なることで裏づけた（2026-08-24 実測）
2020,revenue,1,一般会計,一般会計,11,,1,,1,,,10,地方交付税,,,map,款名「地方交付税」がマスタと一致。名称の根拠は 2023年度の歳入事項別明細（決算資料 PDF、テキスト抽出・調定額79/79一致）。⚠️ **2020年度以降に限る** — 2018〜2019年度は歳入の款体系が別（20〜21款構成で款コードの意味が違う）で、名称を確認できる資料も無い。款の意味が2020〜2023で同じことは、款ごとの節名称の集合が全22款で2023と重なることで裏づけた（2026-08-24 実測）
2020,revenue,1,一般会計,一般会計,12,,1,,1,,,11,交通安全対策特別交付金,,,map,款名「交通安全対策特別交付金」がマスタと一致。名称の根拠は 2023年度の歳入事項別明細（決算資料 PDF、テキスト抽出・調定額79/79一致）。⚠️ **2020年度以降に限る** — 2018〜2019年度は歳入の款体系が別（20〜21款構成で款コードの意味が違う）で、名称を確認できる資料も無い。款の意味が2020〜2023で同じことは、款ごとの節名称の集合が全22款で2023と重なることで裏づけた（2026-08-24 実測）
2020,revenue,1,一般会計,一般会計,13,,1,,1,,,12,分担金及び負担金,,,map,款名「分担金及び負担金」がマスタと一致。名称の根拠は 2023年度の歳入事項別明細（決算資料 PDF、テキスト抽出・調定額79/79一致）。⚠️ **2020年度以降に限る** — 2018〜2019年度は歳入の款体系が別（20〜21款構成で款コードの意味が違う）で、名称を確認できる資料も無い。款の意味が2020〜2023で同じことは、款ごとの節名称の集合が全22款で2023と重なることで裏づけた（2026-08-24 実測）
2020,revenue,1,一般会計,一般会計,13,,1,,2,,,12,分担金及び負担金,,,map,款名「分担金及び負担金」がマスタと一致。名称の根拠は 2023年度の歳入事項別明細（決算資料 PDF、テキスト抽出・調定額79/79一致）。⚠️ **2020年度以降に限る** — 2018〜2019年度は歳入の款体系が別（20〜21款構成で款コードの意味が違う）で、名称を確認できる資料も無い。款の意味が2020〜2023で同じことは、款ごとの節名称の集合が全22款で2023と重なることで裏づけた（2026-08-24 実測）
2020,revenue,1,一般会計,一般会計,13,,1,,3,,,12,分担金及び負担金,,,map,款名「分担金及び負担金」がマスタと一致。名称の根拠は 2023年度の歳入事項別明細（決算資料 PDF、テキスト抽出・調定額79/79一致）。⚠️ **2020年度以降に限る** — 2018〜2019年度は歳入の款体系が別（20〜21款構成で款コードの意味が違う）で、名称を確認できる資料も無い。款の意味が2020〜2023で同じことは、款ごとの節名称の集合が全22款で2023と重なることで裏づけた（2026-08-24 実測）
2020,revenue,1,一般会計,一般会計,13,,1,,4,,,12,分担金及び負担金,,,map,款名「分担金及び負担金」がマスタと一致。名称の根拠は 2023年度の歳入事項別明細（決算資料 PDF、テキスト抽出・調定額79/79一致）。⚠️ **2020年度以降に限る** — 2018〜2019年度は歳入の款体系が別（20〜21款構成で款コードの意味が違う）で、名称を確認できる資料も無い。款の意味が2020〜2023で同じことは、款ごとの節名称の集合が全22款で2023と重なることで裏づけた（2026-08-24 実測）
2020,revenue,1,一般会計,一般会計,14,,1,,1,,,13,使用料及び手数料,,,map,款名「使用料及び手数料」がマスタと一致。名称の根拠は 2023年度の歳入事項別明細（決算資料 PDF、テキスト抽出・調定額79/79一致）。⚠️ **2020年度以降に限る** — 2018〜2019年度は歳入の款体系が別（20〜21款構成で款コードの意味が違う）で、名称を確認できる資料も無い。款の意味が2020〜2023で同じことは、款ごとの節名称の集合が全22款で2023と重なることで裏づけた（2026-08-24 実測）
2020,revenue,1,一般会計,一般会計,14,,1,,2,,,13,使用料及び手数料,,,map,款名「使用料及び手数料」がマスタと一致。名称の根拠は 2023年度の歳入事項別明細（決算資料 PDF、テキスト抽出・調定額79/79一致）。⚠️ **2020年度以降に限る** — 2018〜2019年度は歳入の款体系が別（20〜21款構成で款コードの意味が違う）で、名称を確認できる資料も無い。款の意味が2020〜2023で同じことは、款ごとの節名称の集合が全22款で2023と重なることで裏づけた（2026-08-24 実測）
2020,revenue,1,一般会計,一般会計,14,,1,,3,,,13,使用料及び手数料,,,map,款名「使用料及び手数料」がマスタと一致。名称の根拠は 2023年度の歳入事項別明細（決算資料 PDF、テキスト抽出・調定額79/79一致）。⚠️ **2020年度以降に限る** — 2018〜2019年度は歳入の款体系が別（20〜21款構成で款コードの意味が違う）で、名称を確認できる資料も無い。款の意味が2020〜2023で同じことは、款ごとの節名称の集合が全22款で2023と重なることで裏づけた（2026-08-24 実測）
2020,revenue,1,一般会計,一般会計,14,,1,,4,,,13,使用料及び手数料,,,map,款名「使用料及び手数料」がマスタと一致。名称の根拠は 2023年度の歳入事項別明細（決算資料 PDF、テキスト抽出・調定額79/79一致）。⚠️ **2020年度以降に限る** — 2018〜2019年度は歳入の款体系が別（20〜21款構成で款コードの意味が違う）で、名称を確認できる資料も無い。款の意味が2020〜2023で同じことは、款ごとの節名称の集合が全22款で2023と重なることで裏づけた（2026-08-24 実測）
2020,revenue,1,一般会計,一般会計,14,,1,,5,,,13,使用料及び手数料,,,map,款名「使用料及び手数料」がマスタと一致。名称の根拠は 2023年度の歳入事項別明細（決算資料 PDF、テキスト抽出・調定額79/79一致）。⚠️ **2020年度以降に限る** — 2018〜2019年度は歳入の款体系が別（20〜21款構成で款コードの意味が違う）で、名称を確認できる資料も無い。款の意味が2020〜2023で同じことは、款ごとの節名称の集合が全22款で2023と重なることで裏づけた（2026-08-24 実測）
2020,revenue,1,一般会計,一般会計,14,,2,,1,,,13,使用料及び手数料,,,map,款名「使用料及び手数料」がマスタと一致。名称の根拠は 2023年度の歳入事項別明細（決算資料 PDF、テキスト抽出・調定額79/79一致）。⚠️ **2020年度以降に限る** — 2018〜2019年度は歳入の款体系が別（20〜21款構成で款コードの意味が違う）で、名称を確認できる資料も無い。款の意味が2020〜2023で同じことは、款ごとの節名称の集合が全22款で2023と重なることで裏づけた（2026-08-24 実測）
2020,revenue,1,一般会計,一般会計,14,,2,,2,,,13,使用料及び手数料,,,map,款名「使用料及び手数料」がマスタと一致。名称の根拠は 2023年度の歳入事項別明細（決算資料 PDF、テキスト抽出・調定額79/79一致）。⚠️ **2020年度以降に限る** — 2018〜2019年度は歳入の款体系が別（20〜21款構成で款コードの意味が違う）で、名称を確認できる資料も無い。款の意味が2020〜2023で同じことは、款ごとの節名称の集合が全22款で2023と重なることで裏づけた（2026-08-24 実測）
2020,revenue,1,一般会計,一般会計,14,,2,,3,,,13,使用料及び手数料,,,map,款名「使用料及び手数料」がマスタと一致。名称の根拠は 2023年度の歳入事項別明細（決算資料 PDF、テキスト抽出・調定額79/79一致）。⚠️ **2020年度以降に限る** — 2018〜2019年度は歳入の款体系が別（20〜21款構成で款コードの意味が違う）で、名称を確認できる資料も無い。款の意味が2020〜2023で同じことは、款ごとの節名称の集合が全22款で2023と重なることで裏づけた（2026-08-24 実測）
2020,revenue,1,一般会計,一般会計,15,,1,,1,,,14,国庫支出金,,,map,款名「国庫支出金」がマスタと一致。名称の根拠は 2023年度の歳入事項別明細（決算資料 PDF、テキスト抽出・調定額79/79一致）。⚠️ **2020年度以降に限る** — 2018〜2019年度は歳入の款体系が別（20〜21款構成で款コードの意味が違う）で、名称を確認できる資料も無い。款の意味が2020〜2023で同じことは、款ごとの節名称の集合が全22款で2023と重なることで裏づけた（2026-08-24 実測）
2020,revenue,1,一般会計,一般会計,15,,1,,2,,,14,国庫支出金,,,map,款名「国庫支出金」がマスタと一致。名称の根拠は 2023年度の歳入事項別明細（決算資料 PDF、テキスト抽出・調定額79/79一致）。⚠️ **2020年度以降に限る** — 2018〜2019年度は歳入の款体系が別（20〜21款構成で款コードの意味が違う）で、名称を確認できる資料も無い。款の意味が2020〜2023で同じことは、款ごとの節名称の集合が全22款で2023と重なることで裏づけた（2026-08-24 実測）
2020,revenue,1,一般会計,一般会計,15,,1,,3,,,14,国庫支出金,,,map,款名「国庫支出金」がマスタと一致。名称の根拠は 2023年度の歳入事項別明細（決算資料 PDF、テキスト抽出・調定額79/79一致）。⚠️ **2020年度以降に限る** — 2018〜2019年度は歳入の款体系が別（20〜21款構成で款コードの意味が違う）で、名称を確認できる資料も無い。款の意味が2020〜2023で同じことは、款ごとの節名称の集合が全22款で2023と重なることで裏づけた（2026-08-24 実測）
2020,revenue,1,一般会計,一般会計,15,,2,,1,,,14,国庫支出金,,,map,款名「国庫支出金」がマスタと一致。名称の根拠は 2023年度の歳入事項別明細（決算資料 PDF、テキスト抽出・調定額79/79一致）。⚠️ **2020年度以降に限る** — 2018〜2019年度は歳入の款体系が別（20〜21款構成で款コードの意味が違う）で、名称を確認できる資料も無い。款の意味が2020〜2023で同じことは、款ごとの節名称の集合が全22款で2023と重なることで裏づけた（2026-08-24 実測）
2020,revenue,1,一般会計,一般会計,15,,2,,2,,,14,国庫支出金,,,map,款名「国庫支出金」がマスタと一致。名称の根拠は 2023年度の歳入事項別明細（決算資料 PDF、テキスト抽出・調定額79/79一致）。⚠️ **2020年度以降に限る** — 2018〜2019年度は歳入の款体系が別（20〜21款構成で款コードの意味が違う）で、名称を確認できる資料も無い。款の意味が2020〜2023で同じことは、款ごとの節名称の集合が全22款で2023と重なることで裏づけた（2026-08-24 実測）
2020,revenue,1,一般会計,一般会計,15,,2,,3,,,14,国庫支出金,,,map,款名「国庫支出金」がマスタと一致。名称の根拠は 2023年度の歳入事項別明細（決算資料 PDF、テキスト抽出・調定額79/79一致）。⚠️ **2020年度以降に限る** — 2018〜2019年度は歳入の款体系が別（20〜21款構成で款コードの意味が違う）で、名称を確認できる資料も無い。款の意味が2020〜2023で同じことは、款ごとの節名称の集合が全22款で2023と重なることで裏づけた（2026-08-24 実測）
2020,revenue,1,一般会計,一般会計,15,,2,,4,,,14,国庫支出金,,,map,款名「国庫支出金」がマスタと一致。名称の根拠は 2023年度の歳入事項別明細（決算資料 PDF、テキスト抽出・調定額79/79一致）。⚠️ **2020年度以降に限る** — 2018〜2019年度は歳入の款体系が別（20〜21款構成で款コードの意味が違う）で、名称を確認できる資料も無い。款の意味が2020〜2023で同じことは、款ごとの節名称の集合が全22款で2023と重なることで裏づけた（2026-08-24 実測）
2020,revenue,1,一般会計,一般会計,15,,2,,5,,,14,国庫支出金,,,map,款名「国庫支出金」がマスタと一致。名称の根拠は 2023年度の歳入事項別明細（決算資料 PDF、テキスト抽出・調定額79/79一致）。⚠️ **2020年度以降に限る** — 2018〜2019年度は歳入の款体系が別（20〜21款構成で款コードの意味が違う）で、名称を確認できる資料も無い。款の意味が2020〜2023で同じことは、款ごとの節名称の集合が全22款で2023と重なることで裏づけた（2026-08-24 実測）
2020,revenue,1,一般会計,一般会計,15,,3,,1,,,14,国庫支出金,,,map,款名「国庫支出金」がマスタと一致。名称の根拠は 2023年度の歳入事項別明細（決算資料 PDF、テキスト抽出・調定額79/79一致）。⚠️ **2020年度以降に限る** — 2018〜2019年度は歳入の款体系が別（20〜21款構成で款コードの意味が違う）で、名称を確認できる資料も無い。款の意味が2020〜2023で同じことは、款ごとの節名称の集合が全22款で2023と重なることで裏づけた（2026-08-24 実測）
2020,revenue,1,一般会計,一般会計,15,,3,,2,,,14,国庫支出金,,,map,款名「国庫支出金」がマスタと一致。名称の根拠は 2023年度の歳入事項別明細（決算資料 PDF、テキスト抽出・調定額79/79一致）。⚠️ **2020年度以降に限る** — 2018〜2019年度は歳入の款体系が別（20〜21款構成で款コードの意味が違う）で、名称を確認できる資料も無い。款の意味が2020〜2023で同じことは、款ごとの節名称の集合が全22款で2023と重なることで裏づけた（2026-08-24 実測）
2020,revenue,1,一般会計,一般会計,15,,3,,3,,,14,国庫支出金,,,map,款名「国庫支出金」がマスタと一致。名称の根拠は 2023年度の歳入事項別明細（決算資料 PDF、テキスト抽出・調定額79/79一致）。⚠️ **2020年度以降に限る** — 2018〜2019年度は歳入の款体系が別（20〜21款構成で款コードの意味が違う）で、名称を確認できる資料も無い。款の意味が2020〜2023で同じことは、款ごとの節名称の集合が全22款で2023と重なることで裏づけた（2026-08-24 実測）
2020,revenue,1,一般会計,一般会計,16,,1,,1,,,15,都(道府県)支出金,,,map,款名「都支出金」。マスタの表記は「都(道府県)支出金」。名称の根拠は 2023年度の歳入事項別明細（決算資料 PDF、テキスト抽出・調定額79/79一致）。⚠️ **2020年度以降に限る** — 2018〜2019年度は歳入の款体系が別（20〜21款構成で款コードの意味が違う）で、名称を確認できる資料も無い。款の意味が2020〜2023で同じことは、款ごとの節名称の集合が全22款で2023と重なることで裏づけた（2026-08-24 実測）
2020,revenue,1,一般会計,一般会計,16,,1,,2,,,15,都(道府県)支出金,,,map,款名「都支出金」。マスタの表記は「都(道府県)支出金」。名称の根拠は 2023年度の歳入事項別明細（決算資料 PDF、テキスト抽出・調定額79/79一致）。⚠️ **2020年度以降に限る** — 2018〜2019年度は歳入の款体系が別（20〜21款構成で款コードの意味が違う）で、名称を確認できる資料も無い。款の意味が2020〜2023で同じことは、款ごとの節名称の集合が全22款で2023と重なることで裏づけた（2026-08-24 実測）
2020,revenue,1,一般会計,一般会計,16,,1,,3,,,15,都(道府県)支出金,,,map,款名「都支出金」。マスタの表記は「都(道府県)支出金」。名称の根拠は 2023年度の歳入事項別明細（決算資料 PDF、テキスト抽出・調定額79/79一致）。⚠️ **2020年度以降に限る** — 2018〜2019年度は歳入の款体系が別（20〜21款構成で款コードの意味が違う）で、名称を確認できる資料も無い。款の意味が2020〜2023で同じことは、款ごとの節名称の集合が全22款で2023と重なることで裏づけた（2026-08-24 実測）
2020,revenue,1,一般会計,一般会計,16,,2,,1,,,15,都(道府県)支出金,,,map,款名「都支出金」。マスタの表記は「都(道府県)支出金」。名称の根拠は 2023年度の歳入事項別明細（決算資料 PDF、テキスト抽出・調定額79/79一致）。⚠️ **2020年度以降に限る** — 2018〜2019年度は歳入の款体系が別（20〜21款構成で款コードの意味が違う）で、名称を確認できる資料も無い。款の意味が2020〜2023で同じことは、款ごとの節名称の集合が全22款で2023と重なることで裏づけた（2026-08-24 実測）
2020,revenue,1,一般会計,一般会計,16,,2,,2,,,15,都(道府県)支出金,,,map,款名「都支出金」。マスタの表記は「都(道府県)支出金」。名称の根拠は 2023年度の歳入事項別明細（決算資料 PDF、テキスト抽出・調定額79/79一致）。⚠️ **2020年度以降に限る** — 2018〜2019年度は歳入の款体系が別（20〜21款構成で款コードの意味が違う）で、名称を確認できる資料も無い。款の意味が2020〜2023で同じことは、款ごとの節名称の集合が全22款で2023と重なることで裏づけた（2026-08-24 実測）
2020,revenue,1,一般会計,一般会計,16,,2,,3,,,15,都(道府県)支出金,,,map,款名「都支出金」。マスタの表記は「都(道府県)支出金」。名称の根拠は 2023年度の歳入事項別明細（決算資料 PDF、テキスト抽出・調定額79/79一致）。⚠️ **2020年度以降に限る** — 2018〜2019年度は歳入の款体系が別（20〜21款構成で款コードの意味が違う）で、名称を確認できる資料も無い。款の意味が2020〜2023で同じことは、款ごとの節名称の集合が全22款で2023と重なることで裏づけた（2026-08-24 実測）
2020,revenue,1,一般会計,一般会計,16,,2,,4,,,15,都(道府県)支出金,,,map,款名「都支出金」。マスタの表記は「都(道府県)支出金」。名称の根拠は 2023年度の歳入事項別明細（決算資料 PDF、テキスト抽出・調定額79/79一致）。⚠️ **2020年度以降に限る** — 2018〜2019年度は歳入の款体系が別（20〜21款構成で款コードの意味が違う）で、名称を確認できる資料も無い。款の意味が2020〜2023で同じことは、款ごとの節名称の集合が全22款で2023と重なることで裏づけた（2026-08-24 実測）
2020,revenue,1,一般会計,一般会計,16,,2,,5,,,15,都(道府県)支出金,,,map,款名「都支出金」。マスタの表記は「都(道府県)支出金」。名称の根拠は 2023年度の歳入事項別明細（決算資料 PDF、テキスト抽出・調定額79/79一致）。⚠️ **2020年度以降に限る** — 2018〜2019年度は歳入の款体系が別（20〜21款構成で款コードの意味が違う）で、名称を確認できる資料も無い。款の意味が2020〜2023で同じことは、款ごとの節名称の集合が全22款で2023と重なることで裏づけた（2026-08-24 実測）
2020,revenue,1,一般会計,一般会計,16,,2,,6,,,15,都(道府県)支出金,,,map,款名「都支出金」。マスタの表記は「都(道府県)支出金」。名称の根拠は 2023年度の歳入事項別明細（決算資料 PDF、テキスト抽出・調定額79/79一致）。⚠️ **2020年度以降に限る** — 2018〜2019年度は歳入の款体系が別（20〜21款構成で款コードの意味が違う）で、名称を確認できる資料も無い。款の意味が2020〜2023で同じことは、款ごとの節名称の集合が全22款で2023と重なることで裏づけた（2026-08-24 実測）
2020,revenue,1,一般会計,一般会計,16,,2,,7,,,15,都(道府県)支出金,,,map,款名「都支出金」。マスタの表記は「都(道府県)支出金」。名称の根拠は 2023年度の歳入事項別明細（決算資料 PDF、テキスト抽出・調定額79/79一致）。⚠️ **2020年度以降に限る** — 2018〜2019年度は歳入の款体系が別（20〜21款構成で款コードの意味が違う）で、名称を確認できる資料も無い。款の意味が2020〜2023で同じことは、款ごとの節名称の集合が全22款で2023と重なることで裏づけた（2026-08-24 実測）
2020,revenue,1,一般会計,一般会計,16,,3,,1,,,15,都(道府県)支出金,,,map,款名「都支出金」。マスタの表記は「都(道府県)支出金」。名称の根拠は 2023年度の歳入事項別明細（決算資料 PDF、テキスト抽出・調定額79/79一致）。⚠️ **2020年度以降に限る** — 2018〜2019年度は歳入の款体系が別（20〜21款構成で款コードの意味が違う）で、名称を確認できる資料も無い。款の意味が2020〜2023で同じことは、款ごとの節名称の集合が全22款で2023と重なることで裏づけた（2026-08-24 実測）
2020,revenue,1,一般会計,一般会計,16,,3,,2,,,15,都(道府県)支出金,,,map,款名「都支出金」。マスタの表記は「都(道府県)支出金」。名称の根拠は 2023年度の歳入事項別明細（決算資料 PDF、テキスト抽出・調定額79/79一致）。⚠️ **2020年度以降に限る** — 2018〜2019年度は歳入の款体系が別（20〜21款構成で款コードの意味が違う）で、名称を確認できる資料も無い。款の意味が2020〜2023で同じことは、款ごとの節名称の集合が全22款で2023と重なることで裏づけた（2026-08-24 実測）
2020,revenue,1,一般会計,一般会計,16,,3,,3,,,15,都(道府県)支出金,,,map,款名「都支出金」。マスタの表記は「都(道府県)支出金」。名称の根拠は 2023年度の歳入事項別明細（決算資料 PDF、テキスト抽出・調定額79/79一致）。⚠️ **2020年度以降に限る** — 2018〜2019年度は歳入の款体系が別（20〜21款構成で款コードの意味が違う）で、名称を確認できる資料も無い。款の意味が2020〜2023で同じことは、款ごとの節名称の集合が全22款で2023と重なることで裏づけた（2026-08-24 実測）
2020,revenue,1,一般会計,一般会計,16,,3,,4,,,15,都(道府県)支出金,,,map,款名「都支出金」。マスタの表記は「都(道府県)支出金」。名称の根拠は 2023年度の歳入事項別明細（決算資料 PDF、テキスト抽出・調定額79/79一致）。⚠️ **2020年度以降に限る** — 2018〜2019年度は歳入の款体系が別（20〜21款構成で款コードの意味が違う）で、名称を確認できる資料も無い。款の意味が2020〜2023で同じことは、款ごとの節名称の集合が全22款で2023と重なることで裏づけた（2026-08-24 実測）
2020,revenue,1,一般会計,一般会計,16,,3,,5,,,15,都(道府県)支出金,,,map,款名「都支出金」。マスタの表記は「都(道府県)支出金」。名称の根拠は 2023年度の歳入事項別明細（決算資料 PDF、テキスト抽出・調定額79/79一致）。⚠️ **2020年度以降に限る** — 2018〜2019年度は歳入の款体系が別（20〜21款構成で款コードの意味が違う）で、名称を確認できる資料も無い。款の意味が2020〜2023で同じことは、款ごとの節名称の集合が全22款で2023と重なることで裏づけた（2026-08-24 実測）
2020,revenue,1,一般会計,一般会計,17,,1,,1,,,16,財産収入,,,map,款名「財産収入」がマスタと一致。名称の根拠は 2023年度の歳入事項別明細（決算資料 PDF、テキスト抽出・調定額79/79一致）。⚠️ **2020年度以降に限る** — 2018〜2019年度は歳入の款体系が別（20〜21款構成で款コードの意味が違う）で、名称を確認できる資料も無い。款の意味が2020〜2023で同じことは、款ごとの節名称の集合が全22款で2023と重なることで裏づけた（2026-08-24 実測）
2020,revenue,1,一般会計,一般会計,17,,1,,2,,,16,財産収入,,,map,款名「財産収入」がマスタと一致。名称の根拠は 2023年度の歳入事項別明細（決算資料 PDF、テキスト抽出・調定額79/79一致）。⚠️ **2020年度以降に限る** — 2018〜2019年度は歳入の款体系が別（20〜21款構成で款コードの意味が違う）で、名称を確認できる資料も無い。款の意味が2020〜2023で同じことは、款ごとの節名称の集合が全22款で2023と重なることで裏づけた（2026-08-24 実測）
2020,revenue,1,一般会計,一般会計,17,,2,,1,,,16,財産収入,,,map,款名「財産収入」がマスタと一致。名称の根拠は 2023年度の歳入事項別明細（決算資料 PDF、テキスト抽出・調定額79/79一致）。⚠️ **2020年度以降に限る** — 2018〜2019年度は歳入の款体系が別（20〜21款構成で款コードの意味が違う）で、名称を確認できる資料も無い。款の意味が2020〜2023で同じことは、款ごとの節名称の集合が全22款で2023と重なることで裏づけた（2026-08-24 実測）
2020,revenue,1,一般会計,一般会計,17,,2,,2,,,16,財産収入,,,map,款名「財産収入」がマスタと一致。名称の根拠は 2023年度の歳入事項別明細（決算資料 PDF、テキスト抽出・調定額79/79一致）。⚠️ **2020年度以降に限る** — 2018〜2019年度は歳入の款体系が別（20〜21款構成で款コードの意味が違う）で、名称を確認できる資料も無い。款の意味が2020〜2023で同じことは、款ごとの節名称の集合が全22款で2023と重なることで裏づけた（2026-08-24 実測）
2020,revenue,1,一般会計,一般会計,18,,1,,1,,,17,寄附金,,,map,款名「寄附金」がマスタと一致。名称の根拠は 2023年度の歳入事項別明細（決算資料 PDF、テキスト抽出・調定額79/79一致）。⚠️ **2020年度以降に限る** — 2018〜2019年度は歳入の款体系が別（20〜21款構成で款コードの意味が違う）で、名称を確認できる資料も無い。款の意味が2020〜2023で同じことは、款ごとの節名称の集合が全22款で2023と重なることで裏づけた（2026-08-24 実測）
2020,revenue,1,一般会計,一般会計,18,,1,,2,,,17,寄附金,,,map,款名「寄附金」がマスタと一致。名称の根拠は 2023年度の歳入事項別明細（決算資料 PDF、テキスト抽出・調定額79/79一致）。⚠️ **2020年度以降に限る** — 2018〜2019年度は歳入の款体系が別（20〜21款構成で款コードの意味が違う）で、名称を確認できる資料も無い。款の意味が2020〜2023で同じことは、款ごとの節名称の集合が全22款で2023と重なることで裏づけた（2026-08-24 実測）
2020,revenue,1,一般会計,一般会計,19,,1,,1,,,18,繰入金,,,map,款名「繰入金」がマスタと一致。名称の根拠は 2023年度の歳入事項別明細（決算資料 PDF、テキスト抽出・調定額79/79一致）。⚠️ **2020年度以降に限る** — 2018〜2019年度は歳入の款体系が別（20〜21款構成で款コードの意味が違う）で、名称を確認できる資料も無い。款の意味が2020〜2023で同じことは、款ごとの節名称の集合が全22款で2023と重なることで裏づけた（2026-08-24 実測）
2020,revenue,1,一般会計,一般会計,19,,1,,2,,,18,繰入金,,,map,款名「繰入金」がマスタと一致。名称の根拠は 2023年度の歳入事項別明細（決算資料 PDF、テキスト抽出・調定額79/79一致）。⚠️ **2020年度以降に限る** — 2018〜2019年度は歳入の款体系が別（20〜21款構成で款コードの意味が違う）で、名称を確認できる資料も無い。款の意味が2020〜2023で同じことは、款ごとの節名称の集合が全22款で2023と重なることで裏づけた（2026-08-24 実測）
2020,revenue,1,一般会計,一般会計,20,,1,,1,,,19,繰越金,,,map,款名「繰越金」がマスタと一致。名称の根拠は 2023年度の歳入事項別明細（決算資料 PDF、テキスト抽出・調定額79/79一致）。⚠️ **2020年度以降に限る** — 2018〜2019年度は歳入の款体系が別（20〜21款構成で款コードの意味が違う）で、名称を確認できる資料も無い。款の意味が2020〜2023で同じことは、款ごとの節名称の集合が全22款で2023と重なることで裏づけた（2026-08-24 実測）
2020,revenue,1,一般会計,一般会計,21,,1,,1,,,20,諸収入,,,map,款名「諸収入」がマスタと一致。名称の根拠は 2023年度の歳入事項別明細（決算資料 PDF、テキスト抽出・調定額79/79一致）。⚠️ **2020年度以降に限る** — 2018〜2019年度は歳入の款体系が別（20〜21款構成で款コードの意味が違う）で、名称を確認できる資料も無い。款の意味が2020〜2023で同じことは、款ごとの節名称の集合が全22款で2023と重なることで裏づけた（2026-08-24 実測）
2020,revenue,1,一般会計,一般会計,21,,1,,2,,,20,諸収入,,,map,款名「諸収入」がマスタと一致。名称の根拠は 2023年度の歳入事項別明細（決算資料 PDF、テキスト抽出・調定額79/79一致）。⚠️ **2020年度以降に限る** — 2018〜2019年度は歳入の款体系が別（20〜21款構成で款コードの意味が違う）で、名称を確認できる資料も無い。款の意味が2020〜2023で同じことは、款ごとの節名称の集合が全22款で2023と重なることで裏づけた（2026-08-24 実測）
2020,revenue,1,一般会計,一般会計,21,,2,,1,,,20,諸収入,,,map,款名「諸収入」がマスタと一致。名称の根拠は 2023年度の歳入事項別明細（決算資料 PDF、テキスト抽出・調定額79/79一致）。⚠️ **2020年度以降に限る** — 2018〜2019年度は歳入の款体系が別（20〜21款構成で款コードの意味が違う）で、名称を確認できる資料も無い。款の意味が2020〜2023で同じことは、款ごとの節名称の集合が全22款で2023と重なることで裏づけた（2026-08-24 実測）
2020,revenue,1,一般会計,一般会計,21,,3,,1,,,20,諸収入,,,map,款名「諸収入」がマスタと一致。名称の根拠は 2023年度の歳入事項別明細（決算資料 PDF、テキスト抽出・調定額79/79一致）。⚠️ **2020年度以降に限る** — 2018〜2019年度は歳入の款体系が別（20〜21款構成で款コードの意味が違う）で、名称を確認できる資料も無い。款の意味が2020〜2023で同じことは、款ごとの節名称の集合が全22款で2023と重なることで裏づけた（2026-08-24 実測）
2020,revenue,1,一般会計,一般会計,21,,4,,1,,,20,諸収入,,,map,款名「諸収入」がマスタと一致。名称の根拠は 2023年度の歳入事項別明細（決算資料 PDF、テキスト抽出・調定額79/79一致）。⚠️ **2020年度以降に限る** — 2018〜2019年度は歳入の款体系が別（20〜21款構成で款コードの意味が違う）で、名称を確認できる資料も無い。款の意味が2020〜2023で同じことは、款ごとの節名称の集合が全22款で2023と重なることで裏づけた（2026-08-24 実測）
2020,revenue,1,一般会計,一般会計,21,,5,,1,,,20,諸収入,,,map,款名「諸収入」がマスタと一致。名称の根拠は 2023年度の歳入事項別明細（決算資料 PDF、テキスト抽出・調定額79/79一致）。⚠️ **2020年度以降に限る** — 2018〜2019年度は歳入の款体系が別（20〜21款構成で款コードの意味が違う）で、名称を確認できる資料も無い。款の意味が2020〜2023で同じことは、款ごとの節名称の集合が全22款で2023と重なることで裏づけた（2026-08-24 実測）
2020,revenue,1,一般会計,一般会計,21,,6,,1,,,20,諸収入,,,map,款名「諸収入」がマスタと一致。名称の根拠は 2023年度の歳入事項別明細（決算資料 PDF、テキスト抽出・調定額79/79一致）。⚠️ **2020年度以降に限る** — 2018〜2019年度は歳入の款体系が別（20〜21款構成で款コードの意味が違う）で、名称を確認できる資料も無い。款の意味が2020〜2023で同じことは、款ごとの節名称の集合が全22款で2023と重なることで裏づけた（2026-08-24 実測）
2020,revenue,1,一般会計,一般会計,22,,1,,1,,,21,市(町村)債,,,map,款名「市債」。マスタの表記は「市(町村)債」。名称の根拠は 2023年度の歳入事項別明細（決算資料 PDF、テキスト抽出・調定額79/79一致）。⚠️ **2020年度以降に限る** — 2018〜2019年度は歳入の款体系が別（20〜21款構成で款コードの意味が違う）で、名称を確認できる資料も無い。款の意味が2020〜2023で同じことは、款ごとの節名称の集合が全22款で2023と重なることで裏づけた（2026-08-24 実測）
2020,revenue,1,一般会計,一般会計,22,,1,,2,,,21,市(町村)債,,,map,款名「市債」。マスタの表記は「市(町村)債」。名称の根拠は 2023年度の歳入事項別明細（決算資料 PDF、テキスト抽出・調定額79/79一致）。⚠️ **2020年度以降に限る** — 2018〜2019年度は歳入の款体系が別（20〜21款構成で款コードの意味が違う）で、名称を確認できる資料も無い。款の意味が2020〜2023で同じことは、款ごとの節名称の集合が全22款で2023と重なることで裏づけた（2026-08-24 実測）
2020,revenue,1,一般会計,一般会計,22,,1,,3,,,21,市(町村)債,,,map,款名「市債」。マスタの表記は「市(町村)債」。名称の根拠は 2023年度の歳入事項別明細（決算資料 PDF、テキスト抽出・調定額79/79一致）。⚠️ **2020年度以降に限る** — 2018〜2019年度は歳入の款体系が別（20〜21款構成で款コードの意味が違う）で、名称を確認できる資料も無い。款の意味が2020〜2023で同じことは、款ごとの節名称の集合が全22款で2023と重なることで裏づけた（2026-08-24 実測）
2020,revenue,1,一般会計,一般会計,22,,1,,4,,,21,市(町村)債,,,map,款名「市債」。マスタの表記は「市(町村)債」。名称の根拠は 2023年度の歳入事項別明細（決算資料 PDF、テキスト抽出・調定額79/79一致）。⚠️ **2020年度以降に限る** — 2018〜2019年度は歳入の款体系が別（20〜21款構成で款コードの意味が違う）で、名称を確認できる資料も無い。款の意味が2020〜2023で同じことは、款ごとの節名称の集合が全22款で2023と重なることで裏づけた（2026-08-24 実測）
2020,revenue,1,一般会計,一般会計,22,,1,,5,,,21,市(町村)債,,,map,款名「市債」。マスタの表記は「市(町村)債」。名称の根拠は 2023年度の歳入事項別明細（決算資料 PDF、テキスト抽出・調定額79/79一致）。⚠️ **2020年度以降に限る** — 2018〜2019年度は歳入の款体系が別（20〜21款構成で款コードの意味が違う）で、名称を確認できる資料も無い。款の意味が2020〜2023で同じことは、款ごとの節名称の集合が全22款で2023と重なることで裏づけた（2026-08-24 実測）
2020,revenue,11,国民健康保険特別会計,国民健康保険,1,,1,,1,,,1,保険税（料）,,,map,狛江市国保会計の歳入款1。保険料の徴収科目のみを収める。52表 歳入001列「保険税（料）」
2020,revenue,11,国民健康保険特別会計,国民健康保険,1,,1,,2,,,1,保険税（料）,,,map,狛江市国保会計の歳入款1。保険料の徴収科目のみを収める。52表 歳入001列「保険税（料）」
2020,revenue,11,国民健康保険特別会計,国民健康保険,2,,1,,1,,,3,国庫支出金,,,map,狛江市国保会計の歳入款2（2019年度以降）。国庫補助金・負担金の科目を収める。52表 歳入005列
2020,revenue,11,国民健康保険特別会計,国民健康保険,2,,1,,2,,,3,国庫支出金,,,map,狛江市国保会計の歳入款2（2019年度以降）。国庫補助金・負担金の科目を収める。52表 歳入005列
2020,revenue,11,国民健康保険特別会計,国民健康保険,3,,1,,1,,,4,都道府県支出金,,,map,狛江市国保会計の歳入款3（2019年度以降）。都支出金・給付費等交付金・都繰入金を収める。52表 歳入006列（他会計からの繰入である都繰入金を内包）
2020,revenue,11,国民健康保険特別会計,国民健康保険,3,,1,,2,,,4,都道府県支出金,,,map,狛江市国保会計の歳入款3（2019年度以降）。都支出金・給付費等交付金・都繰入金を収める。52表 歳入006列（他会計からの繰入である都繰入金を内包）
2020,revenue,11,国民健康保険特別会計,国民健康保険,3,,2,,1,,,4,都道府県支出金,,,map,狛江市国保会計の歳入款3（2019年度以降）。都支出金・給付費等交付金・都繰入金を収める。52表 歳入006列（他会計からの繰入である都繰入金を内包）
2020,revenue,11,国民健康保険特別会計,国民健康保険,4,,1,,1,,,7,他会計繰入金,,,map,狛江市国保会計の歳入款4（2019年度以降）。一般会計繰入金の科目を収める。52表 歳入017列
2020,revenue,11,国民健康保険特別会計,国民健康保険,5,,1,,1,,,9,繰越金,,,map,狛江市国保会計の歳入款5（2019年度以降）。繰越金の科目を収める。52表 歳入024列
2020,revenue,11,国民健康保険特別会計,国民健康保険,6,,1,,1,,,11,その他の収入,,,map,狛江市国保会計の歳入款6（2019年度以降）。延滞金・雑入・受託事業収入等。52表 歳入027列
2020,revenue,11,国民健康保険特別会計,国民健康保険,6,,1,,2,,,11,その他の収入,,,map,狛江市国保会計の歳入款6（2019年度以降）。延滞金・雑入・受託事業収入等。52表 歳入027列
2020,revenue,11,国民健康保険特別会計,国民健康保険,6,,2,,1,,,11,その他の収入,,,map,狛江市国保会計の歳入款6（2019年度以降）。延滞金・雑入・受託事業収入等。52表 歳入027列
2020,revenue,11,国民健康保険特別会計,国民健康保険,6,,3,,1,,,11,その他の収入,,,map,狛江市国保会計の歳入款6（2019年度以降）。延滞金・雑入・受託事業収入等。52表 歳入027列
2020,revenue,11,国民健康保険特別会計,国民健康保険,6,,3,,2,,,11,その他の収入,,,map,狛江市国保会計の歳入款6（2019年度以降）。延滞金・雑入・受託事業収入等。52表 歳入027列
2020,revenue,11,国民健康保険特別会計,国民健康保険,6,,3,,3,,,11,その他の収入,,,map,狛江市国保会計の歳入款6（2019年度以降）。延滞金・雑入・受託事業収入等。52表 歳入027列
2020,revenue,11,国民健康保険特別会計,国民健康保険,6,,3,,4,,,11,その他の収入,,,map,狛江市国保会計の歳入款6（2019年度以降）。延滞金・雑入・受託事業収入等。52表 歳入027列
2020,revenue,11,国民健康保険特別会計,国民健康保険,6,,3,,5,,,11,その他の収入,,,map,狛江市国保会計の歳入款6（2019年度以降）。延滞金・雑入・受託事業収入等。52表 歳入027列
2020,revenue,14,介護保険特別会計,介護保険,1,,1,,1,,,1,保険料,,,map,狛江市介護保険会計の歳入款1。保険料の科目のみ。63表 歳入001列
2020,revenue,14,介護保険特別会計,介護保険,2,,1,,1,,,10,その他の収入,,,map,狛江市介護保険会計の歳入款2。証明手数料のみ。63表 歳入029列相当
2020,revenue,14,介護保険特別会計,介護保険,3,,1,,1,,,2,国庫支出金,,,map,狛江市介護保険会計の歳入款3。国庫の補助金・負担金・交付金を収める。63表 歳入002列相当
2020,revenue,14,介護保険特別会計,介護保険,3,,2,,1,,,2,国庫支出金,,,map,狛江市介護保険会計の歳入款3。国庫の補助金・負担金・交付金を収める。63表 歳入002列相当
2020,revenue,14,介護保険特別会計,介護保険,3,,2,,2,,,2,国庫支出金,,,map,狛江市介護保険会計の歳入款3。国庫の補助金・負担金・交付金を収める。63表 歳入002列相当
2020,revenue,14,介護保険特別会計,介護保険,3,,2,,3,,,2,国庫支出金,,,map,狛江市介護保険会計の歳入款3。国庫の補助金・負担金・交付金を収める。63表 歳入002列相当
2020,revenue,14,介護保険特別会計,介護保険,3,,2,,4,,,2,国庫支出金,,,map,狛江市介護保険会計の歳入款3。国庫の補助金・負担金・交付金を収める。63表 歳入002列相当
2020,revenue,14,介護保険特別会計,介護保険,3,,2,,5,,,2,国庫支出金,,,map,狛江市介護保険会計の歳入款3。国庫の補助金・負担金・交付金を収める。63表 歳入002列相当
2020,revenue,14,介護保険特別会計,介護保険,3,,2,,6,,,2,国庫支出金,,,map,狛江市介護保険会計の歳入款3。国庫の補助金・負担金・交付金を収める。63表 歳入002列相当
2020,revenue,14,介護保険特別会計,介護保険,3,,2,,7,,,2,国庫支出金,,,map,狛江市介護保険会計の歳入款3。国庫の補助金・負担金・交付金を収める。63表 歳入002列相当
2020,revenue,14,介護保険特別会計,介護保険,4,,1,,1,,,3,支払基金交付金,,,map,狛江市介護保険会計の歳入款4。介護給付費交付金・地域支援事業支援交付金を収める。63表 歳入008列相当
2020,revenue,14,介護保険特別会計,介護保険,4,,1,,2,,,3,支払基金交付金,,,map,狛江市介護保険会計の歳入款4。介護給付費交付金・地域支援事業支援交付金を収める。63表 歳入008列相当
2020,revenue,14,介護保険特別会計,介護保険,5,,1,,1,,,4,都道府県支出金,,,map,狛江市介護保険会計の歳入款5。都の負担金・交付金を収める。63表 歳入011列相当
2020,revenue,14,介護保険特別会計,介護保険,5,,2,,1,,,4,都道府県支出金,,,map,狛江市介護保険会計の歳入款5。都の負担金・交付金を収める。63表 歳入011列相当
2020,revenue,14,介護保険特別会計,介護保険,5,,2,,2,,,4,都道府県支出金,,,map,狛江市介護保険会計の歳入款5。都の負担金・交付金を収める。63表 歳入011列相当
2020,revenue,14,介護保険特別会計,介護保険,6,,1,,1,,,10,その他の収入,,,map,狛江市介護保険会計の歳入款6。介護保険給付費準備基金預金利子。63表 歳入029列相当
2020,revenue,14,介護保険特別会計,介護保険,7,,1,,1,,,10,その他の収入,,,map,狛江市介護保険会計の歳入款7。一般寄附金。63表 歳入029列相当
2020,revenue,14,介護保険特別会計,介護保険,8,,1,,1,,,6,他会計繰入金,,,map,狛江市介護保険会計の歳入款8。一般会計繰入金（項1）と介護保険給付費準備基金繰入金（項2）を収める。63表 歳入018列相当
2020,revenue,14,介護保険特別会計,介護保険,8,,1,,2,,,6,他会計繰入金,,,map,狛江市介護保険会計の歳入款8。一般会計繰入金（項1）と介護保険給付費準備基金繰入金（項2）を収める。63表 歳入018列相当
2020,revenue,14,介護保険特別会計,介護保険,8,,1,,3,,,6,他会計繰入金,,,map,狛江市介護保険会計の歳入款8。一般会計繰入金（項1）と介護保険給付費準備基金繰入金（項2）を収める。63表 歳入018列相当
2020,revenue,14,介護保険特別会計,介護保険,8,,1,,4,,,6,他会計繰入金,,,map,狛江市介護保険会計の歳入款8。一般会計繰入金（項1）と介護保険給付費準備基金繰入金（項2）を収める。63表 歳入018列相当
2020,revenue,14,介護保険特別会計,介護保険,8,,1,,5,,,6,他会計繰入金,,,map,狛江市介護保険会計の歳入款8。一般会計繰入金（項1）と介護保険給付費準備基金繰入金（項2）を収める。63表 歳入018列相当
2020,revenue,14,介護保険特別会計,介護保険,8,,2,,1,,,6,他会計繰入金,,,map,狛江市介護保険会計の歳入款8。一般会計繰入金（項1）と介護保険給付費準備基金繰入金（項2）を収める。63表 歳入018列相当
2020,revenue,14,介護保険特別会計,介護保険,9,,1,,1,,,8,繰越金,,,map,狛江市介護保険会計の歳入款9。前年度繰越金。63表 歳入026列
2020,revenue,14,介護保険特別会計,介護保険,10,,1,,1,,,10,その他の収入,,,map,狛江市介護保険会計の歳入款10。雑入・延滞金・利用者負担金等。63表 歳入029列
2020,revenue,14,介護保険特別会計,介護保険,10,,2,,1,,,10,その他の収入,,,map,狛江市介護保険会計の歳入款10。雑入・延滞金・利用者負担金等。63表 歳入029列
2020,revenue,14,介護保険特別会計,介護保険,10,,3,,1,,,10,その他の収入,,,map,狛江市介護保険会計の歳入款10。雑入・延滞金・利用者負担金等。63表 歳入029列
2020,revenue,14,介護保険特別会計,介護保険,10,,3,,2,,,10,その他の収入,,,map,狛江市介護保険会計の歳入款10。雑入・延滞金・利用者負担金等。63表 歳入029列
2020,revenue,14,介護保険特別会計,介護保険,10,,3,,3,,,10,その他の収入,,,map,狛江市介護保険会計の歳入款10。雑入・延滞金・利用者負担金等。63表 歳入029列
2020,revenue,22,駐車場事業特別会計,駐車場事業,1,,1,,1,,,,,,,,
2020,revenue,22,駐車場事業特別会計,駐車場事業,2,,1,,1,,,,,,,,
2020,revenue,22,駐車場事業特別会計,駐車場事業,3,,1,,1,,,,,,,,
2020,revenue,22,駐車場事業特別会計,駐車場事業,3,,2,,1,,,,,,,,
2020,revenue,34,後期高齢者医療特別会計,後期高齢者医療,1,,1,,1,,,1,保険料,,,map,狛江市後期高齢者医療会計の歳入款1。保険料の科目のみ。94表 歳入001列
2020,revenue,34,後期高齢者医療特別会計,後期高齢者医療,1,,1,,2,,,1,保険料,,,map,狛江市後期高齢者医療会計の歳入款1。保険料の科目のみ。94表 歳入001列
2020,revenue,34,後期高齢者医療特別会計,後期高齢者医療,2,,1,,1,,,4,その他の収入,,,map,狛江市後期高齢者医療会計の歳入款2。証明手数料のみ。94表 歳入007列相当
2020,revenue,34,後期高齢者医療特別会計,後期高齢者医療,3,,1,,1,,,2,繰入金,,,map,狛江市後期高齢者医療会計の歳入款3。一般会計からの繰入金の科目のみ。94表 歳入003・004列相当
2020,revenue,34,後期高齢者医療特別会計,後期高齢者医療,4,,1,,1,,,3,繰越金,,,map,狛江市後期高齢者医療会計の歳入款4。前年度繰越金。94表 歳入006列
2020,revenue,34,後期高齢者医療特別会計,後期高齢者医療,5,,1,,1,,,4,その他の収入,,,map,狛江市後期高齢者医療会計の歳入款5。雑入・延滞金・受託事業収入等。94表 歳入007列相当
2020,revenue,34,後期高齢者医療特別会計,後期高齢者医療,5,,2,,1,,,4,その他の収入,,,map,狛江市後期高齢者医療会計の歳入款5。雑入・延滞金・受託事業収入等。94表 歳入007列相当
2020,revenue,34,後期高齢者医療特別会計,後期高齢者医療,5,,2,,2,,,4,その他の収入,,,map,狛江市後期高齢者医療会計の歳入款5。雑入・延滞金・受託事業収入等。94表 歳入007列相当
2020,revenue,34,後期高齢者医療特別会計,後期高齢者医療,5,,3,,1,,,4,その他の収入,,,map,狛江市後期高齢者医療会計の歳入款5。雑入・延滞金・受託事業収入等。94表 歳入007列相当
2020,revenue,34,後期高齢者医療特別会計,後期高齢者医療,5,,4,,1,,,4,その他の収入,,,map,狛江市後期高齢者医療会計の歳入款5。雑入・延滞金・受託事業収入等。94表 歳入007列相当
2020,revenue,34,後期高齢者医療特別会計,後期高齢者医療,5,,5,,1,,,4,その他の収入,,,map,狛江市後期高齢者医療会計の歳入款5。雑入・延滞金・受託事業収入等。94表 歳入007列相当
2020,revenue,34,後期高齢者医療特別会計,後期高齢者医療,6,,1,,1,,,,,,,,
2021,expenditure,1,一般会計,一般会計,1,議会費,1,議会費,1,議会費,settlement-pdf,1,議会費,1,議会費,map,項の名称がマスタと完全一致（款は account_map の対応を介す）
2021,expenditure,1,一般会計,一般会計,2,総務費,1,総務管理費,1,一般管理費,settlement-pdf,2,総務費,1,総務管理費,map,項の名称がマスタと完全一致（款は account_map の対応を介す）
2021,expenditure,1,一般会計,一般会計,2,総務費,1,総務管理費,2,文書管理費,settlement-pdf,2,総務費,1,総務管理費,map,項の名称がマスタと完全一致（款は account_map の対応を介す）
2021,expenditure,1,一般会計,一般会計,2,総務費,1,総務管理費,3,広報費,settlement-pdf,2,総務費,1,総務管理費,map,項の名称がマスタと完全一致（款は account_map の対応を介す）
2021,expenditure,1,一般会計,一般会計,2,総務費,1,総務管理費,4,財政管理費,settlement-pdf,2,総務費,1,総務管理費,map,項の名称がマスタと完全一致（款は account_map の対応を介す）
2021,expenditure,1,一般会計,一般会計,2,総務費,1,総務管理費,5,会計管理費,settlement-pdf,2,総務費,1,総務管理費,map,項の名称がマスタと完全一致（款は account_map の対応を介す）
2021,expenditure,1,一般会計,一般会計,2,総務費,1,総務管理費,6,財産管理費,settlement-pdf,2,総務費,1,総務管理費,map,項の名称がマスタと完全一致（款は account_map の対応を介す）
2021,expenditure,1,一般会計,一般会計,2,総務費,1,総務管理費,7,企画費,settlement-pdf,2,総務費,1,総務管理費,map,項の名称がマスタと完全一致（款は account_map の対応を介す）
2021,expenditure,1,一般会計,一般会計,2,総務費,1,総務管理費,8,計算事務費,settlement-pdf,2,総務費,1,総務管理費,map,項の名称がマスタと完全一致（款は account_map の対応を介す）
2021,expenditure,1,一般会計,一般会計,2,総務費,1,総務管理費,9,コミュニティ推進費,settlement-pdf,2,総務費,1,総務管理費,map,項の名称がマスタと完全一致（款は account_map の対応を介す）
2021,expenditure,1,一般会計,一般会計,2,総務費,1,総務管理費,10,訴訟費,settlement-pdf,2,総務費,1,総務管理費,map,項の名称がマスタと完全一致（款は account_map の対応を介す）
2021,expenditure,1,一般会計,一般会計,2,総務費,1,総務管理費,11,諸費,settlement-pdf,2,総務費,1,総務管理費,map,項の名称がマスタと完全一致（款は account_map の対応を介す）
2021,expenditure,1,一般会計,一般会計,2,総務費,2,徴税費,1,税務総務費,settlement-pdf,2,総務費,2,徴税費,map,項の名称がマスタと完全一致（款は account_map の対応を介す）
2021,expenditure,1,一般会計,一般会計,2,総務費,2,徴税費,2,賦課徴収費,settlement-pdf,2,総務費,2,徴税費,map,項の名称がマスタと完全一致（款は account_map の対応を介す）
2021,expenditure,1,一般会計,一般会計,2,総務費,2,徴税費,3,固定資産評価審査委員会費,settlement-pdf,2,総務費,2,徴税費,map,項の名称がマスタと完全一致（款は account_map の対応を介す）
2021,expenditure,1,一般会計,一般会計,2,総務費,3,戸籍住民基本台帳費,1,戸籍住民基本台帳費,settlement-pdf,2,総務費,3,戸籍住民基本台帳費,map,項の名称がマスタと完全一致（款は account_map の対応を介す）
2021,expenditure,1,一般会計,一般会計,2,総務費,3,戸籍住民基本台帳費,2,住居表示費,settlement-pdf,2,総務費,3,戸籍住民基本台帳費,map,項の名称がマスタと完全一致（款は account_map の対応を介す）
2021,expenditure,1,一般会計,一般会計,2,総務費,4,選挙費,1,選挙管理委員会費,settlement-pdf,2,総務費,4,選挙費,map,項の名称がマスタと完全一致（款は account_map の対応を介す）
2021,expenditure,1,一般会計,一般会計,2,総務費,4,選挙費,2,選挙啓発費,settlement-pdf,2,総務費,4,選挙費,map,項の名称がマスタと完全一致（款は account_map の対応を介す）
2021,expenditure,1,一般会計,一般会計,2,総務費,4,選挙費,3,東京都議会議員選挙費,settlement-pdf,2,総務費,4,選挙費,map,項の名称がマスタと完全一致（款は account_map の対応を介す）
2021,expenditure,1,一般会計,一般会計,2,総務費,4,選挙費,4,衆議院議員選挙費,settlement-pdf,2,総務費,4,選挙費,map,項の名称がマスタと完全一致（款は account_map の対応を介す）
2021,expenditure,1,一般会計,一般会計,2,総務費,5,統計調査費,1,統計調査総務費,settlement-pdf,2,総務費,5,統計調査費,map,項の名称がマスタと完全一致（款は account_map の対応を介す）
2021,expenditure,1,一般会計,一般会計,2,総務費,5,統計調査費,2,統計調査事業費,settlement-pdf,2,総務費,5,統計調査費,map,項の名称がマスタと完全一致（款は account_map の対応を介す）
2021,expenditure,1,一般会計,一般会計,2,総務費,6,監査委員費,1,監査委員費,settlement-pdf,2,総務費,6,監査委員費,map,項の名称がマスタと完全一致（款は account_map の対応を介す）
2021,expenditure,1,一般会計,一般会計,3,民生費,1,社会福祉費,1,社会福祉総務費,settlement-pdf,3,民生費,1,社会福祉費,map,項の名称がマスタと完全一致（款は account_map の対応を介す）
2021,expenditure,1,一般会計,一般会計,3,民生費,1,社会福祉費,2,身体障がい者福祉費,settlement-pdf,3,民生費,1,社会福祉費,map,項の名称がマスタと完全一致（款は account_map の対応を介す）
2021,expenditure,1,一般会計,一般会計,3,民生費,1,社会福祉費,3,知的障がい者福祉費,settlement-pdf,3,民生費,1,社会福祉費,map,項の名称がマスタと完全一致（款は account_map の対応を介す）
2021,expenditure,1,一般会計,一般会計,3,民生費,1,社会福祉費,4,老人福祉費,settlement-pdf,3,民生費,1,社会福祉費,map,項の名称がマスタと完全一致（款は account_map の対応を介す）
2021,expenditure,1,一般会計,一般会計,3,民生費,1,社会福祉費,5,国民年金費,settlement-pdf,3,民生費,1,社会福祉費,map,項の名称がマスタと完全一致（款は account_map の対応を介す）
2021,expenditure,1,一般会計,一般会計,3,民生費,1,社会福祉費,6,社会福祉施設費,settlement-pdf,3,民生費,1,社会福祉費,map,項の名称がマスタと完全一致（款は account_map の対応を介す）
2021,expenditure,1,一般会計,一般会計,3,民生費,1,社会福祉費,7,住宅関係費,settlement-pdf,3,民生費,1,社会福祉費,map,項の名称がマスタと完全一致（款は account_map の対応を介す）
2021,expenditure,1,一般会計,一般会計,3,民生費,1,社会福祉費,8,障がいサービス費,settlement-pdf,3,民生費,1,社会福祉費,map,項の名称がマスタと完全一致（款は account_map の対応を介す）
2021,expenditure,1,一般会計,一般会計,3,民生費,2,児童福祉費,1,児童福祉総務費,settlement-pdf,3,民生費,2,児童福祉費,map,項の名称がマスタと完全一致（款は account_map の対応を介す）
2021,expenditure,1,一般会計,一般会計,3,民生費,2,児童福祉費,2,児童措置費,settlement-pdf,3,民生費,2,児童福祉費,map,項の名称がマスタと完全一致（款は account_map の対応を介す）
2021,expenditure,1,一般会計,一般会計,3,民生費,2,児童福祉費,3,児童福祉施設費,settlement-pdf,3,民生費,2,児童福祉費,map,項の名称がマスタと完全一致（款は account_map の対応を介す）
2021,expenditure,1,一般会計,一般会計,3,民生費,2,児童福祉費,4,保育園費,settlement-pdf,3,民生費,2,児童福祉費,map,項の名称がマスタと完全一致（款は account_map の対応を介す）
2021,expenditure,1,一般会計,一般会計,3,民生費,2,児童福祉費,5,学童保育費,settlement-pdf,3,民生費,2,児童福祉費,map,項の名称がマスタと完全一致（款は account_map の対応を介す）
2021,expenditure,1,一般会計,一般会計,3,民生費,2,児童福祉費,6,児童館費,settlement-pdf,3,民生費,2,児童福祉費,map,項の名称がマスタと完全一致（款は account_map の対応を介す）
2021,expenditure,1,一般会計,一般会計,3,民生費,3,生活保護費,1,生活保護総務費,settlement-pdf,3,民生費,3,生活保護費,map,項の名称がマスタと完全一致（款は account_map の対応を介す）
2021,expenditure,1,一般会計,一般会計,3,民生費,3,生活保護費,2,扶助費,settlement-pdf,3,民生費,3,生活保護費,map,項の名称がマスタと完全一致（款は account_map の対応を介す）
2021,expenditure,1,一般会計,一般会計,4,衛生費,1,保健衛生費,1,保健衛生総務費,settlement-pdf,4,衛生費,1,保健衛生費,map,項の名称がマスタと完全一致（款は account_map の対応を介す）
2021,expenditure,1,一般会計,一般会計,4,衛生費,1,保健衛生費,2,予防費,settlement-pdf,4,衛生費,1,保健衛生費,map,項の名称がマスタと完全一致（款は account_map の対応を介す）
2021,expenditure,1,一般会計,一般会計,4,衛生費,1,保健衛生費,3,環境衛生費,settlement-pdf,4,衛生費,1,保健衛生費,map,項の名称がマスタと完全一致（款は account_map の対応を介す）
2021,expenditure,1,一般会計,一般会計,4,衛生費,1,保健衛生費,4,公害対策費,settlement-pdf,4,衛生費,1,保健衛生費,map,項の名称がマスタと完全一致（款は account_map の対応を介す）
2021,expenditure,1,一般会計,一般会計,4,衛生費,1,保健衛生費,5,自然保護費,settlement-pdf,4,衛生費,1,保健衛生費,map,項の名称がマスタと完全一致（款は account_map の対応を介す）
2021,expenditure,1,一般会計,一般会計,4,衛生費,2,清掃費,1,清掃総務費,settlement-pdf,4,衛生費,2,清掃費,map,項の名称がマスタと完全一致（款は account_map の対応を介す）
2021,expenditure,1,一般会計,一般会計,4,衛生費,2,清掃費,2,塵芥処理費,settlement-pdf,4,衛生費,2,清掃費,map,項の名称がマスタと完全一致（款は account_map の対応を介す）
2021,expenditure,1,一般会計,一般会計,4,衛生費,2,清掃費,3,し尿処理費,settlement-pdf,4,衛生費,2,清掃費,map,項の名称がマスタと完全一致（款は account_map の対応を介す）
2021,expenditure,1,一般会計,一般会計,4,衛生費,2,清掃費,4,清掃施設費,settlement-pdf,4,衛生費,2,清掃費,map,項の名称がマスタと完全一致（款は account_map の対応を介す）
2021,expenditure,1,一般会計,一般会計,5,,1,,1,,,5,労働費,,,map,款名「労働費」がマスタと一致
2021,expenditure,1,一般会計,一般会計,5,労働費,2,労働諸費,1,労働諸費,settlement-pdf,5,労働費,2,労働諸費,map,項の名称がマスタと完全一致（款は account_map の対応を介す）
2021,expenditure,1,一般会計,一般会計,6,農業費,1,農業費,1,農業委員会費,settlement-pdf,6,農林水産業費,1,農業費,map,項の名称がマスタと完全一致（款は account_map の対応を介す）
2021,expenditure,1,一般会計,一般会計,6,農業費,1,農業費,2,農業総務費,settlement-pdf,6,農林水産業費,1,農業費,map,項の名称がマスタと完全一致（款は account_map の対応を介す）
2021,expenditure,1,一般会計,一般会計,6,農業費,1,農業費,3,農業振興費,settlement-pdf,6,農林水産業費,1,農業費,map,項の名称がマスタと完全一致（款は account_map の対応を介す）
2021,expenditure,1,一般会計,一般会計,6,農業費,1,農業費,4,土地利用対策費,settlement-pdf,6,農林水産業費,1,農業費,map,項の名称がマスタと完全一致（款は account_map の対応を介す）
2021,expenditure,1,一般会計,一般会計,7,商工費,1,商工費,1,商工総務費,settlement-pdf,7,商工費,1,商工費,map,項の名称がマスタと完全一致（款は account_map の対応を介す）
2021,expenditure,1,一般会計,一般会計,7,商工費,1,商工費,2,商工業振興費,settlement-pdf,7,商工費,1,商工費,map,項の名称がマスタと完全一致（款は account_map の対応を介す）
2021,expenditure,1,一般会計,一般会計,7,商工費,1,商工費,3,消費経済対策費,settlement-pdf,7,商工費,1,商工費,map,項の名称がマスタと完全一致（款は account_map の対応を介す）
2021,expenditure,1,一般会計,一般会計,7,商工費,1,商工費,4,観光費,settlement-pdf,7,商工費,1,商工費,map,項の名称がマスタと完全一致（款は account_map の対応を介す）
2021,expenditure,1,一般会計,一般会計,8,土木費,1,土木管理費,1,土木総務費,settlement-pdf,8,土木費,1,土木管理費,map,項の名称がマスタと完全一致（款は account_map の対応を介す）
2021,expenditure,1,一般会計,一般会計,8,土木費,2,道路橋りょう費,1,道路橋りょう総務費,settlement-pdf,8,土木費,2,道路橋りよう費,map,マスタの表記は「道路橋りよう費」。拗音の大小の表記差で同じ項
2021,expenditure,1,一般会計,一般会計,8,土木費,2,道路橋りょう費,2,道路維持費,settlement-pdf,8,土木費,2,道路橋りよう費,map,マスタの表記は「道路橋りよう費」。拗音の大小の表記差で同じ項
2021,expenditure,1,一般会計,一般会計,8,土木費,2,道路橋りょう費,3,道路新設改良費,settlement-pdf,8,土木費,2,道路橋りよう費,map,マスタの表記は「道路橋りよう費」。拗音の大小の表記差で同じ項
2021,expenditure,1,一般会計,一般会計,8,土木費,2,道路橋りょう費,4,道路照明費,settlement-pdf,8,土木費,2,道路橋りよう費,map,マスタの表記は「道路橋りよう費」。拗音の大小の表記差で同じ項
2021,expenditure,1,一般会計,一般会計,8,土木費,2,道路橋りょう費,5,交通安全対策費,settlement-pdf,8,土木費,2,道路橋りよう費,map,マスタの表記は「道路橋りよう費」。拗音の大小の表記差で同じ項
2021,expenditure,1,一般会計,一般会計,8,土木費,3,河川費,1,河川総務費,settlement-pdf,8,土木費,3,河川費,map,項の名称がマスタと完全一致（款は account_map の対応を介す）
2021,expenditure,1,一般会計,一般会計,8,土木費,4,都市計画費,1,都市計画総務費,settlement-pdf,8,土木費,5,都市計画費,map,項の名称がマスタと完全一致（款は account_map の対応を介す）
2021,expenditure,1,一般会計,一般会計,8,土木費,4,都市計画費,2,再開発費,settlement-pdf,8,土木費,5,都市計画費,map,項の名称がマスタと完全一致（款は account_map の対応を介す）
2021,expenditure,1,一般会計,一般会計,8,土木費,4,都市計画費,3,街路事業費,settlement-pdf,8,土木費,5,都市計画費,map,項の名称がマスタと完全一致（款は account_map の対応を介す）
2021,expenditure,1,一般会計,一般会計,8,土木費,4,都市計画費,4,公園緑地費,settlement-pdf,8,土木費,5,都市計画費,map,項の名称がマスタと完全一致（款は account_map の対応を介す）
2021,expenditure,1,一般会計,一般会計,8,土木費,4,都市計画費,5,下水道費,settlement-pdf,8,土木費,5,都市計画費,map,項の名称がマスタと完全一致（款は account_map の対応を介す）
2021,expenditure,1,一般会計,一般会計,9,消防費,1,消防費,1,常備消防費,settlement-pdf,9,消防費,1,消防費,map,項の名称がマスタと完全一致（款は account_map の対応を介す）
2021,expenditure,1,一般会計,一般会計,9,消防費,1,消防費,2,非常備消防費,settlement-pdf,9,消防費,1,消防費,map,項の名称がマスタと完全一致（款は account_map の対応を介す）
2021,expenditure,1,一般会計,一般会計,9,消防費,1,消防費,3,消防施設費,settlement-pdf,9,消防費,1,消防費,map,項の名称がマスタと完全一致（款は account_map の対応を介す）
2021,expenditure,1,一般会計,一般会計,9,消防費,1,消防費,4,災害対策費,settlement-pdf,9,消防費,1,消防費,map,項の名称がマスタと完全一致（款は account_map の対応を介す）
2021,expenditure,1,一般会計,一般会計,10,教育費,1,教育総務費,1,教育委員会費,settlement-pdf,10,教育費,1,教育総務費,map,項の名称がマスタと完全一致（款は account_map の対応を介す）
2021,expenditure,1,一般会計,一般会計,10,教育費,1,教育総務費,2,事務局費,settlement-pdf,10,教育費,1,教育総務費,map,項の名称がマスタと完全一致（款は account_map の対応を介す）
2021,expenditure,1,一般会計,一般会計,10,教育費,1,教育総務費,3,教育指導費,settlement-pdf,10,教育費,1,教育総務費,map,項の名称がマスタと完全一致（款は account_map の対応を介す）
2021,expenditure,1,一般会計,一般会計,10,教育費,2,小学校費,1,学校管理費,settlement-pdf,10,教育費,2,小学校費,map,項の名称がマスタと完全一致（款は account_map の対応を介す）
2021,expenditure,1,一般会計,一般会計,10,教育費,2,小学校費,2,教育振興費,settlement-pdf,10,教育費,2,小学校費,map,項の名称がマスタと完全一致（款は account_map の対応を介す）
2021,expenditure,1,一般会計,一般会計,10,教育費,2,小学校費,3,特別支援学級費,settlement-pdf,10,教育費,2,小学校費,map,項の名称がマスタと完全一致（款は account_map の対応を介す）
2021,expenditure,1,一般会計,一般会計,10,教育費,2,小学校費,4,学校保健衛生費,settlement-pdf,10,教育費,2,小学校費,map,項の名称がマスタと完全一致（款は account_map の対応を介す）
2021,expenditure,1,一般会計,一般会計,10,教育費,2,小学校費,5,学校給食費,settlement-pdf,10,教育費,2,小学校費,map,項の名称がマスタと完全一致（款は account_map の対応を介す）
2021,expenditure,1,一般会計,一般会計,10,教育費,2,小学校費,6,学校建設費,settlement-pdf,10,教育費,2,小学校費,map,項の名称がマスタと完全一致（款は account_map の対応を介す）
2021,expenditure,1,一般会計,一般会計,10,教育費,3,中学校費,1,学校管理費,settlement-pdf,10,教育費,3,中学校費,map,項の名称がマスタと完全一致（款は account_map の対応を介す）
2021,expenditure,1,一般会計,一般会計,10,教育費,3,中学校費,2,教育振興費,settlement-pdf,10,教育費,3,中学校費,map,項の名称がマスタと完全一致（款は account_map の対応を介す）
2021,expenditure,1,一般会計,一般会計,10,教育費,3,中学校費,3,特別支援学級費,settlement-pdf,10,教育費,3,中学校費,map,項の名称がマスタと完全一致（款は account_map の対応を介す）
2021,expenditure,1,一般会計,一般会計,10,教育費,3,中学校費,4,学校保健衛生費,settlement-pdf,10,教育費,3,中学校費,map,項の名称がマスタと完全一致（款は account_map の対応を介す）
2021,expenditure,1,一般会計,一般会計,10,教育費,3,中学校費,5,学校給食費,settlement-pdf,10,教育費,3,中学校費,map,項の名称がマスタと完全一致（款は account_map の対応を介す）
2021,expenditure,1,一般会計,一般会計,10,教育費,3,中学校費,6,学校建設費,settlement-pdf,10,教育費,3,中学校費,map,項の名称がマスタと完全一致（款は account_map の対応を介す）
2021,expenditure,1,一般会計,一般会計,10,教育費,4,幼児教育費,1,幼児教育振興費,settlement-pdf,10,教育費,,,addition,法定の項に無い。市の追加区分として登録する
2021,expenditure,1,一般会計,一般会計,10,教育費,5,社会教育費,1,社会教育総務費,settlement-pdf,10,教育費,6,社会教育費,map,項の名称がマスタと完全一致（款は account_map の対応を介す）
2021,expenditure,1,一般会計,一般会計,10,教育費,5,社会教育費,2,市民センター費,settlement-pdf,10,教育費,6,社会教育費,map,項の名称がマスタと完全一致（款は account_map の対応を介す）
2021,expenditure,1,一般会計,一般会計,10,教育費,5,社会教育費,3,公民館費,settlement-pdf,10,教育費,6,社会教育費,map,項の名称がマスタと完全一致（款は account_map の対応を介す）
2021,expenditure,1,一般会計,一般会計,10,教育費,5,社会教育費,4,図書館費,settlement-pdf,10,教育費,6,社会教育費,map,項の名称がマスタと完全一致（款は account_map の対応を介す）
2021,expenditure,1,一般会計,一般会計,10,教育費,5,社会教育費,5,市民ホール費,settlement-pdf,10,教育費,6,社会教育費,map,項の名称がマスタと完全一致（款は account_map の対応を介す）
2021,expenditure,1,一般会計,一般会計,10,教育費,6,保健体育費,1,保健体育総務費,settlement-pdf,10,教育費,7,保健体育費,map,項の名称がマスタと完全一致（款は account_map の対応を介す）
2021,expenditure,1,一般会計,一般会計,10,教育費,6,保健体育費,2,体育施設費,settlement-pdf,10,教育費,7,保健体育費,map,項の名称がマスタと完全一致（款は account_map の対応を介す）
2021,expenditure,1,一般会計,一般会計,11,公債費,1,公債費,1,元金,settlement-pdf,12,公債費,1,公債費,map,項の名称がマスタと完全一致（款は account_map の対応を介す）
2021,expenditure,1,一般会計,一般会計,11,公債費,1,公債費,2,利子,settlement-pdf,12,公債費,1,公債費,map,項の名称がマスタと完全一致（款は account_map の対応を介す）
2021,expenditure,1,一般会計,一般会計,12,諸支出金,1,基金費,1,財政調整基金費,settlement-pdf,13,諸支出金,,,addition,法定の諸支出金の項（普通財産取得費・公営企業貸付金）に無い。市の追加区分として登録する
2021,expenditure,1,一般会計,一般会計,12,諸支出金,1,基金費,2,減債基金費,settlement-pdf,13,諸支出金,,,addition,法定の諸支出金の項（普通財産取得費・公営企業貸付金）に無い。市の追加区分として登録する
2021,expenditure,1,一般会計,一般会計,12,,1,,3,,,13,諸支出金,,,map,款名「諸支出金」。法定の款13
2021,expenditure,1,一般会計,一般会計,13,,1,,1,,,14,予備費,,,map,款名「予備費」。法定の款14
2021,expenditure,11,国民健康保険特別会計,国民健康保険,1,,1,,1,,,1,総務費,,,map,狛江市国保会計の款1。決算額は届かないが科目構成（委託料・役務費等の経費科目）で総務費と同定。63表的な給付・納付金ではない
2021,expenditure,11,国民健康保険特別会計,国民健康保険,1,,1,,2,,,1,総務費,,,map,狛江市国保会計の款1。決算額は届かないが科目構成（委託料・役務費等の経費科目）で総務費と同定。63表的な給付・納付金ではない
2021,expenditure,11,国民健康保険特別会計,国民健康保険,1,,1,,3,,,1,総務費,,,map,狛江市国保会計の款1。決算額は届かないが科目構成（委託料・役務費等の経費科目）で総務費と同定。63表的な給付・納付金ではない
2021,expenditure,11,国民健康保険特別会計,国民健康保険,1,,2,,1,,,1,総務費,,,map,狛江市国保会計の款1。決算額は届かないが科目構成（委託料・役務費等の経費科目）で総務費と同定。63表的な給付・納付金ではない
2021,expenditure,11,国民健康保険特別会計,国民健康保険,2,,1,,1,,,2,保険給付費,,,map,"狛江市国保会計の款2。執行累計4,679,332,397円が52表の保険給付費（令和5年度決算）と一致"
2021,expenditure,11,国民健康保険特別会計,国民健康保険,2,,1,,2,,,2,保険給付費,,,map,"狛江市国保会計の款2。執行累計4,679,332,397円が52表の保険給付費（令和5年度決算）と一致"
2021,expenditure,11,国民健康保険特別会計,国民健康保険,2,,1,,3,,,2,保険給付費,,,map,"狛江市国保会計の款2。執行累計4,679,332,397円が52表の保険給付費（令和5年度決算）と一致"
2021,expenditure,11,国民健康保険特別会計,国民健康保険,2,,1,,4,,,2,保険給付費,,,map,"狛江市国保会計の款2。執行累計4,679,332,397円が52表の保険給付費（令和5年度決算）と一致"
2021,expenditure,11,国民健康保険特別会計,国民健康保険,2,,1,,5,,,2,保険給付費,,,map,"狛江市国保会計の款2。執行累計4,679,332,397円が52表の保険給付費（令和5年度決算）と一致"
2021,expenditure,11,国民健康保険特別会計,国民健康保険,2,,2,,1,,,2,保険給付費,,,map,"狛江市国保会計の款2。執行累計4,679,332,397円が52表の保険給付費（令和5年度決算）と一致"
2021,expenditure,11,国民健康保険特別会計,国民健康保険,2,,2,,2,,,2,保険給付費,,,map,"狛江市国保会計の款2。執行累計4,679,332,397円が52表の保険給付費（令和5年度決算）と一致"
2021,expenditure,11,国民健康保険特別会計,国民健康保険,2,,2,,3,,,2,保険給付費,,,map,"狛江市国保会計の款2。執行累計4,679,332,397円が52表の保険給付費（令和5年度決算）と一致"
2021,expenditure,11,国民健康保険特別会計,国民健康保険,2,,2,,4,,,2,保険給付費,,,map,"狛江市国保会計の款2。執行累計4,679,332,397円が52表の保険給付費（令和5年度決算）と一致"
2021,expenditure,11,国民健康保険特別会計,国民健康保険,2,,3,,1,,,2,保険給付費,,,map,"狛江市国保会計の款2。執行累計4,679,332,397円が52表の保険給付費（令和5年度決算）と一致"
2021,expenditure,11,国民健康保険特別会計,国民健康保険,2,,3,,2,,,2,保険給付費,,,map,"狛江市国保会計の款2。執行累計4,679,332,397円が52表の保険給付費（令和5年度決算）と一致"
2021,expenditure,11,国民健康保険特別会計,国民健康保険,2,,4,,1,,,2,保険給付費,,,map,"狛江市国保会計の款2。執行累計4,679,332,397円が52表の保険給付費（令和5年度決算）と一致"
2021,expenditure,11,国民健康保険特別会計,国民健康保険,2,,5,,1,,,2,保険給付費,,,map,"狛江市国保会計の款2。執行累計4,679,332,397円が52表の保険給付費（令和5年度決算）と一致"
2021,expenditure,11,国民健康保険特別会計,国民健康保険,2,,6,,1,,,2,保険給付費,,,map,"狛江市国保会計の款2。執行累計4,679,332,397円が52表の保険給付費（令和5年度決算）と一致"
2021,expenditure,11,国民健康保険特別会計,国民健康保険,2,,6,,2,,,2,保険給付費,,,map,"狛江市国保会計の款2。執行累計4,679,332,397円が52表の保険給付費（令和5年度決算）と一致"
2021,expenditure,11,国民健康保険特別会計,国民健康保険,2,,7,,1,,,2,保険給付費,,,map,"狛江市国保会計の款2。執行累計4,679,332,397円が52表の保険給付費（令和5年度決算）と一致"
2021,expenditure,11,国民健康保険特別会計,国民健康保険,3,,1,,1,,,3,国民健康保険事業費納付金,,,map,"狛江市国保会計の款3。執行累計2,790,525,757円が52表の国民健康保険事業費納付金と一致"
2021,expenditure,11,国民健康保険特別会計,国民健康保険,3,,1,,2,,,3,国民健康保険事業費納付金,,,map,"狛江市国保会計の款3。執行累計2,790,525,757円が52表の国民健康保険事業費納付金と一致"
2021,expenditure,11,国民健康保険特別会計,国民健康保険,3,,2,,1,,,3,国民健康保険事業費納付金,,,map,"狛江市国保会計の款3。執行累計2,790,525,757円が52表の国民健康保険事業費納付金と一致"
2021,expenditure,11,国民健康保険特別会計,国民健康保険,3,,3,,1,,,3,国民健康保険事業費納付金,,,map,"狛江市国保会計の款3。執行累計2,790,525,757円が52表の国民健康保険事業費納付金と一致"
2021,expenditure,11,国民健康保険特別会計,国民健康保険,4,,1,,1,,,4,保健事業費,,,map,"狛江市国保会計の款4。執行累計114,234,835円が52表の保健事業費と一致"
2021,expenditure,11,国民健康保険特別会計,国民健康保険,5,,1,,1,,,5,基金積立金,,,map,狛江市国保会計の款5（執行0・予算計500千円）。位置と構造から基金積立金
2021,expenditure,11,国民健康保険特別会計,国民健康保険,6,,1,,1,,,9,その他の支出,,,map,"狛江市国保会計の款6（2019年度以降）。執行累計119,963,088円が52表のその他の支出と一致（繰出金の項を内包）"
2021,expenditure,11,国民健康保険特別会計,国民健康保険,6,,1,,2,,,9,その他の支出,,,map,"狛江市国保会計の款6（2019年度以降）。執行累計119,963,088円が52表のその他の支出と一致（繰出金の項を内包）"
2021,expenditure,11,国民健康保険特別会計,国民健康保険,6,,1,,3,,,9,その他の支出,,,map,"狛江市国保会計の款6（2019年度以降）。執行累計119,963,088円が52表のその他の支出と一致（繰出金の項を内包）"
2021,expenditure,11,国民健康保険特別会計,国民健康保険,6,,2,,1,,,9,その他の支出,,,map,"狛江市国保会計の款6（2019年度以降）。執行累計119,963,088円が52表のその他の支出と一致（繰出金の項を内包）"
2021,expenditure,11,国民健康保険特別会計,国民健康保険,7,,1,,1,,,10,予備費,,,map,狛江市国保会計の款7（2019年度以降・執行0・予備費の科目のみ）
2021,expenditure,14,介護保険特別会計,介護保険,1,,1,,1,,,1,総務費,,,map,狛江市介護保険会計の款1。総務費相当（経費科目の集合）
2021,expenditure,14,介護保険特別会計,介護保険,1,,1,,2,,,1,総務費,,,map,狛江市介護保険会計の款1。総務費相当（経費科目の集合）
2021,expenditure,14,介護保険特別会計,介護保険,1,,1,,3,,,1,総務費,,,map,狛江市介護保険会計の款1。総務費相当（経費科目の集合）
2021,expenditure,14,介護保険特別会計,介護保険,2,,1,,1,,,2,保険給付費,,,map,"狛江市介護保険会計の款2。執行累計6,927,245,614円が63表の保険給付費（令和5年度決算）と一致"
2021,expenditure,14,介護保険特別会計,介護保険,2,,1,,2,,,2,保険給付費,,,map,"狛江市介護保険会計の款2。執行累計6,927,245,614円が63表の保険給付費（令和5年度決算）と一致"
2021,expenditure,14,介護保険特別会計,介護保険,2,,1,,3,,,2,保険給付費,,,map,"狛江市介護保険会計の款2。執行累計6,927,245,614円が63表の保険給付費（令和5年度決算）と一致"
2021,expenditure,14,介護保険特別会計,介護保険,2,,1,,4,,,2,保険給付費,,,map,"狛江市介護保険会計の款2。執行累計6,927,245,614円が63表の保険給付費（令和5年度決算）と一致"
2021,expenditure,14,介護保険特別会計,介護保険,2,,1,,5,,,2,保険給付費,,,map,"狛江市介護保険会計の款2。執行累計6,927,245,614円が63表の保険給付費（令和5年度決算）と一致"
2021,expenditure,14,介護保険特別会計,介護保険,2,,1,,6,,,2,保険給付費,,,map,"狛江市介護保険会計の款2。執行累計6,927,245,614円が63表の保険給付費（令和5年度決算）と一致"
2021,expenditure,14,介護保険特別会計,介護保険,3,,1,,1,,,3,地域支援事業費,,,map,"狛江市介護保険会計の款3。執行累計193,722,723円が63表の地域支援事業と一致"
2021,expenditure,14,介護保険特別会計,介護保険,3,,1,,2,,,3,地域支援事業費,,,map,"狛江市介護保険会計の款3。執行累計193,722,723円が63表の地域支援事業と一致"
2021,expenditure,14,介護保険特別会計,介護保険,3,,1,,3,,,3,地域支援事業費,,,map,"狛江市介護保険会計の款3。執行累計193,722,723円が63表の地域支援事業と一致"
2021,expenditure,14,介護保険特別会計,介護保険,3,,1,,4,,,3,地域支援事業費,,,map,"狛江市介護保険会計の款3。執行累計193,722,723円が63表の地域支援事業と一致"
2021,expenditure,14,介護保険特別会計,介護保険,4,,1,,1,,,,,,,,
2021,expenditure,14,介護保険特別会計,介護保険,5,,1,,1,,,6,基金積立金,,,map,"狛江市介護保険会計の款5。執行累計106,187,401円が63表の基金積立金と一致"
2021,expenditure,14,介護保険特別会計,介護保険,6,,1,,1,,,8,公債費,,,map,狛江市介護保険会計の款6（償還金利子の科目のみ・執行0）。償還債務は公債費相当
2021,expenditure,14,介護保険特別会計,介護保険,7,,1,,1,,,7,繰出金,,,map,"狛江市介護保険会計の款7。執行累計25,892,000円が63表の繰出金と一致"
2021,expenditure,14,介護保険特別会計,介護保険,8,,1,,1,,,10,その他の支出,,,map,"狛江市介護保険会計の款8。執行累計16,283,063円が63表のその他の支出と一致"
2021,expenditure,14,介護保険特別会計,介護保険,8,,1,,2,,,10,その他の支出,,,map,"狛江市介護保険会計の款8。執行累計16,283,063円が63表のその他の支出と一致"
2021,expenditure,14,介護保険特別会計,介護保険,8,,2,,1,,,10,その他の支出,,,map,"狛江市介護保険会計の款8。執行累計16,283,063円が63表のその他の支出と一致"
2021,expenditure,14,介護保険特別会計,介護保険,9,,1,,1,,,11,予備費,,,map,狛江市介護保険会計の款9（予備費の科目のみ・執行0）
2021,expenditure,22,駐車場事業特別会計,駐車場事業,1,,1,,1,,,,,,,,
2021,expenditure,34,後期高齢者医療特別会計,後期高齢者医療,1,,1,,1,,,1,総務費,,,map,狛江市後期高齢者医療会計の款1。総務費相当（経費科目の集合）
2021,expenditure,34,後期高齢者医療特別会計,後期高齢者医療,1,,2,,1,,,1,総務費,,,map,狛江市後期高齢者医療会計の款1。総務費相当（経費科目の集合）
2021,expenditure,34,後期高齢者医療特別会計,後期高齢者医療,1,,2,,2,,,1,総務費,,,map,狛江市後期高齢者医療会計の款1。総務費相当（経費科目の集合）
2021,expenditure,34,後期高齢者医療特別会計,後期高齢者医療,2,,1,,1,,,2,後期高齢者医療広域連合納付金,,,map,"狛江市後期高齢者医療会計の款2。負担金、補助及び交付金の単一科目で広域連合納付金相当（ただし市の帳簿額2,188,750,528円と94表の納付金1,355,124千円は大きくずれる）"
2021,expenditure,34,後期高齢者医療特別会計,後期高齢者医療,3,,1,,1,,,3,保健事業費,,,map,狛江市後期高齢者医療会計の款3。委託料主体（健診等の保健事業相当）
2021,expenditure,34,後期高齢者医療特別会計,後期高齢者医療,4,,1,,1,,,6,その他の支出,,,map,狛江市後期高齢者医療会計の款4。償還金系と繰出金（項2目1、一般会計への繰出）を内包するその他の支出相当
2021,expenditure,34,後期高齢者医療特別会計,後期高齢者医療,4,,1,,2,,,6,その他の支出,,,map,狛江市後期高齢者医療会計の款4。償還金系と繰出金（項2目1、一般会計への繰出）を内包するその他の支出相当
2021,expenditure,34,後期高齢者医療特別会計,後期高齢者医療,4,,2,,1,,,6,その他の支出,,,map,狛江市後期高齢者医療会計の款4。償還金系と繰出金（項2目1、一般会計への繰出）を内包するその他の支出相当
2021,expenditure,34,後期高齢者医療特別会計,後期高齢者医療,5,,1,,1,,,7,予備費,,,map,狛江市後期高齢者医療会計の款5（予備費の科目のみ・執行0）
2021,revenue,1,一般会計,一般会計,1,,1,,1,,,1,市(町村)税,,,map,款名「市税」。マスタの表記は「市(町村)税」。名称の根拠は 2023年度の歳入事項別明細（決算資料 PDF、テキスト抽出・調定額79/79一致）。⚠️ **2020年度以降に限る** — 2018〜2019年度は歳入の款体系が別（20〜21款構成で款コードの意味が違う）で、名称を確認できる資料も無い。款の意味が2020〜2023で同じことは、款ごとの節名称の集合が全22款で2023と重なることで裏づけた（2026-08-24 実測）
2021,revenue,1,一般会計,一般会計,1,,1,,2,,,1,市(町村)税,,,map,款名「市税」。マスタの表記は「市(町村)税」。名称の根拠は 2023年度の歳入事項別明細（決算資料 PDF、テキスト抽出・調定額79/79一致）。⚠️ **2020年度以降に限る** — 2018〜2019年度は歳入の款体系が別（20〜21款構成で款コードの意味が違う）で、名称を確認できる資料も無い。款の意味が2020〜2023で同じことは、款ごとの節名称の集合が全22款で2023と重なることで裏づけた（2026-08-24 実測）
2021,revenue,1,一般会計,一般会計,1,,2,,1,,,1,市(町村)税,,,map,款名「市税」。マスタの表記は「市(町村)税」。名称の根拠は 2023年度の歳入事項別明細（決算資料 PDF、テキスト抽出・調定額79/79一致）。⚠️ **2020年度以降に限る** — 2018〜2019年度は歳入の款体系が別（20〜21款構成で款コードの意味が違う）で、名称を確認できる資料も無い。款の意味が2020〜2023で同じことは、款ごとの節名称の集合が全22款で2023と重なることで裏づけた（2026-08-24 実測）
2021,revenue,1,一般会計,一般会計,1,,2,,2,,,1,市(町村)税,,,map,款名「市税」。マスタの表記は「市(町村)税」。名称の根拠は 2023年度の歳入事項別明細（決算資料 PDF、テキスト抽出・調定額79/79一致）。⚠️ **2020年度以降に限る** — 2018〜2019年度は歳入の款体系が別（20〜21款構成で款コードの意味が違う）で、名称を確認できる資料も無い。款の意味が2020〜2023で同じことは、款ごとの節名称の集合が全22款で2023と重なることで裏づけた（2026-08-24 実測）
2021,revenue,1,一般会計,一般会計,1,,3,,1,,,1,市(町村)税,,,map,款名「市税」。マスタの表記は「市(町村)税」。名称の根拠は 2023年度の歳入事項別明細（決算資料 PDF、テキスト抽出・調定額79/79一致）。⚠️ **2020年度以降に限る** — 2018〜2019年度は歳入の款体系が別（20〜21款構成で款コードの意味が違う）で、名称を確認できる資料も無い。款の意味が2020〜2023で同じことは、款ごとの節名称の集合が全22款で2023と重なることで裏づけた（2026-08-24 実測）
2021,revenue,1,一般会計,一般会計,1,,3,,2,,,1,市(町村)税,,,map,款名「市税」。マスタの表記は「市(町村)税」。名称の根拠は 2023年度の歳入事項別明細（決算資料 PDF、テキスト抽出・調定額79/79一致）。⚠️ **2020年度以降に限る** — 2018〜2019年度は歳入の款体系が別（20〜21款構成で款コードの意味が違う）で、名称を確認できる資料も無い。款の意味が2020〜2023で同じことは、款ごとの節名称の集合が全22款で2023と重なることで裏づけた（2026-08-24 実測）
2021,revenue,1,一般会計,一般会計,1,,4,,1,,,1,市(町村)税,,,map,款名「市税」。マスタの表記は「市(町村)税」。名称の根拠は 2023年度の歳入事項別明細（決算資料 PDF、テキスト抽出・調定額79/79一致）。⚠️ **2020年度以降に限る** — 2018〜2019年度は歳入の款体系が別（20〜21款構成で款コードの意味が違う）で、名称を確認できる資料も無い。款の意味が2020〜2023で同じことは、款ごとの節名称の集合が全22款で2023と重なることで裏づけた（2026-08-24 実測）
2021,revenue,1,一般会計,一般会計,1,,5,,1,,,1,市(町村)税,,,map,款名「市税」。マスタの表記は「市(町村)税」。名称の根拠は 2023年度の歳入事項別明細（決算資料 PDF、テキスト抽出・調定額79/79一致）。⚠️ **2020年度以降に限る** — 2018〜2019年度は歳入の款体系が別（20〜21款構成で款コードの意味が違う）で、名称を確認できる資料も無い。款の意味が2020〜2023で同じことは、款ごとの節名称の集合が全22款で2023と重なることで裏づけた（2026-08-24 実測）
2021,revenue,1,一般会計,一般会計,1,,6,,1,,,1,市(町村)税,,,map,款名「市税」。マスタの表記は「市(町村)税」。名称の根拠は 2023年度の歳入事項別明細（決算資料 PDF、テキスト抽出・調定額79/79一致）。⚠️ **2020年度以降に限る** — 2018〜2019年度は歳入の款体系が別（20〜21款構成で款コードの意味が違う）で、名称を確認できる資料も無い。款の意味が2020〜2023で同じことは、款ごとの節名称の集合が全22款で2023と重なることで裏づけた（2026-08-24 実測）
2021,revenue,1,一般会計,一般会計,2,,1,,1,,,2,地方譲与税,,,map,款名「地方譲与税」がマスタと一致。名称の根拠は 2023年度の歳入事項別明細（決算資料 PDF、テキスト抽出・調定額79/79一致）。⚠️ **2020年度以降に限る** — 2018〜2019年度は歳入の款体系が別（20〜21款構成で款コードの意味が違う）で、名称を確認できる資料も無い。款の意味が2020〜2023で同じことは、款ごとの節名称の集合が全22款で2023と重なることで裏づけた（2026-08-24 実測）
2021,revenue,1,一般会計,一般会計,2,,2,,1,,,2,地方譲与税,,,map,款名「地方譲与税」がマスタと一致。名称の根拠は 2023年度の歳入事項別明細（決算資料 PDF、テキスト抽出・調定額79/79一致）。⚠️ **2020年度以降に限る** — 2018〜2019年度は歳入の款体系が別（20〜21款構成で款コードの意味が違う）で、名称を確認できる資料も無い。款の意味が2020〜2023で同じことは、款ごとの節名称の集合が全22款で2023と重なることで裏づけた（2026-08-24 実測）
2021,revenue,1,一般会計,一般会計,2,,3,,1,,,2,地方譲与税,,,map,款名「地方譲与税」がマスタと一致。名称の根拠は 2023年度の歳入事項別明細（決算資料 PDF、テキスト抽出・調定額79/79一致）。⚠️ **2020年度以降に限る** — 2018〜2019年度は歳入の款体系が別（20〜21款構成で款コードの意味が違う）で、名称を確認できる資料も無い。款の意味が2020〜2023で同じことは、款ごとの節名称の集合が全22款で2023と重なることで裏づけた（2026-08-24 実測）
2021,revenue,1,一般会計,一般会計,3,,1,,1,,,3,利子割交付金,,,map,款名「利子割交付金」がマスタと一致。名称の根拠は 2023年度の歳入事項別明細（決算資料 PDF、テキスト抽出・調定額79/79一致）。⚠️ **2020年度以降に限る** — 2018〜2019年度は歳入の款体系が別（20〜21款構成で款コードの意味が違う）で、名称を確認できる資料も無い。款の意味が2020〜2023で同じことは、款ごとの節名称の集合が全22款で2023と重なることで裏づけた（2026-08-24 実測）
2021,revenue,1,一般会計,一般会計,4,,1,,1,,,4,配当割交付金,,,map,款名「配当割交付金」がマスタと一致。名称の根拠は 2023年度の歳入事項別明細（決算資料 PDF、テキスト抽出・調定額79/79一致）。⚠️ **2020年度以降に限る** — 2018〜2019年度は歳入の款体系が別（20〜21款構成で款コードの意味が違う）で、名称を確認できる資料も無い。款の意味が2020〜2023で同じことは、款ごとの節名称の集合が全22款で2023と重なることで裏づけた（2026-08-24 実測）
2021,revenue,1,一般会計,一般会計,5,,1,,1,,,5,株式等譲渡所得割交付金,,,map,款名「株式等譲渡所得割交付金」がマスタと一致。名称の根拠は 2023年度の歳入事項別明細（決算資料 PDF、テキスト抽出・調定額79/79一致）。⚠️ **2020年度以降に限る** — 2018〜2019年度は歳入の款体系が別（20〜21款構成で款コードの意味が違う）で、名称を確認できる資料も無い。款の意味が2020〜2023で同じことは、款ごとの節名称の集合が全22款で2023と重なることで裏づけた（2026-08-24 実測）
2021,revenue,1,一般会計,一般会計,6,,1,,1,,,6,法人事業税交付金,,,map,款名「法人事業税交付金」がマスタと一致。名称の根拠は 2023年度の歳入事項別明細（決算資料 PDF、テキスト抽出・調定額79/79一致）。⚠️ **2020年度以降に限る** — 2018〜2019年度は歳入の款体系が別（20〜21款構成で款コードの意味が違う）で、名称を確認できる資料も無い。款の意味が2020〜2023で同じことは、款ごとの節名称の集合が全22款で2023と重なることで裏づけた（2026-08-24 実測）
2021,revenue,1,一般会計,一般会計,7,,1,,1,,,7,地方消費税交付金,,,map,款名「地方消費税交付金」がマスタと一致。名称の根拠は 2023年度の歳入事項別明細（決算資料 PDF、テキスト抽出・調定額79/79一致）。⚠️ **2020年度以降に限る** — 2018〜2019年度は歳入の款体系が別（20〜21款構成で款コードの意味が違う）で、名称を確認できる資料も無い。款の意味が2020〜2023で同じことは、款ごとの節名称の集合が全22款で2023と重なることで裏づけた（2026-08-24 実測）
2021,revenue,1,一般会計,一般会計,8,,1,,1,,,,,,,historical,款名「旧法による自動車取得税交付金」（2023年度の歳入事項別明細で確認）。2019年廃止の旧法定区分の経過措置で、現行の法定様式に無い
2021,revenue,1,一般会計,一般会計,9,,1,,1,,,8,環境性能割交付金,,,map,款名「環境性能割交付金」がマスタと一致。名称の根拠は 2023年度の歳入事項別明細（決算資料 PDF、テキスト抽出・調定額79/79一致）。⚠️ **2020年度以降に限る** — 2018〜2019年度は歳入の款体系が別（20〜21款構成で款コードの意味が違う）で、名称を確認できる資料も無い。款の意味が2020〜2023で同じことは、款ごとの節名称の集合が全22款で2023と重なることで裏づけた（2026-08-24 実測）
2021,revenue,1,一般会計,一般会計,10,,1,,1,,,9,地方特例交付金,,,map,款名「地方特例交付金」がマスタと一致。名称の根拠は 2023年度の歳入事項別明細（決算資料 PDF、テキスト抽出・調定額79/79一致）。⚠️ **2020年度以降に限る** — 2018〜2019年度は歳入の款体系が別（20〜21款構成で款コードの意味が違う）で、名称を確認できる資料も無い。款の意味が2020〜2023で同じことは、款ごとの節名称の集合が全22款で2023と重なることで裏づけた（2026-08-24 実測）
2021,revenue,1,一般会計,一般会計,10,,2,,1,,,9,地方特例交付金,,,map,款名「地方特例交付金」がマスタと一致。名称の根拠は 2023年度の歳入事項別明細（決算資料 PDF、テキスト抽出・調定額79/79一致）。⚠️ **2020年度以降に限る** — 2018〜2019年度は歳入の款体系が別（20〜21款構成で款コードの意味が違う）で、名称を確認できる資料も無い。款の意味が2020〜2023で同じことは、款ごとの節名称の集合が全22款で2023と重なることで裏づけた（2026-08-24 実測）
2021,revenue,1,一般会計,一般会計,11,,1,,1,,,10,地方交付税,,,map,款名「地方交付税」がマスタと一致。名称の根拠は 2023年度の歳入事項別明細（決算資料 PDF、テキスト抽出・調定額79/79一致）。⚠️ **2020年度以降に限る** — 2018〜2019年度は歳入の款体系が別（20〜21款構成で款コードの意味が違う）で、名称を確認できる資料も無い。款の意味が2020〜2023で同じことは、款ごとの節名称の集合が全22款で2023と重なることで裏づけた（2026-08-24 実測）
2021,revenue,1,一般会計,一般会計,12,,1,,1,,,11,交通安全対策特別交付金,,,map,款名「交通安全対策特別交付金」がマスタと一致。名称の根拠は 2023年度の歳入事項別明細（決算資料 PDF、テキスト抽出・調定額79/79一致）。⚠️ **2020年度以降に限る** — 2018〜2019年度は歳入の款体系が別（20〜21款構成で款コードの意味が違う）で、名称を確認できる資料も無い。款の意味が2020〜2023で同じことは、款ごとの節名称の集合が全22款で2023と重なることで裏づけた（2026-08-24 実測）
2021,revenue,1,一般会計,一般会計,13,,1,,1,,,12,分担金及び負担金,,,map,款名「分担金及び負担金」がマスタと一致。名称の根拠は 2023年度の歳入事項別明細（決算資料 PDF、テキスト抽出・調定額79/79一致）。⚠️ **2020年度以降に限る** — 2018〜2019年度は歳入の款体系が別（20〜21款構成で款コードの意味が違う）で、名称を確認できる資料も無い。款の意味が2020〜2023で同じことは、款ごとの節名称の集合が全22款で2023と重なることで裏づけた（2026-08-24 実測）
2021,revenue,1,一般会計,一般会計,13,,1,,2,,,12,分担金及び負担金,,,map,款名「分担金及び負担金」がマスタと一致。名称の根拠は 2023年度の歳入事項別明細（決算資料 PDF、テキスト抽出・調定額79/79一致）。⚠️ **2020年度以降に限る** — 2018〜2019年度は歳入の款体系が別（20〜21款構成で款コードの意味が違う）で、名称を確認できる資料も無い。款の意味が2020〜2023で同じことは、款ごとの節名称の集合が全22款で2023と重なることで裏づけた（2026-08-24 実測）
2021,revenue,1,一般会計,一般会計,13,,1,,3,,,12,分担金及び負担金,,,map,款名「分担金及び負担金」がマスタと一致。名称の根拠は 2023年度の歳入事項別明細（決算資料 PDF、テキスト抽出・調定額79/79一致）。⚠️ **2020年度以降に限る** — 2018〜2019年度は歳入の款体系が別（20〜21款構成で款コードの意味が違う）で、名称を確認できる資料も無い。款の意味が2020〜2023で同じことは、款ごとの節名称の集合が全22款で2023と重なることで裏づけた（2026-08-24 実測）
2021,revenue,1,一般会計,一般会計,14,,1,,1,,,13,使用料及び手数料,,,map,款名「使用料及び手数料」がマスタと一致。名称の根拠は 2023年度の歳入事項別明細（決算資料 PDF、テキスト抽出・調定額79/79一致）。⚠️ **2020年度以降に限る** — 2018〜2019年度は歳入の款体系が別（20〜21款構成で款コードの意味が違う）で、名称を確認できる資料も無い。款の意味が2020〜2023で同じことは、款ごとの節名称の集合が全22款で2023と重なることで裏づけた（2026-08-24 実測）
2021,revenue,1,一般会計,一般会計,14,,1,,2,,,13,使用料及び手数料,,,map,款名「使用料及び手数料」がマスタと一致。名称の根拠は 2023年度の歳入事項別明細（決算資料 PDF、テキスト抽出・調定額79/79一致）。⚠️ **2020年度以降に限る** — 2018〜2019年度は歳入の款体系が別（20〜21款構成で款コードの意味が違う）で、名称を確認できる資料も無い。款の意味が2020〜2023で同じことは、款ごとの節名称の集合が全22款で2023と重なることで裏づけた（2026-08-24 実測）
2021,revenue,1,一般会計,一般会計,14,,1,,3,,,13,使用料及び手数料,,,map,款名「使用料及び手数料」がマスタと一致。名称の根拠は 2023年度の歳入事項別明細（決算資料 PDF、テキスト抽出・調定額79/79一致）。⚠️ **2020年度以降に限る** — 2018〜2019年度は歳入の款体系が別（20〜21款構成で款コードの意味が違う）で、名称を確認できる資料も無い。款の意味が2020〜2023で同じことは、款ごとの節名称の集合が全22款で2023と重なることで裏づけた（2026-08-24 実測）
2021,revenue,1,一般会計,一般会計,14,,1,,4,,,13,使用料及び手数料,,,map,款名「使用料及び手数料」がマスタと一致。名称の根拠は 2023年度の歳入事項別明細（決算資料 PDF、テキスト抽出・調定額79/79一致）。⚠️ **2020年度以降に限る** — 2018〜2019年度は歳入の款体系が別（20〜21款構成で款コードの意味が違う）で、名称を確認できる資料も無い。款の意味が2020〜2023で同じことは、款ごとの節名称の集合が全22款で2023と重なることで裏づけた（2026-08-24 実測）
2021,revenue,1,一般会計,一般会計,14,,1,,5,,,13,使用料及び手数料,,,map,款名「使用料及び手数料」がマスタと一致。名称の根拠は 2023年度の歳入事項別明細（決算資料 PDF、テキスト抽出・調定額79/79一致）。⚠️ **2020年度以降に限る** — 2018〜2019年度は歳入の款体系が別（20〜21款構成で款コードの意味が違う）で、名称を確認できる資料も無い。款の意味が2020〜2023で同じことは、款ごとの節名称の集合が全22款で2023と重なることで裏づけた（2026-08-24 実測）
2021,revenue,1,一般会計,一般会計,14,,2,,1,,,13,使用料及び手数料,,,map,款名「使用料及び手数料」がマスタと一致。名称の根拠は 2023年度の歳入事項別明細（決算資料 PDF、テキスト抽出・調定額79/79一致）。⚠️ **2020年度以降に限る** — 2018〜2019年度は歳入の款体系が別（20〜21款構成で款コードの意味が違う）で、名称を確認できる資料も無い。款の意味が2020〜2023で同じことは、款ごとの節名称の集合が全22款で2023と重なることで裏づけた（2026-08-24 実測）
2021,revenue,1,一般会計,一般会計,14,,2,,2,,,13,使用料及び手数料,,,map,款名「使用料及び手数料」がマスタと一致。名称の根拠は 2023年度の歳入事項別明細（決算資料 PDF、テキスト抽出・調定額79/79一致）。⚠️ **2020年度以降に限る** — 2018〜2019年度は歳入の款体系が別（20〜21款構成で款コードの意味が違う）で、名称を確認できる資料も無い。款の意味が2020〜2023で同じことは、款ごとの節名称の集合が全22款で2023と重なることで裏づけた（2026-08-24 実測）
2021,revenue,1,一般会計,一般会計,14,,2,,3,,,13,使用料及び手数料,,,map,款名「使用料及び手数料」がマスタと一致。名称の根拠は 2023年度の歳入事項別明細（決算資料 PDF、テキスト抽出・調定額79/79一致）。⚠️ **2020年度以降に限る** — 2018〜2019年度は歳入の款体系が別（20〜21款構成で款コードの意味が違う）で、名称を確認できる資料も無い。款の意味が2020〜2023で同じことは、款ごとの節名称の集合が全22款で2023と重なることで裏づけた（2026-08-24 実測）
2021,revenue,1,一般会計,一般会計,15,,1,,1,,,14,国庫支出金,,,map,款名「国庫支出金」がマスタと一致。名称の根拠は 2023年度の歳入事項別明細（決算資料 PDF、テキスト抽出・調定額79/79一致）。⚠️ **2020年度以降に限る** — 2018〜2019年度は歳入の款体系が別（20〜21款構成で款コードの意味が違う）で、名称を確認できる資料も無い。款の意味が2020〜2023で同じことは、款ごとの節名称の集合が全22款で2023と重なることで裏づけた（2026-08-24 実測）
2021,revenue,1,一般会計,一般会計,15,,1,,2,,,14,国庫支出金,,,map,款名「国庫支出金」がマスタと一致。名称の根拠は 2023年度の歳入事項別明細（決算資料 PDF、テキスト抽出・調定額79/79一致）。⚠️ **2020年度以降に限る** — 2018〜2019年度は歳入の款体系が別（20〜21款構成で款コードの意味が違う）で、名称を確認できる資料も無い。款の意味が2020〜2023で同じことは、款ごとの節名称の集合が全22款で2023と重なることで裏づけた（2026-08-24 実測）
2021,revenue,1,一般会計,一般会計,15,,1,,3,,,14,国庫支出金,,,map,款名「国庫支出金」がマスタと一致。名称の根拠は 2023年度の歳入事項別明細（決算資料 PDF、テキスト抽出・調定額79/79一致）。⚠️ **2020年度以降に限る** — 2018〜2019年度は歳入の款体系が別（20〜21款構成で款コードの意味が違う）で、名称を確認できる資料も無い。款の意味が2020〜2023で同じことは、款ごとの節名称の集合が全22款で2023と重なることで裏づけた（2026-08-24 実測）
2021,revenue,1,一般会計,一般会計,15,,2,,1,,,14,国庫支出金,,,map,款名「国庫支出金」がマスタと一致。名称の根拠は 2023年度の歳入事項別明細（決算資料 PDF、テキスト抽出・調定額79/79一致）。⚠️ **2020年度以降に限る** — 2018〜2019年度は歳入の款体系が別（20〜21款構成で款コードの意味が違う）で、名称を確認できる資料も無い。款の意味が2020〜2023で同じことは、款ごとの節名称の集合が全22款で2023と重なることで裏づけた（2026-08-24 実測）
2021,revenue,1,一般会計,一般会計,15,,2,,2,,,14,国庫支出金,,,map,款名「国庫支出金」がマスタと一致。名称の根拠は 2023年度の歳入事項別明細（決算資料 PDF、テキスト抽出・調定額79/79一致）。⚠️ **2020年度以降に限る** — 2018〜2019年度は歳入の款体系が別（20〜21款構成で款コードの意味が違う）で、名称を確認できる資料も無い。款の意味が2020〜2023で同じことは、款ごとの節名称の集合が全22款で2023と重なることで裏づけた（2026-08-24 実測）
2021,revenue,1,一般会計,一般会計,15,,2,,3,,,14,国庫支出金,,,map,款名「国庫支出金」がマスタと一致。名称の根拠は 2023年度の歳入事項別明細（決算資料 PDF、テキスト抽出・調定額79/79一致）。⚠️ **2020年度以降に限る** — 2018〜2019年度は歳入の款体系が別（20〜21款構成で款コードの意味が違う）で、名称を確認できる資料も無い。款の意味が2020〜2023で同じことは、款ごとの節名称の集合が全22款で2023と重なることで裏づけた（2026-08-24 実測）
2021,revenue,1,一般会計,一般会計,15,,2,,4,,,14,国庫支出金,,,map,款名「国庫支出金」がマスタと一致。名称の根拠は 2023年度の歳入事項別明細（決算資料 PDF、テキスト抽出・調定額79/79一致）。⚠️ **2020年度以降に限る** — 2018〜2019年度は歳入の款体系が別（20〜21款構成で款コードの意味が違う）で、名称を確認できる資料も無い。款の意味が2020〜2023で同じことは、款ごとの節名称の集合が全22款で2023と重なることで裏づけた（2026-08-24 実測）
2021,revenue,1,一般会計,一般会計,15,,2,,5,,,14,国庫支出金,,,map,款名「国庫支出金」がマスタと一致。名称の根拠は 2023年度の歳入事項別明細（決算資料 PDF、テキスト抽出・調定額79/79一致）。⚠️ **2020年度以降に限る** — 2018〜2019年度は歳入の款体系が別（20〜21款構成で款コードの意味が違う）で、名称を確認できる資料も無い。款の意味が2020〜2023で同じことは、款ごとの節名称の集合が全22款で2023と重なることで裏づけた（2026-08-24 実測）
2021,revenue,1,一般会計,一般会計,15,,3,,1,,,14,国庫支出金,,,map,款名「国庫支出金」がマスタと一致。名称の根拠は 2023年度の歳入事項別明細（決算資料 PDF、テキスト抽出・調定額79/79一致）。⚠️ **2020年度以降に限る** — 2018〜2019年度は歳入の款体系が別（20〜21款構成で款コードの意味が違う）で、名称を確認できる資料も無い。款の意味が2020〜2023で同じことは、款ごとの節名称の集合が全22款で2023と重なることで裏づけた（2026-08-24 実測）
2021,revenue,1,一般会計,一般会計,15,,3,,2,,,14,国庫支出金,,,map,款名「国庫支出金」がマスタと一致。名称の根拠は 2023年度の歳入事項別明細（決算資料 PDF、テキスト抽出・調定額79/79一致）。⚠️ **2020年度以降に限る** — 2018〜2019年度は歳入の款体系が別（20〜21款構成で款コードの意味が違う）で、名称を確認できる資料も無い。款の意味が2020〜2023で同じことは、款ごとの節名称の集合が全22款で2023と重なることで裏づけた（2026-08-24 実測）
2021,revenue,1,一般会計,一般会計,15,,3,,3,,,14,国庫支出金,,,map,款名「国庫支出金」がマスタと一致。名称の根拠は 2023年度の歳入事項別明細（決算資料 PDF、テキスト抽出・調定額79/79一致）。⚠️ **2020年度以降に限る** — 2018〜2019年度は歳入の款体系が別（20〜21款構成で款コードの意味が違う）で、名称を確認できる資料も無い。款の意味が2020〜2023で同じことは、款ごとの節名称の集合が全22款で2023と重なることで裏づけた（2026-08-24 実測）
2021,revenue,1,一般会計,一般会計,15,,3,,4,,,14,国庫支出金,,,map,款名「国庫支出金」がマスタと一致。名称の根拠は 2023年度の歳入事項別明細（決算資料 PDF、テキスト抽出・調定額79/79一致）。⚠️ **2020年度以降に限る** — 2018〜2019年度は歳入の款体系が別（20〜21款構成で款コードの意味が違う）で、名称を確認できる資料も無い。款の意味が2020〜2023で同じことは、款ごとの節名称の集合が全22款で2023と重なることで裏づけた（2026-08-24 実測）
2021,revenue,1,一般会計,一般会計,16,,1,,1,,,15,都(道府県)支出金,,,map,款名「都支出金」。マスタの表記は「都(道府県)支出金」。名称の根拠は 2023年度の歳入事項別明細（決算資料 PDF、テキスト抽出・調定額79/79一致）。⚠️ **2020年度以降に限る** — 2018〜2019年度は歳入の款体系が別（20〜21款構成で款コードの意味が違う）で、名称を確認できる資料も無い。款の意味が2020〜2023で同じことは、款ごとの節名称の集合が全22款で2023と重なることで裏づけた（2026-08-24 実測）
2021,revenue,1,一般会計,一般会計,16,,1,,2,,,15,都(道府県)支出金,,,map,款名「都支出金」。マスタの表記は「都(道府県)支出金」。名称の根拠は 2023年度の歳入事項別明細（決算資料 PDF、テキスト抽出・調定額79/79一致）。⚠️ **2020年度以降に限る** — 2018〜2019年度は歳入の款体系が別（20〜21款構成で款コードの意味が違う）で、名称を確認できる資料も無い。款の意味が2020〜2023で同じことは、款ごとの節名称の集合が全22款で2023と重なることで裏づけた（2026-08-24 実測）
2021,revenue,1,一般会計,一般会計,16,,1,,3,,,15,都(道府県)支出金,,,map,款名「都支出金」。マスタの表記は「都(道府県)支出金」。名称の根拠は 2023年度の歳入事項別明細（決算資料 PDF、テキスト抽出・調定額79/79一致）。⚠️ **2020年度以降に限る** — 2018〜2019年度は歳入の款体系が別（20〜21款構成で款コードの意味が違う）で、名称を確認できる資料も無い。款の意味が2020〜2023で同じことは、款ごとの節名称の集合が全22款で2023と重なることで裏づけた（2026-08-24 実測）
2021,revenue,1,一般会計,一般会計,16,,2,,1,,,15,都(道府県)支出金,,,map,款名「都支出金」。マスタの表記は「都(道府県)支出金」。名称の根拠は 2023年度の歳入事項別明細（決算資料 PDF、テキスト抽出・調定額79/79一致）。⚠️ **2020年度以降に限る** — 2018〜2019年度は歳入の款体系が別（20〜21款構成で款コードの意味が違う）で、名称を確認できる資料も無い。款の意味が2020〜2023で同じことは、款ごとの節名称の集合が全22款で2023と重なることで裏づけた（2026-08-24 実測）
2021,revenue,1,一般会計,一般会計,16,,2,,2,,,15,都(道府県)支出金,,,map,款名「都支出金」。マスタの表記は「都(道府県)支出金」。名称の根拠は 2023年度の歳入事項別明細（決算資料 PDF、テキスト抽出・調定額79/79一致）。⚠️ **2020年度以降に限る** — 2018〜2019年度は歳入の款体系が別（20〜21款構成で款コードの意味が違う）で、名称を確認できる資料も無い。款の意味が2020〜2023で同じことは、款ごとの節名称の集合が全22款で2023と重なることで裏づけた（2026-08-24 実測）
2021,revenue,1,一般会計,一般会計,16,,2,,3,,,15,都(道府県)支出金,,,map,款名「都支出金」。マスタの表記は「都(道府県)支出金」。名称の根拠は 2023年度の歳入事項別明細（決算資料 PDF、テキスト抽出・調定額79/79一致）。⚠️ **2020年度以降に限る** — 2018〜2019年度は歳入の款体系が別（20〜21款構成で款コードの意味が違う）で、名称を確認できる資料も無い。款の意味が2020〜2023で同じことは、款ごとの節名称の集合が全22款で2023と重なることで裏づけた（2026-08-24 実測）
2021,revenue,1,一般会計,一般会計,16,,2,,4,,,15,都(道府県)支出金,,,map,款名「都支出金」。マスタの表記は「都(道府県)支出金」。名称の根拠は 2023年度の歳入事項別明細（決算資料 PDF、テキスト抽出・調定額79/79一致）。⚠️ **2020年度以降に限る** — 2018〜2019年度は歳入の款体系が別（20〜21款構成で款コードの意味が違う）で、名称を確認できる資料も無い。款の意味が2020〜2023で同じことは、款ごとの節名称の集合が全22款で2023と重なることで裏づけた（2026-08-24 実測）
2021,revenue,1,一般会計,一般会計,16,,2,,5,,,15,都(道府県)支出金,,,map,款名「都支出金」。マスタの表記は「都(道府県)支出金」。名称の根拠は 2023年度の歳入事項別明細（決算資料 PDF、テキスト抽出・調定額79/79一致）。⚠️ **2020年度以降に限る** — 2018〜2019年度は歳入の款体系が別（20〜21款構成で款コードの意味が違う）で、名称を確認できる資料も無い。款の意味が2020〜2023で同じことは、款ごとの節名称の集合が全22款で2023と重なることで裏づけた（2026-08-24 実測）
2021,revenue,1,一般会計,一般会計,16,,2,,6,,,15,都(道府県)支出金,,,map,款名「都支出金」。マスタの表記は「都(道府県)支出金」。名称の根拠は 2023年度の歳入事項別明細（決算資料 PDF、テキスト抽出・調定額79/79一致）。⚠️ **2020年度以降に限る** — 2018〜2019年度は歳入の款体系が別（20〜21款構成で款コードの意味が違う）で、名称を確認できる資料も無い。款の意味が2020〜2023で同じことは、款ごとの節名称の集合が全22款で2023と重なることで裏づけた（2026-08-24 実測）
2021,revenue,1,一般会計,一般会計,16,,2,,7,,,15,都(道府県)支出金,,,map,款名「都支出金」。マスタの表記は「都(道府県)支出金」。名称の根拠は 2023年度の歳入事項別明細（決算資料 PDF、テキスト抽出・調定額79/79一致）。⚠️ **2020年度以降に限る** — 2018〜2019年度は歳入の款体系が別（20〜21款構成で款コードの意味が違う）で、名称を確認できる資料も無い。款の意味が2020〜2023で同じことは、款ごとの節名称の集合が全22款で2023と重なることで裏づけた（2026-08-24 実測）
2021,revenue,1,一般会計,一般会計,16,,3,,1,,,15,都(道府県)支出金,,,map,款名「都支出金」。マスタの表記は「都(道府県)支出金」。名称の根拠は 2023年度の歳入事項別明細（決算資料 PDF、テキスト抽出・調定額79/79一致）。⚠️ **2020年度以降に限る** — 2018〜2019年度は歳入の款体系が別（20〜21款構成で款コードの意味が違う）で、名称を確認できる資料も無い。款の意味が2020〜2023で同じことは、款ごとの節名称の集合が全22款で2023と重なることで裏づけた（2026-08-24 実測）
2021,revenue,1,一般会計,一般会計,16,,3,,2,,,15,都(道府県)支出金,,,map,款名「都支出金」。マスタの表記は「都(道府県)支出金」。名称の根拠は 2023年度の歳入事項別明細（決算資料 PDF、テキスト抽出・調定額79/79一致）。⚠️ **2020年度以降に限る** — 2018〜2019年度は歳入の款体系が別（20〜21款構成で款コードの意味が違う）で、名称を確認できる資料も無い。款の意味が2020〜2023で同じことは、款ごとの節名称の集合が全22款で2023と重なることで裏づけた（2026-08-24 実測）
2021,revenue,1,一般会計,一般会計,16,,3,,3,,,15,都(道府県)支出金,,,map,款名「都支出金」。マスタの表記は「都(道府県)支出金」。名称の根拠は 2023年度の歳入事項別明細（決算資料 PDF、テキスト抽出・調定額79/79一致）。⚠️ **2020年度以降に限る** — 2018〜2019年度は歳入の款体系が別（20〜21款構成で款コードの意味が違う）で、名称を確認できる資料も無い。款の意味が2020〜2023で同じことは、款ごとの節名称の集合が全22款で2023と重なることで裏づけた（2026-08-24 実測）
2021,revenue,1,一般会計,一般会計,16,,3,,4,,,15,都(道府県)支出金,,,map,款名「都支出金」。マスタの表記は「都(道府県)支出金」。名称の根拠は 2023年度の歳入事項別明細（決算資料 PDF、テキスト抽出・調定額79/79一致）。⚠️ **2020年度以降に限る** — 2018〜2019年度は歳入の款体系が別（20〜21款構成で款コードの意味が違う）で、名称を確認できる資料も無い。款の意味が2020〜2023で同じことは、款ごとの節名称の集合が全22款で2023と重なることで裏づけた（2026-08-24 実測）
2021,revenue,1,一般会計,一般会計,16,,3,,5,,,15,都(道府県)支出金,,,map,款名「都支出金」。マスタの表記は「都(道府県)支出金」。名称の根拠は 2023年度の歳入事項別明細（決算資料 PDF、テキスト抽出・調定額79/79一致）。⚠️ **2020年度以降に限る** — 2018〜2019年度は歳入の款体系が別（20〜21款構成で款コードの意味が違う）で、名称を確認できる資料も無い。款の意味が2020〜2023で同じことは、款ごとの節名称の集合が全22款で2023と重なることで裏づけた（2026-08-24 実測）
2021,revenue,1,一般会計,一般会計,17,,1,,1,,,16,財産収入,,,map,款名「財産収入」がマスタと一致。名称の根拠は 2023年度の歳入事項別明細（決算資料 PDF、テキスト抽出・調定額79/79一致）。⚠️ **2020年度以降に限る** — 2018〜2019年度は歳入の款体系が別（20〜21款構成で款コードの意味が違う）で、名称を確認できる資料も無い。款の意味が2020〜2023で同じことは、款ごとの節名称の集合が全22款で2023と重なることで裏づけた（2026-08-24 実測）
2021,revenue,1,一般会計,一般会計,17,,1,,2,,,16,財産収入,,,map,款名「財産収入」がマスタと一致。名称の根拠は 2023年度の歳入事項別明細（決算資料 PDF、テキスト抽出・調定額79/79一致）。⚠️ **2020年度以降に限る** — 2018〜2019年度は歳入の款体系が別（20〜21款構成で款コードの意味が違う）で、名称を確認できる資料も無い。款の意味が2020〜2023で同じことは、款ごとの節名称の集合が全22款で2023と重なることで裏づけた（2026-08-24 実測）
2021,revenue,1,一般会計,一般会計,17,,2,,1,,,16,財産収入,,,map,款名「財産収入」がマスタと一致。名称の根拠は 2023年度の歳入事項別明細（決算資料 PDF、テキスト抽出・調定額79/79一致）。⚠️ **2020年度以降に限る** — 2018〜2019年度は歳入の款体系が別（20〜21款構成で款コードの意味が違う）で、名称を確認できる資料も無い。款の意味が2020〜2023で同じことは、款ごとの節名称の集合が全22款で2023と重なることで裏づけた（2026-08-24 実測）
2021,revenue,1,一般会計,一般会計,17,,2,,2,,,16,財産収入,,,map,款名「財産収入」がマスタと一致。名称の根拠は 2023年度の歳入事項別明細（決算資料 PDF、テキスト抽出・調定額79/79一致）。⚠️ **2020年度以降に限る** — 2018〜2019年度は歳入の款体系が別（20〜21款構成で款コードの意味が違う）で、名称を確認できる資料も無い。款の意味が2020〜2023で同じことは、款ごとの節名称の集合が全22款で2023と重なることで裏づけた（2026-08-24 実測）
2021,revenue,1,一般会計,一般会計,18,,1,,1,,,17,寄附金,,,map,款名「寄附金」がマスタと一致。名称の根拠は 2023年度の歳入事項別明細（決算資料 PDF、テキスト抽出・調定額79/79一致）。⚠️ **2020年度以降に限る** — 2018〜2019年度は歳入の款体系が別（20〜21款構成で款コードの意味が違う）で、名称を確認できる資料も無い。款の意味が2020〜2023で同じことは、款ごとの節名称の集合が全22款で2023と重なることで裏づけた（2026-08-24 実測）
2021,revenue,1,一般会計,一般会計,18,,1,,2,,,17,寄附金,,,map,款名「寄附金」がマスタと一致。名称の根拠は 2023年度の歳入事項別明細（決算資料 PDF、テキスト抽出・調定額79/79一致）。⚠️ **2020年度以降に限る** — 2018〜2019年度は歳入の款体系が別（20〜21款構成で款コードの意味が違う）で、名称を確認できる資料も無い。款の意味が2020〜2023で同じことは、款ごとの節名称の集合が全22款で2023と重なることで裏づけた（2026-08-24 実測）
2021,revenue,1,一般会計,一般会計,19,,1,,1,,,18,繰入金,,,map,款名「繰入金」がマスタと一致。名称の根拠は 2023年度の歳入事項別明細（決算資料 PDF、テキスト抽出・調定額79/79一致）。⚠️ **2020年度以降に限る** — 2018〜2019年度は歳入の款体系が別（20〜21款構成で款コードの意味が違う）で、名称を確認できる資料も無い。款の意味が2020〜2023で同じことは、款ごとの節名称の集合が全22款で2023と重なることで裏づけた（2026-08-24 実測）
2021,revenue,1,一般会計,一般会計,19,,1,,2,,,18,繰入金,,,map,款名「繰入金」がマスタと一致。名称の根拠は 2023年度の歳入事項別明細（決算資料 PDF、テキスト抽出・調定額79/79一致）。⚠️ **2020年度以降に限る** — 2018〜2019年度は歳入の款体系が別（20〜21款構成で款コードの意味が違う）で、名称を確認できる資料も無い。款の意味が2020〜2023で同じことは、款ごとの節名称の集合が全22款で2023と重なることで裏づけた（2026-08-24 実測）
2021,revenue,1,一般会計,一般会計,20,,1,,1,,,19,繰越金,,,map,款名「繰越金」がマスタと一致。名称の根拠は 2023年度の歳入事項別明細（決算資料 PDF、テキスト抽出・調定額79/79一致）。⚠️ **2020年度以降に限る** — 2018〜2019年度は歳入の款体系が別（20〜21款構成で款コードの意味が違う）で、名称を確認できる資料も無い。款の意味が2020〜2023で同じことは、款ごとの節名称の集合が全22款で2023と重なることで裏づけた（2026-08-24 実測）
2021,revenue,1,一般会計,一般会計,21,,1,,1,,,20,諸収入,,,map,款名「諸収入」がマスタと一致。名称の根拠は 2023年度の歳入事項別明細（決算資料 PDF、テキスト抽出・調定額79/79一致）。⚠️ **2020年度以降に限る** — 2018〜2019年度は歳入の款体系が別（20〜21款構成で款コードの意味が違う）で、名称を確認できる資料も無い。款の意味が2020〜2023で同じことは、款ごとの節名称の集合が全22款で2023と重なることで裏づけた（2026-08-24 実測）
2021,revenue,1,一般会計,一般会計,21,,1,,2,,,20,諸収入,,,map,款名「諸収入」がマスタと一致。名称の根拠は 2023年度の歳入事項別明細（決算資料 PDF、テキスト抽出・調定額79/79一致）。⚠️ **2020年度以降に限る** — 2018〜2019年度は歳入の款体系が別（20〜21款構成で款コードの意味が違う）で、名称を確認できる資料も無い。款の意味が2020〜2023で同じことは、款ごとの節名称の集合が全22款で2023と重なることで裏づけた（2026-08-24 実測）
2021,revenue,1,一般会計,一般会計,21,,2,,1,,,20,諸収入,,,map,款名「諸収入」がマスタと一致。名称の根拠は 2023年度の歳入事項別明細（決算資料 PDF、テキスト抽出・調定額79/79一致）。⚠️ **2020年度以降に限る** — 2018〜2019年度は歳入の款体系が別（20〜21款構成で款コードの意味が違う）で、名称を確認できる資料も無い。款の意味が2020〜2023で同じことは、款ごとの節名称の集合が全22款で2023と重なることで裏づけた（2026-08-24 実測）
2021,revenue,1,一般会計,一般会計,21,,3,,1,,,20,諸収入,,,map,款名「諸収入」がマスタと一致。名称の根拠は 2023年度の歳入事項別明細（決算資料 PDF、テキスト抽出・調定額79/79一致）。⚠️ **2020年度以降に限る** — 2018〜2019年度は歳入の款体系が別（20〜21款構成で款コードの意味が違う）で、名称を確認できる資料も無い。款の意味が2020〜2023で同じことは、款ごとの節名称の集合が全22款で2023と重なることで裏づけた（2026-08-24 実測）
2021,revenue,1,一般会計,一般会計,21,,4,,1,,,20,諸収入,,,map,款名「諸収入」がマスタと一致。名称の根拠は 2023年度の歳入事項別明細（決算資料 PDF、テキスト抽出・調定額79/79一致）。⚠️ **2020年度以降に限る** — 2018〜2019年度は歳入の款体系が別（20〜21款構成で款コードの意味が違う）で、名称を確認できる資料も無い。款の意味が2020〜2023で同じことは、款ごとの節名称の集合が全22款で2023と重なることで裏づけた（2026-08-24 実測）
2021,revenue,1,一般会計,一般会計,21,,5,,1,,,20,諸収入,,,map,款名「諸収入」がマスタと一致。名称の根拠は 2023年度の歳入事項別明細（決算資料 PDF、テキスト抽出・調定額79/79一致）。⚠️ **2020年度以降に限る** — 2018〜2019年度は歳入の款体系が別（20〜21款構成で款コードの意味が違う）で、名称を確認できる資料も無い。款の意味が2020〜2023で同じことは、款ごとの節名称の集合が全22款で2023と重なることで裏づけた（2026-08-24 実測）
2021,revenue,1,一般会計,一般会計,22,,1,,1,,,21,市(町村)債,,,map,款名「市債」。マスタの表記は「市(町村)債」。名称の根拠は 2023年度の歳入事項別明細（決算資料 PDF、テキスト抽出・調定額79/79一致）。⚠️ **2020年度以降に限る** — 2018〜2019年度は歳入の款体系が別（20〜21款構成で款コードの意味が違う）で、名称を確認できる資料も無い。款の意味が2020〜2023で同じことは、款ごとの節名称の集合が全22款で2023と重なることで裏づけた（2026-08-24 実測）
2021,revenue,1,一般会計,一般会計,22,,1,,2,,,21,市(町村)債,,,map,款名「市債」。マスタの表記は「市(町村)債」。名称の根拠は 2023年度の歳入事項別明細（決算資料 PDF、テキスト抽出・調定額79/79一致）。⚠️ **2020年度以降に限る** — 2018〜2019年度は歳入の款体系が別（20〜21款構成で款コードの意味が違う）で、名称を確認できる資料も無い。款の意味が2020〜2023で同じことは、款ごとの節名称の集合が全22款で2023と重なることで裏づけた（2026-08-24 実測）
2021,revenue,1,一般会計,一般会計,22,,1,,3,,,21,市(町村)債,,,map,款名「市債」。マスタの表記は「市(町村)債」。名称の根拠は 2023年度の歳入事項別明細（決算資料 PDF、テキスト抽出・調定額79/79一致）。⚠️ **2020年度以降に限る** — 2018〜2019年度は歳入の款体系が別（20〜21款構成で款コードの意味が違う）で、名称を確認できる資料も無い。款の意味が2020〜2023で同じことは、款ごとの節名称の集合が全22款で2023と重なることで裏づけた（2026-08-24 実測）
2021,revenue,1,一般会計,一般会計,22,,1,,4,,,21,市(町村)債,,,map,款名「市債」。マスタの表記は「市(町村)債」。名称の根拠は 2023年度の歳入事項別明細（決算資料 PDF、テキスト抽出・調定額79/79一致）。⚠️ **2020年度以降に限る** — 2018〜2019年度は歳入の款体系が別（20〜21款構成で款コードの意味が違う）で、名称を確認できる資料も無い。款の意味が2020〜2023で同じことは、款ごとの節名称の集合が全22款で2023と重なることで裏づけた（2026-08-24 実測）
2021,revenue,11,国民健康保険特別会計,国民健康保険,1,,1,,1,,,1,保険税（料）,,,map,狛江市国保会計の歳入款1。保険料の徴収科目のみを収める。52表 歳入001列「保険税（料）」
2021,revenue,11,国民健康保険特別会計,国民健康保険,1,,1,,2,,,1,保険税（料）,,,map,狛江市国保会計の歳入款1。保険料の徴収科目のみを収める。52表 歳入001列「保険税（料）」
2021,revenue,11,国民健康保険特別会計,国民健康保険,2,,1,,1,,,3,国庫支出金,,,map,狛江市国保会計の歳入款2（2019年度以降）。国庫補助金・負担金の科目を収める。52表 歳入005列
2021,revenue,11,国民健康保険特別会計,国民健康保険,3,,1,,1,,,4,都道府県支出金,,,map,狛江市国保会計の歳入款3（2019年度以降）。都支出金・給付費等交付金・都繰入金を収める。52表 歳入006列（他会計からの繰入である都繰入金を内包）
2021,revenue,11,国民健康保険特別会計,国民健康保険,3,,1,,2,,,4,都道府県支出金,,,map,狛江市国保会計の歳入款3（2019年度以降）。都支出金・給付費等交付金・都繰入金を収める。52表 歳入006列（他会計からの繰入である都繰入金を内包）
2021,revenue,11,国民健康保険特別会計,国民健康保険,3,,2,,1,,,4,都道府県支出金,,,map,狛江市国保会計の歳入款3（2019年度以降）。都支出金・給付費等交付金・都繰入金を収める。52表 歳入006列（他会計からの繰入である都繰入金を内包）
2021,revenue,11,国民健康保険特別会計,国民健康保険,4,,1,,1,,,7,他会計繰入金,,,map,狛江市国保会計の歳入款4（2019年度以降）。一般会計繰入金の科目を収める。52表 歳入017列
2021,revenue,11,国民健康保険特別会計,国民健康保険,5,,1,,1,,,9,繰越金,,,map,狛江市国保会計の歳入款5（2019年度以降）。繰越金の科目を収める。52表 歳入024列
2021,revenue,11,国民健康保険特別会計,国民健康保険,6,,1,,1,,,11,その他の収入,,,map,狛江市国保会計の歳入款6（2019年度以降）。延滞金・雑入・受託事業収入等。52表 歳入027列
2021,revenue,11,国民健康保険特別会計,国民健康保険,6,,2,,1,,,11,その他の収入,,,map,狛江市国保会計の歳入款6（2019年度以降）。延滞金・雑入・受託事業収入等。52表 歳入027列
2021,revenue,11,国民健康保険特別会計,国民健康保険,6,,3,,1,,,11,その他の収入,,,map,狛江市国保会計の歳入款6（2019年度以降）。延滞金・雑入・受託事業収入等。52表 歳入027列
2021,revenue,11,国民健康保険特別会計,国民健康保険,6,,3,,2,,,11,その他の収入,,,map,狛江市国保会計の歳入款6（2019年度以降）。延滞金・雑入・受託事業収入等。52表 歳入027列
2021,revenue,11,国民健康保険特別会計,国民健康保険,6,,3,,3,,,11,その他の収入,,,map,狛江市国保会計の歳入款6（2019年度以降）。延滞金・雑入・受託事業収入等。52表 歳入027列
2021,revenue,11,国民健康保険特別会計,国民健康保険,6,,3,,4,,,11,その他の収入,,,map,狛江市国保会計の歳入款6（2019年度以降）。延滞金・雑入・受託事業収入等。52表 歳入027列
2021,revenue,14,介護保険特別会計,介護保険,1,,1,,1,,,1,保険料,,,map,狛江市介護保険会計の歳入款1。保険料の科目のみ。63表 歳入001列
2021,revenue,14,介護保険特別会計,介護保険,2,,1,,1,,,10,その他の収入,,,map,狛江市介護保険会計の歳入款2。証明手数料のみ。63表 歳入029列相当
2021,revenue,14,介護保険特別会計,介護保険,3,,1,,1,,,2,国庫支出金,,,map,狛江市介護保険会計の歳入款3。国庫の補助金・負担金・交付金を収める。63表 歳入002列相当
2021,revenue,14,介護保険特別会計,介護保険,3,,2,,1,,,2,国庫支出金,,,map,狛江市介護保険会計の歳入款3。国庫の補助金・負担金・交付金を収める。63表 歳入002列相当
2021,revenue,14,介護保険特別会計,介護保険,3,,2,,2,,,2,国庫支出金,,,map,狛江市介護保険会計の歳入款3。国庫の補助金・負担金・交付金を収める。63表 歳入002列相当
2021,revenue,14,介護保険特別会計,介護保険,3,,2,,3,,,2,国庫支出金,,,map,狛江市介護保険会計の歳入款3。国庫の補助金・負担金・交付金を収める。63表 歳入002列相当
2021,revenue,14,介護保険特別会計,介護保険,3,,2,,4,,,2,国庫支出金,,,map,狛江市介護保険会計の歳入款3。国庫の補助金・負担金・交付金を収める。63表 歳入002列相当
2021,revenue,14,介護保険特別会計,介護保険,3,,2,,5,,,2,国庫支出金,,,map,狛江市介護保険会計の歳入款3。国庫の補助金・負担金・交付金を収める。63表 歳入002列相当
2021,revenue,14,介護保険特別会計,介護保険,3,,2,,6,,,2,国庫支出金,,,map,狛江市介護保険会計の歳入款3。国庫の補助金・負担金・交付金を収める。63表 歳入002列相当
2021,revenue,14,介護保険特別会計,介護保険,3,,2,,7,,,2,国庫支出金,,,map,狛江市介護保険会計の歳入款3。国庫の補助金・負担金・交付金を収める。63表 歳入002列相当
2021,revenue,14,介護保険特別会計,介護保険,4,,1,,1,,,3,支払基金交付金,,,map,狛江市介護保険会計の歳入款4。介護給付費交付金・地域支援事業支援交付金を収める。63表 歳入008列相当
2021,revenue,14,介護保険特別会計,介護保険,4,,1,,2,,,3,支払基金交付金,,,map,狛江市介護保険会計の歳入款4。介護給付費交付金・地域支援事業支援交付金を収める。63表 歳入008列相当
2021,revenue,14,介護保険特別会計,介護保険,5,,1,,1,,,4,都道府県支出金,,,map,狛江市介護保険会計の歳入款5。都の負担金・交付金を収める。63表 歳入011列相当
2021,revenue,14,介護保険特別会計,介護保険,5,,2,,1,,,4,都道府県支出金,,,map,狛江市介護保険会計の歳入款5。都の負担金・交付金を収める。63表 歳入011列相当
2021,revenue,14,介護保険特別会計,介護保険,5,,2,,2,,,4,都道府県支出金,,,map,狛江市介護保険会計の歳入款5。都の負担金・交付金を収める。63表 歳入011列相当
2021,revenue,14,介護保険特別会計,介護保険,5,,2,,3,,,4,都道府県支出金,,,map,狛江市介護保険会計の歳入款5。都の負担金・交付金を収める。63表 歳入011列相当
2021,revenue,14,介護保険特別会計,介護保険,6,,1,,1,,,10,その他の収入,,,map,狛江市介護保険会計の歳入款6。介護保険給付費準備基金預金利子。63表 歳入029列相当
2021,revenue,14,介護保険特別会計,介護保険,7,,1,,1,,,10,その他の収入,,,map,狛江市介護保険会計の歳入款7。一般寄附金。63表 歳入029列相当
2021,revenue,14,介護保険特別会計,介護保険,8,,1,,1,,,6,他会計繰入金,,,map,狛江市介護保険会計の歳入款8。一般会計繰入金（項1）と介護保険給付費準備基金繰入金（項2）を収める。63表 歳入018列相当
2021,revenue,14,介護保険特別会計,介護保険,8,,1,,2,,,6,他会計繰入金,,,map,狛江市介護保険会計の歳入款8。一般会計繰入金（項1）と介護保険給付費準備基金繰入金（項2）を収める。63表 歳入018列相当
2021,revenue,14,介護保険特別会計,介護保険,8,,1,,3,,,6,他会計繰入金,,,map,狛江市介護保険会計の歳入款8。一般会計繰入金（項1）と介護保険給付費準備基金繰入金（項2）を収める。63表 歳入018列相当
2021,revenue,14,介護保険特別会計,介護保険,8,,1,,4,,,6,他会計繰入金,,,map,狛江市介護保険会計の歳入款8。一般会計繰入金（項1）と介護保険給付費準備基金繰入金（項2）を収める。63表 歳入018列相当
2021,revenue,14,介護保険特別会計,介護保険,8,,1,,5,,,6,他会計繰入金,,,map,狛江市介護保険会計の歳入款8。一般会計繰入金（項1）と介護保険給付費準備基金繰入金（項2）を収める。63表 歳入018列相当
2021,revenue,14,介護保険特別会計,介護保険,8,,2,,1,,,6,他会計繰入金,,,map,狛江市介護保険会計の歳入款8。一般会計繰入金（項1）と介護保険給付費準備基金繰入金（項2）を収める。63表 歳入018列相当
2021,revenue,14,介護保険特別会計,介護保険,9,,1,,1,,,8,繰越金,,,map,狛江市介護保険会計の歳入款9。前年度繰越金。63表 歳入026列
2021,revenue,14,介護保険特別会計,介護保険,10,,1,,1,,,10,その他の収入,,,map,狛江市介護保険会計の歳入款10。雑入・延滞金・利用者負担金等。63表 歳入029列
2021,revenue,14,介護保険特別会計,介護保険,10,,2,,1,,,10,その他の収入,,,map,狛江市介護保険会計の歳入款10。雑入・延滞金・利用者負担金等。63表 歳入029列
2021,revenue,14,介護保険特別会計,介護保険,10,,3,,1,,,10,その他の収入,,,map,狛江市介護保険会計の歳入款10。雑入・延滞金・利用者負担金等。63表 歳入029列
2021,revenue,14,介護保険特別会計,介護保険,10,,3,,2,,,10,その他の収入,,,map,狛江市介護保険会計の歳入款10。雑入・延滞金・利用者負担金等。63表 歳入029列
2021,revenue,14,介護保険特別会計,介護保険,10,,3,,3,,,10,その他の収入,,,map,狛江市介護保険会計の歳入款10。雑入・延滞金・利用者負担金等。63表 歳入029列
2021,revenue,22,駐車場事業特別会計,駐車場事業,1,,1,,1,,,,,,,,
2021,revenue,22,駐車場事業特別会計,駐車場事業,2,,1,,1,,,,,,,,
2021,revenue,22,駐車場事業特別会計,駐車場事業,3,,1,,1,,,,,,,,
2021,revenue,22,駐車場事業特別会計,駐車場事業,4,,1,,1,,,,,,,,
2021,revenue,22,駐車場事業特別会計,駐車場事業,5,,1,,1,,,,,,,,
2021,revenue,22,駐車場事業特別会計,駐車場事業,5,,2,,1,,,,,,,,
2021,revenue,22,駐車場事業特別会計,駐車場事業,6,,1,,1,,,,,,,,
2021,revenue,34,後期高齢者医療特別会計,後期高齢者医療,1,,1,,1,,,1,保険料,,,map,狛江市後期高齢者医療会計の歳入款1。保険料の科目のみ。94表 歳入001列
2021,revenue,34,後期高齢者医療特別会計,後期高齢者医療,1,,1,,2,,,1,保険料,,,map,狛江市後期高齢者医療会計の歳入款1。保険料の科目のみ。94表 歳入001列
2021,revenue,34,後期高齢者医療特別会計,後期高齢者医療,2,,1,,1,,,4,その他の収入,,,map,狛江市後期高齢者医療会計の歳入款2。証明手数料のみ。94表 歳入007列相当
2021,revenue,34,後期高齢者医療特別会計,後期高齢者医療,3,,1,,1,,,2,繰入金,,,map,狛江市後期高齢者医療会計の歳入款3。一般会計からの繰入金の科目のみ。94表 歳入003・004列相当
2021,revenue,34,後期高齢者医療特別会計,後期高齢者医療,4,,1,,1,,,3,繰越金,,,map,狛江市後期高齢者医療会計の歳入款4。前年度繰越金。94表 歳入006列
2021,revenue,34,後期高齢者医療特別会計,後期高齢者医療,5,,1,,1,,,4,その他の収入,,,map,狛江市後期高齢者医療会計の歳入款5。雑入・延滞金・受託事業収入等。94表 歳入007列相当
2021,revenue,34,後期高齢者医療特別会計,後期高齢者医療,5,,2,,1,,,4,その他の収入,,,map,狛江市後期高齢者医療会計の歳入款5。雑入・延滞金・受託事業収入等。94表 歳入007列相当
2021,revenue,34,後期高齢者医療特別会計,後期高齢者医療,5,,2,,2,,,4,その他の収入,,,map,狛江市後期高齢者医療会計の歳入款5。雑入・延滞金・受託事業収入等。94表 歳入007列相当
2021,revenue,34,後期高齢者医療特別会計,後期高齢者医療,5,,3,,1,,,4,その他の収入,,,map,狛江市後期高齢者医療会計の歳入款5。雑入・延滞金・受託事業収入等。94表 歳入007列相当
2021,revenue,34,後期高齢者医療特別会計,後期高齢者医療,5,,4,,1,,,4,その他の収入,,,map,狛江市後期高齢者医療会計の歳入款5。雑入・延滞金・受託事業収入等。94表 歳入007列相当
2021,revenue,34,後期高齢者医療特別会計,後期高齢者医療,5,,5,,1,,,4,その他の収入,,,map,狛江市後期高齢者医療会計の歳入款5。雑入・延滞金・受託事業収入等。94表 歳入007列相当
2022,expenditure,1,一般会計,一般会計,1,議会費,1,議会費,1,議会費,settlement-pdf,1,議会費,1,議会費,map,項の名称がマスタと完全一致（款は account_map の対応を介す）
2022,expenditure,1,一般会計,一般会計,2,総務費,1,総務管理費,1,一般管理費,settlement-pdf,2,総務費,1,総務管理費,map,項の名称がマスタと完全一致（款は account_map の対応を介す）
2022,expenditure,1,一般会計,一般会計,2,総務費,1,総務管理費,2,文書管理費,settlement-pdf,2,総務費,1,総務管理費,map,項の名称がマスタと完全一致（款は account_map の対応を介す）
2022,expenditure,1,一般会計,一般会計,2,総務費,1,総務管理費,3,広報費,settlement-pdf,2,総務費,1,総務管理費,map,項の名称がマスタと完全一致（款は account_map の対応を介す）
2022,expenditure,1,一般会計,一般会計,2,総務費,1,総務管理費,4,財政管理費,settlement-pdf,2,総務費,1,総務管理費,map,項の名称がマスタと完全一致（款は account_map の対応を介す）
2022,expenditure,1,一般会計,一般会計,2,総務費,1,総務管理費,5,会計管理費,settlement-pdf,2,総務費,1,総務管理費,map,項の名称がマスタと完全一致（款は account_map の対応を介す）
2022,expenditure,1,一般会計,一般会計,2,総務費,1,総務管理費,6,財産管理費,settlement-pdf,2,総務費,1,総務管理費,map,項の名称がマスタと完全一致（款は account_map の対応を介す）
2022,expenditure,1,一般会計,一般会計,2,総務費,1,総務管理費,7,企画費,settlement-pdf,2,総務費,1,総務管理費,map,項の名称がマスタと完全一致（款は account_map の対応を介す）
2022,expenditure,1,一般会計,一般会計,2,総務費,1,総務管理費,8,計算事務費,settlement-pdf,2,総務費,1,総務管理費,map,項の名称がマスタと完全一致（款は account_map の対応を介す）
2022,expenditure,1,一般会計,一般会計,2,総務費,1,総務管理費,9,コミュニティ推進費,settlement-pdf,2,総務費,1,総務管理費,map,項の名称がマスタと完全一致（款は account_map の対応を介す）
2022,expenditure,1,一般会計,一般会計,2,総務費,1,総務管理費,10,訴訟費,settlement-pdf,2,総務費,1,総務管理費,map,項の名称がマスタと完全一致（款は account_map の対応を介す）
2022,expenditure,1,一般会計,一般会計,2,総務費,1,総務管理費,11,諸費,settlement-pdf,2,総務費,1,総務管理費,map,項の名称がマスタと完全一致（款は account_map の対応を介す）
2022,expenditure,1,一般会計,一般会計,2,総務費,2,徴税費,1,税務総務費,settlement-pdf,2,総務費,2,徴税費,map,項の名称がマスタと完全一致（款は account_map の対応を介す）
2022,expenditure,1,一般会計,一般会計,2,総務費,2,徴税費,2,賦課徴収費,settlement-pdf,2,総務費,2,徴税費,map,項の名称がマスタと完全一致（款は account_map の対応を介す）
2022,expenditure,1,一般会計,一般会計,2,総務費,2,徴税費,3,固定資産評価審査委員会費,settlement-pdf,2,総務費,2,徴税費,map,項の名称がマスタと完全一致（款は account_map の対応を介す）
2022,expenditure,1,一般会計,一般会計,2,総務費,3,戸籍住民基本台帳費,1,戸籍住民基本台帳費,settlement-pdf,2,総務費,3,戸籍住民基本台帳費,map,項の名称がマスタと完全一致（款は account_map の対応を介す）
2022,expenditure,1,一般会計,一般会計,2,総務費,3,戸籍住民基本台帳費,2,住居表示費,settlement-pdf,2,総務費,3,戸籍住民基本台帳費,map,項の名称がマスタと完全一致（款は account_map の対応を介す）
2022,expenditure,1,一般会計,一般会計,2,総務費,4,選挙費,1,選挙管理委員会費,settlement-pdf,2,総務費,4,選挙費,map,項の名称がマスタと完全一致（款は account_map の対応を介す）
2022,expenditure,1,一般会計,一般会計,2,総務費,4,選挙費,2,選挙啓発費,settlement-pdf,2,総務費,4,選挙費,map,項の名称がマスタと完全一致（款は account_map の対応を介す）
2022,expenditure,1,一般会計,一般会計,2,総務費,4,選挙費,3,市長選挙費,settlement-pdf,2,総務費,4,選挙費,map,項の名称がマスタと完全一致（款は account_map の対応を介す）
2022,expenditure,1,一般会計,一般会計,2,総務費,4,選挙費,4,市議会議員補欠選挙費,settlement-pdf,2,総務費,4,選挙費,map,項の名称がマスタと完全一致（款は account_map の対応を介す）
2022,expenditure,1,一般会計,一般会計,2,総務費,4,選挙費,5,参議院議員選挙費,settlement-pdf,2,総務費,4,選挙費,map,項の名称がマスタと完全一致（款は account_map の対応を介す）
2022,expenditure,1,一般会計,一般会計,2,総務費,4,選挙費,6,市議会議員選挙費,settlement-pdf,2,総務費,4,選挙費,map,項の名称がマスタと完全一致（款は account_map の対応を介す）
2022,expenditure,1,一般会計,一般会計,2,総務費,5,統計調査費,1,統計調査総務費,settlement-pdf,2,総務費,5,統計調査費,map,項の名称がマスタと完全一致（款は account_map の対応を介す）
2022,expenditure,1,一般会計,一般会計,2,総務費,5,統計調査費,2,統計調査事業費,settlement-pdf,2,総務費,5,統計調査費,map,項の名称がマスタと完全一致（款は account_map の対応を介す）
2022,expenditure,1,一般会計,一般会計,2,総務費,6,監査委員費,1,監査委員費,settlement-pdf,2,総務費,6,監査委員費,map,項の名称がマスタと完全一致（款は account_map の対応を介す）
2022,expenditure,1,一般会計,一般会計,3,民生費,1,社会福祉費,1,社会福祉総務費,settlement-pdf,3,民生費,1,社会福祉費,map,項の名称がマスタと完全一致（款は account_map の対応を介す）
2022,expenditure,1,一般会計,一般会計,3,民生費,1,社会福祉費,2,身体障がい者福祉費,settlement-pdf,3,民生費,1,社会福祉費,map,項の名称がマスタと完全一致（款は account_map の対応を介す）
2022,expenditure,1,一般会計,一般会計,3,民生費,1,社会福祉費,3,知的障がい者福祉費,settlement-pdf,3,民生費,1,社会福祉費,map,項の名称がマスタと完全一致（款は account_map の対応を介す）
2022,expenditure,1,一般会計,一般会計,3,民生費,1,社会福祉費,4,老人福祉費,settlement-pdf,3,民生費,1,社会福祉費,map,項の名称がマスタと完全一致（款は account_map の対応を介す）
2022,expenditure,1,一般会計,一般会計,3,民生費,1,社会福祉費,5,国民年金費,settlement-pdf,3,民生費,1,社会福祉費,map,項の名称がマスタと完全一致（款は account_map の対応を介す）
2022,expenditure,1,一般会計,一般会計,3,民生費,1,社会福祉費,6,社会福祉施設費,settlement-pdf,3,民生費,1,社会福祉費,map,項の名称がマスタと完全一致（款は account_map の対応を介す）
2022,expenditure,1,一般会計,一般会計,3,民生費,1,社会福祉費,7,住宅関係費,settlement-pdf,3,民生費,1,社会福祉費,map,項の名称がマスタと完全一致（款は account_map の対応を介す）
2022,expenditure,1,一般会計,一般会計,3,民生費,1,社会福祉費,8,障がいサービス費,settlement-pdf,3,民生費,1,社会福祉費,map,項の名称がマスタと完全一致（款は account_map の対応を介す）
2022,expenditure,1,一般会計,一般会計,3,民生費,2,児童福祉費,1,児童福祉総務費,settlement-pdf,3,民生費,2,児童福祉費,map,項の名称がマスタと完全一致（款は account_map の対応を介す）
2022,expenditure,1,一般会計,一般会計,3,民生費,2,児童福祉費,2,児童措置費,settlement-pdf,3,民生費,2,児童福祉費,map,項の名称がマスタと完全一致（款は account_map の対応を介す）
2022,expenditure,1,一般会計,一般会計,3,民生費,2,児童福祉費,3,児童福祉施設費,settlement-pdf,3,民生費,2,児童福祉費,map,項の名称がマスタと完全一致（款は account_map の対応を介す）
2022,expenditure,1,一般会計,一般会計,3,民生費,2,児童福祉費,4,保育園費,settlement-pdf,3,民生費,2,児童福祉費,map,項の名称がマスタと完全一致（款は account_map の対応を介す）
2022,expenditure,1,一般会計,一般会計,3,民生費,2,児童福祉費,5,学童保育費,settlement-pdf,3,民生費,2,児童福祉費,map,項の名称がマスタと完全一致（款は account_map の対応を介す）
2022,expenditure,1,一般会計,一般会計,3,民生費,2,児童福祉費,6,児童館費,settlement-pdf,3,民生費,2,児童福祉費,map,項の名称がマスタと完全一致（款は account_map の対応を介す）
2022,expenditure,1,一般会計,一般会計,3,民生費,3,生活保護費,1,生活保護総務費,settlement-pdf,3,民生費,3,生活保護費,map,項の名称がマスタと完全一致（款は account_map の対応を介す）
2022,expenditure,1,一般会計,一般会計,3,民生費,3,生活保護費,2,扶助費,settlement-pdf,3,民生費,3,生活保護費,map,項の名称がマスタと完全一致（款は account_map の対応を介す）
2022,expenditure,1,一般会計,一般会計,4,衛生費,1,保健衛生費,1,保健衛生総務費,settlement-pdf,4,衛生費,1,保健衛生費,map,項の名称がマスタと完全一致（款は account_map の対応を介す）
2022,expenditure,1,一般会計,一般会計,4,衛生費,1,保健衛生費,2,予防費,settlement-pdf,4,衛生費,1,保健衛生費,map,項の名称がマスタと完全一致（款は account_map の対応を介す）
2022,expenditure,1,一般会計,一般会計,4,衛生費,1,保健衛生費,3,環境衛生費,settlement-pdf,4,衛生費,1,保健衛生費,map,項の名称がマスタと完全一致（款は account_map の対応を介す）
2022,expenditure,1,一般会計,一般会計,4,衛生費,1,保健衛生費,4,公害対策費,settlement-pdf,4,衛生費,1,保健衛生費,map,項の名称がマスタと完全一致（款は account_map の対応を介す）
2022,expenditure,1,一般会計,一般会計,4,衛生費,1,保健衛生費,5,自然保護費,settlement-pdf,4,衛生費,1,保健衛生費,map,項の名称がマスタと完全一致（款は account_map の対応を介す）
2022,expenditure,1,一般会計,一般会計,4,衛生費,2,清掃費,1,清掃総務費,settlement-pdf,4,衛生費,2,清掃費,map,項の名称がマスタと完全一致（款は account_map の対応を介す）
2022,expenditure,1,一般会計,一般会計,4,衛生費,2,清掃費,2,塵芥処理費,settlement-pdf,4,衛生費,2,清掃費,map,項の名称がマスタと完全一致（款は account_map の対応を介す）
2022,expenditure,1,一般会計,一般会計,4,衛生費,2,清掃費,3,し尿処理費,settlement-pdf,4,衛生費,2,清掃費,map,項の名称がマスタと完全一致（款は account_map の対応を介す）
2022,expenditure,1,一般会計,一般会計,4,衛生費,2,清掃費,4,清掃施設費,settlement-pdf,4,衛生費,2,清掃費,map,項の名称がマスタと完全一致（款は account_map の対応を介す）
2022,expenditure,1,一般会計,一般会計,5,,1,,1,,,5,労働費,,,map,款名「労働費」がマスタと一致
2022,expenditure,1,一般会計,一般会計,5,労働費,2,労働諸費,1,労働諸費,settlement-pdf,5,労働費,2,労働諸費,map,項の名称がマスタと完全一致（款は account_map の対応を介す）
2022,expenditure,1,一般会計,一般会計,6,農業費,1,農業費,1,農業委員会費,settlement-pdf,6,農林水産業費,1,農業費,map,項の名称がマスタと完全一致（款は account_map の対応を介す）
2022,expenditure,1,一般会計,一般会計,6,農業費,1,農業費,2,農業総務費,settlement-pdf,6,農林水産業費,1,農業費,map,項の名称がマスタと完全一致（款は account_map の対応を介す）
2022,expenditure,1,一般会計,一般会計,6,農業費,1,農業費,3,農業振興費,settlement-pdf,6,農林水産業費,1,農業費,map,項の名称がマスタと完全一致（款は account_map の対応を介す）
2022,expenditure,1,一般会計,一般会計,6,農業費,1,農業費,4,土地利用対策費,settlement-pdf,6,農林水産業費,1,農業費,map,項の名称がマスタと完全一致（款は account_map の対応を介す）
2022,expenditure,1,一般会計,一般会計,7,商工費,1,商工費,1,商工総務費,settlement-pdf,7,商工費,1,商工費,map,項の名称がマスタと完全一致（款は account_map の対応を介す）
2022,expenditure,1,一般会計,一般会計,7,商工費,1,商工費,2,商工業振興費,settlement-pdf,7,商工費,1,商工費,map,項の名称がマスタと完全一致（款は account_map の対応を介す）
2022,expenditure,1,一般会計,一般会計,7,商工費,1,商工費,3,消費経済対策費,settlement-pdf,7,商工費,1,商工費,map,項の名称がマスタと完全一致（款は account_map の対応を介す）
2022,expenditure,1,一般会計,一般会計,7,商工費,1,商工費,4,観光費,settlement-pdf,7,商工費,1,商工費,map,項の名称がマスタと完全一致（款は account_map の対応を介す）
2022,expenditure,1,一般会計,一般会計,8,土木費,1,土木管理費,1,土木総務費,settlement-pdf,8,土木費,1,土木管理費,map,項の名称がマスタと完全一致（款は account_map の対応を介す）
2022,expenditure,1,一般会計,一般会計,8,土木費,2,道路橋りょう費,1,道路橋りょう総務費,settlement-pdf,8,土木費,2,道路橋りよう費,map,マスタの表記は「道路橋りよう費」。拗音の大小の表記差で同じ項
2022,expenditure,1,一般会計,一般会計,8,土木費,2,道路橋りょう費,2,道路維持費,settlement-pdf,8,土木費,2,道路橋りよう費,map,マスタの表記は「道路橋りよう費」。拗音の大小の表記差で同じ項
2022,expenditure,1,一般会計,一般会計,8,土木費,2,道路橋りょう費,3,道路新設改良費,settlement-pdf,8,土木費,2,道路橋りよう費,map,マスタの表記は「道路橋りよう費」。拗音の大小の表記差で同じ項
2022,expenditure,1,一般会計,一般会計,8,土木費,2,道路橋りょう費,4,道路照明費,settlement-pdf,8,土木費,2,道路橋りよう費,map,マスタの表記は「道路橋りよう費」。拗音の大小の表記差で同じ項
2022,expenditure,1,一般会計,一般会計,8,土木費,2,道路橋りょう費,5,交通安全対策費,settlement-pdf,8,土木費,2,道路橋りよう費,map,マスタの表記は「道路橋りよう費」。拗音の大小の表記差で同じ項
2022,expenditure,1,一般会計,一般会計,8,土木費,3,河川費,1,河川総務費,settlement-pdf,8,土木費,3,河川費,map,項の名称がマスタと完全一致（款は account_map の対応を介す）
2022,expenditure,1,一般会計,一般会計,8,土木費,4,都市計画費,1,都市計画総務費,settlement-pdf,8,土木費,5,都市計画費,map,項の名称がマスタと完全一致（款は account_map の対応を介す）
2022,expenditure,1,一般会計,一般会計,8,土木費,4,都市計画費,2,再開発費,settlement-pdf,8,土木費,5,都市計画費,map,項の名称がマスタと完全一致（款は account_map の対応を介す）
2022,expenditure,1,一般会計,一般会計,8,土木費,4,都市計画費,3,街路事業費,settlement-pdf,8,土木費,5,都市計画費,map,項の名称がマスタと完全一致（款は account_map の対応を介す）
2022,expenditure,1,一般会計,一般会計,8,土木費,4,都市計画費,4,公園緑地費,settlement-pdf,8,土木費,5,都市計画費,map,項の名称がマスタと完全一致（款は account_map の対応を介す）
2022,expenditure,1,一般会計,一般会計,8,土木費,4,都市計画費,5,下水道費,settlement-pdf,8,土木費,5,都市計画費,map,項の名称がマスタと完全一致（款は account_map の対応を介す）
2022,expenditure,1,一般会計,一般会計,9,消防費,1,消防費,1,常備消防費,settlement-pdf,9,消防費,1,消防費,map,項の名称がマスタと完全一致（款は account_map の対応を介す）
2022,expenditure,1,一般会計,一般会計,9,消防費,1,消防費,2,非常備消防費,settlement-pdf,9,消防費,1,消防費,map,項の名称がマスタと完全一致（款は account_map の対応を介す）
2022,expenditure,1,一般会計,一般会計,9,,1,,3,,,9,消防費,,,map,款名「消防費」がマスタと一致
2022,expenditure,1,一般会計,一般会計,9,消防費,1,消防費,4,災害対策費,settlement-pdf,9,消防費,1,消防費,map,項の名称がマスタと完全一致（款は account_map の対応を介す）
2022,expenditure,1,一般会計,一般会計,10,教育費,1,教育総務費,1,教育委員会費,settlement-pdf,10,教育費,1,教育総務費,map,項の名称がマスタと完全一致（款は account_map の対応を介す）
2022,expenditure,1,一般会計,一般会計,10,教育費,1,教育総務費,2,事務局費,settlement-pdf,10,教育費,1,教育総務費,map,項の名称がマスタと完全一致（款は account_map の対応を介す）
2022,expenditure,1,一般会計,一般会計,10,教育費,1,教育総務費,3,教育指導費,settlement-pdf,10,教育費,1,教育総務費,map,項の名称がマスタと完全一致（款は account_map の対応を介す）
2022,expenditure,1,一般会計,一般会計,10,教育費,2,小学校費,1,学校管理費,settlement-pdf,10,教育費,2,小学校費,map,項の名称がマスタと完全一致（款は account_map の対応を介す）
2022,expenditure,1,一般会計,一般会計,10,教育費,2,小学校費,2,教育振興費,settlement-pdf,10,教育費,2,小学校費,map,項の名称がマスタと完全一致（款は account_map の対応を介す）
2022,expenditure,1,一般会計,一般会計,10,教育費,2,小学校費,3,特別支援学級費,settlement-pdf,10,教育費,2,小学校費,map,項の名称がマスタと完全一致（款は account_map の対応を介す）
2022,expenditure,1,一般会計,一般会計,10,教育費,2,小学校費,4,学校保健衛生費,settlement-pdf,10,教育費,2,小学校費,map,項の名称がマスタと完全一致（款は account_map の対応を介す）
2022,expenditure,1,一般会計,一般会計,10,教育費,2,小学校費,5,学校給食費,settlement-pdf,10,教育費,2,小学校費,map,項の名称がマスタと完全一致（款は account_map の対応を介す）
2022,expenditure,1,一般会計,一般会計,10,教育費,2,小学校費,6,学校建設費,settlement-pdf,10,教育費,2,小学校費,map,項の名称がマスタと完全一致（款は account_map の対応を介す）
2022,expenditure,1,一般会計,一般会計,10,教育費,3,中学校費,1,学校管理費,settlement-pdf,10,教育費,3,中学校費,map,項の名称がマスタと完全一致（款は account_map の対応を介す）
2022,expenditure,1,一般会計,一般会計,10,教育費,3,中学校費,2,教育振興費,settlement-pdf,10,教育費,3,中学校費,map,項の名称がマスタと完全一致（款は account_map の対応を介す）
2022,expenditure,1,一般会計,一般会計,10,教育費,3,中学校費,3,特別支援学級費,settlement-pdf,10,教育費,3,中学校費,map,項の名称がマスタと完全一致（款は account_map の対応を介す）
2022,expenditure,1,一般会計,一般会計,10,教育費,3,中学校費,4,学校保健衛生費,settlement-pdf,10,教育費,3,中学校費,map,項の名称がマスタと完全一致（款は account_map の対応を介す）
2022,expenditure,1,一般会計,一般会計,10,教育費,3,中学校費,5,学校給食費,settlement-pdf,10,教育費,3,中学校費,map,項の名称がマスタと完全一致（款は account_map の対応を介す）
2022,expenditure,1,一般会計,一般会計,10,教育費,3,中学校費,6,学校建設費,settlement-pdf,10,教育費,3,中学校費,map,項の名称がマスタと完全一致（款は account_map の対応を介す）
2022,expenditure,1,一般会計,一般会計,10,教育費,4,幼児教育費,1,幼児教育振興費,settlement-pdf,10,教育費,,,addition,法定の項に無い。市の追加区分として登録する
2022,expenditure,1,一般会計,一般会計,10,教育費,5,社会教育費,1,社会教育総務費,settlement-pdf,10,教育費,6,社会教育費,map,項の名称がマスタと完全一致（款は account_map の対応を介す）
2022,expenditure,1,一般会計,一般会計,10,教育費,5,社会教育費,2,市民センター費,settlement-pdf,10,教育費,6,社会教育費,map,項の名称がマスタと完全一致（款は account_map の対応を介す）
2022,expenditure,1,一般会計,一般会計,10,教育費,5,社会教育費,3,公民館費,settlement-pdf,10,教育費,6,社会教育費,map,項の名称がマスタと完全一致（款は account_map の対応を介す）
2022,expenditure,1,一般会計,一般会計,10,教育費,5,社会教育費,4,図書館費,settlement-pdf,10,教育費,6,社会教育費,map,項の名称がマスタと完全一致（款は account_map の対応を介す）
2022,expenditure,1,一般会計,一般会計,10,教育費,5,社会教育費,5,市民ホール費,settlement-pdf,10,教育費,6,社会教育費,map,項の名称がマスタと完全一致（款は account_map の対応を介す）
2022,expenditure,1,一般会計,一般会計,10,教育費,6,保健体育費,1,保健体育総務費,settlement-pdf,10,教育費,7,保健体育費,map,項の名称がマスタと完全一致（款は account_map の対応を介す）
2022,expenditure,1,一般会計,一般会計,10,教育費,6,保健体育費,2,体育施設費,settlement-pdf,10,教育費,7,保健体育費,map,項の名称がマスタと完全一致（款は account_map の対応を介す）
2022,expenditure,1,一般会計,一般会計,11,公債費,1,公債費,1,元金,settlement-pdf,12,公債費,1,公債費,map,項の名称がマスタと完全一致（款は account_map の対応を介す）
2022,expenditure,1,一般会計,一般会計,11,公債費,1,公債費,2,利子,settlement-pdf,12,公債費,1,公債費,map,項の名称がマスタと完全一致（款は account_map の対応を介す）
2022,expenditure,1,一般会計,一般会計,12,諸支出金,1,基金費,1,財政調整基金費,settlement-pdf,13,諸支出金,,,addition,法定の諸支出金の項（普通財産取得費・公営企業貸付金）に無い。市の追加区分として登録する
2022,expenditure,1,一般会計,一般会計,12,諸支出金,1,基金費,2,減債基金費,settlement-pdf,13,諸支出金,,,addition,法定の諸支出金の項（普通財産取得費・公営企業貸付金）に無い。市の追加区分として登録する
2022,expenditure,1,一般会計,一般会計,13,,1,,1,,,14,予備費,,,map,款名「予備費」。法定の款14
2022,expenditure,11,国民健康保険特別会計,国民健康保険,1,,1,,1,,,1,総務費,,,map,狛江市国保会計の款1。決算額は届かないが科目構成（委託料・役務費等の経費科目）で総務費と同定。63表的な給付・納付金ではない
2022,expenditure,11,国民健康保険特別会計,国民健康保険,1,,1,,2,,,1,総務費,,,map,狛江市国保会計の款1。決算額は届かないが科目構成（委託料・役務費等の経費科目）で総務費と同定。63表的な給付・納付金ではない
2022,expenditure,11,国民健康保険特別会計,国民健康保険,1,,1,,3,,,1,総務費,,,map,狛江市国保会計の款1。決算額は届かないが科目構成（委託料・役務費等の経費科目）で総務費と同定。63表的な給付・納付金ではない
2022,expenditure,11,国民健康保険特別会計,国民健康保険,1,,2,,1,,,1,総務費,,,map,狛江市国保会計の款1。決算額は届かないが科目構成（委託料・役務費等の経費科目）で総務費と同定。63表的な給付・納付金ではない
2022,expenditure,11,国民健康保険特別会計,国民健康保険,2,,1,,1,,,2,保険給付費,,,map,"狛江市国保会計の款2。執行累計4,679,332,397円が52表の保険給付費（令和5年度決算）と一致"
2022,expenditure,11,国民健康保険特別会計,国民健康保険,2,,1,,2,,,2,保険給付費,,,map,"狛江市国保会計の款2。執行累計4,679,332,397円が52表の保険給付費（令和5年度決算）と一致"
2022,expenditure,11,国民健康保険特別会計,国民健康保険,2,,1,,3,,,2,保険給付費,,,map,"狛江市国保会計の款2。執行累計4,679,332,397円が52表の保険給付費（令和5年度決算）と一致"
2022,expenditure,11,国民健康保険特別会計,国民健康保険,2,,1,,4,,,2,保険給付費,,,map,"狛江市国保会計の款2。執行累計4,679,332,397円が52表の保険給付費（令和5年度決算）と一致"
2022,expenditure,11,国民健康保険特別会計,国民健康保険,2,,1,,5,,,2,保険給付費,,,map,"狛江市国保会計の款2。執行累計4,679,332,397円が52表の保険給付費（令和5年度決算）と一致"
2022,expenditure,11,国民健康保険特別会計,国民健康保険,2,,2,,1,,,2,保険給付費,,,map,"狛江市国保会計の款2。執行累計4,679,332,397円が52表の保険給付費（令和5年度決算）と一致"
2022,expenditure,11,国民健康保険特別会計,国民健康保険,2,,2,,2,,,2,保険給付費,,,map,"狛江市国保会計の款2。執行累計4,679,332,397円が52表の保険給付費（令和5年度決算）と一致"
2022,expenditure,11,国民健康保険特別会計,国民健康保険,2,,2,,3,,,2,保険給付費,,,map,"狛江市国保会計の款2。執行累計4,679,332,397円が52表の保険給付費（令和5年度決算）と一致"
2022,expenditure,11,国民健康保険特別会計,国民健康保険,2,,2,,4,,,2,保険給付費,,,map,"狛江市国保会計の款2。執行累計4,679,332,397円が52表の保険給付費（令和5年度決算）と一致"
2022,expenditure,11,国民健康保険特別会計,国民健康保険,2,,3,,1,,,2,保険給付費,,,map,"狛江市国保会計の款2。執行累計4,679,332,397円が52表の保険給付費（令和5年度決算）と一致"
2022,expenditure,11,国民健康保険特別会計,国民健康保険,2,,3,,2,,,2,保険給付費,,,map,"狛江市国保会計の款2。執行累計4,679,332,397円が52表の保険給付費（令和5年度決算）と一致"
2022,expenditure,11,国民健康保険特別会計,国民健康保険,2,,4,,1,,,2,保険給付費,,,map,"狛江市国保会計の款2。執行累計4,679,332,397円が52表の保険給付費（令和5年度決算）と一致"
2022,expenditure,11,国民健康保険特別会計,国民健康保険,2,,5,,1,,,2,保険給付費,,,map,"狛江市国保会計の款2。執行累計4,679,332,397円が52表の保険給付費（令和5年度決算）と一致"
2022,expenditure,11,国民健康保険特別会計,国民健康保険,2,,6,,1,,,2,保険給付費,,,map,"狛江市国保会計の款2。執行累計4,679,332,397円が52表の保険給付費（令和5年度決算）と一致"
2022,expenditure,11,国民健康保険特別会計,国民健康保険,2,,6,,2,,,2,保険給付費,,,map,"狛江市国保会計の款2。執行累計4,679,332,397円が52表の保険給付費（令和5年度決算）と一致"
2022,expenditure,11,国民健康保険特別会計,国民健康保険,2,,7,,1,,,2,保険給付費,,,map,"狛江市国保会計の款2。執行累計4,679,332,397円が52表の保険給付費（令和5年度決算）と一致"
2022,expenditure,11,国民健康保険特別会計,国民健康保険,3,,1,,1,,,3,国民健康保険事業費納付金,,,map,"狛江市国保会計の款3。執行累計2,790,525,757円が52表の国民健康保険事業費納付金と一致"
2022,expenditure,11,国民健康保険特別会計,国民健康保険,3,,2,,1,,,3,国民健康保険事業費納付金,,,map,"狛江市国保会計の款3。執行累計2,790,525,757円が52表の国民健康保険事業費納付金と一致"
2022,expenditure,11,国民健康保険特別会計,国民健康保険,3,,3,,1,,,3,国民健康保険事業費納付金,,,map,"狛江市国保会計の款3。執行累計2,790,525,757円が52表の国民健康保険事業費納付金と一致"
2022,expenditure,11,国民健康保険特別会計,国民健康保険,4,,1,,1,,,4,保健事業費,,,map,"狛江市国保会計の款4。執行累計114,234,835円が52表の保健事業費と一致"
2022,expenditure,11,国民健康保険特別会計,国民健康保険,5,,1,,1,,,5,基金積立金,,,map,狛江市国保会計の款5（執行0・予算計500千円）。位置と構造から基金積立金
2022,expenditure,11,国民健康保険特別会計,国民健康保険,6,,1,,1,,,9,その他の支出,,,map,"狛江市国保会計の款6（2019年度以降）。執行累計119,963,088円が52表のその他の支出と一致（繰出金の項を内包）"
2022,expenditure,11,国民健康保険特別会計,国民健康保険,6,,1,,2,,,9,その他の支出,,,map,"狛江市国保会計の款6（2019年度以降）。執行累計119,963,088円が52表のその他の支出と一致（繰出金の項を内包）"
2022,expenditure,11,国民健康保険特別会計,国民健康保険,6,,1,,3,,,9,その他の支出,,,map,"狛江市国保会計の款6（2019年度以降）。執行累計119,963,088円が52表のその他の支出と一致（繰出金の項を内包）"
2022,expenditure,11,国民健康保険特別会計,国民健康保険,6,,2,,1,,,9,その他の支出,,,map,"狛江市国保会計の款6（2019年度以降）。執行累計119,963,088円が52表のその他の支出と一致（繰出金の項を内包）"
2022,expenditure,11,国民健康保険特別会計,国民健康保険,7,,1,,1,,,10,予備費,,,map,狛江市国保会計の款7（2019年度以降・執行0・予備費の科目のみ）
2022,expenditure,14,介護保険特別会計,介護保険,1,,1,,1,,,1,総務費,,,map,狛江市介護保険会計の款1。総務費相当（経費科目の集合）
2022,expenditure,14,介護保険特別会計,介護保険,1,,1,,2,,,1,総務費,,,map,狛江市介護保険会計の款1。総務費相当（経費科目の集合）
2022,expenditure,14,介護保険特別会計,介護保険,1,,1,,3,,,1,総務費,,,map,狛江市介護保険会計の款1。総務費相当（経費科目の集合）
2022,expenditure,14,介護保険特別会計,介護保険,2,,1,,1,,,2,保険給付費,,,map,"狛江市介護保険会計の款2。執行累計6,927,245,614円が63表の保険給付費（令和5年度決算）と一致"
2022,expenditure,14,介護保険特別会計,介護保険,2,,1,,2,,,2,保険給付費,,,map,"狛江市介護保険会計の款2。執行累計6,927,245,614円が63表の保険給付費（令和5年度決算）と一致"
2022,expenditure,14,介護保険特別会計,介護保険,2,,1,,3,,,2,保険給付費,,,map,"狛江市介護保険会計の款2。執行累計6,927,245,614円が63表の保険給付費（令和5年度決算）と一致"
2022,expenditure,14,介護保険特別会計,介護保険,2,,1,,4,,,2,保険給付費,,,map,"狛江市介護保険会計の款2。執行累計6,927,245,614円が63表の保険給付費（令和5年度決算）と一致"
2022,expenditure,14,介護保険特別会計,介護保険,2,,1,,5,,,2,保険給付費,,,map,"狛江市介護保険会計の款2。執行累計6,927,245,614円が63表の保険給付費（令和5年度決算）と一致"
2022,expenditure,14,介護保険特別会計,介護保険,2,,1,,6,,,2,保険給付費,,,map,"狛江市介護保険会計の款2。執行累計6,927,245,614円が63表の保険給付費（令和5年度決算）と一致"
2022,expenditure,14,介護保険特別会計,介護保険,3,,1,,1,,,3,地域支援事業費,,,map,"狛江市介護保険会計の款3。執行累計193,722,723円が63表の地域支援事業と一致"
2022,expenditure,14,介護保険特別会計,介護保険,3,,1,,2,,,3,地域支援事業費,,,map,"狛江市介護保険会計の款3。執行累計193,722,723円が63表の地域支援事業と一致"
2022,expenditure,14,介護保険特別会計,介護保険,3,,1,,3,,,3,地域支援事業費,,,map,"狛江市介護保険会計の款3。執行累計193,722,723円が63表の地域支援事業と一致"
2022,expenditure,14,介護保険特別会計,介護保険,3,,1,,4,,,3,地域支援事業費,,,map,"狛江市介護保険会計の款3。執行累計193,722,723円が63表の地域支援事業と一致"
2022,expenditure,14,介護保険特別会計,介護保険,4,,1,,1,,,,,,,,
2022,expenditure,14,介護保険特別会計,介護保険,5,,1,,1,,,6,基金積立金,,,map,"狛江市介護保険会計の款5。執行累計106,187,401円が63表の基金積立金と一致"
2022,expenditure,14,介護保険特別会計,介護保険,6,,1,,1,,,8,公債費,,,map,狛江市介護保険会計の款6（償還金利子の科目のみ・執行0）。償還債務は公債費相当
2022,expenditure,14,介護保険特別会計,介護保険,7,,1,,1,,,7,繰出金,,,map,"狛江市介護保険会計の款7。執行累計25,892,000円が63表の繰出金と一致"
2022,expenditure,14,介護保険特別会計,介護保険,8,,1,,1,,,10,その他の支出,,,map,"狛江市介護保険会計の款8。執行累計16,283,063円が63表のその他の支出と一致"
2022,expenditure,14,介護保険特別会計,介護保険,8,,1,,2,,,10,その他の支出,,,map,"狛江市介護保険会計の款8。執行累計16,283,063円が63表のその他の支出と一致"
2022,expenditure,14,介護保険特別会計,介護保険,8,,2,,1,,,10,その他の支出,,,map,"狛江市介護保険会計の款8。執行累計16,283,063円が63表のその他の支出と一致"
2022,expenditure,14,介護保険特別会計,介護保険,9,,1,,1,,,11,予備費,,,map,狛江市介護保険会計の款9（予備費の科目のみ・執行0）
2022,expenditure,22,駐車場事業特別会計,駐車場事業,1,,1,,1,,,,,,,,
2022,expenditure,34,後期高齢者医療特別会計,後期高齢者医療,1,,1,,1,,,1,総務費,,,map,狛江市後期高齢者医療会計の款1。総務費相当（経費科目の集合）
2022,expenditure,34,後期高齢者医療特別会計,後期高齢者医療,1,,2,,1,,,1,総務費,,,map,狛江市後期高齢者医療会計の款1。総務費相当（経費科目の集合）
2022,expenditure,34,後期高齢者医療特別会計,後期高齢者医療,1,,2,,2,,,1,総務費,,,map,狛江市後期高齢者医療会計の款1。総務費相当（経費科目の集合）
2022,expenditure,34,後期高齢者医療特別会計,後期高齢者医療,2,,1,,1,,,2,後期高齢者医療広域連合納付金,,,map,"狛江市後期高齢者医療会計の款2。負担金、補助及び交付金の単一科目で広域連合納付金相当（ただし市の帳簿額2,188,750,528円と94表の納付金1,355,124千円は大きくずれる）"
2022,expenditure,34,後期高齢者医療特別会計,後期高齢者医療,3,,1,,1,,,3,保健事業費,,,map,狛江市後期高齢者医療会計の款3。委託料主体（健診等の保健事業相当）
2022,expenditure,34,後期高齢者医療特別会計,後期高齢者医療,4,,1,,1,,,6,その他の支出,,,map,狛江市後期高齢者医療会計の款4。償還金系と繰出金（項2目1、一般会計への繰出）を内包するその他の支出相当
2022,expenditure,34,後期高齢者医療特別会計,後期高齢者医療,4,,1,,2,,,6,その他の支出,,,map,狛江市後期高齢者医療会計の款4。償還金系と繰出金（項2目1、一般会計への繰出）を内包するその他の支出相当
2022,expenditure,34,後期高齢者医療特別会計,後期高齢者医療,4,,2,,1,,,6,その他の支出,,,map,狛江市後期高齢者医療会計の款4。償還金系と繰出金（項2目1、一般会計への繰出）を内包するその他の支出相当
2022,expenditure,34,後期高齢者医療特別会計,後期高齢者医療,5,,1,,1,,,7,予備費,,,map,狛江市後期高齢者医療会計の款5（予備費の科目のみ・執行0）
2022,revenue,1,一般会計,一般会計,1,,1,,1,,,1,市(町村)税,,,map,款名「市税」。マスタの表記は「市(町村)税」。名称の根拠は 2023年度の歳入事項別明細（決算資料 PDF、テキスト抽出・調定額79/79一致）。⚠️ **2020年度以降に限る** — 2018〜2019年度は歳入の款体系が別（20〜21款構成で款コードの意味が違う）で、名称を確認できる資料も無い。款の意味が2020〜2023で同じことは、款ごとの節名称の集合が全22款で2023と重なることで裏づけた（2026-08-24 実測）
2022,revenue,1,一般会計,一般会計,1,,1,,2,,,1,市(町村)税,,,map,款名「市税」。マスタの表記は「市(町村)税」。名称の根拠は 2023年度の歳入事項別明細（決算資料 PDF、テキスト抽出・調定額79/79一致）。⚠️ **2020年度以降に限る** — 2018〜2019年度は歳入の款体系が別（20〜21款構成で款コードの意味が違う）で、名称を確認できる資料も無い。款の意味が2020〜2023で同じことは、款ごとの節名称の集合が全22款で2023と重なることで裏づけた（2026-08-24 実測）
2022,revenue,1,一般会計,一般会計,1,,2,,1,,,1,市(町村)税,,,map,款名「市税」。マスタの表記は「市(町村)税」。名称の根拠は 2023年度の歳入事項別明細（決算資料 PDF、テキスト抽出・調定額79/79一致）。⚠️ **2020年度以降に限る** — 2018〜2019年度は歳入の款体系が別（20〜21款構成で款コードの意味が違う）で、名称を確認できる資料も無い。款の意味が2020〜2023で同じことは、款ごとの節名称の集合が全22款で2023と重なることで裏づけた（2026-08-24 実測）
2022,revenue,1,一般会計,一般会計,1,,2,,2,,,1,市(町村)税,,,map,款名「市税」。マスタの表記は「市(町村)税」。名称の根拠は 2023年度の歳入事項別明細（決算資料 PDF、テキスト抽出・調定額79/79一致）。⚠️ **2020年度以降に限る** — 2018〜2019年度は歳入の款体系が別（20〜21款構成で款コードの意味が違う）で、名称を確認できる資料も無い。款の意味が2020〜2023で同じことは、款ごとの節名称の集合が全22款で2023と重なることで裏づけた（2026-08-24 実測）
2022,revenue,1,一般会計,一般会計,1,,3,,1,,,1,市(町村)税,,,map,款名「市税」。マスタの表記は「市(町村)税」。名称の根拠は 2023年度の歳入事項別明細（決算資料 PDF、テキスト抽出・調定額79/79一致）。⚠️ **2020年度以降に限る** — 2018〜2019年度は歳入の款体系が別（20〜21款構成で款コードの意味が違う）で、名称を確認できる資料も無い。款の意味が2020〜2023で同じことは、款ごとの節名称の集合が全22款で2023と重なることで裏づけた（2026-08-24 実測）
2022,revenue,1,一般会計,一般会計,1,,3,,2,,,1,市(町村)税,,,map,款名「市税」。マスタの表記は「市(町村)税」。名称の根拠は 2023年度の歳入事項別明細（決算資料 PDF、テキスト抽出・調定額79/79一致）。⚠️ **2020年度以降に限る** — 2018〜2019年度は歳入の款体系が別（20〜21款構成で款コードの意味が違う）で、名称を確認できる資料も無い。款の意味が2020〜2023で同じことは、款ごとの節名称の集合が全22款で2023と重なることで裏づけた（2026-08-24 実測）
2022,revenue,1,一般会計,一般会計,1,,4,,1,,,1,市(町村)税,,,map,款名「市税」。マスタの表記は「市(町村)税」。名称の根拠は 2023年度の歳入事項別明細（決算資料 PDF、テキスト抽出・調定額79/79一致）。⚠️ **2020年度以降に限る** — 2018〜2019年度は歳入の款体系が別（20〜21款構成で款コードの意味が違う）で、名称を確認できる資料も無い。款の意味が2020〜2023で同じことは、款ごとの節名称の集合が全22款で2023と重なることで裏づけた（2026-08-24 実測）
2022,revenue,1,一般会計,一般会計,1,,5,,1,,,1,市(町村)税,,,map,款名「市税」。マスタの表記は「市(町村)税」。名称の根拠は 2023年度の歳入事項別明細（決算資料 PDF、テキスト抽出・調定額79/79一致）。⚠️ **2020年度以降に限る** — 2018〜2019年度は歳入の款体系が別（20〜21款構成で款コードの意味が違う）で、名称を確認できる資料も無い。款の意味が2020〜2023で同じことは、款ごとの節名称の集合が全22款で2023と重なることで裏づけた（2026-08-24 実測）
2022,revenue,1,一般会計,一般会計,1,,6,,1,,,1,市(町村)税,,,map,款名「市税」。マスタの表記は「市(町村)税」。名称の根拠は 2023年度の歳入事項別明細（決算資料 PDF、テキスト抽出・調定額79/79一致）。⚠️ **2020年度以降に限る** — 2018〜2019年度は歳入の款体系が別（20〜21款構成で款コードの意味が違う）で、名称を確認できる資料も無い。款の意味が2020〜2023で同じことは、款ごとの節名称の集合が全22款で2023と重なることで裏づけた（2026-08-24 実測）
2022,revenue,1,一般会計,一般会計,2,,1,,1,,,2,地方譲与税,,,map,款名「地方譲与税」がマスタと一致。名称の根拠は 2023年度の歳入事項別明細（決算資料 PDF、テキスト抽出・調定額79/79一致）。⚠️ **2020年度以降に限る** — 2018〜2019年度は歳入の款体系が別（20〜21款構成で款コードの意味が違う）で、名称を確認できる資料も無い。款の意味が2020〜2023で同じことは、款ごとの節名称の集合が全22款で2023と重なることで裏づけた（2026-08-24 実測）
2022,revenue,1,一般会計,一般会計,2,,2,,1,,,2,地方譲与税,,,map,款名「地方譲与税」がマスタと一致。名称の根拠は 2023年度の歳入事項別明細（決算資料 PDF、テキスト抽出・調定額79/79一致）。⚠️ **2020年度以降に限る** — 2018〜2019年度は歳入の款体系が別（20〜21款構成で款コードの意味が違う）で、名称を確認できる資料も無い。款の意味が2020〜2023で同じことは、款ごとの節名称の集合が全22款で2023と重なることで裏づけた（2026-08-24 実測）
2022,revenue,1,一般会計,一般会計,2,,3,,1,,,2,地方譲与税,,,map,款名「地方譲与税」がマスタと一致。名称の根拠は 2023年度の歳入事項別明細（決算資料 PDF、テキスト抽出・調定額79/79一致）。⚠️ **2020年度以降に限る** — 2018〜2019年度は歳入の款体系が別（20〜21款構成で款コードの意味が違う）で、名称を確認できる資料も無い。款の意味が2020〜2023で同じことは、款ごとの節名称の集合が全22款で2023と重なることで裏づけた（2026-08-24 実測）
2022,revenue,1,一般会計,一般会計,3,,1,,1,,,3,利子割交付金,,,map,款名「利子割交付金」がマスタと一致。名称の根拠は 2023年度の歳入事項別明細（決算資料 PDF、テキスト抽出・調定額79/79一致）。⚠️ **2020年度以降に限る** — 2018〜2019年度は歳入の款体系が別（20〜21款構成で款コードの意味が違う）で、名称を確認できる資料も無い。款の意味が2020〜2023で同じことは、款ごとの節名称の集合が全22款で2023と重なることで裏づけた（2026-08-24 実測）
2022,revenue,1,一般会計,一般会計,4,,1,,1,,,4,配当割交付金,,,map,款名「配当割交付金」がマスタと一致。名称の根拠は 2023年度の歳入事項別明細（決算資料 PDF、テキスト抽出・調定額79/79一致）。⚠️ **2020年度以降に限る** — 2018〜2019年度は歳入の款体系が別（20〜21款構成で款コードの意味が違う）で、名称を確認できる資料も無い。款の意味が2020〜2023で同じことは、款ごとの節名称の集合が全22款で2023と重なることで裏づけた（2026-08-24 実測）
2022,revenue,1,一般会計,一般会計,5,,1,,1,,,5,株式等譲渡所得割交付金,,,map,款名「株式等譲渡所得割交付金」がマスタと一致。名称の根拠は 2023年度の歳入事項別明細（決算資料 PDF、テキスト抽出・調定額79/79一致）。⚠️ **2020年度以降に限る** — 2018〜2019年度は歳入の款体系が別（20〜21款構成で款コードの意味が違う）で、名称を確認できる資料も無い。款の意味が2020〜2023で同じことは、款ごとの節名称の集合が全22款で2023と重なることで裏づけた（2026-08-24 実測）
2022,revenue,1,一般会計,一般会計,6,,1,,1,,,6,法人事業税交付金,,,map,款名「法人事業税交付金」がマスタと一致。名称の根拠は 2023年度の歳入事項別明細（決算資料 PDF、テキスト抽出・調定額79/79一致）。⚠️ **2020年度以降に限る** — 2018〜2019年度は歳入の款体系が別（20〜21款構成で款コードの意味が違う）で、名称を確認できる資料も無い。款の意味が2020〜2023で同じことは、款ごとの節名称の集合が全22款で2023と重なることで裏づけた（2026-08-24 実測）
2022,revenue,1,一般会計,一般会計,7,,1,,1,,,7,地方消費税交付金,,,map,款名「地方消費税交付金」がマスタと一致。名称の根拠は 2023年度の歳入事項別明細（決算資料 PDF、テキスト抽出・調定額79/79一致）。⚠️ **2020年度以降に限る** — 2018〜2019年度は歳入の款体系が別（20〜21款構成で款コードの意味が違う）で、名称を確認できる資料も無い。款の意味が2020〜2023で同じことは、款ごとの節名称の集合が全22款で2023と重なることで裏づけた（2026-08-24 実測）
2022,revenue,1,一般会計,一般会計,8,,1,,1,,,,,,,historical,款名「旧法による自動車取得税交付金」（2023年度の歳入事項別明細で確認）。2019年廃止の旧法定区分の経過措置で、現行の法定様式に無い
2022,revenue,1,一般会計,一般会計,9,,1,,1,,,8,環境性能割交付金,,,map,款名「環境性能割交付金」がマスタと一致。名称の根拠は 2023年度の歳入事項別明細（決算資料 PDF、テキスト抽出・調定額79/79一致）。⚠️ **2020年度以降に限る** — 2018〜2019年度は歳入の款体系が別（20〜21款構成で款コードの意味が違う）で、名称を確認できる資料も無い。款の意味が2020〜2023で同じことは、款ごとの節名称の集合が全22款で2023と重なることで裏づけた（2026-08-24 実測）
2022,revenue,1,一般会計,一般会計,10,,1,,1,,,9,地方特例交付金,,,map,款名「地方特例交付金」がマスタと一致。名称の根拠は 2023年度の歳入事項別明細（決算資料 PDF、テキスト抽出・調定額79/79一致）。⚠️ **2020年度以降に限る** — 2018〜2019年度は歳入の款体系が別（20〜21款構成で款コードの意味が違う）で、名称を確認できる資料も無い。款の意味が2020〜2023で同じことは、款ごとの節名称の集合が全22款で2023と重なることで裏づけた（2026-08-24 実測）
2022,revenue,1,一般会計,一般会計,10,,2,,1,,,9,地方特例交付金,,,map,款名「地方特例交付金」がマスタと一致。名称の根拠は 2023年度の歳入事項別明細（決算資料 PDF、テキスト抽出・調定額79/79一致）。⚠️ **2020年度以降に限る** — 2018〜2019年度は歳入の款体系が別（20〜21款構成で款コードの意味が違う）で、名称を確認できる資料も無い。款の意味が2020〜2023で同じことは、款ごとの節名称の集合が全22款で2023と重なることで裏づけた（2026-08-24 実測）
2022,revenue,1,一般会計,一般会計,11,,1,,1,,,10,地方交付税,,,map,款名「地方交付税」がマスタと一致。名称の根拠は 2023年度の歳入事項別明細（決算資料 PDF、テキスト抽出・調定額79/79一致）。⚠️ **2020年度以降に限る** — 2018〜2019年度は歳入の款体系が別（20〜21款構成で款コードの意味が違う）で、名称を確認できる資料も無い。款の意味が2020〜2023で同じことは、款ごとの節名称の集合が全22款で2023と重なることで裏づけた（2026-08-24 実測）
2022,revenue,1,一般会計,一般会計,12,,1,,1,,,11,交通安全対策特別交付金,,,map,款名「交通安全対策特別交付金」がマスタと一致。名称の根拠は 2023年度の歳入事項別明細（決算資料 PDF、テキスト抽出・調定額79/79一致）。⚠️ **2020年度以降に限る** — 2018〜2019年度は歳入の款体系が別（20〜21款構成で款コードの意味が違う）で、名称を確認できる資料も無い。款の意味が2020〜2023で同じことは、款ごとの節名称の集合が全22款で2023と重なることで裏づけた（2026-08-24 実測）
2022,revenue,1,一般会計,一般会計,13,,1,,1,,,12,分担金及び負担金,,,map,款名「分担金及び負担金」がマスタと一致。名称の根拠は 2023年度の歳入事項別明細（決算資料 PDF、テキスト抽出・調定額79/79一致）。⚠️ **2020年度以降に限る** — 2018〜2019年度は歳入の款体系が別（20〜21款構成で款コードの意味が違う）で、名称を確認できる資料も無い。款の意味が2020〜2023で同じことは、款ごとの節名称の集合が全22款で2023と重なることで裏づけた（2026-08-24 実測）
2022,revenue,1,一般会計,一般会計,13,,1,,2,,,12,分担金及び負担金,,,map,款名「分担金及び負担金」がマスタと一致。名称の根拠は 2023年度の歳入事項別明細（決算資料 PDF、テキスト抽出・調定額79/79一致）。⚠️ **2020年度以降に限る** — 2018〜2019年度は歳入の款体系が別（20〜21款構成で款コードの意味が違う）で、名称を確認できる資料も無い。款の意味が2020〜2023で同じことは、款ごとの節名称の集合が全22款で2023と重なることで裏づけた（2026-08-24 実測）
2022,revenue,1,一般会計,一般会計,13,,1,,3,,,12,分担金及び負担金,,,map,款名「分担金及び負担金」がマスタと一致。名称の根拠は 2023年度の歳入事項別明細（決算資料 PDF、テキスト抽出・調定額79/79一致）。⚠️ **2020年度以降に限る** — 2018〜2019年度は歳入の款体系が別（20〜21款構成で款コードの意味が違う）で、名称を確認できる資料も無い。款の意味が2020〜2023で同じことは、款ごとの節名称の集合が全22款で2023と重なることで裏づけた（2026-08-24 実測）
2022,revenue,1,一般会計,一般会計,13,,1,,4,,,12,分担金及び負担金,,,map,款名「分担金及び負担金」がマスタと一致。名称の根拠は 2023年度の歳入事項別明細（決算資料 PDF、テキスト抽出・調定額79/79一致）。⚠️ **2020年度以降に限る** — 2018〜2019年度は歳入の款体系が別（20〜21款構成で款コードの意味が違う）で、名称を確認できる資料も無い。款の意味が2020〜2023で同じことは、款ごとの節名称の集合が全22款で2023と重なることで裏づけた（2026-08-24 実測）
2022,revenue,1,一般会計,一般会計,14,,1,,1,,,13,使用料及び手数料,,,map,款名「使用料及び手数料」がマスタと一致。名称の根拠は 2023年度の歳入事項別明細（決算資料 PDF、テキスト抽出・調定額79/79一致）。⚠️ **2020年度以降に限る** — 2018〜2019年度は歳入の款体系が別（20〜21款構成で款コードの意味が違う）で、名称を確認できる資料も無い。款の意味が2020〜2023で同じことは、款ごとの節名称の集合が全22款で2023と重なることで裏づけた（2026-08-24 実測）
2022,revenue,1,一般会計,一般会計,14,,1,,2,,,13,使用料及び手数料,,,map,款名「使用料及び手数料」がマスタと一致。名称の根拠は 2023年度の歳入事項別明細（決算資料 PDF、テキスト抽出・調定額79/79一致）。⚠️ **2020年度以降に限る** — 2018〜2019年度は歳入の款体系が別（20〜21款構成で款コードの意味が違う）で、名称を確認できる資料も無い。款の意味が2020〜2023で同じことは、款ごとの節名称の集合が全22款で2023と重なることで裏づけた（2026-08-24 実測）
2022,revenue,1,一般会計,一般会計,14,,1,,3,,,13,使用料及び手数料,,,map,款名「使用料及び手数料」がマスタと一致。名称の根拠は 2023年度の歳入事項別明細（決算資料 PDF、テキスト抽出・調定額79/79一致）。⚠️ **2020年度以降に限る** — 2018〜2019年度は歳入の款体系が別（20〜21款構成で款コードの意味が違う）で、名称を確認できる資料も無い。款の意味が2020〜2023で同じことは、款ごとの節名称の集合が全22款で2023と重なることで裏づけた（2026-08-24 実測）
2022,revenue,1,一般会計,一般会計,14,,1,,4,,,13,使用料及び手数料,,,map,款名「使用料及び手数料」がマスタと一致。名称の根拠は 2023年度の歳入事項別明細（決算資料 PDF、テキスト抽出・調定額79/79一致）。⚠️ **2020年度以降に限る** — 2018〜2019年度は歳入の款体系が別（20〜21款構成で款コードの意味が違う）で、名称を確認できる資料も無い。款の意味が2020〜2023で同じことは、款ごとの節名称の集合が全22款で2023と重なることで裏づけた（2026-08-24 実測）
2022,revenue,1,一般会計,一般会計,14,,1,,5,,,13,使用料及び手数料,,,map,款名「使用料及び手数料」がマスタと一致。名称の根拠は 2023年度の歳入事項別明細（決算資料 PDF、テキスト抽出・調定額79/79一致）。⚠️ **2020年度以降に限る** — 2018〜2019年度は歳入の款体系が別（20〜21款構成で款コードの意味が違う）で、名称を確認できる資料も無い。款の意味が2020〜2023で同じことは、款ごとの節名称の集合が全22款で2023と重なることで裏づけた（2026-08-24 実測）
2022,revenue,1,一般会計,一般会計,14,,2,,1,,,13,使用料及び手数料,,,map,款名「使用料及び手数料」がマスタと一致。名称の根拠は 2023年度の歳入事項別明細（決算資料 PDF、テキスト抽出・調定額79/79一致）。⚠️ **2020年度以降に限る** — 2018〜2019年度は歳入の款体系が別（20〜21款構成で款コードの意味が違う）で、名称を確認できる資料も無い。款の意味が2020〜2023で同じことは、款ごとの節名称の集合が全22款で2023と重なることで裏づけた（2026-08-24 実測）
2022,revenue,1,一般会計,一般会計,14,,2,,2,,,13,使用料及び手数料,,,map,款名「使用料及び手数料」がマスタと一致。名称の根拠は 2023年度の歳入事項別明細（決算資料 PDF、テキスト抽出・調定額79/79一致）。⚠️ **2020年度以降に限る** — 2018〜2019年度は歳入の款体系が別（20〜21款構成で款コードの意味が違う）で、名称を確認できる資料も無い。款の意味が2020〜2023で同じことは、款ごとの節名称の集合が全22款で2023と重なることで裏づけた（2026-08-24 実測）
2022,revenue,1,一般会計,一般会計,14,,2,,3,,,13,使用料及び手数料,,,map,款名「使用料及び手数料」がマスタと一致。名称の根拠は 2023年度の歳入事項別明細（決算資料 PDF、テキスト抽出・調定額79/79一致）。⚠️ **2020年度以降に限る** — 2018〜2019年度は歳入の款体系が別（20〜21款構成で款コードの意味が違う）で、名称を確認できる資料も無い。款の意味が2020〜2023で同じことは、款ごとの節名称の集合が全22款で2023と重なることで裏づけた（2026-08-24 実測）
2022,revenue,1,一般会計,一般会計,15,,1,,1,,,14,国庫支出金,,,map,款名「国庫支出金」がマスタと一致。名称の根拠は 2023年度の歳入事項別明細（決算資料 PDF、テキスト抽出・調定額79/79一致）。⚠️ **2020年度以降に限る** — 2018〜2019年度は歳入の款体系が別（20〜21款構成で款コードの意味が違う）で、名称を確認できる資料も無い。款の意味が2020〜2023で同じことは、款ごとの節名称の集合が全22款で2023と重なることで裏づけた（2026-08-24 実測）
2022,revenue,1,一般会計,一般会計,15,,1,,2,,,14,国庫支出金,,,map,款名「国庫支出金」がマスタと一致。名称の根拠は 2023年度の歳入事項別明細（決算資料 PDF、テキスト抽出・調定額79/79一致）。⚠️ **2020年度以降に限る** — 2018〜2019年度は歳入の款体系が別（20〜21款構成で款コードの意味が違う）で、名称を確認できる資料も無い。款の意味が2020〜2023で同じことは、款ごとの節名称の集合が全22款で2023と重なることで裏づけた（2026-08-24 実測）
2022,revenue,1,一般会計,一般会計,15,,1,,3,,,14,国庫支出金,,,map,款名「国庫支出金」がマスタと一致。名称の根拠は 2023年度の歳入事項別明細（決算資料 PDF、テキスト抽出・調定額79/79一致）。⚠️ **2020年度以降に限る** — 2018〜2019年度は歳入の款体系が別（20〜21款構成で款コードの意味が違う）で、名称を確認できる資料も無い。款の意味が2020〜2023で同じことは、款ごとの節名称の集合が全22款で2023と重なることで裏づけた（2026-08-24 実測）
2022,revenue,1,一般会計,一般会計,15,,2,,1,,,14,国庫支出金,,,map,款名「国庫支出金」がマスタと一致。名称の根拠は 2023年度の歳入事項別明細（決算資料 PDF、テキスト抽出・調定額79/79一致）。⚠️ **2020年度以降に限る** — 2018〜2019年度は歳入の款体系が別（20〜21款構成で款コードの意味が違う）で、名称を確認できる資料も無い。款の意味が2020〜2023で同じことは、款ごとの節名称の集合が全22款で2023と重なることで裏づけた（2026-08-24 実測）
2022,revenue,1,一般会計,一般会計,15,,2,,2,,,14,国庫支出金,,,map,款名「国庫支出金」がマスタと一致。名称の根拠は 2023年度の歳入事項別明細（決算資料 PDF、テキスト抽出・調定額79/79一致）。⚠️ **2020年度以降に限る** — 2018〜2019年度は歳入の款体系が別（20〜21款構成で款コードの意味が違う）で、名称を確認できる資料も無い。款の意味が2020〜2023で同じことは、款ごとの節名称の集合が全22款で2023と重なることで裏づけた（2026-08-24 実測）
2022,revenue,1,一般会計,一般会計,15,,2,,3,,,14,国庫支出金,,,map,款名「国庫支出金」がマスタと一致。名称の根拠は 2023年度の歳入事項別明細（決算資料 PDF、テキスト抽出・調定額79/79一致）。⚠️ **2020年度以降に限る** — 2018〜2019年度は歳入の款体系が別（20〜21款構成で款コードの意味が違う）で、名称を確認できる資料も無い。款の意味が2020〜2023で同じことは、款ごとの節名称の集合が全22款で2023と重なることで裏づけた（2026-08-24 実測）
2022,revenue,1,一般会計,一般会計,15,,2,,4,,,14,国庫支出金,,,map,款名「国庫支出金」がマスタと一致。名称の根拠は 2023年度の歳入事項別明細（決算資料 PDF、テキスト抽出・調定額79/79一致）。⚠️ **2020年度以降に限る** — 2018〜2019年度は歳入の款体系が別（20〜21款構成で款コードの意味が違う）で、名称を確認できる資料も無い。款の意味が2020〜2023で同じことは、款ごとの節名称の集合が全22款で2023と重なることで裏づけた（2026-08-24 実測）
2022,revenue,1,一般会計,一般会計,15,,2,,5,,,14,国庫支出金,,,map,款名「国庫支出金」がマスタと一致。名称の根拠は 2023年度の歳入事項別明細（決算資料 PDF、テキスト抽出・調定額79/79一致）。⚠️ **2020年度以降に限る** — 2018〜2019年度は歳入の款体系が別（20〜21款構成で款コードの意味が違う）で、名称を確認できる資料も無い。款の意味が2020〜2023で同じことは、款ごとの節名称の集合が全22款で2023と重なることで裏づけた（2026-08-24 実測）
2022,revenue,1,一般会計,一般会計,15,,3,,1,,,14,国庫支出金,,,map,款名「国庫支出金」がマスタと一致。名称の根拠は 2023年度の歳入事項別明細（決算資料 PDF、テキスト抽出・調定額79/79一致）。⚠️ **2020年度以降に限る** — 2018〜2019年度は歳入の款体系が別（20〜21款構成で款コードの意味が違う）で、名称を確認できる資料も無い。款の意味が2020〜2023で同じことは、款ごとの節名称の集合が全22款で2023と重なることで裏づけた（2026-08-24 実測）
2022,revenue,1,一般会計,一般会計,15,,3,,2,,,14,国庫支出金,,,map,款名「国庫支出金」がマスタと一致。名称の根拠は 2023年度の歳入事項別明細（決算資料 PDF、テキスト抽出・調定額79/79一致）。⚠️ **2020年度以降に限る** — 2018〜2019年度は歳入の款体系が別（20〜21款構成で款コードの意味が違う）で、名称を確認できる資料も無い。款の意味が2020〜2023で同じことは、款ごとの節名称の集合が全22款で2023と重なることで裏づけた（2026-08-24 実測）
2022,revenue,1,一般会計,一般会計,15,,3,,3,,,14,国庫支出金,,,map,款名「国庫支出金」がマスタと一致。名称の根拠は 2023年度の歳入事項別明細（決算資料 PDF、テキスト抽出・調定額79/79一致）。⚠️ **2020年度以降に限る** — 2018〜2019年度は歳入の款体系が別（20〜21款構成で款コードの意味が違う）で、名称を確認できる資料も無い。款の意味が2020〜2023で同じことは、款ごとの節名称の集合が全22款で2023と重なることで裏づけた（2026-08-24 実測）
2022,revenue,1,一般会計,一般会計,15,,3,,4,,,14,国庫支出金,,,map,款名「国庫支出金」がマスタと一致。名称の根拠は 2023年度の歳入事項別明細（決算資料 PDF、テキスト抽出・調定額79/79一致）。⚠️ **2020年度以降に限る** — 2018〜2019年度は歳入の款体系が別（20〜21款構成で款コードの意味が違う）で、名称を確認できる資料も無い。款の意味が2020〜2023で同じことは、款ごとの節名称の集合が全22款で2023と重なることで裏づけた（2026-08-24 実測）
2022,revenue,1,一般会計,一般会計,16,,1,,1,,,15,都(道府県)支出金,,,map,款名「都支出金」。マスタの表記は「都(道府県)支出金」。名称の根拠は 2023年度の歳入事項別明細（決算資料 PDF、テキスト抽出・調定額79/79一致）。⚠️ **2020年度以降に限る** — 2018〜2019年度は歳入の款体系が別（20〜21款構成で款コードの意味が違う）で、名称を確認できる資料も無い。款の意味が2020〜2023で同じことは、款ごとの節名称の集合が全22款で2023と重なることで裏づけた（2026-08-24 実測）
2022,revenue,1,一般会計,一般会計,16,,1,,2,,,15,都(道府県)支出金,,,map,款名「都支出金」。マスタの表記は「都(道府県)支出金」。名称の根拠は 2023年度の歳入事項別明細（決算資料 PDF、テキスト抽出・調定額79/79一致）。⚠️ **2020年度以降に限る** — 2018〜2019年度は歳入の款体系が別（20〜21款構成で款コードの意味が違う）で、名称を確認できる資料も無い。款の意味が2020〜2023で同じことは、款ごとの節名称の集合が全22款で2023と重なることで裏づけた（2026-08-24 実測）
2022,revenue,1,一般会計,一般会計,16,,1,,3,,,15,都(道府県)支出金,,,map,款名「都支出金」。マスタの表記は「都(道府県)支出金」。名称の根拠は 2023年度の歳入事項別明細（決算資料 PDF、テキスト抽出・調定額79/79一致）。⚠️ **2020年度以降に限る** — 2018〜2019年度は歳入の款体系が別（20〜21款構成で款コードの意味が違う）で、名称を確認できる資料も無い。款の意味が2020〜2023で同じことは、款ごとの節名称の集合が全22款で2023と重なることで裏づけた（2026-08-24 実測）
2022,revenue,1,一般会計,一般会計,16,,2,,1,,,15,都(道府県)支出金,,,map,款名「都支出金」。マスタの表記は「都(道府県)支出金」。名称の根拠は 2023年度の歳入事項別明細（決算資料 PDF、テキスト抽出・調定額79/79一致）。⚠️ **2020年度以降に限る** — 2018〜2019年度は歳入の款体系が別（20〜21款構成で款コードの意味が違う）で、名称を確認できる資料も無い。款の意味が2020〜2023で同じことは、款ごとの節名称の集合が全22款で2023と重なることで裏づけた（2026-08-24 実測）
2022,revenue,1,一般会計,一般会計,16,,2,,2,,,15,都(道府県)支出金,,,map,款名「都支出金」。マスタの表記は「都(道府県)支出金」。名称の根拠は 2023年度の歳入事項別明細（決算資料 PDF、テキスト抽出・調定額79/79一致）。⚠️ **2020年度以降に限る** — 2018〜2019年度は歳入の款体系が別（20〜21款構成で款コードの意味が違う）で、名称を確認できる資料も無い。款の意味が2020〜2023で同じことは、款ごとの節名称の集合が全22款で2023と重なることで裏づけた（2026-08-24 実測）
2022,revenue,1,一般会計,一般会計,16,,2,,3,,,15,都(道府県)支出金,,,map,款名「都支出金」。マスタの表記は「都(道府県)支出金」。名称の根拠は 2023年度の歳入事項別明細（決算資料 PDF、テキスト抽出・調定額79/79一致）。⚠️ **2020年度以降に限る** — 2018〜2019年度は歳入の款体系が別（20〜21款構成で款コードの意味が違う）で、名称を確認できる資料も無い。款の意味が2020〜2023で同じことは、款ごとの節名称の集合が全22款で2023と重なることで裏づけた（2026-08-24 実測）
2022,revenue,1,一般会計,一般会計,16,,2,,4,,,15,都(道府県)支出金,,,map,款名「都支出金」。マスタの表記は「都(道府県)支出金」。名称の根拠は 2023年度の歳入事項別明細（決算資料 PDF、テキスト抽出・調定額79/79一致）。⚠️ **2020年度以降に限る** — 2018〜2019年度は歳入の款体系が別（20〜21款構成で款コードの意味が違う）で、名称を確認できる資料も無い。款の意味が2020〜2023で同じことは、款ごとの節名称の集合が全22款で2023と重なることで裏づけた（2026-08-24 実測）
2022,revenue,1,一般会計,一般会計,16,,2,,5,,,15,都(道府県)支出金,,,map,款名「都支出金」。マスタの表記は「都(道府県)支出金」。名称の根拠は 2023年度の歳入事項別明細（決算資料 PDF、テキスト抽出・調定額79/79一致）。⚠️ **2020年度以降に限る** — 2018〜2019年度は歳入の款体系が別（20〜21款構成で款コードの意味が違う）で、名称を確認できる資料も無い。款の意味が2020〜2023で同じことは、款ごとの節名称の集合が全22款で2023と重なることで裏づけた（2026-08-24 実測）
2022,revenue,1,一般会計,一般会計,16,,2,,6,,,15,都(道府県)支出金,,,map,款名「都支出金」。マスタの表記は「都(道府県)支出金」。名称の根拠は 2023年度の歳入事項別明細（決算資料 PDF、テキスト抽出・調定額79/79一致）。⚠️ **2020年度以降に限る** — 2018〜2019年度は歳入の款体系が別（20〜21款構成で款コードの意味が違う）で、名称を確認できる資料も無い。款の意味が2020〜2023で同じことは、款ごとの節名称の集合が全22款で2023と重なることで裏づけた（2026-08-24 実測）
2022,revenue,1,一般会計,一般会計,16,,2,,7,,,15,都(道府県)支出金,,,map,款名「都支出金」。マスタの表記は「都(道府県)支出金」。名称の根拠は 2023年度の歳入事項別明細（決算資料 PDF、テキスト抽出・調定額79/79一致）。⚠️ **2020年度以降に限る** — 2018〜2019年度は歳入の款体系が別（20〜21款構成で款コードの意味が違う）で、名称を確認できる資料も無い。款の意味が2020〜2023で同じことは、款ごとの節名称の集合が全22款で2023と重なることで裏づけた（2026-08-24 実測）
2022,revenue,1,一般会計,一般会計,16,,3,,1,,,15,都(道府県)支出金,,,map,款名「都支出金」。マスタの表記は「都(道府県)支出金」。名称の根拠は 2023年度の歳入事項別明細（決算資料 PDF、テキスト抽出・調定額79/79一致）。⚠️ **2020年度以降に限る** — 2018〜2019年度は歳入の款体系が別（20〜21款構成で款コードの意味が違う）で、名称を確認できる資料も無い。款の意味が2020〜2023で同じことは、款ごとの節名称の集合が全22款で2023と重なることで裏づけた（2026-08-24 実測）
2022,revenue,1,一般会計,一般会計,16,,3,,2,,,15,都(道府県)支出金,,,map,款名「都支出金」。マスタの表記は「都(道府県)支出金」。名称の根拠は 2023年度の歳入事項別明細（決算資料 PDF、テキスト抽出・調定額79/79一致）。⚠️ **2020年度以降に限る** — 2018〜2019年度は歳入の款体系が別（20〜21款構成で款コードの意味が違う）で、名称を確認できる資料も無い。款の意味が2020〜2023で同じことは、款ごとの節名称の集合が全22款で2023と重なることで裏づけた（2026-08-24 実測）
2022,revenue,1,一般会計,一般会計,16,,3,,3,,,15,都(道府県)支出金,,,map,款名「都支出金」。マスタの表記は「都(道府県)支出金」。名称の根拠は 2023年度の歳入事項別明細（決算資料 PDF、テキスト抽出・調定額79/79一致）。⚠️ **2020年度以降に限る** — 2018〜2019年度は歳入の款体系が別（20〜21款構成で款コードの意味が違う）で、名称を確認できる資料も無い。款の意味が2020〜2023で同じことは、款ごとの節名称の集合が全22款で2023と重なることで裏づけた（2026-08-24 実測）
2022,revenue,1,一般会計,一般会計,16,,3,,4,,,15,都(道府県)支出金,,,map,款名「都支出金」。マスタの表記は「都(道府県)支出金」。名称の根拠は 2023年度の歳入事項別明細（決算資料 PDF、テキスト抽出・調定額79/79一致）。⚠️ **2020年度以降に限る** — 2018〜2019年度は歳入の款体系が別（20〜21款構成で款コードの意味が違う）で、名称を確認できる資料も無い。款の意味が2020〜2023で同じことは、款ごとの節名称の集合が全22款で2023と重なることで裏づけた（2026-08-24 実測）
2022,revenue,1,一般会計,一般会計,16,,3,,5,,,15,都(道府県)支出金,,,map,款名「都支出金」。マスタの表記は「都(道府県)支出金」。名称の根拠は 2023年度の歳入事項別明細（決算資料 PDF、テキスト抽出・調定額79/79一致）。⚠️ **2020年度以降に限る** — 2018〜2019年度は歳入の款体系が別（20〜21款構成で款コードの意味が違う）で、名称を確認できる資料も無い。款の意味が2020〜2023で同じことは、款ごとの節名称の集合が全22款で2023と重なることで裏づけた（2026-08-24 実測）
2022,revenue,1,一般会計,一般会計,17,,1,,1,,,16,財産収入,,,map,款名「財産収入」がマスタと一致。名称の根拠は 2023年度の歳入事項別明細（決算資料 PDF、テキスト抽出・調定額79/79一致）。⚠️ **2020年度以降に限る** — 2018〜2019年度は歳入の款体系が別（20〜21款構成で款コードの意味が違う）で、名称を確認できる資料も無い。款の意味が2020〜2023で同じことは、款ごとの節名称の集合が全22款で2023と重なることで裏づけた（2026-08-24 実測）
2022,revenue,1,一般会計,一般会計,17,,1,,2,,,16,財産収入,,,map,款名「財産収入」がマスタと一致。名称の根拠は 2023年度の歳入事項別明細（決算資料 PDF、テキスト抽出・調定額79/79一致）。⚠️ **2020年度以降に限る** — 2018〜2019年度は歳入の款体系が別（20〜21款構成で款コードの意味が違う）で、名称を確認できる資料も無い。款の意味が2020〜2023で同じことは、款ごとの節名称の集合が全22款で2023と重なることで裏づけた（2026-08-24 実測）
2022,revenue,1,一般会計,一般会計,17,,2,,1,,,16,財産収入,,,map,款名「財産収入」がマスタと一致。名称の根拠は 2023年度の歳入事項別明細（決算資料 PDF、テキスト抽出・調定額79/79一致）。⚠️ **2020年度以降に限る** — 2018〜2019年度は歳入の款体系が別（20〜21款構成で款コードの意味が違う）で、名称を確認できる資料も無い。款の意味が2020〜2023で同じことは、款ごとの節名称の集合が全22款で2023と重なることで裏づけた（2026-08-24 実測）
2022,revenue,1,一般会計,一般会計,17,,2,,2,,,16,財産収入,,,map,款名「財産収入」がマスタと一致。名称の根拠は 2023年度の歳入事項別明細（決算資料 PDF、テキスト抽出・調定額79/79一致）。⚠️ **2020年度以降に限る** — 2018〜2019年度は歳入の款体系が別（20〜21款構成で款コードの意味が違う）で、名称を確認できる資料も無い。款の意味が2020〜2023で同じことは、款ごとの節名称の集合が全22款で2023と重なることで裏づけた（2026-08-24 実測）
2022,revenue,1,一般会計,一般会計,18,,1,,1,,,17,寄附金,,,map,款名「寄附金」がマスタと一致。名称の根拠は 2023年度の歳入事項別明細（決算資料 PDF、テキスト抽出・調定額79/79一致）。⚠️ **2020年度以降に限る** — 2018〜2019年度は歳入の款体系が別（20〜21款構成で款コードの意味が違う）で、名称を確認できる資料も無い。款の意味が2020〜2023で同じことは、款ごとの節名称の集合が全22款で2023と重なることで裏づけた（2026-08-24 実測）
2022,revenue,1,一般会計,一般会計,18,,1,,2,,,17,寄附金,,,map,款名「寄附金」がマスタと一致。名称の根拠は 2023年度の歳入事項別明細（決算資料 PDF、テキスト抽出・調定額79/79一致）。⚠️ **2020年度以降に限る** — 2018〜2019年度は歳入の款体系が別（20〜21款構成で款コードの意味が違う）で、名称を確認できる資料も無い。款の意味が2020〜2023で同じことは、款ごとの節名称の集合が全22款で2023と重なることで裏づけた（2026-08-24 実測）
2022,revenue,1,一般会計,一般会計,19,,1,,1,,,18,繰入金,,,map,款名「繰入金」がマスタと一致。名称の根拠は 2023年度の歳入事項別明細（決算資料 PDF、テキスト抽出・調定額79/79一致）。⚠️ **2020年度以降に限る** — 2018〜2019年度は歳入の款体系が別（20〜21款構成で款コードの意味が違う）で、名称を確認できる資料も無い。款の意味が2020〜2023で同じことは、款ごとの節名称の集合が全22款で2023と重なることで裏づけた（2026-08-24 実測）
2022,revenue,1,一般会計,一般会計,19,,1,,2,,,18,繰入金,,,map,款名「繰入金」がマスタと一致。名称の根拠は 2023年度の歳入事項別明細（決算資料 PDF、テキスト抽出・調定額79/79一致）。⚠️ **2020年度以降に限る** — 2018〜2019年度は歳入の款体系が別（20〜21款構成で款コードの意味が違う）で、名称を確認できる資料も無い。款の意味が2020〜2023で同じことは、款ごとの節名称の集合が全22款で2023と重なることで裏づけた（2026-08-24 実測）
2022,revenue,1,一般会計,一般会計,20,,1,,1,,,19,繰越金,,,map,款名「繰越金」がマスタと一致。名称の根拠は 2023年度の歳入事項別明細（決算資料 PDF、テキスト抽出・調定額79/79一致）。⚠️ **2020年度以降に限る** — 2018〜2019年度は歳入の款体系が別（20〜21款構成で款コードの意味が違う）で、名称を確認できる資料も無い。款の意味が2020〜2023で同じことは、款ごとの節名称の集合が全22款で2023と重なることで裏づけた（2026-08-24 実測）
2022,revenue,1,一般会計,一般会計,21,,1,,1,,,20,諸収入,,,map,款名「諸収入」がマスタと一致。名称の根拠は 2023年度の歳入事項別明細（決算資料 PDF、テキスト抽出・調定額79/79一致）。⚠️ **2020年度以降に限る** — 2018〜2019年度は歳入の款体系が別（20〜21款構成で款コードの意味が違う）で、名称を確認できる資料も無い。款の意味が2020〜2023で同じことは、款ごとの節名称の集合が全22款で2023と重なることで裏づけた（2026-08-24 実測）
2022,revenue,1,一般会計,一般会計,21,,1,,2,,,20,諸収入,,,map,款名「諸収入」がマスタと一致。名称の根拠は 2023年度の歳入事項別明細（決算資料 PDF、テキスト抽出・調定額79/79一致）。⚠️ **2020年度以降に限る** — 2018〜2019年度は歳入の款体系が別（20〜21款構成で款コードの意味が違う）で、名称を確認できる資料も無い。款の意味が2020〜2023で同じことは、款ごとの節名称の集合が全22款で2023と重なることで裏づけた（2026-08-24 実測）
2022,revenue,1,一般会計,一般会計,21,,2,,1,,,20,諸収入,,,map,款名「諸収入」がマスタと一致。名称の根拠は 2023年度の歳入事項別明細（決算資料 PDF、テキスト抽出・調定額79/79一致）。⚠️ **2020年度以降に限る** — 2018〜2019年度は歳入の款体系が別（20〜21款構成で款コードの意味が違う）で、名称を確認できる資料も無い。款の意味が2020〜2023で同じことは、款ごとの節名称の集合が全22款で2023と重なることで裏づけた（2026-08-24 実測）
2022,revenue,1,一般会計,一般会計,21,,3,,1,,,20,諸収入,,,map,款名「諸収入」がマスタと一致。名称の根拠は 2023年度の歳入事項別明細（決算資料 PDF、テキスト抽出・調定額79/79一致）。⚠️ **2020年度以降に限る** — 2018〜2019年度は歳入の款体系が別（20〜21款構成で款コードの意味が違う）で、名称を確認できる資料も無い。款の意味が2020〜2023で同じことは、款ごとの節名称の集合が全22款で2023と重なることで裏づけた（2026-08-24 実測）
2022,revenue,1,一般会計,一般会計,21,,4,,1,,,20,諸収入,,,map,款名「諸収入」がマスタと一致。名称の根拠は 2023年度の歳入事項別明細（決算資料 PDF、テキスト抽出・調定額79/79一致）。⚠️ **2020年度以降に限る** — 2018〜2019年度は歳入の款体系が別（20〜21款構成で款コードの意味が違う）で、名称を確認できる資料も無い。款の意味が2020〜2023で同じことは、款ごとの節名称の集合が全22款で2023と重なることで裏づけた（2026-08-24 実測）
2022,revenue,1,一般会計,一般会計,21,,5,,1,,,20,諸収入,,,map,款名「諸収入」がマスタと一致。名称の根拠は 2023年度の歳入事項別明細（決算資料 PDF、テキスト抽出・調定額79/79一致）。⚠️ **2020年度以降に限る** — 2018〜2019年度は歳入の款体系が別（20〜21款構成で款コードの意味が違う）で、名称を確認できる資料も無い。款の意味が2020〜2023で同じことは、款ごとの節名称の集合が全22款で2023と重なることで裏づけた（2026-08-24 実測）
2022,revenue,1,一般会計,一般会計,22,,1,,1,,,21,市(町村)債,,,map,款名「市債」。マスタの表記は「市(町村)債」。名称の根拠は 2023年度の歳入事項別明細（決算資料 PDF、テキスト抽出・調定額79/79一致）。⚠️ **2020年度以降に限る** — 2018〜2019年度は歳入の款体系が別（20〜21款構成で款コードの意味が違う）で、名称を確認できる資料も無い。款の意味が2020〜2023で同じことは、款ごとの節名称の集合が全22款で2023と重なることで裏づけた（2026-08-24 実測）
2022,revenue,1,一般会計,一般会計,22,,1,,2,,,21,市(町村)債,,,map,款名「市債」。マスタの表記は「市(町村)債」。名称の根拠は 2023年度の歳入事項別明細（決算資料 PDF、テキスト抽出・調定額79/79一致）。⚠️ **2020年度以降に限る** — 2018〜2019年度は歳入の款体系が別（20〜21款構成で款コードの意味が違う）で、名称を確認できる資料も無い。款の意味が2020〜2023で同じことは、款ごとの節名称の集合が全22款で2023と重なることで裏づけた（2026-08-24 実測）
2022,revenue,1,一般会計,一般会計,22,,1,,3,,,21,市(町村)債,,,map,款名「市債」。マスタの表記は「市(町村)債」。名称の根拠は 2023年度の歳入事項別明細（決算資料 PDF、テキスト抽出・調定額79/79一致）。⚠️ **2020年度以降に限る** — 2018〜2019年度は歳入の款体系が別（20〜21款構成で款コードの意味が違う）で、名称を確認できる資料も無い。款の意味が2020〜2023で同じことは、款ごとの節名称の集合が全22款で2023と重なることで裏づけた（2026-08-24 実測）
2022,revenue,1,一般会計,一般会計,22,,1,,4,,,21,市(町村)債,,,map,款名「市債」。マスタの表記は「市(町村)債」。名称の根拠は 2023年度の歳入事項別明細（決算資料 PDF、テキスト抽出・調定額79/79一致）。⚠️ **2020年度以降に限る** — 2018〜2019年度は歳入の款体系が別（20〜21款構成で款コードの意味が違う）で、名称を確認できる資料も無い。款の意味が2020〜2023で同じことは、款ごとの節名称の集合が全22款で2023と重なることで裏づけた（2026-08-24 実測）
2022,revenue,11,国民健康保険特別会計,国民健康保険,1,,1,,1,,,1,保険税（料）,,,map,狛江市国保会計の歳入款1。保険料の徴収科目のみを収める。52表 歳入001列「保険税（料）」
2022,revenue,11,国民健康保険特別会計,国民健康保険,1,,1,,2,,,1,保険税（料）,,,map,狛江市国保会計の歳入款1。保険料の徴収科目のみを収める。52表 歳入001列「保険税（料）」
2022,revenue,11,国民健康保険特別会計,国民健康保険,2,,1,,1,,,3,国庫支出金,,,map,狛江市国保会計の歳入款2（2019年度以降）。国庫補助金・負担金の科目を収める。52表 歳入005列
2022,revenue,11,国民健康保険特別会計,国民健康保険,3,,1,,1,,,4,都道府県支出金,,,map,狛江市国保会計の歳入款3（2019年度以降）。都支出金・給付費等交付金・都繰入金を収める。52表 歳入006列（他会計からの繰入である都繰入金を内包）
2022,revenue,11,国民健康保険特別会計,国民健康保険,3,,1,,2,,,4,都道府県支出金,,,map,狛江市国保会計の歳入款3（2019年度以降）。都支出金・給付費等交付金・都繰入金を収める。52表 歳入006列（他会計からの繰入である都繰入金を内包）
2022,revenue,11,国民健康保険特別会計,国民健康保険,3,,2,,1,,,4,都道府県支出金,,,map,狛江市国保会計の歳入款3（2019年度以降）。都支出金・給付費等交付金・都繰入金を収める。52表 歳入006列（他会計からの繰入である都繰入金を内包）
2022,revenue,11,国民健康保険特別会計,国民健康保険,4,,1,,1,,,7,他会計繰入金,,,map,狛江市国保会計の歳入款4（2019年度以降）。一般会計繰入金の科目を収める。52表 歳入017列
2022,revenue,11,国民健康保険特別会計,国民健康保険,5,,1,,1,,,9,繰越金,,,map,狛江市国保会計の歳入款5（2019年度以降）。繰越金の科目を収める。52表 歳入024列
2022,revenue,11,国民健康保険特別会計,国民健康保険,6,,1,,1,,,11,その他の収入,,,map,狛江市国保会計の歳入款6（2019年度以降）。延滞金・雑入・受託事業収入等。52表 歳入027列
2022,revenue,11,国民健康保険特別会計,国民健康保険,6,,2,,1,,,11,その他の収入,,,map,狛江市国保会計の歳入款6（2019年度以降）。延滞金・雑入・受託事業収入等。52表 歳入027列
2022,revenue,11,国民健康保険特別会計,国民健康保険,6,,3,,1,,,11,その他の収入,,,map,狛江市国保会計の歳入款6（2019年度以降）。延滞金・雑入・受託事業収入等。52表 歳入027列
2022,revenue,11,国民健康保険特別会計,国民健康保険,6,,3,,2,,,11,その他の収入,,,map,狛江市国保会計の歳入款6（2019年度以降）。延滞金・雑入・受託事業収入等。52表 歳入027列
2022,revenue,11,国民健康保険特別会計,国民健康保険,6,,3,,3,,,11,その他の収入,,,map,狛江市国保会計の歳入款6（2019年度以降）。延滞金・雑入・受託事業収入等。52表 歳入027列
2022,revenue,11,国民健康保険特別会計,国民健康保険,6,,3,,4,,,11,その他の収入,,,map,狛江市国保会計の歳入款6（2019年度以降）。延滞金・雑入・受託事業収入等。52表 歳入027列
2022,revenue,14,介護保険特別会計,介護保険,1,,1,,1,,,1,保険料,,,map,狛江市介護保険会計の歳入款1。保険料の科目のみ。63表 歳入001列
2022,revenue,14,介護保険特別会計,介護保険,2,,1,,1,,,10,その他の収入,,,map,狛江市介護保険会計の歳入款2。証明手数料のみ。63表 歳入029列相当
2022,revenue,14,介護保険特別会計,介護保険,3,,1,,1,,,2,国庫支出金,,,map,狛江市介護保険会計の歳入款3。国庫の補助金・負担金・交付金を収める。63表 歳入002列相当
2022,revenue,14,介護保険特別会計,介護保険,3,,2,,1,,,2,国庫支出金,,,map,狛江市介護保険会計の歳入款3。国庫の補助金・負担金・交付金を収める。63表 歳入002列相当
2022,revenue,14,介護保険特別会計,介護保険,3,,2,,2,,,2,国庫支出金,,,map,狛江市介護保険会計の歳入款3。国庫の補助金・負担金・交付金を収める。63表 歳入002列相当
2022,revenue,14,介護保険特別会計,介護保険,3,,2,,3,,,2,国庫支出金,,,map,狛江市介護保険会計の歳入款3。国庫の補助金・負担金・交付金を収める。63表 歳入002列相当
2022,revenue,14,介護保険特別会計,介護保険,3,,2,,4,,,2,国庫支出金,,,map,狛江市介護保険会計の歳入款3。国庫の補助金・負担金・交付金を収める。63表 歳入002列相当
2022,revenue,14,介護保険特別会計,介護保険,3,,2,,5,,,2,国庫支出金,,,map,狛江市介護保険会計の歳入款3。国庫の補助金・負担金・交付金を収める。63表 歳入002列相当
2022,revenue,14,介護保険特別会計,介護保険,3,,2,,6,,,2,国庫支出金,,,map,狛江市介護保険会計の歳入款3。国庫の補助金・負担金・交付金を収める。63表 歳入002列相当
2022,revenue,14,介護保険特別会計,介護保険,3,,2,,7,,,2,国庫支出金,,,map,狛江市介護保険会計の歳入款3。国庫の補助金・負担金・交付金を収める。63表 歳入002列相当
2022,revenue,14,介護保険特別会計,介護保険,4,,1,,1,,,3,支払基金交付金,,,map,狛江市介護保険会計の歳入款4。介護給付費交付金・地域支援事業支援交付金を収める。63表 歳入008列相当
2022,revenue,14,介護保険特別会計,介護保険,4,,1,,2,,,3,支払基金交付金,,,map,狛江市介護保険会計の歳入款4。介護給付費交付金・地域支援事業支援交付金を収める。63表 歳入008列相当
2022,revenue,14,介護保険特別会計,介護保険,5,,1,,1,,,4,都道府県支出金,,,map,狛江市介護保険会計の歳入款5。都の負担金・交付金を収める。63表 歳入011列相当
2022,revenue,14,介護保険特別会計,介護保険,5,,2,,1,,,4,都道府県支出金,,,map,狛江市介護保険会計の歳入款5。都の負担金・交付金を収める。63表 歳入011列相当
2022,revenue,14,介護保険特別会計,介護保険,5,,2,,2,,,4,都道府県支出金,,,map,狛江市介護保険会計の歳入款5。都の負担金・交付金を収める。63表 歳入011列相当
2022,revenue,14,介護保険特別会計,介護保険,6,,1,,1,,,10,その他の収入,,,map,狛江市介護保険会計の歳入款6。介護保険給付費準備基金預金利子。63表 歳入029列相当
2022,revenue,14,介護保険特別会計,介護保険,7,,1,,1,,,10,その他の収入,,,map,狛江市介護保険会計の歳入款7。一般寄附金。63表 歳入029列相当
2022,revenue,14,介護保険特別会計,介護保険,8,,1,,1,,,6,他会計繰入金,,,map,狛江市介護保険会計の歳入款8。一般会計繰入金（項1）と介護保険給付費準備基金繰入金（項2）を収める。63表 歳入018列相当
2022,revenue,14,介護保険特別会計,介護保険,8,,1,,2,,,6,他会計繰入金,,,map,狛江市介護保険会計の歳入款8。一般会計繰入金（項1）と介護保険給付費準備基金繰入金（項2）を収める。63表 歳入018列相当
2022,revenue,14,介護保険特別会計,介護保険,8,,1,,3,,,6,他会計繰入金,,,map,狛江市介護保険会計の歳入款8。一般会計繰入金（項1）と介護保険給付費準備基金繰入金（項2）を収める。63表 歳入018列相当
2022,revenue,14,介護保険特別会計,介護保険,8,,1,,4,,,6,他会計繰入金,,,map,狛江市介護保険会計の歳入款8。一般会計繰入金（項1）と介護保険給付費準備基金繰入金（項2）を収める。63表 歳入018列相当
2022,revenue,14,介護保険特別会計,介護保険,8,,1,,5,,,6,他会計繰入金,,,map,狛江市介護保険会計の歳入款8。一般会計繰入金（項1）と介護保険給付費準備基金繰入金（項2）を収める。63表 歳入018列相当
2022,revenue,14,介護保険特別会計,介護保険,8,,2,,1,,,6,他会計繰入金,,,map,狛江市介護保険会計の歳入款8。一般会計繰入金（項1）と介護保険給付費準備基金繰入金（項2）を収める。63表 歳入018列相当
2022,revenue,14,介護保険特別会計,介護保険,9,,1,,1,,,8,繰越金,,,map,狛江市介護保険会計の歳入款9。前年度繰越金。63表 歳入026列
2022,revenue,14,介護保険特別会計,介護保険,10,,1,,1,,,10,その他の収入,,,map,狛江市介護保険会計の歳入款10。雑入・延滞金・利用者負担金等。63表 歳入029列
2022,revenue,14,介護保険特別会計,介護保険,10,,2,,1,,,10,その他の収入,,,map,狛江市介護保険会計の歳入款10。雑入・延滞金・利用者負担金等。63表 歳入029列
2022,revenue,14,介護保険特別会計,介護保険,10,,3,,1,,,10,その他の収入,,,map,狛江市介護保険会計の歳入款10。雑入・延滞金・利用者負担金等。63表 歳入029列
2022,revenue,14,介護保険特別会計,介護保険,10,,3,,2,,,10,その他の収入,,,map,狛江市介護保険会計の歳入款10。雑入・延滞金・利用者負担金等。63表 歳入029列
2022,revenue,14,介護保険特別会計,介護保険,10,,3,,3,,,10,その他の収入,,,map,狛江市介護保険会計の歳入款10。雑入・延滞金・利用者負担金等。63表 歳入029列
2022,revenue,22,駐車場事業特別会計,駐車場事業,1,,1,,1,,,,,,,,
2022,revenue,22,駐車場事業特別会計,駐車場事業,2,,1,,1,,,,,,,,
2022,revenue,22,駐車場事業特別会計,駐車場事業,3,,1,,1,,,,,,,,
2022,revenue,22,駐車場事業特別会計,駐車場事業,4,,1,,1,,,,,,,,
2022,revenue,22,駐車場事業特別会計,駐車場事業,5,,1,,1,,,,,,,,
2022,revenue,22,駐車場事業特別会計,駐車場事業,5,,2,,1,,,,,,,,
2022,revenue,22,駐車場事業特別会計,駐車場事業,6,,1,,1,,,,,,,,
2022,revenue,34,後期高齢者医療特別会計,後期高齢者医療,1,,1,,1,,,1,保険料,,,map,狛江市後期高齢者医療会計の歳入款1。保険料の科目のみ。94表 歳入001列
2022,revenue,34,後期高齢者医療特別会計,後期高齢者医療,1,,1,,2,,,1,保険料,,,map,狛江市後期高齢者医療会計の歳入款1。保険料の科目のみ。94表 歳入001列
2022,revenue,34,後期高齢者医療特別会計,後期高齢者医療,2,,1,,1,,,4,その他の収入,,,map,狛江市後期高齢者医療会計の歳入款2。証明手数料のみ。94表 歳入007列相当
2022,revenue,34,後期高齢者医療特別会計,後期高齢者医療,3,,1,,1,,,2,繰入金,,,map,狛江市後期高齢者医療会計の歳入款3。一般会計からの繰入金の科目のみ。94表 歳入003・004列相当
2022,revenue,34,後期高齢者医療特別会計,後期高齢者医療,4,,1,,1,,,3,繰越金,,,map,狛江市後期高齢者医療会計の歳入款4。前年度繰越金。94表 歳入006列
2022,revenue,34,後期高齢者医療特別会計,後期高齢者医療,5,,1,,1,,,4,その他の収入,,,map,狛江市後期高齢者医療会計の歳入款5。雑入・延滞金・受託事業収入等。94表 歳入007列相当
2022,revenue,34,後期高齢者医療特別会計,後期高齢者医療,5,,2,,1,,,4,その他の収入,,,map,狛江市後期高齢者医療会計の歳入款5。雑入・延滞金・受託事業収入等。94表 歳入007列相当
2022,revenue,34,後期高齢者医療特別会計,後期高齢者医療,5,,2,,2,,,4,その他の収入,,,map,狛江市後期高齢者医療会計の歳入款5。雑入・延滞金・受託事業収入等。94表 歳入007列相当
2022,revenue,34,後期高齢者医療特別会計,後期高齢者医療,5,,3,,1,,,4,その他の収入,,,map,狛江市後期高齢者医療会計の歳入款5。雑入・延滞金・受託事業収入等。94表 歳入007列相当
2022,revenue,34,後期高齢者医療特別会計,後期高齢者医療,5,,4,,1,,,4,その他の収入,,,map,狛江市後期高齢者医療会計の歳入款5。雑入・延滞金・受託事業収入等。94表 歳入007列相当
2022,revenue,34,後期高齢者医療特別会計,後期高齢者医療,5,,5,,1,,,4,その他の収入,,,map,狛江市後期高齢者医療会計の歳入款5。雑入・延滞金・受託事業収入等。94表 歳入007列相当
2023,expenditure,1,一般会計,一般会計,1,議会費,1,議会費,1,議会費,settlement-pdf,1,議会費,1,議会費,map,項の名称がマスタと完全一致（款は account_map の対応を介す）
2023,expenditure,1,一般会計,一般会計,2,総務費,1,総務管理費,1,一般管理費,settlement-pdf,2,総務費,1,総務管理費,map,項の名称がマスタと完全一致（款は account_map の対応を介す）
2023,expenditure,1,一般会計,一般会計,2,総務費,1,総務管理費,2,文書管理費,settlement-pdf,2,総務費,1,総務管理費,map,項の名称がマスタと完全一致（款は account_map の対応を介す）
2023,expenditure,1,一般会計,一般会計,2,総務費,1,総務管理費,3,広報費,settlement-pdf,2,総務費,1,総務管理費,map,項の名称がマスタと完全一致（款は account_map の対応を介す）
2023,expenditure,1,一般会計,一般会計,2,総務費,1,総務管理費,4,財政管理費,settlement-pdf,2,総務費,1,総務管理費,map,項の名称がマスタと完全一致（款は account_map の対応を介す）
2023,expenditure,1,一般会計,一般会計,2,総務費,1,総務管理費,5,会計管理費,settlement-pdf,2,総務費,1,総務管理費,map,項の名称がマスタと完全一致（款は account_map の対応を介す）
2023,expenditure,1,一般会計,一般会計,2,総務費,1,総務管理費,6,財産管理費,settlement-pdf,2,総務費,1,総務管理費,map,項の名称がマスタと完全一致（款は account_map の対応を介す）
2023,expenditure,1,一般会計,一般会計,2,総務費,1,総務管理費,7,企画費,settlement-pdf,2,総務費,1,総務管理費,map,項の名称がマスタと完全一致（款は account_map の対応を介す）
2023,expenditure,1,一般会計,一般会計,2,総務費,1,総務管理費,8,計算事務費,settlement-pdf,2,総務費,1,総務管理費,map,項の名称がマスタと完全一致（款は account_map の対応を介す）
2023,expenditure,1,一般会計,一般会計,2,総務費,1,総務管理費,9,コミュニティ推進費,settlement-pdf,2,総務費,1,総務管理費,map,項の名称がマスタと完全一致（款は account_map の対応を介す）
2023,expenditure,1,一般会計,一般会計,2,総務費,1,総務管理費,10,訴訟費,settlement-pdf,2,総務費,1,総務管理費,map,項の名称がマスタと完全一致（款は account_map の対応を介す）
2023,expenditure,1,一般会計,一般会計,2,総務費,1,総務管理費,11,諸費,settlement-pdf,2,総務費,1,総務管理費,map,項の名称がマスタと完全一致（款は account_map の対応を介す）
2023,expenditure,1,一般会計,一般会計,2,総務費,2,徴税費,1,税務総務費,settlement-pdf,2,総務費,2,徴税費,map,項の名称がマスタと完全一致（款は account_map の対応を介す）
2023,expenditure,1,一般会計,一般会計,2,総務費,2,徴税費,2,賦課徴収費,settlement-pdf,2,総務費,2,徴税費,map,項の名称がマスタと完全一致（款は account_map の対応を介す）
2023,expenditure,1,一般会計,一般会計,2,総務費,2,徴税費,3,固定資産評価審査委員会費,settlement-pdf,2,総務費,2,徴税費,map,項の名称がマスタと完全一致（款は account_map の対応を介す）
2023,expenditure,1,一般会計,一般会計,2,総務費,3,戸籍住民基本台帳費,1,戸籍住民基本台帳費,settlement-pdf,2,総務費,3,戸籍住民基本台帳費,map,項の名称がマスタと完全一致（款は account_map の対応を介す）
2023,expenditure,1,一般会計,一般会計,2,総務費,3,戸籍住民基本台帳費,2,住居表示費,settlement-pdf,2,総務費,3,戸籍住民基本台帳費,map,項の名称がマスタと完全一致（款は account_map の対応を介す）
2023,expenditure,1,一般会計,一般会計,2,総務費,4,選挙費,1,選挙管理委員会費,settlement-pdf,2,総務費,4,選挙費,map,項の名称がマスタと完全一致（款は account_map の対応を介す）
2023,expenditure,1,一般会計,一般会計,2,総務費,4,選挙費,2,選挙啓発費,settlement-pdf,2,総務費,4,選挙費,map,項の名称がマスタと完全一致（款は account_map の対応を介す）
2023,expenditure,1,一般会計,一般会計,2,総務費,4,選挙費,3,市議会議員選挙費,settlement-pdf,2,総務費,4,選挙費,map,項の名称がマスタと完全一致（款は account_map の対応を介す）
2023,expenditure,1,一般会計,一般会計,2,総務費,5,統計調査費,1,統計調査総務費,settlement-pdf,2,総務費,5,統計調査費,map,項の名称がマスタと完全一致（款は account_map の対応を介す）
2023,expenditure,1,一般会計,一般会計,2,総務費,5,統計調査費,2,統計調査事業費,settlement-pdf,2,総務費,5,統計調査費,map,項の名称がマスタと完全一致（款は account_map の対応を介す）
2023,expenditure,1,一般会計,一般会計,2,総務費,6,監査委員費,1,監査委員費,settlement-pdf,2,総務費,6,監査委員費,map,項の名称がマスタと完全一致（款は account_map の対応を介す）
2023,expenditure,1,一般会計,一般会計,3,民生費,1,社会福祉費,1,社会福祉総務費,settlement-pdf,3,民生費,1,社会福祉費,map,項の名称がマスタと完全一致（款は account_map の対応を介す）
2023,expenditure,1,一般会計,一般会計,3,民生費,1,社会福祉費,2,身体障がい者福祉費,settlement-pdf,3,民生費,1,社会福祉費,map,項の名称がマスタと完全一致（款は account_map の対応を介す）
2023,expenditure,1,一般会計,一般会計,3,民生費,1,社会福祉費,3,知的障がい者福祉費,settlement-pdf,3,民生費,1,社会福祉費,map,項の名称がマスタと完全一致（款は account_map の対応を介す）
2023,expenditure,1,一般会計,一般会計,3,民生費,1,社会福祉費,4,老人福祉費,settlement-pdf,3,民生費,1,社会福祉費,map,項の名称がマスタと完全一致（款は account_map の対応を介す）
2023,expenditure,1,一般会計,一般会計,3,民生費,1,社会福祉費,5,国民年金費,settlement-pdf,3,民生費,1,社会福祉費,map,項の名称がマスタと完全一致（款は account_map の対応を介す）
2023,expenditure,1,一般会計,一般会計,3,民生費,1,社会福祉費,6,社会福祉施設費,settlement-pdf,3,民生費,1,社会福祉費,map,項の名称がマスタと完全一致（款は account_map の対応を介す）
2023,expenditure,1,一般会計,一般会計,3,民生費,1,社会福祉費,7,住宅関係費,settlement-pdf,3,民生費,1,社会福祉費,map,項の名称がマスタと完全一致（款は account_map の対応を介す）
2023,expenditure,1,一般会計,一般会計,3,民生費,1,社会福祉費,8,障がいサービス費,settlement-pdf,3,民生費,1,社会福祉費,map,項の名称がマスタと完全一致（款は account_map の対応を介す）
2023,expenditure,1,一般会計,一般会計,3,民生費,2,児童福祉費,1,児童福祉総務費,settlement-pdf,3,民生費,2,児童福祉費,map,項の名称がマスタと完全一致（款は account_map の対応を介す）
2023,expenditure,1,一般会計,一般会計,3,民生費,2,児童福祉費,2,児童措置費,settlement-pdf,3,民生費,2,児童福祉費,map,項の名称がマスタと完全一致（款は account_map の対応を介す）
2023,expenditure,1,一般会計,一般会計,3,民生費,2,児童福祉費,3,児童福祉施設費,settlement-pdf,3,民生費,2,児童福祉費,map,項の名称がマスタと完全一致（款は account_map の対応を介す）
2023,expenditure,1,一般会計,一般会計,3,民生費,2,児童福祉費,4,保育園費,settlement-pdf,3,民生費,2,児童福祉費,map,項の名称がマスタと完全一致（款は account_map の対応を介す）
2023,expenditure,1,一般会計,一般会計,3,民生費,2,児童福祉費,5,学童保育費,settlement-pdf,3,民生費,2,児童福祉費,map,項の名称がマスタと完全一致（款は account_map の対応を介す）
2023,expenditure,1,一般会計,一般会計,3,民生費,2,児童福祉費,6,児童館費,settlement-pdf,3,民生費,2,児童福祉費,map,項の名称がマスタと完全一致（款は account_map の対応を介す）
2023,expenditure,1,一般会計,一般会計,3,民生費,3,生活保護費,1,生活保護総務費,settlement-pdf,3,民生費,3,生活保護費,map,項の名称がマスタと完全一致（款は account_map の対応を介す）
2023,expenditure,1,一般会計,一般会計,3,民生費,3,生活保護費,2,扶助費,settlement-pdf,3,民生費,3,生活保護費,map,項の名称がマスタと完全一致（款は account_map の対応を介す）
2023,expenditure,1,一般会計,一般会計,4,衛生費,1,保健衛生費,1,保健衛生総務費,settlement-pdf,4,衛生費,1,保健衛生費,map,項の名称がマスタと完全一致（款は account_map の対応を介す）
2023,expenditure,1,一般会計,一般会計,4,衛生費,1,保健衛生費,2,予防費,settlement-pdf,4,衛生費,1,保健衛生費,map,項の名称がマスタと完全一致（款は account_map の対応を介す）
2023,expenditure,1,一般会計,一般会計,4,衛生費,1,保健衛生費,3,環境衛生費,settlement-pdf,4,衛生費,1,保健衛生費,map,項の名称がマスタと完全一致（款は account_map の対応を介す）
2023,expenditure,1,一般会計,一般会計,4,衛生費,1,保健衛生費,4,公害対策費,settlement-pdf,4,衛生費,1,保健衛生費,map,項の名称がマスタと完全一致（款は account_map の対応を介す）
2023,expenditure,1,一般会計,一般会計,4,衛生費,1,保健衛生費,5,自然保護費,settlement-pdf,4,衛生費,1,保健衛生費,map,項の名称がマスタと完全一致（款は account_map の対応を介す）
2023,expenditure,1,一般会計,一般会計,4,衛生費,2,清掃費,1,清掃総務費,settlement-pdf,4,衛生費,2,清掃費,map,項の名称がマスタと完全一致（款は account_map の対応を介す）
2023,expenditure,1,一般会計,一般会計,4,衛生費,2,清掃費,2,塵芥処理費,settlement-pdf,4,衛生費,2,清掃費,map,項の名称がマスタと完全一致（款は account_map の対応を介す）
2023,expenditure,1,一般会計,一般会計,4,衛生費,2,清掃費,3,し尿処理費,settlement-pdf,4,衛生費,2,清掃費,map,項の名称がマスタと完全一致（款は account_map の対応を介す）
2023,expenditure,1,一般会計,一般会計,4,衛生費,2,清掃費,4,清掃施設費,settlement-pdf,4,衛生費,2,清掃費,map,項の名称がマスタと完全一致（款は account_map の対応を介す）
2023,expenditure,1,一般会計,一般会計,5,,1,,1,,,5,労働費,,,map,款名「労働費」がマスタと一致
2023,expenditure,1,一般会計,一般会計,5,労働費,2,労働諸費,1,労働諸費,settlement-pdf,5,労働費,2,労働諸費,map,項の名称がマスタと完全一致（款は account_map の対応を介す）
2023,expenditure,1,一般会計,一般会計,6,農業費,1,農業費,1,農業委員会費,settlement-pdf,6,農林水産業費,1,農業費,map,項の名称がマスタと完全一致（款は account_map の対応を介す）
2023,expenditure,1,一般会計,一般会計,6,農業費,1,農業費,2,農業総務費,settlement-pdf,6,農林水産業費,1,農業費,map,項の名称がマスタと完全一致（款は account_map の対応を介す）
2023,expenditure,1,一般会計,一般会計,6,農業費,1,農業費,3,農業振興費,settlement-pdf,6,農林水産業費,1,農業費,map,項の名称がマスタと完全一致（款は account_map の対応を介す）
2023,expenditure,1,一般会計,一般会計,6,農業費,1,農業費,4,土地利用対策費,settlement-pdf,6,農林水産業費,1,農業費,map,項の名称がマスタと完全一致（款は account_map の対応を介す）
2023,expenditure,1,一般会計,一般会計,7,商工費,1,商工費,1,商工総務費,settlement-pdf,7,商工費,1,商工費,map,項の名称がマスタと完全一致（款は account_map の対応を介す）
2023,expenditure,1,一般会計,一般会計,7,商工費,1,商工費,2,商工業振興費,settlement-pdf,7,商工費,1,商工費,map,項の名称がマスタと完全一致（款は account_map の対応を介す）
2023,expenditure,1,一般会計,一般会計,7,商工費,1,商工費,3,消費経済対策費,settlement-pdf,7,商工費,1,商工費,map,項の名称がマスタと完全一致（款は account_map の対応を介す）
2023,expenditure,1,一般会計,一般会計,7,商工費,1,商工費,4,観光費,settlement-pdf,7,商工費,1,商工費,map,項の名称がマスタと完全一致（款は account_map の対応を介す）
2023,expenditure,1,一般会計,一般会計,8,土木費,1,土木管理費,1,土木総務費,settlement-pdf,8,土木費,1,土木管理費,map,項の名称がマスタと完全一致（款は account_map の対応を介す）
2023,expenditure,1,一般会計,一般会計,8,土木費,2,道路橋りょう費,1,道路橋りょう総務費,settlement-pdf,8,土木費,2,道路橋りよう費,map,マスタの表記は「道路橋りよう費」。拗音の大小の表記差で同じ項
2023,expenditure,1,一般会計,一般会計,8,土木費,2,道路橋りょう費,2,道路維持費,settlement-pdf,8,土木費,2,道路橋りよう費,map,マスタの表記は「道路橋りよう費」。拗音の大小の表記差で同じ項
2023,expenditure,1,一般会計,一般会計,8,土木費,2,道路橋りょう費,3,道路新設改良費,settlement-pdf,8,土木費,2,道路橋りよう費,map,マスタの表記は「道路橋りよう費」。拗音の大小の表記差で同じ項
2023,expenditure,1,一般会計,一般会計,8,土木費,2,道路橋りょう費,4,道路照明費,settlement-pdf,8,土木費,2,道路橋りよう費,map,マスタの表記は「道路橋りよう費」。拗音の大小の表記差で同じ項
2023,expenditure,1,一般会計,一般会計,8,土木費,2,道路橋りょう費,5,交通安全対策費,settlement-pdf,8,土木費,2,道路橋りよう費,map,マスタの表記は「道路橋りよう費」。拗音の大小の表記差で同じ項
2023,expenditure,1,一般会計,一般会計,8,土木費,3,河川費,1,河川総務費,settlement-pdf,8,土木費,3,河川費,map,項の名称がマスタと完全一致（款は account_map の対応を介す）
2023,expenditure,1,一般会計,一般会計,8,土木費,4,都市計画費,1,都市計画総務費,settlement-pdf,8,土木費,5,都市計画費,map,項の名称がマスタと完全一致（款は account_map の対応を介す）
2023,expenditure,1,一般会計,一般会計,8,,4,,2,,,8,土木費,,,map,款名「土木費」がマスタと一致
2023,expenditure,1,一般会計,一般会計,8,土木費,4,都市計画費,3,街路事業費,settlement-pdf,8,土木費,5,都市計画費,map,項の名称がマスタと完全一致（款は account_map の対応を介す）
2023,expenditure,1,一般会計,一般会計,8,土木費,4,都市計画費,4,公園緑地費,settlement-pdf,8,土木費,5,都市計画費,map,項の名称がマスタと完全一致（款は account_map の対応を介す）
2023,expenditure,1,一般会計,一般会計,8,土木費,4,都市計画費,5,下水道費,settlement-pdf,8,土木費,5,都市計画費,map,項の名称がマスタと完全一致（款は account_map の対応を介す）
2023,expenditure,1,一般会計,一般会計,9,消防費,1,消防費,1,常備消防費,settlement-pdf,9,消防費,1,消防費,map,項の名称がマスタと完全一致（款は account_map の対応を介す）
2023,expenditure,1,一般会計,一般会計,9,消防費,1,消防費,2,非常備消防費,settlement-pdf,9,消防費,1,消防費,map,項の名称がマスタと完全一致（款は account_map の対応を介す）
2023,expenditure,1,一般会計,一般会計,9,消防費,1,消防費,3,消防施設費,settlement-pdf,9,消防費,1,消防費,map,項の名称がマスタと完全一致（款は account_map の対応を介す）
2023,expenditure,1,一般会計,一般会計,9,消防費,1,消防費,4,災害対策費,settlement-pdf,9,消防費,1,消防費,map,項の名称がマスタと完全一致（款は account_map の対応を介す）
2023,expenditure,1,一般会計,一般会計,10,教育費,1,教育総務費,1,教育委員会費,settlement-pdf,10,教育費,1,教育総務費,map,項の名称がマスタと完全一致（款は account_map の対応を介す）
2023,expenditure,1,一般会計,一般会計,10,教育費,1,教育総務費,2,事務局費,settlement-pdf,10,教育費,1,教育総務費,map,項の名称がマスタと完全一致（款は account_map の対応を介す）
2023,expenditure,1,一般会計,一般会計,10,教育費,1,教育総務費,3,教育指導費,settlement-pdf,10,教育費,1,教育総務費,map,項の名称がマスタと完全一致（款は account_map の対応を介す）
2023,expenditure,1,一般会計,一般会計,10,教育費,2,小学校費,1,学校管理費,settlement-pdf,10,教育費,2,小学校費,map,項の名称がマスタと完全一致（款は account_map の対応を介す）
2023,expenditure,1,一般会計,一般会計,10,教育費,2,小学校費,2,教育振興費,settlement-pdf,10,教育費,2,小学校費,map,項の名称がマスタと完全一致（款は account_map の対応を介す）
2023,expenditure,1,一般会計,一般会計,10,教育費,2,小学校費,3,特別支援学級費,settlement-pdf,10,教育費,2,小学校費,map,項の名称がマスタと完全一致（款は account_map の対応を介す）
2023,expenditure,1,一般会計,一般会計,10,教育費,2,小学校費,4,学校保健衛生費,settlement-pdf,10,教育費,2,小学校費,map,項の名称がマスタと完全一致（款は account_map の対応を介す）
2023,expenditure,1,一般会計,一般会計,10,教育費,2,小学校費,5,学校給食費,settlement-pdf,10,教育費,2,小学校費,map,項の名称がマスタと完全一致（款は account_map の対応を介す）
2023,expenditure,1,一般会計,一般会計,10,教育費,2,小学校費,6,学校建設費,settlement-pdf,10,教育費,2,小学校費,map,項の名称がマスタと完全一致（款は account_map の対応を介す）
2023,expenditure,1,一般会計,一般会計,10,教育費,3,中学校費,1,学校管理費,settlement-pdf,10,教育費,3,中学校費,map,項の名称がマスタと完全一致（款は account_map の対応を介す）
2023,expenditure,1,一般会計,一般会計,10,教育費,3,中学校費,2,教育振興費,settlement-pdf,10,教育費,3,中学校費,map,項の名称がマスタと完全一致（款は account_map の対応を介す）
2023,expenditure,1,一般会計,一般会計,10,教育費,3,中学校費,3,特別支援学級費,settlement-pdf,10,教育費,3,中学校費,map,項の名称がマスタと完全一致（款は account_map の対応を介す）
2023,expenditure,1,一般会計,一般会計,10,教育費,3,中学校費,4,学校保健衛生費,settlement-pdf,10,教育費,3,中学校費,map,項の名称がマスタと完全一致（款は account_map の対応を介す）
2023,expenditure,1,一般会計,一般会計,10,教育費,3,中学校費,5,学校給食費,settlement-pdf,10,教育費,3,中学校費,map,項の名称がマスタと完全一致（款は account_map の対応を介す）
2023,expenditure,1,一般会計,一般会計,10,教育費,3,中学校費,6,学校建設費,settlement-pdf,10,教育費,3,中学校費,map,項の名称がマスタと完全一致（款は account_map の対応を介す）
2023,expenditure,1,一般会計,一般会計,10,教育費,4,幼児教育費,1,幼児教育振興費,settlement-pdf,10,教育費,,,addition,法定の項に無い。市の追加区分として登録する
2023,expenditure,1,一般会計,一般会計,10,教育費,5,社会教育費,1,社会教育総務費,settlement-pdf,10,教育費,6,社会教育費,map,項の名称がマスタと完全一致（款は account_map の対応を介す）
2023,expenditure,1,一般会計,一般会計,10,教育費,5,社会教育費,2,市民センター費,settlement-pdf,10,教育費,6,社会教育費,map,項の名称がマスタと完全一致（款は account_map の対応を介す）
2023,expenditure,1,一般会計,一般会計,10,教育費,5,社会教育費,3,公民館費,settlement-pdf,10,教育費,6,社会教育費,map,項の名称がマスタと完全一致（款は account_map の対応を介す）
2023,expenditure,1,一般会計,一般会計,10,教育費,5,社会教育費,4,図書館費,settlement-pdf,10,教育費,6,社会教育費,map,項の名称がマスタと完全一致（款は account_map の対応を介す）
2023,expenditure,1,一般会計,一般会計,10,教育費,5,社会教育費,5,市民ホール費,settlement-pdf,10,教育費,6,社会教育費,map,項の名称がマスタと完全一致（款は account_map の対応を介す）
2023,expenditure,1,一般会計,一般会計,10,教育費,6,保健体育費,1,保健体育総務費,settlement-pdf,10,教育費,7,保健体育費,map,項の名称がマスタと完全一致（款は account_map の対応を介す）
2023,expenditure,1,一般会計,一般会計,10,教育費,6,保健体育費,2,体育施設費,settlement-pdf,10,教育費,7,保健体育費,map,項の名称がマスタと完全一致（款は account_map の対応を介す）
2023,expenditure,1,一般会計,一般会計,11,公債費,1,公債費,1,元金,settlement-pdf,12,公債費,1,公債費,map,項の名称がマスタと完全一致（款は account_map の対応を介す）
2023,expenditure,1,一般会計,一般会計,11,公債費,1,公債費,2,利子,settlement-pdf,12,公債費,1,公債費,map,項の名称がマスタと完全一致（款は account_map の対応を介す）
2023,expenditure,1,一般会計,一般会計,12,諸支出金,1,基金費,1,財政調整基金費,settlement-pdf,13,諸支出金,,,addition,法定の諸支出金の項（普通財産取得費・公営企業貸付金）に無い。市の追加区分として登録する
2023,expenditure,1,一般会計,一般会計,12,諸支出金,1,基金費,2,減債基金費,settlement-pdf,13,諸支出金,,,addition,法定の諸支出金の項（普通財産取得費・公営企業貸付金）に無い。市の追加区分として登録する
2023,expenditure,1,一般会計,一般会計,13,,1,,1,,,14,予備費,,,map,款名「予備費」。法定の款14
2023,expenditure,11,国民健康保険特別会計,国民健康保険,1,,1,,1,,,1,総務費,,,map,狛江市国保会計の款1。決算額は届かないが科目構成（委託料・役務費等の経費科目）で総務費と同定。63表的な給付・納付金ではない
2023,expenditure,11,国民健康保険特別会計,国民健康保険,1,,1,,2,,,1,総務費,,,map,狛江市国保会計の款1。決算額は届かないが科目構成（委託料・役務費等の経費科目）で総務費と同定。63表的な給付・納付金ではない
2023,expenditure,11,国民健康保険特別会計,国民健康保険,1,,1,,3,,,1,総務費,,,map,狛江市国保会計の款1。決算額は届かないが科目構成（委託料・役務費等の経費科目）で総務費と同定。63表的な給付・納付金ではない
2023,expenditure,11,国民健康保険特別会計,国民健康保険,1,,2,,1,,,1,総務費,,,map,狛江市国保会計の款1。決算額は届かないが科目構成（委託料・役務費等の経費科目）で総務費と同定。63表的な給付・納付金ではない
2023,expenditure,11,国民健康保険特別会計,国民健康保険,2,,1,,1,,,2,保険給付費,,,map,"狛江市国保会計の款2。執行累計4,679,332,397円が52表の保険給付費（令和5年度決算）と一致"
2023,expenditure,11,国民健康保険特別会計,国民健康保険,2,,1,,2,,,2,保険給付費,,,map,"狛江市国保会計の款2。執行累計4,679,332,397円が52表の保険給付費（令和5年度決算）と一致"
2023,expenditure,11,国民健康保険特別会計,国民健康保険,2,,1,,3,,,2,保険給付費,,,map,"狛江市国保会計の款2。執行累計4,679,332,397円が52表の保険給付費（令和5年度決算）と一致"
2023,expenditure,11,国民健康保険特別会計,国民健康保険,2,,1,,4,,,2,保険給付費,,,map,"狛江市国保会計の款2。執行累計4,679,332,397円が52表の保険給付費（令和5年度決算）と一致"
2023,expenditure,11,国民健康保険特別会計,国民健康保険,2,,1,,5,,,2,保険給付費,,,map,"狛江市国保会計の款2。執行累計4,679,332,397円が52表の保険給付費（令和5年度決算）と一致"
2023,expenditure,11,国民健康保険特別会計,国民健康保険,2,,2,,1,,,2,保険給付費,,,map,"狛江市国保会計の款2。執行累計4,679,332,397円が52表の保険給付費（令和5年度決算）と一致"
2023,expenditure,11,国民健康保険特別会計,国民健康保険,2,,2,,2,,,2,保険給付費,,,map,"狛江市国保会計の款2。執行累計4,679,332,397円が52表の保険給付費（令和5年度決算）と一致"
2023,expenditure,11,国民健康保険特別会計,国民健康保険,2,,2,,3,,,2,保険給付費,,,map,"狛江市国保会計の款2。執行累計4,679,332,397円が52表の保険給付費（令和5年度決算）と一致"
2023,expenditure,11,国民健康保険特別会計,国民健康保険,2,,2,,4,,,2,保険給付費,,,map,"狛江市国保会計の款2。執行累計4,679,332,397円が52表の保険給付費（令和5年度決算）と一致"
2023,expenditure,11,国民健康保険特別会計,国民健康保険,2,,3,,1,,,2,保険給付費,,,map,"狛江市国保会計の款2。執行累計4,679,332,397円が52表の保険給付費（令和5年度決算）と一致"
2023,expenditure,11,国民健康保険特別会計,国民健康保険,2,,3,,2,,,2,保険給付費,,,map,"狛江市国保会計の款2。執行累計4,679,332,397円が52表の保険給付費（令和5年度決算）と一致"
2023,expenditure,11,国民健康保険特別会計,国民健康保険,2,,4,,1,,,2,保険給付費,,,map,"狛江市国保会計の款2。執行累計4,679,332,397円が52表の保険給付費（令和5年度決算）と一致"
2023,expenditure,11,国民健康保険特別会計,国民健康保険,2,,5,,1,,,2,保険給付費,,,map,"狛江市国保会計の款2。執行累計4,679,332,397円が52表の保険給付費（令和5年度決算）と一致"
2023,expenditure,11,国民健康保険特別会計,国民健康保険,2,,6,,1,,,2,保険給付費,,,map,"狛江市国保会計の款2。執行累計4,679,332,397円が52表の保険給付費（令和5年度決算）と一致"
2023,expenditure,11,国民健康保険特別会計,国民健康保険,2,,6,,2,,,2,保険給付費,,,map,"狛江市国保会計の款2。執行累計4,679,332,397円が52表の保険給付費（令和5年度決算）と一致"
2023,expenditure,11,国民健康保険特別会計,国民健康保険,2,,7,,1,,,2,保険給付費,,,map,"狛江市国保会計の款2。執行累計4,679,332,397円が52表の保険給付費（令和5年度決算）と一致"
2023,expenditure,11,国民健康保険特別会計,国民健康保険,3,,1,,1,,,3,国民健康保険事業費納付金,,,map,"狛江市国保会計の款3。執行累計2,790,525,757円が52表の国民健康保険事業費納付金と一致"
2023,expenditure,11,国民健康保険特別会計,国民健康保険,3,,2,,1,,,3,国民健康保険事業費納付金,,,map,"狛江市国保会計の款3。執行累計2,790,525,757円が52表の国民健康保険事業費納付金と一致"
2023,expenditure,11,国民健康保険特別会計,国民健康保険,3,,3,,1,,,3,国民健康保険事業費納付金,,,map,"狛江市国保会計の款3。執行累計2,790,525,757円が52表の国民健康保険事業費納付金と一致"
2023,expenditure,11,国民健康保険特別会計,国民健康保険,4,,1,,1,,,4,保健事業費,,,map,"狛江市国保会計の款4。執行累計114,234,835円が52表の保健事業費と一致"
2023,expenditure,11,国民健康保険特別会計,国民健康保険,5,,1,,1,,,5,基金積立金,,,map,狛江市国保会計の款5（執行0・予算計500千円）。位置と構造から基金積立金
2023,expenditure,11,国民健康保険特別会計,国民健康保険,6,,1,,1,,,9,その他の支出,,,map,"狛江市国保会計の款6（2019年度以降）。執行累計119,963,088円が52表のその他の支出と一致（繰出金の項を内包）"
2023,expenditure,11,国民健康保険特別会計,国民健康保険,6,,1,,2,,,9,その他の支出,,,map,"狛江市国保会計の款6（2019年度以降）。執行累計119,963,088円が52表のその他の支出と一致（繰出金の項を内包）"
2023,expenditure,11,国民健康保険特別会計,国民健康保険,6,,1,,3,,,9,その他の支出,,,map,"狛江市国保会計の款6（2019年度以降）。執行累計119,963,088円が52表のその他の支出と一致（繰出金の項を内包）"
2023,expenditure,11,国民健康保険特別会計,国民健康保険,6,,2,,1,,,9,その他の支出,,,map,"狛江市国保会計の款6（2019年度以降）。執行累計119,963,088円が52表のその他の支出と一致（繰出金の項を内包）"
2023,expenditure,11,国民健康保険特別会計,国民健康保険,7,,1,,1,,,10,予備費,,,map,狛江市国保会計の款7（2019年度以降・執行0・予備費の科目のみ）
2023,expenditure,14,介護保険特別会計,介護保険,1,,1,,1,,,1,総務費,,,map,狛江市介護保険会計の款1。総務費相当（経費科目の集合）
2023,expenditure,14,介護保険特別会計,介護保険,1,,1,,2,,,1,総務費,,,map,狛江市介護保険会計の款1。総務費相当（経費科目の集合）
2023,expenditure,14,介護保険特別会計,介護保険,1,,1,,3,,,1,総務費,,,map,狛江市介護保険会計の款1。総務費相当（経費科目の集合）
2023,expenditure,14,介護保険特別会計,介護保険,2,,1,,1,,,2,保険給付費,,,map,"狛江市介護保険会計の款2。執行累計6,927,245,614円が63表の保険給付費（令和5年度決算）と一致"
2023,expenditure,14,介護保険特別会計,介護保険,2,,1,,2,,,2,保険給付費,,,map,"狛江市介護保険会計の款2。執行累計6,927,245,614円が63表の保険給付費（令和5年度決算）と一致"
2023,expenditure,14,介護保険特別会計,介護保険,2,,1,,3,,,2,保険給付費,,,map,"狛江市介護保険会計の款2。執行累計6,927,245,614円が63表の保険給付費（令和5年度決算）と一致"
2023,expenditure,14,介護保険特別会計,介護保険,2,,1,,4,,,2,保険給付費,,,map,"狛江市介護保険会計の款2。執行累計6,927,245,614円が63表の保険給付費（令和5年度決算）と一致"
2023,expenditure,14,介護保険特別会計,介護保険,2,,1,,5,,,2,保険給付費,,,map,"狛江市介護保険会計の款2。執行累計6,927,245,614円が63表の保険給付費（令和5年度決算）と一致"
2023,expenditure,14,介護保険特別会計,介護保険,2,,1,,6,,,2,保険給付費,,,map,"狛江市介護保険会計の款2。執行累計6,927,245,614円が63表の保険給付費（令和5年度決算）と一致"
2023,expenditure,14,介護保険特別会計,介護保険,3,,1,,1,,,3,地域支援事業費,,,map,"狛江市介護保険会計の款3。執行累計193,722,723円が63表の地域支援事業と一致"
2023,expenditure,14,介護保険特別会計,介護保険,3,,1,,2,,,3,地域支援事業費,,,map,"狛江市介護保険会計の款3。執行累計193,722,723円が63表の地域支援事業と一致"
2023,expenditure,14,介護保険特別会計,介護保険,3,,1,,3,,,3,地域支援事業費,,,map,"狛江市介護保険会計の款3。執行累計193,722,723円が63表の地域支援事業と一致"
2023,expenditure,14,介護保険特別会計,介護保険,3,,1,,4,,,3,地域支援事業費,,,map,"狛江市介護保険会計の款3。執行累計193,722,723円が63表の地域支援事業と一致"
2023,expenditure,14,介護保険特別会計,介護保険,4,,1,,1,,,,,,,,
2023,expenditure,14,介護保険特別会計,介護保険,5,,1,,1,,,6,基金積立金,,,map,"狛江市介護保険会計の款5。執行累計106,187,401円が63表の基金積立金と一致"
2023,expenditure,14,介護保険特別会計,介護保険,6,,1,,1,,,8,公債費,,,map,狛江市介護保険会計の款6（償還金利子の科目のみ・執行0）。償還債務は公債費相当
2023,expenditure,14,介護保険特別会計,介護保険,7,,1,,1,,,7,繰出金,,,map,"狛江市介護保険会計の款7。執行累計25,892,000円が63表の繰出金と一致"
2023,expenditure,14,介護保険特別会計,介護保険,8,,1,,1,,,10,その他の支出,,,map,"狛江市介護保険会計の款8。執行累計16,283,063円が63表のその他の支出と一致"
2023,expenditure,14,介護保険特別会計,介護保険,8,,1,,2,,,10,その他の支出,,,map,"狛江市介護保険会計の款8。執行累計16,283,063円が63表のその他の支出と一致"
2023,expenditure,14,介護保険特別会計,介護保険,8,,2,,1,,,10,その他の支出,,,map,"狛江市介護保険会計の款8。執行累計16,283,063円が63表のその他の支出と一致"
2023,expenditure,14,介護保険特別会計,介護保険,9,,1,,1,,,11,予備費,,,map,狛江市介護保険会計の款9（予備費の科目のみ・執行0）
2023,expenditure,22,駐車場事業特別会計,駐車場事業,1,,1,,1,,,,,,,,
2023,expenditure,34,後期高齢者医療特別会計,後期高齢者医療,1,,1,,1,,,1,総務費,,,map,狛江市後期高齢者医療会計の款1。総務費相当（経費科目の集合）
2023,expenditure,34,後期高齢者医療特別会計,後期高齢者医療,1,,2,,1,,,1,総務費,,,map,狛江市後期高齢者医療会計の款1。総務費相当（経費科目の集合）
2023,expenditure,34,後期高齢者医療特別会計,後期高齢者医療,1,,2,,2,,,1,総務費,,,map,狛江市後期高齢者医療会計の款1。総務費相当（経費科目の集合）
2023,expenditure,34,後期高齢者医療特別会計,後期高齢者医療,2,,1,,1,,,2,後期高齢者医療広域連合納付金,,,map,"狛江市後期高齢者医療会計の款2。負担金、補助及び交付金の単一科目で広域連合納付金相当（ただし市の帳簿額2,188,750,528円と94表の納付金1,355,124千円は大きくずれる）"
2023,expenditure,34,後期高齢者医療特別会計,後期高齢者医療,3,,1,,1,,,3,保健事業費,,,map,狛江市後期高齢者医療会計の款3。委託料主体（健診等の保健事業相当）
2023,expenditure,34,後期高齢者医療特別会計,後期高齢者医療,4,,1,,1,,,6,その他の支出,,,map,狛江市後期高齢者医療会計の款4。償還金系と繰出金（項2目1、一般会計への繰出）を内包するその他の支出相当
2023,expenditure,34,後期高齢者医療特別会計,後期高齢者医療,4,,1,,2,,,6,その他の支出,,,map,狛江市後期高齢者医療会計の款4。償還金系と繰出金（項2目1、一般会計への繰出）を内包するその他の支出相当
2023,expenditure,34,後期高齢者医療特別会計,後期高齢者医療,4,,1,,3,,,6,その他の支出,,,map,狛江市後期高齢者医療会計の款4。償還金系と繰出金（項2目1、一般会計への繰出）を内包するその他の支出相当
2023,expenditure,34,後期高齢者医療特別会計,後期高齢者医療,4,,2,,1,,,6,その他の支出,,,map,狛江市後期高齢者医療会計の款4。償還金系と繰出金（項2目1、一般会計への繰出）を内包するその他の支出相当
2023,expenditure,34,後期高齢者医療特別会計,後期高齢者医療,5,,1,,1,,,7,予備費,,,map,狛江市後期高齢者医療会計の款5（予備費の科目のみ・執行0）
2023,revenue,1,一般会計,一般会計,1,市税,1,市民税,1,個人,settlement-pdf,1,市(町村)税,1,市町村民税,map,マスタの表記は「市町村民税」。マスタの「市(町村)」「都(道府県)」は市か町村かで読み替える様式の記法。市の読みで同じ項
2023,revenue,1,一般会計,一般会計,1,市税,1,市民税,2,法人,settlement-pdf,1,市(町村)税,1,市町村民税,map,マスタの表記は「市町村民税」。マスタの「市(町村)」「都(道府県)」は市か町村かで読み替える様式の記法。市の読みで同じ項
2023,revenue,1,一般会計,一般会計,1,市税,2,固定資産税,1,固定資産税,settlement-pdf,1,市(町村)税,2,固定資産税,map,項の名称がマスタと完全一致（款は account_map の対応を介す）
2023,revenue,1,一般会計,一般会計,1,市税,2,固定資産税,2,国有資産等所在市町村交付金及び納付金,settlement-pdf,1,市(町村)税,2,固定資産税,map,項の名称がマスタと完全一致（款は account_map の対応を介す）
2023,revenue,1,一般会計,一般会計,1,市税,3,軽自動車税,1,環境性能割,settlement-pdf,1,市(町村)税,3,軽自動車税,map,項の名称がマスタと完全一致（款は account_map の対応を介す）
2023,revenue,1,一般会計,一般会計,1,市税,3,軽自動車税,2,種別割,settlement-pdf,1,市(町村)税,3,軽自動車税,map,項の名称がマスタと完全一致（款は account_map の対応を介す）
2023,revenue,1,一般会計,一般会計,1,市税,4,市たばこ税,1,市たばこ税,settlement-pdf,1,市(町村)税,4,市町村たばこ税,map,マスタの表記は「市町村たばこ税」。マスタの「市(町村)」「都(道府県)」は市か町村かで読み替える様式の記法。市の読みで同じ項
2023,revenue,1,一般会計,一般会計,1,市税,5,特別土地保有税,1,特別土地保有税,settlement-pdf,1,市(町村)税,6,特別土地保有税,map,項の名称がマスタと完全一致（款は account_map の対応を介す）
2023,revenue,1,一般会計,一般会計,1,市税,6,都市計画税,1,都市計画税,settlement-pdf,1,市(町村)税,9,都市計画税,map,項の名称がマスタと完全一致（款は account_map の対応を介す）
2023,revenue,1,一般会計,一般会計,2,地方譲与税,1,地方揮発油譲与税,1,地方揮発油譲与税,settlement-pdf,2,地方譲与税,1,地方揮発油譲与税,map,項の名称がマスタと完全一致（款は account_map の対応を介す）
2023,revenue,1,一般会計,一般会計,2,地方譲与税,2,自動車重量譲与税,1,自動車重量譲与税,settlement-pdf,2,地方譲与税,2,自動車重量譲与税,map,項の名称がマスタと完全一致（款は account_map の対応を介す）
2023,revenue,1,一般会計,一般会計,2,地方譲与税,3,森林環境譲与税,1,森林環境譲与税,settlement-pdf,2,地方譲与税,4,森林環境譲与税,map,項の名称がマスタと完全一致（款は account_map の対応を介す）
2023,revenue,1,一般会計,一般会計,3,利子割交付金,1,利子割交付金,1,利子割交付金,settlement-pdf,3,利子割交付金,1,利子割交付金,map,項の名称がマスタと完全一致（款は account_map の対応を介す）
2023,revenue,1,一般会計,一般会計,4,配当割交付金,1,配当割交付金,1,配当割交付金,settlement-pdf,4,配当割交付金,1,配当割交付金,map,項の名称がマスタと完全一致（款は account_map の対応を介す）
2023,revenue,1,一般会計,一般会計,5,株式等譲渡所得割交付金,1,株式等譲渡所得割交付金,1,株式等譲渡所得割交付金,settlement-pdf,5,株式等譲渡所得割交付金,1,株式等譲渡所得割交付金,map,項の名称がマスタと完全一致（款は account_map の対応を介す）
2023,revenue,1,一般会計,一般会計,6,法人事業税交付金,1,法人事業税交付金,1,法人事業税交付金,settlement-pdf,6,法人事業税交付金,1,法人事業税交付金,map,項の名称がマスタと完全一致（款は account_map の対応を介す）
2023,revenue,1,一般会計,一般会計,7,地方消費税交付金,1,地方消費税交付金,1,地方消費税交付金,settlement-pdf,7,地方消費税交付金,1,地方消費税交付金,map,項の名称がマスタと完全一致（款は account_map の対応を介す）
2023,revenue,1,一般会計,一般会計,8,旧法による自動車取得税交付金,1,旧法による自動車取得税交付金,1,旧法による自動車取得税交付金,settlement-pdf,,,,,historical,款名「旧法による自動車取得税交付金」（2023年度の歳入事項別明細で確認）。2019年廃止の旧法定区分の経過措置で、現行の法定様式に無い
2023,revenue,1,一般会計,一般会計,9,環境性能割交付金,1,環境性能割交付金,1,環境性能割交付金,settlement-pdf,8,環境性能割交付金,1,環境性能割交付金,map,項の名称がマスタと完全一致（款は account_map の対応を介す）
2023,revenue,1,一般会計,一般会計,10,地方特例交付金,1,地方特例交付金,1,地方特例交付金,settlement-pdf,9,地方特例交付金,1,地方特例交付金,map,項の名称がマスタと完全一致（款は account_map の対応を介す）
2023,revenue,1,一般会計,一般会計,10,地方特例交付金,2,新型コロナウイルス感染症対策地方税減収補てん特別交付金,1,新型コロナウイルス感染症対策地方税減収補てん特別交付金,settlement-pdf,9,地方特例交付金,,,addition,現行の法定様式に無い時限の交付金（令和2年度の税制対応）。地方特例交付金の款の下に市が計上した区分（表記は「補てん」。三鷹市は「補填」で同種の項を持つ）
2023,revenue,1,一般会計,一般会計,11,地方交付税,1,地方交付税,1,地方交付税,settlement-pdf,10,地方交付税,1,地方交付税,map,項の名称がマスタと完全一致（款は account_map の対応を介す）
2023,revenue,1,一般会計,一般会計,12,交通安全対策特別交付金,1,交通安全対策特別交付金,1,交通安全対策特別交付金,settlement-pdf,11,交通安全対策特別交付金,1,交通安全対策特別交付金,map,項の名称がマスタと完全一致（款は account_map の対応を介す）
2023,revenue,1,一般会計,一般会計,13,分担金及び負担金,1,負担金,1,総務費負担金,settlement-pdf,12,分担金及び負担金,2,負担金,map,項の名称がマスタと完全一致（款は account_map の対応を介す）
2023,revenue,1,一般会計,一般会計,13,分担金及び負担金,1,負担金,2,民生費負担金,settlement-pdf,12,分担金及び負担金,2,負担金,map,項の名称がマスタと完全一致（款は account_map の対応を介す）
2023,revenue,1,一般会計,一般会計,13,分担金及び負担金,1,負担金,3,衛生費負担金,settlement-pdf,12,分担金及び負担金,2,負担金,map,項の名称がマスタと完全一致（款は account_map の対応を介す）
2023,revenue,1,一般会計,一般会計,13,分担金及び負担金,1,負担金,4,土木費負担金,settlement-pdf,12,分担金及び負担金,2,負担金,map,項の名称がマスタと完全一致（款は account_map の対応を介す）
2023,revenue,1,一般会計,一般会計,14,使用料及び手数料,1,使用料,1,総務使用料,settlement-pdf,13,使用料及び手数料,1,使用料,map,項の名称がマスタと完全一致（款は account_map の対応を介す）
2023,revenue,1,一般会計,一般会計,14,使用料及び手数料,1,使用料,2,民生使用料,settlement-pdf,13,使用料及び手数料,1,使用料,map,項の名称がマスタと完全一致（款は account_map の対応を介す）
2023,revenue,1,一般会計,一般会計,14,使用料及び手数料,1,使用料,3,衛生使用料,settlement-pdf,13,使用料及び手数料,1,使用料,map,項の名称がマスタと完全一致（款は account_map の対応を介す）
2023,revenue,1,一般会計,一般会計,14,使用料及び手数料,1,使用料,4,土木使用料,settlement-pdf,13,使用料及び手数料,1,使用料,map,項の名称がマスタと完全一致（款は account_map の対応を介す）
2023,revenue,1,一般会計,一般会計,14,使用料及び手数料,1,使用料,5,教育使用料,settlement-pdf,13,使用料及び手数料,1,使用料,map,項の名称がマスタと完全一致（款は account_map の対応を介す）
2023,revenue,1,一般会計,一般会計,14,使用料及び手数料,2,手数料,1,総務手数料,settlement-pdf,13,使用料及び手数料,2,手数料,map,項の名称がマスタと完全一致（款は account_map の対応を介す）
2023,revenue,1,一般会計,一般会計,14,使用料及び手数料,2,手数料,2,衛生手数料,settlement-pdf,13,使用料及び手数料,2,手数料,map,項の名称がマスタと完全一致（款は account_map の対応を介す）
2023,revenue,1,一般会計,一般会計,14,使用料及び手数料,2,手数料,3,土木手数料,settlement-pdf,13,使用料及び手数料,2,手数料,map,項の名称がマスタと完全一致（款は account_map の対応を介す）
2023,revenue,1,一般会計,一般会計,15,国庫支出金,1,国庫負担金,1,民生費国庫負担金,settlement-pdf,14,国庫支出金,1,国庫負担金,map,項の名称がマスタと完全一致（款は account_map の対応を介す）
2023,revenue,1,一般会計,一般会計,15,国庫支出金,1,国庫負担金,2,衛生費国庫負担金,settlement-pdf,14,国庫支出金,1,国庫負担金,map,項の名称がマスタと完全一致（款は account_map の対応を介す）
2023,revenue,1,一般会計,一般会計,15,国庫支出金,1,国庫負担金,3,教育費国庫負担金,settlement-pdf,14,国庫支出金,1,国庫負担金,map,項の名称がマスタと完全一致（款は account_map の対応を介す）
2023,revenue,1,一般会計,一般会計,15,国庫支出金,2,国庫補助金,1,総務費国庫補助金,settlement-pdf,14,国庫支出金,2,国庫補助金,map,項の名称がマスタと完全一致（款は account_map の対応を介す）
2023,revenue,1,一般会計,一般会計,15,国庫支出金,2,国庫補助金,2,民生費国庫補助金,settlement-pdf,14,国庫支出金,2,国庫補助金,map,項の名称がマスタと完全一致（款は account_map の対応を介す）
2023,revenue,1,一般会計,一般会計,15,国庫支出金,2,国庫補助金,3,衛生費国庫補助金,settlement-pdf,14,国庫支出金,2,国庫補助金,map,項の名称がマスタと完全一致（款は account_map の対応を介す）
2023,revenue,1,一般会計,一般会計,15,国庫支出金,2,国庫補助金,4,土木費国庫補助金,settlement-pdf,14,国庫支出金,2,国庫補助金,map,項の名称がマスタと完全一致（款は account_map の対応を介す）
2023,revenue,1,一般会計,一般会計,15,国庫支出金,2,国庫補助金,5,教育費国庫補助金,settlement-pdf,14,国庫支出金,2,国庫補助金,map,項の名称がマスタと完全一致（款は account_map の対応を介す）
2023,revenue,1,一般会計,一般会計,15,国庫支出金,3,委託金,1,総務費委託金,settlement-pdf,14,国庫支出金,3,委託金,map,項の名称がマスタと完全一致（款は account_map の対応を介す）
2023,revenue,1,一般会計,一般会計,15,国庫支出金,3,委託金,2,民生費委託金,settlement-pdf,14,国庫支出金,3,委託金,map,項の名称がマスタと完全一致（款は account_map の対応を介す）
2023,revenue,1,一般会計,一般会計,15,国庫支出金,3,委託金,3,労働費委託金,settlement-pdf,14,国庫支出金,3,委託金,map,項の名称がマスタと完全一致（款は account_map の対応を介す）
2023,revenue,1,一般会計,一般会計,16,都支出金,1,都負担金,1,民生費都負担金,settlement-pdf,15,都(道府県)支出金,1,都(道府県)負担金,map,マスタの表記は「都(道府県)負担金」。マスタの「市(町村)」「都(道府県)」は市か町村かで読み替える様式の記法。市の読みで同じ項
2023,revenue,1,一般会計,一般会計,16,都支出金,1,都負担金,2,衛生費都負担金,settlement-pdf,15,都(道府県)支出金,1,都(道府県)負担金,map,マスタの表記は「都(道府県)負担金」。マスタの「市(町村)」「都(道府県)」は市か町村かで読み替える様式の記法。市の読みで同じ項
2023,revenue,1,一般会計,一般会計,16,都支出金,1,都負担金,3,教育費都負担金,settlement-pdf,15,都(道府県)支出金,1,都(道府県)負担金,map,マスタの表記は「都(道府県)負担金」。マスタの「市(町村)」「都(道府県)」は市か町村かで読み替える様式の記法。市の読みで同じ項
2023,revenue,1,一般会計,一般会計,16,都支出金,2,都補助金,1,総務費都補助金,settlement-pdf,15,都(道府県)支出金,2,都(道府県)補助金,map,マスタの表記は「都(道府県)補助金」。マスタの「市(町村)」「都(道府県)」は市か町村かで読み替える様式の記法。市の読みで同じ項
2023,revenue,1,一般会計,一般会計,16,都支出金,2,都補助金,2,民生費都補助金,settlement-pdf,15,都(道府県)支出金,2,都(道府県)補助金,map,マスタの表記は「都(道府県)補助金」。マスタの「市(町村)」「都(道府県)」は市か町村かで読み替える様式の記法。市の読みで同じ項
2023,revenue,1,一般会計,一般会計,16,都支出金,2,都補助金,3,衛生費都補助金,settlement-pdf,15,都(道府県)支出金,2,都(道府県)補助金,map,マスタの表記は「都(道府県)補助金」。マスタの「市(町村)」「都(道府県)」は市か町村かで読み替える様式の記法。市の読みで同じ項
2023,revenue,1,一般会計,一般会計,16,都支出金,2,都補助金,4,農業費都補助金,settlement-pdf,15,都(道府県)支出金,2,都(道府県)補助金,map,マスタの表記は「都(道府県)補助金」。マスタの「市(町村)」「都(道府県)」は市か町村かで読み替える様式の記法。市の読みで同じ項
2023,revenue,1,一般会計,一般会計,16,都支出金,2,都補助金,5,商工費都補助金,settlement-pdf,15,都(道府県)支出金,2,都(道府県)補助金,map,マスタの表記は「都(道府県)補助金」。マスタの「市(町村)」「都(道府県)」は市か町村かで読み替える様式の記法。市の読みで同じ項
2023,revenue,1,一般会計,一般会計,16,都支出金,2,都補助金,6,土木費都補助金,settlement-pdf,15,都(道府県)支出金,2,都(道府県)補助金,map,マスタの表記は「都(道府県)補助金」。マスタの「市(町村)」「都(道府県)」は市か町村かで読み替える様式の記法。市の読みで同じ項
2023,revenue,1,一般会計,一般会計,16,都支出金,2,都補助金,7,教育費都補助金,settlement-pdf,15,都(道府県)支出金,2,都(道府県)補助金,map,マスタの表記は「都(道府県)補助金」。マスタの「市(町村)」「都(道府県)」は市か町村かで読み替える様式の記法。市の読みで同じ項
2023,revenue,1,一般会計,一般会計,16,都支出金,3,委託金,1,総務費委託金,settlement-pdf,15,都(道府県)支出金,3,委託金,map,項の名称がマスタと完全一致（款は account_map の対応を介す）
2023,revenue,1,一般会計,一般会計,16,都支出金,3,委託金,2,民生費委託金,settlement-pdf,15,都(道府県)支出金,3,委託金,map,項の名称がマスタと完全一致（款は account_map の対応を介す）
2023,revenue,1,一般会計,一般会計,16,都支出金,3,委託金,3,衛生費委託金,settlement-pdf,15,都(道府県)支出金,3,委託金,map,項の名称がマスタと完全一致（款は account_map の対応を介す）
2023,revenue,1,一般会計,一般会計,16,都支出金,3,委託金,4,土木費委託金,settlement-pdf,15,都(道府県)支出金,3,委託金,map,項の名称がマスタと完全一致（款は account_map の対応を介す）
2023,revenue,1,一般会計,一般会計,16,都支出金,3,委託金,5,教育費委託金,settlement-pdf,15,都(道府県)支出金,3,委託金,map,項の名称がマスタと完全一致（款は account_map の対応を介す）
2023,revenue,1,一般会計,一般会計,17,財産収入,1,財産運用収入,1,財産貸付収入,settlement-pdf,16,財産収入,1,財産運用収入,map,項の名称がマスタと完全一致（款は account_map の対応を介す）
2023,revenue,1,一般会計,一般会計,17,財産収入,1,財産運用収入,2,利子及び配当金,settlement-pdf,16,財産収入,1,財産運用収入,map,項の名称がマスタと完全一致（款は account_map の対応を介す）
2023,revenue,1,一般会計,一般会計,17,財産収入,2,財産売払収入,1,不動産売払収入,settlement-pdf,16,財産収入,2,財産売払収入,map,項の名称がマスタと完全一致（款は account_map の対応を介す）
2023,revenue,1,一般会計,一般会計,17,財産収入,2,財産売払収入,2,物品売払収入,settlement-pdf,16,財産収入,2,財産売払収入,map,項の名称がマスタと完全一致（款は account_map の対応を介す）
2023,revenue,1,一般会計,一般会計,18,寄附金,1,寄附金,1,一般寄附金,settlement-pdf,17,寄附金,1,寄附金,map,項の名称がマスタと完全一致（款は account_map の対応を介す）
2023,revenue,1,一般会計,一般会計,18,寄附金,1,寄附金,2,指定寄附金,settlement-pdf,17,寄附金,1,寄附金,map,項の名称がマスタと完全一致（款は account_map の対応を介す）
2023,revenue,1,一般会計,一般会計,19,繰入金,1,繰入金,1,基金繰入金,settlement-pdf,18,繰入金,,,addition,法定は繰入金の項を特別会計・基金・財産区に分けるが、狛江市は「繰入金」1項に畳んでいる。どの法定の項と同じとも決められないので追加として登録する
2023,revenue,1,一般会計,一般会計,19,繰入金,1,繰入金,2,特別会計繰入金,settlement-pdf,18,繰入金,,,addition,法定は繰入金の項を特別会計・基金・財産区に分けるが、狛江市は「繰入金」1項に畳んでいる。どの法定の項と同じとも決められないので追加として登録する
2023,revenue,1,一般会計,一般会計,20,繰越金,1,繰越金,1,繰越金,settlement-pdf,19,繰越金,1,繰越金,map,項の名称がマスタと完全一致（款は account_map の対応を介す）
2023,revenue,1,一般会計,一般会計,21,諸収入,1,延滞金、加算金及び過料,1,延滞金,settlement-pdf,20,諸収入,1,延滞金、加算金及び過料,map,項の名称がマスタと完全一致（款は account_map の対応を介す）
2023,revenue,1,一般会計,一般会計,21,諸収入,1,延滞金、加算金及び過料,2,過料,settlement-pdf,20,諸収入,1,延滞金、加算金及び過料,map,項の名称がマスタと完全一致（款は account_map の対応を介す）
2023,revenue,1,一般会計,一般会計,21,諸収入,2,市預金利子,1,市預金利子,settlement-pdf,20,諸収入,2,市(町村)預金利子,map,マスタの表記は「市(町村)預金利子」。マスタの「市(町村)」「都(道府県)」は市か町村かで読み替える様式の記法。市の読みで同じ項
2023,revenue,1,一般会計,一般会計,21,諸収入,3,受託事業収入,1,民生費受託収入,settlement-pdf,20,諸収入,5,受託事業収入,map,項の名称がマスタと完全一致（款は account_map の対応を介す）
2023,revenue,1,一般会計,一般会計,21,諸収入,4,貸付金元利収入,1,緊急援護資金貸付元金収入,settlement-pdf,20,諸収入,4,貸付金元利収入,map,項の名称がマスタと完全一致（款は account_map の対応を介す）
2023,revenue,1,一般会計,一般会計,21,諸収入,5,雑入,1,雑入,settlement-pdf,20,諸収入,7,雑入,map,項の名称がマスタと完全一致（款は account_map の対応を介す）
2023,revenue,1,一般会計,一般会計,22,市債,1,市債,1,土木債,settlement-pdf,21,市(町村)債,1,市(町村)債,map,マスタの表記は「市(町村)債」。マスタの「市(町村)」「都(道府県)」は市か町村かで読み替える様式の記法。市の読みで同じ項
2023,revenue,1,一般会計,一般会計,22,市債,1,市債,2,教育債,settlement-pdf,21,市(町村)債,1,市(町村)債,map,マスタの表記は「市(町村)債」。マスタの「市(町村)」「都(道府県)」は市か町村かで読み替える様式の記法。市の読みで同じ項
2023,revenue,1,一般会計,一般会計,22,市債,1,市債,3,臨時財政対策債歳入合計,settlement-pdf,21,市(町村)債,1,市(町村)債,map,マスタの表記は「市(町村)債」。マスタの「市(町村)」「都(道府県)」は市か町村かで読み替える様式の記法。市の読みで同じ項
2023,revenue,11,国民健康保険特別会計,国民健康保険,1,,1,,1,,,1,保険税（料）,,,map,狛江市国保会計の歳入款1。保険料の徴収科目のみを収める。52表 歳入001列「保険税（料）」
2023,revenue,11,国民健康保険特別会計,国民健康保険,1,,1,,2,,,1,保険税（料）,,,map,狛江市国保会計の歳入款1。保険料の徴収科目のみを収める。52表 歳入001列「保険税（料）」
2023,revenue,11,国民健康保険特別会計,国民健康保険,2,,1,,1,,,3,国庫支出金,,,map,狛江市国保会計の歳入款2（2019年度以降）。国庫補助金・負担金の科目を収める。52表 歳入005列
2023,revenue,11,国民健康保険特別会計,国民健康保険,2,,1,,2,,,3,国庫支出金,,,map,狛江市国保会計の歳入款2（2019年度以降）。国庫補助金・負担金の科目を収める。52表 歳入005列
2023,revenue,11,国民健康保険特別会計,国民健康保険,2,,1,,3,,,3,国庫支出金,,,map,狛江市国保会計の歳入款2（2019年度以降）。国庫補助金・負担金の科目を収める。52表 歳入005列
2023,revenue,11,国民健康保険特別会計,国民健康保険,3,,1,,1,,,4,都道府県支出金,,,map,狛江市国保会計の歳入款3（2019年度以降）。都支出金・給付費等交付金・都繰入金を収める。52表 歳入006列（他会計からの繰入である都繰入金を内包）
2023,revenue,11,国民健康保険特別会計,国民健康保険,3,,1,,2,,,4,都道府県支出金,,,map,狛江市国保会計の歳入款3（2019年度以降）。都支出金・給付費等交付金・都繰入金を収める。52表 歳入006列（他会計からの繰入である都繰入金を内包）
2023,revenue,11,国民健康保険特別会計,国民健康保険,3,,2,,1,,,4,都道府県支出金,,,map,狛江市国保会計の歳入款3（2019年度以降）。都支出金・給付費等交付金・都繰入金を収める。52表 歳入006列（他会計からの繰入である都繰入金を内包）
2023,revenue,11,国民健康保険特別会計,国民健康保険,4,,1,,1,,,7,他会計繰入金,,,map,狛江市国保会計の歳入款4（2019年度以降）。一般会計繰入金の科目を収める。52表 歳入017列
2023,revenue,11,国民健康保険特別会計,国民健康保険,5,,1,,1,,,9,繰越金,,,map,狛江市国保会計の歳入款5（2019年度以降）。繰越金の科目を収める。52表 歳入024列
2023,revenue,11,国民健康保険特別会計,国民健康保険,6,,1,,1,,,11,その他の収入,,,map,狛江市国保会計の歳入款6（2019年度以降）。延滞金・雑入・受託事業収入等。52表 歳入027列
2023,revenue,11,国民健康保険特別会計,国民健康保険,6,,2,,1,,,11,その他の収入,,,map,狛江市国保会計の歳入款6（2019年度以降）。延滞金・雑入・受託事業収入等。52表 歳入027列
2023,revenue,11,国民健康保険特別会計,国民健康保険,6,,3,,1,,,11,その他の収入,,,map,狛江市国保会計の歳入款6（2019年度以降）。延滞金・雑入・受託事業収入等。52表 歳入027列
2023,revenue,11,国民健康保険特別会計,国民健康保険,6,,3,,2,,,11,その他の収入,,,map,狛江市国保会計の歳入款6（2019年度以降）。延滞金・雑入・受託事業収入等。52表 歳入027列
2023,revenue,11,国民健康保険特別会計,国民健康保険,6,,3,,3,,,11,その他の収入,,,map,狛江市国保会計の歳入款6（2019年度以降）。延滞金・雑入・受託事業収入等。52表 歳入027列
2023,revenue,11,国民健康保険特別会計,国民健康保険,6,,3,,4,,,11,その他の収入,,,map,狛江市国保会計の歳入款6（2019年度以降）。延滞金・雑入・受託事業収入等。52表 歳入027列
2023,revenue,14,介護保険特別会計,介護保険,1,,1,,1,,,1,保険料,,,map,狛江市介護保険会計の歳入款1。保険料の科目のみ。63表 歳入001列
2023,revenue,14,介護保険特別会計,介護保険,2,,1,,1,,,10,その他の収入,,,map,狛江市介護保険会計の歳入款2。証明手数料のみ。63表 歳入029列相当
2023,revenue,14,介護保険特別会計,介護保険,3,,1,,1,,,2,国庫支出金,,,map,狛江市介護保険会計の歳入款3。国庫の補助金・負担金・交付金を収める。63表 歳入002列相当
2023,revenue,14,介護保険特別会計,介護保険,3,,2,,1,,,2,国庫支出金,,,map,狛江市介護保険会計の歳入款3。国庫の補助金・負担金・交付金を収める。63表 歳入002列相当
2023,revenue,14,介護保険特別会計,介護保険,3,,2,,2,,,2,国庫支出金,,,map,狛江市介護保険会計の歳入款3。国庫の補助金・負担金・交付金を収める。63表 歳入002列相当
2023,revenue,14,介護保険特別会計,介護保険,3,,2,,3,,,2,国庫支出金,,,map,狛江市介護保険会計の歳入款3。国庫の補助金・負担金・交付金を収める。63表 歳入002列相当
2023,revenue,14,介護保険特別会計,介護保険,3,,2,,4,,,2,国庫支出金,,,map,狛江市介護保険会計の歳入款3。国庫の補助金・負担金・交付金を収める。63表 歳入002列相当
2023,revenue,14,介護保険特別会計,介護保険,3,,2,,5,,,2,国庫支出金,,,map,狛江市介護保険会計の歳入款3。国庫の補助金・負担金・交付金を収める。63表 歳入002列相当
2023,revenue,14,介護保険特別会計,介護保険,3,,2,,6,,,2,国庫支出金,,,map,狛江市介護保険会計の歳入款3。国庫の補助金・負担金・交付金を収める。63表 歳入002列相当
2023,revenue,14,介護保険特別会計,介護保険,3,,2,,7,,,2,国庫支出金,,,map,狛江市介護保険会計の歳入款3。国庫の補助金・負担金・交付金を収める。63表 歳入002列相当
2023,revenue,14,介護保険特別会計,介護保険,4,,1,,1,,,3,支払基金交付金,,,map,狛江市介護保険会計の歳入款4。介護給付費交付金・地域支援事業支援交付金を収める。63表 歳入008列相当
2023,revenue,14,介護保険特別会計,介護保険,4,,1,,2,,,3,支払基金交付金,,,map,狛江市介護保険会計の歳入款4。介護給付費交付金・地域支援事業支援交付金を収める。63表 歳入008列相当
2023,revenue,14,介護保険特別会計,介護保険,5,,1,,1,,,4,都道府県支出金,,,map,狛江市介護保険会計の歳入款5。都の負担金・交付金を収める。63表 歳入011列相当
2023,revenue,14,介護保険特別会計,介護保険,5,,2,,1,,,4,都道府県支出金,,,map,狛江市介護保険会計の歳入款5。都の負担金・交付金を収める。63表 歳入011列相当
2023,revenue,14,介護保険特別会計,介護保険,5,,2,,2,,,4,都道府県支出金,,,map,狛江市介護保険会計の歳入款5。都の負担金・交付金を収める。63表 歳入011列相当
2023,revenue,14,介護保険特別会計,介護保険,6,,1,,1,,,10,その他の収入,,,map,狛江市介護保険会計の歳入款6。介護保険給付費準備基金預金利子。63表 歳入029列相当
2023,revenue,14,介護保険特別会計,介護保険,7,,1,,1,,,10,その他の収入,,,map,狛江市介護保険会計の歳入款7。一般寄附金。63表 歳入029列相当
2023,revenue,14,介護保険特別会計,介護保険,8,,1,,1,,,6,他会計繰入金,,,map,狛江市介護保険会計の歳入款8。一般会計繰入金（項1）と介護保険給付費準備基金繰入金（項2）を収める。63表 歳入018列相当
2023,revenue,14,介護保険特別会計,介護保険,8,,1,,2,,,6,他会計繰入金,,,map,狛江市介護保険会計の歳入款8。一般会計繰入金（項1）と介護保険給付費準備基金繰入金（項2）を収める。63表 歳入018列相当
2023,revenue,14,介護保険特別会計,介護保険,8,,1,,3,,,6,他会計繰入金,,,map,狛江市介護保険会計の歳入款8。一般会計繰入金（項1）と介護保険給付費準備基金繰入金（項2）を収める。63表 歳入018列相当
2023,revenue,14,介護保険特別会計,介護保険,8,,1,,4,,,6,他会計繰入金,,,map,狛江市介護保険会計の歳入款8。一般会計繰入金（項1）と介護保険給付費準備基金繰入金（項2）を収める。63表 歳入018列相当
2023,revenue,14,介護保険特別会計,介護保険,8,,1,,5,,,6,他会計繰入金,,,map,狛江市介護保険会計の歳入款8。一般会計繰入金（項1）と介護保険給付費準備基金繰入金（項2）を収める。63表 歳入018列相当
2023,revenue,14,介護保険特別会計,介護保険,8,,2,,1,,,6,他会計繰入金,,,map,狛江市介護保険会計の歳入款8。一般会計繰入金（項1）と介護保険給付費準備基金繰入金（項2）を収める。63表 歳入018列相当
2023,revenue,14,介護保険特別会計,介護保険,9,,1,,1,,,8,繰越金,,,map,狛江市介護保険会計の歳入款9。前年度繰越金。63表 歳入026列
2023,revenue,14,介護保険特別会計,介護保険,10,,1,,1,,,10,その他の収入,,,map,狛江市介護保険会計の歳入款10。雑入・延滞金・利用者負担金等。63表 歳入029列
2023,revenue,14,介護保険特別会計,介護保険,10,,2,,1,,,10,その他の収入,,,map,狛江市介護保険会計の歳入款10。雑入・延滞金・利用者負担金等。63表 歳入029列
2023,revenue,14,介護保険特別会計,介護保険,10,,3,,1,,,10,その他の収入,,,map,狛江市介護保険会計の歳入款10。雑入・延滞金・利用者負担金等。63表 歳入029列
2023,revenue,14,介護保険特別会計,介護保険,10,,3,,2,,,10,その他の収入,,,map,狛江市介護保険会計の歳入款10。雑入・延滞金・利用者負担金等。63表 歳入029列
2023,revenue,14,介護保険特別会計,介護保険,10,,3,,3,,,10,その他の収入,,,map,狛江市介護保険会計の歳入款10。雑入・延滞金・利用者負担金等。63表 歳入029列
2023,revenue,22,駐車場事業特別会計,駐車場事業,1,,1,,1,,,,,,,,
2023,revenue,22,駐車場事業特別会計,駐車場事業,2,,1,,1,,,,,,,,
2023,revenue,22,駐車場事業特別会計,駐車場事業,3,,1,,1,,,,,,,,
2023,revenue,22,駐車場事業特別会計,駐車場事業,4,,1,,1,,,,,,,,
2023,revenue,22,駐車場事業特別会計,駐車場事業,5,,1,,1,,,,,,,,
2023,revenue,22,駐車場事業特別会計,駐車場事業,5,,2,,1,,,,,,,,
2023,revenue,34,後期高齢者医療特別会計,後期高齢者医療,1,,1,,1,,,1,保険料,,,map,狛江市後期高齢者医療会計の歳入款1。保険料の科目のみ。94表 歳入001列
2023,revenue,34,後期高齢者医療特別会計,後期高齢者医療,1,,1,,2,,,1,保険料,,,map,狛江市後期高齢者医療会計の歳入款1。保険料の科目のみ。94表 歳入001列
2023,revenue,34,後期高齢者医療特別会計,後期高齢者医療,2,,1,,1,,,4,その他の収入,,,map,狛江市後期高齢者医療会計の歳入款2。証明手数料のみ。94表 歳入007列相当
2023,revenue,34,後期高齢者医療特別会計,後期高齢者医療,3,,1,,1,,,2,繰入金,,,map,狛江市後期高齢者医療会計の歳入款3。一般会計からの繰入金の科目のみ。94表 歳入003・004列相当
2023,revenue,34,後期高齢者医療特別会計,後期高齢者医療,4,,1,,1,,,3,繰越金,,,map,狛江市後期高齢者医療会計の歳入款4。前年度繰越金。94表 歳入006列
2023,revenue,34,後期高齢者医療特別会計,後期高齢者医療,5,,1,,1,,,4,その他の収入,,,map,狛江市後期高齢者医療会計の歳入款5。雑入・延滞金・受託事業収入等。94表 歳入007列相当
2023,revenue,34,後期高齢者医療特別会計,後期高齢者医療,5,,2,,1,,,4,その他の収入,,,map,狛江市後期高齢者医療会計の歳入款5。雑入・延滞金・受託事業収入等。94表 歳入007列相当
2023,revenue,34,後期高齢者医療特別会計,後期高齢者医療,5,,2,,2,,,4,その他の収入,,,map,狛江市後期高齢者医療会計の歳入款5。雑入・延滞金・受託事業収入等。94表 歳入007列相当
2023,revenue,34,後期高齢者医療特別会計,後期高齢者医療,5,,3,,1,,,4,その他の収入,,,map,狛江市後期高齢者医療会計の歳入款5。雑入・延滞金・受託事業収入等。94表 歳入007列相当
2023,revenue,34,後期高齢者医療特別会計,後期高齢者医療,5,,4,,1,,,4,その他の収入,,,map,狛江市後期高齢者医療会計の歳入款5。雑入・延滞金・受託事業収入等。94表 歳入007列相当
2023,revenue,34,後期高齢者医療特別会計,後期高齢者医療,5,,5,,1,,,4,その他の収入,,,map,狛江市後期高齢者医療会計の歳入款5。雑入・延滞金・受託事業収入等。94表 歳入007列相当
