団体コード,"都道府県名
 （漢字）","市区町村名
 （漢字）","都道府県名
 （カナ）","市区町村名
 （カナ）",自治体のトップページ,会議録のトップページ, 自治体数,公開自治体数,公開自治体率
10006,北海道,,ﾎｯｶｲﾄﾞｳ,,http://www.pref.hokkaido.lg.jp/,http://www.gikai.pref.hokkaido.lg.jp/kaigiroku/,1788,1542,86.24%
11002,北海道,札幌市,ﾎｯｶｲﾄﾞｳ,ｻｯﾎﾟﾛｼ,https://www.city.sapporo.jp/,http://www.city.sapporo.jp/gikai/html/kaigiroku-sokuho.html,,,
12025,北海道,函館市,ﾎｯｶｲﾄﾞｳ,ﾊｺﾀﾞﾃｼ,http://www.city.hakodate.hokkaido.jp/,http://www.city.hakodate.hokkaido.jp/docs/2014011000209/,,,
12033,北海道,小樽市,ﾎｯｶｲﾄﾞｳ,ｵﾀﾙｼ,https://www.city.otaru.lg.jp/,https://www.city.otaru.lg.jp/sisei_tokei/gikai/kaigiroku_index.html,,,
12041,北海道,旭川市,ﾎｯｶｲﾄﾞｳ,ｱｻﾋｶﾜｼ,http://www.city.asahikawa.hokkaido.jp/,http://www.kaigiroku.net/kensaku/asahikawa/asahikawa.html,,,
12050,北海道,室蘭市,ﾎｯｶｲﾄﾞｳ,ﾑﾛﾗﾝｼ,http://www.city.muroran.lg.jp/,http://www.kaigiroku.net/kensaku/cgi-bin/WWWframeBase.exe?A=frameBase&USR=hokmurs&PWD=&L=1&S=31,,,
12068,北海道,釧路市,ﾎｯｶｲﾄﾞｳ,ｸｼﾛｼ,http://www.city.kushiro.lg.jp/,http://www.kaigiroku.net/kensaku/kushiro/kushiro.html,,,
12076,北海道,帯広市,ﾎｯｶｲﾄﾞｳ,ｵﾋﾞﾋﾛｼ,http://www.city.obihiro.hokkaido.jp/,http://www.kaigiroku.net/kensaku/obihiro/obihiro.html,,,
12084,北海道,北見市,ﾎｯｶｲﾄﾞｳ,ｷﾀﾐｼ,https://www.city.kitami.lg.jp/,http://www.kaigiroku.net/kensaku/kitami/kitami.html,,,
12092,北海道,夕張市,ﾎｯｶｲﾄﾞｳ,ﾕｳﾊﾞﾘｼ,https://www.city.yubari.lg.jp/,http://www.city.yubari.lg.jp/contents/municipal/gikai/kaigiroku/index.html,,,
12106,北海道,岩見沢市,ﾎｯｶｲﾄﾞｳ,ｲﾜﾐｻﾞﾜｼ,http://www.city.iwamizawa.hokkaido.jp/,http://www.city.iwamizawa.hokkaido.jp/index.php/contents/item/1509187,,,
12114,北海道,網走市,ﾎｯｶｲﾄﾞｳ,ｱﾊﾞｼﾘｼ,http://www.city.abashiri.hokkaido.jp/,https://www.city.abashiri.hokkaido.jp/070shigikai/080kaigiroku.html,,,
12122,北海道,留萌市,ﾎｯｶｲﾄﾞｳ,ﾙﾓｲｼ,http://www.e-rumoi.jp/,http://www.kaigiroku.net/kensaku/rumoi/rumoi.html,,,
12131,北海道,苫小牧市,ﾎｯｶｲﾄﾞｳ,ﾄﾏｺﾏｲｼ,http://www.city.tomakomai.hokkaido.jp/,http://www.kaigiroku.net/kensaku/tomakomai/tomakomai.html,,,
12149,北海道,稚内市,ﾎｯｶｲﾄﾞｳ,ﾜｯｶﾅｲｼ,http://www.city.wakkanai.hokkaido.jp/,http://www.kaigiroku.net/kensaku/wakkanai/wakkanai.html,,,
12157,北海道,美唄市,ﾎｯｶｲﾄﾞｳ,ﾋﾞﾊﾞｲｼ,http://www.city.bibai.hokkaido.jp/,http://www.city.bibai.hokkaido.jp/jyumin/docs/2015082000020/,,,
12165,北海道,芦別市,ﾎｯｶｲﾄﾞｳ,ｱｼﾍﾞﾂｼ,http://www.city.ashibetsu.hokkaido.jp/,http://www.kaigiroku.net/kensaku/ashibetsu/ashibetsu.html,,,
12173,北海道,江別市,ﾎｯｶｲﾄﾞｳ,ｴﾍﾞﾂｼ,http://www.city.ebetsu.hokkaido.jp/,https://www.city.ebetsu.hokkaido.jp/site/gijiroku1/,,,
12181,北海道,赤平市,ﾎｯｶｲﾄﾞｳ,ｱｶﾋﾞﾗｼ,http://www.city.akabira.hokkaido.jp/,http://www.city.akabira.hokkaido.jp/docs/2013011000349/,,,
12190,北海道,紋別市,ﾎｯｶｲﾄﾞｳ,ﾓﾝﾍﾞﾂｼ,http://mombetsu.jp/,http://www.mombetsu.jp/gikai/proceedings.html,,,
12203,北海道,士別市,ﾎｯｶｲﾄﾞｳ,ｼﾍﾞﾂｼ,http://www.city.shibetsu.lg.jp/www/index.html,http://www.city.shibetsu.lg.jp/www/contents/1391405066057/index.html,,,
12211,北海道,名寄市,ﾎｯｶｲﾄﾞｳ,ﾅﾖﾛｼ,http://www.city.nayoro.lg.jp/,http://www.city.nayoro.lg.jp/assembly/l5o8uj00000001n6.html,,,
12220,北海道,三笠市,ﾎｯｶｲﾄﾞｳ,ﾐｶｻｼ,http://www.city.mikasa.hokkaido.jp/,http://www.city.mikasa.hokkaido.jp/assembly/category/307.html,,,
12238,北海道,根室市,ﾎｯｶｲﾄﾞｳ,ﾈﾑﾛｼ,http://www.city.nemuro.hokkaido.jp/dcitynd.nsf,http://www.kaigiroku.net/kensaku/nemuro/nemuro.html,,,
12246,北海道,千歳市,ﾎｯｶｲﾄﾞｳ,ﾁﾄｾｼ,http://www.city.chitose.hokkaido.jp/,http://www.kaigiroku.net/kensaku/chitose/chitose.html,,,
12254,北海道,滝川市,ﾎｯｶｲﾄﾞｳ,ﾀｷｶﾜｼ,http://www.city.takikawa.hokkaido.jp/,http://www.city.takikawa.hokkaido.jp/270gikai/01gikai/02kaigiroku/,,,
12262,北海道,砂川市,ﾎｯｶｲﾄﾞｳ,ｽﾅｶﾞﾜｼ,http://www.city.sunagawa.hokkaido.jp/,https://www.city.sunagawa.hokkaido.jp/shisei/shigikai/kaigiroku/,,,
12271,北海道,歌志内市,ﾎｯｶｲﾄﾞｳ,ｳﾀｼﾅｲｼ,http://www.city.utashinai.hokkaido.jp/,http://www.city.utashinai.hokkaido.jp/hotnews/detail/00000479.html,,,
12289,北海道,深川市,ﾎｯｶｲﾄﾞｳ,ﾌｶｶﾞﾜｼ,https://www.city.fukagawa.lg.jp/,http://www.city.fukagawa.lg.jp/gijiroku/,,,
12297,北海道,富良野市,ﾎｯｶｲﾄﾞｳ,ﾌﾗﾉｼ,http://www.city.furano.hokkaido.jp/,http://www.city.furano.hokkaido.jp/shigikai/bunya/teirei_kaigiroku/,,,
12301,北海道,登別市,ﾎｯｶｲﾄﾞｳ,ﾉﾎﾞﾘﾍﾞﾂｼ,http://www.city.noboribetsu.lg.jp/,http://www.city.noboribetsu.lg.jp/docs/2013031300443/,,,
12319,北海道,恵庭市,ﾎｯｶｲﾄﾞｳ,ｴﾆﾜｼ,http://www.city.eniwa.hokkaido.jp/www/toppage/0000000000000/APM03000.html,http://www.kaigiroku.net/kensaku/eniwa/eniwa.html,,,
12335,北海道,伊達市,ﾎｯｶｲﾄﾞｳ,ﾀﾞﾃｼ,http://www.city.date.hokkaido.jp/,http://www.kaigiroku.net/kensaku/date/date.html,,,
12343,北海道,北広島市,ﾎｯｶｲﾄﾞｳ,ｷﾀﾋﾛｼﾏｼ,http://www.city.kitahiroshima.hokkaido.jp/,http://www.kaigiroku.net/kensaku/kitahiroshima/kitahiroshima.html,,,
12351,北海道,石狩市,ﾎｯｶｲﾄﾞｳ,ｲｼｶﾘｼ,http://www.city.ishikari.hokkaido.jp/,http://www.city.ishikari.hokkaido.jp/soshiki/gikai/3125.html,,,
12360,北海道,北斗市,ﾎｯｶｲﾄﾞｳ,ﾎｸﾄｼ,http://www.city.hokuto.hokkaido.jp/index.php,http://www.kaigiroku.net/kensaku/hokuto/hokuto.html,,,
13030,北海道,当別町,ﾎｯｶｲﾄﾞｳ,ﾄｳﾍﾞﾂﾁｮｳ,http://www.town.tobetsu.hokkaido.jp/,https://www.town.tobetsu.hokkaido.jp/site/gikai/,,,
13048,北海道,新篠津村,ﾎｯｶｲﾄﾞｳ,ｼﾝｼﾉﾂﾑﾗ,http://www.vill.shinshinotsu.hokkaido.jp/,http://www.vill.shinshinotsu.hokkaido.jp/hotnews/detail/00000304.html,,,
13315,北海道,松前町,ﾎｯｶｲﾄﾞｳ,ﾏﾂﾏｴﾁｮｳ,http://www.e-matsumae.com/,http://www.town.masaki.ehime.jp/site/gikai/,,,
13323,北海道,福島町,ﾎｯｶｲﾄﾞｳ,ﾌｸｼﾏﾁｮｳ,http://www.town.fukushima.hokkaido.jp/,http://www.gikai-fukushima-hokkaido.jp/gikai-kaigiroku.html,,,
13331,北海道,知内町,ﾎｯｶｲﾄﾞｳ,ｼﾘｳﾁﾁｮｳ,http://www.town.shiriuchi.hokkaido.jp/,https://www.town.shiriuchi.hokkaido.jp/hotnews/detail/00000492.html,,,
13340,北海道,木古内町,ﾎｯｶｲﾄﾞｳ,ｷｺﾅｲﾁｮｳ,http://www.town.kikonai.hokkaido.jp/,http://www.town.kikonai.hokkaido.jp/kikonaityougikai/kaigiroku.htm,,,
13374,北海道,七飯町,ﾎｯｶｲﾄﾞｳ,ﾅﾅｴﾁｮｳ,http://www.town.nanae.hokkaido.jp/,http://www.town.nanae.hokkaido.jp/hotnews/detail/00000530.html,,,
13439,北海道,鹿部町,ﾎｯｶｲﾄﾞｳ,ｼｶﾍﾞﾁｮｳ,http://www.town.shikabe.lg.jp/,http://www.town.shikabe.lg.jp/hotnews/detail/00001178.html,,,
13455,北海道,森町,ﾎｯｶｲﾄﾞｳ,ﾓﾘﾏﾁ,http://www.town.hokkaido-mori.lg.jp/,http://www.town.hokkaido-mori.lg.jp/bunya/kaigiroku/,,,
13463,北海道,八雲町,ﾎｯｶｲﾄﾞｳ,ﾔｸﾓﾁｮｳ,http://www.town.yakumo.lg.jp/,http://www.town.yakumo.lg.jp/search.php?action=showall&query=%B2%F1%B5%C4%CF%BF&mid=27&andor=AND,,,
13471,北海道,長万部町,ﾎｯｶｲﾄﾞｳ,ｵｼｬﾏﾝﾍﾞﾁｮｳ,http://www.town.oshamambe.lg.jp/index.php,http://www.town.oshamambe.lg.jp/modules/assembly/content0058.html,,,
13617,北海道,江差町,ﾎｯｶｲﾄﾞｳ,ｴｻｼﾁｮｳ,http://www.hokkaido-esashi.jp/,http://www.hokkaido-esashi.jp/gikai/h24-honkaigi/honkaigi.html,,,
13625,北海道,上ノ国町,ﾎｯｶｲﾄﾞｳ,ｶﾐﾉｸﾆﾁｮｳ,http://www.town.kaminokuni.lg.jp/,http://www.town.kaminokuni.lg.jp/hotnews/detail/00000350.html,,,
13633,北海道,厚沢部町,ﾎｯｶｲﾄﾞｳ,ｱｯｻﾌﾞﾁｮｳ,http://www.town.assabu.lg.jp/index.php,http://www.town.assabu.lg.jp/modules/gyosei/content0028.html,,,
13641,北海道,乙部町,ﾎｯｶｲﾄﾞｳ,ｵﾄﾍﾞﾁｮｳ,http://www.town.otobe.lg.jp/,http://www.town.otobe.lg.jp/e0taal00000000qw.html,,,
13676,北海道,奥尻町,ﾎｯｶｲﾄﾞｳ,ｵｸｼﾘﾁｮｳ,http://www.town.okushiri.lg.jp/,http://www.town.okushiri.lg.jp/gikai/,,,
13706,北海道,今金町,ﾎｯｶｲﾄﾞｳ,ｲﾏｶﾈﾁｮｳ,http://www.town.imakane.lg.jp/,http://www.town.imakane.lg.jp/ass/kaigiroku/,,,
13714,北海道,せたな町,ﾎｯｶｲﾄﾞｳ,ｾﾀﾅﾁｮｳ,http://www.town.setana.lg.jp/,http://www.town.setana.lg.jp/gikai/kaigiroku/,,,
13919,北海道,島牧村,ﾎｯｶｲﾄﾞｳ,ｼﾏﾏｷﾑﾗ,http://www.vill.shimamaki.lg.jp/,http://www.vill.shimamaki.lg.jp/gyosei/gikai/2/kariba_152,,,
13927,北海道,寿都町,ﾎｯｶｲﾄﾞｳ,ｽｯﾂﾁｮｳ,http://www.town.suttu.lg.jp/,http://www.town.suttu.lg.jp/gikai/nittei.htm,,,
13935,北海道,黒松内町,ﾎｯｶｲﾄﾞｳ,ｸﾛﾏﾂﾅｲﾁｮｳ,http://www.kuromatsunai.com/,http://www.kuromatsunai.com/town/gikai/gikaikekka/file001.html,,,
13943,北海道,蘭越町,ﾎｯｶｲﾄﾞｳ,ﾗﾝｺｼﾁｮｳ,http://www.town.rankoshi.hokkaido.jp/,http://www.town.rankoshi.hokkaido.jp/gikai_gijiroku/list.html,,,
13951,北海道,ニセコ町,ﾎｯｶｲﾄﾞｳ,ﾆｾｺﾁｮｳ,http://www.town.niseko.lg.jp/,http://www.town.niseko.lg.jp/machitsukuri/cyosei/cat201/cat200/,,,
13960,北海道,真狩村,ﾎｯｶｲﾄﾞｳ,ﾏｯｶﾘﾑﾗ,http://www.makkari.info/,http://www.makkari.info/gyosei/gikai/kekka/,,,
13978,北海道,留寿都村,ﾎｯｶｲﾄﾞｳ,ﾙｽﾂﾑﾗ,http://www.vill.rusutsu.lg.jp/,http://www.vill.rusutsu.lg.jp/hotnews/detail/00000287.html,,,
13986,北海道,喜茂別町,ﾎｯｶｲﾄﾞｳ,ｷﾓﾍﾞﾂﾁｮｳ,http://www.town.kimobetsu.hokkaido.jp/,http://www.town.kimobetsu.hokkaido.jp/soshiki_shigoto/gikaijimukyoku/dayori/index.html,,,
13994,北海道,京極町,ﾎｯｶｲﾄﾞｳ,ｷｮｳｺﾞｸﾁｮｳ,http://www.town-kyogoku.jp/,http://www.town-kyogoku.jp/gikai/dayori/,,,
14001,北海道,倶知安町,ﾎｯｶｲﾄﾞｳ,ｸｯﾁｬﾝﾁｮｳ,http://www.town.kutchan.hokkaido.jp/,http://www.kaigiroku.net/kensaku/kutchan/kutchan.html,,,
14010,北海道,共和町,ﾎｯｶｲﾄﾞｳ,ｷｮｳﾜﾁｮｳ,http://www.town.kyowa.hokkaido.jp/,,,,
14028,北海道,岩内町,ﾎｯｶｲﾄﾞｳ,ｲﾜﾅｲﾁｮｳ,http://www.town.iwanai.hokkaido.jp/,,,,
14036,北海道,泊村,ﾎｯｶｲﾄﾞｳ,ﾄﾏﾘﾑﾗ,http://www.vill.tomari.hokkaido.jp/main.html,,,,
14044,北海道,神恵内村,ﾎｯｶｲﾄﾞｳ,ｶﾓｴﾅｲﾑﾗ,http://www.vill.kamoenai.hokkaido.jp/,,,,
14052,北海道,積丹町,ﾎｯｶｲﾄﾞｳ,ｼｬｺﾀﾝﾁｮｳ,http://www.town.shakotan.hokkaido.jp/,http://town-shakotan.com/modules/pico/content0454.html,,,
14061,北海道,古平町,ﾎｯｶｲﾄﾞｳ,ﾌﾙﾋﾞﾗﾁｮｳ,http://www.town.furubira.lg.jp/,http://www.town.furubira.lg.jp/category/index.php?category_id=2&page_id=43,,,
14079,北海道,仁木町,ﾎｯｶｲﾄﾞｳ,ﾆｷﾁｮｳ,http://www.town.niki.hokkaido.jp/,http://www.town.niki.hokkaido.jp/gikai-home/proceedings06/proceedings.html,,,
14087,北海道,余市町,ﾎｯｶｲﾄﾞｳ,ﾖｲﾁﾁｮｳ,http://www.town.yoichi.hokkaido.jp/,http://www.town.yoichi.hokkaido.jp/gikai/kaigiroku.html,,,
14095,北海道,赤井川村,ﾎｯｶｲﾄﾞｳ,ｱｶｲｶﾞﾜﾑﾗ,http://www.akaigawa.com/,,,,
14231,北海道,南幌町,ﾎｯｶｲﾄﾞｳ,ﾅﾝﾎﾟﾛﾁｮｳ,http://www.town.nanporo.hokkaido.jp/,http://www.town.nanporo.hokkaido.jp/gikai/kaigi/kaigiroku-nenbetu/,,,
14249,北海道,奈井江町,ﾎｯｶｲﾄﾞｳ,ﾅｲｴﾁｮｳ,http://www.town.naie.hokkaido.jp/,http://www.town.naie.hokkaido.jp/gikai/g_kaigiroku/,,,
14257,北海道,上砂川町,ﾎｯｶｲﾄﾞｳ,ｶﾐｽﾅｶﾞﾜﾁｮｳ,http://town.kamisunagawa.hokkaido.jp/,http://town.kamisunagawa.hokkaido.jp/gikai/kaigiroku.html,,,
14273,北海道,由仁町,ﾎｯｶｲﾄﾞｳ,ﾕﾆﾁｮｳ,http://www.town.yuni.lg.jp/,http://www.town.yuni.lg.jp/01020101somu_syomu01.html,,,
14281,北海道,長沼町,ﾎｯｶｲﾄﾞｳ,ﾅｶﾞﾇﾏﾁｮｳ,http://www.maoi-net.jp/,http://www.maoi-net.jp/gyosei/gikai/gikai-kekka.htm,,,
14290,北海道,栗山町,ﾎｯｶｲﾄﾞｳ,ｸﾘﾔﾏﾁｮｳ,http://www.town.kuriyama.hokkaido.jp/,http://town.kuriyama.hokkaido.jp/gikai/minutes/index.html,,,
14303,北海道,月形町,ﾎｯｶｲﾄﾞｳ,ﾂｷｶﾞﾀﾁｮｳ,http://www.town.tsukigata.hokkaido.jp/,http://www.town.tsukigata.hokkaido.jp/3389.htm,,,
14311,北海道,浦臼町,ﾎｯｶｲﾄﾞｳ,ｳﾗｳｽﾁｮｳ,http://www.town.urausu.hokkaido.jp/,http://www.town.urausu.hokkaido.jp/soshiki/gikai/ugoki2.html,,,
14320,北海道,新十津川町,ﾎｯｶｲﾄﾞｳ,ｼﾝﾄﾂｶﾜﾁｮｳ,http://www.town.shintotsukawa.lg.jp/,http://www.town.shintotsukawa.lg.jp/hotnews/detail/00001787.html,,,
14338,北海道,妹背牛町,ﾎｯｶｲﾄﾞｳ,ﾓｾｳｼﾁｮｳ,http://www.town.moseushi.hokkaido.jp/,http://www.town.moseushi.hokkaido.jp/hotnews/category.html?cid=43,,,
14346,北海道,秩父別町,ﾎｯｶｲﾄﾞｳ,ﾁｯﾌﾟﾍﾞﾂﾁｮｳ,http://www.town.chippubetsu.hokkaido.jp/,http://www.town.chippubetsu.hokkaido.jp/index.php?cat2=125&rpos=2,,,
14362,北海道,雨竜町,ﾎｯｶｲﾄﾞｳ,ｳﾘｭｳﾁｮｳ,http://www.town.uryu.hokkaido.jp/,http://www.town.uryu.hokkaido.jp/contents/index.php?cat=151,,,
14371,北海道,北竜町,ﾎｯｶｲﾄﾞｳ,ﾎｸﾘｭｳﾁｮｳ,http://www.town.hokuryu.hokkaido.jp/,http://www.town.hokuryu.hokkaido.jp/index2.php?p=kurashi59,,,
14389,北海道,沼田町,ﾎｯｶｲﾄﾞｳ,ﾇﾏﾀﾁｮｳ,http://www.town.numata.hokkaido.jp/,http://www.town.numata.hokkaido.jp/section/gikai/ujj7s3000000158l.html,,,
14524,北海道,鷹栖町,ﾎｯｶｲﾄﾞｳ,ﾀｶｽﾁｮｳ,http://www.town.takasu.hokkaido.jp/,,,,
14532,北海道,東神楽町,ﾎｯｶｲﾄﾞｳ,ﾋｶﾞｼｶｸﾞﾗﾁｮｳ,http://www.town.higashikagura.lg.jp/,,,,
14541,北海道,当麻町,ﾎｯｶｲﾄﾞｳ,ﾄｳﾏﾁｮｳ,http://www.town.tohma.hokkaido.jp/,,,,
14559,北海道,比布町,ﾎｯｶｲﾄﾞｳ,ﾋﾟｯﾌﾟﾁｮｳ,http://www.town.pippu.hokkaido.jp/,,,,
14567,北海道,愛別町,ﾎｯｶｲﾄﾞｳ,ｱｲﾍﾞﾂﾁｮｳ,http://www.town.aibetsu.hokkaido.jp/,,,,
14575,北海道,上川町,ﾎｯｶｲﾄﾞｳ,ｶﾐｶﾜﾁｮｳ,http://www.town.hokkaido-kamikawa.lg.jp/,,,,
14583,北海道,東川町,ﾎｯｶｲﾄﾞｳ,ﾋｶﾞｼｶﾜﾁｮｳ,https://town.higashikawa.hokkaido.jp/,https://town.higashikawa.hokkaido.jp/administration/town-assembly/,,,
14591,北海道,美瑛町,ﾎｯｶｲﾄﾞｳ,ﾋﾞｴｲﾁｮｳ,https://town.biei.hokkaido.jp/,https://www.town.biei.hokkaido.jp/modules/gikai/index.php?cat_id=14,,,
14605,北海道,上富良野町,ﾎｯｶｲﾄﾞｳ,ｶﾐﾌﾗﾉﾁｮｳ,http://www.town.kamifurano.hokkaido.jp/,http://www.town.kamifurano.hokkaido.jp/index.php?id=114,,,
14613,北海道,中富良野町,ﾎｯｶｲﾄﾞｳ,ﾅｶﾌﾗﾉﾁｮｳ,http://www.town.nakafurano.lg.jp/,,,,
14621,北海道,南富良野町,ﾎｯｶｲﾄﾞｳ,ﾐﾅﾐﾌﾗﾉﾁｮｳ,http://town.minamifurano.hokkaido.jp/,http://town.minamifurano.hokkaido.jp/gikai/%E4%BC%9A%E8%AD%B0%E7%B5%90%E6%9E%9C/,,,
14630,北海道,占冠村,ﾎｯｶｲﾄﾞｳ,ｼﾑｶｯﾌﾟﾑﾗ,http://www.vill.shimukappu.lg.jp/,http://www.vill.shimukappu.lg.jp/shimukappu/section/gikai/nmudtq0000005czm.html,,,
14648,北海道,和寒町,ﾎｯｶｲﾄﾞｳ,ﾜｯｻﾑﾁｮｳ,http://www.town.wassamu.hokkaido.jp/,,,,
14656,北海道,剣淵町,ﾎｯｶｲﾄﾞｳ,ｹﾝﾌﾞﾁﾁｮｳ,http://www.town.kembuchi.hokkaido.jp/,,,,
14681,北海道,下川町,ﾎｯｶｲﾄﾞｳ,ｼﾓｶﾜﾁｮｳ,https://www.town.shimokawa.hokkaido.jp/,https://www.town.shimokawa.hokkaido.jp/section/gikai/,,,
14699,北海道,美深町,ﾎｯｶｲﾄﾞｳ,ﾋﾞﾌｶﾁｮｳ,http://www.town.bifuka.hokkaido.jp/,http://www.town.bifuka.hokkaido.jp/cms/section/gikai/i63vp600000024za.html,,,
14702,北海道,音威子府村,ﾎｯｶｲﾄﾞｳ,ｵﾄｲﾈｯﾌﾟﾑﾗ,http://www.vill.otoineppu.hokkaido.jp/,,,,
14711,北海道,中川町,ﾎｯｶｲﾄﾞｳ,ﾅｶｶﾞﾜﾁｮｳ,http://www.town.nakagawa.hokkaido.jp/,,,,
14729,北海道,幌加内町,ﾎｯｶｲﾄﾞｳ,ﾎﾛｶﾅｲﾁｮｳ,http://www.town.horokanai.hokkaido.jp/,http://www.town-horokanai-congress-secretariat.jp/conclusion/%E5%AE%9A%E4%BE%8B%E4%BC%9A%E3%83%BB%E8%87%A8%E6%99%82%E4%BC%9A/,,,
14818,北海道,増毛町,ﾎｯｶｲﾄﾞｳ,ﾏｼｹﾁｮｳ,http://www.town.mashike.hokkaido.jp/,,,,
14826,北海道,小平町,ﾎｯｶｲﾄﾞｳ,ｵﾋﾞﾗﾁｮｳ,http://www.town.obira.hokkaido.jp/,,,,
14834,北海道,苫前町,ﾎｯｶｲﾄﾞｳ,ﾄﾏﾏｴﾁｮｳ,http://www.town.tomamae.lg.jp/,http://www.town.tomamae.lg.jp/section/gikai/oa5p8500000027cf.html,,,
14842,北海道,羽幌町,ﾎｯｶｲﾄﾞｳ,ﾊﾎﾞﾛﾁｮｳ,http://www.town.haboro.lg.jp/,http://www.town.haboro.lg.jp/gikai-iinkai/gikai/gijiroku/,,,
14851,北海道,初山別村,ﾎｯｶｲﾄﾞｳ,ｼｮｻﾝﾍﾞﾂﾑﾗ,http://www.vill.shosanbetsu.lg.jp/,http://www.vill.shosanbetsu.lg.jp/gyousei/gyousei-top.html,,,
14869,北海道,遠別町,ﾎｯｶｲﾄﾞｳ,ｴﾝﾍﾞﾂﾁｮｳ,http://www.town.embetsu.hokkaido.jp/,,,,
14877,北海道,天塩町,ﾎｯｶｲﾄﾞｳ,ﾃｼｵﾁｮｳ,http://www.teshiotown.hokkaido.jp/,,,,
15113,北海道,猿払村,ﾎｯｶｲﾄﾞｳ,ｻﾙﾌﾂﾑﾗ,http://www.vill.sarufutsu.hokkaido.jp/,http://www.vill.sarufutsu.hokkaido.jp/hotnews/detail/00000383.html,,,
15121,北海道,浜頓別町,ﾎｯｶｲﾄﾞｳ,ﾊﾏﾄﾝﾍﾞﾂﾁｮｳ,http://www.town.hamatonbetsu.hokkaido.jp/,,,,
15130,北海道,中頓別町,ﾎｯｶｲﾄﾞｳ,ﾅｶﾄﾝﾍﾞﾂﾁｮｳ,http://www.town.nakatombetsu.hokkaido.jp/,,,,
15148,北海道,枝幸町,ﾎｯｶｲﾄﾞｳ,ｴｻｼﾁｮｳ,http://www.town.esashi.hokkaido.jp/,,,,
15164,北海道,豊富町,ﾎｯｶｲﾄﾞｳ,ﾄﾖﾄﾐﾁｮｳ,http://www.town.toyotomi.hokkaido.jp/,http://www.town.toyotomi.hokkaido.jp/section/soumuka/lepd6s0000000fo4.html,,,
15172,北海道,礼文町,ﾎｯｶｲﾄﾞｳ,ﾚﾌﾞﾝﾁｮｳ,http://www.town.rebun.hokkaido.jp/,,,,
15181,北海道,利尻町,ﾎｯｶｲﾄﾞｳ,ﾘｼﾘﾁｮｳ,http://www.town.rishiri.hokkaido.jp/,,,,
15199,北海道,利尻富士町,ﾎｯｶｲﾄﾞｳ,ﾘｼﾘﾌｼﾞﾁｮｳ,http://www.town.rishirifuji.hokkaido.jp/rishirifuji/,http://www.town.rishirifuji.hokkaido.jp/rishirifuji/1189.htm,,,
15202,北海道,幌延町,ﾎｯｶｲﾄﾞｳ,ﾎﾛﾉﾍﾞﾁｮｳ,http://www.town.horonobe.hokkaido.jp/,http://www.town.horonobe.hokkaido.jp/www4/section/gikai/le009f0000008a13.html,,,
15431,北海道,美幌町,ﾎｯｶｲﾄﾞｳ,ﾋﾞﾎﾛﾁｮｳ,http://www.town.bihoro.hokkaido.jp/,http://www.town.bihoro.hokkaido.jp/docs/2016012900021/,,,
15440,北海道,津別町,ﾎｯｶｲﾄﾞｳ,ﾂﾍﾞﾂﾁｮｳ,http://www.town.tsubetsu.hokkaido.jp/,http://www.town.tsubetsu.hokkaido.jp/40gikai/2011-0224-1626-9.html,,,
15458,北海道,斜里町,ﾎｯｶｲﾄﾞｳ,ｼｬﾘﾁｮｳ,https://www.town.shari.hokkaido.jp/,https://www.town.shari.hokkaido.jp/50gikai/10gikai_kekka/index.html,,,
15466,北海道,清里町,ﾎｯｶｲﾄﾞｳ,ｷﾖｻﾄﾁｮｳ,http://www.town.kiyosato.hokkaido.jp/,http://www.town.kiyosato.hokkaido.jp/soshiki_shigoto/gikai/honkaigi/index.html,,,
15474,北海道,小清水町,ﾎｯｶｲﾄﾞｳ,ｺｼﾐｽﾞﾁｮｳ,http://www.town.koshimizu.hokkaido.jp/,http://www.town.koshimizu.hokkaido.jp/gikai/detail/00000918.html,,,
15491,北海道,訓子府町,ﾎｯｶｲﾄﾞｳ,ｸﾝﾈｯﾌﾟﾁｮｳ,http://www.town.kunneppu.hokkaido.jp/,http://www.town.kunneppu.hokkaido.jp/gikai/kaigiroku.html,,,
15504,北海道,置戸町,ﾎｯｶｲﾄﾞｳ,ｵｹﾄﾁｮｳ,http://www.town.oketo.hokkaido.jp/,http://www.town.oketo.hokkaido.jp/cgsei/gikai/kaigiroku/index.html,,,
15521,北海道,佐呂間町,ﾎｯｶｲﾄﾞｳ,ｻﾛﾏﾁｮｳ,http://www.town.saroma.hokkaido.jp/,,,,
15555,北海道,遠軽町,ﾎｯｶｲﾄﾞｳ,ｴﾝｶﾞﾙﾁｮｳ,http://engaru.jp/,http://engaru.jp/gikai/kekka/kekka.html,,,
15598,北海道,湧別町,ﾎｯｶｲﾄﾞｳ,ﾕｳﾍﾞﾂﾁｮｳ,http://www.town.yubetsu.lg.jp/,http://www.town.yubetsu.lg.jp/30hakkou/gikai/gikai.html,,,
15601,北海道,滝上町,ﾎｯｶｲﾄﾞｳ,ﾀｷﾉｳｴﾁｮｳ,http://town.takinoue.hokkaido.jp/,http://town.takinoue.hokkaido.jp/gikai/,,,
15610,北海道,興部町,ﾎｯｶｲﾄﾞｳ,ｵｺｯﾍﾟﾁｮｳ,http://www.town.okoppe.lg.jp/cms/,http://www.town.okoppe.lg.jp/cms/section/gikai/nbm3tm0000000ndt.html,,,
15628,北海道,西興部村,ﾎｯｶｲﾄﾞｳ,ﾆｼｵｺｯﾍﾟﾑﾗ,http://www.vill.nishiokoppe.hokkaido.jp/,,,,
15636,北海道,雄武町,ﾎｯｶｲﾄﾞｳ,ｵｳﾑﾁｮｳ,http://www.town.oumu.hokkaido.jp/,http://www1.town.oumu.hokkaido.jp/dbp/phpdb.php?table=minutes&skin=folder,,,
15644,北海道,大空町,ﾎｯｶｲﾄﾞｳ,ｵｵｿﾞﾗﾁｮｳ,http://www.town.ozora.hokkaido.jp/,http://www.town.ozora.hokkaido.jp/docs/2015012200186/,,,
15717,北海道,豊浦町,ﾎｯｶｲﾄﾞｳ,ﾄﾖｳﾗﾁｮｳ,www.town.hokkaido.jp,http://houmu.h-chosonkai.gr.jp/~reikidb/top/search/t:0.64764900%201462851951,,,
15750,北海道,壮瞥町,ﾎｯｶｲﾄﾞｳ,ｿｳﾍﾞﾂﾁｮｳ,https://www.town.sobetsu.lg.jp/,https://www.town.sobetsu.lg.jp/gikai.html,,,
15784,北海道,白老町,ﾎｯｶｲﾄﾞｳ,ｼﾗｵｲﾁｮｳ,http://www.town.shiraoi.hokkaido.jp/,http://www.town.shiraoi.hokkaido.jp/gikai/kaigiroku/kaigiroku.htm,,,
15814,北海道,厚真町,ﾎｯｶｲﾄﾞｳ,ｱﾂﾏﾁｮｳ,http://www.town.atsuma.lg.jp/,http://www.town.atsuma.lg.jp/gikai/kaigiroku/kaigiroku.html,,,
15849,北海道,洞爺湖町,ﾎｯｶｲﾄﾞｳ,ﾄｳﾔｺﾁｮｳ,http://www.town.toyako.hokkaido.jp/,http://www.town.toyako.hokkaido.jp/town_administration/town_council/toc006/,,,
15857,北海道,安平町,ﾎｯｶｲﾄﾞｳ,ｱﾋﾞﾗﾁｮｳ,http://www.town.abira.lg.jp/,,,,
15865,北海道,むかわ町,ﾎｯｶｲﾄﾞｳ,ﾑｶﾜﾁｮｳ,http://www.town.mukawa.lg.jp/,http://www.town.mukawa.lg.jp/2872.htm,,,
16012,北海道,日高町,ﾎｯｶｲﾄﾞｳ,ﾋﾀﾞｶﾁｮｳ,http://www.town.hidaka.hokkaido.jp/,http://www.kaigiroku.net/kensaku/hidaka-hokkaido/hidaka.html,,,
16021,北海道,平取町,ﾎｯｶｲﾄﾞｳ,ﾋﾞﾗﾄﾘﾁｮｳ,http://www.town.biratori.hokkaido.jp/,http://www.town.biratori.hokkaido.jp/gikai/gijiroku/,,,
16047,北海道,新冠町,ﾎｯｶｲﾄﾞｳ,ﾆｲｶｯﾌﾟﾁｮｳ,http://www.niikappu.jp/,http://www.niikappu.jp/gyose/gikai/gikai_kaigiroku.html,,,
16071,北海道,浦河町,ﾎｯｶｲﾄﾞｳ,ｳﾗｶﾜﾁｮｳ,http://www.town.urakawa.hokkaido.jp/,http://www.town.urakawa.hokkaido.jp/gikai/chuukei.html,,,
16080,北海道,様似町,ﾎｯｶｲﾄﾞｳ,ｻﾏﾆﾁｮｳ,http://www.samani.jp/,,,,
16098,北海道,えりも町,ﾎｯｶｲﾄﾞｳ,ｴﾘﾓﾁｮｳ,http://www.town.erimo.lg.jp/,http://www.town.erimo.lg.jp/section/gikai/tayori.html,,,
16101,北海道,新ひだか町,ﾎｯｶｲﾄﾞｳ,ｼﾝﾋﾀﾞｶﾁｮｳ,http://www.shinhidaka-hokkaido.jp/,http://www.shinhidaka-hokkaido.jp/gikai/detail/00000185.html,,,
16314,北海道,音更町,ﾎｯｶｲﾄﾞｳ,ｵﾄﾌｹﾁｮｳ,http://www.town.otofuke.hokkaido.jp/,http://www.town.otofuke.hokkaido.jp/town/assembly/gikai-kekka/H28gikai_kekka.html,,,
16322,北海道,士幌町,ﾎｯｶｲﾄﾞｳ,ｼﾎﾛﾁｮｳ,http://www.shihoro.jp/,http://www.shihoro.jp/assembly/dff663f0/,,,
16331,北海道,上士幌町,ﾎｯｶｲﾄﾞｳ,ｶﾐｼﾎﾛﾁｮｳ,http://www.kamishihoro.jp/,http://www.kamishihoro.jp/page/00000151,,,
16349,北海道,鹿追町,ﾎｯｶｲﾄﾞｳ,ｼｶｵｲﾁｮｳ,http://www.town.shikaoi.lg.jp/,http://www.town.shikaoi.lg.jp/machizukuri/gikai/gijiroku,,,
16357,北海道,新得町,ﾎｯｶｲﾄﾞｳ,ｼﾝﾄｸﾁｮｳ,http://www.shintoku-town.jp/,http://www.shintoku-town.jp/gikai/kaigiroku/,,,
16365,北海道,清水町,ﾎｯｶｲﾄﾞｳ,ｼﾐｽﾞﾁｮｳ,http://www.town.shimizu.hokkaido.jp/,http://www.town.shimizu.hokkaido.jp/gikai/giketu_kekka/index.html,,,
16373,北海道,芽室町,ﾎｯｶｲﾄﾞｳ,ﾒﾑﾛﾁｮｳ,http://www.memuro.net/,http://www.memuro.net/gikai/gijiroku/gijiroku.htm,,,
16381,北海道,中札内村,ﾎｯｶｲﾄﾞｳ,ﾅｶｻﾂﾅｲﾑﾗ,http://www.vill.nakasatsunai.hokkaido.jp/,http://www.vill.nakasatsunai.hokkaido.jp/gyousei/gikai/kaigiroku/,,,
16390,北海道,更別村,ﾎｯｶｲﾄﾞｳ,ｻﾗﾍﾞﾂﾑﾗ,http://www.sarabetsu.jp/,http://www.sarabetsu.jp/cms/index.php?ID=142,,,
16411,北海道,大樹町,ﾎｯｶｲﾄﾞｳ,ﾀｲｷﾁｮｳ,http://www.town.taiki.hokkaido.jp/,http://www.town.taiki.hokkaido.jp/soshiki/gikai/,,,
16420,北海道,広尾町,ﾎｯｶｲﾄﾞｳ,ﾋﾛｵﾁｮｳ,http://www.town.hiroo.hokkaido.jp/,http://www.town.hiroo.hokkaido.jp/gikai/gikaikaigiroku.html,,,
16438,北海道,幕別町,ﾎｯｶｲﾄﾞｳ,ﾏｸﾍﾞﾂﾁｮｳ,http://www.town.makubetsu.lg.jp/,http://www.town.makubetsu.lg.jp/chosei/gikai/gikai_kaigiroku/index.html,,,
16446,北海道,池田町,ﾎｯｶｲﾄﾞｳ,ｲｹﾀﾞﾁｮｳ,http://www.town.hokkaido-ikeda.lg.jp/,http://www.ikedamachi.net/pages/4_kaigiroku.html,,,
16454,北海道,豊頃町,ﾎｯｶｲﾄﾞｳ,ﾄﾖｺﾛﾁｮｳ,http://www.toyokoro.jp/,http://www.toyokoro.jp/assembly/,,,
16462,北海道,本別町,ﾎｯｶｲﾄﾞｳ,ﾎﾝﾍﾞﾂﾁｮｳ,https://www.town.honbetsu.hokkaido.jp/,https://www.town.honbetsu.hokkaido.jp/diet/minutes.html,,,
16471,北海道,足寄町,ﾎｯｶｲﾄﾞｳ,ｱｼｮﾛﾁｮｳ,http://www.town.ashoro.hokkaido.jp/,http://www.town.ashoro.hokkaido.jp/gikai/kaigi.html,,,
16489,北海道,陸別町,ﾎｯｶｲﾄﾞｳ,ﾘｸﾍﾞﾂﾁｮｳ,https://www.rikubetsu.jp/,https://www.rikubetsu.jp/gikai/kaigiroku/,,,
16497,北海道,浦幌町,ﾎｯｶｲﾄﾞｳ,ｳﾗﾎﾛﾁｮｳ,https://www.urahoro.jp/,https://www.urahoro.jp/soshiki_shigoto/gikaijimukyoku/kaigiroku/,,,
16616,北海道,釧路町,ﾎｯｶｲﾄﾞｳ,ｸｼﾛﾁｮｳ,http://www.town.kushiro.lg.jp/,http://www.town.kushiro.lg.jp/gikai/gijiroku/2016.html,,,
16624,北海道,厚岸町,ﾎｯｶｲﾄﾞｳ,ｱｯｹｼﾁｮｳ,https://www.akkeshi-town.jp/,https://www.akkeshi-town.jp/chogikai/,,,
16632,北海道,浜中町,ﾎｯｶｲﾄﾞｳ,ﾊﾏﾅｶﾁｮｳ,http://www.townhamanaka.jp/,http://www.townhamanaka.jp/gikai/kaigi/,,,
16641,北海道,標茶町,ﾎｯｶｲﾄﾞｳ,ｼﾍﾞﾁｬﾁｮｳ,http://www.town.shibecha.hokkaido.jp/,http://www.shibetsutown.jp/,,,
16659,北海道,弟子屈町,ﾎｯｶｲﾄﾞｳ,ﾃｼｶｶﾞﾁｮｳ,http://www.town.teshikaga.hokkaido.jp/,http://www.town.teshikaga.hokkaido.jp/05machizukuri/45tyougikai/05dayori/index.html,,,
16675,北海道,鶴居村,ﾎｯｶｲﾄﾞｳ,ﾂﾙｲﾑﾗ,http://www.vill.tsurui.lg.jp/,http://www.vill.tsurui.lg.jp/sonsei/gikai/gikai_07.html,,,
16683,北海道,白糠町,ﾎｯｶｲﾄﾞｳ,ｼﾗﾇｶﾁｮｳ,http://www.town.shiranuka.lg.jp/,http://www.town.shiranuka.lg.jp/web/PD_Cont.nsf/0/E35D9E158F68157E49257569000F2118?OpenDocument,,,
16918,北海道,別海町,ﾎｯｶｲﾄﾞｳ,ﾍﾞﾂｶｲﾁｮｳ,http://betsukai.jp/,,,,
16926,北海道,中標津町,ﾎｯｶｲﾄﾞｳ,ﾅｶｼﾍﾞﾂﾁｮｳ,https://www.nakashibetsu.jp/,https://www.nakashibetsu.jp/gikai/back/,,,
16934,北海道,標津町,ﾎｯｶｲﾄﾞｳ,ｼﾍﾞﾂﾁｮｳ,http://www.shibetsutown.jp/,,,,
16942,北海道,羅臼町,ﾎｯｶｲﾄﾞｳ,ﾗｳｽﾁｮｳ,http://www.rausu-town.jp/,http://www.rausu-town.jp/machi/04/post-89.php,,,
20001,青森県,,ｱｵﾓﾘｹﾝ,,http://www.pref.aomori.lg.jp/,http://asp.db-search.com/aomori/,,,
22012,青森県,青森市,ｱｵﾓﾘｹﾝ,ｱｵﾓﾘｼ,http://www.city.aomori.aomori.jp/,http://asp.db-search.com/aomori-c/,,,
22021,青森県,弘前市,ｱｵﾓﾘｹﾝ,ﾋﾛｻｷｼ,http://www.city.hirosaki.aomori.jp/,http://www.kensakusystem.jp/hirosaki/index.html,,,
22039,青森県,八戸市,ｱｵﾓﾘｹﾝ,ﾊﾁﾉﾍｼ,http://www.city.hachinohe.aomori.jp/,http://www2.city.hachinohe.aomori.jp/kaigiroku/index2.html,,,
22047,青森県,黒石市,ｱｵﾓﾘｹﾝ,ｸﾛｲｼｼ,http://www.city.kuroishi.aomori.jp/,http://www.city.kuroishi.aomori.jp/City_Assembly/CA_Menu.html,,,
22055,青森県,五所川原市,ｱｵﾓﾘｹﾝ,ｺﾞｼｮｶﾞﾜﾗｼ,http://www.city.goshogawara.lg.jp/,http://www.city.goshogawara.lg.jp/gikai/7-1kaigiroku.html,,,
22063,青森県,十和田市,ｱｵﾓﾘｹﾝ,ﾄﾜﾀﾞｼ,http://www.city.towada.lg.jp/,http://www.city.towada.lg.jp/bunya/gikaikensaku/,,,
22071,青森県,三沢市,ｱｵﾓﾘｹﾝ,ﾐｻﾜｼ,https://www.city.misawa.lg.jp/,"https://www.city.misawa.lg.jp/index.cfm/24,0,118,420,html",,,
22080,青森県,むつ市,ｱｵﾓﾘｹﾝ,ﾑﾂｼ,http://www.city.mutsu.lg.jp/,"http://www.city.mutsu.lg.jp/index.cfm/40,26796,97,304,html",,,
22098,青森県,つがる市,ｱｵﾓﾘｹﾝ,ﾂｶﾞﾙｼ,http://www.city.tsugaru.aomori.jp/,http://www.city.tsugaru.aomori.jp/gikai/kaigiroku/index.html,,,
22101,青森県,平川市,ｱｵﾓﾘｹﾝ,ﾋﾗｶﾜｼ,http://www.city.hirakawa.lg.jp/,http://www.city.hirakawa.lg.jp/docs/2012042500019/,,,
23019,青森県,平内町,ｱｵﾓﾘｹﾝ,ﾋﾗﾅｲﾏﾁ,http://www.town.hiranai.aomori.jp/,,,,
23035,青森県,今別町,ｱｵﾓﾘｹﾝ,ｲﾏﾍﾞﾂﾏﾁ,http://www.town.imabetsu.lg.jp/top.php,,,,
23043,青森県,蓬田村,ｱｵﾓﾘｹﾝ,ﾖﾓｷﾞﾀﾑﾗ,http://www.vill.yomogita.lg.jp/,http://www.vill.yomogita.lg.jp/sonsei/sonsei_8_3.html,,,
23078,青森県,外ヶ浜町,ｱｵﾓﾘｹﾝ,ｿﾄｶﾞﾊﾏﾏﾁ,http://www.town.sotogahama.lg.jp/,,,,
23213,青森県,鰺ヶ沢町,ｱｵﾓﾘｹﾝ,ｱｼﾞｶﾞｻﾜﾏﾁ,http://www.town.ajigasawa.lg.jp/,http://www.town.ajigasawa.lg.jp/?page_id=5884,,,
23230,青森県,深浦町,ｱｵﾓﾘｹﾝ,ﾌｶｳﾗﾏﾁ,http://www.town.fukaura.lg.jp/,http://www.town.fukaura.lg.jp/divGikaihp/1026.html,,,
23434,青森県,西目屋村,ｱｵﾓﾘｹﾝ,ﾆｼﾒﾔﾑﾗ,http://www.nishimeya.jp/,,,,
23612,青森県,藤崎町,ｱｵﾓﾘｹﾝ,ﾌｼﾞｻｷﾏﾁ,http://www.town.fujisaki.lg.jp/,"http://www.town.fujisaki.lg.jp/index.cfm/9,0,52,221,html",,,
23621,青森県,大鰐町,ｱｵﾓﾘｹﾝ,ｵｵﾜﾆﾏﾁ,http://www.town.owani.lg.jp/,"http://www.town.owani.lg.jp/index.cfm/9,0,46,160,html",,,
23671,青森県,田舎館村,ｱｵﾓﾘｹﾝ,ｲﾅｶﾀﾞﾃﾑﾗ,http://www.vill.inakadate.lg.jp/,,,,
23817,青森県,板柳町,ｱｵﾓﾘｹﾝ,ｲﾀﾔﾅｷﾞﾏﾁ,http://www.town.itayanagi.aomori.jp/,http://www.town.itayanagi.aomori.jp/gikai/teireikai_rinnjikai.html,,,
23841,青森県,鶴田町,ｱｵﾓﾘｹﾝ,ﾂﾙﾀﾏﾁ,http://www.town.tsuruta.aomori.jp/,,,,
23876,青森県,中泊町,ｱｵﾓﾘｹﾝ,ﾅｶﾄﾞﾏﾘﾏﾁ,http://www.town.nakadomari.lg.jp/index.cfm,"http://www.town.nakadomari.lg.jp/index.cfm/8,0,20,53,html",,,
24015,青森県,野辺地町,ｱｵﾓﾘｹﾝ,ﾉﾍｼﾞﾏﾁ,http://www.town.noheji.aomori.jp/,http://www.town.noheji.aomori.jp/category/566/566.html?section=15,,,
24023,青森県,七戸町,ｱｵﾓﾘｹﾝ,ｼﾁﾉﾍﾏﾁ,http://www.town.shichinohe.lg.jp/,http://www.town.shichinohe.lg.jp/gyosei/gikai/gikai/,,,
24058,青森県,六戸町,ｱｵﾓﾘｹﾝ,ﾛｸﾉﾍﾏﾁ,http://www.town.rokunohe.aomori.jp/,http://www.town.rokunohe.aomori.jp/chousei_cyougikai_kaigiroku.html,,,
24066,青森県,横浜町,ｱｵﾓﾘｹﾝ,ﾖｺﾊﾏﾏﾁ,http://www.town.yokohama.lg.jp/,"http://www.town.yokohama.lg.jp/index.cfm/10,0,30,html",,,
24082,青森県,東北町,ｱｵﾓﾘｹﾝ,ﾄｳﾎｸﾏﾁ,http://www.town.tohoku.lg.jp/,,,,
24112,青森県,六ヶ所村,ｱｵﾓﾘｹﾝ,ﾛｯｶｼｮﾑﾗ,http://www.rokkasho.jp/,http://www.db-search.com/rokkasho-v/index.php/,,,
24121,青森県,おいらせ町,ｱｵﾓﾘｹﾝ,ｵｲﾗｾﾁｮｳ,http://www.town.oirase.aomori.jp/,http://www.town.oirase.aomori.jp/site/gikai/list19-60.html,,,
24236,青森県,大間町,ｱｵﾓﾘｹﾝ,ｵｵﾏﾏﾁ,http://www.town.ooma.lg.jp/,"http://www.town.ooma.lg.jp/docs/bulletin/162/37,38,162.php",,,
24244,青森県,東通村,ｱｵﾓﾘｹﾝ,ﾋｶﾞｼﾄﾞｵﾘﾑﾗ,http://www.vill.higashidoori.lg.jp/,,,,
24252,青森県,風間浦村,ｱｵﾓﾘｹﾝ,ｶｻﾞﾏｳﾗﾑﾗ,http://www.kazamaura.jp/,http://www.kazamaura.jp/assembly/announcing.html,,,
24261,青森県,佐井村,ｱｵﾓﾘｹﾝ,ｻｲﾑﾗ,http://www.sai.e-shimokita.jp/,http://www.sai.e-shimokita.jp/gikai/gikai_b01.html,,,
24414,青森県,三戸町,ｱｵﾓﾘｹﾝ,ｻﾝﾉﾍﾏﾁ,http://town.iwate.iwate.jp/,http://www.town.sannohe.aomori.jp/gikai/gikai-top.htm,,,
24422,青森県,五戸町,ｱｵﾓﾘｹﾝ,ｺﾞﾉﾍﾏﾁ,http://www.town.gonohe.aomori.jp/,http://www.town.gonohe.aomori.jp/chosei/gikai/gikai_kaigiroku.html,,,
24431,青森県,田子町,ｱｵﾓﾘｹﾝ,ﾀｯｺﾏﾁ,http://www.town.takko.aomori.jp/,"http://www.town.takko.aomori.jp/index.cfm/13,0,45,190,html",,,
24457,青森県,南部町,ｱｵﾓﾘｹﾝ,ﾅﾝﾌﾞﾁｮｳ,http://www.town.aomori-nanbu.lg.jp/,"http://www.town.aomori-nanbu.lg.jp/index.cfm/12,0,56,227,html",,,
24465,青森県,階上町,ｱｵﾓﾘｹﾝ,ﾊｼｶﾐﾁｮｳ,http://www.town.hashikami.lg.jp/,,,,
24503,青森県,新郷村,ｱｵﾓﾘｹﾝ,ｼﾝｺﾞｳﾑﾗ,http://www.vill.shingo.aomori.jp/,,,,
30007,岩手県,,ｲﾜﾃｹﾝ,,http://www.pref.iwate.jp/,http://www3.pref.iwate.jp/gikai/user/www/index.php,,,
32018,岩手県,盛岡市,ｲﾜﾃｹﾝ,ﾓﾘｵｶｼ,http://www.city.morioka.iwate.jp/,http://www.kaigiroku.net/kensaku/morioka/morioka.html,,,
32026,岩手県,宮古市,ｲﾜﾃｹﾝ,ﾐﾔｺｼ,http://www.city.miyako.iwate.jp/,http://www.city.miyako.iwate.jp/index/gikai/kaigiroku.html,,,
32034,岩手県,大船渡市,ｲﾜﾃｹﾝ,ｵｵﾌﾅﾄｼ,http://www.city.ofunato.iwate.jp/www/toppage/0000000000000/APM03000.html,http://www.kaigiroku.net/kensaku/ofunato/ofunato.html,,,
32051,岩手県,花巻市,ｲﾜﾃｹﾝ,ﾊﾅﾏｷｼ,https://www.city.hanamaki.iwate.jp/,http://www.kaigiroku.net/kensaku/hanamaki/hanamaki.html,,,
32069,岩手県,北上市,ｲﾜﾃｹﾝ,ｷﾀｶﾐｼ,http://www.city.kitakami.iwate.jp/,http://www.kaigiroku.net/kensaku/kitakami/kitakami.html,,,
32077,岩手県,久慈市,ｲﾜﾃｹﾝ,ｸｼﾞｼ,http://www.city.kuji.iwate.jp/,http://www.city.kuji.iwate.jp/gikai/gizi/giji/index.html,,,
32085,岩手県,遠野市,ｲﾜﾃｹﾝ,ﾄｵﾉｼ,http://www.city.tono.iwate.jp/,"http://www.city.tono.iwate.jp/index.cfm/39,0,210,html",,,
32093,岩手県,一関市,ｲﾜﾃｹﾝ,ｲﾁﾉｾｷｼ,http://www.city.ichinoseki.iwate.jp/,http://www.kensakusystem.jp/ichinoseki/,,,
32107,岩手県,陸前高田市,ｲﾜﾃｹﾝ,ﾘｸｾﾞﾝﾀｶﾀｼ,http://www.city.rikuzentakata.iwate.jp/,http://www.kaigiroku.net/kensaku/rikuzentakata/rikuzentakata.html,,,
32115,岩手県,釜石市,ｲﾜﾃｹﾝ,ｶﾏｲｼｼ,http://www.city.kamaishi.iwate.jp/,http://www.kaigiroku.net/kensaku/kamaishi/kamaishi.html,,,
32131,岩手県,二戸市,ｲﾜﾃｹﾝ,ﾆﾉﾍｼ,http://www.city.ninohe.lg.jp/forms/top/top.aspx,https://www.city.ninohe.lg.jp/forms/info/info.aspx?info_id=23,,,
32140,岩手県,八幡平市,ｲﾜﾃｹﾝ,ﾊﾁﾏﾝﾀｲｼ,http://www.city.hachimantai.lg.jp/,http://www.city.hachimantai.lg.jp/cat66/post_701.php,,,
32158,岩手県,奥州市,ｲﾜﾃｹﾝ,ｵｳｼｭｳｼ,http://www.city.oshu.iwate.jp/,http://www.kaigiroku.net/kensaku/oshu/oshu.html,,,
32166,岩手県,滝沢市,ｲﾜﾃｹﾝ,ﾀｷｻﾞﾜｼ,http://www.city.takizawa.iwate.jp/,http://www.kaigiroku.net/kensaku/takizawa/takizawa.html,,,
33014,岩手県,雫石町,ｲﾜﾃｹﾝ,ｼｽﾞｸｲｼﾁｮｳ,http://www.town.shizukuishi.iwate.jp/,http://www.town.shizukuishi.iwate.jp/docs/2015012700037/,,,
33022,岩手県,葛巻町,ｲﾜﾃｹﾝ,ｸｽﾞﾏｷﾏﾁ,http://www.town.kuzumaki.iwate.jp/,http://www.town.kuzumaki.iwate.jp/docs/2015112600138/,,,
33031,岩手県,岩手町,ｲﾜﾃｹﾝ,ｲﾜﾃﾏﾁ,http://town.iwate.iwate.jp/,http://town.iwate.iwate.jp/gikai/minutes/minutes/,,,
33219,岩手県,紫波町,ｲﾜﾃｹﾝ,ｼﾜﾁｮｳ,http://www.town.shiwa.iwate.jp/,http://www.kaigiroku.net/kensaku/shiwa/shiwa.html,,,
33227,岩手県,矢巾町,ｲﾜﾃｹﾝ,ﾔﾊﾊﾞﾁｮｳ,http://www.town.yahaba.iwate.jp/,http://www.town.yahaba.iwate.jp/field_information/gyousei/gyousei-5_1.html,,,
33669,岩手県,西和賀町,ｲﾜﾃｹﾝ,ﾆｼﾜｶﾞﾏﾁ,http://www.town.nishiwaga.lg.jp/,"http://www.town.nishiwaga.lg.jp/index.cfm/19,0,92,html",,,
33812,岩手県,金ケ崎町,ｲﾜﾃｹﾝ,ｶﾈｶﾞｻｷﾁｮｳ,http://www.town.kanegasaki.iwate.jp/,http://www.kaigiroku.net/kensaku/kanegasaki/kanegasaki.html,,,
34029,岩手県,平泉町,ｲﾜﾃｹﾝ,ﾋﾗｲｽﾞﾐﾁｮｳ,http://www.town.hiraizumi.iwate.jp/site/,http://www.town.hiraizumi.iwate.jp/site/entry/cat259/cat263/cat273/cat523/post_705.php,,,
34410,岩手県,住田町,ｲﾜﾃｹﾝ,ｽﾐﾀﾁｮｳ,http://www.town.sumita.iwate.jp/,http://www.town.sumita.iwate.jp/bunya/gikaikekka/,,,
34614,岩手県,大槌町,ｲﾜﾃｹﾝ,ｵｵﾂﾁﾁｮｳ,http://www.town.otsuchi.iwate.jp/,http://www.town.otsuchi.iwate.jp/gyosei/soshiki/gikai/,,,
34827,岩手県,山田町,ｲﾜﾃｹﾝ,ﾔﾏﾀﾞﾏﾁ,http://www.town.yamada.iwate.jp/,http://www.town.yamada.iwate.jp/12_gikai/kaigiroku.html,,,
34835,岩手県,岩泉町,ｲﾜﾃｹﾝ,ｲﾜｲｽﾞﾐﾁｮｳ,https://www.town.iwaizumi.iwate.jp/,http://www.town.iwaizumi.iwate.jp/docs/2016050600013/,,,
34843,岩手県,田野畑村,ｲﾜﾃｹﾝ,ﾀﾉﾊﾀﾑﾗ,https://www.vill.tanohata.iwate.jp/,,,,
34851,岩手県,普代村,ｲﾜﾃｹﾝ,ﾌﾀﾞｲﾑﾗ,http://www.vill.fudai.iwate.jp/,,,,
35017,岩手県,軽米町,ｲﾜﾃｹﾝ,ｶﾙﾏｲﾏﾁ,http://www.town.karumai.iwate.jp/,,,,
35033,岩手県,野田村,ｲﾜﾃｹﾝ,ﾉﾀﾞﾑﾗ,http://www.vill.noda.iwate.jp/,http://www.vill.noda.iwate.jp/gikaidayori/218.html,,,
35068,岩手県,九戸村,ｲﾜﾃｹﾝ,ｸﾉﾍﾑﾗ,http://www.vill.kunohe.iwate.jp/,,,,
35076,岩手県,洋野町,ｲﾜﾃｹﾝ,ﾋﾛﾉﾁｮｳ,http://www.town.hirono.iwate.jp/,http://www.town.hirono.iwate.jp/zokusei/paper/,,,
35246,岩手県,一戸町,ｲﾜﾃｹﾝ,ｲﾁﾉﾍﾏﾁ,http://www.town.ichinohe.iwate.jp/,http://www.town.ichinohe.iwate.jp/04_right/03_gikai/#tayori,,,
40002,宮城県,,ﾐﾔｷﾞｹﾝ,,http://www.pref.miyagi.jp/,http://www.kaigiroku.net/kensaku/pref_miyagi/pref_miyagi.html,,,
41009,宮城県,仙台市,ﾐﾔｷﾞｹﾝ,ｾﾝﾀﾞｲｼ,http://www.city.sendai.jp/index.html,http://asp.db-search.com/sendai-c/dsweb.cgi/,,,
42021,宮城県,石巻市,ﾐﾔｷﾞｹﾝ,ｲｼﾉﾏｷｼ,http://www.city.ishinomaki.lg.jp/,http://www.kaigiroku.net/kensaku/ishinomaki/ishinomaki.html,,,
42030,宮城県,塩竈市,ﾐﾔｷﾞｹﾝ,ｼｵｶﾞﾏｼ,http://www.city.shiogama.miyagi.jp/,http://www.city.shiogama.miyagi.jp/gikai/shise/shiogamashi/joho/kaigiroku.html,,,
42056,宮城県,気仙沼市,ﾐﾔｷﾞｹﾝ,ｹｾﾝﾇﾏｼ,http://www.city.kesennuma.lg.jp/www/toppage/0000000000000/APM03000.html,http://www.db-search.com/kesennuma-c/index.php/,,,
42064,宮城県,白石市,ﾐﾔｷﾞｹﾝ,ｼﾛｲｼｼ,http://www.city.shiroishi.miyagi.jp/,http://asp.db-search.com/shiroishi-c/dsweb.cgi/,,,
42072,宮城県,名取市,ﾐﾔｷﾞｹﾝ,ﾅﾄﾘｼ,http://www.city.natori.miyagi.jp/,http://asp.db-search.com/natori-c/dsweb.cgi/,,,
42081,宮城県,角田市,ﾐﾔｷﾞｹﾝ,ｶｸﾀﾞｼ,http://www.city.kakuda.miyagi.jp/,http://www.db-search.com/kakuda-c/index.php/,,,
42099,宮城県,多賀城市,ﾐﾔｷﾞｹﾝ,ﾀｶﾞｼﾞｮｳｼ,http://www.city.tagajo.miyagi.jp/index.html,http://www.city.tagajo.miyagi.jp/gikai/shise/shigikai/terekai/kaigiroku/index.html,,,
42111,宮城県,岩沼市,ﾐﾔｷﾞｹﾝ,ｲﾜﾇﾏｼ,http://www.city.iwanuma.miyagi.jp/,http://asp.db-search.com/iwanuma-c/dsweb.cgi/,,,
42129,宮城県,登米市,ﾐﾔｷﾞｹﾝ,ﾄﾒｼ,http://www.city.tome.miyagi.jp/,http://tome-city.gikai-search.com/,,,
42137,宮城県,栗原市,ﾐﾔｷﾞｹﾝ,ｸﾘﾊﾗｼ,http://www.kuriharacity.jp/,http://www.db-search.com/kurihara-c/index.php/,,,
42145,宮城県,東松島市,ﾐﾔｷﾞｹﾝ,ﾋｶﾞｼﾏﾂｼﾏｼ,http://www.city.higashimatsushima.miyagi.jp/,http://www.city.higashimatsushima.miyagi.jp/gikai/kaigiroku/kaigiroku.htm,,,
42153,宮城県,大崎市,ﾐﾔｷﾞｹﾝ,ｵｵｻｷｼ,http://www.city.osaki.miyagi.jp/,http://www.kaigiroku.net/kensaku/oosaki/oosaki.html,,,
43010,宮城県,蔵王町,ﾐﾔｷﾞｹﾝ,ｻﾞｵｳﾏﾁ,http://www.town.zao.miyagi.jp/,,,,
43028,宮城県,七ヶ宿町,ﾐﾔｷﾞｹﾝ,ｼﾁｶｼｭｸﾏﾁ,http://www.town.shichikashuku.miyagi.jp/,,,,
43214,宮城県,大河原町,ﾐﾔｷﾞｹﾝ,ｵｵｶﾞﾜﾗﾏﾁ,http://www.town.ogawara.miyagi.jp/,,,,
43222,宮城県,村田町,ﾐﾔｷﾞｹﾝ,ﾑﾗﾀﾏﾁ,http://www.town.murata.miyagi.jp/,,,,
43231,宮城県,柴田町,ﾐﾔｷﾞｹﾝ,ｼﾊﾞﾀﾏﾁ,http://www.town.shibata.miyagi.jp/,,,,
43249,宮城県,川崎町,ﾐﾔｷﾞｹﾝ,ｶﾜｻｷﾏﾁ,http://www.town.kawasaki.miyagi.jp/,,,,
43419,宮城県,丸森町,ﾐﾔｷﾞｹﾝ,ﾏﾙﾓﾘﾏﾁ,http://www.town.marumori.miyagi.jp/,http://www.town.marumori.miyagi.jp/gikai/,,,
43613,宮城県,亘理町,ﾐﾔｷﾞｹﾝ,ﾜﾀﾘﾁｮｳ,http://www.town.watari.miyagi.jp/,,,,
43621,宮城県,山元町,ﾐﾔｷﾞｹﾝ,ﾔﾏﾓﾄﾁｮｳ,http://www.town.yamamoto.miyagi.jp/,,,,
44016,宮城県,松島町,ﾐﾔｷﾞｹﾝ,ﾏﾂｼﾏﾏﾁ,http://www.town.matsushima.miyagi.jp/,,,,
44041,宮城県,七ヶ浜町,ﾐﾔｷﾞｹﾝ,ｼﾁｶﾞﾊﾏﾏﾁ,http://www.shichigahama.com/,,,,
44067,宮城県,利府町,ﾐﾔｷﾞｹﾝ,ﾘﾌﾁｮｳ,http://www.town.rifu.miyagi.jp/www/toppage/0000000000000/APM03000.html,,,,
44211,宮城県,大和町,ﾐﾔｷﾞｹﾝ,ﾀｲﾜﾁｮｳ,http://www.town.taiwa.miyagi.jp/,,,,
44229,宮城県,大郷町,ﾐﾔｷﾞｹﾝ,ｵｵｻﾄﾁｮｳ,http://www.town.miyagi-osato.lg.jp/,,,,
44237,宮城県,富谷町,ﾐﾔｷﾞｹﾝ,ﾄﾐﾔﾏﾁ,http://www.town.tomiya.miyagi.jp/,,,,
44245,宮城県,大衡村,ﾐﾔｷﾞｹﾝ,ｵｵﾋﾗﾑﾗ,http://www.village.ohira.miyagi.jp/,,,,
44440,宮城県,色麻町,ﾐﾔｷﾞｹﾝ,ｼｶﾏﾁｮｳ,http://www.town.shikama.miyagi.jp/,,,,
44458,宮城県,加美町,ﾐﾔｷﾞｹﾝ,ｶﾐﾏﾁ,http://www.town.kami.miyagi.jp/,,,,
45012,宮城県,涌谷町,ﾐﾔｷﾞｹﾝ,ﾜｸﾔﾁｮｳ,http://www.town.wakuya.miyagi.jp/,,,,
45055,宮城県,美里町,ﾐﾔｷﾞｹﾝ,ﾐｻﾄﾏﾁ,http://www.town.misato.miyagi.jp/,,,,
45811,宮城県,女川町,ﾐﾔｷﾞｹﾝ,ｵﾅｶﾞﾜﾁｮｳ,http://www.town.onagawa.miyagi.jp/,,,,
46060,宮城県,南三陸町,ﾐﾔｷﾞｹﾝ,ﾐﾅﾐｻﾝﾘｸﾁｮｳ,http://www.town.minamisanriku.miyagi.jp/,,,,
50008,秋田県,,ｱｷﾀｹﾝ,,http://www.pref.akita.lg.jp/,http://gikai.pref.akita.lg.jp/index2.phtml,,,
52019,秋田県,秋田市,ｱｷﾀｹﾝ,ｱｷﾀｼ,http://www.city.akita.akita.jp/,http://gikai.city.akita.akita.jp/kaigiroku/index.phtml,,,
52027,秋田県,能代市,ｱｷﾀｹﾝ,ﾉｼﾛｼ,http://www.city.noshiro.akita.jp/,http://www.city.noshiro.akita.jp/g.html?seq=621,,,
52035,秋田県,横手市,ｱｷﾀｹﾝ,ﾖｺﾃｼ,http://www.city.yokote.lg.jp/,http://www.city.yokote.lg.jp/gikai/cat100399.html,,,
52043,秋田県,大館市,ｱｷﾀｹﾝ,ｵｵﾀﾞﾃｼ,http://www.city.odate.akita.jp/,http://www.city.odate.akita.jp/dcity/sitemanager.nsf/doc/24BA645804D4DCB64925718B001922EE.html,,,
52060,秋田県,男鹿市,ｱｷﾀｹﾝ,ｵｶﾞｼ,http://www.city.oga.akita.jp/,http://www.kaigiroku.net/kensaku/oga/oga.html,,,
52078,秋田県,湯沢市,ｱｷﾀｹﾝ,ﾕｻﾞﾜｼ,http://www.city-yuzawa.jp/,http://www.city-yuzawa.jp/gikai/868.html,,,
52094,秋田県,鹿角市,ｱｷﾀｹﾝ,ｶﾂﾞﾉｼ,http://www.city.kazuno.akita.jp/,http://www.kensakusystem.jp/kazuno/index.html,,,
52108,秋田県,由利本荘市,ｱｷﾀｹﾝ,ﾕﾘﾎﾝｼﾞｮｳｼ,http://www.city.yurihonjo.akita.jp/www/toppage/0000000000000/APM03000.html,http://www.kaigiroku.net/kensaku/yurihonjo/yurihonjo.html,,,
52116,秋田県,潟上市,ｱｷﾀｹﾝ,ｶﾀｶﾞﾐｼ,http://www.city.katagami.akita.jp/,"http://www.city.katagami.lg.jp/index.cfm/9,7481,44,204,html",,,
52124,秋田県,大仙市,ｱｷﾀｹﾝ,ﾀﾞｲｾﾝｼ,http://www.city.daisen.akita.jp/index.html,http://www.city.daisen.akita.jp/docs/council/2013102100040/,,,
52132,秋田県,北秋田市,ｱｷﾀｹﾝ,ｷﾀｱｷﾀｼ,http://www.city.kitaakita.akita.jp/,http://www.kaigiroku.net/kensaku/kitaakita/kitaakita.html,,,
52141,秋田県,にかほ市,ｱｷﾀｹﾝ,ﾆｶﾎｼ,http://www.city.nikaho.akita.jp/,http://www.city.nikaho.akita.jp/administration/index.html?category_id=7,,,
52159,秋田県,仙北市,ｱｷﾀｹﾝ,ｾﾝﾎﾞｸｼ,http://www.city.semboku.akita.jp/,http://www.kaigiroku.net/kensaku/semboku/semboku.html,,,
53031,秋田県,小坂町,ｱｷﾀｹﾝ,ｺｻｶﾏﾁ,http://www.town.kosaka.akita.jp/,,,,
53279,秋田県,上小阿仁村,ｱｷﾀｹﾝ,ｶﾐｺｱﾆﾑﾗ,http://www.vill.kamikoani.akita.jp/forms/top/top.aspx,,,,
53465,秋田県,藤里町,ｱｷﾀｹﾝ,ﾌｼﾞｻﾄﾏﾁ,http://www.town.fujisato.akita.jp/,,,,
53481,秋田県,三種町,ｱｷﾀｹﾝ,ﾐﾀﾈﾁｮｳ,http://www.town.mitane.akita.jp/,,,,
53490,秋田県,八峰町,ｱｷﾀｹﾝ,ﾊｯﾎﾟｳﾁｮｳ,http://www.town.happou.akita.jp/,,,,
53619,秋田県,五城目町,ｱｷﾀｹﾝ,ｺﾞｼﾞｮｳﾒﾏﾁ,http://www.town.gojome.akita.jp/,,,,
53635,秋田県,八郎潟町,ｱｷﾀｹﾝ,ﾊﾁﾛｳｶﾞﾀﾏﾁ,http://www.town.hachirogata.akita.jp/,,,,
53660,秋田県,井川町,ｱｷﾀｹﾝ,ｲｶﾜﾏﾁ,http://www.town.ikawa.akita.jp/,,,,
53686,秋田県,大潟村,ｱｷﾀｹﾝ,ｵｵｶﾞﾀﾑﾗ,http://www.ogata.or.jp/,,,,
54348,秋田県,美郷町,ｱｷﾀｹﾝ,ﾐｻﾄﾁｮｳ,http://www.town.misato.akita.jp/,,,,
54631,秋田県,羽後町,ｱｷﾀｹﾝ,ｳｺﾞﾏﾁ,http://www.town.ugo.lg.jp/,,,,
54640,秋田県,東成瀬村,ｱｷﾀｹﾝ,ﾋｶﾞｼﾅﾙｾﾑﾗ,http://www.higashinaruse.com/,,,,
60003,山形県,,ﾔﾏｶﾞﾀｹﾝ,,http://www.pref.yamagata.jp/,http://www.kensakusystem.jp/yamagata-c/sapphire.html,,,
62014,山形県,山形市,ﾔﾏｶﾞﾀｹﾝ,ﾔﾏｶﾞﾀｼ,http://www.city.yamagata-yamagata.lg.jp/,http://www.kensakusystem.jp/yamagata-c/sapphire.html,,,
62022,山形県,米沢市,ﾔﾏｶﾞﾀｹﾝ,ﾖﾈｻﾞﾜｼ,http://www.city.yonezawa.yamagata.jp/,http://www.city.yonezawa.yamagata.jp/2685.htm,,,
62031,山形県,鶴岡市,ﾔﾏｶﾞﾀｹﾝ,ﾂﾙｵｶｼ,http://www.city.tsuruoka.lg.jp/,http://www.kaigiroku.net/kensaku/tsuruoka/tsuruoka.html,,,
62049,山形県,酒田市,ﾔﾏｶﾞﾀｹﾝ,ｻｶﾀｼ,http://www.city.sakata.lg.jp/,http://gikai.city.sakata.lg.jp/discuss/default.htm,,,
62057,山形県,新庄市,ﾔﾏｶﾞﾀｹﾝ,ｼﾝｼﾞｮｳｼ,http://www.city.shinjo.yamagata.jp/,https://city.shinjo.yamagata.jp/060/040/index.html,,,
62065,山形県,寒河江市,ﾔﾏｶﾞﾀｹﾝ,ｻｶﾞｴｼ,http://www.city.sagae.yamagata.jp/,http://www.city.sagae.yamagata.jp/shigikai/gijiroku/search.html,,,
62073,山形県,上山市,ﾔﾏｶﾞﾀｹﾝ,ｶﾐﾉﾔﾏｼ,http://www.city.kaminoyama.yamagata.jp/,http://www.city.kaminoyama.yamagata.jp/site/gikai/kaigiroku.html,,,
62081,山形県,村山市,ﾔﾏｶﾞﾀｹﾝ,ﾑﾗﾔﾏｼ,http://www.city.murayama.lg.jp/,http://www.kaigiroku.net/kensaku/murayama/murayama.html,,,
62090,山形県,長井市,ﾔﾏｶﾞﾀｹﾝ,ﾅｶﾞｲｼ,http://www.city.nagai.yamagata.jp/,http://www.city.nagai.yamagata.jp/kaigiroku/index.html,,,
62103,山形県,天童市,ﾔﾏｶﾞﾀｹﾝ,ﾃﾝﾄﾞｳｼ,http://www.city.tendo.yamagata.jp/,http://www.kaigiroku.net/kensaku/tendo/tendo.html,,,
62111,山形県,東根市,ﾔﾏｶﾞﾀｹﾝ,ﾋｶﾞｼﾈｼ,http://www.city.higashine.yamagata.jp/,http://city.higashine.netj.jp/cgi-bin/kaigiroku/msearch.cgi,,,
62120,山形県,尾花沢市,ﾔﾏｶﾞﾀｹﾝ,ｵﾊﾞﾅｻﾞﾜｼ,http://www.city.obanazawa.yamagata.jp/,http://www.city.obanazawa.yamagata.jp/241.html,,,
62138,山形県,南陽市,ﾔﾏｶﾞﾀｹﾝ,ﾅﾝﾖｳｼ,http://www.city.nanyo.yamagata.jp/,http://www.city.nanyo.yamagata.jp/gikaikaigiroku/index.html,,,
63011,山形県,山辺町,ﾔﾏｶﾞﾀｹﾝ,ﾔﾏﾉﾍﾞﾏﾁ,http://www.town.yamanobe.yamagata.jp/,,,,
63029,山形県,中山町,ﾔﾏｶﾞﾀｹﾝ,ﾅｶﾔﾏﾏﾁ,http://www.town.nakayama.yamagata.jp/,,,,
63215,山形県,河北町,ﾔﾏｶﾞﾀｹﾝ,ｶﾎｸﾁｮｳ,http://www.town.kahoku.yamagata.jp/,http://www.town.kahoku.yamagata.jp/1894.html,,,
63223,山形県,西川町,ﾔﾏｶﾞﾀｹﾝ,ﾆｼｶﾜﾏﾁ,http://www.town.nishikawa.yamagata.jp/,,,,
63231,山形県,朝日町,ﾔﾏｶﾞﾀｹﾝ,ｱｻﾋﾏﾁ,http://www.town.asahi.yamagata.jp/,,,,
63240,山形県,大江町,ﾔﾏｶﾞﾀｹﾝ,ｵｵｴﾏﾁ,http://www.town.oe.yamagata.jp/,,,,
63410,山形県,大石田町,ﾔﾏｶﾞﾀｹﾝ,ｵｵｲｼﾀﾞﾏﾁ,http://www.town.oishida.yamagata.jp/,,,,
63614,山形県,金山町,ﾔﾏｶﾞﾀｹﾝ,ｶﾈﾔﾏﾏﾁ,http://www.town.kaneyama.yamagata.jp/,,,,
63622,山形県,最上町,ﾔﾏｶﾞﾀｹﾝ,ﾓｶﾞﾐﾏﾁ,http://mogami.tv/,,,,
63631,山形県,舟形町,ﾔﾏｶﾞﾀｹﾝ,ﾌﾅｶﾞﾀﾏﾁ,http://www.town.funagata.yamagata.jp/,http://www.town.funagata.yamagata.jp/bunya/chougikai/,,,
63649,山形県,真室川町,ﾔﾏｶﾞﾀｹﾝ,ﾏﾑﾛｶﾞﾜﾏﾁ,http://www.yume-net.org/,http://www.yume-net.org/bunya/gikai-giziroku/,,,
63657,山形県,大蔵村,ﾔﾏｶﾞﾀｹﾝ,ｵｵｸﾗﾑﾗ,http://www.vill.ohkura.yamagata.jp/,,,,
63665,山形県,鮭川村,ﾔﾏｶﾞﾀｹﾝ,ｻｹｶﾞﾜﾑﾗ,http://www.vill.sakegawa.yamagata.jp/,,,,
63673,山形県,戸沢村,ﾔﾏｶﾞﾀｹﾝ,ﾄｻﾞﾜﾑﾗ,http://www.vill.tozawa.yamagata.jp/,,,,
63819,山形県,高畠町,ﾔﾏｶﾞﾀｹﾝ,ﾀｶﾊﾀﾏﾁ,http://www.town.takahata.yamagata.jp/,http://www.db-search.com/takahata-t/index.php/,,,
63827,山形県,川西町,ﾔﾏｶﾞﾀｹﾝ,ｶﾜﾆｼﾏﾁ,http://www.town.kawanishi.yamagata.jp/,,,,
64017,山形県,小国町,ﾔﾏｶﾞﾀｹﾝ,ｵｸﾞﾆﾏﾁ,http://www.town.oguni.yamagata.jp/,http://www.db-search.com/oguni-t/index.php/,,,
64025,山形県,白鷹町,ﾔﾏｶﾞﾀｹﾝ,ｼﾗﾀｶﾏﾁ,http://www.town.shirataka.lg.jp/,,,,
64033,山形県,飯豊町,ﾔﾏｶﾞﾀｹﾝ,ｲｲﾃﾞﾏﾁ,http://www.town.iide.yamagata.jp/,,,,
64262,山形県,三川町,ﾔﾏｶﾞﾀｹﾝ,ﾐｶﾜﾏﾁ,http://www.town.mikawa.yamagata.jp/,http://www.town.mikawa.yamagata.jp/gikai/gikaikaigiroku.html,,,
64289,山形県,庄内町,ﾔﾏｶﾞﾀｹﾝ,ｼﾖｳﾅｲﾏﾁ,http://www.town.shonai.lg.jp/,http://www.kaigiroku.net/kensaku/shounai/shounai.html,,,
64611,山形県,遊佐町,ﾔﾏｶﾞﾀｹﾝ,ﾕｻﾞﾏﾁ,http://www.town.yuza.yamagata.jp/,http://www.town.yuza.yamagata.jp/ou/gikai/gikai/2015gikairoku.html,,,
70009,福島県,,ﾌｸｼﾏｹﾝ,,http://www.pref.fukushima.lg.jp/,http://www.kaigiroku.net/kensaku/fukushima/fukushima.html,,,
72010,福島県,福島市,ﾌｸｼﾏｹﾝ,ﾌｸｼﾏｼ,http://www.city.fukushima.fukushima.jp/,http://www.city.fukushima.fukushima.jp/voices/,,,
72028,福島県,会津若松市,ﾌｸｼﾏｹﾝ,ｱｲﾂﾞﾜｶﾏﾂｼ,http://www.city.aizuwakamatsu.fukushima.jp/,http://www.kaigiroku.net/kensaku/cgi-bin/WWWframeBase.exe?A=frameBase&USR=fksaizs&PWD=&L=1&S=31&Y=,,,
72036,福島県,郡山市,ﾌｸｼﾏｹﾝ,ｺｵﾘﾔﾏｼ,http://www.city.koriyama.fukushima.jp/index.html,http://www.kaigiroku.net/kensaku/koriyama/koriyama.html,,,
72044,福島県,いわき市,ﾌｸｼﾏｹﾝ,ｲﾜｷｼ,http://www.city.iwaki.lg.jp/www/index.html,http://www.kaigiroku.net/kensaku/iwaki/iwaki.html,,,
72052,福島県,白河市,ﾌｸｼﾏｹﾝ,ｼﾗｶﾜｼ,http://www.city.shirakawa.fukushima.jp/,http://www.kaigiroku.net/kensaku/shirakawa/shirakawa.html,,,
72079,福島県,須賀川市,ﾌｸｼﾏｹﾝ,ｽｶｶﾞﾜｼ,http://www.city.sukagawa.fukushima.jp/,http://gikai1.city.sukagawa.fukushima.jp/discuss/default.htm,,,
72087,福島県,喜多方市,ﾌｸｼﾏｹﾝ,ｷﾀｶﾀｼ,http://www.city.kitakata.fukushima.jp/,http://www.db-search.com/kitakata-c/index.php/,,,
72095,福島県,相馬市,ﾌｸｼﾏｹﾝ,ｿｳﾏｼ,http://www.city.soma.fukushima.jp/,http://www.kaigiroku.net/kensaku/soma/soma.html,,,
72109,福島県,二本松市,ﾌｸｼﾏｹﾝ,ﾆﾎﾝﾏﾂｼ,http://www.city.nihonmatsu.lg.jp/,http://www.kaigiroku.net/kensaku/nihonmatsu/nihonmatsu.html,,,
72117,福島県,田村市,ﾌｸｼﾏｹﾝ,ﾀﾑﾗｼ,http://www.city.tamura.lg.jp/,http://www.city.tamura.lg.jp/site/gikai/kaigiroku-ichiran,,,
72125,福島県,南相馬市,ﾌｸｼﾏｹﾝ,ﾐﾅﾐｿｳﾏｼ,http://www.city.minamisoma.lg.jp/,http://gijiroku.city.minamisoma.lg.jp/discuss/default.html,,,
72133,福島県,伊達市,ﾌｸｼﾏｹﾝ,ﾀﾞﾃｼ,http://www.city.date.fukushima.jp/,http://www.kaigiroku.net/kensaku/datecity/datecity.html,,,
72141,福島県,本宮市,ﾌｸｼﾏｹﾝ,ﾓﾄﾐﾔｼ,http://www.city.motomiya.lg.jp/,http://www.kaigiroku.net/kensaku/motomiya/motomiya.html,,,
73016,福島県,桑折町,ﾌｸｼﾏｹﾝ,ｺｵﾘﾏﾁ,http://www.town.koori.fukushima.jp/,http://www.town.koori.fukushima.jp/site/gikai/list4.html,,,
73032,福島県,国見町,ﾌｸｼﾏｹﾝ,ｸﾆﾐﾏﾁ,http://www.town.kunimi.fukushima.jp/,http://www.town.kunimi.fukushima.jp/groups/gikai/kaigiroku/index.html,,,
73083,福島県,川俣町,ﾌｸｼﾏｹﾝ,ｶﾜﾏﾀﾏﾁ,http://www.town.kawamata.lg.jp/,http://www.town.kawamata.lg.jp/soshiki/10/,,,
73229,福島県,大玉村,ﾌｸｼﾏｹﾝ,ｵｵﾀﾏﾑﾗ,https://www.vill.otama.fukushima.jp/,https://www.vill.otama.fukushima.jp/otama_songikai/kaigiroku/,,,
73423,福島県,鏡石町,ﾌｸｼﾏｹﾝ,ｶｶﾞﾐｲｼﾏﾁ,http://www.town.kagamiishi.fukushima.jp/,http://www.town.kagamiishi.fukushima.jp/gikai/gijiroku/index.php,,,
73440,福島県,天栄村,ﾌｸｼﾏｹﾝ,ﾃﾝｴｲﾑﾗ,http://www.vill.tenei.fukushima.jp/,http://www.vill.tenei.fukushima.jp/site/gikai/kaigiroku.html,,,
73628,福島県,下郷町,ﾌｸｼﾏｹﾝ,ｼﾓｺﾞｳﾏﾁ,http://town.shimogo.fukushima.jp/,,,,
73644,福島県,檜枝岐村,ﾌｸｼﾏｹﾝ,ﾋﾉｴﾏﾀﾑﾗ,http://www.hinoemata.com/index.php,,,,
73679,福島県,只見町,ﾌｸｼﾏｹﾝ,ﾀﾀﾞﾐﾏﾁ,http://www.tadami.gr.jp/,,,,
73687,福島県,南会津町,ﾌｸｼﾏｹﾝ,ﾐﾅﾐｱｲﾂﾞﾏﾁ,http://www.minamiaizu.org/,,,,
74021,福島県,北塩原村,ﾌｸｼﾏｹﾝ,ｷﾀｼｵﾊﾞﾗﾑﾗ,http://www.vill.kitashiobara.fukushima.jp/,,,,
74055,福島県,西会津町,ﾌｸｼﾏｹﾝ,ﾆｼｱｲﾂﾞﾏﾁ,http://www.town.nishiaizu.fukushima.jp/,http://www.town.nishiaizu.fukushima.jp/2010/09/post-13.html,,,
74071,福島県,磐梯町,ﾌｸｼﾏｹﾝ,ﾊﾞﾝﾀﾞｲﾏﾁ,http://www.town.bandai.fukushima.jp/,,,,
74080,福島県,猪苗代町,ﾌｸｼﾏｹﾝ,ｲﾅﾜｼﾛﾏﾁ,http://www.town.inawashiro.fukushima.jp/,,,,
74217,福島県,会津坂下町,ﾌｸｼﾏｹﾝ,ｱｲﾂﾞﾊﾞﾝｹﾞﾏﾁ,http://www.town.aizubange.fukushima.jp/index.html,,,,
74225,福島県,湯川村,ﾌｸｼﾏｹﾝ,ﾕｶﾞﾜﾑﾗ,http://www.vill.yugawa.fukushima.jp/,,,,
74233,福島県,柳津町,ﾌｸｼﾏｹﾝ,ﾔﾅｲﾂﾞﾏﾁ,http://www.town.yanaizu.fukushima.jp/,,,,
74446,福島県,三島町,ﾌｸｼﾏｹﾝ,ﾐｼﾏﾏﾁ,http://www.town.mishima.fukushima.jp/,,,,
74454,福島県,金山町,ﾌｸｼﾏｹﾝ,ｶﾈﾔﾏﾏﾁ,http://www.town.kaneyama.fukushima.jp/,,,,
74462,福島県,昭和村,ﾌｸｼﾏｹﾝ,ｼｮｳﾜﾑﾗ,http://www.vill.showa.fukushima.jp/,,,,
74471,福島県,会津美里町,ﾌｸｼﾏｹﾝ,ｱｲﾂﾞﾐｻﾄﾏﾁ,http://www.town.aizumisato.fukushima.jp/,http://www.town.aizumisato.fukushima.jp/070/030/020/index.html,,,
74616,福島県,西郷村,ﾌｸｼﾏｹﾝ,ﾆｼｺﾞｳﾑﾗ,http://www.vill.nishigo.fukushima.jp/,https://www.vill.nishigo.fukushima.jp/gikai/kaigiroku/,,,
74641,福島県,泉崎村,ﾌｸｼﾏｹﾝ,ｲｽﾞﾐｻﾞｷﾑﾗ,http://www.vill.izumizaki.fukushima.jp/,http://www.kaigiroku.net/izumizaki/izumizaki.html,,,
74659,福島県,中島村,ﾌｸｼﾏｹﾝ,ﾅｶｼﾞﾏﾑﾗ,http://www.vill-nakajima.jp/,,,,
74667,福島県,矢吹町,ﾌｸｼﾏｹﾝ,ﾔﾌﾞｷﾏﾁ,http://www.town.yabuki.fukushima.jp/,http://www.town.yabuki.fukushima.jp/page/page000688.html,,,
74811,福島県,棚倉町,ﾌｸｼﾏｹﾝ,ﾀﾅｸﾞﾗﾏﾁ,http://www.town.tanagura.fukushima.jp/,http://www.kaigiroku.net/kensaku/tanagura/tanagura.html,,,
74829,福島県,矢祭町,ﾌｸｼﾏｹﾝ,ﾔﾏﾂﾘﾏﾁ,http://www.town.yamatsuri.fukushima.jp/,http://ssp.kaigiroku.net/tenant/yamatsuri/pg/index.html,,,
74837,福島県,塙町,ﾌｸｼﾏｹﾝ,ﾊﾅﾜﾏﾁ,http://www.town.hanawa.fukushima.jp/,,,,
74845,福島県,鮫川村,ﾌｸｼﾏｹﾝ,ｻﾒｶﾞﾜﾑﾗ,http://www.vill.samegawa.fukushima.jp/,,,,
75019,福島県,石川町,ﾌｸｼﾏｹﾝ,ｲｼｶﾜﾏﾁ,http://www.town.ishikawa.fukushima.jp/,,,,
75027,福島県,玉川村,ﾌｸｼﾏｹﾝ,ﾀﾏｶﾜﾑﾗ,http://www.vill.tamakawa.fukushima.jp/,,,,
75035,福島県,平田村,ﾌｸｼﾏｹﾝ,ﾋﾗﾀﾑﾗ,http://www.vill.hirata.fukushima.jp/,,,,
75043,福島県,浅川町,ﾌｸｼﾏｹﾝ,ｱｻｶﾜﾏﾁ,http://www.town.asakawa.fukushima.jp/,,,,
75051,福島県,古殿町,ﾌｸｼﾏｹﾝ,ﾌﾙﾄﾞﾉﾏﾁ,http://www.town.furudono.fukushima.jp/,,,,
75213,福島県,三春町,ﾌｸｼﾏｹﾝ,ﾐﾊﾙﾏﾁ,http://www.town.miharu.fukushima.jp/,http://www.town.miharu.fukushima.jp/soshiki/13/,,,
75221,福島県,小野町,ﾌｸｼﾏｹﾝ,ｵﾉﾏﾁ,http://www.town.ono.fukushima.jp/,http://www.town.ono.fukushima.jp/soshiki/10/,,,
75418,福島県,広野町,ﾌｸｼﾏｹﾝ,ﾋﾛﾉﾏﾁ,http://www.town.hirono.fukushima.jp/,,,,
75426,福島県,楢葉町,ﾌｸｼﾏｹﾝ,ﾅﾗﾊﾏﾁ,http://www.town.naraha.lg.jp/index.html,,,,
75434,福島県,富岡町,ﾌｸｼﾏｹﾝ,ﾄﾐｵｶﾏﾁ,http://www.tomioka-town.jp/,http://www.tomioka-town.jp/gikai/record.php,,,
75442,福島県,川内村,ﾌｸｼﾏｹﾝ,ｶﾜｳﾁﾑﾗ,http://www.kawauchimura.jp/,,,,
75451,福島県,大熊町,ﾌｸｼﾏｹﾝ,ｵｵｸﾏﾏﾁ,http://www.town.okuma.fukushima.jp/,,,,
75469,福島県,双葉町,ﾌｸｼﾏｹﾝ,ﾌﾀﾊﾞﾏﾁ,http://www.town.fukushima-futaba.lg.jp/,,,,
75477,福島県,浪江町,ﾌｸｼﾏｹﾝ,ﾅﾐｴﾏﾁ,http://www.town.namie.fukushima.jp/,,,,
75485,福島県,葛尾村,ﾌｸｼﾏｹﾝ,ｶﾂﾗｵﾑﾗ,http://www.katsurao.org/,,,,
75612,福島県,新地町,ﾌｸｼﾏｹﾝ,ｼﾝﾁﾏﾁ,http://www.shinchi-town.jp/,,,,
75647,福島県,飯舘村,ﾌｸｼﾏｹﾝ,ｲｲﾀﾃﾑﾗ,http://www.vill.iitate.fukushima.jp/index.html,,,,
80004,茨城県,,ｲﾊﾞﾗｷｹﾝ,,http://www.pref.ibaraki.jp/,http://gikai1.pref.ibaraki.jp/,,,
82015,茨城県,水戸市,ｲﾊﾞﾗｷｹﾝ,ﾐﾄｼ,http://www.city.mito.lg.jp/,http://www.city.mito.lg.jp/001544/001563/index.html,,,
82023,茨城県,日立市,ｲﾊﾞﾗｷｹﾝ,ﾋﾀﾁｼ,http://www.city.hitachi.lg.jp/,http://asp.db-search.com/hitachi-c/dsweb.cgi/,,,
82031,茨城県,土浦市,ｲﾊﾞﾗｷｹﾝ,ﾂﾁｳﾗｼ,http://www.city.tsuchiura.lg.jp/index.html,http://www.city.tsuchiura.lg.jp/page/page000722.html,,,
82040,茨城県,古河市,ｲﾊﾞﾗｷｹﾝ,ｺｶﾞｼ,http://www.city.ibaraki-koga.lg.jp/,http://www.city.ibaraki-koga.lg.jp/category/7-4-6-0-0.html,,,
82058,茨城県,石岡市,ｲﾊﾞﾗｷｹﾝ,ｲｼｵｶｼ,https://www.city.ishioka.lg.jp/,http://asp.db-search.com/ishioka-c/dsweb.cgi/,,,
82074,茨城県,結城市,ｲﾊﾞﾗｷｹﾝ,ﾕｳｷｼ,http://www.city.yuki.lg.jp/,http://www.city.yuki.lg.jp/page/page000740.html,,,
82082,茨城県,龍ケ崎市,ｲﾊﾞﾗｷｹﾝ,ﾘｭｳｶﾞｻｷｼ,http://www.city.ryugasaki.ibaraki.jp/,http://www.kaigiroku.net/kensaku/ryugasaki/ryugasaki.html,,,
82104,茨城県,下妻市,ｲﾊﾞﾗｷｹﾝ,ｼﾓﾂﾏｼ,http://www.city.shimotsuma.lg.jp/,http://www.kensakusystem.jp/shimotsuma/index.html,,,
82112,茨城県,常総市,ｲﾊﾞﾗｷｹﾝ,ｼﾞｮｳｿｳｼ,http://www.city.joso.lg.jp/,http://asp.db-search.com/joso-c/dsweb.cgi/,,,
82121,茨城県,常陸太田市,ｲﾊﾞﾗｷｹﾝ,ﾋﾀﾁｵｵﾀｼ,http://www.city.hitachiota.ibaraki.jp/,http://www.city.hitachiota.ibaraki.jp/page/dir001059.html,,,
82147,茨城県,高萩市,ｲﾊﾞﾗｷｹﾝ,ﾀｶﾊｷﾞｼ,http://www.city.takahagi.ibaraki.jp/,http://ssp.kaigiroku.net/tenant/takahagi/MinuteBrowse.html,,,
82155,茨城県,北茨城市,ｲﾊﾞﾗｷｹﾝ,ｷﾀｲﾊﾞﾗｷｼ,http://www.city.kitaibaraki.lg.jp/,http://www.city.kitaibaraki.lg.jp/docs/2015022300555/,,,
82163,茨城県,笠間市,ｲﾊﾞﾗｷｹﾝ,ｶｻﾏｼ,http://www.city.kasama.lg.jp/index.html,http://www.city.kasama.lg.jp/page/dir000042.html,,,
82171,茨城県,取手市,ｲﾊﾞﾗｷｹﾝ,ﾄﾘﾃﾞｼ,https://www.city.toride.ibaraki.jp/,http://ami-search.amivoice.com/toride/usr/,,,
82198,茨城県,牛久市,ｲﾊﾞﾗｷｹﾝ,ｳｼｸｼ,http://www.city.ushiku.lg.jp/,http://www.city.ushiku.lg.jp/page/page002944.html,,,
82201,茨城県,つくば市,ｲﾊﾞﾗｷｹﾝ,ﾂｸﾊﾞｼ,https://www.city.tsukuba.ibaraki.jp/,http://tsukuba.gijiroku.com/voices/,,,
82210,茨城県,ひたちなか市,ｲﾊﾞﾗｷｹﾝ,ﾋﾀﾁﾅｶｼ,http://www.city.hitachinaka.lg.jp/,http://hitachinaka.gijiroku.com/voices/g08v_viewh.asp,,,
82228,茨城県,鹿嶋市,ｲﾊﾞﾗｷｹﾝ,ｶｼﾏｼ,http://www.city.kashima.ibaraki.jp/,http://www.kaigiroku.net/kensaku/kashima/kashima.html,,,
82236,茨城県,潮来市,ｲﾊﾞﾗｷｹﾝ,ｲﾀｺｼ,http://www.city.itako.lg.jp/,http://www.city.itako.lg.jp/reiki_int/reiki_menu.html,,,
82244,茨城県,守谷市,ｲﾊﾞﾗｷｹﾝ,ﾓﾘﾔｼ,http://www.city.moriya.ibaraki.jp/,http://moriya.gijiroku.com/,,,
82252,茨城県,常陸大宮市,ｲﾊﾞﾗｷｹﾝ,ﾋﾀﾁｵｵﾐﾔｼ,http://www.city.hitachiomiya.lg.jp/,http://www.kaigiroku.net/kensaku/hitachiomiya/hitachiomiya.html,,,
82261,茨城県,那珂市,ｲﾊﾞﾗｷｹﾝ,ﾅｶｼ,http://www.city.naka.lg.jp/,http://www.city.naka.lg.jp/page/page000112.html,,,
82279,茨城県,筑西市,ｲﾊﾞﾗｷｹﾝ,ﾁｸｾｲｼ,http://www.city.chikusei.lg.jp/,http://www.kaigiroku.net/kensaku/chikusei/chikusei.html,,,
82287,茨城県,坂東市,ｲﾊﾞﾗｷｹﾝ,ﾊﾞﾝﾄﾞｳｼ,http://www.city.bando.lg.jp/,http://www.kaigiroku.net/kensaku/bando/bando.html,,,
82295,茨城県,稲敷市,ｲﾊﾞﾗｷｹﾝ,ｲﾅｼｷｼ,http://www.city.inashiki.lg.jp/index.html,http://inashiki.gijiroku.com/voices/easy.html,,,
82309,茨城県,かすみがうら市,ｲﾊﾞﾗｷｹﾝ,ｶｽﾐｶﾞｳﾗｼ,http://www.city.kasumigaura.ibaraki.jp/,http://www.city.kasumigaura.ibaraki.jp/gikai/kaigiroku/,,,
82317,茨城県,桜川市,ｲﾊﾞﾗｷｹﾝ,ｻｸﾗｶﾞﾜｼ,http://www.city.sakuragawa.lg.jp/index.html,http://www.city.sakuragawa.lg.jp/data/gikai/kaigiroku/,,,
82325,茨城県,神栖市,ｲﾊﾞﾗｷｹﾝ,ｶﾐｽｼ,http://www.city.kamisu.ibaraki.jp/,http://www.kaigiroku.net/kensaku/cgi-bin/wwwFrameBase.exe?A=frameBase_kuwa&USR=ibakams&PWD=&L=1&S=31,,,
82333,茨城県,行方市,ｲﾊﾞﾗｷｹﾝ,ﾅﾒｶﾞﾀｼ,http://www.city.namegata.ibaraki.jp/,http://www.kaigiroku.net/kensaku/namegata/namegata.html,,,
82341,茨城県,鉾田市,ｲﾊﾞﾗｷｹﾝ,ﾎｺﾀｼ,http://www.city.hokota.lg.jp/,http://www.city.hokota.lg.jp/gikaitop/kaigiroku/,,,
82350,茨城県,つくばみらい市,ｲﾊﾞﾗｷｹﾝ,ﾂｸﾊﾞﾐﾗｲｼ,https://www.city.tsukubamirai.lg.jp/,https://www.city.tsukubamirai.lg.jp/viewer/genre2.html?idSubTop=2&id=706,,,
82368,茨城県,小美玉市,ｲﾊﾞﾗｷｹﾝ,ｵﾐﾀﾏｼ,http://www.city.omitama.lg.jp/,http://www.kaigiroku.net/kensaku/omitama/omitama.html,,,
83020,茨城県,茨城町,ｲﾊﾞﾗｷｹﾝ,ｲﾊﾞﾗｷﾏﾁ,http://www.town.ibaraki.lg.jp/,http://kyoto-city.net/dnavi/%E8%8C%A8%E5%9F%8E%E7%94%BA%E8%AD%B0%E4%BC%9A-%E4%BC%9A%E8%AD%B0%E9%8C%B2%E6%A4%9C%E7%B4%A2%E3%82%B7%E3%82%B9%E3%83%86%E3%83%A0/,,,
83097,茨城県,大洗町,ｲﾊﾞﾗｷｹﾝ,ｵｵｱﾗｲﾏﾁ,http://www.town.oarai.lg.jp/,http://www.town.oarai.lg.jp/~gikai/gikaikoho/info-164-15_4.html,,,
83101,茨城県,城里町,ｲﾊﾞﾗｷｹﾝ,ｼﾛｻﾄﾏﾁ,http://www.town.shirosato.lg.jp/,,,,
83411,茨城県,東海村,ｲﾊﾞﾗｷｹﾝ,ﾄｳｶｲﾑﾗ,http://www.vill.tokai.ibaraki.jp/,http://www.kaigiroku.net/kensaku/tokai/tokai.html,,,
83640,茨城県,大子町,ｲﾊﾞﾗｷｹﾝ,ﾀﾞｲｺﾞﾏﾁ,http://www.town.daigo.ibaraki.jp/,http://www.town.daigo.ibaraki.jp/page/page000681.html,,,
84425,茨城県,美浦村,ｲﾊﾞﾗｷｹﾝ,ﾐﾎﾑﾗ,http://www.vill.miho.lg.jp/,http://www.vill.miho.lg.jp/page/dir000035.html,,,
84433,茨城県,阿見町,ｲﾊﾞﾗｷｹﾝ,ｱﾐﾏﾁ,http://www.town.ami.lg.jp/,http://www.town.ami.lg.jp/category/7-8-0-0-0.html,,,
84476,茨城県,河内町,ｲﾊﾞﾗｷｹﾝ,ｶﾜﾁﾏﾁ,http://www.town.ibaraki-kawachi.lg.jp/,http://www.town.ibaraki-kawachi.lg.jp/gikai/giroku/2015/index.html,,,
85219,茨城県,八千代町,ｲﾊﾞﾗｷｹﾝ,ﾔﾁﾖﾏﾁ,http://www.town.ibaraki-yachiyo.lg.jp/,http://www.town.ibaraki-yachiyo.lg.jp/sp/page/dir000425.html,,,
85421,茨城県,五霞町,ｲﾊﾞﾗｷｹﾝ,ｺﾞｶﾏﾁ,http://www.town.goka.lg.jp/,,,,
85464,茨城県,境町,ｲﾊﾞﾗｷｹﾝ,ｻｶｲﾏﾁ,http://www.town.sakai.ibaraki.jp/,,,,
85642,茨城県,利根町,ｲﾊﾞﾗｷｹﾝ,ﾄﾈﾏﾁ,http://www.town.tone.ibaraki.jp/,http://www.town.tone.ibaraki.jp/page/dir000390.html,,,
90000,栃木県,,ﾄﾁｷﾞｹﾝ,,http://www.pref.tochigi.lg.jp/index.html,http://pref-tochigi.gijiroku.com/voices/index.html,,,
92011,栃木県,宇都宮市,ﾄﾁｷﾞｹﾝ,ｳﾂﾉﾐﾔｼ,http://www.city.utsunomiya.tochigi.jp/,http://www2.city.utsunomiya.tochigi.jp/utsunomiya/cgi-bin3/See.exe?Code=tvklxjxg6uct0a0kia,,,
92029,栃木県,足利市,ﾄﾁｷﾞｹﾝ,ｱｼｶｶﾞｼ,http://www.city.ashikaga.tochigi.jp/,http://www.kaigiroku.net/kensaku/ashikaga/ashikaga.html,,,
92037,栃木県,栃木市,ﾄﾁｷﾞｹﾝ,ﾄﾁｷﾞｼ,http://www.city.tochigi.lg.jp/,http://www.kaigiroku.net/kensaku/tochigi/tochigi.html,,,
92045,栃木県,佐野市,ﾄﾁｷﾞｹﾝ,ｻﾉｼ,http://www.city.sano.lg.jp/,http://www.kaigiroku.net/kensaku/sano/sano.html,,,
92053,栃木県,鹿沼市,ﾄﾁｷﾞｹﾝ,ｶﾇﾏｼ,http://www.city.kanuma.tochigi.jp/,http://www.kensakusystem.jp/kanuma-c/sapphire.html,,,
92061,栃木県,日光市,ﾄﾁｷﾞｹﾝ,ﾆｯｺｳｼ,http://www.city.nikko.lg.jp/,http://www.kaigiroku.net/kensaku/nikko/nikko.html,,,
92088,栃木県,小山市,ﾄﾁｷﾞｹﾝ,ｵﾔﾏｼ,http://www.city.oyama.tochigi.jp/,http://www.kaigiroku.net/kensaku/oyama/oyama.html,,,
92096,栃木県,真岡市,ﾄﾁｷﾞｹﾝ,ﾓｵｶｼ,http://www.city.moka.tochigi.jp/,http://www.kaigiroku.net/kensaku/moka/moka.html,,,
92100,栃木県,大田原市,ﾄﾁｷﾞｹﾝ,ｵｵﾀﾜﾗｼ,http://www.city.ohtawara.tochigi.jp/,http://www.kaigiroku.net/kensaku/ohtawarashi/ohtawarashi.html,,,
92118,栃木県,矢板市,ﾄﾁｷﾞｹﾝ,ﾔｲﾀｼ,http://www.city.yaita.tochigi.jp/,http://www.kaigiroku.net/kensaku/yaita/yaita.html,,,
92134,栃木県,那須塩原市,ﾄﾁｷﾞｹﾝ,ﾅｽｼｵﾊﾞﾗｼ,http://www.city.nasushiobara.lg.jp/,http://www.kaigiroku.net/kensaku/nasushiobara/nasushiobara.html,,,
92142,栃木県,さくら市,ﾄﾁｷﾞｹﾝ,ｻｸﾗｼ,http://www.city.tochigi-sakura.lg.jp/,http://www.kaigiroku.net/kensaku/sakura/sakura.html,,,
92151,栃木県,那須烏山市,ﾄﾁｷﾞｹﾝ,ﾅｽｶﾗｽﾔﾏｼ,http://www.city.nasukarasuyama.lg.jp/,"http://www.city.nasukarasuyama.lg.jp/index.cfm/11,0,52,239,html",,,
92169,栃木県,下野市,ﾄﾁｷﾞｹﾝ,ｼﾓﾂｹｼ,http://www.city.shimotsuke.lg.jp/,http://www.kaigiroku.net/kensaku/shimotsuke/shimotsuke.html,,,
93017,栃木県,上三川町,ﾄﾁｷﾞｹﾝ,ｶﾐﾉｶﾜﾏﾁ,http://www.town.kaminokawa.tochigi.jp/,http://www.town.kaminokawa.tochigi.jp/f_gikai/back_number.htm,,,
93424,栃木県,益子町,ﾄﾁｷﾞｹﾝ,ﾏｼｺﾏﾁ,http://www.town.mashiko.tochigi.jp/,http://www.kaigiroku.net/kensaku/mashiko/mashiko.html,,,
93432,栃木県,茂木町,ﾄﾁｷﾞｹﾝ,ﾓﾃｷﾞﾏﾁ,http://www.town.motegi.tochigi.jp/,http://www.town.motegi.tochigi.jp/motegi/nextpage.php?cd=18000&syurui=0,,,
93441,栃木県,市貝町,ﾄﾁｷﾞｹﾝ,ｲﾁｶｲﾏﾁ,http://www.town.ichikai.tochigi.jp/,http://www.kaigiroku.net/kensaku/ichikai/ichikai.html,,,
93459,栃木県,芳賀町,ﾄﾁｷﾞｹﾝ,ﾊｶﾞﾏﾁ,http://www.town.haga.tochigi.jp/,http://www.kaigiroku.net/kensaku/haga/haga.html,,,
93611,栃木県,壬生町,ﾄﾁｷﾞｹﾝ,ﾐﾌﾞﾏﾁ,http://www.town.mibu.tochigi.jp/,http://www.kaigiroku.net/kensaku/mibu/mibu.html,,,
93645,栃木県,野木町,ﾄﾁｷﾞｹﾝ,ﾉｷﾞﾏﾁ,http://www.town.nogi.lg.jp/,http://www.kaigiroku.net/kensaku/nogi/nogi.html,,,
93840,栃木県,塩谷町,ﾄﾁｷﾞｹﾝ,ｼｵﾔﾏﾁ,http://www.town.shioya.tochigi.jp/,http://www.kaigiroku.net/kensaku/shioya/shioya.html,,,
93866,栃木県,高根沢町,ﾄﾁｷﾞｹﾝ,ﾀｶﾈｻﾞﾜﾏﾁ,http://www.town.takanezawa.tochigi.jp/,http://www.kaigiroku.net/kensaku/takanezawa/takanezawa.html,,,
94072,栃木県,那須町,ﾄﾁｷﾞｹﾝ,ﾅｽﾏﾁ,http://www.town.nasu.lg.jp/,http://www.kaigiroku.net/kensaku/nasu/nasu.html,,,
94111,栃木県,那珂川町,ﾄﾁｷﾞｹﾝ,ﾅｶｶﾞﾜﾏﾁ,http://www.town.tochigi-nakagawa.lg.jp/,http://www.kaigiroku.net/kensaku/nakagawa/nakagawa.html,,,
100005,群馬県,,ｸﾞﾝﾏｹﾝ,,http://www.pref.gunma.jp/,http://www07.gijiroku.com/voices/Srchtop.asp,,,
102016,群馬県,前橋市,ｸﾞﾝﾏｹﾝ,ﾏｴﾊﾞｼｼ,http://www.city.maebashi.gunma.jp/,http://asp.db-search.com/maebashi-c/dsweb.cgi/,,,
102024,群馬県,高崎市,ｸﾞﾝﾏｹﾝ,ﾀｶｻｷｼ,http://www.city.takasaki.gunma.jp/,http://takasaki.gijiroku.com/voices/g08v_search.asp,,,
102032,群馬県,桐生市,ｸﾞﾝﾏｹﾝ,ｷﾘｭｳｼ,http://www.city.kiryu.lg.jp/,http://www.kaigiroku.net/kensaku/kiryu/kiryu.html,,,
102041,群馬県,伊勢崎市,ｸﾞﾝﾏｹﾝ,ｲｾｻｷｼ,http://www.city.isesaki.lg.jp/www/toppage/0000000000000/APM03000.html,http://www.city.isesaki.lg.jp/www/genre/0000000000000/1000000000233/index.html,,,
102059,群馬県,太田市,ｸﾞﾝﾏｹﾝ,ｵｵﾀｼ,http://www.city.ota.gunma.jp/,http://ota.gijiroku.com/voices/,,,
102067,群馬県,沼田市,ｸﾞﾝﾏｹﾝ,ﾇﾏﾀｼ,http://www.city.numata.gunma.jp/,http://www2.city.numata.gunma.jp/gijiroku/,,,
102075,群馬県,館林市,ｸﾞﾝﾏｹﾝ,ﾀﾃﾊﾞﾔｼｼ,http://www.city.tatebayashi.gunma.jp/,http://www.kaigiroku.net/kensaku/tatebayashi/tatebayashi.html,,,
102083,群馬県,渋川市,ｸﾞﾝﾏｹﾝ,ｼﾌﾞｶﾜｼ,http://www.city.shibukawa.lg.jp/,http://www.kaigiroku.net/kensaku/shibukawa/shibukawa.html,,,
102091,群馬県,藤岡市,ｸﾞﾝﾏｹﾝ,ﾌｼﾞｵｶｼ,http://www.city.fujioka.gunma.jp/,http://fujioka.gijiroku.com/voices/g08v_viewh.asp,,,
102105,群馬県,富岡市,ｸﾞﾝﾏｹﾝ,ﾄﾐｵｶｼ,http://www.city.tomioka.lg.jp/www/toppage/0000000000000/APM03000.html,http://www.kaigiroku.net/kensaku/tomioka/tomioka.html,,,
102113,群馬県,安中市,ｸﾞﾝﾏｹﾝ,ｱﾝﾅｶｼ,http://www.city.annaka.gunma.jp/,http://www.kaigiroku.net/kensaku/annaka/annaka.html,,,
102121,群馬県,みどり市,ｸﾞﾝﾏｹﾝ,ﾐﾄﾞﾘｼ,http://www.city.midori.gunma.jp/www/toppage/0000000000000/APM03000.html,http://www.city.midori.gunma.jp/www/genre/0000000000000/1000000000212/index.html,,,
103446,群馬県,榛東村,ｸﾞﾝﾏｹﾝ,ｼﾝﾄｳﾑﾗ,http://www.vill.shinto.gunma.jp/,http://www.vill.shinto.gunma.jp/gikai/03kaigiroku/,,,
103454,群馬県,吉岡町,ｸﾞﾝﾏｹﾝ,ﾖｼｵｶﾏﾁ,http://www.town.yoshioka.gunma.jp/,http://www.town.yoshioka.gunma.jp/gikai/kaigiroku.html,,,
103667,群馬県,上野村,ｸﾞﾝﾏｹﾝ,ｳｴﾉﾑﾗ,http://www.uenomura.jp/,,,,
103675,群馬県,神流町,ｸﾞﾝﾏｹﾝ,ｶﾝﾅﾏﾁ,http://www.town.kanna.gunma.jp/,,,,
103829,群馬県,下仁田町,ｸﾞﾝﾏｹﾝ,ｼﾓﾆﾀﾏﾁ,http://www.town.shimonita.lg.jp/,http://www.town.shimonita.lg.jp/m08/m02/index.html,,,
103837,群馬県,南牧村,ｸﾞﾝﾏｹﾝ,ﾅﾝﾓｸﾑﾗ,http://www.minamimakimura.jp/,http://www.minamimakimura.jp/yakuba/category/kaigiroku,,,
103845,群馬県,甘楽町,ｸﾞﾝﾏｹﾝ,ｶﾝﾗﾏﾁ,http://www.town.kanra.lg.jp/,http://www.town.kanra.lg.jp/gikai/kaigiroku/index.html,,,
104213,群馬県,中之条町,ｸﾞﾝﾏｹﾝ,ﾅｶﾉｼﾞﾖｳﾏﾁ,http://www.town.nakanojo.gunma.jp/,http://town.nakanojo.gunma.jp/gappei/gijiroku.html,,,
104248,群馬県,長野原町,ｸﾞﾝﾏｹﾝ,ﾅｶﾞﾉﾊﾗﾏﾁ,http://www1.town.naganohara.gunma.jp/index.html,http://www1.town.naganohara.gunma.jp/www/contents/1456900555108/index.html,,,
104256,群馬県,嬬恋村,ｸﾞﾝﾏｹﾝ,ﾂﾏｺﾞｲﾑﾗ,https://www.vill.tsumagoi.gunma.jp/,https://www.vill.tsumagoi.gunma.jp/soshiki/gikai/index.html,,,
104264,群馬県,草津町,ｸﾞﾝﾏｹﾝ,ｸｻﾂﾏﾁ,http://www.town.kusatsu.gunma.jp/www/toppage/0000000000000/APM01000.html,http://kusatsu.gijiroku.com/kusatsu/g08v_view.asp,,,
104281,群馬県,高山村,ｸﾞﾝﾏｹﾝ,ﾀｶﾔﾏﾑﾗ,http://www.vill.takayama.gunma.jp/,http://www.vill.takayama.gunma.jp/~info/gikai/gikaidayori.html,,,
104299,群馬県,東吾妻町,ｸﾞﾝﾏｹﾝ,ﾋｶﾞｼｱｶﾞﾂﾏﾏﾁ,http://www1.town.higashiagatsuma.gunma.jp/,http://www1.town.higashiagatsuma.gunma.jp/www/gikai/genre/1204443645837/index.html,,,
104434,群馬県,片品村,ｸﾞﾝﾏｹﾝ,ｶﾀｼﾅﾑﾗ,http://www.vill.katashina.gunma.jp/,http://www.vill.katashina.gunma.jp/gikai/2016-0330-1558-35.html,,,
104442,群馬県,川場村,ｸﾞﾝﾏｹﾝ,ｶﾜﾊﾞﾑﾗ,http://www.vill.kawaba.gunma.jp/,,,,
104485,群馬県,昭和村,ｸﾞﾝﾏｹﾝ,ｼｮｳﾜﾑﾗ,http://www.vill.showa.gunma.jp/top.htm,http://www.vill.showa.gunma.jp/assembly/dayori/dayori.htm,,,
104493,群馬県,みなかみ町,ｸﾞﾝﾏｹﾝ,ﾐﾅｶﾐﾏﾁ,http://www.town.minakami.gunma.jp/,http://www.town.minakami.gunma.jp/10gikai/01gijiroku/,,,
104647,群馬県,玉村町,ｸﾞﾝﾏｹﾝ,ﾀﾏﾑﾗﾏﾁ,http://www.town.tamamura.lg.jp/,https://www.town.tamamura.lg.jp/site/gikai/kaigiroku.html,,,
105210,群馬県,板倉町,ｸﾞﾝﾏｹﾝ,ｲﾀｸﾗﾏﾁ,http://www.town.itakura.gunma.jp/,http://www.town.itakura.gunma.jp/d000070/d000030/,,,
105228,群馬県,明和町,ｸﾞﾝﾏｹﾝ,ﾒｲﾜﾏﾁ,http://www.town.meiwa.gunma.jp/,http://www.town.meiwa.gunma.jp/gyosei/section/gikai/kaigiroku/kaigiroku.htm,,,
105236,群馬県,千代田町,ｸﾞﾝﾏｹﾝ,ﾁﾖﾀﾞﾏﾁ,http://www.town.chiyoda.gunma.jp/,http://www.town.chiyoda.gunma.jp/gikai/gikai001.htm,,,
105244,群馬県,大泉町,ｸﾞﾝﾏｹﾝ,ｵｵｲｽﾞﾐﾏﾁ,https://www.town.oizumi.gunma.jp/,https://www.town.oizumi.gunma.jp/01soshiki/11gikai/1289005934-3.html,,,
105252,群馬県,邑楽町,ｸﾞﾝﾏｹﾝ,ｵｳﾗﾏﾁ,http://www.town.ora.gunma.jp/,http://www.town.ora.gunma.jp/chosei/gikai/kaigiroku/,,,
110001,埼玉県,,ｻｲﾀﾏｹﾝ,,https://www.pref.saitama.lg.jp/,http://www.kaigiroku.net/kensaku/pref_saitama/pref_saitama.html,,,
111007,埼玉県,さいたま市,ｻｲﾀﾏｹﾝ,ｻｲﾀﾏｼ,http://www.city.saitama.jp/,http://www.kaigiroku.net/kensaku/saitama/saitama.html,,,
112011,埼玉県,川越市,ｻｲﾀﾏｹﾝ,ｶﾜｺﾞｴｼ,https://www.city.kawagoe.saitama.jp/,http://asp.db-search.com/kawagoe-c/dsweb.cgi/,,,
112020,埼玉県,熊谷市,ｻｲﾀﾏｹﾝ,ｸﾏｶﾞﾔｼ,https://www.city.kumagaya.lg.jp/,http://www.kaigiroku.net/kensaku/kumagaya/kumagaya.html,,,
112038,埼玉県,川口市,ｻｲﾀﾏｹﾝ,ｶﾜｸﾞﾁｼ,http://www.city.kawaguchi.lg.jp/,http://www.kaigiroku.net/kensaku/kawaguchi/kawaguchi.html,,,
112062,埼玉県,行田市,ｻｲﾀﾏｹﾝ,ｷﾞﾖｳﾀﾞｼ,http://www.city.gyoda.lg.jp/,https://www.city.gyoda.lg.jp/gyosejoho/kaigiroku/index.html,,,
112071,埼玉県,秩父市,ｻｲﾀﾏｹﾝ,ﾁﾁﾌﾞｼ,http://www.city.chichibu.lg.jp/,http://www.kaigiroku.net/kensaku/chichibu/chichibu.html,,,
112089,埼玉県,所沢市,ｻｲﾀﾏｹﾝ,ﾄｺﾛｻﾞﾜｼ,https://www.city.tokorozawa.saitama.jp/,http://www.kaigiroku.net/kensaku/tokorozawa/tokorozawa.html,,,
112097,埼玉県,飯能市,ｻｲﾀﾏｹﾝ,ﾊﾝﾉｳｼ,http://www.city.hanno.saitama.jp/,http://www.city.hanno.saitama.jp/0000000009.html,,,
112101,埼玉県,加須市,ｻｲﾀﾏｹﾝ,ｶｿﾞｼ,http://www.city.kazo.lg.jp/,http://www.kaigiroku.net/kensaku/kazo/kazo.html,,,
112119,埼玉県,本庄市,ｻｲﾀﾏｹﾝ,ﾎﾝｼﾞﾖｳｼ,http://www.city.honjo.lg.jp/,http://www.kaigiroku.net/kensaku/honjo/honjo.html,,,
112127,埼玉県,東松山市,ｻｲﾀﾏｹﾝ,ﾋｶﾞｼﾏﾂﾔﾏｼ,http://www.city.higashimatsuyama.lg.jp/,http://www.kaigiroku.net/kensaku/higashimatsuyama/higashimatsuyama.html,,,
112143,埼玉県,春日部市,ｻｲﾀﾏｹﾝ,ｶｽｶﾍﾞｼ,https://www.city.kasukabe.lg.jp/,http://www.kasukabe-shigikai.jp/kensaku.asp,,,
112151,埼玉県,狭山市,ｻｲﾀﾏｹﾝ,ｻﾔﾏｼ,https://www.city.sayama.saitama.jp/,http://wwwinfo.city.sayama.saitama.jp/gijiroku/g08v_view.asp,,,
112160,埼玉県,羽生市,ｻｲﾀﾏｹﾝ,ﾊﾆﾕｳｼ,http://www.city.hanyu.lg.jp/,http://www.kaigiroku.net/kensaku/hanyu/hanyu.html,,,
112178,埼玉県,鴻巣市,ｻｲﾀﾏｹﾝ,ｺｳﾉｽｼ,http://www.city.kounosu.saitama.jp/,http://www.kaigiroku.net/kensaku/kounosu/kounosu.html,,,
112186,埼玉県,深谷市,ｻｲﾀﾏｹﾝ,ﾌｶﾔｼ,http://www.city.fukaya.saitama.jp/,http://www.city.fukaya.saitama.jp/shisei/kyoikuiinkai/kyouikuiinkai_kaigi/1391414642251.html,,,
112194,埼玉県,上尾市,ｻｲﾀﾏｹﾝ,ｱｹﾞｵｼ,https://www.city.ageo.lg.jp/,http://www.kaigiroku.net/kensaku/ageo/ageo.html,,,
112216,埼玉県,草加市,ｻｲﾀﾏｹﾝ,ｿｳｶｼ,http://www.city.soka.saitama.jp/,http://www.soka-shigikai.jp/VOICES/,,,
112224,埼玉県,越谷市,ｻｲﾀﾏｹﾝ,ｺｼｶﾞﾔｼ,https://www.city.koshigaya.saitama.jp/,http://www.kaigiroku.net/kensaku/koshigaya/koshigaya.html,,,
112232,埼玉県,蕨市,ｻｲﾀﾏｹﾝ,ﾜﾗﾋﾞｼ,http://www.city.warabi.saitama.jp/,http://warabi.gijiroku.com/gikai/voices/g08v_view.asp,,,
112241,埼玉県,戸田市,ｻｲﾀﾏｹﾝ,ﾄﾀﾞｼ,http://www.city.toda.saitama.jp/,http://www2.city.toda.saitama.jp/gikai/g08v_viewh.asp,,,
112259,埼玉県,入間市,ｻｲﾀﾏｹﾝ,ｲﾙﾏｼ,http://www.city.iruma.lg.jp/,http://www.city.iruma.saitama.jp/voices2/,,,
112275,埼玉県,朝霞市,ｻｲﾀﾏｹﾝ,ｱｻｶｼ,http://www.city.asaka.lg.jp/,http://www.kaigiroku.net/kensaku/asaka/asaka.html,,,
112283,埼玉県,志木市,ｻｲﾀﾏｹﾝ,ｼｷｼ,http://www.city.shiki.lg.jp/,http://www.kaigiroku.net/kensaku/shiki/shiki.html,,,
112291,埼玉県,和光市,ｻｲﾀﾏｹﾝ,ﾜｺｳｼ,http://www.city.wako.lg.jp/,http://www.kaigiroku.net/kensaku/wako/wako.html,,,
112305,埼玉県,新座市,ｻｲﾀﾏｹﾝ,ﾆｲｻﾞｼ,http://www.city.niiza.lg.jp/,http://niiza.gijiroku.com/voices/srchtop.asp?fimode=1&rst=1,,,
112313,埼玉県,桶川市,ｻｲﾀﾏｹﾝ,ｵｹｶﾞﾜｼ,http://www.city.okegawa.lg.jp/index.html,http://www.kaigiroku.net/kensaku/okegawa/okegawa.html,,,
112321,埼玉県,久喜市,ｻｲﾀﾏｹﾝ,ｸｷｼ,http://www.city.kuki.lg.jp/,http://www.kaigiroku.net/kensaku/kuki/kuki.html,,,
112330,埼玉県,北本市,ｻｲﾀﾏｹﾝ,ｷﾀﾓﾄｼ,http://www.city.kitamoto.saitama.jp/,http://www.kensakusystem.jp/kitamoto/cgi-bin3/See.exe?Code=drig40f8vm69f8nlo3,,,
112348,埼玉県,八潮市,ｻｲﾀﾏｹﾝ,ﾔｼｵｼ,http://www.city.yashio.lg.jp/,http://www.kaigiroku.net/kensaku/yashio/yashio.html,,,
112356,埼玉県,富士見市,ｻｲﾀﾏｹﾝ,ﾌｼﾞﾐｼ,http://www.city.fujimi.saitama.jp/,http://www.kaigiroku.net/kensaku/fujimi/fujimi.html,,,
112372,埼玉県,三郷市,ｻｲﾀﾏｹﾝ,ﾐｻﾄｼ,http://www.city.misato.lg.jp/,http://www.kaigiroku.net/kensaku/misato/misato.html,,,
112381,埼玉県,蓮田市,ｻｲﾀﾏｹﾝ,ﾊｽﾀﾞｼ,http://www.city.hasuda.saitama.jp/,http://www.kaigiroku.net/kensaku/hasuda/hasuda.html,,,
112399,埼玉県,坂戸市,ｻｲﾀﾏｹﾝ,ｻｶﾄﾞｼ,http://www.city.sakado.lg.jp/,http://www.kaigiroku.net/kensaku/sakado/sakado.html,,,
112402,埼玉県,幸手市,ｻｲﾀﾏｹﾝ,ｻｯﾃｼ,http://www.city.satte.saitama.jp/,http://www.kaigiroku.net/kensaku/satte/satte.html,,,
112411,埼玉県,鶴ヶ島市,ｻｲﾀﾏｹﾝ,ﾂﾙｶﾞｼﾏｼ,http://www.city.tsurugashima.lg.jp/,http://www.kaigiroku.net/kensaku/tsurugashima/tsurugashima.html,,,
112429,埼玉県,日高市,ｻｲﾀﾏｹﾝ,ﾋﾀﾞｶｼ,http://www.city.hidaka.lg.jp/,http://www.kaigiroku.net/kensaku/saihidaka/saihidaka.html,,,
112437,埼玉県,吉川市,ｻｲﾀﾏｹﾝ,ﾖｼｶﾜｼ,http://www.city.yoshikawa.saitama.jp/,http://www.kaigiroku.net/kensaku/yoshikawa/yoshikawa.html,,,
112453,埼玉県,ふじみ野市,ｻｲﾀﾏｹﾝ,ﾌｼﾞﾐﾉｼ,http://www.city.fujimino.saitama.jp/,http://ssp.kaigiroku.net/tenant/fujimino/pg/index.html,,,
112461,埼玉県,白岡市,ｻｲﾀﾏｹﾝ,ｼﾗｵｶｼ,http://www.city.shiraoka.lg.jp/,http://www.kaigiroku.net/kensaku/shiraoka/shiraoka.html,,,
113018,埼玉県,伊奈町,ｻｲﾀﾏｹﾝ,ｲﾅﾏﾁ,http://www.town.saitama-ina.lg.jp/,http://gikai02.kaigiroku.jp/kaigiroku/cgi-bin/WWWframeBase.exe?A=frameBase_etu&USR=ina&PWD=&L=1&S=31&Y=,,,
113247,埼玉県,三芳町,ｻｲﾀﾏｹﾝ,ﾐﾖｼﾏﾁ,http://www.town.saitama-miyoshi.lg.jp/,http://www.kaigiroku.net/kensaku/miyoshi/miyoshi.html,,,
113263,埼玉県,毛呂山町,ｻｲﾀﾏｹﾝ,ﾓﾛﾔﾏﾏﾁ,http://www.town.moroyama.saitama.jp/www/index.html,http://www.kaigiroku.net/kensaku/moroyama/moroyama.html,,,
113271,埼玉県,越生町,ｻｲﾀﾏｹﾝ,ｵｺﾞｾﾏﾁ,http://www.town.ogose.saitama.jp/,http://www.kaigiroku.net/kensaku/ogose/ogose.html,,,
113417,埼玉県,滑川町,ｻｲﾀﾏｹﾝ,ﾅﾒｶﾞﾜﾏﾁ,http://www.town.namegawa.saitama.jp/,http://www.town.namegawa.lg.jp/gyousei/01/kaigiroku/index.htm,,,
113425,埼玉県,嵐山町,ｻｲﾀﾏｹﾝ,ﾗﾝｻﾞﾝﾏﾁ,http://www.town.ranzan.saitama.jp/,http://www.town.ranzan.saitama.jp/category/6-13-0-0-0.html,,,
113433,埼玉県,小川町,ｻｲﾀﾏｹﾝ,ｵｶﾞﾜﾏﾁ,http://www.town.ogawa.saitama.jp/,http://www.kaigiroku.net/kensaku/ogawa/ogawa.html,,,
113468,埼玉県,川島町,ｻｲﾀﾏｹﾝ,ｶﾜｼﾞﾏﾏﾁ,http://www.town.kawajima.saitama.jp/,http://www.kaigiroku.net/kensaku/kawajima/kawajima.html,,,
113476,埼玉県,吉見町,ｻｲﾀﾏｹﾝ,ﾖｼﾐﾏﾁ,http://www.town.yoshimi.saitama.jp/,"http://www.town.yoshimi.saitama.jp/gikai/ ,http://ssp.kaigiroku.net/tenant/yoshimi/pg/index.html",,,
113484,埼玉県,鳩山町,ｻｲﾀﾏｹﾝ,ﾊﾄﾔﾏﾏﾁ,http://www.town.hatoyama.saitama.jp/,http://www.kaigiroku.net/kensaku/hatoyama/menu.html,,,
113492,埼玉県,ときがわ町,ｻｲﾀﾏｹﾝ,ﾄｷｶﾞﾜﾏﾁ,http://www.town.tokigawa.lg.jp/forms/top/top.aspx,https://www.town.tokigawa.lg.jp/div/203010/htm/gijiroku/index.html,,,
113611,埼玉県,横瀬町,ｻｲﾀﾏｹﾝ,ﾖｺｾﾞﾏﾁ,http://www.town.yokoze.saitama.jp/,http://www.town.yokoze.saitama.jp/soshiki/gikai/gikai.html,,,
113620,埼玉県,皆野町,ｻｲﾀﾏｹﾝ,ﾐﾅﾉﾏﾁ,http://www.town.minano.saitama.jp/,http://www.town.minano.saitama.jp/section/gikai/815/,,,
113638,埼玉県,長瀞町,ｻｲﾀﾏｹﾝ,ﾅｶﾞﾄﾛﾏﾁ,http://www.town.nagatoro.saitama.jp/,http://www.town.nagatoro.saitama.jp/gikai/gikai_kaigi/,,,
113654,埼玉県,小鹿野町,ｻｲﾀﾏｹﾝ,ｵｶﾞﾉﾏﾁ,http://www.town.ogano.lg.jp/index.html,http://www.town.ogano.lg.jp/menyu/gikai/sinkaigiroku/index.html,,,
113697,埼玉県,東秩父村,ｻｲﾀﾏｹﾝ,ﾋｶﾞｼﾁﾁﾌﾞﾑﾗ,http://www.vill.higashichichibu.saitama.jp/,http://www.kaigiroku.net/kensaku/higashichichibu/higashichichibu.html,,,
113816,埼玉県,美里町,ｻｲﾀﾏｹﾝ,ﾐｻﾄﾏﾁ,http://www.town.saitama-misato.lg.jp/,http://www.db-search.com/misato-t/index.php/,,,
113832,埼玉県,神川町,ｻｲﾀﾏｹﾝ,ｶﾐｶﾜﾏﾁ,http://www.town.kamikawa.saitama.jp/,http://www.kaigiroku.net/kensaku/kamikawa/kamikawa.html,,,
113859,埼玉県,上里町,ｻｲﾀﾏｹﾝ,ｶﾐｻﾄﾏﾁ,http://www.town.kamisato.saitama.jp/,http://town.kamisato.saitama.jp/gikai/index.htm,,,
114081,埼玉県,寄居町,ｻｲﾀﾏｹﾝ,ﾖﾘｲﾏﾁ,http://www.town.yorii.saitama.jp/,http://www.kaigiroku.net/kensaku/cgi-bin/WWWinSearch.exe?USR=saiyorc&PWD=&A=inSearch&S=31&L=0,,,
114421,埼玉県,宮代町,ｻｲﾀﾏｹﾝ,ﾐﾔｼﾛﾏﾁ,http://www.town.miyashiro.saitama.jp/,http://www.kaigiroku.net/kensaku/miyashiro/miyashiro.html,,,
114642,埼玉県,杉戸町,ｻｲﾀﾏｹﾝ,ｽｷﾞﾄﾏﾁ,http://www.town.sugito.lg.jp/,http://www.kaigiroku.net/kensaku/sugito/sugito.html,,,
114651,埼玉県,松伏町,ｻｲﾀﾏｹﾝ,ﾏﾂﾌﾞｼﾏﾁ,http://www.town.matsubushi.saitama.jp/,http://asp.db-search.com/matsubushi-t/dsweb.cgi/,,,
120006,千葉県,,ﾁﾊﾞｹﾝ,,https://www.pref.chiba.lg.jp/,http://wwwp.pref.chiba.lg.jp/pbgikai/dsweb.exe/,,,
121002,千葉県,千葉市,ﾁﾊﾞｹﾝ,ﾁﾊﾞｼ,http://www.city.chiba.jp/,http://asp.db-search.com/chiba-c/,,,
122025,千葉県,銚子市,ﾁﾊﾞｹﾝ,ﾁｮｳｼｼ,http://www.city.choshi.chiba.jp/,http://www.kaigiroku.net/kensaku/choshi/choshi.html,,,
122033,千葉県,市川市,ﾁﾊﾞｹﾝ,ｲﾁｶﾜｼ,http://www.city.ichikawa.lg.jp/,http://www.city.ichikawa.lg.jp/cgi-bin/kaigi.cgi,,,
122041,千葉県,船橋市,ﾁﾊﾞｹﾝ,ﾌﾅﾊﾞｼｼ,http://www.city.funabashi.lg.jp/kodomo/,http://funabashi.gijiroku.com/voices/g08v_views.asp,,,
122050,千葉県,館山市,ﾁﾊﾞｹﾝ,ﾀﾃﾔﾏｼ,http://www.city.tateyama.chiba.jp/,http://www.kaigiroku.net/kensaku/ctateyama/ctateyama.html,,,
122068,千葉県,木更津市,ﾁﾊﾞｹﾝ,ｷｻﾗﾂﾞｼ,http://www.city.kisarazu.lg.jp/,http://asp.db-search.com/kisarazu-c/,,,
122076,千葉県,松戸市,ﾁﾊﾞｹﾝ,ﾏﾂﾄﾞｼ,http://www.city.matsudo.chiba.jp/,http://www.kaigiroku.net/kensaku/matsudo/matsudo.html,,,
122084,千葉県,野田市,ﾁﾊﾞｹﾝ,ﾉﾀﾞｼ,http://www.city.matsudo.chiba.jp/,http://www.kaigiroku.net/kensaku/noda/noda.html,,,
122106,千葉県,茂原市,ﾁﾊﾞｹﾝ,ﾓﾊﾞﾗｼ,http://www.city.mobara.chiba.jp/,http://www.city.mobara.chiba.jp/category/6-4-3-0-0.html,,,
122114,千葉県,成田市,ﾁﾊﾞｹﾝ,ﾅﾘﾀｼ,https://www.city.narita.chiba.jp/,http://www.kaigiroku.net/kensaku/narita/narita.html,,,
122122,千葉県,佐倉市,ﾁﾊﾞｹﾝ,ｻｸﾗｼ,http://www.city.sakura.lg.jp/,http://sakurashigikai.gijiroku.com/voices/g08v_search.asp,,,
122131,千葉県,東金市,ﾁﾊﾞｹﾝ,ﾄｳｶﾞﾈｼ,http://www.city.togane.chiba.jp/,http://www.kaigiroku.net/kensaku/togane/togane.html,,,
122157,千葉県,旭市,ﾁﾊﾞｹﾝ,ｱｻﾋｼ,http://www.city.asahi.lg.jp/,http://www.city.asahi.lg.jp/sisei/gikai/gikai004.html,,,
122165,千葉県,習志野市,ﾁﾊﾞｹﾝ,ﾅﾗｼﾉｼ,https://www.city.narashino.lg.jp/,http://www.kaigiroku.net/kensaku/narashino/narashino.html,,,
122173,千葉県,柏市,ﾁﾊﾞｹﾝ,ｶｼﾜｼ,http://www.city.kashiwa.lg.jp/,http://www.kaigiroku.net/kensaku/kashiwa/kashiwa.html,,,
122181,千葉県,勝浦市,ﾁﾊﾞｹﾝ,ｶﾂｳﾗｼ,http://www.city.katsuura.lg.jp/forms/top/top.aspx,http://www.city.katsuura.lg.jp/forms/info/info.aspx?info_id=29282,,,
122190,千葉県,市原市,ﾁﾊﾞｹﾝ,ｲﾁﾊﾗｼ,http://www.city.ichihara.chiba.jp/,http://www.kaigiroku.net/kensaku/ichihara/ichihara.html,,,
122203,千葉県,流山市,ﾁﾊﾞｹﾝ,ﾅｶﾞﾚﾔﾏｼ,http://www.city.nagareyama.chiba.jp/,http://www.kaigiroku.net/kensaku/nagareyama/nagareyama.html,,,
122211,千葉県,八千代市,ﾁﾊﾞｹﾝ,ﾔﾁﾖｼ,http://www.city.yachiyo.chiba.jp/,http://www.kaigiroku.net/kensaku/yachiyo/yachiyo.html,,,
122220,千葉県,我孫子市,ﾁﾊﾞｹﾝ,ｱﾋﾞｺｼ,https://www.city.abiko.chiba.jp/,http://www.kaigiroku.net/kensaku/abiko/abiko.html,,,
122238,千葉県,鴨川市,ﾁﾊﾞｹﾝ,ｶﾓｶﾞﾜｼ,http://www.city.kamogawa.lg.jp/,http://www.city.kamogawa.chiba.jp/VOICES/,,,
122246,千葉県,鎌ケ谷市,ﾁﾊﾞｹﾝ,ｶﾏｶﾞﾔｼ,https://www.city.kamagaya.chiba.jp/,http://www.kaigiroku.net/kensaku/kamagaya/kamagaya.html,,,
122254,千葉県,君津市,ﾁﾊﾞｹﾝ,ｷﾐﾂｼ,https://www.city.kimitsu.lg.jp/,http://www.kaigiroku.net/kensaku/kimitsu/kimitsu.html,,,
122262,千葉県,富津市,ﾁﾊﾞｹﾝ,ﾌｯﾂｼ,http://www.city.futtsu.lg.jp/,http://www.futtsu-gikai.jp/kensaku.asp,,,
122271,千葉県,浦安市,ﾁﾊﾞｹﾝ,ｳﾗﾔｽｼ,http://www.city.urayasu.lg.jp/,http://www.kaigiroku.net/kensaku/cgi-bin/WWWinSearchWizard.exe?A=search_year&USR=chiurasud&PWD=&L=1&S=31&LOG=1,,,
122289,千葉県,四街道市,ﾁﾊﾞｹﾝ,ﾖﾂｶｲﾄﾞｳｼ,http://www.city.yotsukaido.chiba.jp/,http://www.kaigiroku.net/kensaku/yotsukaido/yotsukaido.html,,,
122297,千葉県,袖ケ浦市,ﾁﾊﾞｹﾝ,ｿﾃﾞｶﾞｳﾗｼ,http://www.city.sodegaura.lg.jp/,http://www.kaigiroku.net/kensaku/sodegaura/sodegaura.html,,,
122301,千葉県,八街市,ﾁﾊﾞｹﾝ,ﾔﾁﾏﾀｼ,http://www.city.yachimata.lg.jp/toppage.html,http://www.city.yachimata.lg.jp/assembly/minutes/past.html,,,
122319,千葉県,印西市,ﾁﾊﾞｹﾝ,ｲﾝｻﾞｲｼ,http://www.city.inzai.lg.jp/,http://www.kaigiroku.net/kensaku/inzai/inzai.html,,,
122327,千葉県,白井市,ﾁﾊﾞｹﾝ,ｼﾛｲｼ,http://www.city.shiroi.chiba.jp/,http://asp.db-search.com/shiroi-c/dsweb.cgi/,,,
122335,千葉県,富里市,ﾁﾊﾞｹﾝ,ﾄﾐｻﾄｼ,http://www.city.tomisato.lg.jp/,http://www.kaigiroku.net/kensaku/tomisato/tomisato.html,,,
122343,千葉県,南房総市,ﾁﾊﾞｹﾝ,ﾐﾅﾐﾎﾞｳｿｳｼ,http://www.city.minamiboso.chiba.jp/,http://asp.db-search.com/minamiboso-c/dsweb.cgi/,,,
122351,千葉県,匝瑳市,ﾁﾊﾞｹﾝ,ｿｳｻｼ,http://www.city.sosa.lg.jp/,http://www.kaigiroku.net/kensaku/sosa/sosa.html,,,
122360,千葉県,香取市,ﾁﾊﾞｹﾝ,ｶﾄﾘｼ,http://www.city.katori.lg.jp/,http://www.kaigiroku.net/kensaku/katori/katori.html,,,
122378,千葉県,山武市,ﾁﾊﾞｹﾝ,ｻﾝﾑｼ,http://www.city.sammu.lg.jp/,http://asp.db-search.com/sammu-c/dsweb.cgi/,,,
122386,千葉県,いすみ市,ﾁﾊﾞｹﾝ,ｲｽﾐｼ,http://www.city.isumi.lg.jp/,http://www.kaigiroku.net/kensaku/isumi/isumi.html,,,
122394,千葉県,大網白里市,ﾁﾊﾞｹﾝ,ｵｵｱﾐｼﾗｻﾄｼ,http://www.city.oamishirasato.lg.jp/,http://www.kaigiroku.net/kensaku/cgi-bin/wwwframeBase.exe?A=frameBase&USR=chioamc&PWD=&L=1&S=31&Y=,,,
123226,千葉県,酒々井町,ﾁﾊﾞｹﾝ,ｼｽｲﾏﾁ,https://www.town.shisui.chiba.jp/,https://www.town.shisui.chiba.jp/static/chunk0001/http_model/contents/gikai/kaigiroku/index.html,,,
123293,千葉県,栄町,ﾁﾊﾞｹﾝ,ｻｶｴﾏﾁ,http://www.town.sakae.chiba.jp/,http://www.kensakusystem.jp/sakae/index.html,,,
123421,千葉県,神崎町,ﾁﾊﾞｹﾝ,ｺｳｻﾞｷﾏﾁ,https://www.town.kozaki.chiba.jp/,,,,
123471,千葉県,多古町,ﾁﾊﾞｹﾝ,ﾀｺﾏﾁ,http://www.town.tako.chiba.jp/,http://www.town.tako.chiba.jp/topics/151-1.html,,,
123498,千葉県,東庄町,ﾁﾊﾞｹﾝ,ﾄｳﾉｼｮｳﾏﾁ,https://www.town.tohnosho.chiba.jp/,https://www.town.tohnosho.chiba.jp/gikai/02_kaikinittei.html,,,
124036,千葉県,九十九里町,ﾁﾊﾞｹﾝ,ｸｼﾞﾕｳｸﾘﾏﾁ,http://www.town.kujukuri.chiba.jp/,,,,
124095,千葉県,芝山町,ﾁﾊﾞｹﾝ,ｼﾊﾞﾔﾏﾏﾁ,http://www.town.shibayama.lg.jp/,http://www.town.shibayama.lg.jp/category/28-4-0-0-0.html,,,
124109,千葉県,横芝光町,ﾁﾊﾞｹﾝ,ﾖｺｼﾊﾞﾋｶﾘﾏﾁ,http://www.town.yokoshibahikari.chiba.jp/,http://www.town.yokoshibahikari.chiba.jp/chousei/gikai/gijiroku.html,,,
124214,千葉県,一宮町,ﾁﾊﾞｹﾝ,ｲﾁﾉﾐﾔﾏﾁ,http://www.town.ichinomiya.chiba.jp/,http://www.town.ichinomiya.chiba.jp/info/gikai/1385.html,,,
124222,千葉県,睦沢町,ﾁﾊﾞｹﾝ,ﾑﾂｻﾞﾜﾏﾁ,http://www.town.mutsuzawa.chiba.jp/,http://www.town.mutsuzawa.chiba.jp/kurashi/gikai/cat84/,,,
124231,千葉県,長生村,ﾁﾊﾞｹﾝ,ﾁｮｳｾｲﾑﾗ,http://www.vill.chosei.chiba.jp/,http://asp.db-search.com/chosei-v/dsweb.cgi/,,,
124249,千葉県,白子町,ﾁﾊﾞｹﾝ,ｼﾗｺﾏﾁ,http://www.town.shirako.lg.jp/,http://www.town.shirako.lg.jp/category/11-10-0-0-0.html,,,
124265,千葉県,長柄町,ﾁﾊﾞｹﾝ,ﾅｶﾞﾗﾏﾁ,http://www.town.nagara.chiba.jp/,http://www.town.nagara.chiba.jp/ngr/tc/tc.html,,,
124273,千葉県,長南町,ﾁﾊﾞｹﾝ,ﾁｮｳﾅﾝﾏﾁ,http://www.town.chonan.chiba.jp/,http://www.town.chonan.chiba.jp/chousei/gikai/%E4%BC%9A%E8%AD%B0%E9%8C%B2/,,,
124419,千葉県,大多喜町,ﾁﾊﾞｹﾝ,ｵｵﾀｷﾏﾁ,http://www.town.otaki.chiba.jp/,"http://www.town.otaki.chiba.jp/index.cfm/11,448,69,148,html",,,
124435,千葉県,御宿町,ﾁﾊﾞｹﾝ,ｵﾝｼﾞﾕｸﾏﾁ,http://www.town.onjuku.chiba.jp/,http://www.town.onjuku.chiba.jp/sub5/4/gikai/gijiroku/,,,
124630,千葉県,鋸南町,ﾁﾊﾞｹﾝ,ｷﾖﾅﾝﾏﾁ,http://www.town.kyonan.chiba.jp/kyonan/,http://www.town.kyonan.chiba.jp/kyonan/categories/categories4924/?taxno=item&taxno2=gyouseiinfo,,,
130001,東京都,,ﾄｳｷｮｳﾄ,,http://www.metro.tokyo.jp/index.htm,http://asp.db-search.com/tokyo/,,,
131016,東京都,千代田区,ﾄｳｷｮｳﾄ,ﾁﾖﾀﾞｸ,https://www.city.chiyoda.lg.jp/index.html,http://asp.db-search.com/chiyoda/dsweb.cgi/,,,
131024,東京都,中央区,ﾄｳｷｮｳﾄ,ﾁｭｳｵｳｸ,http://www.city.chuo.lg.jp/,http://www.kugikai.city.chuo.lg.jp/kaigiroku/index.html,,,
131032,東京都,港区,ﾄｳｷｮｳﾄ,ﾐﾅﾄｸ,http://www.city.minato.tokyo.jp/,http://asp.db-search.com/minatokugikai/dsweb.cgi/,,,
131041,東京都,新宿区,ﾄｳｷｮｳﾄ,ｼﾝｼﾞｭｸｸ,https://www.city.shinjuku.lg.jp/,http://www.kaigiroku.net/kensaku/shinjuku/shinjuku.html,,,
131059,東京都,文京区,ﾄｳｷｮｳﾄ,ﾌﾞﾝｷｮｳｸ,http://www.city.bunkyo.lg.jp/,http://www.db-search.com/bunkyo/index.php/,,,
131067,東京都,台東区,ﾄｳｷｮｳﾄ,ﾀｲﾄｳｸ,http://www.city.taito.lg.jp/,http://taito.gijiroku.com/voices/index.asp,,,
131075,東京都,墨田区,ﾄｳｷｮｳﾄ,ｽﾐﾀﾞｸ,https://www.city.sumida.lg.jp/,http://www.kaigiroku.net/kensaku/sumida/sumida.html,,,
131083,東京都,江東区,ﾄｳｷｮｳﾄ,ｺｳﾄｳｸ,https://www.city.koto.lg.jp/,http://asp.db-search.com/koto/,,,
131091,東京都,品川区,ﾄｳｷｮｳﾄ,ｼﾅｶﾞﾜｸ,http://www.city.shinagawa.tokyo.jp/,http://asp.db-search.com/shinagawa/dsweb.cgi/,,,
131105,東京都,目黒区,ﾄｳｷｮｳﾄ,ﾒｸﾞﾛｸ,http://www.city.meguro.tokyo.jp/,http://www.kensakusystem.jp/meguro/sapphire.html,,,
131113,東京都,大田区,ﾄｳｷｮｳﾄ,ｵｵﾀｸ,https://www.city.ota.tokyo.jp/,http://www.gikai-ota-tokyo.jp/ota/index2.html,,,
131121,東京都,世田谷区,ﾄｳｷｮｳﾄ,ｾﾀｶﾞﾔｸ,http://www.city.setagaya.lg.jp/index.html,http://kugi.city.setagaya.tokyo.jp/voices/,,,
131130,東京都,渋谷区,ﾄｳｷｮｳﾄ,ｼﾌﾞﾔｸ,https://www.city.shibuya.tokyo.jp/,http://www.kaigiroku.net/kensaku/shibuya/shibuya.html,,,
131148,東京都,中野区,ﾄｳｷｮｳﾄ,ﾅｶﾉｸ,http://www.city.tokyo-nakano.lg.jp/,http://kugikai-nakano.jp/search_itiran.html,,,
131156,東京都,杉並区,ﾄｳｷｮｳﾄ,ｽｷﾞﾅﾐｸ,http://www.city.suginami.tokyo.jp/,http://suginami.gijiroku.com/voices/index.asp,,,
131164,東京都,豊島区,ﾄｳｷｮｳﾄ,ﾄｼﾏｸ,http://www.city.toshima.lg.jp/,http://www.kensakusystem.jp/toshima/,,,
131172,東京都,北区,ﾄｳｷｮｳﾄ,ｷﾀｸ,http://www.city.kita.tokyo.jp/,http://www.kaigiroku.net/kensaku/kita/kita.html,,,
131181,東京都,荒川区,ﾄｳｷｮｳﾄ,ｱﾗｶﾜｸ,https://www.city.arakawa.tokyo.jp/,"http://www.kaigiroku.net/arakawa/arakawa.html,https://www.city.arakawa.tokyo.jp/kugikai/cgi/kensaku/wwwsrch/wwwsrch.htm",,,
131199,東京都,板橋区,ﾄｳｷｮｳﾄ,ｲﾀﾊﾞｼｸ,http://www.city.itabashi.tokyo.jp/,http://asp.db-search.com/itabashi/,,,
131202,東京都,練馬区,ﾄｳｷｮｳﾄ,ﾈﾘﾏｸ,http://www.city.nerima.tokyo.jp/,http://www.kaigiroku.net/kensaku/cgi-bin/WWWframeBase.exe?A=frameBase_etu&USR=tokners&PWD=&L=1&S=31&Y=,,,
131211,東京都,足立区,ﾄｳｷｮｳﾄ,ｱﾀﾞﾁｸ,https://www.city.adachi.tokyo.jp/,http://gijiroku.gikai-adachi.jp/voices/index.asp,,,
131229,東京都,葛飾区,ﾄｳｷｮｳﾄ,ｶﾂｼｶｸ,http://www.city.katsushika.lg.jp/,http://www.kensakusystem.jp/katsushika/sapphire.html,,,
131237,東京都,江戸川区,ﾄｳｷｮｳﾄ,ｴﾄﾞｶﾞﾜｸ,https://www.city.edogawa.tokyo.jp/,http://www.gikai.city.edogawa.tokyo.jp/voices/g08v_search.asp,,,
132012,東京都,八王子市,ﾄｳｷｮｳﾄ,ﾊﾁｵｳｼﾞｼ,http://www.city.hachioji.tokyo.jp/,http://asp.db-search.com/hachioji-c/dsweb.cgi/,,,
132021,東京都,立川市,ﾄｳｷｮｳﾄ,ﾀﾁｶﾜｼ,https://www.city.tachikawa.lg.jp/,http://www.kaigiroku.net/kensaku/cgi-bin/WWWframeBase.exe?A=frameBase2&USR=toktacs&PWD=&L=1&S=31,,,
132039,東京都,武蔵野市,ﾄｳｷｮｳﾄ,ﾑｻｼﾉｼ,http://www.city.musashino.lg.jp/,http://asp.db-search.com/musashino-c/,,,
132047,東京都,三鷹市,ﾄｳｷｮｳﾄ,ﾐﾀｶｼ,http://www.city.mitaka.tokyo.jp/,http://asp.db-search.com/mitaka-c/dsweb.cgi/?Template=Perusal,,,
132055,東京都,青梅市,ﾄｳｷｮｳﾄ,ｵｳﾒｼ,https://www.city.ome.tokyo.jp/,http://www.kaigiroku.net/kensaku/ome/ome.html,,,
132063,東京都,府中市,ﾄｳｷｮｳﾄ,ﾌﾁｭｳｼ,https://www.city.fuchu.tokyo.jp/,http://asp.db-search.com/fuchu-c/,,,
132071,東京都,昭島市,ﾄｳｷｮｳﾄ,ｱｷｼﾏｼ,http://www.city.akishima.lg.jp/,http://ssp.kaigiroku.net/tenant/akishima/pg/index.html,,,
132080,東京都,調布市,ﾄｳｷｮｳﾄ,ﾁｮｳﾌｼ,http://www.city.chofu.tokyo.jp/www/toppage/0000000000000/APM03000.html,http://chofucity.gijiroku.com/voices/index2.html,,,
132098,東京都,町田市,ﾄｳｷｮｳﾄ,ﾏﾁﾀﾞｼ,https://www.city.machida.tokyo.jp/,http://www.gikai-machida.jp/voices/g08v_search.asp,,,
132101,東京都,小金井市,ﾄｳｷｮｳﾄ,ｺｶﾞﾈｲｼ,https://www.city.koganei.lg.jp/,http://asp.db-search.com/koganei-c/,,,
132110,東京都,小平市,ﾄｳｷｮｳﾄ,ｺﾀﾞｲﾗｼ,http://www.city.kodaira.tokyo.jp/,http://www.kaigiroku.net/kensaku/kodaira/kodaira.html,,,
132128,東京都,日野市,ﾄｳｷｮｳﾄ,ﾋﾉｼ,http://www.city.hino.lg.jp/,http://asp.db-search.com/hino-c/,,,
132136,東京都,東村山市,ﾄｳｷｮｳﾄ,ﾋｶﾞｼﾑﾗﾔﾏｼ,https://www.city.higashimurayama.tokyo.jp/,http://www.city.higashimurayama.tokyo.jp/gikai/gikaijoho/kensaku/,,,
132144,東京都,国分寺市,ﾄｳｷｮｳﾄ,ｺｸﾌﾞﾝｼﾞｼ,http://www.city.kokubunji.tokyo.jp/,http://asp.db-search.com/kokubunji-c/,,,
132152,東京都,国立市,ﾄｳｷｮｳﾄ,ｸﾆﾀﾁｼ,http://www.city.kunitachi.tokyo.jp/,http://asp.db-search.com/kunitachi-c/,,,
132187,東京都,福生市,ﾄｳｷｮｳﾄ,ﾌｯｻｼ,https://www.city.fussa.tokyo.jp/,http://asp.db-search.com/fussa-c/,,,
132195,東京都,狛江市,ﾄｳｷｮｳﾄ,ｺﾏｴｼ,https://www.city.komae.tokyo.jp/,http://asp.db-search.com/komae-c/,,,
132209,東京都,東大和市,ﾄｳｷｮｳﾄ,ﾋｶﾞｼﾔﾏﾄｼ,http://www.city.higashiyamato.lg.jp/,"https://www.city.higashiyamato.lg.jp/index.cfm/36,0,381,661,html",,,
132217,東京都,清瀬市,ﾄｳｷｮｳﾄ,ｷﾖｾｼ,http://www.city.kiyose.lg.jp/,http://www.kaigiroku.net/kensaku/kiyose/kiyose.html,,,
132225,東京都,東久留米市,ﾄｳｷｮｳﾄ,ﾋｶﾞｼｸﾙﾒｼ,http://www.city.higashikurume.lg.jp/,http://asp.db-search.com/higashikurume-c/,,,
132233,東京都,武蔵村山市,ﾄｳｷｮｳﾄ,ﾑｻｼﾑﾗﾔﾏｼ,http://www.city.musashimurayama.lg.jp/,http://www.kaigiroku.net/kensaku/musashimurayama/musashimurayama.html,,,
132241,東京都,多摩市,ﾄｳｷｮｳﾄ,ﾀﾏｼ,https://www.city.tama.lg.jp/,http://asp.db-search.com/tama-c/,,,
132250,東京都,稲城市,ﾄｳｷｮｳﾄ,ｲﾅｷﾞｼ,https://www.city.inagi.tokyo.jp/,http://asp.db-search.com/inagi-c/,,,
132276,東京都,羽村市,ﾄｳｷｮｳﾄ,ﾊﾑﾗｼ,http://www.city.hamura.tokyo.jp/,http://asp.db-search.com/hamura-c/,,,
132284,東京都,あきる野市,ﾄｳｷｮｳﾄ,ｱｷﾙﾉｼ,http://www.city.akiruno.tokyo.jp/,http://asp.db-search.com/akiruno-c/,,,
132292,東京都,西東京市,ﾄｳｷｮｳﾄ,ﾆｼﾄｳｷｮｳｼ,http://www.city.nishitokyo.lg.jp/,http://asp.db-search.com/nishitokyo-c/dsweb.cgi/,,,
133035,東京都,瑞穂町,ﾄｳｷｮｳﾄ,ﾐｽﾞﾎﾏﾁ,http://www.town.mizuho.tokyo.jp/,http://www.kaigiroku.net/kensaku/mizuho/mizuho.html,,,
133051,東京都,日の出町,ﾄｳｷｮｳﾄ,ﾋﾉﾃﾞﾏﾁ,http://www.town.hinode.tokyo.jp/,http://www.db-search.com/hinode-t/index.php/,,,
133078,東京都,檜原村,ﾄｳｷｮｳﾄ,ﾋﾉﾊﾗﾑﾗ,http://www.vill.hinohara.tokyo.jp/,http://www.vill.hinohara.tokyo.jp/gikai/07_gikaidayori.html,,,
133086,東京都,奥多摩町,ﾄｳｷｮｳﾄ,ｵｸﾀﾏﾏﾁ,http://www.town.okutama.tokyo.jp/,http://www.town.okutama.tokyo.jp/gyose/gikai/kaigiroku.html,,,
133612,東京都,大島町,ﾄｳｷｮｳﾄ,ｵｵｼﾏﾏﾁ,http://www.town.oshima.tokyo.jp/,,,,
133621,東京都,利島村,ﾄｳｷｮｳﾄ,ﾄｼﾏﾑﾗ,http://www.toshimamura.org/,http://www.toshimamura.org/about/assembly,,,
133639,東京都,新島村,ﾄｳｷｮｳﾄ,ﾆｲｼﾞﾏﾑﾗ,https://www.niijima.com/,,,,
133647,東京都,神津島村,ﾄｳｷｮｳﾄ,ｺｳﾂﾞｼﾏﾑﾗ,http://vill.kouzushima.tokyo.jp/,http://vill.kouzushima.tokyo.jp/mt/mt-search.cgi?search=%E8%AD%B0%E4%BC%9A&IncludeBlogs=3&limit=20,,,
133817,東京都,三宅村,ﾄｳｷｮｳﾄ,ﾐﾔｹﾑﾗ,http://www.miyakemura.com/,http://www.miyakemura.com/content/list/gikai.html,,,
133825,東京都,御蔵島村,ﾄｳｷｮｳﾄ,ﾐｸﾗｼﾞﾏﾑﾗ,http://www.mikurasima.jp/,http://www.mikurasima.jp/section/gyosei/gikai.html,,,
134015,東京都,八丈町,ﾄｳｷｮｳﾄ,ﾊﾁｼﾞｮｳﾏﾁ,http://www.town.hachijo.tokyo.jp/,"http://www.town.hachijo.tokyo.jp/kakuka/gikai/gikaidayori.html,http://www.town.hachijo.tokyo.jp/kakuka/gikai/movie.html",,,
134023,東京都,青ヶ島村,ﾄｳｷｮｳﾄ,ｱｵｶﾞｼﾏﾑﾗ,http://www.vill.aogashima.tokyo.jp/,,,,
134210,東京都,小笠原村,ﾄｳｷｮｳﾄ,ｵｶﾞｻﾜﾗﾑﾗ,http://www.vill.ogasawara.tokyo.jp/,http://www.vill.ogasawara.tokyo.jp/gikai_kaigiroku/,,,
140007,神奈川県,,ｶﾅｶﾞﾜｹﾝ,,http://www.pref.kanagawa.jp/,http://www.kaigiroku.net/kensaku/pref_kanagawa/kanagawa.html,,,
141003,神奈川県,横浜市,ｶﾅｶﾞﾜｹﾝ,ﾖｺﾊﾏｼ,http://www.city.yokohama.lg.jp/,http://giji.city.yokohama.lg.jp/kensaku/yokohama/,,,
141305,神奈川県,川崎市,ｶﾅｶﾞﾜｹﾝ,ｶﾜｻｷｼ,http://www.city.kawasaki.jp/,http://www13.gijiroku.com/kawasaki_council/,,,
141500,神奈川県,相模原市,ｶﾅｶﾞﾜｹﾝ,ｻｶﾞﾐﾊﾗｼ,http://www.city.sagamihara.kanagawa.jp/,http://www.kaigiroku.net/kensaku/sagamihara/sagamihara.html,,,
142018,神奈川県,横須賀市,ｶﾅｶﾞﾜｹﾝ,ﾖｺｽｶｼ,https://www.city.yokosuka.kanagawa.jp/index.html,http://www.kaigiroku.net/kensaku/cgi-bin/WWWframeBase.exe?A=frameBase&USR=kanykss&PWD=&L=1&S=31&Y=,,,
142034,神奈川県,平塚市,ｶﾅｶﾞﾜｹﾝ,ﾋﾗﾂｶｼ,http://www.city.hiratsuka.kanagawa.jp/,http://asp.db-search.com/hiratsuka-c/,,,
142042,神奈川県,鎌倉市,ｶﾅｶﾞﾜｹﾝ,ｶﾏｸﾗｼ,https://www.city.kamakura.kanagawa.jp/,http://kamakuracity.gijiroku.com/voices/index.html,,,
142051,神奈川県,藤沢市,ｶﾅｶﾞﾜｹﾝ,ﾌｼﾞｻﾜｼ,https://www.city.fujisawa.kanagawa.jp/,http://shigikai.city.fujisawa.kanagawa.jp/voices/g08v_search.asp,,,
142069,神奈川県,小田原市,ｶﾅｶﾞﾜｹﾝ,ｵﾀﾞﾜﾗｼ,http://www.city.odawara.kanagawa.jp/,http://www.discussvision.net/discuss/odawara/odawara.html,,,
142077,神奈川県,茅ヶ崎市,ｶﾅｶﾞﾜｹﾝ,ﾁｶﾞｻｷｼ,http://www.city.chigasaki.kanagawa.jp/,http://info.city.chigasaki.kanagawa.jp/VOICES/,,,
142085,神奈川県,逗子市,ｶﾅｶﾞﾜｹﾝ,ｽﾞｼｼ,http://www.city.zushi.kanagawa.jp/,http://www.kaigiroku.net/kensaku/zushi/zushi.html,,,
142107,神奈川県,三浦市,ｶﾅｶﾞﾜｹﾝ,ﾐｳﾗｼ,http://www.city.miura.kanagawa.jp/,http://www.kensakusystem.jp/miura/,,,
142115,神奈川県,秦野市,ｶﾅｶﾞﾜｹﾝ,ﾊﾀﾞﾉｼ,https://www.city.hadano.kanagawa.jp/,http://asp.db-search.com/hadano-c/,,,
142123,神奈川県,厚木市,ｶﾅｶﾞﾜｹﾝ,ｱﾂｷﾞｼ,http://www.city.atsugi.kanagawa.jp/,http://asp.db-search.com/atsugi-c/,,,
142131,神奈川県,大和市,ｶﾅｶﾞﾜｹﾝ,ﾔﾏﾄｼ,http://www.city.yamato.lg.jp/,http://yamato.gijiroku.com/voices/,,,
142140,神奈川県,伊勢原市,ｶﾅｶﾞﾜｹﾝ,ｲｾﾊﾗｼ,http://www.city.isehara.kanagawa.jp/,http://asp.db-search.com/isehara-c/,,,
142158,神奈川県,海老名市,ｶﾅｶﾞﾜｹﾝ,ｴﾋﾞﾅｼ,http://www.city.ebina.kanagawa.jp/www/toppage/0000000000000/APM03000.html,http://www2.city.ebina.kanagawa.jp/voices/,,,
142166,神奈川県,座間市,ｶﾅｶﾞﾜｹﾝ,ｻﾞﾏｼ,http://www.city.zama.kanagawa.jp/www/toppage/0000000000000/APM03000.html,http://www.kensakusystem.jp/zama/sapphire.html,,,
142174,神奈川県,南足柄市,ｶﾅｶﾞﾜｹﾝ,ﾐﾅﾐｱｼｶﾞﾗｼ,http://www.city.minamiashigara.kanagawa.jp/,http://www.db-search.com/minamiashigara-c/index.php/,,,
142182,神奈川県,綾瀬市,ｶﾅｶﾞﾜｹﾝ,ｱﾔｾｼ,http://www.city.ayase.kanagawa.jp/,http://www.kaigiroku.net/kensaku/ayase/ayase.html,,,
143014,神奈川県,葉山町,ｶﾅｶﾞﾜｹﾝ,ﾊﾔﾏﾏﾁ,http://www.town.hayama.lg.jp/,http://www.town.hayama.lg.jp/gikai/6/,,,
143219,神奈川県,寒川町,ｶﾅｶﾞﾜｹﾝ,ｻﾑｶﾜﾏﾁ,http://www.town.samukawa.kanagawa.jp/,http://www.db-search.com/samukawa-t/index.php/,,,
143413,神奈川県,大磯町,ｶﾅｶﾞﾜｹﾝ,ｵｵｲｿﾏﾁ,http://www.town.oiso.kanagawa.jp/,http://www.kensakusystem.jp/oiso/,,,
143421,神奈川県,二宮町,ｶﾅｶﾞﾜｹﾝ,ﾆﾉﾐﾔﾏﾁ,http://www.town.ninomiya.kanagawa.jp/,http://asp.db-search.com/ninomiya-t/dsweb.cgi/,,,
143618,神奈川県,中井町,ｶﾅｶﾞﾜｹﾝ,ﾅｶｲﾏﾁ,http://www.town.nakai.kanagawa.jp/forms/top/top.aspx,http://www.db-search.com/nakai-t/index.php/,,,
143626,神奈川県,大井町,ｶﾅｶﾞﾜｹﾝ,ｵｵｲﾏﾁ,http://www.town.oi.kanagawa.jp/,http://www.town.oi.kanagawa.jp/chosei/gikaidayori/index.html,,,
143634,神奈川県,松田町,ｶﾅｶﾞﾜｹﾝ,ﾏﾂﾀﾞﾏﾁ,https://town.matsuda.kanagawa.jp/,https://town.matsuda.kanagawa.jp/site/gikai/,,,
143642,神奈川県,山北町,ｶﾅｶﾞﾜｹﾝ,ﾔﾏｷﾀﾏﾁ,http://www.town.yamakita.kanagawa.jp/,http://www.town.yamakita.kanagawa.jp/contents_detail.php?frmId=1660,,,
143669,神奈川県,開成町,ｶﾅｶﾞﾜｹﾝ,ｶｲｾｲﾏﾁ,http://www.town.kaisei.kanagawa.jp/forms/top/top.aspx,http://www.town.kaisei.kanagawa.jp/forms/info/info.aspx?info_id=2891,,,
143821,神奈川県,箱根町,ｶﾅｶﾞﾜｹﾝ,ﾊｺﾈﾏﾁ,http://www.town.hakone.kanagawa.jp/,http://ami-search.amivoice.com/hakone/usr/,,,
143839,神奈川県,真鶴町,ｶﾅｶﾞﾜｹﾝ,ﾏﾅﾂﾙﾏﾁ,http://www.town-manazuru.jp/,http://www.kensakusystem.jp/manazuru/sapphire.html,,,
143847,神奈川県,湯河原町,ｶﾅｶﾞﾜｹﾝ,ﾕｶﾞﾜﾗﾏﾁ,http://www.town.yugawara.kanagawa.jp/,http://www.db-search.com/yugawara-t/index.php/,,,
144011,神奈川県,愛川町,ｶﾅｶﾞﾜｹﾝ,ｱｲｶﾜﾏﾁ,http://www.town.aikawa.kanagawa.jp/,http://www.kaigiroku.net/kensaku/aikawa/aikawa.html,,,
144029,神奈川県,清川村,ｶﾅｶﾞﾜｹﾝ,ｷﾖｶﾜﾑﾗ,http://www.town.kiyokawa.kanagawa.jp/,http://www.kensakusystem.jp/kiyokawa/index.html,,,
150002,新潟県,,ﾆｲｶﾞﾀｹﾝ,,http://www.pref.niigata.lg.jp/,http://www.kaigiroku.net/kensaku/niigatak/niigatak.html,,,
151009,新潟県,新潟市,ﾆｲｶﾞﾀｹﾝ,ﾆｲｶﾞﾀｼ,https://www.city.niigata.lg.jp/,http://www06.gijiroku.com/niigata/,,,
152021,新潟県,長岡市,ﾆｲｶﾞﾀｹﾝ,ﾅｶﾞｵｶｼ,http://www.city.nagaoka.niigata.jp/,http://www09.gijiroku.com/nagaoka/,,,
152048,新潟県,三条市,ﾆｲｶﾞﾀｹﾝ,ｻﾝｼﾞｮｳｼ,http://www.city.sanjo.niigata.jp/,http://www.kensakusystem.jp/sanjo/index.html,,,
152056,新潟県,柏崎市,ﾆｲｶﾞﾀｹﾝ,ｶｼﾜｻﾞｷｼ,https://www.city.kashiwazaki.lg.jp/,http://www.kensakusystem.jp/kashiwazaki/sapphire.html,,,
152064,新潟県,新発田市,ﾆｲｶﾞﾀｹﾝ,ｼﾊﾞﾀｼ,http://www.city.shibata.niigata.jp/,http://www.shibata-shigikai.jp/voices/g08v_search.asp,,,
152081,新潟県,小千谷市,ﾆｲｶﾞﾀｹﾝ,ｵﾁﾞﾔｼ,http://www.city.ojiya.niigata.jp/,http://www.kaigiroku.net/kensaku/ojiya/ojiya.html,,,
152099,新潟県,加茂市,ﾆｲｶﾞﾀｹﾝ,ｶﾓｼ,http://www.city.kamo.niigata.jp/,http://www.city.kamo.niigata.jp/section/gikaijimu/,,,
152102,新潟県,十日町市,ﾆｲｶﾞﾀｹﾝ,ﾄｵｶﾏﾁｼ,http://www.city.tokamachi.lg.jp/,http://www.kaigiroku.net/kensaku/tokamachi/tokamachi.html,,,
152111,新潟県,見附市,ﾆｲｶﾞﾀｹﾝ,ﾐﾂｹｼ,http://www.city.mitsuke.niigata.jp/,http://www.kaigiroku.net/kensaku/mitsuke/mitsuke.html,,,
152129,新潟県,村上市,ﾆｲｶﾞﾀｹﾝ,ﾑﾗｶﾐｼ,http://www.city.murakami.lg.jp/,http://www.city.murakami.lg.jp/site/shigikai/list363-1187.html,,,
152137,新潟県,燕市,ﾆｲｶﾞﾀｹﾝ,ﾂﾊﾞﾒｼ,http://www.city.tsubame.niigata.jp/,http://www.kaigiroku.net/kensaku/tsubame/tsubame.html,,,
152161,新潟県,糸魚川市,ﾆｲｶﾞﾀｹﾝ,ｲﾄｲｶﾞﾜｼ,http://www.city.itoigawa.lg.jp/,http://www.city.itoigawa.lg.jp/3537.htm,,,
152170,新潟県,妙高市,ﾆｲｶﾞﾀｹﾝ,ﾐｮｳｺｳｼ,http://www.city.myoko.niigata.jp/,http://www.city.myoko.niigata.jp/kensaku/index.html,,,
152188,新潟県,五泉市,ﾆｲｶﾞﾀｹﾝ,ｺﾞｾﾝｼ,http://www.city.gosen.lg.jp/,http://www.kaigiroku.net/kensaku/gosen/gosen.html,,,
152226,新潟県,上越市,ﾆｲｶﾞﾀｹﾝ,ｼﾞｮｳｴﾂｼ,http://www.city.joetsu.niigata.jp/,http://www.city.joetsu.niigata.jp/site/kaigi-koukai/,,,
152234,新潟県,阿賀野市,ﾆｲｶﾞﾀｹﾝ,ｱｶﾞﾉｼ,http://www.city.agano.niigata.jp/,http://www.city.agano.niigata.jp/shigikai/kaigiroku/indx.html,,,
152242,新潟県,佐渡市,ﾆｲｶﾞﾀｹﾝ,ｻﾄﾞｼ,https://www.city.sado.niigata.jp/,https://www.city.sado.niigata.jp/c_council/general/general/rep/index.shtml,,,
152251,新潟県,魚沼市,ﾆｲｶﾞﾀｹﾝ,ｳｵﾇﾏｼ,http://www.city.uonuma.niigata.jp/,http://www.city.uonuma.niigata.jp/categories/navi/shisei/shigikai/kaidiroku/,,,
152269,新潟県,南魚沼市,ﾆｲｶﾞﾀｹﾝ,ﾐﾅﾐｳｵﾇﾏｼ,http://www.city.minamiuonuma.niigata.jp/,http://www.city.minamiuonuma.niigata.jp/soshiki/shigikai/gikaijimukyoku/gijikakari/gikai/kaigiroku_giketsukekka/gijiroku/index.html,,,
152277,新潟県,胎内市,ﾆｲｶﾞﾀｹﾝ,ﾀｲﾅｲｼ,http://www.city.tainai.lg.jp/,http://www.kaigiroku.net/kensaku/tainai/tainai.html,,,
153079,新潟県,聖籠町,ﾆｲｶﾞﾀｹﾝ,ｾｲﾛｳﾏﾁ,http://www.town.seiro.niigata.jp/,http://www.town.seiro.niigata.jp/gikai/kaigiroku.html,,,
153427,新潟県,弥彦村,ﾆｲｶﾞﾀｹﾝ,ﾔﾋｺﾑﾗ,http://www.vill.yahiko.niigata.jp/,http://www.vill.yahiko.niigata.jp/gikai/tayori.html,,,
153613,新潟県,田上町,ﾆｲｶﾞﾀｹﾝ,ﾀｶﾞﾐﾏﾁ,http://www.town.tagami.niigata.jp/,http://www.town.tagami.niigata.jp/assembly/2014-0127-1002-59.html,,,
153851,新潟県,阿賀町,ﾆｲｶﾞﾀｹﾝ,ｱｶﾞﾏﾁ,http://www.town.aga.niigata.jp/,http://www.kaigiroku.net/kensaku/aga/aga.html,,,
154059,新潟県,出雲崎町,ﾆｲｶﾞﾀｹﾝ,ｲｽﾞﾓｻﾞｷﾏﾁ,http://www.town.izumozaki.niigata.jp/,http://www.town.izumozaki.niigata.jp/gikai/kaigiroku/,,,
154610,新潟県,湯沢町,ﾆｲｶﾞﾀｹﾝ,ﾕｻﾞﾜﾏﾁ,http://www.town.yuzawa.lg.jp/,http://www.town.yuzawa.lg.jp/cyosei/gikai/kaigiroku/index.html,,,
154822,新潟県,津南町,ﾆｲｶﾞﾀｹﾝ,ﾂﾅﾝﾏﾁ,http://www.town.tsunan.niigata.jp/,http://www.town.tsunan.niigata.jp/site/gikai/list40-164.html,,,
155047,新潟県,刈羽村,ﾆｲｶﾞﾀｹﾝ,ｶﾘﾜﾑﾗ,http://www.vill.kariwa.niigata.jp/www/index.jsp,http://www.vill.kariwa.niigata.jp/www/assembly/result.jsp?life_genre=169,,,
155811,新潟県,関川村,ﾆｲｶﾞﾀｹﾝ,ｾｷｶﾜﾑﾗ,http://www.vill.sekikawa.niigata.jp/,http://www.vill.sekikawa.niigata.jp/info/gikai/kaigiroku/index.html,,,
155861,新潟県,粟島浦村,ﾆｲｶﾞﾀｹﾝ,ｱﾜｼﾏｳﾗﾑﾗ,http://www.vill.awashimaura.lg.jp/,,,,
160008,富山県,,ﾄﾔﾏｹﾝ,,http://www.pref.toyama.jp/,http://www.db-search.com/toyama/,,,
162019,富山県,富山市,ﾄﾔﾏｹﾝ,ﾄﾔﾏｼ,http://www.city.toyama.toyama.jp/,http://asp.db-search.com/toyama-c/,,,
162027,富山県,高岡市,ﾄﾔﾏｹﾝ,ﾀｶｵｶｼ,http://www.city.takaoka.toyama.jp/,http://asp.db-search.com/takaoka-c/,,,
162043,富山県,魚津市,ﾄﾔﾏｹﾝ,ｳｵﾂﾞｼ,http://www.city.uozu.toyama.jp/,http://asp.db-search.com/uozu-c/,,,
162051,富山県,氷見市,ﾄﾔﾏｹﾝ,ﾋﾐｼ,http://www.city.himi.toyama.jp/,http://himi.gijiroku.com/voices/,,,
162060,富山県,滑川市,ﾄﾔﾏｹﾝ,ﾅﾒﾘｶﾜｼ,http://www.city.namerikawa.toyama.jp/,http://www.city.namerikawa.toyama.jp/kaigiroku/,,,
162078,富山県,黒部市,ﾄﾔﾏｹﾝ,ｸﾛﾍﾞｼ,http://www.city.kurobe.toyama.jp/,http://www3.city.kurobe.toyama.jp/kurobe/index.html,,,
162086,富山県,砺波市,ﾄﾔﾏｹﾝ,ﾄﾅﾐｼ,http://www.city.tonami.toyama.jp/tonamisypher/www/normal_top.jsp,http://info.city.tonami.toyama.jp/,,,
162094,富山県,小矢部市,ﾄﾔﾏｹﾝ,ｵﾔﾍﾞｼ,http://www.city.oyabe.toyama.jp/,http://gikai02.kaigiroku.jp/kaigiroku/c_oyabe/,,,
162108,富山県,南砺市,ﾄﾔﾏｹﾝ,ﾅﾝﾄｼ,http://www.city.nanto.toyama.jp/cms-sypher/www/index.jsp,http://www.kaigiroku.net/kensaku/nanto/nanto.html,,,
162116,富山県,射水市,ﾄﾔﾏｹﾝ,ｲﾐｽﾞｼ,http://www.city.imizu.toyama.jp/,http://www.kaigiroku.net/kensaku/imizu/menu.html,,,
163210,富山県,舟橋村,ﾄﾔﾏｹﾝ,ﾌﾅﾊｼﾑﾗ,http://www.vill.funahashi.toyama.jp/,http://www.vill.funahashi.toyama.jp/kaigiroku/,,,
163228,富山県,上市町,ﾄﾔﾏｹﾝ,ｶﾐｲﾁﾏﾁ,http://www.town.kamiichi.toyama.jp/top.aspx,http://asp.db-search.com/kamiichi-t/,,,
163236,富山県,立山町,ﾄﾔﾏｹﾝ,ﾀﾃﾔﾏﾏﾁ,http://www.town.tateyama.toyama.jp/pub/top.aspx,http://www2.town.tateyama.toyama.jp/,,,
163422,富山県,入善町,ﾄﾔﾏｹﾝ,ﾆｭｳｾﾞﾝﾏﾁ,https://www.town.nyuzen.toyama.jp/,http://asp.db-search.com/nyuzen-t/,,,
163431,富山県,朝日町,ﾄﾔﾏｹﾝ,ｱｻﾋﾏﾁ,http://www.town.asahi.toyama.jp/,http://www.town.asahi.toyama.jp/gyosei/gikai/1452071479231.html,,,
170003,石川県,,ｲｼｶﾜｹﾝ,,http://www.pref.ishikawa.lg.jp/,http://pref-ishikawa.gijiroku.com/voices/,,,
172014,石川県,金沢市,ｲｼｶﾜｹﾝ,ｶﾅｻﾞﾜｼ,https://www4.city.kanazawa.lg.jp/,http://www.kaigiroku.net/kensaku/kanazawa/kanazawa.html,,,
172022,石川県,七尾市,ｲｼｶﾜｹﾝ,ﾅﾅｵｼ,http://www.city.nanao.lg.jp/,http://www.kaigiroku.net/kensaku/nanao/nanao.html,,,
172031,石川県,小松市,ｲｼｶﾜｹﾝ,ｺﾏﾂｼ,http://www.city.komatsu.lg.jp/,http://asp.db-search.com/komatsu-c/,,,
172049,石川県,輪島市,ｲｼｶﾜｹﾝ,ﾜｼﾞﾏｼ,http://www.city.wajima.ishikawa.jp/,http://www.kaigiroku.net/kensaku/wajima/wajima.html,,,
172057,石川県,珠洲市,ｲｼｶﾜｹﾝ,ｽｽﾞｼ,http://www.city.suzu.ishikawa.jp/,http://gij.city.suzu.ishikawa.jp/,,,
172065,石川県,加賀市,ｲｼｶﾜｹﾝ,ｶｶﾞｼ,https://www.city.kaga.ishikawa.jp/,http://www.kaigiroku.net/kensaku/kaga/kaga.html,,,
172073,石川県,羽咋市,ｲｼｶﾜｹﾝ,ﾊｸｲｼ,http://www.city.hakui.ishikawa.jp/sypher/www/index.jsp,http://www.city.hakui.lg.jp/sypher/www/life/result.jsp?life_supergenre=4&life_subgenre=071,,,
172090,石川県,かほく市,ｲｼｶﾜｹﾝ,ｶﾎｸｼ,http://www.city.kahoku.lg.jp/www/,http://www.city.kahoku.lg.jp/www/04/407/007/index.html,,,
172103,石川県,白山市,ｲｼｶﾜｹﾝ,ﾊｸｻﾝｼ,http://www.city.hakusan.lg.jp/,http://www.kaigiroku.net/kensaku/hakusan/hakusan.html,,,
172111,石川県,能美市,ｲｼｶﾜｹﾝ,ﾉﾐｼ,http://www.city.nomi.ishikawa.jp/,http://www.db-search.com/nomi-c/index.php/,,,
172120,石川県,野々市市,ｲｼｶﾜｹﾝ,ﾉﾉｲﾁｼ,http://www.city.nonoichi.lg.jp/,http://www.kaigiroku.net/kensaku/nonoichi/nonoichi.html,,,
173240,石川県,川北町,ｲｼｶﾜｹﾝ,ｶﾜｷﾀﾏﾁ,http://www.town.kawakita.ishikawa.jp/,http://www.town.kawakita.ishikawa.jp/gyosei1/gikai/entry-109.html,,,
173614,石川県,津幡町,ｲｼｶﾜｹﾝ,ﾂﾊﾞﾀﾏﾁ,http://www.town.tsubata.ishikawa.jp/,https://www.town.tsubata.ishikawa.jp/soshiki/gikaijimukyoku/gikai_kaigiroku.html,,,
173657,石川県,内灘町,ｲｼｶﾜｹﾝ,ｳﾁﾅﾀﾞﾏﾁ,http://www.town.uchinada.lg.jp/webapps/www/index.jsp,http://www.town.uchinada.lg.jp/webapps/www/info/result.jsp?genre=23,,,
173843,石川県,志賀町,ｲｼｶﾜｹﾝ,ｼｶﾏﾁ,http://www.town.shika.lg.jp/,http://www.town.shika.ishikawa.jp/gikai/kaigiroku/kaigiroku_back_number.html,,,
173860,石川県,宝達志水町,ｲｼｶﾜｹﾝ,ﾎｳﾀﾞﾂｼﾐｽﾞﾁｮｳ,http://www.hodatsushimizu.jp/,http://www.hodatsushimizu.jp/kurashi/gov/list.jsp?life_genre=49#a_154,,,
174076,石川県,中能登町,ｲｼｶﾜｹﾝ,ﾅｶﾉﾄﾏﾁ,http://www.town.nakanoto.ishikawa.jp/webapps/www/index.jsp,http://www.town.nakanoto.ishikawa.jp/webapps/www/life/result.jsp,,,
174611,石川県,穴水町,ｲｼｶﾜｹﾝ,ｱﾅﾐｽﾞﾏﾁ,http://www.town.anamizu.ishikawa.jp/,http://www.town.anamizu.ishikawa.jp/gikai/gikaikaigiroku.html,,,
174637,石川県,能登町,ｲｼｶﾜｹﾝ,ﾉﾄﾁｮｳ,http://www.town.noto.lg.jp/www/total_top.jsp,http://www.town.noto.lg.jp/www/gov/result.jsp?genre_id=60&parent_genre_id=2,,,
180009,福井県,,ﾌｸｲｹﾝ,,http://www.pref.fukui.lg.jp/,http://gikai.pref.fukui.jp/kaigiroku/,,,
182010,福井県,福井市,ﾌｸｲｹﾝ,ﾌｸｲｼ,http://www.city.fukui.lg.jp/,http://www.gijiroku.net/city.fukui/,,,
182028,福井県,敦賀市,ﾌｸｲｹﾝ,ﾂﾙｶﾞｼ,http://www.city.tsuruga.lg.jp/,http://giji.ton21.ne.jp/,,,
182044,福井県,小浜市,ﾌｸｲｹﾝ,ｵﾊﾞﾏｼ,http://www1.city.obama.fukui.jp/,http://www.kaigiroku.net/kensaku/obama/obama.html,,,
182052,福井県,大野市,ﾌｸｲｹﾝ,ｵｵﾉｼ,http://www.city.ono.fukui.jp/,http://www.kaigiroku.net/kensaku/ono/ono.html,,,
182061,福井県,勝山市,ﾌｸｲｹﾝ,ｶﾂﾔﾏｼ,http://www.city.katsuyama.fukui.jp/,http://www.kensakusystem.jp/katsuyama-gikai/,,,
182079,福井県,鯖江市,ﾌｸｲｹﾝ,ｻﾊﾞｴｼ,http://www.city.sabae.fukui.jp/,http://sabaecity.gijiroku.com/voices/,,,
182087,福井県,あわら市,ﾌｸｲｹﾝ,ｱﾜﾗｼ,http://www.city.awara.lg.jp/,http://www.city.awara.lg.jp/gikai/hongikai/4200/index.html,,,
182095,福井県,越前市,ﾌｸｲｹﾝ,ｴﾁｾﾞﾝｼ,http://www.city.echizen.lg.jp/,http://www.gijiroku.net/city.echizen/,,,
182109,福井県,坂井市,ﾌｸｲｹﾝ,ｻｶｲｼ,https://www.city.fukui-sakai.lg.jp/,http://www.city.fukui-sakai.lg.jp/gikai/kaigiroku/index.html,,,
183229,福井県,永平寺町,ﾌｸｲｹﾝ,ｴｲﾍｲｼﾞﾁｮｳ,https://www.town.eiheiji.lg.jp/,http://www.eiheiji-gikai.jp/minutes,,,
183822,福井県,池田町,ﾌｸｲｹﾝ,ｲｹﾀﾞﾁｮｳ,https://www.town.ikeda.fukui.jp/,http://www.ikedamachi.net/pages/4_kaigiroku.html,,,
184047,福井県,南越前町,ﾌｸｲｹﾝ,ﾐﾅﾐｴﾁｾﾞﾝﾁｮｳ,http://www.town.minamiechizen.lg.jp/,http://www.town.minamiechizen.lg.jp/tyougikai/p002067.html,,,
184233,福井県,越前町,ﾌｸｲｹﾝ,ｴﾁｾﾞﾝﾁｮｳ,http://www.town.echizen.fukui.jp/webworks/web/index.jsp,http://www.town.echizen.fukui.jp/webworks/web/info/result.jsp?category_id=187,,,
184420,福井県,美浜町,ﾌｸｲｹﾝ,ﾐﾊﾏﾁｮｳ,http://www.town.mihama.fukui.jp/www/normal_top.jsp,http://www.town.aichi-mihama.lg.jp/docs/2013100801383/,,,
184811,福井県,高浜町,ﾌｸｲｹﾝ,ﾀｶﾊﾏﾁｮｳ,http://www.town.takahama.fukui.jp/,,,,
184837,福井県,おおい町,ﾌｸｲｹﾝ,ｵｵｲﾁｮｳ,http://www.town.ohi.fukui.jp/sypher/www/normal_top.jsp,http://www.kaigiroku.net/kensaku/ohi/ohi.html,,,
185019,福井県,若狭町,ﾌｸｲｹﾝ,ﾜｶｻﾁｮｳ,https://www.town.fukui-wakasa.lg.jp/,http://www.town.fukui-wakasa.lg.jp/town/category/page.asp?Page=1221,,,
190004,山梨県,,ﾔﾏﾅｼｹﾝ,,http://www.pref.yamanashi.jp/,http://kaigiroku.pref.yamanashi.jp/,,,
192015,山梨県,甲府市,ﾔﾏﾅｼｹﾝ,ｺｳﾌｼ,http://www.city.kofu.yamanashi.jp/top.html,https://www.city.kofu.yamanashi.jp/shise/gikai/kaigiroku/index.html,,,
192023,山梨県,富士吉田市,ﾔﾏﾅｼｹﾝ,ﾌｼﾞﾖｼﾀﾞｼ,http://www.city.fujiyoshida.yamanashi.jp/forms/top/top.aspx,http://www.kaigiroku.net/kensaku/fujiyoshida/fujiyoshida.html,,,
192040,山梨県,都留市,ﾔﾏﾅｼｹﾝ,ﾂﾙｼ,http://www.city.tsuru.yamanashi.jp/forms/top/top.aspx,http://www.kaigiroku.net/kensaku/tsuru/tsuru.html,,,
192058,山梨県,山梨市,ﾔﾏﾅｼｹﾝ,ﾔﾏﾅｼｼ,http://www.city.yamanashi.yamanashi.jp/,http://gikai02.kaigiroku.jp/kaigiroku/cgi-bin/WWWframeBase.exe?A=frameBase&USR=yamanashi&PWD=&L=1&S=31,,,
192066,山梨県,大月市,ﾔﾏﾅｼｹﾝ,ｵｵﾂｷｼ,http://www.city.otsuki.yamanashi.jp/,http://www.kaigiroku.net/kensaku/otsuki/otsuki.html,,,
192074,山梨県,韮崎市,ﾔﾏﾅｼｹﾝ,ﾆﾗｻｷｼ,http://www.city.nirasaki.lg.jp/,http://gikai02.kaigiroku.jp/kaigiroku/cgi-bin/WWWframeBase.exe?A=frameBase&USR=nirasaki&PWD=&L=1&S=31&Y=,,,
192082,山梨県,南アルプス市,ﾔﾏﾅｼｹﾝ,ﾐﾅﾐｱﾙﾌﾟｽｼ,http://www.city.minami-alps.yamanashi.jp/,http://www.city.minami-alps.yamanashi.jp/gikai,,,
192091,山梨県,北杜市,ﾔﾏﾅｼｹﾝ,ﾎｸﾄｼ,http://www.city.hokuto.yamanashi.jp/,http://www.city.hokuto.yamanashi.jp/gikai/1308645577-1.html,,,
192104,山梨県,甲斐市,ﾔﾏﾅｼｹﾝ,ｶｲｼ,http://www.city.kai.yamanashi.jp/,"http://www.kaigiroku.net/kensaku/kai/kai.html,http://www.kai-shigikai.jp/doc/2015070800038/",,,
192112,山梨県,笛吹市,ﾔﾏﾅｼｹﾝ,ﾌｴﾌｷｼ,https://www.city.fuefuki.yamanashi.jp/,https://www.city.fuefuki.yamanashi.jp/shisei/gikai_gijiroku.php,,,
192121,山梨県,上野原市,ﾔﾏﾅｼｹﾝ,ｳｴﾉﾊﾗｼ,http://www.city.uenohara.yamanashi.jp/,http://www.kaigiroku.net/kensaku/uenohara/uenohara.html,,,
192139,山梨県,甲州市,ﾔﾏﾅｼｹﾝ,ｺｳｼｭｳｼ,http://www.city.koshu.yamanashi.jp/,http://www.kaigiroku.net/kensaku/koshu/koshu.html,,,
192147,山梨県,中央市,ﾔﾏﾅｼｹﾝ,ﾁｭｳｵｳｼ,http://www.city.chuo.yamanashi.jp/sougou/,http://www.kaigiroku.net/kensaku/chuo/chuo.html,,,
193461,山梨県,市川三郷町,ﾔﾏﾅｼｹﾝ,ｲﾁｶﾜﾐｻﾄﾁｮｳ,http://www.town.ichikawamisato.yamanashi.jp/,http://www.kaigiroku.net/kensaku/ichikawamisato/ichikawamisato.html,,,
193640,山梨県,早川町,ﾔﾏﾅｼｹﾝ,ﾊﾔｶﾜﾁｮｳ,http://www.town.hayakawa.yamanashi.jp/,,,,
193658,山梨県,身延町,ﾔﾏﾅｼｹﾝ,ﾐﾉﾌﾞﾁｮｳ,https://www.town.minobu.lg.jp/,https://www.town.minobu.lg.jp/chosei/gikai/kaigiroku.html,,,
193666,山梨県,南部町,ﾔﾏﾅｼｹﾝ,ﾅﾝﾌﾞﾁｮｳ,http://www.town.nanbu.yamanashi.jp/,http://www.town.nanbu.yamanashi.jp/doc_temp_html/gikaikaigiroku.html,,,
193682,山梨県,富士川町,ﾔﾏﾅｼｹﾝ,ﾌｼﾞｶﾜﾁｮｳ,http://www.town.fujikawa.yamanashi.jp/,http://www.town.fujikawa.yamanashi.jp/chosei/chogikai/2010-1101-1428-5.html,,,
193844,山梨県,昭和町,ﾔﾏﾅｼｹﾝ,ｼｮｳﾜﾁｮｳ,http://www.town.showa.yamanashi.jp/,http://www.town.showa.yamanashi.jp/chosei/gikai_gijiroku.php,,,
194221,山梨県,道志村,ﾔﾏﾅｼｹﾝ,ﾄﾞｳｼﾑﾗ,http://www.vill.doshi.lg.jp/,http://www.vill.doshi.lg.jp/info/info.php?if_id=339&ca_id=27,,,
194239,山梨県,西桂町,ﾔﾏﾅｼｹﾝ,ﾆｼｶﾂﾗﾁｮｳ,http://www.town.nishikatsura.yamanashi.jp/forms/top/top.aspx,,,,
194247,山梨県,忍野村,ﾔﾏﾅｼｹﾝ,ｵｼﾉﾑﾗ,http://www.vill.oshino.lg.jp/,,,,
194255,山梨県,山中湖村,ﾔﾏﾅｼｹﾝ,ﾔﾏﾅｶｺﾑﾗ,http://www.vill.yamanakako.lg.jp/,,,,
194298,山梨県,鳴沢村,ﾔﾏﾅｼｹﾝ,ﾅﾙｻﾜﾑﾗ,http://www.vill.narusawa.yamanashi.jp/forms/top/top.aspx,http://www.vill.narusawa.yamanashi.jp/forms/menutop/menutop.aspx?menu_id=826,,,
194301,山梨県,富士河口湖町,ﾔﾏﾅｼｹﾝ,ﾌｼﾞｶﾜｸﾞﾁｺﾏﾁ,https://www.town.fujikawaguchiko.lg.jp/,https://www.town.fujikawaguchiko.lg.jp/info/info.php?if_id=395&ca_id=16,,,
194425,山梨県,小菅村,ﾔﾏﾅｼｹﾝ,ｺｽｹﾞﾑﾗ,http://www.vill.kosuge.yamanashi.jp/,,,,
194433,山梨県,丹波山村,ﾔﾏﾅｼｹﾝ,ﾀﾊﾞﾔﾏﾑﾗ,http://www.vill.tabayama.yamanashi.jp/,,,,
200000,長野県,,ﾅｶﾞﾉｹﾝ,,https://www.pref.nagano.lg.jp/,http://nagano.gijiroku.com/voices/,,,
202011,長野県,長野市,ﾅｶﾞﾉｹﾝ,ﾅｶﾞﾉｼ,http://www.city.nagano.nagano.jp/,http://www.kaigiroku.net/kensaku/nagano/nagano.html,,,
202029,長野県,松本市,ﾅｶﾞﾉｹﾝ,ﾏﾂﾓﾄｼ,https://www.city.matsumoto.nagano.jp/,http://www.kaigiroku.net/kensaku/matsumoto/matsumoto.html,,,
202037,長野県,上田市,ﾅｶﾞﾉｹﾝ,ｳｴﾀﾞｼ,http://www.city.ueda.nagano.jp/,http://www.kaigiroku.net/kensaku/ueda/ueda.html,,,
202045,長野県,岡谷市,ﾅｶﾞﾉｹﾝ,ｵｶﾔｼ,http://www.city.okaya.lg.jp/,http://www.kaigiroku.net/kensaku/okaya/okaya.html,,,
202053,長野県,飯田市,ﾅｶﾞﾉｹﾝ,ｲｲﾀﾞｼ,http://www.city.iida.lg.jp/,https://www.city.iida.lg.jp/site/assembly/kaigirokukensaku.html,,,
202061,長野県,諏訪市,ﾅｶﾞﾉｹﾝ,ｽﾜｼ,https://www.city.suwa.lg.jp/www/index.jsp,http://www08.gijiroku.com/voices/,,,
202070,長野県,須坂市,ﾅｶﾞﾉｹﾝ,ｽｻﾞｶｼ,http://www.city.suzaka.nagano.jp/,http://www.city.suzaka.nagano.jp/kaigiroku/,,,
202088,長野県,小諸市,ﾅｶﾞﾉｹﾝ,ｺﾓﾛｼ,http://www.city.komoro.lg.jp/,http://www.city.komoro.lg.jp/category/gikai/search/,,,
202096,長野県,伊那市,ﾅｶﾞﾉｹﾝ,ｲﾅｼ,http://www.inacity.jp/,http://www.kaigiroku.net/kensaku/ina/ina.html,,,
202100,長野県,駒ヶ根市,ﾅｶﾞﾉｹﾝ,ｺﾏｶﾞﾈｼ,http://www.city.komagane.nagano.jp/,http://www.kaigiroku.net/kensaku/komagane/komagane.html,,,
202118,長野県,中野市,ﾅｶﾞﾉｹﾝ,ﾅｶﾉｼ,http://www.city.nakano.nagano.jp/,http://www.kaigiroku.net/kensaku/nakano/nakano.html,,,
202126,長野県,大町市,ﾅｶﾞﾉｹﾝ,ｵｵﾏﾁｼ,http://www.city.omachi.nagano.jp/,http://www.kaigiroku.net/kensaku/omachi/omachi.html,,,
202134,長野県,飯山市,ﾅｶﾞﾉｹﾝ,ｲｲﾔﾏｼ,http://www.city.iiyama.nagano.jp/,http://www.kaigiroku.net/kensaku/iiyama/iiyama.html,,,
202142,長野県,茅野市,ﾅｶﾞﾉｹﾝ,ﾁﾉｼ,http://www.city.chino.lg.jp/www/toppage/0000000000000/APM03000.html,http://www.kaigiroku.net/kensaku/cgi-bin/WWWframeBase.exe?A=frameBase&USR=nagchis&PWD=&L=1&S=31,,,
202151,長野県,塩尻市,ﾅｶﾞﾉｹﾝ,ｼｵｼﾞﾘｼ,http://www.city.shiojiri.lg.jp/,http://www.kaigiroku.net/kensaku/shiojiri/shiojiri.html,,,
202177,長野県,佐久市,ﾅｶﾞﾉｹﾝ,ｻｸｼ,https://www.city.saku.nagano.jp/,http://www.kaigiroku.net/kensaku/saku/saku.html,,,
202185,長野県,千曲市,ﾅｶﾞﾉｹﾝ,ﾁｸﾏｼ,http://www.city.chikuma.lg.jp/,http://www.kaigiroku.net/kensaku/chikuma/chikuma.html,,,
202193,長野県,東御市,ﾅｶﾞﾉｹﾝ,ﾄｳﾐｼ,http://www.city.tomi.nagano.jp/,http://www3.city.tomi.nagano.jp/giziroku/index.jsp,,,
202207,長野県,安曇野市,ﾅｶﾞﾉｹﾝ,ｱﾂﾞﾐﾉｼ,http://www.city.azumino.nagano.jp/,http://www.kaigiroku.net/kensaku/azumino/azumino.html,,,
203033,長野県,小海町,ﾅｶﾞﾉｹﾝ,ｺｳﾐﾏﾁ,http://www.koumi-town.jp/,http://www.koumi-town.jp/office/archives/gikai/post-167.html,,,
203041,長野県,川上村,ﾅｶﾞﾉｹﾝ,ｶﾜｶﾐﾑﾗ,http://www.vill.kawakami.nagano.jp/,,,,
203050,長野県,南牧村,ﾅｶﾞﾉｹﾝ,ﾐﾅﾐﾏｷﾑﾗ,http://www.minamimakimura.jp/,http://www.minamimakimura.jp/yakuba/category/gikai,,,
203068,長野県,南相木村,ﾅｶﾞﾉｹﾝ,ﾐﾅﾐｱｲｷﾑﾗ,http://www.minamiaiki.jp/,,,,
203076,長野県,北相木村,ﾅｶﾞﾉｹﾝ,ｷﾀｱｲｷﾑﾗ,http://vill.kitaaiki.nagano.jp/,,,,
203092,長野県,佐久穂町,ﾅｶﾞﾉｹﾝ,ｻｸﾎﾏﾁ,https://www.town.sakuho.nagano.jp/,,,,
203211,長野県,軽井沢町,ﾅｶﾞﾉｹﾝ,ｶﾙｲｻﾞﾜﾏﾁ,http://www.town.karuizawa.lg.jp/www/toppage/0000000000000/APM03000.html,http://www.kaigiroku.net/kensaku/karuizawa/karuizawa.html,,,
203238,長野県,御代田町,ﾅｶﾞﾉｹﾝ,ﾐﾖﾀﾏﾁ,http://www.town.miyota.nagano.jp/index.html,http://www.town.miyota.nagano.jp/category/gikaikaigiroku/index.html,,,
203246,長野県,立科町,ﾅｶﾞﾉｹﾝ,ﾀﾃｼﾅﾏﾁ,http://www.town.tateshina.nagano.jp/,http://www.town.tateshina.nagano.jp/category/5-5-0-0-0.html,,,
203491,長野県,青木村,ﾅｶﾞﾉｹﾝ,ｱｵｷﾑﾗ,http://www.vill.aoki.nagano.jp/,,,,
203505,長野県,長和町,ﾅｶﾞﾉｹﾝ,ﾅｶﾞﾜﾏﾁ,http://www.town.nagawa.nagano.jp/,http://www.town.nagawa.nagano.jp/life/dtl.php?hdnSKBN=A&hdnKey=666,,,
203611,長野県,下諏訪町,ﾅｶﾞﾉｹﾝ,ｼﾓｽﾜﾏﾁ,http://www.town.shimosuwa.lg.jp/,http://shimosuwa.gijiroku.com/voices/,,,
203629,長野県,富士見町,ﾅｶﾞﾉｹﾝ,ﾌｼﾞﾐﾏﾁ,http://www.town.fujimi.lg.jp/,http://fujimi.gijiroku.com/voices/,,,
203637,長野県,原村,ﾅｶﾞﾉｹﾝ,ﾊﾗﾑﾗ,https://www.vill.hara.nagano.jp/,https://www.vill.hara.nagano.jp/sonsei/songikai/kaigiroku/,,,
203823,長野県,辰野町,ﾅｶﾞﾉｹﾝ,ﾀﾂﾉﾏﾁ,http://www.town.tatsuno.nagano.jp/,http://www.town.tatsuno.nagano.jp/gikai.html#gijiroku,,,
203831,長野県,箕輪町,ﾅｶﾞﾉｹﾝ,ﾐﾉﾜﾏﾁ,http://www.town.minowa.nagano.jp/,http://www.kaigiroku.net/kensaku/minowa/minowa.html,,,
203840,長野県,飯島町,ﾅｶﾞﾉｹﾝ,ｲｲｼﾞﾏﾏﾁ,http://www.town.iijima.lg.jp/,http://www.town.iijima.lg.jp/index.php?ci=15280,,,
203858,長野県,南箕輪村,ﾅｶﾞﾉｹﾝ,ﾐﾅﾐﾐﾉﾜﾑﾗ,http://www.vill.minamiminowa.nagano.jp/,https://www.vill.minamiminowa.nagano.jp/site/gikai/2015zenkyo.html,,,
203866,長野県,中川村,ﾅｶﾞﾉｹﾝ,ﾅｶｶﾞﾜﾑﾗ,http://www.vill.nakagawa.nagano.jp/,http://www.vill.nakagawa.nagano.jp/index.php?f=hp&ci=10129,,,
203882,長野県,宮田村,ﾅｶﾞﾉｹﾝ,ﾐﾔﾀﾞﾑﾗ,http://www.vill.miyada.nagano.jp/,http://www.vill.miyada.nagano.jp/index.php?f=hp&ci=10422,,,
204021,長野県,松川町,ﾅｶﾞﾉｹﾝ,ﾏﾂｶﾜﾏﾁ,http://www.matsukawa-town.jp/cms-sypher/www/normal_top.jsp,http://www.matsukawa-town.jp/cms-sypher/www/life_genre/result.jsp?life_genre_level1=4&life_genre_level2=71&life_genre=609,,,
204030,長野県,高森町,ﾅｶﾞﾉｹﾝ,ﾀｶﾓﾘﾏﾁ,http://www.town.takamori.nagano.jp/,https://www.town.takamori.nagano.jp/contents/01000012.html,,,
204048,長野県,阿南町,ﾅｶﾞﾉｹﾝ,ｱﾅﾝﾁｮｳ,http://www.town.anan.nagano.jp/,http://www.gijiroku.net/city.anan/,,,
204072,長野県,阿智村,ﾅｶﾞﾉｹﾝ,ｱﾁﾑﾗ,http://www.vill.achi.nagano.jp/,http://www.vill.achi.nagano.jp/life/3/3/44/,,,
204099,長野県,平谷村,ﾅｶﾞﾉｹﾝ,ﾋﾗﾔﾑﾗ,http://www.vill.hiraya.nagano.jp/,,,,
204102,長野県,根羽村,ﾅｶﾞﾉｹﾝ,ﾈﾊﾞﾑﾗ,http://nebamura.jp/,,,,
204111,長野県,下條村,ﾅｶﾞﾉｹﾝ,ｼﾓｼﾞｮｳﾑﾗ,https://www.vill-shimojo.jp/,https://www.vill-shimojo.jp/07-gikai/,,,
204129,長野県,売木村,ﾅｶﾞﾉｹﾝ,ｳﾙｷﾞﾑﾗ,http://www.urugi.jp/,,,,
204137,長野県,天龍村,ﾅｶﾞﾉｹﾝ,ﾃﾝﾘｭｳﾑﾗ,http://www.vill-tenryu.jp/,,,,
204145,長野県,泰阜村,ﾅｶﾞﾉｹﾝ,ﾔｽｵｶﾑﾗ,http://vill.yasuoka.nagano.jp/,,,,
204153,長野県,喬木村,ﾅｶﾞﾉｹﾝ,ﾀｶｷﾞﾑﾗ,http://www.vill.takagi.nagano.jp/,,,,
204161,長野県,豊丘村,ﾅｶﾞﾉｹﾝ,ﾄﾖｵｶﾑﾗ,http://www.vill.nagano-toyooka.lg.jp/22furusato/,,,,
204170,長野県,大鹿村,ﾅｶﾞﾉｹﾝ,ｵｵｼｶﾑﾗ,http://www.vill.ooshika.nagano.jp/,,,,
204226,長野県,上松町,ﾅｶﾞﾉｹﾝ,ｱｹﾞﾏﾂﾏﾁ,http://www.town.agematsu.nagano.jp/gyousei/,,,,
204234,長野県,南木曽町,ﾅｶﾞﾉｹﾝ,ﾅｷﾞｿﾏﾁ,http://www.town.nagiso.nagano.jp/,http://www.town.nagiso.nagano.jp/gikai/gikai-index.html,,,
204251,長野県,木祖村,ﾅｶﾞﾉｹﾝ,ｷｿﾑﾗ,http://www.vill.kiso.nagano.jp/,,,,
204293,長野県,王滝村,ﾅｶﾞﾉｹﾝ,ｵｳﾀｷﾑﾗ,http://www.vill.otaki.nagano.jp/,http://www.vill.otaki.nagano.jp/kouhou/gikaidayori/gikaidayori.html,,,
204307,長野県,大桑村,ﾅｶﾞﾉｹﾝ,ｵｵｸﾜﾑﾗ,http://www.vill.ookuwa.nagano.jp/,,,,
204323,長野県,木曽町,ﾅｶﾞﾉｹﾝ,ｷｿﾏﾁ,http://www.town-kiso.com/,,,,
204463,長野県,麻績村,ﾅｶﾞﾉｹﾝ,ｵﾐﾑﾗ,http://www.vill.omi.nagano.jp/,http://www.vill.omi.nagano.jp/assembly/disclosure/000082.php,,,
204480,長野県,生坂村,ﾅｶﾞﾉｹﾝ,ｲｸｻｶﾑﾗ,http://www.village.ikusaka.nagano.jp/,http://www.village.ikusaka.nagano.jp/gikai/teireikai.htm,,,
204501,長野県,山形村,ﾅｶﾞﾉｹﾝ,ﾔﾏｶﾞﾀﾑﾗ,http://www.vill.yamagata.nagano.jp/forms/top/top.aspx,http://www.vill.yamagata.nagano.jp/forms/menutop/menutop.aspx?menu_id=866,,,
204510,長野県,朝日村,ﾅｶﾞﾉｹﾝ,ｱｻﾋﾑﾗ,http://www.vill.asahi.nagano.jp/,http://www.vill.asahi.nagano.jp/kaigiroku/index.html,,,
204528,長野県,筑北村,ﾅｶﾞﾉｹﾝ,ﾁｸﾎｸﾑﾗ,http://www.vill.chikuhoku.lg.jp/,,,,
204811,長野県,池田町,ﾅｶﾞﾉｹﾝ,ｲｹﾀﾞﾏﾁ,http://www.ikedamachi.net/,http://www.ikedamachi.net/pages/4_kaigiroku.html,,,
204820,長野県,松川村,ﾅｶﾞﾉｹﾝ,ﾏﾂｶﾜﾑﾗ,https://www.vill.matsukawa.nagano.jp/,http://matsukawa.gijiroku.com/voices/,,,
204854,長野県,白馬村,ﾅｶﾞﾉｹﾝ,ﾊｸﾊﾞﾑﾗ,http://www.vill.hakuba.lg.jp/,http://www.vill.hakuba.lg.jp/assembly/conference_minutes.html,,,
204862,長野県,小谷村,ﾅｶﾞﾉｹﾝ,ｵﾀﾘﾑﾗ,http://www.vill.otari.nagano.jp/,,,,
205214,長野県,坂城町,ﾅｶﾞﾉｹﾝ,ｻｶｷﾏﾁ,http://www.town.sakaki.nagano.jp/www/index.html,http://www.vill.ogawa.nagano.jp/cgi-bin/bbs/gikaihou.cgi,,,
205419,長野県,小布施町,ﾅｶﾞﾉｹﾝ,ｵﾌﾞｾﾏﾁ,http://www.town.obuse.nagano.jp/,http://www.town.obuse.nagano.jp/life/7/32/112/,,,
205435,長野県,高山村,ﾅｶﾞﾉｹﾝ,ﾀｶﾔﾏﾑﾗ,http://www.vill.takayama.nagano.jp/,http://www.vill.takayama.nagano.jp/admin/assembly/index.html,,,
205613,長野県,山ノ内町,ﾅｶﾞﾉｹﾝ,ﾔﾏﾉｳﾁﾏﾁ,http://www.town.yamanouchi.nagano.jp/,http://www.town.yamanouchi.nagano.jp/gikai/gijiroku.html,,,
205621,長野県,木島平村,ﾅｶﾞﾉｹﾝ,ｷｼﾞﾏﾀﾞｲﾗﾑﾗ,http://www.kijimadaira.jp/,http://www.kijimadaira.jp/bunya/gikai/,,,
205630,長野県,野沢温泉村,ﾅｶﾞﾉｹﾝ,ﾉｻﾞﾜｵﾝｾﾝﾑﾗ,http://www.vill.nozawaonsen.nagano.jp/,,,,
205834,長野県,信濃町,ﾅｶﾞﾉｹﾝ,ｼﾅﾉﾏﾁ,http://www.town.shinanomachi.nagano.jp/,http://www.town.shinanomachi.nagano.jp/sougou/gikai.html,,,
205885,長野県,小川村,ﾅｶﾞﾉｹﾝ,ｵｶﾞﾜﾑﾗ,http://www.vill.ogawa.nagano.jp/,http://www.vill.ogawa.nagano.jp/cgi-bin/bbs/gikaihou.cgi,,,
205907,長野県,飯綱町,ﾅｶﾞﾉｹﾝ,ｲｲﾂﾞﾅﾏﾁ,http://www.town.iizuna.nagano.jp/,http://www.town.iizuna.nagano.jp/14/43/404/index.html,,,
206024,長野県,栄村,ﾅｶﾞﾉｹﾝ,ｻｶｴﾑﾗ,http://www.vill.sakae.nagano.jp/,http://www.vill.sakae.nagano.jp/kurashi/kakuka/gikai.html,,,
210005,岐阜県,,ｷﾞﾌｹﾝ,,http://www.pref.gifu.lg.jp/,http://www.pref.gifu.lg.jp/gikai/kaigiroku/,,,
212016,岐阜県,岐阜市,ｷﾞﾌｹﾝ,ｷﾞﾌｼ,http://www.city.gifu.lg.jp/,http://asp.db-search.com/gifu-c/dsweb.cgi/,,,
212024,岐阜県,大垣市,ｷﾞﾌｹﾝ,ｵｵｶﾞｷｼ,http://www.city.ogaki.lg.jp/,http://www.db-search.com/ogaki-c/index.php/,,,
212032,岐阜県,高山市,ｷﾞﾌｹﾝ,ﾀｶﾔﾏｼ,http://www.city.takayama.lg.jp/,http://www.kaigiroku.net/kensaku/takayama/takayama.html,,,
212041,岐阜県,多治見市,ｷﾞﾌｹﾝ,ﾀｼﾞﾐｼ,http://www.city.tajimi.lg.jp/,https://www3.e-reikinet.jp/tajimi/d1w_reiki/mokuji_bunya.html,,,
212059,岐阜県,関市,ｷﾞﾌｹﾝ,ｾｷｼ,http://www.city.seki.lg.jp/,http://www.kaigiroku.net/kensaku/seki/seki.html,,,
212067,岐阜県,中津川市,ｷﾞﾌｹﾝ,ﾅｶﾂｶﾞﾜｼ,http://www.city.nakatsugawa.gifu.jp/,http://www.kaigiroku.net/kensaku/nakatsugawa/nakatsugawa.html,,,
212075,岐阜県,美濃市,ｷﾞﾌｹﾝ,ﾐﾉｼ,http://www.city.mino.gifu.jp/,http://www.city.mino.gifu.jp/pages/1327,,,
212083,岐阜県,瑞浪市,ｷﾞﾌｹﾝ,ﾐｽﾞﾅﾐｼ,http://www.city.mizunami.lg.jp/,http://www.city.mizunami.lg.jp/docs/2014102800039/,,,
212091,岐阜県,羽島市,ｷﾞﾌｹﾝ,ﾊｼﾏｼ,http://www.city.hashima.lg.jp/,http://www.kaigiroku.net/kensaku/hashima/hashima.html,,,
212105,岐阜県,恵那市,ｷﾞﾌｹﾝ,ｴﾅｼ,http://www.city.ena.lg.jp/,http://www.kensakusystem.jp/ena/index.html,,,
212113,岐阜県,美濃加茂市,ｷﾞﾌｹﾝ,ﾐﾉｶﾓｼ,https://www.city.minokamo.gifu.jp/top.cfm,http://www.kaigiroku.net/kensaku/minokamo/minokamo.html,,,
212121,岐阜県,土岐市,ｷﾞﾌｹﾝ,ﾄｷｼ,http://www.city.toki.lg.jp/,http://www.kaigiroku.net/kensaku/toki/toki.html,,,
212130,岐阜県,各務原市,ｷﾞﾌｹﾝ,ｶｶﾐｶﾞﾊﾗｼ,http://www.city.kakamigahara.lg.jp/,http://kakamigahara.gijiroku.com/voices/,,,
212148,岐阜県,可児市,ｷﾞﾌｹﾝ,ｶﾆｼ,http://www.city.kani.lg.jp/,http://asp.db-search.com/kani-c/dsweb.cgi/,,,
212156,岐阜県,山県市,ｷﾞﾌｹﾝ,ﾔﾏｶﾞﾀｼ,http://www.city.yamagata.gifu.jp/,http://www.city.yamagata.gifu.jp/shisei/gikai/giji/,,,
212164,岐阜県,瑞穂市,ｷﾞﾌｹﾝ,ﾐｽﾞﾎｼ,http://www.city.mizuho.lg.jp/,http://www.city.mizuho.lg.jp/3412.htm,,,
212172,岐阜県,飛騨市,ｷﾞﾌｹﾝ,ﾋﾀﾞｼ,http://www.city.hida.gifu.jp/,http://www.city.hida.gifu.jp/b_sougou/w_shigikai/w_kaigiroku/w_kako_kaigiroku/,,,
212181,岐阜県,本巣市,ｷﾞﾌｹﾝ,ﾓﾄｽｼ,https://www.city.motosu.lg.jp/,https://www.city.motosu.lg.jp/shisei/gikai/gijiroku/,,,
212199,岐阜県,郡上市,ｷﾞﾌｹﾝ,ｸﾞｼﾞｮｳｼ,http://www.city.gujo.gifu.jp/,http://www.city.gujo.gifu.jp/admin/gikai_kaigiroku/,,,
212202,岐阜県,下呂市,ｷﾞﾌｹﾝ,ｹﾞﾛｼ,http://www.city.gero.lg.jp/,http://www.city.gero.lg.jp/jichimaru_jpn/node_114/node_1159/node_1173/node_1174,,,
212211,岐阜県,海津市,ｷﾞﾌｹﾝ,ｶｲﾂﾞｼ,http://www.city.kaizu.lg.jp/,http://www.city.kaizu.lg.jp/municipal-assembly/gikaikaigiroku/,,,
213021,岐阜県,岐南町,ｷﾞﾌｹﾝ,ｷﾞﾅﾝﾁｮｳ,http://www.town.ginan.lg.jp/,,,,
213039,岐阜県,笠松町,ｷﾞﾌｹﾝ,ｶｻﾏﾂﾁｮｳ,http://www.town.kasamatsu.gifu.jp/,http://www.town.kasamatsu.gifu.jp/organization_list/gikaijimukyoku/gikai_kaigiroku/,,,
213411,岐阜県,養老町,ｷﾞﾌｹﾝ,ﾖｳﾛｳﾁｮｳ,http://www.town.yoro.gifu.jp/,http://www.town.yoro.gifu.jp/view.rbz?cd=1293,,,
213616,岐阜県,垂井町,ｷﾞﾌｹﾝ,ﾀﾙｲﾁｮｳ,http://www.town.tarui.lg.jp/,http://www.town.tarui.lg.jp/docs/2015022500078/,,,
213624,岐阜県,関ケ原町,ｷﾞﾌｹﾝ,ｾｷｶﾞﾊﾗﾁｮｳ,http://www.town.sekigahara.gifu.jp/,http://www.town.sekigahara.gifu.jp/2679.htm,,,
213811,岐阜県,神戸町,ｷﾞﾌｹﾝ,ｺﾞｳﾄﾞﾁｮｳ,http://www.town.godo.gifu.jp/,,,,
213829,岐阜県,輪之内町,ｷﾞﾌｹﾝ,ﾜﾉｳﾁﾁｮｳ,http://town.wanouchi.gifu.jp/,http://town.wanouchi.gifu.jp/organization/election/kaigiroku/,,,
213837,岐阜県,安八町,ｷﾞﾌｹﾝ,ｱﾝﾊﾟﾁﾁｮｳ,http://www.town.anpachi.gifu.jp/,,,,
214019,岐阜県,揖斐川町,ｷﾞﾌｹﾝ,ｲﾋﾞｶﾞﾜﾁｮｳ,http://www.town.ibigawa.lg.jp/,,,,
214035,岐阜県,大野町,ｷﾞﾌｹﾝ,ｵｵﾉﾁｮｳ,http://www.town-ono.jp/,,,,
214043,岐阜県,池田町,ｷﾞﾌｹﾝ,ｲｹﾀﾞﾁｮｳ,https://www.town.gifu-ikeda.lg.jp/,,,,
214213,岐阜県,北方町,ｷﾞﾌｹﾝ,ｷﾀｶﾞﾀﾁｮｳ,http://www.town.kitagata.gifu.jp/,http://www.town.kitagata.gifu.jp/second/Parliament.html,,,
215015,岐阜県,坂祝町,ｷﾞﾌｹﾝ,ｻｶﾎｷﾞﾁｮｳ,http://www.town.sakahogi.gifu.jp/,,,,
215023,岐阜県,富加町,ｷﾞﾌｹﾝ,ﾄﾐｶﾁｮｳ,http://www1.g-reiki.net/tomika/reiki_taikei/taikei_default.html,http://www.town.tomika.gifu.jp/shisei/gikai/index.html,,,
215031,岐阜県,川辺町,ｷﾞﾌｹﾝ,ｶﾜﾍﾞﾁｮｳ,http://www.kawabe-gifu.jp/,,,,
215040,岐阜県,七宗町,ｷﾞﾌｹﾝ,ﾋﾁｿｳﾁｮｳ,http://www.hichiso.jp/,http://www.hichiso.jp/gikai/gijiroku,,,
215058,岐阜県,八百津町,ｷﾞﾌｹﾝ,ﾔｵﾂﾁｮｳ,http://www.town.yaotsu.lg.jp/top.cfm,,,,
215066,岐阜県,白川町,ｷﾞﾌｹﾝ,ｼﾗｶﾜﾁｮｳ,https://www.town.shirakawa.lg.jp/forms/top/top.aspx,,,,
215074,岐阜県,東白川村,ｷﾞﾌｹﾝ,ﾋｶﾞｼｼﾗｶﾜﾑﾗ,http://www.vill.higashishirakawa.gifu.jp/,http://www.vill.higashishirakawa.gifu.jp/con14.htm#003,,,
215210,岐阜県,御嵩町,ｷﾞﾌｹﾝ,ﾐﾀｹﾁｮｳ,http://www.town.mitake.gifu.jp/,http://www.town.mitake.gifu.jp/gikai/gijiroku/gikai_kaigiroku_index.html,,,
216046,岐阜県,白川村,ｷﾞﾌｹﾝ,ｼﾗｶﾜﾑﾗ,http://shirakawa-go.org/,,,,
220001,静岡県,,ｼｽﾞｵｶｹﾝ,,https://www.pref.shizuoka.jp/index.html,https://www.pref.shizuoka.jp/gikai/,,,
221007,静岡県,静岡市,ｼｽﾞｵｶｹﾝ,ｼｽﾞｵｶｼ,http://www.city.shizuoka.jp/,http://asp.db-search.com/shizuoka-c/dsweb.cgi/,,,
221309,静岡県,浜松市,ｼｽﾞｵｶｹﾝ,ﾊﾏﾏﾂｼ,https://www.city.hamamatsu.shizuoka.jp/,http://www.kaigiroku.net/kensaku/cgi-bin/WWWframeBase.exe?A=frameBase&USR=sizhams&PWD=&L=1&S=31&Y=,,,
222038,静岡県,沼津市,ｼｽﾞｵｶｹﾝ,ﾇﾏﾂﾞｼ,http://www.city.numazu.shizuoka.jp/,http://ami-search.amivoice.com/numazu/usr/search.exe,,,
222054,静岡県,熱海市,ｼｽﾞｵｶｹﾝ,ｱﾀﾐｼ,http://www.city.atami.shizuoka.jp/,http://www.kaigiroku.net/kensaku/atami/atami.html,,,
222062,静岡県,三島市,ｼｽﾞｵｶｹﾝ,ﾐｼﾏｼ,https://www.city.mishima.shizuoka.jp/,http://www.kaigiroku.net/kensaku/mishima/mishima.html,,,
222071,静岡県,富士宮市,ｼｽﾞｵｶｹﾝ,ﾌｼﾞﾉﾐﾔｼ,http://www.city.fujinomiya.shizuoka.jp/,http://www.kaigiroku.net/kensaku/fujinomiya/fujinomiya.html,,,
222089,静岡県,伊東市,ｼｽﾞｵｶｹﾝ,ｲﾄｳｼ,http://www.city.ito.shizuoka.jp/,http://itoshigikai.gijiroku.com/voices/,,,
222097,静岡県,島田市,ｼｽﾞｵｶｹﾝ,ｼﾏﾀﾞｼ,https://www.city.shimada.shizuoka.jp/,http://www.db-search.com/shimada-c/index.php/,,,
222101,静岡県,富士市,ｼｽﾞｵｶｹﾝ,ﾌｼﾞｼ,http://www.city.fuji.shizuoka.jp/,http://www25.city.fuji.shizuoka.jp/voices/,,,
222119,静岡県,磐田市,ｼｽﾞｵｶｹﾝ,ｲﾜﾀｼ,http://www.city.iwata.shizuoka.jp/,http://www.city.iwata.shizuoka.jp/shigikai/kensaku.php,,,
222127,静岡県,焼津市,ｼｽﾞｵｶｹﾝ,ﾔｲﾂﾞｼ,https://www.city.yaizu.lg.jp/,http://asp.db-search.com/yaizu-c/dsweb.cgi/,,,
222135,静岡県,掛川市,ｼｽﾞｵｶｹﾝ,ｶｹｶﾞﾜｼ,http://www.city.kakegawa.shizuoka.jp/,http://www.city.kakegawa.shizuoka.jp/city/shigikai/kaigirokukensaku.html,,,
222143,静岡県,藤枝市,ｼｽﾞｵｶｹﾝ,ﾌｼﾞｴﾀﾞｼ,http://www.city.fujieda.shizuoka.jp/,http://fujieda.gijiroku.com/voices/g08v_search.asp,,,
222151,静岡県,御殿場市,ｼｽﾞｵｶｹﾝ,ｺﾞﾃﾝﾊﾞｼ,http://city.gotemba.shizuoka.jp/,http://www.kensakusystem.jp/gotemba/,,,
222160,静岡県,袋井市,ｼｽﾞｵｶｹﾝ,ﾌｸﾛｲｼ,http://www.city.fukuroi.shizuoka.jp/,http://asp.db-search.com/fukuroi-c/dsweb.cgi/,,,
222194,静岡県,下田市,ｼｽﾞｵｶｹﾝ,ｼﾓﾀﾞｼ,http://www.city.shimoda.shizuoka.jp/,http://www.city.shimoda.shizuoka.jp/category/090100kaigiroku/index.html,,,
222208,静岡県,裾野市,ｼｽﾞｵｶｹﾝ,ｽｿﾉｼ,http://www.city.susono.shizuoka.jp/,http://www.kaigiroku.net/kensaku/susono/susono.html,,,
222216,静岡県,湖西市,ｼｽﾞｵｶｹﾝ,ｺｻｲｼ,http://www.city.kosai.shizuoka.jp/,http://www.city.kosai.shizuoka.jp/dd.aspx?menuid=2144,,,
222224,静岡県,伊豆市,ｼｽﾞｵｶｹﾝ,ｲｽﾞｼ,http://www.city.izu.shizuoka.jp/,http://www.city.izu.shizuoka.jp/form1.php?pid=2482,,,
222232,静岡県,御前崎市,ｼｽﾞｵｶｹﾝ,ｵﾏｴｻﾞｷｼ,http://www.city.omaezaki.shizuoka.jp/,http://www.kaigiroku.net/kensaku/omaezaki/omaezaki.html,,,
222241,静岡県,菊川市,ｼｽﾞｵｶｹﾝ,ｷｸｶﾞﾜｼ,http://www.city.kikugawa.shizuoka.jp/,http://www.kaigiroku.net/kensaku/kikukawa/kikukawa.html,,,
222259,静岡県,伊豆の国市,ｼｽﾞｵｶｹﾝ,ｲｽﾞﾉｸﾆｼ,https://www.city.izunokuni.shizuoka.jp/,http://www.kaigiroku.net/kensaku/izunokuni/izunokuni.html,,,
222267,静岡県,牧之原市,ｼｽﾞｵｶｹﾝ,ﾏｷﾉﾊﾗｼ,http://www.city.makinohara.shizuoka.jp/,http://www.city.makinohara.shizuoka.jp/bg/gikai/cat/268_eizouhaisin_kaigiroku.html,,,
223018,静岡県,東伊豆町,ｼｽﾞｵｶｹﾝ,ﾋｶﾞｼｲｽﾞﾁｮｳ,http://www.town.higashiizu.shizuoka.jp/,http://www.town.higashiizu.shizuoka.jp/bg/gikai/cat/71_gijiroku.html,,,
223026,静岡県,河津町,ｼｽﾞｵｶｹﾝ,ｶﾜﾂﾞﾁｮｳ,http://www.town.kawazu.shizuoka.jp/,,,,
223042,静岡県,南伊豆町,ｼｽﾞｵｶｹﾝ,ﾐﾅﾐｲｽﾞﾁｮｳ,http://www.town.minamiizu.shizuoka.jp/,http://www.town.minamiizu.shizuoka.jp/bunya/tyougikai/,,,
223051,静岡県,松崎町,ｼｽﾞｵｶｹﾝ,ﾏﾂｻﾞｷﾁｮｳ,http://www.town.matsuzaki.shizuoka.jp/,http://www.town.matsuzaki.shizuoka.jp/categories/guide/chogikai/,,,
223069,静岡県,西伊豆町,ｼｽﾞｵｶｹﾝ,ﾆｼｲｽﾞﾁｮｳ,https://www.town.nishiizu.shizuoka.jp/,https://www.town.nishiizu.shizuoka.jp/kakuka/gikai/gijiroku/index.html,,,
223255,静岡県,函南町,ｼｽﾞｵｶｹﾝ,ｶﾝﾅﾐﾁｮｳ,http://www.town.kannami.shizuoka.jp/,http://www.kaigiroku.net/kensaku/kannami/kannami.html,,,
223417,静岡県,清水町,ｼｽﾞｵｶｹﾝ,ｼﾐｽﾞﾁｮｳ,http://www.town.shimizu.shizuoka.jp/,http://asp.db-search.com/shimizu-t/dsweb.cgi/,,,
223425,静岡県,長泉町,ｼｽﾞｵｶｹﾝ,ﾅｶﾞｲｽﾞﾐﾁｮｳ,http://japan.nagaizumi.org/,http://asp.db-search.com/nagaizumi-t/dsweb.cgi/,,,
223441,静岡県,小山町,ｼｽﾞｵｶｹﾝ,ｵﾔﾏﾁｮｳ,http://www.fuji-oyama.jp/index.html,http://www.fuji-oyama.jp/oyama_gikai/kaigi/kaigiroku.html,,,
224243,静岡県,吉田町,ｼｽﾞｵｶｹﾝ,ﾖｼﾀﾞﾁｮｳ,http://www.town.yoshida.shizuoka.jp/,http://www.town.yoshida.shizuoka.jp/1376.htm,,,
224294,静岡県,川根本町,ｼｽﾞｵｶｹﾝ,ｶﾜﾈﾎﾝﾁｮｳ,https://www.town.kawanehon.shizuoka.jp/,http://www.town.kawanehon.shizuoka.jp/gikai/giji/default.asp,,,
224618,静岡県,森町,ｼｽﾞｵｶｹﾝ,ﾓﾘﾏﾁ,http://www.town.morimachi.shizuoka.jp/,http://www.town.morimachi.shizuoka.jp/docs/2014050200073/,,,
230006,愛知県,,ｱｲﾁｹﾝ,,http://www.pref.aichi.jp/,http://asp.db-search.com/aichi/,,,
231002,愛知県,名古屋市,ｱｲﾁｹﾝ,ﾅｺﾞﾔｼ,http://www.city.nagoya.jp/,http://www.kaigiroku.net/kensaku/nagoya/nagoya.html,,,
232017,愛知県,豊橋市,ｱｲﾁｹﾝ,ﾄﾖﾊｼｼ,http://www.city.toyohashi.lg.jp/,http://www.kaigiroku.net/kensaku/toyohashi/toyohashi.html,,,
232025,愛知県,岡崎市,ｱｲﾁｹﾝ,ｵｶｻﾞｷｼ,http://www.city.okazaki.lg.jp/index.html,http://www.kaigiroku.net/kensaku/okazaki/menu.html,,,
232033,愛知県,一宮市,ｱｲﾁｹﾝ,ｲﾁﾉﾐﾔｼ,http://www.city.ichinomiya.aichi.jp/,http://www.kaigiroku.net/kensaku/ichinomiya/ichinomiya.html,,,
232041,愛知県,瀬戸市,ｱｲﾁｹﾝ,ｾﾄｼ,http://www.city.seto.aichi.jp/,http://www.kaigiroku.net/kensaku/seto/seto.html,,,
232050,愛知県,半田市,ｱｲﾁｹﾝ,ﾊﾝﾀﾞｼ,https://www.city.handa.lg.jp/,http://www.kaigiroku.net/kensaku/handa/handa.html,,,
232068,愛知県,春日井市,ｱｲﾁｹﾝ,ｶｽｶﾞｲｼ,http://www.city.kasuga.fukuoka.jp/,http://asp.db-search.com/kasuga-c/dsweb.cgi/,,,
232076,愛知県,豊川市,ｱｲﾁｹﾝ,ﾄﾖｶﾜｼ,https://www.city.toyokawa.lg.jp/,http://www.kaigiroku.net/kensaku/toyokawa/toyokawa.html,,,
232084,愛知県,津島市,ｱｲﾁｹﾝ,ﾂｼﾏｼ,https://www.city.tsushima.lg.jp/,http://www.db-search.com/tsushima-c/index.php/,,,
232092,愛知県,碧南市,ｱｲﾁｹﾝ,ﾍｷﾅﾝｼ,http://www.city.hekinan.aichi.jp/,http://asp.db-search.com/hekinan-c/,,,
232106,愛知県,刈谷市,ｱｲﾁｹﾝ,ｶﾘﾔｼ,https://www.city.kariya.lg.jp/,http://www.kaigiroku.net/kensaku/kariya/kariya.html,,,
232114,愛知県,豊田市,ｱｲﾁｹﾝ,ﾄﾖﾀｼ,http://www.city.toyota.aichi.jp/,http://www.kensakusystem.jp/toyota-c/cgi-bin2/See.exe?Code=26hbrjvwmal0uehisb,,,
232122,愛知県,安城市,ｱｲﾁｹﾝ,ｱﾝｼﾞｮｳｼ,https://www.city.anjo.aichi.jp/,http://www.kaigiroku.net/kensaku/anjo/anjo.html,,,
232131,愛知県,西尾市,ｱｲﾁｹﾝ,ﾆｼｵｼ,http://www.city.nishio.aichi.jp/,http://asp.db-search.com/nishio-c/,,,
232149,愛知県,蒲郡市,ｱｲﾁｹﾝ,ｶﾞﾏｺﾞｵﾘｼ,http://www.city.gamagori.lg.jp/,http://www.kaigiroku.net/kensaku/gamagori/gamagori.html,,,
232157,愛知県,犬山市,ｱｲﾁｹﾝ,ｲﾇﾔﾏｼ,http://www.city.inuyama.aichi.jp/,http://www.city.inuyama.aichi.jp/shisei/gikai/1000467/index.html,,,
232165,愛知県,常滑市,ｱｲﾁｹﾝ,ﾄｺﾅﾒｼ,http://www.city.tokoname.aichi.jp/,http://www.kaigiroku.net/kensaku/tokoname/tokoname.html,,,
232173,愛知県,江南市,ｱｲﾁｹﾝ,ｺｳﾅﾝｼ,http://www.city.konan.lg.jp/,http://www.gikai-tv.jp/dvl-konan/,,,
232190,愛知県,小牧市,ｱｲﾁｹﾝ,ｺﾏｷｼ,http://www.city.komaki.aichi.jp/,http://komaki.gijiroku.com/voices/g08v_search.asp,,,
232203,愛知県,稲沢市,ｱｲﾁｹﾝ,ｲﾅｻﾞﾜｼ,http://www.city.inazawa.aichi.jp/,http://inazawa.gijiroku.com/voices/,,,
232211,愛知県,新城市,ｱｲﾁｹﾝ,ｼﾝｼﾛｼ,http://www.city.shinshiro.lg.jp/,http://www.db-search.com/shinshiro-c/index.php/,,,
232220,愛知県,東海市,ｱｲﾁｹﾝ,ﾄｳｶｲｼ,http://www.city.tokai.aichi.jp/,http://www.kensakusystem.jp/tokai/cgi-bin2/ResultFrame.exe?Code=xfyuy4gnohyifwnqdv,,,
232238,愛知県,大府市,ｱｲﾁｹﾝ,ｵｵﾌﾞｼ,http://www.city.obu.aichi.jp/,http://obu.gijiroku.com/,,,
232246,愛知県,知多市,ｱｲﾁｹﾝ,ﾁﾀｼ,http://www.city.chita.lg.jp/,http://www.kaigiroku.net/kensaku/chita/chita.html,,,
232254,愛知県,知立市,ｱｲﾁｹﾝ,ﾁﾘｭｳｼ,http://www.city.chiryu.aichi.jp/,http://www.kensakusystem.jp/chiryu/cgi-bin3/See.exe?Code=18n9mx7qcmcg009m5a,,,
232262,愛知県,尾張旭市,ｱｲﾁｹﾝ,ｵﾜﾘｱｻﾋｼ,http://www.city.owariasahi.lg.jp/,http://www.kaigiroku.net/kensaku/owariasahi/menu.html,,,
232271,愛知県,高浜市,ｱｲﾁｹﾝ,ﾀｶﾊﾏｼ,http://www.city.takahama.lg.jp/,http://www.city.takahama.lg.jp/grpbetu/gikai/index.html,,,
232289,愛知県,岩倉市,ｱｲﾁｹﾝ,ｲﾜｸﾗｼ,http://www.city.iwakura.aichi.jp/,http://www.kensakusystem.jp/iwakura/sapphire.html,,,
232297,愛知県,豊明市,ｱｲﾁｹﾝ,ﾄﾖｱｹｼ,http://www.city.toyoake.lg.jp/,http://www.db-search.com/toyoake-c/index.php/,,,
232301,愛知県,日進市,ｱｲﾁｹﾝ,ﾆｯｼﾝｼ,http://www.city.nisshin.lg.jp/,http://www.kaigiroku.net/kensaku/cgi-bin/WWWframeBase.exe?A=frameBase&USR=aicniss&PWD=&L=1&S=31,,,
232319,愛知県,田原市,ｱｲﾁｹﾝ,ﾀﾊﾗｼ,http://www.city.tahara.aichi.jp/,http://www.kaigiroku.net/kensaku/tahara/tahara.html,,,
232327,愛知県,愛西市,ｱｲﾁｹﾝ,ｱｲｻｲｼ,http://www.city.aisai.lg.jp/,https://www.city.aisai.lg.jp/category_list.php?frmCd=6-2-3-0-0,,,
232335,愛知県,清須市,ｱｲﾁｹﾝ,ｷﾖｽｼ,http://www.city.kiyosu.aichi.jp/,http://www.city.kiyosu.aichi.jp/gikai/kaigiroku/index.html,,,
232343,愛知県,北名古屋市,ｱｲﾁｹﾝ,ｷﾀﾅｺﾞﾔｼ,http://www.city.kitanagoya.lg.jp/,http://www.kaigiroku.net/kensaku/kitanagoya/kitanagoya.html,,,
232351,愛知県,弥富市,ｱｲﾁｹﾝ,ﾔﾄﾐｼ,http://www.city.yatomi.lg.jp/,http://www.city.yatomi.lg.jp/gikai/1000077/index.html,,,
232360,愛知県,みよし市,ｱｲﾁｹﾝ,ﾐﾖｼｼ,http://www.city.aichi-miyoshi.lg.jp/,http://www.kensakusystem.jp/miyoshi-c/index.html,,,
232378,愛知県,あま市,ｱｲﾁｹﾝ,ｱﾏｼ,http://www.city.ama.aichi.jp/,http://www.db-search.com/ama-c/index.php/,,,
232386,愛知県,長久手市,ｱｲﾁｹﾝ,ﾅｶﾞｸﾃｼ,https://www.city.nagakute.lg.jp/index.html,http://www.kensakusystem.jp/nagakute/index.html,,,
233021,愛知県,東郷町,ｱｲﾁｹﾝ,ﾄｳｺﾞｳﾁｮｳ,http://www.town.aichi-togo.lg.jp/,http://asp.db-search.com/togo-t/dsweb.cgi/,,,
233421,愛知県,豊山町,ｱｲﾁｹﾝ,ﾄﾖﾔﾏﾁｮｳ,http://www.town.toyoyama.lg.jp/,http://www.kaigiroku.net/kensaku/toyoyama/toyoyama.html,,,
233617,愛知県,大口町,ｱｲﾁｹﾝ,ｵｵｸﾞﾁﾁｮｳ,http://www.town.oguchi.aichi.jp/,http://www.town.oguchi.aichi.jp/2741.htm,,,
233625,愛知県,扶桑町,ｱｲﾁｹﾝ,ﾌｿｳﾁｮｳ,http://www.town.fuso.lg.jp/,http://www.kensakusystem.jp/fuso/cgi-bin3/Search2.exe?Code=pk32q3jde5168xiqxi&sTarget=2,,,
234249,愛知県,大治町,ｱｲﾁｹﾝ,ｵｵﾊﾙﾁｮｳ,http://www.town.oharu.aichi.jp/,http://www.town.oharu.aichi.jp/gyosei/gikai04.html,,,
234257,愛知県,蟹江町,ｱｲﾁｹﾝ,ｶﾆｴﾁｮｳ,http://www.town.kanie.aichi.jp/,http://www.town.kanie.aichi.jp/soshiki/20/kaigiroku.html,,,
234273,愛知県,飛島村,ｱｲﾁｹﾝ,ﾄﾋﾞｼﾏﾑﾗ,http://www.vill.tobishima.aichi.jp/,http://www.kaigiroku.net/kensaku/tobishima/tobishima.html,,,
234419,愛知県,阿久比町,ｱｲﾁｹﾝ,ｱｸﾞｲﾁｮｳ,http://www.town.agui.lg.jp/,http://www.kaigiroku.net/kensaku/agui/agui.html,,,
234427,愛知県,東浦町,ｱｲﾁｹﾝ,ﾋｶﾞｼｳﾗﾁｮｳ,http://www.town.aichi-higashiura.lg.jp/,http://www.kaigiroku.net/kensaku/higashiura/higashiura.html,,,
234451,愛知県,南知多町,ｱｲﾁｹﾝ,ﾐﾅﾐﾁﾀﾁｮｳ,http://www.town.minamichita.lg.jp/main/,http://www.town.minamichita.lg.jp/main/gikai/gikai006.html,,,
234460,愛知県,美浜町,ｱｲﾁｹﾝ,ﾐﾊﾏﾁｮｳ,http://www.town.aichi-mihama.lg.jp/,http://www.town.aichi-mihama.lg.jp/docs/2013100801383/,,,
234478,愛知県,武豊町,ｱｲﾁｹﾝ,ﾀｹﾄﾖﾁｮｳ,http://www.town.taketoyo.lg.jp/,http://www.kaigiroku.net/kensaku/taketoyo/taketoyo.html,,,
235016,愛知県,幸田町,ｱｲﾁｹﾝ,ｺｳﾀﾁｮｳ,http://www.town.kota.lg.jp/,"http://www.town.kota.lg.jp/index.cfm/15,0,19,193,html",,,
235610,愛知県,設楽町,ｱｲﾁｹﾝ,ｼﾀﾗﾁｮｳ,http://www.town.shitara.aichi.jp/,"http://www.town.shitara.aichi.jp/sp/index.cfm/14,4032,48,html",,,
235628,愛知県,東栄町,ｱｲﾁｹﾝ,ﾄｳｴｲﾁｮｳ,http://www.town.toei.aichi.jp/,,,,
235636,愛知県,豊根村,ｱｲﾁｹﾝ,ﾄﾖﾈﾑﾗ,http://www.vill.toyone.aichi.jp/,,,,
240001,三重県,,ﾐｴｹﾝ,,http://www.pref.mie.lg.jp/,http://www.kaigiroku.net/kensaku/gikai_pref_mie/gijiroku.html,,,
242012,三重県,津市,ﾐｴｹﾝ,ﾂｼ,http://www.info.city.tsu.mie.jp/,http://www.kaigiroku.net/kensaku/cgi-bin/WWWframeBase.exe?A=frameBase1&USR=mietsus&PWD=&L=0&S=31,,,
242021,三重県,四日市市,ﾐｴｹﾝ,ﾖｯｶｲﾁｼ,http://www5.city.yokkaichi.mie.jp/,http://asp.db-search.com/yokkaichi-c/dsweb.cgi/,,,
242039,三重県,伊勢市,ﾐｴｹﾝ,ｲｾｼ,http://www.city.ise.mie.jp/,http://www.kaigiroku.net/kensaku/ise/ISE.html,,,
242047,三重県,松阪市,ﾐｴｹﾝ,ﾏﾂｻｶｼ,http://www.city.matsusaka.mie.jp/www/toppage/0000000000000/APM03000.html,http://www.kaigiroku.net/kensaku/matsusaka/matsusaka.html,,,
242055,三重県,桑名市,ﾐｴｹﾝ,ｸﾜﾅｼ,http://www.city.kuwana.lg.jp/,http://asp.db-search.com/kuwana-c/dsweb.cgi/,,,
242071,三重県,鈴鹿市,ﾐｴｹﾝ,ｽｽﾞｶｼ,http://www.city.suzuka.lg.jp/,http://www.kensakusystem.jp/suzuka/sapphire.html,,,
242080,三重県,名張市,ﾐｴｹﾝ,ﾅﾊﾞﾘｼ,http://www.city.nabari.lg.jp/,http://www.gijiroku.net/city.nabari/,,,
242098,三重県,尾鷲市,ﾐｴｹﾝ,ｵﾜｾｼ,http://www.city.owase.lg.jp/?g,http://www.city.owase.lg.jp/contents_detail.php?co=cat&frmId=12573&frmCd=34-2-2-0-0,会議録トップページがわかりづらい,,
242101,三重県,亀山市,ﾐｴｹﾝ,ｶﾒﾔﾏｼ,https://www.city.kameyama.mie.jp/,http://www.kensakusystem.jp/kameyama-s/index.html,,,
242110,三重県,鳥羽市,ﾐｴｹﾝ,ﾄﾊﾞｼ,https://www.city.toba.mie.jp/,http://www.kaigiroku.net/kensaku/toba/toba.html,,,
242128,三重県,熊野市,ﾐｴｹﾝ,ｸﾏﾉｼ,http://www.city.kumano.mie.jp/,http://www.city.kumano.mie.jp/gikai/gikai05.html,,,
242144,三重県,いなべ市,ﾐｴｹﾝ,ｲﾅﾍﾞｼ,https://www.city.inabe.mie.jp/,http://www.kensakusystem.jp/inabe-s/,,,
242152,三重県,志摩市,ﾐｴｹﾝ,ｼﾏｼ,https://www.city.shima.mie.jp/,http://www.kensakusystem.jp/shima/,,,
242161,三重県,伊賀市,ﾐｴｹﾝ,ｲｶﾞｼ,http://www.city.iga.lg.jp/,http://www.kensakusystem.jp/iga/cgi-bin3/Search2.exe?Code=lasonglwdlav3r9owm,,,
243035,三重県,木曽岬町,ﾐｴｹﾝ,ｷｿｻｷﾁｮｳ,http://www.town.kisosaki.lg.jp/,http://www.town.kisosaki.lg.jp/contents_detail.php?co=kak&frmId=562,,,
243248,三重県,東員町,ﾐｴｹﾝ,ﾄｳｲﾝﾁｮｳ,http://www.town.toin.lg.jp/,http://www.town.toin.lg.jp/category_list.php?frmCd=8-24-0-0-0,,,
243418,三重県,菰野町,ﾐｴｹﾝ,ｺﾓﾉﾁｮｳ,http://www2.town.komono.mie.jp/,http://www.kensakusystem.jp/komono/sapphire.html,,,
243434,三重県,朝日町,ﾐｴｹﾝ,ｱｻﾋﾁｮｳ,http://www2.town.asahi.mie.jp/,,,,
243442,三重県,川越町,ﾐｴｹﾝ,ｶﾜｺﾞｴﾁｮｳ,http://www.town.kawagoe.mie.jp/,http://www.kensakusystem.jp/kawagoe/,,,
244414,三重県,多気町,ﾐｴｹﾝ,ﾀｷﾁｮｳ,http://www.town.taki.mie.jp/,,,,
244422,三重県,明和町,ﾐｴｹﾝ,ﾒｲﾜﾁｮｳ,http://www.town.meiwa.mie.jp/,http://www.town.meiwa.gunma.jp/gyosei/section/gikai/kaigiroku/kaigiroku.htm,,,
244431,三重県,大台町,ﾐｴｹﾝ,ｵｵﾀﾞｲﾁｮｳ,http://www.odaitown.jp/,http://www.odaitown.jp/gikai/kaigiroku/index.html,,,
244619,三重県,玉城町,ﾐｴｹﾝ,ﾀﾏｷﾁｮｳ,https://kizuna.town.tamaki.mie.jp/town_site/index/,http://www.town.tamaki.mie.jp/gikai/gijiroku.html,,,
244708,三重県,度会町,ﾐｴｹﾝ,ﾜﾀﾗｲﾁｮｳ,http://www.town.watarai.lg.jp/,http://www.town.watarai.lg.jp/category_list.php?frmCd=6-0-0-0-0,,,
244716,三重県,大紀町,ﾐｴｹﾝ,ﾀｲｷﾁｮｳ,http://www.town.taiki.mie.jp/,,,,
244724,三重県,南伊勢町,ﾐｴｹﾝ,ﾐﾅﾐｲｾﾁｮｳ,http://www.town.minamiise.mie.jp/,,,,
245437,三重県,紀北町,ﾐｴｹﾝ,ｷﾎｸﾁｮｳ,http://www.town.mie-kihoku.lg.jp/,,,,
245615,三重県,御浜町,ﾐｴｹﾝ,ﾐﾊﾏﾁｮｳ,http://www.town.aichi-mihama.lg.jp/,,,,
245623,三重県,紀宝町,ﾐｴｹﾝ,ｷﾎｳﾁｮｳ,http://www.town.kiho.mie.jp/,,,,
250007,滋賀県,,ｼｶﾞｹﾝ,,http://www.pref.shiga.lg.jp/,http://www.shigaken-gikai.jp/voices/g08v_search.asp,,,
252018,滋賀県,大津市,ｼｶﾞｹﾝ,ｵｵﾂｼ,http://www.city.otsu.lg.jp/,http://www2.city.otsu.shiga.jp/kaigiroku/,,,
252026,滋賀県,彦根市,ｼｶﾞｹﾝ,ﾋｺﾈｼ,http://www.city.hikone.shiga.jp/,http://asp.db-search.com/hikone-c/,,,
252034,滋賀県,長浜市,ｼｶﾞｹﾝ,ﾅｶﾞﾊﾏｼ,http://www.city.nagahama.shiga.jp/,http://www.gijiroku.net/city.nagahama/,,,
252042,滋賀県,近江八幡市,ｼｶﾞｹﾝ,ｵｳﾐﾊﾁﾏﾝｼ,http://www.city.omihachiman.shiga.jp/,http://www.gijiroku.net/city.omihachiman/,,,
252069,滋賀県,草津市,ｼｶﾞｹﾝ,ｸｻﾂｼ,http://www.city.kusatsu.shiga.jp/,http://kusatsu.gijiroku.com/kusatsu/index.asp,,,
252077,滋賀県,守山市,ｼｶﾞｹﾝ,ﾓﾘﾔﾏｼ,http://www.city.moriyama.lg.jp/,http://www.kensakusystem.jp/moriyama/cgi-bin3/Search2.exe?Code=xqnkrrhth3udanh6h7&dMode=0&KeyWord=%8F%AD%90l%90%94%8Aw%8B%89&searchMode=1&keyMode=10&fromYear=%95%BD%90%AC25%94N&fromDate=%95%BD%90%AC25%94N%91%E61%89%F1%92%E8%97%E1%89%EF%81i%91%E6+1%93%FA+2%8C%8E22%93%FA%81j&tillYear=%95%BD%90%AC26%94N&tillDate=%95%BD%90%AC26%94N%91%E62%89%F1%92%E8%97%E1%89%EF%81i%91%E6+4%93%FA+6%8C%8E26%93%FA%81j&speaker=&speaker1=&speaker2=&speaker3=&eTarget=1&AhitResult=%8C%9F%8D%F5,,,
252085,滋賀県,栗東市,ｼｶﾞｹﾝ,ﾘｯﾄｳｼ,http://www.city.ritto.shiga.jp/,http://www.kensakusystem.jp/ritto/,,,
252093,滋賀県,甲賀市,ｼｶﾞｹﾝ,ｺｳｶｼ,http://www.city.koka.lg.jp/,http://www.kaigiroku.net/kensaku/koka/koka.html,,,
252107,滋賀県,野洲市,ｼｶﾞｹﾝ,ﾔｽｼ,http://www.city.yasu.lg.jp/,http://www.city.yasu.lg.jp/gyousei/gikai/teirei/index.html,,,
252115,滋賀県,湖南市,ｼｶﾞｹﾝ,ｺﾅﾝｼ,http://www.city.konan.shiga.jp/,http://www.kaigiroku.net/kensaku/konan/konan.html,,,
252123,滋賀県,高島市,ｼｶﾞｹﾝ,ﾀｶｼﾏｼ,http://www.city.takashima.lg.jp/www/toppage/0000000000000/APM03000.html,http://www.kaigiroku.net/kensaku/takashima/takashima.html,,,
252131,滋賀県,東近江市,ｼｶﾞｹﾝ,ﾋｶﾞｼｵｳﾐｼ,http://www.city.higashiomi.shiga.jp/,http://www.kensakusystem.jp/higashiomi/sapphire.html,,,
252140,滋賀県,米原市,ｼｶﾞｹﾝ,ﾏｲﾊﾞﾗｼ,http://www.city.maibara.lg.jp/,http://www.kensakusystem.jp/maibara/,,,
253839,滋賀県,日野町,ｼｶﾞｹﾝ,ﾋﾉﾁｮｳ,http://www.town.shiga-hino.lg.jp/,http://www.town.shiga-hino.lg.jp/category_list.php?frmCd=18-3-0-0-0,,,
253847,滋賀県,竜王町,ｼｶﾞｹﾝ,ﾘﾕｳｵｳﾁｮｳ,http://www.town.ryuoh.shiga.jp/,http://www.town.ryuoh.shiga.jp/parliament/gijiroku/gikai_gijiroku.html,,,
254258,滋賀県,愛荘町,ｼｶﾞｹﾝ,ｱｲｼｮｳﾁｮｳ,http://www.town.aisho.shiga.jp/,http://www.town.aisho.shiga.jp/main/04_tyousei/04_tyougi/05_gijiroku.html,,,
254410,滋賀県,豊郷町,ｼｶﾞｹﾝ,ﾄﾖｻﾄﾁｮｳ,http://www.town.toyosato.shiga.jp/,http://www.town.toyosato.shiga.jp/soshiki_view.php?so_cd1=5&so_cd2=1&so_cd3=0&so_cd4=0&so_cd5=0&bn_cd=3,,,
254428,滋賀県,甲良町,ｼｶﾞｹﾝ,ｺｳﾗﾁｮｳ,http://www.kouratown.jp/,http://www.kouratown.jp/cyonososhiki/gikaijimukyoku/gijikakari/chogikai/kaigiroku/index.html,,,
254436,滋賀県,多賀町,ｼｶﾞｹﾝ,ﾀｶﾞﾁｮｳ,http://www.town.taga.lg.jp/,,,,
260002,京都府,,ｷｮｳﾄﾌ,,http://www.pref.kyoto.jp/,http://asp.db-search.com/kyoto/,,,
261009,京都府,京都市,ｷｮｳﾄﾌ,ｷｮｳﾄｼ,http://www.city.kyoto.lg.jp/,http://www2.city.kyoto.lg.jp/shikai/kaigi/ka_index.html,,,
262013,京都府,福知山市,ｷｮｳﾄﾌ,ﾌｸﾁﾔﾏｼ,http://www.city.fukuchiyama.kyoto.jp/,http://www.kensakusystem.jp/fukuchiyama/,,,
262021,京都府,舞鶴市,ｷｮｳﾄﾌ,ﾏｲﾂﾞﾙｼ,http://www.city.maizuru.kyoto.jp/,http://www.kaigiroku.net/kensaku/maizuru/maizuru.html,,,
262030,京都府,綾部市,ｷｮｳﾄﾌ,ｱﾔﾍﾞｼ,http://www.city.ayabe.lg.jp/,http://www.city.ayabe.lg.jp/gikai/kaigiroku/index.html,,,
262048,京都府,宇治市,ｷｮｳﾄﾌ,ｳｼﾞｼ,http://www.city.uji.kyoto.jp/,https://www.city.uji.kyoto.jp/0000002939.html,,,
262056,京都府,宮津市,ｷｮｳﾄﾌ,ﾐﾔﾂﾞｼ,http://www.city.miyazu.kyoto.jp/www/normal_top.jsp,http://www.kensakusystem.jp/miyazu/index.html,,,
262064,京都府,亀岡市,ｷｮｳﾄﾌ,ｶﾒｵｶｼ,https://www.city.kameoka.kyoto.jp/,http://www.kaigiroku.net/kensaku/kameoka/kameoka.html,,,
262072,京都府,城陽市,ｷｮｳﾄﾌ,ｼﾞｮｳﾖｳｼ,http://www.city.joyo.kyoto.jp/,http://www.kensakusystem.jp/joyo/index.html,,,
262081,京都府,向日市,ｷｮｳﾄﾌ,ﾑｺｳｼ,http://www.city.muko.kyoto.jp/,http://www.kensakusystem.jp/muko/,,,
262099,京都府,長岡京市,ｷｮｳﾄﾌ,ﾅｶﾞｵｶｷｮｳｼ,http://www.city.nagaokakyo.lg.jp/,http://www.kensakusystem.jp/nagaokakyo/index.html,,,
262102,京都府,八幡市,ｷｮｳﾄﾌ,ﾔﾜﾀｼ,http://www.city.yawata.kyoto.jp/,http://www4.city.yawata.kyoto.jp/voices/,,,
262111,京都府,京田辺市,ｷｮｳﾄﾌ,ｷｮｳﾀﾅﾍﾞｼ,http://www.kyotanabe.jp/,http://www.kaigiroku.net/kensaku/cgi-bin/WWWinSearch.exe?USR=kyokyos&PWD=&A=inSearch&S=31&L=0,,,
262129,京都府,京丹後市,ｷｮｳﾄﾌ,ｷｮｳﾀﾝｺﾞｼ,https://www.city.kyotango.lg.jp/,http://www.kensakusystem.jp/kyotango/cgi-bin3/See.exe?Code=ysisue73kia86gkghx,,,
262137,京都府,南丹市,ｷｮｳﾄﾌ,ﾅﾝﾀﾝｼ,http://www.city.nantan.kyoto.jp/www/,http://www.city.nantan.kyoto.jp/www/shisei/108/003/000/index_2296.html,,,
262145,京都府,木津川市,ｷｮｳﾄﾌ,ｷﾂﾞｶﾞﾜｼ,http://www.city.kizugawa.lg.jp/index.cfm,http://www.db-search.com/kizugawa-c/index.php/,,,
263036,京都府,大山崎町,ｷｮｳﾄﾌ,ｵｵﾔﾏｻﾞｷﾁｮｳ,http://www.town.oyamazaki.kyoto.jp/,http://www.kensakusystem.jp/oyamazaki/index.html,,,
263222,京都府,久御山町,ｷｮｳﾄﾌ,ｸﾐﾔﾏﾁｮｳ,http://www.town.kumiyama.lg.jp/,http://www.kensakusystem.jp/kumiyama/index.html,,,
263435,京都府,井手町,ｷｮｳﾄﾌ,ｲﾃﾞﾁｮｳ,http://www.town.ide.kyoto.jp/,http://www.town.ide.kyoto.jp/chougikai/gijiroku/index.html,,,
263443,京都府,宇治田原町,ｷｮｳﾄﾌ,ｳｼﾞﾀﾜﾗﾁｮｳ,http://www.town.ujitawara.kyoto.jp/,http://www.town.ujitawara.kyoto.jp/soshiki/18-9-0-0-0_5.html,,,
263648,京都府,笠置町,ｷｮｳﾄﾌ,ｶｻｷﾞﾁｮｳ,http://www.town.kasagi.lg.jp/,http://www.town.kasagi.lg.jp/soshiki_view.php?so_cd1=2&so_cd2=0&so_cd3=0&so_cd4=0&so_cd5=0&bn_cd=5,,,
263656,京都府,和束町,ｷｮｳﾄﾌ,ﾜﾂﾞｶﾁｮｳ,https://www.town.wazuka.lg.jp/,http://www.town.wazuka.lg.jp/category_list.php?frmCd=21-3-8-0-0,,,
263664,京都府,精華町,ｷｮｳﾄﾌ,ｾｲｶﾁｮｳ,https://www.town.seika.kyoto.jp/,http://gikai.town.seika.kyoto.jp/seika/index.html,,,
263672,京都府,南山城村,ｷｮｳﾄﾌ,ﾐﾅﾐﾔﾏｼﾛﾑﾗ,http://www.vill.minamiyamashiro.lg.jp/,http://www.kensakusystem.jp/minamiyamashiro/index.html,,,
264075,京都府,京丹波町,ｷｮｳﾄﾌ,ｷｮｳﾀﾝﾊﾞﾁｮｳ,http://www.town.kyotamba.kyoto.jp/,http://www.town.kyotamba.kyoto.jp/0000002181.html,,,
264636,京都府,伊根町,ｷｮｳﾄﾌ,ｲﾈﾁｮｳ,http://www.town.ine.kyoto.jp/,,,,
264652,京都府,与謝野町,ｷｮｳﾄﾌ,ﾖｻﾉﾁｮｳ,http://www.town-yosano.jp/wwwg/index.jsp,http://www.town-yosano.jp/wwwg/gov/index.jsp,,,
270008,大阪府,,ｵｵｻｶﾌ,,http://www.pref.osaka.lg.jp/,http://kaigiroku.gikai-web.jp/kaigiroku/osakafu/frameBase_osk_etu.html,,,
271004,大阪府,大阪市,ｵｵｻｶﾌ,ｵｵｻｶｼ,http://www.city.osaka.lg.jp/shisei_top/category/883-0-0-0-0.html,http://search.kaigiroku.net/kensaku/city-osaka/menu.html,,,
271403,大阪府,堺市,ｵｵｻｶﾌ,ｻｶｲｼ,http://www.city.sakai.lg.jp/index.html,http://www12.gijiroku.com/sakai/,,,
272027,大阪府,岸和田市,ｵｵｻｶﾌ,ｷｼﾜﾀﾞｼ,https://www.city.kishiwada.osaka.jp/,http://www.db-search.com/kishiwada-c/index.php/,,,
272035,大阪府,豊中市,ｵｵｻｶﾌ,ﾄﾖﾅｶｼ,https://www.city.toyonaka.osaka.jp/,http://toyonaka.gijiroku.com/gikai/,,,
272043,大阪府,池田市,ｵｵｻｶﾌ,ｲｹﾀﾞｼ,http://www.city.ikeda.osaka.jp/kurashi/,http://apollon3.zeus.ne.jp/discuss/index.html,,,
272051,大阪府,吹田市,ｵｵｻｶﾌ,ｽｲﾀｼ,http://www.city.suita.osaka.jp/,http://www.city.suita.osaka.jp/home/shigikai/57036.html,,,
272060,大阪府,泉大津市,ｵｵｻｶﾌ,ｲｽﾞﾐｵｵﾂｼ,http://www.city.izumiotsu.lg.jp/,http://www.kaigiroku.net/kensaku/izumiotsu/izumiotsu.html,,,
272078,大阪府,高槻市,ｵｵｻｶﾌ,ﾀｶﾂｷｼ,http://www.city.takatsuki.osaka.jp/,http://www.kensakusystem.jp/takatsuki/,,,
272086,大阪府,貝塚市,ｵｵｻｶﾌ,ｶｲﾂﾞｶｼ,http://www.city.kaizuka.lg.jp/,http://www.kaigiroku.net/kensaku/kaizuka/kaizuka.html,,,
272094,大阪府,守口市,ｵｵｻｶﾌ,ﾓﾘｸﾞﾁｼ,http://www.city.moriguchi.osaka.jp/,http://www.kensakusystem.jp/moriguchi/index.html,,,
272108,大阪府,枚方市,ｵｵｻｶﾌ,ﾋﾗｶﾀｼ,http://www.city.hirakata.osaka.jp/,https://www.city.hirakata.osaka.jp/soshiki/kysoumu/teireikairingikaikaigiroku.html,,,
272116,大阪府,茨木市,ｵｵｻｶﾌ,ｲﾊﾞﾗｷｼ,http://www.city.ibaraki.osaka.jp/,http://www.kensakusystem.jp/ibaraki/,,,
272124,大阪府,八尾市,ｵｵｻｶﾌ,ﾔｵｼ,http://www.city.yao.osaka.jp/,http://yao.gijiroku.com/voices/g08v_view.asp,,,
272132,大阪府,泉佐野市,ｵｵｻｶﾌ,ｲｽﾞﾐｻﾉｼ,http://www.city.izumisano.lg.jp/,http://www.kaigiroku.net/kensaku/izumisano/izumisano.html,,,
272141,大阪府,富田林市,ｵｵｻｶﾌ,ﾄﾝﾀﾞﾊﾞﾔｼｼ,http://www.city.tondabayashi.osaka.jp/,http://www.kaigiroku.net/kensaku/tondabayashi/tondabayashi.html,,,
272159,大阪府,寝屋川市,ｵｵｻｶﾌ,ﾈﾔｶﾞﾜｼ,http://www.city.neyagawa.osaka.jp/,http://www.kensakusystem.jp/neyagawa/,,,
272167,大阪府,河内長野市,ｵｵｻｶﾌ,ｶﾜﾁﾅｶﾞﾉｼ,http://www.city.kawachinagano.lg.jp/,http://www.kaigiroku.net/kensaku/kawachinagano_gikai/kawachinagano_gikai.html,,,
272175,大阪府,松原市,ｵｵｻｶﾌ,ﾏﾂﾊﾞﾗｼ,http://www.city.matsubara.osaka.jp/,http://www.kaigiroku.net/kensaku/matsubara/matsubara.html,,,
272183,大阪府,大東市,ｵｵｻｶﾌ,ﾀﾞｲﾄｳｼ,http://www.city.daito.lg.jp/,http://daito.gijiroku.com/gikai/g08v_search.asp,,,
272191,大阪府,和泉市,ｵｵｻｶﾌ,ｲｽﾞﾐｼ,http://www.city.osaka-izumi.lg.jp/,http://www.kaigiroku.net/kensaku/izumi/izumi.html,,,
272205,大阪府,箕面市,ｵｵｻｶﾌ,ﾐﾉｵｼ,http://www.city.minoh.lg.jp/,http://www.kaigiroku.net/kensaku/minoh/minoh.html,,,
272213,大阪府,柏原市,ｵｵｻｶﾌ,ｶｼﾜﾗｼ,http://www.city.kashiwara.osaka.jp/,http://www2.city.kashiwara.osaka.jp/discuss/kashiwara/,,,
272221,大阪府,羽曳野市,ｵｵｻｶﾌ,ﾊﾋﾞｷﾉｼ,http://www.city.habikino.lg.jp/,http://habikino.gijiroku.com/gikai/,,,
272230,大阪府,門真市,ｵｵｻｶﾌ,ｶﾄﾞﾏｼ,http://www.city.kadoma.osaka.jp/,http://www03.gijiroku.com/kadoma/,,,
272248,大阪府,摂津市,ｵｵｻｶﾌ,ｾｯﾂｼ,http://www.city.settsu.osaka.jp/,http://www2.city.settsu.osaka.jp/gikai/,,,
272256,大阪府,高石市,ｵｵｻｶﾌ,ﾀｶｲｼｼ,http://www.city.takaishi.lg.jp/,http://www.kaigiroku.net/kensaku/takaishi/takaishi.html,,,
272264,大阪府,藤井寺市,ｵｵｻｶﾌ,ﾌｼﾞｲﾃﾞﾗｼ,http://www.city.fujiidera.lg.jp/,http://www.city.fujiidera.lg.jp/shisei/shigikai/1386988917741.html,,,
272272,大阪府,東大阪市,ｵｵｻｶﾌ,ﾋｶﾞｼｵｵｻｶｼ,http://www.city.higashiosaka.lg.jp/,http://higashiosaka.gijiroku.com/gikai/g08v_search.asp,,,
272281,大阪府,泉南市,ｵｵｻｶﾌ,ｾﾝﾅﾝｼ,http://www.city.sennan.lg.jp/,http://gikai.city.sennan.osaka.jp/category/minute,,,
272299,大阪府,四條畷市,ｵｵｻｶﾌ,ｼｼﾞﾖｳﾅﾜﾃｼ,http://www.city.shijonawate.lg.jp/,http://www.kaigiroku.net/kensaku/shijonawate/shijonawate.html,,,
272302,大阪府,交野市,ｵｵｻｶﾌ,ｶﾀﾉｼ,http://www.city.katano.osaka.jp/,http://www.kaigiroku.net/kensaku/katano/katano.html,,,
272311,大阪府,大阪狭山市,ｵｵｻｶﾌ,ｵｵｻｶｻﾔﾏｼ,http://www.city.osakasayama.osaka.jp/,http://www.gikai-web.com/osakasayama/,,,
272329,大阪府,阪南市,ｵｵｻｶﾌ,ﾊﾝﾅﾝｼ,http://www.city.hannan.lg.jp/,http://www.kaigiroku.net/kensaku/hannan/hannan.html,,,
273015,大阪府,島本町,ｵｵｻｶﾌ,ｼﾏﾓﾄﾁｮｳ,http://www.shimamotocho.jp/,http://www.shimamotocho.jp/gyousei/kakuka/gikaijimukyoku/gikaisoumuka/kaigikekka/kaigiroku/index.html,,,
273210,大阪府,豊能町,ｵｵｻｶﾌ,ﾄﾖﾉﾁｮｳ,http://www.town.toyono.osaka.jp/,http://www.kensakusystem.jp/toyono/sapphire.html,,,
273228,大阪府,能勢町,ｵｵｻｶﾌ,ﾉｾﾁｮｳ,http://www.town.nose.osaka.jp/,http://www.kensakusystem.jp/nose/,,,
273414,大阪府,忠岡町,ｵｵｻｶﾌ,ﾀﾀﾞｵｶﾁｮｳ,https://www.town.tadaoka.osaka.jp/,https://www.town.tadaoka.osaka.jp/?ka_details=%E4%BC%9A%E8%AD%B0%E9%8C%B2%E3%81%AE%E9%96%B2%E8%A6%A7-2,,,
273619,大阪府,熊取町,ｵｵｻｶﾌ,ｸﾏﾄﾘﾁｮｳ,http://www.town.kumatori.lg.jp/,http://www.town.kumatori.lg.jp/gikai/,,,
273627,大阪府,田尻町,ｵｵｻｶﾌ,ﾀｼﾞﾘﾁｮｳ,http://www.town.tajiri.osaka.jp/,,,,
273660,大阪府,岬町,ｵｵｻｶﾌ,ﾐｻｷﾁｮｳ,http://www.town.misaki.osaka.jp/,,,,
273813,大阪府,太子町,ｵｵｻｶﾌ,ﾀｲｼﾁｮｳ,http://www.town.taishi.osaka.jp/,http://www.town.taishi.osaka.jp/busyo/gikai_jimu/index.html,,,
273821,大阪府,河南町,ｵｵｻｶﾌ,ｶﾅﾝﾁｮｳ,http://www.town.kanan.osaka.jp/index.html,http://www.town.kanan.osaka.jp/kakukanooshirase/sogoseisakubu/hishokikakuka/choseijoho/sogokeikaku/sogokeikakushingikai/index.html,,,
273830,大阪府,千早赤阪村,ｵｵｻｶﾌ,ﾁﾊﾔｱｶｻｶﾑﾗ,http://www.vill.chihayaakasaka.osaka.jp/,http://www.vill.chihayaakasaka.osaka.jp/gikaijimukyoku/gikai-bochou.html,,,
280003,兵庫県,,ﾋｮｳｺﾞｹﾝ,,http://web.pref.hyogo.jp/,http://www.kensakusystem.jp/hyogopref/,,,
281000,兵庫県,神戸市,ﾋｮｳｺﾞｹﾝ,ｺｳﾍﾞｼ,http://www.city.kobe.lg.jp/,http://shikai.city.kobe.lg.jp/db-search/,,,
282014,兵庫県,姫路市,ﾋｮｳｺﾞｹﾝ,ﾋﾒｼﾞｼ,http://www.city.himeji.lg.jp/,http://www.kensakusystem.jp/himeji/index.html,,,
282022,兵庫県,尼崎市,ﾋｮｳｺﾞｹﾝ,ｱﾏｶﾞｻｷｼ,http://www.city.amagasaki.hyogo.jp/,http://www.kaigiroku.net/cgi-bin/WWWframeBase.exe?A=frameBase_inter&USR=hyoamas&PWD=&L=1&S=31,,,
282031,兵庫県,明石市,ﾋｮｳｺﾞｹﾝ,ｱｶｼｼ,http://www.city.akashi.lg.jp/smartphone/index.html,http://www.kensakusystem.jp/akashi/index.html,,,
282049,兵庫県,西宮市,ﾋｮｳｺﾞｹﾝ,ﾆｼﾉﾐﾔｼ,http://www.nishi.or.jp/,http://momo2.nishi.or.jp/proceedings/g08v_search.asp,,,
282057,兵庫県,洲本市,ﾋｮｳｺﾞｹﾝ,ｽﾓﾄｼ,http://www.city.sumoto.lg.jp/,http://www.kensakusystem.jp/sumoto/index.html,,,
282065,兵庫県,芦屋市,ﾋｮｳｺﾞｹﾝ,ｱｼﾔｼ,http://www.city.ashiya.lg.jp/,http://www.kaigiroku.net/kensaku/ashiya/ashiya.html,,,
282073,兵庫県,伊丹市,ﾋｮｳｺﾞｹﾝ,ｲﾀﾐｼ,http://www.city.itami.lg.jp/,http://www.kensakusystem.jp/itami/index.html,,,
282081,兵庫県,相生市,ﾋｮｳｺﾞｹﾝ,ｱｲｵｲｼ,http://www.city.aioi.lg.jp/,http://www.kensakusystem.jp/aioi-c/sapphire.html,,,
282090,兵庫県,豊岡市,ﾋｮｳｺﾞｹﾝ,ﾄﾖｵｶｼ,http://www.city.toyooka.lg.jp/www/toppage/0000000000000/APM03000.html,http://www.kensakusystem.jp/toyooka/index.html,,,
282103,兵庫県,加古川市,ﾋｮｳｺﾞｹﾝ,ｶｺｶﾞﾜｼ,http://www.city.kakogawa.lg.jp/,http://www.kensakusystem.jp/kakogawa/index.html,,,
282120,兵庫県,赤穂市,ﾋｮｳｺﾞｹﾝ,ｱｺｳｼ,http://www.city.ako.lg.jp/,http://www.kensakusystem.jp/ako/index.html,,,
282138,兵庫県,西脇市,ﾋｮｳｺﾞｹﾝ,ﾆｼﾜｷｼ,http://www.city.nishiwaki.lg.jp/,http://www.city.nishiwaki.lg.jp/shiseijyoho/shigikai/1392782598035.html,,,
282146,兵庫県,宝塚市,ﾋｮｳｺﾞｹﾝ,ﾀｶﾗﾂﾞｶｼ,http://www.city.takarazuka.hyogo.jp/,http://takarazuka.gijiroku.com/voices/,,,
282154,兵庫県,三木市,ﾋｮｳｺﾞｹﾝ,ﾐｷｼ,http://www.city.miki.lg.jp/index3.html,http://www.gijiroku.net/city.miki/,,,
282162,兵庫県,高砂市,ﾋｮｳｺﾞｹﾝ,ﾀｶｻｺﾞｼ,http://www.city.takasago.hyogo.jp/,http://sv601702.city.takasago.hyogo.jp/kaigiroku/cgi-bin2/Search2.exe?Code=h52lmgenyzsjmkcxck&sTarget=2,,,
282171,兵庫県,川西市,ﾋｮｳｺﾞｹﾝ,ｶﾜﾆｼｼ,http://www.city.kawanishi.hyogo.jp/,http://www.kaigiroku.net/kensaku/kawanishi/kawanishi.html,,,
282189,兵庫県,小野市,ﾋｮｳｺﾞｹﾝ,ｵﾉｼ,http://www.city.ono.hyogo.jp/,http://www.kensakusystem.jp/ono-c/sapphire.html,,,
282197,兵庫県,三田市,ﾋｮｳｺﾞｹﾝ,ｻﾝﾀﾞｼ,http://www.city.sanda.lg.jp/,http://www.gijiroku.net/city.sanda/,,,
282201,兵庫県,加西市,ﾋｮｳｺﾞｹﾝ,ｶｻｲｼ,http://www.city.kasai.hyogo.jp/,http://www.kaigiroku.net/kensaku/kasai/kasai.html,,,
282219,兵庫県,篠山市,ﾋｮｳｺﾞｹﾝ,ｻｻﾔﾏｼ,http://www.city.sasayama.hyogo.jp/,http://kensaku.sasayama.jp/default.html,,,
282227,兵庫県,養父市,ﾋｮｳｺﾞｹﾝ,ﾔﾌﾞｼ,http://www.city.yabu.hyogo.jp/,http://www.db-search.com/yabu-c/index.php/,,,
282235,兵庫県,丹波市,ﾋｮｳｺﾞｹﾝ,ﾀﾝﾊﾞｼ,http://www.city.tamba.hyogo.jp/,http://www.kensakusystem.jp/tamba/index.html,,,
282243,兵庫県,南あわじ市,ﾋｮｳｺﾞｹﾝ,ﾐﾅﾐｱﾜｼﾞｼ,http://www.city.minamiawaji.hyogo.jp/,http://www.city.minamiawaji.hyogo.jp/site/gikai/kaigiroku.html,,,
282251,兵庫県,朝来市,ﾋｮｳｺﾞｹﾝ,ｱｻｺﾞｼ,http://www.city.asago.hyogo.jp/,http://www.city.asago.hyogo.jp/gikai/category/6-7-0-0-0.html,,,
282260,兵庫県,淡路市,ﾋｮｳｺﾞｹﾝ,ｱﾜｼﾞｼ,http://www.city.awaji.lg.jp/,http://www.kensakusystem.jp/awaji/index.html,,,
282278,兵庫県,宍粟市,ﾋｮｳｺﾞｹﾝ,ｼｿｳｼ,http://www.city.shiso.lg.jp/,http://www.city.shiso.lg.jp/soshiki/sonotabukyoku/gikaijimukyoku/tanntoujyouhou1/kaigiroku/index.html,,,
282286,兵庫県,加東市,ﾋｮｳｺﾞｹﾝ,ｶﾄｳｼ,http://www.city.kato.lg.jp/,http://www.gijiroku.net/city.kato/,,,
282294,兵庫県,たつの市,ﾋｮｳｺﾞｹﾝ,ﾀﾂﾉｼ,http://www.city.tatsuno.lg.jp/,http://www.kensakusystem.jp/tatsuno/,,,
283011,兵庫県,猪名川町,ﾋｮｳｺﾞｹﾝ,ｲﾅｶﾞﾜﾁｮｳ,http://www.town.inagawa.lg.jp/,http://www.town.inagawa.lg.jp/,,,
283657,兵庫県,多可町,ﾋｮｳｺﾞｹﾝ,ﾀｶﾁｮｳ,http://www.takacho.jp/,http://www.gijiroku.net/town.taka/,,,
283819,兵庫県,稲美町,ﾋｮｳｺﾞｹﾝ,ｲﾅﾐﾁｮｳ,http://www.town.hyogo-inami.lg.jp/,http://www.kensakusystem.jp/inami/index.html,,,
283827,兵庫県,播磨町,ﾋｮｳｺﾞｹﾝ,ﾊﾘﾏﾁｮｳ,https://www.town.harima.lg.jp/,http://www.kensakusystem.jp/harima/index.html,,,
284424,兵庫県,市川町,ﾋｮｳｺﾞｹﾝ,ｲﾁｶﾜﾁｮｳ,https://www.town.ichikawa.hyogo.jp/forms/top/top.aspx,http://www.kensakusystem.jp/ichikawa/index.html,,,
284432,兵庫県,福崎町,ﾋｮｳｺﾞｹﾝ,ﾌｸｻｷﾁｮｳ,http://www.town.fukusaki.hyogo.jp/,http://www.town.fukusaki.hyogo.jp/0000000984.html,,,
284467,兵庫県,神河町,ﾋｮｳｺﾞｹﾝ,ｶﾐｶﾜﾁｮｳ,https://www.town.kamikawa.hyogo.jp/forms/top/top.aspx,https://www.town.kamikawa.hyogo.jp/forms/info/info.aspx?info_id=33921,,,
284645,兵庫県,太子町,ﾋｮｳｺﾞｹﾝ,ﾀｲｼﾁｮｳ,http://www.town.hyogo-taishi.lg.jp/,http://www.town.hyogo-taishi.lg.jp/matijyouhou/tyouggikai/honnkaigi/,,,
284815,兵庫県,上郡町,ﾋｮｳｺﾞｹﾝ,ｶﾐｺﾞｵﾘﾁｮｳ,http://www.town.kamigori.hyogo.jp/cms-sypher/www/index.jsp,http://www.kensakusystem.jp/kamigori/index.html,,,
285013,兵庫県,佐用町,ﾋｮｳｺﾞｹﾝ,ｻﾖｳﾁｮｳ,http://www.town.sayo.lg.jp/cms-sypher/www/normal_top.jsp,http://www.town.sayo.lg.jp/cms-sypher/www/info/detail.jsp?id=801,,,
285854,兵庫県,香美町,ﾋｮｳｺﾞｹﾝ,ｶﾐﾁｮｳ,http://www.town.mikata-kami.lg.jp/www/toppage/0000000000000/APM03000.html,http://www.db-search.com/kami-t/index.php/,,,
285862,兵庫県,新温泉町,ﾋｮｳｺﾞｹﾝ,ｼﾝｵﾝｾﾝﾁｮｳ,http://www.town.shinonsen.hyogo.jp/,,,,
290009,奈良県,,ﾅﾗｹﾝ,,http://www.pref.nara.jp/,http://www.kaigiroku.net/kensaku/pref_nara/nara.html,,,
292010,奈良県,奈良市,ﾅﾗｹﾝ,ﾅﾗｼ,http://www.city.nara.lg.jp/www/toppage/0000000000000/APM03000.html,http://www.kaigiroku.net/kensaku/narashi/narashi.html,,,
292028,奈良県,大和高田市,ﾅﾗｹﾝ,ﾔﾏﾄﾀｶﾀﾞｼ,http://www.city.yamatotakada.nara.jp/,http://asp.db-search.com/yamatotakada-c/,,,
292036,奈良県,大和郡山市,ﾅﾗｹﾝ,ﾔﾏﾄｺｵﾘﾔﾏｼ,http://www.city.yamatokoriyama.nara.jp/,http://www.kaigiroku.net/kensaku/yamatokoriyama/yamatokoriyama.html,,,
292044,奈良県,天理市,ﾅﾗｹﾝ,ﾃﾝﾘｼ,http://www.city.tenri.nara.jp/,http://www.kaigiroku.net/kensaku/tenri/tenri.html,,,
292052,奈良県,橿原市,ﾅﾗｹﾝ,ｶｼﾊﾗｼ,http://www.city.kashihara.nara.jp/,http://asp.db-search.com/kashihara-c/,,,
292061,奈良県,桜井市,ﾅﾗｹﾝ,ｻｸﾗｲｼ,http://www.city.sakurai.lg.jp/,http://www.city.sakurai.lg.jp/section/reiki_int/reiki_taikei/taikei_default.html,,,
292079,奈良県,五條市,ﾅﾗｹﾝ,ｺﾞｼﾞｮｳｼ,http://www.city.gojo.lg.jp/www/toppage/0000000000000/APM03000.html,https://www.city.gojo.lg.jp/www/genre/0000000000000/1228354956719/index.html,,,
292087,奈良県,御所市,ﾅﾗｹﾝ,ｺﾞｾｼ,http://www.city.gose.nara.jp/,http://www.city.gose.nara.jp/,,,
292095,奈良県,生駒市,ﾅﾗｹﾝ,ｲｺﾏｼ,http://www.city.ikoma.lg.jp/,http://asp.db-search.com/ikoma-c/dsweb.cgi/,,,
292109,奈良県,香芝市,ﾅﾗｹﾝ,ｶｼﾊﾞｼ,http://www.city.kashiba.lg.jp/,http://www.gijiroku.net/city.kashiba/,,,
292117,奈良県,葛城市,ﾅﾗｹﾝ,ｶﾂﾗｷﾞｼ,http://www.city.katsuragi.nara.jp/,"http://www.city.katsuragi.nara.jp/index.cfm/21,0,57,352,html",,,
292125,奈良県,宇陀市,ﾅﾗｹﾝ,ｳﾀﾞｼ,https://www.city.uda.nara.jp/,http://www.city.uda.nara.jp/shisei/gikai/gijiroku/,,,
293229,奈良県,山添村,ﾅﾗｹﾝ,ﾔﾏｿﾞｴﾑﾗ,http://www.vill.yamazoe.nara.jp/,,,,
293423,奈良県,平群町,ﾅﾗｹﾝ,ﾍｸﾞﾘﾁｮｳ,http://www.town.heguri.nara.jp/web/index.html,http://www.town.heguri.nara.jp/web/profile/gikai/gikai09.html,,,
293431,奈良県,三郷町,ﾅﾗｹﾝ,ｻﾝｺﾞｳﾁｮｳ,http://www.town.sango.nara.jp/,http://www.town.sango.nara.jp/gikai/20160401.html,,,
293440,奈良県,斑鳩町,ﾅﾗｹﾝ,ｲｶﾙｶﾞﾁｮｳ,http://www.town.ikaruga.nara.jp/,http://www.town.ikaruga.nara.jp/0000000402.html,,,
293458,奈良県,安堵町,ﾅﾗｹﾝ,ｱﾝﾄﾞﾁｮｳ,https://www.town.ando.nara.jp/,,,,
293610,奈良県,川西町,ﾅﾗｹﾝ,ｶﾜﾆｼﾁｮｳ,http://www.town.nara-kawanishi.lg.jp/,,,,
293628,奈良県,三宅町,ﾅﾗｹﾝ,ﾐﾔｹﾁｮｳ,http://www.town.miyake.nara.jp/,http://www.town.miyake.nara.jp/256/001810.html,,,
293636,奈良県,田原本町,ﾅﾗｹﾝ,ﾀﾜﾗﾓﾄﾁｮｳ,http://www.town.tawaramoto.nara.jp/,http://www.town.tawaramoto.nara.jp/01_town/prefectural-assembly/minutes/minutes_top.html,,,
293857,奈良県,曽爾村,ﾅﾗｹﾝ,ｿﾆﾑﾗ,http://www.town.tawaramoto.nara.jp/05_others/reiki_int/reiki_taikei/taikei_default.html,,,,
293865,奈良県,御杖村,ﾅﾗｹﾝ,ﾐﾂｴﾑﾗ,http://www.vill.mitsue.nara.jp/,,,,
294012,奈良県,高取町,ﾅﾗｹﾝ,ﾀｶﾄﾘﾁｮｳ,http://www.vill.mitsue.nara.jp/,,,,
294021,奈良県,明日香村,ﾅﾗｹﾝ,ｱｽｶﾑﾗ,http://www.asukamura.jp/,http://www.asukamura.jp/gikai/nittei_index.html,,,
294241,奈良県,上牧町,ﾅﾗｹﾝ,ｶﾝﾏｷﾁｮｳ,http://www.town.kanmaki.nara.jp/,http://www.town.kanmaki.nara.jp/chogikai/dayori,,,
294250,奈良県,王寺町,ﾅﾗｹﾝ,ｵｳｼﾞﾁｮｳ,http://www.town.oji.nara.jp/,http://www.town.oji.nara.jp/,,,
294268,奈良県,広陵町,ﾅﾗｹﾝ,ｺｳﾘﾖｳﾁｮｳ,https://www.town.koryo.nara.jp/,http://www.kensakusystem.jp/koryo/index.html,,,
294276,奈良県,河合町,ﾅﾗｹﾝ,ｶﾜｲﾁｮｳ,http://www.town.kawai.nara.jp/,http://www.town.kawai.nara.jp/chogikai/chogikai_list/kaigiroku/rinnjikai/rinnjikai_kaigiroku/index.html,,,
294411,奈良県,吉野町,ﾅﾗｹﾝ,ﾖｼﾉﾁｮｳ,http://www.town.kawai.nara.jp/reiki/reiki_menu.html,http://www.town.yoshino.nara.jp/chogikai/kaigiroku/,,,
294420,奈良県,大淀町,ﾅﾗｹﾝ,ｵｵﾖﾄﾞﾁｮｳ,http://www.town.oyodo.lg.jp/,,,,
294438,奈良県,下市町,ﾅﾗｹﾝ,ｼﾓｲﾁﾁｮｳ,http://www.town.shimoichi.nara.jp/,,,,
294446,奈良県,黒滝村,ﾅﾗｹﾝ,ｸﾛﾀｷﾑﾗ,http://www.vill.kurotaki.nara.jp/,,,,
294462,奈良県,天川村,ﾅﾗｹﾝ,ﾃﾝｶﾜﾑﾗ,http://www.vill.tenkawa.nara.jp/,,,,
294471,奈良県,野迫川村,ﾅﾗｹﾝ,ﾉｾｶﾞﾜﾑﾗ,http://www.vill.nosegawa.nara.jp/,,,,
294497,奈良県,十津川村,ﾅﾗｹﾝ,ﾄﾂｶﾜﾑﾗ,http://www.vill.totsukawa.lg.jp/www/toppage/0000000000000/APM03000.html,,,,
294501,奈良県,下北山村,ﾅﾗｹﾝ,ｼﾓｷﾀﾔﾏﾑﾗ,http://www.vill.shimokitayama.nara.jp/,,,,
294519,奈良県,上北山村,ﾅﾗｹﾝ,ｶﾐｷﾀﾔﾏﾑﾗ,http://vill.kamikitayama.nara.jp/,,,,
294527,奈良県,川上村,ﾅﾗｹﾝ,ｶﾜｶﾐﾑﾗ,http://www.vill.kawakami.nara.jp/,,,,
294535,奈良県,東吉野村,ﾅﾗｹﾝ,ﾋｶﾞｼﾖｼﾉﾑﾗ,http://www.vill.higashiyoshino.nara.jp/,,,,
300004,和歌山県,,ﾜｶﾔﾏｹﾝ,,http://www.pref.wakayama.lg.jp/,http://www.pref.wakayama.lg.jp/prefg/200100/www/html/gijiroku/menu.html,,,
302015,和歌山県,和歌山市,ﾜｶﾔﾏｹﾝ,ﾜｶﾔﾏｼ,http://www.city.wakayama.wakayama.jp/,http://www.kaigiroku.net/kensaku/wakayama/index.html,,,
302023,和歌山県,海南市,ﾜｶﾔﾏｹﾝ,ｶｲﾅﾝｼ,http://www.city.kainan.lg.jp/,http://www.kaigiroku.net/kensaku/kainan/kainan.html,,,
302031,和歌山県,橋本市,ﾜｶﾔﾏｹﾝ,ﾊｼﾓﾄｼ,http://www.chw.jp/,http://www.chw.jp/guide/shigikai/kaigiannai/kaigiroku/index.html,,,
302040,和歌山県,有田市,ﾜｶﾔﾏｹﾝ,ｱﾘﾀﾞｼ,https://www.city.arida.lg.jp/,https://www.city.arida.lg.jp/sigikai/untitled_000.html,,,
302058,和歌山県,御坊市,ﾜｶﾔﾏｹﾝ,ｺﾞﾎﾞｳｼ,http://www.city.gobo.wakayama.jp/,http://www.kaigiroku.net/kensaku/gobo/gobo.html,,,
302066,和歌山県,田辺市,ﾜｶﾔﾏｹﾝ,ﾀﾅﾍﾞｼ,http://www.city.tanabe.lg.jp/,http://www.kensakusystem.jp/tanabe/,,,
302074,和歌山県,新宮市,ﾜｶﾔﾏｹﾝ,ｼﾝｸﾞｳｼ,https://www.city.shingu.lg.jp/forms/top/top.aspx,http://www.kaigiroku.net/kensaku/shingu/shingu.html,,,
302082,和歌山県,紀の川市,ﾜｶﾔﾏｹﾝ,ｷﾉｶﾜｼ,http://www.city.kinokawa.lg.jp/,http://www.city.kinokawa.lg.jp/gikai/kaigiroku/2015-1009-1104-11.html,,,
302091,和歌山県,岩出市,ﾜｶﾔﾏｹﾝ,ｲﾜﾃﾞｼ,https://www.city.iwade.lg.jp/,https://www.city.iwade.lg.jp/gikai/kaigiroku.html,,,
303046,和歌山県,紀美野町,ﾜｶﾔﾏｹﾝ,ｷﾐﾉﾁｮｳ,http://www.town.kimino.wakayama.jp/,http://www.town.kimino.wakayama.jp/gikai/000105.html,,,
303411,和歌山県,かつらぎ町,ﾜｶﾔﾏｹﾝ,ｶﾂﾗｷﾞﾁｮｳ,http://www.city.katsuragi.nara.jp/,"http://www.city.katsuragi.nara.jp/index.cfm/21,0,57,352,html",,,
303437,和歌山県,九度山町,ﾜｶﾔﾏｹﾝ,ｸﾄﾞﾔﾏﾁｮｳ,https://www.town.kudoyama.wakayama.jp/,https://www.town.kudoyama.wakayama.jp/gikai/index.html,,,
303445,和歌山県,高野町,ﾜｶﾔﾏｹﾝ,ｺｳﾔﾁｮｳ,https://www.town.koya.wakayama.jp/,http://www.kensakusystem.jp/koya/,,,
303615,和歌山県,湯浅町,ﾜｶﾔﾏｹﾝ,ﾕｱｻﾁｮｳ,http://www.town.yuasa.wakayama.jp/,http://www.town.yuasa.wakayama.jp/publics/index/56/&anchor_link=page56#page56,,,
303623,和歌山県,広川町,ﾜｶﾔﾏｹﾝ,ﾋﾛｶﾞﾜﾁｮｳ,http://www.town.hirogawa.wakayama.jp/,http://www.town.hirogawa.wakayama.jp/gikai/index.html,,,
303666,和歌山県,有田川町,ﾜｶﾔﾏｹﾝ,ｱﾘﾀﾞｶﾞﾜﾁｮｳ,http://www.town.aridagawa.lg.jp/,http://www.town.aridagawa.lg.jp/gikai/kaigiroku_no_eturan.html,,,
303810,和歌山県,美浜町,ﾜｶﾔﾏｹﾝ,ﾐﾊﾏﾁｮｳ,http://www.town.mihama.wakayama.jp/,,,,
303828,和歌山県,日高町,ﾜｶﾔﾏｹﾝ,ﾋﾀﾞｶﾁｮｳ,http://www.town.wakayama-hidaka.lg.jp/,http://www.town.wakayama-hidaka.lg.jp/docs/2014090500393/,,,
303836,和歌山県,由良町,ﾜｶﾔﾏｹﾝ,ﾕﾗﾁｮｳ,http://www.town.yura.wakayama.jp/,,,,
303909,和歌山県,印南町,ﾜｶﾔﾏｹﾝ,ｲﾅﾐﾁｮｳ,http://www.town.hyogo-inami.lg.jp/,,,,
303917,和歌山県,みなべ町,ﾜｶﾔﾏｹﾝ,ﾐﾅﾍﾞﾁｮｳ,http://www.town.minabe.lg.jp/,,,,
303925,和歌山県,日高川町,ﾜｶﾔﾏｹﾝ,ﾋﾀﾞｶｶﾞﾜﾁｮｳ,http://www.town.hidakagawa.lg.jp/,,,,
304018,和歌山県,白浜町,ﾜｶﾔﾏｹﾝ,ｼﾗﾊﾏﾁｮｳ,http://www.town.shirahama.wakayama.jp/index.html,http://www.town.shirahama.wakayama.jp/gyousei/gikai/1453949239216.html,,,
304042,和歌山県,上富田町,ﾜｶﾔﾏｹﾝ,ｶﾐﾄﾝﾀﾞﾁｮｳ,http://www.town.kamitonda.lg.jp/,http://www.town.kamitonda.lg.jp/gikai/gikai5.html,,,
304069,和歌山県,すさみ町,ﾜｶﾔﾏｹﾝ,ｽｻﾐﾁｮｳ,http://www.town.susami.lg.jp/,,,,
304212,和歌山県,那智勝浦町,ﾜｶﾔﾏｹﾝ,ﾅﾁｶﾂｳﾗﾁｮｳ,https://www.town.nachikatsuura.wakayama.jp/forms/top/top.aspx,,,,
304221,和歌山県,太地町,ﾜｶﾔﾏｹﾝ,ﾀｲｼﾞﾁｮｳ,http://www.town.taiji.wakayama.jp/,,,,
304247,和歌山県,古座川町,ﾜｶﾔﾏｹﾝ,ｺｻﾞｶﾞﾜﾁｮｳ,http://www.town.kozagawa.wakayama.jp/,,,,
304271,和歌山県,北山村,ﾜｶﾔﾏｹﾝ,ｷﾀﾔﾏﾑﾗ,http://www.vill.kitayama.wakayama.jp/,,,,
304280,和歌山県,串本町,ﾜｶﾔﾏｹﾝ,ｸｼﾓﾄﾁｮｳ,http://www.town.kushimoto.wakayama.jp/,,,,
310000,鳥取県,,ﾄｯﾄﾘｹﾝ,,http://www.pref.tottori.lg.jp/,http://www.pref.tottori.lg.jp/88112.htm,,,
312011,鳥取県,鳥取市,ﾄｯﾄﾘｹﾝ,ﾄｯﾄﾘｼ,http://www.city.tottori.lg.jp/www/toppage/0000000000000/APM03000.html,http://www.db-search.com/tottori-c/index.php/,,,
312029,鳥取県,米子市,ﾄｯﾄﾘｹﾝ,ﾖﾅｺﾞｼ,http://www.city.yonago.lg.jp/,http://reiki.city.yonago.lg.jp/reiki/mokuji_bunya.html,,,
312037,鳥取県,倉吉市,ﾄｯﾄﾘｹﾝ,ｸﾗﾖｼｼ,http://www.city.kurayoshi.lg.jp/,http://www1.city.kurayoshi.lg.jp/d1w_reiki/mokuji_bunya.html,,,
312045,鳥取県,境港市,ﾄｯﾄﾘｹﾝ,ｻｶｲﾐﾅﾄｼ,https://www.city.sakaiminato.lg.jp/,http://www.kensakusystem.jp/sakaiminato/,,,
313025,鳥取県,岩美町,ﾄｯﾄﾘｹﾝ,ｲﾜﾐﾁｮｳ,http://www.iwami.gr.jp/,http://www.gijiroku.net/town.iwami/,,,
313254,鳥取県,若桜町,ﾄｯﾄﾘｹﾝ,ﾜｶｻﾁｮｳ,http://www.town.wakasa.tottori.jp/,http://www.town.wakasa.tottori.jp/?page_id=959,,,
313289,鳥取県,智頭町,ﾄｯﾄﾘｹﾝ,ﾁﾂﾞﾁｮｳ,http://www1.town.chizu.tottori.jp/,http://cms.sanin.jp/p/chizu/gikaijimukyoku/gijiroku/,,,
313297,鳥取県,八頭町,ﾄｯﾄﾘｹﾝ,ﾔｽﾞﾁｮｳ,http://www.town.yazu.tottori.jp/,http://www.kensakusystem.jp/yazu/,,,
313645,鳥取県,三朝町,ﾄｯﾄﾘｹﾝ,ﾐｻｻﾁｮｳ,http://www.town.misasa.tottori.jp/,http://www.town.misasa.tottori.jp/315/319/333/442/,,,
313700,鳥取県,湯梨浜町,ﾄｯﾄﾘｹﾝ,ﾕﾘﾊﾏﾁｮｳ,http://www.yurihama.jp/,http://www.kensakusystem.jp/yurihama/,,,
313718,鳥取県,琴浦町,ﾄｯﾄﾘｹﾝ,ｺﾄｳﾗﾁｮｳ,http://www.town.kotoura.tottori.jp/,http://www.kensakusystem.jp/kotoura/,,,
313726,鳥取県,北栄町,ﾄｯﾄﾘｹﾝ,ﾎｸｴｲﾁｮｳ,http://www.e-hokuei.net/,http://www.kensakusystem.jp/hokuei/,,,
313840,鳥取県,日吉津村,ﾄｯﾄﾘｹﾝ,ﾋｴﾂﾞｿﾝ,http://www.hiezu.jp/,http://www.hiezu.jp/?view=3565,,,
313866,鳥取県,大山町,ﾄｯﾄﾘｹﾝ,ﾀﾞｲｾﾝﾁｮｳ,http://www.daisen.jp/,http://www.daisen.jp/p/gikai/9/,,,
313891,鳥取県,南部町,ﾄｯﾄﾘｹﾝ,ﾅﾝﾌﾞﾁｮｳ,http://www.town.nanbu.tottori.jp/,http://www.town.nanbu.tottori.jp/admin/gikai/kaigiroku/,,,
313904,鳥取県,伯耆町,ﾄｯﾄﾘｹﾝ,ﾎｳｷﾁｮｳ,http://www.houki-town.jp/,http://www.kensakusystem.jp/houki/index.html,,,
314013,鳥取県,日南町,ﾄｯﾄﾘｹﾝ,ﾆﾁﾅﾝﾁｮｳ,http://www.town.nichinan.lg.jp/,http://www.town.nichinan.lg.jp/p/1/15/2/8/3/,,,
314021,鳥取県,日野町,ﾄｯﾄﾘｹﾝ,ﾋﾉﾁｮｳ,http://www.town.hino.tottori.jp/,http://www.town.hino.tottori.jp/1660.htm,,,
314030,鳥取県,江府町,ﾄｯﾄﾘｹﾝ,ｺｳﾌﾁｮｳ,http://www.town-kofu.jp/,http://www.town-kofu.jp/2/1/10/2/,,,
320005,島根県,,ｼﾏﾈｹﾝ,,http://www.pref.shimane.lg.jp/,http://asp.db-search.com/shimane/dsweb.cgi/,,,
322016,島根県,松江市,ｼﾏﾈｹﾝ,ﾏﾂｴｼ,http://www.city.matsue.shimane.jp/,http://www1.city.matsue.shimane.jp/gikai/kaigiroku/,,,
322024,島根県,浜田市,ｼﾏﾈｹﾝ,ﾊﾏﾀﾞｼ,http://www.city.hamada.shimane.jp/www/toppage/0000000000000/APM03000.html,http://www.city.hamada.shimane.jp/www/genre/1100000000001/1000270010038/index.html,,,
322032,島根県,出雲市,ｼﾏﾈｹﾝ,ｲｽﾞﾓｼ,http://www.city.izumo.shimane.jp/www/toppage/0000000000000/APM03000.html,http://giji.city.izumo.shimane.jp/izumo-c/,,,
322041,島根県,益田市,ｼﾏﾈｹﾝ,ﾏｽﾀﾞｼ,https://www.city.masuda.lg.jp/,http://www.kaigiroku.net/kensaku/masuda/masuda.html,,,
322059,島根県,大田市,ｼﾏﾈｹﾝ,ｵｵﾀﾞｼ,http://www.city.ohda.lg.jp/,http://www.kensakusystem.jp/ohda/index.html,,,
322067,島根県,安来市,ｼﾏﾈｹﾝ,ﾔｽｷﾞｼ,http://www.city.yasugi.shimane.jp/,http://www.gijiroku.net/city.yasugi/,,,
322075,島根県,江津市,ｼﾏﾈｹﾝ,ｺﾞｳﾂｼ,http://www.city.gotsu.lg.jp/,http://www.city.gotsu.lg.jp/2179.html,,,
322091,島根県,雲南市,ｼﾏﾈｹﾝ,ｳﾝﾅﾝｼ,http://www.city.unnan.shimane.jp/www/toppage/0000000000000/APM03000.html,http://www.kensakusystem.jp/unnan/index.html,,,
323438,島根県,奥出雲町,ｼﾏﾈｹﾝ,ｵｸｲｽﾞﾓﾁｮｳ,http://www.town.okuizumo.shimane.jp/,http://www.kensakusystem.jp/okuizumo/,,,
323861,島根県,飯南町,ｼﾏﾈｹﾝ,ｲｲﾅﾝﾁｮｳ,http://www.iinan.jp/,http://www.iinan.jp/category420/category478/,,,
324418,島根県,川本町,ｼﾏﾈｹﾝ,ｶﾜﾓﾄﾏﾁ,http://www.town.shimane-kawamoto.lg.jp/,http://www.town.shimane-kawamoto.lg.jp/category/gijiroku/,,,
324485,島根県,美郷町,ｼﾏﾈｹﾝ,ﾐｻﾄﾁｮｳ,http://www.town.shimane-misato.lg.jp/,http://www.town.shimane-misato.lg.jp/soshiki/24/1910/,,,
324493,島根県,邑南町,ｼﾏﾈｹﾝ,ｵｵﾅﾝﾁｮｳ,http://www.town.ohnan.lg.jp/,http://www.town.ohnan.lg.jp/docs/2010093000014/,,,
325015,島根県,津和野町,ｼﾏﾈｹﾝ,ﾂﾜﾉﾁｮｳ,http://www.town.tsuwano.lg.jp/,http://www.town.tsuwano.shimane.jp/~gikai/,,,
325058,島根県,吉賀町,ｼﾏﾈｹﾝ,ﾖｼｶﾁｮｳ,http://www.town.yoshika.lg.jp/,http://www.town.yoshika.lg.jp/about/gikai/gijiroku.html,,,
325252,島根県,海士町,ｼﾏﾈｹﾝ,ｱﾏﾁｮｳ,http://www.town.ama.shimane.jp/,,,,
325261,島根県,西ノ島町,ｼﾏﾈｹﾝ,ﾆｼﾉｼﾏﾁｮｳ,http://www.town.nishinoshima.shimane.jp/,http://okikouiki.jp/assembly/proceedings-6/,,,
325279,島根県,知夫村,ｼﾏﾈｹﾝ,ﾁﾌﾞﾑﾗ,http://chibu-vill.com/,,,,
325287,島根県,隠岐の島町,ｼﾏﾈｹﾝ,ｵｷﾉｼﾏﾁｮｳ,http://www.town.okinoshima.shimane.jp/www/index.html,http://www.town.okinoshima.shimane.jp/www/contents/1001000000036/index.html,,,
330001,岡山県,,ｵｶﾔﾏｹﾝ,,http://www.pref.okayama.jp/,http://giji.pref.okayama.jp/discuss/cgi-bin/WWWframeBase.exe?A=frameBase&USR=webusr53&PWD=&L=1&S=31,,,
331007,岡山県,岡山市,ｵｶﾔﾏｹﾝ,ｵｶﾔﾏｼ,http://www.city.okayama.jp/,http://www.city.okayama.jp/gikai/okayama_00197.html,,,
332020,岡山県,倉敷市,ｵｶﾔﾏｹﾝ,ｸﾗｼｷｼ,http://www.city.kurashiki.okayama.jp/,http://www.gijiroku.net/city.kurashiki/,,,
332038,岡山県,津山市,ｵｶﾔﾏｹﾝ,ﾂﾔﾏｼ,https://www.city.tsuyama.lg.jp/,https://www.city.tsuyama.lg.jp/city/index2.php?id=249,,,
332046,岡山県,玉野市,ｵｶﾔﾏｹﾝ,ﾀﾏﾉｼ,http://www.city.tamano.lg.jp/,http://www.city.tamano.okayama.jp/reiki_int/d1w_reiki/reiki.html,,,
332054,岡山県,笠岡市,ｵｶﾔﾏｹﾝ,ｶｻｵｶｼ,http://www.city.kasaoka.okayama.jp/,http://www.gijiroku.net/city.kasaoka/,,,
332071,岡山県,井原市,ｵｶﾔﾏｹﾝ,ｲﾊﾞﾗｼ,http://www.city.ibara.okayama.jp/cms-sypher/www/normal_top.jsp,http://www.city.ibara.okayama.jp/cms-sypher/www/service/detail.jsp?id=2140,,,
332089,岡山県,総社市,ｵｶﾔﾏｹﾝ,ｿｳｼﾞﾔｼ,http://www.city.soja.okayama.jp/,http://www2.gijiroku.net/city.soja/,2017年2月19日追加,,
332097,岡山県,高梁市,ｵｶﾔﾏｹﾝ,ﾀｶﾊｼｼ,http://www.city.takahashi.okayama.jp/,http://www.gijiroku.net/city.takahashi/,,,
332101,岡山県,新見市,ｵｶﾔﾏｹﾝ,ﾆｲﾐｼ,http://www.city.niimi.okayama.jp/,http://asp.db-search.com/niimi-c/,,,
332119,岡山県,備前市,ｵｶﾔﾏｹﾝ,ﾋﾞｾﾞﾝｼ,http://www.city.bizen.okayama.jp/,http://www.gijiroku.net/city.bizen/,,,
332127,岡山県,瀬戸内市,ｵｶﾔﾏｹﾝ,ｾﾄｳﾁｼ,http://www.city.setouchi.lg.jp/,http://www.gijiroku.net/city.setouchi/,,,
332135,岡山県,赤磐市,ｵｶﾔﾏｹﾝ,ｱｶｲﾜｼ,http://www.city.akaiwa.lg.jp/,http://www.kaigiroku.net/kensaku/akaiwa/akaiwa.html,,,
332143,岡山県,真庭市,ｵｶﾔﾏｹﾝ,ﾏﾆﾜｼ,http://www.city.maniwa.lg.jp/webapps/www/top.jsp,http://www.gijiroku.net/city.maniwa/,,,
332151,岡山県,美作市,ｵｶﾔﾏｹﾝ,ﾐﾏｻｶｼ,http://www.city.mimasaka.lg.jp/,http://www.city.mimasaka.lg.jp/shisei/shigikai/kekka/index.html,,,
332160,岡山県,浅口市,ｵｶﾔﾏｹﾝ,ｱｻｸﾁｼ,http://www.city.asakuchi.lg.jp/,http://www.gijiroku.net/city.asakuchi/,,,
333468,岡山県,和気町,ｵｶﾔﾏｹﾝ,ﾜｹﾁｮｳ,http://www.town.wake.okayama.jp/,http://www.town.wake.okayama.jp/gyosei/gikai/,,,
334235,岡山県,早島町,ｵｶﾔﾏｹﾝ,ﾊﾔｼﾏﾁｮｳ,http://www.town.hayashima.lg.jp/,http://www.gijiroku.net/town.hayashima/,,,
334456,岡山県,里庄町,ｵｶﾔﾏｹﾝ,ｻﾄｼｮｳﾁｮｳ,http://www.town.satosho.okayama.jp/,http://www.gijiroku.net/town.satosho/,,,
334618,岡山県,矢掛町,ｵｶﾔﾏｹﾝ,ﾔｶｹﾞﾁｮｳ,http://www.town.yakage.okayama.jp/,,,,
335860,岡山県,新庄村,ｵｶﾔﾏｹﾝ,ｼﾝｼﾞﾖｳｿﾝ,http://www.vill.shinjo.okayama.jp/,,,,
336068,岡山県,鏡野町,ｵｶﾔﾏｹﾝ,ｶｶﾞﾐﾉﾁｮｳ,http://www.town.kagamino.lg.jp/,http://www.gijiroku.net/town.kagamino/,,,
336220,岡山県,勝央町,ｵｶﾔﾏｹﾝ,ｼｮｳｵｳﾁｮｳ,http://www.town.shoo.lg.jp/,http://www.town.shoo.lg.jp/assembly/category28/,,,
336238,岡山県,奈義町,ｵｶﾔﾏｹﾝ,ﾅｷﾞﾁｮｳ,http://www.town.nagi.okayama.jp/,http://www.town.nagi.okayama.jp/gyousei/chousei/chougikai/index.html,,,
336432,岡山県,西粟倉村,ｵｶﾔﾏｹﾝ,ﾆｼｱﾜｸﾗｿﾝ,http://www.vill.nishiawakura.okayama.jp/,,,,
336637,岡山県,久米南町,ｵｶﾔﾏｹﾝ,ｸﾒﾅﾝﾁｮｳ,http://www.town.kumenan.okayama.jp/,http://www.town.kumenan.okayama.jp/administration/gikai/gikai-dayori/index.html,,,
336661,岡山県,美咲町,ｵｶﾔﾏｹﾝ,ﾐｻｷﾁｮｳ,http://www.town.misaki.okayama.jp/,http://www.gijiroku.net/town.misaki/,,,
336815,岡山県,吉備中央町,ｵｶﾔﾏｹﾝ,ｷﾋﾞﾁｭｳｵｳﾁｮｳ,http://www.town.kibichuo.lg.jp/,http://www.town.kibichuo.lg.jp/?page_id=467#dayori,,,
340006,広島県,,ﾋﾛｼﾏｹﾝ,,http://www.pref.hiroshima.lg.jp/,http://asp.db-search.com/hiroshima/dsweb.cgi/,,,
341002,広島県,広島市,ﾋﾛｼﾏｹﾝ,ﾋﾛｼﾏｼ,http://www.city.hiroshima.lg.jp/,http://gikai.city.hiroshima.jp/voices/,,,
342025,広島県,呉市,ﾋﾛｼﾏｹﾝ,ｸﾚｼ,https://www.city.kure.lg.jp/,http://www.gijiroku.net/city.kure/,,,
342033,広島県,竹原市,ﾋﾛｼﾏｹﾝ,ﾀｹﾊﾗｼ,http://www.city.takehara.lg.jp/,http://www.city.takehara.lg.jp/gikai/decision/about-decision.html,,,
342041,広島県,三原市,ﾋﾛｼﾏｹﾝ,ﾐﾊﾗｼ,http://www.city.mihara.hiroshima.jp/,http://www.gijiroku.net/city.mihara/,,,
342050,広島県,尾道市,ﾋﾛｼﾏｹﾝ,ｵﾉﾐﾁｼ,http://www.city.onomichi.hiroshima.jp/www/normal_top.html,http://www.gijiroku.net/city.onomichi/,,,
342076,広島県,福山市,ﾋﾛｼﾏｹﾝ,ﾌｸﾔﾏｼ,http://www.city.fukuyama.hiroshima.jp/,http://www.gijiroku.net/city.fukuyama/,,,
342084,広島県,府中市,ﾋﾛｼﾏｹﾝ,ﾌﾁｭｳｼ,http://www.city.fuchu.hiroshima.jp/,http://www.kensakusystem.jp/fuchu-c/index.html,,,
342092,広島県,三次市,ﾋﾛｼﾏｹﾝ,ﾐﾖｼｼ,http://www.city.miyoshi.hiroshima.jp/,http://www.city.miyoshi.hiroshima.jp/gikaijimu_m/gikai/gijiroku/gijiroku.html,,,
342106,広島県,庄原市,ﾋﾛｼﾏｹﾝ,ｼｮｳﾊﾞﾗｼ,http://www.city.shobara.hiroshima.jp/,http://www.kaigiroku.net/kensaku/shobara/shobara.html,,,
342114,広島県,大竹市,ﾋﾛｼﾏｹﾝ,ｵｵﾀｹｼ,http://www.city.otake.hiroshima.jp/,http://www.city.otake.hiroshima.jp/soshiki/shigikai/gikaijimu/gyomu/1/index.html,,,
342122,広島県,東広島市,ﾋﾛｼﾏｹﾝ,ﾋｶﾞｼﾋﾛｼﾏｼ,http://www.city.higashihiroshima.hiroshima.jp/,http://www.kaigiroku.net/kensaku/higashihiroshima/higashihiroshima.html,,,
342131,広島県,廿日市市,ﾋﾛｼﾏｹﾝ,ﾊﾂｶｲﾁｼ,https://www.city.hatsukaichi.hiroshima.jp/,http://asp.db-search.com/hatsukaichi-c/dsweb.cgi/,,,
342149,広島県,安芸高田市,ﾋﾛｼﾏｹﾝ,ｱｷﾀｶﾀｼ,http://www.akitakata.jp/ja/,http://www.akitakata.jp/ja/parliament/,,,
342157,広島県,江田島市,ﾋﾛｼﾏｹﾝ,ｴﾀｼﾞﾏｼ,http://www.city.etajima.hiroshima.jp/cms/,http://www.city.etajima.hiroshima.jp/cms/categories/articles/178,,,
343021,広島県,府中町,ﾋﾛｼﾏｹﾝ,ﾌﾁｭｳﾁｮｳ,http://www2.town.fuchu.hiroshima.jp/www/toppage/0000000000000/APM03000.html,http://www2.town.fuchu.hiroshima.jp/www/genre/0000000000000/1000000000160/index.html,,,
343048,広島県,海田町,ﾋﾛｼﾏｹﾝ,ｶｲﾀﾁｮｳ,https://www.town.kaita.lg.jp/,https://www.town.kaita.lg.jp/site/gikai/505.html,,,
343072,広島県,熊野町,ﾋﾛｼﾏｹﾝ,ｸﾏﾉﾁｮｳ,http://www.town.kumano.hiroshima.jp/,http://www.town.kumano.hiroshima.jp/www/genre/1436489288629/index.html,,,
343099,広島県,坂町,ﾋﾛｼﾏｹﾝ,ｻｶﾁｮｳ,http://www.town.saka.lg.jp/sakacho/,http://www.town.saka.lg.jp/sakacho/gikai/kaigiroku.htm,,,
343684,広島県,安芸太田町,ﾋﾛｼﾏｹﾝ,ｱｷｵｵﾀﾁｮｳ,http://www.akiota.jp/,http://www.akiota.jp/menu00000138.html,,,
343692,広島県,北広島町,ﾋﾛｼﾏｹﾝ,ｷﾀﾋﾛｼﾏﾁｮｳ,http://www.town.kitahiroshima.lg.jp/,http://www.town.kitahiroshima.lg.jp/government/kaigiroku.html,,,
344311,広島県,大崎上島町,ﾋﾛｼﾏｹﾝ,ｵｵｻｷｶﾐｼﾞﾏﾁｮｳ,http://www.town.osakikamijima.hiroshima.jp/,http://www.town.osakikamijima.hiroshima.jp/tag/議会だより,,,
344621,広島県,世羅町,ﾋﾛｼﾏｹﾝ,ｾﾗﾁｮｳ,http://www.town.sera.hiroshima.jp/,http://www.town.sera.hiroshima.jp/kikaku/kikakukakari/gappeikaigiroku.html,,,
345458,広島県,神石高原町,ﾋﾛｼﾏｹﾝ,ｼﾞﾝｾｷｺｳｹﾞﾝﾁｮｳ,http://www.jinsekigun.jp/ja/,http://www.gijiroku.net/town.jinsekikogen/,,,
350001,山口県,,ﾔﾏｸﾞﾁｹﾝ,,http://www.pref.yamaguchi.lg.jp/,http://www.gikai-kaigiroku.pref.yamaguchi.lg.jp/discuss/public_index.html,,,
352012,山口県,下関市,ﾔﾏｸﾞﾁｹﾝ,ｼﾓﾉｾｷｼ,http://www.city.shimonoseki.lg.jp/www/toppage/0000000000000/APM03000.html,http://www.kaigiroku.net/kensaku/shimonoseki/shimonoseki.html,,,
352021,山口県,宇部市,ﾔﾏｸﾞﾁｹﾝ,ｳﾍﾞｼ,http://www.city.ube.yamaguchi.jp/,http://www.kaigiroku.net/kensaku/ube/ube.html,,,
352039,山口県,山口市,ﾔﾏｸﾞﾁｹﾝ,ﾔﾏｸﾞﾁｼ,http://www.city.yamaguchi.lg.jp/cms-sypher/www/normal_top.jsp,http://www.db-search.com/yamaguchi-c/index.php/,,,
352047,山口県,萩市,ﾔﾏｸﾞﾁｹﾝ,ﾊｷﾞｼ,http://www.city.hagi.lg.jp/,http://www.gijiroku.net/city.hagi/,,,
352063,山口県,防府市,ﾔﾏｸﾞﾁｹﾝ,ﾎｳﾌｼ,http://www.city.hofu.yamaguchi.jp/,http://www.kaigiroku.net/kensaku/hofu/hofu.html,,,
352071,山口県,下松市,ﾔﾏｸﾞﾁｹﾝ,ｸﾀﾞﾏﾂｼ,http://www.city.kudamatsu.lg.jp/,http://www.kaigiroku.net/kensaku/kudamatsu/kudamatsu.html,,,
352080,山口県,岩国市,ﾔﾏｸﾞﾁｹﾝ,ｲﾜｸﾆｼ,https://www.city.iwakuni.lg.jp/,http://www.kaigiroku.net/kensaku/iwakuni/iwakuni.html,,,
352101,山口県,光市,ﾔﾏｸﾞﾁｹﾝ,ﾋｶﾘｼ,http://www.city.hikari.lg.jp/,http://gijiroku.city.hikari.lg.jp/hikari-out/,,,
352110,山口県,長門市,ﾔﾏｸﾞﾁｹﾝ,ﾅｶﾞﾄｼ,https://www.city.nagato.yamaguchi.jp/,http://www.kaigiroku.net/kensaku/nagato/nagato.html,,,
352128,山口県,柳井市,ﾔﾏｸﾞﾁｹﾝ,ﾔﾅｲｼ,http://www.city-yanai.jp/,http://www.kaigiroku.net/kensaku/yanai/yanai.html,,,
352136,山口県,美祢市,ﾔﾏｸﾞﾁｹﾝ,ﾐﾈｼ,http://www2.city.mine.lg.jp/www/toppage/0000000000000/APM03000.html,http://www2.city.mine.lg.jp/www/genre/0000000000000/1314685706863/index.html,,,
352152,山口県,周南市,ﾔﾏｸﾞﾁｹﾝ,ｼｭｳﾅﾝｼ,http://www.city.shunan.lg.jp/,http://www.kaigiroku.net/kensaku/shunan/shunan.html,,,
352161,山口県,山陽小野田市,ﾔﾏｸﾞﾁｹﾝ,ｻﾝﾖｳｵﾉﾀﾞｼ,http://www.city.sanyo-onoda.lg.jp/,http://www.kaigiroku.net/kensaku/sanyoonoda/sanyoonoda.html,,,
353051,山口県,周防大島町,ﾔﾏｸﾞﾁｹﾝ,ｽｵｳｵｵｼﾏﾁｮｳ,http://www.town.suo-oshima.lg.jp/,http://www.town.suo-oshima.lg.jp/gikai/gijiroku/gijiroku.html,,,
353213,山口県,和木町,ﾔﾏｸﾞﾁｹﾝ,ﾜｷﾁｮｳ,http://www.town.waki.lg.jp/,http://www.town.waki.lg.jp/gikai/gijiroku.html,,,
353418,山口県,上関町,ﾔﾏｸﾞﾁｹﾝ,ｶﾐﾉｾｷﾁｮｳ,http://www.town.kaminoseki.lg.jp/,http://www.town.kaminoseki.lg.jp/%e8%ad%b0%e4%bc%9a%e3%81%a0%e3%82%88%e3%82%8a.html,,,
353434,山口県,田布施町,ﾔﾏｸﾞﾁｹﾝ,ﾀﾌﾞｾﾁｮｳ,http://www.town.tabuse.lg.jp/www/index.html,http://www.town.tabuse.lg.jp/www/contents/1283129758943/index.html,,,
353442,山口県,平生町,ﾔﾏｸﾞﾁｹﾝ,ﾋﾗｵﾁｮｳ,http://www.town.hirao.lg.jp/,http://www.town.hirao.lg.jp/soshiki/gikai/gikai/kaigiroku/index.html,,,
355020,山口県,阿武町,ﾔﾏｸﾞﾁｹﾝ,ｱﾌﾞﾁｮｳ,http://www.town.abu.lg.jp/,http://www.town.abu.lg.jp/kurasi/benrichou/1004.html,,,
360007,徳島県,,ﾄｸｼﾏｹﾝ,,http://www.pref.tokushima.jp,http://www.kaigiroku.net/kensaku/pref_tokushima/menu.html,,,
362018,徳島県,徳島市,ﾄｸｼﾏｹﾝ,ﾄｸｼﾏｼ,https://www.city.tokushima.tokushima.jp,http://voices.city.tokushima.tokushima.jp,,,
362026,徳島県,鳴門市,ﾄｸｼﾏｹﾝ,ﾅﾙﾄｼ,http://www.city.naruto.tokushima.jp,http://www.gijiroku.net/city.naruto/,,,
362034,徳島県,小松島市,ﾄｸｼﾏｹﾝ,ｺﾏﾂｼﾏｼ,http://www.city.komatsushima.tokushima.jp,http://www.db-search.com/komatsushima-c/index.php/,,,
362042,徳島県,阿南市,ﾄｸｼﾏｹﾝ,ｱﾅﾝｼ,http://www.city.anan.tokushima.jp,http://www.gijiroku.net/city.anan/,,,
362051,徳島県,吉野川市,ﾄｸｼﾏｹﾝ,ﾖｼﾉｶﾞﾜｼ,http://www.city.yoshinogawa.lg.jp,http://www2.city.yoshinogawa.lg.jp/e_service/proceeding/index.asp,,,
362069,徳島県,阿波市,ﾄｸｼﾏｹﾝ,ｱﾜｼ,http://www.city.awa.lg.jp,http://www.city.awa.lg.jp/gikai/zokusei/kaigiroku/more.html,,,
362077,徳島県,美馬市,ﾄｸｼﾏｹﾝ,ﾐﾏｼ,http://www.city.mima.lg.jp,http://www.city.mima.lg.jp/gyousei/shiseizenpan/gikai-p/index.html,,,
362085,徳島県,三好市,ﾄｸｼﾏｹﾝ,ﾐﾖｼｼ,http://www.city-miyoshi.jp,http://www.gijiroku.net/city.miyoshi/,,,
363014,徳島県,勝浦町,ﾄｸｼﾏｹﾝ,ｶﾂｳﾗﾁｮｳ,http://www.town.katsuura.lg.jp,http://www.town.katsuura.lg.jp/gikai/dayori/,,,
363022,徳島県,上勝町,ﾄｸｼﾏｹﾝ,ｶﾐｶﾂﾁｮｳ,http://www.kamikatsu.jp,http://www.kamikatsu.jp/gikai/gikaidayori/,,,
363219,徳島県,佐那河内村,ﾄｸｼﾏｹﾝ,ｻﾅｺﾞｳﾁｿﾝ,http://www.vill.sanagochi.lg.jp,,,,
363413,徳島県,石井町,ﾄｸｼﾏｹﾝ,ｲｼｲﾁｮｳ,http://www.town.ishii.lg.jp,http://www.gijiroku.net/town.ishii/,,,
363421,徳島県,神山町,ﾄｸｼﾏｹﾝ,ｶﾐﾔﾏﾁｮｳ,http://www.town.kamiyama.lg.jp,http://www.town.kamiyama.lg.jp/office/gikaijumukyoku/parliament/no135.html,,,
363685,徳島県,那賀町,ﾄｸｼﾏｹﾝ,ﾅｶﾁｮｳ,http://www.town.tokushima-naka.lg.jp,http://www.kaigiroku.net/kensaku/nakacho/nakacho.html,,,
363839,徳島県,牟岐町,ﾄｸｼﾏｹﾝ,ﾑｷﾞﾁｮｳ,http://www.town.tokushima-mugi.lg.jp,http://www.town.tokushima-mugi.lg.jp/zokusei/gikaiteireikai/,,,
363871,徳島県,美波町,ﾄｸｼﾏｹﾝ,ﾐﾅﾐﾁｮｳ,http://www.town.minami.tokushima.jp,http://www.town.minami.tokushima.jp/gikai/zokusei/kaigiroku/,,,
363880,徳島県,海陽町,ﾄｸｼﾏｹﾝ,ｶｲﾖｳﾁｮｳ,http://www.town.kaiyo.lg.jp,http://www.town.kaiyo.lg.jp/gikai/oshirase/,,,
364011,徳島県,松茂町,ﾄｸｼﾏｹﾝ,ﾏﾂｼｹﾞﾁｮｳ,http://www.town.matsushige.tokushima.jp,http://www.town.matsushige.tokushima.jp/docs/2015112600039/,,,
364029,徳島県,北島町,ﾄｸｼﾏｹﾝ,ｷﾀｼﾞﾏﾁｮｳ,http://www.town.kitajima.lg.jp,http://www.town.kitajima.lg.jp/docs/1041.html,,,
364037,徳島県,藍住町,ﾄｸｼﾏｹﾝ,ｱｲｽﾞﾐﾁｮｳ,http://www.town.aizumi.tokushima.jp,http://www.town.aizumi.tokushima.jp/gikai/minutes/,,,
364045,徳島県,板野町,ﾄｸｼﾏｹﾝ,ｲﾀﾉﾁｮｳ,http://www.town.itano.tokushima.jp,http://www.town.itano.tokushima.jp/2nd_page.php?div=gikai,,,
364053,徳島県,上板町,ﾄｸｼﾏｹﾝ,ｶﾐｲﾀﾁｮｳ,http://www.townkamiita.jp,http://www.townkamiita.jp/gikai/bunya/kekka/,,,
364681,徳島県,つるぎ町,ﾄｸｼﾏｹﾝ,ﾂﾙｷﾞﾁｮｳ,http://www.town.tokushima-tsurugi.lg.jp,http://www.town.tokushima-tsurugi.lg.jp/image/gikai/gikaidayori/gikaidayori.html,,,
364894,徳島県,東みよし町,ﾄｸｼﾏｹﾝ,ﾋｶﾞｼﾐﾖｼﾁｮｳ,http://www.town.higashimiyoshi.lg.jp,http://www.town.higashimiyoshi.lg.jp/gyousei/gikai/tayori.html,,,
370002,香川県,,ｶｶﾞﾜｹﾝ,,http://www.pref.kagawa.jp,http://www.db-search.com/kagawa/index.php/,,,
372013,香川県,高松市,ｶｶﾞﾜｹﾝ,ﾀｶﾏﾂｼ,http://www.city.takamatsu.kagawa.jp,http://www.kaigiroku.net/kensaku/takamatsu/takamatsu.html,,,
372021,香川県,丸亀市,ｶｶﾞﾜｹﾝ,ﾏﾙｶﾞﾒｼ,http://www.city.marugame.lg.jp,http://www.gijiroku.net/city.marugame/,,,
372030,香川県,坂出市,ｶｶﾞﾜｹﾝ,ｻｶｲﾃﾞｼ,http://www.city.sakaide.lg.jp,http://www.gijiroku.net/city.sakaide/,,,
372048,香川県,善通寺市,ｶｶﾞﾜｹﾝ,ｾﾞﾝﾂｳｼﾞｼ,http://www.city.zentsuji.kagawa.jp,http://www.gijiroku.net/city.zentsuji/,,,
372056,香川県,観音寺市,ｶｶﾞﾜｹﾝ,ｶﾝｵﾝｼﾞｼ,https://www.city.kanonji.kagawa.jp,http://www.gijiroku.net/city.kanonji/,,,
372064,香川県,さぬき市,ｶｶﾞﾜｹﾝ,ｻﾇｷｼ,http://www.city.sanuki.kagawa.jp,http://www.db-search.com/sanuki-c/index.php/,,,
372072,香川県,東かがわ市,ｶｶﾞﾜｹﾝ,ﾋｶﾞｼｶｶﾞﾜｼ,https://www.higashikagawa.jp,http://asp.db-search.com/higashikagawa-c/dsweb.cgi/,,,
372081,香川県,三豊市,ｶｶﾞﾜｹﾝ,ﾐﾄﾖｼ,http://www.city.mitoyo.lg.jp/forms/top/top.aspx,http://www.db-search.com/mitoyo-c/index.php/,,,
373222,香川県,土庄町,ｶｶﾞﾜｹﾝ,ﾄﾉｼｮｳﾁｮｳ,http://www.town.tonosho.kagawa.jp,http://www.town.tonosho.kagawa.jp/tns/infolst.php?s=30&c=10&g=29,,,
373249,香川県,小豆島町,ｶｶﾞﾜｹﾝ,ｼｮｳﾄﾞｼﾏﾁｮｳ,http://www.town.shodoshima.lg.jp,http://www.town.shodoshima.lg.jp/about/chousei_gikai1.html,,,
373419,香川県,三木町,ｶｶﾞﾜｹﾝ,ﾐｷﾁｮｳ,http://www.town.miki.lg.jp,http://www.town.miki.lg.jp/life/dtl.php?hdnKey=1055,,,
373648,香川県,直島町,ｶｶﾞﾜｹﾝ,ﾅｵｼﾏﾁｮｳ,http://www.town.naoshima.lg.jp,http://www.town.naoshima.lg.jp/council/brochure.html,,,
373869,香川県,宇多津町,ｶｶﾞﾜｹﾝ,ｳﾀﾂﾞﾁｮｳ,http://town.utazu.kagawa.jp,http://town.utazu.kagawa.jp/government/gikai/gikai-7/,,,
373877,香川県,綾川町,ｶｶﾞﾜｹﾝ,ｱﾔｶﾞﾜﾁｮｳ,http://www.town.ayagawa.kagawa.jp,http://www.town.ayagawa.kagawa.jp/soshiki/gikai/gikaidayori/,,,
374032,香川県,琴平町,ｶｶﾞﾜｹﾝ,ｺﾄﾋﾗﾁｮｳ,http://www.town.kotohira.kagawa.jp,http://www.kensakusystem.jp/kotohira/index.html,,,
374041,香川県,多度津町,ｶｶﾞﾜｹﾝ,ﾀﾄﾞﾂﾁｮｳ,https://www.town.tadotsu.kagawa.jp,https://www.town.tadotsu.kagawa.jp/itwinfo/cl41005/,,,
374067,香川県,まんのう町,ｶｶﾞﾜｹﾝ,ﾏﾝﾉｳﾁｮｳ,https://www.town.manno.lg.jp,http://www.town.manno.lg.jp/life/list.php?hdnSKBN=TOP&hdnCat=&txtKeyword=&hdnKeyword=%B5%C4%B2%F1,,,
380008,愛媛県,,ｴﾋﾒｹﾝ,,https://www.pref.ehime.jp,http://www.kensakusystem.jp/ehime/,,,
382019,愛媛県,松山市,ｴﾋﾒｹﾝ,ﾏﾂﾔﾏｼ,https://www.city.matsuyama.ehime.jp,http://www.gijiroku.net/city.matsuyama/,,,
382027,愛媛県,今治市,ｴﾋﾒｹﾝ,ｲﾏﾊﾞﾘｼ,http://www.city.imabari.ehime.jp,http://www.db-search.com/imabari-c/index.php/,,,
382035,愛媛県,宇和島市,ｴﾋﾒｹﾝ,ｳﾜｼﾞﾏｼ,https://www.city.uwajima.ehime.jp,http://www.kaigiroku.net/kensaku/uwajima/uwajima.html,,,
382043,愛媛県,八幡浜市,ｴﾋﾒｹﾝ,ﾔﾜﾀﾊﾏｼ,http://www.city.yawatahama.ehime.jp,http://www.city.yawatahama.ehime.jp/docs/2014082700053/,,,
382051,愛媛県,新居浜市,ｴﾋﾒｹﾝ,ﾆｲﾊﾏｼ,http://www.city.niihama.lg.jp,http://www.city.niihama.lg.jp/site/gikai/gikai-kaigiroku.html,,,
382060,愛媛県,西条市,ｴﾋﾒｹﾝ,ｻｲｼﾞｮｳｼ,http://www.city.saijo.ehime.jp,http://www.city.saijo.ehime.jp/site/gikai/kaigiroku.html,,,
382078,愛媛県,大洲市,ｴﾋﾒｹﾝ,ｵｵｽﾞｼ,http://www.city.ozu.ehime.jp,http://www.city.ozu.ehime.jp/kaigiroku/index.html,,,
382108,愛媛県,伊予市,ｴﾋﾒｹﾝ,ｲﾖｼ,https://www.city.iyo.lg.jp,http://www.gijiroku.net/city.iyo/,,,
382132,愛媛県,四国中央市,ｴﾋﾒｹﾝ,ｼｺｸﾁｭｳｵｳｼ,https://www.city.shikokuchuo.ehime.jp,http://www.gijiroku.net/city.shikokuchuo/,,,
382141,愛媛県,西予市,ｴﾋﾒｹﾝ,ｾｲﾖｼ,http://www.city.seiyo.ehime.jp,http://www.city.seiyo.ehime.jp/gikai/kaigiroku.html,,,
382159,愛媛県,東温市,ｴﾋﾒｹﾝ,ﾄｳｵﾝｼ,http://www.city.toon.ehime.jp,http://www.kaigiroku.net/kensaku/toon/toon.html,,,
383562,愛媛県,上島町,ｴﾋﾒｹﾝ,ｶﾐｼﾞﾏﾁｮｳ,https://www.town.kamijima.lg.jp,https://www.town.kamijima.lg.jp/site/gikai/853.html,,,
383864,愛媛県,久万高原町,ｴﾋﾒｹﾝ,ｸﾏｺｳｹﾞﾝﾁｮｳ,http://www.kumakogen.jp,http://www.kumakogen.jp/modules/gikai/,,,
384011,愛媛県,松前町,ｴﾋﾒｹﾝ,ﾏｻｷﾁｮｳ,http://www.town.masaki.ehime.jp,http://www.town.masaki.ehime.jp/site/gikai/,,,
384020,愛媛県,砥部町,ｴﾋﾒｹﾝ,ﾄﾍﾞﾁｮｳ,http://www.town.tobe.ehime.jp,http://www.town.tobe.ehime.jp/site/gikai/list36-84.html,,,
384224,愛媛県,内子町,ｴﾋﾒｹﾝ,ｳﾁｺﾁｮｳ,https://www.town.uchiko.ehime.jp,https://www.town.uchiko.ehime.jp/soshiki/16/,,,
384429,愛媛県,伊方町,ｴﾋﾒｹﾝ,ｲｶﾀﾁｮｳ,http://www.town.ikata.ehime.jp,http://www.town.ikata.ehime.jp/site/gikai/,,,
384844,愛媛県,松野町,ｴﾋﾒｹﾝ,ﾏﾂﾉﾁｮｳ,http://www.town.matsuno.ehime.jp,http://www.town.matsuno.ehime.jp/soshiki/10/kaigiroku.html,,,
384887,愛媛県,鬼北町,ｴﾋﾒｹﾝ,ｷﾎｸﾁｮｳ,http://www.town.kihoku.ehime.jp,,,,
385069,愛媛県,愛南町,ｴﾋﾒｹﾝ,ｱｲﾅﾝﾁｮｳ,http://www.town.ainan.ehime.jp,http://www.kensakusystem.jp/ainan/index.html,,,
390003,高知県,,ｺｳﾁｹﾝ,,http://www.pref.kochi.lg.jp,http://www.kaigiroku.net/kensaku/pref_kochi/pref_kochi.html,,,
392014,高知県,高知市,ｺｳﾁｹﾝ,ｺｳﾁｼ,http://www.city.kochi.kochi.jp,http://www.kaigiroku.net/kensaku/kochi/kochi.html,,,
392022,高知県,室戸市,ｺｳﾁｹﾝ,ﾑﾛﾄｼ,http://www.city.muroto.kochi.jp/hopweb/joho/html/index.htm,http://www.city.muroto.kochi.jp/hp/k0201/gikai/dayori.htm,,,
392031,高知県,安芸市,ｺｳﾁｹﾝ,ｱｷｼ,http://www.city.aki.kochi.jp,http://www.city.aki.kochi.jp/gijiroku/,,,
392049,高知県,南国市,ｺｳﾁｹﾝ,ﾅﾝｺｸｼ,http://www.city.nankoku.lg.jp,http://www.city.nankoku.lg.jp/gijiroku/,,,
392057,高知県,土佐市,ｺｳﾁｹﾝ,ﾄｻｼ,http://www.city.tosa.lg.jp,http://www.kaigiroku.net/kensaku/tosa/tosa.html,,,
392065,高知県,須崎市,ｺｳﾁｹﾝ,ｽｻｷｼ,https://www.city.susaki.lg.jp,http://www.city.susaki.lg.jp/gijiroku/,,,
392081,高知県,宿毛市,ｺｳﾁｹﾝ,ｽｸﾓｼ,http://www.city.sukumo.kochi.jp,http://www.city.sukumo.kochi.jp/gikai/kaigiroku/kaigiroku.html,,,
392090,高知県,土佐清水市,ｺｳﾁｹﾝ,ﾄｻｼﾐｽﾞｼ,https://www.city.tosashimizu.kochi.jp,https://www.city.tosashimizu.kochi.jp/kurashi/section/gikai/042.html,,,
392103,高知県,四万十市,ｺｳﾁｹﾝ,ｼﾏﾝﾄｼ,http://www.city.shimanto.lg.jp/topj.html,http://www.gijiroku.net/city.shimanto/,,,
392111,高知県,香南市,ｺｳﾁｹﾝ,ｺｳﾅﾝｼ,http://www.city.kochi-konan.lg.jp,http://www.db-search.com/kochi-konan-c/index.php/,,,
392120,高知県,香美市,ｺｳﾁｹﾝ,ｶﾐｼ,http://www.city.kami.kochi.jp,http://www.city.kami.kochi.jp/site/gikai/,,,
393011,高知県,東洋町,ｺｳﾁｹﾝ,ﾄｳﾖｳﾁｮｳ,http://www.town.toyo.kochi.jp/contents/,http://www.town.toyo.kochi.jp/gikai-toyo/council10.html,,,
393029,高知県,奈半利町,ｺｳﾁｹﾝ,ﾅﾊﾘﾁｮｳ,http://www.town.nahari.kochi.jp,,,,
393037,高知県,田野町,ｺｳﾁｹﾝ,ﾀﾉﾁｮｳ,http://www.chugei.or.jp/tano/,http://www.chugei.or.jp/tano/magazine-group/gikai,,,
393045,高知県,安田町,ｺｳﾁｹﾝ,ﾔｽﾀﾞﾁｮｳ,http://www.town.yasuda.kochi.jp/home.htm,,,,
393053,高知県,北川村,ｺｳﾁｹﾝ,ｷﾀｶﾞﾜﾑﾗ,http://www.kitagawamura.jp,,,,
393061,高知県,馬路村,ｺｳﾁｹﾝ,ｳﾏｼﾞﾑﾗ,http://www.vill.umaji.kochi.jp/html/index.htm,http://www.vill.umaji.kochi.jp/html/gikai.htm,,,
393070,高知県,芸西村,ｺｳﾁｹﾝ,ｹﾞｲｾｲﾑﾗ,http://www.vill.geisei.kochi.jp,,,,
393410,高知県,本山町,ｺｳﾁｹﾝ,ﾓﾄﾔﾏﾁｮｳ,http://www.town.motoyama.kochi.jp,http://www.town.motoyama.kochi.jp/dl/,,,
393444,高知県,大豊町,ｺｳﾁｹﾝ,ｵｵﾄﾖﾁｮｳ,http://www.town.otoyo.kochi.jp,http://www.town.otoyo.kochi.jp/koho/,,,
393631,高知県,土佐町,ｺｳﾁｹﾝ,ﾄｻﾁｮｳ,http://www.town.tosa.kochi.jp,http://www.town.tosa.kochi.jp/publics/index/148/&anchor_link=page148#page148,,,
393649,高知県,大川村,ｺｳﾁｹﾝ,ｵｵｶﾜﾑﾗ,http://www.vill.okawa.kochi.jp,,,,
393860,高知県,いの町,ｺｳﾁｹﾝ,ｲﾉﾁｮｳ,http://www.town.ino.kochi.jp,http://www.town.ino.kochi.jp/gikai/index.html#kakara,,,
393878,高知県,仁淀川町,ｺｳﾁｹﾝ,ﾆﾖﾄﾞｶﾞﾜﾁｮｳ,http://www.town.niyodogawa.lg.jp,http://www.town.niyodogawa.lg.jp/gikaid/,,,
394017,高知県,中土佐町,ｺｳﾁｹﾝ,ﾅｶﾄｻﾁｮｳ,http://www.town.nakatosa.lg.jp,http://www.town.nakatosa.lg.jp/gijiroku/,,,
394025,高知県,佐川町,ｺｳﾁｹﾝ,ｻｶﾜﾁｮｳ,http://www.town.sakawa.lg.jp,http://www.town.sakawa.lg.jp/life/list.php?hdnSKBN=G&hdnKeyword=%B5%C4%BB%F6%CF%BF&hdnJPN=%C6%FC%CB%DC%B8%EC,,,
394033,高知県,越知町,ｺｳﾁｹﾝ,ｵﾁﾁｮｳ,http://www.town.ochi.kochi.jp,http://www.town.ochi.kochi.jp/yakuba/gikai/info/gijiroku.htm,,,
394050,高知県,梼原町,ｺｳﾁｹﾝ,ﾕｽﾊﾗﾁｮｳ,http://www.town.yusuhara.kochi.jp,http://www.town.yusuhara.kochi.jp/town/gikai/#gikaidayori,,,
394106,高知県,日高村,ｺｳﾁｹﾝ,ﾋﾀﾞｶﾑﾗ,http://www.vill.hidaka.kochi.jp,http://www.vill.hidaka.kochi.jp/cgi/site_list_page.cgi?ID=20100328154423,,,
394114,高知県,津野町,ｺｳﾁｹﾝ,ﾂﾉﾁｮｳ,http://www.town.kochi-tsuno.lg.jp,http://www.town.kochi-tsuno.lg.jp/gikai_koho.html,,,
394122,高知県,四万十町,ｺｳﾁｹﾝ,ｼﾏﾝﾄﾁｮｳ,http://www.town.shimanto.lg.jp,http://www.town.shimanto.lg.jp/gijiroku/,,,
394246,高知県,大月町,ｺｳﾁｹﾝ,ｵｵﾂｷﾁｮｳ,http://www.town.otsuki.kochi.jp,http://www.town.otsuki.kochi.jp/kakuka/003-12.html#007,,,
394271,高知県,三原村,ｺｳﾁｹﾝ,ﾐﾊﾗﾑﾗ,http://www.vill.mihara.kochi.jp,,,,
394289,高知県,黒潮町,ｺｳﾁｹﾝ,ｸﾛｼｵﾁｮｳ,http://www.town.kuroshio.lg.jp,http://www.town.kuroshio.lg.jp/pb/cont/machi-gikai-giji,,,
400009,福岡県,,ﾌｸｵｶｹﾝ,,http://www.pref.fukuoka.lg.jp/,http://www.gikai.pref.fukuoka.lg.jp/kaigiroku.html,,,
401005,福岡県,北九州市,ﾌｸｵｶｹﾝ,ｷﾀｷｭｳｼｭｳｼ,http://www.city.kitakyushu.lg.jp/,http://www.kaigiroku.net/kensaku/cgi-bin/WWWframeBase.exe?A=frameBase&USR=fkokits&PWD=&L=1&S=31,,,
401307,福岡県,福岡市,ﾌｸｵｶｹﾝ,ﾌｸｵｶｼ,http://www.city.fukuoka.lg.jp/,http://asp.db-search.com/fukuoka-c/dsweb.cgi/,,,
402028,福岡県,大牟田市,ﾌｸｵｶｹﾝ,ｵｵﾑﾀｼ,http://www.city.omuta.lg.jp/,http://www.kaigiroku.net/kensaku/omuta/omuta.html,,,
402036,福岡県,久留米市,ﾌｸｵｶｹﾝ,ｸﾙﾒｼ,http://www.city.kurume.fukuoka.jp/,http://www.kensakusystem.jp/kurume/index.html,,,
402044,福岡県,直方市,ﾌｸｵｶｹﾝ,ﾉｵｶﾞﾀｼ,http://www.city.nogata.fukuoka.jp/,http://www.kensakusystem.jp/nogata/sapphire.html,,,
402052,福岡県,飯塚市,ﾌｸｵｶｹﾝ,ｲｲﾂﾞｶｼ,https://www.city.iizuka.lg.jp/,https://www.city.iizuka.lg.jp/shise/gikai/kaigiroku/index.html,,,
402061,福岡県,田川市,ﾌｸｵｶｹﾝ,ﾀｶﾞﾜｼ,http://www.joho.tagawa.fukuoka.jp/,http://www.kensakusystem.jp/tagawa/,,,
402079,福岡県,柳川市,ﾌｸｵｶｹﾝ,ﾔﾅｶﾞﾜｼ,http://www.city.yanagawa.fukuoka.jp/,http://www.city.yanagawa.fukuoka.jp/shisei/shigikai/kaigiroku01.html,,,
402109,福岡県,八女市,ﾌｸｵｶｹﾝ,ﾔﾒｼ,http://www.city.yame.fukuoka.jp/,http://www.city.yame.fukuoka.jp/shisei/12/7/index.html,,,
402117,福岡県,筑後市,ﾌｸｵｶｹﾝ,ﾁｸｺﾞｼ,http://www.city.chikugo.lg.jp/#&panel1-1,http://www.kaigiroku.net/kensaku/chikugo/chikugo.html,,,
402125,福岡県,大川市,ﾌｸｵｶｹﾝ,ｵｵｶﾜｼ,http://www.city.okawa.lg.jp/,http://www.city.okawa.lg.jp/s078/010/080/20150902133811.html,,,
402133,福岡県,行橋市,ﾌｸｵｶｹﾝ,ﾕｸﾊｼｼ,http://www.city.yukuhashi.lg.jp/,http://www.kaigiroku.net/kensaku/yukuhashi/yukuhashi.html,,,
402141,福岡県,豊前市,ﾌｸｵｶｹﾝ,ﾌﾞｾﾞﾝｼ,http://www.city.buzen.lg.jp/,http://www.city.buzen.lg.jp/senkyo-gikai/gikai/gijiroku.html,,,
402150,福岡県,中間市,ﾌｸｵｶｹﾝ,ﾅｶﾏｼ,http://www.city.nakama.lg.jp/,http://www.city.nakama.lg.jp/gyose/gikai/kaigiroku.html,,,
402168,福岡県,小郡市,ﾌｸｵｶｹﾝ,ｵｺﾞｵﾘｼ,http://www.city.ogori.fukuoka.jp/,http://www.kaigiroku.net/kensaku/ogorishi/ogorishi.html,,,
402176,福岡県,筑紫野市,ﾌｸｵｶｹﾝ,ﾁｸｼﾉｼ,https://www.city.chikushino.fukuoka.jp/,http://asp.db-search.com/chikushino-c/dsweb.cgi/,,,
402184,福岡県,春日市,ﾌｸｵｶｹﾝ,ｶｽｶﾞｼ,http://www.city.kasuga.fukuoka.jp/,http://asp.db-search.com/kasuga-c/dsweb.cgi/,,,
402192,福岡県,大野城市,ﾌｸｵｶｹﾝ,ｵｵﾉｼﾞｮｳｼ,http://www.city.onojo.fukuoka.jp/,http://asp.db-search.com/onojo-c/,,,
402206,福岡県,宗像市,ﾌｸｵｶｹﾝ,ﾑﾅｶﾀｼ,http://www.city.munakata.lg.jp/,http://asp.db-search.com/munakata-c/dsweb.cgi/,,,
402214,福岡県,太宰府市,ﾌｸｵｶｹﾝ,ﾀﾞｻﾞｲﾌｼ,http://www.city.dazaifu.lg.jp/,http://www.city.dazaifu.lg.jp/gikai_s/kaigiroku/kaigirokueturan.html,,,
402231,福岡県,古賀市,ﾌｸｵｶｹﾝ,ｺｶﾞｼ,http://www.city.koga.fukuoka.jp/,http://www.db-search.com/koga-c/index.php/,,,
402249,福岡県,福津市,ﾌｸｵｶｹﾝ,ﾌｸﾂｼ,http://www.city.fukutsu.lg.jp/,http://www.kaigiroku.net/kensaku/fukutsu/fukutsu.html,,,
402257,福岡県,うきは市,ﾌｸｵｶｹﾝ,ｳｷﾊｼ,http://www.city.ukiha.fukuoka.jp/,http://www.city.ukiha.fukuoka.jp/gikai/kihon/pub/default.aspx?c_id=107,,,
402265,福岡県,宮若市,ﾌｸｵｶｹﾝ,ﾐﾔﾜｶｼ,http://www.city.miyawaka.lg.jp/,http://www.db-search.com/miyawaka-c/index.php/,,,
402273,福岡県,嘉麻市,ﾌｸｵｶｹﾝ,ｶﾏｼ,http://www.city.kama.lg.jp/,http://www.kaigiroku.net/kensaku/kama/kama.html,,,
402281,福岡県,朝倉市,ﾌｸｵｶｹﾝ,ｱｻｸﾗｼ,http://www.city.asakura.lg.jp/www/toppage/0000000000000/APM03000.html,http://www.city.asakura.lg.jp/www/genre/0000000000000/1000000000015/index.html,,,
402290,福岡県,みやま市,ﾌｸｵｶｹﾝ,ﾐﾔﾏｼ,https://www.city.miyama.lg.jp/,https://www.city.miyama.lg.jp/info/prev.asp?fol_id=5489,,,
402303,福岡県,糸島市,ﾌｸｵｶｹﾝ,ｲﾄｼﾏｼ,http://www.city.itoshima.lg.jp/,http://kaigiroku.city.itoshima.lg.jp/,,,
403059,福岡県,那珂川町,ﾌｸｵｶｹﾝ,ﾅｶｶﾞﾜﾏﾁ,http://www.town.fukuoka-nakagawa.lg.jp/,http://www.kaigiroku.net/kensaku/nakagawa/nakagawa.html,,,
403415,福岡県,宇美町,ﾌｸｵｶｹﾝ,ｳﾐﾏﾁ,http://www.town.umi.lg.jp/,http://www.town.umi.lg.jp/site/gikai/list36.html,,,
403423,福岡県,篠栗町,ﾌｸｵｶｹﾝ,ｻｻｸﾞﾘﾏﾁ,http://www.town.sasaguri.fukuoka.jp/,http://www.town.sasaguri.fukuoka.jp/?mode=gikai_minutes,,,
403431,福岡県,志免町,ﾌｸｵｶｹﾝ,ｼﾒﾏﾁ,http://www.town.shime.lg.jp/,http://www.kaigiroku.net/kensaku/shime/shime.html,,,
403440,福岡県,須恵町,ﾌｸｵｶｹﾝ,ｽｴﾏﾁ,http://www.town.sue.fukuoka.jp/,http://www.town.sue.fukuoka.jp/site/gikai/,,,
403458,福岡県,新宮町,ﾌｸｵｶｹﾝ,ｼﾝｸﾞｳﾏﾁ,http://www.town.shingu.fukuoka.jp/,"http://www.town.shingu.fukuoka.jp/index.cfm/1,0,168,html",,,
403482,福岡県,久山町,ﾌｸｵｶｹﾝ,ﾋｻﾔﾏﾏﾁ,http://www.town.hisayama.fukuoka.jp/,http://www.town.hisayama.fukuoka.jp/tyousei/tyougikai/kaigiroku/index.html,,,
403491,福岡県,粕屋町,ﾌｸｵｶｹﾝ,ｶｽﾔﾏﾁ,http://www.town.kasuya.fukuoka.jp/,http://www.town.kasuya.fukuoka.jp/gyosei/gikaisenkyo/gikai/kaigiroku/index.html,,,
403814,福岡県,芦屋町,ﾌｸｵｶｹﾝ,ｱｼﾔﾏﾁ,http://www.town.ashiya.lg.jp/,http://www.town.ashiya.lg.jp/info.rbz?nd=263&ik=1,,,
403822,福岡県,水巻町,ﾌｸｵｶｹﾝ,ﾐｽﾞﾏｷﾏﾁ,https://www.town.mizumaki.lg.jp/,https://www.town.mizumaki.lg.jp/gyosei/gikai/dayori/index.html,,,
403831,福岡県,岡垣町,ﾌｸｵｶｹﾝ,ｵｶｶﾞｷﾏﾁ,http://www.town.okagaki.lg.jp/,http://www.kaigiroku.net/kensaku/okagaki/okagaki.html,,,
403849,福岡県,遠賀町,ﾌｸｵｶｹﾝ,ｵﾝｶﾞﾁｮｳ,http://www.town.onga.lg.jp/,http://iasb-sv.town.onga.lg.jp/voices/,,,
404012,福岡県,小竹町,ﾌｸｵｶｹﾝ,ｺﾀｹﾏﾁ,http://town.kotake.lg.jp/,http://town.kotake.lg.jp/gikai/hpkiji/pub/List.aspx?c_id=3&class_set_id=6&class_id=547,,,
404021,福岡県,鞍手町,ﾌｸｵｶｹﾝ,ｸﾗﾃﾏﾁ,http://www.town.kurate.lg.jp/,http://www.town.kurate.lg.jp/senkyo/gikai_schedule-proceed.html,,,
404217,福岡県,桂川町,ﾌｸｵｶｹﾝ,ｹｲｾﾝﾏﾁ,http://www.town.keisen.fukuoka.jp/,http://www.town.keisen.fukuoka.jp/gikai/tayori.php,,,
404471,福岡県,筑前町,ﾌｸｵｶｹﾝ,ﾁｸｾﾞﾝﾏﾁ,http://www.town.chikuzen.fukuoka.jp/,http://www.town.chikuzen.fukuoka.jp/Category5-11-0.htm,,,
404489,福岡県,東峰村,ﾌｸｵｶｹﾝ,ﾄｳﾎｳﾑﾗ,http://vill.toho-info.com/,http://vill.toho-info.com/category_c?cate=4&cate2=3,,,
405035,福岡県,大刀洗町,ﾌｸｵｶｹﾝ,ﾀﾁｱﾗｲﾏﾁ,https://www.town.tachiarai.fukuoka.jp/,https://www.town.tachiarai.fukuoka.jp/gikai/kaigikekka/index.html,,,
405221,福岡県,大木町,ﾌｸｵｶｹﾝ,ｵｵｷﾏﾁ,http://www.town.ooki.lg.jp/,http://www.town.ooki.lg.jp/gikai/1/index.html,,,
405442,福岡県,広川町,ﾌｸｵｶｹﾝ,ﾋﾛｶﾜﾏﾁ,http://www.town.hirokawa.fukuoka.jp/,http://www.town.hirokawa.fukuoka.jp/hp/node_1251/node_114/node_1238/node_9057,,,
406015,福岡県,香春町,ﾌｸｵｶｹﾝ,ｶﾜﾗﾏﾁ,http://www.town.kawara.fukuoka.jp/,http://www.town.kawara.fukuoka.jp/soshiki/gikaijimukyoku/shomu/gikai-dayori.html,,,
406023,福岡県,添田町,ﾌｸｵｶｹﾝ,ｿｴﾀﾞﾏﾁ,https://www.town.soeda.fukuoka.jp/,https://www.town.soeda.fukuoka.jp/gikai/giketu/,,,
406040,福岡県,糸田町,ﾌｸｵｶｹﾝ,ｲﾄﾀﾞﾏﾁ,http://www.town.itoda.lg.jp/,http://www.town.itoda.lg.jp/books/index/2,,,
406058,福岡県,川崎町,ﾌｸｵｶｹﾝ,ｶﾜｻｷﾏﾁ,http://www.town-kawasaki.com/,http://www.db-search.com/kawasaki-t/index.php/,,,
406082,福岡県,大任町,ﾌｸｵｶｹﾝ,ｵｵﾄｳﾏﾁ,http://www.town.oto.fukuoka.jp/,http://www.town.oto.fukuoka.jp/info/prev.asp?fol_id=1737,,,
406091,福岡県,赤村,ﾌｸｵｶｹﾝ,ｱｶﾑﾗ,http://www.akamura.net/,,,,
406104,福岡県,福智町,ﾌｸｵｶｹﾝ,ﾌｸﾁﾏﾁ,http://www.town.fukuchi.lg.jp/,http://www.town.fukuchi.lg.jp/gikai/tayori.html,,,
406210,福岡県,苅田町,ﾌｸｵｶｹﾝ,ｶﾝﾀﾞﾏﾁ,http://www.town.kanda.lg.jp/,http://www.kaigiroku.net/kensaku/kanda/kanda.html,,,
406252,福岡県,みやこ町,ﾌｸｵｶｹﾝ,ﾐﾔｺﾏﾁ,http://www.town.miyako.lg.jp/,https://www.kaigiroku.net/kensaku/miyakomachi/miyakomachi.html,,,
406422,福岡県,吉富町,ﾌｸｵｶｹﾝ,ﾖｼﾄﾐﾏﾁ,https://www.town.yoshitomi.lg.jp/,https://www.town.yoshitomi.lg.jp/gyosei/19/1/,,,
406465,福岡県,上毛町,ﾌｸｵｶｹﾝ,ｺｳｹﾞﾏﾁ,http://www.town.koge.lg.jp/,http://www.town.koge.lg.jp/site/gikai/,,,
406473,福岡県,築上町,ﾌｸｵｶｹﾝ,ﾁｸｼﾞｮｳﾏﾁ,http://www.town.chikujo.fukuoka.jp/,http://www.town.chikujo.fukuoka.jp/s031/010/010/gijiroku.html,,,
410004,佐賀県,,ｻｶﾞｹﾝ,,https://www.pref.saga.lg.jp/web/,http://asp.db-search.com/saga/dsweb.cgi/,,,
412015,佐賀県,佐賀市,ｻｶﾞｹﾝ,ｻｶﾞｼ,https://www.city.saga.lg.jp/,http://sagashi-gikai.gijiroku.com/kensaku.asp,,,
412023,佐賀県,唐津市,ｻｶﾞｹﾝ,ｶﾗﾂｼ,https://www.city.karatsu.lg.jp/,http://www.kaigiroku.net/kensaku/karatsu/karatsu.html,,,
412031,佐賀県,鳥栖市,ｻｶﾞｹﾝ,ﾄｽｼ,https://www.city.tosu.lg.jp/,http://www.kaigiroku.net/kensaku/tosu/tosu.html,,,
412040,佐賀県,多久市,ｻｶﾞｹﾝ,ﾀｸｼ,https://www.city.taku.lg.jp/,http://www.kaigiroku.net/kensaku/taku/taku.html,,,
412058,佐賀県,伊万里市,ｻｶﾞｹﾝ,ｲﾏﾘｼ,http://www.city.imari.saga.jp/,http://www.kaigiroku.net/kensaku/imari/imari.html,,,
412066,佐賀県,武雄市,ｻｶﾞｹﾝ,ﾀｹｵｼ,http://www.city.takeo.lg.jp/,http://www.city.takeo.lg.jp/shisei/shigikai/,,,
412074,佐賀県,鹿島市,ｻｶﾞｹﾝ,ｶｼﾏｼ,http://www.city.saga-kashima.lg.jp/,http://www.city.saga-kashima.lg.jp/main/107.html,,,
412082,佐賀県,小城市,ｻｶﾞｹﾝ,ｵｷﾞｼ,http://www.city.ogi.lg.jp/,http://www.db-search.com/ogi-c/index.php/,,,
412091,佐賀県,嬉野市,ｻｶﾞｹﾝ,ｳﾚｼﾉｼ,http://www.city.ureshino.lg.jp/top.html,http://www.city.ureshino.lg.jp/392/394.html,,,
412104,佐賀県,神埼市,ｻｶﾞｹﾝ,ｶﾝｻﾞｷｼ,http://www.city.kanzaki.saga.jp/,http://asp.db-search.com/kanzaki-c/dsweb.cgi/,,,
413275,佐賀県,吉野ヶ里町,ｻｶﾞｹﾝ,ﾖｼﾉｶﾞﾘﾁｮｳ,http://www.town.yoshinogari.saga.jp/,http://asp.db-search.com/yoshinogari-t/dsweb.cgi/,,,
413411,佐賀県,基山町,ｻｶﾞｹﾝ,ｷﾔﾏﾁｮｳ,http://www.town.kiyama.lg.jp/,http://www.town.kiyama.lg.jp/site/gikai/,,,
413453,佐賀県,上峰町,ｻｶﾞｹﾝ,ｶﾐﾐﾈﾁｮｳ,http://www.town.kamimine.lg.jp/index,http://www.town.kamimine.lg.jp/view.php?pageId=1379,,,
413461,佐賀県,みやき町,ｻｶﾞｹﾝ,ﾐﾔｷﾁｮｳ,http://www.town.miyaki.lg.jp/,http://giji.town.miyaki.lg.jp/,,,
413879,佐賀県,玄海町,ｻｶﾞｹﾝ,ｹﾞﾝｶｲﾁｮｳ,http://www.town.genkai.saga.jp/home.html,http://www.town.genkai.saga.jp/town/tyogikai/000001500/,,,
414018,佐賀県,有田町,ｻｶﾞｹﾝ,ｱﾘﾀﾁｮｳ,http://www.town.arita.lg.jp/,http://www.town.arita.lg.jp/main/119.html,,,
414239,佐賀県,大町町,ｻｶﾞｹﾝ,ｵｵﾏﾁﾁｮｳ,http://www.town.omachi.saga.jp/,http://www.town.omachi.saga.jp/hp/admission/07_chousei/03_gikai/01_gikai_kaigiroku01.html,,,
414247,佐賀県,江北町,ｻｶﾞｹﾝ,ｺｳﾎｸﾏﾁ,http://www.town.kouhoku.saga.jp/,http://www.town.kouhoku.saga.jp/gikai.html,,,
414255,佐賀県,白石町,ｻｶﾞｹﾝ,ｼﾛｲｼﾁｮｳ,http://www.town.shiroishi.lg.jp/,http://www.town.shiroishi.lg.jp/chousei_machi/gikai/kaigiroku.html,,,
414417,佐賀県,太良町,ｻｶﾞｹﾝ,ﾀﾗﾁｮｳ,http://www.town.tara.lg.jp/,http://www.town.tara.lg.jp/chosei/_1010/_1414.html,,,
420000,長崎県,,ﾅｶﾞｻｷｹﾝ,,https://www.pref.nagasaki.jp/,https://www.kaigiroku.net/nagasaki/nagasaki.html,,,
422011,長崎県,長崎市,ﾅｶﾞｻｷｹﾝ,ﾅｶﾞｻｷｼ,http://www.city.nagasaki.lg.jp/,http://asp.db-search.com/nagasaki-c/,,,
422029,長崎県,佐世保市,ﾅｶﾞｻｷｹﾝ,ｻｾﾎﾞｼ,http://www.city.sasebo.lg.jp/,http://www.kaigiroku.net/kensaku/sasebo/sasebo.html,,,
422037,長崎県,島原市,ﾅｶﾞｻｷｹﾝ,ｼﾏﾊﾞﾗｼ,http://www.city.shimabara.lg.jp/,http://asp.db-search.com/shimabara-c/,,,
422045,長崎県,諫早市,ﾅｶﾞｻｷｹﾝ,ｲｻﾊﾔｼ,http://www.city.isahaya.nagasaki.jp/,http://asp.db-search.com/isahaya-c/dsweb.cgi/,,,
422053,長崎県,大村市,ﾅｶﾞｻｷｹﾝ,ｵｵﾑﾗｼ,http://www.city.omura.nagasaki.jp/,http://www.kaigiroku.net/kensaku/omura/omura.html,,,
422070,長崎県,平戸市,ﾅｶﾞｻｷｹﾝ,ﾋﾗﾄﾞｼ,http://www.city.hirado.nagasaki.jp/,http://www.kaigiroku.net/kensaku/hirado/hirado.html,,,
422088,長崎県,松浦市,ﾅｶﾞｻｷｹﾝ,ﾏﾂｳﾗｼ,http://www.city-matsuura.jp/www/toppage/0000000000000/APM03000.html,http://asp.db-search.com/matsuura-c/dsweb.cgi/,,,
422096,長崎県,対馬市,ﾅｶﾞｻｷｹﾝ,ﾂｼﾏｼ,http://www.city.tsushima.nagasaki.jp/,http://www.kaigiroku.net/kensaku/tsushima/tsushima.html,,,
422100,長崎県,壱岐市,ﾅｶﾞｻｷｹﾝ,ｲｷｼ,http://www.city.iki.nagasaki.jp/,http://www.city.iki.nagasaki.jp/modules/policy/index.php?cat_id=27,,,
422118,長崎県,五島市,ﾅｶﾞｻｷｹﾝ,ｺﾞﾄｳｼ,http://www.city.goto.nagasaki.jp/,http://www.kaigiroku.net/kensaku/goto/goto.html,,,
422126,長崎県,西海市,ﾅｶﾞｻｷｹﾝ,ｻｲｶｲｼ,http://www.city.saikai.nagasaki.jp/,http://www.city.saikai.nagasaki.jp/docs/2015080700021/,,,
422134,長崎県,雲仙市,ﾅｶﾞｻｷｹﾝ,ｳﾝｾﾞﾝｼ,https://www.city.unzen.nagasaki.jp/,http://www.kaigiroku.net/kensaku/unzen/unzen.html,,,
422142,長崎県,南島原市,ﾅｶﾞｻｷｹﾝ,ﾐﾅﾐｼﾏﾊﾞﾗｼ,http://www.city.minamishimabara.lg.jp/,http://www.kaigiroku.net/kensaku/minamishimabara/minamishimabara.html,,,
423076,長崎県,長与町,ﾅｶﾞｻｷｹﾝ,ﾅｶﾞﾖﾁｮｳ,http://webtown.nagayo.jp/,http://webtown.nagayo.jp/gikai/kaigiroku/top.html,,,
423084,長崎県,時津町,ﾅｶﾞｻｷｹﾝ,ﾄｷﾞﾂﾁｮｳ,http://www.town.togitsu.nagasaki.jp/,http://www.town.togitsu.nagasaki.jp/gikai/kihon/pub/default.aspx?c_id=111,,,
423211,長崎県,東彼杵町,ﾅｶﾞｻｷｹﾝ,ﾋｶﾞｼｿﾉｷﾞﾁｮｳ,http://www.sonogi.jp/,http://www.sonogi.jp/gikai.html#H26,,,
423220,長崎県,川棚町,ﾅｶﾞｻｷｹﾝ,ｶﾜﾀﾅﾁｮｳ,http://www.kawatana.jp/,http://www.kawatana.jp/yakuba/info/4_3.html,,,
423238,長崎県,波佐見町,ﾅｶﾞｻｷｹﾝ,ﾊｻﾐﾁｮｳ,http://www.town.hasami.lg.jp/,http://www.town.hasami.lg.jp/yakuba/gikai/gikai03.htm,,,
423831,長崎県,小値賀町,ﾅｶﾞｻｷｹﾝ,ｵﾁﾞｶﾁｮｳ,http://ojika.net/,http://ojika.net/gikaidayori/,,,
423912,長崎県,佐々町,ﾅｶﾞｻｷｹﾝ,ｻｻﾞﾁｮｳ,http://www.sazacho-nagasaki.jp/,http://www.sazacho-nagasaki.jp/gikai/kihon/pub/default.aspx?c_id=142,,,
424111,長崎県,新上五島町,ﾅｶﾞｻｷｹﾝ,ｼﾝｶﾐｺﾞﾄｳﾁｮｳ,http://official.shinkamigoto.net/,http://official.shinkamigoto.net/council.php?dcid=d00003x0,,,
430005,熊本県,,ｸﾏﾓﾄｹﾝ,,http://www.pref.kumamoto.jp/Default.aspx,http://www.kaigiroku.net/kensaku/pref_kumamoto/gikai.html,,,
431001,熊本県,熊本市,ｸﾏﾓﾄｹﾝ,ｸﾏﾓﾄｼ,http://www.city.kumamoto.jp/,http://www.city.kumamoto.jp/hpkiji/pub/ExtractionList.aspx?c_id=5&eg_id=1&e_id=10,,,
432024,熊本県,八代市,ｸﾏﾓﾄｹﾝ,ﾔﾂｼﾛｼ,http://www.city.yatsushiro.lg.jp/,http://www.yatsushiro.org/VOICES/index.html,,,
432032,熊本県,人吉市,ｸﾏﾓﾄｹﾝ,ﾋﾄﾖｼｼ,http://www.city.hitoyoshi.lg.jp/,http://www.city.hitoyoshi.lg.jp/q/aview/175/6655.html,,,
432041,熊本県,荒尾市,ｸﾏﾓﾄｹﾝ,ｱﾗｵｼ,http://www.city.arao.lg.jp/,http://www.city.arao.lg.jp/q/list/505.html,,,
432059,熊本県,水俣市,ｸﾏﾓﾄｹﾝ,ﾐﾅﾏﾀｼ,http://www.city.minamata.lg.jp/,http://www.kensakusystem.jp/minamata/index.html,,,
432067,熊本県,玉名市,ｸﾏﾓﾄｹﾝ,ﾀﾏﾅｼ,http://www.city.tamana.lg.jp/,http://giji.city.tamana.lg.jp/voices/index.html,,,
432083,熊本県,山鹿市,ｸﾏﾓﾄｹﾝ,ﾔﾏｶﾞｼ,http://www.city.yamaga.kumamoto.jp/www/toppage/0000000000000/APM03000.html,http://www.city.yamaga.kumamoto.jp/www/contents/1263869895856/index.html,,,
432105,熊本県,菊池市,ｸﾏﾓﾄｹﾝ,ｷｸﾁｼ,http://www.city.kikuchi.lg.jp/,http://www.city.kikuchi.lg.jp/q/list/269.html,,,
432113,熊本県,宇土市,ｸﾏﾓﾄｹﾝ,ｳﾄｼ,http://www.city.uto.kumamoto.jp/,http://www.kaigiroku.net/kensaku/uto/uto.html,,,
432121,熊本県,上天草市,ｸﾏﾓﾄｹﾝ,ｶﾐｱﾏｸｻｼ,http://www.city.kamiamakusa.kumamoto.jp/,http://www.city.kamiamakusa.kumamoto.jp/q/list/103.html,,,
432130,熊本県,宇城市,ｸﾏﾓﾄｹﾝ,ｳｷｼ,http://www.city.uki.kumamoto.jp/,http://www.kaigiroku.net/kensaku/uki/uki.html,,,
432148,熊本県,阿蘇市,ｸﾏﾓﾄｹﾝ,ｱｿｼ,http://www.city.aso.kumamoto.jp/,http://www.city.aso.kumamoto.jp/municipal/city_council/city_council/congress_materials/,,,
432156,熊本県,天草市,ｸﾏﾓﾄｹﾝ,ｱﾏｸｻｼ,http://www.city.amakusa.kumamoto.jp/,http://www.kaigiroku.net/kensaku/amakusa/amakusa.html,,,
432164,熊本県,合志市,ｸﾏﾓﾄｹﾝ,ｺｳｼｼ,http://www.city.koshi.lg.jp/,http://www.kaigiroku.net/kensaku/koshi/koshi.html,,,
433489,熊本県,美里町,ｸﾏﾓﾄｹﾝ,ﾐｻﾄﾏﾁ,http://www.town.kumamoto-misato.lg.jp/,http://www.town.kumamoto-misato.lg.jp/q/list/139.html,,,
433641,熊本県,玉東町,ｸﾏﾓﾄｹﾝ,ｷﾞｮｸﾄｳﾏﾁ,http://www.town.gyokuto.kumamoto.jp/,http://www.town.gyokuto.kumamoto.jp/gikai/kaigikekka.html,,,
433675,熊本県,南関町,ｸﾏﾓﾄｹﾝ,ﾅﾝｶﾝﾏﾁ,http://www.town.nankan.lg.jp/,http://www.town.nankan.lg.jp/life/pub/list.asp?c_id=60,,,
433683,熊本県,長洲町,ｸﾏﾓﾄｹﾝ,ﾅｶﾞｽﾏﾁ,http://www.town.nagasu.lg.jp/,http://www.db-search.com/nagasu-t/index.php/,,,
433691,熊本県,和水町,ｸﾏﾓﾄｹﾝ,ﾅｺﾞﾐﾏﾁ,http://www.town.nagomi.lg.jp/,http://www.town.nagomi.lg.jp/hpkiji/pub/List.aspx?c_id=3&class_set_id=1&class_id=631,,,
434035,熊本県,大津町,ｸﾏﾓﾄｹﾝ,ｵｵﾂﾞﾏﾁ,http://www.town.ozu.kumamoto.jp/index.html,http://www.town.ozu.kumamoto.jp/development/development_gikai/_8036.html,,,
434043,熊本県,菊陽町,ｸﾏﾓﾄｹﾝ,ｷｸﾖｳﾏﾁ,http://www.town.kikuyo.lg.jp/,http://www.town.kikuyo.lg.jp/site/gikai/,,,
434230,熊本県,南小国町,ｸﾏﾓﾄｹﾝ,ﾐﾅﾐｵｸﾞﾆﾏﾁ,http://www.town.minamioguni.kumamoto.jp/,http://www.town.minamioguni.kumamoto.jp/assembly/000155.php,,,
434248,熊本県,小国町,ｸﾏﾓﾄｹﾝ,ｵｸﾞﾆﾏﾁ,http://www.aso-oguni.com/,http://www.aso-oguni.com/gikai/gikaikouhou.html,,,
434256,熊本県,産山村,ｸﾏﾓﾄｹﾝ,ｳﾌﾞﾔﾏﾑﾗ,http://www.ubuyama-v.jp/,,,,
434281,熊本県,高森町,ｸﾏﾓﾄｹﾝ,ﾀｶﾓﾘﾏﾁ,http://www.town.takamori.kumamoto.jp/,http://www.town.takamori.kumamoto.jp/chogikai/nittei/kaigiroku/,,,
434329,熊本県,西原村,ｸﾏﾓﾄｹﾝ,ﾆｼﾊﾗﾑﾗ,http://www.vill.nishihara.kumamoto.jp/top.html,http://www.vill.nishihara.kumamoto.jp/making/gikai/_1717.html,,,
434337,熊本県,南阿蘇村,ｸﾏﾓﾄｹﾝ,ﾐﾅﾐｱｿﾑﾗ,http://www.vill.minamiaso.lg.jp/index2.html,http://www.vill.minamiaso.lg.jp/site/gikaisaite/list13.html,,,
434418,熊本県,御船町,ｸﾏﾓﾄｹﾝ,ﾐﾌﾈﾏﾁ,http://portal.kumamoto-net.ne.jp/town_mifune/,http://portal.kumamoto-net.ne.jp/town_mifune/base/pub/default.asp?c_id=98,,,
434426,熊本県,嘉島町,ｸﾏﾓﾄｹﾝ,ｶｼﾏﾏﾁ,http://www.town.kashima.kumamoto.jp/,http://www.town.kashima.kumamoto.jp/q/list/271.html,,,
434434,熊本県,益城町,ｸﾏﾓﾄｹﾝ,ﾏｼｷﾏﾁ,http://www.town.mashiki.lg.jp/kiji/pub/default.aspx?c_id=136,,,,
434442,熊本県,甲佐町,ｸﾏﾓﾄｹﾝ,ｺｳｻﾏﾁ,http://www.town.kosa.kumamoto.jp/,http://www.town.kosa.kumamoto.jp/q/aview/149/464.html,,,
434477,熊本県,山都町,ｸﾏﾓﾄｹﾝ,ﾔﾏﾄﾁｮｳ,http://www.town.kumamoto-yamato.lg.jp/,http://www.town.kumamoto-yamato.lg.jp/pubmag/pub/default.aspx?c_id=16,,,
434680,熊本県,氷川町,ｸﾏﾓﾄｹﾝ,ﾋｶﾜﾁｮｳ,http://www.hikawacyou.hinokuni-net.jp/,http://www.hikawacyou.hinokuni-net.jp/gikai/kihon/pub/default.aspx?c_id=66,,,
434825,熊本県,芦北町,ｸﾏﾓﾄｹﾝ,ｱｼｷﾀﾏﾁ,http://www.ashikita-t.kumamoto-sgn.jp/www/toppage/0000000000000/APM03000.html,http://www.ashikita-t.kumamoto-sgn.jp/www/genre/0000000000000/1000000000053/index.html,,,
434841,熊本県,津奈木町,ｸﾏﾓﾄｹﾝ,ﾂﾅｷﾞﾏﾁ,http://www.town.tsunagi.lg.jp/,http://www.town.tsunagi.lg.jp/hpkiji/pub/List.aspx?c_id=3&class_set_id=1&class_id=620,,,
435015,熊本県,錦町,ｸﾏﾓﾄｹﾝ,ﾆｼｷﾏﾁ,http://www.nishiki-machi.com/,http://www.nishiki-machi.com/bunya/gijiroku/gikai-jimu/,,,
435058,熊本県,多良木町,ｸﾏﾓﾄｹﾝ,ﾀﾗｷﾞﾏﾁ,http://www.town.taragi.lg.jp/,http://www.town.taragi.lg.jp/q/list/48.html,,,
435066,熊本県,湯前町,ｸﾏﾓﾄｹﾝ,ﾕﾉﾏｴﾏﾁ,http://www.yunomae.com/,http://discuss.yunomae.com/,,,
435074,熊本県,水上村,ｸﾏﾓﾄｹﾝ,ﾐｽﾞｶﾐﾑﾗ,http://www.vill.mizukami.lg.jp/,,,,
435104,熊本県,相良村,ｸﾏﾓﾄｹﾝ,ｻｶﾞﾗﾑﾗ,http://www.vill.sagara.lg.jp/,http://www.vill.sagara.lg.jp/index.php?type=article&mode=articleView&articleid=1333&categoryid=17,,,
435112,熊本県,五木村,ｸﾏﾓﾄｹﾝ,ｲﾂｷﾑﾗ,http://www.vill.itsuki.lg.jp/,http://www.vill.itsuki.lg.jp/q/list/140.html,,,
435121,熊本県,山江村,ｸﾏﾓﾄｹﾝ,ﾔﾏｴﾑﾗ,http://www.vill.yamae.lg.jp/,http://www.vill.yamae.lg.jp/index.php?type=category&mode=categoryList&categoryid=10,,,
435139,熊本県,球磨村,ｸﾏﾓﾄｹﾝ,ｸﾏﾑﾗ,http://www.kumamura.com/,http://www.kumamura.com/gyousei/category/gikai/gikaidayori/,,,
435147,熊本県,あさぎり町,ｸﾏﾓﾄｹﾝ,ｱｻｷﾞﾘﾁｮｳ,http://www.asagiri-town.net/,http://www.asagiri-town.net/q/list/63.html,,,
435317,熊本県,苓北町,ｸﾏﾓﾄｹﾝ,ﾚｲﾎｸﾏﾁ,http://reihoku-kumamoto.jp/,http://reihoku-kumamoto.jp/gikai-gijiroku/,,,
440001,大分県,,ｵｵｲﾀｹﾝ,,http://www.pref.oita.jp/,http://www.kaigiroku.net/kensaku/pref_oita/oita.html,,,
442011,大分県,大分市,ｵｵｲﾀｹﾝ,ｵｵｲﾀｼ,http://www.city.oita.oita.jp/www/toppage/0000000000000/APM03000.html,http://www.kensakusystem.jp/oita/index.html,,,
442020,大分県,別府市,ｵｵｲﾀｹﾝ,ﾍﾞｯﾌﾟｼ,http://www.city.beppu.oita.jp/,http://www.kensakusystem.jp/beppu/,,,
442038,大分県,中津市,ｵｵｲﾀｹﾝ,ﾅｶﾂｼ,http://www.city-nakatsu.jp/,http://www.kaigiroku.net/kensaku/nakatsu/nakatsu.html,,,
442046,大分県,日田市,ｵｵｲﾀｹﾝ,ﾋﾀｼ,https://www.city.hita.oita.jp/,http://www.kaigiroku.net/kensaku/hita/hita.html,,,
442054,大分県,佐伯市,ｵｵｲﾀｹﾝ,ｻｲｷｼ,http://www.city.saiki.oita.jp/,http://www.city.saiki.oita.jp/gikai/gijiroku.cgi,,,
442062,大分県,臼杵市,ｵｵｲﾀｹﾝ,ｳｽｷｼ,http://www.city.usuki.oita.jp/,http://www.kaigiroku.net/kensaku/usuki/usuki.html,,,
442071,大分県,津久見市,ｵｵｲﾀｹﾝ,ﾂｸﾐｼ,http://www.city.tsukumi.oita.jp/,http://www.kensakusystem.jp/tsukumi/index.html,,,
442089,大分県,竹田市,ｵｵｲﾀｹﾝ,ﾀｹﾀｼ,https://www.city.taketa.oita.jp/,http://www.kaigiroku.net/kensaku/taketa/taketa.html,,,
442097,大分県,豊後高田市,ｵｵｲﾀｹﾝ,ﾌﾞﾝｺﾞﾀｶﾀﾞｼ,http://www.city.bungotakada.oita.jp/,http://www.city.bungotakada.oita.jp/gyosei/shigikai/index.html,,,
442101,大分県,杵築市,ｵｵｲﾀｹﾝ,ｷﾂｷｼ,http://www.city.kitsuki.lg.jp/,http://www.kaigiroku.net/kensaku/kitsuki/kitsuki.html,,,
442119,大分県,宇佐市,ｵｵｲﾀｹﾝ,ｳｻｼ,http://www.city.usa.oita.jp/,http://www.db-search.com/usa-c/index.php/,,,
442127,大分県,豊後大野市,ｵｵｲﾀｹﾝ,ﾌﾞﾝｺﾞｵｵﾉｼ,http://www.bungo-ohno.jp/,http://www.kaigiroku.net/kensaku/bungoohno/bungoohno.html,,,
442135,大分県,由布市,ｵｵｲﾀｹﾝ,ﾕﾌｼ,http://www.city.yufu.oita.jp/,http://www.city.yufu.oita.jp/shigikai/gijirokukensaku/,,,
442143,大分県,国東市,ｵｵｲﾀｹﾝ,ｸﾆｻｷｼ,http://www.city.kunisaki.oita.jp/,http://www.kaigiroku.net/kensaku/kunisaki/kunisaki.html,,,
443221,大分県,姫島村,ｵｵｲﾀｹﾝ,ﾋﾒｼﾏﾑﾗ,http://www.himeshima.jp/,,,,
443417,大分県,日出町,ｵｵｲﾀｹﾝ,ﾋｼﾞﾏﾁ,http://www.town.hiji.oita.jp/,http://www.town.hiji.oita.jp/machinotorikumi/chougikai/gijiroku/index.html,,,
444618,大分県,九重町,ｵｵｲﾀｹﾝ,ｺｺﾉｴﾏﾁ,http://www.town.kokonoe.oita.jp/,http://www.kaigiroku.net/kensaku/kokonoe/kokonoe.html,,,
444626,大分県,玖珠町,ｵｵｲﾀｹﾝ,ｸｽﾏﾁ,http://www.town.kusu.oita.jp/,http://www.town.kusu.oita.jp/Category9-0-0.html,,,
450006,宮崎県,,ﾐﾔｻﾞｷｹﾝ,,http://www.pref.miyazaki.lg.jp/,http://www.kaigiroku.net/kensaku/pref_miyazaki/gikai.html,,,
452017,宮崎県,宮崎市,ﾐﾔｻﾞｷｹﾝ,ﾐﾔｻﾞｷｼ,http://www.city.miyazaki.miyazaki.jp/,http://asp.db-search.com/miyazaki-c/,,,
452025,宮崎県,都城市,ﾐﾔｻﾞｷｹﾝ,ﾐﾔｺﾉｼﾞｮｳｼ,http://www.city.miyakonojo.miyazaki.jp/,http://www.kensakusystem.jp/miyakonojo/index.html,,,
452033,宮崎県,延岡市,ﾐﾔｻﾞｷｹﾝ,ﾉﾍﾞｵｶｼ,http://www.city.nobeoka.miyazaki.jp/,http://www.kensakusystem.jp/nobeoka/index.html,,,
452041,宮崎県,日南市,ﾐﾔｻﾞｷｹﾝ,ﾆﾁﾅﾝｼ,http://www.city.nichinan.lg.jp/,http://www.db-search.com/nichinan-c/index.php/,,,
452050,宮崎県,小林市,ﾐﾔｻﾞｷｹﾝ,ｺﾊﾞﾔｼｼ,http://www.city.kobayashi.lg.jp/,http://www.kaigiroku.net/kensaku/kobayashi/kobayashi.html,,,
452068,宮崎県,日向市,ﾐﾔｻﾞｷｹﾝ,ﾋｭｳｶﾞｼ,http://www.city.hyuga.miyazaki.jp/,http://www.kaigiroku.net/kensaku/hyuga/hyuga.html,,,
452076,宮崎県,串間市,ﾐﾔｻﾞｷｹﾝ,ｸｼﾏｼ,http://www.city.kushima.lg.jp/,http://www.kensakusystem.jp/kushima/,,,
452084,宮崎県,西都市,ﾐﾔｻﾞｷｹﾝ,ｻｲﾄｼ,http://www.city.saito.miyazaki.jp/,http://www.kaigiroku.net/kensaku/saito/saito.html,,,
452092,宮崎県,えびの市,ﾐﾔｻﾞｷｹﾝ,ｴﾋﾞﾉｼ,http://www.city.ebino.lg.jp/,http://www.kensakusystem.jp/ebino/index.html,,,
453412,宮崎県,三股町,ﾐﾔｻﾞｷｹﾝ,ﾐﾏﾀﾁｮｳ,http://www.town.mimata.lg.jp/,http://www.town.mimata.lg.jp/modules/article/index.php?cat_id=28,,,
453617,宮崎県,高原町,ﾐﾔｻﾞｷｹﾝ,ﾀｶﾊﾙﾁｮｳ,http://www.town.takaharu.lg.jp/,http://www.town.takaharu.lg.jp/modules/contents01/index.php?content_id=2,,,
453820,宮崎県,国富町,ﾐﾔｻﾞｷｹﾝ,ｸﾆﾄﾐﾁｮｳ,http://www.town.kunitomi.miyazaki.jp/,,,,
453838,宮崎県,綾町,ﾐﾔｻﾞｷｹﾝ,ｱﾔﾁｮｳ,http://www.town.aya.miyazaki.jp/ayatown/,http://www.kaigiroku.net/kensaku/aya/aya.html,,,
454010,宮崎県,高鍋町,ﾐﾔｻﾞｷｹﾝ,ﾀｶﾅﾍﾞﾁｮｳ,http://www.town.takanabe.miyazaki.jp/,http://www.town.takanabe.miyazaki.jp/display.php?cont=130306103321,,,
454028,宮崎県,新富町,ﾐﾔｻﾞｷｹﾝ,ｼﾝﾄﾐﾁｮｳ,http://www.town.shintomi.miyazaki.jp/,http://www.kaigiroku.net/kensaku/shintomi/shintomi.html,,,
454036,宮崎県,西米良村,ﾐﾔｻﾞｷｹﾝ,ﾆｼﾒﾗｿﾝ,http://www.nishimera.jp/,,,,
454044,宮崎県,木城町,ﾐﾔｻﾞｷｹﾝ,ｷｼﾞｮｳﾁｮｳ,http://www.kijo.jp/,http://www.kijo.jp/gikai/gikaitop.html,,,
454052,宮崎県,川南町,ﾐﾔｻﾞｷｹﾝ,ｶﾜﾐﾅﾐﾁｮｳ,http://www.town.kawaminami.miyazaki.jp/,http://www.town.kawaminami.miyazaki.jp/jichimaru_jpn/node_120/node_646/node_375/node_4780,,,
454061,宮崎県,都農町,ﾐﾔｻﾞｷｹﾝ,ﾂﾉﾁｮｳ,http://www.town.tsuno.miyazaki.jp/display.php?clist=0002,http://www.town.tsuno.miyazaki.jp/display.php?cont=150411025054,,,
454214,宮崎県,門川町,ﾐﾔｻﾞｷｹﾝ,ｶﾄﾞｶﾞﾜﾁｮｳ,http://www.town.kadogawa.lg.jp/,http://www.kaigiroku.net/kensaku/kadogawa/kadogawa.html,,,
454290,宮崎県,諸塚村,ﾐﾔｻﾞｷｹﾝ,ﾓﾛﾂｶｿﾝ,http://www.vill.morotsuka.miyazaki.jp/01home_f.htm,http://www.vill.morotsuka.miyazaki.jp/14gyousei/14gikaidayori.htm,,,
454303,宮崎県,椎葉村,ﾐﾔｻﾞｷｹﾝ,ｼｲﾊﾞｿﾝ,http://www.vill.shiiba.miyazaki.jp/,http://www.vill.shiiba.miyazaki.jp/assembly/letter/,,,
454311,宮崎県,美郷町,ﾐﾔｻﾞｷｹﾝ,ﾐｻﾄﾁｮｳ,http://www.town.miyazaki-misato.lg.jp/,http://www.town.miyazaki-misato.lg.jp/3029.htm,,,
454419,宮崎県,高千穂町,ﾐﾔｻﾞｷｹﾝ,ﾀｶﾁﾎﾁｮｳ,http://www.town-takachiho.jp/,,,,
454427,宮崎県,日之影町,ﾐﾔｻﾞｷｹﾝ,ﾋﾉｶｹﾞﾁｮｳ,http://www.hinokage.jp/,http://www.hinokage.jp/categories/chousei/gikai/gikaidayori/,,,
454435,宮崎県,五ヶ瀬町,ﾐﾔｻﾞｷｹﾝ,ｺﾞｶｾﾁｮｳ,http://www.town.gokase.miyazaki.jp/,,,,
460001,鹿児島県,,ｶｺﾞｼﾏｹﾝ,,https://www.pref.kagoshima.jp/,http://asp.db-search.com/kagoshima/,,,
462012,鹿児島県,鹿児島市,ｶｺﾞｼﾏｹﾝ,ｶｺﾞｼﾏｼ,https://www.city.kagoshima.lg.jp/,http://www.gijiroku.net/city.kagoshima/,,,
462039,鹿児島県,鹿屋市,ｶｺﾞｼﾏｹﾝ,ｶﾉﾔｼ,http://www.e-kanoya.net/index.html,http://www.kaigiroku.net/kensaku/kanoya/kanoya.html,,,
462047,鹿児島県,枕崎市,ｶｺﾞｼﾏｹﾝ,ﾏｸﾗｻﾞｷｼ,http://www.city.makurazaki.kagoshima.jp/,http://www.city.makurazaki.kagoshima.jp/service/se_gikai_kaigiroku.html,,,
462063,鹿児島県,阿久根市,ｶｺﾞｼﾏｹﾝ,ｱｸﾈｼ,http://www.city.akune.kagoshima.jp/,http://www.city.akune.kagoshima.jp/04_shisei/gikai/kaigiroku.html,,,
462080,鹿児島県,出水市,ｶｺﾞｼﾏｹﾝ,ｲｽﾞﾐｼ,http://www.city.izumi.kagoshima.jp/,http://www.city.izumi.kagoshima.jp/assembly/default.asp,,,
462101,鹿児島県,指宿市,ｶｺﾞｼﾏｹﾝ,ｲﾌﾞｽｷｼ,https://www.city.ibusuki.lg.jp/main/,https://www.city.ibusuki.lg.jp/main/shigikai/gikaiannai/gikaiannai/page003506.html,,,
462136,鹿児島県,西之表市,ｶｺﾞｼﾏｹﾝ,ﾆｼﾉｵﾓﾃｼ,http://www.city.nishinoomote.lg.jp/,http://www.city.nishinoomote.lg.jp/gikai/kaigiroku.html,,,
462144,鹿児島県,垂水市,ｶｺﾞｼﾏｹﾝ,ﾀﾙﾐｽﾞｼ,http://www.city.tarumizu.lg.jp/,http://www.city.tarumizu.lg.jp/gikaigiji/gijiroku.html,,,
462152,鹿児島県,薩摩川内市,ｶｺﾞｼﾏｹﾝ,ｻﾂﾏｾﾝﾀﾞｲｼ,http://www.city.satsumasendai.lg.jp/www/toppage/0000000000000/APM03000.html,http://www.kaigiroku.net/kensaku/satsumasendai/satsumasendai.html,,,
462161,鹿児島県,日置市,ｶｺﾞｼﾏｹﾝ,ﾋｵｷｼ,http://www.city.hioki.kagoshima.jp/,http://www.city.hioki.kagoshima.jp/modules/content018/index.php?id=119,,,
462179,鹿児島県,曽於市,ｶｺﾞｼﾏｹﾝ,ｿｵｼ,http://www.city.soo.kagoshima.jp/,http://www.city.soo.kagoshima.jp/gyousei/gikai/giziroku/index.html,,,
462187,鹿児島県,霧島市,ｶｺﾞｼﾏｹﾝ,ｷﾘｼﾏｼ,http://www.city-kirishima.jp/,http://www.kensakusystem.jp/kirishima/index.html,,,
462195,鹿児島県,いちき串木野市,ｶｺﾞｼﾏｹﾝ,ｲﾁｷｸｼｷﾉｼ,https://www.city.ichikikushikino.lg.jp/,https://www.city.ichikikushikino.lg.jp/gikai1/gijirokukensaku.html,,,
462209,鹿児島県,南さつま市,ｶｺﾞｼﾏｹﾝ,ﾐﾅﾐｻﾂﾏｼ,http://www.city.minamisatsuma.lg.jp/,http://www.city.minamisatsuma.lg.jp/shigikai/kaigiroku/,,,
462217,鹿児島県,志布志市,ｶｺﾞｼﾏｹﾝ,ｼﾌﾞｼｼ,http://www.city.shibushi.lg.jp/,http://www.city.shibushi.lg.jp/gikai/sub11.html,,,
462225,鹿児島県,奄美市,ｶｺﾞｼﾏｹﾝ,ｱﾏﾐｼ,http://www.city.amami.lg.jp/,http://www.city.amami.lg.jp/gikai/shise/shigikai/gaiyo.html,,,
462233,鹿児島県,南九州市,ｶｺﾞｼﾏｹﾝ,ﾐﾅﾐｷｭｳｼｭｳｼ,http://www.city.minamikyushu.lg.jp/cgi-bin/index.cgi,http://www.kaigiroku.net/kensaku/minamikyushu/minamikyushu.html,,,
462241,鹿児島県,伊佐市,ｶｺﾞｼﾏｹﾝ,ｲｻｼ,http://www.city.isa.kagoshima.jp/,http://www.db-search.com/isa-c/index.php/,,,
462250,鹿児島県,姶良市,ｶｺﾞｼﾏｹﾝ,ｱｲﾗｼ,http://www.city.aira.lg.jp/,http://www.kaigiroku.net/kensaku/aira/aira.html,,,
463035,鹿児島県,三島村,ｶｺﾞｼﾏｹﾝ,ﾐｼﾏﾑﾗ,http://mishimamura.com/,,,,
463043,鹿児島県,十島村,ｶｺﾞｼﾏｹﾝ,ﾄｼﾏﾑﾗ,http://www.tokara.jp/,http://www.tokara.jp/assembly/tayori/index.html,,,
463922,鹿児島県,さつま町,ｶｺﾞｼﾏｹﾝ,ｻﾂﾏﾁｮｳ,https://www.satsuma-net.jp/,https://www.satsuma-net.jp/giji/machi/chogi/kaigiroku/etsuran.html,,,
464040,鹿児島県,長島町,ｶｺﾞｼﾏｹﾝ,ﾅｶﾞｼﾏﾁｮｳ,http://www.town.nagashima.lg.jp/,http://www.town.nagashima.lg.jp/nagashima02/nagashima23.asp,,,
464520,鹿児島県,湧水町,ｶｺﾞｼﾏｹﾝ,ﾕｳｽｲﾁｮｳ,http://www.town.yusui.kagoshima.jp/,http://www.town.yusui.kagoshima.jp/gikai/gikaiindex.htm,,,
464686,鹿児島県,大崎町,ｶｺﾞｼﾏｹﾝ,ｵｵｻｷﾁｮｳ,https://www.town.kagoshima-osaki.lg.jp/,https://www.town.kagoshima-osaki.lg.jp/osaki03/osaki56.htm,,,
464821,鹿児島県,東串良町,ｶｺﾞｼﾏｹﾝ,ﾋｶﾞｼｸｼﾗﾁｮｳ,http://www.higashikushira.com/main/html/,http://www.higashikushira.com/main/html/modules/pico/index.php?content_id=23,,,
464902,鹿児島県,錦江町,ｶｺﾞｼﾏｹﾝ,ｷﾝｺｳﾁｮｳ,http://www.town.kinko.lg.jp/,,,,
464911,鹿児島県,南大隅町,ｶｺﾞｼﾏｹﾝ,ﾐﾅﾐｵｵｽﾐﾁｮｳ,http://www.town.minamiosumi.lg.jp/,http://www.town.minamiosumi.lg.jp/gikaijimu/machi/gikai/kaigiroku.html,,,
464929,鹿児島県,肝付町,ｶｺﾞｼﾏｹﾝ,ｷﾓﾂｷﾁｮｳ,http://kimotsuki-town.jp/,http://kimotsuki-town.jp/1110.htm,,,
465011,鹿児島県,中種子町,ｶｺﾞｼﾏｹﾝ,ﾅｶﾀﾈﾁｮｳ,http://town.nakatane.kagoshima.jp/,http://town.nakatane.kagoshima.jp/nakatane03/index.html#giketu,,,
465020,鹿児島県,南種子町,ｶｺﾞｼﾏｹﾝ,ﾐﾅﾐﾀﾈﾁｮｳ,http://www.town.minamitane.kagoshima.jp/,http://www.town.minamitane.kagoshima.jp/industry/assembly/minutes.html,,,
465054,鹿児島県,屋久島町,ｶｺﾞｼﾏｹﾝ,ﾔｸｼﾏﾁｮｳ,http://www.town.yakushima.kagoshima.jp/,http://www.town.yakushima.kagoshima.jp/info-gikaidayori/,,,
465232,鹿児島県,大和村,ｶｺﾞｼﾏｹﾝ,ﾔﾏﾄｿﾝ,https://www.vill.yamato.lg.jp/,https://www.vill.yamato.lg.jp/yamato03/yamato38.asp,,,
465241,鹿児島県,宇検村,ｶｺﾞｼﾏｹﾝ,ｳｹﾝｿﾝ,http://www.uken.net/,http://www.uken.net/index.php?oid=166&dtype=1012&pid=1,,,
465259,鹿児島県,瀬戸内町,ｶｺﾞｼﾏｹﾝ,ｾﾄｳﾁﾁｮｳ,https://www.town.setouchi.lg.jp/,https://www.town.setouchi.lg.jp/gikai/cho/chosei/gikai/gikaidayori.html,,,
465275,鹿児島県,龍郷町,ｶｺﾞｼﾏｹﾝ,ﾀﾂｺﾞｳﾁｮｳ,http://www.town.tatsugo.lg.jp/,,,,
465291,鹿児島県,喜界町,ｶｺﾞｼﾏｹﾝ,ｷｶｲﾁｮｳ,https://www.town.kikai.lg.jp/,https://www.town.kikai.lg.jp/kikai01/gikai02.asp,,,
465305,鹿児島県,徳之島町,ｶｺﾞｼﾏｹﾝ,ﾄｸﾉｼﾏﾁｮｳ,https://www.tokunoshima-town.org/,https://www.tokunoshima-town.org/gikaijimukyoku/chose/gikai/kaigiroku/index.html,,,
465313,鹿児島県,天城町,ｶｺﾞｼﾏｹﾝ,ｱﾏｷﾞﾁｮｳ,https://www.yui-amagi.com/modules/pico/,https://www.yui-amagi.com/modules/pico/index.php?cat_id=255,,,
465321,鹿児島県,伊仙町,ｶｺﾞｼﾏｹﾝ,ｲｾﾝﾁｮｳ,http://www.town.isen.kagoshima.jp/,http://www.town.isen.kagoshima.jp/minutes.php,,,
465330,鹿児島県,和泊町,ｶｺﾞｼﾏｹﾝ,ﾜﾄﾞﾏﾘﾁｮｳ,http://www.town.wadomari.lg.jp/,http://www.town.wadomari.lg.jp/assembly/default.asp,,,
465348,鹿児島県,知名町,ｶｺﾞｼﾏｹﾝ,ﾁﾅﾁｮｳ,http://www.town.china.lg.jp/,http://www.town.china.lg.jp/modules/gikai/index.php?content_id=50,,,
465356,鹿児島県,与論町,ｶｺﾞｼﾏｹﾝ,ﾖﾛﾝﾁｮｳ,http://www.yoron.jp/,http://www.yoron.jp/gikai/kiji/pub/default.aspx?c_id=84,,,
470007,沖縄県,,ｵｷﾅﾜｹﾝ,,http://www.pref.okinawa.jp/,http://www2.pref.okinawa.jp/oki/Gikairep1.nsf/,,,
472018,沖縄県,那覇市,ｵｷﾅﾜｹﾝ,ﾅﾊｼ,http://www.city.naha.okinawa.jp/,http://www.gikai.city.naha.okinawa.jp/search/index.html,,,
472051,沖縄県,宜野湾市,ｵｷﾅﾜｹﾝ,ｷﾞﾉﾜﾝｼ,http://www.city.ginowan.okinawa.jp/,http://www.kaigiroku.net/kensaku/ginowan/ginowan.html,,,
472077,沖縄県,石垣市,ｵｷﾅﾜｹﾝ,ｲｼｶﾞｷｼ,http://www.city.ishigaki.okinawa.jp/home/index.php,http://www.kaigiroku.net/kensaku/ishigaki/ishigaki.html,,,
472085,沖縄県,浦添市,ｵｷﾅﾜｹﾝ,ｳﾗｿｴｼ,http://www.city.urasoe.lg.jp/,http://www.kaigiroku.net/kensaku/urasoe/urasoe.html,,,
472093,沖縄県,名護市,ｵｷﾅﾜｹﾝ,ﾅｺﾞｼ,http://www.city.nago.okinawa.jp/index.html,http://www.kaigiroku.net/kensaku/nago/nago.html,,,
472107,沖縄県,糸満市,ｵｷﾅﾜｹﾝ,ｲﾄﾏﾝｼ,http://www.city.itoman.lg.jp/,http://www.kaigiroku.net/kensaku/itoman/itoman.html,,,
472115,沖縄県,沖縄市,ｵｷﾅﾜｹﾝ,ｵｷﾅﾜｼ,http://www.city.okinawa.okinawa.jp/,http://www.kaigiroku.net/kensaku/okinawa/okinawa.html,,,
472123,沖縄県,豊見城市,ｵｷﾅﾜｹﾝ,ﾄﾐｸﾞｽｸｼ,http://www.city.tomigusuku.okinawa.jp/,http://www.kaigiroku.net/kensaku/tomigusuku/tomigusuku.html,,,
472131,沖縄県,うるま市,ｵｷﾅﾜｹﾝ,ｳﾙﾏｼ,http://www.city.uruma.lg.jp/,http://www1.g-reiki.net/uruma/reiki_menu.html,,,
472140,沖縄県,宮古島市,ｵｷﾅﾜｹﾝ,ﾐﾔｺｼﾞﾏｼ,http://www.city.miyakojima.lg.jp/,http://www.kaigiroku.net/kensaku/miyakojima/miyakojima.html,,,
472158,沖縄県,南城市,ｵｷﾅﾜｹﾝ,ﾅﾝｼﾞｮｳｼ,http://www.city.nanjo.okinawa.jp/,http://www.kaigiroku.net/kensaku/nanjo/nanjo.html,,,
473014,沖縄県,国頭村,ｵｷﾅﾜｹﾝ,ｸﾆｶﾞﾐｿﾝ,http://www.vill.kunigami.okinawa.jp/,http://www.vill.kunigami.okinawa.jp/category/songikai/,,,
473022,沖縄県,大宜味村,ｵｷﾅﾜｹﾝ,ｵｵｷﾞﾐｿﾝ,http://www.vill.ogimi.okinawa.jp/,http://gikai.vill.ogimi.okinawa.jp/gikai/result.html,,,
473031,沖縄県,東村,ｵｷﾅﾜｹﾝ,ﾋｶﾞｼｿﾝ,http://www.vill.higashi.okinawa.jp/index.jsp,http://www.kaigiroku.net/kensaku/higashi/higashi.html,,,
473065,沖縄県,今帰仁村,ｵｷﾅﾜｹﾝ,ﾅｷｼﾞﾝｿﾝ,http://www.nakijin.jp/,http://www.nakijin.jp/nakijin.nsf/doc/ｇｉｋａｉ?OpenDocument,,,
473081,沖縄県,本部町,ｵｷﾅﾜｹﾝ,ﾓﾄﾌﾞﾁｮｳ,http://www.town.motobu.okinawa.jp/,http://www.town.motobu.okinawa.jp/gikainoshikumi/kaigiroku,,,
473111,沖縄県,恩納村,ｵｷﾅﾜｹﾝ,ｵﾝﾅｿﾝ,http://www.vill.onna.okinawa.jp/,http://www.kaigiroku.net/kensaku/onna/onna.html,,,
473138,沖縄県,宜野座村,ｵｷﾅﾜｹﾝ,ｷﾞﾉｻﾞｿﾝ,http://www.vill.ginoza.okinawa.jp/,http://www.kaigiroku.net/kensaku/ginoza/ginoza.html,,,
473146,沖縄県,金武町,ｵｷﾅﾜｹﾝ,ｷﾝﾁｮｳ,http://www.town.kin.okinawa.jp/,http://gikai.town.kin.okinawa.jp/kinchou/kensaku/,,,
473154,沖縄県,伊江村,ｵｷﾅﾜｹﾝ,ｲｴｿﾝ,http://www.iejima.org/,http://iegikai.iejima.org/?cat=4,,,
473243,沖縄県,読谷村,ｵｷﾅﾜｹﾝ,ﾖﾐﾀﾝｿﾝ,http://www.vill.yomitan.okinawa.jp/,http://www.kaigiroku.net/kensaku/yomitan/yomitan.html,,,
473251,沖縄県,嘉手納町,ｵｷﾅﾜｹﾝ,ｶﾃﾞﾅﾁｮｳ,http://www.town.kadena.okinawa.jp/,http://www.kaigiroku.net/kensaku/kadena/kadena.html,,,
473260,沖縄県,北谷町,ｵｷﾅﾜｹﾝ,ﾁﾔﾀﾝﾁｮｳ,http://www.chatan.jp/,http://www.kaigiroku.net/kensaku/chatan/chatan.html,,,
473278,沖縄県,北中城村,ｵｷﾅﾜｹﾝ,ｷﾀﾅｶｸﾞｽｸｿﾝ,http://www.vill.kitanakagusuku.lg.jp/site/view/index.jsp,http://www.vill.kitanakagusuku.lg.jp/site/view/contview.jsp?cateid=25&id=270&page=1,,,
473286,沖縄県,中城村,ｵｷﾅﾜｹﾝ,ﾅｶｸﾞｽｸｿﾝ,http://www.vill.nakagusuku.okinawa.jp/index.jsp,http://www.vill.nakagusuku.okinawa.jp/list_typeA.jsp?menuid=11501&funcid=2,,,
473294,沖縄県,西原町,ｵｷﾅﾜｹﾝ,ﾆｼﾊﾗﾁｮｳ,http://www.town.nishihara.okinawa.jp/,http://www.kaigiroku.net/kensaku/nishihara/nishihara.html,,,
473481,沖縄県,与那原町,ｵｷﾅﾜｹﾝ,ﾖﾅﾊﾞﾙﾁｮｳ,http://www.town.yonabaru.okinawa.jp/,http://www.kaigiroku.net/kensaku/yonabaru/yonabaru.html,,,
473502,沖縄県,南風原町,ｵｷﾅﾜｹﾝ,ﾊｴﾊﾞﾙﾁｮｳ,http://www.town.haebaru.lg.jp/,http://www2.town.haebaru.lg.jp/gijiroku.nsf/main?OpenFrameSet,,,
473537,沖縄県,渡嘉敷村,ｵｷﾅﾜｹﾝ,ﾄｶｼｷｿﾝ,http://www.vill.tokashiki.okinawa.jp/,http://www.vill.tokashiki.okinawa.jp/archives/category/gikai,,,
473545,沖縄県,座間味村,ｵｷﾅﾜｹﾝ,ｻﾞﾏﾐｿﾝ,http://www.vill.zamami.okinawa.jp/,http://www.vill.zamami.okinawa.jp/info/kaigiroku.html,,,
473553,沖縄県,粟国村,ｵｷﾅﾜｹﾝ,ｱｸﾞﾆｿﾝ,http://www.vill.aguni.okinawa.jp/,,,,
473561,沖縄県,渡名喜村,ｵｷﾅﾜｹﾝ,ﾄﾅｷｿﾝ,http://www.vill.tonaki.okinawa.jp/index.jsp,,,,
473570,沖縄県,南大東村,ｵｷﾅﾜｹﾝ,ﾐﾅﾐﾀﾞｲﾄｳｿﾝ,http://www.vill.minamidaito.okinawa.jp/,,,,
473588,沖縄県,北大東村,ｵｷﾅﾜｹﾝ,ｷﾀﾀﾞｲﾄｳｿﾝ,http://vill.kitadaito.okinawa.jp/top_flash.html,,,,
473596,沖縄県,伊平屋村,ｵｷﾅﾜｹﾝ,ｲﾍﾔｿﾝ,http://www.vill.iheya.okinawa.jp/,,,,
473600,沖縄県,伊是名村,ｵｷﾅﾜｹﾝ,ｲｾﾞﾅｿﾝ,http://vill.izena.okinawa.jp/,http://vill.izena.okinawa.jp/izena/archives/3258,,,
473618,沖縄県,久米島町,ｵｷﾅﾜｹﾝ,ｸﾒｼﾞﾏﾁｮｳ,http://www.town.kumejima.okinawa.jp/,http://www.town.kumejima.okinawa.jp/townoutline/assembly/parliamentary_minutes_h26.html,,,
473626,沖縄県,八重瀬町,ｵｷﾅﾜｹﾝ,ﾔｴｾﾁｮｳ,http://www.town.yaese.lg.jp/,http://www.kaigiroku.net/kensaku/gushikami/gushikami.html,,,
473758,沖縄県,多良間村,ｵｷﾅﾜｹﾝ,ﾀﾗﾏｿﾝ,http://www.vill.tarama.okinawa.jp/,,,,
473812,沖縄県,竹富町,ｵｷﾅﾜｹﾝ,ﾀｹﾄﾐﾁｮｳ,http://www.town.taketomi.lg.jp/,http://www.town.taketomi.lg.jp/division/index.php?content_id=445,,,
473821,沖縄県,与那国町,ｵｷﾅﾜｹﾝ,ﾖﾅｸﾞﾆﾁｮｳ,http://www.town.yonaguni.okinawa.jp/,,,,