jurisdiction_code,direction,fund,kan_code,kou_name,kou_code,fiscal_year_from,fiscal_year_to,kind,master_kan_code,master_kou_code,basis
132047,expenditure,,01,,,,,map,1,,款名「議会費」がマスタと一致
132047,expenditure,,02,,,,,map,2,,款名「総務費」がマスタと一致
132047,expenditure,,03,,,,,map,3,,款名「民生費」がマスタと一致
132047,expenditure,,04,,,,,map,4,,款名「衛生費」がマスタと一致
132047,expenditure,,05,,,,,map,5,,款名「労働費」がマスタと一致
132047,expenditure,,06,,,,,map,6,,原典の款名は「農林費」。マスタは「農林水産業費」。水産業費・林業費の項を持たない市の略称と読む。項「農業費」がマスタの款6の項と一致することが裏づけ
132047,expenditure,,07,,,,,map,7,,款名「商工費」がマスタと一致
132047,expenditure,,08,,,,,map,8,,款名「土木費」がマスタと一致
132047,expenditure,,09,,,,,map,9,,款名「消防費」がマスタと一致
132047,expenditure,,10,,,,,map,10,,款名「教育費」がマスタと一致
132047,expenditure,,11,,,,,map,12,,款名「公債費」。**コードは法定とずれる** — 法定の款11は災害復旧費で、災害復旧費を持たないため以降が詰まっている
132047,expenditure,,12,,,2020,,map,14,,款名「予備費」。法定の款14。災害復旧費（11）と諸支出金（13）を持たないため2つ詰まっている
132195,expenditure,,1,,,,,map,1,,款名「議会費」（決算書 PDF の見出しから解決）がマスタと一致
132195,expenditure,,2,,,,,map,2,,款名「総務費」がマスタと一致
132195,expenditure,,3,,,,,map,3,,款名「民生費」がマスタと一致
132195,expenditure,,4,,,,,map,4,,款名「衛生費」がマスタと一致
132195,expenditure,,5,,,,,map,5,,款名「労働費」がマスタと一致
132195,expenditure,,6,,,,,map,6,,PDF の款名は「農業費」。マスタは「農林水産業費」。林業費・水産業費の項を持たない市の略称と読む。項「農業費」がマスタの款6の項と一致することが裏づけ
132195,expenditure,,7,,,,,map,7,,款名「商工費」がマスタと一致
132195,expenditure,,8,,,,,map,8,,款名「土木費」がマスタと一致
132195,expenditure,,9,,,,,map,9,,款名「消防費」がマスタと一致
132195,expenditure,,10,,,,,map,10,,款名「教育費」がマスタと一致
132195,expenditure,,11,,,,,map,12,,款名「公債費」。**コードは法定とずれる** — 法定の款11は災害復旧費で、災害復旧費を持たないため以降が詰まっている
132195,expenditure,,12,,,,,map,13,,款名「諸支出金」。法定の款13
132195,expenditure,,13,,,,,map,14,,款名「予備費」。法定の款14
132047,expenditure,,08,道路橋梁費,,,,map,8,2,マスタの表記は「道路橋りよう費」。「梁」を仮名書きするかの表記差で同じ項
132195,expenditure,,8,道路橋りょう費,,,,map,8,2,マスタの表記は「道路橋りよう費」。拗音の大小の表記差で同じ項
132047,expenditure,,10,スポーツ推進費,,,,addition,10,,法定の項に無い。マスタの「保健体育費」に相当する領域を市が再編した区分と読めるが、同一と決める根拠が無いので追加として登録する（施行規則の備考1が行政権能の差による款・項の追加を認めている）
132047,expenditure,,10,生涯学習費,,,,addition,10,,法定の項に無い。マスタの「社会教育費」に相当する領域を市が再編した区分と読めるが、同一と決める根拠が無いので追加として登録する
132195,expenditure,,10,幼児教育費,,,,addition,10,,法定の項に無い。市の追加区分として登録する
132195,expenditure,,12,基金費,,,,addition,13,,法定の諸支出金の項（普通財産取得費・公営企業貸付金）に無い。市の追加区分として登録する
132047,revenue,,01,,,2020,,map,1,,款名「市税」。マスタの表記は「市(町村)税」（市か町村かで読み替える様式の記法）。歳入は款08（自動車取得税交付金）の分だけコードが法定から1ずれる
132047,revenue,,02,,,2020,,map,2,,款名「地方譲与税」がマスタと一致。歳入は款08（自動車取得税交付金）の分だけコードが法定から1ずれる
132047,revenue,,03,,,2020,,map,3,,款名「利子割交付金」がマスタと一致。歳入は款08（自動車取得税交付金）の分だけコードが法定から1ずれる
132047,revenue,,04,,,2020,,map,4,,款名「配当割交付金」がマスタと一致。歳入は款08（自動車取得税交付金）の分だけコードが法定から1ずれる
132047,revenue,,05,,,2020,,map,5,,款名「株式等譲渡所得割交付金」がマスタと一致。歳入は款08（自動車取得税交付金）の分だけコードが法定から1ずれる
132047,revenue,,06,,,2020,,map,6,,款名「法人事業税交付金」がマスタと一致。歳入は款08（自動車取得税交付金）の分だけコードが法定から1ずれる
132047,revenue,,07,,,2020,,map,7,,款名「地方消費税交付金」がマスタと一致。歳入は款08（自動車取得税交付金）の分だけコードが法定から1ずれる
132047,revenue,,09,,,2020,,map,8,,款名「環境性能割交付金」がマスタと一致。歳入は款08（自動車取得税交付金）の分だけコードが法定から1ずれる
132047,revenue,,10,,,2020,,map,9,,款名「地方特例交付金」がマスタと一致。歳入は款08（自動車取得税交付金）の分だけコードが法定から1ずれる
132047,revenue,,11,,,2020,,map,10,,款名「地方交付税」がマスタと一致。歳入は款08（自動車取得税交付金）の分だけコードが法定から1ずれる
132047,revenue,,12,,,2020,,map,11,,款名「交通安全対策特別交付金」がマスタと一致。歳入は款08（自動車取得税交付金）の分だけコードが法定から1ずれる
132047,revenue,,13,,,2020,,map,12,,款名「分担金及び負担金」がマスタと一致。歳入は款08（自動車取得税交付金）の分だけコードが法定から1ずれる
132047,revenue,,14,,,2020,,map,13,,款名「使用料及び手数料」がマスタと一致。歳入は款08（自動車取得税交付金）の分だけコードが法定から1ずれる
132047,revenue,,15,,,2020,,map,14,,款名「国庫支出金」がマスタと一致。歳入は款08（自動車取得税交付金）の分だけコードが法定から1ずれる
132047,revenue,,16,,,2020,,map,15,,款名「都支出金」。マスタの表記は「都(道府県)支出金」。歳入は款08（自動車取得税交付金）の分だけコードが法定から1ずれる
132047,revenue,,17,,,2020,,map,16,,款名「財産収入」がマスタと一致。歳入は款08（自動車取得税交付金）の分だけコードが法定から1ずれる
132047,revenue,,18,,,2020,,map,17,,款名「寄附金」がマスタと一致。歳入は款08（自動車取得税交付金）の分だけコードが法定から1ずれる
132047,revenue,,19,,,2020,,map,18,,款名「繰入金」がマスタと一致。歳入は款08（自動車取得税交付金）の分だけコードが法定から1ずれる
132047,revenue,,20,,,2020,,map,19,,款名「繰越金」がマスタと一致。歳入は款08（自動車取得税交付金）の分だけコードが法定から1ずれる
132047,revenue,,21,,,2020,,map,20,,款名「諸収入」がマスタと一致。歳入は款08（自動車取得税交付金）の分だけコードが法定から1ずれる
132047,revenue,,22,,,2020,,map,21,,款名「市債」。マスタの表記は「市(町村)債」。歳入は款08（自動車取得税交付金）の分だけコードが法定から1ずれる
132047,revenue,,08,,,2020,,historical,,,款名「自動車取得税交付金」。現行の法定様式に無いが団体固有の追加でもない — 2019年に廃止され環境性能割交付金へ移行した旧法定区分。収録が平成28年度からなので残っている
132047,revenue,,01,市民税,,2020,,map,1,1,マスタの表記は「市町村民税」。マスタの「市(町村)」「都(道府県)」は市か町村か（都か道府県か）で読み替える様式の記法。市の読みで同じ項
132047,revenue,,01,市たばこ税,,2020,,map,1,4,マスタの表記は「市町村たばこ税」。マスタの「市(町村)」「都(道府県)」は市か町村か（都か道府県か）で読み替える様式の記法。市の読みで同じ項
132047,revenue,,16,都負担金,,2020,,map,15,1,マスタの表記は「都(道府県)負担金」。マスタの「市(町村)」「都(道府県)」は市か町村か（都か道府県か）で読み替える様式の記法。市の読みで同じ項
132047,revenue,,16,都補助金,,2020,,map,15,2,マスタの表記は「都(道府県)補助金」。マスタの「市(町村)」「都(道府県)」は市か町村か（都か道府県か）で読み替える様式の記法。市の読みで同じ項
132047,revenue,,21,市預金利子,,2020,,map,20,2,マスタの表記は「市(町村)預金利子」。マスタの「市(町村)」「都(道府県)」は市か町村か（都か道府県か）で読み替える様式の記法。市の読みで同じ項
132047,revenue,,22,市債,,2020,,map,21,1,マスタの表記は「市(町村)債」。マスタの「市(町村)」「都(道府県)」は市か町村か（都か道府県か）で読み替える様式の記法。市の読みで同じ項
132047,revenue,,02,航空機燃料譲与税,,2020,,addition,2,,法定の地方譲与税の項に無いが、様式の歳入の備考が航空機燃料譲与税法第1条の空港関係市町村に項の追加を認めている。その条件付き追加
132047,revenue,,10,新型コロナウイルス感染症対策地方税減収補填特別交付金,,2020,,addition,9,,現行の法定様式に無い時限の交付金（令和2年度の税制対応）。地方特例交付金の款の下に市が計上した区分
132195,revenue,,1,,,2020,,map,1,,款名「市税」。マスタの表記は「市(町村)税」。名称の根拠は 2023年度の歳入事項別明細（決算資料 PDF、テキスト抽出・調定額79/79一致）。⚠️ **2020年度以降に限る** — 2018〜2019年度は歳入の款体系が別（20〜21款構成で款コードの意味が違う）で、名称を確認できる資料も無い。款の意味が2020〜2023で同じことは、款ごとの節名称の集合が全22款で2023と重なることで裏づけた（2026-08-24 実測）
132195,revenue,,2,,,2020,,map,2,,款名「地方譲与税」がマスタと一致。名称の根拠は 2023年度の歳入事項別明細（決算資料 PDF、テキスト抽出・調定額79/79一致）。⚠️ **2020年度以降に限る** — 2018〜2019年度は歳入の款体系が別（20〜21款構成で款コードの意味が違う）で、名称を確認できる資料も無い。款の意味が2020〜2023で同じことは、款ごとの節名称の集合が全22款で2023と重なることで裏づけた（2026-08-24 実測）
132195,revenue,,3,,,2020,,map,3,,款名「利子割交付金」がマスタと一致。名称の根拠は 2023年度の歳入事項別明細（決算資料 PDF、テキスト抽出・調定額79/79一致）。⚠️ **2020年度以降に限る** — 2018〜2019年度は歳入の款体系が別（20〜21款構成で款コードの意味が違う）で、名称を確認できる資料も無い。款の意味が2020〜2023で同じことは、款ごとの節名称の集合が全22款で2023と重なることで裏づけた（2026-08-24 実測）
132195,revenue,,4,,,2020,,map,4,,款名「配当割交付金」がマスタと一致。名称の根拠は 2023年度の歳入事項別明細（決算資料 PDF、テキスト抽出・調定額79/79一致）。⚠️ **2020年度以降に限る** — 2018〜2019年度は歳入の款体系が別（20〜21款構成で款コードの意味が違う）で、名称を確認できる資料も無い。款の意味が2020〜2023で同じことは、款ごとの節名称の集合が全22款で2023と重なることで裏づけた（2026-08-24 実測）
132195,revenue,,5,,,2020,,map,5,,款名「株式等譲渡所得割交付金」がマスタと一致。名称の根拠は 2023年度の歳入事項別明細（決算資料 PDF、テキスト抽出・調定額79/79一致）。⚠️ **2020年度以降に限る** — 2018〜2019年度は歳入の款体系が別（20〜21款構成で款コードの意味が違う）で、名称を確認できる資料も無い。款の意味が2020〜2023で同じことは、款ごとの節名称の集合が全22款で2023と重なることで裏づけた（2026-08-24 実測）
132195,revenue,,6,,,2020,,map,6,,款名「法人事業税交付金」がマスタと一致。名称の根拠は 2023年度の歳入事項別明細（決算資料 PDF、テキスト抽出・調定額79/79一致）。⚠️ **2020年度以降に限る** — 2018〜2019年度は歳入の款体系が別（20〜21款構成で款コードの意味が違う）で、名称を確認できる資料も無い。款の意味が2020〜2023で同じことは、款ごとの節名称の集合が全22款で2023と重なることで裏づけた（2026-08-24 実測）
132195,revenue,,7,,,2020,,map,7,,款名「地方消費税交付金」がマスタと一致。名称の根拠は 2023年度の歳入事項別明細（決算資料 PDF、テキスト抽出・調定額79/79一致）。⚠️ **2020年度以降に限る** — 2018〜2019年度は歳入の款体系が別（20〜21款構成で款コードの意味が違う）で、名称を確認できる資料も無い。款の意味が2020〜2023で同じことは、款ごとの節名称の集合が全22款で2023と重なることで裏づけた（2026-08-24 実測）
132195,revenue,,9,,,2020,,map,8,,款名「環境性能割交付金」がマスタと一致。名称の根拠は 2023年度の歳入事項別明細（決算資料 PDF、テキスト抽出・調定額79/79一致）。⚠️ **2020年度以降に限る** — 2018〜2019年度は歳入の款体系が別（20〜21款構成で款コードの意味が違う）で、名称を確認できる資料も無い。款の意味が2020〜2023で同じことは、款ごとの節名称の集合が全22款で2023と重なることで裏づけた（2026-08-24 実測）
132195,revenue,,10,,,2020,,map,9,,款名「地方特例交付金」がマスタと一致。名称の根拠は 2023年度の歳入事項別明細（決算資料 PDF、テキスト抽出・調定額79/79一致）。⚠️ **2020年度以降に限る** — 2018〜2019年度は歳入の款体系が別（20〜21款構成で款コードの意味が違う）で、名称を確認できる資料も無い。款の意味が2020〜2023で同じことは、款ごとの節名称の集合が全22款で2023と重なることで裏づけた（2026-08-24 実測）
132195,revenue,,11,,,2020,,map,10,,款名「地方交付税」がマスタと一致。名称の根拠は 2023年度の歳入事項別明細（決算資料 PDF、テキスト抽出・調定額79/79一致）。⚠️ **2020年度以降に限る** — 2018〜2019年度は歳入の款体系が別（20〜21款構成で款コードの意味が違う）で、名称を確認できる資料も無い。款の意味が2020〜2023で同じことは、款ごとの節名称の集合が全22款で2023と重なることで裏づけた（2026-08-24 実測）
132195,revenue,,12,,,2020,,map,11,,款名「交通安全対策特別交付金」がマスタと一致。名称の根拠は 2023年度の歳入事項別明細（決算資料 PDF、テキスト抽出・調定額79/79一致）。⚠️ **2020年度以降に限る** — 2018〜2019年度は歳入の款体系が別（20〜21款構成で款コードの意味が違う）で、名称を確認できる資料も無い。款の意味が2020〜2023で同じことは、款ごとの節名称の集合が全22款で2023と重なることで裏づけた（2026-08-24 実測）
132195,revenue,,13,,,2020,,map,12,,款名「分担金及び負担金」がマスタと一致。名称の根拠は 2023年度の歳入事項別明細（決算資料 PDF、テキスト抽出・調定額79/79一致）。⚠️ **2020年度以降に限る** — 2018〜2019年度は歳入の款体系が別（20〜21款構成で款コードの意味が違う）で、名称を確認できる資料も無い。款の意味が2020〜2023で同じことは、款ごとの節名称の集合が全22款で2023と重なることで裏づけた（2026-08-24 実測）
132195,revenue,,14,,,2020,,map,13,,款名「使用料及び手数料」がマスタと一致。名称の根拠は 2023年度の歳入事項別明細（決算資料 PDF、テキスト抽出・調定額79/79一致）。⚠️ **2020年度以降に限る** — 2018〜2019年度は歳入の款体系が別（20〜21款構成で款コードの意味が違う）で、名称を確認できる資料も無い。款の意味が2020〜2023で同じことは、款ごとの節名称の集合が全22款で2023と重なることで裏づけた（2026-08-24 実測）
132195,revenue,,15,,,2020,,map,14,,款名「国庫支出金」がマスタと一致。名称の根拠は 2023年度の歳入事項別明細（決算資料 PDF、テキスト抽出・調定額79/79一致）。⚠️ **2020年度以降に限る** — 2018〜2019年度は歳入の款体系が別（20〜21款構成で款コードの意味が違う）で、名称を確認できる資料も無い。款の意味が2020〜2023で同じことは、款ごとの節名称の集合が全22款で2023と重なることで裏づけた（2026-08-24 実測）
132195,revenue,,16,,,2020,,map,15,,款名「都支出金」。マスタの表記は「都(道府県)支出金」。名称の根拠は 2023年度の歳入事項別明細（決算資料 PDF、テキスト抽出・調定額79/79一致）。⚠️ **2020年度以降に限る** — 2018〜2019年度は歳入の款体系が別（20〜21款構成で款コードの意味が違う）で、名称を確認できる資料も無い。款の意味が2020〜2023で同じことは、款ごとの節名称の集合が全22款で2023と重なることで裏づけた（2026-08-24 実測）
132195,revenue,,17,,,2020,,map,16,,款名「財産収入」がマスタと一致。名称の根拠は 2023年度の歳入事項別明細（決算資料 PDF、テキスト抽出・調定額79/79一致）。⚠️ **2020年度以降に限る** — 2018〜2019年度は歳入の款体系が別（20〜21款構成で款コードの意味が違う）で、名称を確認できる資料も無い。款の意味が2020〜2023で同じことは、款ごとの節名称の集合が全22款で2023と重なることで裏づけた（2026-08-24 実測）
132195,revenue,,18,,,2020,,map,17,,款名「寄附金」がマスタと一致。名称の根拠は 2023年度の歳入事項別明細（決算資料 PDF、テキスト抽出・調定額79/79一致）。⚠️ **2020年度以降に限る** — 2018〜2019年度は歳入の款体系が別（20〜21款構成で款コードの意味が違う）で、名称を確認できる資料も無い。款の意味が2020〜2023で同じことは、款ごとの節名称の集合が全22款で2023と重なることで裏づけた（2026-08-24 実測）
132195,revenue,,19,,,2020,,map,18,,款名「繰入金」がマスタと一致。名称の根拠は 2023年度の歳入事項別明細（決算資料 PDF、テキスト抽出・調定額79/79一致）。⚠️ **2020年度以降に限る** — 2018〜2019年度は歳入の款体系が別（20〜21款構成で款コードの意味が違う）で、名称を確認できる資料も無い。款の意味が2020〜2023で同じことは、款ごとの節名称の集合が全22款で2023と重なることで裏づけた（2026-08-24 実測）
132195,revenue,,20,,,2020,,map,19,,款名「繰越金」がマスタと一致。名称の根拠は 2023年度の歳入事項別明細（決算資料 PDF、テキスト抽出・調定額79/79一致）。⚠️ **2020年度以降に限る** — 2018〜2019年度は歳入の款体系が別（20〜21款構成で款コードの意味が違う）で、名称を確認できる資料も無い。款の意味が2020〜2023で同じことは、款ごとの節名称の集合が全22款で2023と重なることで裏づけた（2026-08-24 実測）
132195,revenue,,21,,,2020,,map,20,,款名「諸収入」がマスタと一致。名称の根拠は 2023年度の歳入事項別明細（決算資料 PDF、テキスト抽出・調定額79/79一致）。⚠️ **2020年度以降に限る** — 2018〜2019年度は歳入の款体系が別（20〜21款構成で款コードの意味が違う）で、名称を確認できる資料も無い。款の意味が2020〜2023で同じことは、款ごとの節名称の集合が全22款で2023と重なることで裏づけた（2026-08-24 実測）
132195,revenue,,22,,,2020,,map,21,,款名「市債」。マスタの表記は「市(町村)債」。名称の根拠は 2023年度の歳入事項別明細（決算資料 PDF、テキスト抽出・調定額79/79一致）。⚠️ **2020年度以降に限る** — 2018〜2019年度は歳入の款体系が別（20〜21款構成で款コードの意味が違う）で、名称を確認できる資料も無い。款の意味が2020〜2023で同じことは、款ごとの節名称の集合が全22款で2023と重なることで裏づけた（2026-08-24 実測）
132195,revenue,,8,,,2020,,historical,,,款名「旧法による自動車取得税交付金」（2023年度の歳入事項別明細で確認）。2019年廃止の旧法定区分の経過措置で、現行の法定様式に無い
132195,revenue,,1,市民税,,2020,,map,1,1,マスタの表記は「市町村民税」。マスタの「市(町村)」「都(道府県)」は市か町村かで読み替える様式の記法。市の読みで同じ項
132195,revenue,,1,市たばこ税,,2020,,map,1,4,マスタの表記は「市町村たばこ税」。マスタの「市(町村)」「都(道府県)」は市か町村かで読み替える様式の記法。市の読みで同じ項
132195,revenue,,16,都負担金,,2020,,map,15,1,マスタの表記は「都(道府県)負担金」。マスタの「市(町村)」「都(道府県)」は市か町村かで読み替える様式の記法。市の読みで同じ項
132195,revenue,,16,都補助金,,2020,,map,15,2,マスタの表記は「都(道府県)補助金」。マスタの「市(町村)」「都(道府県)」は市か町村かで読み替える様式の記法。市の読みで同じ項
132195,revenue,,21,市預金利子,,2020,,map,20,2,マスタの表記は「市(町村)預金利子」。マスタの「市(町村)」「都(道府県)」は市か町村かで読み替える様式の記法。市の読みで同じ項
132195,revenue,,22,市債,,2020,,map,21,1,マスタの表記は「市(町村)債」。マスタの「市(町村)」「都(道府県)」は市か町村かで読み替える様式の記法。市の読みで同じ項
132195,revenue,,19,繰入金,,2020,,addition,18,,法定は繰入金の項を特別会計・基金・財産区に分けるが、狛江市は「繰入金」1項に畳んでいる。どの法定の項と同じとも決められないので追加として登録する
132195,revenue,,10,新型コロナウイルス感染症対策地方税減収補てん特別交付金,,2020,,addition,9,,現行の法定様式に無い時限の交付金（令和2年度の税制対応）。地方特例交付金の款の下に市が計上した区分（表記は「補てん」。三鷹市は「補填」で同種の項を持つ）
132241,revenue,,01,,,,,map,1,,款名「市税」。マスタの表記は「市(町村)税」（市か町村かで読み替える様式の記法）。款のコードが法定から2つずれるのは様式の歳入の備考2による読み替えで、ゴルフ場所在市町村と国有提供施設等所在市町村助成交付金の適用市町村に当たるため2款が挿入されている
132241,revenue,,1,,,,,map,1,,款名「市税」。マスタの表記は「市(町村)税」（市か町村かで読み替える様式の記法）。款のコードが法定から2つずれるのは様式の歳入の備考2による読み替えで、ゴルフ場所在市町村と国有提供施設等所在市町村助成交付金の適用市町村に当たるため2款が挿入されている
132241,revenue,,2,,,,,map,2,,款名「地方譲与税」がマスタと一致。款のコードが法定から2つずれるのは様式の歳入の備考2による読み替えで、ゴルフ場所在市町村と国有提供施設等所在市町村助成交付金の適用市町村に当たるため2款が挿入されている
132241,revenue,,02,,,,,map,2,,款名「地方譲与税」がマスタと一致。款のコードが法定から2つずれるのは様式の歳入の備考2による読み替えで、ゴルフ場所在市町村と国有提供施設等所在市町村助成交付金の適用市町村に当たるため2款が挿入されている
132241,revenue,,3,,,,,map,3,,款名「利子割交付金」がマスタと一致。款のコードが法定から2つずれるのは様式の歳入の備考2による読み替えで、ゴルフ場所在市町村と国有提供施設等所在市町村助成交付金の適用市町村に当たるため2款が挿入されている
132241,revenue,,03,,,,,map,3,,款名「利子割交付金」がマスタと一致。款のコードが法定から2つずれるのは様式の歳入の備考2による読み替えで、ゴルフ場所在市町村と国有提供施設等所在市町村助成交付金の適用市町村に当たるため2款が挿入されている
132241,revenue,,4,,,,,map,4,,款名「配当割交付金」がマスタと一致。款のコードが法定から2つずれるのは様式の歳入の備考2による読み替えで、ゴルフ場所在市町村と国有提供施設等所在市町村助成交付金の適用市町村に当たるため2款が挿入されている
132241,revenue,,04,,,,,map,4,,款名「配当割交付金」がマスタと一致。款のコードが法定から2つずれるのは様式の歳入の備考2による読み替えで、ゴルフ場所在市町村と国有提供施設等所在市町村助成交付金の適用市町村に当たるため2款が挿入されている
132241,revenue,,05,,,,,map,5,,款名「株式等譲渡所得割交付金」がマスタと一致。款のコードが法定から2つずれるのは様式の歳入の備考2による読み替えで、ゴルフ場所在市町村と国有提供施設等所在市町村助成交付金の適用市町村に当たるため2款が挿入されている
132241,revenue,,5,,,,,map,5,,款名「株式等譲渡所得割交付金」がマスタと一致。款のコードが法定から2つずれるのは様式の歳入の備考2による読み替えで、ゴルフ場所在市町村と国有提供施設等所在市町村助成交付金の適用市町村に当たるため2款が挿入されている
132241,revenue,,6,,,,,map,6,,款名「法人事業税交付金」がマスタと一致。款のコードが法定から2つずれるのは様式の歳入の備考2による読み替えで、ゴルフ場所在市町村と国有提供施設等所在市町村助成交付金の適用市町村に当たるため2款が挿入されている
132241,revenue,,06,,,,,map,6,,款名「法人事業税交付金」がマスタと一致。款のコードが法定から2つずれるのは様式の歳入の備考2による読み替えで、ゴルフ場所在市町村と国有提供施設等所在市町村助成交付金の適用市町村に当たるため2款が挿入されている
132241,revenue,,07,,,,,map,7,,款名「地方消費税交付金」がマスタと一致。款のコードが法定から2つずれるのは様式の歳入の備考2による読み替えで、ゴルフ場所在市町村と国有提供施設等所在市町村助成交付金の適用市町村に当たるため2款が挿入されている
132241,revenue,,7,,,,,map,7,,款名「地方消費税交付金」がマスタと一致。款のコードが法定から2つずれるのは様式の歳入の備考2による読み替えで、ゴルフ場所在市町村と国有提供施設等所在市町村助成交付金の適用市町村に当たるため2款が挿入されている
132241,revenue,,9,,,,,map,8,,款名「環境性能割交付金」がマスタと一致。款のコードが法定から2つずれるのは様式の歳入の備考2による読み替えで、ゴルフ場所在市町村と国有提供施設等所在市町村助成交付金の適用市町村に当たるため2款が挿入されている
132241,revenue,,09,,,,,map,8,,款名「環境性能割交付金」がマスタと一致。款のコードが法定から2つずれるのは様式の歳入の備考2による読み替えで、ゴルフ場所在市町村と国有提供施設等所在市町村助成交付金の適用市町村に当たるため2款が挿入されている
132241,revenue,,11,,,,,map,9,,款名「地方特例交付金」がマスタと一致。款のコードが法定から2つずれるのは様式の歳入の備考2による読み替えで、ゴルフ場所在市町村と国有提供施設等所在市町村助成交付金の適用市町村に当たるため2款が挿入されている
132241,revenue,,12,,,,,map,10,,款名「地方交付税」がマスタと一致。款のコードが法定から2つずれるのは様式の歳入の備考2による読み替えで、ゴルフ場所在市町村と国有提供施設等所在市町村助成交付金の適用市町村に当たるため2款が挿入されている
132241,revenue,,13,,,,,map,11,,款名「交通安全対策特別交付金」がマスタと一致。款のコードが法定から2つずれるのは様式の歳入の備考2による読み替えで、ゴルフ場所在市町村と国有提供施設等所在市町村助成交付金の適用市町村に当たるため2款が挿入されている
132241,revenue,,14,,,,,map,12,,款名「分担金及び負担金」がマスタと一致。款のコードが法定から2つずれるのは様式の歳入の備考2による読み替えで、ゴルフ場所在市町村と国有提供施設等所在市町村助成交付金の適用市町村に当たるため2款が挿入されている
132241,revenue,,15,,,,,map,13,,款名「使用料及び手数料」がマスタと一致。款のコードが法定から2つずれるのは様式の歳入の備考2による読み替えで、ゴルフ場所在市町村と国有提供施設等所在市町村助成交付金の適用市町村に当たるため2款が挿入されている
132241,revenue,,16,,,,,map,14,,款名「国庫支出金」がマスタと一致。款のコードが法定から2つずれるのは様式の歳入の備考2による読み替えで、ゴルフ場所在市町村と国有提供施設等所在市町村助成交付金の適用市町村に当たるため2款が挿入されている
132241,revenue,,17,,,,,map,15,,款名「都支出金」。マスタの表記は「都(道府県)支出金」。款のコードが法定から2つずれるのは様式の歳入の備考2による読み替えで、ゴルフ場所在市町村と国有提供施設等所在市町村助成交付金の適用市町村に当たるため2款が挿入されている
132241,revenue,,18,,,,,map,16,,款名「財産収入」がマスタと一致。款のコードが法定から2つずれるのは様式の歳入の備考2による読み替えで、ゴルフ場所在市町村と国有提供施設等所在市町村助成交付金の適用市町村に当たるため2款が挿入されている
132241,revenue,,19,,,,,map,17,,款名「寄附金」がマスタと一致。款のコードが法定から2つずれるのは様式の歳入の備考2による読み替えで、ゴルフ場所在市町村と国有提供施設等所在市町村助成交付金の適用市町村に当たるため2款が挿入されている
132241,revenue,,20,,,,,map,18,,款名「繰入金」がマスタと一致。款のコードが法定から2つずれるのは様式の歳入の備考2による読み替えで、ゴルフ場所在市町村と国有提供施設等所在市町村助成交付金の適用市町村に当たるため2款が挿入されている
132241,revenue,,21,,,,,map,19,,款名「繰越金」がマスタと一致。款のコードが法定から2つずれるのは様式の歳入の備考2による読み替えで、ゴルフ場所在市町村と国有提供施設等所在市町村助成交付金の適用市町村に当たるため2款が挿入されている
132241,revenue,,22,,,,,map,20,,款名「諸収入」がマスタと一致。款のコードが法定から2つずれるのは様式の歳入の備考2による読み替えで、ゴルフ場所在市町村と国有提供施設等所在市町村助成交付金の適用市町村に当たるため2款が挿入されている
132241,revenue,,23,,,,,map,21,,款名「市債」。マスタの表記は「市(町村)債」。款のコードが法定から2つずれるのは様式の歳入の備考2による読み替えで、ゴルフ場所在市町村と国有提供施設等所在市町村助成交付金の適用市町村に当たるため2款が挿入されている
132241,revenue,,8,,,,,addition,,,ゴルフ場利用税交付金。基本の表に無いが様式の歳入の備考2が地方税法第103条のゴルフ場所在市町村に款の挿入を認めている。その条件付き追加なので対応先のマスタが無い
132241,revenue,,08,,,,,addition,,,ゴルフ場利用税交付金。基本の表に無いが様式の歳入の備考2が地方税法第103条のゴルフ場所在市町村に款の挿入を認めている。その条件付き追加なので対応先のマスタが無い
132241,revenue,,10,,,,,addition,,,国有提供施設等所在市町村助成交付金。基本の表に無いが様式の歳入の備考2が同法第1項の適用市町村に款の挿入を認めている。その条件付き追加なので対応先のマスタが無い
132241,expenditure,,01,,,,,map,1,,款名「議会費」がマスタと一致
132241,expenditure,,1,,,,,map,1,,款名「議会費」がマスタと一致
132241,expenditure,,2,,,,,map,2,,款名「総務費」がマスタと一致
132241,expenditure,,02,,,,,map,2,,款名「総務費」がマスタと一致
132241,expenditure,,3,,,,,map,3,,款名「民生費」がマスタと一致
132241,expenditure,,03,,,,,map,3,,款名「民生費」がマスタと一致
132241,expenditure,,4,,,,,map,4,,款名「衛生費」がマスタと一致
132241,expenditure,,04,,,,,map,4,,款名「衛生費」がマスタと一致
132241,expenditure,,05,,,,,map,5,,款名「労働費」がマスタと一致
132241,expenditure,,5,,,,,map,5,,款名「労働費」がマスタと一致
132241,expenditure,,6,,,,,map,6,,款名「農林業費」。マスタの表記は「農林水産業費」。多摩市に水産業の項が無く名称を短くしているだけで同じ款
132241,expenditure,,06,,,,,map,6,,款名「農林業費」。マスタの表記は「農林水産業費」。多摩市に水産業の項が無く名称を短くしているだけで同じ款
132241,expenditure,,07,,,,,map,7,,款名「商工費」がマスタと一致
132241,expenditure,,7,,,,,map,7,,款名「商工費」がマスタと一致
132241,expenditure,,8,,,,,map,8,,款名「土木費」がマスタと一致
132241,expenditure,,08,,,,,map,8,,款名「土木費」がマスタと一致
132241,expenditure,,9,,,,,map,9,,款名「消防費」がマスタと一致
132241,expenditure,,09,,,,,map,9,,款名「消防費」がマスタと一致
132241,expenditure,,10,,,,,map,10,,款名「教育費」がマスタと一致
132241,expenditure,,11,,,,,map,11,,款名「災害復旧費」がマスタと一致
132241,expenditure,,12,,,,,map,12,,款名「公債費」がマスタと一致
132241,expenditure,,13,,,,,map,13,,款名「諸支出金」がマスタと一致
132241,expenditure,,14,,,,,map,14,,款名「予備費」がマスタと一致
132241,revenue,,01,市民税,,,,map,1,1,マスタの表記は「市町村民税」。マスタの「市(町村)」「都(道府県)」は市か町村か（都か道府県か）で読み替える様式の記法。市の読みで同じ項
132241,revenue,,1,市民税,,,,map,1,1,マスタの表記は「市町村民税」。マスタの「市(町村)」「都(道府県)」は市か町村か（都か道府県か）で読み替える様式の記法。市の読みで同じ項
132241,revenue,,01,市たばこ税,,,,map,1,4,マスタの表記は「市町村たばこ税」。市の読みで同じ項
132241,revenue,,1,市たばこ税,,,,map,1,4,マスタの表記は「市町村たばこ税」。市の読みで同じ項
132241,revenue,,17,都負担金,,,,map,15,1,マスタの表記は「都(道府県)負担金」。都の読みで同じ項
132241,revenue,,17,都補助金,,,,map,15,2,マスタの表記は「都(道府県)補助金」。都の読みで同じ項
132241,revenue,,22,延滞金・加算金及び過料,,,,map,20,1,マスタの表記は「延滞金、加算金及び過料」。並列の区切りが読点か中黒かの表記差
132241,revenue,,22,市預金利子,,,,map,20,2,マスタの表記は「市(町村)預金利子」。市の読みで同じ項
132241,revenue,,23,市債,,,,map,21,1,マスタの表記は「市(町村)債」。市の読みで同じ項
132241,revenue,,08,ゴルフ場利用税交付金,,,,addition,,,款そのものが様式の歳入の備考2による条件付きの挿入なので対応先のマスタが無い
132241,revenue,,8,ゴルフ場利用税交付金,,,,addition,,,款そのものが様式の歳入の備考2による条件付きの挿入なので対応先のマスタが無い
132241,revenue,,10,国有提供施設等所在市町村助成交付金,,,,addition,,,款そのものが様式の歳入の備考2による条件付きの挿入なので対応先のマスタが無い
132241,revenue,,11,新型コロナウイルス感染症対策地方税減収補てん特別交付金,,,,addition,9,,現行の法定様式に無い時限の交付金（令和2年度の税制対応）。地方特例交付金の款の下に市が計上した区分。⚠️ コードのゼロ埋めが年度で変わる（R3 は01・R4 は1）ため両表記を登録する。⚠️ 三鷹市は「補填」で多摩市は「補てん」と原典の表記が違う
132241,expenditure,,03,国民年金費,,,,addition,3,,法定の民生費の項に無いが様式の備考1が行政権能の差による項の追加を認めている。国民年金事務は法定受託事務として市町村が担う
132241,expenditure,,3,国民年金費,,,,addition,3,,法定の民生費の項に無いが様式の備考1が行政権能の差による項の追加を認めている。国民年金事務は法定受託事務として市町村が担う
132241,expenditure,,08,道路橋りょう費,,,,map,8,2,マスタの表記は「道路橋りよう費」（拗音を大書きする様式の記法）。同じ項
132241,expenditure,,8,道路橋りょう費,,,,map,8,2,マスタの表記は「道路橋りよう費」（拗音を大書きする様式の記法）。同じ項
132241,expenditure,,11,公共土木施設災害復旧費,,,,map,11,2,マスタの「何施設災害復旧費」の「何」に施設の種類を入れた形。様式の「何税」「何寄附金」と同じ記法
132241,expenditure,,11,公園施設災害復旧費,,,,map,11,2,マスタの「何施設災害復旧費」の「何」に施設の種類を入れた形
132241,expenditure,,11,文教施設災害復旧費,,,,map,11,2,マスタの「何施設災害復旧費」の「何」に施設の種類を入れた形
132241,expenditure,,11,その他公共、公用施設災害復旧費,,,,map,11,2,マスタの「何施設災害復旧費」の「何」に施設の種類を入れた形
132241,expenditure,,13,小切手支払未済償還金,,,,addition,13,,法定の諸支出金の項に無いが様式の備考1が行政権能の差による項の追加を認めている。歳計現金の戻入にあたる
132071,expenditure,,1,,,,,map,1,,款名「議会費」がマスタと一致
132071,expenditure,,2,,,,,map,2,,款名「総務費」がマスタと一致
132071,expenditure,,3,,,,,map,3,,款名「民生費」がマスタと一致
132071,expenditure,,4,,,,,map,4,,款名「衛生費」がマスタと一致
132071,expenditure,,5,,,,,map,5,,款名「労働費」がマスタと一致
132071,expenditure,,7,,,,,map,7,,款名「商工費」がマスタと一致
132071,expenditure,,8,,,,,map,8,,款名「土木費」がマスタと一致
132071,expenditure,,9,,,,,map,9,,款名「消防費」がマスタと一致
132071,expenditure,,10,,,,,map,10,,款名「教育費」がマスタと一致
132071,expenditure,,11,,,,,map,11,,款名「災害復旧費」がマスタと一致
132071,expenditure,,12,,,,,map,12,,款名「公債費」がマスタと一致
132071,expenditure,,6,,,,,map,6,,款名「農林費」。マスタの表記は「農林水産業費」で、水産業を持たない市が水産業を落とした表記。項も農業費だけで、林業費・水産業費が無い
132071,expenditure,,13,,,,,map,14,,款名「予備費」がマスタと一致。コードが法定の14から1つ詰まっているのは、法定の款13（諸支出金）を昭島市が持たないため
132071,expenditure,,8,道路橋りょう費,,,,map,8,2,マスタの表記は「道路橋りよう費」（拗音を大書きする様式の記法）。同じ項
132071,revenue,,1,,,,,map,1,,款名「市税」がマスタと一致。マスタの表記は「市(町村)税」（市か町村かで読み替える様式の記法）
132071,revenue,,2,,,,,map,2,,款名「地方譲与税」がマスタと一致
132071,revenue,,3,,,,,map,3,,款名「利子割交付金」がマスタと一致
132071,revenue,,4,,,,,map,4,,款名「配当割交付金」がマスタと一致
132071,revenue,,5,,,,,map,5,,款名「株式等譲渡所得割交付金」がマスタと一致
132071,revenue,,6,,,,,map,6,,款名「法人事業税交付金」がマスタと一致
132071,revenue,,7,,,,,map,7,,款名「地方消費税交付金」がマスタと一致
132071,revenue,,9,,,,,map,8,,款名「環境性能割交付金」がマスタと一致
132071,revenue,,11,,,,,map,9,,款名「地方特例交付金」がマスタと一致。款のコードが法定から1つずれるのは様式の歳入の備考2による読み替えで、国有提供施設等所在市町村助成交付金の適用市町村に当たるため款が挿入されているため
132071,revenue,,12,,,,,map,10,,款名「地方交付税」がマスタと一致。款のコードが法定から1つずれるのは様式の歳入の備考2による読み替えで、国有提供施設等所在市町村助成交付金の適用市町村に当たるため款が挿入されているため
132071,revenue,,13,,,,,map,11,,款名「交通安全対策特別交付金」がマスタと一致。款のコードが法定から1つずれるのは様式の歳入の備考2による読み替えで、国有提供施設等所在市町村助成交付金の適用市町村に当たるため款が挿入されているため
132071,revenue,,14,,,,,map,12,,款名「分担金及び負担金」がマスタと一致。款のコードが法定から1つずれるのは様式の歳入の備考2による読み替えで、国有提供施設等所在市町村助成交付金の適用市町村に当たるため款が挿入されているため
132071,revenue,,15,,,,,map,13,,款名「使用料及び手数料」がマスタと一致。款のコードが法定から1つずれるのは様式の歳入の備考2による読み替えで、国有提供施設等所在市町村助成交付金の適用市町村に当たるため款が挿入されているため
132071,revenue,,16,,,,,map,14,,款名「国庫支出金」がマスタと一致。款のコードが法定から1つずれるのは様式の歳入の備考2による読み替えで、国有提供施設等所在市町村助成交付金の適用市町村に当たるため款が挿入されているため
132071,revenue,,17,,,,,map,15,,款名「都支出金」がマスタと一致（マスタの表記は「都(道府県)支出金」）。款のコードが法定から1つずれるのは様式の歳入の備考2による読み替えで、国有提供施設等所在市町村助成交付金の適用市町村に当たるため款が挿入されているため
132071,revenue,,18,,,,,map,16,,款名「財産収入」がマスタと一致。款のコードが法定から1つずれるのは様式の歳入の備考2による読み替えで、国有提供施設等所在市町村助成交付金の適用市町村に当たるため款が挿入されているため
132071,revenue,,19,,,,,map,17,,款名「寄附金」がマスタと一致。款のコードが法定から1つずれるのは様式の歳入の備考2による読み替えで、国有提供施設等所在市町村助成交付金の適用市町村に当たるため款が挿入されているため
132071,revenue,,20,,,,,map,18,,款名「繰入金」がマスタと一致。款のコードが法定から1つずれるのは様式の歳入の備考2による読み替えで、国有提供施設等所在市町村助成交付金の適用市町村に当たるため款が挿入されているため
132071,revenue,,21,,,,,map,19,,款名「繰越金」がマスタと一致。款のコードが法定から1つずれるのは様式の歳入の備考2による読み替えで、国有提供施設等所在市町村助成交付金の適用市町村に当たるため款が挿入されているため
132071,revenue,,22,,,,,map,20,,款名「諸収入」がマスタと一致。款のコードが法定から1つずれるのは様式の歳入の備考2による読み替えで、国有提供施設等所在市町村助成交付金の適用市町村に当たるため款が挿入されているため
132071,revenue,,23,,,,,map,21,,款名「市債」がマスタと一致（マスタの表記は「市(町村)債」）。款のコードが法定から1つずれるのは様式の歳入の備考2による読み替えで、国有提供施設等所在市町村助成交付金の適用市町村に当たるため款が挿入されているため
132071,revenue,,8,,,,,historical,,,款名「自動車取得税交付金」。現行の法定様式に無いが団体固有の追加でもない — 2019年に廃止され環境性能割交付金へ移行した旧法定区分
132071,revenue,,10,,,,,addition,,,国有提供施設等所在市町村助成交付金。基本の表に無いが様式の歳入の備考2が同法第1項の適用市町村に款の挿入を認めている。その条件付き追加なので対応先のマスタが無い
132071,revenue,,1,市民税,,,,map,1,1,マスタの表記は「市町村民税」。マスタの「市(町村)」「都(道府県)」は市か町村か（都か道府県か）で読み替える様式の記法。市（都）の読みで同じ項
132071,revenue,,1,市たばこ税,,,,map,1,4,マスタの表記は「市町村たばこ税」。マスタの「市(町村)」「都(道府県)」は市か町村か（都か道府県か）で読み替える様式の記法。市（都）の読みで同じ項
132071,revenue,,10,国有提供施設等所在市町村助成交付金,,,,addition,,,款そのものが様式の歳入の備考2による条件付きの挿入なので対応先のマスタが無い
132071,revenue,,8,自動車取得税交付金,,,,historical,,,款そのものが2019年に廃止された旧法定区分なので、現行のマスタに対応先が無い
132071,revenue,,11,新型コロナウイルス感染症対策地方税減収補てん特別交付金,,,,addition,9,,現行の法定様式に無い時限の交付金（令和2年度の税制対応）。地方特例交付金の款の下に市が計上した区分
132071,revenue,,17,都負担金,,,,map,15,1,マスタの表記は「都(道府県)負担金」。マスタの「市(町村)」「都(道府県)」は市か町村か（都か道府県か）で読み替える様式の記法。市（都）の読みで同じ項
132071,revenue,,17,都補助金,,,,map,15,2,マスタの表記は「都(道府県)補助金」。マスタの「市(町村)」「都(道府県)」は市か町村か（都か道府県か）で読み替える様式の記法。市（都）の読みで同じ項
132071,revenue,,22,市預金利子,,,,map,20,2,マスタの表記は「市(町村)預金利子」。マスタの「市(町村)」「都(道府県)」は市か町村か（都か道府県か）で読み替える様式の記法。市（都）の読みで同じ項
132071,revenue,,23,市債,,,,map,21,1,マスタの表記は「市(町村)債」。マスタの「市(町村)」「都(道府県)」は市か町村か（都か道府県か）で読み替える様式の記法。市（都）の読みで同じ項
132071,revenue,,24,,,2020,2023,map,21,,昭島市2020〜2023年度一般会計の公式予算PDFの第1表と歳入総括で款24「市債」を確認。法定マスタの「市(町村)債」へ対応する。この4年度だけに限定し2024年度以降の款23の対応とは区別する
132071,revenue,,24,市債,,2020,2023,map,21,1,昭島市2020〜2023年度一般会計の公式予算PDFの第1表で款24の項1「市債」を確認。法定マスタの項1「市(町村)債」の市表記への対応
132071,expenditure,,11,公共施設災害復旧費,,,,map,11,2,マスタの「何施設災害復旧費」の「何」に施設の種類を入れた形。様式の「何税」「何寄附金」と同じ記法
131016,expenditure,,1,,,,,map,1,,款名「議会費」がマスタと一致。特別区は地方自治法283条1項により市に関する規定が準用されるので、様式の市町村の表へ対応づける
131016,expenditure,,2,,,,,addition,,,款名「子ども費」。千代田区の歳出の款は組織別に再編されており、法定の款（民生費・衛生費・教育費・土木費など）に一対一で対応しない。様式の備考1は行政権能の差による款の追加を認めているが、これは追加ではなく体系の再編であり、**どの法定の款と同一かを決める根拠が無い**ので対応先を空のまま追加として登録する（三鷹市のスポーツ推進費・生涯学習費と同じ扱い）
131016,expenditure,,3,,,,,addition,,,款名「保健福祉費」。千代田区の歳出の款は組織別に再編されており、法定の款（民生費・衛生費・教育費・土木費など）に一対一で対応しない。様式の備考1は行政権能の差による款の追加を認めているが、これは追加ではなく体系の再編であり、**どの法定の款と同一かを決める根拠が無い**ので対応先を空のまま追加として登録する（三鷹市のスポーツ推進費・生涯学習費と同じ扱い）
131016,expenditure,,4,,,,,addition,,,款名「地域振興費」。千代田区の歳出の款は組織別に再編されており、法定の款（民生費・衛生費・教育費・土木費など）に一対一で対応しない。様式の備考1は行政権能の差による款の追加を認めているが、これは追加ではなく体系の再編であり、**どの法定の款と同一かを決める根拠が無い**ので対応先を空のまま追加として登録する（三鷹市のスポーツ推進費・生涯学習費と同じ扱い）
131016,expenditure,,5,,,,,addition,,,款名「環境まちづくり費」。千代田区の歳出の款は組織別に再編されており、法定の款（民生費・衛生費・教育費・土木費など）に一対一で対応しない。様式の備考1は行政権能の差による款の追加を認めているが、これは追加ではなく体系の再編であり、**どの法定の款と同一かを決める根拠が無い**ので対応先を空のまま追加として登録する（三鷹市のスポーツ推進費・生涯学習費と同じ扱い）
131016,expenditure,,7,,,,,addition,,,款名「職員費」。千代田区の歳出の款は組織別に再編されており、法定の款（民生費・衛生費・教育費・土木費など）に一対一で対応しない。様式の備考1は行政権能の差による款の追加を認めているが、これは追加ではなく体系の再編であり、**どの法定の款と同一かを決める根拠が無い**ので対応先を空のまま追加として登録する（三鷹市のスポーツ推進費・生涯学習費と同じ扱い）
131016,expenditure,,6,,,,,map,2,,款名「総務費」がマスタと一致。コードが法定の2から6へ動いているのは上記の再編による。特別区は地方自治法283条1項により市に関する規定が準用されるので、様式の市町村の表へ対応づける
131016,expenditure,,8,,,,,map,12,,款名「公債費」がマスタと一致。特別区は地方自治法283条1項により市に関する規定が準用されるので、様式の市町村の表へ対応づける
131016,expenditure,,9,,,,,map,13,,款名「諸支出金」がマスタと一致。特別区は地方自治法283条1項により市に関する規定が準用されるので、様式の市町村の表へ対応づける
131016,expenditure,,10,,,,,map,14,,款名「予備費」がマスタと一致。特別区は地方自治法283条1項により市に関する規定が準用されるので、様式の市町村の表へ対応づける
131016,revenue,,1,,,,,map,1,,款名「特別区税」がマスタと一致。マスタの表記は「市(町村)税」。特別区は市の読みに準ずる。款のコードが法定とずれるのは、特別区が法人事業税交付金（法定の款6）の対象外で以降が1つ詰まり、さらに特別区交付金（法定に無い都区財政調整の交付金）が款10に入るため。特別区は地方自治法283条1項により市に関する規定が準用されるので、様式の市町村の表へ対応づける
131016,revenue,,2,,,,,map,2,,款名「地方譲与税」がマスタと一致。款のコードが法定とずれるのは、特別区が法人事業税交付金（法定の款6）の対象外で以降が1つ詰まり、さらに特別区交付金（法定に無い都区財政調整の交付金）が款10に入るため。特別区は地方自治法283条1項により市に関する規定が準用されるので、様式の市町村の表へ対応づける
131016,revenue,,3,,,,,map,3,,款名「利子割交付金」がマスタと一致。款のコードが法定とずれるのは、特別区が法人事業税交付金（法定の款6）の対象外で以降が1つ詰まり、さらに特別区交付金（法定に無い都区財政調整の交付金）が款10に入るため。特別区は地方自治法283条1項により市に関する規定が準用されるので、様式の市町村の表へ対応づける
131016,revenue,,4,,,,,map,4,,款名「配当割交付金」がマスタと一致。款のコードが法定とずれるのは、特別区が法人事業税交付金（法定の款6）の対象外で以降が1つ詰まり、さらに特別区交付金（法定に無い都区財政調整の交付金）が款10に入るため。特別区は地方自治法283条1項により市に関する規定が準用されるので、様式の市町村の表へ対応づける
131016,revenue,,5,,,,,map,5,,款名「株式等譲渡所得割交付金」がマスタと一致。款のコードが法定とずれるのは、特別区が法人事業税交付金（法定の款6）の対象外で以降が1つ詰まり、さらに特別区交付金（法定に無い都区財政調整の交付金）が款10に入るため。特別区は地方自治法283条1項により市に関する規定が準用されるので、様式の市町村の表へ対応づける
131016,revenue,,6,,,,,map,7,,款名「地方消費税交付金」がマスタと一致。款のコードが法定とずれるのは、特別区が法人事業税交付金（法定の款6）の対象外で以降が1つ詰まり、さらに特別区交付金（法定に無い都区財政調整の交付金）が款10に入るため。特別区は地方自治法283条1項により市に関する規定が準用されるので、様式の市町村の表へ対応づける
131016,revenue,,8,,,,,map,8,,款名「環境性能割交付金」がマスタと一致。款のコードが法定とずれるのは、特別区が法人事業税交付金（法定の款6）の対象外で以降が1つ詰まり、さらに特別区交付金（法定に無い都区財政調整の交付金）が款10に入るため。特別区は地方自治法283条1項により市に関する規定が準用されるので、様式の市町村の表へ対応づける
131016,revenue,,9,,,,,map,9,,款名「地方特例交付金」がマスタと一致。款のコードが法定とずれるのは、特別区が法人事業税交付金（法定の款6）の対象外で以降が1つ詰まり、さらに特別区交付金（法定に無い都区財政調整の交付金）が款10に入るため。特別区は地方自治法283条1項により市に関する規定が準用されるので、様式の市町村の表へ対応づける
131016,revenue,,11,,,,,map,11,,款名「交通安全対策特別交付金」がマスタと一致。款のコードが法定とずれるのは、特別区が法人事業税交付金（法定の款6）の対象外で以降が1つ詰まり、さらに特別区交付金（法定に無い都区財政調整の交付金）が款10に入るため。特別区は地方自治法283条1項により市に関する規定が準用されるので、様式の市町村の表へ対応づける
131016,revenue,,12,,,,,map,12,,款名「分担金及び負担金」がマスタと一致。款のコードが法定とずれるのは、特別区が法人事業税交付金（法定の款6）の対象外で以降が1つ詰まり、さらに特別区交付金（法定に無い都区財政調整の交付金）が款10に入るため。特別区は地方自治法283条1項により市に関する規定が準用されるので、様式の市町村の表へ対応づける
131016,revenue,,13,,,,,map,13,,款名「使用料及び手数料」がマスタと一致。款のコードが法定とずれるのは、特別区が法人事業税交付金（法定の款6）の対象外で以降が1つ詰まり、さらに特別区交付金（法定に無い都区財政調整の交付金）が款10に入るため。特別区は地方自治法283条1項により市に関する規定が準用されるので、様式の市町村の表へ対応づける
131016,revenue,,14,,,,,map,14,,款名「国庫支出金」がマスタと一致。款のコードが法定とずれるのは、特別区が法人事業税交付金（法定の款6）の対象外で以降が1つ詰まり、さらに特別区交付金（法定に無い都区財政調整の交付金）が款10に入るため。特別区は地方自治法283条1項により市に関する規定が準用されるので、様式の市町村の表へ対応づける
131016,revenue,,15,,,,,map,15,,款名「都支出金」がマスタと一致（マスタの表記は「都(道府県)支出金」）。款のコードが法定とずれるのは、特別区が法人事業税交付金（法定の款6）の対象外で以降が1つ詰まり、さらに特別区交付金（法定に無い都区財政調整の交付金）が款10に入るため。特別区は地方自治法283条1項により市に関する規定が準用されるので、様式の市町村の表へ対応づける
131016,revenue,,16,,,,,map,16,,款名「財産収入」がマスタと一致。款のコードが法定とずれるのは、特別区が法人事業税交付金（法定の款6）の対象外で以降が1つ詰まり、さらに特別区交付金（法定に無い都区財政調整の交付金）が款10に入るため。特別区は地方自治法283条1項により市に関する規定が準用されるので、様式の市町村の表へ対応づける
131016,revenue,,17,,,,,map,17,,款名「寄附金」がマスタと一致。款のコードが法定とずれるのは、特別区が法人事業税交付金（法定の款6）の対象外で以降が1つ詰まり、さらに特別区交付金（法定に無い都区財政調整の交付金）が款10に入るため。特別区は地方自治法283条1項により市に関する規定が準用されるので、様式の市町村の表へ対応づける
131016,revenue,,18,,,,,map,18,,款名「繰入金」がマスタと一致。款のコードが法定とずれるのは、特別区が法人事業税交付金（法定の款6）の対象外で以降が1つ詰まり、さらに特別区交付金（法定に無い都区財政調整の交付金）が款10に入るため。特別区は地方自治法283条1項により市に関する規定が準用されるので、様式の市町村の表へ対応づける
131016,revenue,,19,,,,,map,19,,款名「繰越金」がマスタと一致。款のコードが法定とずれるのは、特別区が法人事業税交付金（法定の款6）の対象外で以降が1つ詰まり、さらに特別区交付金（法定に無い都区財政調整の交付金）が款10に入るため。特別区は地方自治法283条1項により市に関する規定が準用されるので、様式の市町村の表へ対応づける
131016,revenue,,20,,,,,map,20,,款名「諸収入」がマスタと一致。款のコードが法定とずれるのは、特別区が法人事業税交付金（法定の款6）の対象外で以降が1つ詰まり、さらに特別区交付金（法定に無い都区財政調整の交付金）が款10に入るため。特別区は地方自治法283条1項により市に関する規定が準用されるので、様式の市町村の表へ対応づける
131016,revenue,,7,,,,,historical,,,款名「自動車取得税交付金」。2019年に廃止され環境性能割交付金へ移行した旧法定区分
131016,revenue,,10,,,,,addition,,,特別区交付金（都区財政調整交付金）。都と特別区の間の財政調整で、市町村の表に対応する款が無い
131016,revenue,,1,特別区民税,,,,map,1,1,マスタの表記は「市町村民税」。マスタの「市(町村)」「都(道府県)」は市か町村か（都か道府県か）で読み替える様式の記法。特別区は地方自治法283条1項により市の読みに準ずる
131016,revenue,,1,特別区たばこ税,,,,map,1,4,マスタの表記は「市町村たばこ税」。マスタの「市(町村)」「都(道府県)」は市か町村か（都か道府県か）で読み替える様式の記法。特別区は地方自治法283条1項により市の読みに準ずる
131016,revenue,,14,国庫委託金,,,,map,14,3,マスタの表記は「委託金」（款が国庫支出金なので国庫を冠しない）。同じ項
131016,revenue,,15,都負担金,,,,map,15,1,マスタの表記は「都(道府県)負担金」。マスタの「市(町村)」「都(道府県)」は市か町村か（都か道府県か）で読み替える様式の記法。特別区は地方自治法283条1項により市の読みに準ずる
131016,revenue,,15,都補助金,,,,map,15,2,マスタの表記は「都(道府県)補助金」。マスタの「市(町村)」「都(道府県)」は市か町村か（都か道府県か）で読み替える様式の記法。特別区は地方自治法283条1項により市の読みに準ずる
131016,revenue,,15,都委託金,,,,map,15,3,マスタの表記は「委託金」（款が都支出金なので都を冠しない）。同じ項
131016,revenue,,20,延滞金加算金及び過料,,,,map,20,1,マスタの表記は「延滞金、加算金及び過料」。並列の区切りに読点を打つかの表記差
131016,revenue,,20,特別区預金利子,,,,map,20,2,マスタの表記は「市(町村)預金利子」。マスタの「市(町村)」「都(道府県)」は市か町村か（都か道府県か）で読み替える様式の記法。特別区は地方自治法283条1項により市の読みに準ずる
131016,expenditure,,9,他会計繰出金,,,,addition,13,,法定の諸支出金の項（普通財産取得費・公営企業貸付金）に無いが、様式の備考1が行政権能の差による項の追加を認めている。特別会計への繰出を款9の項として立てたもの
131016,expenditure,,9,財産積立金,,,,addition,13,,法定の諸支出金の項に無いが、様式の備考1が行政権能の差による項の追加を認めている。基金への積立を款9の項として立てたもの
132047,expenditure,国民健康保険,01,,,,,map,1,,国保会計の款名「総務費」。52表 歳出032列
132047,expenditure,国民健康保険,02,,,,,map,2,,国保会計の款名「保険給付費」。52表 歳出037列
132047,expenditure,国民健康保険,03,,,,,map,3,,国保会計の款名「国民健康保険事業費納付金」。52表 歳出043列
132047,expenditure,国民健康保険,04,,,,,map,4,,国保会計の款名「保健事業費」。52表 歳出048列
132047,expenditure,国民健康保険,05,,,,,map,9,,国保会計の款名「諸支出金」（償還金及び還付加算金等）。52表 歳出058列「その他の支出」に相当
132047,expenditure,国民健康保険,06,,,,,map,10,,国保会計の款名「予備費」
132047,revenue,国民健康保険,01,,,,,map,1,,国保会計の款名「国民健康保険税」。52表 歳入001列「保険税（料）」に相当
132047,revenue,国民健康保険,02,,,,,map,12,,国保会計の款名「使用料及び手数料」。52表 歳入027列「その他の収入」に相当
132047,revenue,国民健康保険,03,,,,,map,3,,国保会計の款名「国庫支出金」。52表 歳入005列
132047,revenue,国民健康保険,04,,,,,map,4,,国保会計の款名「都支出金」。52表 歳入006列「都道府県支出金」（給付費等交付金を含む）に相当
132047,revenue,国民健康保険,05,,,,,map,7,,国保会計の款名「繰入金」。52表 歳入017列「他会計繰入金」に相当
132047,revenue,国民健康保険,06,,,,,map,9,,国保会計の款名「繰越金」。52表 歳入024列
132047,revenue,国民健康保険,07,,,,,map,11,,国保会計の款名「諸収入」。52表 歳入027列「その他の収入」に相当
132047,expenditure,介護保険,01,,,,,map,1,,介護保険会計の款名「総務費」。63表 歳出031列
132047,expenditure,介護保険,02,,,,,map,2,,介護保険会計の款名「保険給付費」。63表 歳出032列
132047,expenditure,介護保険,03,,,,,map,3,,介護保険会計の款名「地域支援事業費」。63表 歳出038列
132047,expenditure,介護保険,04,,,,,map,6,,介護保険会計の款名「基金積立金」。63表 歳出045列
132047,expenditure,介護保険,05,,,,,map,10,,介護保険会計の款名「諸支出金」（償還金及び還付加算金等）。63表 歳出050列「その他の支出」に相当
132047,expenditure,介護保険,06,,,,,map,11,,介護保険会計の款名「予備費」
132047,revenue,介護保険,01,,,,,map,1,,介護保険会計の款名「保険料」。63表 歳入001列
132047,revenue,介護保険,02,,,,,map,2,,介護保険会計の款名「国庫支出金」。63表 歳入002列（負担金・調整交付金・地域支援事業交付金・その他の補助金を含む）
132047,revenue,介護保険,03,,,,,map,3,,介護保険会計の款名「支払基金交付金」。63表 歳入008列
132047,revenue,介護保険,04,,,,,map,4,,介護保険会計の款名「都支出金」。63表 歳入011列「都道府県支出金」に相当
132047,revenue,介護保険,05,,,,,map,12,,介護保険会計の款名「財産収入」。63表 歳入029列「その他の収入」に相当
132047,revenue,介護保険,06,,,,,map,6,,介護保険会計の款名「繰入金」。63表 歳入018列「他会計繰入金」に相当（基金繰入金の項を内包する）
132047,revenue,介護保険,07,,,,,map,8,,介護保険会計の款名「繰越金」。63表 歳入026列
132047,revenue,介護保険,08,,,,,map,10,,介護保険会計の款名「諸収入」。63表 歳入029列「その他の収入」に相当
132047,expenditure,後期高齢者医療,01,,,,,map,1,,後期高齢者医療会計の款名「総務費」。94表 歳出009列
132047,expenditure,後期高齢者医療,02,,,,,map,2,,後期高齢者医療会計の款名「後期高齢者医療広域連合納付金」。94表 歳出013列
132047,expenditure,後期高齢者医療,03,,,,,addition,3,,後期高齢者医療会計の款名「保健事業費」。94表に同名の列は無く自治体の会計固有の款
132047,expenditure,後期高齢者医療,04,,,,,map,6,,後期高齢者医療会計の款名「諸支出金」（償還金及び還付加算金等）。94表 歳出016列「その他の支出」に相当
132047,expenditure,後期高齢者医療,05,,,,,map,7,,後期高齢者医療会計の款名「予備費」
132047,revenue,後期高齢者医療,01,,,,,map,1,,後期高齢者医療会計の款名「後期高齢者医療保険料」。94表 歳入001列
132047,revenue,後期高齢者医療,02,,,,,map,5,,後期高齢者医療会計の款名「使用料及び手数料」。94表 歳入007列「その他の収入」に相当
132047,revenue,後期高齢者医療,03,,,,,map,2,,後期高齢者医療会計の款名「繰入金」。94表 歳入003列
132047,revenue,後期高齢者医療,04,,,,,map,3,,後期高齢者医療会計の款名「繰越金」。94表 歳入006列
132047,revenue,後期高齢者医療,05,,,,,map,4,,後期高齢者医療会計の款名「諸収入」。94表 歳入007列「その他の収入」に相当
132195,expenditure,国民健康保険,1,,,,,map,1,,狛江市国保会計の款1。決算額は届かないが科目構成（委託料・役務費等の経費科目）で総務費と同定。63表的な給付・納付金ではない
132195,expenditure,国民健康保険,2,,,,,map,2,,"狛江市国保会計の款2。執行累計4,679,332,397円が52表の保険給付費（令和5年度決算）と一致"
132195,expenditure,国民健康保険,3,,,,,map,3,,"狛江市国保会計の款3。執行累計2,790,525,757円が52表の国民健康保険事業費納付金と一致"
132195,expenditure,国民健康保険,4,,,,,map,4,,"狛江市国保会計の款4。執行累計114,234,835円が52表の保健事業費と一致"
132195,expenditure,国民健康保険,5,,,,,map,5,,狛江市国保会計の款5（執行0・予算計500千円）。位置と構造から基金積立金
132195,expenditure,国民健康保険,6,,,,2018,map,6,,狛江市国保会計の款6（2018年度のみ・執行0）。款5基金積立金と款7その他の支出の間の繰越・公債系の款
132195,expenditure,国民健康保険,7,,,,2018,map,9,,狛江市国保会計の款7（2018年度のみ）。繰出金（項2）と償還金系を内包するその他の支出
132195,expenditure,国民健康保険,8,,,,2018,map,10,,狛江市国保会計の款8（2018年度のみ・執行0）。最後尾の予備費
132195,expenditure,国民健康保険,6,,,2019,,map,9,,"狛江市国保会計の款6（2019年度以降）。執行累計119,963,088円が52表のその他の支出と一致（繰出金の項を内包）"
132195,expenditure,国民健康保険,7,,,2019,,map,10,,狛江市国保会計の款7（2019年度以降・執行0・予備費の科目のみ）
132195,revenue,国民健康保険,1,,,,,map,1,,狛江市国保会計の歳入款1。保険料の徴収科目のみを収める。52表 歳入001列「保険税（料）」
132195,revenue,国民健康保険,2,,,2019,,map,3,,狛江市国保会計の歳入款2（2019年度以降）。国庫補助金・負担金の科目を収める。52表 歳入005列
132195,revenue,国民健康保険,3,,,2019,,map,4,,狛江市国保会計の歳入款3（2019年度以降）。都支出金・給付費等交付金・都繰入金を収める。52表 歳入006列（他会計からの繰入である都繰入金を内包）
132195,revenue,国民健康保険,4,,,2019,,map,7,,狛江市国保会計の歳入款4（2019年度以降）。一般会計繰入金の科目を収める。52表 歳入017列
132195,revenue,国民健康保険,5,,,2019,,map,9,,狛江市国保会計の歳入款5（2019年度以降）。繰越金の科目を収める。52表 歳入024列
132195,revenue,国民健康保険,6,,,2019,,map,11,,狛江市国保会計の歳入款6（2019年度以降）。延滞金・雑入・受託事業収入等。52表 歳入027列
132195,revenue,国民健康保険,2,,,,2018,map,3,,狛江市国保会計の歳入款2（2018年度）。災害臨時特例補助金・過年度分療養給付費等負担金。52表 歳入005列
132195,revenue,国民健康保険,3,,,,2018,map,4,,狛江市国保会計の歳入款3（2018年度）。過年度分療養給付費交付金。52表 歳入007列を含む都道府県支出金相当
132195,revenue,国民健康保険,4,,,,2018,map,4,,狛江市国保会計の歳入款4（2018年度）。都補助金・給付費等交付金・財政安定化基金交付金・都繰入金を収める。52表 歳入006・014列相当（他会計繰入の都繰入金を内包）
132195,revenue,国民健康保険,5,,,,2018,map,11,,狛江市国保会計の歳入款5（2018年度）。国民健康保険事業運営基金預金利子。52表 歳入027列相当
132195,revenue,国民健康保険,6,,,,2018,map,7,,狛江市国保会計の歳入款6（2018年度）。一般会計繰入金の科目と国民健康保険事業運営基金繰入金（目2）を収める。52表 歳入017列相当
132195,revenue,国民健康保険,7,,,,2018,map,9,,狛江市国保会計の歳入款7（2018年度）。前年度繰越金。52表 歳入024列
132195,revenue,国民健康保険,8,,,,2018,map,11,,狛江市国保会計の歳入款8（2018年度）。雑入・延滞金・利子等。52表 歳入027列
132195,expenditure,介護保険,1,,,,,map,1,,狛江市介護保険会計の款1。総務費相当（経費科目の集合）
132195,expenditure,介護保険,2,,,,,map,2,,"狛江市介護保険会計の款2。執行累計6,927,245,614円が63表の保険給付費（令和5年度決算）と一致"
132195,expenditure,介護保険,3,,,,,map,3,,"狛江市介護保険会計の款3。執行累計193,722,723円が63表の地域支援事業と一致"
132195,expenditure,介護保険,5,,,,,map,6,,"狛江市介護保険会計の款5。執行累計106,187,401円が63表の基金積立金と一致"
132195,expenditure,介護保険,6,,,,,map,8,,狛江市介護保険会計の款6（償還金利子の科目のみ・執行0）。償還債務は公債費相当
132195,expenditure,介護保険,7,,,,,map,7,,"狛江市介護保険会計の款7。執行累計25,892,000円が63表の繰出金と一致"
132195,expenditure,介護保険,8,,,,,map,10,,"狛江市介護保険会計の款8。執行累計16,283,063円が63表のその他の支出と一致"
132195,expenditure,介護保険,9,,,,,map,11,,狛江市介護保険会計の款9（予備費の科目のみ・執行0）
132195,revenue,介護保険,1,,,,,map,1,,狛江市介護保険会計の歳入款1。保険料の科目のみ。63表 歳入001列
132195,revenue,介護保険,2,,,,,map,11,,狛江市介護保険会計の歳入款2。証明手数料のみ。63表 歳入029列相当
132195,revenue,介護保険,3,,,,,map,2,,狛江市介護保険会計の歳入款3。国庫の補助金・負担金・交付金を収める。63表 歳入002列相当
132195,revenue,介護保険,4,,,,,map,3,,狛江市介護保険会計の歳入款4。介護給付費交付金・地域支援事業支援交付金を収める。63表 歳入008列相当
132195,revenue,介護保険,5,,,,,map,4,,狛江市介護保険会計の歳入款5。都の負担金・交付金を収める。63表 歳入011列相当
132195,revenue,介護保険,6,,,,,map,10,,狛江市介護保険会計の歳入款6。介護保険給付費準備基金預金利子。63表 歳入029列相当
132195,revenue,介護保険,7,,,,,map,10,,狛江市介護保険会計の歳入款7。一般寄附金。63表 歳入029列相当
132195,revenue,介護保険,8,,,,,map,6,,狛江市介護保険会計の歳入款8。一般会計繰入金（項1）と介護保険給付費準備基金繰入金（項2）を収める。63表 歳入018列相当
132195,revenue,介護保険,9,,,,,map,8,,狛江市介護保険会計の歳入款9。前年度繰越金。63表 歳入026列
132195,revenue,介護保険,10,,,,,map,10,,狛江市介護保険会計の歳入款10。雑入・延滞金・利用者負担金等。63表 歳入029列
132195,expenditure,後期高齢者医療,1,,,,,map,1,,狛江市後期高齢者医療会計の款1。総務費相当（経費科目の集合）
132195,expenditure,後期高齢者医療,2,,,,,map,2,,"狛江市後期高齢者医療会計の款2。負担金、補助及び交付金の単一科目で広域連合納付金相当（ただし市の帳簿額2,188,750,528円と94表の納付金1,355,124千円は大きくずれる）"
132195,expenditure,後期高齢者医療,3,,,,,addition,3,,狛江市後期高齢者医療会計の款3。委託料主体（健診等の保健事業相当）
132195,expenditure,後期高齢者医療,4,,,,,map,6,,狛江市後期高齢者医療会計の款4。償還金系と繰出金（項2目1、一般会計への繰出）を内包するその他の支出相当
132195,expenditure,後期高齢者医療,5,,,,,map,7,,狛江市後期高齢者医療会計の款5（予備費の科目のみ・執行0）
132195,revenue,後期高齢者医療,1,,,,,map,1,,狛江市後期高齢者医療会計の歳入款1。保険料の科目のみ。94表 歳入001列
132195,revenue,後期高齢者医療,2,,,,,map,5,,狛江市後期高齢者医療会計の歳入款2。証明手数料のみ。94表 歳入007列相当
132195,revenue,後期高齢者医療,3,,,,,map,2,,狛江市後期高齢者医療会計の歳入款3。一般会計からの繰入金の科目のみ。94表 歳入003・004列相当
132195,revenue,後期高齢者医療,4,,,,,map,3,,狛江市後期高齢者医療会計の歳入款4。前年度繰越金。94表 歳入006列
132195,revenue,後期高齢者医療,5,,,,,map,4,,狛江市後期高齢者医療会計の歳入款5。雑入・延滞金・受託事業収入等。94表 歳入007列相当
132195,revenue,後期高齢者医療,6,,,,2018,map,6,,狛江市後期高齢者医療会計の歳入款6（2018年度のみ）。高齢者医療制度円滑運営事業費補助金。94表 歳入007列相当
132195,expenditure,介護保険,4,,,,,map,4,,狛江市介護保険会計の款4。市の決算資料（款別決算状況）の款名は「財政安定化基金拠出金」。63表 歳出036列
132195,revenue,介護保険,8,,1,,,map,6,1,狛江市介護保険会計の歳入款8項1。科目がすべて一般会計繰入金（消去宣言で受け皿側と額が一致）
132195,revenue,介護保険,8,,2,,,map,6,3,狛江市介護保険会計の歳入款8項2。一般会計の繰出と額が一致しない非一般の繰入金の項（基金繰入と読まれるが決算資料の款表に項名が無く確定しないので未識別項として置く）
132195,revenue,国民健康保険,4,,1,2019,,map,7,1,狛江市国保会計の歳入款4項1（2019年度以降）。科目がすべて一般会計繰入金（消去宣言で受け皿側と額が一致）
132195,revenue,国民健康保険,5,,1,2019,,map,9,1,狛江市国保会計の歳入款5項1（2019年度以降）。市の決算資料の款別表は款5を繰越金とし、その下の項
132195,revenue,国民健康保険,7,,1,,2018,map,9,1,狛江市国保会計の歳入款7項1（2018年度のみ）。前年度繰越金の項
132195,revenue,後期高齢者医療,3,,1,,,map,2,1,狛江市後期高齢者医療会計の歳入款3項1。科目がすべて一般会計繰入金（消去宣言で受け皿側と額が一致）
132195,expenditure,駐車場事業,1,,,2021,,map,2,,狛江市駐車場事業特別会計の款1。市の決算資料の款別表は「事業費」
132195,expenditure,駐車場事業,2,,,,2020,map,5,,狛江市駐車場事業特別会計の款2（2020年度まで・駐車場事業統合前）。市の決算資料の款別表は「公債費」
132195,revenue,駐車場事業,1,,,2021,,map,1,,狛江市駐車場事業特別会計の歳入款1。市の決算資料の款別表は「使用料」
132195,revenue,駐車場事業,2,,,2021,,map,5,,狛江市駐車場事業特別会計の歳入款2（2021年度以降）。市の決算資料の款別表は「財産収入」
132195,revenue,駐車場事業,3,,,2021,,map,7,,狛江市駐車場事業特別会計の歳入款3（2021年度以降）。一般会計繰入金の項のみを収める（消去宣言で確定）
132195,revenue,駐車場事業,4,,,2021,,map,9,,狛江市駐車場事業特別会計の歳入款4（2021年度以降）。市の決算資料の款別表は「繰越金」
132195,revenue,駐車場事業,5,,,2021,,map,11,,狛江市駐車場事業特別会計の歳入款5（2021年度以降）。市の決算資料の款別表は「諸収入」
132195,revenue,駐車場事業,3,,1,2021,,map,7,1,狛江市駐車場事業特別会計の歳入款3項1。科目がすべて一般会計繰入金（消去宣言で受け皿側と額が一致）
132195,revenue,下水道事業,7,,,,,map,7,,狛江市公共下水道特別会計の歳入款7。科目がすべて一般会計繰入金の繰入金款（消去宣言で受け皿側と額が一致）
132195,revenue,下水道事業,7,,1,,,map,7,1,狛江市公共下水道特別会計の歳入款7項1。科目がすべて一般会計繰入金（消去宣言で受け皿側と額が一致）
132047,revenue,国民健康保険,01,国民健康保険税,,,,map,1,1,款名の項そのもの
132047,revenue,国民健康保険,02,手数料,,,,map,12,1,使用料及び手数料の項
132047,revenue,国民健康保険,03,国庫補助金,,,,map,3,1,国庫支出金の項
132047,revenue,国民健康保険,04,都補助金,,,,map,4,1,都道府県支出金の項
132047,revenue,国民健康保険,05,他会計繰入金,,,,map,7,3,繰入金の項。来源勘定は項名から識別できない
132047,revenue,国民健康保険,06,繰越金,,,,map,9,1,繰越金の項
132047,revenue,国民健康保険,07,延滞金、加算金及び過料,,,,map,11,1,諸収入の項
132047,revenue,国民健康保険,07,雑入,,,,map,11,2,諸収入の項
132047,revenue,国民健康保険,07,預金利子,,,,map,11,3,諸収入の項
132047,expenditure,国民健康保険,01,総務管理費,,,,map,1,1,総務費の項
132047,expenditure,国民健康保険,01,運営協議会費,,,,map,1,2,総務費の項
132047,expenditure,国民健康保険,02,療養諸費,,,,map,2,1,保険給付費の項
132047,expenditure,国民健康保険,02,高額療養費,,,,map,2,2,保険給付費の項
132047,expenditure,国民健康保険,02,出産育児諸費,,,,map,2,3,保険給付費の項
132047,expenditure,国民健康保険,02,傷病手当金,,,,map,2,4,保険給付費の項
132047,expenditure,国民健康保険,02,移送費,,,,map,2,5,保険給付費の項
132047,expenditure,国民健康保険,02,結核・精神医療給付金,,,,map,2,6,保険給付費の項
132047,expenditure,国民健康保険,02,葬祭諸費,,,,map,2,7,保険給付費の項
132047,expenditure,国民健康保険,03,医療給付費分,,,,map,3,1,納付金の項
132047,expenditure,国民健康保険,03,後期高齢者支援金等分,,,,map,3,2,納付金の項
132047,expenditure,国民健康保険,03,介護納付金分,,,,map,3,3,納付金の項
132047,expenditure,国民健康保険,04,保健事業費,,,,map,4,1,保健事業費の項
132047,expenditure,国民健康保険,04,特定健康診査等事業費,,,,map,4,2,保健事業費の項
132047,expenditure,国民健康保険,05,償還金及び還付加算金,,,,map,9,1,諸支出金の項
132047,expenditure,国民健康保険,06,予備費,,,,map,10,1,予備費の項
132047,revenue,介護保険,01,介護保険料,,,,map,1,1,保険料の項
132047,revenue,介護保険,02,国庫補助金,,,,map,2,1,国庫支出金の項
132047,revenue,介護保険,02,国庫負担金,,,,map,2,2,国庫支出金の項
132047,revenue,介護保険,03,支払基金交付金,,,,map,3,1,支払基金交付金の項
132047,revenue,介護保険,04,都補助金,,,,map,4,1,都道府県支出金の項
132047,revenue,介護保険,04,都負担金,,,,map,4,2,都道府県支出金の項
132047,revenue,介護保険,05,財産運用収入,,,,map,12,1,財産収入の項
132047,revenue,介護保険,06,一般会計繰入金,,,,map,6,1,繰入金の項。63表 歳入020列に対応
132047,revenue,介護保険,06,基金繰入金,,,,map,6,2,繰入金の項
132047,revenue,介護保険,07,繰越金,,,,map,8,1,繰越金の項
132047,revenue,介護保険,08,延滞金、加算金及び過料,,,,map,10,1,諸収入の項
132047,revenue,介護保険,08,雑入,,,,map,10,2,諸収入の項
132047,revenue,介護保険,08,預金利子,,,,map,10,3,諸収入の項
132047,expenditure,介護保険,01,総務管理費,,,,map,1,1,総務費の項
132047,expenditure,介護保険,02,介護サービス等諸費,,,,map,2,1,保険給付費の項
132047,expenditure,介護保険,03,一般介護予防事業費,,,,map,3,1,地域支援事業費の項
132047,expenditure,介護保険,03,介護予防・生活支援サービス事業費,,,,map,3,2,地域支援事業費の項
132047,expenditure,介護保険,03,包括的支援事業・任意事業費,,,,map,3,3,地域支援事業費の項
132047,expenditure,介護保険,04,基金積立金,,,,map,6,1,基金積立金の項
132047,expenditure,介護保険,05,償還金及び還付加算金,,,,map,10,1,諸支出金の項
132047,expenditure,介護保険,05,繰出金,,,,map,7,1,諸支出金の項だが63表では独立の歳出勘定（042列）に立つ繰出金
132047,expenditure,介護保険,06,予備費,,,,map,11,1,予備費の項
132047,revenue,後期高齢者医療,01,後期高齢者医療保険料,,,,map,1,1,保険料の項
132047,revenue,後期高齢者医療,02,手数料,,,,map,5,1,使用料及び手数料の項
132047,revenue,後期高齢者医療,03,他会計繰入金,,,,map,2,3,繰入金の項。来源勘定は項名から識別できない
132047,revenue,後期高齢者医療,04,繰越金,,,,map,3,1,繰越金の項
132047,revenue,後期高齢者医療,05,償還金及び還付加算金,,,,map,4,1,諸収入の項
132047,revenue,後期高齢者医療,05,受託事業収入,,,,map,4,2,諸収入の項
132047,revenue,後期高齢者医療,05,延滞金、加算金及び過料,,,,map,4,3,諸収入の項
132047,revenue,後期高齢者医療,05,雑入,,,,map,4,4,諸収入の項
132047,revenue,後期高齢者医療,05,預金利子,,,,map,4,5,諸収入の項
132047,expenditure,後期高齢者医療,01,総務管理費,,,,map,1,1,総務費の項
132047,expenditure,後期高齢者医療,02,広域連合納付金,,,,map,2,1,広域連合納付金の項
132047,expenditure,後期高齢者医療,03,健康保持増進事業費,,,,map,3,1,保健事業費の項
132047,expenditure,後期高齢者医療,04,償還金及び還付加算金,,,,map,6,1,諸支出金の項
132047,expenditure,後期高齢者医療,05,予備費,,,,map,7,1,予備費の項
132047,expenditure,介護サービス事業,01,,,,,map,2,,介護サービス事業会計の款名「介護サービス事業費」。64表 歳出018列
132047,expenditure,介護サービス事業,02,,,,,map,5,,介護サービス事業会計の款名「公債費」。64表 歳出021列
132047,expenditure,介護サービス事業,03,,,,,map,8,,介護サービス事業会計の款名「予備費」
132047,expenditure,介護サービス事業,01,介護サービス事業費,,,,map,2,1,介護サービス事業費の項
132047,expenditure,介護サービス事業,02,公債費,,,,map,5,1,公債費の項
132047,expenditure,介護サービス事業,03,予備費,,,,map,8,1,予備費の項
132047,revenue,介護サービス事業,01,,,,,map,1,,介護サービス事業会計の款名「介護サービス収入」。64表 歳入001列
132047,revenue,介護サービス事業,02,,,,,map,3,,介護サービス事業会計の款名「使用料及び手数料」。64表 歳入003列
132047,revenue,介護サービス事業,03,,,,,map,8,,介護サービス事業会計の款名「繰入金」。64表 歳入008列
132047,revenue,介護サービス事業,04,,,,,map,10,,介護サービス事業会計の款名「繰越金」。64表 歳入013列
132047,revenue,介護サービス事業,05,,,,,map,12,,介護サービス事業会計の款名「諸収入」。64表 歳入015列
132047,revenue,介護サービス事業,01,予防給付費収入,,,,map,1,1,介護サービス収入の項
132047,revenue,介護サービス事業,01,介護予防・日常生活支援総合事業費収入,,,,map,1,2,介護サービス収入の項
132047,revenue,介護サービス事業,01,介護給付費収入,,,,map,1,3,介護サービス収入の項
132047,revenue,介護サービス事業,01,自己負担金収入,,,,map,1,4,介護サービス収入の項
132047,revenue,介護サービス事業,02,使用料,,,,map,3,1,使用料及び手数料の項
132047,revenue,介護サービス事業,02,手数料,,,,map,3,2,使用料及び手数料の項
132047,revenue,介護サービス事業,03,他会計繰入金,,,,map,8,3,繰入金の項。来源勘定は項名から識別できない
132047,revenue,介護サービス事業,04,繰越金,,,,map,10,1,繰越金の項
132047,revenue,介護サービス事業,05,雑入,,,,map,12,1,諸収入の項
132047,revenue,介護サービス事業,05,預金利子,,,,map,12,2,諸収入の項
132047,revenue,,01,,,2014,2018,map,1,,三鷹市公式CSVの一般会計款名称・項名称を全採用年度で確認した旧年度の対応。款名「市税」。マスタの表記は「市(町村)税」（市か町村かで読み替える様式の記法）。歳入は款08（自動車取得税交付金）の分だけコードが法定から1ずれる
132047,revenue,,01,,,2019,2019,map,1,,三鷹市公式CSVの一般会計款名称・項名称を全採用年度で確認した旧年度の対応。款名「市税」。マスタの表記は「市(町村)税」（市か町村かで読み替える様式の記法）。歳入は款08（自動車取得税交付金）の分だけコードが法定から1ずれる
132047,revenue,,02,,,2014,2018,map,2,,三鷹市公式CSVの一般会計款名称・項名称を全採用年度で確認した旧年度の対応。款名「地方譲与税」がマスタと一致。歳入は款08（自動車取得税交付金）の分だけコードが法定から1ずれる
132047,revenue,,02,,,2019,2019,map,2,,三鷹市公式CSVの一般会計款名称・項名称を全採用年度で確認した旧年度の対応。款名「地方譲与税」がマスタと一致。歳入は款08（自動車取得税交付金）の分だけコードが法定から1ずれる
132047,revenue,,03,,,2014,2018,map,3,,三鷹市公式CSVの一般会計款名称・項名称を全採用年度で確認した旧年度の対応。款名「利子割交付金」がマスタと一致。歳入は款08（自動車取得税交付金）の分だけコードが法定から1ずれる
132047,revenue,,03,,,2019,2019,map,3,,三鷹市公式CSVの一般会計款名称・項名称を全採用年度で確認した旧年度の対応。款名「利子割交付金」がマスタと一致。歳入は款08（自動車取得税交付金）の分だけコードが法定から1ずれる
132047,revenue,,04,,,2014,2018,map,4,,三鷹市公式CSVの一般会計款名称・項名称を全採用年度で確認した旧年度の対応。款名「配当割交付金」がマスタと一致。歳入は款08（自動車取得税交付金）の分だけコードが法定から1ずれる
132047,revenue,,04,,,2019,2019,map,4,,三鷹市公式CSVの一般会計款名称・項名称を全採用年度で確認した旧年度の対応。款名「配当割交付金」がマスタと一致。歳入は款08（自動車取得税交付金）の分だけコードが法定から1ずれる
132047,revenue,,05,,,2014,2018,map,5,,三鷹市公式CSVの一般会計款名称・項名称を全採用年度で確認した旧年度の対応。款名「株式等譲渡所得割交付金」がマスタと一致。歳入は款08（自動車取得税交付金）の分だけコードが法定から1ずれる
132047,revenue,,05,,,2019,2019,map,5,,三鷹市公式CSVの一般会計款名称・項名称を全採用年度で確認した旧年度の対応。款名「株式等譲渡所得割交付金」がマスタと一致。歳入は款08（自動車取得税交付金）の分だけコードが法定から1ずれる
132047,revenue,,06,,,2014,2018,map,7,,三鷹市公式CSVの一般会計款名称・項名称を全採用年度で確認した旧年度の対応。款名「地方消費税交付金」がマスタと一致。歳入は款08（自動車取得税交付金）の分だけコードが法定から1ずれる
132047,revenue,,06,,,2019,2019,map,7,,三鷹市公式CSVの一般会計款名称・項名称を全採用年度で確認した旧年度の対応。款名「地方消費税交付金」がマスタと一致。歳入は款08（自動車取得税交付金）の分だけコードが法定から1ずれる
132047,revenue,,08,,,2019,2019,map,8,,三鷹市公式CSVの一般会計款名称・項名称を全採用年度で確認した旧年度の対応。款名「環境性能割交付金」がマスタと一致。歳入は款08（自動車取得税交付金）の分だけコードが法定から1ずれる
132047,revenue,,08,,,2014,2018,map,9,,三鷹市公式CSVの一般会計款名称・項名称を全採用年度で確認した旧年度の対応。款名「地方特例交付金」がマスタと一致。歳入は款08（自動車取得税交付金）の分だけコードが法定から1ずれる
132047,revenue,,09,,,2019,2019,map,9,,三鷹市公式CSVの一般会計款名称・項名称を全採用年度で確認した旧年度の対応。款名「地方特例交付金」がマスタと一致。歳入は款08（自動車取得税交付金）の分だけコードが法定から1ずれる
132047,revenue,,09,,,2014,2018,map,10,,三鷹市公式CSVの一般会計款名称・項名称を全採用年度で確認した旧年度の対応。款名「地方交付税」がマスタと一致。歳入は款08（自動車取得税交付金）の分だけコードが法定から1ずれる
132047,revenue,,10,,,2019,2019,map,10,,三鷹市公式CSVの一般会計款名称・項名称を全採用年度で確認した旧年度の対応。款名「地方交付税」がマスタと一致。歳入は款08（自動車取得税交付金）の分だけコードが法定から1ずれる
132047,revenue,,10,,,2014,2018,map,11,,三鷹市公式CSVの一般会計款名称・項名称を全採用年度で確認した旧年度の対応。款名「交通安全対策特別交付金」がマスタと一致。歳入は款08（自動車取得税交付金）の分だけコードが法定から1ずれる
132047,revenue,,11,,,2019,2019,map,11,,三鷹市公式CSVの一般会計款名称・項名称を全採用年度で確認した旧年度の対応。款名「交通安全対策特別交付金」がマスタと一致。歳入は款08（自動車取得税交付金）の分だけコードが法定から1ずれる
132047,revenue,,11,,,2014,2018,map,12,,三鷹市公式CSVの一般会計款名称・項名称を全採用年度で確認した旧年度の対応。款名「分担金及び負担金」がマスタと一致。歳入は款08（自動車取得税交付金）の分だけコードが法定から1ずれる
132047,revenue,,12,,,2019,2019,map,12,,三鷹市公式CSVの一般会計款名称・項名称を全採用年度で確認した旧年度の対応。款名「分担金及び負担金」がマスタと一致。歳入は款08（自動車取得税交付金）の分だけコードが法定から1ずれる
132047,revenue,,12,,,2014,2018,map,13,,三鷹市公式CSVの一般会計款名称・項名称を全採用年度で確認した旧年度の対応。款名「使用料及び手数料」がマスタと一致。歳入は款08（自動車取得税交付金）の分だけコードが法定から1ずれる
132047,revenue,,13,,,2019,2019,map,13,,三鷹市公式CSVの一般会計款名称・項名称を全採用年度で確認した旧年度の対応。款名「使用料及び手数料」がマスタと一致。歳入は款08（自動車取得税交付金）の分だけコードが法定から1ずれる
132047,revenue,,13,,,2014,2018,map,14,,三鷹市公式CSVの一般会計款名称・項名称を全採用年度で確認した旧年度の対応。款名「国庫支出金」がマスタと一致。歳入は款08（自動車取得税交付金）の分だけコードが法定から1ずれる
132047,revenue,,14,,,2019,2019,map,14,,三鷹市公式CSVの一般会計款名称・項名称を全採用年度で確認した旧年度の対応。款名「国庫支出金」がマスタと一致。歳入は款08（自動車取得税交付金）の分だけコードが法定から1ずれる
132047,revenue,,14,,,2014,2018,map,15,,三鷹市公式CSVの一般会計款名称・項名称を全採用年度で確認した旧年度の対応。款名「都支出金」。マスタの表記は「都(道府県)支出金」。歳入は款08（自動車取得税交付金）の分だけコードが法定から1ずれる
132047,revenue,,15,,,2019,2019,map,15,,三鷹市公式CSVの一般会計款名称・項名称を全採用年度で確認した旧年度の対応。款名「都支出金」。マスタの表記は「都(道府県)支出金」。歳入は款08（自動車取得税交付金）の分だけコードが法定から1ずれる
132047,revenue,,15,,,2014,2018,map,16,,三鷹市公式CSVの一般会計款名称・項名称を全採用年度で確認した旧年度の対応。款名「財産収入」がマスタと一致。歳入は款08（自動車取得税交付金）の分だけコードが法定から1ずれる
132047,revenue,,16,,,2019,2019,map,16,,三鷹市公式CSVの一般会計款名称・項名称を全採用年度で確認した旧年度の対応。款名「財産収入」がマスタと一致。歳入は款08（自動車取得税交付金）の分だけコードが法定から1ずれる
132047,revenue,,16,,,2014,2018,map,17,,三鷹市公式CSVの一般会計款名称・項名称を全採用年度で確認した旧年度の対応。款名「寄附金」がマスタと一致。歳入は款08（自動車取得税交付金）の分だけコードが法定から1ずれる
132047,revenue,,17,,,2019,2019,map,17,,三鷹市公式CSVの一般会計款名称・項名称を全採用年度で確認した旧年度の対応。款名「寄附金」がマスタと一致。歳入は款08（自動車取得税交付金）の分だけコードが法定から1ずれる
132047,revenue,,17,,,2014,2018,map,18,,三鷹市公式CSVの一般会計款名称・項名称を全採用年度で確認した旧年度の対応。款名「繰入金」がマスタと一致。歳入は款08（自動車取得税交付金）の分だけコードが法定から1ずれる
132047,revenue,,18,,,2019,2019,map,18,,三鷹市公式CSVの一般会計款名称・項名称を全採用年度で確認した旧年度の対応。款名「繰入金」がマスタと一致。歳入は款08（自動車取得税交付金）の分だけコードが法定から1ずれる
132047,revenue,,18,,,2014,2018,map,19,,三鷹市公式CSVの一般会計款名称・項名称を全採用年度で確認した旧年度の対応。款名「繰越金」がマスタと一致。歳入は款08（自動車取得税交付金）の分だけコードが法定から1ずれる
132047,revenue,,19,,,2019,2019,map,19,,三鷹市公式CSVの一般会計款名称・項名称を全採用年度で確認した旧年度の対応。款名「繰越金」がマスタと一致。歳入は款08（自動車取得税交付金）の分だけコードが法定から1ずれる
132047,revenue,,19,,,2014,2018,map,20,,三鷹市公式CSVの一般会計款名称・項名称を全採用年度で確認した旧年度の対応。款名「諸収入」がマスタと一致。歳入は款08（自動車取得税交付金）の分だけコードが法定から1ずれる
132047,revenue,,20,,,2019,2019,map,20,,三鷹市公式CSVの一般会計款名称・項名称を全採用年度で確認した旧年度の対応。款名「諸収入」がマスタと一致。歳入は款08（自動車取得税交付金）の分だけコードが法定から1ずれる
132047,revenue,,20,,,2014,2018,map,21,,三鷹市公式CSVの一般会計款名称・項名称を全採用年度で確認した旧年度の対応。款名「市債」。マスタの表記は「市(町村)債」。歳入は款08（自動車取得税交付金）の分だけコードが法定から1ずれる
132047,revenue,,21,,,2019,2019,map,21,,三鷹市公式CSVの一般会計款名称・項名称を全採用年度で確認した旧年度の対応。款名「市債」。マスタの表記は「市(町村)債」。歳入は款08（自動車取得税交付金）の分だけコードが法定から1ずれる
132047,revenue,,07,,,2014,2018,historical,,,三鷹市公式CSVの一般会計款名称・項名称を全採用年度で確認した旧年度の対応。款名「自動車取得税交付金」。現行の法定様式に無いが団体固有の追加でもない — 2019年に廃止され環境性能割交付金へ移行した旧法定区分。収録が平成28年度からなので残っている
132047,revenue,,07,,,2019,2019,historical,,,三鷹市公式CSVの一般会計款名称・項名称を全採用年度で確認した旧年度の対応。款名「自動車取得税交付金」。現行の法定様式に無いが団体固有の追加でもない — 2019年に廃止され環境性能割交付金へ移行した旧法定区分。収録が平成28年度からなので残っている
132047,revenue,,01,市民税,,2014,2018,map,1,1,三鷹市公式CSVの一般会計款名称・項名称を全採用年度で確認した旧年度の対応。マスタの表記は「市町村民税」。マスタの「市(町村)」「都(道府県)」は市か町村か（都か道府県か）で読み替える様式の記法。市の読みで同じ項
132047,revenue,,01,市民税,,2019,2019,map,1,1,三鷹市公式CSVの一般会計款名称・項名称を全採用年度で確認した旧年度の対応。マスタの表記は「市町村民税」。マスタの「市(町村)」「都(道府県)」は市か町村か（都か道府県か）で読み替える様式の記法。市の読みで同じ項
132047,revenue,,01,市たばこ税,,2014,2018,map,1,4,三鷹市公式CSVの一般会計款名称・項名称を全採用年度で確認した旧年度の対応。マスタの表記は「市町村たばこ税」。マスタの「市(町村)」「都(道府県)」は市か町村か（都か道府県か）で読み替える様式の記法。市の読みで同じ項
132047,revenue,,01,市たばこ税,,2019,2019,map,1,4,三鷹市公式CSVの一般会計款名称・項名称を全採用年度で確認した旧年度の対応。マスタの表記は「市町村たばこ税」。マスタの「市(町村)」「都(道府県)」は市か町村か（都か道府県か）で読み替える様式の記法。市の読みで同じ項
132047,revenue,,14,都負担金,,2014,2018,map,15,1,三鷹市公式CSVの一般会計款名称・項名称を全採用年度で確認した旧年度の対応。マスタの表記は「都(道府県)負担金」。マスタの「市(町村)」「都(道府県)」は市か町村か（都か道府県か）で読み替える様式の記法。市の読みで同じ項
132047,revenue,,15,都負担金,,2019,2019,map,15,1,三鷹市公式CSVの一般会計款名称・項名称を全採用年度で確認した旧年度の対応。マスタの表記は「都(道府県)負担金」。マスタの「市(町村)」「都(道府県)」は市か町村か（都か道府県か）で読み替える様式の記法。市の読みで同じ項
132047,revenue,,14,都補助金,,2014,2018,map,15,2,三鷹市公式CSVの一般会計款名称・項名称を全採用年度で確認した旧年度の対応。マスタの表記は「都(道府県)補助金」。マスタの「市(町村)」「都(道府県)」は市か町村か（都か道府県か）で読み替える様式の記法。市の読みで同じ項
132047,revenue,,15,都補助金,,2019,2019,map,15,2,三鷹市公式CSVの一般会計款名称・項名称を全採用年度で確認した旧年度の対応。マスタの表記は「都(道府県)補助金」。マスタの「市(町村)」「都(道府県)」は市か町村か（都か道府県か）で読み替える様式の記法。市の読みで同じ項
132047,revenue,,19,市預金利子,,2014,2018,map,20,2,三鷹市公式CSVの一般会計款名称・項名称を全採用年度で確認した旧年度の対応。マスタの表記は「市(町村)預金利子」。マスタの「市(町村)」「都(道府県)」は市か町村か（都か道府県か）で読み替える様式の記法。市の読みで同じ項
132047,revenue,,20,市預金利子,,2019,2019,map,20,2,三鷹市公式CSVの一般会計款名称・項名称を全採用年度で確認した旧年度の対応。マスタの表記は「市(町村)預金利子」。マスタの「市(町村)」「都(道府県)」は市か町村か（都か道府県か）で読み替える様式の記法。市の読みで同じ項
132047,revenue,,20,市債,,2014,2018,map,21,1,三鷹市公式CSVの一般会計款名称・項名称を全採用年度で確認した旧年度の対応。マスタの表記は「市(町村)債」。マスタの「市(町村)」「都(道府県)」は市か町村か（都か道府県か）で読み替える様式の記法。市の読みで同じ項
132047,revenue,,21,市債,,2019,2019,map,21,1,三鷹市公式CSVの一般会計款名称・項名称を全採用年度で確認した旧年度の対応。マスタの表記は「市(町村)債」。マスタの「市(町村)」「都(道府県)」は市か町村か（都か道府県か）で読み替える様式の記法。市の読みで同じ項
132047,revenue,,02,航空機燃料譲与税,,2014,2018,addition,2,,三鷹市公式CSVの一般会計款名称・項名称を全採用年度で確認した旧年度の対応。法定の地方譲与税の項に無いが、様式の歳入の備考が航空機燃料譲与税法第1条の空港関係市町村に項の追加を認めている。その条件付き追加
132047,revenue,,02,航空機燃料譲与税,,2019,2019,addition,2,,三鷹市公式CSVの一般会計款名称・項名称を全採用年度で確認した旧年度の対応。法定の地方譲与税の項に無いが、様式の歳入の備考が航空機燃料譲与税法第1条の空港関係市町村に項の追加を認めている。その条件付き追加
132047,revenue,,08,新型コロナウイルス感染症対策地方税減収補填特別交付金,,2014,2018,addition,9,,三鷹市公式CSVの一般会計款名称・項名称を全採用年度で確認した旧年度の対応。現行の法定様式に無い時限の交付金（令和2年度の税制対応）。地方特例交付金の款の下に市が計上した区分
132047,revenue,,09,新型コロナウイルス感染症対策地方税減収補填特別交付金,,2019,2019,addition,9,,三鷹市公式CSVの一般会計款名称・項名称を全採用年度で確認した旧年度の対応。現行の法定様式に無い時限の交付金（令和2年度の税制対応）。地方特例交付金の款の下に市が計上した区分
132047,expenditure,,12,,,2014,2019,map,13,,2014〜2019年度の原典の款12は諸支出金。2020年度以降の予備費とは別科目として現行款13へ対応
132047,expenditure,,13,,,2014,2019,map,14,,2016〜2019年度当初予算の原典の款13は予備費。法定款14へ対応
131016,expenditure,介護保険,1,,,2022,2022,map,1,,2022年度 介護保険特別会計 https://www.city.chiyoda.lg.jp/documents/583/r4yosansho.pdf 物理頁392以降。款名称「総務費」が会計別マスタと完全一致
131016,expenditure,介護保険,1,総務管理費,,2022,2022,map,1,1,2022年度 介護保険特別会計 https://www.city.chiyoda.lg.jp/documents/583/r4yosansho.pdf 物理頁392以降。款名称「総務費」が会計別マスタと完全一致。項名称「総務管理費」も完全一致
131016,expenditure,介護保険,7,,,2022,2022,map,11,,2022年度 介護保険特別会計 https://www.city.chiyoda.lg.jp/documents/583/r4yosansho.pdf 物理頁392以降。款名称「予備費」が会計別マスタと完全一致
131016,expenditure,介護保険,7,予備費,,2022,2022,map,11,1,2022年度 介護保険特別会計 https://www.city.chiyoda.lg.jp/documents/583/r4yosansho.pdf 物理頁392以降。款名称「予備費」が会計別マスタと完全一致。項名称「予備費」も完全一致
131016,expenditure,介護保険,3,,,2022,2022,map,3,,2022年度 介護保険特別会計 https://www.city.chiyoda.lg.jp/documents/583/r4yosansho.pdf 物理頁392以降。款名称「地域支援事業費」が会計別マスタと完全一致
131016,expenditure,介護保険,4,,,2022,2022,map,4,,2022年度 介護保険特別会計 https://www.city.chiyoda.lg.jp/documents/583/r4yosansho.pdf 物理頁392以降。款名称「財政安定化基金拠出金」が会計別マスタと完全一致
131016,expenditure,介護保険,3,介護予防・生活支援サービス事業費,,2022,2022,map,3,2,2022年度 介護保険特別会計 https://www.city.chiyoda.lg.jp/documents/583/r4yosansho.pdf 物理頁392以降。款名称「地域支援事業費」が会計別マスタと完全一致。項名称「介護予防・生活支援サービス事業費」も完全一致
131016,expenditure,介護保険,5,,,2022,2022,map,6,,2022年度 介護保険特別会計 https://www.city.chiyoda.lg.jp/documents/583/r4yosansho.pdf 物理頁392以降。款名称「基金積立金」が会計別マスタと完全一致
131016,expenditure,介護保険,5,基金積立金,,2022,2022,map,6,1,2022年度 介護保険特別会計 https://www.city.chiyoda.lg.jp/documents/583/r4yosansho.pdf 物理頁392以降。款名称「基金積立金」が会計別マスタと完全一致。項名称「基金積立金」も完全一致
131016,expenditure,介護保険,3,一般介護予防事業費,,2022,2022,map,3,1,2022年度 介護保険特別会計 https://www.city.chiyoda.lg.jp/documents/583/r4yosansho.pdf 物理頁392以降。款名称「地域支援事業費」が会計別マスタと完全一致。項名称「一般介護予防事業費」も完全一致
131016,expenditure,介護保険,3,包括的支援事業・任意事業費,,2022,2022,map,3,3,2022年度 介護保険特別会計 https://www.city.chiyoda.lg.jp/documents/583/r4yosansho.pdf 物理頁392以降。款名称「地域支援事業費」が会計別マスタと完全一致。項名称「包括的支援事業・任意事業費」も完全一致
131016,expenditure,介護保険,2,,,2022,2022,map,2,,2022年度 介護保険特別会計 https://www.city.chiyoda.lg.jp/documents/583/r4yosansho.pdf 物理頁392以降。款名称「保険給付費」が会計別マスタと完全一致
131016,revenue,介護保険,3,,,2022,2022,map,2,,2022年度 介護保険特別会計 https://www.city.chiyoda.lg.jp/documents/583/r4yosansho.pdf 物理頁360以降。款名称「国庫支出金」が会計別マスタと完全一致
131016,revenue,介護保険,3,国庫補助金,,2022,2022,map,2,1,2022年度 介護保険特別会計 https://www.city.chiyoda.lg.jp/documents/583/r4yosansho.pdf 物理頁360以降。款名称「国庫支出金」が会計別マスタと完全一致。項名称「国庫補助金」も完全一致
131016,revenue,介護保険,2,,,2022,2022,map,11,,2022年度 介護保険特別会計 https://www.city.chiyoda.lg.jp/documents/583/r4yosansho.pdf 物理頁360以降。款名称「使用料及び手数料」が会計別マスタと完全一致
131016,revenue,介護保険,2,手数料,,2022,2022,map,11,1,2022年度 介護保険特別会計 https://www.city.chiyoda.lg.jp/documents/583/r4yosansho.pdf 物理頁360以降。款名称「使用料及び手数料」が会計別マスタと完全一致。項名称「手数料」も完全一致
131016,revenue,介護保険,4,,,2022,2022,map,3,,2022年度 介護保険特別会計 https://www.city.chiyoda.lg.jp/documents/583/r4yosansho.pdf 物理頁360以降。款名称「支払基金交付金」が会計別マスタと完全一致
131016,revenue,介護保険,4,支払基金交付金,,2022,2022,map,3,1,2022年度 介護保険特別会計 https://www.city.chiyoda.lg.jp/documents/583/r4yosansho.pdf 物理頁360以降。款名称「支払基金交付金」が会計別マスタと完全一致。項名称「支払基金交付金」も完全一致
131016,revenue,介護保険,3,国庫負担金,,2022,2022,map,2,2,2022年度 介護保険特別会計 https://www.city.chiyoda.lg.jp/documents/583/r4yosansho.pdf 物理頁360以降。款名称「国庫支出金」が会計別マスタと完全一致。項名称「国庫負担金」も完全一致
131016,revenue,介護保険,6,,,2022,2022,map,12,,2022年度 介護保険特別会計 https://www.city.chiyoda.lg.jp/documents/583/r4yosansho.pdf 物理頁360以降。款名称「財産収入」が会計別マスタと完全一致
131016,revenue,介護保険,6,財産運用収入,,2022,2022,map,12,1,2022年度 介護保険特別会計 https://www.city.chiyoda.lg.jp/documents/583/r4yosansho.pdf 物理頁360以降。款名称「財産収入」が会計別マスタと完全一致。項名称「財産運用収入」も完全一致
131016,revenue,介護保険,8,,,2022,2022,map,8,,2022年度 介護保険特別会計 https://www.city.chiyoda.lg.jp/documents/583/r4yosansho.pdf 物理頁360以降。款名称「繰越金」が会計別マスタと完全一致
131016,revenue,介護保険,8,繰越金,,2022,2022,map,8,1,2022年度 介護保険特別会計 https://www.city.chiyoda.lg.jp/documents/583/r4yosansho.pdf 物理頁360以降。款名称「繰越金」が会計別マスタと完全一致。項名称「繰越金」も完全一致
131016,expenditure,後期高齢者医療,1,,,2022,2022,map,1,,2022年度 後期高齢者医療特別会計 https://www.city.chiyoda.lg.jp/documents/583/r4yosansho.pdf 物理頁468以降。款名称「総務費」が会計別マスタと完全一致
131016,expenditure,後期高齢者医療,1,総務管理費,,2022,2022,map,1,1,2022年度 後期高齢者医療特別会計 https://www.city.chiyoda.lg.jp/documents/583/r4yosansho.pdf 物理頁468以降。款名称「総務費」が会計別マスタと完全一致。項名称「総務管理費」も完全一致
131016,expenditure,後期高齢者医療,5,,,2022,2022,map,7,,2022年度 後期高齢者医療特別会計 https://www.city.chiyoda.lg.jp/documents/583/r4yosansho.pdf 物理頁468以降。款名称「予備費」が会計別マスタと完全一致
131016,expenditure,後期高齢者医療,5,予備費,,2022,2022,map,7,1,2022年度 後期高齢者医療特別会計 https://www.city.chiyoda.lg.jp/documents/583/r4yosansho.pdf 物理頁468以降。款名称「予備費」が会計別マスタと完全一致。項名称「予備費」も完全一致
131016,revenue,後期高齢者医療,2,,,2022,2022,map,5,,2022年度 後期高齢者医療特別会計 https://www.city.chiyoda.lg.jp/documents/583/r4yosansho.pdf 物理頁448以降。款名称「使用料及び手数料」が会計別マスタと完全一致
131016,revenue,後期高齢者医療,2,手数料,,2022,2022,map,5,1,2022年度 後期高齢者医療特別会計 https://www.city.chiyoda.lg.jp/documents/583/r4yosansho.pdf 物理頁448以降。款名称「使用料及び手数料」が会計別マスタと完全一致。項名称「手数料」も完全一致
131016,revenue,後期高齢者医療,3,,,2022,2022,map,6,,2022年度 後期高齢者医療特別会計 https://www.city.chiyoda.lg.jp/documents/583/r4yosansho.pdf 物理頁448以降。款名称「国庫支出金」が会計別マスタと完全一致
131016,revenue,後期高齢者医療,5,,,2022,2022,map,3,,2022年度 後期高齢者医療特別会計 https://www.city.chiyoda.lg.jp/documents/583/r4yosansho.pdf 物理頁448以降。款名称「繰越金」が会計別マスタと完全一致
131016,revenue,後期高齢者医療,5,繰越金,,2022,2022,map,3,1,2022年度 後期高齢者医療特別会計 https://www.city.chiyoda.lg.jp/documents/583/r4yosansho.pdf 物理頁448以降。款名称「繰越金」が会計別マスタと完全一致。項名称「繰越金」も完全一致
131016,revenue,後期高齢者医療,4,,,2022,2022,map,2,,2022年度 後期高齢者医療特別会計 https://www.city.chiyoda.lg.jp/documents/583/r4yosansho.pdf 物理頁448以降。款名称「繰入金」が会計別マスタと完全一致
131016,expenditure,国民健康保険,1,,,2022,2022,map,1,,2022年度 国民健康保険事業会計 https://www.city.chiyoda.lg.jp/documents/583/r4yosansho.pdf 物理頁306以降。款名称「総務費」が会計別マスタと完全一致
131016,expenditure,国民健康保険,1,総務管理費,,2022,2022,map,1,1,2022年度 国民健康保険事業会計 https://www.city.chiyoda.lg.jp/documents/583/r4yosansho.pdf 物理頁306以降。款名称「総務費」が会計別マスタと完全一致。項名称「総務管理費」も完全一致
131016,expenditure,国民健康保険,2,,,2022,2022,map,2,,2022年度 国民健康保険事業会計 https://www.city.chiyoda.lg.jp/documents/583/r4yosansho.pdf 物理頁306以降。款名称「保険給付費」が会計別マスタと完全一致
131016,expenditure,国民健康保険,2,出産育児諸費,,2022,2022,map,2,3,2022年度 国民健康保険事業会計 https://www.city.chiyoda.lg.jp/documents/583/r4yosansho.pdf 物理頁306以降。款名称「保険給付費」が会計別マスタと完全一致。項名称「出産育児諸費」も完全一致
131016,expenditure,国民健康保険,7,,,2022,2022,map,10,,2022年度 国民健康保険事業会計 https://www.city.chiyoda.lg.jp/documents/583/r4yosansho.pdf 物理頁306以降。款名称「予備費」が会計別マスタと完全一致
131016,expenditure,国民健康保険,7,予備費,,2022,2022,map,10,1,2022年度 国民健康保険事業会計 https://www.city.chiyoda.lg.jp/documents/583/r4yosansho.pdf 物理頁306以降。款名称「予備費」が会計別マスタと完全一致。項名称「予備費」も完全一致
131016,expenditure,国民健康保険,3,,,2022,2022,map,3,,2022年度 国民健康保険事業会計 https://www.city.chiyoda.lg.jp/documents/583/r4yosansho.pdf 物理頁306以降。款名称「国民健康保険事業費納付金」が会計別マスタと完全一致
131016,expenditure,国民健康保険,3,介護納付金分,,2022,2022,map,3,3,2022年度 国民健康保険事業会計 https://www.city.chiyoda.lg.jp/documents/583/r4yosansho.pdf 物理頁306以降。款名称「国民健康保険事業費納付金」が会計別マスタと完全一致。項名称「介護納付金分」も完全一致
131016,expenditure,国民健康保険,2,療養諸費,,2022,2022,map,2,1,2022年度 国民健康保険事業会計 https://www.city.chiyoda.lg.jp/documents/583/r4yosansho.pdf 物理頁306以降。款名称「保険給付費」が会計別マスタと完全一致。項名称「療養諸費」も完全一致
131016,expenditure,国民健康保険,2,移送費,,2022,2022,map,2,5,2022年度 国民健康保険事業会計 https://www.city.chiyoda.lg.jp/documents/583/r4yosansho.pdf 物理頁306以降。款名称「保険給付費」が会計別マスタと完全一致。項名称「移送費」も完全一致
131016,expenditure,国民健康保険,3,後期高齢者支援金等分,,2022,2022,map,3,2,2022年度 国民健康保険事業会計 https://www.city.chiyoda.lg.jp/documents/583/r4yosansho.pdf 物理頁306以降。款名称「国民健康保険事業費納付金」が会計別マスタと完全一致。項名称「後期高齢者支援金等分」も完全一致
131016,expenditure,国民健康保険,2,傷病手当金,,2022,2022,map,2,4,2022年度 国民健康保険事業会計 https://www.city.chiyoda.lg.jp/documents/583/r4yosansho.pdf 物理頁306以降。款名称「保険給付費」が会計別マスタと完全一致。項名称「傷病手当金」も完全一致
131016,expenditure,国民健康保険,2,高額療養費,,2022,2022,map,2,2,2022年度 国民健康保険事業会計 https://www.city.chiyoda.lg.jp/documents/583/r4yosansho.pdf 物理頁306以降。款名称「保険給付費」が会計別マスタと完全一致。項名称「高額療養費」も完全一致
131016,expenditure,国民健康保険,2,結核・精神医療給付金,,2022,2022,map,2,6,2022年度 国民健康保険事業会計 https://www.city.chiyoda.lg.jp/documents/583/r4yosansho.pdf 物理頁306以降。款名称「保険給付費」が会計別マスタと完全一致。項名称「結核・精神医療給付金」も完全一致
131016,expenditure,国民健康保険,3,医療給付費分,,2022,2022,map,3,1,2022年度 国民健康保険事業会計 https://www.city.chiyoda.lg.jp/documents/583/r4yosansho.pdf 物理頁306以降。款名称「国民健康保険事業費納付金」が会計別マスタと完全一致。項名称「医療給付費分」も完全一致
131016,expenditure,国民健康保険,5,,,2022,2022,map,4,,2022年度 国民健康保険事業会計 https://www.city.chiyoda.lg.jp/documents/583/r4yosansho.pdf 物理頁306以降。款名称「保健事業費」が会計別マスタと完全一致
131016,expenditure,国民健康保険,5,保健事業費,,2022,2022,map,4,1,2022年度 国民健康保険事業会計 https://www.city.chiyoda.lg.jp/documents/583/r4yosansho.pdf 物理頁306以降。款名称「保健事業費」が会計別マスタと完全一致。項名称「保健事業費」も完全一致
131016,revenue,国民健康保険,3,,,2022,2022,map,12,,2022年度 国民健康保険事業会計 https://www.city.chiyoda.lg.jp/documents/583/r4yosansho.pdf 物理頁284以降。款名称「使用料及び手数料」が会計別マスタと完全一致
131016,revenue,国民健康保険,3,手数料,,2022,2022,map,12,1,2022年度 国民健康保険事業会計 https://www.city.chiyoda.lg.jp/documents/583/r4yosansho.pdf 物理頁284以降。款名称「使用料及び手数料」が会計別マスタと完全一致。項名称「手数料」も完全一致
131016,revenue,国民健康保険,7,,,2022,2022,map,9,,2022年度 国民健康保険事業会計 https://www.city.chiyoda.lg.jp/documents/583/r4yosansho.pdf 物理頁284以降。款名称「繰越金」が会計別マスタと完全一致
131016,revenue,国民健康保険,7,繰越金,,2022,2022,map,9,1,2022年度 国民健康保険事業会計 https://www.city.chiyoda.lg.jp/documents/583/r4yosansho.pdf 物理頁284以降。款名称「繰越金」が会計別マスタと完全一致。項名称「繰越金」も完全一致
131016,revenue,国民健康保険,2,,,2022,2022,map,2,,2022年度 国民健康保険事業会計 https://www.city.chiyoda.lg.jp/documents/583/r4yosansho.pdf 物理頁284以降。款名称「一部負担金」が会計別マスタと完全一致
131016,revenue,国民健康保険,4,,,2022,2022,map,3,,2022年度 国民健康保険事業会計 https://www.city.chiyoda.lg.jp/documents/583/r4yosansho.pdf 物理頁284以降。款名称「国庫支出金」が会計別マスタと完全一致
131016,revenue,国民健康保険,4,国庫補助金,,2022,2022,map,3,1,2022年度 国民健康保険事業会計 https://www.city.chiyoda.lg.jp/documents/583/r4yosansho.pdf 物理頁284以降。款名称「国庫支出金」が会計別マスタと完全一致。項名称「国庫補助金」も完全一致
131016,expenditure,介護保険,1,,,2023,2023,map,1,,2023年度 介護保険特別会計 https://www.city.chiyoda.lg.jp/documents/583/r5yosansho.pdf 物理頁392以降。款名称「総務費」が会計別マスタと完全一致
131016,expenditure,介護保険,1,総務管理費,,2023,2023,map,1,1,2023年度 介護保険特別会計 https://www.city.chiyoda.lg.jp/documents/583/r5yosansho.pdf 物理頁392以降。款名称「総務費」が会計別マスタと完全一致。項名称「総務管理費」も完全一致
131016,expenditure,介護保険,7,,,2023,2023,map,11,,2023年度 介護保険特別会計 https://www.city.chiyoda.lg.jp/documents/583/r5yosansho.pdf 物理頁392以降。款名称「予備費」が会計別マスタと完全一致
131016,expenditure,介護保険,7,予備費,,2023,2023,map,11,1,2023年度 介護保険特別会計 https://www.city.chiyoda.lg.jp/documents/583/r5yosansho.pdf 物理頁392以降。款名称「予備費」が会計別マスタと完全一致。項名称「予備費」も完全一致
131016,expenditure,介護保険,3,,,2023,2023,map,3,,2023年度 介護保険特別会計 https://www.city.chiyoda.lg.jp/documents/583/r5yosansho.pdf 物理頁392以降。款名称「地域支援事業費」が会計別マスタと完全一致
131016,expenditure,介護保険,3,介護予防・生活支援サービス事業費,,2023,2023,map,3,2,2023年度 介護保険特別会計 https://www.city.chiyoda.lg.jp/documents/583/r5yosansho.pdf 物理頁392以降。款名称「地域支援事業費」が会計別マスタと完全一致。項名称「介護予防・生活支援サービス事業費」も完全一致
131016,expenditure,介護保険,5,,,2023,2023,map,6,,2023年度 介護保険特別会計 https://www.city.chiyoda.lg.jp/documents/583/r5yosansho.pdf 物理頁392以降。款名称「基金積立金」が会計別マスタと完全一致
131016,expenditure,介護保険,5,基金積立金,,2023,2023,map,6,1,2023年度 介護保険特別会計 https://www.city.chiyoda.lg.jp/documents/583/r5yosansho.pdf 物理頁392以降。款名称「基金積立金」が会計別マスタと完全一致。項名称「基金積立金」も完全一致
131016,expenditure,介護保険,4,,,2023,2023,map,4,,2023年度 介護保険特別会計 https://www.city.chiyoda.lg.jp/documents/583/r5yosansho.pdf 物理頁392以降。款名称「財政安定化基金拠出金」が会計別マスタと完全一致
131016,expenditure,介護保険,3,一般介護予防事業費,,2023,2023,map,3,1,2023年度 介護保険特別会計 https://www.city.chiyoda.lg.jp/documents/583/r5yosansho.pdf 物理頁392以降。款名称「地域支援事業費」が会計別マスタと完全一致。項名称「一般介護予防事業費」も完全一致
131016,expenditure,介護保険,3,包括的支援事業・任意事業費,,2023,2023,map,3,3,2023年度 介護保険特別会計 https://www.city.chiyoda.lg.jp/documents/583/r5yosansho.pdf 物理頁392以降。款名称「地域支援事業費」が会計別マスタと完全一致。項名称「包括的支援事業・任意事業費」も完全一致
131016,expenditure,介護保険,2,,,2023,2023,map,2,,2023年度 介護保険特別会計 https://www.city.chiyoda.lg.jp/documents/583/r5yosansho.pdf 物理頁392以降。款名称「保険給付費」が会計別マスタと完全一致
131016,revenue,介護保険,3,,,2023,2023,map,2,,2023年度 介護保険特別会計 https://www.city.chiyoda.lg.jp/documents/583/r5yosansho.pdf 物理頁360以降。款名称「国庫支出金」が会計別マスタと完全一致
131016,revenue,介護保険,3,国庫補助金,,2023,2023,map,2,1,2023年度 介護保険特別会計 https://www.city.chiyoda.lg.jp/documents/583/r5yosansho.pdf 物理頁360以降。款名称「国庫支出金」が会計別マスタと完全一致。項名称「国庫補助金」も完全一致
131016,revenue,介護保険,2,,,2023,2023,map,11,,2023年度 介護保険特別会計 https://www.city.chiyoda.lg.jp/documents/583/r5yosansho.pdf 物理頁360以降。款名称「使用料及び手数料」が会計別マスタと完全一致
131016,revenue,介護保険,2,手数料,,2023,2023,map,11,1,2023年度 介護保険特別会計 https://www.city.chiyoda.lg.jp/documents/583/r5yosansho.pdf 物理頁360以降。款名称「使用料及び手数料」が会計別マスタと完全一致。項名称「手数料」も完全一致
131016,revenue,介護保険,4,,,2023,2023,map,3,,2023年度 介護保険特別会計 https://www.city.chiyoda.lg.jp/documents/583/r5yosansho.pdf 物理頁360以降。款名称「支払基金交付金」が会計別マスタと完全一致
131016,revenue,介護保険,4,支払基金交付金,,2023,2023,map,3,1,2023年度 介護保険特別会計 https://www.city.chiyoda.lg.jp/documents/583/r5yosansho.pdf 物理頁360以降。款名称「支払基金交付金」が会計別マスタと完全一致。項名称「支払基金交付金」も完全一致
131016,revenue,介護保険,8,,,2023,2023,map,8,,2023年度 介護保険特別会計 https://www.city.chiyoda.lg.jp/documents/583/r5yosansho.pdf 物理頁360以降。款名称「繰越金」が会計別マスタと完全一致
131016,revenue,介護保険,8,繰越金,,2023,2023,map,8,1,2023年度 介護保険特別会計 https://www.city.chiyoda.lg.jp/documents/583/r5yosansho.pdf 物理頁360以降。款名称「繰越金」が会計別マスタと完全一致。項名称「繰越金」も完全一致
131016,revenue,介護保険,3,国庫負担金,,2023,2023,map,2,2,2023年度 介護保険特別会計 https://www.city.chiyoda.lg.jp/documents/583/r5yosansho.pdf 物理頁360以降。款名称「国庫支出金」が会計別マスタと完全一致。項名称「国庫負担金」も完全一致
131016,revenue,介護保険,6,,,2023,2023,map,12,,2023年度 介護保険特別会計 https://www.city.chiyoda.lg.jp/documents/583/r5yosansho.pdf 物理頁360以降。款名称「財産収入」が会計別マスタと完全一致
131016,revenue,介護保険,6,財産運用収入,,2023,2023,map,12,1,2023年度 介護保険特別会計 https://www.city.chiyoda.lg.jp/documents/583/r5yosansho.pdf 物理頁360以降。款名称「財産収入」が会計別マスタと完全一致。項名称「財産運用収入」も完全一致
131016,expenditure,後期高齢者医療,1,,,2023,2023,map,1,,2023年度 後期高齢者医療特別会計 https://www.city.chiyoda.lg.jp/documents/583/r5yosansho.pdf 物理頁468以降。款名称「総務費」が会計別マスタと完全一致
131016,expenditure,後期高齢者医療,1,総務管理費,,2023,2023,map,1,1,2023年度 後期高齢者医療特別会計 https://www.city.chiyoda.lg.jp/documents/583/r5yosansho.pdf 物理頁468以降。款名称「総務費」が会計別マスタと完全一致。項名称「総務管理費」も完全一致
131016,expenditure,後期高齢者医療,5,,,2023,2023,map,7,,2023年度 後期高齢者医療特別会計 https://www.city.chiyoda.lg.jp/documents/583/r5yosansho.pdf 物理頁468以降。款名称「予備費」が会計別マスタと完全一致
131016,expenditure,後期高齢者医療,5,予備費,,2023,2023,map,7,1,2023年度 後期高齢者医療特別会計 https://www.city.chiyoda.lg.jp/documents/583/r5yosansho.pdf 物理頁468以降。款名称「予備費」が会計別マスタと完全一致。項名称「予備費」も完全一致
131016,revenue,後期高齢者医療,2,,,2023,2023,map,5,,2023年度 後期高齢者医療特別会計 https://www.city.chiyoda.lg.jp/documents/583/r5yosansho.pdf 物理頁448以降。款名称「使用料及び手数料」が会計別マスタと完全一致
131016,revenue,後期高齢者医療,2,手数料,,2023,2023,map,5,1,2023年度 後期高齢者医療特別会計 https://www.city.chiyoda.lg.jp/documents/583/r5yosansho.pdf 物理頁448以降。款名称「使用料及び手数料」が会計別マスタと完全一致。項名称「手数料」も完全一致
131016,revenue,後期高齢者医療,3,,,2023,2023,map,6,,2023年度 後期高齢者医療特別会計 https://www.city.chiyoda.lg.jp/documents/583/r5yosansho.pdf 物理頁448以降。款名称「国庫支出金」が会計別マスタと完全一致
131016,revenue,後期高齢者医療,4,,,2023,2023,map,2,,2023年度 後期高齢者医療特別会計 https://www.city.chiyoda.lg.jp/documents/583/r5yosansho.pdf 物理頁448以降。款名称「繰入金」が会計別マスタと完全一致
131016,revenue,後期高齢者医療,5,,,2023,2023,map,3,,2023年度 後期高齢者医療特別会計 https://www.city.chiyoda.lg.jp/documents/583/r5yosansho.pdf 物理頁448以降。款名称「繰越金」が会計別マスタと完全一致
131016,revenue,後期高齢者医療,5,繰越金,,2023,2023,map,3,1,2023年度 後期高齢者医療特別会計 https://www.city.chiyoda.lg.jp/documents/583/r5yosansho.pdf 物理頁448以降。款名称「繰越金」が会計別マスタと完全一致。項名称「繰越金」も完全一致
131016,expenditure,国民健康保険,1,,,2023,2023,map,1,,2023年度 国民健康保険事業会計 https://www.city.chiyoda.lg.jp/documents/583/r5yosansho.pdf 物理頁306以降。款名称「総務費」が会計別マスタと完全一致
131016,expenditure,国民健康保険,1,総務管理費,,2023,2023,map,1,1,2023年度 国民健康保険事業会計 https://www.city.chiyoda.lg.jp/documents/583/r5yosansho.pdf 物理頁306以降。款名称「総務費」が会計別マスタと完全一致。項名称「総務管理費」も完全一致
131016,expenditure,国民健康保険,2,,,2023,2023,map,2,,2023年度 国民健康保険事業会計 https://www.city.chiyoda.lg.jp/documents/583/r5yosansho.pdf 物理頁306以降。款名称「保険給付費」が会計別マスタと完全一致
131016,expenditure,国民健康保険,2,出産育児諸費,,2023,2023,map,2,3,2023年度 国民健康保険事業会計 https://www.city.chiyoda.lg.jp/documents/583/r5yosansho.pdf 物理頁306以降。款名称「保険給付費」が会計別マスタと完全一致。項名称「出産育児諸費」も完全一致
131016,expenditure,国民健康保険,7,,,2023,2023,map,10,,2023年度 国民健康保険事業会計 https://www.city.chiyoda.lg.jp/documents/583/r5yosansho.pdf 物理頁306以降。款名称「予備費」が会計別マスタと完全一致
131016,expenditure,国民健康保険,7,予備費,,2023,2023,map,10,1,2023年度 国民健康保険事業会計 https://www.city.chiyoda.lg.jp/documents/583/r5yosansho.pdf 物理頁306以降。款名称「予備費」が会計別マスタと完全一致。項名称「予備費」も完全一致
131016,expenditure,国民健康保険,3,,,2023,2023,map,3,,2023年度 国民健康保険事業会計 https://www.city.chiyoda.lg.jp/documents/583/r5yosansho.pdf 物理頁306以降。款名称「国民健康保険事業費納付金」が会計別マスタと完全一致
131016,expenditure,国民健康保険,3,介護納付金分,,2023,2023,map,3,3,2023年度 国民健康保険事業会計 https://www.city.chiyoda.lg.jp/documents/583/r5yosansho.pdf 物理頁306以降。款名称「国民健康保険事業費納付金」が会計別マスタと完全一致。項名称「介護納付金分」も完全一致
131016,expenditure,国民健康保険,3,医療給付費分,,2023,2023,map,3,1,2023年度 国民健康保険事業会計 https://www.city.chiyoda.lg.jp/documents/583/r5yosansho.pdf 物理頁306以降。款名称「国民健康保険事業費納付金」が会計別マスタと完全一致。項名称「医療給付費分」も完全一致
131016,expenditure,国民健康保険,5,,,2023,2023,map,4,,2023年度 国民健康保険事業会計 https://www.city.chiyoda.lg.jp/documents/583/r5yosansho.pdf 物理頁306以降。款名称「保健事業費」が会計別マスタと完全一致
131016,expenditure,国民健康保険,5,保健事業費,,2023,2023,map,4,1,2023年度 国民健康保険事業会計 https://www.city.chiyoda.lg.jp/documents/583/r5yosansho.pdf 物理頁306以降。款名称「保健事業費」が会計別マスタと完全一致。項名称「保健事業費」も完全一致
131016,expenditure,国民健康保険,2,療養諸費,,2023,2023,map,2,1,2023年度 国民健康保険事業会計 https://www.city.chiyoda.lg.jp/documents/583/r5yosansho.pdf 物理頁306以降。款名称「保険給付費」が会計別マスタと完全一致。項名称「療養諸費」も完全一致
131016,expenditure,国民健康保険,2,移送費,,2023,2023,map,2,5,2023年度 国民健康保険事業会計 https://www.city.chiyoda.lg.jp/documents/583/r5yosansho.pdf 物理頁306以降。款名称「保険給付費」が会計別マスタと完全一致。項名称「移送費」も完全一致
131016,expenditure,国民健康保険,3,後期高齢者支援金等分,,2023,2023,map,3,2,2023年度 国民健康保険事業会計 https://www.city.chiyoda.lg.jp/documents/583/r5yosansho.pdf 物理頁306以降。款名称「国民健康保険事業費納付金」が会計別マスタと完全一致。項名称「後期高齢者支援金等分」も完全一致
131016,expenditure,国民健康保険,2,傷病手当金,,2023,2023,map,2,4,2023年度 国民健康保険事業会計 https://www.city.chiyoda.lg.jp/documents/583/r5yosansho.pdf 物理頁306以降。款名称「保険給付費」が会計別マスタと完全一致。項名称「傷病手当金」も完全一致
131016,expenditure,国民健康保険,2,高額療養費,,2023,2023,map,2,2,2023年度 国民健康保険事業会計 https://www.city.chiyoda.lg.jp/documents/583/r5yosansho.pdf 物理頁306以降。款名称「保険給付費」が会計別マスタと完全一致。項名称「高額療養費」も完全一致
131016,expenditure,国民健康保険,2,結核・精神医療給付金,,2023,2023,map,2,6,2023年度 国民健康保険事業会計 https://www.city.chiyoda.lg.jp/documents/583/r5yosansho.pdf 物理頁306以降。款名称「保険給付費」が会計別マスタと完全一致。項名称「結核・精神医療給付金」も完全一致
131016,revenue,国民健康保険,3,,,2023,2023,map,12,,2023年度 国民健康保険事業会計 https://www.city.chiyoda.lg.jp/documents/583/r5yosansho.pdf 物理頁284以降。款名称「使用料及び手数料」が会計別マスタと完全一致
131016,revenue,国民健康保険,3,手数料,,2023,2023,map,12,1,2023年度 国民健康保険事業会計 https://www.city.chiyoda.lg.jp/documents/583/r5yosansho.pdf 物理頁284以降。款名称「使用料及び手数料」が会計別マスタと完全一致。項名称「手数料」も完全一致
131016,revenue,国民健康保険,7,,,2023,2023,map,9,,2023年度 国民健康保険事業会計 https://www.city.chiyoda.lg.jp/documents/583/r5yosansho.pdf 物理頁284以降。款名称「繰越金」が会計別マスタと完全一致
131016,revenue,国民健康保険,7,繰越金,,2023,2023,map,9,1,2023年度 国民健康保険事業会計 https://www.city.chiyoda.lg.jp/documents/583/r5yosansho.pdf 物理頁284以降。款名称「繰越金」が会計別マスタと完全一致。項名称「繰越金」も完全一致
131016,revenue,国民健康保険,2,,,2023,2023,map,2,,2023年度 国民健康保険事業会計 https://www.city.chiyoda.lg.jp/documents/583/r5yosansho.pdf 物理頁284以降。款名称「一部負担金」が会計別マスタと完全一致
131016,revenue,国民健康保険,4,,,2023,2023,map,3,,2023年度 国民健康保険事業会計 https://www.city.chiyoda.lg.jp/documents/583/r5yosansho.pdf 物理頁284以降。款名称「国庫支出金」が会計別マスタと完全一致
131016,revenue,国民健康保険,4,国庫補助金,,2023,2023,map,3,1,2023年度 国民健康保険事業会計 https://www.city.chiyoda.lg.jp/documents/583/r5yosansho.pdf 物理頁284以降。款名称「国庫支出金」が会計別マスタと完全一致。項名称「国庫補助金」も完全一致
131016,expenditure,介護保険,1,,,2024,2024,map,1,,2024年度 介護保険特別会計 https://www.city.chiyoda.lg.jp/documents/583/r6kaikeiyosan.pdf 物理頁392以降。款名称「総務費」が会計別マスタと完全一致
131016,expenditure,介護保険,1,総務管理費,,2024,2024,map,1,1,2024年度 介護保険特別会計 https://www.city.chiyoda.lg.jp/documents/583/r6kaikeiyosan.pdf 物理頁392以降。款名称「総務費」が会計別マスタと完全一致。項名称「総務管理費」も完全一致
131016,expenditure,介護保険,7,,,2024,2024,map,11,,2024年度 介護保険特別会計 https://www.city.chiyoda.lg.jp/documents/583/r6kaikeiyosan.pdf 物理頁392以降。款名称「予備費」が会計別マスタと完全一致
131016,expenditure,介護保険,7,予備費,,2024,2024,map,11,1,2024年度 介護保険特別会計 https://www.city.chiyoda.lg.jp/documents/583/r6kaikeiyosan.pdf 物理頁392以降。款名称「予備費」が会計別マスタと完全一致。項名称「予備費」も完全一致
131016,expenditure,介護保険,3,,,2024,2024,map,3,,2024年度 介護保険特別会計 https://www.city.chiyoda.lg.jp/documents/583/r6kaikeiyosan.pdf 物理頁392以降。款名称「地域支援事業費」が会計別マスタと完全一致
131016,expenditure,介護保険,3,介護予防・生活支援サービス事業費,,2024,2024,map,3,2,2024年度 介護保険特別会計 https://www.city.chiyoda.lg.jp/documents/583/r6kaikeiyosan.pdf 物理頁392以降。款名称「地域支援事業費」が会計別マスタと完全一致。項名称「介護予防・生活支援サービス事業費」も完全一致
131016,expenditure,介護保険,5,,,2024,2024,map,6,,2024年度 介護保険特別会計 https://www.city.chiyoda.lg.jp/documents/583/r6kaikeiyosan.pdf 物理頁392以降。款名称「基金積立金」が会計別マスタと完全一致
131016,expenditure,介護保険,5,基金積立金,,2024,2024,map,6,1,2024年度 介護保険特別会計 https://www.city.chiyoda.lg.jp/documents/583/r6kaikeiyosan.pdf 物理頁392以降。款名称「基金積立金」が会計別マスタと完全一致。項名称「基金積立金」も完全一致
131016,expenditure,介護保険,3,包括的支援事業・任意事業費,,2024,2024,map,3,3,2024年度 介護保険特別会計 https://www.city.chiyoda.lg.jp/documents/583/r6kaikeiyosan.pdf 物理頁392以降。款名称「地域支援事業費」が会計別マスタと完全一致。項名称「包括的支援事業・任意事業費」も完全一致
131016,expenditure,介護保険,4,,,2024,2024,map,4,,2024年度 介護保険特別会計 https://www.city.chiyoda.lg.jp/documents/583/r6kaikeiyosan.pdf 物理頁392以降。款名称「財政安定化基金拠出金」が会計別マスタと完全一致
131016,expenditure,介護保険,3,一般介護予防事業費,,2024,2024,map,3,1,2024年度 介護保険特別会計 https://www.city.chiyoda.lg.jp/documents/583/r6kaikeiyosan.pdf 物理頁392以降。款名称「地域支援事業費」が会計別マスタと完全一致。項名称「一般介護予防事業費」も完全一致
131016,expenditure,介護保険,2,,,2024,2024,map,2,,2024年度 介護保険特別会計 https://www.city.chiyoda.lg.jp/documents/583/r6kaikeiyosan.pdf 物理頁392以降。款名称「保険給付費」が会計別マスタと完全一致
131016,revenue,介護保険,3,,,2024,2024,map,2,,2024年度 介護保険特別会計 https://www.city.chiyoda.lg.jp/documents/583/r6kaikeiyosan.pdf 物理頁360以降。款名称「国庫支出金」が会計別マスタと完全一致
131016,revenue,介護保険,3,国庫補助金,,2024,2024,map,2,1,2024年度 介護保険特別会計 https://www.city.chiyoda.lg.jp/documents/583/r6kaikeiyosan.pdf 物理頁360以降。款名称「国庫支出金」が会計別マスタと完全一致。項名称「国庫補助金」も完全一致
131016,revenue,介護保険,2,,,2024,2024,map,11,,2024年度 介護保険特別会計 https://www.city.chiyoda.lg.jp/documents/583/r6kaikeiyosan.pdf 物理頁360以降。款名称「使用料及び手数料」が会計別マスタと完全一致
131016,revenue,介護保険,2,手数料,,2024,2024,map,11,1,2024年度 介護保険特別会計 https://www.city.chiyoda.lg.jp/documents/583/r6kaikeiyosan.pdf 物理頁360以降。款名称「使用料及び手数料」が会計別マスタと完全一致。項名称「手数料」も完全一致
131016,revenue,介護保険,4,,,2024,2024,map,3,,2024年度 介護保険特別会計 https://www.city.chiyoda.lg.jp/documents/583/r6kaikeiyosan.pdf 物理頁360以降。款名称「支払基金交付金」が会計別マスタと完全一致
131016,revenue,介護保険,4,支払基金交付金,,2024,2024,map,3,1,2024年度 介護保険特別会計 https://www.city.chiyoda.lg.jp/documents/583/r6kaikeiyosan.pdf 物理頁360以降。款名称「支払基金交付金」が会計別マスタと完全一致。項名称「支払基金交付金」も完全一致
131016,revenue,介護保険,8,,,2024,2024,map,8,,2024年度 介護保険特別会計 https://www.city.chiyoda.lg.jp/documents/583/r6kaikeiyosan.pdf 物理頁360以降。款名称「繰越金」が会計別マスタと完全一致
131016,revenue,介護保険,8,繰越金,,2024,2024,map,8,1,2024年度 介護保険特別会計 https://www.city.chiyoda.lg.jp/documents/583/r6kaikeiyosan.pdf 物理頁360以降。款名称「繰越金」が会計別マスタと完全一致。項名称「繰越金」も完全一致
131016,revenue,介護保険,3,国庫負担金,,2024,2024,map,2,2,2024年度 介護保険特別会計 https://www.city.chiyoda.lg.jp/documents/583/r6kaikeiyosan.pdf 物理頁360以降。款名称「国庫支出金」が会計別マスタと完全一致。項名称「国庫負担金」も完全一致
131016,revenue,介護保険,6,,,2024,2024,map,12,,2024年度 介護保険特別会計 https://www.city.chiyoda.lg.jp/documents/583/r6kaikeiyosan.pdf 物理頁360以降。款名称「財産収入」が会計別マスタと完全一致
131016,revenue,介護保険,6,財産運用収入,,2024,2024,map,12,1,2024年度 介護保険特別会計 https://www.city.chiyoda.lg.jp/documents/583/r6kaikeiyosan.pdf 物理頁360以降。款名称「財産収入」が会計別マスタと完全一致。項名称「財産運用収入」も完全一致
131016,expenditure,後期高齢者医療,1,,,2024,2024,map,1,,2024年度 後期高齢者医療特別会計 https://www.city.chiyoda.lg.jp/documents/583/r6kaikeiyosan.pdf 物理頁468以降。款名称「総務費」が会計別マスタと完全一致
131016,expenditure,後期高齢者医療,1,総務管理費,,2024,2024,map,1,1,2024年度 後期高齢者医療特別会計 https://www.city.chiyoda.lg.jp/documents/583/r6kaikeiyosan.pdf 物理頁468以降。款名称「総務費」が会計別マスタと完全一致。項名称「総務管理費」も完全一致
131016,expenditure,後期高齢者医療,5,,,2024,2024,map,7,,2024年度 後期高齢者医療特別会計 https://www.city.chiyoda.lg.jp/documents/583/r6kaikeiyosan.pdf 物理頁468以降。款名称「予備費」が会計別マスタと完全一致
131016,expenditure,後期高齢者医療,5,予備費,,2024,2024,map,7,1,2024年度 後期高齢者医療特別会計 https://www.city.chiyoda.lg.jp/documents/583/r6kaikeiyosan.pdf 物理頁468以降。款名称「予備費」が会計別マスタと完全一致。項名称「予備費」も完全一致
131016,revenue,後期高齢者医療,2,,,2024,2024,map,5,,2024年度 後期高齢者医療特別会計 https://www.city.chiyoda.lg.jp/documents/583/r6kaikeiyosan.pdf 物理頁448以降。款名称「使用料及び手数料」が会計別マスタと完全一致
131016,revenue,後期高齢者医療,2,手数料,,2024,2024,map,5,1,2024年度 後期高齢者医療特別会計 https://www.city.chiyoda.lg.jp/documents/583/r6kaikeiyosan.pdf 物理頁448以降。款名称「使用料及び手数料」が会計別マスタと完全一致。項名称「手数料」も完全一致
131016,revenue,後期高齢者医療,3,,,2024,2024,map,6,,2024年度 後期高齢者医療特別会計 https://www.city.chiyoda.lg.jp/documents/583/r6kaikeiyosan.pdf 物理頁448以降。款名称「国庫支出金」が会計別マスタと完全一致
131016,revenue,後期高齢者医療,5,,,2024,2024,map,3,,2024年度 後期高齢者医療特別会計 https://www.city.chiyoda.lg.jp/documents/583/r6kaikeiyosan.pdf 物理頁448以降。款名称「繰越金」が会計別マスタと完全一致
131016,revenue,後期高齢者医療,5,繰越金,,2024,2024,map,3,1,2024年度 後期高齢者医療特別会計 https://www.city.chiyoda.lg.jp/documents/583/r6kaikeiyosan.pdf 物理頁448以降。款名称「繰越金」が会計別マスタと完全一致。項名称「繰越金」も完全一致
131016,revenue,後期高齢者医療,4,,,2024,2024,map,2,,2024年度 後期高齢者医療特別会計 https://www.city.chiyoda.lg.jp/documents/583/r6kaikeiyosan.pdf 物理頁448以降。款名称「繰入金」が会計別マスタと完全一致
131016,expenditure,国民健康保険,3,,,2024,2024,map,3,,2024年度 国民健康保険事業会計 https://www.city.chiyoda.lg.jp/documents/583/r6kaikeiyosan.pdf 物理頁306以降。款名称「国民健康保険事業費納付金」が会計別マスタと完全一致
131016,expenditure,国民健康保険,3,介護納付金分,,2024,2024,map,3,3,2024年度 国民健康保険事業会計 https://www.city.chiyoda.lg.jp/documents/583/r6kaikeiyosan.pdf 物理頁306以降。款名称「国民健康保険事業費納付金」が会計別マスタと完全一致。項名称「介護納付金分」も完全一致
131016,expenditure,国民健康保険,2,,,2024,2024,map,2,,2024年度 国民健康保険事業会計 https://www.city.chiyoda.lg.jp/documents/583/r6kaikeiyosan.pdf 物理頁306以降。款名称「保険給付費」が会計別マスタと完全一致
131016,expenditure,国民健康保険,2,療養諸費,,2024,2024,map,2,1,2024年度 国民健康保険事業会計 https://www.city.chiyoda.lg.jp/documents/583/r6kaikeiyosan.pdf 物理頁306以降。款名称「保険給付費」が会計別マスタと完全一致。項名称「療養諸費」も完全一致
131016,expenditure,国民健康保険,2,移送費,,2024,2024,map,2,5,2024年度 国民健康保険事業会計 https://www.city.chiyoda.lg.jp/documents/583/r6kaikeiyosan.pdf 物理頁306以降。款名称「保険給付費」が会計別マスタと完全一致。項名称「移送費」も完全一致
131016,expenditure,国民健康保険,3,後期高齢者支援金等分,,2024,2024,map,3,2,2024年度 国民健康保険事業会計 https://www.city.chiyoda.lg.jp/documents/583/r6kaikeiyosan.pdf 物理頁306以降。款名称「国民健康保険事業費納付金」が会計別マスタと完全一致。項名称「後期高齢者支援金等分」も完全一致
131016,expenditure,国民健康保険,3,医療給付費分,,2024,2024,map,3,1,2024年度 国民健康保険事業会計 https://www.city.chiyoda.lg.jp/documents/583/r6kaikeiyosan.pdf 物理頁306以降。款名称「国民健康保険事業費納付金」が会計別マスタと完全一致。項名称「医療給付費分」も完全一致
131016,expenditure,国民健康保険,5,,,2024,2024,map,4,,2024年度 国民健康保険事業会計 https://www.city.chiyoda.lg.jp/documents/583/r6kaikeiyosan.pdf 物理頁306以降。款名称「保健事業費」が会計別マスタと完全一致
131016,expenditure,国民健康保険,5,保健事業費,,2024,2024,map,4,1,2024年度 国民健康保険事業会計 https://www.city.chiyoda.lg.jp/documents/583/r6kaikeiyosan.pdf 物理頁306以降。款名称「保健事業費」が会計別マスタと完全一致。項名称「保健事業費」も完全一致
131016,expenditure,国民健康保険,1,,,2024,2024,map,1,,2024年度 国民健康保険事業会計 https://www.city.chiyoda.lg.jp/documents/583/r6kaikeiyosan.pdf 物理頁306以降。款名称「総務費」が会計別マスタと完全一致
131016,expenditure,国民健康保険,1,総務管理費,,2024,2024,map,1,1,2024年度 国民健康保険事業会計 https://www.city.chiyoda.lg.jp/documents/583/r6kaikeiyosan.pdf 物理頁306以降。款名称「総務費」が会計別マスタと完全一致。項名称「総務管理費」も完全一致
131016,expenditure,国民健康保険,2,出産育児諸費,,2024,2024,map,2,3,2024年度 国民健康保険事業会計 https://www.city.chiyoda.lg.jp/documents/583/r6kaikeiyosan.pdf 物理頁306以降。款名称「保険給付費」が会計別マスタと完全一致。項名称「出産育児諸費」も完全一致
131016,expenditure,国民健康保険,7,,,2024,2024,map,10,,2024年度 国民健康保険事業会計 https://www.city.chiyoda.lg.jp/documents/583/r6kaikeiyosan.pdf 物理頁306以降。款名称「予備費」が会計別マスタと完全一致
131016,expenditure,国民健康保険,7,予備費,,2024,2024,map,10,1,2024年度 国民健康保険事業会計 https://www.city.chiyoda.lg.jp/documents/583/r6kaikeiyosan.pdf 物理頁306以降。款名称「予備費」が会計別マスタと完全一致。項名称「予備費」も完全一致
131016,expenditure,国民健康保険,2,高額療養費,,2024,2024,map,2,2,2024年度 国民健康保険事業会計 https://www.city.chiyoda.lg.jp/documents/583/r6kaikeiyosan.pdf 物理頁306以降。款名称「保険給付費」が会計別マスタと完全一致。項名称「高額療養費」も完全一致
131016,expenditure,国民健康保険,2,結核・精神医療給付金,,2024,2024,map,2,6,2024年度 国民健康保険事業会計 https://www.city.chiyoda.lg.jp/documents/583/r6kaikeiyosan.pdf 物理頁306以降。款名称「保険給付費」が会計別マスタと完全一致。項名称「結核・精神医療給付金」も完全一致
131016,expenditure,国民健康保険,2,傷病手当金,,2024,2024,map,2,4,2024年度 国民健康保険事業会計 https://www.city.chiyoda.lg.jp/documents/583/r6kaikeiyosan.pdf 物理頁306以降。款名称「保険給付費」が会計別マスタと完全一致。項名称「傷病手当金」も完全一致
131016,revenue,国民健康保険,3,,,2024,2024,map,12,,2024年度 国民健康保険事業会計 https://www.city.chiyoda.lg.jp/documents/583/r6kaikeiyosan.pdf 物理頁284以降。款名称「使用料及び手数料」が会計別マスタと完全一致
131016,revenue,国民健康保険,3,手数料,,2024,2024,map,12,1,2024年度 国民健康保険事業会計 https://www.city.chiyoda.lg.jp/documents/583/r6kaikeiyosan.pdf 物理頁284以降。款名称「使用料及び手数料」が会計別マスタと完全一致。項名称「手数料」も完全一致
131016,revenue,国民健康保険,7,,,2024,2024,map,9,,2024年度 国民健康保険事業会計 https://www.city.chiyoda.lg.jp/documents/583/r6kaikeiyosan.pdf 物理頁284以降。款名称「繰越金」が会計別マスタと完全一致
131016,revenue,国民健康保険,7,繰越金,,2024,2024,map,9,1,2024年度 国民健康保険事業会計 https://www.city.chiyoda.lg.jp/documents/583/r6kaikeiyosan.pdf 物理頁284以降。款名称「繰越金」が会計別マスタと完全一致。項名称「繰越金」も完全一致
131016,revenue,国民健康保険,4,,,2024,2024,map,3,,2024年度 国民健康保険事業会計 https://www.city.chiyoda.lg.jp/documents/583/r6kaikeiyosan.pdf 物理頁284以降。款名称「国庫支出金」が会計別マスタと完全一致
131016,revenue,国民健康保険,4,国庫補助金,,2024,2024,map,3,1,2024年度 国民健康保険事業会計 https://www.city.chiyoda.lg.jp/documents/583/r6kaikeiyosan.pdf 物理頁284以降。款名称「国庫支出金」が会計別マスタと完全一致。項名称「国庫補助金」も完全一致
131016,revenue,国民健康保険,2,,,2024,2024,map,2,,2024年度 国民健康保険事業会計 https://www.city.chiyoda.lg.jp/documents/583/r6kaikeiyosan.pdf 物理頁284以降。款名称「一部負担金」が会計別マスタと完全一致
131016,expenditure,介護保険,3,,,2026,2026,map,3,,2026年度 介護保険特別会計 https://www.city.chiyoda.lg.jp/documents/583/r8kaikeiyosan.pdf 物理頁392以降。款名称「地域支援事業費」が会計別マスタと完全一致
131016,expenditure,介護保険,3,介護予防・生活支援サービス事業費,,2026,2026,map,3,2,2026年度 介護保険特別会計 https://www.city.chiyoda.lg.jp/documents/583/r8kaikeiyosan.pdf 物理頁392以降。款名称「地域支援事業費」が会計別マスタと完全一致。項名称「介護予防・生活支援サービス事業費」も完全一致
131016,expenditure,介護保険,5,,,2026,2026,map,6,,2026年度 介護保険特別会計 https://www.city.chiyoda.lg.jp/documents/583/r8kaikeiyosan.pdf 物理頁392以降。款名称「基金積立金」が会計別マスタと完全一致
131016,expenditure,介護保険,5,基金積立金,,2026,2026,map,6,1,2026年度 介護保険特別会計 https://www.city.chiyoda.lg.jp/documents/583/r8kaikeiyosan.pdf 物理頁392以降。款名称「基金積立金」が会計別マスタと完全一致。項名称「基金積立金」も完全一致
131016,expenditure,介護保険,3,包括的支援事業・任意事業費,,2026,2026,map,3,3,2026年度 介護保険特別会計 https://www.city.chiyoda.lg.jp/documents/583/r8kaikeiyosan.pdf 物理頁392以降。款名称「地域支援事業費」が会計別マスタと完全一致。項名称「包括的支援事業・任意事業費」も完全一致
131016,expenditure,介護保険,1,,,2026,2026,map,1,,2026年度 介護保険特別会計 https://www.city.chiyoda.lg.jp/documents/583/r8kaikeiyosan.pdf 物理頁392以降。款名称「総務費」が会計別マスタと完全一致
131016,expenditure,介護保険,1,総務管理費,,2026,2026,map,1,1,2026年度 介護保険特別会計 https://www.city.chiyoda.lg.jp/documents/583/r8kaikeiyosan.pdf 物理頁392以降。款名称「総務費」が会計別マスタと完全一致。項名称「総務管理費」も完全一致
131016,expenditure,介護保険,7,,,2026,2026,map,11,,2026年度 介護保険特別会計 https://www.city.chiyoda.lg.jp/documents/583/r8kaikeiyosan.pdf 物理頁392以降。款名称「予備費」が会計別マスタと完全一致
131016,expenditure,介護保険,7,予備費,,2026,2026,map,11,1,2026年度 介護保険特別会計 https://www.city.chiyoda.lg.jp/documents/583/r8kaikeiyosan.pdf 物理頁392以降。款名称「予備費」が会計別マスタと完全一致。項名称「予備費」も完全一致
131016,expenditure,介護保険,4,,,2026,2026,map,4,,2026年度 介護保険特別会計 https://www.city.chiyoda.lg.jp/documents/583/r8kaikeiyosan.pdf 物理頁392以降。款名称「財政安定化基金拠出金」が会計別マスタと完全一致
131016,expenditure,介護保険,3,一般介護予防事業費,,2026,2026,map,3,1,2026年度 介護保険特別会計 https://www.city.chiyoda.lg.jp/documents/583/r8kaikeiyosan.pdf 物理頁392以降。款名称「地域支援事業費」が会計別マスタと完全一致。項名称「一般介護予防事業費」も完全一致
131016,expenditure,介護保険,2,,,2026,2026,map,2,,2026年度 介護保険特別会計 https://www.city.chiyoda.lg.jp/documents/583/r8kaikeiyosan.pdf 物理頁392以降。款名称「保険給付費」が会計別マスタと完全一致
131016,revenue,介護保険,3,,,2026,2026,map,2,,2026年度 介護保険特別会計 https://www.city.chiyoda.lg.jp/documents/583/r8kaikeiyosan.pdf 物理頁360以降。款名称「国庫支出金」が会計別マスタと完全一致
131016,revenue,介護保険,3,国庫補助金,,2026,2026,map,2,1,2026年度 介護保険特別会計 https://www.city.chiyoda.lg.jp/documents/583/r8kaikeiyosan.pdf 物理頁360以降。款名称「国庫支出金」が会計別マスタと完全一致。項名称「国庫補助金」も完全一致
131016,revenue,介護保険,2,,,2026,2026,map,11,,2026年度 介護保険特別会計 https://www.city.chiyoda.lg.jp/documents/583/r8kaikeiyosan.pdf 物理頁360以降。款名称「使用料及び手数料」が会計別マスタと完全一致
131016,revenue,介護保険,2,手数料,,2026,2026,map,11,1,2026年度 介護保険特別会計 https://www.city.chiyoda.lg.jp/documents/583/r8kaikeiyosan.pdf 物理頁360以降。款名称「使用料及び手数料」が会計別マスタと完全一致。項名称「手数料」も完全一致
131016,revenue,介護保険,4,,,2026,2026,map,3,,2026年度 介護保険特別会計 https://www.city.chiyoda.lg.jp/documents/583/r8kaikeiyosan.pdf 物理頁360以降。款名称「支払基金交付金」が会計別マスタと完全一致
131016,revenue,介護保険,4,支払基金交付金,,2026,2026,map,3,1,2026年度 介護保険特別会計 https://www.city.chiyoda.lg.jp/documents/583/r8kaikeiyosan.pdf 物理頁360以降。款名称「支払基金交付金」が会計別マスタと完全一致。項名称「支払基金交付金」も完全一致
131016,revenue,介護保険,8,,,2026,2026,map,8,,2026年度 介護保険特別会計 https://www.city.chiyoda.lg.jp/documents/583/r8kaikeiyosan.pdf 物理頁360以降。款名称「繰越金」が会計別マスタと完全一致
131016,revenue,介護保険,8,繰越金,,2026,2026,map,8,1,2026年度 介護保険特別会計 https://www.city.chiyoda.lg.jp/documents/583/r8kaikeiyosan.pdf 物理頁360以降。款名称「繰越金」が会計別マスタと完全一致。項名称「繰越金」も完全一致
131016,revenue,介護保険,3,国庫負担金,,2026,2026,map,2,2,2026年度 介護保険特別会計 https://www.city.chiyoda.lg.jp/documents/583/r8kaikeiyosan.pdf 物理頁360以降。款名称「国庫支出金」が会計別マスタと完全一致。項名称「国庫負担金」も完全一致
131016,revenue,介護保険,6,,,2026,2026,map,12,,2026年度 介護保険特別会計 https://www.city.chiyoda.lg.jp/documents/583/r8kaikeiyosan.pdf 物理頁360以降。款名称「財産収入」が会計別マスタと完全一致
131016,revenue,介護保険,6,財産運用収入,,2026,2026,map,12,1,2026年度 介護保険特別会計 https://www.city.chiyoda.lg.jp/documents/583/r8kaikeiyosan.pdf 物理頁360以降。款名称「財産収入」が会計別マスタと完全一致。項名称「財産運用収入」も完全一致
131016,expenditure,後期高齢者医療,1,,,2026,2026,map,1,,2026年度 後期高齢者医療特別会計 https://www.city.chiyoda.lg.jp/documents/583/r8kaikeiyosan.pdf 物理頁466以降。款名称「総務費」が会計別マスタと完全一致
131016,expenditure,後期高齢者医療,1,総務管理費,,2026,2026,map,1,1,2026年度 後期高齢者医療特別会計 https://www.city.chiyoda.lg.jp/documents/583/r8kaikeiyosan.pdf 物理頁466以降。款名称「総務費」が会計別マスタと完全一致。項名称「総務管理費」も完全一致
131016,expenditure,後期高齢者医療,5,,,2026,2026,map,7,,2026年度 後期高齢者医療特別会計 https://www.city.chiyoda.lg.jp/documents/583/r8kaikeiyosan.pdf 物理頁466以降。款名称「予備費」が会計別マスタと完全一致
131016,expenditure,後期高齢者医療,5,予備費,,2026,2026,map,7,1,2026年度 後期高齢者医療特別会計 https://www.city.chiyoda.lg.jp/documents/583/r8kaikeiyosan.pdf 物理頁466以降。款名称「予備費」が会計別マスタと完全一致。項名称「予備費」も完全一致
131016,revenue,後期高齢者医療,2,,,2026,2026,map,5,,2026年度 後期高齢者医療特別会計 https://www.city.chiyoda.lg.jp/documents/583/r8kaikeiyosan.pdf 物理頁446以降。款名称「使用料及び手数料」が会計別マスタと完全一致
131016,revenue,後期高齢者医療,2,手数料,,2026,2026,map,5,1,2026年度 後期高齢者医療特別会計 https://www.city.chiyoda.lg.jp/documents/583/r8kaikeiyosan.pdf 物理頁446以降。款名称「使用料及び手数料」が会計別マスタと完全一致。項名称「手数料」も完全一致
131016,revenue,後期高齢者医療,3,,,2026,2026,map,6,,2026年度 後期高齢者医療特別会計 https://www.city.chiyoda.lg.jp/documents/583/r8kaikeiyosan.pdf 物理頁446以降。款名称「国庫支出金」が会計別マスタと完全一致
131016,revenue,後期高齢者医療,4,,,2026,2026,map,2,,2026年度 後期高齢者医療特別会計 https://www.city.chiyoda.lg.jp/documents/583/r8kaikeiyosan.pdf 物理頁446以降。款名称「繰入金」が会計別マスタと完全一致
131016,revenue,後期高齢者医療,5,,,2026,2026,map,3,,2026年度 後期高齢者医療特別会計 https://www.city.chiyoda.lg.jp/documents/583/r8kaikeiyosan.pdf 物理頁446以降。款名称「繰越金」が会計別マスタと完全一致
131016,revenue,後期高齢者医療,5,繰越金,,2026,2026,map,3,1,2026年度 後期高齢者医療特別会計 https://www.city.chiyoda.lg.jp/documents/583/r8kaikeiyosan.pdf 物理頁446以降。款名称「繰越金」が会計別マスタと完全一致。項名称「繰越金」も完全一致
131016,expenditure,国民健康保険,1,,,2026,2026,map,1,,2026年度 国民健康保険事業会計 https://www.city.chiyoda.lg.jp/documents/583/r8kaikeiyosan.pdf 物理頁306以降。款名称「総務費」が会計別マスタと完全一致
131016,expenditure,国民健康保険,1,総務管理費,,2026,2026,map,1,1,2026年度 国民健康保険事業会計 https://www.city.chiyoda.lg.jp/documents/583/r8kaikeiyosan.pdf 物理頁306以降。款名称「総務費」が会計別マスタと完全一致。項名称「総務管理費」も完全一致
131016,expenditure,国民健康保険,2,,,2026,2026,map,2,,2026年度 国民健康保険事業会計 https://www.city.chiyoda.lg.jp/documents/583/r8kaikeiyosan.pdf 物理頁306以降。款名称「保険給付費」が会計別マスタと完全一致
131016,expenditure,国民健康保険,2,出産育児諸費,,2026,2026,map,2,3,2026年度 国民健康保険事業会計 https://www.city.chiyoda.lg.jp/documents/583/r8kaikeiyosan.pdf 物理頁306以降。款名称「保険給付費」が会計別マスタと完全一致。項名称「出産育児諸費」も完全一致
131016,expenditure,国民健康保険,3,,,2026,2026,map,3,,2026年度 国民健康保険事業会計 https://www.city.chiyoda.lg.jp/documents/583/r8kaikeiyosan.pdf 物理頁306以降。款名称「国民健康保険事業費納付金」が会計別マスタと完全一致
131016,expenditure,国民健康保険,3,介護納付金分,,2026,2026,map,3,3,2026年度 国民健康保険事業会計 https://www.city.chiyoda.lg.jp/documents/583/r8kaikeiyosan.pdf 物理頁306以降。款名称「国民健康保険事業費納付金」が会計別マスタと完全一致。項名称「介護納付金分」も完全一致
131016,expenditure,国民健康保険,2,療養諸費,,2026,2026,map,2,1,2026年度 国民健康保険事業会計 https://www.city.chiyoda.lg.jp/documents/583/r8kaikeiyosan.pdf 物理頁306以降。款名称「保険給付費」が会計別マスタと完全一致。項名称「療養諸費」も完全一致
131016,expenditure,国民健康保険,2,移送費,,2026,2026,map,2,5,2026年度 国民健康保険事業会計 https://www.city.chiyoda.lg.jp/documents/583/r8kaikeiyosan.pdf 物理頁306以降。款名称「保険給付費」が会計別マスタと完全一致。項名称「移送費」も完全一致
131016,expenditure,国民健康保険,3,後期高齢者支援金等分,,2026,2026,map,3,2,2026年度 国民健康保険事業会計 https://www.city.chiyoda.lg.jp/documents/583/r8kaikeiyosan.pdf 物理頁306以降。款名称「国民健康保険事業費納付金」が会計別マスタと完全一致。項名称「後期高齢者支援金等分」も完全一致
131016,expenditure,国民健康保険,2,傷病手当金,,2026,2026,map,2,4,2026年度 国民健康保険事業会計 https://www.city.chiyoda.lg.jp/documents/583/r8kaikeiyosan.pdf 物理頁306以降。款名称「保険給付費」が会計別マスタと完全一致。項名称「傷病手当金」も完全一致
131016,expenditure,国民健康保険,4,,,2026,2026,map,4,,2026年度 国民健康保険事業会計 https://www.city.chiyoda.lg.jp/documents/583/r8kaikeiyosan.pdf 物理頁306以降。款名称「保健事業費」が会計別マスタと完全一致
131016,expenditure,国民健康保険,4,保健事業費,,2026,2026,map,4,1,2026年度 国民健康保険事業会計 https://www.city.chiyoda.lg.jp/documents/583/r8kaikeiyosan.pdf 物理頁306以降。款名称「保健事業費」が会計別マスタと完全一致。項名称「保健事業費」も完全一致
131016,expenditure,国民健康保険,2,高額療養費,,2026,2026,map,2,2,2026年度 国民健康保険事業会計 https://www.city.chiyoda.lg.jp/documents/583/r8kaikeiyosan.pdf 物理頁306以降。款名称「保険給付費」が会計別マスタと完全一致。項名称「高額療養費」も完全一致
131016,expenditure,国民健康保険,2,結核・精神医療給付金,,2026,2026,map,2,6,2026年度 国民健康保険事業会計 https://www.city.chiyoda.lg.jp/documents/583/r8kaikeiyosan.pdf 物理頁306以降。款名称「保険給付費」が会計別マスタと完全一致。項名称「結核・精神医療給付金」も完全一致
131016,expenditure,国民健康保険,6,,,2026,2026,map,10,,2026年度 国民健康保険事業会計 https://www.city.chiyoda.lg.jp/documents/583/r8kaikeiyosan.pdf 物理頁306以降。款名称「予備費」が会計別マスタと完全一致
131016,expenditure,国民健康保険,6,予備費,,2026,2026,map,10,1,2026年度 国民健康保険事業会計 https://www.city.chiyoda.lg.jp/documents/583/r8kaikeiyosan.pdf 物理頁306以降。款名称「予備費」が会計別マスタと完全一致。項名称「予備費」も完全一致
131016,expenditure,国民健康保険,3,医療給付費分,,2026,2026,map,3,1,2026年度 国民健康保険事業会計 https://www.city.chiyoda.lg.jp/documents/583/r8kaikeiyosan.pdf 物理頁306以降。款名称「国民健康保険事業費納付金」が会計別マスタと完全一致。項名称「医療給付費分」も完全一致
131016,revenue,国民健康保険,3,,,2026,2026,map,12,,2026年度 国民健康保険事業会計 https://www.city.chiyoda.lg.jp/documents/583/r8kaikeiyosan.pdf 物理頁284以降。款名称「使用料及び手数料」が会計別マスタと完全一致
131016,revenue,国民健康保険,3,手数料,,2026,2026,map,12,1,2026年度 国民健康保険事業会計 https://www.city.chiyoda.lg.jp/documents/583/r8kaikeiyosan.pdf 物理頁284以降。款名称「使用料及び手数料」が会計別マスタと完全一致。項名称「手数料」も完全一致
131016,revenue,国民健康保険,7,,,2026,2026,map,9,,2026年度 国民健康保険事業会計 https://www.city.chiyoda.lg.jp/documents/583/r8kaikeiyosan.pdf 物理頁284以降。款名称「繰越金」が会計別マスタと完全一致
131016,revenue,国民健康保険,7,繰越金,,2026,2026,map,9,1,2026年度 国民健康保険事業会計 https://www.city.chiyoda.lg.jp/documents/583/r8kaikeiyosan.pdf 物理頁284以降。款名称「繰越金」が会計別マスタと完全一致。項名称「繰越金」も完全一致
131016,revenue,国民健康保険,2,,,2026,2026,map,2,,2026年度 国民健康保険事業会計 https://www.city.chiyoda.lg.jp/documents/583/r8kaikeiyosan.pdf 物理頁284以降。款名称「一部負担金」が会計別マスタと完全一致
131016,revenue,国民健康保険,4,,,2026,2026,map,3,,2026年度 国民健康保険事業会計 https://www.city.chiyoda.lg.jp/documents/583/r8kaikeiyosan.pdf 物理頁284以降。款名称「国庫支出金」が会計別マスタと完全一致
131016,revenue,国民健康保険,4,国庫補助金,,2026,2026,map,3,1,2026年度 国民健康保険事業会計 https://www.city.chiyoda.lg.jp/documents/583/r8kaikeiyosan.pdf 物理頁284以降。款名称「国庫支出金」が会計別マスタと完全一致。項名称「国庫補助金」も完全一致
132071,expenditure,介護保険,1,,,2020,2020,map,1,,2020年度 介護保険特別会計 https://www.city.akishima.lg.jp/_res/projects/default_project/_page_/001/005/269/kaigo.pdf 物理頁24以降。款名称「総務費」が会計別マスタと完全一致
132071,expenditure,介護保険,1,総務管理費,,2020,2020,map,1,1,2020年度 介護保険特別会計 https://www.city.akishima.lg.jp/_res/projects/default_project/_page_/001/005/269/kaigo.pdf 物理頁24以降。款名称「総務費」が会計別マスタと完全一致。項名称「総務管理費」も完全一致
132071,expenditure,介護保険,2,,,2020,2020,map,2,,2020年度 介護保険特別会計 https://www.city.akishima.lg.jp/_res/projects/default_project/_page_/001/005/269/kaigo.pdf 物理頁24以降。款名称「保険給付費」が会計別マスタと完全一致
132071,expenditure,介護保険,5,,,2020,2020,map,6,,2020年度 介護保険特別会計 https://www.city.akishima.lg.jp/_res/projects/default_project/_page_/001/005/269/kaigo.pdf 物理頁24以降。款名称「基金積立金」が会計別マスタと完全一致
132071,expenditure,介護保険,5,基金積立金,,2020,2020,map,6,1,2020年度 介護保険特別会計 https://www.city.akishima.lg.jp/_res/projects/default_project/_page_/001/005/269/kaigo.pdf 物理頁24以降。款名称「基金積立金」が会計別マスタと完全一致。項名称「基金積立金」も完全一致
132071,expenditure,介護保険,6,,,2020,2020,map,8,,2020年度 介護保険特別会計 https://www.city.akishima.lg.jp/_res/projects/default_project/_page_/001/005/269/kaigo.pdf 物理頁24以降。款名称「公債費」が会計別マスタと完全一致
132071,expenditure,介護保険,6,公債費,,2020,2020,map,8,1,2020年度 介護保険特別会計 https://www.city.akishima.lg.jp/_res/projects/default_project/_page_/001/005/269/kaigo.pdf 物理頁24以降。款名称「公債費」が会計別マスタと完全一致。項名称「公債費」も完全一致
132071,expenditure,介護保険,4,,,2020,2020,map,3,,2020年度 介護保険特別会計 https://www.city.akishima.lg.jp/_res/projects/default_project/_page_/001/005/269/kaigo.pdf 物理頁24以降。款名称「地域支援事業費」が会計別マスタと完全一致
132071,expenditure,介護保険,4,一般介護予防事業費,,2020,2020,map,3,1,2020年度 介護保険特別会計 https://www.city.akishima.lg.jp/_res/projects/default_project/_page_/001/005/269/kaigo.pdf 物理頁24以降。款名称「地域支援事業費」が会計別マスタと完全一致。項名称「一般介護予防事業費」も完全一致
132071,expenditure,介護保険,8,,,2020,2020,map,11,,2020年度 介護保険特別会計 https://www.city.akishima.lg.jp/_res/projects/default_project/_page_/001/005/269/kaigo.pdf 物理頁24以降。款名称「予備費」が会計別マスタと完全一致
132071,expenditure,介護保険,8,予備費,,2020,2020,map,11,1,2020年度 介護保険特別会計 https://www.city.akishima.lg.jp/_res/projects/default_project/_page_/001/005/269/kaigo.pdf 物理頁24以降。款名称「予備費」が会計別マスタと完全一致。項名称「予備費」も完全一致
132071,expenditure,介護保険,3,,,2020,2020,map,4,,2020年度 介護保険特別会計 https://www.city.akishima.lg.jp/_res/projects/default_project/_page_/001/005/269/kaigo.pdf 物理頁24以降。款名称「財政安定化基金拠出金」が会計別マスタと完全一致
132071,expenditure,介護保険,4,介護予防・生活支援サービス事業費,,2020,2020,map,3,2,2020年度 介護保険特別会計 https://www.city.akishima.lg.jp/_res/projects/default_project/_page_/001/005/269/kaigo.pdf 物理頁24以降。款名称「地域支援事業費」が会計別マスタと完全一致。項名称「介護予防・生活支援サービス事業費」も完全一致
132071,expenditure,介護保険,4,包括的支援事業・任意事業費,,2020,2020,map,3,3,2020年度 介護保険特別会計 https://www.city.akishima.lg.jp/_res/projects/default_project/_page_/001/005/269/kaigo.pdf 物理頁24以降。款名称「地域支援事業費」が会計別マスタと完全一致。項名称「包括的支援事業・任意事業費」も完全一致
132071,revenue,介護保険,7,,,2020,2020,map,8,,2020年度 介護保険特別会計 https://www.city.akishima.lg.jp/_res/projects/default_project/_page_/001/005/269/kaigo.pdf 物理頁14以降。款名称「繰越金」が会計別マスタと完全一致
132071,revenue,介護保険,7,繰越金,,2020,2020,map,8,1,2020年度 介護保険特別会計 https://www.city.akishima.lg.jp/_res/projects/default_project/_page_/001/005/269/kaigo.pdf 物理頁14以降。款名称「繰越金」が会計別マスタと完全一致。項名称「繰越金」も完全一致
132071,revenue,介護保険,1,,,2020,2020,map,1,,2020年度 介護保険特別会計 https://www.city.akishima.lg.jp/_res/projects/default_project/_page_/001/005/269/kaigo.pdf 物理頁14以降。款名称「保険料」が会計別マスタと完全一致
132071,revenue,介護保険,1,介護保険料,,2020,2020,map,1,1,2020年度 介護保険特別会計 https://www.city.akishima.lg.jp/_res/projects/default_project/_page_/001/005/269/kaigo.pdf 物理頁14以降。款名称「保険料」が会計別マスタと完全一致。項名称「介護保険料」も完全一致
132071,revenue,介護保険,2,,,2020,2020,map,2,,2020年度 介護保険特別会計 https://www.city.akishima.lg.jp/_res/projects/default_project/_page_/001/005/269/kaigo.pdf 物理頁14以降。款名称「国庫支出金」が会計別マスタと完全一致
132071,revenue,介護保険,2,国庫負担金,,2020,2020,map,2,2,2020年度 介護保険特別会計 https://www.city.akishima.lg.jp/_res/projects/default_project/_page_/001/005/269/kaigo.pdf 物理頁14以降。款名称「国庫支出金」が会計別マスタと完全一致。項名称「国庫負担金」も完全一致
132071,revenue,介護保険,2,国庫補助金,,2020,2020,map,2,1,2020年度 介護保険特別会計 https://www.city.akishima.lg.jp/_res/projects/default_project/_page_/001/005/269/kaigo.pdf 物理頁14以降。款名称「国庫支出金」が会計別マスタと完全一致。項名称「国庫補助金」も完全一致
132071,revenue,介護保険,3,,,2020,2020,map,3,,2020年度 介護保険特別会計 https://www.city.akishima.lg.jp/_res/projects/default_project/_page_/001/005/269/kaigo.pdf 物理頁14以降。款名称「支払基金交付金」が会計別マスタと完全一致
132071,revenue,介護保険,3,支払基金交付金,,2020,2020,map,3,1,2020年度 介護保険特別会計 https://www.city.akishima.lg.jp/_res/projects/default_project/_page_/001/005/269/kaigo.pdf 物理頁14以降。款名称「支払基金交付金」が会計別マスタと完全一致。項名称「支払基金交付金」も完全一致
132071,revenue,介護保険,5,,,2020,2020,map,12,,2020年度 介護保険特別会計 https://www.city.akishima.lg.jp/_res/projects/default_project/_page_/001/005/269/kaigo.pdf 物理頁14以降。款名称「財産収入」が会計別マスタと完全一致
132071,revenue,介護保険,5,財産運用収入,,2020,2020,map,12,1,2020年度 介護保険特別会計 https://www.city.akishima.lg.jp/_res/projects/default_project/_page_/001/005/269/kaigo.pdf 物理頁14以降。款名称「財産収入」が会計別マスタと完全一致。項名称「財産運用収入」も完全一致
132071,expenditure,後期高齢者医療,1,,,2020,2020,map,1,,2020年度 後期高齢者医療特別会計 https://www.city.akishima.lg.jp/_res/projects/default_project/_page_/001/005/269/kouki.pdf 物理頁16以降。款名称「総務費」が会計別マスタと完全一致
132071,expenditure,後期高齢者医療,1,総務管理費,,2020,2020,map,1,1,2020年度 後期高齢者医療特別会計 https://www.city.akishima.lg.jp/_res/projects/default_project/_page_/001/005/269/kouki.pdf 物理頁16以降。款名称「総務費」が会計別マスタと完全一致。項名称「総務管理費」も完全一致
132071,expenditure,後期高齢者医療,5,,,2020,2020,map,7,,2020年度 後期高齢者医療特別会計 https://www.city.akishima.lg.jp/_res/projects/default_project/_page_/001/005/269/kouki.pdf 物理頁16以降。款名称「予備費」が会計別マスタと完全一致
132071,expenditure,後期高齢者医療,5,予備費,,2020,2020,map,7,1,2020年度 後期高齢者医療特別会計 https://www.city.akishima.lg.jp/_res/projects/default_project/_page_/001/005/269/kouki.pdf 物理頁16以降。款名称「予備費」が会計別マスタと完全一致。項名称「予備費」も完全一致
132071,expenditure,後期高齢者医療,1,徴収費,,2020,2020,map,1,2,2020年度 後期高齢者医療特別会計 https://www.city.akishima.lg.jp/_res/projects/default_project/_page_/001/005/269/kouki.pdf 物理頁16以降。款名称「総務費」が会計別マスタと完全一致。項名称「徴収費」も完全一致
132071,revenue,後期高齢者医療,3,,,2020,2020,map,2,,2020年度 後期高齢者医療特別会計 https://www.city.akishima.lg.jp/_res/projects/default_project/_page_/001/005/269/kouki.pdf 物理頁12以降。款名称「繰入金」が会計別マスタと完全一致
132071,revenue,後期高齢者医療,3,一般会計繰入金,,2020,2020,map,2,1,2020年度 後期高齢者医療特別会計 https://www.city.akishima.lg.jp/_res/projects/default_project/_page_/001/005/269/kouki.pdf 物理頁12以降。款名称「繰入金」が会計別マスタと完全一致。項名称「一般会計繰入金」も完全一致
132071,revenue,後期高齢者医療,4,,,2020,2020,map,3,,2020年度 後期高齢者医療特別会計 https://www.city.akishima.lg.jp/_res/projects/default_project/_page_/001/005/269/kouki.pdf 物理頁12以降。款名称「繰越金」が会計別マスタと完全一致
132071,revenue,後期高齢者医療,4,繰越金,,2020,2020,map,3,1,2020年度 後期高齢者医療特別会計 https://www.city.akishima.lg.jp/_res/projects/default_project/_page_/001/005/269/kouki.pdf 物理頁12以降。款名称「繰越金」が会計別マスタと完全一致。項名称「繰越金」も完全一致
132071,expenditure,国民健康保険,1,,,2020,2020,map,1,,2020年度 国民健康保険特別会計 https://www.city.akishima.lg.jp/_res/projects/default_project/_page_/001/005/269/kokuho.pdf 物理頁22以降。款名称「総務費」が会計別マスタと完全一致
132071,expenditure,国民健康保険,1,総務管理費,,2020,2020,map,1,1,2020年度 国民健康保険特別会計 https://www.city.akishima.lg.jp/_res/projects/default_project/_page_/001/005/269/kokuho.pdf 物理頁22以降。款名称「総務費」が会計別マスタと完全一致。項名称「総務管理費」も完全一致
132071,expenditure,国民健康保険,2,,,2020,2020,map,2,,2020年度 国民健康保険特別会計 https://www.city.akishima.lg.jp/_res/projects/default_project/_page_/001/005/269/kokuho.pdf 物理頁22以降。款名称「保険給付費」が会計別マスタと完全一致
132071,expenditure,国民健康保険,2,出産育児諸費,,2020,2020,map,2,3,2020年度 国民健康保険特別会計 https://www.city.akishima.lg.jp/_res/projects/default_project/_page_/001/005/269/kokuho.pdf 物理頁22以降。款名称「保険給付費」が会計別マスタと完全一致。項名称「出産育児諸費」も完全一致
132071,expenditure,国民健康保険,3,,,2020,2020,map,3,,2020年度 国民健康保険特別会計 https://www.city.akishima.lg.jp/_res/projects/default_project/_page_/001/005/269/kokuho.pdf 物理頁22以降。款名称「国民健康保険事業費納付金」が会計別マスタと完全一致
132071,expenditure,国民健康保険,3,介護納付金分,,2020,2020,map,3,3,2020年度 国民健康保険特別会計 https://www.city.akishima.lg.jp/_res/projects/default_project/_page_/001/005/269/kokuho.pdf 物理頁22以降。款名称「国民健康保険事業費納付金」が会計別マスタと完全一致。項名称「介護納付金分」も完全一致
132071,expenditure,国民健康保険,5,,,2020,2020,map,4,,2020年度 国民健康保険特別会計 https://www.city.akishima.lg.jp/_res/projects/default_project/_page_/001/005/269/kokuho.pdf 物理頁22以降。款名称「保健事業費」が会計別マスタと完全一致
132071,expenditure,国民健康保険,5,特定健康診査等事業費,,2020,2020,map,4,2,2020年度 国民健康保険特別会計 https://www.city.akishima.lg.jp/_res/projects/default_project/_page_/001/005/269/kokuho.pdf 物理頁22以降。款名称「保健事業費」が会計別マスタと完全一致。項名称「特定健康診査等事業費」も完全一致
132071,expenditure,国民健康保険,6,,,2020,2020,map,5,,2020年度 国民健康保険特別会計 https://www.city.akishima.lg.jp/_res/projects/default_project/_page_/001/005/269/kokuho.pdf 物理頁22以降。款名称「基金積立金」が会計別マスタと完全一致
132071,expenditure,国民健康保険,3,医療給付費分,,2020,2020,map,3,1,2020年度 国民健康保険特別会計 https://www.city.akishima.lg.jp/_res/projects/default_project/_page_/001/005/269/kokuho.pdf 物理頁22以降。款名称「国民健康保険事業費納付金」が会計別マスタと完全一致。項名称「医療給付費分」も完全一致
132071,expenditure,国民健康保険,5,保健事業費,,2020,2020,map,4,1,2020年度 国民健康保険特別会計 https://www.city.akishima.lg.jp/_res/projects/default_project/_page_/001/005/269/kokuho.pdf 物理頁22以降。款名称「保健事業費」が会計別マスタと完全一致。項名称「保健事業費」も完全一致
132071,expenditure,国民健康保険,7,,,2020,2020,map,6,,2020年度 国民健康保険特別会計 https://www.city.akishima.lg.jp/_res/projects/default_project/_page_/001/005/269/kokuho.pdf 物理頁22以降。款名称「公債費」が会計別マスタと完全一致
132071,expenditure,国民健康保険,2,療養諸費,,2020,2020,map,2,1,2020年度 国民健康保険特別会計 https://www.city.akishima.lg.jp/_res/projects/default_project/_page_/001/005/269/kokuho.pdf 物理頁22以降。款名称「保険給付費」が会計別マスタと完全一致。項名称「療養諸費」も完全一致
132071,expenditure,国民健康保険,2,移送費,,2020,2020,map,2,5,2020年度 国民健康保険特別会計 https://www.city.akishima.lg.jp/_res/projects/default_project/_page_/001/005/269/kokuho.pdf 物理頁22以降。款名称「保険給付費」が会計別マスタと完全一致。項名称「移送費」も完全一致
132071,expenditure,国民健康保険,3,後期高齢者支援金等分,,2020,2020,map,3,2,2020年度 国民健康保険特別会計 https://www.city.akishima.lg.jp/_res/projects/default_project/_page_/001/005/269/kokuho.pdf 物理頁22以降。款名称「国民健康保険事業費納付金」が会計別マスタと完全一致。項名称「後期高齢者支援金等分」も完全一致
132071,expenditure,国民健康保険,9,,,2020,2020,map,10,,2020年度 国民健康保険特別会計 https://www.city.akishima.lg.jp/_res/projects/default_project/_page_/001/005/269/kokuho.pdf 物理頁22以降。款名称「予備費」が会計別マスタと完全一致
132071,expenditure,国民健康保険,9,予備費,,2020,2020,map,10,1,2020年度 国民健康保険特別会計 https://www.city.akishima.lg.jp/_res/projects/default_project/_page_/001/005/269/kokuho.pdf 物理頁22以降。款名称「予備費」が会計別マスタと完全一致。項名称「予備費」も完全一致
132071,expenditure,国民健康保険,2,高額療養費,,2020,2020,map,2,2,2020年度 国民健康保険特別会計 https://www.city.akishima.lg.jp/_res/projects/default_project/_page_/001/005/269/kokuho.pdf 物理頁22以降。款名称「保険給付費」が会計別マスタと完全一致。項名称「高額療養費」も完全一致
132071,expenditure,国民健康保険,2,結核・精神医療給付金,,2020,2020,map,2,6,2020年度 国民健康保険特別会計 https://www.city.akishima.lg.jp/_res/projects/default_project/_page_/001/005/269/kokuho.pdf 物理頁22以降。款名称「保険給付費」が会計別マスタと完全一致。項名称「結核・精神医療給付金」も完全一致
132071,revenue,国民健康保険,7,,,2020,2020,map,9,,2020年度 国民健康保険特別会計 https://www.city.akishima.lg.jp/_res/projects/default_project/_page_/001/005/269/kokuho.pdf 物理頁14以降。款名称「繰越金」が会計別マスタと完全一致
132071,revenue,国民健康保険,7,繰越金,,2020,2020,map,9,1,2020年度 国民健康保険特別会計 https://www.city.akishima.lg.jp/_res/projects/default_project/_page_/001/005/269/kokuho.pdf 物理頁14以降。款名称「繰越金」が会計別マスタと完全一致。項名称「繰越金」も完全一致
132071,revenue,国民健康保険,3,,,2020,2020,map,3,,2020年度 国民健康保険特別会計 https://www.city.akishima.lg.jp/_res/projects/default_project/_page_/001/005/269/kokuho.pdf 物理頁14以降。款名称「国庫支出金」が会計別マスタと完全一致
132071,revenue,国民健康保険,3,国庫補助金,,2020,2020,map,3,1,2020年度 国民健康保険特別会計 https://www.city.akishima.lg.jp/_res/projects/default_project/_page_/001/005/269/kokuho.pdf 物理頁14以降。款名称「国庫支出金」が会計別マスタと完全一致。項名称「国庫補助金」も完全一致
132071,revenue,国民健康保険,2,,,2020,2020,map,2,,2020年度 国民健康保険特別会計 https://www.city.akishima.lg.jp/_res/projects/default_project/_page_/001/005/269/kokuho.pdf 物理頁14以降。款名称「一部負担金」が会計別マスタと完全一致
132071,expenditure,介護保険,1,,,2021,2021,map,1,,2021年度 介護保険特別会計 https://www.city.akishima.lg.jp/_res/projects/default_project/_page_/001/005/268/04.r3kaigo.pdf 物理頁24以降。款名称「総務費」が会計別マスタと完全一致
132071,expenditure,介護保険,1,総務管理費,,2021,2021,map,1,1,2021年度 介護保険特別会計 https://www.city.akishima.lg.jp/_res/projects/default_project/_page_/001/005/268/04.r3kaigo.pdf 物理頁24以降。款名称「総務費」が会計別マスタと完全一致。項名称「総務管理費」も完全一致
132071,expenditure,介護保険,2,,,2021,2021,map,2,,2021年度 介護保険特別会計 https://www.city.akishima.lg.jp/_res/projects/default_project/_page_/001/005/268/04.r3kaigo.pdf 物理頁24以降。款名称「保険給付費」が会計別マスタと完全一致
132071,expenditure,介護保険,5,,,2021,2021,map,6,,2021年度 介護保険特別会計 https://www.city.akishima.lg.jp/_res/projects/default_project/_page_/001/005/268/04.r3kaigo.pdf 物理頁24以降。款名称「基金積立金」が会計別マスタと完全一致
132071,expenditure,介護保険,5,基金積立金,,2021,2021,map,6,1,2021年度 介護保険特別会計 https://www.city.akishima.lg.jp/_res/projects/default_project/_page_/001/005/268/04.r3kaigo.pdf 物理頁24以降。款名称「基金積立金」が会計別マスタと完全一致。項名称「基金積立金」も完全一致
132071,expenditure,介護保険,6,,,2021,2021,map,8,,2021年度 介護保険特別会計 https://www.city.akishima.lg.jp/_res/projects/default_project/_page_/001/005/268/04.r3kaigo.pdf 物理頁24以降。款名称「公債費」が会計別マスタと完全一致
132071,expenditure,介護保険,6,公債費,,2021,2021,map,8,1,2021年度 介護保険特別会計 https://www.city.akishima.lg.jp/_res/projects/default_project/_page_/001/005/268/04.r3kaigo.pdf 物理頁24以降。款名称「公債費」が会計別マスタと完全一致。項名称「公債費」も完全一致
132071,expenditure,介護保険,4,,,2021,2021,map,3,,2021年度 介護保険特別会計 https://www.city.akishima.lg.jp/_res/projects/default_project/_page_/001/005/268/04.r3kaigo.pdf 物理頁24以降。款名称「地域支援事業費」が会計別マスタと完全一致
132071,expenditure,介護保険,4,一般介護予防事業費,,2021,2021,map,3,1,2021年度 介護保険特別会計 https://www.city.akishima.lg.jp/_res/projects/default_project/_page_/001/005/268/04.r3kaigo.pdf 物理頁24以降。款名称「地域支援事業費」が会計別マスタと完全一致。項名称「一般介護予防事業費」も完全一致
132071,expenditure,介護保険,8,,,2021,2021,map,11,,2021年度 介護保険特別会計 https://www.city.akishima.lg.jp/_res/projects/default_project/_page_/001/005/268/04.r3kaigo.pdf 物理頁24以降。款名称「予備費」が会計別マスタと完全一致
132071,expenditure,介護保険,8,予備費,,2021,2021,map,11,1,2021年度 介護保険特別会計 https://www.city.akishima.lg.jp/_res/projects/default_project/_page_/001/005/268/04.r3kaigo.pdf 物理頁24以降。款名称「予備費」が会計別マスタと完全一致。項名称「予備費」も完全一致
132071,expenditure,介護保険,3,,,2021,2021,map,4,,2021年度 介護保険特別会計 https://www.city.akishima.lg.jp/_res/projects/default_project/_page_/001/005/268/04.r3kaigo.pdf 物理頁24以降。款名称「財政安定化基金拠出金」が会計別マスタと完全一致
132071,expenditure,介護保険,4,介護予防・生活支援サービス事業費,,2021,2021,map,3,2,2021年度 介護保険特別会計 https://www.city.akishima.lg.jp/_res/projects/default_project/_page_/001/005/268/04.r3kaigo.pdf 物理頁24以降。款名称「地域支援事業費」が会計別マスタと完全一致。項名称「介護予防・生活支援サービス事業費」も完全一致
132071,expenditure,介護保険,4,包括的支援事業・任意事業費,,2021,2021,map,3,3,2021年度 介護保険特別会計 https://www.city.akishima.lg.jp/_res/projects/default_project/_page_/001/005/268/04.r3kaigo.pdf 物理頁24以降。款名称「地域支援事業費」が会計別マスタと完全一致。項名称「包括的支援事業・任意事業費」も完全一致
132071,revenue,介護保険,7,,,2021,2021,map,8,,2021年度 介護保険特別会計 https://www.city.akishima.lg.jp/_res/projects/default_project/_page_/001/005/268/04.r3kaigo.pdf 物理頁14以降。款名称「繰越金」が会計別マスタと完全一致
132071,revenue,介護保険,7,繰越金,,2021,2021,map,8,1,2021年度 介護保険特別会計 https://www.city.akishima.lg.jp/_res/projects/default_project/_page_/001/005/268/04.r3kaigo.pdf 物理頁14以降。款名称「繰越金」が会計別マスタと完全一致。項名称「繰越金」も完全一致
132071,revenue,介護保険,2,,,2021,2021,map,2,,2021年度 介護保険特別会計 https://www.city.akishima.lg.jp/_res/projects/default_project/_page_/001/005/268/04.r3kaigo.pdf 物理頁14以降。款名称「国庫支出金」が会計別マスタと完全一致
132071,revenue,介護保険,2,国庫補助金,,2021,2021,map,2,1,2021年度 介護保険特別会計 https://www.city.akishima.lg.jp/_res/projects/default_project/_page_/001/005/268/04.r3kaigo.pdf 物理頁14以降。款名称「国庫支出金」が会計別マスタと完全一致。項名称「国庫補助金」も完全一致
132071,revenue,介護保険,3,,,2021,2021,map,3,,2021年度 介護保険特別会計 https://www.city.akishima.lg.jp/_res/projects/default_project/_page_/001/005/268/04.r3kaigo.pdf 物理頁14以降。款名称「支払基金交付金」が会計別マスタと完全一致
132071,revenue,介護保険,3,支払基金交付金,,2021,2021,map,3,1,2021年度 介護保険特別会計 https://www.city.akishima.lg.jp/_res/projects/default_project/_page_/001/005/268/04.r3kaigo.pdf 物理頁14以降。款名称「支払基金交付金」が会計別マスタと完全一致。項名称「支払基金交付金」も完全一致
132071,revenue,介護保険,5,,,2021,2021,map,12,,2021年度 介護保険特別会計 https://www.city.akishima.lg.jp/_res/projects/default_project/_page_/001/005/268/04.r3kaigo.pdf 物理頁14以降。款名称「財産収入」が会計別マスタと完全一致
132071,revenue,介護保険,5,財産運用収入,,2021,2021,map,12,1,2021年度 介護保険特別会計 https://www.city.akishima.lg.jp/_res/projects/default_project/_page_/001/005/268/04.r3kaigo.pdf 物理頁14以降。款名称「財産収入」が会計別マスタと完全一致。項名称「財産運用収入」も完全一致
132071,revenue,介護保険,2,国庫負担金,,2021,2021,map,2,2,2021年度 介護保険特別会計 https://www.city.akishima.lg.jp/_res/projects/default_project/_page_/001/005/268/04.r3kaigo.pdf 物理頁14以降。款名称「国庫支出金」が会計別マスタと完全一致。項名称「国庫負担金」も完全一致
132071,revenue,介護保険,1,,,2021,2021,map,1,,2021年度 介護保険特別会計 https://www.city.akishima.lg.jp/_res/projects/default_project/_page_/001/005/268/04.r3kaigo.pdf 物理頁14以降。款名称「保険料」が会計別マスタと完全一致
132071,revenue,介護保険,1,介護保険料,,2021,2021,map,1,1,2021年度 介護保険特別会計 https://www.city.akishima.lg.jp/_res/projects/default_project/_page_/001/005/268/04.r3kaigo.pdf 物理頁14以降。款名称「保険料」が会計別マスタと完全一致。項名称「介護保険料」も完全一致
132071,expenditure,後期高齢者医療,1,,,2021,2021,map,1,,2021年度 後期高齢者医療特別会計 https://www.city.akishima.lg.jp/_res/projects/default_project/_page_/001/005/268/05.r3kouki.pdf 物理頁16以降。款名称「総務費」が会計別マスタと完全一致
132071,expenditure,後期高齢者医療,1,総務管理費,,2021,2021,map,1,1,2021年度 後期高齢者医療特別会計 https://www.city.akishima.lg.jp/_res/projects/default_project/_page_/001/005/268/05.r3kouki.pdf 物理頁16以降。款名称「総務費」が会計別マスタと完全一致。項名称「総務管理費」も完全一致
132071,expenditure,後期高齢者医療,5,,,2021,2021,map,7,,2021年度 後期高齢者医療特別会計 https://www.city.akishima.lg.jp/_res/projects/default_project/_page_/001/005/268/05.r3kouki.pdf 物理頁16以降。款名称「予備費」が会計別マスタと完全一致
132071,expenditure,後期高齢者医療,5,予備費,,2021,2021,map,7,1,2021年度 後期高齢者医療特別会計 https://www.city.akishima.lg.jp/_res/projects/default_project/_page_/001/005/268/05.r3kouki.pdf 物理頁16以降。款名称「予備費」が会計別マスタと完全一致。項名称「予備費」も完全一致
132071,expenditure,後期高齢者医療,1,徴収費,,2021,2021,map,1,2,2021年度 後期高齢者医療特別会計 https://www.city.akishima.lg.jp/_res/projects/default_project/_page_/001/005/268/05.r3kouki.pdf 物理頁16以降。款名称「総務費」が会計別マスタと完全一致。項名称「徴収費」も完全一致
132071,revenue,後期高齢者医療,3,,,2021,2021,map,2,,2021年度 後期高齢者医療特別会計 https://www.city.akishima.lg.jp/_res/projects/default_project/_page_/001/005/268/05.r3kouki.pdf 物理頁12以降。款名称「繰入金」が会計別マスタと完全一致
132071,revenue,後期高齢者医療,3,一般会計繰入金,,2021,2021,map,2,1,2021年度 後期高齢者医療特別会計 https://www.city.akishima.lg.jp/_res/projects/default_project/_page_/001/005/268/05.r3kouki.pdf 物理頁12以降。款名称「繰入金」が会計別マスタと完全一致。項名称「一般会計繰入金」も完全一致
132071,revenue,後期高齢者医療,4,,,2021,2021,map,3,,2021年度 後期高齢者医療特別会計 https://www.city.akishima.lg.jp/_res/projects/default_project/_page_/001/005/268/05.r3kouki.pdf 物理頁12以降。款名称「繰越金」が会計別マスタと完全一致
132071,revenue,後期高齢者医療,4,繰越金,,2021,2021,map,3,1,2021年度 後期高齢者医療特別会計 https://www.city.akishima.lg.jp/_res/projects/default_project/_page_/001/005/268/05.r3kouki.pdf 物理頁12以降。款名称「繰越金」が会計別マスタと完全一致。項名称「繰越金」も完全一致
132071,expenditure,国民健康保険,1,,,2021,2021,map,1,,2021年度 国民健康保険特別会計 https://www.city.akishima.lg.jp/_res/projects/default_project/_page_/001/005/268/03.r3kokuho.pdf 物理頁22以降。款名称「総務費」が会計別マスタと完全一致
132071,expenditure,国民健康保険,1,総務管理費,,2021,2021,map,1,1,2021年度 国民健康保険特別会計 https://www.city.akishima.lg.jp/_res/projects/default_project/_page_/001/005/268/03.r3kokuho.pdf 物理頁22以降。款名称「総務費」が会計別マスタと完全一致。項名称「総務管理費」も完全一致
132071,expenditure,国民健康保険,2,,,2021,2021,map,2,,2021年度 国民健康保険特別会計 https://www.city.akishima.lg.jp/_res/projects/default_project/_page_/001/005/268/03.r3kokuho.pdf 物理頁22以降。款名称「保険給付費」が会計別マスタと完全一致
132071,expenditure,国民健康保険,2,出産育児諸費,,2021,2021,map,2,3,2021年度 国民健康保険特別会計 https://www.city.akishima.lg.jp/_res/projects/default_project/_page_/001/005/268/03.r3kokuho.pdf 物理頁22以降。款名称「保険給付費」が会計別マスタと完全一致。項名称「出産育児諸費」も完全一致
132071,expenditure,国民健康保険,2,療養諸費,,2021,2021,map,2,1,2021年度 国民健康保険特別会計 https://www.city.akishima.lg.jp/_res/projects/default_project/_page_/001/005/268/03.r3kokuho.pdf 物理頁22以降。款名称「保険給付費」が会計別マスタと完全一致。項名称「療養諸費」も完全一致
132071,expenditure,国民健康保険,2,移送費,,2021,2021,map,2,5,2021年度 国民健康保険特別会計 https://www.city.akishima.lg.jp/_res/projects/default_project/_page_/001/005/268/03.r3kokuho.pdf 物理頁22以降。款名称「保険給付費」が会計別マスタと完全一致。項名称「移送費」も完全一致
132071,expenditure,国民健康保険,3,,,2021,2021,map,3,,2021年度 国民健康保険特別会計 https://www.city.akishima.lg.jp/_res/projects/default_project/_page_/001/005/268/03.r3kokuho.pdf 物理頁22以降。款名称「国民健康保険事業費納付金」が会計別マスタと完全一致
132071,expenditure,国民健康保険,3,後期高齢者支援金等分,,2021,2021,map,3,2,2021年度 国民健康保険特別会計 https://www.city.akishima.lg.jp/_res/projects/default_project/_page_/001/005/268/03.r3kokuho.pdf 物理頁22以降。款名称「国民健康保険事業費納付金」が会計別マスタと完全一致。項名称「後期高齢者支援金等分」も完全一致
132071,expenditure,国民健康保険,3,医療給付費分,,2021,2021,map,3,1,2021年度 国民健康保険特別会計 https://www.city.akishima.lg.jp/_res/projects/default_project/_page_/001/005/268/03.r3kokuho.pdf 物理頁22以降。款名称「国民健康保険事業費納付金」が会計別マスタと完全一致。項名称「医療給付費分」も完全一致
132071,expenditure,国民健康保険,5,,,2021,2021,map,4,,2021年度 国民健康保険特別会計 https://www.city.akishima.lg.jp/_res/projects/default_project/_page_/001/005/268/03.r3kokuho.pdf 物理頁22以降。款名称「保健事業費」が会計別マスタと完全一致
132071,expenditure,国民健康保険,5,保健事業費,,2021,2021,map,4,1,2021年度 国民健康保険特別会計 https://www.city.akishima.lg.jp/_res/projects/default_project/_page_/001/005/268/03.r3kokuho.pdf 物理頁22以降。款名称「保健事業費」が会計別マスタと完全一致。項名称「保健事業費」も完全一致
132071,expenditure,国民健康保険,7,,,2021,2021,map,6,,2021年度 国民健康保険特別会計 https://www.city.akishima.lg.jp/_res/projects/default_project/_page_/001/005/268/03.r3kokuho.pdf 物理頁22以降。款名称「公債費」が会計別マスタと完全一致
132071,expenditure,国民健康保険,5,特定健康診査等事業費,,2021,2021,map,4,2,2021年度 国民健康保険特別会計 https://www.city.akishima.lg.jp/_res/projects/default_project/_page_/001/005/268/03.r3kokuho.pdf 物理頁22以降。款名称「保健事業費」が会計別マスタと完全一致。項名称「特定健康診査等事業費」も完全一致
132071,expenditure,国民健康保険,6,,,2021,2021,map,5,,2021年度 国民健康保険特別会計 https://www.city.akishima.lg.jp/_res/projects/default_project/_page_/001/005/268/03.r3kokuho.pdf 物理頁22以降。款名称「基金積立金」が会計別マスタと完全一致
132071,expenditure,国民健康保険,2,傷病手当金,,2021,2021,map,2,4,2021年度 国民健康保険特別会計 https://www.city.akishima.lg.jp/_res/projects/default_project/_page_/001/005/268/03.r3kokuho.pdf 物理頁22以降。款名称「保険給付費」が会計別マスタと完全一致。項名称「傷病手当金」も完全一致
132071,expenditure,国民健康保険,9,,,2021,2021,map,10,,2021年度 国民健康保険特別会計 https://www.city.akishima.lg.jp/_res/projects/default_project/_page_/001/005/268/03.r3kokuho.pdf 物理頁22以降。款名称「予備費」が会計別マスタと完全一致
132071,expenditure,国民健康保険,9,予備費,,2021,2021,map,10,1,2021年度 国民健康保険特別会計 https://www.city.akishima.lg.jp/_res/projects/default_project/_page_/001/005/268/03.r3kokuho.pdf 物理頁22以降。款名称「予備費」が会計別マスタと完全一致。項名称「予備費」も完全一致
132071,expenditure,国民健康保険,2,高額療養費,,2021,2021,map,2,2,2021年度 国民健康保険特別会計 https://www.city.akishima.lg.jp/_res/projects/default_project/_page_/001/005/268/03.r3kokuho.pdf 物理頁22以降。款名称「保険給付費」が会計別マスタと完全一致。項名称「高額療養費」も完全一致
132071,expenditure,国民健康保険,2,結核・精神医療給付金,,2021,2021,map,2,6,2021年度 国民健康保険特別会計 https://www.city.akishima.lg.jp/_res/projects/default_project/_page_/001/005/268/03.r3kokuho.pdf 物理頁22以降。款名称「保険給付費」が会計別マスタと完全一致。項名称「結核・精神医療給付金」も完全一致
132071,expenditure,国民健康保険,3,介護納付金分,,2021,2021,map,3,3,2021年度 国民健康保険特別会計 https://www.city.akishima.lg.jp/_res/projects/default_project/_page_/001/005/268/03.r3kokuho.pdf 物理頁22以降。款名称「国民健康保険事業費納付金」が会計別マスタと完全一致。項名称「介護納付金分」も完全一致
132071,revenue,国民健康保険,3,,,2021,2021,map,3,,2021年度 国民健康保険特別会計 https://www.city.akishima.lg.jp/_res/projects/default_project/_page_/001/005/268/03.r3kokuho.pdf 物理頁14以降。款名称「国庫支出金」が会計別マスタと完全一致
132071,revenue,国民健康保険,3,国庫補助金,,2021,2021,map,3,1,2021年度 国民健康保険特別会計 https://www.city.akishima.lg.jp/_res/projects/default_project/_page_/001/005/268/03.r3kokuho.pdf 物理頁14以降。款名称「国庫支出金」が会計別マスタと完全一致。項名称「国庫補助金」も完全一致
132071,revenue,国民健康保険,7,,,2021,2021,map,9,,2021年度 国民健康保険特別会計 https://www.city.akishima.lg.jp/_res/projects/default_project/_page_/001/005/268/03.r3kokuho.pdf 物理頁14以降。款名称「繰越金」が会計別マスタと完全一致
132071,revenue,国民健康保険,7,繰越金,,2021,2021,map,9,1,2021年度 国民健康保険特別会計 https://www.city.akishima.lg.jp/_res/projects/default_project/_page_/001/005/268/03.r3kokuho.pdf 物理頁14以降。款名称「繰越金」が会計別マスタと完全一致。項名称「繰越金」も完全一致
132071,revenue,国民健康保険,2,,,2021,2021,map,2,,2021年度 国民健康保険特別会計 https://www.city.akishima.lg.jp/_res/projects/default_project/_page_/001/005/268/03.r3kokuho.pdf 物理頁14以降。款名称「一部負担金」が会計別マスタと完全一致
132071,expenditure,介護保険,1,,,2022,2022,map,1,,2022年度 介護保険特別会計 https://www.city.akishima.lg.jp/_res/projects/default_project/_page_/001/005/267/04.r4kaigo.pdf 物理頁24以降。款名称「総務費」が会計別マスタと完全一致
132071,expenditure,介護保険,1,総務管理費,,2022,2022,map,1,1,2022年度 介護保険特別会計 https://www.city.akishima.lg.jp/_res/projects/default_project/_page_/001/005/267/04.r4kaigo.pdf 物理頁24以降。款名称「総務費」が会計別マスタと完全一致。項名称「総務管理費」も完全一致
132071,expenditure,介護保険,2,,,2022,2022,map,2,,2022年度 介護保険特別会計 https://www.city.akishima.lg.jp/_res/projects/default_project/_page_/001/005/267/04.r4kaigo.pdf 物理頁24以降。款名称「保険給付費」が会計別マスタと完全一致
132071,expenditure,介護保険,5,,,2022,2022,map,6,,2022年度 介護保険特別会計 https://www.city.akishima.lg.jp/_res/projects/default_project/_page_/001/005/267/04.r4kaigo.pdf 物理頁24以降。款名称「基金積立金」が会計別マスタと完全一致
132071,expenditure,介護保険,5,基金積立金,,2022,2022,map,6,1,2022年度 介護保険特別会計 https://www.city.akishima.lg.jp/_res/projects/default_project/_page_/001/005/267/04.r4kaigo.pdf 物理頁24以降。款名称「基金積立金」が会計別マスタと完全一致。項名称「基金積立金」も完全一致
132071,expenditure,介護保険,6,,,2022,2022,map,8,,2022年度 介護保険特別会計 https://www.city.akishima.lg.jp/_res/projects/default_project/_page_/001/005/267/04.r4kaigo.pdf 物理頁24以降。款名称「公債費」が会計別マスタと完全一致
132071,expenditure,介護保険,6,公債費,,2022,2022,map,8,1,2022年度 介護保険特別会計 https://www.city.akishima.lg.jp/_res/projects/default_project/_page_/001/005/267/04.r4kaigo.pdf 物理頁24以降。款名称「公債費」が会計別マスタと完全一致。項名称「公債費」も完全一致
132071,expenditure,介護保険,4,,,2022,2022,map,3,,2022年度 介護保険特別会計 https://www.city.akishima.lg.jp/_res/projects/default_project/_page_/001/005/267/04.r4kaigo.pdf 物理頁24以降。款名称「地域支援事業費」が会計別マスタと完全一致
132071,expenditure,介護保険,4,介護予防・生活支援サービス事業費,,2022,2022,map,3,2,2022年度 介護保険特別会計 https://www.city.akishima.lg.jp/_res/projects/default_project/_page_/001/005/267/04.r4kaigo.pdf 物理頁24以降。款名称「地域支援事業費」が会計別マスタと完全一致。項名称「介護予防・生活支援サービス事業費」も完全一致
132071,expenditure,介護保険,4,包括的支援事業・任意事業費,,2022,2022,map,3,3,2022年度 介護保険特別会計 https://www.city.akishima.lg.jp/_res/projects/default_project/_page_/001/005/267/04.r4kaigo.pdf 物理頁24以降。款名称「地域支援事業費」が会計別マスタと完全一致。項名称「包括的支援事業・任意事業費」も完全一致
132071,expenditure,介護保険,3,,,2022,2022,map,4,,2022年度 介護保険特別会計 https://www.city.akishima.lg.jp/_res/projects/default_project/_page_/001/005/267/04.r4kaigo.pdf 物理頁24以降。款名称「財政安定化基金拠出金」が会計別マスタと完全一致
132071,expenditure,介護保険,4,一般介護予防事業費,,2022,2022,map,3,1,2022年度 介護保険特別会計 https://www.city.akishima.lg.jp/_res/projects/default_project/_page_/001/005/267/04.r4kaigo.pdf 物理頁24以降。款名称「地域支援事業費」が会計別マスタと完全一致。項名称「一般介護予防事業費」も完全一致
132071,expenditure,介護保険,8,,,2022,2022,map,11,,2022年度 介護保険特別会計 https://www.city.akishima.lg.jp/_res/projects/default_project/_page_/001/005/267/04.r4kaigo.pdf 物理頁24以降。款名称「予備費」が会計別マスタと完全一致
132071,expenditure,介護保険,8,予備費,,2022,2022,map,11,1,2022年度 介護保険特別会計 https://www.city.akishima.lg.jp/_res/projects/default_project/_page_/001/005/267/04.r4kaigo.pdf 物理頁24以降。款名称「予備費」が会計別マスタと完全一致。項名称「予備費」も完全一致
132071,revenue,介護保険,2,,,2022,2022,map,2,,2022年度 介護保険特別会計 https://www.city.akishima.lg.jp/_res/projects/default_project/_page_/001/005/267/04.r4kaigo.pdf 物理頁14以降。款名称「国庫支出金」が会計別マスタと完全一致
132071,revenue,介護保険,2,国庫補助金,,2022,2022,map,2,1,2022年度 介護保険特別会計 https://www.city.akishima.lg.jp/_res/projects/default_project/_page_/001/005/267/04.r4kaigo.pdf 物理頁14以降。款名称「国庫支出金」が会計別マスタと完全一致。項名称「国庫補助金」も完全一致
132071,revenue,介護保険,3,,,2022,2022,map,3,,2022年度 介護保険特別会計 https://www.city.akishima.lg.jp/_res/projects/default_project/_page_/001/005/267/04.r4kaigo.pdf 物理頁14以降。款名称「支払基金交付金」が会計別マスタと完全一致
132071,revenue,介護保険,3,支払基金交付金,,2022,2022,map,3,1,2022年度 介護保険特別会計 https://www.city.akishima.lg.jp/_res/projects/default_project/_page_/001/005/267/04.r4kaigo.pdf 物理頁14以降。款名称「支払基金交付金」が会計別マスタと完全一致。項名称「支払基金交付金」も完全一致
132071,revenue,介護保険,5,,,2022,2022,map,12,,2022年度 介護保険特別会計 https://www.city.akishima.lg.jp/_res/projects/default_project/_page_/001/005/267/04.r4kaigo.pdf 物理頁14以降。款名称「財産収入」が会計別マスタと完全一致
132071,revenue,介護保険,5,財産運用収入,,2022,2022,map,12,1,2022年度 介護保険特別会計 https://www.city.akishima.lg.jp/_res/projects/default_project/_page_/001/005/267/04.r4kaigo.pdf 物理頁14以降。款名称「財産収入」が会計別マスタと完全一致。項名称「財産運用収入」も完全一致
132071,revenue,介護保険,7,,,2022,2022,map,8,,2022年度 介護保険特別会計 https://www.city.akishima.lg.jp/_res/projects/default_project/_page_/001/005/267/04.r4kaigo.pdf 物理頁14以降。款名称「繰越金」が会計別マスタと完全一致
132071,revenue,介護保険,7,繰越金,,2022,2022,map,8,1,2022年度 介護保険特別会計 https://www.city.akishima.lg.jp/_res/projects/default_project/_page_/001/005/267/04.r4kaigo.pdf 物理頁14以降。款名称「繰越金」が会計別マスタと完全一致。項名称「繰越金」も完全一致
132071,revenue,介護保険,1,,,2022,2022,map,1,,2022年度 介護保険特別会計 https://www.city.akishima.lg.jp/_res/projects/default_project/_page_/001/005/267/04.r4kaigo.pdf 物理頁14以降。款名称「保険料」が会計別マスタと完全一致
132071,revenue,介護保険,1,介護保険料,,2022,2022,map,1,1,2022年度 介護保険特別会計 https://www.city.akishima.lg.jp/_res/projects/default_project/_page_/001/005/267/04.r4kaigo.pdf 物理頁14以降。款名称「保険料」が会計別マスタと完全一致。項名称「介護保険料」も完全一致
132071,revenue,介護保険,2,国庫負担金,,2022,2022,map,2,2,2022年度 介護保険特別会計 https://www.city.akishima.lg.jp/_res/projects/default_project/_page_/001/005/267/04.r4kaigo.pdf 物理頁14以降。款名称「国庫支出金」が会計別マスタと完全一致。項名称「国庫負担金」も完全一致
132071,expenditure,後期高齢者医療,1,,,2022,2022,map,1,,2022年度 後期高齢者医療特別会計 https://www.city.akishima.lg.jp/_res/projects/default_project/_page_/001/005/267/05.r4kouki.pdf 物理頁16以降。款名称「総務費」が会計別マスタと完全一致
132071,expenditure,後期高齢者医療,1,総務管理費,,2022,2022,map,1,1,2022年度 後期高齢者医療特別会計 https://www.city.akishima.lg.jp/_res/projects/default_project/_page_/001/005/267/05.r4kouki.pdf 物理頁16以降。款名称「総務費」が会計別マスタと完全一致。項名称「総務管理費」も完全一致
132071,expenditure,後期高齢者医療,5,,,2022,2022,map,7,,2022年度 後期高齢者医療特別会計 https://www.city.akishima.lg.jp/_res/projects/default_project/_page_/001/005/267/05.r4kouki.pdf 物理頁16以降。款名称「予備費」が会計別マスタと完全一致
132071,expenditure,後期高齢者医療,5,予備費,,2022,2022,map,7,1,2022年度 後期高齢者医療特別会計 https://www.city.akishima.lg.jp/_res/projects/default_project/_page_/001/005/267/05.r4kouki.pdf 物理頁16以降。款名称「予備費」が会計別マスタと完全一致。項名称「予備費」も完全一致
132071,expenditure,後期高齢者医療,1,徴収費,,2022,2022,map,1,2,2022年度 後期高齢者医療特別会計 https://www.city.akishima.lg.jp/_res/projects/default_project/_page_/001/005/267/05.r4kouki.pdf 物理頁16以降。款名称「総務費」が会計別マスタと完全一致。項名称「徴収費」も完全一致
132071,revenue,後期高齢者医療,3,,,2022,2022,map,2,,2022年度 後期高齢者医療特別会計 https://www.city.akishima.lg.jp/_res/projects/default_project/_page_/001/005/267/05.r4kouki.pdf 物理頁12以降。款名称「繰入金」が会計別マスタと完全一致
132071,revenue,後期高齢者医療,3,一般会計繰入金,,2022,2022,map,2,1,2022年度 後期高齢者医療特別会計 https://www.city.akishima.lg.jp/_res/projects/default_project/_page_/001/005/267/05.r4kouki.pdf 物理頁12以降。款名称「繰入金」が会計別マスタと完全一致。項名称「一般会計繰入金」も完全一致
132071,revenue,後期高齢者医療,4,,,2022,2022,map,3,,2022年度 後期高齢者医療特別会計 https://www.city.akishima.lg.jp/_res/projects/default_project/_page_/001/005/267/05.r4kouki.pdf 物理頁12以降。款名称「繰越金」が会計別マスタと完全一致
132071,revenue,後期高齢者医療,4,繰越金,,2022,2022,map,3,1,2022年度 後期高齢者医療特別会計 https://www.city.akishima.lg.jp/_res/projects/default_project/_page_/001/005/267/05.r4kouki.pdf 物理頁12以降。款名称「繰越金」が会計別マスタと完全一致。項名称「繰越金」も完全一致
132071,expenditure,国民健康保険,1,,,2022,2022,map,1,,2022年度 国民健康保険特別会計 https://www.city.akishima.lg.jp/_res/projects/default_project/_page_/001/005/267/03.r4kokuho.pdf 物理頁22以降。款名称「総務費」が会計別マスタと完全一致
132071,expenditure,国民健康保険,1,総務管理費,,2022,2022,map,1,1,2022年度 国民健康保険特別会計 https://www.city.akishima.lg.jp/_res/projects/default_project/_page_/001/005/267/03.r4kokuho.pdf 物理頁22以降。款名称「総務費」が会計別マスタと完全一致。項名称「総務管理費」も完全一致
132071,expenditure,国民健康保険,2,,,2022,2022,map,2,,2022年度 国民健康保険特別会計 https://www.city.akishima.lg.jp/_res/projects/default_project/_page_/001/005/267/03.r4kokuho.pdf 物理頁22以降。款名称「保険給付費」が会計別マスタと完全一致
132071,expenditure,国民健康保険,2,出産育児諸費,,2022,2022,map,2,3,2022年度 国民健康保険特別会計 https://www.city.akishima.lg.jp/_res/projects/default_project/_page_/001/005/267/03.r4kokuho.pdf 物理頁22以降。款名称「保険給付費」が会計別マスタと完全一致。項名称「出産育児諸費」も完全一致
132071,expenditure,国民健康保険,3,,,2022,2022,map,3,,2022年度 国民健康保険特別会計 https://www.city.akishima.lg.jp/_res/projects/default_project/_page_/001/005/267/03.r4kokuho.pdf 物理頁22以降。款名称「国民健康保険事業費納付金」が会計別マスタと完全一致
132071,expenditure,国民健康保険,3,医療給付費分,,2022,2022,map,3,1,2022年度 国民健康保険特別会計 https://www.city.akishima.lg.jp/_res/projects/default_project/_page_/001/005/267/03.r4kokuho.pdf 物理頁22以降。款名称「国民健康保険事業費納付金」が会計別マスタと完全一致。項名称「医療給付費分」も完全一致
132071,expenditure,国民健康保険,5,,,2022,2022,map,4,,2022年度 国民健康保険特別会計 https://www.city.akishima.lg.jp/_res/projects/default_project/_page_/001/005/267/03.r4kokuho.pdf 物理頁22以降。款名称「保健事業費」が会計別マスタと完全一致
132071,expenditure,国民健康保険,5,保健事業費,,2022,2022,map,4,1,2022年度 国民健康保険特別会計 https://www.city.akishima.lg.jp/_res/projects/default_project/_page_/001/005/267/03.r4kokuho.pdf 物理頁22以降。款名称「保健事業費」が会計別マスタと完全一致。項名称「保健事業費」も完全一致
132071,expenditure,国民健康保険,7,,,2022,2022,map,6,,2022年度 国民健康保険特別会計 https://www.city.akishima.lg.jp/_res/projects/default_project/_page_/001/005/267/03.r4kokuho.pdf 物理頁22以降。款名称「公債費」が会計別マスタと完全一致
132071,expenditure,国民健康保険,5,特定健康診査等事業費,,2022,2022,map,4,2,2022年度 国民健康保険特別会計 https://www.city.akishima.lg.jp/_res/projects/default_project/_page_/001/005/267/03.r4kokuho.pdf 物理頁22以降。款名称「保健事業費」が会計別マスタと完全一致。項名称「特定健康診査等事業費」も完全一致
132071,expenditure,国民健康保険,6,,,2022,2022,map,5,,2022年度 国民健康保険特別会計 https://www.city.akishima.lg.jp/_res/projects/default_project/_page_/001/005/267/03.r4kokuho.pdf 物理頁22以降。款名称「基金積立金」が会計別マスタと完全一致
132071,expenditure,国民健康保険,2,傷病手当金,,2022,2022,map,2,4,2022年度 国民健康保険特別会計 https://www.city.akishima.lg.jp/_res/projects/default_project/_page_/001/005/267/03.r4kokuho.pdf 物理頁22以降。款名称「保険給付費」が会計別マスタと完全一致。項名称「傷病手当金」も完全一致
132071,expenditure,国民健康保険,9,,,2022,2022,map,10,,2022年度 国民健康保険特別会計 https://www.city.akishima.lg.jp/_res/projects/default_project/_page_/001/005/267/03.r4kokuho.pdf 物理頁22以降。款名称「予備費」が会計別マスタと完全一致
132071,expenditure,国民健康保険,9,予備費,,2022,2022,map,10,1,2022年度 国民健康保険特別会計 https://www.city.akishima.lg.jp/_res/projects/default_project/_page_/001/005/267/03.r4kokuho.pdf 物理頁22以降。款名称「予備費」が会計別マスタと完全一致。項名称「予備費」も完全一致
132071,expenditure,国民健康保険,2,高額療養費,,2022,2022,map,2,2,2022年度 国民健康保険特別会計 https://www.city.akishima.lg.jp/_res/projects/default_project/_page_/001/005/267/03.r4kokuho.pdf 物理頁22以降。款名称「保険給付費」が会計別マスタと完全一致。項名称「高額療養費」も完全一致
132071,expenditure,国民健康保険,2,結核・精神医療給付金,,2022,2022,map,2,6,2022年度 国民健康保険特別会計 https://www.city.akishima.lg.jp/_res/projects/default_project/_page_/001/005/267/03.r4kokuho.pdf 物理頁22以降。款名称「保険給付費」が会計別マスタと完全一致。項名称「結核・精神医療給付金」も完全一致
132071,expenditure,国民健康保険,2,療養諸費,,2022,2022,map,2,1,2022年度 国民健康保険特別会計 https://www.city.akishima.lg.jp/_res/projects/default_project/_page_/001/005/267/03.r4kokuho.pdf 物理頁22以降。款名称「保険給付費」が会計別マスタと完全一致。項名称「療養諸費」も完全一致
132071,expenditure,国民健康保険,2,移送費,,2022,2022,map,2,5,2022年度 国民健康保険特別会計 https://www.city.akishima.lg.jp/_res/projects/default_project/_page_/001/005/267/03.r4kokuho.pdf 物理頁22以降。款名称「保険給付費」が会計別マスタと完全一致。項名称「移送費」も完全一致
132071,expenditure,国民健康保険,3,後期高齢者支援金等分,,2022,2022,map,3,2,2022年度 国民健康保険特別会計 https://www.city.akishima.lg.jp/_res/projects/default_project/_page_/001/005/267/03.r4kokuho.pdf 物理頁22以降。款名称「国民健康保険事業費納付金」が会計別マスタと完全一致。項名称「後期高齢者支援金等分」も完全一致
132071,expenditure,国民健康保険,3,介護納付金分,,2022,2022,map,3,3,2022年度 国民健康保険特別会計 https://www.city.akishima.lg.jp/_res/projects/default_project/_page_/001/005/267/03.r4kokuho.pdf 物理頁22以降。款名称「国民健康保険事業費納付金」が会計別マスタと完全一致。項名称「介護納付金分」も完全一致
132071,revenue,国民健康保険,3,,,2022,2022,map,3,,2022年度 国民健康保険特別会計 https://www.city.akishima.lg.jp/_res/projects/default_project/_page_/001/005/267/03.r4kokuho.pdf 物理頁14以降。款名称「国庫支出金」が会計別マスタと完全一致
132071,revenue,国民健康保険,3,国庫補助金,,2022,2022,map,3,1,2022年度 国民健康保険特別会計 https://www.city.akishima.lg.jp/_res/projects/default_project/_page_/001/005/267/03.r4kokuho.pdf 物理頁14以降。款名称「国庫支出金」が会計別マスタと完全一致。項名称「国庫補助金」も完全一致
132071,revenue,国民健康保険,7,,,2022,2022,map,9,,2022年度 国民健康保険特別会計 https://www.city.akishima.lg.jp/_res/projects/default_project/_page_/001/005/267/03.r4kokuho.pdf 物理頁14以降。款名称「繰越金」が会計別マスタと完全一致
132071,revenue,国民健康保険,7,繰越金,,2022,2022,map,9,1,2022年度 国民健康保険特別会計 https://www.city.akishima.lg.jp/_res/projects/default_project/_page_/001/005/267/03.r4kokuho.pdf 物理頁14以降。款名称「繰越金」が会計別マスタと完全一致。項名称「繰越金」も完全一致
132071,revenue,国民健康保険,2,,,2022,2022,map,2,,2022年度 国民健康保険特別会計 https://www.city.akishima.lg.jp/_res/projects/default_project/_page_/001/005/267/03.r4kokuho.pdf 物理頁14以降。款名称「一部負担金」が会計別マスタと完全一致
132071,expenditure,介護保険,1,,,2023,2023,map,1,,2023年度 介護保険特別会計 https://www.city.akishima.lg.jp/_res/projects/default_project/_page_/001/005/266/2-4.kaigo.pdf 物理頁24以降。款名称「総務費」が会計別マスタと完全一致
132071,expenditure,介護保険,1,総務管理費,,2023,2023,map,1,1,2023年度 介護保険特別会計 https://www.city.akishima.lg.jp/_res/projects/default_project/_page_/001/005/266/2-4.kaigo.pdf 物理頁24以降。款名称「総務費」が会計別マスタと完全一致。項名称「総務管理費」も完全一致
132071,expenditure,介護保険,2,,,2023,2023,map,2,,2023年度 介護保険特別会計 https://www.city.akishima.lg.jp/_res/projects/default_project/_page_/001/005/266/2-4.kaigo.pdf 物理頁24以降。款名称「保険給付費」が会計別マスタと完全一致
132071,expenditure,介護保険,4,,,2023,2023,map,3,,2023年度 介護保険特別会計 https://www.city.akishima.lg.jp/_res/projects/default_project/_page_/001/005/266/2-4.kaigo.pdf 物理頁24以降。款名称「地域支援事業費」が会計別マスタと完全一致
132071,expenditure,介護保険,4,一般介護予防事業費,,2023,2023,map,3,1,2023年度 介護保険特別会計 https://www.city.akishima.lg.jp/_res/projects/default_project/_page_/001/005/266/2-4.kaigo.pdf 物理頁24以降。款名称「地域支援事業費」が会計別マスタと完全一致。項名称「一般介護予防事業費」も完全一致
132071,expenditure,介護保険,8,,,2023,2023,map,11,,2023年度 介護保険特別会計 https://www.city.akishima.lg.jp/_res/projects/default_project/_page_/001/005/266/2-4.kaigo.pdf 物理頁24以降。款名称「予備費」が会計別マスタと完全一致
132071,expenditure,介護保険,8,予備費,,2023,2023,map,11,1,2023年度 介護保険特別会計 https://www.city.akishima.lg.jp/_res/projects/default_project/_page_/001/005/266/2-4.kaigo.pdf 物理頁24以降。款名称「予備費」が会計別マスタと完全一致。項名称「予備費」も完全一致
132071,expenditure,介護保険,5,,,2023,2023,map,6,,2023年度 介護保険特別会計 https://www.city.akishima.lg.jp/_res/projects/default_project/_page_/001/005/266/2-4.kaigo.pdf 物理頁24以降。款名称「基金積立金」が会計別マスタと完全一致
132071,expenditure,介護保険,5,基金積立金,,2023,2023,map,6,1,2023年度 介護保険特別会計 https://www.city.akishima.lg.jp/_res/projects/default_project/_page_/001/005/266/2-4.kaigo.pdf 物理頁24以降。款名称「基金積立金」が会計別マスタと完全一致。項名称「基金積立金」も完全一致
132071,expenditure,介護保険,6,,,2023,2023,map,8,,2023年度 介護保険特別会計 https://www.city.akishima.lg.jp/_res/projects/default_project/_page_/001/005/266/2-4.kaigo.pdf 物理頁24以降。款名称「公債費」が会計別マスタと完全一致
132071,expenditure,介護保険,6,公債費,,2023,2023,map,8,1,2023年度 介護保険特別会計 https://www.city.akishima.lg.jp/_res/projects/default_project/_page_/001/005/266/2-4.kaigo.pdf 物理頁24以降。款名称「公債費」が会計別マスタと完全一致。項名称「公債費」も完全一致
132071,expenditure,介護保険,3,,,2023,2023,map,4,,2023年度 介護保険特別会計 https://www.city.akishima.lg.jp/_res/projects/default_project/_page_/001/005/266/2-4.kaigo.pdf 物理頁24以降。款名称「財政安定化基金拠出金」が会計別マスタと完全一致
132071,expenditure,介護保険,4,介護予防・生活支援サービス事業費,,2023,2023,map,3,2,2023年度 介護保険特別会計 https://www.city.akishima.lg.jp/_res/projects/default_project/_page_/001/005/266/2-4.kaigo.pdf 物理頁24以降。款名称「地域支援事業費」が会計別マスタと完全一致。項名称「介護予防・生活支援サービス事業費」も完全一致
132071,expenditure,介護保険,4,包括的支援事業・任意事業費,,2023,2023,map,3,3,2023年度 介護保険特別会計 https://www.city.akishima.lg.jp/_res/projects/default_project/_page_/001/005/266/2-4.kaigo.pdf 物理頁24以降。款名称「地域支援事業費」が会計別マスタと完全一致。項名称「包括的支援事業・任意事業費」も完全一致
132071,revenue,介護保険,2,,,2023,2023,map,2,,2023年度 介護保険特別会計 https://www.city.akishima.lg.jp/_res/projects/default_project/_page_/001/005/266/2-4.kaigo.pdf 物理頁14以降。款名称「国庫支出金」が会計別マスタと完全一致
132071,revenue,介護保険,2,国庫補助金,,2023,2023,map,2,1,2023年度 介護保険特別会計 https://www.city.akishima.lg.jp/_res/projects/default_project/_page_/001/005/266/2-4.kaigo.pdf 物理頁14以降。款名称「国庫支出金」が会計別マスタと完全一致。項名称「国庫補助金」も完全一致
132071,revenue,介護保険,3,,,2023,2023,map,3,,2023年度 介護保険特別会計 https://www.city.akishima.lg.jp/_res/projects/default_project/_page_/001/005/266/2-4.kaigo.pdf 物理頁14以降。款名称「支払基金交付金」が会計別マスタと完全一致
132071,revenue,介護保険,3,支払基金交付金,,2023,2023,map,3,1,2023年度 介護保険特別会計 https://www.city.akishima.lg.jp/_res/projects/default_project/_page_/001/005/266/2-4.kaigo.pdf 物理頁14以降。款名称「支払基金交付金」が会計別マスタと完全一致。項名称「支払基金交付金」も完全一致
132071,revenue,介護保険,5,,,2023,2023,map,12,,2023年度 介護保険特別会計 https://www.city.akishima.lg.jp/_res/projects/default_project/_page_/001/005/266/2-4.kaigo.pdf 物理頁14以降。款名称「財産収入」が会計別マスタと完全一致
132071,revenue,介護保険,5,財産運用収入,,2023,2023,map,12,1,2023年度 介護保険特別会計 https://www.city.akishima.lg.jp/_res/projects/default_project/_page_/001/005/266/2-4.kaigo.pdf 物理頁14以降。款名称「財産収入」が会計別マスタと完全一致。項名称「財産運用収入」も完全一致
132071,revenue,介護保険,7,,,2023,2023,map,8,,2023年度 介護保険特別会計 https://www.city.akishima.lg.jp/_res/projects/default_project/_page_/001/005/266/2-4.kaigo.pdf 物理頁14以降。款名称「繰越金」が会計別マスタと完全一致
132071,revenue,介護保険,7,繰越金,,2023,2023,map,8,1,2023年度 介護保険特別会計 https://www.city.akishima.lg.jp/_res/projects/default_project/_page_/001/005/266/2-4.kaigo.pdf 物理頁14以降。款名称「繰越金」が会計別マスタと完全一致。項名称「繰越金」も完全一致
132071,revenue,介護保険,1,,,2023,2023,map,1,,2023年度 介護保険特別会計 https://www.city.akishima.lg.jp/_res/projects/default_project/_page_/001/005/266/2-4.kaigo.pdf 物理頁14以降。款名称「保険料」が会計別マスタと完全一致
132071,revenue,介護保険,1,介護保険料,,2023,2023,map,1,1,2023年度 介護保険特別会計 https://www.city.akishima.lg.jp/_res/projects/default_project/_page_/001/005/266/2-4.kaigo.pdf 物理頁14以降。款名称「保険料」が会計別マスタと完全一致。項名称「介護保険料」も完全一致
132071,revenue,介護保険,2,国庫負担金,,2023,2023,map,2,2,2023年度 介護保険特別会計 https://www.city.akishima.lg.jp/_res/projects/default_project/_page_/001/005/266/2-4.kaigo.pdf 物理頁14以降。款名称「国庫支出金」が会計別マスタと完全一致。項名称「国庫負担金」も完全一致
132071,expenditure,後期高齢者医療,1,,,2023,2023,map,1,,2023年度 後期高齢者医療特別会計 https://www.city.akishima.lg.jp/_res/projects/default_project/_page_/001/005/266/2-5.kouki.pdf 物理頁18以降。款名称「総務費」が会計別マスタと完全一致
132071,expenditure,後期高齢者医療,1,総務管理費,,2023,2023,map,1,1,2023年度 後期高齢者医療特別会計 https://www.city.akishima.lg.jp/_res/projects/default_project/_page_/001/005/266/2-5.kouki.pdf 物理頁18以降。款名称「総務費」が会計別マスタと完全一致。項名称「総務管理費」も完全一致
132071,expenditure,後期高齢者医療,5,,,2023,2023,map,7,,2023年度 後期高齢者医療特別会計 https://www.city.akishima.lg.jp/_res/projects/default_project/_page_/001/005/266/2-5.kouki.pdf 物理頁18以降。款名称「予備費」が会計別マスタと完全一致
132071,expenditure,後期高齢者医療,5,予備費,,2023,2023,map,7,1,2023年度 後期高齢者医療特別会計 https://www.city.akishima.lg.jp/_res/projects/default_project/_page_/001/005/266/2-5.kouki.pdf 物理頁18以降。款名称「予備費」が会計別マスタと完全一致。項名称「予備費」も完全一致
132071,expenditure,後期高齢者医療,1,徴収費,,2023,2023,map,1,2,2023年度 後期高齢者医療特別会計 https://www.city.akishima.lg.jp/_res/projects/default_project/_page_/001/005/266/2-5.kouki.pdf 物理頁18以降。款名称「総務費」が会計別マスタと完全一致。項名称「徴収費」も完全一致
132071,revenue,後期高齢者医療,3,,,2023,2023,map,2,,2023年度 後期高齢者医療特別会計 https://www.city.akishima.lg.jp/_res/projects/default_project/_page_/001/005/266/2-5.kouki.pdf 物理頁12以降。款名称「繰入金」が会計別マスタと完全一致
132071,revenue,後期高齢者医療,3,一般会計繰入金,,2023,2023,map,2,1,2023年度 後期高齢者医療特別会計 https://www.city.akishima.lg.jp/_res/projects/default_project/_page_/001/005/266/2-5.kouki.pdf 物理頁12以降。款名称「繰入金」が会計別マスタと完全一致。項名称「一般会計繰入金」も完全一致
132071,revenue,後期高齢者医療,4,,,2023,2023,map,3,,2023年度 後期高齢者医療特別会計 https://www.city.akishima.lg.jp/_res/projects/default_project/_page_/001/005/266/2-5.kouki.pdf 物理頁12以降。款名称「繰越金」が会計別マスタと完全一致
132071,revenue,後期高齢者医療,4,繰越金,,2023,2023,map,3,1,2023年度 後期高齢者医療特別会計 https://www.city.akishima.lg.jp/_res/projects/default_project/_page_/001/005/266/2-5.kouki.pdf 物理頁12以降。款名称「繰越金」が会計別マスタと完全一致。項名称「繰越金」も完全一致
132071,expenditure,国民健康保険,1,,,2023,2023,map,1,,2023年度 国民健康保険特別会計 https://www.city.akishima.lg.jp/_res/projects/default_project/_page_/001/005/266/2-3.kokuho.pdf 物理頁22以降。款名称「総務費」が会計別マスタと完全一致
132071,expenditure,国民健康保険,1,総務管理費,,2023,2023,map,1,1,2023年度 国民健康保険特別会計 https://www.city.akishima.lg.jp/_res/projects/default_project/_page_/001/005/266/2-3.kokuho.pdf 物理頁22以降。款名称「総務費」が会計別マスタと完全一致。項名称「総務管理費」も完全一致
132071,expenditure,国民健康保険,2,,,2023,2023,map,2,,2023年度 国民健康保険特別会計 https://www.city.akishima.lg.jp/_res/projects/default_project/_page_/001/005/266/2-3.kokuho.pdf 物理頁22以降。款名称「保険給付費」が会計別マスタと完全一致
132071,expenditure,国民健康保険,2,出産育児諸費,,2023,2023,map,2,3,2023年度 国民健康保険特別会計 https://www.city.akishima.lg.jp/_res/projects/default_project/_page_/001/005/266/2-3.kokuho.pdf 物理頁22以降。款名称「保険給付費」が会計別マスタと完全一致。項名称「出産育児諸費」も完全一致
132071,expenditure,国民健康保険,3,,,2023,2023,map,3,,2023年度 国民健康保険特別会計 https://www.city.akishima.lg.jp/_res/projects/default_project/_page_/001/005/266/2-3.kokuho.pdf 物理頁22以降。款名称「国民健康保険事業費納付金」が会計別マスタと完全一致
132071,expenditure,国民健康保険,3,介護納付金分,,2023,2023,map,3,3,2023年度 国民健康保険特別会計 https://www.city.akishima.lg.jp/_res/projects/default_project/_page_/001/005/266/2-3.kokuho.pdf 物理頁22以降。款名称「国民健康保険事業費納付金」が会計別マスタと完全一致。項名称「介護納付金分」も完全一致
132071,expenditure,国民健康保険,5,,,2023,2023,map,4,,2023年度 国民健康保険特別会計 https://www.city.akishima.lg.jp/_res/projects/default_project/_page_/001/005/266/2-3.kokuho.pdf 物理頁22以降。款名称「保健事業費」が会計別マスタと完全一致
132071,expenditure,国民健康保険,5,特定健康診査等事業費,,2023,2023,map,4,2,2023年度 国民健康保険特別会計 https://www.city.akishima.lg.jp/_res/projects/default_project/_page_/001/005/266/2-3.kokuho.pdf 物理頁22以降。款名称「保健事業費」が会計別マスタと完全一致。項名称「特定健康診査等事業費」も完全一致
132071,expenditure,国民健康保険,6,,,2023,2023,map,5,,2023年度 国民健康保険特別会計 https://www.city.akishima.lg.jp/_res/projects/default_project/_page_/001/005/266/2-3.kokuho.pdf 物理頁22以降。款名称「基金積立金」が会計別マスタと完全一致
132071,expenditure,国民健康保険,2,療養諸費,,2023,2023,map,2,1,2023年度 国民健康保険特別会計 https://www.city.akishima.lg.jp/_res/projects/default_project/_page_/001/005/266/2-3.kokuho.pdf 物理頁22以降。款名称「保険給付費」が会計別マスタと完全一致。項名称「療養諸費」も完全一致
132071,expenditure,国民健康保険,2,移送費,,2023,2023,map,2,5,2023年度 国民健康保険特別会計 https://www.city.akishima.lg.jp/_res/projects/default_project/_page_/001/005/266/2-3.kokuho.pdf 物理頁22以降。款名称「保険給付費」が会計別マスタと完全一致。項名称「移送費」も完全一致
132071,expenditure,国民健康保険,3,後期高齢者支援金等分,,2023,2023,map,3,2,2023年度 国民健康保険特別会計 https://www.city.akishima.lg.jp/_res/projects/default_project/_page_/001/005/266/2-3.kokuho.pdf 物理頁22以降。款名称「国民健康保険事業費納付金」が会計別マスタと完全一致。項名称「後期高齢者支援金等分」も完全一致
132071,expenditure,国民健康保険,3,医療給付費分,,2023,2023,map,3,1,2023年度 国民健康保険特別会計 https://www.city.akishima.lg.jp/_res/projects/default_project/_page_/001/005/266/2-3.kokuho.pdf 物理頁22以降。款名称「国民健康保険事業費納付金」が会計別マスタと完全一致。項名称「医療給付費分」も完全一致
132071,expenditure,国民健康保険,5,保健事業費,,2023,2023,map,4,1,2023年度 国民健康保険特別会計 https://www.city.akishima.lg.jp/_res/projects/default_project/_page_/001/005/266/2-3.kokuho.pdf 物理頁22以降。款名称「保健事業費」が会計別マスタと完全一致。項名称「保健事業費」も完全一致
132071,expenditure,国民健康保険,7,,,2023,2023,map,6,,2023年度 国民健康保険特別会計 https://www.city.akishima.lg.jp/_res/projects/default_project/_page_/001/005/266/2-3.kokuho.pdf 物理頁22以降。款名称「公債費」が会計別マスタと完全一致
132071,expenditure,国民健康保険,2,傷病手当金,,2023,2023,map,2,4,2023年度 国民健康保険特別会計 https://www.city.akishima.lg.jp/_res/projects/default_project/_page_/001/005/266/2-3.kokuho.pdf 物理頁22以降。款名称「保険給付費」が会計別マスタと完全一致。項名称「傷病手当金」も完全一致
132071,expenditure,国民健康保険,9,,,2023,2023,map,10,,2023年度 国民健康保険特別会計 https://www.city.akishima.lg.jp/_res/projects/default_project/_page_/001/005/266/2-3.kokuho.pdf 物理頁22以降。款名称「予備費」が会計別マスタと完全一致
132071,expenditure,国民健康保険,9,予備費,,2023,2023,map,10,1,2023年度 国民健康保険特別会計 https://www.city.akishima.lg.jp/_res/projects/default_project/_page_/001/005/266/2-3.kokuho.pdf 物理頁22以降。款名称「予備費」が会計別マスタと完全一致。項名称「予備費」も完全一致
132071,expenditure,国民健康保険,2,高額療養費,,2023,2023,map,2,2,2023年度 国民健康保険特別会計 https://www.city.akishima.lg.jp/_res/projects/default_project/_page_/001/005/266/2-3.kokuho.pdf 物理頁22以降。款名称「保険給付費」が会計別マスタと完全一致。項名称「高額療養費」も完全一致
132071,expenditure,国民健康保険,2,結核・精神医療給付金,,2023,2023,map,2,6,2023年度 国民健康保険特別会計 https://www.city.akishima.lg.jp/_res/projects/default_project/_page_/001/005/266/2-3.kokuho.pdf 物理頁22以降。款名称「保険給付費」が会計別マスタと完全一致。項名称「結核・精神医療給付金」も完全一致
132071,revenue,国民健康保険,3,,,2023,2023,map,3,,2023年度 国民健康保険特別会計 https://www.city.akishima.lg.jp/_res/projects/default_project/_page_/001/005/266/2-3.kokuho.pdf 物理頁14以降。款名称「国庫支出金」が会計別マスタと完全一致
132071,revenue,国民健康保険,3,国庫補助金,,2023,2023,map,3,1,2023年度 国民健康保険特別会計 https://www.city.akishima.lg.jp/_res/projects/default_project/_page_/001/005/266/2-3.kokuho.pdf 物理頁14以降。款名称「国庫支出金」が会計別マスタと完全一致。項名称「国庫補助金」も完全一致
132071,revenue,国民健康保険,7,,,2023,2023,map,9,,2023年度 国民健康保険特別会計 https://www.city.akishima.lg.jp/_res/projects/default_project/_page_/001/005/266/2-3.kokuho.pdf 物理頁14以降。款名称「繰越金」が会計別マスタと完全一致
132071,revenue,国民健康保険,7,繰越金,,2023,2023,map,9,1,2023年度 国民健康保険特別会計 https://www.city.akishima.lg.jp/_res/projects/default_project/_page_/001/005/266/2-3.kokuho.pdf 物理頁14以降。款名称「繰越金」が会計別マスタと完全一致。項名称「繰越金」も完全一致
132071,revenue,国民健康保険,2,,,2023,2023,map,2,,2023年度 国民健康保険特別会計 https://www.city.akishima.lg.jp/_res/projects/default_project/_page_/001/005/266/2-3.kokuho.pdf 物理頁14以降。款名称「一部負担金」が会計別マスタと完全一致
132071,expenditure,介護保険,1,,,2024,2024,map,1,,2024年度 介護保険特別会計 https://www.city.akishima.lg.jp/_res/projects/default_project/_page_/001/005/265/2-4.kaigo.pdf 物理頁24以降。款名称「総務費」が会計別マスタと完全一致
132071,expenditure,介護保険,1,総務管理費,,2024,2024,map,1,1,2024年度 介護保険特別会計 https://www.city.akishima.lg.jp/_res/projects/default_project/_page_/001/005/265/2-4.kaigo.pdf 物理頁24以降。款名称「総務費」が会計別マスタと完全一致。項名称「総務管理費」も完全一致
132071,expenditure,介護保険,2,,,2024,2024,map,2,,2024年度 介護保険特別会計 https://www.city.akishima.lg.jp/_res/projects/default_project/_page_/001/005/265/2-4.kaigo.pdf 物理頁24以降。款名称「保険給付費」が会計別マスタと完全一致
132071,expenditure,介護保険,5,,,2024,2024,map,6,,2024年度 介護保険特別会計 https://www.city.akishima.lg.jp/_res/projects/default_project/_page_/001/005/265/2-4.kaigo.pdf 物理頁24以降。款名称「基金積立金」が会計別マスタと完全一致
132071,expenditure,介護保険,5,基金積立金,,2024,2024,map,6,1,2024年度 介護保険特別会計 https://www.city.akishima.lg.jp/_res/projects/default_project/_page_/001/005/265/2-4.kaigo.pdf 物理頁24以降。款名称「基金積立金」が会計別マスタと完全一致。項名称「基金積立金」も完全一致
132071,expenditure,介護保険,6,,,2024,2024,map,8,,2024年度 介護保険特別会計 https://www.city.akishima.lg.jp/_res/projects/default_project/_page_/001/005/265/2-4.kaigo.pdf 物理頁24以降。款名称「公債費」が会計別マスタと完全一致
132071,expenditure,介護保険,6,公債費,,2024,2024,map,8,1,2024年度 介護保険特別会計 https://www.city.akishima.lg.jp/_res/projects/default_project/_page_/001/005/265/2-4.kaigo.pdf 物理頁24以降。款名称「公債費」が会計別マスタと完全一致。項名称「公債費」も完全一致
132071,expenditure,介護保険,4,,,2024,2024,map,3,,2024年度 介護保険特別会計 https://www.city.akishima.lg.jp/_res/projects/default_project/_page_/001/005/265/2-4.kaigo.pdf 物理頁24以降。款名称「地域支援事業費」が会計別マスタと完全一致
132071,expenditure,介護保険,4,一般介護予防事業費,,2024,2024,map,3,1,2024年度 介護保険特別会計 https://www.city.akishima.lg.jp/_res/projects/default_project/_page_/001/005/265/2-4.kaigo.pdf 物理頁24以降。款名称「地域支援事業費」が会計別マスタと完全一致。項名称「一般介護予防事業費」も完全一致
132071,expenditure,介護保険,8,,,2024,2024,map,11,,2024年度 介護保険特別会計 https://www.city.akishima.lg.jp/_res/projects/default_project/_page_/001/005/265/2-4.kaigo.pdf 物理頁24以降。款名称「予備費」が会計別マスタと完全一致
132071,expenditure,介護保険,8,予備費,,2024,2024,map,11,1,2024年度 介護保険特別会計 https://www.city.akishima.lg.jp/_res/projects/default_project/_page_/001/005/265/2-4.kaigo.pdf 物理頁24以降。款名称「予備費」が会計別マスタと完全一致。項名称「予備費」も完全一致
132071,expenditure,介護保険,3,,,2024,2024,map,4,,2024年度 介護保険特別会計 https://www.city.akishima.lg.jp/_res/projects/default_project/_page_/001/005/265/2-4.kaigo.pdf 物理頁24以降。款名称「財政安定化基金拠出金」が会計別マスタと完全一致
132071,expenditure,介護保険,4,介護予防・生活支援サービス事業費,,2024,2024,map,3,2,2024年度 介護保険特別会計 https://www.city.akishima.lg.jp/_res/projects/default_project/_page_/001/005/265/2-4.kaigo.pdf 物理頁24以降。款名称「地域支援事業費」が会計別マスタと完全一致。項名称「介護予防・生活支援サービス事業費」も完全一致
132071,expenditure,介護保険,4,包括的支援事業・任意事業費,,2024,2024,map,3,3,2024年度 介護保険特別会計 https://www.city.akishima.lg.jp/_res/projects/default_project/_page_/001/005/265/2-4.kaigo.pdf 物理頁24以降。款名称「地域支援事業費」が会計別マスタと完全一致。項名称「包括的支援事業・任意事業費」も完全一致
132071,revenue,介護保険,2,,,2024,2024,map,2,,2024年度 介護保険特別会計 https://www.city.akishima.lg.jp/_res/projects/default_project/_page_/001/005/265/2-4.kaigo.pdf 物理頁14以降。款名称「国庫支出金」が会計別マスタと完全一致
132071,revenue,介護保険,2,国庫補助金,,2024,2024,map,2,1,2024年度 介護保険特別会計 https://www.city.akishima.lg.jp/_res/projects/default_project/_page_/001/005/265/2-4.kaigo.pdf 物理頁14以降。款名称「国庫支出金」が会計別マスタと完全一致。項名称「国庫補助金」も完全一致
132071,revenue,介護保険,3,,,2024,2024,map,3,,2024年度 介護保険特別会計 https://www.city.akishima.lg.jp/_res/projects/default_project/_page_/001/005/265/2-4.kaigo.pdf 物理頁14以降。款名称「支払基金交付金」が会計別マスタと完全一致
132071,revenue,介護保険,3,支払基金交付金,,2024,2024,map,3,1,2024年度 介護保険特別会計 https://www.city.akishima.lg.jp/_res/projects/default_project/_page_/001/005/265/2-4.kaigo.pdf 物理頁14以降。款名称「支払基金交付金」が会計別マスタと完全一致。項名称「支払基金交付金」も完全一致
132071,revenue,介護保険,5,,,2024,2024,map,12,,2024年度 介護保険特別会計 https://www.city.akishima.lg.jp/_res/projects/default_project/_page_/001/005/265/2-4.kaigo.pdf 物理頁14以降。款名称「財産収入」が会計別マスタと完全一致
132071,revenue,介護保険,5,財産運用収入,,2024,2024,map,12,1,2024年度 介護保険特別会計 https://www.city.akishima.lg.jp/_res/projects/default_project/_page_/001/005/265/2-4.kaigo.pdf 物理頁14以降。款名称「財産収入」が会計別マスタと完全一致。項名称「財産運用収入」も完全一致
132071,revenue,介護保険,7,,,2024,2024,map,8,,2024年度 介護保険特別会計 https://www.city.akishima.lg.jp/_res/projects/default_project/_page_/001/005/265/2-4.kaigo.pdf 物理頁14以降。款名称「繰越金」が会計別マスタと完全一致
132071,revenue,介護保険,7,繰越金,,2024,2024,map,8,1,2024年度 介護保険特別会計 https://www.city.akishima.lg.jp/_res/projects/default_project/_page_/001/005/265/2-4.kaigo.pdf 物理頁14以降。款名称「繰越金」が会計別マスタと完全一致。項名称「繰越金」も完全一致
132071,revenue,介護保険,1,,,2024,2024,map,1,,2024年度 介護保険特別会計 https://www.city.akishima.lg.jp/_res/projects/default_project/_page_/001/005/265/2-4.kaigo.pdf 物理頁14以降。款名称「保険料」が会計別マスタと完全一致
132071,revenue,介護保険,1,介護保険料,,2024,2024,map,1,1,2024年度 介護保険特別会計 https://www.city.akishima.lg.jp/_res/projects/default_project/_page_/001/005/265/2-4.kaigo.pdf 物理頁14以降。款名称「保険料」が会計別マスタと完全一致。項名称「介護保険料」も完全一致
132071,revenue,介護保険,2,国庫負担金,,2024,2024,map,2,2,2024年度 介護保険特別会計 https://www.city.akishima.lg.jp/_res/projects/default_project/_page_/001/005/265/2-4.kaigo.pdf 物理頁14以降。款名称「国庫支出金」が会計別マスタと完全一致。項名称「国庫負担金」も完全一致
132071,expenditure,後期高齢者医療,1,,,2024,2024,map,1,,2024年度 後期高齢者医療特別会計 https://www.city.akishima.lg.jp/_res/projects/default_project/_page_/001/005/265/2-5.kouki.pdf 物理頁18以降。款名称「総務費」が会計別マスタと完全一致
132071,expenditure,後期高齢者医療,1,総務管理費,,2024,2024,map,1,1,2024年度 後期高齢者医療特別会計 https://www.city.akishima.lg.jp/_res/projects/default_project/_page_/001/005/265/2-5.kouki.pdf 物理頁18以降。款名称「総務費」が会計別マスタと完全一致。項名称「総務管理費」も完全一致
132071,expenditure,後期高齢者医療,5,,,2024,2024,map,7,,2024年度 後期高齢者医療特別会計 https://www.city.akishima.lg.jp/_res/projects/default_project/_page_/001/005/265/2-5.kouki.pdf 物理頁18以降。款名称「予備費」が会計別マスタと完全一致
132071,expenditure,後期高齢者医療,5,予備費,,2024,2024,map,7,1,2024年度 後期高齢者医療特別会計 https://www.city.akishima.lg.jp/_res/projects/default_project/_page_/001/005/265/2-5.kouki.pdf 物理頁18以降。款名称「予備費」が会計別マスタと完全一致。項名称「予備費」も完全一致
132071,expenditure,後期高齢者医療,1,徴収費,,2024,2024,map,1,2,2024年度 後期高齢者医療特別会計 https://www.city.akishima.lg.jp/_res/projects/default_project/_page_/001/005/265/2-5.kouki.pdf 物理頁18以降。款名称「総務費」が会計別マスタと完全一致。項名称「徴収費」も完全一致
132071,revenue,後期高齢者医療,3,,,2024,2024,map,2,,2024年度 後期高齢者医療特別会計 https://www.city.akishima.lg.jp/_res/projects/default_project/_page_/001/005/265/2-5.kouki.pdf 物理頁12以降。款名称「繰入金」が会計別マスタと完全一致
132071,revenue,後期高齢者医療,3,一般会計繰入金,,2024,2024,map,2,1,2024年度 後期高齢者医療特別会計 https://www.city.akishima.lg.jp/_res/projects/default_project/_page_/001/005/265/2-5.kouki.pdf 物理頁12以降。款名称「繰入金」が会計別マスタと完全一致。項名称「一般会計繰入金」も完全一致
132071,revenue,後期高齢者医療,4,,,2024,2024,map,3,,2024年度 後期高齢者医療特別会計 https://www.city.akishima.lg.jp/_res/projects/default_project/_page_/001/005/265/2-5.kouki.pdf 物理頁12以降。款名称「繰越金」が会計別マスタと完全一致
132071,revenue,後期高齢者医療,4,繰越金,,2024,2024,map,3,1,2024年度 後期高齢者医療特別会計 https://www.city.akishima.lg.jp/_res/projects/default_project/_page_/001/005/265/2-5.kouki.pdf 物理頁12以降。款名称「繰越金」が会計別マスタと完全一致。項名称「繰越金」も完全一致
132071,expenditure,国民健康保険,1,,,2024,2024,map,1,,2024年度 国民健康保険特別会計 https://www.city.akishima.lg.jp/_res/projects/default_project/_page_/001/005/265/2-3.kokuho.pdf 物理頁22以降。款名称「総務費」が会計別マスタと完全一致
132071,expenditure,国民健康保険,1,総務管理費,,2024,2024,map,1,1,2024年度 国民健康保険特別会計 https://www.city.akishima.lg.jp/_res/projects/default_project/_page_/001/005/265/2-3.kokuho.pdf 物理頁22以降。款名称「総務費」が会計別マスタと完全一致。項名称「総務管理費」も完全一致
132071,expenditure,国民健康保険,2,,,2024,2024,map,2,,2024年度 国民健康保険特別会計 https://www.city.akishima.lg.jp/_res/projects/default_project/_page_/001/005/265/2-3.kokuho.pdf 物理頁22以降。款名称「保険給付費」が会計別マスタと完全一致
132071,expenditure,国民健康保険,2,出産育児諸費,,2024,2024,map,2,3,2024年度 国民健康保険特別会計 https://www.city.akishima.lg.jp/_res/projects/default_project/_page_/001/005/265/2-3.kokuho.pdf 物理頁22以降。款名称「保険給付費」が会計別マスタと完全一致。項名称「出産育児諸費」も完全一致
132071,expenditure,国民健康保険,3,,,2024,2024,map,3,,2024年度 国民健康保険特別会計 https://www.city.akishima.lg.jp/_res/projects/default_project/_page_/001/005/265/2-3.kokuho.pdf 物理頁22以降。款名称「国民健康保険事業費納付金」が会計別マスタと完全一致
132071,expenditure,国民健康保険,3,介護納付金分,,2024,2024,map,3,3,2024年度 国民健康保険特別会計 https://www.city.akishima.lg.jp/_res/projects/default_project/_page_/001/005/265/2-3.kokuho.pdf 物理頁22以降。款名称「国民健康保険事業費納付金」が会計別マスタと完全一致。項名称「介護納付金分」も完全一致
132071,expenditure,国民健康保険,2,療養諸費,,2024,2024,map,2,1,2024年度 国民健康保険特別会計 https://www.city.akishima.lg.jp/_res/projects/default_project/_page_/001/005/265/2-3.kokuho.pdf 物理頁22以降。款名称「保険給付費」が会計別マスタと完全一致。項名称「療養諸費」も完全一致
132071,expenditure,国民健康保険,2,移送費,,2024,2024,map,2,5,2024年度 国民健康保険特別会計 https://www.city.akishima.lg.jp/_res/projects/default_project/_page_/001/005/265/2-3.kokuho.pdf 物理頁22以降。款名称「保険給付費」が会計別マスタと完全一致。項名称「移送費」も完全一致
132071,expenditure,国民健康保険,3,後期高齢者支援金等分,,2024,2024,map,3,2,2024年度 国民健康保険特別会計 https://www.city.akishima.lg.jp/_res/projects/default_project/_page_/001/005/265/2-3.kokuho.pdf 物理頁22以降。款名称「国民健康保険事業費納付金」が会計別マスタと完全一致。項名称「後期高齢者支援金等分」も完全一致
132071,expenditure,国民健康保険,3,医療給付費分,,2024,2024,map,3,1,2024年度 国民健康保険特別会計 https://www.city.akishima.lg.jp/_res/projects/default_project/_page_/001/005/265/2-3.kokuho.pdf 物理頁22以降。款名称「国民健康保険事業費納付金」が会計別マスタと完全一致。項名称「医療給付費分」も完全一致
132071,expenditure,国民健康保険,5,,,2024,2024,map,4,,2024年度 国民健康保険特別会計 https://www.city.akishima.lg.jp/_res/projects/default_project/_page_/001/005/265/2-3.kokuho.pdf 物理頁22以降。款名称「保健事業費」が会計別マスタと完全一致
132071,expenditure,国民健康保険,5,保健事業費,,2024,2024,map,4,1,2024年度 国民健康保険特別会計 https://www.city.akishima.lg.jp/_res/projects/default_project/_page_/001/005/265/2-3.kokuho.pdf 物理頁22以降。款名称「保健事業費」が会計別マスタと完全一致。項名称「保健事業費」も完全一致
132071,expenditure,国民健康保険,7,,,2024,2024,map,6,,2024年度 国民健康保険特別会計 https://www.city.akishima.lg.jp/_res/projects/default_project/_page_/001/005/265/2-3.kokuho.pdf 物理頁22以降。款名称「公債費」が会計別マスタと完全一致
132071,expenditure,国民健康保険,5,特定健康診査等事業費,,2024,2024,map,4,2,2024年度 国民健康保険特別会計 https://www.city.akishima.lg.jp/_res/projects/default_project/_page_/001/005/265/2-3.kokuho.pdf 物理頁22以降。款名称「保健事業費」が会計別マスタと完全一致。項名称「特定健康診査等事業費」も完全一致
132071,expenditure,国民健康保険,6,,,2024,2024,map,5,,2024年度 国民健康保険特別会計 https://www.city.akishima.lg.jp/_res/projects/default_project/_page_/001/005/265/2-3.kokuho.pdf 物理頁22以降。款名称「基金積立金」が会計別マスタと完全一致
132071,expenditure,国民健康保険,2,高額療養費,,2024,2024,map,2,2,2024年度 国民健康保険特別会計 https://www.city.akishima.lg.jp/_res/projects/default_project/_page_/001/005/265/2-3.kokuho.pdf 物理頁22以降。款名称「保険給付費」が会計別マスタと完全一致。項名称「高額療養費」も完全一致
132071,expenditure,国民健康保険,2,結核・精神医療給付金,,2024,2024,map,2,6,2024年度 国民健康保険特別会計 https://www.city.akishima.lg.jp/_res/projects/default_project/_page_/001/005/265/2-3.kokuho.pdf 物理頁22以降。款名称「保険給付費」が会計別マスタと完全一致。項名称「結核・精神医療給付金」も完全一致
132071,expenditure,国民健康保険,2,傷病手当金,,2024,2024,map,2,4,2024年度 国民健康保険特別会計 https://www.city.akishima.lg.jp/_res/projects/default_project/_page_/001/005/265/2-3.kokuho.pdf 物理頁22以降。款名称「保険給付費」が会計別マスタと完全一致。項名称「傷病手当金」も完全一致
132071,expenditure,国民健康保険,9,,,2024,2024,map,10,,2024年度 国民健康保険特別会計 https://www.city.akishima.lg.jp/_res/projects/default_project/_page_/001/005/265/2-3.kokuho.pdf 物理頁22以降。款名称「予備費」が会計別マスタと完全一致
132071,expenditure,国民健康保険,9,予備費,,2024,2024,map,10,1,2024年度 国民健康保険特別会計 https://www.city.akishima.lg.jp/_res/projects/default_project/_page_/001/005/265/2-3.kokuho.pdf 物理頁22以降。款名称「予備費」が会計別マスタと完全一致。項名称「予備費」も完全一致
132071,revenue,国民健康保険,7,,,2024,2024,map,9,,2024年度 国民健康保険特別会計 https://www.city.akishima.lg.jp/_res/projects/default_project/_page_/001/005/265/2-3.kokuho.pdf 物理頁14以降。款名称「繰越金」が会計別マスタと完全一致
132071,revenue,国民健康保険,7,繰越金,,2024,2024,map,9,1,2024年度 国民健康保険特別会計 https://www.city.akishima.lg.jp/_res/projects/default_project/_page_/001/005/265/2-3.kokuho.pdf 物理頁14以降。款名称「繰越金」が会計別マスタと完全一致。項名称「繰越金」も完全一致
132071,revenue,国民健康保険,3,,,2024,2024,map,3,,2024年度 国民健康保険特別会計 https://www.city.akishima.lg.jp/_res/projects/default_project/_page_/001/005/265/2-3.kokuho.pdf 物理頁14以降。款名称「国庫支出金」が会計別マスタと完全一致
132071,revenue,国民健康保険,3,国庫補助金,,2024,2024,map,3,1,2024年度 国民健康保険特別会計 https://www.city.akishima.lg.jp/_res/projects/default_project/_page_/001/005/265/2-3.kokuho.pdf 物理頁14以降。款名称「国庫支出金」が会計別マスタと完全一致。項名称「国庫補助金」も完全一致
132071,revenue,国民健康保険,2,,,2024,2024,map,2,,2024年度 国民健康保険特別会計 https://www.city.akishima.lg.jp/_res/projects/default_project/_page_/001/005/265/2-3.kokuho.pdf 物理頁14以降。款名称「一部負担金」が会計別マスタと完全一致
132071,expenditure,介護保険,1,,,2025,2025,map,1,,2025年度 介護保険特別会計 https://www.city.akishima.lg.jp/_res/projects/default_project/_page_/001/005/264/2-3.kaigo.pdf 物理頁24以降。款名称「総務費」が会計別マスタと完全一致
132071,expenditure,介護保険,1,総務管理費,,2025,2025,map,1,1,2025年度 介護保険特別会計 https://www.city.akishima.lg.jp/_res/projects/default_project/_page_/001/005/264/2-3.kaigo.pdf 物理頁24以降。款名称「総務費」が会計別マスタと完全一致。項名称「総務管理費」も完全一致
132071,expenditure,介護保険,2,,,2025,2025,map,2,,2025年度 介護保険特別会計 https://www.city.akishima.lg.jp/_res/projects/default_project/_page_/001/005/264/2-3.kaigo.pdf 物理頁24以降。款名称「保険給付費」が会計別マスタと完全一致
132071,expenditure,介護保険,5,,,2025,2025,map,6,,2025年度 介護保険特別会計 https://www.city.akishima.lg.jp/_res/projects/default_project/_page_/001/005/264/2-3.kaigo.pdf 物理頁24以降。款名称「基金積立金」が会計別マスタと完全一致
132071,expenditure,介護保険,5,基金積立金,,2025,2025,map,6,1,2025年度 介護保険特別会計 https://www.city.akishima.lg.jp/_res/projects/default_project/_page_/001/005/264/2-3.kaigo.pdf 物理頁24以降。款名称「基金積立金」が会計別マスタと完全一致。項名称「基金積立金」も完全一致
132071,expenditure,介護保険,6,,,2025,2025,map,8,,2025年度 介護保険特別会計 https://www.city.akishima.lg.jp/_res/projects/default_project/_page_/001/005/264/2-3.kaigo.pdf 物理頁24以降。款名称「公債費」が会計別マスタと完全一致
132071,expenditure,介護保険,6,公債費,,2025,2025,map,8,1,2025年度 介護保険特別会計 https://www.city.akishima.lg.jp/_res/projects/default_project/_page_/001/005/264/2-3.kaigo.pdf 物理頁24以降。款名称「公債費」が会計別マスタと完全一致。項名称「公債費」も完全一致
132071,expenditure,介護保険,4,,,2025,2025,map,3,,2025年度 介護保険特別会計 https://www.city.akishima.lg.jp/_res/projects/default_project/_page_/001/005/264/2-3.kaigo.pdf 物理頁24以降。款名称「地域支援事業費」が会計別マスタと完全一致
132071,expenditure,介護保険,4,一般介護予防事業費,,2025,2025,map,3,1,2025年度 介護保険特別会計 https://www.city.akishima.lg.jp/_res/projects/default_project/_page_/001/005/264/2-3.kaigo.pdf 物理頁24以降。款名称「地域支援事業費」が会計別マスタと完全一致。項名称「一般介護予防事業費」も完全一致
132071,expenditure,介護保険,8,,,2025,2025,map,11,,2025年度 介護保険特別会計 https://www.city.akishima.lg.jp/_res/projects/default_project/_page_/001/005/264/2-3.kaigo.pdf 物理頁24以降。款名称「予備費」が会計別マスタと完全一致
132071,expenditure,介護保険,8,予備費,,2025,2025,map,11,1,2025年度 介護保険特別会計 https://www.city.akishima.lg.jp/_res/projects/default_project/_page_/001/005/264/2-3.kaigo.pdf 物理頁24以降。款名称「予備費」が会計別マスタと完全一致。項名称「予備費」も完全一致
132071,expenditure,介護保険,3,,,2025,2025,map,4,,2025年度 介護保険特別会計 https://www.city.akishima.lg.jp/_res/projects/default_project/_page_/001/005/264/2-3.kaigo.pdf 物理頁24以降。款名称「財政安定化基金拠出金」が会計別マスタと完全一致
132071,expenditure,介護保険,4,介護予防・生活支援サービス事業費,,2025,2025,map,3,2,2025年度 介護保険特別会計 https://www.city.akishima.lg.jp/_res/projects/default_project/_page_/001/005/264/2-3.kaigo.pdf 物理頁24以降。款名称「地域支援事業費」が会計別マスタと完全一致。項名称「介護予防・生活支援サービス事業費」も完全一致
132071,expenditure,介護保険,4,包括的支援事業・任意事業費,,2025,2025,map,3,3,2025年度 介護保険特別会計 https://www.city.akishima.lg.jp/_res/projects/default_project/_page_/001/005/264/2-3.kaigo.pdf 物理頁24以降。款名称「地域支援事業費」が会計別マスタと完全一致。項名称「包括的支援事業・任意事業費」も完全一致
132071,revenue,介護保険,2,,,2025,2025,map,2,,2025年度 介護保険特別会計 https://www.city.akishima.lg.jp/_res/projects/default_project/_page_/001/005/264/2-3.kaigo.pdf 物理頁14以降。款名称「国庫支出金」が会計別マスタと完全一致
132071,revenue,介護保険,2,国庫補助金,,2025,2025,map,2,1,2025年度 介護保険特別会計 https://www.city.akishima.lg.jp/_res/projects/default_project/_page_/001/005/264/2-3.kaigo.pdf 物理頁14以降。款名称「国庫支出金」が会計別マスタと完全一致。項名称「国庫補助金」も完全一致
132071,revenue,介護保険,3,,,2025,2025,map,3,,2025年度 介護保険特別会計 https://www.city.akishima.lg.jp/_res/projects/default_project/_page_/001/005/264/2-3.kaigo.pdf 物理頁14以降。款名称「支払基金交付金」が会計別マスタと完全一致
132071,revenue,介護保険,3,支払基金交付金,,2025,2025,map,3,1,2025年度 介護保険特別会計 https://www.city.akishima.lg.jp/_res/projects/default_project/_page_/001/005/264/2-3.kaigo.pdf 物理頁14以降。款名称「支払基金交付金」が会計別マスタと完全一致。項名称「支払基金交付金」も完全一致
132071,revenue,介護保険,5,,,2025,2025,map,12,,2025年度 介護保険特別会計 https://www.city.akishima.lg.jp/_res/projects/default_project/_page_/001/005/264/2-3.kaigo.pdf 物理頁14以降。款名称「財産収入」が会計別マスタと完全一致
132071,revenue,介護保険,5,財産運用収入,,2025,2025,map,12,1,2025年度 介護保険特別会計 https://www.city.akishima.lg.jp/_res/projects/default_project/_page_/001/005/264/2-3.kaigo.pdf 物理頁14以降。款名称「財産収入」が会計別マスタと完全一致。項名称「財産運用収入」も完全一致
132071,revenue,介護保険,1,,,2025,2025,map,1,,2025年度 介護保険特別会計 https://www.city.akishima.lg.jp/_res/projects/default_project/_page_/001/005/264/2-3.kaigo.pdf 物理頁14以降。款名称「保険料」が会計別マスタと完全一致
132071,revenue,介護保険,1,介護保険料,,2025,2025,map,1,1,2025年度 介護保険特別会計 https://www.city.akishima.lg.jp/_res/projects/default_project/_page_/001/005/264/2-3.kaigo.pdf 物理頁14以降。款名称「保険料」が会計別マスタと完全一致。項名称「介護保険料」も完全一致
132071,revenue,介護保険,2,国庫負担金,,2025,2025,map,2,2,2025年度 介護保険特別会計 https://www.city.akishima.lg.jp/_res/projects/default_project/_page_/001/005/264/2-3.kaigo.pdf 物理頁14以降。款名称「国庫支出金」が会計別マスタと完全一致。項名称「国庫負担金」も完全一致
132071,revenue,介護保険,7,,,2025,2025,map,8,,2025年度 介護保険特別会計 https://www.city.akishima.lg.jp/_res/projects/default_project/_page_/001/005/264/2-3.kaigo.pdf 物理頁14以降。款名称「繰越金」が会計別マスタと完全一致
132071,revenue,介護保険,7,繰越金,,2025,2025,map,8,1,2025年度 介護保険特別会計 https://www.city.akishima.lg.jp/_res/projects/default_project/_page_/001/005/264/2-3.kaigo.pdf 物理頁14以降。款名称「繰越金」が会計別マスタと完全一致。項名称「繰越金」も完全一致
132071,expenditure,介護保険,1,,,2026,2026,map,1,,2026年度 介護保険特別会計 https://www.city.akishima.lg.jp/_res/projects/default_project/_page_/001/011/521/2-3.kaigo.pdf 物理頁22以降。款名称「総務費」が会計別マスタと完全一致
132071,expenditure,介護保険,1,総務管理費,,2026,2026,map,1,1,2026年度 介護保険特別会計 https://www.city.akishima.lg.jp/_res/projects/default_project/_page_/001/011/521/2-3.kaigo.pdf 物理頁22以降。款名称「総務費」が会計別マスタと完全一致。項名称「総務管理費」も完全一致
132071,expenditure,介護保険,2,,,2026,2026,map,2,,2026年度 介護保険特別会計 https://www.city.akishima.lg.jp/_res/projects/default_project/_page_/001/011/521/2-3.kaigo.pdf 物理頁22以降。款名称「保険給付費」が会計別マスタと完全一致
132071,expenditure,介護保険,5,,,2026,2026,map,6,,2026年度 介護保険特別会計 https://www.city.akishima.lg.jp/_res/projects/default_project/_page_/001/011/521/2-3.kaigo.pdf 物理頁22以降。款名称「基金積立金」が会計別マスタと完全一致
132071,expenditure,介護保険,5,基金積立金,,2026,2026,map,6,1,2026年度 介護保険特別会計 https://www.city.akishima.lg.jp/_res/projects/default_project/_page_/001/011/521/2-3.kaigo.pdf 物理頁22以降。款名称「基金積立金」が会計別マスタと完全一致。項名称「基金積立金」も完全一致
132071,expenditure,介護保険,6,,,2026,2026,map,8,,2026年度 介護保険特別会計 https://www.city.akishima.lg.jp/_res/projects/default_project/_page_/001/011/521/2-3.kaigo.pdf 物理頁22以降。款名称「公債費」が会計別マスタと完全一致
132071,expenditure,介護保険,6,公債費,,2026,2026,map,8,1,2026年度 介護保険特別会計 https://www.city.akishima.lg.jp/_res/projects/default_project/_page_/001/011/521/2-3.kaigo.pdf 物理頁22以降。款名称「公債費」が会計別マスタと完全一致。項名称「公債費」も完全一致
132071,expenditure,介護保険,4,,,2026,2026,map,3,,2026年度 介護保険特別会計 https://www.city.akishima.lg.jp/_res/projects/default_project/_page_/001/011/521/2-3.kaigo.pdf 物理頁22以降。款名称「地域支援事業費」が会計別マスタと完全一致
132071,expenditure,介護保険,4,一般介護予防事業費,,2026,2026,map,3,1,2026年度 介護保険特別会計 https://www.city.akishima.lg.jp/_res/projects/default_project/_page_/001/011/521/2-3.kaigo.pdf 物理頁22以降。款名称「地域支援事業費」が会計別マスタと完全一致。項名称「一般介護予防事業費」も完全一致
132071,expenditure,介護保険,8,,,2026,2026,map,11,,2026年度 介護保険特別会計 https://www.city.akishima.lg.jp/_res/projects/default_project/_page_/001/011/521/2-3.kaigo.pdf 物理頁22以降。款名称「予備費」が会計別マスタと完全一致
132071,expenditure,介護保険,8,予備費,,2026,2026,map,11,1,2026年度 介護保険特別会計 https://www.city.akishima.lg.jp/_res/projects/default_project/_page_/001/011/521/2-3.kaigo.pdf 物理頁22以降。款名称「予備費」が会計別マスタと完全一致。項名称「予備費」も完全一致
132071,expenditure,介護保険,4,介護予防・生活支援サービス事業費,,2026,2026,map,3,2,2026年度 介護保険特別会計 https://www.city.akishima.lg.jp/_res/projects/default_project/_page_/001/011/521/2-3.kaigo.pdf 物理頁22以降。款名称「地域支援事業費」が会計別マスタと完全一致。項名称「介護予防・生活支援サービス事業費」も完全一致
132071,expenditure,介護保険,4,包括的支援事業・任意事業費,,2026,2026,map,3,3,2026年度 介護保険特別会計 https://www.city.akishima.lg.jp/_res/projects/default_project/_page_/001/011/521/2-3.kaigo.pdf 物理頁22以降。款名称「地域支援事業費」が会計別マスタと完全一致。項名称「包括的支援事業・任意事業費」も完全一致
132071,expenditure,介護保険,3,,,2026,2026,map,4,,2026年度 介護保険特別会計 https://www.city.akishima.lg.jp/_res/projects/default_project/_page_/001/011/521/2-3.kaigo.pdf 物理頁22以降。款名称「財政安定化基金拠出金」が会計別マスタと完全一致
132071,revenue,介護保険,2,,,2026,2026,map,2,,2026年度 介護保険特別会計 https://www.city.akishima.lg.jp/_res/projects/default_project/_page_/001/011/521/2-3.kaigo.pdf 物理頁14以降。款名称「国庫支出金」が会計別マスタと完全一致
132071,revenue,介護保険,2,国庫補助金,,2026,2026,map,2,1,2026年度 介護保険特別会計 https://www.city.akishima.lg.jp/_res/projects/default_project/_page_/001/011/521/2-3.kaigo.pdf 物理頁14以降。款名称「国庫支出金」が会計別マスタと完全一致。項名称「国庫補助金」も完全一致
132071,revenue,介護保険,3,,,2026,2026,map,3,,2026年度 介護保険特別会計 https://www.city.akishima.lg.jp/_res/projects/default_project/_page_/001/011/521/2-3.kaigo.pdf 物理頁14以降。款名称「支払基金交付金」が会計別マスタと完全一致
132071,revenue,介護保険,3,支払基金交付金,,2026,2026,map,3,1,2026年度 介護保険特別会計 https://www.city.akishima.lg.jp/_res/projects/default_project/_page_/001/011/521/2-3.kaigo.pdf 物理頁14以降。款名称「支払基金交付金」が会計別マスタと完全一致。項名称「支払基金交付金」も完全一致
132071,revenue,介護保険,5,,,2026,2026,map,12,,2026年度 介護保険特別会計 https://www.city.akishima.lg.jp/_res/projects/default_project/_page_/001/011/521/2-3.kaigo.pdf 物理頁14以降。款名称「財産収入」が会計別マスタと完全一致
132071,revenue,介護保険,5,財産運用収入,,2026,2026,map,12,1,2026年度 介護保険特別会計 https://www.city.akishima.lg.jp/_res/projects/default_project/_page_/001/011/521/2-3.kaigo.pdf 物理頁14以降。款名称「財産収入」が会計別マスタと完全一致。項名称「財産運用収入」も完全一致
132071,revenue,介護保険,7,,,2026,2026,map,8,,2026年度 介護保険特別会計 https://www.city.akishima.lg.jp/_res/projects/default_project/_page_/001/011/521/2-3.kaigo.pdf 物理頁14以降。款名称「繰越金」が会計別マスタと完全一致
132071,revenue,介護保険,7,繰越金,,2026,2026,map,8,1,2026年度 介護保険特別会計 https://www.city.akishima.lg.jp/_res/projects/default_project/_page_/001/011/521/2-3.kaigo.pdf 物理頁14以降。款名称「繰越金」が会計別マスタと完全一致。項名称「繰越金」も完全一致
132071,revenue,介護保険,1,,,2026,2026,map,1,,2026年度 介護保険特別会計 https://www.city.akishima.lg.jp/_res/projects/default_project/_page_/001/011/521/2-3.kaigo.pdf 物理頁14以降。款名称「保険料」が会計別マスタと完全一致
132071,revenue,介護保険,1,介護保険料,,2026,2026,map,1,1,2026年度 介護保険特別会計 https://www.city.akishima.lg.jp/_res/projects/default_project/_page_/001/011/521/2-3.kaigo.pdf 物理頁14以降。款名称「保険料」が会計別マスタと完全一致。項名称「介護保険料」も完全一致
132071,revenue,介護保険,2,国庫負担金,,2026,2026,map,2,2,2026年度 介護保険特別会計 https://www.city.akishima.lg.jp/_res/projects/default_project/_page_/001/011/521/2-3.kaigo.pdf 物理頁14以降。款名称「国庫支出金」が会計別マスタと完全一致。項名称「国庫負担金」も完全一致
132071,expenditure,後期高齢者医療,1,,,2026,2026,map,1,,2026年度 後期高齢者医療特別会計 https://www.city.akishima.lg.jp/_res/projects/default_project/_page_/001/011/521/2-4.kouki.pdf 物理頁18以降。款名称「総務費」が会計別マスタと完全一致
132071,expenditure,後期高齢者医療,1,総務管理費,,2026,2026,map,1,1,2026年度 後期高齢者医療特別会計 https://www.city.akishima.lg.jp/_res/projects/default_project/_page_/001/011/521/2-4.kouki.pdf 物理頁18以降。款名称「総務費」が会計別マスタと完全一致。項名称「総務管理費」も完全一致
132071,expenditure,後期高齢者医療,5,,,2026,2026,map,7,,2026年度 後期高齢者医療特別会計 https://www.city.akishima.lg.jp/_res/projects/default_project/_page_/001/011/521/2-4.kouki.pdf 物理頁18以降。款名称「予備費」が会計別マスタと完全一致
132071,expenditure,後期高齢者医療,5,予備費,,2026,2026,map,7,1,2026年度 後期高齢者医療特別会計 https://www.city.akishima.lg.jp/_res/projects/default_project/_page_/001/011/521/2-4.kouki.pdf 物理頁18以降。款名称「予備費」が会計別マスタと完全一致。項名称「予備費」も完全一致
132071,expenditure,後期高齢者医療,1,徴収費,,2026,2026,map,1,2,2026年度 後期高齢者医療特別会計 https://www.city.akishima.lg.jp/_res/projects/default_project/_page_/001/011/521/2-4.kouki.pdf 物理頁18以降。款名称「総務費」が会計別マスタと完全一致。項名称「徴収費」も完全一致
132071,revenue,後期高齢者医療,3,,,2026,2026,map,2,,2026年度 後期高齢者医療特別会計 https://www.city.akishima.lg.jp/_res/projects/default_project/_page_/001/011/521/2-4.kouki.pdf 物理頁12以降。款名称「繰入金」が会計別マスタと完全一致
132071,revenue,後期高齢者医療,3,一般会計繰入金,,2026,2026,map,2,1,2026年度 後期高齢者医療特別会計 https://www.city.akishima.lg.jp/_res/projects/default_project/_page_/001/011/521/2-4.kouki.pdf 物理頁12以降。款名称「繰入金」が会計別マスタと完全一致。項名称「一般会計繰入金」も完全一致
132071,revenue,後期高齢者医療,4,,,2026,2026,map,3,,2026年度 後期高齢者医療特別会計 https://www.city.akishima.lg.jp/_res/projects/default_project/_page_/001/011/521/2-4.kouki.pdf 物理頁12以降。款名称「繰越金」が会計別マスタと完全一致
132071,revenue,後期高齢者医療,4,繰越金,,2026,2026,map,3,1,2026年度 後期高齢者医療特別会計 https://www.city.akishima.lg.jp/_res/projects/default_project/_page_/001/011/521/2-4.kouki.pdf 物理頁12以降。款名称「繰越金」が会計別マスタと完全一致。項名称「繰越金」も完全一致
132071,expenditure,国民健康保険,1,,,2026,2026,map,1,,2026年度 国民健康保険特別会計 https://www.city.akishima.lg.jp/_res/projects/default_project/_page_/001/011/521/2-2.kokuho.pdf 物理頁24以降。款名称「総務費」が会計別マスタと完全一致
132071,expenditure,国民健康保険,1,総務管理費,,2026,2026,map,1,1,2026年度 国民健康保険特別会計 https://www.city.akishima.lg.jp/_res/projects/default_project/_page_/001/011/521/2-2.kokuho.pdf 物理頁24以降。款名称「総務費」が会計別マスタと完全一致。項名称「総務管理費」も完全一致
132071,expenditure,国民健康保険,2,,,2026,2026,map,2,,2026年度 国民健康保険特別会計 https://www.city.akishima.lg.jp/_res/projects/default_project/_page_/001/011/521/2-2.kokuho.pdf 物理頁24以降。款名称「保険給付費」が会計別マスタと完全一致
132071,expenditure,国民健康保険,2,出産育児諸費,,2026,2026,map,2,3,2026年度 国民健康保険特別会計 https://www.city.akishima.lg.jp/_res/projects/default_project/_page_/001/011/521/2-2.kokuho.pdf 物理頁24以降。款名称「保険給付費」が会計別マスタと完全一致。項名称「出産育児諸費」も完全一致
132071,expenditure,国民健康保険,2,療養諸費,,2026,2026,map,2,1,2026年度 国民健康保険特別会計 https://www.city.akishima.lg.jp/_res/projects/default_project/_page_/001/011/521/2-2.kokuho.pdf 物理頁24以降。款名称「保険給付費」が会計別マスタと完全一致。項名称「療養諸費」も完全一致
132071,expenditure,国民健康保険,2,移送費,,2026,2026,map,2,5,2026年度 国民健康保険特別会計 https://www.city.akishima.lg.jp/_res/projects/default_project/_page_/001/011/521/2-2.kokuho.pdf 物理頁24以降。款名称「保険給付費」が会計別マスタと完全一致。項名称「移送費」も完全一致
132071,expenditure,国民健康保険,3,,,2026,2026,map,3,,2026年度 国民健康保険特別会計 https://www.city.akishima.lg.jp/_res/projects/default_project/_page_/001/011/521/2-2.kokuho.pdf 物理頁24以降。款名称「国民健康保険事業費納付金」が会計別マスタと完全一致
132071,expenditure,国民健康保険,3,後期高齢者支援金等分,,2026,2026,map,3,2,2026年度 国民健康保険特別会計 https://www.city.akishima.lg.jp/_res/projects/default_project/_page_/001/011/521/2-2.kokuho.pdf 物理頁24以降。款名称「国民健康保険事業費納付金」が会計別マスタと完全一致。項名称「後期高齢者支援金等分」も完全一致
132071,expenditure,国民健康保険,3,医療給付費分,,2026,2026,map,3,1,2026年度 国民健康保険特別会計 https://www.city.akishima.lg.jp/_res/projects/default_project/_page_/001/011/521/2-2.kokuho.pdf 物理頁24以降。款名称「国民健康保険事業費納付金」が会計別マスタと完全一致。項名称「医療給付費分」も完全一致
132071,expenditure,国民健康保険,8,,,2026,2026,map,10,,2026年度 国民健康保険特別会計 https://www.city.akishima.lg.jp/_res/projects/default_project/_page_/001/011/521/2-2.kokuho.pdf 物理頁24以降。款名称「予備費」が会計別マスタと完全一致
132071,expenditure,国民健康保険,8,予備費,,2026,2026,map,10,1,2026年度 国民健康保険特別会計 https://www.city.akishima.lg.jp/_res/projects/default_project/_page_/001/011/521/2-2.kokuho.pdf 物理頁24以降。款名称「予備費」が会計別マスタと完全一致。項名称「予備費」も完全一致
132071,expenditure,国民健康保険,4,,,2026,2026,map,4,,2026年度 国民健康保険特別会計 https://www.city.akishima.lg.jp/_res/projects/default_project/_page_/001/011/521/2-2.kokuho.pdf 物理頁24以降。款名称「保健事業費」が会計別マスタと完全一致
132071,expenditure,国民健康保険,4,保健事業費,,2026,2026,map,4,1,2026年度 国民健康保険特別会計 https://www.city.akishima.lg.jp/_res/projects/default_project/_page_/001/011/521/2-2.kokuho.pdf 物理頁24以降。款名称「保健事業費」が会計別マスタと完全一致。項名称「保健事業費」も完全一致
132071,expenditure,国民健康保険,2,高額療養費,,2026,2026,map,2,2,2026年度 国民健康保険特別会計 https://www.city.akishima.lg.jp/_res/projects/default_project/_page_/001/011/521/2-2.kokuho.pdf 物理頁24以降。款名称「保険給付費」が会計別マスタと完全一致。項名称「高額療養費」も完全一致
132071,expenditure,国民健康保険,2,結核・精神医療給付金,,2026,2026,map,2,6,2026年度 国民健康保険特別会計 https://www.city.akishima.lg.jp/_res/projects/default_project/_page_/001/011/521/2-2.kokuho.pdf 物理頁24以降。款名称「保険給付費」が会計別マスタと完全一致。項名称「結核・精神医療給付金」も完全一致
132071,expenditure,国民健康保険,3,介護納付金分,,2026,2026,map,3,3,2026年度 国民健康保険特別会計 https://www.city.akishima.lg.jp/_res/projects/default_project/_page_/001/011/521/2-2.kokuho.pdf 物理頁24以降。款名称「国民健康保険事業費納付金」が会計別マスタと完全一致。項名称「介護納付金分」も完全一致
132071,expenditure,国民健康保険,4,特定健康診査等事業費,,2026,2026,map,4,2,2026年度 国民健康保険特別会計 https://www.city.akishima.lg.jp/_res/projects/default_project/_page_/001/011/521/2-2.kokuho.pdf 物理頁24以降。款名称「保健事業費」が会計別マスタと完全一致。項名称「特定健康診査等事業費」も完全一致
132071,expenditure,国民健康保険,5,,,2026,2026,map,5,,2026年度 国民健康保険特別会計 https://www.city.akishima.lg.jp/_res/projects/default_project/_page_/001/011/521/2-2.kokuho.pdf 物理頁24以降。款名称「基金積立金」が会計別マスタと完全一致
132071,expenditure,国民健康保険,6,,,2026,2026,map,6,,2026年度 国民健康保険特別会計 https://www.city.akishima.lg.jp/_res/projects/default_project/_page_/001/011/521/2-2.kokuho.pdf 物理頁24以降。款名称「公債費」が会計別マスタと完全一致
132071,revenue,国民健康保険,3,,,2026,2026,map,3,,2026年度 国民健康保険特別会計 https://www.city.akishima.lg.jp/_res/projects/default_project/_page_/001/011/521/2-2.kokuho.pdf 物理頁14以降。款名称「国庫支出金」が会計別マスタと完全一致
132071,revenue,国民健康保険,3,国庫補助金,,2026,2026,map,3,1,2026年度 国民健康保険特別会計 https://www.city.akishima.lg.jp/_res/projects/default_project/_page_/001/011/521/2-2.kokuho.pdf 物理頁14以降。款名称「国庫支出金」が会計別マスタと完全一致。項名称「国庫補助金」も完全一致
132071,revenue,国民健康保険,2,,,2026,2026,map,2,,2026年度 国民健康保険特別会計 https://www.city.akishima.lg.jp/_res/projects/default_project/_page_/001/011/521/2-2.kokuho.pdf 物理頁14以降。款名称「一部負担金」が会計別マスタと完全一致
132071,revenue,国民健康保険,7,,,2026,2026,map,9,,2026年度 国民健康保険特別会計 https://www.city.akishima.lg.jp/_res/projects/default_project/_page_/001/011/521/2-2.kokuho.pdf 物理頁14以降。款名称「繰越金」が会計別マスタと完全一致
132071,revenue,国民健康保険,7,繰越金,,2026,2026,map,9,1,2026年度 国民健康保険特別会計 https://www.city.akishima.lg.jp/_res/projects/default_project/_page_/001/011/521/2-2.kokuho.pdf 物理頁14以降。款名称「繰越金」が会計別マスタと完全一致。項名称「繰越金」も完全一致
